L 01/07/2026 - 15:00:34: SourceMod error session started
L 01/07/2026 - 15:00:34: Info (map "c1m1_hotel") (file "d:\steamlibrary\steamapps\common\left 4 dead 2\left4dead2\addons\sourcemod\logs\errors_20260107.log")
L 01/07/2026 - 15:00:34: [SM] Failed to load plugin "cannounce.smx": Get a dedicated server. This plugin does not work on Listen servers..
L 01/07/2026 - 15:00:35: [SM] Failed to load plugin "LMCL4D1CDeathHandler.smx": Plugin only supports Left 4 Dead.
L 01/07/2026 - 15:00:35: [SM] Failed to load plugin "LMCL4D1SetTransmit.smx": Plugin only supports Left 4 Dead.
L 01/07/2026 - 15:00:35: [SM] Failed to load plugin "LMC_L4D1_Menu_Choosing.smx": Plugin only supports Left 4 Dead.
L 01/07/2026 - 15:00:35: [SM] Failed to load plugin "LMC_L4D1_RandomSpawns.smx": Plugin only supports Left 4 Dead.
L 01/07/2026 - 15:00:35: [SM] Failed to load plugin "nextmap.smx": Nextmap is incompatible with this game.
L 01/07/2026 - 15:00:35: [SM] Failed to load plugin "[L4D2] Left4dhooks.smx": 
====================
This plugin replaces Left4Downtown. Delete the extension to run.
====================.
L 01/07/2026 - 15:00:36: [SM] Fatal error encountered parsing translation file "l4d_nth.phrases.txt"
L 01/07/2026 - 15:00:36: [SM] Error (line 0, column 0): Stream failed to open
L 01/07/2026 - 15:00:36: [SM] Fatal error encountered parsing translation file "chargersteering.phrases.txt"
L 01/07/2026 - 15:00:36: [SM] Error (line 0, column 0): Stream failed to open
L 01/07/2026 - 15:00:36: [l4d2_publicity.smx] [Publicity] No se encontraron mensajes en el archivo de configuraci贸n
L 01/07/2026 - 15:00:36: [SM] Fatal error encountered parsing translation file "l4dmultislots.phrases.txt"
L 01/07/2026 - 15:00:36: [SM] Error (line 0, column 0): Stream failed to open
L 01/07/2026 - 15:00:37: [SM] Unable to load plugin "lilac_by_l4d2.smx": Native "IRC_MsgFlaggedChannels" was not found
L 01/07/2026 - 15:00:41: [SM] Exception reported: Invalid convar handle 0 (error 4)
L 01/07/2026 - 15:00:41: [SM] Blaming: 馻nkrunFixhealth.smx
L 01/07/2026 - 15:00:41: [SM] Call stack trace:
L 01/07/2026 - 15:00:41: [SM]   [0] GetConVarString
L 01/07/2026 - 15:00:41: [SM]   [1] Line 138, C:\Users\Moises\Downloads\Compressed\sourcemod-1.11.0-git6968-windows\addons\sourcemod\scripting\馻nkrunFixhealth.sp::IsTankRunActive
L 01/07/2026 - 15:00:41: [SM]   [2] Line 54, C:\Users\Moises\Downloads\Compressed\sourcemod-1.11.0-git6968-windows\addons\sourcemod\scripting\馻nkrunFixhealth.sp::Event_RoundStart
L 01/07/2026 - 15:00:42: [l4d2_publicity.smx] [Publicity] No se encontraron mensajes en el archivo de configuraci贸n
L 01/07/2026 - 15:00:55: [SM] Exception reported: Invalid convar handle 0 (error 4)
L 01/07/2026 - 15:00:55: [SM] Blaming: 馻nkrunFixhealth.smx
L 01/07/2026 - 15:00:55: [SM] Call stack trace:
L 01/07/2026 - 15:00:55: [SM]   [0] GetConVarString
L 01/07/2026 - 15:00:55: [SM]   [1] Line 138, C:\Users\Moises\Downloads\Compressed\sourcemod-1.11.0-git6968-windows\addons\sourcemod\scripting\馻nkrunFixhealth.sp::IsTankRunActive
L 01/07/2026 - 15:00:55: [SM]   [2] Line 36, C:\Users\Moises\Downloads\Compressed\sourcemod-1.11.0-git6968-windows\addons\sourcemod\scripting\馻nkrunFixhealth.sp::Timer_PeriodicCheck
L 01/07/2026 - 15:01:05: [SM] Exception reported: Invalid convar handle 0 (error 4)
L 01/07/2026 - 15:01:05: [SM] Blaming: 馻nkrunFixhealth.smx
L 01/07/2026 - 15:01:05: [SM] Call stack trace:
L 01/07/2026 - 15:01:05: [SM]   [0] GetConVarString
L 01/07/2026 - 15:01:05: [SM]   [1] Line 138, C:\Users\Moises\Downloads\Compressed\sourcemod-1.11.0-git6968-windows\addons\sourcemod\scripting\馻nkrunFixhealth.sp::IsTankRunActive
L 01/07/2026 - 15:01:05: [SM]   [2] Line 36, C:\Users\Moises\Downloads\Compressed\sourcemod-1.11.0-git6968-windows\addons\sourcemod\scripting\馻nkrunFixhealth.sp::Timer_PeriodicCheck
L 01/07/2026 - 15:01:19: [SM] Exception reported: Invalid convar handle 0 (error 4)
L 01/07/2026 - 15:01:19: [SM] Blaming: 馻nkrunFixhealth.smx
L 01/07/2026 - 15:01:19: [SM] Call stack trace:
L 01/07/2026 - 15:01:19: [SM]   [0] GetConVarString
L 01/07/2026 - 15:01:19: [SM]   [1] Line 138, C:\Users\Moises\Downloads\Compressed\sourcemod-1.11.0-git6968-windows\addons\sourcemod\scripting\馻nkrunFixhealth.sp::IsTankRunActive
L 01/07/2026 - 15:01:19: [SM]   [2] Line 36, C:\Users\Moises\Downloads\Compressed\sourcemod-1.11.0-git6968-windows\addons\sourcemod\scripting\馻nkrunFixhealth.sp::Timer_PeriodicCheck
L 01/07/2026 - 15:01:19: [SM] Exception reported: Language phrase "Impossible to generate a bot at the moment." not found (arg 5)
L 01/07/2026 - 15:01:19: [SM] Blaming: l4dmultislots.smx
L 01/07/2026 - 15:01:19: [SM] Call stack trace:
L 01/07/2026 - 15:01:19: [SM]   [0] PrintHintText
L 01/07/2026 - 15:01:19: [SM]   [1] Line 765, d:\Github\Private-Work\L4D2-鎻掍欢\scripting_1.11\l4dmultislots.sp::JoinTeam_ColdDown
L 01/07/2026 - 15:01:29: [SM] Exception reported: Invalid convar handle 0 (error 4)
L 01/07/2026 - 15:01:29: [SM] Blaming: 馻nkrunFixhealth.smx
L 01/07/2026 - 15:01:29: [SM] Call stack trace:
L 01/07/2026 - 15:01:29: [SM]   [0] GetConVarString
L 01/07/2026 - 15:01:29: [SM]   [1] Line 138, C:\Users\Moises\Downloads\Compressed\sourcemod-1.11.0-git6968-windows\addons\sourcemod\scripting\馻nkrunFixhealth.sp::IsTankRunActive
L 01/07/2026 - 15:01:29: [SM]   [2] Line 36, C:\Users\Moises\Downloads\Compressed\sourcemod-1.11.0-git6968-windows\addons\sourcemod\scripting\馻nkrunFixhealth.sp::Timer_PeriodicCheck
L 01/07/2026 - 15:01:39: [SM] Exception reported: Invalid convar handle 0 (error 4)
L 01/07/2026 - 15:01:39: [SM] Blaming: 馻nkrunFixhealth.smx
L 01/07/2026 - 15:01:39: [SM] Call stack trace:
L 01/07/2026 - 15:01:39: [SM]   [0] GetConVarString
L 01/07/2026 - 15:01:39: [SM]   [1] Line 138, C:\Users\Moises\Downloads\Compressed\sourcemod-1.11.0-git6968-windows\addons\sourcemod\scripting\馻nkrunFixhealth.sp::IsTankRunActive
L 01/07/2026 - 15:01:39: [SM]   [2] Line 36, C:\Users\Moises\Downloads\Compressed\sourcemod-1.11.0-git6968-windows\addons\sourcemod\scripting\馻nkrunFixhealth.sp::Timer_PeriodicCheck
L 01/07/2026 - 15:01:49: [SM] Exception reported: Invalid convar handle 0 (error 4)
L 01/07/2026 - 15:01:49: [SM] Blaming: 馻nkrunFixhealth.smx
L 01/07/2026 - 15:01:49: [SM] Call stack trace:
L 01/07/2026 - 15:01:49: [SM]   [0] GetConVarString
L 01/07/2026 - 15:01:49: [SM]   [1] Line 138, C:\Users\Moises\Downloads\Compressed\sourcemod-1.11.0-git6968-windows\addons\sourcemod\scripting\馻nkrunFixhealth.sp::IsTankRunActive
L 01/07/2026 - 15:01:49: [SM]   [2] Line 36, C:\Users\Moises\Downloads\Compressed\sourcemod-1.11.0-git6968-windows\addons\sourcemod\scripting\馻nkrunFixhealth.sp::Timer_PeriodicCheck
L 01/07/2026 - 15:01:59: [SM] Exception reported: Invalid convar handle 0 (error 4)
L 01/07/2026 - 15:01:59: [SM] Blaming: 馻nkrunFixhealth.smx
L 01/07/2026 - 15:01:59: [SM] Call stack trace:
L 01/07/2026 - 15:01:59: [SM]   [0] GetConVarString
L 01/07/2026 - 15:01:59: [SM]   [1] Line 138, C:\Users\Moises\Downloads\Compressed\sourcemod-1.11.0-git6968-windows\addons\sourcemod\scripting\馻nkrunFixhealth.sp::IsTankRunActive
L 01/07/2026 - 15:01:59: [SM]   [2] Line 36, C:\Users\Moises\Downloads\Compressed\sourcemod-1.11.0-git6968-windows\addons\sourcemod\scripting\馻nkrunFixhealth.sp::Timer_PeriodicCheck
L 01/07/2026 - 15:02:09: [SM] Exception reported: Invalid convar handle 0 (error 4)
L 01/07/2026 - 15:02:09: [SM] Blaming: 馻nkrunFixhealth.smx
L 01/07/2026 - 15:02:09: [SM] Call stack trace:
L 01/07/2026 - 15:02:09: [SM]   [0] GetConVarString
L 01/07/2026 - 15:02:09: [SM]   [1] Line 138, C:\Users\Moises\Downloads\Compressed\sourcemod-1.11.0-git6968-windows\addons\sourcemod\scripting\馻nkrunFixhealth.sp::IsTankRunActive
L 01/07/2026 - 15:02:09: [SM]   [2] Line 36, C:\Users\Moises\Downloads\Compressed\sourcemod-1.11.0-git6968-windows\addons\sourcemod\scripting\馻nkrunFixhealth.sp::Timer_PeriodicCheck
L 01/07/2026 - 15:02:19: [SM] Exception reported: Invalid convar handle 0 (error 4)
L 01/07/2026 - 15:02:19: [SM] Blaming: 馻nkrunFixhealth.smx
L 01/07/2026 - 15:02:19: [SM] Call stack trace:
L 01/07/2026 - 15:02:19: [SM]   [0] GetConVarString
L 01/07/2026 - 15:02:19: [SM]   [1] Line 138, C:\Users\Moises\Downloads\Compressed\sourcemod-1.11.0-git6968-windows\addons\sourcemod\scripting\馻nkrunFixhealth.sp::IsTankRunActive
L 01/07/2026 - 15:02:19: [SM]   [2] Line 36, C:\Users\Moises\Downloads\Compressed\sourcemod-1.11.0-git6968-windows\addons\sourcemod\scripting\馻nkrunFixhealth.sp::Timer_PeriodicCheck
L 01/07/2026 - 15:02:29: [SM] Exception reported: Invalid convar handle 0 (error 4)
L 01/07/2026 - 15:02:29: [SM] Blaming: 馻nkrunFixhealth.smx
L 01/07/2026 - 15:02:29: [SM] Call stack trace:
L 01/07/2026 - 15:02:29: [SM]   [0] GetConVarString
L 01/07/2026 - 15:02:29: [SM]   [1] Line 138, C:\Users\Moises\Downloads\Compressed\sourcemod-1.11.0-git6968-windows\addons\sourcemod\scripting\馻nkrunFixhealth.sp::IsTankRunActive
L 01/07/2026 - 15:02:29: [SM]   [2] Line 36, C:\Users\Moises\Downloads\Compressed\sourcemod-1.11.0-git6968-windows\addons\sourcemod\scripting\馻nkrunFixhealth.sp::Timer_PeriodicCheck
L 01/07/2026 - 15:02:39: [SM] Exception reported: Invalid convar handle 0 (error 4)
L 01/07/2026 - 15:02:39: [SM] Blaming: 馻nkrunFixhealth.smx
L 01/07/2026 - 15:02:39: [SM] Call stack trace:
L 01/07/2026 - 15:02:39: [SM]   [0] GetConVarString
L 01/07/2026 - 15:02:39: [SM]   [1] Line 138, C:\Users\Moises\Downloads\Compressed\sourcemod-1.11.0-git6968-windows\addons\sourcemod\scripting\馻nkrunFixhealth.sp::IsTankRunActive
L 01/07/2026 - 15:02:39: [SM]   [2] Line 36, C:\Users\Moises\Downloads\Compressed\sourcemod-1.11.0-git6968-windows\addons\sourcemod\scripting\馻nkrunFixhealth.sp::Timer_PeriodicCheck
L 01/07/2026 - 15:02:49: [SM] Exception reported: Invalid convar handle 0 (error 4)
L 01/07/2026 - 15:02:49: [SM] Blaming: 馻nkrunFixhealth.smx
L 01/07/2026 - 15:02:49: [SM] Call stack trace:
L 01/07/2026 - 15:02:49: [SM]   [0] GetConVarString
L 01/07/2026 - 15:02:49: [SM]   [1] Line 138, C:\Users\Moises\Downloads\Compressed\sourcemod-1.11.0-git6968-windows\addons\sourcemod\scripting\馻nkrunFixhealth.sp::IsTankRunActive
L 01/07/2026 - 15:02:49: [SM]   [2] Line 79, C:\Users\Moises\Downloads\Compressed\sourcemod-1.11.0-git6968-windows\addons\sourcemod\scripting\馻nkrunFixhealth.sp::Event_PlayerDeath
L 01/07/2026 - 15:02:49: [SM] Exception reported: Invalid convar handle 0 (error 4)
L 01/07/2026 - 15:02:49: [SM] Blaming: 馻nkrunFixhealth.smx
L 01/07/2026 - 15:02:49: [SM] Call stack trace:
L 01/07/2026 - 15:02:49: [SM]   [0] GetConVarString
L 01/07/2026 - 15:02:49: [SM]   [1] Line 138, C:\Users\Moises\Downloads\Compressed\sourcemod-1.11.0-git6968-windows\addons\sourcemod\scripting\馻nkrunFixhealth.sp::IsTankRunActive
L 01/07/2026 - 15:02:49: [SM]   [2] Line 36, C:\Users\Moises\Downloads\Compressed\sourcemod-1.11.0-git6968-windows\addons\sourcemod\scripting\馻nkrunFixhealth.sp::Timer_PeriodicCheck
L 01/07/2026 - 15:02:59: [SM] Exception reported: Invalid convar handle 0 (error 4)
L 01/07/2026 - 15:02:59: [SM] Blaming: 馻nkrunFixhealth.smx
L 01/07/2026 - 15:02:59: [SM] Call stack trace:
L 01/07/2026 - 15:02:59: [SM]   [0] GetConVarString
L 01/07/2026 - 15:02:59: [SM]   [1] Line 138, C:\Users\Moises\Downloads\Compressed\sourcemod-1.11.0-git6968-windows\addons\sourcemod\scripting\馻nkrunFixhealth.sp::IsTankRunActive
L 01/07/2026 - 15:02:59: [SM]   [2] Line 36, C:\Users\Moises\Downloads\Compressed\sourcemod-1.11.0-git6968-windows\addons\sourcemod\scripting\馻nkrunFixhealth.sp::Timer_PeriodicCheck
L 01/07/2026 - 15:03:09: [SM] Exception reported: Invalid convar handle 0 (error 4)
L 01/07/2026 - 15:03:09: [SM] Blaming: 馻nkrunFixhealth.smx
L 01/07/2026 - 15:03:09: [SM] Call stack trace:
L 01/07/2026 - 15:03:09: [SM]   [0] GetConVarString
L 01/07/2026 - 15:03:09: [SM]   [1] Line 138, C:\Users\Moises\Downloads\Compressed\sourcemod-1.11.0-git6968-windows\addons\sourcemod\scripting\馻nkrunFixhealth.sp::IsTankRunActive
L 01/07/2026 - 15:03:09: [SM]   [2] Line 36, C:\Users\Moises\Downloads\Compressed\sourcemod-1.11.0-git6968-windows\addons\sourcemod\scripting\馻nkrunFixhealth.sp::Timer_PeriodicCheck
L 01/07/2026 - 15:03:09: [SM] Exception reported: Invalid convar handle 0 (error 4)
L 01/07/2026 - 15:03:09: [SM] Blaming: 馻nkrunFixhealth.smx
L 01/07/2026 - 15:03:09: [SM] Call stack trace:
L 01/07/2026 - 15:03:09: [SM]   [0] GetConVarString
L 01/07/2026 - 15:03:09: [SM]   [1] Line 138, C:\Users\Moises\Downloads\Compressed\sourcemod-1.11.0-git6968-windows\addons\sourcemod\scripting\馻nkrunFixhealth.sp::IsTankRunActive
L 01/07/2026 - 15:03:09: [SM]   [2] Line 79, C:\Users\Moises\Downloads\Compressed\sourcemod-1.11.0-git6968-windows\addons\sourcemod\scripting\馻nkrunFixhealth.sp::Event_PlayerDeath
L 01/07/2026 - 15:03:19: [SM] Exception reported: Invalid convar handle 0 (error 4)
L 01/07/2026 - 15:03:19: [SM] Blaming: 馻nkrunFixhealth.smx
L 01/07/2026 - 15:03:19: [SM] Call stack trace:
L 01/07/2026 - 15:03:19: [SM]   [0] GetConVarString
L 01/07/2026 - 15:03:19: [SM]   [1] Line 138, C:\Users\Moises\Downloads\Compressed\sourcemod-1.11.0-git6968-windows\addons\sourcemod\scripting\馻nkrunFixhealth.sp::IsTankRunActive
L 01/07/2026 - 15:03:19: [SM]   [2] Line 36, C:\Users\Moises\Downloads\Compressed\sourcemod-1.11.0-git6968-windows\addons\sourcemod\scripting\馻nkrunFixhealth.sp::Timer_PeriodicCheck
L 01/07/2026 - 15:03:21: [SM] Exception reported: Invalid convar handle 0 (error 4)
L 01/07/2026 - 15:03:21: [SM] Blaming: 馻nkrunFixhealth.smx
L 01/07/2026 - 15:03:21: [SM] Call stack trace:
L 01/07/2026 - 15:03:21: [SM]   [0] GetConVarString
L 01/07/2026 - 15:03:21: [SM]   [1] Line 138, C:\Users\Moises\Downloads\Compressed\sourcemod-1.11.0-git6968-windows\addons\sourcemod\scripting\馻nkrunFixhealth.sp::IsTankRunActive
L 01/07/2026 - 15:03:21: [SM]   [2] Line 79, C:\Users\Moises\Downloads\Compressed\sourcemod-1.11.0-git6968-windows\addons\sourcemod\scripting\馻nkrunFixhealth.sp::Event_PlayerDeath
L 01/07/2026 - 15:03:21: [SM] Exception reported: Invalid convar handle 0 (error 4)
L 01/07/2026 - 15:03:21: [SM] Blaming: 馻nkrunFixhealth.smx
L 01/07/2026 - 15:03:21: [SM] Call stack trace:
L 01/07/2026 - 15:03:21: [SM]   [0] GetConVarString
L 01/07/2026 - 15:03:21: [SM]   [1] Line 138, C:\Users\Moises\Downloads\Compressed\sourcemod-1.11.0-git6968-windows\addons\sourcemod\scripting\馻nkrunFixhealth.sp::IsTankRunActive
L 01/07/2026 - 15:03:21: [SM]   [2] Line 79, C:\Users\Moises\Downloads\Compressed\sourcemod-1.11.0-git6968-windows\addons\sourcemod\scripting\馻nkrunFixhealth.sp::Event_PlayerDeath
L 01/07/2026 - 15:03:22: [SM] Exception reported: Invalid convar handle 0 (error 4)
L 01/07/2026 - 15:03:22: [SM] Blaming: 馻nkrunFixhealth.smx
L 01/07/2026 - 15:03:22: [SM] Call stack trace:
L 01/07/2026 - 15:03:22: [SM]   [0] GetConVarString
L 01/07/2026 - 15:03:22: [SM]   [1] Line 138, C:\Users\Moises\Downloads\Compressed\sourcemod-1.11.0-git6968-windows\addons\sourcemod\scripting\馻nkrunFixhealth.sp::IsTankRunActive
L 01/07/2026 - 15:03:22: [SM]   [2] Line 79, C:\Users\Moises\Downloads\Compressed\sourcemod-1.11.0-git6968-windows\addons\sourcemod\scripting\馻nkrunFixhealth.sp::Event_PlayerDeath
L 01/07/2026 - 15:03:23: [SM] Exception reported: Invalid convar handle 0 (error 4)
L 01/07/2026 - 15:03:23: [SM] Blaming: 馻nkrunFixhealth.smx
L 01/07/2026 - 15:03:23: [SM] Call stack trace:
L 01/07/2026 - 15:03:23: [SM]   [0] GetConVarString
L 01/07/2026 - 15:03:23: [SM]   [1] Line 138, C:\Users\Moises\Downloads\Compressed\sourcemod-1.11.0-git6968-windows\addons\sourcemod\scripting\馻nkrunFixhealth.sp::IsTankRunActive
L 01/07/2026 - 15:03:23: [SM]   [2] Line 91, C:\Users\Moises\Downloads\Compressed\sourcemod-1.11.0-git6968-windows\addons\sourcemod\scripting\馻nkrunFixhealth.sp::Event_MissionLost
L 01/07/2026 - 15:03:29: [SM] Exception reported: Invalid convar handle 0 (error 4)
L 01/07/2026 - 15:03:29: [SM] Blaming: 馻nkrunFixhealth.smx
L 01/07/2026 - 15:03:29: [SM] Call stack trace:
L 01/07/2026 - 15:03:29: [SM]   [0] GetConVarString
L 01/07/2026 - 15:03:29: [SM]   [1] Line 138, C:\Users\Moises\Downloads\Compressed\sourcemod-1.11.0-git6968-windows\addons\sourcemod\scripting\馻nkrunFixhealth.sp::IsTankRunActive
L 01/07/2026 - 15:03:29: [SM]   [2] Line 36, C:\Users\Moises\Downloads\Compressed\sourcemod-1.11.0-git6968-windows\addons\sourcemod\scripting\馻nkrunFixhealth.sp::Timer_PeriodicCheck
L 01/07/2026 - 15:03:30: [SM] Exception reported: Invalid convar handle 0 (error 4)
L 01/07/2026 - 15:03:30: [SM] Blaming: 馻nkrunFixhealth.smx
L 01/07/2026 - 15:03:30: [SM] Call stack trace:
L 01/07/2026 - 15:03:30: [SM]   [0] GetConVarString
L 01/07/2026 - 15:03:30: [SM]   [1] Line 138, C:\Users\Moises\Downloads\Compressed\sourcemod-1.11.0-git6968-windows\addons\sourcemod\scripting\馻nkrunFixhealth.sp::IsTankRunActive
L 01/07/2026 - 15:03:30: [SM]   [2] Line 54, C:\Users\Moises\Downloads\Compressed\sourcemod-1.11.0-git6968-windows\addons\sourcemod\scripting\馻nkrunFixhealth.sp::Event_RoundStart
L 01/07/2026 - 15:03:39: [SM] Exception reported: Invalid convar handle 0 (error 4)
L 01/07/2026 - 15:03:39: [SM] Blaming: 馻nkrunFixhealth.smx
L 01/07/2026 - 15:03:39: [SM] Call stack trace:
L 01/07/2026 - 15:03:39: [SM]   [0] GetConVarString
L 01/07/2026 - 15:03:39: [SM]   [1] Line 138, C:\Users\Moises\Downloads\Compressed\sourcemod-1.11.0-git6968-windows\addons\sourcemod\scripting\馻nkrunFixhealth.sp::IsTankRunActive
L 01/07/2026 - 15:03:39: [SM]   [2] Line 36, C:\Users\Moises\Downloads\Compressed\sourcemod-1.11.0-git6968-windows\addons\sourcemod\scripting\馻nkrunFixhealth.sp::Timer_PeriodicCheck
L 01/07/2026 - 15:03:49: [SM] Exception reported: Invalid convar handle 0 (error 4)
L 01/07/2026 - 15:03:49: [SM] Blaming: 馻nkrunFixhealth.smx
L 01/07/2026 - 15:03:49: [SM] Call stack trace:
L 01/07/2026 - 15:03:49: [SM]   [0] GetConVarString
L 01/07/2026 - 15:03:49: [SM]   [1] Line 138, C:\Users\Moises\Downloads\Compressed\sourcemod-1.11.0-git6968-windows\addons\sourcemod\scripting\馻nkrunFixhealth.sp::IsTankRunActive
L 01/07/2026 - 15:03:49: [SM]   [2] Line 36, C:\Users\Moises\Downloads\Compressed\sourcemod-1.11.0-git6968-windows\addons\sourcemod\scripting\馻nkrunFixhealth.sp::Timer_PeriodicCheck
L 01/07/2026 - 15:03:59: [SM] Exception reported: Invalid convar handle 0 (error 4)
L 01/07/2026 - 15:03:59: [SM] Blaming: 馻nkrunFixhealth.smx
L 01/07/2026 - 15:03:59: [SM] Call stack trace:
L 01/07/2026 - 15:03:59: [SM]   [0] GetConVarString
L 01/07/2026 - 15:03:59: [SM]   [1] Line 138, C:\Users\Moises\Downloads\Compressed\sourcemod-1.11.0-git6968-windows\addons\sourcemod\scripting\馻nkrunFixhealth.sp::IsTankRunActive
L 01/07/2026 - 15:03:59: [SM]   [2] Line 36, C:\Users\Moises\Downloads\Compressed\sourcemod-1.11.0-git6968-windows\addons\sourcemod\scripting\馻nkrunFixhealth.sp::Timer_PeriodicCheck
L 01/07/2026 - 15:04:09: [SM] Exception reported: Invalid convar handle 0 (error 4)
L 01/07/2026 - 15:04:09: [SM] Blaming: 馻nkrunFixhealth.smx
L 01/07/2026 - 15:04:09: [SM] Call stack trace:
L 01/07/2026 - 15:04:09: [SM]   [0] GetConVarString
L 01/07/2026 - 15:04:09: [SM]   [1] Line 138, C:\Users\Moises\Downloads\Compressed\sourcemod-1.11.0-git6968-windows\addons\sourcemod\scripting\馻nkrunFixhealth.sp::IsTankRunActive
L 01/07/2026 - 15:04:09: [SM]   [2] Line 36, C:\Users\Moises\Downloads\Compressed\sourcemod-1.11.0-git6968-windows\addons\sourcemod\scripting\馻nkrunFixhealth.sp::Timer_PeriodicCheck
L 01/07/2026 - 15:04:19: [SM] Exception reported: Invalid convar handle 0 (error 4)
L 01/07/2026 - 15:04:19: [SM] Blaming: 馻nkrunFixhealth.smx
L 01/07/2026 - 15:04:19: [SM] Call stack trace:
L 01/07/2026 - 15:04:19: [SM]   [0] GetConVarString
L 01/07/2026 - 15:04:19: [SM]   [1] Line 138, C:\Users\Moises\Downloads\Compressed\sourcemod-1.11.0-git6968-windows\addons\sourcemod\scripting\馻nkrunFixhealth.sp::IsTankRunActive
L 01/07/2026 - 15:04:19: [SM]   [2] Line 36, C:\Users\Moises\Downloads\Compressed\sourcemod-1.11.0-git6968-windows\addons\sourcemod\scripting\馻nkrunFixhealth.sp::Timer_PeriodicCheck
L 01/07/2026 - 15:04:22: [SM] Exception reported: Invalid convar handle 0 (error 4)
L 01/07/2026 - 15:04:22: [SM] Blaming: 馻nkrunFixhealth.smx
L 01/07/2026 - 15:04:22: [SM] Call stack trace:
L 01/07/2026 - 15:04:22: [SM]   [0] GetConVarString
L 01/07/2026 - 15:04:22: [SM]   [1] Line 138, C:\Users\Moises\Downloads\Compressed\sourcemod-1.11.0-git6968-windows\addons\sourcemod\scripting\馻nkrunFixhealth.sp::IsTankRunActive
L 01/07/2026 - 15:04:22: [SM]   [2] Line 79, C:\Users\Moises\Downloads\Compressed\sourcemod-1.11.0-git6968-windows\addons\sourcemod\scripting\馻nkrunFixhealth.sp::Event_PlayerDeath
L 01/07/2026 - 15:04:29: [SM] Exception reported: Invalid convar handle 0 (error 4)
L 01/07/2026 - 15:04:29: [SM] Blaming: 馻nkrunFixhealth.smx
L 01/07/2026 - 15:04:29: [SM] Call stack trace:
L 01/07/2026 - 15:04:29: [SM]   [0] GetConVarString
L 01/07/2026 - 15:04:29: [SM]   [1] Line 138, C:\Users\Moises\Downloads\Compressed\sourcemod-1.11.0-git6968-windows\addons\sourcemod\scripting\馻nkrunFixhealth.sp::IsTankRunActive
L 01/07/2026 - 15:04:29: [SM]   [2] Line 36, C:\Users\Moises\Downloads\Compressed\sourcemod-1.11.0-git6968-windows\addons\sourcemod\scripting\馻nkrunFixhealth.sp::Timer_PeriodicCheck
L 01/07/2026 - 15:04:39: [SM] Exception reported: Invalid convar handle 0 (error 4)
L 01/07/2026 - 15:04:39: [SM] Blaming: 馻nkrunFixhealth.smx
L 01/07/2026 - 15:04:39: [SM] Call stack trace:
L 01/07/2026 - 15:04:39: [SM]   [0] GetConVarString
L 01/07/2026 - 15:04:39: [SM]   [1] Line 138, C:\Users\Moises\Downloads\Compressed\sourcemod-1.11.0-git6968-windows\addons\sourcemod\scripting\馻nkrunFixhealth.sp::IsTankRunActive
L 01/07/2026 - 15:04:39: [SM]   [2] Line 36, C:\Users\Moises\Downloads\Compressed\sourcemod-1.11.0-git6968-windows\addons\sourcemod\scripting\馻nkrunFixhealth.sp::Timer_PeriodicCheck
L 01/07/2026 - 15:04:45: [SM] Exception reported: Invalid convar handle 0 (error 4)
L 01/07/2026 - 15:04:45: [SM] Blaming: 馻nkrunFixhealth.smx
L 01/07/2026 - 15:04:45: [SM] Call stack trace:
L 01/07/2026 - 15:04:45: [SM]   [0] GetConVarString
L 01/07/2026 - 15:04:45: [SM]   [1] Line 138, C:\Users\Moises\Downloads\Compressed\sourcemod-1.11.0-git6968-windows\addons\sourcemod\scripting\馻nkrunFixhealth.sp::IsTankRunActive
L 01/07/2026 - 15:04:45: [SM]   [2] Line 79, C:\Users\Moises\Downloads\Compressed\sourcemod-1.11.0-git6968-windows\addons\sourcemod\scripting\馻nkrunFixhealth.sp::Event_PlayerDeath
L 01/07/2026 - 15:04:49: [SM] Exception reported: Invalid convar handle 0 (error 4)
L 01/07/2026 - 15:04:49: [SM] Blaming: 馻nkrunFixhealth.smx
L 01/07/2026 - 15:04:49: [SM] Call stack trace:
L 01/07/2026 - 15:04:49: [SM]   [0] GetConVarString
L 01/07/2026 - 15:04:49: [SM]   [1] Line 138, C:\Users\Moises\Downloads\Compressed\sourcemod-1.11.0-git6968-windows\addons\sourcemod\scripting\馻nkrunFixhealth.sp::IsTankRunActive
L 01/07/2026 - 15:04:49: [SM]   [2] Line 36, C:\Users\Moises\Downloads\Compressed\sourcemod-1.11.0-git6968-windows\addons\sourcemod\scripting\馻nkrunFixhealth.sp::Timer_PeriodicCheck
L 01/07/2026 - 15:06:03: Error log file session closed.
L 01/07/2026 - 15:06:03: SourceMod error session started
L 01/07/2026 - 15:06:03: Info (map "c2m1_highway") (file "d:\steamlibrary\steamapps\common\left 4 dead 2\left4dead2\addons\sourcemod\logs\errors_20260107.log")
L 01/07/2026 - 15:06:03: [SM] Fatal error encountered parsing translation file "l4d_nth.phrases.txt"
L 01/07/2026 - 15:06:03: [SM] Error (line 0, column 0): Stream failed to open
L 01/07/2026 - 15:06:03: [SM] Fatal error encountered parsing translation file "chargersteering.phrases.txt"
L 01/07/2026 - 15:06:03: [SM] Error (line 0, column 0): Stream failed to open
L 01/07/2026 - 15:06:03: [SM] Fatal error encountered parsing translation file "l4dmultislots.phrases.txt"
L 01/07/2026 - 15:06:03: [SM] Error (line 0, column 0): Stream failed to open
L 01/07/2026 - 15:06:05: [SM] Exception reported: Invalid convar handle 0 (error 4)
L 01/07/2026 - 15:06:05: [SM] Blaming: 馻nkrunFixhealth.smx
L 01/07/2026 - 15:06:05: [SM] Call stack trace:
L 01/07/2026 - 15:06:05: [SM]   [0] GetConVarString
L 01/07/2026 - 15:06:05: [SM]   [1] Line 138, C:\Users\Moises\Downloads\Compressed\sourcemod-1.11.0-git6968-windows\addons\sourcemod\scripting\馻nkrunFixhealth.sp::IsTankRunActive
L 01/07/2026 - 15:06:05: [SM]   [2] Line 54, C:\Users\Moises\Downloads\Compressed\sourcemod-1.11.0-git6968-windows\addons\sourcemod\scripting\馻nkrunFixhealth.sp::Event_RoundStart
L 01/07/2026 - 15:06:05: [l4d2_publicity.smx] [Publicity] No se encontraron mensajes en el archivo de configuraci贸n
L 01/07/2026 - 15:06:10: [SM] Exception reported: Invalid convar handle 0 (error 4)
L 01/07/2026 - 15:06:10: [SM] Blaming: 馻nkrunFixhealth.smx
L 01/07/2026 - 15:06:10: [SM] Call stack trace:
L 01/07/2026 - 15:06:10: [SM]   [0] GetConVarString
L 01/07/2026 - 15:06:10: [SM]   [1] Line 138, C:\Users\Moises\Downloads\Compressed\sourcemod-1.11.0-git6968-windows\addons\sourcemod\scripting\馻nkrunFixhealth.sp::IsTankRunActive
L 01/07/2026 - 15:06:10: [SM]   [2] Line 36, C:\Users\Moises\Downloads\Compressed\sourcemod-1.11.0-git6968-windows\addons\sourcemod\scripting\馻nkrunFixhealth.sp::Timer_PeriodicCheck
L 01/07/2026 - 15:06:20: [SM] Exception reported: Invalid convar handle 0 (error 4)
L 01/07/2026 - 15:06:20: [SM] Blaming: 馻nkrunFixhealth.smx
L 01/07/2026 - 15:06:20: [SM] Call stack trace:
L 01/07/2026 - 15:06:20: [SM]   [0] GetConVarString
L 01/07/2026 - 15:06:20: [SM]   [1] Line 138, C:\Users\Moises\Downloads\Compressed\sourcemod-1.11.0-git6968-windows\addons\sourcemod\scripting\馻nkrunFixhealth.sp::IsTankRunActive
L 01/07/2026 - 15:06:20: [SM]   [2] Line 36, C:\Users\Moises\Downloads\Compressed\sourcemod-1.11.0-git6968-windows\addons\sourcemod\scripting\馻nkrunFixhealth.sp::Timer_PeriodicCheck
L 01/07/2026 - 15:06:30: [SM] Exception reported: Invalid convar handle 0 (error 4)
L 01/07/2026 - 15:06:30: [SM] Blaming: 馻nkrunFixhealth.smx
L 01/07/2026 - 15:06:30: [SM] Call stack trace:
L 01/07/2026 - 15:06:30: [SM]   [0] GetConVarString
L 01/07/2026 - 15:06:30: [SM]   [1] Line 138, C:\Users\Moises\Downloads\Compressed\sourcemod-1.11.0-git6968-windows\addons\sourcemod\scripting\馻nkrunFixhealth.sp::IsTankRunActive
L 01/07/2026 - 15:06:30: [SM]   [2] Line 36, C:\Users\Moises\Downloads\Compressed\sourcemod-1.11.0-git6968-windows\addons\sourcemod\scripting\馻nkrunFixhealth.sp::Timer_PeriodicCheck
L 01/07/2026 - 15:06:43: [SM] Exception reported: Invalid convar handle 0 (error 4)
L 01/07/2026 - 15:06:43: [SM] Blaming: 馻nkrunFixhealth.smx
L 01/07/2026 - 15:06:43: [SM] Call stack trace:
L 01/07/2026 - 15:06:43: [SM]   [0] GetConVarString
L 01/07/2026 - 15:06:43: [SM]   [1] Line 138, C:\Users\Moises\Downloads\Compressed\sourcemod-1.11.0-git6968-windows\addons\sourcemod\scripting\馻nkrunFixhealth.sp::IsTankRunActive
L 01/07/2026 - 15:06:43: [SM]   [2] Line 36, C:\Users\Moises\Downloads\Compressed\sourcemod-1.11.0-git6968-windows\addons\sourcemod\scripting\馻nkrunFixhealth.sp::Timer_PeriodicCheck
L 01/07/2026 - 15:06:53: [SM] Exception reported: Invalid convar handle 0 (error 4)
L 01/07/2026 - 15:06:53: [SM] Blaming: 馻nkrunFixhealth.smx
L 01/07/2026 - 15:06:53: [SM] Call stack trace:
L 01/07/2026 - 15:06:53: [SM]   [0] GetConVarString
L 01/07/2026 - 15:06:53: [SM]   [1] Line 138, C:\Users\Moises\Downloads\Compressed\sourcemod-1.11.0-git6968-windows\addons\sourcemod\scripting\馻nkrunFixhealth.sp::IsTankRunActive
L 01/07/2026 - 15:06:53: [SM]   [2] Line 36, C:\Users\Moises\Downloads\Compressed\sourcemod-1.11.0-git6968-windows\addons\sourcemod\scripting\馻nkrunFixhealth.sp::Timer_PeriodicCheck
L 01/07/2026 - 15:07:03: [SM] Exception reported: Invalid convar handle 0 (error 4)
L 01/07/2026 - 15:07:03: [SM] Blaming: 馻nkrunFixhealth.smx
L 01/07/2026 - 15:07:03: [SM] Call stack trace:
L 01/07/2026 - 15:07:03: [SM]   [0] GetConVarString
L 01/07/2026 - 15:07:03: [SM]   [1] Line 138, C:\Users\Moises\Downloads\Compressed\sourcemod-1.11.0-git6968-windows\addons\sourcemod\scripting\馻nkrunFixhealth.sp::IsTankRunActive
L 01/07/2026 - 15:07:03: [SM]   [2] Line 36, C:\Users\Moises\Downloads\Compressed\sourcemod-1.11.0-git6968-windows\addons\sourcemod\scripting\馻nkrunFixhealth.sp::Timer_PeriodicCheck
L 01/07/2026 - 15:07:13: [SM] Exception reported: Invalid convar handle 0 (error 4)
L 01/07/2026 - 15:07:13: [SM] Blaming: 馻nkrunFixhealth.smx
L 01/07/2026 - 15:07:13: [SM] Call stack trace:
L 01/07/2026 - 15:07:13: [SM]   [0] GetConVarString
L 01/07/2026 - 15:07:13: [SM]   [1] Line 138, C:\Users\Moises\Downloads\Compressed\sourcemod-1.11.0-git6968-windows\addons\sourcemod\scripting\馻nkrunFixhealth.sp::IsTankRunActive
L 01/07/2026 - 15:07:13: [SM]   [2] Line 36, C:\Users\Moises\Downloads\Compressed\sourcemod-1.11.0-git6968-windows\addons\sourcemod\scripting\馻nkrunFixhealth.sp::Timer_PeriodicCheck
L 01/07/2026 - 15:07:23: [SM] Exception reported: Invalid convar handle 0 (error 4)
L 01/07/2026 - 15:07:23: [SM] Blaming: 馻nkrunFixhealth.smx
L 01/07/2026 - 15:07:23: [SM] Call stack trace:
L 01/07/2026 - 15:07:23: [SM]   [0] GetConVarString
L 01/07/2026 - 15:07:23: [SM]   [1] Line 138, C:\Users\Moises\Downloads\Compressed\sourcemod-1.11.0-git6968-windows\addons\sourcemod\scripting\馻nkrunFixhealth.sp::IsTankRunActive
L 01/07/2026 - 15:07:23: [SM]   [2] Line 36, C:\Users\Moises\Downloads\Compressed\sourcemod-1.11.0-git6968-windows\addons\sourcemod\scripting\馻nkrunFixhealth.sp::Timer_PeriodicCheck
L 01/07/2026 - 15:07:33: [SM] Exception reported: Invalid convar handle 0 (error 4)
L 01/07/2026 - 15:07:33: [SM] Blaming: 馻nkrunFixhealth.smx
L 01/07/2026 - 15:07:33: [SM] Call stack trace:
L 01/07/2026 - 15:07:33: [SM]   [0] GetConVarString
L 01/07/2026 - 15:07:33: [SM]   [1] Line 138, C:\Users\Moises\Downloads\Compressed\sourcemod-1.11.0-git6968-windows\addons\sourcemod\scripting\馻nkrunFixhealth.sp::IsTankRunActive
L 01/07/2026 - 15:07:33: [SM]   [2] Line 36, C:\Users\Moises\Downloads\Compressed\sourcemod-1.11.0-git6968-windows\addons\sourcemod\scripting\馻nkrunFixhealth.sp::Timer_PeriodicCheck
L 01/07/2026 - 15:07:43: [SM] Exception reported: Invalid convar handle 0 (error 4)
L 01/07/2026 - 15:07:43: [SM] Blaming: 馻nkrunFixhealth.smx
L 01/07/2026 - 15:07:43: [SM] Call stack trace:
L 01/07/2026 - 15:07:43: [SM]   [0] GetConVarString
L 01/07/2026 - 15:07:43: [SM]   [1] Line 138, C:\Users\Moises\Downloads\Compressed\sourcemod-1.11.0-git6968-windows\addons\sourcemod\scripting\馻nkrunFixhealth.sp::IsTankRunActive
L 01/07/2026 - 15:07:43: [SM]   [2] Line 36, C:\Users\Moises\Downloads\Compressed\sourcemod-1.11.0-git6968-windows\addons\sourcemod\scripting\馻nkrunFixhealth.sp::Timer_PeriodicCheck
L 01/07/2026 - 15:07:53: [SM] Exception reported: Invalid convar handle 0 (error 4)
L 01/07/2026 - 15:07:53: [SM] Blaming: 馻nkrunFixhealth.smx
L 01/07/2026 - 15:07:53: [SM] Call stack trace:
L 01/07/2026 - 15:07:53: [SM]   [0] GetConVarString
L 01/07/2026 - 15:07:53: [SM]   [1] Line 138, C:\Users\Moises\Downloads\Compressed\sourcemod-1.11.0-git6968-windows\addons\sourcemod\scripting\馻nkrunFixhealth.sp::IsTankRunActive
L 01/07/2026 - 15:07:53: [SM]   [2] Line 36, C:\Users\Moises\Downloads\Compressed\sourcemod-1.11.0-git6968-windows\addons\sourcemod\scripting\馻nkrunFixhealth.sp::Timer_PeriodicCheck
L 01/07/2026 - 15:07:55: [SM] Exception reported: Invalid convar handle 0 (error 4)
L 01/07/2026 - 15:07:55: [SM] Blaming: 馻nkrunFixhealth.smx
L 01/07/2026 - 15:07:55: [SM] Call stack trace:
L 01/07/2026 - 15:07:55: [SM]   [0] GetConVarString
L 01/07/2026 - 15:07:55: [SM]   [1] Line 138, C:\Users\Moises\Downloads\Compressed\sourcemod-1.11.0-git6968-windows\addons\sourcemod\scripting\馻nkrunFixhealth.sp::IsTankRunActive
L 01/07/2026 - 15:07:55: [SM]   [2] Line 79, C:\Users\Moises\Downloads\Compressed\sourcemod-1.11.0-git6968-windows\addons\sourcemod\scripting\馻nkrunFixhealth.sp::Event_PlayerDeath
L 01/07/2026 - 15:07:55: [SM] Exception reported: Invalid convar handle 0 (error 4)
L 01/07/2026 - 15:07:55: [SM] Blaming: 馻nkrunFixhealth.smx
L 01/07/2026 - 15:07:55: [SM] Call stack trace:
L 01/07/2026 - 15:07:55: [SM]   [0] GetConVarString
L 01/07/2026 - 15:07:55: [SM]   [1] Line 138, C:\Users\Moises\Downloads\Compressed\sourcemod-1.11.0-git6968-windows\addons\sourcemod\scripting\馻nkrunFixhealth.sp::IsTankRunActive
L 01/07/2026 - 15:07:55: [SM]   [2] Line 79, C:\Users\Moises\Downloads\Compressed\sourcemod-1.11.0-git6968-windows\addons\sourcemod\scripting\馻nkrunFixhealth.sp::Event_PlayerDeath
L 01/07/2026 - 15:07:56: [SM] Exception reported: Invalid convar handle 0 (error 4)
L 01/07/2026 - 15:07:56: [SM] Blaming: 馻nkrunFixhealth.smx
L 01/07/2026 - 15:07:56: [SM] Call stack trace:
L 01/07/2026 - 15:07:56: [SM]   [0] GetConVarString
L 01/07/2026 - 15:07:56: [SM]   [1] Line 138, C:\Users\Moises\Downloads\Compressed\sourcemod-1.11.0-git6968-windows\addons\sourcemod\scripting\馻nkrunFixhealth.sp::IsTankRunActive
L 01/07/2026 - 15:07:56: [SM]   [2] Line 79, C:\Users\Moises\Downloads\Compressed\sourcemod-1.11.0-git6968-windows\addons\sourcemod\scripting\馻nkrunFixhealth.sp::Event_PlayerDeath
L 01/07/2026 - 15:07:56: [SM] Exception reported: Invalid convar handle 0 (error 4)
L 01/07/2026 - 15:07:56: [SM] Blaming: 馻nkrunFixhealth.smx
L 01/07/2026 - 15:07:56: [SM] Call stack trace:
L 01/07/2026 - 15:07:56: [SM]   [0] GetConVarString
L 01/07/2026 - 15:07:56: [SM]   [1] Line 138, C:\Users\Moises\Downloads\Compressed\sourcemod-1.11.0-git6968-windows\addons\sourcemod\scripting\馻nkrunFixhealth.sp::IsTankRunActive
L 01/07/2026 - 15:07:56: [SM]   [2] Line 79, C:\Users\Moises\Downloads\Compressed\sourcemod-1.11.0-git6968-windows\addons\sourcemod\scripting\馻nkrunFixhealth.sp::Event_PlayerDeath
L 01/07/2026 - 15:07:56: [SM] Exception reported: Invalid convar handle 0 (error 4)
L 01/07/2026 - 15:07:56: [SM] Blaming: 馻nkrunFixhealth.smx
L 01/07/2026 - 15:07:56: [SM] Call stack trace:
L 01/07/2026 - 15:07:56: [SM]   [0] GetConVarString
L 01/07/2026 - 15:07:56: [SM]   [1] Line 138, C:\Users\Moises\Downloads\Compressed\sourcemod-1.11.0-git6968-windows\addons\sourcemod\scripting\馻nkrunFixhealth.sp::IsTankRunActive
L 01/07/2026 - 15:07:56: [SM]   [2] Line 79, C:\Users\Moises\Downloads\Compressed\sourcemod-1.11.0-git6968-windows\addons\sourcemod\scripting\馻nkrunFixhealth.sp::Event_PlayerDeath
L 01/07/2026 - 15:08:01: [SM] Exception reported: Invalid convar handle 0 (error 4)
L 01/07/2026 - 15:08:01: [SM] Blaming: 馻nkrunFixhealth.smx
L 01/07/2026 - 15:08:01: [SM] Call stack trace:
L 01/07/2026 - 15:08:01: [SM]   [0] GetConVarString
L 01/07/2026 - 15:08:01: [SM]   [1] Line 138, C:\Users\Moises\Downloads\Compressed\sourcemod-1.11.0-git6968-windows\addons\sourcemod\scripting\馻nkrunFixhealth.sp::IsTankRunActive
L 01/07/2026 - 15:08:01: [SM]   [2] Line 79, C:\Users\Moises\Downloads\Compressed\sourcemod-1.11.0-git6968-windows\addons\sourcemod\scripting\馻nkrunFixhealth.sp::Event_PlayerDeath
L 01/07/2026 - 15:08:02: [SM] Exception reported: Invalid convar handle 0 (error 4)
L 01/07/2026 - 15:08:02: [SM] Blaming: 馻nkrunFixhealth.smx
L 01/07/2026 - 15:08:02: [SM] Call stack trace:
L 01/07/2026 - 15:08:02: [SM]   [0] GetConVarString
L 01/07/2026 - 15:08:02: [SM]   [1] Line 138, C:\Users\Moises\Downloads\Compressed\sourcemod-1.11.0-git6968-windows\addons\sourcemod\scripting\馻nkrunFixhealth.sp::IsTankRunActive
L 01/07/2026 - 15:08:02: [SM]   [2] Line 79, C:\Users\Moises\Downloads\Compressed\sourcemod-1.11.0-git6968-windows\addons\sourcemod\scripting\馻nkrunFixhealth.sp::Event_PlayerDeath
L 01/07/2026 - 15:08:03: [SM] Exception reported: Invalid convar handle 0 (error 4)
L 01/07/2026 - 15:08:03: [SM] Blaming: 馻nkrunFixhealth.smx
L 01/07/2026 - 15:08:03: [SM] Call stack trace:
L 01/07/2026 - 15:08:03: [SM]   [0] GetConVarString
L 01/07/2026 - 15:08:03: [SM]   [1] Line 138, C:\Users\Moises\Downloads\Compressed\sourcemod-1.11.0-git6968-windows\addons\sourcemod\scripting\馻nkrunFixhealth.sp::IsTankRunActive
L 01/07/2026 - 15:08:03: [SM]   [2] Line 79, C:\Users\Moises\Downloads\Compressed\sourcemod-1.11.0-git6968-windows\addons\sourcemod\scripting\馻nkrunFixhealth.sp::Event_PlayerDeath
L 01/07/2026 - 15:08:03: [SM] Exception reported: Invalid convar handle 0 (error 4)
L 01/07/2026 - 15:08:03: [SM] Blaming: 馻nkrunFixhealth.smx
L 01/07/2026 - 15:08:03: [SM] Call stack trace:
L 01/07/2026 - 15:08:03: [SM]   [0] GetConVarString
L 01/07/2026 - 15:08:03: [SM]   [1] Line 138, C:\Users\Moises\Downloads\Compressed\sourcemod-1.11.0-git6968-windows\addons\sourcemod\scripting\馻nkrunFixhealth.sp::IsTankRunActive
L 01/07/2026 - 15:08:03: [SM]   [2] Line 36, C:\Users\Moises\Downloads\Compressed\sourcemod-1.11.0-git6968-windows\addons\sourcemod\scripting\馻nkrunFixhealth.sp::Timer_PeriodicCheck
L 01/07/2026 - 15:08:08: [SM] Exception reported: Invalid convar handle 0 (error 4)
L 01/07/2026 - 15:08:08: [SM] Blaming: 馻nkrunFixhealth.smx
L 01/07/2026 - 15:08:08: [SM] Call stack trace:
L 01/07/2026 - 15:08:08: [SM]   [0] GetConVarString
L 01/07/2026 - 15:08:08: [SM]   [1] Line 138, C:\Users\Moises\Downloads\Compressed\sourcemod-1.11.0-git6968-windows\addons\sourcemod\scripting\馻nkrunFixhealth.sp::IsTankRunActive
L 01/07/2026 - 15:08:08: [SM]   [2] Line 79, C:\Users\Moises\Downloads\Compressed\sourcemod-1.11.0-git6968-windows\addons\sourcemod\scripting\馻nkrunFixhealth.sp::Event_PlayerDeath
L 01/07/2026 - 15:08:09: [SM] Exception reported: Invalid convar handle 0 (error 4)
L 01/07/2026 - 15:08:09: [SM] Blaming: 馻nkrunFixhealth.smx
L 01/07/2026 - 15:08:09: [SM] Call stack trace:
L 01/07/2026 - 15:08:09: [SM]   [0] GetConVarString
L 01/07/2026 - 15:08:09: [SM]   [1] Line 138, C:\Users\Moises\Downloads\Compressed\sourcemod-1.11.0-git6968-windows\addons\sourcemod\scripting\馻nkrunFixhealth.sp::IsTankRunActive
L 01/07/2026 - 15:08:09: [SM]   [2] Line 79, C:\Users\Moises\Downloads\Compressed\sourcemod-1.11.0-git6968-windows\addons\sourcemod\scripting\馻nkrunFixhealth.sp::Event_PlayerDeath
L 01/07/2026 - 15:08:10: [SM] Exception reported: Invalid convar handle 0 (error 4)
L 01/07/2026 - 15:08:10: [SM] Blaming: 馻nkrunFixhealth.smx
L 01/07/2026 - 15:08:10: [SM] Call stack trace:
L 01/07/2026 - 15:08:10: [SM]   [0] GetConVarString
L 01/07/2026 - 15:08:10: [SM]   [1] Line 138, C:\Users\Moises\Downloads\Compressed\sourcemod-1.11.0-git6968-windows\addons\sourcemod\scripting\馻nkrunFixhealth.sp::IsTankRunActive
L 01/07/2026 - 15:08:10: [SM]   [2] Line 79, C:\Users\Moises\Downloads\Compressed\sourcemod-1.11.0-git6968-windows\addons\sourcemod\scripting\馻nkrunFixhealth.sp::Event_PlayerDeath
L 01/07/2026 - 15:08:11: [SM] Exception reported: Invalid convar handle 0 (error 4)
L 01/07/2026 - 15:08:11: [SM] Blaming: 馻nkrunFixhealth.smx
L 01/07/2026 - 15:08:11: [SM] Call stack trace:
L 01/07/2026 - 15:08:11: [SM]   [0] GetConVarString
L 01/07/2026 - 15:08:11: [SM]   [1] Line 138, C:\Users\Moises\Downloads\Compressed\sourcemod-1.11.0-git6968-windows\addons\sourcemod\scripting\馻nkrunFixhealth.sp::IsTankRunActive
L 01/07/2026 - 15:08:11: [SM]   [2] Line 79, C:\Users\Moises\Downloads\Compressed\sourcemod-1.11.0-git6968-windows\addons\sourcemod\scripting\馻nkrunFixhealth.sp::Event_PlayerDeath
L 01/07/2026 - 15:08:13: [SM] Exception reported: Invalid convar handle 0 (error 4)
L 01/07/2026 - 15:08:13: [SM] Blaming: 馻nkrunFixhealth.smx
L 01/07/2026 - 15:08:13: [SM] Call stack trace:
L 01/07/2026 - 15:08:13: [SM]   [0] GetConVarString
L 01/07/2026 - 15:08:13: [SM]   [1] Line 138, C:\Users\Moises\Downloads\Compressed\sourcemod-1.11.0-git6968-windows\addons\sourcemod\scripting\馻nkrunFixhealth.sp::IsTankRunActive
L 01/07/2026 - 15:08:13: [SM]   [2] Line 79, C:\Users\Moises\Downloads\Compressed\sourcemod-1.11.0-git6968-windows\addons\sourcemod\scripting\馻nkrunFixhealth.sp::Event_PlayerDeath
L 01/07/2026 - 15:08:13: [SM] Exception reported: Invalid convar handle 0 (error 4)
L 01/07/2026 - 15:08:13: [SM] Blaming: 馻nkrunFixhealth.smx
L 01/07/2026 - 15:08:13: [SM] Call stack trace:
L 01/07/2026 - 15:08:13: [SM]   [0] GetConVarString
L 01/07/2026 - 15:08:13: [SM]   [1] Line 138, C:\Users\Moises\Downloads\Compressed\sourcemod-1.11.0-git6968-windows\addons\sourcemod\scripting\馻nkrunFixhealth.sp::IsTankRunActive
L 01/07/2026 - 15:08:13: [SM]   [2] Line 36, C:\Users\Moises\Downloads\Compressed\sourcemod-1.11.0-git6968-windows\addons\sourcemod\scripting\馻nkrunFixhealth.sp::Timer_PeriodicCheck
L 01/07/2026 - 15:08:15: [SM] Exception reported: Invalid convar handle 0 (error 4)
L 01/07/2026 - 15:08:15: [SM] Blaming: 馻nkrunFixhealth.smx
L 01/07/2026 - 15:08:15: [SM] Call stack trace:
L 01/07/2026 - 15:08:15: [SM]   [0] GetConVarString
L 01/07/2026 - 15:08:15: [SM]   [1] Line 138, C:\Users\Moises\Downloads\Compressed\sourcemod-1.11.0-git6968-windows\addons\sourcemod\scripting\馻nkrunFixhealth.sp::IsTankRunActive
L 01/07/2026 - 15:08:15: [SM]   [2] Line 79, C:\Users\Moises\Downloads\Compressed\sourcemod-1.11.0-git6968-windows\addons\sourcemod\scripting\馻nkrunFixhealth.sp::Event_PlayerDeath
L 01/07/2026 - 15:08:20: [SM] Exception reported: Invalid convar handle 0 (error 4)
L 01/07/2026 - 15:08:20: [SM] Blaming: 馻nkrunFixhealth.smx
L 01/07/2026 - 15:08:20: [SM] Call stack trace:
L 01/07/2026 - 15:08:20: [SM]   [0] GetConVarString
L 01/07/2026 - 15:08:20: [SM]   [1] Line 138, C:\Users\Moises\Downloads\Compressed\sourcemod-1.11.0-git6968-windows\addons\sourcemod\scripting\馻nkrunFixhealth.sp::IsTankRunActive
L 01/07/2026 - 15:08:20: [SM]   [2] Line 79, C:\Users\Moises\Downloads\Compressed\sourcemod-1.11.0-git6968-windows\addons\sourcemod\scripting\馻nkrunFixhealth.sp::Event_PlayerDeath
L 01/07/2026 - 15:08:23: [SM] Exception reported: Invalid convar handle 0 (error 4)
L 01/07/2026 - 15:08:23: [SM] Blaming: 馻nkrunFixhealth.smx
L 01/07/2026 - 15:08:23: [SM] Call stack trace:
L 01/07/2026 - 15:08:23: [SM]   [0] GetConVarString
L 01/07/2026 - 15:08:23: [SM]   [1] Line 138, C:\Users\Moises\Downloads\Compressed\sourcemod-1.11.0-git6968-windows\addons\sourcemod\scripting\馻nkrunFixhealth.sp::IsTankRunActive
L 01/07/2026 - 15:08:23: [SM]   [2] Line 36, C:\Users\Moises\Downloads\Compressed\sourcemod-1.11.0-git6968-windows\addons\sourcemod\scripting\馻nkrunFixhealth.sp::Timer_PeriodicCheck
L 01/07/2026 - 15:08:25: [SM] Exception reported: Invalid convar handle 0 (error 4)
L 01/07/2026 - 15:08:25: [SM] Blaming: 馻nkrunFixhealth.smx
L 01/07/2026 - 15:08:25: [SM] Call stack trace:
L 01/07/2026 - 15:08:25: [SM]   [0] GetConVarString
L 01/07/2026 - 15:08:25: [SM]   [1] Line 138, C:\Users\Moises\Downloads\Compressed\sourcemod-1.11.0-git6968-windows\addons\sourcemod\scripting\馻nkrunFixhealth.sp::IsTankRunActive
L 01/07/2026 - 15:08:25: [SM]   [2] Line 79, C:\Users\Moises\Downloads\Compressed\sourcemod-1.11.0-git6968-windows\addons\sourcemod\scripting\馻nkrunFixhealth.sp::Event_PlayerDeath
L 01/07/2026 - 15:08:26: [SM] Exception reported: Invalid convar handle 0 (error 4)
L 01/07/2026 - 15:08:26: [SM] Blaming: 馻nkrunFixhealth.smx
L 01/07/2026 - 15:08:26: [SM] Call stack trace:
L 01/07/2026 - 15:08:26: [SM]   [0] GetConVarString
L 01/07/2026 - 15:08:26: [SM]   [1] Line 138, C:\Users\Moises\Downloads\Compressed\sourcemod-1.11.0-git6968-windows\addons\sourcemod\scripting\馻nkrunFixhealth.sp::IsTankRunActive
L 01/07/2026 - 15:08:26: [SM]   [2] Line 79, C:\Users\Moises\Downloads\Compressed\sourcemod-1.11.0-git6968-windows\addons\sourcemod\scripting\馻nkrunFixhealth.sp::Event_PlayerDeath
L 01/07/2026 - 15:08:26: [SM] Exception reported: Invalid convar handle 0 (error 4)
L 01/07/2026 - 15:08:26: [SM] Blaming: 馻nkrunFixhealth.smx
L 01/07/2026 - 15:08:26: [SM] Call stack trace:
L 01/07/2026 - 15:08:26: [SM]   [0] GetConVarString
L 01/07/2026 - 15:08:26: [SM]   [1] Line 138, C:\Users\Moises\Downloads\Compressed\sourcemod-1.11.0-git6968-windows\addons\sourcemod\scripting\馻nkrunFixhealth.sp::IsTankRunActive
L 01/07/2026 - 15:08:26: [SM]   [2] Line 79, C:\Users\Moises\Downloads\Compressed\sourcemod-1.11.0-git6968-windows\addons\sourcemod\scripting\馻nkrunFixhealth.sp::Event_PlayerDeath
L 01/07/2026 - 15:08:27: [SM] Exception reported: Invalid convar handle 0 (error 4)
L 01/07/2026 - 15:08:27: [SM] Blaming: 馻nkrunFixhealth.smx
L 01/07/2026 - 15:08:27: [SM] Call stack trace:
L 01/07/2026 - 15:08:27: [SM]   [0] GetConVarString
L 01/07/2026 - 15:08:27: [SM]   [1] Line 138, C:\Users\Moises\Downloads\Compressed\sourcemod-1.11.0-git6968-windows\addons\sourcemod\scripting\馻nkrunFixhealth.sp::IsTankRunActive
L 01/07/2026 - 15:08:27: [SM]   [2] Line 79, C:\Users\Moises\Downloads\Compressed\sourcemod-1.11.0-git6968-windows\addons\sourcemod\scripting\馻nkrunFixhealth.sp::Event_PlayerDeath
L 01/07/2026 - 15:08:29: [SM] Exception reported: Invalid convar handle 0 (error 4)
L 01/07/2026 - 15:08:29: [SM] Blaming: 馻nkrunFixhealth.smx
L 01/07/2026 - 15:08:29: [SM] Call stack trace:
L 01/07/2026 - 15:08:29: [SM]   [0] GetConVarString
L 01/07/2026 - 15:08:29: [SM]   [1] Line 138, C:\Users\Moises\Downloads\Compressed\sourcemod-1.11.0-git6968-windows\addons\sourcemod\scripting\馻nkrunFixhealth.sp::IsTankRunActive
L 01/07/2026 - 15:08:29: [SM]   [2] Line 79, C:\Users\Moises\Downloads\Compressed\sourcemod-1.11.0-git6968-windows\addons\sourcemod\scripting\馻nkrunFixhealth.sp::Event_PlayerDeath
L 01/07/2026 - 15:08:30: [SM] Exception reported: Invalid convar handle 0 (error 4)
L 01/07/2026 - 15:08:30: [SM] Blaming: 馻nkrunFixhealth.smx
L 01/07/2026 - 15:08:30: [SM] Call stack trace:
L 01/07/2026 - 15:08:30: [SM]   [0] GetConVarString
L 01/07/2026 - 15:08:30: [SM]   [1] Line 138, C:\Users\Moises\Downloads\Compressed\sourcemod-1.11.0-git6968-windows\addons\sourcemod\scripting\馻nkrunFixhealth.sp::IsTankRunActive
L 01/07/2026 - 15:08:30: [SM]   [2] Line 79, C:\Users\Moises\Downloads\Compressed\sourcemod-1.11.0-git6968-windows\addons\sourcemod\scripting\馻nkrunFixhealth.sp::Event_PlayerDeath
L 01/07/2026 - 15:08:30: [SM] Exception reported: Invalid convar handle 0 (error 4)
L 01/07/2026 - 15:08:30: [SM] Blaming: 馻nkrunFixhealth.smx
L 01/07/2026 - 15:08:30: [SM] Call stack trace:
L 01/07/2026 - 15:08:30: [SM]   [0] GetConVarString
L 01/07/2026 - 15:08:30: [SM]   [1] Line 138, C:\Users\Moises\Downloads\Compressed\sourcemod-1.11.0-git6968-windows\addons\sourcemod\scripting\馻nkrunFixhealth.sp::IsTankRunActive
L 01/07/2026 - 15:08:30: [SM]   [2] Line 79, C:\Users\Moises\Downloads\Compressed\sourcemod-1.11.0-git6968-windows\addons\sourcemod\scripting\馻nkrunFixhealth.sp::Event_PlayerDeath
L 01/07/2026 - 15:08:30: [SM] Exception reported: Invalid convar handle 0 (error 4)
L 01/07/2026 - 15:08:30: [SM] Blaming: 馻nkrunFixhealth.smx
L 01/07/2026 - 15:08:30: [SM] Call stack trace:
L 01/07/2026 - 15:08:30: [SM]   [0] GetConVarString
L 01/07/2026 - 15:08:30: [SM]   [1] Line 138, C:\Users\Moises\Downloads\Compressed\sourcemod-1.11.0-git6968-windows\addons\sourcemod\scripting\馻nkrunFixhealth.sp::IsTankRunActive
L 01/07/2026 - 15:08:30: [SM]   [2] Line 79, C:\Users\Moises\Downloads\Compressed\sourcemod-1.11.0-git6968-windows\addons\sourcemod\scripting\馻nkrunFixhealth.sp::Event_PlayerDeath
L 01/07/2026 - 15:08:33: [SM] Exception reported: Invalid convar handle 0 (error 4)
L 01/07/2026 - 15:08:33: [SM] Blaming: 馻nkrunFixhealth.smx
L 01/07/2026 - 15:08:33: [SM] Call stack trace:
L 01/07/2026 - 15:08:33: [SM]   [0] GetConVarString
L 01/07/2026 - 15:08:33: [SM]   [1] Line 138, C:\Users\Moises\Downloads\Compressed\sourcemod-1.11.0-git6968-windows\addons\sourcemod\scripting\馻nkrunFixhealth.sp::IsTankRunActive
L 01/07/2026 - 15:08:33: [SM]   [2] Line 36, C:\Users\Moises\Downloads\Compressed\sourcemod-1.11.0-git6968-windows\addons\sourcemod\scripting\馻nkrunFixhealth.sp::Timer_PeriodicCheck
L 01/07/2026 - 15:08:34: [SM] Exception reported: Invalid convar handle 0 (error 4)
L 01/07/2026 - 15:08:34: [SM] Blaming: 馻nkrunFixhealth.smx
L 01/07/2026 - 15:08:34: [SM] Call stack trace:
L 01/07/2026 - 15:08:34: [SM]   [0] GetConVarString
L 01/07/2026 - 15:08:34: [SM]   [1] Line 138, C:\Users\Moises\Downloads\Compressed\sourcemod-1.11.0-git6968-windows\addons\sourcemod\scripting\馻nkrunFixhealth.sp::IsTankRunActive
L 01/07/2026 - 15:08:34: [SM]   [2] Line 79, C:\Users\Moises\Downloads\Compressed\sourcemod-1.11.0-git6968-windows\addons\sourcemod\scripting\馻nkrunFixhealth.sp::Event_PlayerDeath
L 01/07/2026 - 15:08:34: [SM] Exception reported: Invalid convar handle 0 (error 4)
L 01/07/2026 - 15:08:34: [SM] Blaming: 馻nkrunFixhealth.smx
L 01/07/2026 - 15:08:34: [SM] Call stack trace:
L 01/07/2026 - 15:08:34: [SM]   [0] GetConVarString
L 01/07/2026 - 15:08:34: [SM]   [1] Line 138, C:\Users\Moises\Downloads\Compressed\sourcemod-1.11.0-git6968-windows\addons\sourcemod\scripting\馻nkrunFixhealth.sp::IsTankRunActive
L 01/07/2026 - 15:08:34: [SM]   [2] Line 79, C:\Users\Moises\Downloads\Compressed\sourcemod-1.11.0-git6968-windows\addons\sourcemod\scripting\馻nkrunFixhealth.sp::Event_PlayerDeath
L 01/07/2026 - 15:08:34: [SM] Exception reported: Invalid convar handle 0 (error 4)
L 01/07/2026 - 15:08:34: [SM] Blaming: 馻nkrunFixhealth.smx
L 01/07/2026 - 15:08:34: [SM] Call stack trace:
L 01/07/2026 - 15:08:34: [SM]   [0] GetConVarString
L 01/07/2026 - 15:08:34: [SM]   [1] Line 138, C:\Users\Moises\Downloads\Compressed\sourcemod-1.11.0-git6968-windows\addons\sourcemod\scripting\馻nkrunFixhealth.sp::IsTankRunActive
L 01/07/2026 - 15:08:34: [SM]   [2] Line 79, C:\Users\Moises\Downloads\Compressed\sourcemod-1.11.0-git6968-windows\addons\sourcemod\scripting\馻nkrunFixhealth.sp::Event_PlayerDeath
L 01/07/2026 - 15:08:34: [SM] Exception reported: Invalid convar handle 0 (error 4)
L 01/07/2026 - 15:08:34: [SM] Blaming: 馻nkrunFixhealth.smx
L 01/07/2026 - 15:08:34: [SM] Call stack trace:
L 01/07/2026 - 15:08:34: [SM]   [0] GetConVarString
L 01/07/2026 - 15:08:34: [SM]   [1] Line 138, C:\Users\Moises\Downloads\Compressed\sourcemod-1.11.0-git6968-windows\addons\sourcemod\scripting\馻nkrunFixhealth.sp::IsTankRunActive
L 01/07/2026 - 15:08:34: [SM]   [2] Line 79, C:\Users\Moises\Downloads\Compressed\sourcemod-1.11.0-git6968-windows\addons\sourcemod\scripting\馻nkrunFixhealth.sp::Event_PlayerDeath
L 01/07/2026 - 15:08:35: [SM] Exception reported: Invalid convar handle 0 (error 4)
L 01/07/2026 - 15:08:35: [SM] Blaming: 馻nkrunFixhealth.smx
L 01/07/2026 - 15:08:35: [SM] Call stack trace:
L 01/07/2026 - 15:08:35: [SM]   [0] GetConVarString
L 01/07/2026 - 15:08:35: [SM]   [1] Line 138, C:\Users\Moises\Downloads\Compressed\sourcemod-1.11.0-git6968-windows\addons\sourcemod\scripting\馻nkrunFixhealth.sp::IsTankRunActive
L 01/07/2026 - 15:08:35: [SM]   [2] Line 79, C:\Users\Moises\Downloads\Compressed\sourcemod-1.11.0-git6968-windows\addons\sourcemod\scripting\馻nkrunFixhealth.sp::Event_PlayerDeath
L 01/07/2026 - 15:08:36: [SM] Exception reported: Invalid convar handle 0 (error 4)
L 01/07/2026 - 15:08:36: [SM] Blaming: 馻nkrunFixhealth.smx
L 01/07/2026 - 15:08:36: [SM] Call stack trace:
L 01/07/2026 - 15:08:36: [SM]   [0] GetConVarString
L 01/07/2026 - 15:08:36: [SM]   [1] Line 138, C:\Users\Moises\Downloads\Compressed\sourcemod-1.11.0-git6968-windows\addons\sourcemod\scripting\馻nkrunFixhealth.sp::IsTankRunActive
L 01/07/2026 - 15:08:36: [SM]   [2] Line 79, C:\Users\Moises\Downloads\Compressed\sourcemod-1.11.0-git6968-windows\addons\sourcemod\scripting\馻nkrunFixhealth.sp::Event_PlayerDeath
L 01/07/2026 - 15:08:37: [SM] Exception reported: Invalid convar handle 0 (error 4)
L 01/07/2026 - 15:08:37: [SM] Blaming: 馻nkrunFixhealth.smx
L 01/07/2026 - 15:08:37: [SM] Call stack trace:
L 01/07/2026 - 15:08:37: [SM]   [0] GetConVarString
L 01/07/2026 - 15:08:37: [SM]   [1] Line 138, C:\Users\Moises\Downloads\Compressed\sourcemod-1.11.0-git6968-windows\addons\sourcemod\scripting\馻nkrunFixhealth.sp::IsTankRunActive
L 01/07/2026 - 15:08:37: [SM]   [2] Line 79, C:\Users\Moises\Downloads\Compressed\sourcemod-1.11.0-git6968-windows\addons\sourcemod\scripting\馻nkrunFixhealth.sp::Event_PlayerDeath
L 01/07/2026 - 15:08:41: [SM] Exception reported: Invalid convar handle 0 (error 4)
L 01/07/2026 - 15:08:41: [SM] Blaming: 馻nkrunFixhealth.smx
L 01/07/2026 - 15:08:41: [SM] Call stack trace:
L 01/07/2026 - 15:08:41: [SM]   [0] GetConVarString
L 01/07/2026 - 15:08:41: [SM]   [1] Line 138, C:\Users\Moises\Downloads\Compressed\sourcemod-1.11.0-git6968-windows\addons\sourcemod\scripting\馻nkrunFixhealth.sp::IsTankRunActive
L 01/07/2026 - 15:08:41: [SM]   [2] Line 79, C:\Users\Moises\Downloads\Compressed\sourcemod-1.11.0-git6968-windows\addons\sourcemod\scripting\馻nkrunFixhealth.sp::Event_PlayerDeath
L 01/07/2026 - 15:08:41: [SM] Exception reported: Invalid convar handle 0 (error 4)
L 01/07/2026 - 15:08:41: [SM] Blaming: 馻nkrunFixhealth.smx
L 01/07/2026 - 15:08:41: [SM] Call stack trace:
L 01/07/2026 - 15:08:41: [SM]   [0] GetConVarString
L 01/07/2026 - 15:08:41: [SM]   [1] Line 138, C:\Users\Moises\Downloads\Compressed\sourcemod-1.11.0-git6968-windows\addons\sourcemod\scripting\馻nkrunFixhealth.sp::IsTankRunActive
L 01/07/2026 - 15:08:41: [SM]   [2] Line 79, C:\Users\Moises\Downloads\Compressed\sourcemod-1.11.0-git6968-windows\addons\sourcemod\scripting\馻nkrunFixhealth.sp::Event_PlayerDeath
L 01/07/2026 - 15:08:43: [SM] Exception reported: Invalid convar handle 0 (error 4)
L 01/07/2026 - 15:08:43: [SM] Blaming: 馻nkrunFixhealth.smx
L 01/07/2026 - 15:08:43: [SM] Call stack trace:
L 01/07/2026 - 15:08:43: [SM]   [0] GetConVarString
L 01/07/2026 - 15:08:43: [SM]   [1] Line 138, C:\Users\Moises\Downloads\Compressed\sourcemod-1.11.0-git6968-windows\addons\sourcemod\scripting\馻nkrunFixhealth.sp::IsTankRunActive
L 01/07/2026 - 15:08:43: [SM]   [2] Line 36, C:\Users\Moises\Downloads\Compressed\sourcemod-1.11.0-git6968-windows\addons\sourcemod\scripting\馻nkrunFixhealth.sp::Timer_PeriodicCheck
L 01/07/2026 - 15:08:44: [SM] Exception reported: Invalid convar handle 0 (error 4)
L 01/07/2026 - 15:08:44: [SM] Blaming: 馻nkrunFixhealth.smx
L 01/07/2026 - 15:08:44: [SM] Call stack trace:
L 01/07/2026 - 15:08:44: [SM]   [0] GetConVarString
L 01/07/2026 - 15:08:44: [SM]   [1] Line 138, C:\Users\Moises\Downloads\Compressed\sourcemod-1.11.0-git6968-windows\addons\sourcemod\scripting\馻nkrunFixhealth.sp::IsTankRunActive
L 01/07/2026 - 15:08:44: [SM]   [2] Line 79, C:\Users\Moises\Downloads\Compressed\sourcemod-1.11.0-git6968-windows\addons\sourcemod\scripting\馻nkrunFixhealth.sp::Event_PlayerDeath
L 01/07/2026 - 15:08:45: [SM] Exception reported: Invalid convar handle 0 (error 4)
L 01/07/2026 - 15:08:45: [SM] Blaming: 馻nkrunFixhealth.smx
L 01/07/2026 - 15:08:45: [SM] Call stack trace:
L 01/07/2026 - 15:08:45: [SM]   [0] GetConVarString
L 01/07/2026 - 15:08:45: [SM]   [1] Line 138, C:\Users\Moises\Downloads\Compressed\sourcemod-1.11.0-git6968-windows\addons\sourcemod\scripting\馻nkrunFixhealth.sp::IsTankRunActive
L 01/07/2026 - 15:08:45: [SM]   [2] Line 79, C:\Users\Moises\Downloads\Compressed\sourcemod-1.11.0-git6968-windows\addons\sourcemod\scripting\馻nkrunFixhealth.sp::Event_PlayerDeath
L 01/07/2026 - 15:08:45: [SM] Exception reported: Invalid convar handle 0 (error 4)
L 01/07/2026 - 15:08:45: [SM] Blaming: 馻nkrunFixhealth.smx
L 01/07/2026 - 15:08:45: [SM] Call stack trace:
L 01/07/2026 - 15:08:45: [SM]   [0] GetConVarString
L 01/07/2026 - 15:08:45: [SM]   [1] Line 138, C:\Users\Moises\Downloads\Compressed\sourcemod-1.11.0-git6968-windows\addons\sourcemod\scripting\馻nkrunFixhealth.sp::IsTankRunActive
L 01/07/2026 - 15:08:45: [SM]   [2] Line 79, C:\Users\Moises\Downloads\Compressed\sourcemod-1.11.0-git6968-windows\addons\sourcemod\scripting\馻nkrunFixhealth.sp::Event_PlayerDeath
L 01/07/2026 - 15:08:45: [SM] Exception reported: Invalid convar handle 0 (error 4)
L 01/07/2026 - 15:08:45: [SM] Blaming: 馻nkrunFixhealth.smx
L 01/07/2026 - 15:08:45: [SM] Call stack trace:
L 01/07/2026 - 15:08:45: [SM]   [0] GetConVarString
L 01/07/2026 - 15:08:45: [SM]   [1] Line 138, C:\Users\Moises\Downloads\Compressed\sourcemod-1.11.0-git6968-windows\addons\sourcemod\scripting\馻nkrunFixhealth.sp::IsTankRunActive
L 01/07/2026 - 15:08:45: [SM]   [2] Line 79, C:\Users\Moises\Downloads\Compressed\sourcemod-1.11.0-git6968-windows\addons\sourcemod\scripting\馻nkrunFixhealth.sp::Event_PlayerDeath
L 01/07/2026 - 15:08:46: [SM] Exception reported: Invalid convar handle 0 (error 4)
L 01/07/2026 - 15:08:46: [SM] Blaming: 馻nkrunFixhealth.smx
L 01/07/2026 - 15:08:46: [SM] Call stack trace:
L 01/07/2026 - 15:08:46: [SM]   [0] GetConVarString
L 01/07/2026 - 15:08:46: [SM]   [1] Line 138, C:\Users\Moises\Downloads\Compressed\sourcemod-1.11.0-git6968-windows\addons\sourcemod\scripting\馻nkrunFixhealth.sp::IsTankRunActive
L 01/07/2026 - 15:08:46: [SM]   [2] Line 79, C:\Users\Moises\Downloads\Compressed\sourcemod-1.11.0-git6968-windows\addons\sourcemod\scripting\馻nkrunFixhealth.sp::Event_PlayerDeath
L 01/07/2026 - 15:08:47: [SM] Exception reported: Invalid convar handle 0 (error 4)
L 01/07/2026 - 15:08:47: [SM] Blaming: 馻nkrunFixhealth.smx
L 01/07/2026 - 15:08:47: [SM] Call stack trace:
L 01/07/2026 - 15:08:47: [SM]   [0] GetConVarString
L 01/07/2026 - 15:08:47: [SM]   [1] Line 138, C:\Users\Moises\Downloads\Compressed\sourcemod-1.11.0-git6968-windows\addons\sourcemod\scripting\馻nkrunFixhealth.sp::IsTankRunActive
L 01/07/2026 - 15:08:47: [SM]   [2] Line 79, C:\Users\Moises\Downloads\Compressed\sourcemod-1.11.0-git6968-windows\addons\sourcemod\scripting\馻nkrunFixhealth.sp::Event_PlayerDeath
L 01/07/2026 - 15:08:47: [SM] Exception reported: Invalid convar handle 0 (error 4)
L 01/07/2026 - 15:08:47: [SM] Blaming: 馻nkrunFixhealth.smx
L 01/07/2026 - 15:08:47: [SM] Call stack trace:
L 01/07/2026 - 15:08:47: [SM]   [0] GetConVarString
L 01/07/2026 - 15:08:47: [SM]   [1] Line 138, C:\Users\Moises\Downloads\Compressed\sourcemod-1.11.0-git6968-windows\addons\sourcemod\scripting\馻nkrunFixhealth.sp::IsTankRunActive
L 01/07/2026 - 15:08:47: [SM]   [2] Line 79, C:\Users\Moises\Downloads\Compressed\sourcemod-1.11.0-git6968-windows\addons\sourcemod\scripting\馻nkrunFixhealth.sp::Event_PlayerDeath
L 01/07/2026 - 15:08:48: [SM] Exception reported: Invalid convar handle 0 (error 4)
L 01/07/2026 - 15:08:48: [SM] Blaming: 馻nkrunFixhealth.smx
L 01/07/2026 - 15:08:48: [SM] Call stack trace:
L 01/07/2026 - 15:08:48: [SM]   [0] GetConVarString
L 01/07/2026 - 15:08:48: [SM]   [1] Line 138, C:\Users\Moises\Downloads\Compressed\sourcemod-1.11.0-git6968-windows\addons\sourcemod\scripting\馻nkrunFixhealth.sp::IsTankRunActive
L 01/07/2026 - 15:08:48: [SM]   [2] Line 79, C:\Users\Moises\Downloads\Compressed\sourcemod-1.11.0-git6968-windows\addons\sourcemod\scripting\馻nkrunFixhealth.sp::Event_PlayerDeath
L 01/07/2026 - 15:08:48: [SM] Exception reported: Invalid convar handle 0 (error 4)
L 01/07/2026 - 15:08:48: [SM] Blaming: 馻nkrunFixhealth.smx
L 01/07/2026 - 15:08:48: [SM] Call stack trace:
L 01/07/2026 - 15:08:48: [SM]   [0] GetConVarString
L 01/07/2026 - 15:08:48: [SM]   [1] Line 138, C:\Users\Moises\Downloads\Compressed\sourcemod-1.11.0-git6968-windows\addons\sourcemod\scripting\馻nkrunFixhealth.sp::IsTankRunActive
L 01/07/2026 - 15:08:48: [SM]   [2] Line 79, C:\Users\Moises\Downloads\Compressed\sourcemod-1.11.0-git6968-windows\addons\sourcemod\scripting\馻nkrunFixhealth.sp::Event_PlayerDeath
L 01/07/2026 - 15:08:49: [SM] Exception reported: Invalid convar handle 0 (error 4)
L 01/07/2026 - 15:08:49: [SM] Blaming: 馻nkrunFixhealth.smx
L 01/07/2026 - 15:08:49: [SM] Call stack trace:
L 01/07/2026 - 15:08:49: [SM]   [0] GetConVarString
L 01/07/2026 - 15:08:49: [SM]   [1] Line 138, C:\Users\Moises\Downloads\Compressed\sourcemod-1.11.0-git6968-windows\addons\sourcemod\scripting\馻nkrunFixhealth.sp::IsTankRunActive
L 01/07/2026 - 15:08:49: [SM]   [2] Line 79, C:\Users\Moises\Downloads\Compressed\sourcemod-1.11.0-git6968-windows\addons\sourcemod\scripting\馻nkrunFixhealth.sp::Event_PlayerDeath
L 01/07/2026 - 15:08:50: [SM] Exception reported: Invalid convar handle 0 (error 4)
L 01/07/2026 - 15:08:50: [SM] Blaming: 馻nkrunFixhealth.smx
L 01/07/2026 - 15:08:50: [SM] Call stack trace:
L 01/07/2026 - 15:08:50: [SM]   [0] GetConVarString
L 01/07/2026 - 15:08:50: [SM]   [1] Line 138, C:\Users\Moises\Downloads\Compressed\sourcemod-1.11.0-git6968-windows\addons\sourcemod\scripting\馻nkrunFixhealth.sp::IsTankRunActive
L 01/07/2026 - 15:08:50: [SM]   [2] Line 79, C:\Users\Moises\Downloads\Compressed\sourcemod-1.11.0-git6968-windows\addons\sourcemod\scripting\馻nkrunFixhealth.sp::Event_PlayerDeath
L 01/07/2026 - 15:08:50: [SM] Exception reported: Invalid convar handle 0 (error 4)
L 01/07/2026 - 15:08:50: [SM] Blaming: 馻nkrunFixhealth.smx
L 01/07/2026 - 15:08:50: [SM] Call stack trace:
L 01/07/2026 - 15:08:50: [SM]   [0] GetConVarString
L 01/07/2026 - 15:08:50: [SM]   [1] Line 138, C:\Users\Moises\Downloads\Compressed\sourcemod-1.11.0-git6968-windows\addons\sourcemod\scripting\馻nkrunFixhealth.sp::IsTankRunActive
L 01/07/2026 - 15:08:50: [SM]   [2] Line 79, C:\Users\Moises\Downloads\Compressed\sourcemod-1.11.0-git6968-windows\addons\sourcemod\scripting\馻nkrunFixhealth.sp::Event_PlayerDeath
L 01/07/2026 - 15:08:50: [SM] Exception reported: Invalid convar handle 0 (error 4)
L 01/07/2026 - 15:08:50: [SM] Blaming: 馻nkrunFixhealth.smx
L 01/07/2026 - 15:08:50: [SM] Call stack trace:
L 01/07/2026 - 15:08:50: [SM]   [0] GetConVarString
L 01/07/2026 - 15:08:50: [SM]   [1] Line 138, C:\Users\Moises\Downloads\Compressed\sourcemod-1.11.0-git6968-windows\addons\sourcemod\scripting\馻nkrunFixhealth.sp::IsTankRunActive
L 01/07/2026 - 15:08:50: [SM]   [2] Line 79, C:\Users\Moises\Downloads\Compressed\sourcemod-1.11.0-git6968-windows\addons\sourcemod\scripting\馻nkrunFixhealth.sp::Event_PlayerDeath
L 01/07/2026 - 15:08:51: [SM] Exception reported: Invalid convar handle 0 (error 4)
L 01/07/2026 - 15:08:51: [SM] Blaming: 馻nkrunFixhealth.smx
L 01/07/2026 - 15:08:51: [SM] Call stack trace:
L 01/07/2026 - 15:08:51: [SM]   [0] GetConVarString
L 01/07/2026 - 15:08:51: [SM]   [1] Line 138, C:\Users\Moises\Downloads\Compressed\sourcemod-1.11.0-git6968-windows\addons\sourcemod\scripting\馻nkrunFixhealth.sp::IsTankRunActive
L 01/07/2026 - 15:08:51: [SM]   [2] Line 79, C:\Users\Moises\Downloads\Compressed\sourcemod-1.11.0-git6968-windows\addons\sourcemod\scripting\馻nkrunFixhealth.sp::Event_PlayerDeath
L 01/07/2026 - 15:08:52: [SM] Exception reported: Invalid convar handle 0 (error 4)
L 01/07/2026 - 15:08:52: [SM] Blaming: 馻nkrunFixhealth.smx
L 01/07/2026 - 15:08:52: [SM] Call stack trace:
L 01/07/2026 - 15:08:52: [SM]   [0] GetConVarString
L 01/07/2026 - 15:08:52: [SM]   [1] Line 138, C:\Users\Moises\Downloads\Compressed\sourcemod-1.11.0-git6968-windows\addons\sourcemod\scripting\馻nkrunFixhealth.sp::IsTankRunActive
L 01/07/2026 - 15:08:52: [SM]   [2] Line 79, C:\Users\Moises\Downloads\Compressed\sourcemod-1.11.0-git6968-windows\addons\sourcemod\scripting\馻nkrunFixhealth.sp::Event_PlayerDeath
L 01/07/2026 - 15:08:52: [SM] Exception reported: Invalid convar handle 0 (error 4)
L 01/07/2026 - 15:08:52: [SM] Blaming: 馻nkrunFixhealth.smx
L 01/07/2026 - 15:08:52: [SM] Call stack trace:
L 01/07/2026 - 15:08:52: [SM]   [0] GetConVarString
L 01/07/2026 - 15:08:52: [SM]   [1] Line 138, C:\Users\Moises\Downloads\Compressed\sourcemod-1.11.0-git6968-windows\addons\sourcemod\scripting\馻nkrunFixhealth.sp::IsTankRunActive
L 01/07/2026 - 15:08:52: [SM]   [2] Line 79, C:\Users\Moises\Downloads\Compressed\sourcemod-1.11.0-git6968-windows\addons\sourcemod\scripting\馻nkrunFixhealth.sp::Event_PlayerDeath
L 01/07/2026 - 15:08:53: [SM] Exception reported: Invalid convar handle 0 (error 4)
L 01/07/2026 - 15:08:53: [SM] Blaming: 馻nkrunFixhealth.smx
L 01/07/2026 - 15:08:53: [SM] Call stack trace:
L 01/07/2026 - 15:08:53: [SM]   [0] GetConVarString
L 01/07/2026 - 15:08:53: [SM]   [1] Line 138, C:\Users\Moises\Downloads\Compressed\sourcemod-1.11.0-git6968-windows\addons\sourcemod\scripting\馻nkrunFixhealth.sp::IsTankRunActive
L 01/07/2026 - 15:08:53: [SM]   [2] Line 36, C:\Users\Moises\Downloads\Compressed\sourcemod-1.11.0-git6968-windows\addons\sourcemod\scripting\馻nkrunFixhealth.sp::Timer_PeriodicCheck
L 01/07/2026 - 15:08:55: [SM] Exception reported: Invalid convar handle 0 (error 4)
L 01/07/2026 - 15:08:55: [SM] Blaming: 馻nkrunFixhealth.smx
L 01/07/2026 - 15:08:55: [SM] Call stack trace:
L 01/07/2026 - 15:08:55: [SM]   [0] GetConVarString
L 01/07/2026 - 15:08:55: [SM]   [1] Line 138, C:\Users\Moises\Downloads\Compressed\sourcemod-1.11.0-git6968-windows\addons\sourcemod\scripting\馻nkrunFixhealth.sp::IsTankRunActive
L 01/07/2026 - 15:08:55: [SM]   [2] Line 79, C:\Users\Moises\Downloads\Compressed\sourcemod-1.11.0-git6968-windows\addons\sourcemod\scripting\馻nkrunFixhealth.sp::Event_PlayerDeath
L 01/07/2026 - 15:08:56: [SM] Exception reported: Invalid convar handle 0 (error 4)
L 01/07/2026 - 15:08:56: [SM] Blaming: 馻nkrunFixhealth.smx
L 01/07/2026 - 15:08:56: [SM] Call stack trace:
L 01/07/2026 - 15:08:56: [SM]   [0] GetConVarString
L 01/07/2026 - 15:08:56: [SM]   [1] Line 138, C:\Users\Moises\Downloads\Compressed\sourcemod-1.11.0-git6968-windows\addons\sourcemod\scripting\馻nkrunFixhealth.sp::IsTankRunActive
L 01/07/2026 - 15:08:56: [SM]   [2] Line 79, C:\Users\Moises\Downloads\Compressed\sourcemod-1.11.0-git6968-windows\addons\sourcemod\scripting\馻nkrunFixhealth.sp::Event_PlayerDeath
L 01/07/2026 - 15:08:57: [SM] Exception reported: Invalid convar handle 0 (error 4)
L 01/07/2026 - 15:08:57: [SM] Blaming: 馻nkrunFixhealth.smx
L 01/07/2026 - 15:08:57: [SM] Call stack trace:
L 01/07/2026 - 15:08:57: [SM]   [0] GetConVarString
L 01/07/2026 - 15:08:57: [SM]   [1] Line 138, C:\Users\Moises\Downloads\Compressed\sourcemod-1.11.0-git6968-windows\addons\sourcemod\scripting\馻nkrunFixhealth.sp::IsTankRunActive
L 01/07/2026 - 15:08:57: [SM]   [2] Line 79, C:\Users\Moises\Downloads\Compressed\sourcemod-1.11.0-git6968-windows\addons\sourcemod\scripting\馻nkrunFixhealth.sp::Event_PlayerDeath
L 01/07/2026 - 15:08:57: [SM] Exception reported: Invalid convar handle 0 (error 4)
L 01/07/2026 - 15:08:57: [SM] Blaming: 馻nkrunFixhealth.smx
L 01/07/2026 - 15:08:57: [SM] Call stack trace:
L 01/07/2026 - 15:08:57: [SM]   [0] GetConVarString
L 01/07/2026 - 15:08:57: [SM]   [1] Line 138, C:\Users\Moises\Downloads\Compressed\sourcemod-1.11.0-git6968-windows\addons\sourcemod\scripting\馻nkrunFixhealth.sp::IsTankRunActive
L 01/07/2026 - 15:08:57: [SM]   [2] Line 79, C:\Users\Moises\Downloads\Compressed\sourcemod-1.11.0-git6968-windows\addons\sourcemod\scripting\馻nkrunFixhealth.sp::Event_PlayerDeath
L 01/07/2026 - 15:08:58: [SM] Exception reported: Invalid convar handle 0 (error 4)
L 01/07/2026 - 15:08:58: [SM] Blaming: 馻nkrunFixhealth.smx
L 01/07/2026 - 15:08:58: [SM] Call stack trace:
L 01/07/2026 - 15:08:58: [SM]   [0] GetConVarString
L 01/07/2026 - 15:08:58: [SM]   [1] Line 138, C:\Users\Moises\Downloads\Compressed\sourcemod-1.11.0-git6968-windows\addons\sourcemod\scripting\馻nkrunFixhealth.sp::IsTankRunActive
L 01/07/2026 - 15:08:58: [SM]   [2] Line 79, C:\Users\Moises\Downloads\Compressed\sourcemod-1.11.0-git6968-windows\addons\sourcemod\scripting\馻nkrunFixhealth.sp::Event_PlayerDeath
L 01/07/2026 - 15:08:58: [SM] Exception reported: Invalid convar handle 0 (error 4)
L 01/07/2026 - 15:08:58: [SM] Blaming: 馻nkrunFixhealth.smx
L 01/07/2026 - 15:08:58: [SM] Call stack trace:
L 01/07/2026 - 15:08:58: [SM]   [0] GetConVarString
L 01/07/2026 - 15:08:58: [SM]   [1] Line 138, C:\Users\Moises\Downloads\Compressed\sourcemod-1.11.0-git6968-windows\addons\sourcemod\scripting\馻nkrunFixhealth.sp::IsTankRunActive
L 01/07/2026 - 15:08:58: [SM]   [2] Line 79, C:\Users\Moises\Downloads\Compressed\sourcemod-1.11.0-git6968-windows\addons\sourcemod\scripting\馻nkrunFixhealth.sp::Event_PlayerDeath
L 01/07/2026 - 15:08:59: [SM] Exception reported: Invalid convar handle 0 (error 4)
L 01/07/2026 - 15:08:59: [SM] Blaming: 馻nkrunFixhealth.smx
L 01/07/2026 - 15:08:59: [SM] Call stack trace:
L 01/07/2026 - 15:08:59: [SM]   [0] GetConVarString
L 01/07/2026 - 15:08:59: [SM]   [1] Line 138, C:\Users\Moises\Downloads\Compressed\sourcemod-1.11.0-git6968-windows\addons\sourcemod\scripting\馻nkrunFixhealth.sp::IsTankRunActive
L 01/07/2026 - 15:08:59: [SM]   [2] Line 79, C:\Users\Moises\Downloads\Compressed\sourcemod-1.11.0-git6968-windows\addons\sourcemod\scripting\馻nkrunFixhealth.sp::Event_PlayerDeath
L 01/07/2026 - 15:09:00: [SM] Exception reported: Invalid convar handle 0 (error 4)
L 01/07/2026 - 15:09:00: [SM] Blaming: 馻nkrunFixhealth.smx
L 01/07/2026 - 15:09:00: [SM] Call stack trace:
L 01/07/2026 - 15:09:00: [SM]   [0] GetConVarString
L 01/07/2026 - 15:09:00: [SM]   [1] Line 138, C:\Users\Moises\Downloads\Compressed\sourcemod-1.11.0-git6968-windows\addons\sourcemod\scripting\馻nkrunFixhealth.sp::IsTankRunActive
L 01/07/2026 - 15:09:00: [SM]   [2] Line 79, C:\Users\Moises\Downloads\Compressed\sourcemod-1.11.0-git6968-windows\addons\sourcemod\scripting\馻nkrunFixhealth.sp::Event_PlayerDeath
L 01/07/2026 - 15:09:00: [SM] Exception reported: Invalid convar handle 0 (error 4)
L 01/07/2026 - 15:09:00: [SM] Blaming: 馻nkrunFixhealth.smx
L 01/07/2026 - 15:09:00: [SM] Call stack trace:
L 01/07/2026 - 15:09:00: [SM]   [0] GetConVarString
L 01/07/2026 - 15:09:00: [SM]   [1] Line 138, C:\Users\Moises\Downloads\Compressed\sourcemod-1.11.0-git6968-windows\addons\sourcemod\scripting\馻nkrunFixhealth.sp::IsTankRunActive
L 01/07/2026 - 15:09:00: [SM]   [2] Line 79, C:\Users\Moises\Downloads\Compressed\sourcemod-1.11.0-git6968-windows\addons\sourcemod\scripting\馻nkrunFixhealth.sp::Event_PlayerDeath
L 01/07/2026 - 15:09:00: [SM] Exception reported: Invalid convar handle 0 (error 4)
L 01/07/2026 - 15:09:00: [SM] Blaming: 馻nkrunFixhealth.smx
L 01/07/2026 - 15:09:00: [SM] Call stack trace:
L 01/07/2026 - 15:09:00: [SM]   [0] GetConVarString
L 01/07/2026 - 15:09:00: [SM]   [1] Line 138, C:\Users\Moises\Downloads\Compressed\sourcemod-1.11.0-git6968-windows\addons\sourcemod\scripting\馻nkrunFixhealth.sp::IsTankRunActive
L 01/07/2026 - 15:09:00: [SM]   [2] Line 79, C:\Users\Moises\Downloads\Compressed\sourcemod-1.11.0-git6968-windows\addons\sourcemod\scripting\馻nkrunFixhealth.sp::Event_PlayerDeath
L 01/07/2026 - 15:09:01: [SM] Exception reported: Invalid convar handle 0 (error 4)
L 01/07/2026 - 15:09:01: [SM] Blaming: 馻nkrunFixhealth.smx
L 01/07/2026 - 15:09:01: [SM] Call stack trace:
L 01/07/2026 - 15:09:01: [SM]   [0] GetConVarString
L 01/07/2026 - 15:09:01: [SM]   [1] Line 138, C:\Users\Moises\Downloads\Compressed\sourcemod-1.11.0-git6968-windows\addons\sourcemod\scripting\馻nkrunFixhealth.sp::IsTankRunActive
L 01/07/2026 - 15:09:01: [SM]   [2] Line 79, C:\Users\Moises\Downloads\Compressed\sourcemod-1.11.0-git6968-windows\addons\sourcemod\scripting\馻nkrunFixhealth.sp::Event_PlayerDeath
L 01/07/2026 - 15:09:03: [SM] Exception reported: Invalid convar handle 0 (error 4)
L 01/07/2026 - 15:09:03: [SM] Blaming: 馻nkrunFixhealth.smx
L 01/07/2026 - 15:09:03: [SM] Call stack trace:
L 01/07/2026 - 15:09:03: [SM]   [0] GetConVarString
L 01/07/2026 - 15:09:03: [SM]   [1] Line 138, C:\Users\Moises\Downloads\Compressed\sourcemod-1.11.0-git6968-windows\addons\sourcemod\scripting\馻nkrunFixhealth.sp::IsTankRunActive
L 01/07/2026 - 15:09:03: [SM]   [2] Line 36, C:\Users\Moises\Downloads\Compressed\sourcemod-1.11.0-git6968-windows\addons\sourcemod\scripting\馻nkrunFixhealth.sp::Timer_PeriodicCheck
L 01/07/2026 - 15:09:05: [SM] Exception reported: Invalid convar handle 0 (error 4)
L 01/07/2026 - 15:09:05: [SM] Blaming: 馻nkrunFixhealth.smx
L 01/07/2026 - 15:09:05: [SM] Call stack trace:
L 01/07/2026 - 15:09:05: [SM]   [0] GetConVarString
L 01/07/2026 - 15:09:05: [SM]   [1] Line 138, C:\Users\Moises\Downloads\Compressed\sourcemod-1.11.0-git6968-windows\addons\sourcemod\scripting\馻nkrunFixhealth.sp::IsTankRunActive
L 01/07/2026 - 15:09:05: [SM]   [2] Line 79, C:\Users\Moises\Downloads\Compressed\sourcemod-1.11.0-git6968-windows\addons\sourcemod\scripting\馻nkrunFixhealth.sp::Event_PlayerDeath
L 01/07/2026 - 15:09:05: [SM] Exception reported: Invalid convar handle 0 (error 4)
L 01/07/2026 - 15:09:05: [SM] Blaming: 馻nkrunFixhealth.smx
L 01/07/2026 - 15:09:05: [SM] Call stack trace:
L 01/07/2026 - 15:09:05: [SM]   [0] GetConVarString
L 01/07/2026 - 15:09:05: [SM]   [1] Line 138, C:\Users\Moises\Downloads\Compressed\sourcemod-1.11.0-git6968-windows\addons\sourcemod\scripting\馻nkrunFixhealth.sp::IsTankRunActive
L 01/07/2026 - 15:09:05: [SM]   [2] Line 79, C:\Users\Moises\Downloads\Compressed\sourcemod-1.11.0-git6968-windows\addons\sourcemod\scripting\馻nkrunFixhealth.sp::Event_PlayerDeath
L 01/07/2026 - 15:09:05: [SM] Exception reported: Invalid convar handle 0 (error 4)
L 01/07/2026 - 15:09:05: [SM] Blaming: 馻nkrunFixhealth.smx
L 01/07/2026 - 15:09:05: [SM] Call stack trace:
L 01/07/2026 - 15:09:05: [SM]   [0] GetConVarString
L 01/07/2026 - 15:09:05: [SM]   [1] Line 138, C:\Users\Moises\Downloads\Compressed\sourcemod-1.11.0-git6968-windows\addons\sourcemod\scripting\馻nkrunFixhealth.sp::IsTankRunActive
L 01/07/2026 - 15:09:05: [SM]   [2] Line 79, C:\Users\Moises\Downloads\Compressed\sourcemod-1.11.0-git6968-windows\addons\sourcemod\scripting\馻nkrunFixhealth.sp::Event_PlayerDeath
L 01/07/2026 - 15:09:10: [SM] Exception reported: Invalid convar handle 0 (error 4)
L 01/07/2026 - 15:09:10: [SM] Blaming: 馻nkrunFixhealth.smx
L 01/07/2026 - 15:09:10: [SM] Call stack trace:
L 01/07/2026 - 15:09:10: [SM]   [0] GetConVarString
L 01/07/2026 - 15:09:10: [SM]   [1] Line 138, C:\Users\Moises\Downloads\Compressed\sourcemod-1.11.0-git6968-windows\addons\sourcemod\scripting\馻nkrunFixhealth.sp::IsTankRunActive
L 01/07/2026 - 15:09:10: [SM]   [2] Line 79, C:\Users\Moises\Downloads\Compressed\sourcemod-1.11.0-git6968-windows\addons\sourcemod\scripting\馻nkrunFixhealth.sp::Event_PlayerDeath
L 01/07/2026 - 15:09:12: [SM] Exception reported: Invalid convar handle 0 (error 4)
L 01/07/2026 - 15:09:12: [SM] Blaming: 馻nkrunFixhealth.smx
L 01/07/2026 - 15:09:12: [SM] Call stack trace:
L 01/07/2026 - 15:09:12: [SM]   [0] GetConVarString
L 01/07/2026 - 15:09:12: [SM]   [1] Line 138, C:\Users\Moises\Downloads\Compressed\sourcemod-1.11.0-git6968-windows\addons\sourcemod\scripting\馻nkrunFixhealth.sp::IsTankRunActive
L 01/07/2026 - 15:09:12: [SM]   [2] Line 79, C:\Users\Moises\Downloads\Compressed\sourcemod-1.11.0-git6968-windows\addons\sourcemod\scripting\馻nkrunFixhealth.sp::Event_PlayerDeath
L 01/07/2026 - 15:09:13: [SM] Exception reported: Invalid convar handle 0 (error 4)
L 01/07/2026 - 15:09:13: [SM] Blaming: 馻nkrunFixhealth.smx
L 01/07/2026 - 15:09:13: [SM] Call stack trace:
L 01/07/2026 - 15:09:13: [SM]   [0] GetConVarString
L 01/07/2026 - 15:09:13: [SM]   [1] Line 138, C:\Users\Moises\Downloads\Compressed\sourcemod-1.11.0-git6968-windows\addons\sourcemod\scripting\馻nkrunFixhealth.sp::IsTankRunActive
L 01/07/2026 - 15:09:13: [SM]   [2] Line 79, C:\Users\Moises\Downloads\Compressed\sourcemod-1.11.0-git6968-windows\addons\sourcemod\scripting\馻nkrunFixhealth.sp::Event_PlayerDeath
L 01/07/2026 - 15:09:13: [SM] Exception reported: Invalid convar handle 0 (error 4)
L 01/07/2026 - 15:09:13: [SM] Blaming: 馻nkrunFixhealth.smx
L 01/07/2026 - 15:09:13: [SM] Call stack trace:
L 01/07/2026 - 15:09:13: [SM]   [0] GetConVarString
L 01/07/2026 - 15:09:13: [SM]   [1] Line 138, C:\Users\Moises\Downloads\Compressed\sourcemod-1.11.0-git6968-windows\addons\sourcemod\scripting\馻nkrunFixhealth.sp::IsTankRunActive
L 01/07/2026 - 15:09:13: [SM]   [2] Line 36, C:\Users\Moises\Downloads\Compressed\sourcemod-1.11.0-git6968-windows\addons\sourcemod\scripting\馻nkrunFixhealth.sp::Timer_PeriodicCheck
L 01/07/2026 - 15:09:23: [SM] Exception reported: Invalid convar handle 0 (error 4)
L 01/07/2026 - 15:09:23: [SM] Blaming: 馻nkrunFixhealth.smx
L 01/07/2026 - 15:09:23: [SM] Call stack trace:
L 01/07/2026 - 15:09:23: [SM]   [0] GetConVarString
L 01/07/2026 - 15:09:23: [SM]   [1] Line 138, C:\Users\Moises\Downloads\Compressed\sourcemod-1.11.0-git6968-windows\addons\sourcemod\scripting\馻nkrunFixhealth.sp::IsTankRunActive
L 01/07/2026 - 15:09:23: [SM]   [2] Line 36, C:\Users\Moises\Downloads\Compressed\sourcemod-1.11.0-git6968-windows\addons\sourcemod\scripting\馻nkrunFixhealth.sp::Timer_PeriodicCheck
L 01/07/2026 - 15:09:26: [SM] Exception reported: Invalid convar handle 0 (error 4)
L 01/07/2026 - 15:09:26: [SM] Blaming: 馻nkrunFixhealth.smx
L 01/07/2026 - 15:09:26: [SM] Call stack trace:
L 01/07/2026 - 15:09:26: [SM]   [0] GetConVarString
L 01/07/2026 - 15:09:26: [SM]   [1] Line 138, C:\Users\Moises\Downloads\Compressed\sourcemod-1.11.0-git6968-windows\addons\sourcemod\scripting\馻nkrunFixhealth.sp::IsTankRunActive
L 01/07/2026 - 15:09:26: [SM]   [2] Line 79, C:\Users\Moises\Downloads\Compressed\sourcemod-1.11.0-git6968-windows\addons\sourcemod\scripting\馻nkrunFixhealth.sp::Event_PlayerDeath
L 01/07/2026 - 15:09:33: [SM] Exception reported: Invalid convar handle 0 (error 4)
L 01/07/2026 - 15:09:33: [SM] Blaming: 馻nkrunFixhealth.smx
L 01/07/2026 - 15:09:33: [SM] Call stack trace:
L 01/07/2026 - 15:09:33: [SM]   [0] GetConVarString
L 01/07/2026 - 15:09:33: [SM]   [1] Line 138, C:\Users\Moises\Downloads\Compressed\sourcemod-1.11.0-git6968-windows\addons\sourcemod\scripting\馻nkrunFixhealth.sp::IsTankRunActive
L 01/07/2026 - 15:09:33: [SM]   [2] Line 36, C:\Users\Moises\Downloads\Compressed\sourcemod-1.11.0-git6968-windows\addons\sourcemod\scripting\馻nkrunFixhealth.sp::Timer_PeriodicCheck
L 01/07/2026 - 15:09:39: [SM] Exception reported: Invalid convar handle 0 (error 4)
L 01/07/2026 - 15:09:39: [SM] Blaming: 馻nkrunFixhealth.smx
L 01/07/2026 - 15:09:39: [SM] Call stack trace:
L 01/07/2026 - 15:09:39: [SM]   [0] GetConVarString
L 01/07/2026 - 15:09:39: [SM]   [1] Line 138, C:\Users\Moises\Downloads\Compressed\sourcemod-1.11.0-git6968-windows\addons\sourcemod\scripting\馻nkrunFixhealth.sp::IsTankRunActive
L 01/07/2026 - 15:09:39: [SM]   [2] Line 79, C:\Users\Moises\Downloads\Compressed\sourcemod-1.11.0-git6968-windows\addons\sourcemod\scripting\馻nkrunFixhealth.sp::Event_PlayerDeath
L 01/07/2026 - 15:09:40: [SM] Exception reported: Invalid convar handle 0 (error 4)
L 01/07/2026 - 15:09:40: [SM] Blaming: 馻nkrunFixhealth.smx
L 01/07/2026 - 15:09:40: [SM] Call stack trace:
L 01/07/2026 - 15:09:40: [SM]   [0] GetConVarString
L 01/07/2026 - 15:09:40: [SM]   [1] Line 138, C:\Users\Moises\Downloads\Compressed\sourcemod-1.11.0-git6968-windows\addons\sourcemod\scripting\馻nkrunFixhealth.sp::IsTankRunActive
L 01/07/2026 - 15:09:40: [SM]   [2] Line 79, C:\Users\Moises\Downloads\Compressed\sourcemod-1.11.0-git6968-windows\addons\sourcemod\scripting\馻nkrunFixhealth.sp::Event_PlayerDeath
L 01/07/2026 - 15:09:41: [SM] Exception reported: Invalid convar handle 0 (error 4)
L 01/07/2026 - 15:09:41: [SM] Blaming: 馻nkrunFixhealth.smx
L 01/07/2026 - 15:09:41: [SM] Call stack trace:
L 01/07/2026 - 15:09:41: [SM]   [0] GetConVarString
L 01/07/2026 - 15:09:41: [SM]   [1] Line 138, C:\Users\Moises\Downloads\Compressed\sourcemod-1.11.0-git6968-windows\addons\sourcemod\scripting\馻nkrunFixhealth.sp::IsTankRunActive
L 01/07/2026 - 15:09:41: [SM]   [2] Line 79, C:\Users\Moises\Downloads\Compressed\sourcemod-1.11.0-git6968-windows\addons\sourcemod\scripting\馻nkrunFixhealth.sp::Event_PlayerDeath
L 01/07/2026 - 15:09:42: [SM] Exception reported: Invalid convar handle 0 (error 4)
L 01/07/2026 - 15:09:42: [SM] Blaming: 馻nkrunFixhealth.smx
L 01/07/2026 - 15:09:42: [SM] Call stack trace:
L 01/07/2026 - 15:09:42: [SM]   [0] GetConVarString
L 01/07/2026 - 15:09:42: [SM]   [1] Line 138, C:\Users\Moises\Downloads\Compressed\sourcemod-1.11.0-git6968-windows\addons\sourcemod\scripting\馻nkrunFixhealth.sp::IsTankRunActive
L 01/07/2026 - 15:09:42: [SM]   [2] Line 79, C:\Users\Moises\Downloads\Compressed\sourcemod-1.11.0-git6968-windows\addons\sourcemod\scripting\馻nkrunFixhealth.sp::Event_PlayerDeath
L 01/07/2026 - 15:09:42: [SM] Exception reported: Invalid convar handle 0 (error 4)
L 01/07/2026 - 15:09:42: [SM] Blaming: 馻nkrunFixhealth.smx
L 01/07/2026 - 15:09:42: [SM] Call stack trace:
L 01/07/2026 - 15:09:42: [SM]   [0] GetConVarString
L 01/07/2026 - 15:09:42: [SM]   [1] Line 138, C:\Users\Moises\Downloads\Compressed\sourcemod-1.11.0-git6968-windows\addons\sourcemod\scripting\馻nkrunFixhealth.sp::IsTankRunActive
L 01/07/2026 - 15:09:42: [SM]   [2] Line 79, C:\Users\Moises\Downloads\Compressed\sourcemod-1.11.0-git6968-windows\addons\sourcemod\scripting\馻nkrunFixhealth.sp::Event_PlayerDeath
L 01/07/2026 - 15:09:43: [SM] Exception reported: Invalid convar handle 0 (error 4)
L 01/07/2026 - 15:09:43: [SM] Blaming: 馻nkrunFixhealth.smx
L 01/07/2026 - 15:09:43: [SM] Call stack trace:
L 01/07/2026 - 15:09:43: [SM]   [0] GetConVarString
L 01/07/2026 - 15:09:43: [SM]   [1] Line 138, C:\Users\Moises\Downloads\Compressed\sourcemod-1.11.0-git6968-windows\addons\sourcemod\scripting\馻nkrunFixhealth.sp::IsTankRunActive
L 01/07/2026 - 15:09:43: [SM]   [2] Line 36, C:\Users\Moises\Downloads\Compressed\sourcemod-1.11.0-git6968-windows\addons\sourcemod\scripting\馻nkrunFixhealth.sp::Timer_PeriodicCheck
L 01/07/2026 - 15:09:45: [SM] Exception reported: Invalid convar handle 0 (error 4)
L 01/07/2026 - 15:09:45: [SM] Blaming: 馻nkrunFixhealth.smx
L 01/07/2026 - 15:09:45: [SM] Call stack trace:
L 01/07/2026 - 15:09:45: [SM]   [0] GetConVarString
L 01/07/2026 - 15:09:45: [SM]   [1] Line 138, C:\Users\Moises\Downloads\Compressed\sourcemod-1.11.0-git6968-windows\addons\sourcemod\scripting\馻nkrunFixhealth.sp::IsTankRunActive
L 01/07/2026 - 15:09:45: [SM]   [2] Line 79, C:\Users\Moises\Downloads\Compressed\sourcemod-1.11.0-git6968-windows\addons\sourcemod\scripting\馻nkrunFixhealth.sp::Event_PlayerDeath
L 01/07/2026 - 15:09:45: [SM] Exception reported: Invalid convar handle 0 (error 4)
L 01/07/2026 - 15:09:45: [SM] Blaming: 馻nkrunFixhealth.smx
L 01/07/2026 - 15:09:45: [SM] Call stack trace:
L 01/07/2026 - 15:09:45: [SM]   [0] GetConVarString
L 01/07/2026 - 15:09:45: [SM]   [1] Line 138, C:\Users\Moises\Downloads\Compressed\sourcemod-1.11.0-git6968-windows\addons\sourcemod\scripting\馻nkrunFixhealth.sp::IsTankRunActive
L 01/07/2026 - 15:09:45: [SM]   [2] Line 79, C:\Users\Moises\Downloads\Compressed\sourcemod-1.11.0-git6968-windows\addons\sourcemod\scripting\馻nkrunFixhealth.sp::Event_PlayerDeath
L 01/07/2026 - 15:09:45: [SM] Exception reported: Invalid convar handle 0 (error 4)
L 01/07/2026 - 15:09:45: [SM] Blaming: 馻nkrunFixhealth.smx
L 01/07/2026 - 15:09:45: [SM] Call stack trace:
L 01/07/2026 - 15:09:45: [SM]   [0] GetConVarString
L 01/07/2026 - 15:09:45: [SM]   [1] Line 138, C:\Users\Moises\Downloads\Compressed\sourcemod-1.11.0-git6968-windows\addons\sourcemod\scripting\馻nkrunFixhealth.sp::IsTankRunActive
L 01/07/2026 - 15:09:45: [SM]   [2] Line 79, C:\Users\Moises\Downloads\Compressed\sourcemod-1.11.0-git6968-windows\addons\sourcemod\scripting\馻nkrunFixhealth.sp::Event_PlayerDeath
L 01/07/2026 - 15:09:47: [SM] Exception reported: Invalid convar handle 0 (error 4)
L 01/07/2026 - 15:09:47: [SM] Blaming: 馻nkrunFixhealth.smx
L 01/07/2026 - 15:09:47: [SM] Call stack trace:
L 01/07/2026 - 15:09:47: [SM]   [0] GetConVarString
L 01/07/2026 - 15:09:47: [SM]   [1] Line 138, C:\Users\Moises\Downloads\Compressed\sourcemod-1.11.0-git6968-windows\addons\sourcemod\scripting\馻nkrunFixhealth.sp::IsTankRunActive
L 01/07/2026 - 15:09:47: [SM]   [2] Line 79, C:\Users\Moises\Downloads\Compressed\sourcemod-1.11.0-git6968-windows\addons\sourcemod\scripting\馻nkrunFixhealth.sp::Event_PlayerDeath
L 01/07/2026 - 15:09:50: [SM] Exception reported: Invalid convar handle 0 (error 4)
L 01/07/2026 - 15:09:50: [SM] Blaming: 馻nkrunFixhealth.smx
L 01/07/2026 - 15:09:50: [SM] Call stack trace:
L 01/07/2026 - 15:09:50: [SM]   [0] GetConVarString
L 01/07/2026 - 15:09:50: [SM]   [1] Line 138, C:\Users\Moises\Downloads\Compressed\sourcemod-1.11.0-git6968-windows\addons\sourcemod\scripting\馻nkrunFixhealth.sp::IsTankRunActive
L 01/07/2026 - 15:09:50: [SM]   [2] Line 79, C:\Users\Moises\Downloads\Compressed\sourcemod-1.11.0-git6968-windows\addons\sourcemod\scripting\馻nkrunFixhealth.sp::Event_PlayerDeath
L 01/07/2026 - 15:09:51: [SM] Exception reported: Invalid convar handle 0 (error 4)
L 01/07/2026 - 15:09:51: [SM] Blaming: 馻nkrunFixhealth.smx
L 01/07/2026 - 15:09:51: [SM] Call stack trace:
L 01/07/2026 - 15:09:51: [SM]   [0] GetConVarString
L 01/07/2026 - 15:09:51: [SM]   [1] Line 138, C:\Users\Moises\Downloads\Compressed\sourcemod-1.11.0-git6968-windows\addons\sourcemod\scripting\馻nkrunFixhealth.sp::IsTankRunActive
L 01/07/2026 - 15:09:51: [SM]   [2] Line 79, C:\Users\Moises\Downloads\Compressed\sourcemod-1.11.0-git6968-windows\addons\sourcemod\scripting\馻nkrunFixhealth.sp::Event_PlayerDeath
L 01/07/2026 - 15:09:52: [SM] Exception reported: Invalid convar handle 0 (error 4)
L 01/07/2026 - 15:09:52: [SM] Blaming: 馻nkrunFixhealth.smx
L 01/07/2026 - 15:09:52: [SM] Call stack trace:
L 01/07/2026 - 15:09:52: [SM]   [0] GetConVarString
L 01/07/2026 - 15:09:52: [SM]   [1] Line 138, C:\Users\Moises\Downloads\Compressed\sourcemod-1.11.0-git6968-windows\addons\sourcemod\scripting\馻nkrunFixhealth.sp::IsTankRunActive
L 01/07/2026 - 15:09:52: [SM]   [2] Line 79, C:\Users\Moises\Downloads\Compressed\sourcemod-1.11.0-git6968-windows\addons\sourcemod\scripting\馻nkrunFixhealth.sp::Event_PlayerDeath
L 01/07/2026 - 15:09:52: [SM] Exception reported: Invalid convar handle 0 (error 4)
L 01/07/2026 - 15:09:52: [SM] Blaming: 馻nkrunFixhealth.smx
L 01/07/2026 - 15:09:52: [SM] Call stack trace:
L 01/07/2026 - 15:09:52: [SM]   [0] GetConVarString
L 01/07/2026 - 15:09:52: [SM]   [1] Line 138, C:\Users\Moises\Downloads\Compressed\sourcemod-1.11.0-git6968-windows\addons\sourcemod\scripting\馻nkrunFixhealth.sp::IsTankRunActive
L 01/07/2026 - 15:09:52: [SM]   [2] Line 79, C:\Users\Moises\Downloads\Compressed\sourcemod-1.11.0-git6968-windows\addons\sourcemod\scripting\馻nkrunFixhealth.sp::Event_PlayerDeath
L 01/07/2026 - 15:09:53: [SM] Exception reported: Invalid convar handle 0 (error 4)
L 01/07/2026 - 15:09:53: [SM] Blaming: 馻nkrunFixhealth.smx
L 01/07/2026 - 15:09:53: [SM] Call stack trace:
L 01/07/2026 - 15:09:53: [SM]   [0] GetConVarString
L 01/07/2026 - 15:09:53: [SM]   [1] Line 138, C:\Users\Moises\Downloads\Compressed\sourcemod-1.11.0-git6968-windows\addons\sourcemod\scripting\馻nkrunFixhealth.sp::IsTankRunActive
L 01/07/2026 - 15:09:53: [SM]   [2] Line 36, C:\Users\Moises\Downloads\Compressed\sourcemod-1.11.0-git6968-windows\addons\sourcemod\scripting\馻nkrunFixhealth.sp::Timer_PeriodicCheck
L 01/07/2026 - 15:09:53: [SM] Exception reported: Invalid convar handle 0 (error 4)
L 01/07/2026 - 15:09:53: [SM] Blaming: 馻nkrunFixhealth.smx
L 01/07/2026 - 15:09:53: [SM] Call stack trace:
L 01/07/2026 - 15:09:53: [SM]   [0] GetConVarString
L 01/07/2026 - 15:09:53: [SM]   [1] Line 138, C:\Users\Moises\Downloads\Compressed\sourcemod-1.11.0-git6968-windows\addons\sourcemod\scripting\馻nkrunFixhealth.sp::IsTankRunActive
L 01/07/2026 - 15:09:53: [SM]   [2] Line 79, C:\Users\Moises\Downloads\Compressed\sourcemod-1.11.0-git6968-windows\addons\sourcemod\scripting\馻nkrunFixhealth.sp::Event_PlayerDeath
L 01/07/2026 - 15:09:54: [SM] Exception reported: Invalid convar handle 0 (error 4)
L 01/07/2026 - 15:09:54: [SM] Blaming: 馻nkrunFixhealth.smx
L 01/07/2026 - 15:09:54: [SM] Call stack trace:
L 01/07/2026 - 15:09:54: [SM]   [0] GetConVarString
L 01/07/2026 - 15:09:54: [SM]   [1] Line 138, C:\Users\Moises\Downloads\Compressed\sourcemod-1.11.0-git6968-windows\addons\sourcemod\scripting\馻nkrunFixhealth.sp::IsTankRunActive
L 01/07/2026 - 15:09:54: [SM]   [2] Line 79, C:\Users\Moises\Downloads\Compressed\sourcemod-1.11.0-git6968-windows\addons\sourcemod\scripting\馻nkrunFixhealth.sp::Event_PlayerDeath
L 01/07/2026 - 15:09:56: [SM] Exception reported: Invalid convar handle 0 (error 4)
L 01/07/2026 - 15:09:56: [SM] Blaming: 馻nkrunFixhealth.smx
L 01/07/2026 - 15:09:56: [SM] Call stack trace:
L 01/07/2026 - 15:09:56: [SM]   [0] GetConVarString
L 01/07/2026 - 15:09:56: [SM]   [1] Line 138, C:\Users\Moises\Downloads\Compressed\sourcemod-1.11.0-git6968-windows\addons\sourcemod\scripting\馻nkrunFixhealth.sp::IsTankRunActive
L 01/07/2026 - 15:09:56: [SM]   [2] Line 79, C:\Users\Moises\Downloads\Compressed\sourcemod-1.11.0-git6968-windows\addons\sourcemod\scripting\馻nkrunFixhealth.sp::Event_PlayerDeath
L 01/07/2026 - 15:09:56: [SM] Exception reported: Invalid convar handle 0 (error 4)
L 01/07/2026 - 15:09:56: [SM] Blaming: 馻nkrunFixhealth.smx
L 01/07/2026 - 15:09:56: [SM] Call stack trace:
L 01/07/2026 - 15:09:56: [SM]   [0] GetConVarString
L 01/07/2026 - 15:09:56: [SM]   [1] Line 138, C:\Users\Moises\Downloads\Compressed\sourcemod-1.11.0-git6968-windows\addons\sourcemod\scripting\馻nkrunFixhealth.sp::IsTankRunActive
L 01/07/2026 - 15:09:56: [SM]   [2] Line 79, C:\Users\Moises\Downloads\Compressed\sourcemod-1.11.0-git6968-windows\addons\sourcemod\scripting\馻nkrunFixhealth.sp::Event_PlayerDeath
L 01/07/2026 - 15:09:56: [SM] Exception reported: Invalid convar handle 0 (error 4)
L 01/07/2026 - 15:09:56: [SM] Blaming: 馻nkrunFixhealth.smx
L 01/07/2026 - 15:09:56: [SM] Call stack trace:
L 01/07/2026 - 15:09:56: [SM]   [0] GetConVarString
L 01/07/2026 - 15:09:56: [SM]   [1] Line 138, C:\Users\Moises\Downloads\Compressed\sourcemod-1.11.0-git6968-windows\addons\sourcemod\scripting\馻nkrunFixhealth.sp::IsTankRunActive
L 01/07/2026 - 15:09:56: [SM]   [2] Line 79, C:\Users\Moises\Downloads\Compressed\sourcemod-1.11.0-git6968-windows\addons\sourcemod\scripting\馻nkrunFixhealth.sp::Event_PlayerDeath
L 01/07/2026 - 15:09:57: [SM] Exception reported: Invalid convar handle 0 (error 4)
L 01/07/2026 - 15:09:57: [SM] Blaming: 馻nkrunFixhealth.smx
L 01/07/2026 - 15:09:57: [SM] Call stack trace:
L 01/07/2026 - 15:09:57: [SM]   [0] GetConVarString
L 01/07/2026 - 15:09:57: [SM]   [1] Line 138, C:\Users\Moises\Downloads\Compressed\sourcemod-1.11.0-git6968-windows\addons\sourcemod\scripting\馻nkrunFixhealth.sp::IsTankRunActive
L 01/07/2026 - 15:09:57: [SM]   [2] Line 79, C:\Users\Moises\Downloads\Compressed\sourcemod-1.11.0-git6968-windows\addons\sourcemod\scripting\馻nkrunFixhealth.sp::Event_PlayerDeath
L 01/07/2026 - 15:09:58: [SM] Exception reported: Invalid convar handle 0 (error 4)
L 01/07/2026 - 15:09:58: [SM] Blaming: 馻nkrunFixhealth.smx
L 01/07/2026 - 15:09:58: [SM] Call stack trace:
L 01/07/2026 - 15:09:58: [SM]   [0] GetConVarString
L 01/07/2026 - 15:09:58: [SM]   [1] Line 138, C:\Users\Moises\Downloads\Compressed\sourcemod-1.11.0-git6968-windows\addons\sourcemod\scripting\馻nkrunFixhealth.sp::IsTankRunActive
L 01/07/2026 - 15:09:58: [SM]   [2] Line 79, C:\Users\Moises\Downloads\Compressed\sourcemod-1.11.0-git6968-windows\addons\sourcemod\scripting\馻nkrunFixhealth.sp::Event_PlayerDeath
L 01/07/2026 - 15:09:58: [SM] Exception reported: Invalid convar handle 0 (error 4)
L 01/07/2026 - 15:09:58: [SM] Blaming: 馻nkrunFixhealth.smx
L 01/07/2026 - 15:09:58: [SM] Call stack trace:
L 01/07/2026 - 15:09:58: [SM]   [0] GetConVarString
L 01/07/2026 - 15:09:58: [SM]   [1] Line 138, C:\Users\Moises\Downloads\Compressed\sourcemod-1.11.0-git6968-windows\addons\sourcemod\scripting\馻nkrunFixhealth.sp::IsTankRunActive
L 01/07/2026 - 15:09:58: [SM]   [2] Line 79, C:\Users\Moises\Downloads\Compressed\sourcemod-1.11.0-git6968-windows\addons\sourcemod\scripting\馻nkrunFixhealth.sp::Event_PlayerDeath
L 01/07/2026 - 15:09:58: [SM] Exception reported: Invalid convar handle 0 (error 4)
L 01/07/2026 - 15:09:58: [SM] Blaming: 馻nkrunFixhealth.smx
L 01/07/2026 - 15:09:58: [SM] Call stack trace:
L 01/07/2026 - 15:09:58: [SM]   [0] GetConVarString
L 01/07/2026 - 15:09:58: [SM]   [1] Line 138, C:\Users\Moises\Downloads\Compressed\sourcemod-1.11.0-git6968-windows\addons\sourcemod\scripting\馻nkrunFixhealth.sp::IsTankRunActive
L 01/07/2026 - 15:09:58: [SM]   [2] Line 79, C:\Users\Moises\Downloads\Compressed\sourcemod-1.11.0-git6968-windows\addons\sourcemod\scripting\馻nkrunFixhealth.sp::Event_PlayerDeath
L 01/07/2026 - 15:10:03: [SM] Exception reported: Invalid convar handle 0 (error 4)
L 01/07/2026 - 15:10:03: [SM] Blaming: 馻nkrunFixhealth.smx
L 01/07/2026 - 15:10:03: [SM] Call stack trace:
L 01/07/2026 - 15:10:03: [SM]   [0] GetConVarString
L 01/07/2026 - 15:10:03: [SM]   [1] Line 138, C:\Users\Moises\Downloads\Compressed\sourcemod-1.11.0-git6968-windows\addons\sourcemod\scripting\馻nkrunFixhealth.sp::IsTankRunActive
L 01/07/2026 - 15:10:03: [SM]   [2] Line 79, C:\Users\Moises\Downloads\Compressed\sourcemod-1.11.0-git6968-windows\addons\sourcemod\scripting\馻nkrunFixhealth.sp::Event_PlayerDeath
L 01/07/2026 - 15:10:03: [SM] Exception reported: Invalid convar handle 0 (error 4)
L 01/07/2026 - 15:10:03: [SM] Blaming: 馻nkrunFixhealth.smx
L 01/07/2026 - 15:10:03: [SM] Call stack trace:
L 01/07/2026 - 15:10:03: [SM]   [0] GetConVarString
L 01/07/2026 - 15:10:03: [SM]   [1] Line 138, C:\Users\Moises\Downloads\Compressed\sourcemod-1.11.0-git6968-windows\addons\sourcemod\scripting\馻nkrunFixhealth.sp::IsTankRunActive
L 01/07/2026 - 15:10:03: [SM]   [2] Line 36, C:\Users\Moises\Downloads\Compressed\sourcemod-1.11.0-git6968-windows\addons\sourcemod\scripting\馻nkrunFixhealth.sp::Timer_PeriodicCheck
L 01/07/2026 - 15:10:04: [SM] Exception reported: Invalid convar handle 0 (error 4)
L 01/07/2026 - 15:10:04: [SM] Blaming: 馻nkrunFixhealth.smx
L 01/07/2026 - 15:10:04: [SM] Call stack trace:
L 01/07/2026 - 15:10:04: [SM]   [0] GetConVarString
L 01/07/2026 - 15:10:04: [SM]   [1] Line 138, C:\Users\Moises\Downloads\Compressed\sourcemod-1.11.0-git6968-windows\addons\sourcemod\scripting\馻nkrunFixhealth.sp::IsTankRunActive
L 01/07/2026 - 15:10:04: [SM]   [2] Line 79, C:\Users\Moises\Downloads\Compressed\sourcemod-1.11.0-git6968-windows\addons\sourcemod\scripting\馻nkrunFixhealth.sp::Event_PlayerDeath
L 01/07/2026 - 15:10:04: [SM] Exception reported: Invalid convar handle 0 (error 4)
L 01/07/2026 - 15:10:04: [SM] Blaming: 馻nkrunFixhealth.smx
L 01/07/2026 - 15:10:04: [SM] Call stack trace:
L 01/07/2026 - 15:10:04: [SM]   [0] GetConVarString
L 01/07/2026 - 15:10:04: [SM]   [1] Line 138, C:\Users\Moises\Downloads\Compressed\sourcemod-1.11.0-git6968-windows\addons\sourcemod\scripting\馻nkrunFixhealth.sp::IsTankRunActive
L 01/07/2026 - 15:10:04: [SM]   [2] Line 79, C:\Users\Moises\Downloads\Compressed\sourcemod-1.11.0-git6968-windows\addons\sourcemod\scripting\馻nkrunFixhealth.sp::Event_PlayerDeath
L 01/07/2026 - 15:10:13: [SM] Exception reported: Invalid convar handle 0 (error 4)
L 01/07/2026 - 15:10:13: [SM] Blaming: 馻nkrunFixhealth.smx
L 01/07/2026 - 15:10:13: [SM] Call stack trace:
L 01/07/2026 - 15:10:13: [SM]   [0] GetConVarString
L 01/07/2026 - 15:10:13: [SM]   [1] Line 138, C:\Users\Moises\Downloads\Compressed\sourcemod-1.11.0-git6968-windows\addons\sourcemod\scripting\馻nkrunFixhealth.sp::IsTankRunActive
L 01/07/2026 - 15:10:13: [SM]   [2] Line 36, C:\Users\Moises\Downloads\Compressed\sourcemod-1.11.0-git6968-windows\addons\sourcemod\scripting\馻nkrunFixhealth.sp::Timer_PeriodicCheck
L 01/07/2026 - 15:10:14: [SM] Exception reported: Invalid convar handle 0 (error 4)
L 01/07/2026 - 15:10:14: [SM] Blaming: 馻nkrunFixhealth.smx
L 01/07/2026 - 15:10:14: [SM] Call stack trace:
L 01/07/2026 - 15:10:14: [SM]   [0] GetConVarString
L 01/07/2026 - 15:10:14: [SM]   [1] Line 138, C:\Users\Moises\Downloads\Compressed\sourcemod-1.11.0-git6968-windows\addons\sourcemod\scripting\馻nkrunFixhealth.sp::IsTankRunActive
L 01/07/2026 - 15:10:14: [SM]   [2] Line 79, C:\Users\Moises\Downloads\Compressed\sourcemod-1.11.0-git6968-windows\addons\sourcemod\scripting\馻nkrunFixhealth.sp::Event_PlayerDeath
L 01/07/2026 - 15:10:15: [SM] Exception reported: Invalid convar handle 0 (error 4)
L 01/07/2026 - 15:10:15: [SM] Blaming: 馻nkrunFixhealth.smx
L 01/07/2026 - 15:10:15: [SM] Call stack trace:
L 01/07/2026 - 15:10:15: [SM]   [0] GetConVarString
L 01/07/2026 - 15:10:15: [SM]   [1] Line 138, C:\Users\Moises\Downloads\Compressed\sourcemod-1.11.0-git6968-windows\addons\sourcemod\scripting\馻nkrunFixhealth.sp::IsTankRunActive
L 01/07/2026 - 15:10:15: [SM]   [2] Line 79, C:\Users\Moises\Downloads\Compressed\sourcemod-1.11.0-git6968-windows\addons\sourcemod\scripting\馻nkrunFixhealth.sp::Event_PlayerDeath
L 01/07/2026 - 15:10:17: [SM] Exception reported: Invalid convar handle 0 (error 4)
L 01/07/2026 - 15:10:17: [SM] Blaming: 馻nkrunFixhealth.smx
L 01/07/2026 - 15:10:17: [SM] Call stack trace:
L 01/07/2026 - 15:10:17: [SM]   [0] GetConVarString
L 01/07/2026 - 15:10:17: [SM]   [1] Line 138, C:\Users\Moises\Downloads\Compressed\sourcemod-1.11.0-git6968-windows\addons\sourcemod\scripting\馻nkrunFixhealth.sp::IsTankRunActive
L 01/07/2026 - 15:10:17: [SM]   [2] Line 79, C:\Users\Moises\Downloads\Compressed\sourcemod-1.11.0-git6968-windows\addons\sourcemod\scripting\馻nkrunFixhealth.sp::Event_PlayerDeath
L 01/07/2026 - 15:10:18: [SM] Exception reported: Invalid convar handle 0 (error 4)
L 01/07/2026 - 15:10:18: [SM] Blaming: 馻nkrunFixhealth.smx
L 01/07/2026 - 15:10:18: [SM] Call stack trace:
L 01/07/2026 - 15:10:18: [SM]   [0] GetConVarString
L 01/07/2026 - 15:10:18: [SM]   [1] Line 138, C:\Users\Moises\Downloads\Compressed\sourcemod-1.11.0-git6968-windows\addons\sourcemod\scripting\馻nkrunFixhealth.sp::IsTankRunActive
L 01/07/2026 - 15:10:18: [SM]   [2] Line 79, C:\Users\Moises\Downloads\Compressed\sourcemod-1.11.0-git6968-windows\addons\sourcemod\scripting\馻nkrunFixhealth.sp::Event_PlayerDeath
L 01/07/2026 - 15:10:23: [SM] Exception reported: Invalid convar handle 0 (error 4)
L 01/07/2026 - 15:10:23: [SM] Blaming: 馻nkrunFixhealth.smx
L 01/07/2026 - 15:10:23: [SM] Call stack trace:
L 01/07/2026 - 15:10:23: [SM]   [0] GetConVarString
L 01/07/2026 - 15:10:23: [SM]   [1] Line 138, C:\Users\Moises\Downloads\Compressed\sourcemod-1.11.0-git6968-windows\addons\sourcemod\scripting\馻nkrunFixhealth.sp::IsTankRunActive
L 01/07/2026 - 15:10:23: [SM]   [2] Line 36, C:\Users\Moises\Downloads\Compressed\sourcemod-1.11.0-git6968-windows\addons\sourcemod\scripting\馻nkrunFixhealth.sp::Timer_PeriodicCheck
L 01/07/2026 - 15:10:29: [SM] Exception reported: Invalid convar handle 0 (error 4)
L 01/07/2026 - 15:10:29: [SM] Blaming: 馻nkrunFixhealth.smx
L 01/07/2026 - 15:10:29: [SM] Call stack trace:
L 01/07/2026 - 15:10:29: [SM]   [0] GetConVarString
L 01/07/2026 - 15:10:29: [SM]   [1] Line 138, C:\Users\Moises\Downloads\Compressed\sourcemod-1.11.0-git6968-windows\addons\sourcemod\scripting\馻nkrunFixhealth.sp::IsTankRunActive
L 01/07/2026 - 15:10:29: [SM]   [2] Line 79, C:\Users\Moises\Downloads\Compressed\sourcemod-1.11.0-git6968-windows\addons\sourcemod\scripting\馻nkrunFixhealth.sp::Event_PlayerDeath
L 01/07/2026 - 15:10:30: [SM] Exception reported: Invalid convar handle 0 (error 4)
L 01/07/2026 - 15:10:30: [SM] Blaming: 馻nkrunFixhealth.smx
L 01/07/2026 - 15:10:30: [SM] Call stack trace:
L 01/07/2026 - 15:10:30: [SM]   [0] GetConVarString
L 01/07/2026 - 15:10:30: [SM]   [1] Line 138, C:\Users\Moises\Downloads\Compressed\sourcemod-1.11.0-git6968-windows\addons\sourcemod\scripting\馻nkrunFixhealth.sp::IsTankRunActive
L 01/07/2026 - 15:10:30: [SM]   [2] Line 79, C:\Users\Moises\Downloads\Compressed\sourcemod-1.11.0-git6968-windows\addons\sourcemod\scripting\馻nkrunFixhealth.sp::Event_PlayerDeath
L 01/07/2026 - 15:10:30: [SM] Exception reported: Invalid convar handle 0 (error 4)
L 01/07/2026 - 15:10:30: [SM] Blaming: 馻nkrunFixhealth.smx
L 01/07/2026 - 15:10:30: [SM] Call stack trace:
L 01/07/2026 - 15:10:30: [SM]   [0] GetConVarString
L 01/07/2026 - 15:10:30: [SM]   [1] Line 138, C:\Users\Moises\Downloads\Compressed\sourcemod-1.11.0-git6968-windows\addons\sourcemod\scripting\馻nkrunFixhealth.sp::IsTankRunActive
L 01/07/2026 - 15:10:30: [SM]   [2] Line 79, C:\Users\Moises\Downloads\Compressed\sourcemod-1.11.0-git6968-windows\addons\sourcemod\scripting\馻nkrunFixhealth.sp::Event_PlayerDeath
L 01/07/2026 - 15:10:33: [SM] Exception reported: Invalid convar handle 0 (error 4)
L 01/07/2026 - 15:10:33: [SM] Blaming: 馻nkrunFixhealth.smx
L 01/07/2026 - 15:10:33: [SM] Call stack trace:
L 01/07/2026 - 15:10:33: [SM]   [0] GetConVarString
L 01/07/2026 - 15:10:33: [SM]   [1] Line 138, C:\Users\Moises\Downloads\Compressed\sourcemod-1.11.0-git6968-windows\addons\sourcemod\scripting\馻nkrunFixhealth.sp::IsTankRunActive
L 01/07/2026 - 15:10:33: [SM]   [2] Line 79, C:\Users\Moises\Downloads\Compressed\sourcemod-1.11.0-git6968-windows\addons\sourcemod\scripting\馻nkrunFixhealth.sp::Event_PlayerDeath
L 01/07/2026 - 15:10:33: [SM] Exception reported: Invalid convar handle 0 (error 4)
L 01/07/2026 - 15:10:33: [SM] Blaming: 馻nkrunFixhealth.smx
L 01/07/2026 - 15:10:33: [SM] Call stack trace:
L 01/07/2026 - 15:10:33: [SM]   [0] GetConVarString
L 01/07/2026 - 15:10:33: [SM]   [1] Line 138, C:\Users\Moises\Downloads\Compressed\sourcemod-1.11.0-git6968-windows\addons\sourcemod\scripting\馻nkrunFixhealth.sp::IsTankRunActive
L 01/07/2026 - 15:10:33: [SM]   [2] Line 36, C:\Users\Moises\Downloads\Compressed\sourcemod-1.11.0-git6968-windows\addons\sourcemod\scripting\馻nkrunFixhealth.sp::Timer_PeriodicCheck
L 01/07/2026 - 15:10:34: [SM] Exception reported: Invalid convar handle 0 (error 4)
L 01/07/2026 - 15:10:34: [SM] Blaming: 馻nkrunFixhealth.smx
L 01/07/2026 - 15:10:34: [SM] Call stack trace:
L 01/07/2026 - 15:10:34: [SM]   [0] GetConVarString
L 01/07/2026 - 15:10:34: [SM]   [1] Line 138, C:\Users\Moises\Downloads\Compressed\sourcemod-1.11.0-git6968-windows\addons\sourcemod\scripting\馻nkrunFixhealth.sp::IsTankRunActive
L 01/07/2026 - 15:10:34: [SM]   [2] Line 79, C:\Users\Moises\Downloads\Compressed\sourcemod-1.11.0-git6968-windows\addons\sourcemod\scripting\馻nkrunFixhealth.sp::Event_PlayerDeath
L 01/07/2026 - 15:10:35: [SM] Exception reported: Invalid convar handle 0 (error 4)
L 01/07/2026 - 15:10:35: [SM] Blaming: 馻nkrunFixhealth.smx
L 01/07/2026 - 15:10:35: [SM] Call stack trace:
L 01/07/2026 - 15:10:35: [SM]   [0] GetConVarString
L 01/07/2026 - 15:10:35: [SM]   [1] Line 138, C:\Users\Moises\Downloads\Compressed\sourcemod-1.11.0-git6968-windows\addons\sourcemod\scripting\馻nkrunFixhealth.sp::IsTankRunActive
L 01/07/2026 - 15:10:35: [SM]   [2] Line 79, C:\Users\Moises\Downloads\Compressed\sourcemod-1.11.0-git6968-windows\addons\sourcemod\scripting\馻nkrunFixhealth.sp::Event_PlayerDeath
L 01/07/2026 - 15:10:35: [SM] Exception reported: Invalid convar handle 0 (error 4)
L 01/07/2026 - 15:10:35: [SM] Blaming: 馻nkrunFixhealth.smx
L 01/07/2026 - 15:10:35: [SM] Call stack trace:
L 01/07/2026 - 15:10:35: [SM]   [0] GetConVarString
L 01/07/2026 - 15:10:35: [SM]   [1] Line 138, C:\Users\Moises\Downloads\Compressed\sourcemod-1.11.0-git6968-windows\addons\sourcemod\scripting\馻nkrunFixhealth.sp::IsTankRunActive
L 01/07/2026 - 15:10:35: [SM]   [2] Line 79, C:\Users\Moises\Downloads\Compressed\sourcemod-1.11.0-git6968-windows\addons\sourcemod\scripting\馻nkrunFixhealth.sp::Event_PlayerDeath
L 01/07/2026 - 15:10:37: [SM] Exception reported: Invalid convar handle 0 (error 4)
L 01/07/2026 - 15:10:37: [SM] Blaming: 馻nkrunFixhealth.smx
L 01/07/2026 - 15:10:37: [SM] Call stack trace:
L 01/07/2026 - 15:10:37: [SM]   [0] GetConVarString
L 01/07/2026 - 15:10:37: [SM]   [1] Line 138, C:\Users\Moises\Downloads\Compressed\sourcemod-1.11.0-git6968-windows\addons\sourcemod\scripting\馻nkrunFixhealth.sp::IsTankRunActive
L 01/07/2026 - 15:10:37: [SM]   [2] Line 79, C:\Users\Moises\Downloads\Compressed\sourcemod-1.11.0-git6968-windows\addons\sourcemod\scripting\馻nkrunFixhealth.sp::Event_PlayerDeath
L 01/07/2026 - 15:10:38: [SM] Exception reported: Invalid convar handle 0 (error 4)
L 01/07/2026 - 15:10:38: [SM] Blaming: 馻nkrunFixhealth.smx
L 01/07/2026 - 15:10:38: [SM] Call stack trace:
L 01/07/2026 - 15:10:38: [SM]   [0] GetConVarString
L 01/07/2026 - 15:10:38: [SM]   [1] Line 138, C:\Users\Moises\Downloads\Compressed\sourcemod-1.11.0-git6968-windows\addons\sourcemod\scripting\馻nkrunFixhealth.sp::IsTankRunActive
L 01/07/2026 - 15:10:38: [SM]   [2] Line 79, C:\Users\Moises\Downloads\Compressed\sourcemod-1.11.0-git6968-windows\addons\sourcemod\scripting\馻nkrunFixhealth.sp::Event_PlayerDeath
L 01/07/2026 - 15:10:40: [SM] Exception reported: Invalid convar handle 0 (error 4)
L 01/07/2026 - 15:10:40: [SM] Blaming: 馻nkrunFixhealth.smx
L 01/07/2026 - 15:10:40: [SM] Call stack trace:
L 01/07/2026 - 15:10:40: [SM]   [0] GetConVarString
L 01/07/2026 - 15:10:40: [SM]   [1] Line 138, C:\Users\Moises\Downloads\Compressed\sourcemod-1.11.0-git6968-windows\addons\sourcemod\scripting\馻nkrunFixhealth.sp::IsTankRunActive
L 01/07/2026 - 15:10:40: [SM]   [2] Line 79, C:\Users\Moises\Downloads\Compressed\sourcemod-1.11.0-git6968-windows\addons\sourcemod\scripting\馻nkrunFixhealth.sp::Event_PlayerDeath
L 01/07/2026 - 15:10:43: [SM] Exception reported: Invalid convar handle 0 (error 4)
L 01/07/2026 - 15:10:43: [SM] Blaming: 馻nkrunFixhealth.smx
L 01/07/2026 - 15:10:43: [SM] Call stack trace:
L 01/07/2026 - 15:10:43: [SM]   [0] GetConVarString
L 01/07/2026 - 15:10:43: [SM]   [1] Line 138, C:\Users\Moises\Downloads\Compressed\sourcemod-1.11.0-git6968-windows\addons\sourcemod\scripting\馻nkrunFixhealth.sp::IsTankRunActive
L 01/07/2026 - 15:10:43: [SM]   [2] Line 36, C:\Users\Moises\Downloads\Compressed\sourcemod-1.11.0-git6968-windows\addons\sourcemod\scripting\馻nkrunFixhealth.sp::Timer_PeriodicCheck
L 01/07/2026 - 15:10:53: [SM] Exception reported: Invalid convar handle 0 (error 4)
L 01/07/2026 - 15:10:53: [SM] Blaming: 馻nkrunFixhealth.smx
L 01/07/2026 - 15:10:53: [SM] Call stack trace:
L 01/07/2026 - 15:10:53: [SM]   [0] GetConVarString
L 01/07/2026 - 15:10:53: [SM]   [1] Line 138, C:\Users\Moises\Downloads\Compressed\sourcemod-1.11.0-git6968-windows\addons\sourcemod\scripting\馻nkrunFixhealth.sp::IsTankRunActive
L 01/07/2026 - 15:10:53: [SM]   [2] Line 36, C:\Users\Moises\Downloads\Compressed\sourcemod-1.11.0-git6968-windows\addons\sourcemod\scripting\馻nkrunFixhealth.sp::Timer_PeriodicCheck
L 01/07/2026 - 15:10:57: [SM] Exception reported: Invalid convar handle 0 (error 4)
L 01/07/2026 - 15:10:57: [SM] Blaming: 馻nkrunFixhealth.smx
L 01/07/2026 - 15:10:57: [SM] Call stack trace:
L 01/07/2026 - 15:10:57: [SM]   [0] GetConVarString
L 01/07/2026 - 15:10:57: [SM]   [1] Line 138, C:\Users\Moises\Downloads\Compressed\sourcemod-1.11.0-git6968-windows\addons\sourcemod\scripting\馻nkrunFixhealth.sp::IsTankRunActive
L 01/07/2026 - 15:10:57: [SM]   [2] Line 79, C:\Users\Moises\Downloads\Compressed\sourcemod-1.11.0-git6968-windows\addons\sourcemod\scripting\馻nkrunFixhealth.sp::Event_PlayerDeath
L 01/07/2026 - 15:11:03: [SM] Exception reported: Invalid convar handle 0 (error 4)
L 01/07/2026 - 15:11:03: [SM] Blaming: 馻nkrunFixhealth.smx
L 01/07/2026 - 15:11:03: [SM] Call stack trace:
L 01/07/2026 - 15:11:03: [SM]   [0] GetConVarString
L 01/07/2026 - 15:11:03: [SM]   [1] Line 138, C:\Users\Moises\Downloads\Compressed\sourcemod-1.11.0-git6968-windows\addons\sourcemod\scripting\馻nkrunFixhealth.sp::IsTankRunActive
L 01/07/2026 - 15:11:03: [SM]   [2] Line 79, C:\Users\Moises\Downloads\Compressed\sourcemod-1.11.0-git6968-windows\addons\sourcemod\scripting\馻nkrunFixhealth.sp::Event_PlayerDeath
L 01/07/2026 - 15:11:03: [SM] Exception reported: Invalid convar handle 0 (error 4)
L 01/07/2026 - 15:11:03: [SM] Blaming: 馻nkrunFixhealth.smx
L 01/07/2026 - 15:11:03: [SM] Call stack trace:
L 01/07/2026 - 15:11:03: [SM]   [0] GetConVarString
L 01/07/2026 - 15:11:03: [SM]   [1] Line 138, C:\Users\Moises\Downloads\Compressed\sourcemod-1.11.0-git6968-windows\addons\sourcemod\scripting\馻nkrunFixhealth.sp::IsTankRunActive
L 01/07/2026 - 15:11:03: [SM]   [2] Line 79, C:\Users\Moises\Downloads\Compressed\sourcemod-1.11.0-git6968-windows\addons\sourcemod\scripting\馻nkrunFixhealth.sp::Event_PlayerDeath
L 01/07/2026 - 15:11:03: [SM] Exception reported: Invalid convar handle 0 (error 4)
L 01/07/2026 - 15:11:03: [SM] Blaming: 馻nkrunFixhealth.smx
L 01/07/2026 - 15:11:03: [SM] Call stack trace:
L 01/07/2026 - 15:11:03: [SM]   [0] GetConVarString
L 01/07/2026 - 15:11:03: [SM]   [1] Line 138, C:\Users\Moises\Downloads\Compressed\sourcemod-1.11.0-git6968-windows\addons\sourcemod\scripting\馻nkrunFixhealth.sp::IsTankRunActive
L 01/07/2026 - 15:11:03: [SM]   [2] Line 36, C:\Users\Moises\Downloads\Compressed\sourcemod-1.11.0-git6968-windows\addons\sourcemod\scripting\馻nkrunFixhealth.sp::Timer_PeriodicCheck
L 01/07/2026 - 15:11:07: [SM] Exception reported: Invalid convar handle 0 (error 4)
L 01/07/2026 - 15:11:07: [SM] Blaming: 馻nkrunFixhealth.smx
L 01/07/2026 - 15:11:07: [SM] Call stack trace:
L 01/07/2026 - 15:11:07: [SM]   [0] GetConVarString
L 01/07/2026 - 15:11:07: [SM]   [1] Line 138, C:\Users\Moises\Downloads\Compressed\sourcemod-1.11.0-git6968-windows\addons\sourcemod\scripting\馻nkrunFixhealth.sp::IsTankRunActive
L 01/07/2026 - 15:11:07: [SM]   [2] Line 79, C:\Users\Moises\Downloads\Compressed\sourcemod-1.11.0-git6968-windows\addons\sourcemod\scripting\馻nkrunFixhealth.sp::Event_PlayerDeath
L 01/07/2026 - 15:11:09: [SM] Exception reported: Invalid convar handle 0 (error 4)
L 01/07/2026 - 15:11:09: [SM] Blaming: 馻nkrunFixhealth.smx
L 01/07/2026 - 15:11:09: [SM] Call stack trace:
L 01/07/2026 - 15:11:09: [SM]   [0] GetConVarString
L 01/07/2026 - 15:11:09: [SM]   [1] Line 138, C:\Users\Moises\Downloads\Compressed\sourcemod-1.11.0-git6968-windows\addons\sourcemod\scripting\馻nkrunFixhealth.sp::IsTankRunActive
L 01/07/2026 - 15:11:09: [SM]   [2] Line 79, C:\Users\Moises\Downloads\Compressed\sourcemod-1.11.0-git6968-windows\addons\sourcemod\scripting\馻nkrunFixhealth.sp::Event_PlayerDeath
L 01/07/2026 - 15:11:10: [SM] Exception reported: Invalid convar handle 0 (error 4)
L 01/07/2026 - 15:11:10: [SM] Blaming: 馻nkrunFixhealth.smx
L 01/07/2026 - 15:11:10: [SM] Call stack trace:
L 01/07/2026 - 15:11:10: [SM]   [0] GetConVarString
L 01/07/2026 - 15:11:10: [SM]   [1] Line 138, C:\Users\Moises\Downloads\Compressed\sourcemod-1.11.0-git6968-windows\addons\sourcemod\scripting\馻nkrunFixhealth.sp::IsTankRunActive
L 01/07/2026 - 15:11:10: [SM]   [2] Line 79, C:\Users\Moises\Downloads\Compressed\sourcemod-1.11.0-git6968-windows\addons\sourcemod\scripting\馻nkrunFixhealth.sp::Event_PlayerDeath
L 01/07/2026 - 15:11:11: [SM] Exception reported: Invalid convar handle 0 (error 4)
L 01/07/2026 - 15:11:11: [SM] Blaming: 馻nkrunFixhealth.smx
L 01/07/2026 - 15:11:11: [SM] Call stack trace:
L 01/07/2026 - 15:11:11: [SM]   [0] GetConVarString
L 01/07/2026 - 15:11:11: [SM]   [1] Line 138, C:\Users\Moises\Downloads\Compressed\sourcemod-1.11.0-git6968-windows\addons\sourcemod\scripting\馻nkrunFixhealth.sp::IsTankRunActive
L 01/07/2026 - 15:11:11: [SM]   [2] Line 79, C:\Users\Moises\Downloads\Compressed\sourcemod-1.11.0-git6968-windows\addons\sourcemod\scripting\馻nkrunFixhealth.sp::Event_PlayerDeath
L 01/07/2026 - 15:11:13: [SM] Exception reported: Invalid convar handle 0 (error 4)
L 01/07/2026 - 15:11:13: [SM] Blaming: 馻nkrunFixhealth.smx
L 01/07/2026 - 15:11:13: [SM] Call stack trace:
L 01/07/2026 - 15:11:13: [SM]   [0] GetConVarString
L 01/07/2026 - 15:11:13: [SM]   [1] Line 138, C:\Users\Moises\Downloads\Compressed\sourcemod-1.11.0-git6968-windows\addons\sourcemod\scripting\馻nkrunFixhealth.sp::IsTankRunActive
L 01/07/2026 - 15:11:13: [SM]   [2] Line 36, C:\Users\Moises\Downloads\Compressed\sourcemod-1.11.0-git6968-windows\addons\sourcemod\scripting\馻nkrunFixhealth.sp::Timer_PeriodicCheck
L 01/07/2026 - 15:11:23: [SM] Exception reported: Invalid convar handle 0 (error 4)
L 01/07/2026 - 15:11:23: [SM] Blaming: 馻nkrunFixhealth.smx
L 01/07/2026 - 15:11:23: [SM] Call stack trace:
L 01/07/2026 - 15:11:23: [SM]   [0] GetConVarString
L 01/07/2026 - 15:11:23: [SM]   [1] Line 138, C:\Users\Moises\Downloads\Compressed\sourcemod-1.11.0-git6968-windows\addons\sourcemod\scripting\馻nkrunFixhealth.sp::IsTankRunActive
L 01/07/2026 - 15:11:23: [SM]   [2] Line 36, C:\Users\Moises\Downloads\Compressed\sourcemod-1.11.0-git6968-windows\addons\sourcemod\scripting\馻nkrunFixhealth.sp::Timer_PeriodicCheck
L 01/07/2026 - 15:11:33: [SM] Exception reported: Invalid convar handle 0 (error 4)
L 01/07/2026 - 15:11:33: [SM] Blaming: 馻nkrunFixhealth.smx
L 01/07/2026 - 15:11:33: [SM] Call stack trace:
L 01/07/2026 - 15:11:33: [SM]   [0] GetConVarString
L 01/07/2026 - 15:11:33: [SM]   [1] Line 138, C:\Users\Moises\Downloads\Compressed\sourcemod-1.11.0-git6968-windows\addons\sourcemod\scripting\馻nkrunFixhealth.sp::IsTankRunActive
L 01/07/2026 - 15:11:33: [SM]   [2] Line 36, C:\Users\Moises\Downloads\Compressed\sourcemod-1.11.0-git6968-windows\addons\sourcemod\scripting\馻nkrunFixhealth.sp::Timer_PeriodicCheck
L 01/07/2026 - 15:11:36: [SM] Exception reported: Invalid convar handle 0 (error 4)
L 01/07/2026 - 15:11:36: [SM] Blaming: 馻nkrunFixhealth.smx
L 01/07/2026 - 15:11:36: [SM] Call stack trace:
L 01/07/2026 - 15:11:36: [SM]   [0] GetConVarString
L 01/07/2026 - 15:11:36: [SM]   [1] Line 138, C:\Users\Moises\Downloads\Compressed\sourcemod-1.11.0-git6968-windows\addons\sourcemod\scripting\馻nkrunFixhealth.sp::IsTankRunActive
L 01/07/2026 - 15:11:36: [SM]   [2] Line 79, C:\Users\Moises\Downloads\Compressed\sourcemod-1.11.0-git6968-windows\addons\sourcemod\scripting\馻nkrunFixhealth.sp::Event_PlayerDeath
L 01/07/2026 - 15:11:37: [SM] Exception reported: Invalid convar handle 0 (error 4)
L 01/07/2026 - 15:11:37: [SM] Blaming: 馻nkrunFixhealth.smx
L 01/07/2026 - 15:11:37: [SM] Call stack trace:
L 01/07/2026 - 15:11:37: [SM]   [0] GetConVarString
L 01/07/2026 - 15:11:37: [SM]   [1] Line 138, C:\Users\Moises\Downloads\Compressed\sourcemod-1.11.0-git6968-windows\addons\sourcemod\scripting\馻nkrunFixhealth.sp::IsTankRunActive
L 01/07/2026 - 15:11:37: [SM]   [2] Line 79, C:\Users\Moises\Downloads\Compressed\sourcemod-1.11.0-git6968-windows\addons\sourcemod\scripting\馻nkrunFixhealth.sp::Event_PlayerDeath
L 01/07/2026 - 15:11:39: [SM] Exception reported: Invalid convar handle 0 (error 4)
L 01/07/2026 - 15:11:39: [SM] Blaming: 馻nkrunFixhealth.smx
L 01/07/2026 - 15:11:39: [SM] Call stack trace:
L 01/07/2026 - 15:11:39: [SM]   [0] GetConVarString
L 01/07/2026 - 15:11:39: [SM]   [1] Line 138, C:\Users\Moises\Downloads\Compressed\sourcemod-1.11.0-git6968-windows\addons\sourcemod\scripting\馻nkrunFixhealth.sp::IsTankRunActive
L 01/07/2026 - 15:11:39: [SM]   [2] Line 79, C:\Users\Moises\Downloads\Compressed\sourcemod-1.11.0-git6968-windows\addons\sourcemod\scripting\馻nkrunFixhealth.sp::Event_PlayerDeath
L 01/07/2026 - 15:11:39: [SM] Exception reported: Invalid convar handle 0 (error 4)
L 01/07/2026 - 15:11:39: [SM] Blaming: 馻nkrunFixhealth.smx
L 01/07/2026 - 15:11:39: [SM] Call stack trace:
L 01/07/2026 - 15:11:39: [SM]   [0] GetConVarString
L 01/07/2026 - 15:11:39: [SM]   [1] Line 138, C:\Users\Moises\Downloads\Compressed\sourcemod-1.11.0-git6968-windows\addons\sourcemod\scripting\馻nkrunFixhealth.sp::IsTankRunActive
L 01/07/2026 - 15:11:39: [SM]   [2] Line 54, C:\Users\Moises\Downloads\Compressed\sourcemod-1.11.0-git6968-windows\addons\sourcemod\scripting\馻nkrunFixhealth.sp::Event_RoundStart
L 01/07/2026 - 15:11:44: [SM] Exception reported: Invalid convar handle 0 (error 4)
L 01/07/2026 - 15:11:44: [SM] Blaming: 馻nkrunFixhealth.smx
L 01/07/2026 - 15:11:44: [SM] Call stack trace:
L 01/07/2026 - 15:11:44: [SM]   [0] GetConVarString
L 01/07/2026 - 15:11:44: [SM]   [1] Line 138, C:\Users\Moises\Downloads\Compressed\sourcemod-1.11.0-git6968-windows\addons\sourcemod\scripting\馻nkrunFixhealth.sp::IsTankRunActive
L 01/07/2026 - 15:11:44: [SM]   [2] Line 36, C:\Users\Moises\Downloads\Compressed\sourcemod-1.11.0-git6968-windows\addons\sourcemod\scripting\馻nkrunFixhealth.sp::Timer_PeriodicCheck
L 01/07/2026 - 15:11:54: [SM] Exception reported: Invalid convar handle 0 (error 4)
L 01/07/2026 - 15:11:54: [SM] Blaming: 馻nkrunFixhealth.smx
L 01/07/2026 - 15:11:54: [SM] Call stack trace:
L 01/07/2026 - 15:11:54: [SM]   [0] GetConVarString
L 01/07/2026 - 15:11:54: [SM]   [1] Line 138, C:\Users\Moises\Downloads\Compressed\sourcemod-1.11.0-git6968-windows\addons\sourcemod\scripting\馻nkrunFixhealth.sp::IsTankRunActive
L 01/07/2026 - 15:11:54: [SM]   [2] Line 36, C:\Users\Moises\Downloads\Compressed\sourcemod-1.11.0-git6968-windows\addons\sourcemod\scripting\馻nkrunFixhealth.sp::Timer_PeriodicCheck
L 01/07/2026 - 15:12:04: [SM] Exception reported: Invalid convar handle 0 (error 4)
L 01/07/2026 - 15:12:04: [SM] Blaming: 馻nkrunFixhealth.smx
L 01/07/2026 - 15:12:04: [SM] Call stack trace:
L 01/07/2026 - 15:12:04: [SM]   [0] GetConVarString
L 01/07/2026 - 15:12:04: [SM]   [1] Line 138, C:\Users\Moises\Downloads\Compressed\sourcemod-1.11.0-git6968-windows\addons\sourcemod\scripting\馻nkrunFixhealth.sp::IsTankRunActive
L 01/07/2026 - 15:12:04: [SM]   [2] Line 36, C:\Users\Moises\Downloads\Compressed\sourcemod-1.11.0-git6968-windows\addons\sourcemod\scripting\馻nkrunFixhealth.sp::Timer_PeriodicCheck
L 01/07/2026 - 15:12:14: [SM] Exception reported: Invalid convar handle 0 (error 4)
L 01/07/2026 - 15:12:14: [SM] Blaming: 馻nkrunFixhealth.smx
L 01/07/2026 - 15:12:14: [SM] Call stack trace:
L 01/07/2026 - 15:12:14: [SM]   [0] GetConVarString
L 01/07/2026 - 15:12:14: [SM]   [1] Line 138, C:\Users\Moises\Downloads\Compressed\sourcemod-1.11.0-git6968-windows\addons\sourcemod\scripting\馻nkrunFixhealth.sp::IsTankRunActive
L 01/07/2026 - 15:12:14: [SM]   [2] Line 36, C:\Users\Moises\Downloads\Compressed\sourcemod-1.11.0-git6968-windows\addons\sourcemod\scripting\馻nkrunFixhealth.sp::Timer_PeriodicCheck
L 01/07/2026 - 15:12:24: [SM] Exception reported: Invalid convar handle 0 (error 4)
L 01/07/2026 - 15:12:24: [SM] Blaming: 馻nkrunFixhealth.smx
L 01/07/2026 - 15:12:24: [SM] Call stack trace:
L 01/07/2026 - 15:12:24: [SM]   [0] GetConVarString
L 01/07/2026 - 15:12:24: [SM]   [1] Line 138, C:\Users\Moises\Downloads\Compressed\sourcemod-1.11.0-git6968-windows\addons\sourcemod\scripting\馻nkrunFixhealth.sp::IsTankRunActive
L 01/07/2026 - 15:12:24: [SM]   [2] Line 36, C:\Users\Moises\Downloads\Compressed\sourcemod-1.11.0-git6968-windows\addons\sourcemod\scripting\馻nkrunFixhealth.sp::Timer_PeriodicCheck
L 01/07/2026 - 15:12:34: [SM] Exception reported: Invalid convar handle 0 (error 4)
L 01/07/2026 - 15:12:34: [SM] Blaming: 馻nkrunFixhealth.smx
L 01/07/2026 - 15:12:34: [SM] Call stack trace:
L 01/07/2026 - 15:12:34: [SM]   [0] GetConVarString
L 01/07/2026 - 15:12:34: [SM]   [1] Line 138, C:\Users\Moises\Downloads\Compressed\sourcemod-1.11.0-git6968-windows\addons\sourcemod\scripting\馻nkrunFixhealth.sp::IsTankRunActive
L 01/07/2026 - 15:12:34: [SM]   [2] Line 36, C:\Users\Moises\Downloads\Compressed\sourcemod-1.11.0-git6968-windows\addons\sourcemod\scripting\馻nkrunFixhealth.sp::Timer_PeriodicCheck
L 01/07/2026 - 15:12:44: [SM] Exception reported: Invalid convar handle 0 (error 4)
L 01/07/2026 - 15:12:44: [SM] Blaming: 馻nkrunFixhealth.smx
L 01/07/2026 - 15:12:44: [SM] Call stack trace:
L 01/07/2026 - 15:12:44: [SM]   [0] GetConVarString
L 01/07/2026 - 15:12:44: [SM]   [1] Line 138, C:\Users\Moises\Downloads\Compressed\sourcemod-1.11.0-git6968-windows\addons\sourcemod\scripting\馻nkrunFixhealth.sp::IsTankRunActive
L 01/07/2026 - 15:12:44: [SM]   [2] Line 36, C:\Users\Moises\Downloads\Compressed\sourcemod-1.11.0-git6968-windows\addons\sourcemod\scripting\馻nkrunFixhealth.sp::Timer_PeriodicCheck
L 01/07/2026 - 15:12:54: [SM] Exception reported: Invalid convar handle 0 (error 4)
L 01/07/2026 - 15:12:54: [SM] Blaming: 馻nkrunFixhealth.smx
L 01/07/2026 - 15:12:54: [SM] Call stack trace:
L 01/07/2026 - 15:12:54: [SM]   [0] GetConVarString
L 01/07/2026 - 15:12:54: [SM]   [1] Line 138, C:\Users\Moises\Downloads\Compressed\sourcemod-1.11.0-git6968-windows\addons\sourcemod\scripting\馻nkrunFixhealth.sp::IsTankRunActive
L 01/07/2026 - 15:12:54: [SM]   [2] Line 36, C:\Users\Moises\Downloads\Compressed\sourcemod-1.11.0-git6968-windows\addons\sourcemod\scripting\馻nkrunFixhealth.sp::Timer_PeriodicCheck
L 01/07/2026 - 15:13:04: [SM] Exception reported: Invalid convar handle 0 (error 4)
L 01/07/2026 - 15:13:04: [SM] Blaming: 馻nkrunFixhealth.smx
L 01/07/2026 - 15:13:04: [SM] Call stack trace:
L 01/07/2026 - 15:13:04: [SM]   [0] GetConVarString
L 01/07/2026 - 15:13:04: [SM]   [1] Line 138, C:\Users\Moises\Downloads\Compressed\sourcemod-1.11.0-git6968-windows\addons\sourcemod\scripting\馻nkrunFixhealth.sp::IsTankRunActive
L 01/07/2026 - 15:13:04: [SM]   [2] Line 36, C:\Users\Moises\Downloads\Compressed\sourcemod-1.11.0-git6968-windows\addons\sourcemod\scripting\馻nkrunFixhealth.sp::Timer_PeriodicCheck
L 01/07/2026 - 15:13:14: [SM] Exception reported: Invalid timer handle b4f00413 (error 3)
L 01/07/2026 - 15:13:14: [SM] Blaming: l4d2_playerjoining_v2.smx
L 01/07/2026 - 15:13:14: [SM] Call stack trace:
L 01/07/2026 - 15:13:14: [SM]   [0] KillTimer
L 01/07/2026 - 15:13:14: [SM]   [1] Line 53, C:\Users\Moises\Downloads\Compressed\sourcemod-1.11.0-git6968-windows\addons\sourcemod\scripting\l4d2_playerjoining_v2.sp::OnClientDisconnect
L 01/07/2026 - 15:14:53: Error log file session closed.
L 01/07/2026 - 15:14:53: SourceMod error session started
L 01/07/2026 - 15:14:53: Info (map "c2m1_highway") (file "d:\steamlibrary\steamapps\common\left 4 dead 2\left4dead2\addons\sourcemod\logs\errors_20260107.log")
L 01/07/2026 - 15:14:53: [SM] Fatal error encountered parsing translation file "l4d_nth.phrases.txt"
L 01/07/2026 - 15:14:53: [SM] Error (line 0, column 0): Stream failed to open
L 01/07/2026 - 15:14:53: [SM] Fatal error encountered parsing translation file "chargersteering.phrases.txt"
L 01/07/2026 - 15:14:53: [SM] Error (line 0, column 0): Stream failed to open
L 01/07/2026 - 15:14:53: [SM] Fatal error encountered parsing translation file "l4dmultislots.phrases.txt"
L 01/07/2026 - 15:14:53: [SM] Error (line 0, column 0): Stream failed to open
L 01/07/2026 - 15:14:55: [SM] Exception reported: Invalid convar handle 0 (error 4)
L 01/07/2026 - 15:14:55: [SM] Blaming: 馻nkrunFixhealth.smx
L 01/07/2026 - 15:14:55: [SM] Call stack trace:
L 01/07/2026 - 15:14:55: [SM]   [0] GetConVarString
L 01/07/2026 - 15:14:55: [SM]   [1] Line 138, C:\Users\Moises\Downloads\Compressed\sourcemod-1.11.0-git6968-windows\addons\sourcemod\scripting\馻nkrunFixhealth.sp::IsTankRunActive
L 01/07/2026 - 15:14:55: [SM]   [2] Line 54, C:\Users\Moises\Downloads\Compressed\sourcemod-1.11.0-git6968-windows\addons\sourcemod\scripting\馻nkrunFixhealth.sp::Event_RoundStart
L 01/07/2026 - 15:14:55: [l4d2_publicity.smx] [Publicity] No se encontraron mensajes en el archivo de configuraci贸n
L 01/07/2026 - 15:14:57: [SM] Exception reported: Invalid convar handle 0 (error 4)
L 01/07/2026 - 15:14:57: [SM] Blaming: 馻nkrunFixhealth.smx
L 01/07/2026 - 15:14:57: [SM] Call stack trace:
L 01/07/2026 - 15:14:57: [SM]   [0] GetConVarString
L 01/07/2026 - 15:14:57: [SM]   [1] Line 138, C:\Users\Moises\Downloads\Compressed\sourcemod-1.11.0-git6968-windows\addons\sourcemod\scripting\馻nkrunFixhealth.sp::IsTankRunActive
L 01/07/2026 - 15:14:57: [SM]   [2] Line 36, C:\Users\Moises\Downloads\Compressed\sourcemod-1.11.0-git6968-windows\addons\sourcemod\scripting\馻nkrunFixhealth.sp::Timer_PeriodicCheck
L 01/07/2026 - 15:15:07: [SM] Exception reported: Invalid convar handle 0 (error 4)
L 01/07/2026 - 15:15:07: [SM] Blaming: 馻nkrunFixhealth.smx
L 01/07/2026 - 15:15:07: [SM] Call stack trace:
L 01/07/2026 - 15:15:07: [SM]   [0] GetConVarString
L 01/07/2026 - 15:15:07: [SM]   [1] Line 138, C:\Users\Moises\Downloads\Compressed\sourcemod-1.11.0-git6968-windows\addons\sourcemod\scripting\馻nkrunFixhealth.sp::IsTankRunActive
L 01/07/2026 - 15:15:07: [SM]   [2] Line 36, C:\Users\Moises\Downloads\Compressed\sourcemod-1.11.0-git6968-windows\addons\sourcemod\scripting\馻nkrunFixhealth.sp::Timer_PeriodicCheck
L 01/07/2026 - 15:15:17: [SM] Exception reported: Invalid convar handle 0 (error 4)
L 01/07/2026 - 15:15:17: [SM] Blaming: 馻nkrunFixhealth.smx
L 01/07/2026 - 15:15:17: [SM] Call stack trace:
L 01/07/2026 - 15:15:17: [SM]   [0] GetConVarString
L 01/07/2026 - 15:15:17: [SM]   [1] Line 138, C:\Users\Moises\Downloads\Compressed\sourcemod-1.11.0-git6968-windows\addons\sourcemod\scripting\馻nkrunFixhealth.sp::IsTankRunActive
L 01/07/2026 - 15:15:17: [SM]   [2] Line 36, C:\Users\Moises\Downloads\Compressed\sourcemod-1.11.0-git6968-windows\addons\sourcemod\scripting\馻nkrunFixhealth.sp::Timer_PeriodicCheck
L 01/07/2026 - 15:15:30: [SM] Exception reported: Invalid convar handle 0 (error 4)
L 01/07/2026 - 15:15:30: [SM] Blaming: 馻nkrunFixhealth.smx
L 01/07/2026 - 15:15:30: [SM] Call stack trace:
L 01/07/2026 - 15:15:30: [SM]   [0] GetConVarString
L 01/07/2026 - 15:15:30: [SM]   [1] Line 138, C:\Users\Moises\Downloads\Compressed\sourcemod-1.11.0-git6968-windows\addons\sourcemod\scripting\馻nkrunFixhealth.sp::IsTankRunActive
L 01/07/2026 - 15:15:30: [SM]   [2] Line 36, C:\Users\Moises\Downloads\Compressed\sourcemod-1.11.0-git6968-windows\addons\sourcemod\scripting\馻nkrunFixhealth.sp::Timer_PeriodicCheck
L 01/07/2026 - 15:15:40: [SM] Exception reported: Invalid convar handle 0 (error 4)
L 01/07/2026 - 15:15:40: [SM] Blaming: 馻nkrunFixhealth.smx
L 01/07/2026 - 15:15:40: [SM] Call stack trace:
L 01/07/2026 - 15:15:40: [SM]   [0] GetConVarString
L 01/07/2026 - 15:15:40: [SM]   [1] Line 138, C:\Users\Moises\Downloads\Compressed\sourcemod-1.11.0-git6968-windows\addons\sourcemod\scripting\馻nkrunFixhealth.sp::IsTankRunActive
L 01/07/2026 - 15:15:40: [SM]   [2] Line 36, C:\Users\Moises\Downloads\Compressed\sourcemod-1.11.0-git6968-windows\addons\sourcemod\scripting\馻nkrunFixhealth.sp::Timer_PeriodicCheck
L 01/07/2026 - 15:15:50: [SM] Exception reported: Invalid convar handle 0 (error 4)
L 01/07/2026 - 15:15:50: [SM] Blaming: 馻nkrunFixhealth.smx
L 01/07/2026 - 15:15:50: [SM] Call stack trace:
L 01/07/2026 - 15:15:50: [SM]   [0] GetConVarString
L 01/07/2026 - 15:15:50: [SM]   [1] Line 138, C:\Users\Moises\Downloads\Compressed\sourcemod-1.11.0-git6968-windows\addons\sourcemod\scripting\馻nkrunFixhealth.sp::IsTankRunActive
L 01/07/2026 - 15:15:50: [SM]   [2] Line 36, C:\Users\Moises\Downloads\Compressed\sourcemod-1.11.0-git6968-windows\addons\sourcemod\scripting\馻nkrunFixhealth.sp::Timer_PeriodicCheck
L 01/07/2026 - 15:16:00: [SM] Exception reported: Invalid convar handle 0 (error 4)
L 01/07/2026 - 15:16:00: [SM] Blaming: 馻nkrunFixhealth.smx
L 01/07/2026 - 15:16:00: [SM] Call stack trace:
L 01/07/2026 - 15:16:00: [SM]   [0] GetConVarString
L 01/07/2026 - 15:16:00: [SM]   [1] Line 138, C:\Users\Moises\Downloads\Compressed\sourcemod-1.11.0-git6968-windows\addons\sourcemod\scripting\馻nkrunFixhealth.sp::IsTankRunActive
L 01/07/2026 - 15:16:00: [SM]   [2] Line 36, C:\Users\Moises\Downloads\Compressed\sourcemod-1.11.0-git6968-windows\addons\sourcemod\scripting\馻nkrunFixhealth.sp::Timer_PeriodicCheck
L 01/07/2026 - 15:16:07: [SM] Exception reported: Invalid convar handle 0 (error 4)
L 01/07/2026 - 15:16:07: [SM] Blaming: 馻nkrunFixhealth.smx
L 01/07/2026 - 15:16:07: [SM] Call stack trace:
L 01/07/2026 - 15:16:07: [SM]   [0] GetConVarString
L 01/07/2026 - 15:16:07: [SM]   [1] Line 138, C:\Users\Moises\Downloads\Compressed\sourcemod-1.11.0-git6968-windows\addons\sourcemod\scripting\馻nkrunFixhealth.sp::IsTankRunActive
L 01/07/2026 - 15:16:07: [SM]   [2] Line 79, C:\Users\Moises\Downloads\Compressed\sourcemod-1.11.0-git6968-windows\addons\sourcemod\scripting\馻nkrunFixhealth.sp::Event_PlayerDeath
L 01/07/2026 - 15:16:10: [SM] Exception reported: Invalid convar handle 0 (error 4)
L 01/07/2026 - 15:16:10: [SM] Blaming: 馻nkrunFixhealth.smx
L 01/07/2026 - 15:16:10: [SM] Call stack trace:
L 01/07/2026 - 15:16:10: [SM]   [0] GetConVarString
L 01/07/2026 - 15:16:10: [SM]   [1] Line 138, C:\Users\Moises\Downloads\Compressed\sourcemod-1.11.0-git6968-windows\addons\sourcemod\scripting\馻nkrunFixhealth.sp::IsTankRunActive
L 01/07/2026 - 15:16:10: [SM]   [2] Line 36, C:\Users\Moises\Downloads\Compressed\sourcemod-1.11.0-git6968-windows\addons\sourcemod\scripting\馻nkrunFixhealth.sp::Timer_PeriodicCheck
L 01/07/2026 - 15:16:10: [SM] Exception reported: Invalid convar handle 0 (error 4)
L 01/07/2026 - 15:16:10: [SM] Blaming: 馻nkrunFixhealth.smx
L 01/07/2026 - 15:16:10: [SM] Call stack trace:
L 01/07/2026 - 15:16:10: [SM]   [0] GetConVarString
L 01/07/2026 - 15:16:10: [SM]   [1] Line 138, C:\Users\Moises\Downloads\Compressed\sourcemod-1.11.0-git6968-windows\addons\sourcemod\scripting\馻nkrunFixhealth.sp::IsTankRunActive
L 01/07/2026 - 15:16:10: [SM]   [2] Line 79, C:\Users\Moises\Downloads\Compressed\sourcemod-1.11.0-git6968-windows\addons\sourcemod\scripting\馻nkrunFixhealth.sp::Event_PlayerDeath
L 01/07/2026 - 15:16:10: [SM] Exception reported: Invalid convar handle 0 (error 4)
L 01/07/2026 - 15:16:10: [SM] Blaming: 馻nkrunFixhealth.smx
L 01/07/2026 - 15:16:10: [SM] Call stack trace:
L 01/07/2026 - 15:16:10: [SM]   [0] GetConVarString
L 01/07/2026 - 15:16:10: [SM]   [1] Line 138, C:\Users\Moises\Downloads\Compressed\sourcemod-1.11.0-git6968-windows\addons\sourcemod\scripting\馻nkrunFixhealth.sp::IsTankRunActive
L 01/07/2026 - 15:16:10: [SM]   [2] Line 79, C:\Users\Moises\Downloads\Compressed\sourcemod-1.11.0-git6968-windows\addons\sourcemod\scripting\馻nkrunFixhealth.sp::Event_PlayerDeath
L 01/07/2026 - 15:16:11: [SM] Exception reported: Invalid convar handle 0 (error 4)
L 01/07/2026 - 15:16:11: [SM] Blaming: 馻nkrunFixhealth.smx
L 01/07/2026 - 15:16:11: [SM] Call stack trace:
L 01/07/2026 - 15:16:11: [SM]   [0] GetConVarString
L 01/07/2026 - 15:16:11: [SM]   [1] Line 138, C:\Users\Moises\Downloads\Compressed\sourcemod-1.11.0-git6968-windows\addons\sourcemod\scripting\馻nkrunFixhealth.sp::IsTankRunActive
L 01/07/2026 - 15:16:11: [SM]   [2] Line 79, C:\Users\Moises\Downloads\Compressed\sourcemod-1.11.0-git6968-windows\addons\sourcemod\scripting\馻nkrunFixhealth.sp::Event_PlayerDeath
L 01/07/2026 - 15:16:12: [SM] Exception reported: Invalid convar handle 0 (error 4)
L 01/07/2026 - 15:16:12: [SM] Blaming: 馻nkrunFixhealth.smx
L 01/07/2026 - 15:16:12: [SM] Call stack trace:
L 01/07/2026 - 15:16:12: [SM]   [0] GetConVarString
L 01/07/2026 - 15:16:12: [SM]   [1] Line 138, C:\Users\Moises\Downloads\Compressed\sourcemod-1.11.0-git6968-windows\addons\sourcemod\scripting\馻nkrunFixhealth.sp::IsTankRunActive
L 01/07/2026 - 15:16:12: [SM]   [2] Line 79, C:\Users\Moises\Downloads\Compressed\sourcemod-1.11.0-git6968-windows\addons\sourcemod\scripting\馻nkrunFixhealth.sp::Event_PlayerDeath
L 01/07/2026 - 15:16:12: [SM] Exception reported: Invalid convar handle 0 (error 4)
L 01/07/2026 - 15:16:12: [SM] Blaming: 馻nkrunFixhealth.smx
L 01/07/2026 - 15:16:12: [SM] Call stack trace:
L 01/07/2026 - 15:16:12: [SM]   [0] GetConVarString
L 01/07/2026 - 15:16:12: [SM]   [1] Line 138, C:\Users\Moises\Downloads\Compressed\sourcemod-1.11.0-git6968-windows\addons\sourcemod\scripting\馻nkrunFixhealth.sp::IsTankRunActive
L 01/07/2026 - 15:16:12: [SM]   [2] Line 79, C:\Users\Moises\Downloads\Compressed\sourcemod-1.11.0-git6968-windows\addons\sourcemod\scripting\馻nkrunFixhealth.sp::Event_PlayerDeath
L 01/07/2026 - 15:16:12: [SM] Exception reported: Invalid convar handle 0 (error 4)
L 01/07/2026 - 15:16:12: [SM] Blaming: 馻nkrunFixhealth.smx
L 01/07/2026 - 15:16:12: [SM] Call stack trace:
L 01/07/2026 - 15:16:12: [SM]   [0] GetConVarString
L 01/07/2026 - 15:16:12: [SM]   [1] Line 138, C:\Users\Moises\Downloads\Compressed\sourcemod-1.11.0-git6968-windows\addons\sourcemod\scripting\馻nkrunFixhealth.sp::IsTankRunActive
L 01/07/2026 - 15:16:12: [SM]   [2] Line 79, C:\Users\Moises\Downloads\Compressed\sourcemod-1.11.0-git6968-windows\addons\sourcemod\scripting\馻nkrunFixhealth.sp::Event_PlayerDeath
L 01/07/2026 - 15:16:14: [SM] Exception reported: Invalid convar handle 0 (error 4)
L 01/07/2026 - 15:16:14: [SM] Blaming: 馻nkrunFixhealth.smx
L 01/07/2026 - 15:16:14: [SM] Call stack trace:
L 01/07/2026 - 15:16:14: [SM]   [0] GetConVarString
L 01/07/2026 - 15:16:14: [SM]   [1] Line 138, C:\Users\Moises\Downloads\Compressed\sourcemod-1.11.0-git6968-windows\addons\sourcemod\scripting\馻nkrunFixhealth.sp::IsTankRunActive
L 01/07/2026 - 15:16:14: [SM]   [2] Line 79, C:\Users\Moises\Downloads\Compressed\sourcemod-1.11.0-git6968-windows\addons\sourcemod\scripting\馻nkrunFixhealth.sp::Event_PlayerDeath
L 01/07/2026 - 15:16:14: [SM] Exception reported: Invalid convar handle 0 (error 4)
L 01/07/2026 - 15:16:14: [SM] Blaming: 馻nkrunFixhealth.smx
L 01/07/2026 - 15:16:14: [SM] Call stack trace:
L 01/07/2026 - 15:16:14: [SM]   [0] GetConVarString
L 01/07/2026 - 15:16:14: [SM]   [1] Line 138, C:\Users\Moises\Downloads\Compressed\sourcemod-1.11.0-git6968-windows\addons\sourcemod\scripting\馻nkrunFixhealth.sp::IsTankRunActive
L 01/07/2026 - 15:16:14: [SM]   [2] Line 79, C:\Users\Moises\Downloads\Compressed\sourcemod-1.11.0-git6968-windows\addons\sourcemod\scripting\馻nkrunFixhealth.sp::Event_PlayerDeath
L 01/07/2026 - 15:16:14: [SM] Exception reported: Invalid timer handle b4f00413 (error 3)
L 01/07/2026 - 15:16:14: [SM] Blaming: l4d2_playerjoining_v2.smx
L 01/07/2026 - 15:16:14: [SM] Call stack trace:
L 01/07/2026 - 15:16:14: [SM]   [0] KillTimer
L 01/07/2026 - 15:16:14: [SM]   [1] Line 53, C:\Users\Moises\Downloads\Compressed\sourcemod-1.11.0-git6968-windows\addons\sourcemod\scripting\l4d2_playerjoining_v2.sp::OnClientDisconnect
L 01/07/2026 - 15:16:14: [SM] Exception reported: Invalid convar handle 0 (error 4)
L 01/07/2026 - 15:16:15: [SM] Blaming: 馻nkrunFixhealth.smx
L 01/07/2026 - 15:16:15: [SM] Call stack trace:
L 01/07/2026 - 15:16:15: [SM]   [0] GetConVarString
L 01/07/2026 - 15:16:15: [SM]   [1] Line 138, C:\Users\Moises\Downloads\Compressed\sourcemod-1.11.0-git6968-windows\addons\sourcemod\scripting\馻nkrunFixhealth.sp::IsTankRunActive
L 01/07/2026 - 15:16:15: [SM]   [2] Line 79, C:\Users\Moises\Downloads\Compressed\sourcemod-1.11.0-git6968-windows\addons\sourcemod\scripting\馻nkrunFixhealth.sp::Event_PlayerDeath
L 01/07/2026 - 15:16:15: [SM] Exception reported: Invalid convar handle 0 (error 4)
L 01/07/2026 - 15:16:15: [SM] Blaming: 馻nkrunFixhealth.smx
L 01/07/2026 - 15:16:15: [SM] Call stack trace:
L 01/07/2026 - 15:16:15: [SM]   [0] GetConVarString
L 01/07/2026 - 15:16:15: [SM]   [1] Line 138, C:\Users\Moises\Downloads\Compressed\sourcemod-1.11.0-git6968-windows\addons\sourcemod\scripting\馻nkrunFixhealth.sp::IsTankRunActive
L 01/07/2026 - 15:16:15: [SM]   [2] Line 79, C:\Users\Moises\Downloads\Compressed\sourcemod-1.11.0-git6968-windows\addons\sourcemod\scripting\馻nkrunFixhealth.sp::Event_PlayerDeath
L 01/07/2026 - 15:16:15: [SM] Exception reported: Invalid convar handle 0 (error 4)
L 01/07/2026 - 15:16:15: [SM] Blaming: 馻nkrunFixhealth.smx
L 01/07/2026 - 15:16:15: [SM] Call stack trace:
L 01/07/2026 - 15:16:15: [SM]   [0] GetConVarString
L 01/07/2026 - 15:16:15: [SM]   [1] Line 138, C:\Users\Moises\Downloads\Compressed\sourcemod-1.11.0-git6968-windows\addons\sourcemod\scripting\馻nkrunFixhealth.sp::IsTankRunActive
L 01/07/2026 - 15:16:15: [SM]   [2] Line 79, C:\Users\Moises\Downloads\Compressed\sourcemod-1.11.0-git6968-windows\addons\sourcemod\scripting\馻nkrunFixhealth.sp::Event_PlayerDeath
L 01/07/2026 - 15:16:15: [SM] Exception reported: Invalid convar handle 0 (error 4)
L 01/07/2026 - 15:16:15: [SM] Blaming: 馻nkrunFixhealth.smx
L 01/07/2026 - 15:16:15: [SM] Call stack trace:
L 01/07/2026 - 15:16:15: [SM]   [0] GetConVarString
L 01/07/2026 - 15:16:15: [SM]   [1] Line 138, C:\Users\Moises\Downloads\Compressed\sourcemod-1.11.0-git6968-windows\addons\sourcemod\scripting\馻nkrunFixhealth.sp::IsTankRunActive
L 01/07/2026 - 15:16:15: [SM]   [2] Line 79, C:\Users\Moises\Downloads\Compressed\sourcemod-1.11.0-git6968-windows\addons\sourcemod\scripting\馻nkrunFixhealth.sp::Event_PlayerDeath
L 01/07/2026 - 15:16:16: [SM] Exception reported: Invalid convar handle 0 (error 4)
L 01/07/2026 - 15:16:16: [SM] Blaming: 馻nkrunFixhealth.smx
L 01/07/2026 - 15:16:16: [SM] Call stack trace:
L 01/07/2026 - 15:16:16: [SM]   [0] GetConVarString
L 01/07/2026 - 15:16:16: [SM]   [1] Line 138, C:\Users\Moises\Downloads\Compressed\sourcemod-1.11.0-git6968-windows\addons\sourcemod\scripting\馻nkrunFixhealth.sp::IsTankRunActive
L 01/07/2026 - 15:16:16: [SM]   [2] Line 79, C:\Users\Moises\Downloads\Compressed\sourcemod-1.11.0-git6968-windows\addons\sourcemod\scripting\馻nkrunFixhealth.sp::Event_PlayerDeath
L 01/07/2026 - 15:16:16: [SM] Exception reported: Invalid convar handle 0 (error 4)
L 01/07/2026 - 15:16:16: [SM] Blaming: 馻nkrunFixhealth.smx
L 01/07/2026 - 15:16:16: [SM] Call stack trace:
L 01/07/2026 - 15:16:16: [SM]   [0] GetConVarString
L 01/07/2026 - 15:16:16: [SM]   [1] Line 138, C:\Users\Moises\Downloads\Compressed\sourcemod-1.11.0-git6968-windows\addons\sourcemod\scripting\馻nkrunFixhealth.sp::IsTankRunActive
L 01/07/2026 - 15:16:16: [SM]   [2] Line 79, C:\Users\Moises\Downloads\Compressed\sourcemod-1.11.0-git6968-windows\addons\sourcemod\scripting\馻nkrunFixhealth.sp::Event_PlayerDeath
L 01/07/2026 - 15:16:16: [SM] Exception reported: Invalid convar handle 0 (error 4)
L 01/07/2026 - 15:16:16: [SM] Blaming: 馻nkrunFixhealth.smx
L 01/07/2026 - 15:16:16: [SM] Call stack trace:
L 01/07/2026 - 15:16:16: [SM]   [0] GetConVarString
L 01/07/2026 - 15:16:16: [SM]   [1] Line 138, C:\Users\Moises\Downloads\Compressed\sourcemod-1.11.0-git6968-windows\addons\sourcemod\scripting\馻nkrunFixhealth.sp::IsTankRunActive
L 01/07/2026 - 15:16:16: [SM]   [2] Line 79, C:\Users\Moises\Downloads\Compressed\sourcemod-1.11.0-git6968-windows\addons\sourcemod\scripting\馻nkrunFixhealth.sp::Event_PlayerDeath
L 01/07/2026 - 15:16:16: [SM] Exception reported: Invalid convar handle 0 (error 4)
L 01/07/2026 - 15:16:16: [SM] Blaming: 馻nkrunFixhealth.smx
L 01/07/2026 - 15:16:16: [SM] Call stack trace:
L 01/07/2026 - 15:16:16: [SM]   [0] GetConVarString
L 01/07/2026 - 15:16:16: [SM]   [1] Line 138, C:\Users\Moises\Downloads\Compressed\sourcemod-1.11.0-git6968-windows\addons\sourcemod\scripting\馻nkrunFixhealth.sp::IsTankRunActive
L 01/07/2026 - 15:16:16: [SM]   [2] Line 79, C:\Users\Moises\Downloads\Compressed\sourcemod-1.11.0-git6968-windows\addons\sourcemod\scripting\馻nkrunFixhealth.sp::Event_PlayerDeath
L 01/07/2026 - 15:16:16: [SM] Exception reported: Invalid convar handle 0 (error 4)
L 01/07/2026 - 15:16:16: [SM] Blaming: 馻nkrunFixhealth.smx
L 01/07/2026 - 15:16:16: [SM] Call stack trace:
L 01/07/2026 - 15:16:16: [SM]   [0] GetConVarString
L 01/07/2026 - 15:16:16: [SM]   [1] Line 138, C:\Users\Moises\Downloads\Compressed\sourcemod-1.11.0-git6968-windows\addons\sourcemod\scripting\馻nkrunFixhealth.sp::IsTankRunActive
L 01/07/2026 - 15:16:16: [SM]   [2] Line 79, C:\Users\Moises\Downloads\Compressed\sourcemod-1.11.0-git6968-windows\addons\sourcemod\scripting\馻nkrunFixhealth.sp::Event_PlayerDeath
L 01/07/2026 - 15:16:19: [SM] Exception reported: Invalid convar handle 0 (error 4)
L 01/07/2026 - 15:16:19: [SM] Blaming: 馻nkrunFixhealth.smx
L 01/07/2026 - 15:16:19: [SM] Call stack trace:
L 01/07/2026 - 15:16:19: [SM]   [0] GetConVarString
L 01/07/2026 - 15:16:19: [SM]   [1] Line 138, C:\Users\Moises\Downloads\Compressed\sourcemod-1.11.0-git6968-windows\addons\sourcemod\scripting\馻nkrunFixhealth.sp::IsTankRunActive
L 01/07/2026 - 15:16:19: [SM]   [2] Line 79, C:\Users\Moises\Downloads\Compressed\sourcemod-1.11.0-git6968-windows\addons\sourcemod\scripting\馻nkrunFixhealth.sp::Event_PlayerDeath
L 01/07/2026 - 15:16:19: [SM] Exception reported: Invalid convar handle 0 (error 4)
L 01/07/2026 - 15:16:19: [SM] Blaming: 馻nkrunFixhealth.smx
L 01/07/2026 - 15:16:19: [SM] Call stack trace:
L 01/07/2026 - 15:16:19: [SM]   [0] GetConVarString
L 01/07/2026 - 15:16:19: [SM]   [1] Line 138, C:\Users\Moises\Downloads\Compressed\sourcemod-1.11.0-git6968-windows\addons\sourcemod\scripting\馻nkrunFixhealth.sp::IsTankRunActive
L 01/07/2026 - 15:16:19: [SM]   [2] Line 79, C:\Users\Moises\Downloads\Compressed\sourcemod-1.11.0-git6968-windows\addons\sourcemod\scripting\馻nkrunFixhealth.sp::Event_PlayerDeath
L 01/07/2026 - 15:16:20: [SM] Exception reported: Invalid convar handle 0 (error 4)
L 01/07/2026 - 15:16:20: [SM] Blaming: 馻nkrunFixhealth.smx
L 01/07/2026 - 15:16:20: [SM] Call stack trace:
L 01/07/2026 - 15:16:20: [SM]   [0] GetConVarString
L 01/07/2026 - 15:16:20: [SM]   [1] Line 138, C:\Users\Moises\Downloads\Compressed\sourcemod-1.11.0-git6968-windows\addons\sourcemod\scripting\馻nkrunFixhealth.sp::IsTankRunActive
L 01/07/2026 - 15:16:20: [SM]   [2] Line 79, C:\Users\Moises\Downloads\Compressed\sourcemod-1.11.0-git6968-windows\addons\sourcemod\scripting\馻nkrunFixhealth.sp::Event_PlayerDeath
L 01/07/2026 - 15:16:20: [SM] Exception reported: Invalid convar handle 0 (error 4)
L 01/07/2026 - 15:16:20: [SM] Blaming: 馻nkrunFixhealth.smx
L 01/07/2026 - 15:16:20: [SM] Call stack trace:
L 01/07/2026 - 15:16:20: [SM]   [0] GetConVarString
L 01/07/2026 - 15:16:20: [SM]   [1] Line 138, C:\Users\Moises\Downloads\Compressed\sourcemod-1.11.0-git6968-windows\addons\sourcemod\scripting\馻nkrunFixhealth.sp::IsTankRunActive
L 01/07/2026 - 15:16:20: [SM]   [2] Line 36, C:\Users\Moises\Downloads\Compressed\sourcemod-1.11.0-git6968-windows\addons\sourcemod\scripting\馻nkrunFixhealth.sp::Timer_PeriodicCheck
L 01/07/2026 - 15:16:20: [SM] Exception reported: Invalid convar handle 0 (error 4)
L 01/07/2026 - 15:16:20: [SM] Blaming: 馻nkrunFixhealth.smx
L 01/07/2026 - 15:16:20: [SM] Call stack trace:
L 01/07/2026 - 15:16:20: [SM]   [0] GetConVarString
L 01/07/2026 - 15:16:20: [SM]   [1] Line 138, C:\Users\Moises\Downloads\Compressed\sourcemod-1.11.0-git6968-windows\addons\sourcemod\scripting\馻nkrunFixhealth.sp::IsTankRunActive
L 01/07/2026 - 15:16:20: [SM]   [2] Line 79, C:\Users\Moises\Downloads\Compressed\sourcemod-1.11.0-git6968-windows\addons\sourcemod\scripting\馻nkrunFixhealth.sp::Event_PlayerDeath
L 01/07/2026 - 15:16:21: [SM] Exception reported: Invalid convar handle 0 (error 4)
L 01/07/2026 - 15:16:21: [SM] Blaming: 馻nkrunFixhealth.smx
L 01/07/2026 - 15:16:21: [SM] Call stack trace:
L 01/07/2026 - 15:16:21: [SM]   [0] GetConVarString
L 01/07/2026 - 15:16:21: [SM]   [1] Line 138, C:\Users\Moises\Downloads\Compressed\sourcemod-1.11.0-git6968-windows\addons\sourcemod\scripting\馻nkrunFixhealth.sp::IsTankRunActive
L 01/07/2026 - 15:16:21: [SM]   [2] Line 79, C:\Users\Moises\Downloads\Compressed\sourcemod-1.11.0-git6968-windows\addons\sourcemod\scripting\馻nkrunFixhealth.sp::Event_PlayerDeath
L 01/07/2026 - 15:16:22: [SM] Exception reported: Invalid convar handle 0 (error 4)
L 01/07/2026 - 15:16:22: [SM] Blaming: 馻nkrunFixhealth.smx
L 01/07/2026 - 15:16:22: [SM] Call stack trace:
L 01/07/2026 - 15:16:22: [SM]   [0] GetConVarString
L 01/07/2026 - 15:16:22: [SM]   [1] Line 138, C:\Users\Moises\Downloads\Compressed\sourcemod-1.11.0-git6968-windows\addons\sourcemod\scripting\馻nkrunFixhealth.sp::IsTankRunActive
L 01/07/2026 - 15:16:22: [SM]   [2] Line 79, C:\Users\Moises\Downloads\Compressed\sourcemod-1.11.0-git6968-windows\addons\sourcemod\scripting\馻nkrunFixhealth.sp::Event_PlayerDeath
L 01/07/2026 - 15:16:22: [SM] Exception reported: Invalid convar handle 0 (error 4)
L 01/07/2026 - 15:16:22: [SM] Blaming: 馻nkrunFixhealth.smx
L 01/07/2026 - 15:16:22: [SM] Call stack trace:
L 01/07/2026 - 15:16:22: [SM]   [0] GetConVarString
L 01/07/2026 - 15:16:22: [SM]   [1] Line 138, C:\Users\Moises\Downloads\Compressed\sourcemod-1.11.0-git6968-windows\addons\sourcemod\scripting\馻nkrunFixhealth.sp::IsTankRunActive
L 01/07/2026 - 15:16:22: [SM]   [2] Line 79, C:\Users\Moises\Downloads\Compressed\sourcemod-1.11.0-git6968-windows\addons\sourcemod\scripting\馻nkrunFixhealth.sp::Event_PlayerDeath
L 01/07/2026 - 15:16:22: [SM] Exception reported: Invalid convar handle 0 (error 4)
L 01/07/2026 - 15:16:22: [SM] Blaming: 馻nkrunFixhealth.smx
L 01/07/2026 - 15:16:22: [SM] Call stack trace:
L 01/07/2026 - 15:16:22: [SM]   [0] GetConVarString
L 01/07/2026 - 15:16:22: [SM]   [1] Line 138, C:\Users\Moises\Downloads\Compressed\sourcemod-1.11.0-git6968-windows\addons\sourcemod\scripting\馻nkrunFixhealth.sp::IsTankRunActive
L 01/07/2026 - 15:16:22: [SM]   [2] Line 79, C:\Users\Moises\Downloads\Compressed\sourcemod-1.11.0-git6968-windows\addons\sourcemod\scripting\馻nkrunFixhealth.sp::Event_PlayerDeath
L 01/07/2026 - 15:16:23: [SM] Exception reported: Invalid convar handle 0 (error 4)
L 01/07/2026 - 15:16:23: [SM] Blaming: 馻nkrunFixhealth.smx
L 01/07/2026 - 15:16:23: [SM] Call stack trace:
L 01/07/2026 - 15:16:23: [SM]   [0] GetConVarString
L 01/07/2026 - 15:16:23: [SM]   [1] Line 138, C:\Users\Moises\Downloads\Compressed\sourcemod-1.11.0-git6968-windows\addons\sourcemod\scripting\馻nkrunFixhealth.sp::IsTankRunActive
L 01/07/2026 - 15:16:23: [SM]   [2] Line 79, C:\Users\Moises\Downloads\Compressed\sourcemod-1.11.0-git6968-windows\addons\sourcemod\scripting\馻nkrunFixhealth.sp::Event_PlayerDeath
L 01/07/2026 - 15:16:23: [SM] Exception reported: Invalid convar handle 0 (error 4)
L 01/07/2026 - 15:16:23: [SM] Blaming: 馻nkrunFixhealth.smx
L 01/07/2026 - 15:16:24: [SM] Call stack trace:
L 01/07/2026 - 15:16:24: [SM]   [0] GetConVarString
L 01/07/2026 - 15:16:24: [SM]   [1] Line 138, C:\Users\Moises\Downloads\Compressed\sourcemod-1.11.0-git6968-windows\addons\sourcemod\scripting\馻nkrunFixhealth.sp::IsTankRunActive
L 01/07/2026 - 15:16:24: [SM]   [2] Line 79, C:\Users\Moises\Downloads\Compressed\sourcemod-1.11.0-git6968-windows\addons\sourcemod\scripting\馻nkrunFixhealth.sp::Event_PlayerDeath
L 01/07/2026 - 15:16:25: [SM] Exception reported: Invalid convar handle 0 (error 4)
L 01/07/2026 - 15:16:25: [SM] Blaming: 馻nkrunFixhealth.smx
L 01/07/2026 - 15:16:25: [SM] Call stack trace:
L 01/07/2026 - 15:16:25: [SM]   [0] GetConVarString
L 01/07/2026 - 15:16:25: [SM]   [1] Line 138, C:\Users\Moises\Downloads\Compressed\sourcemod-1.11.0-git6968-windows\addons\sourcemod\scripting\馻nkrunFixhealth.sp::IsTankRunActive
L 01/07/2026 - 15:16:25: [SM]   [2] Line 79, C:\Users\Moises\Downloads\Compressed\sourcemod-1.11.0-git6968-windows\addons\sourcemod\scripting\馻nkrunFixhealth.sp::Event_PlayerDeath
L 01/07/2026 - 15:16:30: [SM] Exception reported: Invalid convar handle 0 (error 4)
L 01/07/2026 - 15:16:30: [SM] Blaming: 馻nkrunFixhealth.smx
L 01/07/2026 - 15:16:30: [SM] Call stack trace:
L 01/07/2026 - 15:16:30: [SM]   [0] GetConVarString
L 01/07/2026 - 15:16:30: [SM]   [1] Line 138, C:\Users\Moises\Downloads\Compressed\sourcemod-1.11.0-git6968-windows\addons\sourcemod\scripting\馻nkrunFixhealth.sp::IsTankRunActive
L 01/07/2026 - 15:16:30: [SM]   [2] Line 36, C:\Users\Moises\Downloads\Compressed\sourcemod-1.11.0-git6968-windows\addons\sourcemod\scripting\馻nkrunFixhealth.sp::Timer_PeriodicCheck
L 01/07/2026 - 15:16:30: [SM] Exception reported: Invalid convar handle 0 (error 4)
L 01/07/2026 - 15:16:30: [SM] Blaming: 馻nkrunFixhealth.smx
L 01/07/2026 - 15:16:30: [SM] Call stack trace:
L 01/07/2026 - 15:16:30: [SM]   [0] GetConVarString
L 01/07/2026 - 15:16:30: [SM]   [1] Line 138, C:\Users\Moises\Downloads\Compressed\sourcemod-1.11.0-git6968-windows\addons\sourcemod\scripting\馻nkrunFixhealth.sp::IsTankRunActive
L 01/07/2026 - 15:16:30: [SM]   [2] Line 79, C:\Users\Moises\Downloads\Compressed\sourcemod-1.11.0-git6968-windows\addons\sourcemod\scripting\馻nkrunFixhealth.sp::Event_PlayerDeath
L 01/07/2026 - 15:16:37: [SM] Exception reported: Invalid convar handle 0 (error 4)
L 01/07/2026 - 15:16:37: [SM] Blaming: 馻nkrunFixhealth.smx
L 01/07/2026 - 15:16:37: [SM] Call stack trace:
L 01/07/2026 - 15:16:37: [SM]   [0] GetConVarString
L 01/07/2026 - 15:16:37: [SM]   [1] Line 138, C:\Users\Moises\Downloads\Compressed\sourcemod-1.11.0-git6968-windows\addons\sourcemod\scripting\馻nkrunFixhealth.sp::IsTankRunActive
L 01/07/2026 - 15:16:37: [SM]   [2] Line 79, C:\Users\Moises\Downloads\Compressed\sourcemod-1.11.0-git6968-windows\addons\sourcemod\scripting\馻nkrunFixhealth.sp::Event_PlayerDeath
L 01/07/2026 - 15:16:38: [SM] Exception reported: Invalid convar handle 0 (error 4)
L 01/07/2026 - 15:16:38: [SM] Blaming: 馻nkrunFixhealth.smx
L 01/07/2026 - 15:16:38: [SM] Call stack trace:
L 01/07/2026 - 15:16:38: [SM]   [0] GetConVarString
L 01/07/2026 - 15:16:38: [SM]   [1] Line 138, C:\Users\Moises\Downloads\Compressed\sourcemod-1.11.0-git6968-windows\addons\sourcemod\scripting\馻nkrunFixhealth.sp::IsTankRunActive
L 01/07/2026 - 15:16:38: [SM]   [2] Line 79, C:\Users\Moises\Downloads\Compressed\sourcemod-1.11.0-git6968-windows\addons\sourcemod\scripting\馻nkrunFixhealth.sp::Event_PlayerDeath
L 01/07/2026 - 15:16:40: [SM] Exception reported: Invalid convar handle 0 (error 4)
L 01/07/2026 - 15:16:40: [SM] Blaming: 馻nkrunFixhealth.smx
L 01/07/2026 - 15:16:40: [SM] Call stack trace:
L 01/07/2026 - 15:16:40: [SM]   [0] GetConVarString
L 01/07/2026 - 15:16:40: [SM]   [1] Line 138, C:\Users\Moises\Downloads\Compressed\sourcemod-1.11.0-git6968-windows\addons\sourcemod\scripting\馻nkrunFixhealth.sp::IsTankRunActive
L 01/07/2026 - 15:16:40: [SM]   [2] Line 79, C:\Users\Moises\Downloads\Compressed\sourcemod-1.11.0-git6968-windows\addons\sourcemod\scripting\馻nkrunFixhealth.sp::Event_PlayerDeath
L 01/07/2026 - 15:16:40: [SM] Exception reported: Invalid convar handle 0 (error 4)
L 01/07/2026 - 15:16:40: [SM] Blaming: 馻nkrunFixhealth.smx
L 01/07/2026 - 15:16:40: [SM] Call stack trace:
L 01/07/2026 - 15:16:40: [SM]   [0] GetConVarString
L 01/07/2026 - 15:16:40: [SM]   [1] Line 138, C:\Users\Moises\Downloads\Compressed\sourcemod-1.11.0-git6968-windows\addons\sourcemod\scripting\馻nkrunFixhealth.sp::IsTankRunActive
L 01/07/2026 - 15:16:40: [SM]   [2] Line 36, C:\Users\Moises\Downloads\Compressed\sourcemod-1.11.0-git6968-windows\addons\sourcemod\scripting\馻nkrunFixhealth.sp::Timer_PeriodicCheck
L 01/07/2026 - 15:16:44: [SM] Exception reported: Invalid convar handle 0 (error 4)
L 01/07/2026 - 15:16:44: [SM] Blaming: 馻nkrunFixhealth.smx
L 01/07/2026 - 15:16:44: [SM] Call stack trace:
L 01/07/2026 - 15:16:44: [SM]   [0] GetConVarString
L 01/07/2026 - 15:16:44: [SM]   [1] Line 138, C:\Users\Moises\Downloads\Compressed\sourcemod-1.11.0-git6968-windows\addons\sourcemod\scripting\馻nkrunFixhealth.sp::IsTankRunActive
L 01/07/2026 - 15:16:44: [SM]   [2] Line 79, C:\Users\Moises\Downloads\Compressed\sourcemod-1.11.0-git6968-windows\addons\sourcemod\scripting\馻nkrunFixhealth.sp::Event_PlayerDeath
L 01/07/2026 - 15:16:45: [SM] Exception reported: Invalid convar handle 0 (error 4)
L 01/07/2026 - 15:16:45: [SM] Blaming: 馻nkrunFixhealth.smx
L 01/07/2026 - 15:16:45: [SM] Call stack trace:
L 01/07/2026 - 15:16:45: [SM]   [0] GetConVarString
L 01/07/2026 - 15:16:45: [SM]   [1] Line 138, C:\Users\Moises\Downloads\Compressed\sourcemod-1.11.0-git6968-windows\addons\sourcemod\scripting\馻nkrunFixhealth.sp::IsTankRunActive
L 01/07/2026 - 15:16:45: [SM]   [2] Line 79, C:\Users\Moises\Downloads\Compressed\sourcemod-1.11.0-git6968-windows\addons\sourcemod\scripting\馻nkrunFixhealth.sp::Event_PlayerDeath
L 01/07/2026 - 15:16:50: [SM] Exception reported: Invalid convar handle 0 (error 4)
L 01/07/2026 - 15:16:50: [SM] Blaming: 馻nkrunFixhealth.smx
L 01/07/2026 - 15:16:50: [SM] Call stack trace:
L 01/07/2026 - 15:16:50: [SM]   [0] GetConVarString
L 01/07/2026 - 15:16:50: [SM]   [1] Line 138, C:\Users\Moises\Downloads\Compressed\sourcemod-1.11.0-git6968-windows\addons\sourcemod\scripting\馻nkrunFixhealth.sp::IsTankRunActive
L 01/07/2026 - 15:16:50: [SM]   [2] Line 36, C:\Users\Moises\Downloads\Compressed\sourcemod-1.11.0-git6968-windows\addons\sourcemod\scripting\馻nkrunFixhealth.sp::Timer_PeriodicCheck
L 01/07/2026 - 15:16:51: [SM] Exception reported: Invalid convar handle 0 (error 4)
L 01/07/2026 - 15:16:51: [SM] Blaming: 馻nkrunFixhealth.smx
L 01/07/2026 - 15:16:51: [SM] Call stack trace:
L 01/07/2026 - 15:16:51: [SM]   [0] GetConVarString
L 01/07/2026 - 15:16:51: [SM]   [1] Line 138, C:\Users\Moises\Downloads\Compressed\sourcemod-1.11.0-git6968-windows\addons\sourcemod\scripting\馻nkrunFixhealth.sp::IsTankRunActive
L 01/07/2026 - 15:16:51: [SM]   [2] Line 79, C:\Users\Moises\Downloads\Compressed\sourcemod-1.11.0-git6968-windows\addons\sourcemod\scripting\馻nkrunFixhealth.sp::Event_PlayerDeath
L 01/07/2026 - 15:16:56: [SM] Exception reported: Invalid convar handle 0 (error 4)
L 01/07/2026 - 15:16:56: [SM] Blaming: 馻nkrunFixhealth.smx
L 01/07/2026 - 15:16:56: [SM] Call stack trace:
L 01/07/2026 - 15:16:56: [SM]   [0] GetConVarString
L 01/07/2026 - 15:16:56: [SM]   [1] Line 138, C:\Users\Moises\Downloads\Compressed\sourcemod-1.11.0-git6968-windows\addons\sourcemod\scripting\馻nkrunFixhealth.sp::IsTankRunActive
L 01/07/2026 - 15:16:56: [SM]   [2] Line 79, C:\Users\Moises\Downloads\Compressed\sourcemod-1.11.0-git6968-windows\addons\sourcemod\scripting\馻nkrunFixhealth.sp::Event_PlayerDeath
L 01/07/2026 - 15:16:58: [SM] Exception reported: Invalid timer handle b4f00413 (error 3)
L 01/07/2026 - 15:16:58: [SM] Blaming: l4d2_playerjoining_v2.smx
L 01/07/2026 - 15:16:58: [SM] Call stack trace:
L 01/07/2026 - 15:16:58: [SM]   [0] KillTimer
L 01/07/2026 - 15:16:58: [SM]   [1] Line 53, C:\Users\Moises\Downloads\Compressed\sourcemod-1.11.0-git6968-windows\addons\sourcemod\scripting\l4d2_playerjoining_v2.sp::OnClientDisconnect
L 01/07/2026 - 15:17:00: [SM] Exception reported: Invalid convar handle 0 (error 4)
L 01/07/2026 - 15:17:00: [SM] Blaming: 馻nkrunFixhealth.smx
L 01/07/2026 - 15:17:00: [SM] Call stack trace:
L 01/07/2026 - 15:17:00: [SM]   [0] GetConVarString
L 01/07/2026 - 15:17:00: [SM]   [1] Line 138, C:\Users\Moises\Downloads\Compressed\sourcemod-1.11.0-git6968-windows\addons\sourcemod\scripting\馻nkrunFixhealth.sp::IsTankRunActive
L 01/07/2026 - 15:17:00: [SM]   [2] Line 79, C:\Users\Moises\Downloads\Compressed\sourcemod-1.11.0-git6968-windows\addons\sourcemod\scripting\馻nkrunFixhealth.sp::Event_PlayerDeath
L 01/07/2026 - 15:17:00: [SM] Exception reported: Invalid convar handle 0 (error 4)
L 01/07/2026 - 15:17:00: [SM] Blaming: 馻nkrunFixhealth.smx
L 01/07/2026 - 15:17:00: [SM] Call stack trace:
L 01/07/2026 - 15:17:00: [SM]   [0] GetConVarString
L 01/07/2026 - 15:17:00: [SM]   [1] Line 138, C:\Users\Moises\Downloads\Compressed\sourcemod-1.11.0-git6968-windows\addons\sourcemod\scripting\馻nkrunFixhealth.sp::IsTankRunActive
L 01/07/2026 - 15:17:00: [SM]   [2] Line 36, C:\Users\Moises\Downloads\Compressed\sourcemod-1.11.0-git6968-windows\addons\sourcemod\scripting\馻nkrunFixhealth.sp::Timer_PeriodicCheck
L 01/07/2026 - 15:17:01: [SM] Exception reported: Invalid convar handle 0 (error 4)
L 01/07/2026 - 15:17:01: [SM] Blaming: 馻nkrunFixhealth.smx
L 01/07/2026 - 15:17:01: [SM] Call stack trace:
L 01/07/2026 - 15:17:01: [SM]   [0] GetConVarString
L 01/07/2026 - 15:17:01: [SM]   [1] Line 138, C:\Users\Moises\Downloads\Compressed\sourcemod-1.11.0-git6968-windows\addons\sourcemod\scripting\馻nkrunFixhealth.sp::IsTankRunActive
L 01/07/2026 - 15:17:01: [SM]   [2] Line 79, C:\Users\Moises\Downloads\Compressed\sourcemod-1.11.0-git6968-windows\addons\sourcemod\scripting\馻nkrunFixhealth.sp::Event_PlayerDeath
L 01/07/2026 - 15:17:02: [SM] Exception reported: Invalid convar handle 0 (error 4)
L 01/07/2026 - 15:17:02: [SM] Blaming: 馻nkrunFixhealth.smx
L 01/07/2026 - 15:17:02: [SM] Call stack trace:
L 01/07/2026 - 15:17:02: [SM]   [0] GetConVarString
L 01/07/2026 - 15:17:02: [SM]   [1] Line 138, C:\Users\Moises\Downloads\Compressed\sourcemod-1.11.0-git6968-windows\addons\sourcemod\scripting\馻nkrunFixhealth.sp::IsTankRunActive
L 01/07/2026 - 15:17:02: [SM]   [2] Line 79, C:\Users\Moises\Downloads\Compressed\sourcemod-1.11.0-git6968-windows\addons\sourcemod\scripting\馻nkrunFixhealth.sp::Event_PlayerDeath
L 01/07/2026 - 15:17:03: [SM] Exception reported: Invalid timer handle e8c00406 (error 3)
L 01/07/2026 - 15:17:03: [SM] Blaming: l4d2_playerjoining_v2.smx
L 01/07/2026 - 15:17:03: [SM] Call stack trace:
L 01/07/2026 - 15:17:03: [SM]   [0] KillTimer
L 01/07/2026 - 15:17:03: [SM]   [1] Line 53, C:\Users\Moises\Downloads\Compressed\sourcemod-1.11.0-git6968-windows\addons\sourcemod\scripting\l4d2_playerjoining_v2.sp::OnClientDisconnect
L 01/07/2026 - 15:17:04: [SM] Exception reported: Invalid convar handle 0 (error 4)
L 01/07/2026 - 15:17:04: [SM] Blaming: 馻nkrunFixhealth.smx
L 01/07/2026 - 15:17:04: [SM] Call stack trace:
L 01/07/2026 - 15:17:04: [SM]   [0] GetConVarString
L 01/07/2026 - 15:17:04: [SM]   [1] Line 138, C:\Users\Moises\Downloads\Compressed\sourcemod-1.11.0-git6968-windows\addons\sourcemod\scripting\馻nkrunFixhealth.sp::IsTankRunActive
L 01/07/2026 - 15:17:04: [SM]   [2] Line 79, C:\Users\Moises\Downloads\Compressed\sourcemod-1.11.0-git6968-windows\addons\sourcemod\scripting\馻nkrunFixhealth.sp::Event_PlayerDeath
L 01/07/2026 - 15:17:04: [SM] Exception reported: Invalid convar handle 0 (error 4)
L 01/07/2026 - 15:17:04: [SM] Blaming: 馻nkrunFixhealth.smx
L 01/07/2026 - 15:17:04: [SM] Call stack trace:
L 01/07/2026 - 15:17:04: [SM]   [0] GetConVarString
L 01/07/2026 - 15:17:04: [SM]   [1] Line 138, C:\Users\Moises\Downloads\Compressed\sourcemod-1.11.0-git6968-windows\addons\sourcemod\scripting\馻nkrunFixhealth.sp::IsTankRunActive
L 01/07/2026 - 15:17:04: [SM]   [2] Line 79, C:\Users\Moises\Downloads\Compressed\sourcemod-1.11.0-git6968-windows\addons\sourcemod\scripting\馻nkrunFixhealth.sp::Event_PlayerDeath
L 01/07/2026 - 15:17:07: [SM] Exception reported: Invalid convar handle 0 (error 4)
L 01/07/2026 - 15:17:07: [SM] Blaming: 馻nkrunFixhealth.smx
L 01/07/2026 - 15:17:07: [SM] Call stack trace:
L 01/07/2026 - 15:17:07: [SM]   [0] GetConVarString
L 01/07/2026 - 15:17:07: [SM]   [1] Line 138, C:\Users\Moises\Downloads\Compressed\sourcemod-1.11.0-git6968-windows\addons\sourcemod\scripting\馻nkrunFixhealth.sp::IsTankRunActive
L 01/07/2026 - 15:17:07: [SM]   [2] Line 79, C:\Users\Moises\Downloads\Compressed\sourcemod-1.11.0-git6968-windows\addons\sourcemod\scripting\馻nkrunFixhealth.sp::Event_PlayerDeath
L 01/07/2026 - 15:17:09: [SM] Exception reported: Invalid convar handle 0 (error 4)
L 01/07/2026 - 15:17:09: [SM] Blaming: 馻nkrunFixhealth.smx
L 01/07/2026 - 15:17:09: [SM] Call stack trace:
L 01/07/2026 - 15:17:09: [SM]   [0] GetConVarString
L 01/07/2026 - 15:17:09: [SM]   [1] Line 138, C:\Users\Moises\Downloads\Compressed\sourcemod-1.11.0-git6968-windows\addons\sourcemod\scripting\馻nkrunFixhealth.sp::IsTankRunActive
L 01/07/2026 - 15:17:09: [SM]   [2] Line 79, C:\Users\Moises\Downloads\Compressed\sourcemod-1.11.0-git6968-windows\addons\sourcemod\scripting\馻nkrunFixhealth.sp::Event_PlayerDeath
L 01/07/2026 - 15:17:10: [SM] Exception reported: Invalid convar handle 0 (error 4)
L 01/07/2026 - 15:17:10: [SM] Blaming: 馻nkrunFixhealth.smx
L 01/07/2026 - 15:17:10: [SM] Call stack trace:
L 01/07/2026 - 15:17:10: [SM]   [0] GetConVarString
L 01/07/2026 - 15:17:10: [SM]   [1] Line 138, C:\Users\Moises\Downloads\Compressed\sourcemod-1.11.0-git6968-windows\addons\sourcemod\scripting\馻nkrunFixhealth.sp::IsTankRunActive
L 01/07/2026 - 15:17:10: [SM]   [2] Line 36, C:\Users\Moises\Downloads\Compressed\sourcemod-1.11.0-git6968-windows\addons\sourcemod\scripting\馻nkrunFixhealth.sp::Timer_PeriodicCheck
L 01/07/2026 - 15:17:10: [SM] Exception reported: Invalid convar handle 0 (error 4)
L 01/07/2026 - 15:17:10: [SM] Blaming: 馻nkrunFixhealth.smx
L 01/07/2026 - 15:17:10: [SM] Call stack trace:
L 01/07/2026 - 15:17:10: [SM]   [0] GetConVarString
L 01/07/2026 - 15:17:10: [SM]   [1] Line 138, C:\Users\Moises\Downloads\Compressed\sourcemod-1.11.0-git6968-windows\addons\sourcemod\scripting\馻nkrunFixhealth.sp::IsTankRunActive
L 01/07/2026 - 15:17:10: [SM]   [2] Line 79, C:\Users\Moises\Downloads\Compressed\sourcemod-1.11.0-git6968-windows\addons\sourcemod\scripting\馻nkrunFixhealth.sp::Event_PlayerDeath
L 01/07/2026 - 15:17:11: [SM] Exception reported: Invalid convar handle 0 (error 4)
L 01/07/2026 - 15:17:11: [SM] Blaming: 馻nkrunFixhealth.smx
L 01/07/2026 - 15:17:11: [SM] Call stack trace:
L 01/07/2026 - 15:17:11: [SM]   [0] GetConVarString
L 01/07/2026 - 15:17:11: [SM]   [1] Line 138, C:\Users\Moises\Downloads\Compressed\sourcemod-1.11.0-git6968-windows\addons\sourcemod\scripting\馻nkrunFixhealth.sp::IsTankRunActive
L 01/07/2026 - 15:17:11: [SM]   [2] Line 79, C:\Users\Moises\Downloads\Compressed\sourcemod-1.11.0-git6968-windows\addons\sourcemod\scripting\馻nkrunFixhealth.sp::Event_PlayerDeath
L 01/07/2026 - 15:17:12: [SM] Exception reported: Invalid convar handle 0 (error 4)
L 01/07/2026 - 15:17:12: [SM] Blaming: 馻nkrunFixhealth.smx
L 01/07/2026 - 15:17:12: [SM] Call stack trace:
L 01/07/2026 - 15:17:12: [SM]   [0] GetConVarString
L 01/07/2026 - 15:17:12: [SM]   [1] Line 138, C:\Users\Moises\Downloads\Compressed\sourcemod-1.11.0-git6968-windows\addons\sourcemod\scripting\馻nkrunFixhealth.sp::IsTankRunActive
L 01/07/2026 - 15:17:12: [SM]   [2] Line 79, C:\Users\Moises\Downloads\Compressed\sourcemod-1.11.0-git6968-windows\addons\sourcemod\scripting\馻nkrunFixhealth.sp::Event_PlayerDeath
L 01/07/2026 - 15:17:13: [SM] Exception reported: Invalid convar handle 0 (error 4)
L 01/07/2026 - 15:17:13: [SM] Blaming: 馻nkrunFixhealth.smx
L 01/07/2026 - 15:17:13: [SM] Call stack trace:
L 01/07/2026 - 15:17:13: [SM]   [0] GetConVarString
L 01/07/2026 - 15:17:13: [SM]   [1] Line 138, C:\Users\Moises\Downloads\Compressed\sourcemod-1.11.0-git6968-windows\addons\sourcemod\scripting\馻nkrunFixhealth.sp::IsTankRunActive
L 01/07/2026 - 15:17:13: [SM]   [2] Line 79, C:\Users\Moises\Downloads\Compressed\sourcemod-1.11.0-git6968-windows\addons\sourcemod\scripting\馻nkrunFixhealth.sp::Event_PlayerDeath
L 01/07/2026 - 15:17:14: [SM] Exception reported: Invalid convar handle 0 (error 4)
L 01/07/2026 - 15:17:14: [SM] Blaming: 馻nkrunFixhealth.smx
L 01/07/2026 - 15:17:14: [SM] Call stack trace:
L 01/07/2026 - 15:17:14: [SM]   [0] GetConVarString
L 01/07/2026 - 15:17:14: [SM]   [1] Line 138, C:\Users\Moises\Downloads\Compressed\sourcemod-1.11.0-git6968-windows\addons\sourcemod\scripting\馻nkrunFixhealth.sp::IsTankRunActive
L 01/07/2026 - 15:17:14: [SM]   [2] Line 79, C:\Users\Moises\Downloads\Compressed\sourcemod-1.11.0-git6968-windows\addons\sourcemod\scripting\馻nkrunFixhealth.sp::Event_PlayerDeath
L 01/07/2026 - 15:17:14: [SM] Exception reported: Invalid convar handle 0 (error 4)
L 01/07/2026 - 15:17:14: [SM] Blaming: 馻nkrunFixhealth.smx
L 01/07/2026 - 15:17:14: [SM] Call stack trace:
L 01/07/2026 - 15:17:14: [SM]   [0] GetConVarString
L 01/07/2026 - 15:17:14: [SM]   [1] Line 138, C:\Users\Moises\Downloads\Compressed\sourcemod-1.11.0-git6968-windows\addons\sourcemod\scripting\馻nkrunFixhealth.sp::IsTankRunActive
L 01/07/2026 - 15:17:14: [SM]   [2] Line 79, C:\Users\Moises\Downloads\Compressed\sourcemod-1.11.0-git6968-windows\addons\sourcemod\scripting\馻nkrunFixhealth.sp::Event_PlayerDeath
L 01/07/2026 - 15:17:16: [SM] Exception reported: Invalid convar handle 0 (error 4)
L 01/07/2026 - 15:17:16: [SM] Blaming: 馻nkrunFixhealth.smx
L 01/07/2026 - 15:17:16: [SM] Call stack trace:
L 01/07/2026 - 15:17:16: [SM]   [0] GetConVarString
L 01/07/2026 - 15:17:16: [SM]   [1] Line 138, C:\Users\Moises\Downloads\Compressed\sourcemod-1.11.0-git6968-windows\addons\sourcemod\scripting\馻nkrunFixhealth.sp::IsTankRunActive
L 01/07/2026 - 15:17:16: [SM]   [2] Line 79, C:\Users\Moises\Downloads\Compressed\sourcemod-1.11.0-git6968-windows\addons\sourcemod\scripting\馻nkrunFixhealth.sp::Event_PlayerDeath
L 01/07/2026 - 15:17:16: [SM] Exception reported: Invalid convar handle 0 (error 4)
L 01/07/2026 - 15:17:17: [SM] Blaming: 馻nkrunFixhealth.smx
L 01/07/2026 - 15:17:17: [SM] Call stack trace:
L 01/07/2026 - 15:17:17: [SM]   [0] GetConVarString
L 01/07/2026 - 15:17:17: [SM]   [1] Line 138, C:\Users\Moises\Downloads\Compressed\sourcemod-1.11.0-git6968-windows\addons\sourcemod\scripting\馻nkrunFixhealth.sp::IsTankRunActive
L 01/07/2026 - 15:17:17: [SM]   [2] Line 79, C:\Users\Moises\Downloads\Compressed\sourcemod-1.11.0-git6968-windows\addons\sourcemod\scripting\馻nkrunFixhealth.sp::Event_PlayerDeath
L 01/07/2026 - 15:17:17: [SM] Exception reported: Invalid convar handle 0 (error 4)
L 01/07/2026 - 15:17:17: [SM] Blaming: 馻nkrunFixhealth.smx
L 01/07/2026 - 15:17:17: [SM] Call stack trace:
L 01/07/2026 - 15:17:17: [SM]   [0] GetConVarString
L 01/07/2026 - 15:17:17: [SM]   [1] Line 138, C:\Users\Moises\Downloads\Compressed\sourcemod-1.11.0-git6968-windows\addons\sourcemod\scripting\馻nkrunFixhealth.sp::IsTankRunActive
L 01/07/2026 - 15:17:17: [SM]   [2] Line 79, C:\Users\Moises\Downloads\Compressed\sourcemod-1.11.0-git6968-windows\addons\sourcemod\scripting\馻nkrunFixhealth.sp::Event_PlayerDeath
L 01/07/2026 - 15:17:19: [SM] Exception reported: Invalid convar handle 0 (error 4)
L 01/07/2026 - 15:17:19: [SM] Blaming: 馻nkrunFixhealth.smx
L 01/07/2026 - 15:17:19: [SM] Call stack trace:
L 01/07/2026 - 15:17:19: [SM]   [0] GetConVarString
L 01/07/2026 - 15:17:19: [SM]   [1] Line 138, C:\Users\Moises\Downloads\Compressed\sourcemod-1.11.0-git6968-windows\addons\sourcemod\scripting\馻nkrunFixhealth.sp::IsTankRunActive
L 01/07/2026 - 15:17:19: [SM]   [2] Line 79, C:\Users\Moises\Downloads\Compressed\sourcemod-1.11.0-git6968-windows\addons\sourcemod\scripting\馻nkrunFixhealth.sp::Event_PlayerDeath
L 01/07/2026 - 15:17:20: [SM] Exception reported: Invalid convar handle 0 (error 4)
L 01/07/2026 - 15:17:20: [SM] Blaming: 馻nkrunFixhealth.smx
L 01/07/2026 - 15:17:20: [SM] Call stack trace:
L 01/07/2026 - 15:17:20: [SM]   [0] GetConVarString
L 01/07/2026 - 15:17:20: [SM]   [1] Line 138, C:\Users\Moises\Downloads\Compressed\sourcemod-1.11.0-git6968-windows\addons\sourcemod\scripting\馻nkrunFixhealth.sp::IsTankRunActive
L 01/07/2026 - 15:17:20: [SM]   [2] Line 36, C:\Users\Moises\Downloads\Compressed\sourcemod-1.11.0-git6968-windows\addons\sourcemod\scripting\馻nkrunFixhealth.sp::Timer_PeriodicCheck
L 01/07/2026 - 15:17:21: [SM] Exception reported: Invalid convar handle 0 (error 4)
L 01/07/2026 - 15:17:21: [SM] Blaming: 馻nkrunFixhealth.smx
L 01/07/2026 - 15:17:21: [SM] Call stack trace:
L 01/07/2026 - 15:17:21: [SM]   [0] GetConVarString
L 01/07/2026 - 15:17:21: [SM]   [1] Line 138, C:\Users\Moises\Downloads\Compressed\sourcemod-1.11.0-git6968-windows\addons\sourcemod\scripting\馻nkrunFixhealth.sp::IsTankRunActive
L 01/07/2026 - 15:17:21: [SM]   [2] Line 79, C:\Users\Moises\Downloads\Compressed\sourcemod-1.11.0-git6968-windows\addons\sourcemod\scripting\馻nkrunFixhealth.sp::Event_PlayerDeath
L 01/07/2026 - 15:17:21: [SM] Exception reported: Invalid convar handle 0 (error 4)
L 01/07/2026 - 15:17:21: [SM] Blaming: 馻nkrunFixhealth.smx
L 01/07/2026 - 15:17:21: [SM] Call stack trace:
L 01/07/2026 - 15:17:21: [SM]   [0] GetConVarString
L 01/07/2026 - 15:17:21: [SM]   [1] Line 138, C:\Users\Moises\Downloads\Compressed\sourcemod-1.11.0-git6968-windows\addons\sourcemod\scripting\馻nkrunFixhealth.sp::IsTankRunActive
L 01/07/2026 - 15:17:21: [SM]   [2] Line 79, C:\Users\Moises\Downloads\Compressed\sourcemod-1.11.0-git6968-windows\addons\sourcemod\scripting\馻nkrunFixhealth.sp::Event_PlayerDeath
L 01/07/2026 - 15:17:23: [SM] Exception reported: Invalid convar handle 0 (error 4)
L 01/07/2026 - 15:17:23: [SM] Blaming: 馻nkrunFixhealth.smx
L 01/07/2026 - 15:17:23: [SM] Call stack trace:
L 01/07/2026 - 15:17:23: [SM]   [0] GetConVarString
L 01/07/2026 - 15:17:23: [SM]   [1] Line 138, C:\Users\Moises\Downloads\Compressed\sourcemod-1.11.0-git6968-windows\addons\sourcemod\scripting\馻nkrunFixhealth.sp::IsTankRunActive
L 01/07/2026 - 15:17:23: [SM]   [2] Line 79, C:\Users\Moises\Downloads\Compressed\sourcemod-1.11.0-git6968-windows\addons\sourcemod\scripting\馻nkrunFixhealth.sp::Event_PlayerDeath
L 01/07/2026 - 15:17:24: [SM] Exception reported: Invalid convar handle 0 (error 4)
L 01/07/2026 - 15:17:24: [SM] Blaming: 馻nkrunFixhealth.smx
L 01/07/2026 - 15:17:24: [SM] Call stack trace:
L 01/07/2026 - 15:17:24: [SM]   [0] GetConVarString
L 01/07/2026 - 15:17:24: [SM]   [1] Line 138, C:\Users\Moises\Downloads\Compressed\sourcemod-1.11.0-git6968-windows\addons\sourcemod\scripting\馻nkrunFixhealth.sp::IsTankRunActive
L 01/07/2026 - 15:17:24: [SM]   [2] Line 79, C:\Users\Moises\Downloads\Compressed\sourcemod-1.11.0-git6968-windows\addons\sourcemod\scripting\馻nkrunFixhealth.sp::Event_PlayerDeath
L 01/07/2026 - 15:17:24: [SM] Exception reported: Invalid convar handle 0 (error 4)
L 01/07/2026 - 15:17:24: [SM] Blaming: 馻nkrunFixhealth.smx
L 01/07/2026 - 15:17:24: [SM] Call stack trace:
L 01/07/2026 - 15:17:24: [SM]   [0] GetConVarString
L 01/07/2026 - 15:17:24: [SM]   [1] Line 138, C:\Users\Moises\Downloads\Compressed\sourcemod-1.11.0-git6968-windows\addons\sourcemod\scripting\馻nkrunFixhealth.sp::IsTankRunActive
L 01/07/2026 - 15:17:24: [SM]   [2] Line 79, C:\Users\Moises\Downloads\Compressed\sourcemod-1.11.0-git6968-windows\addons\sourcemod\scripting\馻nkrunFixhealth.sp::Event_PlayerDeath
L 01/07/2026 - 15:17:25: [SM] Exception reported: Invalid convar handle 0 (error 4)
L 01/07/2026 - 15:17:25: [SM] Blaming: 馻nkrunFixhealth.smx
L 01/07/2026 - 15:17:25: [SM] Call stack trace:
L 01/07/2026 - 15:17:25: [SM]   [0] GetConVarString
L 01/07/2026 - 15:17:25: [SM]   [1] Line 138, C:\Users\Moises\Downloads\Compressed\sourcemod-1.11.0-git6968-windows\addons\sourcemod\scripting\馻nkrunFixhealth.sp::IsTankRunActive
L 01/07/2026 - 15:17:25: [SM]   [2] Line 79, C:\Users\Moises\Downloads\Compressed\sourcemod-1.11.0-git6968-windows\addons\sourcemod\scripting\馻nkrunFixhealth.sp::Event_PlayerDeath
L 01/07/2026 - 15:17:27: [SM] Exception reported: Invalid convar handle 0 (error 4)
L 01/07/2026 - 15:17:27: [SM] Blaming: 馻nkrunFixhealth.smx
L 01/07/2026 - 15:17:27: [SM] Call stack trace:
L 01/07/2026 - 15:17:27: [SM]   [0] GetConVarString
L 01/07/2026 - 15:17:27: [SM]   [1] Line 138, C:\Users\Moises\Downloads\Compressed\sourcemod-1.11.0-git6968-windows\addons\sourcemod\scripting\馻nkrunFixhealth.sp::IsTankRunActive
L 01/07/2026 - 15:17:27: [SM]   [2] Line 79, C:\Users\Moises\Downloads\Compressed\sourcemod-1.11.0-git6968-windows\addons\sourcemod\scripting\馻nkrunFixhealth.sp::Event_PlayerDeath
L 01/07/2026 - 15:17:30: [SM] Exception reported: Invalid convar handle 0 (error 4)
L 01/07/2026 - 15:17:30: [SM] Blaming: 馻nkrunFixhealth.smx
L 01/07/2026 - 15:17:30: [SM] Call stack trace:
L 01/07/2026 - 15:17:30: [SM]   [0] GetConVarString
L 01/07/2026 - 15:17:30: [SM]   [1] Line 138, C:\Users\Moises\Downloads\Compressed\sourcemod-1.11.0-git6968-windows\addons\sourcemod\scripting\馻nkrunFixhealth.sp::IsTankRunActive
L 01/07/2026 - 15:17:30: [SM]   [2] Line 36, C:\Users\Moises\Downloads\Compressed\sourcemod-1.11.0-git6968-windows\addons\sourcemod\scripting\馻nkrunFixhealth.sp::Timer_PeriodicCheck
L 01/07/2026 - 15:17:30: [SM] Exception reported: Invalid convar handle 0 (error 4)
L 01/07/2026 - 15:17:30: [SM] Blaming: 馻nkrunFixhealth.smx
L 01/07/2026 - 15:17:30: [SM] Call stack trace:
L 01/07/2026 - 15:17:30: [SM]   [0] GetConVarString
L 01/07/2026 - 15:17:30: [SM]   [1] Line 138, C:\Users\Moises\Downloads\Compressed\sourcemod-1.11.0-git6968-windows\addons\sourcemod\scripting\馻nkrunFixhealth.sp::IsTankRunActive
L 01/07/2026 - 15:17:30: [SM]   [2] Line 79, C:\Users\Moises\Downloads\Compressed\sourcemod-1.11.0-git6968-windows\addons\sourcemod\scripting\馻nkrunFixhealth.sp::Event_PlayerDeath
L 01/07/2026 - 15:17:31: [SM] Exception reported: Invalid convar handle 0 (error 4)
L 01/07/2026 - 15:17:31: [SM] Blaming: 馻nkrunFixhealth.smx
L 01/07/2026 - 15:17:31: [SM] Call stack trace:
L 01/07/2026 - 15:17:31: [SM]   [0] GetConVarString
L 01/07/2026 - 15:17:31: [SM]   [1] Line 138, C:\Users\Moises\Downloads\Compressed\sourcemod-1.11.0-git6968-windows\addons\sourcemod\scripting\馻nkrunFixhealth.sp::IsTankRunActive
L 01/07/2026 - 15:17:31: [SM]   [2] Line 79, C:\Users\Moises\Downloads\Compressed\sourcemod-1.11.0-git6968-windows\addons\sourcemod\scripting\馻nkrunFixhealth.sp::Event_PlayerDeath
L 01/07/2026 - 15:17:31: [SM] Exception reported: Invalid convar handle 0 (error 4)
L 01/07/2026 - 15:17:31: [SM] Blaming: 馻nkrunFixhealth.smx
L 01/07/2026 - 15:17:31: [SM] Call stack trace:
L 01/07/2026 - 15:17:31: [SM]   [0] GetConVarString
L 01/07/2026 - 15:17:31: [SM]   [1] Line 138, C:\Users\Moises\Downloads\Compressed\sourcemod-1.11.0-git6968-windows\addons\sourcemod\scripting\馻nkrunFixhealth.sp::IsTankRunActive
L 01/07/2026 - 15:17:31: [SM]   [2] Line 79, C:\Users\Moises\Downloads\Compressed\sourcemod-1.11.0-git6968-windows\addons\sourcemod\scripting\馻nkrunFixhealth.sp::Event_PlayerDeath
L 01/07/2026 - 15:17:32: [SM] Exception reported: Invalid convar handle 0 (error 4)
L 01/07/2026 - 15:17:32: [SM] Blaming: 馻nkrunFixhealth.smx
L 01/07/2026 - 15:17:32: [SM] Call stack trace:
L 01/07/2026 - 15:17:32: [SM]   [0] GetConVarString
L 01/07/2026 - 15:17:32: [SM]   [1] Line 138, C:\Users\Moises\Downloads\Compressed\sourcemod-1.11.0-git6968-windows\addons\sourcemod\scripting\馻nkrunFixhealth.sp::IsTankRunActive
L 01/07/2026 - 15:17:32: [SM]   [2] Line 79, C:\Users\Moises\Downloads\Compressed\sourcemod-1.11.0-git6968-windows\addons\sourcemod\scripting\馻nkrunFixhealth.sp::Event_PlayerDeath
L 01/07/2026 - 15:17:33: [SM] Exception reported: Invalid convar handle 0 (error 4)
L 01/07/2026 - 15:17:33: [SM] Blaming: 馻nkrunFixhealth.smx
L 01/07/2026 - 15:17:33: [SM] Call stack trace:
L 01/07/2026 - 15:17:33: [SM]   [0] GetConVarString
L 01/07/2026 - 15:17:33: [SM]   [1] Line 138, C:\Users\Moises\Downloads\Compressed\sourcemod-1.11.0-git6968-windows\addons\sourcemod\scripting\馻nkrunFixhealth.sp::IsTankRunActive
L 01/07/2026 - 15:17:33: [SM]   [2] Line 79, C:\Users\Moises\Downloads\Compressed\sourcemod-1.11.0-git6968-windows\addons\sourcemod\scripting\馻nkrunFixhealth.sp::Event_PlayerDeath
L 01/07/2026 - 15:17:33: [SM] Exception reported: Invalid convar handle 0 (error 4)
L 01/07/2026 - 15:17:33: [SM] Blaming: 馻nkrunFixhealth.smx
L 01/07/2026 - 15:17:33: [SM] Call stack trace:
L 01/07/2026 - 15:17:33: [SM]   [0] GetConVarString
L 01/07/2026 - 15:17:33: [SM]   [1] Line 138, C:\Users\Moises\Downloads\Compressed\sourcemod-1.11.0-git6968-windows\addons\sourcemod\scripting\馻nkrunFixhealth.sp::IsTankRunActive
L 01/07/2026 - 15:17:33: [SM]   [2] Line 79, C:\Users\Moises\Downloads\Compressed\sourcemod-1.11.0-git6968-windows\addons\sourcemod\scripting\馻nkrunFixhealth.sp::Event_PlayerDeath
L 01/07/2026 - 15:17:34: [SM] Exception reported: Invalid convar handle 0 (error 4)
L 01/07/2026 - 15:17:34: [SM] Blaming: 馻nkrunFixhealth.smx
L 01/07/2026 - 15:17:34: [SM] Call stack trace:
L 01/07/2026 - 15:17:34: [SM]   [0] GetConVarString
L 01/07/2026 - 15:17:34: [SM]   [1] Line 138, C:\Users\Moises\Downloads\Compressed\sourcemod-1.11.0-git6968-windows\addons\sourcemod\scripting\馻nkrunFixhealth.sp::IsTankRunActive
L 01/07/2026 - 15:17:34: [SM]   [2] Line 79, C:\Users\Moises\Downloads\Compressed\sourcemod-1.11.0-git6968-windows\addons\sourcemod\scripting\馻nkrunFixhealth.sp::Event_PlayerDeath
L 01/07/2026 - 15:17:36: [SM] Exception reported: Invalid convar handle 0 (error 4)
L 01/07/2026 - 15:17:36: [SM] Blaming: 馻nkrunFixhealth.smx
L 01/07/2026 - 15:17:36: [SM] Call stack trace:
L 01/07/2026 - 15:17:36: [SM]   [0] GetConVarString
L 01/07/2026 - 15:17:36: [SM]   [1] Line 138, C:\Users\Moises\Downloads\Compressed\sourcemod-1.11.0-git6968-windows\addons\sourcemod\scripting\馻nkrunFixhealth.sp::IsTankRunActive
L 01/07/2026 - 15:17:36: [SM]   [2] Line 79, C:\Users\Moises\Downloads\Compressed\sourcemod-1.11.0-git6968-windows\addons\sourcemod\scripting\馻nkrunFixhealth.sp::Event_PlayerDeath
L 01/07/2026 - 15:17:36: [SM] Exception reported: Invalid convar handle 0 (error 4)
L 01/07/2026 - 15:17:36: [SM] Blaming: 馻nkrunFixhealth.smx
L 01/07/2026 - 15:17:36: [SM] Call stack trace:
L 01/07/2026 - 15:17:36: [SM]   [0] GetConVarString
L 01/07/2026 - 15:17:36: [SM]   [1] Line 138, C:\Users\Moises\Downloads\Compressed\sourcemod-1.11.0-git6968-windows\addons\sourcemod\scripting\馻nkrunFixhealth.sp::IsTankRunActive
L 01/07/2026 - 15:17:36: [SM]   [2] Line 79, C:\Users\Moises\Downloads\Compressed\sourcemod-1.11.0-git6968-windows\addons\sourcemod\scripting\馻nkrunFixhealth.sp::Event_PlayerDeath
L 01/07/2026 - 15:17:38: [SM] Exception reported: Invalid convar handle 0 (error 4)
L 01/07/2026 - 15:17:38: [SM] Blaming: 馻nkrunFixhealth.smx
L 01/07/2026 - 15:17:38: [SM] Call stack trace:
L 01/07/2026 - 15:17:38: [SM]   [0] GetConVarString
L 01/07/2026 - 15:17:38: [SM]   [1] Line 138, C:\Users\Moises\Downloads\Compressed\sourcemod-1.11.0-git6968-windows\addons\sourcemod\scripting\馻nkrunFixhealth.sp::IsTankRunActive
L 01/07/2026 - 15:17:38: [SM]   [2] Line 79, C:\Users\Moises\Downloads\Compressed\sourcemod-1.11.0-git6968-windows\addons\sourcemod\scripting\馻nkrunFixhealth.sp::Event_PlayerDeath
L 01/07/2026 - 15:17:40: [SM] Exception reported: Invalid convar handle 0 (error 4)
L 01/07/2026 - 15:17:40: [SM] Blaming: 馻nkrunFixhealth.smx
L 01/07/2026 - 15:17:40: [SM] Call stack trace:
L 01/07/2026 - 15:17:40: [SM]   [0] GetConVarString
L 01/07/2026 - 15:17:40: [SM]   [1] Line 138, C:\Users\Moises\Downloads\Compressed\sourcemod-1.11.0-git6968-windows\addons\sourcemod\scripting\馻nkrunFixhealth.sp::IsTankRunActive
L 01/07/2026 - 15:17:40: [SM]   [2] Line 36, C:\Users\Moises\Downloads\Compressed\sourcemod-1.11.0-git6968-windows\addons\sourcemod\scripting\馻nkrunFixhealth.sp::Timer_PeriodicCheck
L 01/07/2026 - 15:17:40: [SM] Exception reported: Invalid timer handle b4f00413 (error 3)
L 01/07/2026 - 15:17:40: [SM] Blaming: l4d2_playerjoining_v2.smx
L 01/07/2026 - 15:17:40: [SM] Call stack trace:
L 01/07/2026 - 15:17:40: [SM]   [0] KillTimer
L 01/07/2026 - 15:17:40: [SM]   [1] Line 53, C:\Users\Moises\Downloads\Compressed\sourcemod-1.11.0-git6968-windows\addons\sourcemod\scripting\l4d2_playerjoining_v2.sp::OnClientDisconnect
L 01/07/2026 - 15:17:40: [SM] Exception reported: Invalid convar handle 0 (error 4)
L 01/07/2026 - 15:17:40: [SM] Blaming: 馻nkrunFixhealth.smx
L 01/07/2026 - 15:17:40: [SM] Call stack trace:
L 01/07/2026 - 15:17:40: [SM]   [0] GetConVarString
L 01/07/2026 - 15:17:40: [SM]   [1] Line 138, C:\Users\Moises\Downloads\Compressed\sourcemod-1.11.0-git6968-windows\addons\sourcemod\scripting\馻nkrunFixhealth.sp::IsTankRunActive
L 01/07/2026 - 15:17:40: [SM]   [2] Line 79, C:\Users\Moises\Downloads\Compressed\sourcemod-1.11.0-git6968-windows\addons\sourcemod\scripting\馻nkrunFixhealth.sp::Event_PlayerDeath
L 01/07/2026 - 15:17:41: [SM] Exception reported: Invalid convar handle 0 (error 4)
L 01/07/2026 - 15:17:41: [SM] Blaming: 馻nkrunFixhealth.smx
L 01/07/2026 - 15:17:41: [SM] Call stack trace:
L 01/07/2026 - 15:17:41: [SM]   [0] GetConVarString
L 01/07/2026 - 15:17:41: [SM]   [1] Line 138, C:\Users\Moises\Downloads\Compressed\sourcemod-1.11.0-git6968-windows\addons\sourcemod\scripting\馻nkrunFixhealth.sp::IsTankRunActive
L 01/07/2026 - 15:17:41: [SM]   [2] Line 79, C:\Users\Moises\Downloads\Compressed\sourcemod-1.11.0-git6968-windows\addons\sourcemod\scripting\馻nkrunFixhealth.sp::Event_PlayerDeath
L 01/07/2026 - 15:17:42: [SM] Exception reported: Invalid convar handle 0 (error 4)
L 01/07/2026 - 15:17:42: [SM] Blaming: 馻nkrunFixhealth.smx
L 01/07/2026 - 15:17:42: [SM] Call stack trace:
L 01/07/2026 - 15:17:42: [SM]   [0] GetConVarString
L 01/07/2026 - 15:17:42: [SM]   [1] Line 138, C:\Users\Moises\Downloads\Compressed\sourcemod-1.11.0-git6968-windows\addons\sourcemod\scripting\馻nkrunFixhealth.sp::IsTankRunActive
L 01/07/2026 - 15:17:42: [SM]   [2] Line 79, C:\Users\Moises\Downloads\Compressed\sourcemod-1.11.0-git6968-windows\addons\sourcemod\scripting\馻nkrunFixhealth.sp::Event_PlayerDeath
L 01/07/2026 - 15:17:43: [SM] Exception reported: Invalid convar handle 0 (error 4)
L 01/07/2026 - 15:17:43: [SM] Blaming: 馻nkrunFixhealth.smx
L 01/07/2026 - 15:17:43: [SM] Call stack trace:
L 01/07/2026 - 15:17:43: [SM]   [0] GetConVarString
L 01/07/2026 - 15:17:43: [SM]   [1] Line 138, C:\Users\Moises\Downloads\Compressed\sourcemod-1.11.0-git6968-windows\addons\sourcemod\scripting\馻nkrunFixhealth.sp::IsTankRunActive
L 01/07/2026 - 15:17:43: [SM]   [2] Line 79, C:\Users\Moises\Downloads\Compressed\sourcemod-1.11.0-git6968-windows\addons\sourcemod\scripting\馻nkrunFixhealth.sp::Event_PlayerDeath
L 01/07/2026 - 15:17:43: [SM] Exception reported: Invalid timer handle e8c00406 (error 3)
L 01/07/2026 - 15:17:43: [SM] Blaming: l4d2_playerjoining_v2.smx
L 01/07/2026 - 15:17:43: [SM] Call stack trace:
L 01/07/2026 - 15:17:43: [SM]   [0] KillTimer
L 01/07/2026 - 15:17:43: [SM]   [1] Line 53, C:\Users\Moises\Downloads\Compressed\sourcemod-1.11.0-git6968-windows\addons\sourcemod\scripting\l4d2_playerjoining_v2.sp::OnClientDisconnect
L 01/07/2026 - 15:17:44: [SM] Exception reported: Invalid convar handle 0 (error 4)
L 01/07/2026 - 15:17:44: [SM] Blaming: 馻nkrunFixhealth.smx
L 01/07/2026 - 15:17:44: [SM] Call stack trace:
L 01/07/2026 - 15:17:44: [SM]   [0] GetConVarString
L 01/07/2026 - 15:17:44: [SM]   [1] Line 138, C:\Users\Moises\Downloads\Compressed\sourcemod-1.11.0-git6968-windows\addons\sourcemod\scripting\馻nkrunFixhealth.sp::IsTankRunActive
L 01/07/2026 - 15:17:44: [SM]   [2] Line 79, C:\Users\Moises\Downloads\Compressed\sourcemod-1.11.0-git6968-windows\addons\sourcemod\scripting\馻nkrunFixhealth.sp::Event_PlayerDeath
L 01/07/2026 - 15:17:44: [SM] Exception reported: Invalid convar handle 0 (error 4)
L 01/07/2026 - 15:17:44: [SM] Blaming: 馻nkrunFixhealth.smx
L 01/07/2026 - 15:17:44: [SM] Call stack trace:
L 01/07/2026 - 15:17:44: [SM]   [0] GetConVarString
L 01/07/2026 - 15:17:44: [SM]   [1] Line 138, C:\Users\Moises\Downloads\Compressed\sourcemod-1.11.0-git6968-windows\addons\sourcemod\scripting\馻nkrunFixhealth.sp::IsTankRunActive
L 01/07/2026 - 15:17:44: [SM]   [2] Line 79, C:\Users\Moises\Downloads\Compressed\sourcemod-1.11.0-git6968-windows\addons\sourcemod\scripting\馻nkrunFixhealth.sp::Event_PlayerDeath
L 01/07/2026 - 15:17:47: [SM] Exception reported: Invalid convar handle 0 (error 4)
L 01/07/2026 - 15:17:47: [SM] Blaming: 馻nkrunFixhealth.smx
L 01/07/2026 - 15:17:47: [SM] Call stack trace:
L 01/07/2026 - 15:17:47: [SM]   [0] GetConVarString
L 01/07/2026 - 15:17:47: [SM]   [1] Line 138, C:\Users\Moises\Downloads\Compressed\sourcemod-1.11.0-git6968-windows\addons\sourcemod\scripting\馻nkrunFixhealth.sp::IsTankRunActive
L 01/07/2026 - 15:17:47: [SM]   [2] Line 79, C:\Users\Moises\Downloads\Compressed\sourcemod-1.11.0-git6968-windows\addons\sourcemod\scripting\馻nkrunFixhealth.sp::Event_PlayerDeath
L 01/07/2026 - 15:17:49: [SM] Exception reported: Invalid convar handle 0 (error 4)
L 01/07/2026 - 15:17:49: [SM] Blaming: 馻nkrunFixhealth.smx
L 01/07/2026 - 15:17:49: [SM] Call stack trace:
L 01/07/2026 - 15:17:49: [SM]   [0] GetConVarString
L 01/07/2026 - 15:17:49: [SM]   [1] Line 138, C:\Users\Moises\Downloads\Compressed\sourcemod-1.11.0-git6968-windows\addons\sourcemod\scripting\馻nkrunFixhealth.sp::IsTankRunActive
L 01/07/2026 - 15:17:49: [SM]   [2] Line 79, C:\Users\Moises\Downloads\Compressed\sourcemod-1.11.0-git6968-windows\addons\sourcemod\scripting\馻nkrunFixhealth.sp::Event_PlayerDeath
L 01/07/2026 - 15:17:50: [SM] Exception reported: Invalid convar handle 0 (error 4)
L 01/07/2026 - 15:17:50: [SM] Blaming: 馻nkrunFixhealth.smx
L 01/07/2026 - 15:17:50: [SM] Call stack trace:
L 01/07/2026 - 15:17:50: [SM]   [0] GetConVarString
L 01/07/2026 - 15:17:50: [SM]   [1] Line 138, C:\Users\Moises\Downloads\Compressed\sourcemod-1.11.0-git6968-windows\addons\sourcemod\scripting\馻nkrunFixhealth.sp::IsTankRunActive
L 01/07/2026 - 15:17:50: [SM]   [2] Line 36, C:\Users\Moises\Downloads\Compressed\sourcemod-1.11.0-git6968-windows\addons\sourcemod\scripting\馻nkrunFixhealth.sp::Timer_PeriodicCheck
L 01/07/2026 - 15:17:50: [SM] Exception reported: Invalid convar handle 0 (error 4)
L 01/07/2026 - 15:17:50: [SM] Blaming: 馻nkrunFixhealth.smx
L 01/07/2026 - 15:17:50: [SM] Call stack trace:
L 01/07/2026 - 15:17:50: [SM]   [0] GetConVarString
L 01/07/2026 - 15:17:50: [SM]   [1] Line 138, C:\Users\Moises\Downloads\Compressed\sourcemod-1.11.0-git6968-windows\addons\sourcemod\scripting\馻nkrunFixhealth.sp::IsTankRunActive
L 01/07/2026 - 15:17:50: [SM]   [2] Line 79, C:\Users\Moises\Downloads\Compressed\sourcemod-1.11.0-git6968-windows\addons\sourcemod\scripting\馻nkrunFixhealth.sp::Event_PlayerDeath
L 01/07/2026 - 15:17:51: [SM] Exception reported: Invalid convar handle 0 (error 4)
L 01/07/2026 - 15:17:51: [SM] Blaming: 馻nkrunFixhealth.smx
L 01/07/2026 - 15:17:51: [SM] Call stack trace:
L 01/07/2026 - 15:17:51: [SM]   [0] GetConVarString
L 01/07/2026 - 15:17:51: [SM]   [1] Line 138, C:\Users\Moises\Downloads\Compressed\sourcemod-1.11.0-git6968-windows\addons\sourcemod\scripting\馻nkrunFixhealth.sp::IsTankRunActive
L 01/07/2026 - 15:17:51: [SM]   [2] Line 79, C:\Users\Moises\Downloads\Compressed\sourcemod-1.11.0-git6968-windows\addons\sourcemod\scripting\馻nkrunFixhealth.sp::Event_PlayerDeath
L 01/07/2026 - 15:17:52: [SM] Exception reported: Invalid convar handle 0 (error 4)
L 01/07/2026 - 15:17:52: [SM] Blaming: 馻nkrunFixhealth.smx
L 01/07/2026 - 15:17:52: [SM] Call stack trace:
L 01/07/2026 - 15:17:52: [SM]   [0] GetConVarString
L 01/07/2026 - 15:17:52: [SM]   [1] Line 138, C:\Users\Moises\Downloads\Compressed\sourcemod-1.11.0-git6968-windows\addons\sourcemod\scripting\馻nkrunFixhealth.sp::IsTankRunActive
L 01/07/2026 - 15:17:52: [SM]   [2] Line 79, C:\Users\Moises\Downloads\Compressed\sourcemod-1.11.0-git6968-windows\addons\sourcemod\scripting\馻nkrunFixhealth.sp::Event_PlayerDeath
L 01/07/2026 - 15:17:55: [SM] Exception reported: Invalid convar handle 0 (error 4)
L 01/07/2026 - 15:17:55: [SM] Blaming: 馻nkrunFixhealth.smx
L 01/07/2026 - 15:17:55: [SM] Call stack trace:
L 01/07/2026 - 15:17:55: [SM]   [0] GetConVarString
L 01/07/2026 - 15:17:55: [SM]   [1] Line 138, C:\Users\Moises\Downloads\Compressed\sourcemod-1.11.0-git6968-windows\addons\sourcemod\scripting\馻nkrunFixhealth.sp::IsTankRunActive
L 01/07/2026 - 15:17:55: [SM]   [2] Line 79, C:\Users\Moises\Downloads\Compressed\sourcemod-1.11.0-git6968-windows\addons\sourcemod\scripting\馻nkrunFixhealth.sp::Event_PlayerDeath
L 01/07/2026 - 15:17:57: [SM] Exception reported: Invalid convar handle 0 (error 4)
L 01/07/2026 - 15:17:57: [SM] Blaming: 馻nkrunFixhealth.smx
L 01/07/2026 - 15:17:57: [SM] Call stack trace:
L 01/07/2026 - 15:17:57: [SM]   [0] GetConVarString
L 01/07/2026 - 15:17:57: [SM]   [1] Line 138, C:\Users\Moises\Downloads\Compressed\sourcemod-1.11.0-git6968-windows\addons\sourcemod\scripting\馻nkrunFixhealth.sp::IsTankRunActive
L 01/07/2026 - 15:17:57: [SM]   [2] Line 79, C:\Users\Moises\Downloads\Compressed\sourcemod-1.11.0-git6968-windows\addons\sourcemod\scripting\馻nkrunFixhealth.sp::Event_PlayerDeath
L 01/07/2026 - 15:17:58: [SM] Exception reported: Invalid convar handle 0 (error 4)
L 01/07/2026 - 15:17:58: [SM] Blaming: 馻nkrunFixhealth.smx
L 01/07/2026 - 15:17:58: [SM] Call stack trace:
L 01/07/2026 - 15:17:58: [SM]   [0] GetConVarString
L 01/07/2026 - 15:17:58: [SM]   [1] Line 138, C:\Users\Moises\Downloads\Compressed\sourcemod-1.11.0-git6968-windows\addons\sourcemod\scripting\馻nkrunFixhealth.sp::IsTankRunActive
L 01/07/2026 - 15:17:58: [SM]   [2] Line 79, C:\Users\Moises\Downloads\Compressed\sourcemod-1.11.0-git6968-windows\addons\sourcemod\scripting\馻nkrunFixhealth.sp::Event_PlayerDeath
L 01/07/2026 - 15:18:00: [SM] Exception reported: Invalid convar handle 0 (error 4)
L 01/07/2026 - 15:18:00: [SM] Blaming: 馻nkrunFixhealth.smx
L 01/07/2026 - 15:18:00: [SM] Call stack trace:
L 01/07/2026 - 15:18:00: [SM]   [0] GetConVarString
L 01/07/2026 - 15:18:00: [SM]   [1] Line 138, C:\Users\Moises\Downloads\Compressed\sourcemod-1.11.0-git6968-windows\addons\sourcemod\scripting\馻nkrunFixhealth.sp::IsTankRunActive
L 01/07/2026 - 15:18:00: [SM]   [2] Line 36, C:\Users\Moises\Downloads\Compressed\sourcemod-1.11.0-git6968-windows\addons\sourcemod\scripting\馻nkrunFixhealth.sp::Timer_PeriodicCheck
L 01/07/2026 - 15:18:04: [SM] Exception reported: Invalid convar handle 0 (error 4)
L 01/07/2026 - 15:18:04: [SM] Blaming: 馻nkrunFixhealth.smx
L 01/07/2026 - 15:18:04: [SM] Call stack trace:
L 01/07/2026 - 15:18:04: [SM]   [0] GetConVarString
L 01/07/2026 - 15:18:04: [SM]   [1] Line 138, C:\Users\Moises\Downloads\Compressed\sourcemod-1.11.0-git6968-windows\addons\sourcemod\scripting\馻nkrunFixhealth.sp::IsTankRunActive
L 01/07/2026 - 15:18:04: [SM]   [2] Line 79, C:\Users\Moises\Downloads\Compressed\sourcemod-1.11.0-git6968-windows\addons\sourcemod\scripting\馻nkrunFixhealth.sp::Event_PlayerDeath
L 01/07/2026 - 15:18:05: [SM] Exception reported: Invalid convar handle 0 (error 4)
L 01/07/2026 - 15:18:05: [SM] Blaming: 馻nkrunFixhealth.smx
L 01/07/2026 - 15:18:05: [SM] Call stack trace:
L 01/07/2026 - 15:18:05: [SM]   [0] GetConVarString
L 01/07/2026 - 15:18:05: [SM]   [1] Line 138, C:\Users\Moises\Downloads\Compressed\sourcemod-1.11.0-git6968-windows\addons\sourcemod\scripting\馻nkrunFixhealth.sp::IsTankRunActive
L 01/07/2026 - 15:18:05: [SM]   [2] Line 79, C:\Users\Moises\Downloads\Compressed\sourcemod-1.11.0-git6968-windows\addons\sourcemod\scripting\馻nkrunFixhealth.sp::Event_PlayerDeath
L 01/07/2026 - 15:18:05: [SM] Exception reported: Invalid convar handle 0 (error 4)
L 01/07/2026 - 15:18:05: [SM] Blaming: 馻nkrunFixhealth.smx
L 01/07/2026 - 15:18:05: [SM] Call stack trace:
L 01/07/2026 - 15:18:05: [SM]   [0] GetConVarString
L 01/07/2026 - 15:18:05: [SM]   [1] Line 138, C:\Users\Moises\Downloads\Compressed\sourcemod-1.11.0-git6968-windows\addons\sourcemod\scripting\馻nkrunFixhealth.sp::IsTankRunActive
L 01/07/2026 - 15:18:05: [SM]   [2] Line 79, C:\Users\Moises\Downloads\Compressed\sourcemod-1.11.0-git6968-windows\addons\sourcemod\scripting\馻nkrunFixhealth.sp::Event_PlayerDeath
L 01/07/2026 - 15:18:06: [SM] Exception reported: Invalid convar handle 0 (error 4)
L 01/07/2026 - 15:18:06: [SM] Blaming: 馻nkrunFixhealth.smx
L 01/07/2026 - 15:18:06: [SM] Call stack trace:
L 01/07/2026 - 15:18:06: [SM]   [0] GetConVarString
L 01/07/2026 - 15:18:06: [SM]   [1] Line 138, C:\Users\Moises\Downloads\Compressed\sourcemod-1.11.0-git6968-windows\addons\sourcemod\scripting\馻nkrunFixhealth.sp::IsTankRunActive
L 01/07/2026 - 15:18:06: [SM]   [2] Line 79, C:\Users\Moises\Downloads\Compressed\sourcemod-1.11.0-git6968-windows\addons\sourcemod\scripting\馻nkrunFixhealth.sp::Event_PlayerDeath
L 01/07/2026 - 15:18:06: [SM] Exception reported: Invalid convar handle 0 (error 4)
L 01/07/2026 - 15:18:06: [SM] Blaming: 馻nkrunFixhealth.smx
L 01/07/2026 - 15:18:06: [SM] Call stack trace:
L 01/07/2026 - 15:18:06: [SM]   [0] GetConVarString
L 01/07/2026 - 15:18:06: [SM]   [1] Line 138, C:\Users\Moises\Downloads\Compressed\sourcemod-1.11.0-git6968-windows\addons\sourcemod\scripting\馻nkrunFixhealth.sp::IsTankRunActive
L 01/07/2026 - 15:18:06: [SM]   [2] Line 79, C:\Users\Moises\Downloads\Compressed\sourcemod-1.11.0-git6968-windows\addons\sourcemod\scripting\馻nkrunFixhealth.sp::Event_PlayerDeath
L 01/07/2026 - 15:18:07: [SM] Exception reported: Invalid convar handle 0 (error 4)
L 01/07/2026 - 15:18:07: [SM] Blaming: 馻nkrunFixhealth.smx
L 01/07/2026 - 15:18:07: [SM] Call stack trace:
L 01/07/2026 - 15:18:07: [SM]   [0] GetConVarString
L 01/07/2026 - 15:18:07: [SM]   [1] Line 138, C:\Users\Moises\Downloads\Compressed\sourcemod-1.11.0-git6968-windows\addons\sourcemod\scripting\馻nkrunFixhealth.sp::IsTankRunActive
L 01/07/2026 - 15:18:07: [SM]   [2] Line 79, C:\Users\Moises\Downloads\Compressed\sourcemod-1.11.0-git6968-windows\addons\sourcemod\scripting\馻nkrunFixhealth.sp::Event_PlayerDeath
L 01/07/2026 - 15:18:07: [SM] Exception reported: Invalid convar handle 0 (error 4)
L 01/07/2026 - 15:18:07: [SM] Blaming: 馻nkrunFixhealth.smx
L 01/07/2026 - 15:18:07: [SM] Call stack trace:
L 01/07/2026 - 15:18:07: [SM]   [0] GetConVarString
L 01/07/2026 - 15:18:07: [SM]   [1] Line 138, C:\Users\Moises\Downloads\Compressed\sourcemod-1.11.0-git6968-windows\addons\sourcemod\scripting\馻nkrunFixhealth.sp::IsTankRunActive
L 01/07/2026 - 15:18:07: [SM]   [2] Line 79, C:\Users\Moises\Downloads\Compressed\sourcemod-1.11.0-git6968-windows\addons\sourcemod\scripting\馻nkrunFixhealth.sp::Event_PlayerDeath
L 01/07/2026 - 15:18:08: [SM] Exception reported: Invalid convar handle 0 (error 4)
L 01/07/2026 - 15:18:08: [SM] Blaming: 馻nkrunFixhealth.smx
L 01/07/2026 - 15:18:08: [SM] Call stack trace:
L 01/07/2026 - 15:18:08: [SM]   [0] GetConVarString
L 01/07/2026 - 15:18:08: [SM]   [1] Line 138, C:\Users\Moises\Downloads\Compressed\sourcemod-1.11.0-git6968-windows\addons\sourcemod\scripting\馻nkrunFixhealth.sp::IsTankRunActive
L 01/07/2026 - 15:18:08: [SM]   [2] Line 79, C:\Users\Moises\Downloads\Compressed\sourcemod-1.11.0-git6968-windows\addons\sourcemod\scripting\馻nkrunFixhealth.sp::Event_PlayerDeath
L 01/07/2026 - 15:18:08: [SM] Exception reported: Invalid convar handle 0 (error 4)
L 01/07/2026 - 15:18:08: [SM] Blaming: 馻nkrunFixhealth.smx
L 01/07/2026 - 15:18:08: [SM] Call stack trace:
L 01/07/2026 - 15:18:08: [SM]   [0] GetConVarString
L 01/07/2026 - 15:18:08: [SM]   [1] Line 138, C:\Users\Moises\Downloads\Compressed\sourcemod-1.11.0-git6968-windows\addons\sourcemod\scripting\馻nkrunFixhealth.sp::IsTankRunActive
L 01/07/2026 - 15:18:08: [SM]   [2] Line 79, C:\Users\Moises\Downloads\Compressed\sourcemod-1.11.0-git6968-windows\addons\sourcemod\scripting\馻nkrunFixhealth.sp::Event_PlayerDeath
L 01/07/2026 - 15:18:09: [SM] Exception reported: Invalid convar handle 0 (error 4)
L 01/07/2026 - 15:18:09: [SM] Blaming: 馻nkrunFixhealth.smx
L 01/07/2026 - 15:18:09: [SM] Call stack trace:
L 01/07/2026 - 15:18:09: [SM]   [0] GetConVarString
L 01/07/2026 - 15:18:09: [SM]   [1] Line 138, C:\Users\Moises\Downloads\Compressed\sourcemod-1.11.0-git6968-windows\addons\sourcemod\scripting\馻nkrunFixhealth.sp::IsTankRunActive
L 01/07/2026 - 15:18:09: [SM]   [2] Line 79, C:\Users\Moises\Downloads\Compressed\sourcemod-1.11.0-git6968-windows\addons\sourcemod\scripting\馻nkrunFixhealth.sp::Event_PlayerDeath
L 01/07/2026 - 15:18:10: [SM] Exception reported: Invalid convar handle 0 (error 4)
L 01/07/2026 - 15:18:10: [SM] Blaming: 馻nkrunFixhealth.smx
L 01/07/2026 - 15:18:10: [SM] Call stack trace:
L 01/07/2026 - 15:18:10: [SM]   [0] GetConVarString
L 01/07/2026 - 15:18:10: [SM]   [1] Line 138, C:\Users\Moises\Downloads\Compressed\sourcemod-1.11.0-git6968-windows\addons\sourcemod\scripting\馻nkrunFixhealth.sp::IsTankRunActive
L 01/07/2026 - 15:18:10: [SM]   [2] Line 36, C:\Users\Moises\Downloads\Compressed\sourcemod-1.11.0-git6968-windows\addons\sourcemod\scripting\馻nkrunFixhealth.sp::Timer_PeriodicCheck
L 01/07/2026 - 15:18:10: [SM] Exception reported: Invalid convar handle 0 (error 4)
L 01/07/2026 - 15:18:10: [SM] Blaming: 馻nkrunFixhealth.smx
L 01/07/2026 - 15:18:10: [SM] Call stack trace:
L 01/07/2026 - 15:18:10: [SM]   [0] GetConVarString
L 01/07/2026 - 15:18:10: [SM]   [1] Line 138, C:\Users\Moises\Downloads\Compressed\sourcemod-1.11.0-git6968-windows\addons\sourcemod\scripting\馻nkrunFixhealth.sp::IsTankRunActive
L 01/07/2026 - 15:18:10: [SM]   [2] Line 79, C:\Users\Moises\Downloads\Compressed\sourcemod-1.11.0-git6968-windows\addons\sourcemod\scripting\馻nkrunFixhealth.sp::Event_PlayerDeath
L 01/07/2026 - 15:18:14: [SM] Exception reported: Invalid convar handle 0 (error 4)
L 01/07/2026 - 15:18:14: [SM] Blaming: 馻nkrunFixhealth.smx
L 01/07/2026 - 15:18:14: [SM] Call stack trace:
L 01/07/2026 - 15:18:14: [SM]   [0] GetConVarString
L 01/07/2026 - 15:18:14: [SM]   [1] Line 138, C:\Users\Moises\Downloads\Compressed\sourcemod-1.11.0-git6968-windows\addons\sourcemod\scripting\馻nkrunFixhealth.sp::IsTankRunActive
L 01/07/2026 - 15:18:14: [SM]   [2] Line 79, C:\Users\Moises\Downloads\Compressed\sourcemod-1.11.0-git6968-windows\addons\sourcemod\scripting\馻nkrunFixhealth.sp::Event_PlayerDeath
L 01/07/2026 - 15:18:15: [SM] Exception reported: Invalid convar handle 0 (error 4)
L 01/07/2026 - 15:18:15: [SM] Blaming: 馻nkrunFixhealth.smx
L 01/07/2026 - 15:18:15: [SM] Call stack trace:
L 01/07/2026 - 15:18:15: [SM]   [0] GetConVarString
L 01/07/2026 - 15:18:15: [SM]   [1] Line 138, C:\Users\Moises\Downloads\Compressed\sourcemod-1.11.0-git6968-windows\addons\sourcemod\scripting\馻nkrunFixhealth.sp::IsTankRunActive
L 01/07/2026 - 15:18:15: [SM]   [2] Line 79, C:\Users\Moises\Downloads\Compressed\sourcemod-1.11.0-git6968-windows\addons\sourcemod\scripting\馻nkrunFixhealth.sp::Event_PlayerDeath
L 01/07/2026 - 15:18:15: [SM] Exception reported: Invalid convar handle 0 (error 4)
L 01/07/2026 - 15:18:15: [SM] Blaming: 馻nkrunFixhealth.smx
L 01/07/2026 - 15:18:15: [SM] Call stack trace:
L 01/07/2026 - 15:18:15: [SM]   [0] GetConVarString
L 01/07/2026 - 15:18:15: [SM]   [1] Line 138, C:\Users\Moises\Downloads\Compressed\sourcemod-1.11.0-git6968-windows\addons\sourcemod\scripting\馻nkrunFixhealth.sp::IsTankRunActive
L 01/07/2026 - 15:18:15: [SM]   [2] Line 79, C:\Users\Moises\Downloads\Compressed\sourcemod-1.11.0-git6968-windows\addons\sourcemod\scripting\馻nkrunFixhealth.sp::Event_PlayerDeath
L 01/07/2026 - 15:18:16: [SM] Exception reported: Invalid convar handle 0 (error 4)
L 01/07/2026 - 15:18:16: [SM] Blaming: 馻nkrunFixhealth.smx
L 01/07/2026 - 15:18:16: [SM] Call stack trace:
L 01/07/2026 - 15:18:16: [SM]   [0] GetConVarString
L 01/07/2026 - 15:18:16: [SM]   [1] Line 138, C:\Users\Moises\Downloads\Compressed\sourcemod-1.11.0-git6968-windows\addons\sourcemod\scripting\馻nkrunFixhealth.sp::IsTankRunActive
L 01/07/2026 - 15:18:16: [SM]   [2] Line 79, C:\Users\Moises\Downloads\Compressed\sourcemod-1.11.0-git6968-windows\addons\sourcemod\scripting\馻nkrunFixhealth.sp::Event_PlayerDeath
L 01/07/2026 - 15:18:17: [SM] Exception reported: Invalid convar handle 0 (error 4)
L 01/07/2026 - 15:18:17: [SM] Blaming: 馻nkrunFixhealth.smx
L 01/07/2026 - 15:18:17: [SM] Call stack trace:
L 01/07/2026 - 15:18:17: [SM]   [0] GetConVarString
L 01/07/2026 - 15:18:17: [SM]   [1] Line 138, C:\Users\Moises\Downloads\Compressed\sourcemod-1.11.0-git6968-windows\addons\sourcemod\scripting\馻nkrunFixhealth.sp::IsTankRunActive
L 01/07/2026 - 15:18:17: [SM]   [2] Line 79, C:\Users\Moises\Downloads\Compressed\sourcemod-1.11.0-git6968-windows\addons\sourcemod\scripting\馻nkrunFixhealth.sp::Event_PlayerDeath
L 01/07/2026 - 15:18:17: [SM] Exception reported: Invalid convar handle 0 (error 4)
L 01/07/2026 - 15:18:17: [SM] Blaming: 馻nkrunFixhealth.smx
L 01/07/2026 - 15:18:17: [SM] Call stack trace:
L 01/07/2026 - 15:18:17: [SM]   [0] GetConVarString
L 01/07/2026 - 15:18:17: [SM]   [1] Line 138, C:\Users\Moises\Downloads\Compressed\sourcemod-1.11.0-git6968-windows\addons\sourcemod\scripting\馻nkrunFixhealth.sp::IsTankRunActive
L 01/07/2026 - 15:18:17: [SM]   [2] Line 79, C:\Users\Moises\Downloads\Compressed\sourcemod-1.11.0-git6968-windows\addons\sourcemod\scripting\馻nkrunFixhealth.sp::Event_PlayerDeath
L 01/07/2026 - 15:18:17: [SM] Exception reported: Invalid convar handle 0 (error 4)
L 01/07/2026 - 15:18:17: [SM] Blaming: 馻nkrunFixhealth.smx
L 01/07/2026 - 15:18:17: [SM] Call stack trace:
L 01/07/2026 - 15:18:17: [SM]   [0] GetConVarString
L 01/07/2026 - 15:18:17: [SM]   [1] Line 138, C:\Users\Moises\Downloads\Compressed\sourcemod-1.11.0-git6968-windows\addons\sourcemod\scripting\馻nkrunFixhealth.sp::IsTankRunActive
L 01/07/2026 - 15:18:17: [SM]   [2] Line 79, C:\Users\Moises\Downloads\Compressed\sourcemod-1.11.0-git6968-windows\addons\sourcemod\scripting\馻nkrunFixhealth.sp::Event_PlayerDeath
L 01/07/2026 - 15:18:17: [SM] Exception reported: Invalid convar handle 0 (error 4)
L 01/07/2026 - 15:18:17: [SM] Blaming: 馻nkrunFixhealth.smx
L 01/07/2026 - 15:18:17: [SM] Call stack trace:
L 01/07/2026 - 15:18:17: [SM]   [0] GetConVarString
L 01/07/2026 - 15:18:17: [SM]   [1] Line 138, C:\Users\Moises\Downloads\Compressed\sourcemod-1.11.0-git6968-windows\addons\sourcemod\scripting\馻nkrunFixhealth.sp::IsTankRunActive
L 01/07/2026 - 15:18:17: [SM]   [2] Line 79, C:\Users\Moises\Downloads\Compressed\sourcemod-1.11.0-git6968-windows\addons\sourcemod\scripting\馻nkrunFixhealth.sp::Event_PlayerDeath
L 01/07/2026 - 15:18:18: [SM] Exception reported: Invalid convar handle 0 (error 4)
L 01/07/2026 - 15:18:18: [SM] Blaming: 馻nkrunFixhealth.smx
L 01/07/2026 - 15:18:18: [SM] Call stack trace:
L 01/07/2026 - 15:18:18: [SM]   [0] GetConVarString
L 01/07/2026 - 15:18:18: [SM]   [1] Line 138, C:\Users\Moises\Downloads\Compressed\sourcemod-1.11.0-git6968-windows\addons\sourcemod\scripting\馻nkrunFixhealth.sp::IsTankRunActive
L 01/07/2026 - 15:18:18: [SM]   [2] Line 79, C:\Users\Moises\Downloads\Compressed\sourcemod-1.11.0-git6968-windows\addons\sourcemod\scripting\馻nkrunFixhealth.sp::Event_PlayerDeath
L 01/07/2026 - 15:18:18: [SM] Exception reported: Invalid convar handle 0 (error 4)
L 01/07/2026 - 15:18:18: [SM] Blaming: 馻nkrunFixhealth.smx
L 01/07/2026 - 15:18:18: [SM] Call stack trace:
L 01/07/2026 - 15:18:18: [SM]   [0] GetConVarString
L 01/07/2026 - 15:18:18: [SM]   [1] Line 138, C:\Users\Moises\Downloads\Compressed\sourcemod-1.11.0-git6968-windows\addons\sourcemod\scripting\馻nkrunFixhealth.sp::IsTankRunActive
L 01/07/2026 - 15:18:18: [SM]   [2] Line 79, C:\Users\Moises\Downloads\Compressed\sourcemod-1.11.0-git6968-windows\addons\sourcemod\scripting\馻nkrunFixhealth.sp::Event_PlayerDeath
L 01/07/2026 - 15:18:19: [SM] Exception reported: Invalid convar handle 0 (error 4)
L 01/07/2026 - 15:18:19: [SM] Blaming: 馻nkrunFixhealth.smx
L 01/07/2026 - 15:18:19: [SM] Call stack trace:
L 01/07/2026 - 15:18:19: [SM]   [0] GetConVarString
L 01/07/2026 - 15:18:19: [SM]   [1] Line 138, C:\Users\Moises\Downloads\Compressed\sourcemod-1.11.0-git6968-windows\addons\sourcemod\scripting\馻nkrunFixhealth.sp::IsTankRunActive
L 01/07/2026 - 15:18:19: [SM]   [2] Line 79, C:\Users\Moises\Downloads\Compressed\sourcemod-1.11.0-git6968-windows\addons\sourcemod\scripting\馻nkrunFixhealth.sp::Event_PlayerDeath
L 01/07/2026 - 15:18:19: [SM] Exception reported: Invalid convar handle 0 (error 4)
L 01/07/2026 - 15:18:19: [SM] Blaming: 馻nkrunFixhealth.smx
L 01/07/2026 - 15:18:19: [SM] Call stack trace:
L 01/07/2026 - 15:18:19: [SM]   [0] GetConVarString
L 01/07/2026 - 15:18:19: [SM]   [1] Line 138, C:\Users\Moises\Downloads\Compressed\sourcemod-1.11.0-git6968-windows\addons\sourcemod\scripting\馻nkrunFixhealth.sp::IsTankRunActive
L 01/07/2026 - 15:18:19: [SM]   [2] Line 79, C:\Users\Moises\Downloads\Compressed\sourcemod-1.11.0-git6968-windows\addons\sourcemod\scripting\馻nkrunFixhealth.sp::Event_PlayerDeath
L 01/07/2026 - 15:18:19: [SM] Exception reported: Invalid convar handle 0 (error 4)
L 01/07/2026 - 15:18:19: [SM] Blaming: 馻nkrunFixhealth.smx
L 01/07/2026 - 15:18:19: [SM] Call stack trace:
L 01/07/2026 - 15:18:19: [SM]   [0] GetConVarString
L 01/07/2026 - 15:18:19: [SM]   [1] Line 138, C:\Users\Moises\Downloads\Compressed\sourcemod-1.11.0-git6968-windows\addons\sourcemod\scripting\馻nkrunFixhealth.sp::IsTankRunActive
L 01/07/2026 - 15:18:19: [SM]   [2] Line 79, C:\Users\Moises\Downloads\Compressed\sourcemod-1.11.0-git6968-windows\addons\sourcemod\scripting\馻nkrunFixhealth.sp::Event_PlayerDeath
L 01/07/2026 - 15:18:20: [SM] Exception reported: Invalid convar handle 0 (error 4)
L 01/07/2026 - 15:18:20: [SM] Blaming: 馻nkrunFixhealth.smx
L 01/07/2026 - 15:18:20: [SM] Call stack trace:
L 01/07/2026 - 15:18:20: [SM]   [0] GetConVarString
L 01/07/2026 - 15:18:20: [SM]   [1] Line 138, C:\Users\Moises\Downloads\Compressed\sourcemod-1.11.0-git6968-windows\addons\sourcemod\scripting\馻nkrunFixhealth.sp::IsTankRunActive
L 01/07/2026 - 15:18:20: [SM]   [2] Line 36, C:\Users\Moises\Downloads\Compressed\sourcemod-1.11.0-git6968-windows\addons\sourcemod\scripting\馻nkrunFixhealth.sp::Timer_PeriodicCheck
L 01/07/2026 - 15:18:21: [SM] Exception reported: Invalid convar handle 0 (error 4)
L 01/07/2026 - 15:18:21: [SM] Blaming: 馻nkrunFixhealth.smx
L 01/07/2026 - 15:18:21: [SM] Call stack trace:
L 01/07/2026 - 15:18:21: [SM]   [0] GetConVarString
L 01/07/2026 - 15:18:21: [SM]   [1] Line 138, C:\Users\Moises\Downloads\Compressed\sourcemod-1.11.0-git6968-windows\addons\sourcemod\scripting\馻nkrunFixhealth.sp::IsTankRunActive
L 01/07/2026 - 15:18:21: [SM]   [2] Line 79, C:\Users\Moises\Downloads\Compressed\sourcemod-1.11.0-git6968-windows\addons\sourcemod\scripting\馻nkrunFixhealth.sp::Event_PlayerDeath
L 01/07/2026 - 15:18:21: [SM] Exception reported: Invalid convar handle 0 (error 4)
L 01/07/2026 - 15:18:21: [SM] Blaming: 馻nkrunFixhealth.smx
L 01/07/2026 - 15:18:21: [SM] Call stack trace:
L 01/07/2026 - 15:18:21: [SM]   [0] GetConVarString
L 01/07/2026 - 15:18:21: [SM]   [1] Line 138, C:\Users\Moises\Downloads\Compressed\sourcemod-1.11.0-git6968-windows\addons\sourcemod\scripting\馻nkrunFixhealth.sp::IsTankRunActive
L 01/07/2026 - 15:18:21: [SM]   [2] Line 79, C:\Users\Moises\Downloads\Compressed\sourcemod-1.11.0-git6968-windows\addons\sourcemod\scripting\馻nkrunFixhealth.sp::Event_PlayerDeath
L 01/07/2026 - 15:18:21: [SM] Exception reported: Invalid convar handle 0 (error 4)
L 01/07/2026 - 15:18:21: [SM] Blaming: 馻nkrunFixhealth.smx
L 01/07/2026 - 15:18:21: [SM] Call stack trace:
L 01/07/2026 - 15:18:21: [SM]   [0] GetConVarString
L 01/07/2026 - 15:18:21: [SM]   [1] Line 138, C:\Users\Moises\Downloads\Compressed\sourcemod-1.11.0-git6968-windows\addons\sourcemod\scripting\馻nkrunFixhealth.sp::IsTankRunActive
L 01/07/2026 - 15:18:21: [SM]   [2] Line 79, C:\Users\Moises\Downloads\Compressed\sourcemod-1.11.0-git6968-windows\addons\sourcemod\scripting\馻nkrunFixhealth.sp::Event_PlayerDeath
L 01/07/2026 - 15:18:22: [SM] Exception reported: Invalid convar handle 0 (error 4)
L 01/07/2026 - 15:18:22: [SM] Blaming: 馻nkrunFixhealth.smx
L 01/07/2026 - 15:18:22: [SM] Call stack trace:
L 01/07/2026 - 15:18:22: [SM]   [0] GetConVarString
L 01/07/2026 - 15:18:22: [SM]   [1] Line 138, C:\Users\Moises\Downloads\Compressed\sourcemod-1.11.0-git6968-windows\addons\sourcemod\scripting\馻nkrunFixhealth.sp::IsTankRunActive
L 01/07/2026 - 15:18:22: [SM]   [2] Line 79, C:\Users\Moises\Downloads\Compressed\sourcemod-1.11.0-git6968-windows\addons\sourcemod\scripting\馻nkrunFixhealth.sp::Event_PlayerDeath
L 01/07/2026 - 15:18:22: [SM] Exception reported: Invalid convar handle 0 (error 4)
L 01/07/2026 - 15:18:22: [SM] Blaming: 馻nkrunFixhealth.smx
L 01/07/2026 - 15:18:22: [SM] Call stack trace:
L 01/07/2026 - 15:18:22: [SM]   [0] GetConVarString
L 01/07/2026 - 15:18:22: [SM]   [1] Line 138, C:\Users\Moises\Downloads\Compressed\sourcemod-1.11.0-git6968-windows\addons\sourcemod\scripting\馻nkrunFixhealth.sp::IsTankRunActive
L 01/07/2026 - 15:18:22: [SM]   [2] Line 79, C:\Users\Moises\Downloads\Compressed\sourcemod-1.11.0-git6968-windows\addons\sourcemod\scripting\馻nkrunFixhealth.sp::Event_PlayerDeath
L 01/07/2026 - 15:18:23: [SM] Exception reported: Invalid convar handle 0 (error 4)
L 01/07/2026 - 15:18:23: [SM] Blaming: 馻nkrunFixhealth.smx
L 01/07/2026 - 15:18:23: [SM] Call stack trace:
L 01/07/2026 - 15:18:23: [SM]   [0] GetConVarString
L 01/07/2026 - 15:18:23: [SM]   [1] Line 138, C:\Users\Moises\Downloads\Compressed\sourcemod-1.11.0-git6968-windows\addons\sourcemod\scripting\馻nkrunFixhealth.sp::IsTankRunActive
L 01/07/2026 - 15:18:23: [SM]   [2] Line 79, C:\Users\Moises\Downloads\Compressed\sourcemod-1.11.0-git6968-windows\addons\sourcemod\scripting\馻nkrunFixhealth.sp::Event_PlayerDeath
L 01/07/2026 - 15:18:24: [SM] Exception reported: Invalid convar handle 0 (error 4)
L 01/07/2026 - 15:18:24: [SM] Blaming: 馻nkrunFixhealth.smx
L 01/07/2026 - 15:18:24: [SM] Call stack trace:
L 01/07/2026 - 15:18:24: [SM]   [0] GetConVarString
L 01/07/2026 - 15:18:24: [SM]   [1] Line 138, C:\Users\Moises\Downloads\Compressed\sourcemod-1.11.0-git6968-windows\addons\sourcemod\scripting\馻nkrunFixhealth.sp::IsTankRunActive
L 01/07/2026 - 15:18:24: [SM]   [2] Line 79, C:\Users\Moises\Downloads\Compressed\sourcemod-1.11.0-git6968-windows\addons\sourcemod\scripting\馻nkrunFixhealth.sp::Event_PlayerDeath
L 01/07/2026 - 15:18:25: [SM] Exception reported: Invalid convar handle 0 (error 4)
L 01/07/2026 - 15:18:25: [SM] Blaming: 馻nkrunFixhealth.smx
L 01/07/2026 - 15:18:25: [SM] Call stack trace:
L 01/07/2026 - 15:18:25: [SM]   [0] GetConVarString
L 01/07/2026 - 15:18:25: [SM]   [1] Line 138, C:\Users\Moises\Downloads\Compressed\sourcemod-1.11.0-git6968-windows\addons\sourcemod\scripting\馻nkrunFixhealth.sp::IsTankRunActive
L 01/07/2026 - 15:18:25: [SM]   [2] Line 79, C:\Users\Moises\Downloads\Compressed\sourcemod-1.11.0-git6968-windows\addons\sourcemod\scripting\馻nkrunFixhealth.sp::Event_PlayerDeath
L 01/07/2026 - 15:18:25: [SM] Exception reported: Invalid convar handle 0 (error 4)
L 01/07/2026 - 15:18:25: [SM] Blaming: 馻nkrunFixhealth.smx
L 01/07/2026 - 15:18:25: [SM] Call stack trace:
L 01/07/2026 - 15:18:25: [SM]   [0] GetConVarString
L 01/07/2026 - 15:18:25: [SM]   [1] Line 138, C:\Users\Moises\Downloads\Compressed\sourcemod-1.11.0-git6968-windows\addons\sourcemod\scripting\馻nkrunFixhealth.sp::IsTankRunActive
L 01/07/2026 - 15:18:25: [SM]   [2] Line 79, C:\Users\Moises\Downloads\Compressed\sourcemod-1.11.0-git6968-windows\addons\sourcemod\scripting\馻nkrunFixhealth.sp::Event_PlayerDeath
L 01/07/2026 - 15:18:25: [SM] Exception reported: Invalid convar handle 0 (error 4)
L 01/07/2026 - 15:18:26: [SM] Blaming: 馻nkrunFixhealth.smx
L 01/07/2026 - 15:18:26: [SM] Call stack trace:
L 01/07/2026 - 15:18:26: [SM]   [0] GetConVarString
L 01/07/2026 - 15:18:26: [SM]   [1] Line 138, C:\Users\Moises\Downloads\Compressed\sourcemod-1.11.0-git6968-windows\addons\sourcemod\scripting\馻nkrunFixhealth.sp::IsTankRunActive
L 01/07/2026 - 15:18:26: [SM]   [2] Line 79, C:\Users\Moises\Downloads\Compressed\sourcemod-1.11.0-git6968-windows\addons\sourcemod\scripting\馻nkrunFixhealth.sp::Event_PlayerDeath
L 01/07/2026 - 15:18:26: [SM] Exception reported: Invalid timer handle b4f00413 (error 1)
L 01/07/2026 - 15:18:26: [SM] Blaming: l4d2_playerjoining_v2.smx
L 01/07/2026 - 15:18:26: [SM] Call stack trace:
L 01/07/2026 - 15:18:26: [SM]   [0] KillTimer
L 01/07/2026 - 15:18:26: [SM]   [1] Line 53, C:\Users\Moises\Downloads\Compressed\sourcemod-1.11.0-git6968-windows\addons\sourcemod\scripting\l4d2_playerjoining_v2.sp::OnClientDisconnect
L 01/07/2026 - 15:18:26: [SM] Exception reported: Invalid convar handle 0 (error 4)
L 01/07/2026 - 15:18:26: [SM] Blaming: 馻nkrunFixhealth.smx
L 01/07/2026 - 15:18:26: [SM] Call stack trace:
L 01/07/2026 - 15:18:26: [SM]   [0] GetConVarString
L 01/07/2026 - 15:18:26: [SM]   [1] Line 138, C:\Users\Moises\Downloads\Compressed\sourcemod-1.11.0-git6968-windows\addons\sourcemod\scripting\馻nkrunFixhealth.sp::IsTankRunActive
L 01/07/2026 - 15:18:26: [SM]   [2] Line 79, C:\Users\Moises\Downloads\Compressed\sourcemod-1.11.0-git6968-windows\addons\sourcemod\scripting\馻nkrunFixhealth.sp::Event_PlayerDeath
L 01/07/2026 - 15:18:26: [SM] Exception reported: Invalid convar handle 0 (error 4)
L 01/07/2026 - 15:18:27: [SM] Blaming: 馻nkrunFixhealth.smx
L 01/07/2026 - 15:18:27: [SM] Call stack trace:
L 01/07/2026 - 15:18:27: [SM]   [0] GetConVarString
L 01/07/2026 - 15:18:27: [SM]   [1] Line 138, C:\Users\Moises\Downloads\Compressed\sourcemod-1.11.0-git6968-windows\addons\sourcemod\scripting\馻nkrunFixhealth.sp::IsTankRunActive
L 01/07/2026 - 15:18:27: [SM]   [2] Line 79, C:\Users\Moises\Downloads\Compressed\sourcemod-1.11.0-git6968-windows\addons\sourcemod\scripting\馻nkrunFixhealth.sp::Event_PlayerDeath
L 01/07/2026 - 15:18:27: [SM] Exception reported: Invalid convar handle 0 (error 4)
L 01/07/2026 - 15:18:27: [SM] Blaming: 馻nkrunFixhealth.smx
L 01/07/2026 - 15:18:27: [SM] Call stack trace:
L 01/07/2026 - 15:18:27: [SM]   [0] GetConVarString
L 01/07/2026 - 15:18:27: [SM]   [1] Line 138, C:\Users\Moises\Downloads\Compressed\sourcemod-1.11.0-git6968-windows\addons\sourcemod\scripting\馻nkrunFixhealth.sp::IsTankRunActive
L 01/07/2026 - 15:18:27: [SM]   [2] Line 79, C:\Users\Moises\Downloads\Compressed\sourcemod-1.11.0-git6968-windows\addons\sourcemod\scripting\馻nkrunFixhealth.sp::Event_PlayerDeath
L 01/07/2026 - 15:18:27: [SM] Exception reported: Invalid convar handle 0 (error 4)
L 01/07/2026 - 15:18:27: [SM] Blaming: 馻nkrunFixhealth.smx
L 01/07/2026 - 15:18:27: [SM] Call stack trace:
L 01/07/2026 - 15:18:27: [SM]   [0] GetConVarString
L 01/07/2026 - 15:18:27: [SM]   [1] Line 138, C:\Users\Moises\Downloads\Compressed\sourcemod-1.11.0-git6968-windows\addons\sourcemod\scripting\馻nkrunFixhealth.sp::IsTankRunActive
L 01/07/2026 - 15:18:27: [SM]   [2] Line 79, C:\Users\Moises\Downloads\Compressed\sourcemod-1.11.0-git6968-windows\addons\sourcemod\scripting\馻nkrunFixhealth.sp::Event_PlayerDeath
L 01/07/2026 - 15:18:28: [SM] Exception reported: Invalid convar handle 0 (error 4)
L 01/07/2026 - 15:18:28: [SM] Blaming: 馻nkrunFixhealth.smx
L 01/07/2026 - 15:18:28: [SM] Call stack trace:
L 01/07/2026 - 15:18:28: [SM]   [0] GetConVarString
L 01/07/2026 - 15:18:28: [SM]   [1] Line 138, C:\Users\Moises\Downloads\Compressed\sourcemod-1.11.0-git6968-windows\addons\sourcemod\scripting\馻nkrunFixhealth.sp::IsTankRunActive
L 01/07/2026 - 15:18:28: [SM]   [2] Line 79, C:\Users\Moises\Downloads\Compressed\sourcemod-1.11.0-git6968-windows\addons\sourcemod\scripting\馻nkrunFixhealth.sp::Event_PlayerDeath
L 01/07/2026 - 15:18:30: [SM] Exception reported: Invalid convar handle 0 (error 4)
L 01/07/2026 - 15:18:30: [SM] Blaming: 馻nkrunFixhealth.smx
L 01/07/2026 - 15:18:30: [SM] Call stack trace:
L 01/07/2026 - 15:18:30: [SM]   [0] GetConVarString
L 01/07/2026 - 15:18:30: [SM]   [1] Line 138, C:\Users\Moises\Downloads\Compressed\sourcemod-1.11.0-git6968-windows\addons\sourcemod\scripting\馻nkrunFixhealth.sp::IsTankRunActive
L 01/07/2026 - 15:18:30: [SM]   [2] Line 79, C:\Users\Moises\Downloads\Compressed\sourcemod-1.11.0-git6968-windows\addons\sourcemod\scripting\馻nkrunFixhealth.sp::Event_PlayerDeath
L 01/07/2026 - 15:18:30: [SM] Exception reported: Invalid convar handle 0 (error 4)
L 01/07/2026 - 15:18:30: [SM] Blaming: 馻nkrunFixhealth.smx
L 01/07/2026 - 15:18:30: [SM] Call stack trace:
L 01/07/2026 - 15:18:30: [SM]   [0] GetConVarString
L 01/07/2026 - 15:18:30: [SM]   [1] Line 138, C:\Users\Moises\Downloads\Compressed\sourcemod-1.11.0-git6968-windows\addons\sourcemod\scripting\馻nkrunFixhealth.sp::IsTankRunActive
L 01/07/2026 - 15:18:30: [SM]   [2] Line 36, C:\Users\Moises\Downloads\Compressed\sourcemod-1.11.0-git6968-windows\addons\sourcemod\scripting\馻nkrunFixhealth.sp::Timer_PeriodicCheck
L 01/07/2026 - 15:18:30: [SM] Exception reported: Invalid convar handle 0 (error 4)
L 01/07/2026 - 15:18:30: [SM] Blaming: 馻nkrunFixhealth.smx
L 01/07/2026 - 15:18:30: [SM] Call stack trace:
L 01/07/2026 - 15:18:30: [SM]   [0] GetConVarString
L 01/07/2026 - 15:18:30: [SM]   [1] Line 138, C:\Users\Moises\Downloads\Compressed\sourcemod-1.11.0-git6968-windows\addons\sourcemod\scripting\馻nkrunFixhealth.sp::IsTankRunActive
L 01/07/2026 - 15:18:30: [SM]   [2] Line 79, C:\Users\Moises\Downloads\Compressed\sourcemod-1.11.0-git6968-windows\addons\sourcemod\scripting\馻nkrunFixhealth.sp::Event_PlayerDeath
L 01/07/2026 - 15:18:30: [SM] Exception reported: Invalid convar handle 0 (error 4)
L 01/07/2026 - 15:18:30: [SM] Blaming: 馻nkrunFixhealth.smx
L 01/07/2026 - 15:18:30: [SM] Call stack trace:
L 01/07/2026 - 15:18:30: [SM]   [0] GetConVarString
L 01/07/2026 - 15:18:30: [SM]   [1] Line 138, C:\Users\Moises\Downloads\Compressed\sourcemod-1.11.0-git6968-windows\addons\sourcemod\scripting\馻nkrunFixhealth.sp::IsTankRunActive
L 01/07/2026 - 15:18:30: [SM]   [2] Line 79, C:\Users\Moises\Downloads\Compressed\sourcemod-1.11.0-git6968-windows\addons\sourcemod\scripting\馻nkrunFixhealth.sp::Event_PlayerDeath
L 01/07/2026 - 15:18:30: [SM] Exception reported: Invalid convar handle 0 (error 4)
L 01/07/2026 - 15:18:30: [SM] Blaming: 馻nkrunFixhealth.smx
L 01/07/2026 - 15:18:30: [SM] Call stack trace:
L 01/07/2026 - 15:18:30: [SM]   [0] GetConVarString
L 01/07/2026 - 15:18:30: [SM]   [1] Line 138, C:\Users\Moises\Downloads\Compressed\sourcemod-1.11.0-git6968-windows\addons\sourcemod\scripting\馻nkrunFixhealth.sp::IsTankRunActive
L 01/07/2026 - 15:18:30: [SM]   [2] Line 79, C:\Users\Moises\Downloads\Compressed\sourcemod-1.11.0-git6968-windows\addons\sourcemod\scripting\馻nkrunFixhealth.sp::Event_PlayerDeath
L 01/07/2026 - 15:18:30: [SM] Exception reported: Invalid convar handle 0 (error 4)
L 01/07/2026 - 15:18:30: [SM] Blaming: 馻nkrunFixhealth.smx
L 01/07/2026 - 15:18:30: [SM] Call stack trace:
L 01/07/2026 - 15:18:30: [SM]   [0] GetConVarString
L 01/07/2026 - 15:18:30: [SM]   [1] Line 138, C:\Users\Moises\Downloads\Compressed\sourcemod-1.11.0-git6968-windows\addons\sourcemod\scripting\馻nkrunFixhealth.sp::IsTankRunActive
L 01/07/2026 - 15:18:30: [SM]   [2] Line 79, C:\Users\Moises\Downloads\Compressed\sourcemod-1.11.0-git6968-windows\addons\sourcemod\scripting\馻nkrunFixhealth.sp::Event_PlayerDeath
L 01/07/2026 - 15:18:30: [SM] Exception reported: Invalid convar handle 0 (error 4)
L 01/07/2026 - 15:18:30: [SM] Blaming: 馻nkrunFixhealth.smx
L 01/07/2026 - 15:18:30: [SM] Call stack trace:
L 01/07/2026 - 15:18:30: [SM]   [0] GetConVarString
L 01/07/2026 - 15:18:30: [SM]   [1] Line 138, C:\Users\Moises\Downloads\Compressed\sourcemod-1.11.0-git6968-windows\addons\sourcemod\scripting\馻nkrunFixhealth.sp::IsTankRunActive
L 01/07/2026 - 15:18:30: [SM]   [2] Line 79, C:\Users\Moises\Downloads\Compressed\sourcemod-1.11.0-git6968-windows\addons\sourcemod\scripting\馻nkrunFixhealth.sp::Event_PlayerDeath
L 01/07/2026 - 15:18:31: [SM] Exception reported: Invalid convar handle 0 (error 4)
L 01/07/2026 - 15:18:31: [SM] Blaming: 馻nkrunFixhealth.smx
L 01/07/2026 - 15:18:31: [SM] Call stack trace:
L 01/07/2026 - 15:18:31: [SM]   [0] GetConVarString
L 01/07/2026 - 15:18:31: [SM]   [1] Line 138, C:\Users\Moises\Downloads\Compressed\sourcemod-1.11.0-git6968-windows\addons\sourcemod\scripting\馻nkrunFixhealth.sp::IsTankRunActive
L 01/07/2026 - 15:18:31: [SM]   [2] Line 79, C:\Users\Moises\Downloads\Compressed\sourcemod-1.11.0-git6968-windows\addons\sourcemod\scripting\馻nkrunFixhealth.sp::Event_PlayerDeath
L 01/07/2026 - 15:18:32: [SM] Exception reported: Invalid convar handle 0 (error 4)
L 01/07/2026 - 15:18:32: [SM] Blaming: 馻nkrunFixhealth.smx
L 01/07/2026 - 15:18:32: [SM] Call stack trace:
L 01/07/2026 - 15:18:32: [SM]   [0] GetConVarString
L 01/07/2026 - 15:18:32: [SM]   [1] Line 138, C:\Users\Moises\Downloads\Compressed\sourcemod-1.11.0-git6968-windows\addons\sourcemod\scripting\馻nkrunFixhealth.sp::IsTankRunActive
L 01/07/2026 - 15:18:32: [SM]   [2] Line 79, C:\Users\Moises\Downloads\Compressed\sourcemod-1.11.0-git6968-windows\addons\sourcemod\scripting\馻nkrunFixhealth.sp::Event_PlayerDeath
L 01/07/2026 - 15:18:33: [SM] Exception reported: Invalid convar handle 0 (error 4)
L 01/07/2026 - 15:18:33: [SM] Blaming: 馻nkrunFixhealth.smx
L 01/07/2026 - 15:18:33: [SM] Call stack trace:
L 01/07/2026 - 15:18:33: [SM]   [0] GetConVarString
L 01/07/2026 - 15:18:33: [SM]   [1] Line 138, C:\Users\Moises\Downloads\Compressed\sourcemod-1.11.0-git6968-windows\addons\sourcemod\scripting\馻nkrunFixhealth.sp::IsTankRunActive
L 01/07/2026 - 15:18:33: [SM]   [2] Line 79, C:\Users\Moises\Downloads\Compressed\sourcemod-1.11.0-git6968-windows\addons\sourcemod\scripting\馻nkrunFixhealth.sp::Event_PlayerDeath
L 01/07/2026 - 15:18:34: [SM] Exception reported: Invalid convar handle 0 (error 4)
L 01/07/2026 - 15:18:34: [SM] Blaming: 馻nkrunFixhealth.smx
L 01/07/2026 - 15:18:34: [SM] Call stack trace:
L 01/07/2026 - 15:18:34: [SM]   [0] GetConVarString
L 01/07/2026 - 15:18:34: [SM]   [1] Line 138, C:\Users\Moises\Downloads\Compressed\sourcemod-1.11.0-git6968-windows\addons\sourcemod\scripting\馻nkrunFixhealth.sp::IsTankRunActive
L 01/07/2026 - 15:18:34: [SM]   [2] Line 79, C:\Users\Moises\Downloads\Compressed\sourcemod-1.11.0-git6968-windows\addons\sourcemod\scripting\馻nkrunFixhealth.sp::Event_PlayerDeath
L 01/07/2026 - 15:18:34: [SM] Exception reported: Invalid timer handle de300411 (error 1)
L 01/07/2026 - 15:18:34: [SM] Blaming: l4d2_playerjoining_v2.smx
L 01/07/2026 - 15:18:34: [SM] Call stack trace:
L 01/07/2026 - 15:18:34: [SM]   [0] KillTimer
L 01/07/2026 - 15:18:34: [SM]   [1] Line 53, C:\Users\Moises\Downloads\Compressed\sourcemod-1.11.0-git6968-windows\addons\sourcemod\scripting\l4d2_playerjoining_v2.sp::OnClientDisconnect
L 01/07/2026 - 15:18:40: [SM] Exception reported: Invalid convar handle 0 (error 4)
L 01/07/2026 - 15:18:40: [SM] Blaming: 馻nkrunFixhealth.smx
L 01/07/2026 - 15:18:40: [SM] Call stack trace:
L 01/07/2026 - 15:18:40: [SM]   [0] GetConVarString
L 01/07/2026 - 15:18:40: [SM]   [1] Line 138, C:\Users\Moises\Downloads\Compressed\sourcemod-1.11.0-git6968-windows\addons\sourcemod\scripting\馻nkrunFixhealth.sp::IsTankRunActive
L 01/07/2026 - 15:18:40: [SM]   [2] Line 36, C:\Users\Moises\Downloads\Compressed\sourcemod-1.11.0-git6968-windows\addons\sourcemod\scripting\馻nkrunFixhealth.sp::Timer_PeriodicCheck
L 01/07/2026 - 15:18:45: [SM] Exception reported: Invalid convar handle 0 (error 4)
L 01/07/2026 - 15:18:45: [SM] Blaming: 馻nkrunFixhealth.smx
L 01/07/2026 - 15:18:45: [SM] Call stack trace:
L 01/07/2026 - 15:18:45: [SM]   [0] GetConVarString
L 01/07/2026 - 15:18:45: [SM]   [1] Line 138, C:\Users\Moises\Downloads\Compressed\sourcemod-1.11.0-git6968-windows\addons\sourcemod\scripting\馻nkrunFixhealth.sp::IsTankRunActive
L 01/07/2026 - 15:18:45: [SM]   [2] Line 79, C:\Users\Moises\Downloads\Compressed\sourcemod-1.11.0-git6968-windows\addons\sourcemod\scripting\馻nkrunFixhealth.sp::Event_PlayerDeath
L 01/07/2026 - 15:18:46: [SM] Exception reported: Invalid convar handle 0 (error 4)
L 01/07/2026 - 15:18:46: [SM] Blaming: 馻nkrunFixhealth.smx
L 01/07/2026 - 15:18:46: [SM] Call stack trace:
L 01/07/2026 - 15:18:46: [SM]   [0] GetConVarString
L 01/07/2026 - 15:18:46: [SM]   [1] Line 138, C:\Users\Moises\Downloads\Compressed\sourcemod-1.11.0-git6968-windows\addons\sourcemod\scripting\馻nkrunFixhealth.sp::IsTankRunActive
L 01/07/2026 - 15:18:46: [SM]   [2] Line 79, C:\Users\Moises\Downloads\Compressed\sourcemod-1.11.0-git6968-windows\addons\sourcemod\scripting\馻nkrunFixhealth.sp::Event_PlayerDeath
L 01/07/2026 - 15:18:46: [SM] Exception reported: Invalid convar handle 0 (error 4)
L 01/07/2026 - 15:18:46: [SM] Blaming: 馻nkrunFixhealth.smx
L 01/07/2026 - 15:18:46: [SM] Call stack trace:
L 01/07/2026 - 15:18:46: [SM]   [0] GetConVarString
L 01/07/2026 - 15:18:46: [SM]   [1] Line 138, C:\Users\Moises\Downloads\Compressed\sourcemod-1.11.0-git6968-windows\addons\sourcemod\scripting\馻nkrunFixhealth.sp::IsTankRunActive
L 01/07/2026 - 15:18:46: [SM]   [2] Line 79, C:\Users\Moises\Downloads\Compressed\sourcemod-1.11.0-git6968-windows\addons\sourcemod\scripting\馻nkrunFixhealth.sp::Event_PlayerDeath
L 01/07/2026 - 15:18:47: [SM] Exception reported: Invalid convar handle 0 (error 4)
L 01/07/2026 - 15:18:47: [SM] Blaming: 馻nkrunFixhealth.smx
L 01/07/2026 - 15:18:47: [SM] Call stack trace:
L 01/07/2026 - 15:18:47: [SM]   [0] GetConVarString
L 01/07/2026 - 15:18:47: [SM]   [1] Line 138, C:\Users\Moises\Downloads\Compressed\sourcemod-1.11.0-git6968-windows\addons\sourcemod\scripting\馻nkrunFixhealth.sp::IsTankRunActive
L 01/07/2026 - 15:18:47: [SM]   [2] Line 79, C:\Users\Moises\Downloads\Compressed\sourcemod-1.11.0-git6968-windows\addons\sourcemod\scripting\馻nkrunFixhealth.sp::Event_PlayerDeath
L 01/07/2026 - 15:18:47: [SM] Exception reported: Invalid convar handle 0 (error 4)
L 01/07/2026 - 15:18:47: [SM] Blaming: 馻nkrunFixhealth.smx
L 01/07/2026 - 15:18:47: [SM] Call stack trace:
L 01/07/2026 - 15:18:47: [SM]   [0] GetConVarString
L 01/07/2026 - 15:18:47: [SM]   [1] Line 138, C:\Users\Moises\Downloads\Compressed\sourcemod-1.11.0-git6968-windows\addons\sourcemod\scripting\馻nkrunFixhealth.sp::IsTankRunActive
L 01/07/2026 - 15:18:47: [SM]   [2] Line 79, C:\Users\Moises\Downloads\Compressed\sourcemod-1.11.0-git6968-windows\addons\sourcemod\scripting\馻nkrunFixhealth.sp::Event_PlayerDeath
L 01/07/2026 - 15:18:47: [SM] Exception reported: Invalid convar handle 0 (error 4)
L 01/07/2026 - 15:18:47: [SM] Blaming: 馻nkrunFixhealth.smx
L 01/07/2026 - 15:18:47: [SM] Call stack trace:
L 01/07/2026 - 15:18:47: [SM]   [0] GetConVarString
L 01/07/2026 - 15:18:47: [SM]   [1] Line 138, C:\Users\Moises\Downloads\Compressed\sourcemod-1.11.0-git6968-windows\addons\sourcemod\scripting\馻nkrunFixhealth.sp::IsTankRunActive
L 01/07/2026 - 15:18:47: [SM]   [2] Line 79, C:\Users\Moises\Downloads\Compressed\sourcemod-1.11.0-git6968-windows\addons\sourcemod\scripting\馻nkrunFixhealth.sp::Event_PlayerDeath
L 01/07/2026 - 15:18:47: [SM] Exception reported: Invalid convar handle 0 (error 4)
L 01/07/2026 - 15:18:47: [SM] Blaming: 馻nkrunFixhealth.smx
L 01/07/2026 - 15:18:47: [SM] Call stack trace:
L 01/07/2026 - 15:18:47: [SM]   [0] GetConVarString
L 01/07/2026 - 15:18:47: [SM]   [1] Line 138, C:\Users\Moises\Downloads\Compressed\sourcemod-1.11.0-git6968-windows\addons\sourcemod\scripting\馻nkrunFixhealth.sp::IsTankRunActive
L 01/07/2026 - 15:18:47: [SM]   [2] Line 79, C:\Users\Moises\Downloads\Compressed\sourcemod-1.11.0-git6968-windows\addons\sourcemod\scripting\馻nkrunFixhealth.sp::Event_PlayerDeath
L 01/07/2026 - 15:18:48: [SM] Exception reported: Invalid convar handle 0 (error 4)
L 01/07/2026 - 15:18:48: [SM] Blaming: 馻nkrunFixhealth.smx
L 01/07/2026 - 15:18:48: [SM] Call stack trace:
L 01/07/2026 - 15:18:48: [SM]   [0] GetConVarString
L 01/07/2026 - 15:18:48: [SM]   [1] Line 138, C:\Users\Moises\Downloads\Compressed\sourcemod-1.11.0-git6968-windows\addons\sourcemod\scripting\馻nkrunFixhealth.sp::IsTankRunActive
L 01/07/2026 - 15:18:48: [SM]   [2] Line 79, C:\Users\Moises\Downloads\Compressed\sourcemod-1.11.0-git6968-windows\addons\sourcemod\scripting\馻nkrunFixhealth.sp::Event_PlayerDeath
L 01/07/2026 - 15:18:49: [SM] Exception reported: Invalid convar handle 0 (error 4)
L 01/07/2026 - 15:18:49: [SM] Blaming: 馻nkrunFixhealth.smx
L 01/07/2026 - 15:18:49: [SM] Call stack trace:
L 01/07/2026 - 15:18:49: [SM]   [0] GetConVarString
L 01/07/2026 - 15:18:49: [SM]   [1] Line 138, C:\Users\Moises\Downloads\Compressed\sourcemod-1.11.0-git6968-windows\addons\sourcemod\scripting\馻nkrunFixhealth.sp::IsTankRunActive
L 01/07/2026 - 15:18:49: [SM]   [2] Line 79, C:\Users\Moises\Downloads\Compressed\sourcemod-1.11.0-git6968-windows\addons\sourcemod\scripting\馻nkrunFixhealth.sp::Event_PlayerDeath
L 01/07/2026 - 15:18:50: [SM] Exception reported: Invalid convar handle 0 (error 4)
L 01/07/2026 - 15:18:50: [SM] Blaming: 馻nkrunFixhealth.smx
L 01/07/2026 - 15:18:50: [SM] Call stack trace:
L 01/07/2026 - 15:18:50: [SM]   [0] GetConVarString
L 01/07/2026 - 15:18:50: [SM]   [1] Line 138, C:\Users\Moises\Downloads\Compressed\sourcemod-1.11.0-git6968-windows\addons\sourcemod\scripting\馻nkrunFixhealth.sp::IsTankRunActive
L 01/07/2026 - 15:18:50: [SM]   [2] Line 79, C:\Users\Moises\Downloads\Compressed\sourcemod-1.11.0-git6968-windows\addons\sourcemod\scripting\馻nkrunFixhealth.sp::Event_PlayerDeath
L 01/07/2026 - 15:18:50: [SM] Exception reported: Invalid convar handle 0 (error 4)
L 01/07/2026 - 15:18:50: [SM] Blaming: 馻nkrunFixhealth.smx
L 01/07/2026 - 15:18:50: [SM] Call stack trace:
L 01/07/2026 - 15:18:50: [SM]   [0] GetConVarString
L 01/07/2026 - 15:18:50: [SM]   [1] Line 138, C:\Users\Moises\Downloads\Compressed\sourcemod-1.11.0-git6968-windows\addons\sourcemod\scripting\馻nkrunFixhealth.sp::IsTankRunActive
L 01/07/2026 - 15:18:50: [SM]   [2] Line 36, C:\Users\Moises\Downloads\Compressed\sourcemod-1.11.0-git6968-windows\addons\sourcemod\scripting\馻nkrunFixhealth.sp::Timer_PeriodicCheck
L 01/07/2026 - 15:18:51: [SM] Exception reported: Invalid convar handle 0 (error 4)
L 01/07/2026 - 15:18:51: [SM] Blaming: 馻nkrunFixhealth.smx
L 01/07/2026 - 15:18:51: [SM] Call stack trace:
L 01/07/2026 - 15:18:51: [SM]   [0] GetConVarString
L 01/07/2026 - 15:18:51: [SM]   [1] Line 138, C:\Users\Moises\Downloads\Compressed\sourcemod-1.11.0-git6968-windows\addons\sourcemod\scripting\馻nkrunFixhealth.sp::IsTankRunActive
L 01/07/2026 - 15:18:51: [SM]   [2] Line 79, C:\Users\Moises\Downloads\Compressed\sourcemod-1.11.0-git6968-windows\addons\sourcemod\scripting\馻nkrunFixhealth.sp::Event_PlayerDeath
L 01/07/2026 - 15:18:57: [SM] Exception reported: Invalid convar handle 0 (error 4)
L 01/07/2026 - 15:18:57: [SM] Blaming: 馻nkrunFixhealth.smx
L 01/07/2026 - 15:18:57: [SM] Call stack trace:
L 01/07/2026 - 15:18:57: [SM]   [0] GetConVarString
L 01/07/2026 - 15:18:57: [SM]   [1] Line 138, C:\Users\Moises\Downloads\Compressed\sourcemod-1.11.0-git6968-windows\addons\sourcemod\scripting\馻nkrunFixhealth.sp::IsTankRunActive
L 01/07/2026 - 15:18:57: [SM]   [2] Line 79, C:\Users\Moises\Downloads\Compressed\sourcemod-1.11.0-git6968-windows\addons\sourcemod\scripting\馻nkrunFixhealth.sp::Event_PlayerDeath
L 01/07/2026 - 15:18:59: [SM] Exception reported: Invalid convar handle 0 (error 4)
L 01/07/2026 - 15:18:59: [SM] Blaming: 馻nkrunFixhealth.smx
L 01/07/2026 - 15:18:59: [SM] Call stack trace:
L 01/07/2026 - 15:18:59: [SM]   [0] GetConVarString
L 01/07/2026 - 15:18:59: [SM]   [1] Line 138, C:\Users\Moises\Downloads\Compressed\sourcemod-1.11.0-git6968-windows\addons\sourcemod\scripting\馻nkrunFixhealth.sp::IsTankRunActive
L 01/07/2026 - 15:18:59: [SM]   [2] Line 79, C:\Users\Moises\Downloads\Compressed\sourcemod-1.11.0-git6968-windows\addons\sourcemod\scripting\馻nkrunFixhealth.sp::Event_PlayerDeath
L 01/07/2026 - 15:19:00: [SM] Exception reported: Invalid convar handle 0 (error 4)
L 01/07/2026 - 15:19:00: [SM] Blaming: 馻nkrunFixhealth.smx
L 01/07/2026 - 15:19:00: [SM] Call stack trace:
L 01/07/2026 - 15:19:00: [SM]   [0] GetConVarString
L 01/07/2026 - 15:19:00: [SM]   [1] Line 138, C:\Users\Moises\Downloads\Compressed\sourcemod-1.11.0-git6968-windows\addons\sourcemod\scripting\馻nkrunFixhealth.sp::IsTankRunActive
L 01/07/2026 - 15:19:00: [SM]   [2] Line 36, C:\Users\Moises\Downloads\Compressed\sourcemod-1.11.0-git6968-windows\addons\sourcemod\scripting\馻nkrunFixhealth.sp::Timer_PeriodicCheck
L 01/07/2026 - 15:19:04: [SM] Exception reported: Invalid timer handle b4f00413 (error 3)
L 01/07/2026 - 15:19:04: [SM] Blaming: l4d2_playerjoining_v2.smx
L 01/07/2026 - 15:19:04: [SM] Call stack trace:
L 01/07/2026 - 15:19:04: [SM]   [0] KillTimer
L 01/07/2026 - 15:19:04: [SM]   [1] Line 53, C:\Users\Moises\Downloads\Compressed\sourcemod-1.11.0-git6968-windows\addons\sourcemod\scripting\l4d2_playerjoining_v2.sp::OnClientDisconnect
L 01/07/2026 - 15:19:04: [SM] Exception reported: Invalid convar handle 0 (error 4)
L 01/07/2026 - 15:19:04: [SM] Blaming: 馻nkrunFixhealth.smx
L 01/07/2026 - 15:19:04: [SM] Call stack trace:
L 01/07/2026 - 15:19:04: [SM]   [0] GetConVarString
L 01/07/2026 - 15:19:04: [SM]   [1] Line 138, C:\Users\Moises\Downloads\Compressed\sourcemod-1.11.0-git6968-windows\addons\sourcemod\scripting\馻nkrunFixhealth.sp::IsTankRunActive
L 01/07/2026 - 15:19:04: [SM]   [2] Line 79, C:\Users\Moises\Downloads\Compressed\sourcemod-1.11.0-git6968-windows\addons\sourcemod\scripting\馻nkrunFixhealth.sp::Event_PlayerDeath
L 01/07/2026 - 15:19:10: [SM] Exception reported: Invalid convar handle 0 (error 4)
L 01/07/2026 - 15:19:10: [SM] Blaming: 馻nkrunFixhealth.smx
L 01/07/2026 - 15:19:10: [SM] Call stack trace:
L 01/07/2026 - 15:19:10: [SM]   [0] GetConVarString
L 01/07/2026 - 15:19:10: [SM]   [1] Line 138, C:\Users\Moises\Downloads\Compressed\sourcemod-1.11.0-git6968-windows\addons\sourcemod\scripting\馻nkrunFixhealth.sp::IsTankRunActive
L 01/07/2026 - 15:19:10: [SM]   [2] Line 36, C:\Users\Moises\Downloads\Compressed\sourcemod-1.11.0-git6968-windows\addons\sourcemod\scripting\馻nkrunFixhealth.sp::Timer_PeriodicCheck
L 01/07/2026 - 15:19:12: [SM] Exception reported: Invalid convar handle 0 (error 4)
L 01/07/2026 - 15:19:12: [SM] Blaming: 馻nkrunFixhealth.smx
L 01/07/2026 - 15:19:12: [SM] Call stack trace:
L 01/07/2026 - 15:19:12: [SM]   [0] GetConVarString
L 01/07/2026 - 15:19:12: [SM]   [1] Line 138, C:\Users\Moises\Downloads\Compressed\sourcemod-1.11.0-git6968-windows\addons\sourcemod\scripting\馻nkrunFixhealth.sp::IsTankRunActive
L 01/07/2026 - 15:19:12: [SM]   [2] Line 79, C:\Users\Moises\Downloads\Compressed\sourcemod-1.11.0-git6968-windows\addons\sourcemod\scripting\馻nkrunFixhealth.sp::Event_PlayerDeath
L 01/07/2026 - 15:19:13: [SM] Exception reported: Invalid convar handle 0 (error 4)
L 01/07/2026 - 15:19:13: [SM] Blaming: 馻nkrunFixhealth.smx
L 01/07/2026 - 15:19:13: [SM] Call stack trace:
L 01/07/2026 - 15:19:13: [SM]   [0] GetConVarString
L 01/07/2026 - 15:19:13: [SM]   [1] Line 138, C:\Users\Moises\Downloads\Compressed\sourcemod-1.11.0-git6968-windows\addons\sourcemod\scripting\馻nkrunFixhealth.sp::IsTankRunActive
L 01/07/2026 - 15:19:13: [SM]   [2] Line 79, C:\Users\Moises\Downloads\Compressed\sourcemod-1.11.0-git6968-windows\addons\sourcemod\scripting\馻nkrunFixhealth.sp::Event_PlayerDeath
L 01/07/2026 - 15:19:19: [SM] Exception reported: Invalid timer handle 3cc003fb (error 3)
L 01/07/2026 - 15:19:19: [SM] Blaming: l4d2_playerjoining_v2.smx
L 01/07/2026 - 15:19:19: [SM] Call stack trace:
L 01/07/2026 - 15:19:19: [SM]   [0] KillTimer
L 01/07/2026 - 15:19:19: [SM]   [1] Line 53, C:\Users\Moises\Downloads\Compressed\sourcemod-1.11.0-git6968-windows\addons\sourcemod\scripting\l4d2_playerjoining_v2.sp::OnClientDisconnect
L 01/07/2026 - 15:19:20: [SM] Exception reported: Invalid convar handle 0 (error 4)
L 01/07/2026 - 15:19:20: [SM] Blaming: 馻nkrunFixhealth.smx
L 01/07/2026 - 15:19:20: [SM] Call stack trace:
L 01/07/2026 - 15:19:20: [SM]   [0] GetConVarString
L 01/07/2026 - 15:19:20: [SM]   [1] Line 138, C:\Users\Moises\Downloads\Compressed\sourcemod-1.11.0-git6968-windows\addons\sourcemod\scripting\馻nkrunFixhealth.sp::IsTankRunActive
L 01/07/2026 - 15:19:20: [SM]   [2] Line 36, C:\Users\Moises\Downloads\Compressed\sourcemod-1.11.0-git6968-windows\addons\sourcemod\scripting\馻nkrunFixhealth.sp::Timer_PeriodicCheck
L 01/07/2026 - 15:19:23: [SM] Exception reported: Invalid convar handle 0 (error 4)
L 01/07/2026 - 15:19:23: [SM] Blaming: 馻nkrunFixhealth.smx
L 01/07/2026 - 15:19:23: [SM] Call stack trace:
L 01/07/2026 - 15:19:23: [SM]   [0] GetConVarString
L 01/07/2026 - 15:19:23: [SM]   [1] Line 138, C:\Users\Moises\Downloads\Compressed\sourcemod-1.11.0-git6968-windows\addons\sourcemod\scripting\馻nkrunFixhealth.sp::IsTankRunActive
L 01/07/2026 - 15:19:23: [SM]   [2] Line 79, C:\Users\Moises\Downloads\Compressed\sourcemod-1.11.0-git6968-windows\addons\sourcemod\scripting\馻nkrunFixhealth.sp::Event_PlayerDeath
L 01/07/2026 - 15:19:28: [SM] Exception reported: Invalid convar handle 0 (error 4)
L 01/07/2026 - 15:19:28: [SM] Blaming: 馻nkrunFixhealth.smx
L 01/07/2026 - 15:19:28: [SM] Call stack trace:
L 01/07/2026 - 15:19:28: [SM]   [0] GetConVarString
L 01/07/2026 - 15:19:28: [SM]   [1] Line 138, C:\Users\Moises\Downloads\Compressed\sourcemod-1.11.0-git6968-windows\addons\sourcemod\scripting\馻nkrunFixhealth.sp::IsTankRunActive
L 01/07/2026 - 15:19:28: [SM]   [2] Line 79, C:\Users\Moises\Downloads\Compressed\sourcemod-1.11.0-git6968-windows\addons\sourcemod\scripting\馻nkrunFixhealth.sp::Event_PlayerDeath
L 01/07/2026 - 15:19:30: [SM] Exception reported: Invalid convar handle 0 (error 4)
L 01/07/2026 - 15:19:30: [SM] Blaming: 馻nkrunFixhealth.smx
L 01/07/2026 - 15:19:30: [SM] Call stack trace:
L 01/07/2026 - 15:19:30: [SM]   [0] GetConVarString
L 01/07/2026 - 15:19:30: [SM]   [1] Line 138, C:\Users\Moises\Downloads\Compressed\sourcemod-1.11.0-git6968-windows\addons\sourcemod\scripting\馻nkrunFixhealth.sp::IsTankRunActive
L 01/07/2026 - 15:19:30: [SM]   [2] Line 36, C:\Users\Moises\Downloads\Compressed\sourcemod-1.11.0-git6968-windows\addons\sourcemod\scripting\馻nkrunFixhealth.sp::Timer_PeriodicCheck
L 01/07/2026 - 15:19:30: [SM] Exception reported: Invalid convar handle 0 (error 4)
L 01/07/2026 - 15:19:30: [SM] Blaming: 馻nkrunFixhealth.smx
L 01/07/2026 - 15:19:30: [SM] Call stack trace:
L 01/07/2026 - 15:19:30: [SM]   [0] GetConVarString
L 01/07/2026 - 15:19:30: [SM]   [1] Line 138, C:\Users\Moises\Downloads\Compressed\sourcemod-1.11.0-git6968-windows\addons\sourcemod\scripting\馻nkrunFixhealth.sp::IsTankRunActive
L 01/07/2026 - 15:19:30: [SM]   [2] Line 79, C:\Users\Moises\Downloads\Compressed\sourcemod-1.11.0-git6968-windows\addons\sourcemod\scripting\馻nkrunFixhealth.sp::Event_PlayerDeath
L 01/07/2026 - 15:19:31: [SM] Exception reported: Invalid convar handle 0 (error 4)
L 01/07/2026 - 15:19:31: [SM] Blaming: 馻nkrunFixhealth.smx
L 01/07/2026 - 15:19:31: [SM] Call stack trace:
L 01/07/2026 - 15:19:31: [SM]   [0] GetConVarString
L 01/07/2026 - 15:19:31: [SM]   [1] Line 138, C:\Users\Moises\Downloads\Compressed\sourcemod-1.11.0-git6968-windows\addons\sourcemod\scripting\馻nkrunFixhealth.sp::IsTankRunActive
L 01/07/2026 - 15:19:31: [SM]   [2] Line 79, C:\Users\Moises\Downloads\Compressed\sourcemod-1.11.0-git6968-windows\addons\sourcemod\scripting\馻nkrunFixhealth.sp::Event_PlayerDeath
L 01/07/2026 - 15:19:31: [SM] Exception reported: Invalid convar handle 0 (error 4)
L 01/07/2026 - 15:19:31: [SM] Blaming: 馻nkrunFixhealth.smx
L 01/07/2026 - 15:19:31: [SM] Call stack trace:
L 01/07/2026 - 15:19:31: [SM]   [0] GetConVarString
L 01/07/2026 - 15:19:31: [SM]   [1] Line 138, C:\Users\Moises\Downloads\Compressed\sourcemod-1.11.0-git6968-windows\addons\sourcemod\scripting\馻nkrunFixhealth.sp::IsTankRunActive
L 01/07/2026 - 15:19:31: [SM]   [2] Line 79, C:\Users\Moises\Downloads\Compressed\sourcemod-1.11.0-git6968-windows\addons\sourcemod\scripting\馻nkrunFixhealth.sp::Event_PlayerDeath
L 01/07/2026 - 15:19:32: [SM] Exception reported: Invalid convar handle 0 (error 4)
L 01/07/2026 - 15:19:32: [SM] Blaming: 馻nkrunFixhealth.smx
L 01/07/2026 - 15:19:32: [SM] Call stack trace:
L 01/07/2026 - 15:19:32: [SM]   [0] GetConVarString
L 01/07/2026 - 15:19:32: [SM]   [1] Line 138, C:\Users\Moises\Downloads\Compressed\sourcemod-1.11.0-git6968-windows\addons\sourcemod\scripting\馻nkrunFixhealth.sp::IsTankRunActive
L 01/07/2026 - 15:19:32: [SM]   [2] Line 79, C:\Users\Moises\Downloads\Compressed\sourcemod-1.11.0-git6968-windows\addons\sourcemod\scripting\馻nkrunFixhealth.sp::Event_PlayerDeath
L 01/07/2026 - 15:19:33: [SM] Exception reported: Invalid convar handle 0 (error 4)
L 01/07/2026 - 15:19:33: [SM] Blaming: 馻nkrunFixhealth.smx
L 01/07/2026 - 15:19:33: [SM] Call stack trace:
L 01/07/2026 - 15:19:33: [SM]   [0] GetConVarString
L 01/07/2026 - 15:19:33: [SM]   [1] Line 138, C:\Users\Moises\Downloads\Compressed\sourcemod-1.11.0-git6968-windows\addons\sourcemod\scripting\馻nkrunFixhealth.sp::IsTankRunActive
L 01/07/2026 - 15:19:33: [SM]   [2] Line 79, C:\Users\Moises\Downloads\Compressed\sourcemod-1.11.0-git6968-windows\addons\sourcemod\scripting\馻nkrunFixhealth.sp::Event_PlayerDeath
L 01/07/2026 - 15:19:34: [SM] Exception reported: Invalid convar handle 0 (error 4)
L 01/07/2026 - 15:19:34: [SM] Blaming: 馻nkrunFixhealth.smx
L 01/07/2026 - 15:19:34: [SM] Call stack trace:
L 01/07/2026 - 15:19:34: [SM]   [0] GetConVarString
L 01/07/2026 - 15:19:34: [SM]   [1] Line 138, C:\Users\Moises\Downloads\Compressed\sourcemod-1.11.0-git6968-windows\addons\sourcemod\scripting\馻nkrunFixhealth.sp::IsTankRunActive
L 01/07/2026 - 15:19:34: [SM]   [2] Line 79, C:\Users\Moises\Downloads\Compressed\sourcemod-1.11.0-git6968-windows\addons\sourcemod\scripting\馻nkrunFixhealth.sp::Event_PlayerDeath
L 01/07/2026 - 15:19:36: [SM] Exception reported: Invalid convar handle 0 (error 4)
L 01/07/2026 - 15:19:36: [SM] Blaming: 馻nkrunFixhealth.smx
L 01/07/2026 - 15:19:36: [SM] Call stack trace:
L 01/07/2026 - 15:19:36: [SM]   [0] GetConVarString
L 01/07/2026 - 15:19:36: [SM]   [1] Line 138, C:\Users\Moises\Downloads\Compressed\sourcemod-1.11.0-git6968-windows\addons\sourcemod\scripting\馻nkrunFixhealth.sp::IsTankRunActive
L 01/07/2026 - 15:19:36: [SM]   [2] Line 79, C:\Users\Moises\Downloads\Compressed\sourcemod-1.11.0-git6968-windows\addons\sourcemod\scripting\馻nkrunFixhealth.sp::Event_PlayerDeath
L 01/07/2026 - 15:19:39: [SM] Exception reported: Invalid convar handle 0 (error 4)
L 01/07/2026 - 15:19:39: [SM] Blaming: 馻nkrunFixhealth.smx
L 01/07/2026 - 15:19:39: [SM] Call stack trace:
L 01/07/2026 - 15:19:39: [SM]   [0] GetConVarString
L 01/07/2026 - 15:19:39: [SM]   [1] Line 138, C:\Users\Moises\Downloads\Compressed\sourcemod-1.11.0-git6968-windows\addons\sourcemod\scripting\馻nkrunFixhealth.sp::IsTankRunActive
L 01/07/2026 - 15:19:39: [SM]   [2] Line 79, C:\Users\Moises\Downloads\Compressed\sourcemod-1.11.0-git6968-windows\addons\sourcemod\scripting\馻nkrunFixhealth.sp::Event_PlayerDeath
L 01/07/2026 - 15:19:40: [SM] Exception reported: Invalid convar handle 0 (error 4)
L 01/07/2026 - 15:19:40: [SM] Blaming: 馻nkrunFixhealth.smx
L 01/07/2026 - 15:19:40: [SM] Call stack trace:
L 01/07/2026 - 15:19:40: [SM]   [0] GetConVarString
L 01/07/2026 - 15:19:40: [SM]   [1] Line 138, C:\Users\Moises\Downloads\Compressed\sourcemod-1.11.0-git6968-windows\addons\sourcemod\scripting\馻nkrunFixhealth.sp::IsTankRunActive
L 01/07/2026 - 15:19:40: [SM]   [2] Line 79, C:\Users\Moises\Downloads\Compressed\sourcemod-1.11.0-git6968-windows\addons\sourcemod\scripting\馻nkrunFixhealth.sp::Event_PlayerDeath
L 01/07/2026 - 15:19:40: [SM] Exception reported: Invalid convar handle 0 (error 4)
L 01/07/2026 - 15:19:40: [SM] Blaming: 馻nkrunFixhealth.smx
L 01/07/2026 - 15:19:40: [SM] Call stack trace:
L 01/07/2026 - 15:19:40: [SM]   [0] GetConVarString
L 01/07/2026 - 15:19:40: [SM]   [1] Line 138, C:\Users\Moises\Downloads\Compressed\sourcemod-1.11.0-git6968-windows\addons\sourcemod\scripting\馻nkrunFixhealth.sp::IsTankRunActive
L 01/07/2026 - 15:19:40: [SM]   [2] Line 36, C:\Users\Moises\Downloads\Compressed\sourcemod-1.11.0-git6968-windows\addons\sourcemod\scripting\馻nkrunFixhealth.sp::Timer_PeriodicCheck
L 01/07/2026 - 15:19:45: [SM] Exception reported: Invalid convar handle 0 (error 4)
L 01/07/2026 - 15:19:45: [SM] Blaming: 馻nkrunFixhealth.smx
L 01/07/2026 - 15:19:45: [SM] Call stack trace:
L 01/07/2026 - 15:19:45: [SM]   [0] GetConVarString
L 01/07/2026 - 15:19:45: [SM]   [1] Line 138, C:\Users\Moises\Downloads\Compressed\sourcemod-1.11.0-git6968-windows\addons\sourcemod\scripting\馻nkrunFixhealth.sp::IsTankRunActive
L 01/07/2026 - 15:19:45: [SM]   [2] Line 79, C:\Users\Moises\Downloads\Compressed\sourcemod-1.11.0-git6968-windows\addons\sourcemod\scripting\馻nkrunFixhealth.sp::Event_PlayerDeath
L 01/07/2026 - 15:19:45: [SM] Exception reported: Invalid convar handle 0 (error 4)
L 01/07/2026 - 15:19:45: [SM] Blaming: 馻nkrunFixhealth.smx
L 01/07/2026 - 15:19:45: [SM] Call stack trace:
L 01/07/2026 - 15:19:45: [SM]   [0] GetConVarString
L 01/07/2026 - 15:19:45: [SM]   [1] Line 138, C:\Users\Moises\Downloads\Compressed\sourcemod-1.11.0-git6968-windows\addons\sourcemod\scripting\馻nkrunFixhealth.sp::IsTankRunActive
L 01/07/2026 - 15:19:45: [SM]   [2] Line 79, C:\Users\Moises\Downloads\Compressed\sourcemod-1.11.0-git6968-windows\addons\sourcemod\scripting\馻nkrunFixhealth.sp::Event_PlayerDeath
L 01/07/2026 - 15:19:45: [SM] Exception reported: Invalid convar handle 0 (error 4)
L 01/07/2026 - 15:19:45: [SM] Blaming: 馻nkrunFixhealth.smx
L 01/07/2026 - 15:19:45: [SM] Call stack trace:
L 01/07/2026 - 15:19:45: [SM]   [0] GetConVarString
L 01/07/2026 - 15:19:45: [SM]   [1] Line 138, C:\Users\Moises\Downloads\Compressed\sourcemod-1.11.0-git6968-windows\addons\sourcemod\scripting\馻nkrunFixhealth.sp::IsTankRunActive
L 01/07/2026 - 15:19:45: [SM]   [2] Line 79, C:\Users\Moises\Downloads\Compressed\sourcemod-1.11.0-git6968-windows\addons\sourcemod\scripting\馻nkrunFixhealth.sp::Event_PlayerDeath
L 01/07/2026 - 15:19:46: [SM] Exception reported: Invalid convar handle 0 (error 4)
L 01/07/2026 - 15:19:46: [SM] Blaming: 馻nkrunFixhealth.smx
L 01/07/2026 - 15:19:46: [SM] Call stack trace:
L 01/07/2026 - 15:19:46: [SM]   [0] GetConVarString
L 01/07/2026 - 15:19:46: [SM]   [1] Line 138, C:\Users\Moises\Downloads\Compressed\sourcemod-1.11.0-git6968-windows\addons\sourcemod\scripting\馻nkrunFixhealth.sp::IsTankRunActive
L 01/07/2026 - 15:19:46: [SM]   [2] Line 79, C:\Users\Moises\Downloads\Compressed\sourcemod-1.11.0-git6968-windows\addons\sourcemod\scripting\馻nkrunFixhealth.sp::Event_PlayerDeath
L 01/07/2026 - 15:19:46: [SM] Exception reported: Invalid convar handle 0 (error 4)
L 01/07/2026 - 15:19:46: [SM] Blaming: 馻nkrunFixhealth.smx
L 01/07/2026 - 15:19:46: [SM] Call stack trace:
L 01/07/2026 - 15:19:46: [SM]   [0] GetConVarString
L 01/07/2026 - 15:19:46: [SM]   [1] Line 138, C:\Users\Moises\Downloads\Compressed\sourcemod-1.11.0-git6968-windows\addons\sourcemod\scripting\馻nkrunFixhealth.sp::IsTankRunActive
L 01/07/2026 - 15:19:46: [SM]   [2] Line 79, C:\Users\Moises\Downloads\Compressed\sourcemod-1.11.0-git6968-windows\addons\sourcemod\scripting\馻nkrunFixhealth.sp::Event_PlayerDeath
L 01/07/2026 - 15:19:46: [SM] Exception reported: Invalid convar handle 0 (error 4)
L 01/07/2026 - 15:19:46: [SM] Blaming: 馻nkrunFixhealth.smx
L 01/07/2026 - 15:19:46: [SM] Call stack trace:
L 01/07/2026 - 15:19:46: [SM]   [0] GetConVarString
L 01/07/2026 - 15:19:46: [SM]   [1] Line 138, C:\Users\Moises\Downloads\Compressed\sourcemod-1.11.0-git6968-windows\addons\sourcemod\scripting\馻nkrunFixhealth.sp::IsTankRunActive
L 01/07/2026 - 15:19:46: [SM]   [2] Line 79, C:\Users\Moises\Downloads\Compressed\sourcemod-1.11.0-git6968-windows\addons\sourcemod\scripting\馻nkrunFixhealth.sp::Event_PlayerDeath
L 01/07/2026 - 15:19:46: [SM] Exception reported: Invalid convar handle 0 (error 4)
L 01/07/2026 - 15:19:47: [SM] Blaming: 馻nkrunFixhealth.smx
L 01/07/2026 - 15:19:47: [SM] Call stack trace:
L 01/07/2026 - 15:19:47: [SM]   [0] GetConVarString
L 01/07/2026 - 15:19:47: [SM]   [1] Line 138, C:\Users\Moises\Downloads\Compressed\sourcemod-1.11.0-git6968-windows\addons\sourcemod\scripting\馻nkrunFixhealth.sp::IsTankRunActive
L 01/07/2026 - 15:19:47: [SM]   [2] Line 79, C:\Users\Moises\Downloads\Compressed\sourcemod-1.11.0-git6968-windows\addons\sourcemod\scripting\馻nkrunFixhealth.sp::Event_PlayerDeath
L 01/07/2026 - 15:19:47: [SM] Exception reported: Invalid convar handle 0 (error 4)
L 01/07/2026 - 15:19:47: [SM] Blaming: 馻nkrunFixhealth.smx
L 01/07/2026 - 15:19:47: [SM] Call stack trace:
L 01/07/2026 - 15:19:47: [SM]   [0] GetConVarString
L 01/07/2026 - 15:19:47: [SM]   [1] Line 138, C:\Users\Moises\Downloads\Compressed\sourcemod-1.11.0-git6968-windows\addons\sourcemod\scripting\馻nkrunFixhealth.sp::IsTankRunActive
L 01/07/2026 - 15:19:47: [SM]   [2] Line 79, C:\Users\Moises\Downloads\Compressed\sourcemod-1.11.0-git6968-windows\addons\sourcemod\scripting\馻nkrunFixhealth.sp::Event_PlayerDeath
L 01/07/2026 - 15:19:50: [SM] Exception reported: Invalid convar handle 0 (error 4)
L 01/07/2026 - 15:19:50: [SM] Blaming: 馻nkrunFixhealth.smx
L 01/07/2026 - 15:19:50: [SM] Call stack trace:
L 01/07/2026 - 15:19:50: [SM]   [0] GetConVarString
L 01/07/2026 - 15:19:50: [SM]   [1] Line 138, C:\Users\Moises\Downloads\Compressed\sourcemod-1.11.0-git6968-windows\addons\sourcemod\scripting\馻nkrunFixhealth.sp::IsTankRunActive
L 01/07/2026 - 15:19:50: [SM]   [2] Line 36, C:\Users\Moises\Downloads\Compressed\sourcemod-1.11.0-git6968-windows\addons\sourcemod\scripting\馻nkrunFixhealth.sp::Timer_PeriodicCheck
L 01/07/2026 - 15:19:51: [SM] Exception reported: Invalid convar handle 0 (error 4)
L 01/07/2026 - 15:19:51: [SM] Blaming: 馻nkrunFixhealth.smx
L 01/07/2026 - 15:19:51: [SM] Call stack trace:
L 01/07/2026 - 15:19:51: [SM]   [0] GetConVarString
L 01/07/2026 - 15:19:51: [SM]   [1] Line 138, C:\Users\Moises\Downloads\Compressed\sourcemod-1.11.0-git6968-windows\addons\sourcemod\scripting\馻nkrunFixhealth.sp::IsTankRunActive
L 01/07/2026 - 15:19:51: [SM]   [2] Line 79, C:\Users\Moises\Downloads\Compressed\sourcemod-1.11.0-git6968-windows\addons\sourcemod\scripting\馻nkrunFixhealth.sp::Event_PlayerDeath
L 01/07/2026 - 15:19:52: [SM] Exception reported: Invalid timer handle b4f00413 (error 1)
L 01/07/2026 - 15:19:52: [SM] Blaming: l4d2_playerjoining_v2.smx
L 01/07/2026 - 15:19:52: [SM] Call stack trace:
L 01/07/2026 - 15:19:52: [SM]   [0] KillTimer
L 01/07/2026 - 15:19:52: [SM]   [1] Line 53, C:\Users\Moises\Downloads\Compressed\sourcemod-1.11.0-git6968-windows\addons\sourcemod\scripting\l4d2_playerjoining_v2.sp::OnClientDisconnect
L 01/07/2026 - 15:19:54: [SM] Exception reported: Invalid timer handle de300411 (error 1)
L 01/07/2026 - 15:19:54: [SM] Blaming: l4d2_playerjoining_v2.smx
L 01/07/2026 - 15:19:54: [SM] Call stack trace:
L 01/07/2026 - 15:19:54: [SM]   [0] KillTimer
L 01/07/2026 - 15:19:54: [SM]   [1] Line 53, C:\Users\Moises\Downloads\Compressed\sourcemod-1.11.0-git6968-windows\addons\sourcemod\scripting\l4d2_playerjoining_v2.sp::OnClientDisconnect
L 01/07/2026 - 15:19:55: [SM] Exception reported: Invalid convar handle 0 (error 4)
L 01/07/2026 - 15:19:55: [SM] Blaming: 馻nkrunFixhealth.smx
L 01/07/2026 - 15:19:55: [SM] Call stack trace:
L 01/07/2026 - 15:19:55: [SM]   [0] GetConVarString
L 01/07/2026 - 15:19:55: [SM]   [1] Line 138, C:\Users\Moises\Downloads\Compressed\sourcemod-1.11.0-git6968-windows\addons\sourcemod\scripting\馻nkrunFixhealth.sp::IsTankRunActive
L 01/07/2026 - 15:19:55: [SM]   [2] Line 79, C:\Users\Moises\Downloads\Compressed\sourcemod-1.11.0-git6968-windows\addons\sourcemod\scripting\馻nkrunFixhealth.sp::Event_PlayerDeath
L 01/07/2026 - 15:19:56: [SM] Exception reported: Invalid convar handle 0 (error 4)
L 01/07/2026 - 15:19:56: [SM] Blaming: 馻nkrunFixhealth.smx
L 01/07/2026 - 15:19:56: [SM] Call stack trace:
L 01/07/2026 - 15:19:56: [SM]   [0] GetConVarString
L 01/07/2026 - 15:19:56: [SM]   [1] Line 138, C:\Users\Moises\Downloads\Compressed\sourcemod-1.11.0-git6968-windows\addons\sourcemod\scripting\馻nkrunFixhealth.sp::IsTankRunActive
L 01/07/2026 - 15:19:56: [SM]   [2] Line 79, C:\Users\Moises\Downloads\Compressed\sourcemod-1.11.0-git6968-windows\addons\sourcemod\scripting\馻nkrunFixhealth.sp::Event_PlayerDeath
L 01/07/2026 - 15:19:56: [SM] Exception reported: Invalid convar handle 0 (error 4)
L 01/07/2026 - 15:19:56: [SM] Blaming: 馻nkrunFixhealth.smx
L 01/07/2026 - 15:19:56: [SM] Call stack trace:
L 01/07/2026 - 15:19:56: [SM]   [0] GetConVarString
L 01/07/2026 - 15:19:56: [SM]   [1] Line 138, C:\Users\Moises\Downloads\Compressed\sourcemod-1.11.0-git6968-windows\addons\sourcemod\scripting\馻nkrunFixhealth.sp::IsTankRunActive
L 01/07/2026 - 15:19:56: [SM]   [2] Line 79, C:\Users\Moises\Downloads\Compressed\sourcemod-1.11.0-git6968-windows\addons\sourcemod\scripting\馻nkrunFixhealth.sp::Event_PlayerDeath
L 01/07/2026 - 15:19:59: [SM] Exception reported: Invalid convar handle 0 (error 4)
L 01/07/2026 - 15:19:59: [SM] Blaming: 馻nkrunFixhealth.smx
L 01/07/2026 - 15:19:59: [SM] Call stack trace:
L 01/07/2026 - 15:19:59: [SM]   [0] GetConVarString
L 01/07/2026 - 15:19:59: [SM]   [1] Line 138, C:\Users\Moises\Downloads\Compressed\sourcemod-1.11.0-git6968-windows\addons\sourcemod\scripting\馻nkrunFixhealth.sp::IsTankRunActive
L 01/07/2026 - 15:19:59: [SM]   [2] Line 79, C:\Users\Moises\Downloads\Compressed\sourcemod-1.11.0-git6968-windows\addons\sourcemod\scripting\馻nkrunFixhealth.sp::Event_PlayerDeath
L 01/07/2026 - 15:20:00: [SM] Exception reported: Invalid convar handle 0 (error 4)
L 01/07/2026 - 15:20:00: [SM] Blaming: 馻nkrunFixhealth.smx
L 01/07/2026 - 15:20:00: [SM] Call stack trace:
L 01/07/2026 - 15:20:00: [SM]   [0] GetConVarString
L 01/07/2026 - 15:20:00: [SM]   [1] Line 138, C:\Users\Moises\Downloads\Compressed\sourcemod-1.11.0-git6968-windows\addons\sourcemod\scripting\馻nkrunFixhealth.sp::IsTankRunActive
L 01/07/2026 - 15:20:00: [SM]   [2] Line 36, C:\Users\Moises\Downloads\Compressed\sourcemod-1.11.0-git6968-windows\addons\sourcemod\scripting\馻nkrunFixhealth.sp::Timer_PeriodicCheck
L 01/07/2026 - 15:20:01: [SM] Exception reported: Invalid convar handle 0 (error 4)
L 01/07/2026 - 15:20:01: [SM] Blaming: 馻nkrunFixhealth.smx
L 01/07/2026 - 15:20:01: [SM] Call stack trace:
L 01/07/2026 - 15:20:01: [SM]   [0] GetConVarString
L 01/07/2026 - 15:20:01: [SM]   [1] Line 138, C:\Users\Moises\Downloads\Compressed\sourcemod-1.11.0-git6968-windows\addons\sourcemod\scripting\馻nkrunFixhealth.sp::IsTankRunActive
L 01/07/2026 - 15:20:01: [SM]   [2] Line 79, C:\Users\Moises\Downloads\Compressed\sourcemod-1.11.0-git6968-windows\addons\sourcemod\scripting\馻nkrunFixhealth.sp::Event_PlayerDeath
L 01/07/2026 - 15:20:01: [SM] Exception reported: Invalid convar handle 0 (error 4)
L 01/07/2026 - 15:20:01: [SM] Blaming: 馻nkrunFixhealth.smx
L 01/07/2026 - 15:20:02: [SM] Call stack trace:
L 01/07/2026 - 15:20:02: [SM]   [0] GetConVarString
L 01/07/2026 - 15:20:02: [SM]   [1] Line 138, C:\Users\Moises\Downloads\Compressed\sourcemod-1.11.0-git6968-windows\addons\sourcemod\scripting\馻nkrunFixhealth.sp::IsTankRunActive
L 01/07/2026 - 15:20:02: [SM]   [2] Line 79, C:\Users\Moises\Downloads\Compressed\sourcemod-1.11.0-git6968-windows\addons\sourcemod\scripting\馻nkrunFixhealth.sp::Event_PlayerDeath
L 01/07/2026 - 15:20:03: [SM] Exception reported: Invalid convar handle 0 (error 4)
L 01/07/2026 - 15:20:03: [SM] Blaming: 馻nkrunFixhealth.smx
L 01/07/2026 - 15:20:03: [SM] Call stack trace:
L 01/07/2026 - 15:20:03: [SM]   [0] GetConVarString
L 01/07/2026 - 15:20:03: [SM]   [1] Line 138, C:\Users\Moises\Downloads\Compressed\sourcemod-1.11.0-git6968-windows\addons\sourcemod\scripting\馻nkrunFixhealth.sp::IsTankRunActive
L 01/07/2026 - 15:20:03: [SM]   [2] Line 79, C:\Users\Moises\Downloads\Compressed\sourcemod-1.11.0-git6968-windows\addons\sourcemod\scripting\馻nkrunFixhealth.sp::Event_PlayerDeath
L 01/07/2026 - 15:20:07: [SM] Exception reported: Invalid convar handle 0 (error 4)
L 01/07/2026 - 15:20:07: [SM] Blaming: 馻nkrunFixhealth.smx
L 01/07/2026 - 15:20:07: [SM] Call stack trace:
L 01/07/2026 - 15:20:07: [SM]   [0] GetConVarString
L 01/07/2026 - 15:20:07: [SM]   [1] Line 138, C:\Users\Moises\Downloads\Compressed\sourcemod-1.11.0-git6968-windows\addons\sourcemod\scripting\馻nkrunFixhealth.sp::IsTankRunActive
L 01/07/2026 - 15:20:07: [SM]   [2] Line 79, C:\Users\Moises\Downloads\Compressed\sourcemod-1.11.0-git6968-windows\addons\sourcemod\scripting\馻nkrunFixhealth.sp::Event_PlayerDeath
L 01/07/2026 - 15:20:08: [SM] Exception reported: Invalid convar handle 0 (error 4)
L 01/07/2026 - 15:20:08: [SM] Blaming: 馻nkrunFixhealth.smx
L 01/07/2026 - 15:20:08: [SM] Call stack trace:
L 01/07/2026 - 15:20:08: [SM]   [0] GetConVarString
L 01/07/2026 - 15:20:08: [SM]   [1] Line 138, C:\Users\Moises\Downloads\Compressed\sourcemod-1.11.0-git6968-windows\addons\sourcemod\scripting\馻nkrunFixhealth.sp::IsTankRunActive
L 01/07/2026 - 15:20:08: [SM]   [2] Line 79, C:\Users\Moises\Downloads\Compressed\sourcemod-1.11.0-git6968-windows\addons\sourcemod\scripting\馻nkrunFixhealth.sp::Event_PlayerDeath
L 01/07/2026 - 15:20:08: [SM] Exception reported: Invalid convar handle 0 (error 4)
L 01/07/2026 - 15:20:08: [SM] Blaming: 馻nkrunFixhealth.smx
L 01/07/2026 - 15:20:08: [SM] Call stack trace:
L 01/07/2026 - 15:20:08: [SM]   [0] GetConVarString
L 01/07/2026 - 15:20:08: [SM]   [1] Line 138, C:\Users\Moises\Downloads\Compressed\sourcemod-1.11.0-git6968-windows\addons\sourcemod\scripting\馻nkrunFixhealth.sp::IsTankRunActive
L 01/07/2026 - 15:20:08: [SM]   [2] Line 79, C:\Users\Moises\Downloads\Compressed\sourcemod-1.11.0-git6968-windows\addons\sourcemod\scripting\馻nkrunFixhealth.sp::Event_PlayerDeath
L 01/07/2026 - 15:20:09: [SM] Exception reported: Invalid convar handle 0 (error 4)
L 01/07/2026 - 15:20:09: [SM] Blaming: 馻nkrunFixhealth.smx
L 01/07/2026 - 15:20:09: [SM] Call stack trace:
L 01/07/2026 - 15:20:09: [SM]   [0] GetConVarString
L 01/07/2026 - 15:20:09: [SM]   [1] Line 138, C:\Users\Moises\Downloads\Compressed\sourcemod-1.11.0-git6968-windows\addons\sourcemod\scripting\馻nkrunFixhealth.sp::IsTankRunActive
L 01/07/2026 - 15:20:09: [SM]   [2] Line 79, C:\Users\Moises\Downloads\Compressed\sourcemod-1.11.0-git6968-windows\addons\sourcemod\scripting\馻nkrunFixhealth.sp::Event_PlayerDeath
L 01/07/2026 - 15:20:10: [SM] Exception reported: Invalid convar handle 0 (error 4)
L 01/07/2026 - 15:20:10: [SM] Blaming: 馻nkrunFixhealth.smx
L 01/07/2026 - 15:20:10: [SM] Call stack trace:
L 01/07/2026 - 15:20:10: [SM]   [0] GetConVarString
L 01/07/2026 - 15:20:10: [SM]   [1] Line 138, C:\Users\Moises\Downloads\Compressed\sourcemod-1.11.0-git6968-windows\addons\sourcemod\scripting\馻nkrunFixhealth.sp::IsTankRunActive
L 01/07/2026 - 15:20:10: [SM]   [2] Line 36, C:\Users\Moises\Downloads\Compressed\sourcemod-1.11.0-git6968-windows\addons\sourcemod\scripting\馻nkrunFixhealth.sp::Timer_PeriodicCheck
L 01/07/2026 - 15:20:10: [SM] Exception reported: Invalid convar handle 0 (error 4)
L 01/07/2026 - 15:20:10: [SM] Blaming: 馻nkrunFixhealth.smx
L 01/07/2026 - 15:20:10: [SM] Call stack trace:
L 01/07/2026 - 15:20:10: [SM]   [0] GetConVarString
L 01/07/2026 - 15:20:10: [SM]   [1] Line 138, C:\Users\Moises\Downloads\Compressed\sourcemod-1.11.0-git6968-windows\addons\sourcemod\scripting\馻nkrunFixhealth.sp::IsTankRunActive
L 01/07/2026 - 15:20:10: [SM]   [2] Line 79, C:\Users\Moises\Downloads\Compressed\sourcemod-1.11.0-git6968-windows\addons\sourcemod\scripting\馻nkrunFixhealth.sp::Event_PlayerDeath
L 01/07/2026 - 15:20:11: [SM] Exception reported: Invalid convar handle 0 (error 4)
L 01/07/2026 - 15:20:11: [SM] Blaming: 馻nkrunFixhealth.smx
L 01/07/2026 - 15:20:11: [SM] Call stack trace:
L 01/07/2026 - 15:20:11: [SM]   [0] GetConVarString
L 01/07/2026 - 15:20:11: [SM]   [1] Line 138, C:\Users\Moises\Downloads\Compressed\sourcemod-1.11.0-git6968-windows\addons\sourcemod\scripting\馻nkrunFixhealth.sp::IsTankRunActive
L 01/07/2026 - 15:20:11: [SM]   [2] Line 79, C:\Users\Moises\Downloads\Compressed\sourcemod-1.11.0-git6968-windows\addons\sourcemod\scripting\馻nkrunFixhealth.sp::Event_PlayerDeath
L 01/07/2026 - 15:20:12: [SM] Exception reported: Invalid convar handle 0 (error 4)
L 01/07/2026 - 15:20:12: [SM] Blaming: 馻nkrunFixhealth.smx
L 01/07/2026 - 15:20:12: [SM] Call stack trace:
L 01/07/2026 - 15:20:12: [SM]   [0] GetConVarString
L 01/07/2026 - 15:20:12: [SM]   [1] Line 138, C:\Users\Moises\Downloads\Compressed\sourcemod-1.11.0-git6968-windows\addons\sourcemod\scripting\馻nkrunFixhealth.sp::IsTankRunActive
L 01/07/2026 - 15:20:12: [SM]   [2] Line 79, C:\Users\Moises\Downloads\Compressed\sourcemod-1.11.0-git6968-windows\addons\sourcemod\scripting\馻nkrunFixhealth.sp::Event_PlayerDeath
L 01/07/2026 - 15:20:14: [SM] Exception reported: Invalid convar handle 0 (error 4)
L 01/07/2026 - 15:20:14: [SM] Blaming: 馻nkrunFixhealth.smx
L 01/07/2026 - 15:20:14: [SM] Call stack trace:
L 01/07/2026 - 15:20:14: [SM]   [0] GetConVarString
L 01/07/2026 - 15:20:14: [SM]   [1] Line 138, C:\Users\Moises\Downloads\Compressed\sourcemod-1.11.0-git6968-windows\addons\sourcemod\scripting\馻nkrunFixhealth.sp::IsTankRunActive
L 01/07/2026 - 15:20:14: [SM]   [2] Line 79, C:\Users\Moises\Downloads\Compressed\sourcemod-1.11.0-git6968-windows\addons\sourcemod\scripting\馻nkrunFixhealth.sp::Event_PlayerDeath
L 01/07/2026 - 15:20:14: [SM] Exception reported: Invalid convar handle 0 (error 4)
L 01/07/2026 - 15:20:14: [SM] Blaming: 馻nkrunFixhealth.smx
L 01/07/2026 - 15:20:14: [SM] Call stack trace:
L 01/07/2026 - 15:20:14: [SM]   [0] GetConVarString
L 01/07/2026 - 15:20:14: [SM]   [1] Line 138, C:\Users\Moises\Downloads\Compressed\sourcemod-1.11.0-git6968-windows\addons\sourcemod\scripting\馻nkrunFixhealth.sp::IsTankRunActive
L 01/07/2026 - 15:20:14: [SM]   [2] Line 79, C:\Users\Moises\Downloads\Compressed\sourcemod-1.11.0-git6968-windows\addons\sourcemod\scripting\馻nkrunFixhealth.sp::Event_PlayerDeath
L 01/07/2026 - 15:20:16: [SM] Exception reported: Invalid convar handle 0 (error 4)
L 01/07/2026 - 15:20:16: [SM] Blaming: 馻nkrunFixhealth.smx
L 01/07/2026 - 15:20:16: [SM] Call stack trace:
L 01/07/2026 - 15:20:16: [SM]   [0] GetConVarString
L 01/07/2026 - 15:20:16: [SM]   [1] Line 138, C:\Users\Moises\Downloads\Compressed\sourcemod-1.11.0-git6968-windows\addons\sourcemod\scripting\馻nkrunFixhealth.sp::IsTankRunActive
L 01/07/2026 - 15:20:16: [SM]   [2] Line 79, C:\Users\Moises\Downloads\Compressed\sourcemod-1.11.0-git6968-windows\addons\sourcemod\scripting\馻nkrunFixhealth.sp::Event_PlayerDeath
L 01/07/2026 - 15:20:16: [SM] Exception reported: Invalid convar handle 0 (error 4)
L 01/07/2026 - 15:20:16: [SM] Blaming: 馻nkrunFixhealth.smx
L 01/07/2026 - 15:20:16: [SM] Call stack trace:
L 01/07/2026 - 15:20:16: [SM]   [0] GetConVarString
L 01/07/2026 - 15:20:16: [SM]   [1] Line 138, C:\Users\Moises\Downloads\Compressed\sourcemod-1.11.0-git6968-windows\addons\sourcemod\scripting\馻nkrunFixhealth.sp::IsTankRunActive
L 01/07/2026 - 15:20:16: [SM]   [2] Line 79, C:\Users\Moises\Downloads\Compressed\sourcemod-1.11.0-git6968-windows\addons\sourcemod\scripting\馻nkrunFixhealth.sp::Event_PlayerDeath
L 01/07/2026 - 15:20:17: [SM] Exception reported: Invalid convar handle 0 (error 4)
L 01/07/2026 - 15:20:17: [SM] Blaming: 馻nkrunFixhealth.smx
L 01/07/2026 - 15:20:17: [SM] Call stack trace:
L 01/07/2026 - 15:20:17: [SM]   [0] GetConVarString
L 01/07/2026 - 15:20:17: [SM]   [1] Line 138, C:\Users\Moises\Downloads\Compressed\sourcemod-1.11.0-git6968-windows\addons\sourcemod\scripting\馻nkrunFixhealth.sp::IsTankRunActive
L 01/07/2026 - 15:20:17: [SM]   [2] Line 79, C:\Users\Moises\Downloads\Compressed\sourcemod-1.11.0-git6968-windows\addons\sourcemod\scripting\馻nkrunFixhealth.sp::Event_PlayerDeath
L 01/07/2026 - 15:20:17: [SM] Exception reported: Invalid convar handle 0 (error 4)
L 01/07/2026 - 15:20:17: [SM] Blaming: 馻nkrunFixhealth.smx
L 01/07/2026 - 15:20:17: [SM] Call stack trace:
L 01/07/2026 - 15:20:17: [SM]   [0] GetConVarString
L 01/07/2026 - 15:20:17: [SM]   [1] Line 138, C:\Users\Moises\Downloads\Compressed\sourcemod-1.11.0-git6968-windows\addons\sourcemod\scripting\馻nkrunFixhealth.sp::IsTankRunActive
L 01/07/2026 - 15:20:17: [SM]   [2] Line 79, C:\Users\Moises\Downloads\Compressed\sourcemod-1.11.0-git6968-windows\addons\sourcemod\scripting\馻nkrunFixhealth.sp::Event_PlayerDeath
L 01/07/2026 - 15:20:18: [SM] Exception reported: Invalid convar handle 0 (error 4)
L 01/07/2026 - 15:20:18: [SM] Blaming: 馻nkrunFixhealth.smx
L 01/07/2026 - 15:20:18: [SM] Call stack trace:
L 01/07/2026 - 15:20:18: [SM]   [0] GetConVarString
L 01/07/2026 - 15:20:18: [SM]   [1] Line 138, C:\Users\Moises\Downloads\Compressed\sourcemod-1.11.0-git6968-windows\addons\sourcemod\scripting\馻nkrunFixhealth.sp::IsTankRunActive
L 01/07/2026 - 15:20:18: [SM]   [2] Line 79, C:\Users\Moises\Downloads\Compressed\sourcemod-1.11.0-git6968-windows\addons\sourcemod\scripting\馻nkrunFixhealth.sp::Event_PlayerDeath
L 01/07/2026 - 15:20:20: [SM] Exception reported: Invalid convar handle 0 (error 4)
L 01/07/2026 - 15:20:20: [SM] Blaming: 馻nkrunFixhealth.smx
L 01/07/2026 - 15:20:20: [SM] Call stack trace:
L 01/07/2026 - 15:20:20: [SM]   [0] GetConVarString
L 01/07/2026 - 15:20:20: [SM]   [1] Line 138, C:\Users\Moises\Downloads\Compressed\sourcemod-1.11.0-git6968-windows\addons\sourcemod\scripting\馻nkrunFixhealth.sp::IsTankRunActive
L 01/07/2026 - 15:20:20: [SM]   [2] Line 79, C:\Users\Moises\Downloads\Compressed\sourcemod-1.11.0-git6968-windows\addons\sourcemod\scripting\馻nkrunFixhealth.sp::Event_PlayerDeath
L 01/07/2026 - 15:20:20: [SM] Exception reported: Invalid convar handle 0 (error 4)
L 01/07/2026 - 15:20:20: [SM] Blaming: 馻nkrunFixhealth.smx
L 01/07/2026 - 15:20:20: [SM] Call stack trace:
L 01/07/2026 - 15:20:20: [SM]   [0] GetConVarString
L 01/07/2026 - 15:20:20: [SM]   [1] Line 138, C:\Users\Moises\Downloads\Compressed\sourcemod-1.11.0-git6968-windows\addons\sourcemod\scripting\馻nkrunFixhealth.sp::IsTankRunActive
L 01/07/2026 - 15:20:20: [SM]   [2] Line 36, C:\Users\Moises\Downloads\Compressed\sourcemod-1.11.0-git6968-windows\addons\sourcemod\scripting\馻nkrunFixhealth.sp::Timer_PeriodicCheck
L 01/07/2026 - 15:20:24: [SM] Exception reported: Invalid convar handle 0 (error 4)
L 01/07/2026 - 15:20:24: [SM] Blaming: 馻nkrunFixhealth.smx
L 01/07/2026 - 15:20:24: [SM] Call stack trace:
L 01/07/2026 - 15:20:24: [SM]   [0] GetConVarString
L 01/07/2026 - 15:20:24: [SM]   [1] Line 138, C:\Users\Moises\Downloads\Compressed\sourcemod-1.11.0-git6968-windows\addons\sourcemod\scripting\馻nkrunFixhealth.sp::IsTankRunActive
L 01/07/2026 - 15:20:24: [SM]   [2] Line 79, C:\Users\Moises\Downloads\Compressed\sourcemod-1.11.0-git6968-windows\addons\sourcemod\scripting\馻nkrunFixhealth.sp::Event_PlayerDeath
L 01/07/2026 - 15:20:25: [SM] Exception reported: Invalid convar handle 0 (error 4)
L 01/07/2026 - 15:20:25: [SM] Blaming: 馻nkrunFixhealth.smx
L 01/07/2026 - 15:20:25: [SM] Call stack trace:
L 01/07/2026 - 15:20:25: [SM]   [0] GetConVarString
L 01/07/2026 - 15:20:25: [SM]   [1] Line 138, C:\Users\Moises\Downloads\Compressed\sourcemod-1.11.0-git6968-windows\addons\sourcemod\scripting\馻nkrunFixhealth.sp::IsTankRunActive
L 01/07/2026 - 15:20:25: [SM]   [2] Line 79, C:\Users\Moises\Downloads\Compressed\sourcemod-1.11.0-git6968-windows\addons\sourcemod\scripting\馻nkrunFixhealth.sp::Event_PlayerDeath
L 01/07/2026 - 15:20:26: [SM] Exception reported: Invalid convar handle 0 (error 4)
L 01/07/2026 - 15:20:26: [SM] Blaming: 馻nkrunFixhealth.smx
L 01/07/2026 - 15:20:26: [SM] Call stack trace:
L 01/07/2026 - 15:20:26: [SM]   [0] GetConVarString
L 01/07/2026 - 15:20:26: [SM]   [1] Line 138, C:\Users\Moises\Downloads\Compressed\sourcemod-1.11.0-git6968-windows\addons\sourcemod\scripting\馻nkrunFixhealth.sp::IsTankRunActive
L 01/07/2026 - 15:20:26: [SM]   [2] Line 79, C:\Users\Moises\Downloads\Compressed\sourcemod-1.11.0-git6968-windows\addons\sourcemod\scripting\馻nkrunFixhealth.sp::Event_PlayerDeath
L 01/07/2026 - 15:20:27: [SM] Exception reported: Invalid convar handle 0 (error 4)
L 01/07/2026 - 15:20:27: [SM] Blaming: 馻nkrunFixhealth.smx
L 01/07/2026 - 15:20:27: [SM] Call stack trace:
L 01/07/2026 - 15:20:27: [SM]   [0] GetConVarString
L 01/07/2026 - 15:20:27: [SM]   [1] Line 138, C:\Users\Moises\Downloads\Compressed\sourcemod-1.11.0-git6968-windows\addons\sourcemod\scripting\馻nkrunFixhealth.sp::IsTankRunActive
L 01/07/2026 - 15:20:27: [SM]   [2] Line 79, C:\Users\Moises\Downloads\Compressed\sourcemod-1.11.0-git6968-windows\addons\sourcemod\scripting\馻nkrunFixhealth.sp::Event_PlayerDeath
L 01/07/2026 - 15:20:30: [SM] Exception reported: Invalid convar handle 0 (error 4)
L 01/07/2026 - 15:20:30: [SM] Blaming: 馻nkrunFixhealth.smx
L 01/07/2026 - 15:20:30: [SM] Call stack trace:
L 01/07/2026 - 15:20:30: [SM]   [0] GetConVarString
L 01/07/2026 - 15:20:30: [SM]   [1] Line 138, C:\Users\Moises\Downloads\Compressed\sourcemod-1.11.0-git6968-windows\addons\sourcemod\scripting\馻nkrunFixhealth.sp::IsTankRunActive
L 01/07/2026 - 15:20:30: [SM]   [2] Line 36, C:\Users\Moises\Downloads\Compressed\sourcemod-1.11.0-git6968-windows\addons\sourcemod\scripting\馻nkrunFixhealth.sp::Timer_PeriodicCheck
L 01/07/2026 - 15:20:34: [SM] Exception reported: Language phrase "ChargerSteering_Both" not found (arg 5)
L 01/07/2026 - 15:20:34: [SM] Blaming: l4d2_charger_steering.smx
L 01/07/2026 - 15:20:34: [SM] Call stack trace:
L 01/07/2026 - 15:20:34: [SM]   [0] PrintHintText
L 01/07/2026 - 15:20:34: [SM]   [1] Line 357, /home/forums/content/files/8/5/7/7/8/104080.attach::Event_ChargeStart
L 01/07/2026 - 15:20:34: [SM] Exception reported: Invalid convar handle 0 (error 4)
L 01/07/2026 - 15:20:34: [SM] Blaming: 馻nkrunFixhealth.smx
L 01/07/2026 - 15:20:34: [SM] Call stack trace:
L 01/07/2026 - 15:20:34: [SM]   [0] GetConVarString
L 01/07/2026 - 15:20:34: [SM]   [1] Line 138, C:\Users\Moises\Downloads\Compressed\sourcemod-1.11.0-git6968-windows\addons\sourcemod\scripting\馻nkrunFixhealth.sp::IsTankRunActive
L 01/07/2026 - 15:20:34: [SM]   [2] Line 79, C:\Users\Moises\Downloads\Compressed\sourcemod-1.11.0-git6968-windows\addons\sourcemod\scripting\馻nkrunFixhealth.sp::Event_PlayerDeath
L 01/07/2026 - 15:20:37: [SM] Exception reported: Invalid convar handle 0 (error 4)
L 01/07/2026 - 15:20:37: [SM] Blaming: 馻nkrunFixhealth.smx
L 01/07/2026 - 15:20:38: [SM] Call stack trace:
L 01/07/2026 - 15:20:38: [SM]   [0] GetConVarString
L 01/07/2026 - 15:20:38: [SM]   [1] Line 138, C:\Users\Moises\Downloads\Compressed\sourcemod-1.11.0-git6968-windows\addons\sourcemod\scripting\馻nkrunFixhealth.sp::IsTankRunActive
L 01/07/2026 - 15:20:38: [SM]   [2] Line 79, C:\Users\Moises\Downloads\Compressed\sourcemod-1.11.0-git6968-windows\addons\sourcemod\scripting\馻nkrunFixhealth.sp::Event_PlayerDeath
L 01/07/2026 - 15:20:40: [SM] Exception reported: Invalid convar handle 0 (error 4)
L 01/07/2026 - 15:20:40: [SM] Blaming: 馻nkrunFixhealth.smx
L 01/07/2026 - 15:20:40: [SM] Call stack trace:
L 01/07/2026 - 15:20:40: [SM]   [0] GetConVarString
L 01/07/2026 - 15:20:40: [SM]   [1] Line 138, C:\Users\Moises\Downloads\Compressed\sourcemod-1.11.0-git6968-windows\addons\sourcemod\scripting\馻nkrunFixhealth.sp::IsTankRunActive
L 01/07/2026 - 15:20:40: [SM]   [2] Line 36, C:\Users\Moises\Downloads\Compressed\sourcemod-1.11.0-git6968-windows\addons\sourcemod\scripting\馻nkrunFixhealth.sp::Timer_PeriodicCheck
L 01/07/2026 - 15:20:45: [SM] Exception reported: Invalid timer handle de300411 (error 1)
L 01/07/2026 - 15:20:45: [SM] Blaming: l4d2_playerjoining_v2.smx
L 01/07/2026 - 15:20:45: [SM] Call stack trace:
L 01/07/2026 - 15:20:45: [SM]   [0] KillTimer
L 01/07/2026 - 15:20:45: [SM]   [1] Line 53, C:\Users\Moises\Downloads\Compressed\sourcemod-1.11.0-git6968-windows\addons\sourcemod\scripting\l4d2_playerjoining_v2.sp::OnClientDisconnect
L 01/07/2026 - 15:20:50: [SM] Exception reported: Invalid convar handle 0 (error 4)
L 01/07/2026 - 15:20:50: [SM] Blaming: 馻nkrunFixhealth.smx
L 01/07/2026 - 15:20:50: [SM] Call stack trace:
L 01/07/2026 - 15:20:50: [SM]   [0] GetConVarString
L 01/07/2026 - 15:20:50: [SM]   [1] Line 138, C:\Users\Moises\Downloads\Compressed\sourcemod-1.11.0-git6968-windows\addons\sourcemod\scripting\馻nkrunFixhealth.sp::IsTankRunActive
L 01/07/2026 - 15:20:50: [SM]   [2] Line 36, C:\Users\Moises\Downloads\Compressed\sourcemod-1.11.0-git6968-windows\addons\sourcemod\scripting\馻nkrunFixhealth.sp::Timer_PeriodicCheck
L 01/07/2026 - 15:20:51: [SM] Exception reported: Invalid convar handle 0 (error 4)
L 01/07/2026 - 15:20:51: [SM] Blaming: 馻nkrunFixhealth.smx
L 01/07/2026 - 15:20:51: [SM] Call stack trace:
L 01/07/2026 - 15:20:51: [SM]   [0] GetConVarString
L 01/07/2026 - 15:20:51: [SM]   [1] Line 138, C:\Users\Moises\Downloads\Compressed\sourcemod-1.11.0-git6968-windows\addons\sourcemod\scripting\馻nkrunFixhealth.sp::IsTankRunActive
L 01/07/2026 - 15:20:51: [SM]   [2] Line 79, C:\Users\Moises\Downloads\Compressed\sourcemod-1.11.0-git6968-windows\addons\sourcemod\scripting\馻nkrunFixhealth.sp::Event_PlayerDeath
L 01/07/2026 - 15:20:53: [SM] Exception reported: Invalid convar handle 0 (error 4)
L 01/07/2026 - 15:20:54: [SM] Blaming: 馻nkrunFixhealth.smx
L 01/07/2026 - 15:20:54: [SM] Call stack trace:
L 01/07/2026 - 15:20:54: [SM]   [0] GetConVarString
L 01/07/2026 - 15:20:54: [SM]   [1] Line 138, C:\Users\Moises\Downloads\Compressed\sourcemod-1.11.0-git6968-windows\addons\sourcemod\scripting\馻nkrunFixhealth.sp::IsTankRunActive
L 01/07/2026 - 15:20:54: [SM]   [2] Line 79, C:\Users\Moises\Downloads\Compressed\sourcemod-1.11.0-git6968-windows\addons\sourcemod\scripting\馻nkrunFixhealth.sp::Event_PlayerDeath
L 01/07/2026 - 15:20:54: [SM] Exception reported: Invalid convar handle 0 (error 4)
L 01/07/2026 - 15:20:54: [SM] Blaming: 馻nkrunFixhealth.smx
L 01/07/2026 - 15:20:55: [SM] Call stack trace:
L 01/07/2026 - 15:20:55: [SM]   [0] GetConVarString
L 01/07/2026 - 15:20:55: [SM]   [1] Line 138, C:\Users\Moises\Downloads\Compressed\sourcemod-1.11.0-git6968-windows\addons\sourcemod\scripting\馻nkrunFixhealth.sp::IsTankRunActive
L 01/07/2026 - 15:20:55: [SM]   [2] Line 79, C:\Users\Moises\Downloads\Compressed\sourcemod-1.11.0-git6968-windows\addons\sourcemod\scripting\馻nkrunFixhealth.sp::Event_PlayerDeath
L 01/07/2026 - 15:20:55: [SM] Exception reported: Invalid convar handle 0 (error 4)
L 01/07/2026 - 15:20:55: [SM] Blaming: 馻nkrunFixhealth.smx
L 01/07/2026 - 15:20:55: [SM] Call stack trace:
L 01/07/2026 - 15:20:55: [SM]   [0] GetConVarString
L 01/07/2026 - 15:20:55: [SM]   [1] Line 138, C:\Users\Moises\Downloads\Compressed\sourcemod-1.11.0-git6968-windows\addons\sourcemod\scripting\馻nkrunFixhealth.sp::IsTankRunActive
L 01/07/2026 - 15:20:55: [SM]   [2] Line 79, C:\Users\Moises\Downloads\Compressed\sourcemod-1.11.0-git6968-windows\addons\sourcemod\scripting\馻nkrunFixhealth.sp::Event_PlayerDeath
L 01/07/2026 - 15:20:56: [SM] Exception reported: Invalid convar handle 0 (error 4)
L 01/07/2026 - 15:20:56: [SM] Blaming: 馻nkrunFixhealth.smx
L 01/07/2026 - 15:20:56: [SM] Call stack trace:
L 01/07/2026 - 15:20:56: [SM]   [0] GetConVarString
L 01/07/2026 - 15:20:56: [SM]   [1] Line 138, C:\Users\Moises\Downloads\Compressed\sourcemod-1.11.0-git6968-windows\addons\sourcemod\scripting\馻nkrunFixhealth.sp::IsTankRunActive
L 01/07/2026 - 15:20:56: [SM]   [2] Line 79, C:\Users\Moises\Downloads\Compressed\sourcemod-1.11.0-git6968-windows\addons\sourcemod\scripting\馻nkrunFixhealth.sp::Event_PlayerDeath
L 01/07/2026 - 15:21:00: [SM] Exception reported: Invalid convar handle 0 (error 4)
L 01/07/2026 - 15:21:00: [SM] Blaming: 馻nkrunFixhealth.smx
L 01/07/2026 - 15:21:00: [SM] Call stack trace:
L 01/07/2026 - 15:21:00: [SM]   [0] GetConVarString
L 01/07/2026 - 15:21:00: [SM]   [1] Line 138, C:\Users\Moises\Downloads\Compressed\sourcemod-1.11.0-git6968-windows\addons\sourcemod\scripting\馻nkrunFixhealth.sp::IsTankRunActive
L 01/07/2026 - 15:21:00: [SM]   [2] Line 36, C:\Users\Moises\Downloads\Compressed\sourcemod-1.11.0-git6968-windows\addons\sourcemod\scripting\馻nkrunFixhealth.sp::Timer_PeriodicCheck
L 01/07/2026 - 15:21:00: [SM] Exception reported: Invalid convar handle 0 (error 4)
L 01/07/2026 - 15:21:00: [SM] Blaming: 馻nkrunFixhealth.smx
L 01/07/2026 - 15:21:00: [SM] Call stack trace:
L 01/07/2026 - 15:21:00: [SM]   [0] GetConVarString
L 01/07/2026 - 15:21:00: [SM]   [1] Line 138, C:\Users\Moises\Downloads\Compressed\sourcemod-1.11.0-git6968-windows\addons\sourcemod\scripting\馻nkrunFixhealth.sp::IsTankRunActive
L 01/07/2026 - 15:21:00: [SM]   [2] Line 79, C:\Users\Moises\Downloads\Compressed\sourcemod-1.11.0-git6968-windows\addons\sourcemod\scripting\馻nkrunFixhealth.sp::Event_PlayerDeath
L 01/07/2026 - 15:21:01: [SM] Exception reported: Invalid convar handle 0 (error 4)
L 01/07/2026 - 15:21:01: [SM] Blaming: 馻nkrunFixhealth.smx
L 01/07/2026 - 15:21:01: [SM] Call stack trace:
L 01/07/2026 - 15:21:01: [SM]   [0] GetConVarString
L 01/07/2026 - 15:21:01: [SM]   [1] Line 138, C:\Users\Moises\Downloads\Compressed\sourcemod-1.11.0-git6968-windows\addons\sourcemod\scripting\馻nkrunFixhealth.sp::IsTankRunActive
L 01/07/2026 - 15:21:01: [SM]   [2] Line 79, C:\Users\Moises\Downloads\Compressed\sourcemod-1.11.0-git6968-windows\addons\sourcemod\scripting\馻nkrunFixhealth.sp::Event_PlayerDeath
L 01/07/2026 - 15:21:02: [SM] Exception reported: Invalid convar handle 0 (error 4)
L 01/07/2026 - 15:21:02: [SM] Blaming: 馻nkrunFixhealth.smx
L 01/07/2026 - 15:21:02: [SM] Call stack trace:
L 01/07/2026 - 15:21:02: [SM]   [0] GetConVarString
L 01/07/2026 - 15:21:02: [SM]   [1] Line 138, C:\Users\Moises\Downloads\Compressed\sourcemod-1.11.0-git6968-windows\addons\sourcemod\scripting\馻nkrunFixhealth.sp::IsTankRunActive
L 01/07/2026 - 15:21:02: [SM]   [2] Line 79, C:\Users\Moises\Downloads\Compressed\sourcemod-1.11.0-git6968-windows\addons\sourcemod\scripting\馻nkrunFixhealth.sp::Event_PlayerDeath
L 01/07/2026 - 15:21:03: [SM] Exception reported: Invalid convar handle 0 (error 4)
L 01/07/2026 - 15:21:03: [SM] Blaming: 馻nkrunFixhealth.smx
L 01/07/2026 - 15:21:03: [SM] Call stack trace:
L 01/07/2026 - 15:21:03: [SM]   [0] GetConVarString
L 01/07/2026 - 15:21:03: [SM]   [1] Line 138, C:\Users\Moises\Downloads\Compressed\sourcemod-1.11.0-git6968-windows\addons\sourcemod\scripting\馻nkrunFixhealth.sp::IsTankRunActive
L 01/07/2026 - 15:21:03: [SM]   [2] Line 79, C:\Users\Moises\Downloads\Compressed\sourcemod-1.11.0-git6968-windows\addons\sourcemod\scripting\馻nkrunFixhealth.sp::Event_PlayerDeath
L 01/07/2026 - 15:21:06: [SM] Exception reported: Invalid convar handle 0 (error 4)
L 01/07/2026 - 15:21:06: [SM] Blaming: 馻nkrunFixhealth.smx
L 01/07/2026 - 15:21:06: [SM] Call stack trace:
L 01/07/2026 - 15:21:06: [SM]   [0] GetConVarString
L 01/07/2026 - 15:21:06: [SM]   [1] Line 138, C:\Users\Moises\Downloads\Compressed\sourcemod-1.11.0-git6968-windows\addons\sourcemod\scripting\馻nkrunFixhealth.sp::IsTankRunActive
L 01/07/2026 - 15:21:06: [SM]   [2] Line 79, C:\Users\Moises\Downloads\Compressed\sourcemod-1.11.0-git6968-windows\addons\sourcemod\scripting\馻nkrunFixhealth.sp::Event_PlayerDeath
L 01/07/2026 - 15:21:08: [SM] Exception reported: Invalid convar handle 0 (error 4)
L 01/07/2026 - 15:21:08: [SM] Blaming: 馻nkrunFixhealth.smx
L 01/07/2026 - 15:21:08: [SM] Call stack trace:
L 01/07/2026 - 15:21:08: [SM]   [0] GetConVarString
L 01/07/2026 - 15:21:08: [SM]   [1] Line 138, C:\Users\Moises\Downloads\Compressed\sourcemod-1.11.0-git6968-windows\addons\sourcemod\scripting\馻nkrunFixhealth.sp::IsTankRunActive
L 01/07/2026 - 15:21:08: [SM]   [2] Line 79, C:\Users\Moises\Downloads\Compressed\sourcemod-1.11.0-git6968-windows\addons\sourcemod\scripting\馻nkrunFixhealth.sp::Event_PlayerDeath
L 01/07/2026 - 15:21:09: [SM] Exception reported: Invalid convar handle 0 (error 4)
L 01/07/2026 - 15:21:09: [SM] Blaming: 馻nkrunFixhealth.smx
L 01/07/2026 - 15:21:09: [SM] Call stack trace:
L 01/07/2026 - 15:21:09: [SM]   [0] GetConVarString
L 01/07/2026 - 15:21:09: [SM]   [1] Line 138, C:\Users\Moises\Downloads\Compressed\sourcemod-1.11.0-git6968-windows\addons\sourcemod\scripting\馻nkrunFixhealth.sp::IsTankRunActive
L 01/07/2026 - 15:21:09: [SM]   [2] Line 79, C:\Users\Moises\Downloads\Compressed\sourcemod-1.11.0-git6968-windows\addons\sourcemod\scripting\馻nkrunFixhealth.sp::Event_PlayerDeath
L 01/07/2026 - 15:21:10: [SM] Exception reported: Invalid convar handle 0 (error 4)
L 01/07/2026 - 15:21:10: [SM] Blaming: 馻nkrunFixhealth.smx
L 01/07/2026 - 15:21:10: [SM] Call stack trace:
L 01/07/2026 - 15:21:10: [SM]   [0] GetConVarString
L 01/07/2026 - 15:21:10: [SM]   [1] Line 138, C:\Users\Moises\Downloads\Compressed\sourcemod-1.11.0-git6968-windows\addons\sourcemod\scripting\馻nkrunFixhealth.sp::IsTankRunActive
L 01/07/2026 - 15:21:10: [SM]   [2] Line 36, C:\Users\Moises\Downloads\Compressed\sourcemod-1.11.0-git6968-windows\addons\sourcemod\scripting\馻nkrunFixhealth.sp::Timer_PeriodicCheck
L 01/07/2026 - 15:21:10: [SM] Exception reported: Invalid convar handle 0 (error 4)
L 01/07/2026 - 15:21:10: [SM] Blaming: 馻nkrunFixhealth.smx
L 01/07/2026 - 15:21:10: [SM] Call stack trace:
L 01/07/2026 - 15:21:10: [SM]   [0] GetConVarString
L 01/07/2026 - 15:21:10: [SM]   [1] Line 138, C:\Users\Moises\Downloads\Compressed\sourcemod-1.11.0-git6968-windows\addons\sourcemod\scripting\馻nkrunFixhealth.sp::IsTankRunActive
L 01/07/2026 - 15:21:10: [SM]   [2] Line 79, C:\Users\Moises\Downloads\Compressed\sourcemod-1.11.0-git6968-windows\addons\sourcemod\scripting\馻nkrunFixhealth.sp::Event_PlayerDeath
L 01/07/2026 - 15:21:14: [SM] Exception reported: Invalid convar handle 0 (error 4)
L 01/07/2026 - 15:21:14: [SM] Blaming: 馻nkrunFixhealth.smx
L 01/07/2026 - 15:21:14: [SM] Call stack trace:
L 01/07/2026 - 15:21:14: [SM]   [0] GetConVarString
L 01/07/2026 - 15:21:14: [SM]   [1] Line 138, C:\Users\Moises\Downloads\Compressed\sourcemod-1.11.0-git6968-windows\addons\sourcemod\scripting\馻nkrunFixhealth.sp::IsTankRunActive
L 01/07/2026 - 15:21:14: [SM]   [2] Line 79, C:\Users\Moises\Downloads\Compressed\sourcemod-1.11.0-git6968-windows\addons\sourcemod\scripting\馻nkrunFixhealth.sp::Event_PlayerDeath
L 01/07/2026 - 15:21:16: [SM] Exception reported: Invalid timer handle 3fc00423 (error 3)
L 01/07/2026 - 15:21:16: [SM] Blaming: l4d2_playerjoining_v2.smx
L 01/07/2026 - 15:21:16: [SM] Call stack trace:
L 01/07/2026 - 15:21:16: [SM]   [0] KillTimer
L 01/07/2026 - 15:21:16: [SM]   [1] Line 53, C:\Users\Moises\Downloads\Compressed\sourcemod-1.11.0-git6968-windows\addons\sourcemod\scripting\l4d2_playerjoining_v2.sp::OnClientDisconnect
L 01/07/2026 - 15:21:16: [SM] Exception reported: Invalid convar handle 0 (error 4)
L 01/07/2026 - 15:21:16: [SM] Blaming: 馻nkrunFixhealth.smx
L 01/07/2026 - 15:21:16: [SM] Call stack trace:
L 01/07/2026 - 15:21:16: [SM]   [0] GetConVarString
L 01/07/2026 - 15:21:16: [SM]   [1] Line 138, C:\Users\Moises\Downloads\Compressed\sourcemod-1.11.0-git6968-windows\addons\sourcemod\scripting\馻nkrunFixhealth.sp::IsTankRunActive
L 01/07/2026 - 15:21:16: [SM]   [2] Line 79, C:\Users\Moises\Downloads\Compressed\sourcemod-1.11.0-git6968-windows\addons\sourcemod\scripting\馻nkrunFixhealth.sp::Event_PlayerDeath
L 01/07/2026 - 15:21:17: [SM] Exception reported: Invalid convar handle 0 (error 4)
L 01/07/2026 - 15:21:17: [SM] Blaming: 馻nkrunFixhealth.smx
L 01/07/2026 - 15:21:17: [SM] Call stack trace:
L 01/07/2026 - 15:21:17: [SM]   [0] GetConVarString
L 01/07/2026 - 15:21:17: [SM]   [1] Line 138, C:\Users\Moises\Downloads\Compressed\sourcemod-1.11.0-git6968-windows\addons\sourcemod\scripting\馻nkrunFixhealth.sp::IsTankRunActive
L 01/07/2026 - 15:21:17: [SM]   [2] Line 79, C:\Users\Moises\Downloads\Compressed\sourcemod-1.11.0-git6968-windows\addons\sourcemod\scripting\馻nkrunFixhealth.sp::Event_PlayerDeath
L 01/07/2026 - 15:21:17: [SM] Exception reported: Invalid convar handle 0 (error 4)
L 01/07/2026 - 15:21:17: [SM] Blaming: 馻nkrunFixhealth.smx
L 01/07/2026 - 15:21:17: [SM] Call stack trace:
L 01/07/2026 - 15:21:17: [SM]   [0] GetConVarString
L 01/07/2026 - 15:21:17: [SM]   [1] Line 138, C:\Users\Moises\Downloads\Compressed\sourcemod-1.11.0-git6968-windows\addons\sourcemod\scripting\馻nkrunFixhealth.sp::IsTankRunActive
L 01/07/2026 - 15:21:17: [SM]   [2] Line 79, C:\Users\Moises\Downloads\Compressed\sourcemod-1.11.0-git6968-windows\addons\sourcemod\scripting\馻nkrunFixhealth.sp::Event_PlayerDeath
L 01/07/2026 - 15:21:17: [SM] Exception reported: Invalid convar handle 0 (error 4)
L 01/07/2026 - 15:21:17: [SM] Blaming: 馻nkrunFixhealth.smx
L 01/07/2026 - 15:21:17: [SM] Call stack trace:
L 01/07/2026 - 15:21:17: [SM]   [0] GetConVarString
L 01/07/2026 - 15:21:17: [SM]   [1] Line 138, C:\Users\Moises\Downloads\Compressed\sourcemod-1.11.0-git6968-windows\addons\sourcemod\scripting\馻nkrunFixhealth.sp::IsTankRunActive
L 01/07/2026 - 15:21:17: [SM]   [2] Line 79, C:\Users\Moises\Downloads\Compressed\sourcemod-1.11.0-git6968-windows\addons\sourcemod\scripting\馻nkrunFixhealth.sp::Event_PlayerDeath
L 01/07/2026 - 15:21:19: [SM] Exception reported: Invalid convar handle 0 (error 4)
L 01/07/2026 - 15:21:19: [SM] Blaming: 馻nkrunFixhealth.smx
L 01/07/2026 - 15:21:19: [SM] Call stack trace:
L 01/07/2026 - 15:21:19: [SM]   [0] GetConVarString
L 01/07/2026 - 15:21:19: [SM]   [1] Line 138, C:\Users\Moises\Downloads\Compressed\sourcemod-1.11.0-git6968-windows\addons\sourcemod\scripting\馻nkrunFixhealth.sp::IsTankRunActive
L 01/07/2026 - 15:21:19: [SM]   [2] Line 79, C:\Users\Moises\Downloads\Compressed\sourcemod-1.11.0-git6968-windows\addons\sourcemod\scripting\馻nkrunFixhealth.sp::Event_PlayerDeath
L 01/07/2026 - 15:21:19: [SM] Exception reported: Invalid convar handle 0 (error 4)
L 01/07/2026 - 15:21:19: [SM] Blaming: 馻nkrunFixhealth.smx
L 01/07/2026 - 15:21:19: [SM] Call stack trace:
L 01/07/2026 - 15:21:19: [SM]   [0] GetConVarString
L 01/07/2026 - 15:21:19: [SM]   [1] Line 138, C:\Users\Moises\Downloads\Compressed\sourcemod-1.11.0-git6968-windows\addons\sourcemod\scripting\馻nkrunFixhealth.sp::IsTankRunActive
L 01/07/2026 - 15:21:19: [SM]   [2] Line 79, C:\Users\Moises\Downloads\Compressed\sourcemod-1.11.0-git6968-windows\addons\sourcemod\scripting\馻nkrunFixhealth.sp::Event_PlayerDeath
L 01/07/2026 - 15:21:20: [SM] Exception reported: Invalid convar handle 0 (error 4)
L 01/07/2026 - 15:21:20: [SM] Blaming: 馻nkrunFixhealth.smx
L 01/07/2026 - 15:21:20: [SM] Call stack trace:
L 01/07/2026 - 15:21:20: [SM]   [0] GetConVarString
L 01/07/2026 - 15:21:20: [SM]   [1] Line 138, C:\Users\Moises\Downloads\Compressed\sourcemod-1.11.0-git6968-windows\addons\sourcemod\scripting\馻nkrunFixhealth.sp::IsTankRunActive
L 01/07/2026 - 15:21:20: [SM]   [2] Line 36, C:\Users\Moises\Downloads\Compressed\sourcemod-1.11.0-git6968-windows\addons\sourcemod\scripting\馻nkrunFixhealth.sp::Timer_PeriodicCheck
L 01/07/2026 - 15:21:25: [SM] Exception reported: Invalid convar handle 0 (error 4)
L 01/07/2026 - 15:21:25: [SM] Blaming: 馻nkrunFixhealth.smx
L 01/07/2026 - 15:21:25: [SM] Call stack trace:
L 01/07/2026 - 15:21:25: [SM]   [0] GetConVarString
L 01/07/2026 - 15:21:25: [SM]   [1] Line 138, C:\Users\Moises\Downloads\Compressed\sourcemod-1.11.0-git6968-windows\addons\sourcemod\scripting\馻nkrunFixhealth.sp::IsTankRunActive
L 01/07/2026 - 15:21:25: [SM]   [2] Line 79, C:\Users\Moises\Downloads\Compressed\sourcemod-1.11.0-git6968-windows\addons\sourcemod\scripting\馻nkrunFixhealth.sp::Event_PlayerDeath
L 01/07/2026 - 15:21:26: [SM] Exception reported: Invalid convar handle 0 (error 4)
L 01/07/2026 - 15:21:26: [SM] Blaming: 馻nkrunFixhealth.smx
L 01/07/2026 - 15:21:26: [SM] Call stack trace:
L 01/07/2026 - 15:21:26: [SM]   [0] GetConVarString
L 01/07/2026 - 15:21:26: [SM]   [1] Line 138, C:\Users\Moises\Downloads\Compressed\sourcemod-1.11.0-git6968-windows\addons\sourcemod\scripting\馻nkrunFixhealth.sp::IsTankRunActive
L 01/07/2026 - 15:21:26: [SM]   [2] Line 79, C:\Users\Moises\Downloads\Compressed\sourcemod-1.11.0-git6968-windows\addons\sourcemod\scripting\馻nkrunFixhealth.sp::Event_PlayerDeath
L 01/07/2026 - 15:21:27: [SM] Exception reported: Invalid convar handle 0 (error 4)
L 01/07/2026 - 15:21:27: [SM] Blaming: 馻nkrunFixhealth.smx
L 01/07/2026 - 15:21:27: [SM] Call stack trace:
L 01/07/2026 - 15:21:27: [SM]   [0] GetConVarString
L 01/07/2026 - 15:21:27: [SM]   [1] Line 138, C:\Users\Moises\Downloads\Compressed\sourcemod-1.11.0-git6968-windows\addons\sourcemod\scripting\馻nkrunFixhealth.sp::IsTankRunActive
L 01/07/2026 - 15:21:27: [SM]   [2] Line 79, C:\Users\Moises\Downloads\Compressed\sourcemod-1.11.0-git6968-windows\addons\sourcemod\scripting\馻nkrunFixhealth.sp::Event_PlayerDeath
L 01/07/2026 - 15:21:30: [SM] Exception reported: Invalid convar handle 0 (error 4)
L 01/07/2026 - 15:21:30: [SM] Blaming: 馻nkrunFixhealth.smx
L 01/07/2026 - 15:21:30: [SM] Call stack trace:
L 01/07/2026 - 15:21:30: [SM]   [0] GetConVarString
L 01/07/2026 - 15:21:30: [SM]   [1] Line 138, C:\Users\Moises\Downloads\Compressed\sourcemod-1.11.0-git6968-windows\addons\sourcemod\scripting\馻nkrunFixhealth.sp::IsTankRunActive
L 01/07/2026 - 15:21:30: [SM]   [2] Line 36, C:\Users\Moises\Downloads\Compressed\sourcemod-1.11.0-git6968-windows\addons\sourcemod\scripting\馻nkrunFixhealth.sp::Timer_PeriodicCheck
L 01/07/2026 - 15:21:32: [SM] Exception reported: Invalid convar handle 0 (error 4)
L 01/07/2026 - 15:21:32: [SM] Blaming: 馻nkrunFixhealth.smx
L 01/07/2026 - 15:21:32: [SM] Call stack trace:
L 01/07/2026 - 15:21:32: [SM]   [0] GetConVarString
L 01/07/2026 - 15:21:32: [SM]   [1] Line 138, C:\Users\Moises\Downloads\Compressed\sourcemod-1.11.0-git6968-windows\addons\sourcemod\scripting\馻nkrunFixhealth.sp::IsTankRunActive
L 01/07/2026 - 15:21:32: [SM]   [2] Line 79, C:\Users\Moises\Downloads\Compressed\sourcemod-1.11.0-git6968-windows\addons\sourcemod\scripting\馻nkrunFixhealth.sp::Event_PlayerDeath
L 01/07/2026 - 15:21:32: [SM] Exception reported: Invalid convar handle 0 (error 4)
L 01/07/2026 - 15:21:32: [SM] Blaming: 馻nkrunFixhealth.smx
L 01/07/2026 - 15:21:32: [SM] Call stack trace:
L 01/07/2026 - 15:21:32: [SM]   [0] GetConVarString
L 01/07/2026 - 15:21:32: [SM]   [1] Line 138, C:\Users\Moises\Downloads\Compressed\sourcemod-1.11.0-git6968-windows\addons\sourcemod\scripting\馻nkrunFixhealth.sp::IsTankRunActive
L 01/07/2026 - 15:21:32: [SM]   [2] Line 71, C:\Users\Moises\Downloads\Compressed\sourcemod-1.11.0-git6968-windows\addons\sourcemod\scripting\馻nkrunFixhealth.sp::Event_MapTransition
L 01/07/2026 - 15:21:35: [SM] Exception reported: Invalid convar handle 0 (error 4)
L 01/07/2026 - 15:21:35: [SM] Blaming: 馻nkrunFixhealth.smx
L 01/07/2026 - 15:21:35: [SM] Call stack trace:
L 01/07/2026 - 15:21:35: [SM]   [0] GetConVarString
L 01/07/2026 - 15:21:35: [SM]   [1] Line 138, C:\Users\Moises\Downloads\Compressed\sourcemod-1.11.0-git6968-windows\addons\sourcemod\scripting\馻nkrunFixhealth.sp::IsTankRunActive
L 01/07/2026 - 15:21:35: [SM]   [2] Line 79, C:\Users\Moises\Downloads\Compressed\sourcemod-1.11.0-git6968-windows\addons\sourcemod\scripting\馻nkrunFixhealth.sp::Event_PlayerDeath
L 01/07/2026 - 15:21:40: [SM] Exception reported: Invalid convar handle 0 (error 4)
L 01/07/2026 - 15:21:40: [SM] Blaming: 馻nkrunFixhealth.smx
L 01/07/2026 - 15:21:40: [SM] Call stack trace:
L 01/07/2026 - 15:21:40: [SM]   [0] GetConVarString
L 01/07/2026 - 15:21:40: [SM]   [1] Line 138, C:\Users\Moises\Downloads\Compressed\sourcemod-1.11.0-git6968-windows\addons\sourcemod\scripting\馻nkrunFixhealth.sp::IsTankRunActive
L 01/07/2026 - 15:21:40: [SM]   [2] Line 36, C:\Users\Moises\Downloads\Compressed\sourcemod-1.11.0-git6968-windows\addons\sourcemod\scripting\馻nkrunFixhealth.sp::Timer_PeriodicCheck
L 01/07/2026 - 15:21:42: [SM] Exception reported: Invalid timer handle 4c60007f (error 3)
L 01/07/2026 - 15:21:42: [SM] Blaming: l4d2_playerjoining_v2.smx
L 01/07/2026 - 15:21:42: [SM] Call stack trace:
L 01/07/2026 - 15:21:42: [SM]   [0] KillTimer
L 01/07/2026 - 15:21:42: [SM]   [1] Line 53, C:\Users\Moises\Downloads\Compressed\sourcemod-1.11.0-git6968-windows\addons\sourcemod\scripting\l4d2_playerjoining_v2.sp::OnClientDisconnect
L 01/07/2026 - 15:21:48: [SM] Exception reported: Invalid convar handle 0 (error 4)
L 01/07/2026 - 15:21:48: [SM] Blaming: 馻nkrunFixhealth.smx
L 01/07/2026 - 15:21:48: [SM] Call stack trace:
L 01/07/2026 - 15:21:48: [SM]   [0] GetConVarString
L 01/07/2026 - 15:21:48: [SM]   [1] Line 138, C:\Users\Moises\Downloads\Compressed\sourcemod-1.11.0-git6968-windows\addons\sourcemod\scripting\馻nkrunFixhealth.sp::IsTankRunActive
L 01/07/2026 - 15:21:48: [SM]   [2] Line 79, C:\Users\Moises\Downloads\Compressed\sourcemod-1.11.0-git6968-windows\addons\sourcemod\scripting\馻nkrunFixhealth.sp::Event_PlayerDeath
L 01/07/2026 - 15:21:48: [SM] Exception reported: Invalid convar handle 0 (error 4)
L 01/07/2026 - 15:21:48: [SM] Blaming: 馻nkrunFixhealth.smx
L 01/07/2026 - 15:21:48: [SM] Call stack trace:
L 01/07/2026 - 15:21:48: [SM]   [0] GetConVarString
L 01/07/2026 - 15:21:48: [SM]   [1] Line 138, C:\Users\Moises\Downloads\Compressed\sourcemod-1.11.0-git6968-windows\addons\sourcemod\scripting\馻nkrunFixhealth.sp::IsTankRunActive
L 01/07/2026 - 15:21:48: [SM]   [2] Line 54, C:\Users\Moises\Downloads\Compressed\sourcemod-1.11.0-git6968-windows\addons\sourcemod\scripting\馻nkrunFixhealth.sp::Event_RoundStart
L 01/07/2026 - 15:21:48: [SM] Exception reported: Invalid timer handle de300411 (error 1)
L 01/07/2026 - 15:21:48: [SM] Blaming: l4d2_playerjoining_v2.smx
L 01/07/2026 - 15:21:48: [SM] Call stack trace:
L 01/07/2026 - 15:21:48: [SM]   [0] KillTimer
L 01/07/2026 - 15:21:48: [SM]   [1] Line 53, C:\Users\Moises\Downloads\Compressed\sourcemod-1.11.0-git6968-windows\addons\sourcemod\scripting\l4d2_playerjoining_v2.sp::OnClientDisconnect
L 01/07/2026 - 15:21:48: [SM] Exception reported: Invalid timer handle 3fc00423 (error 1)
L 01/07/2026 - 15:21:48: [SM] Blaming: l4d2_playerjoining_v2.smx
L 01/07/2026 - 15:21:48: [SM] Call stack trace:
L 01/07/2026 - 15:21:48: [SM]   [0] KillTimer
L 01/07/2026 - 15:21:48: [SM]   [1] Line 53, C:\Users\Moises\Downloads\Compressed\sourcemod-1.11.0-git6968-windows\addons\sourcemod\scripting\l4d2_playerjoining_v2.sp::OnClientDisconnect
L 01/07/2026 - 15:21:50: [SM] Exception reported: Invalid convar handle 0 (error 4)
L 01/07/2026 - 15:21:50: [SM] Blaming: 馻nkrunFixhealth.smx
L 01/07/2026 - 15:21:50: [SM] Call stack trace:
L 01/07/2026 - 15:21:50: [SM]   [0] GetConVarString
L 01/07/2026 - 15:21:50: [SM]   [1] Line 138, C:\Users\Moises\Downloads\Compressed\sourcemod-1.11.0-git6968-windows\addons\sourcemod\scripting\馻nkrunFixhealth.sp::IsTankRunActive
L 01/07/2026 - 15:21:50: [SM]   [2] Line 36, C:\Users\Moises\Downloads\Compressed\sourcemod-1.11.0-git6968-windows\addons\sourcemod\scripting\馻nkrunFixhealth.sp::Timer_PeriodicCheck
L 01/07/2026 - 15:22:00: [SM] Exception reported: Invalid convar handle 0 (error 4)
L 01/07/2026 - 15:22:00: [SM] Blaming: 馻nkrunFixhealth.smx
L 01/07/2026 - 15:22:00: [SM] Call stack trace:
L 01/07/2026 - 15:22:00: [SM]   [0] GetConVarString
L 01/07/2026 - 15:22:00: [SM]   [1] Line 138, C:\Users\Moises\Downloads\Compressed\sourcemod-1.11.0-git6968-windows\addons\sourcemod\scripting\馻nkrunFixhealth.sp::IsTankRunActive
L 01/07/2026 - 15:22:00: [SM]   [2] Line 36, C:\Users\Moises\Downloads\Compressed\sourcemod-1.11.0-git6968-windows\addons\sourcemod\scripting\馻nkrunFixhealth.sp::Timer_PeriodicCheck
L 01/07/2026 - 15:22:10: [SM] Exception reported: Invalid convar handle 0 (error 4)
L 01/07/2026 - 15:22:10: [SM] Blaming: 馻nkrunFixhealth.smx
L 01/07/2026 - 15:22:10: [SM] Call stack trace:
L 01/07/2026 - 15:22:10: [SM]   [0] GetConVarString
L 01/07/2026 - 15:22:10: [SM]   [1] Line 138, C:\Users\Moises\Downloads\Compressed\sourcemod-1.11.0-git6968-windows\addons\sourcemod\scripting\馻nkrunFixhealth.sp::IsTankRunActive
L 01/07/2026 - 15:22:10: [SM]   [2] Line 36, C:\Users\Moises\Downloads\Compressed\sourcemod-1.11.0-git6968-windows\addons\sourcemod\scripting\馻nkrunFixhealth.sp::Timer_PeriodicCheck
L 01/07/2026 - 15:22:20: [SM] Exception reported: Invalid convar handle 0 (error 4)
L 01/07/2026 - 15:22:20: [SM] Blaming: 馻nkrunFixhealth.smx
L 01/07/2026 - 15:22:20: [SM] Call stack trace:
L 01/07/2026 - 15:22:20: [SM]   [0] GetConVarString
L 01/07/2026 - 15:22:20: [SM]   [1] Line 138, C:\Users\Moises\Downloads\Compressed\sourcemod-1.11.0-git6968-windows\addons\sourcemod\scripting\馻nkrunFixhealth.sp::IsTankRunActive
L 01/07/2026 - 15:22:20: [SM]   [2] Line 36, C:\Users\Moises\Downloads\Compressed\sourcemod-1.11.0-git6968-windows\addons\sourcemod\scripting\馻nkrunFixhealth.sp::Timer_PeriodicCheck
L 01/07/2026 - 15:22:30: [SM] Exception reported: Invalid convar handle 0 (error 4)
L 01/07/2026 - 15:22:30: [SM] Blaming: 馻nkrunFixhealth.smx
L 01/07/2026 - 15:22:30: [SM] Call stack trace:
L 01/07/2026 - 15:22:30: [SM]   [0] GetConVarString
L 01/07/2026 - 15:22:30: [SM]   [1] Line 138, C:\Users\Moises\Downloads\Compressed\sourcemod-1.11.0-git6968-windows\addons\sourcemod\scripting\馻nkrunFixhealth.sp::IsTankRunActive
L 01/07/2026 - 15:22:30: [SM]   [2] Line 36, C:\Users\Moises\Downloads\Compressed\sourcemod-1.11.0-git6968-windows\addons\sourcemod\scripting\馻nkrunFixhealth.sp::Timer_PeriodicCheck
L 01/07/2026 - 15:22:34: [SM] Exception reported: Invalid convar handle 0 (error 4)
L 01/07/2026 - 15:22:34: [SM] Blaming: 馻nkrunFixhealth.smx
L 01/07/2026 - 15:22:34: [SM] Call stack trace:
L 01/07/2026 - 15:22:34: [SM]   [0] GetConVarString
L 01/07/2026 - 15:22:34: [SM]   [1] Line 138, C:\Users\Moises\Downloads\Compressed\sourcemod-1.11.0-git6968-windows\addons\sourcemod\scripting\馻nkrunFixhealth.sp::IsTankRunActive
L 01/07/2026 - 15:22:34: [SM]   [2] Line 79, C:\Users\Moises\Downloads\Compressed\sourcemod-1.11.0-git6968-windows\addons\sourcemod\scripting\馻nkrunFixhealth.sp::Event_PlayerDeath
L 01/07/2026 - 15:22:35: [SM] Exception reported: Invalid convar handle 0 (error 4)
L 01/07/2026 - 15:22:35: [SM] Blaming: 馻nkrunFixhealth.smx
L 01/07/2026 - 15:22:35: [SM] Call stack trace:
L 01/07/2026 - 15:22:35: [SM]   [0] GetConVarString
L 01/07/2026 - 15:22:35: [SM]   [1] Line 138, C:\Users\Moises\Downloads\Compressed\sourcemod-1.11.0-git6968-windows\addons\sourcemod\scripting\馻nkrunFixhealth.sp::IsTankRunActive
L 01/07/2026 - 15:22:35: [SM]   [2] Line 79, C:\Users\Moises\Downloads\Compressed\sourcemod-1.11.0-git6968-windows\addons\sourcemod\scripting\馻nkrunFixhealth.sp::Event_PlayerDeath
L 01/07/2026 - 15:22:35: [SM] Exception reported: Invalid convar handle 0 (error 4)
L 01/07/2026 - 15:22:35: [SM] Blaming: 馻nkrunFixhealth.smx
L 01/07/2026 - 15:22:35: [SM] Call stack trace:
L 01/07/2026 - 15:22:35: [SM]   [0] GetConVarString
L 01/07/2026 - 15:22:35: [SM]   [1] Line 138, C:\Users\Moises\Downloads\Compressed\sourcemod-1.11.0-git6968-windows\addons\sourcemod\scripting\馻nkrunFixhealth.sp::IsTankRunActive
L 01/07/2026 - 15:22:35: [SM]   [2] Line 79, C:\Users\Moises\Downloads\Compressed\sourcemod-1.11.0-git6968-windows\addons\sourcemod\scripting\馻nkrunFixhealth.sp::Event_PlayerDeath
L 01/07/2026 - 15:22:35: [SM] Exception reported: Invalid convar handle 0 (error 4)
L 01/07/2026 - 15:22:35: [SM] Blaming: 馻nkrunFixhealth.smx
L 01/07/2026 - 15:22:35: [SM] Call stack trace:
L 01/07/2026 - 15:22:35: [SM]   [0] GetConVarString
L 01/07/2026 - 15:22:35: [SM]   [1] Line 138, C:\Users\Moises\Downloads\Compressed\sourcemod-1.11.0-git6968-windows\addons\sourcemod\scripting\馻nkrunFixhealth.sp::IsTankRunActive
L 01/07/2026 - 15:22:35: [SM]   [2] Line 79, C:\Users\Moises\Downloads\Compressed\sourcemod-1.11.0-git6968-windows\addons\sourcemod\scripting\馻nkrunFixhealth.sp::Event_PlayerDeath
L 01/07/2026 - 15:22:35: [SM] Exception reported: Invalid convar handle 0 (error 4)
L 01/07/2026 - 15:22:35: [SM] Blaming: 馻nkrunFixhealth.smx
L 01/07/2026 - 15:22:35: [SM] Call stack trace:
L 01/07/2026 - 15:22:35: [SM]   [0] GetConVarString
L 01/07/2026 - 15:22:35: [SM]   [1] Line 138, C:\Users\Moises\Downloads\Compressed\sourcemod-1.11.0-git6968-windows\addons\sourcemod\scripting\馻nkrunFixhealth.sp::IsTankRunActive
L 01/07/2026 - 15:22:35: [SM]   [2] Line 79, C:\Users\Moises\Downloads\Compressed\sourcemod-1.11.0-git6968-windows\addons\sourcemod\scripting\馻nkrunFixhealth.sp::Event_PlayerDeath
L 01/07/2026 - 15:22:36: [SM] Exception reported: Invalid convar handle 0 (error 4)
L 01/07/2026 - 15:22:36: [SM] Blaming: 馻nkrunFixhealth.smx
L 01/07/2026 - 15:22:36: [SM] Call stack trace:
L 01/07/2026 - 15:22:36: [SM]   [0] GetConVarString
L 01/07/2026 - 15:22:36: [SM]   [1] Line 138, C:\Users\Moises\Downloads\Compressed\sourcemod-1.11.0-git6968-windows\addons\sourcemod\scripting\馻nkrunFixhealth.sp::IsTankRunActive
L 01/07/2026 - 15:22:36: [SM]   [2] Line 79, C:\Users\Moises\Downloads\Compressed\sourcemod-1.11.0-git6968-windows\addons\sourcemod\scripting\馻nkrunFixhealth.sp::Event_PlayerDeath
L 01/07/2026 - 15:22:36: [SM] Exception reported: Invalid convar handle 0 (error 4)
L 01/07/2026 - 15:22:36: [SM] Blaming: 馻nkrunFixhealth.smx
L 01/07/2026 - 15:22:36: [SM] Call stack trace:
L 01/07/2026 - 15:22:36: [SM]   [0] GetConVarString
L 01/07/2026 - 15:22:36: [SM]   [1] Line 138, C:\Users\Moises\Downloads\Compressed\sourcemod-1.11.0-git6968-windows\addons\sourcemod\scripting\馻nkrunFixhealth.sp::IsTankRunActive
L 01/07/2026 - 15:22:36: [SM]   [2] Line 79, C:\Users\Moises\Downloads\Compressed\sourcemod-1.11.0-git6968-windows\addons\sourcemod\scripting\馻nkrunFixhealth.sp::Event_PlayerDeath
L 01/07/2026 - 15:22:37: [SM] Exception reported: Invalid convar handle 0 (error 4)
L 01/07/2026 - 15:22:37: [SM] Blaming: 馻nkrunFixhealth.smx
L 01/07/2026 - 15:22:37: [SM] Call stack trace:
L 01/07/2026 - 15:22:37: [SM]   [0] GetConVarString
L 01/07/2026 - 15:22:37: [SM]   [1] Line 138, C:\Users\Moises\Downloads\Compressed\sourcemod-1.11.0-git6968-windows\addons\sourcemod\scripting\馻nkrunFixhealth.sp::IsTankRunActive
L 01/07/2026 - 15:22:37: [SM]   [2] Line 79, C:\Users\Moises\Downloads\Compressed\sourcemod-1.11.0-git6968-windows\addons\sourcemod\scripting\馻nkrunFixhealth.sp::Event_PlayerDeath
L 01/07/2026 - 15:22:38: [SM] Exception reported: Invalid convar handle 0 (error 4)
L 01/07/2026 - 15:22:38: [SM] Blaming: 馻nkrunFixhealth.smx
L 01/07/2026 - 15:22:38: [SM] Call stack trace:
L 01/07/2026 - 15:22:38: [SM]   [0] GetConVarString
L 01/07/2026 - 15:22:38: [SM]   [1] Line 138, C:\Users\Moises\Downloads\Compressed\sourcemod-1.11.0-git6968-windows\addons\sourcemod\scripting\馻nkrunFixhealth.sp::IsTankRunActive
L 01/07/2026 - 15:22:38: [SM]   [2] Line 79, C:\Users\Moises\Downloads\Compressed\sourcemod-1.11.0-git6968-windows\addons\sourcemod\scripting\馻nkrunFixhealth.sp::Event_PlayerDeath
L 01/07/2026 - 15:22:39: [SM] Exception reported: Invalid convar handle 0 (error 4)
L 01/07/2026 - 15:22:39: [SM] Blaming: 馻nkrunFixhealth.smx
L 01/07/2026 - 15:22:39: [SM] Call stack trace:
L 01/07/2026 - 15:22:39: [SM]   [0] GetConVarString
L 01/07/2026 - 15:22:39: [SM]   [1] Line 138, C:\Users\Moises\Downloads\Compressed\sourcemod-1.11.0-git6968-windows\addons\sourcemod\scripting\馻nkrunFixhealth.sp::IsTankRunActive
L 01/07/2026 - 15:22:39: [SM]   [2] Line 79, C:\Users\Moises\Downloads\Compressed\sourcemod-1.11.0-git6968-windows\addons\sourcemod\scripting\馻nkrunFixhealth.sp::Event_PlayerDeath
L 01/07/2026 - 15:22:39: [SM] Exception reported: Invalid convar handle 0 (error 4)
L 01/07/2026 - 15:22:39: [SM] Blaming: 馻nkrunFixhealth.smx
L 01/07/2026 - 15:22:39: [SM] Call stack trace:
L 01/07/2026 - 15:22:39: [SM]   [0] GetConVarString
L 01/07/2026 - 15:22:39: [SM]   [1] Line 138, C:\Users\Moises\Downloads\Compressed\sourcemod-1.11.0-git6968-windows\addons\sourcemod\scripting\馻nkrunFixhealth.sp::IsTankRunActive
L 01/07/2026 - 15:22:39: [SM]   [2] Line 79, C:\Users\Moises\Downloads\Compressed\sourcemod-1.11.0-git6968-windows\addons\sourcemod\scripting\馻nkrunFixhealth.sp::Event_PlayerDeath
L 01/07/2026 - 15:22:40: [SM] Exception reported: Invalid convar handle 0 (error 4)
L 01/07/2026 - 15:22:40: [SM] Blaming: 馻nkrunFixhealth.smx
L 01/07/2026 - 15:22:40: [SM] Call stack trace:
L 01/07/2026 - 15:22:40: [SM]   [0] GetConVarString
L 01/07/2026 - 15:22:40: [SM]   [1] Line 138, C:\Users\Moises\Downloads\Compressed\sourcemod-1.11.0-git6968-windows\addons\sourcemod\scripting\馻nkrunFixhealth.sp::IsTankRunActive
L 01/07/2026 - 15:22:40: [SM]   [2] Line 36, C:\Users\Moises\Downloads\Compressed\sourcemod-1.11.0-git6968-windows\addons\sourcemod\scripting\馻nkrunFixhealth.sp::Timer_PeriodicCheck
L 01/07/2026 - 15:22:41: [SM] Exception reported: Invalid convar handle 0 (error 4)
L 01/07/2026 - 15:22:41: [SM] Blaming: 馻nkrunFixhealth.smx
L 01/07/2026 - 15:22:41: [SM] Call stack trace:
L 01/07/2026 - 15:22:41: [SM]   [0] GetConVarString
L 01/07/2026 - 15:22:41: [SM]   [1] Line 138, C:\Users\Moises\Downloads\Compressed\sourcemod-1.11.0-git6968-windows\addons\sourcemod\scripting\馻nkrunFixhealth.sp::IsTankRunActive
L 01/07/2026 - 15:22:41: [SM]   [2] Line 79, C:\Users\Moises\Downloads\Compressed\sourcemod-1.11.0-git6968-windows\addons\sourcemod\scripting\馻nkrunFixhealth.sp::Event_PlayerDeath
L 01/07/2026 - 15:22:42: [SM] Exception reported: Invalid convar handle 0 (error 4)
L 01/07/2026 - 15:22:42: [SM] Blaming: 馻nkrunFixhealth.smx
L 01/07/2026 - 15:22:42: [SM] Call stack trace:
L 01/07/2026 - 15:22:42: [SM]   [0] GetConVarString
L 01/07/2026 - 15:22:42: [SM]   [1] Line 138, C:\Users\Moises\Downloads\Compressed\sourcemod-1.11.0-git6968-windows\addons\sourcemod\scripting\馻nkrunFixhealth.sp::IsTankRunActive
L 01/07/2026 - 15:22:42: [SM]   [2] Line 79, C:\Users\Moises\Downloads\Compressed\sourcemod-1.11.0-git6968-windows\addons\sourcemod\scripting\馻nkrunFixhealth.sp::Event_PlayerDeath
L 01/07/2026 - 15:22:42: [SM] Exception reported: Invalid convar handle 0 (error 4)
L 01/07/2026 - 15:22:42: [SM] Blaming: 馻nkrunFixhealth.smx
L 01/07/2026 - 15:22:42: [SM] Call stack trace:
L 01/07/2026 - 15:22:42: [SM]   [0] GetConVarString
L 01/07/2026 - 15:22:42: [SM]   [1] Line 138, C:\Users\Moises\Downloads\Compressed\sourcemod-1.11.0-git6968-windows\addons\sourcemod\scripting\馻nkrunFixhealth.sp::IsTankRunActive
L 01/07/2026 - 15:22:42: [SM]   [2] Line 79, C:\Users\Moises\Downloads\Compressed\sourcemod-1.11.0-git6968-windows\addons\sourcemod\scripting\馻nkrunFixhealth.sp::Event_PlayerDeath
L 01/07/2026 - 15:22:42: [SM] Exception reported: Invalid convar handle 0 (error 4)
L 01/07/2026 - 15:22:42: [SM] Blaming: 馻nkrunFixhealth.smx
L 01/07/2026 - 15:22:42: [SM] Call stack trace:
L 01/07/2026 - 15:22:42: [SM]   [0] GetConVarString
L 01/07/2026 - 15:22:42: [SM]   [1] Line 138, C:\Users\Moises\Downloads\Compressed\sourcemod-1.11.0-git6968-windows\addons\sourcemod\scripting\馻nkrunFixhealth.sp::IsTankRunActive
L 01/07/2026 - 15:22:42: [SM]   [2] Line 79, C:\Users\Moises\Downloads\Compressed\sourcemod-1.11.0-git6968-windows\addons\sourcemod\scripting\馻nkrunFixhealth.sp::Event_PlayerDeath
L 01/07/2026 - 15:22:42: [SM] Exception reported: Invalid convar handle 0 (error 4)
L 01/07/2026 - 15:22:42: [SM] Blaming: 馻nkrunFixhealth.smx
L 01/07/2026 - 15:22:42: [SM] Call stack trace:
L 01/07/2026 - 15:22:42: [SM]   [0] GetConVarString
L 01/07/2026 - 15:22:42: [SM]   [1] Line 138, C:\Users\Moises\Downloads\Compressed\sourcemod-1.11.0-git6968-windows\addons\sourcemod\scripting\馻nkrunFixhealth.sp::IsTankRunActive
L 01/07/2026 - 15:22:42: [SM]   [2] Line 79, C:\Users\Moises\Downloads\Compressed\sourcemod-1.11.0-git6968-windows\addons\sourcemod\scripting\馻nkrunFixhealth.sp::Event_PlayerDeath
L 01/07/2026 - 15:22:42: [SM] Exception reported: Invalid convar handle 0 (error 4)
L 01/07/2026 - 15:22:42: [SM] Blaming: 馻nkrunFixhealth.smx
L 01/07/2026 - 15:22:42: [SM] Call stack trace:
L 01/07/2026 - 15:22:42: [SM]   [0] GetConVarString
L 01/07/2026 - 15:22:42: [SM]   [1] Line 138, C:\Users\Moises\Downloads\Compressed\sourcemod-1.11.0-git6968-windows\addons\sourcemod\scripting\馻nkrunFixhealth.sp::IsTankRunActive
L 01/07/2026 - 15:22:42: [SM]   [2] Line 79, C:\Users\Moises\Downloads\Compressed\sourcemod-1.11.0-git6968-windows\addons\sourcemod\scripting\馻nkrunFixhealth.sp::Event_PlayerDeath
L 01/07/2026 - 15:22:43: [SM] Exception reported: Invalid convar handle 0 (error 4)
L 01/07/2026 - 15:22:43: [SM] Blaming: 馻nkrunFixhealth.smx
L 01/07/2026 - 15:22:43: [SM] Call stack trace:
L 01/07/2026 - 15:22:43: [SM]   [0] GetConVarString
L 01/07/2026 - 15:22:43: [SM]   [1] Line 138, C:\Users\Moises\Downloads\Compressed\sourcemod-1.11.0-git6968-windows\addons\sourcemod\scripting\馻nkrunFixhealth.sp::IsTankRunActive
L 01/07/2026 - 15:22:43: [SM]   [2] Line 79, C:\Users\Moises\Downloads\Compressed\sourcemod-1.11.0-git6968-windows\addons\sourcemod\scripting\馻nkrunFixhealth.sp::Event_PlayerDeath
L 01/07/2026 - 15:22:44: [SM] Exception reported: Invalid convar handle 0 (error 4)
L 01/07/2026 - 15:22:44: [SM] Blaming: 馻nkrunFixhealth.smx
L 01/07/2026 - 15:22:44: [SM] Call stack trace:
L 01/07/2026 - 15:22:44: [SM]   [0] GetConVarString
L 01/07/2026 - 15:22:44: [SM]   [1] Line 138, C:\Users\Moises\Downloads\Compressed\sourcemod-1.11.0-git6968-windows\addons\sourcemod\scripting\馻nkrunFixhealth.sp::IsTankRunActive
L 01/07/2026 - 15:22:44: [SM]   [2] Line 79, C:\Users\Moises\Downloads\Compressed\sourcemod-1.11.0-git6968-windows\addons\sourcemod\scripting\馻nkrunFixhealth.sp::Event_PlayerDeath
L 01/07/2026 - 15:22:44: [SM] Exception reported: Invalid convar handle 0 (error 4)
L 01/07/2026 - 15:22:44: [SM] Blaming: 馻nkrunFixhealth.smx
L 01/07/2026 - 15:22:44: [SM] Call stack trace:
L 01/07/2026 - 15:22:44: [SM]   [0] GetConVarString
L 01/07/2026 - 15:22:44: [SM]   [1] Line 138, C:\Users\Moises\Downloads\Compressed\sourcemod-1.11.0-git6968-windows\addons\sourcemod\scripting\馻nkrunFixhealth.sp::IsTankRunActive
L 01/07/2026 - 15:22:44: [SM]   [2] Line 79, C:\Users\Moises\Downloads\Compressed\sourcemod-1.11.0-git6968-windows\addons\sourcemod\scripting\馻nkrunFixhealth.sp::Event_PlayerDeath
L 01/07/2026 - 15:22:45: [SM] Exception reported: Invalid convar handle 0 (error 4)
L 01/07/2026 - 15:22:45: [SM] Blaming: 馻nkrunFixhealth.smx
L 01/07/2026 - 15:22:45: [SM] Call stack trace:
L 01/07/2026 - 15:22:45: [SM]   [0] GetConVarString
L 01/07/2026 - 15:22:45: [SM]   [1] Line 138, C:\Users\Moises\Downloads\Compressed\sourcemod-1.11.0-git6968-windows\addons\sourcemod\scripting\馻nkrunFixhealth.sp::IsTankRunActive
L 01/07/2026 - 15:22:45: [SM]   [2] Line 79, C:\Users\Moises\Downloads\Compressed\sourcemod-1.11.0-git6968-windows\addons\sourcemod\scripting\馻nkrunFixhealth.sp::Event_PlayerDeath
L 01/07/2026 - 15:22:48: [SM] Exception reported: Invalid convar handle 0 (error 4)
L 01/07/2026 - 15:22:48: [SM] Blaming: 馻nkrunFixhealth.smx
L 01/07/2026 - 15:22:48: [SM] Call stack trace:
L 01/07/2026 - 15:22:48: [SM]   [0] GetConVarString
L 01/07/2026 - 15:22:48: [SM]   [1] Line 138, C:\Users\Moises\Downloads\Compressed\sourcemod-1.11.0-git6968-windows\addons\sourcemod\scripting\馻nkrunFixhealth.sp::IsTankRunActive
L 01/07/2026 - 15:22:48: [SM]   [2] Line 79, C:\Users\Moises\Downloads\Compressed\sourcemod-1.11.0-git6968-windows\addons\sourcemod\scripting\馻nkrunFixhealth.sp::Event_PlayerDeath
L 01/07/2026 - 15:22:49: [SM] Exception reported: Invalid convar handle 0 (error 4)
L 01/07/2026 - 15:22:49: [SM] Blaming: 馻nkrunFixhealth.smx
L 01/07/2026 - 15:22:49: [SM] Call stack trace:
L 01/07/2026 - 15:22:49: [SM]   [0] GetConVarString
L 01/07/2026 - 15:22:49: [SM]   [1] Line 138, C:\Users\Moises\Downloads\Compressed\sourcemod-1.11.0-git6968-windows\addons\sourcemod\scripting\馻nkrunFixhealth.sp::IsTankRunActive
L 01/07/2026 - 15:22:49: [SM]   [2] Line 79, C:\Users\Moises\Downloads\Compressed\sourcemod-1.11.0-git6968-windows\addons\sourcemod\scripting\馻nkrunFixhealth.sp::Event_PlayerDeath
L 01/07/2026 - 15:22:50: [SM] Exception reported: Invalid convar handle 0 (error 4)
L 01/07/2026 - 15:22:50: [SM] Blaming: 馻nkrunFixhealth.smx
L 01/07/2026 - 15:22:50: [SM] Call stack trace:
L 01/07/2026 - 15:22:50: [SM]   [0] GetConVarString
L 01/07/2026 - 15:22:50: [SM]   [1] Line 138, C:\Users\Moises\Downloads\Compressed\sourcemod-1.11.0-git6968-windows\addons\sourcemod\scripting\馻nkrunFixhealth.sp::IsTankRunActive
L 01/07/2026 - 15:22:50: [SM]   [2] Line 79, C:\Users\Moises\Downloads\Compressed\sourcemod-1.11.0-git6968-windows\addons\sourcemod\scripting\馻nkrunFixhealth.sp::Event_PlayerDeath
L 01/07/2026 - 15:22:50: [SM] Exception reported: Invalid convar handle 0 (error 4)
L 01/07/2026 - 15:22:50: [SM] Blaming: 馻nkrunFixhealth.smx
L 01/07/2026 - 15:22:50: [SM] Call stack trace:
L 01/07/2026 - 15:22:50: [SM]   [0] GetConVarString
L 01/07/2026 - 15:22:50: [SM]   [1] Line 138, C:\Users\Moises\Downloads\Compressed\sourcemod-1.11.0-git6968-windows\addons\sourcemod\scripting\馻nkrunFixhealth.sp::IsTankRunActive
L 01/07/2026 - 15:22:50: [SM]   [2] Line 79, C:\Users\Moises\Downloads\Compressed\sourcemod-1.11.0-git6968-windows\addons\sourcemod\scripting\馻nkrunFixhealth.sp::Event_PlayerDeath
L 01/07/2026 - 15:22:50: [SM] Exception reported: Invalid convar handle 0 (error 4)
L 01/07/2026 - 15:22:50: [SM] Blaming: 馻nkrunFixhealth.smx
L 01/07/2026 - 15:22:50: [SM] Call stack trace:
L 01/07/2026 - 15:22:50: [SM]   [0] GetConVarString
L 01/07/2026 - 15:22:50: [SM]   [1] Line 138, C:\Users\Moises\Downloads\Compressed\sourcemod-1.11.0-git6968-windows\addons\sourcemod\scripting\馻nkrunFixhealth.sp::IsTankRunActive
L 01/07/2026 - 15:22:50: [SM]   [2] Line 79, C:\Users\Moises\Downloads\Compressed\sourcemod-1.11.0-git6968-windows\addons\sourcemod\scripting\馻nkrunFixhealth.sp::Event_PlayerDeath
L 01/07/2026 - 15:22:50: [SM] Exception reported: Invalid convar handle 0 (error 4)
L 01/07/2026 - 15:22:50: [SM] Blaming: 馻nkrunFixhealth.smx
L 01/07/2026 - 15:22:50: [SM] Call stack trace:
L 01/07/2026 - 15:22:50: [SM]   [0] GetConVarString
L 01/07/2026 - 15:22:50: [SM]   [1] Line 138, C:\Users\Moises\Downloads\Compressed\sourcemod-1.11.0-git6968-windows\addons\sourcemod\scripting\馻nkrunFixhealth.sp::IsTankRunActive
L 01/07/2026 - 15:22:50: [SM]   [2] Line 36, C:\Users\Moises\Downloads\Compressed\sourcemod-1.11.0-git6968-windows\addons\sourcemod\scripting\馻nkrunFixhealth.sp::Timer_PeriodicCheck
L 01/07/2026 - 15:22:50: [SM] Exception reported: Invalid convar handle 0 (error 4)
L 01/07/2026 - 15:22:50: [SM] Blaming: 馻nkrunFixhealth.smx
L 01/07/2026 - 15:22:50: [SM] Call stack trace:
L 01/07/2026 - 15:22:50: [SM]   [0] GetConVarString
L 01/07/2026 - 15:22:50: [SM]   [1] Line 138, C:\Users\Moises\Downloads\Compressed\sourcemod-1.11.0-git6968-windows\addons\sourcemod\scripting\馻nkrunFixhealth.sp::IsTankRunActive
L 01/07/2026 - 15:22:50: [SM]   [2] Line 79, C:\Users\Moises\Downloads\Compressed\sourcemod-1.11.0-git6968-windows\addons\sourcemod\scripting\馻nkrunFixhealth.sp::Event_PlayerDeath
L 01/07/2026 - 15:22:50: [SM] Exception reported: Invalid convar handle 0 (error 4)
L 01/07/2026 - 15:22:50: [SM] Blaming: 馻nkrunFixhealth.smx
L 01/07/2026 - 15:22:50: [SM] Call stack trace:
L 01/07/2026 - 15:22:50: [SM]   [0] GetConVarString
L 01/07/2026 - 15:22:50: [SM]   [1] Line 138, C:\Users\Moises\Downloads\Compressed\sourcemod-1.11.0-git6968-windows\addons\sourcemod\scripting\馻nkrunFixhealth.sp::IsTankRunActive
L 01/07/2026 - 15:22:50: [SM]   [2] Line 79, C:\Users\Moises\Downloads\Compressed\sourcemod-1.11.0-git6968-windows\addons\sourcemod\scripting\馻nkrunFixhealth.sp::Event_PlayerDeath
L 01/07/2026 - 15:22:50: [SM] Exception reported: Invalid convar handle 0 (error 4)
L 01/07/2026 - 15:22:50: [SM] Blaming: 馻nkrunFixhealth.smx
L 01/07/2026 - 15:22:50: [SM] Call stack trace:
L 01/07/2026 - 15:22:50: [SM]   [0] GetConVarString
L 01/07/2026 - 15:22:50: [SM]   [1] Line 138, C:\Users\Moises\Downloads\Compressed\sourcemod-1.11.0-git6968-windows\addons\sourcemod\scripting\馻nkrunFixhealth.sp::IsTankRunActive
L 01/07/2026 - 15:22:50: [SM]   [2] Line 79, C:\Users\Moises\Downloads\Compressed\sourcemod-1.11.0-git6968-windows\addons\sourcemod\scripting\馻nkrunFixhealth.sp::Event_PlayerDeath
L 01/07/2026 - 15:22:51: [SM] Exception reported: Invalid convar handle 0 (error 4)
L 01/07/2026 - 15:22:51: [SM] Blaming: 馻nkrunFixhealth.smx
L 01/07/2026 - 15:22:51: [SM] Call stack trace:
L 01/07/2026 - 15:22:51: [SM]   [0] GetConVarString
L 01/07/2026 - 15:22:51: [SM]   [1] Line 138, C:\Users\Moises\Downloads\Compressed\sourcemod-1.11.0-git6968-windows\addons\sourcemod\scripting\馻nkrunFixhealth.sp::IsTankRunActive
L 01/07/2026 - 15:22:51: [SM]   [2] Line 79, C:\Users\Moises\Downloads\Compressed\sourcemod-1.11.0-git6968-windows\addons\sourcemod\scripting\馻nkrunFixhealth.sp::Event_PlayerDeath
L 01/07/2026 - 15:22:52: [SM] Exception reported: Invalid convar handle 0 (error 4)
L 01/07/2026 - 15:22:52: [SM] Blaming: 馻nkrunFixhealth.smx
L 01/07/2026 - 15:22:52: [SM] Call stack trace:
L 01/07/2026 - 15:22:52: [SM]   [0] GetConVarString
L 01/07/2026 - 15:22:52: [SM]   [1] Line 138, C:\Users\Moises\Downloads\Compressed\sourcemod-1.11.0-git6968-windows\addons\sourcemod\scripting\馻nkrunFixhealth.sp::IsTankRunActive
L 01/07/2026 - 15:22:52: [SM]   [2] Line 79, C:\Users\Moises\Downloads\Compressed\sourcemod-1.11.0-git6968-windows\addons\sourcemod\scripting\馻nkrunFixhealth.sp::Event_PlayerDeath
L 01/07/2026 - 15:22:52: [SM] Exception reported: Invalid convar handle 0 (error 4)
L 01/07/2026 - 15:22:52: [SM] Blaming: 馻nkrunFixhealth.smx
L 01/07/2026 - 15:22:52: [SM] Call stack trace:
L 01/07/2026 - 15:22:52: [SM]   [0] GetConVarString
L 01/07/2026 - 15:22:52: [SM]   [1] Line 138, C:\Users\Moises\Downloads\Compressed\sourcemod-1.11.0-git6968-windows\addons\sourcemod\scripting\馻nkrunFixhealth.sp::IsTankRunActive
L 01/07/2026 - 15:22:52: [SM]   [2] Line 79, C:\Users\Moises\Downloads\Compressed\sourcemod-1.11.0-git6968-windows\addons\sourcemod\scripting\馻nkrunFixhealth.sp::Event_PlayerDeath
L 01/07/2026 - 15:22:54: [SM] Exception reported: Invalid convar handle 0 (error 4)
L 01/07/2026 - 15:22:54: [SM] Blaming: 馻nkrunFixhealth.smx
L 01/07/2026 - 15:22:54: [SM] Call stack trace:
L 01/07/2026 - 15:22:54: [SM]   [0] GetConVarString
L 01/07/2026 - 15:22:54: [SM]   [1] Line 138, C:\Users\Moises\Downloads\Compressed\sourcemod-1.11.0-git6968-windows\addons\sourcemod\scripting\馻nkrunFixhealth.sp::IsTankRunActive
L 01/07/2026 - 15:22:54: [SM]   [2] Line 79, C:\Users\Moises\Downloads\Compressed\sourcemod-1.11.0-git6968-windows\addons\sourcemod\scripting\馻nkrunFixhealth.sp::Event_PlayerDeath
L 01/07/2026 - 15:22:54: [SM] Exception reported: Invalid convar handle 0 (error 4)
L 01/07/2026 - 15:22:54: [SM] Blaming: 馻nkrunFixhealth.smx
L 01/07/2026 - 15:22:54: [SM] Call stack trace:
L 01/07/2026 - 15:22:54: [SM]   [0] GetConVarString
L 01/07/2026 - 15:22:54: [SM]   [1] Line 138, C:\Users\Moises\Downloads\Compressed\sourcemod-1.11.0-git6968-windows\addons\sourcemod\scripting\馻nkrunFixhealth.sp::IsTankRunActive
L 01/07/2026 - 15:22:54: [SM]   [2] Line 79, C:\Users\Moises\Downloads\Compressed\sourcemod-1.11.0-git6968-windows\addons\sourcemod\scripting\馻nkrunFixhealth.sp::Event_PlayerDeath
L 01/07/2026 - 15:22:55: [SM] Exception reported: Language phrase "ChargerSteering_Both" not found (arg 5)
L 01/07/2026 - 15:22:55: [SM] Blaming: l4d2_charger_steering.smx
L 01/07/2026 - 15:22:55: [SM] Call stack trace:
L 01/07/2026 - 15:22:55: [SM]   [0] PrintHintText
L 01/07/2026 - 15:22:55: [SM]   [1] Line 357, /home/forums/content/files/8/5/7/7/8/104080.attach::Event_ChargeStart
L 01/07/2026 - 15:22:55: [SM] Exception reported: Invalid convar handle 0 (error 4)
L 01/07/2026 - 15:22:55: [SM] Blaming: 馻nkrunFixhealth.smx
L 01/07/2026 - 15:22:55: [SM] Call stack trace:
L 01/07/2026 - 15:22:55: [SM]   [0] GetConVarString
L 01/07/2026 - 15:22:55: [SM]   [1] Line 138, C:\Users\Moises\Downloads\Compressed\sourcemod-1.11.0-git6968-windows\addons\sourcemod\scripting\馻nkrunFixhealth.sp::IsTankRunActive
L 01/07/2026 - 15:22:55: [SM]   [2] Line 79, C:\Users\Moises\Downloads\Compressed\sourcemod-1.11.0-git6968-windows\addons\sourcemod\scripting\馻nkrunFixhealth.sp::Event_PlayerDeath
L 01/07/2026 - 15:22:58: [SM] Exception reported: Invalid convar handle 0 (error 4)
L 01/07/2026 - 15:22:58: [SM] Blaming: 馻nkrunFixhealth.smx
L 01/07/2026 - 15:22:58: [SM] Call stack trace:
L 01/07/2026 - 15:22:58: [SM]   [0] GetConVarString
L 01/07/2026 - 15:22:58: [SM]   [1] Line 138, C:\Users\Moises\Downloads\Compressed\sourcemod-1.11.0-git6968-windows\addons\sourcemod\scripting\馻nkrunFixhealth.sp::IsTankRunActive
L 01/07/2026 - 15:22:58: [SM]   [2] Line 79, C:\Users\Moises\Downloads\Compressed\sourcemod-1.11.0-git6968-windows\addons\sourcemod\scripting\馻nkrunFixhealth.sp::Event_PlayerDeath
L 01/07/2026 - 15:22:59: [SM] Exception reported: Invalid convar handle 0 (error 4)
L 01/07/2026 - 15:22:59: [SM] Blaming: 馻nkrunFixhealth.smx
L 01/07/2026 - 15:22:59: [SM] Call stack trace:
L 01/07/2026 - 15:22:59: [SM]   [0] GetConVarString
L 01/07/2026 - 15:22:59: [SM]   [1] Line 138, C:\Users\Moises\Downloads\Compressed\sourcemod-1.11.0-git6968-windows\addons\sourcemod\scripting\馻nkrunFixhealth.sp::IsTankRunActive
L 01/07/2026 - 15:22:59: [SM]   [2] Line 79, C:\Users\Moises\Downloads\Compressed\sourcemod-1.11.0-git6968-windows\addons\sourcemod\scripting\馻nkrunFixhealth.sp::Event_PlayerDeath
L 01/07/2026 - 15:22:59: [SM] Exception reported: Invalid convar handle 0 (error 4)
L 01/07/2026 - 15:22:59: [SM] Blaming: 馻nkrunFixhealth.smx
L 01/07/2026 - 15:22:59: [SM] Call stack trace:
L 01/07/2026 - 15:22:59: [SM]   [0] GetConVarString
L 01/07/2026 - 15:22:59: [SM]   [1] Line 138, C:\Users\Moises\Downloads\Compressed\sourcemod-1.11.0-git6968-windows\addons\sourcemod\scripting\馻nkrunFixhealth.sp::IsTankRunActive
L 01/07/2026 - 15:22:59: [SM]   [2] Line 79, C:\Users\Moises\Downloads\Compressed\sourcemod-1.11.0-git6968-windows\addons\sourcemod\scripting\馻nkrunFixhealth.sp::Event_PlayerDeath
L 01/07/2026 - 15:23:00: [SM] Exception reported: Invalid convar handle 0 (error 4)
L 01/07/2026 - 15:23:00: [SM] Blaming: 馻nkrunFixhealth.smx
L 01/07/2026 - 15:23:00: [SM] Call stack trace:
L 01/07/2026 - 15:23:00: [SM]   [0] GetConVarString
L 01/07/2026 - 15:23:00: [SM]   [1] Line 138, C:\Users\Moises\Downloads\Compressed\sourcemod-1.11.0-git6968-windows\addons\sourcemod\scripting\馻nkrunFixhealth.sp::IsTankRunActive
L 01/07/2026 - 15:23:00: [SM]   [2] Line 36, C:\Users\Moises\Downloads\Compressed\sourcemod-1.11.0-git6968-windows\addons\sourcemod\scripting\馻nkrunFixhealth.sp::Timer_PeriodicCheck
L 01/07/2026 - 15:23:00: [SM] Exception reported: Invalid convar handle 0 (error 4)
L 01/07/2026 - 15:23:00: [SM] Blaming: 馻nkrunFixhealth.smx
L 01/07/2026 - 15:23:00: [SM] Call stack trace:
L 01/07/2026 - 15:23:00: [SM]   [0] GetConVarString
L 01/07/2026 - 15:23:00: [SM]   [1] Line 138, C:\Users\Moises\Downloads\Compressed\sourcemod-1.11.0-git6968-windows\addons\sourcemod\scripting\馻nkrunFixhealth.sp::IsTankRunActive
L 01/07/2026 - 15:23:00: [SM]   [2] Line 79, C:\Users\Moises\Downloads\Compressed\sourcemod-1.11.0-git6968-windows\addons\sourcemod\scripting\馻nkrunFixhealth.sp::Event_PlayerDeath
L 01/07/2026 - 15:23:03: [SM] Exception reported: Invalid convar handle 0 (error 4)
L 01/07/2026 - 15:23:03: [SM] Blaming: 馻nkrunFixhealth.smx
L 01/07/2026 - 15:23:03: [SM] Call stack trace:
L 01/07/2026 - 15:23:03: [SM]   [0] GetConVarString
L 01/07/2026 - 15:23:03: [SM]   [1] Line 138, C:\Users\Moises\Downloads\Compressed\sourcemod-1.11.0-git6968-windows\addons\sourcemod\scripting\馻nkrunFixhealth.sp::IsTankRunActive
L 01/07/2026 - 15:23:03: [SM]   [2] Line 79, C:\Users\Moises\Downloads\Compressed\sourcemod-1.11.0-git6968-windows\addons\sourcemod\scripting\馻nkrunFixhealth.sp::Event_PlayerDeath
L 01/07/2026 - 15:23:04: [SM] Exception reported: Invalid convar handle 0 (error 4)
L 01/07/2026 - 15:23:04: [SM] Blaming: 馻nkrunFixhealth.smx
L 01/07/2026 - 15:23:04: [SM] Call stack trace:
L 01/07/2026 - 15:23:04: [SM]   [0] GetConVarString
L 01/07/2026 - 15:23:04: [SM]   [1] Line 138, C:\Users\Moises\Downloads\Compressed\sourcemod-1.11.0-git6968-windows\addons\sourcemod\scripting\馻nkrunFixhealth.sp::IsTankRunActive
L 01/07/2026 - 15:23:04: [SM]   [2] Line 79, C:\Users\Moises\Downloads\Compressed\sourcemod-1.11.0-git6968-windows\addons\sourcemod\scripting\馻nkrunFixhealth.sp::Event_PlayerDeath
L 01/07/2026 - 15:23:04: [SM] Exception reported: Invalid convar handle 0 (error 4)
L 01/07/2026 - 15:23:04: [SM] Blaming: 馻nkrunFixhealth.smx
L 01/07/2026 - 15:23:04: [SM] Call stack trace:
L 01/07/2026 - 15:23:04: [SM]   [0] GetConVarString
L 01/07/2026 - 15:23:04: [SM]   [1] Line 138, C:\Users\Moises\Downloads\Compressed\sourcemod-1.11.0-git6968-windows\addons\sourcemod\scripting\馻nkrunFixhealth.sp::IsTankRunActive
L 01/07/2026 - 15:23:04: [SM]   [2] Line 79, C:\Users\Moises\Downloads\Compressed\sourcemod-1.11.0-git6968-windows\addons\sourcemod\scripting\馻nkrunFixhealth.sp::Event_PlayerDeath
L 01/07/2026 - 15:23:05: [SM] Exception reported: Invalid convar handle 0 (error 4)
L 01/07/2026 - 15:23:05: [SM] Blaming: 馻nkrunFixhealth.smx
L 01/07/2026 - 15:23:05: [SM] Call stack trace:
L 01/07/2026 - 15:23:05: [SM]   [0] GetConVarString
L 01/07/2026 - 15:23:05: [SM]   [1] Line 138, C:\Users\Moises\Downloads\Compressed\sourcemod-1.11.0-git6968-windows\addons\sourcemod\scripting\馻nkrunFixhealth.sp::IsTankRunActive
L 01/07/2026 - 15:23:05: [SM]   [2] Line 79, C:\Users\Moises\Downloads\Compressed\sourcemod-1.11.0-git6968-windows\addons\sourcemod\scripting\馻nkrunFixhealth.sp::Event_PlayerDeath
L 01/07/2026 - 15:23:05: [SM] Exception reported: Invalid convar handle 0 (error 4)
L 01/07/2026 - 15:23:05: [SM] Blaming: 馻nkrunFixhealth.smx
L 01/07/2026 - 15:23:05: [SM] Call stack trace:
L 01/07/2026 - 15:23:05: [SM]   [0] GetConVarString
L 01/07/2026 - 15:23:05: [SM]   [1] Line 138, C:\Users\Moises\Downloads\Compressed\sourcemod-1.11.0-git6968-windows\addons\sourcemod\scripting\馻nkrunFixhealth.sp::IsTankRunActive
L 01/07/2026 - 15:23:05: [SM]   [2] Line 79, C:\Users\Moises\Downloads\Compressed\sourcemod-1.11.0-git6968-windows\addons\sourcemod\scripting\馻nkrunFixhealth.sp::Event_PlayerDeath
L 01/07/2026 - 15:23:06: [SM] Exception reported: Invalid convar handle 0 (error 4)
L 01/07/2026 - 15:23:06: [SM] Blaming: 馻nkrunFixhealth.smx
L 01/07/2026 - 15:23:06: [SM] Call stack trace:
L 01/07/2026 - 15:23:06: [SM]   [0] GetConVarString
L 01/07/2026 - 15:23:06: [SM]   [1] Line 138, C:\Users\Moises\Downloads\Compressed\sourcemod-1.11.0-git6968-windows\addons\sourcemod\scripting\馻nkrunFixhealth.sp::IsTankRunActive
L 01/07/2026 - 15:23:06: [SM]   [2] Line 79, C:\Users\Moises\Downloads\Compressed\sourcemod-1.11.0-git6968-windows\addons\sourcemod\scripting\馻nkrunFixhealth.sp::Event_PlayerDeath
L 01/07/2026 - 15:23:06: [SM] Exception reported: Invalid convar handle 0 (error 4)
L 01/07/2026 - 15:23:06: [SM] Blaming: 馻nkrunFixhealth.smx
L 01/07/2026 - 15:23:06: [SM] Call stack trace:
L 01/07/2026 - 15:23:06: [SM]   [0] GetConVarString
L 01/07/2026 - 15:23:06: [SM]   [1] Line 138, C:\Users\Moises\Downloads\Compressed\sourcemod-1.11.0-git6968-windows\addons\sourcemod\scripting\馻nkrunFixhealth.sp::IsTankRunActive
L 01/07/2026 - 15:23:06: [SM]   [2] Line 79, C:\Users\Moises\Downloads\Compressed\sourcemod-1.11.0-git6968-windows\addons\sourcemod\scripting\馻nkrunFixhealth.sp::Event_PlayerDeath
L 01/07/2026 - 15:23:07: [SM] Exception reported: Invalid convar handle 0 (error 4)
L 01/07/2026 - 15:23:07: [SM] Blaming: 馻nkrunFixhealth.smx
L 01/07/2026 - 15:23:07: [SM] Call stack trace:
L 01/07/2026 - 15:23:07: [SM]   [0] GetConVarString
L 01/07/2026 - 15:23:07: [SM]   [1] Line 138, C:\Users\Moises\Downloads\Compressed\sourcemod-1.11.0-git6968-windows\addons\sourcemod\scripting\馻nkrunFixhealth.sp::IsTankRunActive
L 01/07/2026 - 15:23:07: [SM]   [2] Line 79, C:\Users\Moises\Downloads\Compressed\sourcemod-1.11.0-git6968-windows\addons\sourcemod\scripting\馻nkrunFixhealth.sp::Event_PlayerDeath
L 01/07/2026 - 15:23:07: [SM] Exception reported: Invalid convar handle 0 (error 4)
L 01/07/2026 - 15:23:07: [SM] Blaming: 馻nkrunFixhealth.smx
L 01/07/2026 - 15:23:07: [SM] Call stack trace:
L 01/07/2026 - 15:23:07: [SM]   [0] GetConVarString
L 01/07/2026 - 15:23:07: [SM]   [1] Line 138, C:\Users\Moises\Downloads\Compressed\sourcemod-1.11.0-git6968-windows\addons\sourcemod\scripting\馻nkrunFixhealth.sp::IsTankRunActive
L 01/07/2026 - 15:23:07: [SM]   [2] Line 79, C:\Users\Moises\Downloads\Compressed\sourcemod-1.11.0-git6968-windows\addons\sourcemod\scripting\馻nkrunFixhealth.sp::Event_PlayerDeath
L 01/07/2026 - 15:23:07: [SM] Exception reported: Invalid convar handle 0 (error 4)
L 01/07/2026 - 15:23:08: [SM] Blaming: 馻nkrunFixhealth.smx
L 01/07/2026 - 15:23:08: [SM] Call stack trace:
L 01/07/2026 - 15:23:08: [SM]   [0] GetConVarString
L 01/07/2026 - 15:23:08: [SM]   [1] Line 138, C:\Users\Moises\Downloads\Compressed\sourcemod-1.11.0-git6968-windows\addons\sourcemod\scripting\馻nkrunFixhealth.sp::IsTankRunActive
L 01/07/2026 - 15:23:08: [SM]   [2] Line 79, C:\Users\Moises\Downloads\Compressed\sourcemod-1.11.0-git6968-windows\addons\sourcemod\scripting\馻nkrunFixhealth.sp::Event_PlayerDeath
L 01/07/2026 - 15:23:08: [SM] Exception reported: Invalid convar handle 0 (error 4)
L 01/07/2026 - 15:23:08: [SM] Blaming: 馻nkrunFixhealth.smx
L 01/07/2026 - 15:23:08: [SM] Call stack trace:
L 01/07/2026 - 15:23:08: [SM]   [0] GetConVarString
L 01/07/2026 - 15:23:08: [SM]   [1] Line 138, C:\Users\Moises\Downloads\Compressed\sourcemod-1.11.0-git6968-windows\addons\sourcemod\scripting\馻nkrunFixhealth.sp::IsTankRunActive
L 01/07/2026 - 15:23:08: [SM]   [2] Line 79, C:\Users\Moises\Downloads\Compressed\sourcemod-1.11.0-git6968-windows\addons\sourcemod\scripting\馻nkrunFixhealth.sp::Event_PlayerDeath
L 01/07/2026 - 15:23:08: [SM] Exception reported: Invalid convar handle 0 (error 4)
L 01/07/2026 - 15:23:08: [SM] Blaming: 馻nkrunFixhealth.smx
L 01/07/2026 - 15:23:08: [SM] Call stack trace:
L 01/07/2026 - 15:23:08: [SM]   [0] GetConVarString
L 01/07/2026 - 15:23:08: [SM]   [1] Line 138, C:\Users\Moises\Downloads\Compressed\sourcemod-1.11.0-git6968-windows\addons\sourcemod\scripting\馻nkrunFixhealth.sp::IsTankRunActive
L 01/07/2026 - 15:23:08: [SM]   [2] Line 79, C:\Users\Moises\Downloads\Compressed\sourcemod-1.11.0-git6968-windows\addons\sourcemod\scripting\馻nkrunFixhealth.sp::Event_PlayerDeath
L 01/07/2026 - 15:23:10: [SM] Exception reported: Invalid convar handle 0 (error 4)
L 01/07/2026 - 15:23:10: [SM] Blaming: 馻nkrunFixhealth.smx
L 01/07/2026 - 15:23:10: [SM] Call stack trace:
L 01/07/2026 - 15:23:10: [SM]   [0] GetConVarString
L 01/07/2026 - 15:23:10: [SM]   [1] Line 138, C:\Users\Moises\Downloads\Compressed\sourcemod-1.11.0-git6968-windows\addons\sourcemod\scripting\馻nkrunFixhealth.sp::IsTankRunActive
L 01/07/2026 - 15:23:10: [SM]   [2] Line 36, C:\Users\Moises\Downloads\Compressed\sourcemod-1.11.0-git6968-windows\addons\sourcemod\scripting\馻nkrunFixhealth.sp::Timer_PeriodicCheck
L 01/07/2026 - 15:23:10: [SM] Exception reported: Invalid convar handle 0 (error 4)
L 01/07/2026 - 15:23:10: [SM] Blaming: 馻nkrunFixhealth.smx
L 01/07/2026 - 15:23:10: [SM] Call stack trace:
L 01/07/2026 - 15:23:10: [SM]   [0] GetConVarString
L 01/07/2026 - 15:23:10: [SM]   [1] Line 138, C:\Users\Moises\Downloads\Compressed\sourcemod-1.11.0-git6968-windows\addons\sourcemod\scripting\馻nkrunFixhealth.sp::IsTankRunActive
L 01/07/2026 - 15:23:10: [SM]   [2] Line 79, C:\Users\Moises\Downloads\Compressed\sourcemod-1.11.0-git6968-windows\addons\sourcemod\scripting\馻nkrunFixhealth.sp::Event_PlayerDeath
L 01/07/2026 - 15:23:11: [SM] Exception reported: Invalid convar handle 0 (error 4)
L 01/07/2026 - 15:23:11: [SM] Blaming: 馻nkrunFixhealth.smx
L 01/07/2026 - 15:23:11: [SM] Call stack trace:
L 01/07/2026 - 15:23:11: [SM]   [0] GetConVarString
L 01/07/2026 - 15:23:11: [SM]   [1] Line 138, C:\Users\Moises\Downloads\Compressed\sourcemod-1.11.0-git6968-windows\addons\sourcemod\scripting\馻nkrunFixhealth.sp::IsTankRunActive
L 01/07/2026 - 15:23:11: [SM]   [2] Line 79, C:\Users\Moises\Downloads\Compressed\sourcemod-1.11.0-git6968-windows\addons\sourcemod\scripting\馻nkrunFixhealth.sp::Event_PlayerDeath
L 01/07/2026 - 15:23:12: [SM] Exception reported: Invalid convar handle 0 (error 4)
L 01/07/2026 - 15:23:12: [SM] Blaming: 馻nkrunFixhealth.smx
L 01/07/2026 - 15:23:12: [SM] Call stack trace:
L 01/07/2026 - 15:23:12: [SM]   [0] GetConVarString
L 01/07/2026 - 15:23:12: [SM]   [1] Line 138, C:\Users\Moises\Downloads\Compressed\sourcemod-1.11.0-git6968-windows\addons\sourcemod\scripting\馻nkrunFixhealth.sp::IsTankRunActive
L 01/07/2026 - 15:23:12: [SM]   [2] Line 79, C:\Users\Moises\Downloads\Compressed\sourcemod-1.11.0-git6968-windows\addons\sourcemod\scripting\馻nkrunFixhealth.sp::Event_PlayerDeath
L 01/07/2026 - 15:23:13: [SM] Exception reported: Invalid convar handle 0 (error 4)
L 01/07/2026 - 15:23:13: [SM] Blaming: 馻nkrunFixhealth.smx
L 01/07/2026 - 15:23:13: [SM] Call stack trace:
L 01/07/2026 - 15:23:13: [SM]   [0] GetConVarString
L 01/07/2026 - 15:23:13: [SM]   [1] Line 138, C:\Users\Moises\Downloads\Compressed\sourcemod-1.11.0-git6968-windows\addons\sourcemod\scripting\馻nkrunFixhealth.sp::IsTankRunActive
L 01/07/2026 - 15:23:13: [SM]   [2] Line 79, C:\Users\Moises\Downloads\Compressed\sourcemod-1.11.0-git6968-windows\addons\sourcemod\scripting\馻nkrunFixhealth.sp::Event_PlayerDeath
L 01/07/2026 - 15:23:14: [SM] Exception reported: Invalid convar handle 0 (error 4)
L 01/07/2026 - 15:23:14: [SM] Blaming: 馻nkrunFixhealth.smx
L 01/07/2026 - 15:23:14: [SM] Call stack trace:
L 01/07/2026 - 15:23:14: [SM]   [0] GetConVarString
L 01/07/2026 - 15:23:14: [SM]   [1] Line 138, C:\Users\Moises\Downloads\Compressed\sourcemod-1.11.0-git6968-windows\addons\sourcemod\scripting\馻nkrunFixhealth.sp::IsTankRunActive
L 01/07/2026 - 15:23:14: [SM]   [2] Line 79, C:\Users\Moises\Downloads\Compressed\sourcemod-1.11.0-git6968-windows\addons\sourcemod\scripting\馻nkrunFixhealth.sp::Event_PlayerDeath
L 01/07/2026 - 15:23:14: [SM] Exception reported: Invalid convar handle 0 (error 4)
L 01/07/2026 - 15:23:14: [SM] Blaming: 馻nkrunFixhealth.smx
L 01/07/2026 - 15:23:14: [SM] Call stack trace:
L 01/07/2026 - 15:23:14: [SM]   [0] GetConVarString
L 01/07/2026 - 15:23:14: [SM]   [1] Line 138, C:\Users\Moises\Downloads\Compressed\sourcemod-1.11.0-git6968-windows\addons\sourcemod\scripting\馻nkrunFixhealth.sp::IsTankRunActive
L 01/07/2026 - 15:23:14: [SM]   [2] Line 79, C:\Users\Moises\Downloads\Compressed\sourcemod-1.11.0-git6968-windows\addons\sourcemod\scripting\馻nkrunFixhealth.sp::Event_PlayerDeath
L 01/07/2026 - 15:23:15: [SM] Exception reported: Invalid convar handle 0 (error 4)
L 01/07/2026 - 15:23:15: [SM] Blaming: 馻nkrunFixhealth.smx
L 01/07/2026 - 15:23:15: [SM] Call stack trace:
L 01/07/2026 - 15:23:15: [SM]   [0] GetConVarString
L 01/07/2026 - 15:23:15: [SM]   [1] Line 138, C:\Users\Moises\Downloads\Compressed\sourcemod-1.11.0-git6968-windows\addons\sourcemod\scripting\馻nkrunFixhealth.sp::IsTankRunActive
L 01/07/2026 - 15:23:15: [SM]   [2] Line 79, C:\Users\Moises\Downloads\Compressed\sourcemod-1.11.0-git6968-windows\addons\sourcemod\scripting\馻nkrunFixhealth.sp::Event_PlayerDeath
L 01/07/2026 - 15:23:15: [SM] Exception reported: Invalid convar handle 0 (error 4)
L 01/07/2026 - 15:23:15: [SM] Blaming: 馻nkrunFixhealth.smx
L 01/07/2026 - 15:23:15: [SM] Call stack trace:
L 01/07/2026 - 15:23:15: [SM]   [0] GetConVarString
L 01/07/2026 - 15:23:15: [SM]   [1] Line 138, C:\Users\Moises\Downloads\Compressed\sourcemod-1.11.0-git6968-windows\addons\sourcemod\scripting\馻nkrunFixhealth.sp::IsTankRunActive
L 01/07/2026 - 15:23:15: [SM]   [2] Line 79, C:\Users\Moises\Downloads\Compressed\sourcemod-1.11.0-git6968-windows\addons\sourcemod\scripting\馻nkrunFixhealth.sp::Event_PlayerDeath
L 01/07/2026 - 15:23:16: [SM] Exception reported: Invalid convar handle 0 (error 4)
L 01/07/2026 - 15:23:16: [SM] Blaming: 馻nkrunFixhealth.smx
L 01/07/2026 - 15:23:16: [SM] Call stack trace:
L 01/07/2026 - 15:23:16: [SM]   [0] GetConVarString
L 01/07/2026 - 15:23:16: [SM]   [1] Line 138, C:\Users\Moises\Downloads\Compressed\sourcemod-1.11.0-git6968-windows\addons\sourcemod\scripting\馻nkrunFixhealth.sp::IsTankRunActive
L 01/07/2026 - 15:23:16: [SM]   [2] Line 79, C:\Users\Moises\Downloads\Compressed\sourcemod-1.11.0-git6968-windows\addons\sourcemod\scripting\馻nkrunFixhealth.sp::Event_PlayerDeath
L 01/07/2026 - 15:23:17: [SM] Exception reported: Invalid convar handle 0 (error 4)
L 01/07/2026 - 15:23:17: [SM] Blaming: 馻nkrunFixhealth.smx
L 01/07/2026 - 15:23:17: [SM] Call stack trace:
L 01/07/2026 - 15:23:17: [SM]   [0] GetConVarString
L 01/07/2026 - 15:23:17: [SM]   [1] Line 138, C:\Users\Moises\Downloads\Compressed\sourcemod-1.11.0-git6968-windows\addons\sourcemod\scripting\馻nkrunFixhealth.sp::IsTankRunActive
L 01/07/2026 - 15:23:17: [SM]   [2] Line 79, C:\Users\Moises\Downloads\Compressed\sourcemod-1.11.0-git6968-windows\addons\sourcemod\scripting\馻nkrunFixhealth.sp::Event_PlayerDeath
L 01/07/2026 - 15:23:17: [SM] Exception reported: Invalid convar handle 0 (error 4)
L 01/07/2026 - 15:23:17: [SM] Blaming: 馻nkrunFixhealth.smx
L 01/07/2026 - 15:23:17: [SM] Call stack trace:
L 01/07/2026 - 15:23:17: [SM]   [0] GetConVarString
L 01/07/2026 - 15:23:17: [SM]   [1] Line 138, C:\Users\Moises\Downloads\Compressed\sourcemod-1.11.0-git6968-windows\addons\sourcemod\scripting\馻nkrunFixhealth.sp::IsTankRunActive
L 01/07/2026 - 15:23:17: [SM]   [2] Line 79, C:\Users\Moises\Downloads\Compressed\sourcemod-1.11.0-git6968-windows\addons\sourcemod\scripting\馻nkrunFixhealth.sp::Event_PlayerDeath
L 01/07/2026 - 15:23:19: [SM] Exception reported: Invalid convar handle 0 (error 4)
L 01/07/2026 - 15:23:19: [SM] Blaming: 馻nkrunFixhealth.smx
L 01/07/2026 - 15:23:19: [SM] Call stack trace:
L 01/07/2026 - 15:23:19: [SM]   [0] GetConVarString
L 01/07/2026 - 15:23:19: [SM]   [1] Line 138, C:\Users\Moises\Downloads\Compressed\sourcemod-1.11.0-git6968-windows\addons\sourcemod\scripting\馻nkrunFixhealth.sp::IsTankRunActive
L 01/07/2026 - 15:23:19: [SM]   [2] Line 79, C:\Users\Moises\Downloads\Compressed\sourcemod-1.11.0-git6968-windows\addons\sourcemod\scripting\馻nkrunFixhealth.sp::Event_PlayerDeath
L 01/07/2026 - 15:23:19: [SM] Exception reported: Invalid convar handle 0 (error 4)
L 01/07/2026 - 15:23:19: [SM] Blaming: 馻nkrunFixhealth.smx
L 01/07/2026 - 15:23:19: [SM] Call stack trace:
L 01/07/2026 - 15:23:19: [SM]   [0] GetConVarString
L 01/07/2026 - 15:23:19: [SM]   [1] Line 138, C:\Users\Moises\Downloads\Compressed\sourcemod-1.11.0-git6968-windows\addons\sourcemod\scripting\馻nkrunFixhealth.sp::IsTankRunActive
L 01/07/2026 - 15:23:19: [SM]   [2] Line 79, C:\Users\Moises\Downloads\Compressed\sourcemod-1.11.0-git6968-windows\addons\sourcemod\scripting\馻nkrunFixhealth.sp::Event_PlayerDeath
L 01/07/2026 - 15:23:20: [SM] Exception reported: Invalid convar handle 0 (error 4)
L 01/07/2026 - 15:23:20: [SM] Blaming: 馻nkrunFixhealth.smx
L 01/07/2026 - 15:23:20: [SM] Call stack trace:
L 01/07/2026 - 15:23:20: [SM]   [0] GetConVarString
L 01/07/2026 - 15:23:20: [SM]   [1] Line 138, C:\Users\Moises\Downloads\Compressed\sourcemod-1.11.0-git6968-windows\addons\sourcemod\scripting\馻nkrunFixhealth.sp::IsTankRunActive
L 01/07/2026 - 15:23:20: [SM]   [2] Line 36, C:\Users\Moises\Downloads\Compressed\sourcemod-1.11.0-git6968-windows\addons\sourcemod\scripting\馻nkrunFixhealth.sp::Timer_PeriodicCheck
L 01/07/2026 - 15:23:20: [SM] Exception reported: Invalid convar handle 0 (error 4)
L 01/07/2026 - 15:23:20: [SM] Blaming: 馻nkrunFixhealth.smx
L 01/07/2026 - 15:23:20: [SM] Call stack trace:
L 01/07/2026 - 15:23:20: [SM]   [0] GetConVarString
L 01/07/2026 - 15:23:20: [SM]   [1] Line 138, C:\Users\Moises\Downloads\Compressed\sourcemod-1.11.0-git6968-windows\addons\sourcemod\scripting\馻nkrunFixhealth.sp::IsTankRunActive
L 01/07/2026 - 15:23:20: [SM]   [2] Line 79, C:\Users\Moises\Downloads\Compressed\sourcemod-1.11.0-git6968-windows\addons\sourcemod\scripting\馻nkrunFixhealth.sp::Event_PlayerDeath
L 01/07/2026 - 15:23:20: [SM] Exception reported: Invalid convar handle 0 (error 4)
L 01/07/2026 - 15:23:20: [SM] Blaming: 馻nkrunFixhealth.smx
L 01/07/2026 - 15:23:20: [SM] Call stack trace:
L 01/07/2026 - 15:23:20: [SM]   [0] GetConVarString
L 01/07/2026 - 15:23:20: [SM]   [1] Line 138, C:\Users\Moises\Downloads\Compressed\sourcemod-1.11.0-git6968-windows\addons\sourcemod\scripting\馻nkrunFixhealth.sp::IsTankRunActive
L 01/07/2026 - 15:23:20: [SM]   [2] Line 79, C:\Users\Moises\Downloads\Compressed\sourcemod-1.11.0-git6968-windows\addons\sourcemod\scripting\馻nkrunFixhealth.sp::Event_PlayerDeath
L 01/07/2026 - 15:23:20: [SM] Exception reported: Invalid convar handle 0 (error 4)
L 01/07/2026 - 15:23:20: [SM] Blaming: 馻nkrunFixhealth.smx
L 01/07/2026 - 15:23:20: [SM] Call stack trace:
L 01/07/2026 - 15:23:20: [SM]   [0] GetConVarString
L 01/07/2026 - 15:23:20: [SM]   [1] Line 138, C:\Users\Moises\Downloads\Compressed\sourcemod-1.11.0-git6968-windows\addons\sourcemod\scripting\馻nkrunFixhealth.sp::IsTankRunActive
L 01/07/2026 - 15:23:20: [SM]   [2] Line 79, C:\Users\Moises\Downloads\Compressed\sourcemod-1.11.0-git6968-windows\addons\sourcemod\scripting\馻nkrunFixhealth.sp::Event_PlayerDeath
L 01/07/2026 - 15:23:21: [SM] Exception reported: Invalid convar handle 0 (error 4)
L 01/07/2026 - 15:23:21: [SM] Blaming: 馻nkrunFixhealth.smx
L 01/07/2026 - 15:23:21: [SM] Call stack trace:
L 01/07/2026 - 15:23:21: [SM]   [0] GetConVarString
L 01/07/2026 - 15:23:21: [SM]   [1] Line 138, C:\Users\Moises\Downloads\Compressed\sourcemod-1.11.0-git6968-windows\addons\sourcemod\scripting\馻nkrunFixhealth.sp::IsTankRunActive
L 01/07/2026 - 15:23:21: [SM]   [2] Line 79, C:\Users\Moises\Downloads\Compressed\sourcemod-1.11.0-git6968-windows\addons\sourcemod\scripting\馻nkrunFixhealth.sp::Event_PlayerDeath
L 01/07/2026 - 15:23:21: [SM] Exception reported: Invalid convar handle 0 (error 4)
L 01/07/2026 - 15:23:21: [SM] Blaming: 馻nkrunFixhealth.smx
L 01/07/2026 - 15:23:21: [SM] Call stack trace:
L 01/07/2026 - 15:23:21: [SM]   [0] GetConVarString
L 01/07/2026 - 15:23:21: [SM]   [1] Line 138, C:\Users\Moises\Downloads\Compressed\sourcemod-1.11.0-git6968-windows\addons\sourcemod\scripting\馻nkrunFixhealth.sp::IsTankRunActive
L 01/07/2026 - 15:23:21: [SM]   [2] Line 79, C:\Users\Moises\Downloads\Compressed\sourcemod-1.11.0-git6968-windows\addons\sourcemod\scripting\馻nkrunFixhealth.sp::Event_PlayerDeath
L 01/07/2026 - 15:23:25: [SM] Exception reported: Invalid convar handle 0 (error 4)
L 01/07/2026 - 15:23:25: [SM] Blaming: 馻nkrunFixhealth.smx
L 01/07/2026 - 15:23:25: [SM] Call stack trace:
L 01/07/2026 - 15:23:25: [SM]   [0] GetConVarString
L 01/07/2026 - 15:23:25: [SM]   [1] Line 138, C:\Users\Moises\Downloads\Compressed\sourcemod-1.11.0-git6968-windows\addons\sourcemod\scripting\馻nkrunFixhealth.sp::IsTankRunActive
L 01/07/2026 - 15:23:25: [SM]   [2] Line 79, C:\Users\Moises\Downloads\Compressed\sourcemod-1.11.0-git6968-windows\addons\sourcemod\scripting\馻nkrunFixhealth.sp::Event_PlayerDeath
L 01/07/2026 - 15:23:27: [SM] Exception reported: Invalid convar handle 0 (error 4)
L 01/07/2026 - 15:23:27: [SM] Blaming: 馻nkrunFixhealth.smx
L 01/07/2026 - 15:23:27: [SM] Call stack trace:
L 01/07/2026 - 15:23:27: [SM]   [0] GetConVarString
L 01/07/2026 - 15:23:27: [SM]   [1] Line 138, C:\Users\Moises\Downloads\Compressed\sourcemod-1.11.0-git6968-windows\addons\sourcemod\scripting\馻nkrunFixhealth.sp::IsTankRunActive
L 01/07/2026 - 15:23:27: [SM]   [2] Line 79, C:\Users\Moises\Downloads\Compressed\sourcemod-1.11.0-git6968-windows\addons\sourcemod\scripting\馻nkrunFixhealth.sp::Event_PlayerDeath
L 01/07/2026 - 15:23:29: [SM] Exception reported: Invalid convar handle 0 (error 4)
L 01/07/2026 - 15:23:29: [SM] Blaming: 馻nkrunFixhealth.smx
L 01/07/2026 - 15:23:29: [SM] Call stack trace:
L 01/07/2026 - 15:23:29: [SM]   [0] GetConVarString
L 01/07/2026 - 15:23:29: [SM]   [1] Line 138, C:\Users\Moises\Downloads\Compressed\sourcemod-1.11.0-git6968-windows\addons\sourcemod\scripting\馻nkrunFixhealth.sp::IsTankRunActive
L 01/07/2026 - 15:23:29: [SM]   [2] Line 79, C:\Users\Moises\Downloads\Compressed\sourcemod-1.11.0-git6968-windows\addons\sourcemod\scripting\馻nkrunFixhealth.sp::Event_PlayerDeath
L 01/07/2026 - 15:23:30: [SM] Exception reported: Invalid convar handle 0 (error 4)
L 01/07/2026 - 15:23:30: [SM] Blaming: 馻nkrunFixhealth.smx
L 01/07/2026 - 15:23:30: [SM] Call stack trace:
L 01/07/2026 - 15:23:30: [SM]   [0] GetConVarString
L 01/07/2026 - 15:23:30: [SM]   [1] Line 138, C:\Users\Moises\Downloads\Compressed\sourcemod-1.11.0-git6968-windows\addons\sourcemod\scripting\馻nkrunFixhealth.sp::IsTankRunActive
L 01/07/2026 - 15:23:30: [SM]   [2] Line 79, C:\Users\Moises\Downloads\Compressed\sourcemod-1.11.0-git6968-windows\addons\sourcemod\scripting\馻nkrunFixhealth.sp::Event_PlayerDeath
L 01/07/2026 - 15:23:30: [SM] Exception reported: Invalid convar handle 0 (error 4)
L 01/07/2026 - 15:23:30: [SM] Blaming: 馻nkrunFixhealth.smx
L 01/07/2026 - 15:23:30: [SM] Call stack trace:
L 01/07/2026 - 15:23:30: [SM]   [0] GetConVarString
L 01/07/2026 - 15:23:30: [SM]   [1] Line 138, C:\Users\Moises\Downloads\Compressed\sourcemod-1.11.0-git6968-windows\addons\sourcemod\scripting\馻nkrunFixhealth.sp::IsTankRunActive
L 01/07/2026 - 15:23:30: [SM]   [2] Line 36, C:\Users\Moises\Downloads\Compressed\sourcemod-1.11.0-git6968-windows\addons\sourcemod\scripting\馻nkrunFixhealth.sp::Timer_PeriodicCheck
L 01/07/2026 - 15:23:33: [SM] Exception reported: Invalid convar handle 0 (error 4)
L 01/07/2026 - 15:23:33: [SM] Blaming: 馻nkrunFixhealth.smx
L 01/07/2026 - 15:23:33: [SM] Call stack trace:
L 01/07/2026 - 15:23:33: [SM]   [0] GetConVarString
L 01/07/2026 - 15:23:33: [SM]   [1] Line 138, C:\Users\Moises\Downloads\Compressed\sourcemod-1.11.0-git6968-windows\addons\sourcemod\scripting\馻nkrunFixhealth.sp::IsTankRunActive
L 01/07/2026 - 15:23:33: [SM]   [2] Line 79, C:\Users\Moises\Downloads\Compressed\sourcemod-1.11.0-git6968-windows\addons\sourcemod\scripting\馻nkrunFixhealth.sp::Event_PlayerDeath
L 01/07/2026 - 15:23:34: [SM] Exception reported: Invalid convar handle 0 (error 4)
L 01/07/2026 - 15:23:34: [SM] Blaming: 馻nkrunFixhealth.smx
L 01/07/2026 - 15:23:34: [SM] Call stack trace:
L 01/07/2026 - 15:23:34: [SM]   [0] GetConVarString
L 01/07/2026 - 15:23:34: [SM]   [1] Line 138, C:\Users\Moises\Downloads\Compressed\sourcemod-1.11.0-git6968-windows\addons\sourcemod\scripting\馻nkrunFixhealth.sp::IsTankRunActive
L 01/07/2026 - 15:23:34: [SM]   [2] Line 79, C:\Users\Moises\Downloads\Compressed\sourcemod-1.11.0-git6968-windows\addons\sourcemod\scripting\馻nkrunFixhealth.sp::Event_PlayerDeath
L 01/07/2026 - 15:23:35: [SM] Exception reported: Invalid convar handle 0 (error 4)
L 01/07/2026 - 15:23:35: [SM] Blaming: 馻nkrunFixhealth.smx
L 01/07/2026 - 15:23:35: [SM] Call stack trace:
L 01/07/2026 - 15:23:35: [SM]   [0] GetConVarString
L 01/07/2026 - 15:23:35: [SM]   [1] Line 138, C:\Users\Moises\Downloads\Compressed\sourcemod-1.11.0-git6968-windows\addons\sourcemod\scripting\馻nkrunFixhealth.sp::IsTankRunActive
L 01/07/2026 - 15:23:35: [SM]   [2] Line 79, C:\Users\Moises\Downloads\Compressed\sourcemod-1.11.0-git6968-windows\addons\sourcemod\scripting\馻nkrunFixhealth.sp::Event_PlayerDeath
L 01/07/2026 - 15:23:36: [SM] Exception reported: Invalid convar handle 0 (error 4)
L 01/07/2026 - 15:23:36: [SM] Blaming: 馻nkrunFixhealth.smx
L 01/07/2026 - 15:23:36: [SM] Call stack trace:
L 01/07/2026 - 15:23:36: [SM]   [0] GetConVarString
L 01/07/2026 - 15:23:36: [SM]   [1] Line 138, C:\Users\Moises\Downloads\Compressed\sourcemod-1.11.0-git6968-windows\addons\sourcemod\scripting\馻nkrunFixhealth.sp::IsTankRunActive
L 01/07/2026 - 15:23:36: [SM]   [2] Line 79, C:\Users\Moises\Downloads\Compressed\sourcemod-1.11.0-git6968-windows\addons\sourcemod\scripting\馻nkrunFixhealth.sp::Event_PlayerDeath
L 01/07/2026 - 15:23:38: [SM] Exception reported: Invalid convar handle 0 (error 4)
L 01/07/2026 - 15:23:38: [SM] Blaming: 馻nkrunFixhealth.smx
L 01/07/2026 - 15:23:38: [SM] Call stack trace:
L 01/07/2026 - 15:23:38: [SM]   [0] GetConVarString
L 01/07/2026 - 15:23:38: [SM]   [1] Line 138, C:\Users\Moises\Downloads\Compressed\sourcemod-1.11.0-git6968-windows\addons\sourcemod\scripting\馻nkrunFixhealth.sp::IsTankRunActive
L 01/07/2026 - 15:23:38: [SM]   [2] Line 79, C:\Users\Moises\Downloads\Compressed\sourcemod-1.11.0-git6968-windows\addons\sourcemod\scripting\馻nkrunFixhealth.sp::Event_PlayerDeath
L 01/07/2026 - 15:23:39: [SM] Exception reported: Invalid convar handle 0 (error 4)
L 01/07/2026 - 15:23:39: [SM] Blaming: 馻nkrunFixhealth.smx
L 01/07/2026 - 15:23:39: [SM] Call stack trace:
L 01/07/2026 - 15:23:39: [SM]   [0] GetConVarString
L 01/07/2026 - 15:23:39: [SM]   [1] Line 138, C:\Users\Moises\Downloads\Compressed\sourcemod-1.11.0-git6968-windows\addons\sourcemod\scripting\馻nkrunFixhealth.sp::IsTankRunActive
L 01/07/2026 - 15:23:39: [SM]   [2] Line 79, C:\Users\Moises\Downloads\Compressed\sourcemod-1.11.0-git6968-windows\addons\sourcemod\scripting\馻nkrunFixhealth.sp::Event_PlayerDeath
L 01/07/2026 - 15:23:40: [SM] Exception reported: Invalid convar handle 0 (error 4)
L 01/07/2026 - 15:23:40: [SM] Blaming: 馻nkrunFixhealth.smx
L 01/07/2026 - 15:23:40: [SM] Call stack trace:
L 01/07/2026 - 15:23:40: [SM]   [0] GetConVarString
L 01/07/2026 - 15:23:40: [SM]   [1] Line 138, C:\Users\Moises\Downloads\Compressed\sourcemod-1.11.0-git6968-windows\addons\sourcemod\scripting\馻nkrunFixhealth.sp::IsTankRunActive
L 01/07/2026 - 15:23:40: [SM]   [2] Line 36, C:\Users\Moises\Downloads\Compressed\sourcemod-1.11.0-git6968-windows\addons\sourcemod\scripting\馻nkrunFixhealth.sp::Timer_PeriodicCheck
L 01/07/2026 - 15:23:40: [SM] Exception reported: Invalid convar handle 0 (error 4)
L 01/07/2026 - 15:23:40: [SM] Blaming: 馻nkrunFixhealth.smx
L 01/07/2026 - 15:23:40: [SM] Call stack trace:
L 01/07/2026 - 15:23:40: [SM]   [0] GetConVarString
L 01/07/2026 - 15:23:40: [SM]   [1] Line 138, C:\Users\Moises\Downloads\Compressed\sourcemod-1.11.0-git6968-windows\addons\sourcemod\scripting\馻nkrunFixhealth.sp::IsTankRunActive
L 01/07/2026 - 15:23:40: [SM]   [2] Line 79, C:\Users\Moises\Downloads\Compressed\sourcemod-1.11.0-git6968-windows\addons\sourcemod\scripting\馻nkrunFixhealth.sp::Event_PlayerDeath
L 01/07/2026 - 15:23:41: [SM] Exception reported: Invalid convar handle 0 (error 4)
L 01/07/2026 - 15:23:41: [SM] Blaming: 馻nkrunFixhealth.smx
L 01/07/2026 - 15:23:41: [SM] Call stack trace:
L 01/07/2026 - 15:23:41: [SM]   [0] GetConVarString
L 01/07/2026 - 15:23:41: [SM]   [1] Line 138, C:\Users\Moises\Downloads\Compressed\sourcemod-1.11.0-git6968-windows\addons\sourcemod\scripting\馻nkrunFixhealth.sp::IsTankRunActive
L 01/07/2026 - 15:23:41: [SM]   [2] Line 79, C:\Users\Moises\Downloads\Compressed\sourcemod-1.11.0-git6968-windows\addons\sourcemod\scripting\馻nkrunFixhealth.sp::Event_PlayerDeath
L 01/07/2026 - 15:23:41: [SM] Exception reported: Invalid convar handle 0 (error 4)
L 01/07/2026 - 15:23:41: [SM] Blaming: 馻nkrunFixhealth.smx
L 01/07/2026 - 15:23:41: [SM] Call stack trace:
L 01/07/2026 - 15:23:41: [SM]   [0] GetConVarString
L 01/07/2026 - 15:23:41: [SM]   [1] Line 138, C:\Users\Moises\Downloads\Compressed\sourcemod-1.11.0-git6968-windows\addons\sourcemod\scripting\馻nkrunFixhealth.sp::IsTankRunActive
L 01/07/2026 - 15:23:41: [SM]   [2] Line 79, C:\Users\Moises\Downloads\Compressed\sourcemod-1.11.0-git6968-windows\addons\sourcemod\scripting\馻nkrunFixhealth.sp::Event_PlayerDeath
L 01/07/2026 - 15:23:43: [SM] Exception reported: Invalid convar handle 0 (error 4)
L 01/07/2026 - 15:23:43: [SM] Blaming: 馻nkrunFixhealth.smx
L 01/07/2026 - 15:23:43: [SM] Call stack trace:
L 01/07/2026 - 15:23:43: [SM]   [0] GetConVarString
L 01/07/2026 - 15:23:43: [SM]   [1] Line 138, C:\Users\Moises\Downloads\Compressed\sourcemod-1.11.0-git6968-windows\addons\sourcemod\scripting\馻nkrunFixhealth.sp::IsTankRunActive
L 01/07/2026 - 15:23:43: [SM]   [2] Line 79, C:\Users\Moises\Downloads\Compressed\sourcemod-1.11.0-git6968-windows\addons\sourcemod\scripting\馻nkrunFixhealth.sp::Event_PlayerDeath
L 01/07/2026 - 15:23:44: [SM] Exception reported: Invalid convar handle 0 (error 4)
L 01/07/2026 - 15:23:44: [SM] Blaming: 馻nkrunFixhealth.smx
L 01/07/2026 - 15:23:44: [SM] Call stack trace:
L 01/07/2026 - 15:23:44: [SM]   [0] GetConVarString
L 01/07/2026 - 15:23:44: [SM]   [1] Line 138, C:\Users\Moises\Downloads\Compressed\sourcemod-1.11.0-git6968-windows\addons\sourcemod\scripting\馻nkrunFixhealth.sp::IsTankRunActive
L 01/07/2026 - 15:23:44: [SM]   [2] Line 79, C:\Users\Moises\Downloads\Compressed\sourcemod-1.11.0-git6968-windows\addons\sourcemod\scripting\馻nkrunFixhealth.sp::Event_PlayerDeath
L 01/07/2026 - 15:23:44: [SM] Exception reported: Invalid convar handle 0 (error 4)
L 01/07/2026 - 15:23:44: [SM] Blaming: 馻nkrunFixhealth.smx
L 01/07/2026 - 15:23:44: [SM] Call stack trace:
L 01/07/2026 - 15:23:44: [SM]   [0] GetConVarString
L 01/07/2026 - 15:23:44: [SM]   [1] Line 138, C:\Users\Moises\Downloads\Compressed\sourcemod-1.11.0-git6968-windows\addons\sourcemod\scripting\馻nkrunFixhealth.sp::IsTankRunActive
L 01/07/2026 - 15:23:44: [SM]   [2] Line 79, C:\Users\Moises\Downloads\Compressed\sourcemod-1.11.0-git6968-windows\addons\sourcemod\scripting\馻nkrunFixhealth.sp::Event_PlayerDeath
L 01/07/2026 - 15:23:47: [SM] Exception reported: Invalid convar handle 0 (error 4)
L 01/07/2026 - 15:23:47: [SM] Blaming: 馻nkrunFixhealth.smx
L 01/07/2026 - 15:23:47: [SM] Call stack trace:
L 01/07/2026 - 15:23:47: [SM]   [0] GetConVarString
L 01/07/2026 - 15:23:47: [SM]   [1] Line 138, C:\Users\Moises\Downloads\Compressed\sourcemod-1.11.0-git6968-windows\addons\sourcemod\scripting\馻nkrunFixhealth.sp::IsTankRunActive
L 01/07/2026 - 15:23:47: [SM]   [2] Line 79, C:\Users\Moises\Downloads\Compressed\sourcemod-1.11.0-git6968-windows\addons\sourcemod\scripting\馻nkrunFixhealth.sp::Event_PlayerDeath
L 01/07/2026 - 15:23:47: [SM] Exception reported: Invalid convar handle 0 (error 4)
L 01/07/2026 - 15:23:47: [SM] Blaming: 馻nkrunFixhealth.smx
L 01/07/2026 - 15:23:47: [SM] Call stack trace:
L 01/07/2026 - 15:23:47: [SM]   [0] GetConVarString
L 01/07/2026 - 15:23:47: [SM]   [1] Line 138, C:\Users\Moises\Downloads\Compressed\sourcemod-1.11.0-git6968-windows\addons\sourcemod\scripting\馻nkrunFixhealth.sp::IsTankRunActive
L 01/07/2026 - 15:23:47: [SM]   [2] Line 79, C:\Users\Moises\Downloads\Compressed\sourcemod-1.11.0-git6968-windows\addons\sourcemod\scripting\馻nkrunFixhealth.sp::Event_PlayerDeath
L 01/07/2026 - 15:23:48: [SM] Exception reported: Language phrase "ChargerSteering_Both" not found (arg 5)
L 01/07/2026 - 15:23:48: [SM] Blaming: l4d2_charger_steering.smx
L 01/07/2026 - 15:23:48: [SM] Call stack trace:
L 01/07/2026 - 15:23:48: [SM]   [0] PrintHintText
L 01/07/2026 - 15:23:48: [SM]   [1] Line 357, /home/forums/content/files/8/5/7/7/8/104080.attach::Event_ChargeStart
L 01/07/2026 - 15:23:48: [SM] Exception reported: Language phrase "ChargerSteering_Both" not found (arg 5)
L 01/07/2026 - 15:23:48: [SM] Blaming: l4d2_charger_steering.smx
L 01/07/2026 - 15:23:48: [SM] Call stack trace:
L 01/07/2026 - 15:23:48: [SM]   [0] PrintHintText
L 01/07/2026 - 15:23:48: [SM]   [1] Line 357, /home/forums/content/files/8/5/7/7/8/104080.attach::Event_ChargeStart
L 01/07/2026 - 15:23:48: [SM] Exception reported: Invalid convar handle 0 (error 4)
L 01/07/2026 - 15:23:48: [SM] Blaming: 馻nkrunFixhealth.smx
L 01/07/2026 - 15:23:48: [SM] Call stack trace:
L 01/07/2026 - 15:23:48: [SM]   [0] GetConVarString
L 01/07/2026 - 15:23:48: [SM]   [1] Line 138, C:\Users\Moises\Downloads\Compressed\sourcemod-1.11.0-git6968-windows\addons\sourcemod\scripting\馻nkrunFixhealth.sp::IsTankRunActive
L 01/07/2026 - 15:23:48: [SM]   [2] Line 79, C:\Users\Moises\Downloads\Compressed\sourcemod-1.11.0-git6968-windows\addons\sourcemod\scripting\馻nkrunFixhealth.sp::Event_PlayerDeath
L 01/07/2026 - 15:23:50: [SM] Exception reported: Invalid convar handle 0 (error 4)
L 01/07/2026 - 15:23:50: [SM] Blaming: 馻nkrunFixhealth.smx
L 01/07/2026 - 15:23:50: [SM] Call stack trace:
L 01/07/2026 - 15:23:50: [SM]   [0] GetConVarString
L 01/07/2026 - 15:23:50: [SM]   [1] Line 138, C:\Users\Moises\Downloads\Compressed\sourcemod-1.11.0-git6968-windows\addons\sourcemod\scripting\馻nkrunFixhealth.sp::IsTankRunActive
L 01/07/2026 - 15:23:50: [SM]   [2] Line 36, C:\Users\Moises\Downloads\Compressed\sourcemod-1.11.0-git6968-windows\addons\sourcemod\scripting\馻nkrunFixhealth.sp::Timer_PeriodicCheck
L 01/07/2026 - 15:23:52: [SM] Exception reported: Invalid convar handle 0 (error 4)
L 01/07/2026 - 15:23:52: [SM] Blaming: 馻nkrunFixhealth.smx
L 01/07/2026 - 15:23:52: [SM] Call stack trace:
L 01/07/2026 - 15:23:52: [SM]   [0] GetConVarString
L 01/07/2026 - 15:23:52: [SM]   [1] Line 138, C:\Users\Moises\Downloads\Compressed\sourcemod-1.11.0-git6968-windows\addons\sourcemod\scripting\馻nkrunFixhealth.sp::IsTankRunActive
L 01/07/2026 - 15:23:52: [SM]   [2] Line 79, C:\Users\Moises\Downloads\Compressed\sourcemod-1.11.0-git6968-windows\addons\sourcemod\scripting\馻nkrunFixhealth.sp::Event_PlayerDeath
L 01/07/2026 - 15:23:59: [SM] Exception reported: Invalid convar handle 0 (error 4)
L 01/07/2026 - 15:23:59: [SM] Blaming: 馻nkrunFixhealth.smx
L 01/07/2026 - 15:23:59: [SM] Call stack trace:
L 01/07/2026 - 15:23:59: [SM]   [0] GetConVarString
L 01/07/2026 - 15:23:59: [SM]   [1] Line 138, C:\Users\Moises\Downloads\Compressed\sourcemod-1.11.0-git6968-windows\addons\sourcemod\scripting\馻nkrunFixhealth.sp::IsTankRunActive
L 01/07/2026 - 15:23:59: [SM]   [2] Line 79, C:\Users\Moises\Downloads\Compressed\sourcemod-1.11.0-git6968-windows\addons\sourcemod\scripting\馻nkrunFixhealth.sp::Event_PlayerDeath
L 01/07/2026 - 15:23:59: [SM] Exception reported: Invalid convar handle 0 (error 4)
L 01/07/2026 - 15:23:59: [SM] Blaming: 馻nkrunFixhealth.smx
L 01/07/2026 - 15:23:59: [SM] Call stack trace:
L 01/07/2026 - 15:23:59: [SM]   [0] GetConVarString
L 01/07/2026 - 15:23:59: [SM]   [1] Line 138, C:\Users\Moises\Downloads\Compressed\sourcemod-1.11.0-git6968-windows\addons\sourcemod\scripting\馻nkrunFixhealth.sp::IsTankRunActive
L 01/07/2026 - 15:23:59: [SM]   [2] Line 79, C:\Users\Moises\Downloads\Compressed\sourcemod-1.11.0-git6968-windows\addons\sourcemod\scripting\馻nkrunFixhealth.sp::Event_PlayerDeath
L 01/07/2026 - 15:24:00: [SM] Exception reported: Invalid convar handle 0 (error 4)
L 01/07/2026 - 15:24:00: [SM] Blaming: 馻nkrunFixhealth.smx
L 01/07/2026 - 15:24:00: [SM] Call stack trace:
L 01/07/2026 - 15:24:00: [SM]   [0] GetConVarString
L 01/07/2026 - 15:24:00: [SM]   [1] Line 138, C:\Users\Moises\Downloads\Compressed\sourcemod-1.11.0-git6968-windows\addons\sourcemod\scripting\馻nkrunFixhealth.sp::IsTankRunActive
L 01/07/2026 - 15:24:00: [SM]   [2] Line 36, C:\Users\Moises\Downloads\Compressed\sourcemod-1.11.0-git6968-windows\addons\sourcemod\scripting\馻nkrunFixhealth.sp::Timer_PeriodicCheck
L 01/07/2026 - 15:24:01: [SM] Exception reported: Invalid convar handle 0 (error 4)
L 01/07/2026 - 15:24:01: [SM] Blaming: 馻nkrunFixhealth.smx
L 01/07/2026 - 15:24:01: [SM] Call stack trace:
L 01/07/2026 - 15:24:01: [SM]   [0] GetConVarString
L 01/07/2026 - 15:24:01: [SM]   [1] Line 138, C:\Users\Moises\Downloads\Compressed\sourcemod-1.11.0-git6968-windows\addons\sourcemod\scripting\馻nkrunFixhealth.sp::IsTankRunActive
L 01/07/2026 - 15:24:01: [SM]   [2] Line 79, C:\Users\Moises\Downloads\Compressed\sourcemod-1.11.0-git6968-windows\addons\sourcemod\scripting\馻nkrunFixhealth.sp::Event_PlayerDeath
L 01/07/2026 - 15:24:03: [SM] Exception reported: Invalid convar handle 0 (error 4)
L 01/07/2026 - 15:24:03: [SM] Blaming: 馻nkrunFixhealth.smx
L 01/07/2026 - 15:24:03: [SM] Call stack trace:
L 01/07/2026 - 15:24:03: [SM]   [0] GetConVarString
L 01/07/2026 - 15:24:03: [SM]   [1] Line 138, C:\Users\Moises\Downloads\Compressed\sourcemod-1.11.0-git6968-windows\addons\sourcemod\scripting\馻nkrunFixhealth.sp::IsTankRunActive
L 01/07/2026 - 15:24:03: [SM]   [2] Line 79, C:\Users\Moises\Downloads\Compressed\sourcemod-1.11.0-git6968-windows\addons\sourcemod\scripting\馻nkrunFixhealth.sp::Event_PlayerDeath
L 01/07/2026 - 15:24:03: [SM] Exception reported: Invalid convar handle 0 (error 4)
L 01/07/2026 - 15:24:03: [SM] Blaming: 馻nkrunFixhealth.smx
L 01/07/2026 - 15:24:03: [SM] Call stack trace:
L 01/07/2026 - 15:24:03: [SM]   [0] GetConVarString
L 01/07/2026 - 15:24:03: [SM]   [1] Line 138, C:\Users\Moises\Downloads\Compressed\sourcemod-1.11.0-git6968-windows\addons\sourcemod\scripting\馻nkrunFixhealth.sp::IsTankRunActive
L 01/07/2026 - 15:24:03: [SM]   [2] Line 79, C:\Users\Moises\Downloads\Compressed\sourcemod-1.11.0-git6968-windows\addons\sourcemod\scripting\馻nkrunFixhealth.sp::Event_PlayerDeath
L 01/07/2026 - 15:24:03: [SM] Exception reported: Invalid convar handle 0 (error 4)
L 01/07/2026 - 15:24:03: [SM] Blaming: 馻nkrunFixhealth.smx
L 01/07/2026 - 15:24:03: [SM] Call stack trace:
L 01/07/2026 - 15:24:03: [SM]   [0] GetConVarString
L 01/07/2026 - 15:24:03: [SM]   [1] Line 138, C:\Users\Moises\Downloads\Compressed\sourcemod-1.11.0-git6968-windows\addons\sourcemod\scripting\馻nkrunFixhealth.sp::IsTankRunActive
L 01/07/2026 - 15:24:03: [SM]   [2] Line 79, C:\Users\Moises\Downloads\Compressed\sourcemod-1.11.0-git6968-windows\addons\sourcemod\scripting\馻nkrunFixhealth.sp::Event_PlayerDeath
L 01/07/2026 - 15:24:03: [SM] Exception reported: Invalid convar handle 0 (error 4)
L 01/07/2026 - 15:24:03: [SM] Blaming: 馻nkrunFixhealth.smx
L 01/07/2026 - 15:24:03: [SM] Call stack trace:
L 01/07/2026 - 15:24:03: [SM]   [0] GetConVarString
L 01/07/2026 - 15:24:03: [SM]   [1] Line 138, C:\Users\Moises\Downloads\Compressed\sourcemod-1.11.0-git6968-windows\addons\sourcemod\scripting\馻nkrunFixhealth.sp::IsTankRunActive
L 01/07/2026 - 15:24:03: [SM]   [2] Line 79, C:\Users\Moises\Downloads\Compressed\sourcemod-1.11.0-git6968-windows\addons\sourcemod\scripting\馻nkrunFixhealth.sp::Event_PlayerDeath
L 01/07/2026 - 15:24:04: [SM] Exception reported: Invalid convar handle 0 (error 4)
L 01/07/2026 - 15:24:04: [SM] Blaming: 馻nkrunFixhealth.smx
L 01/07/2026 - 15:24:04: [SM] Call stack trace:
L 01/07/2026 - 15:24:04: [SM]   [0] GetConVarString
L 01/07/2026 - 15:24:04: [SM]   [1] Line 138, C:\Users\Moises\Downloads\Compressed\sourcemod-1.11.0-git6968-windows\addons\sourcemod\scripting\馻nkrunFixhealth.sp::IsTankRunActive
L 01/07/2026 - 15:24:04: [SM]   [2] Line 79, C:\Users\Moises\Downloads\Compressed\sourcemod-1.11.0-git6968-windows\addons\sourcemod\scripting\馻nkrunFixhealth.sp::Event_PlayerDeath
L 01/07/2026 - 15:24:04: [SM] Exception reported: Invalid convar handle 0 (error 4)
L 01/07/2026 - 15:24:04: [SM] Blaming: 馻nkrunFixhealth.smx
L 01/07/2026 - 15:24:04: [SM] Call stack trace:
L 01/07/2026 - 15:24:04: [SM]   [0] GetConVarString
L 01/07/2026 - 15:24:04: [SM]   [1] Line 138, C:\Users\Moises\Downloads\Compressed\sourcemod-1.11.0-git6968-windows\addons\sourcemod\scripting\馻nkrunFixhealth.sp::IsTankRunActive
L 01/07/2026 - 15:24:04: [SM]   [2] Line 79, C:\Users\Moises\Downloads\Compressed\sourcemod-1.11.0-git6968-windows\addons\sourcemod\scripting\馻nkrunFixhealth.sp::Event_PlayerDeath
L 01/07/2026 - 15:24:04: [SM] Exception reported: Invalid convar handle 0 (error 4)
L 01/07/2026 - 15:24:04: [SM] Blaming: 馻nkrunFixhealth.smx
L 01/07/2026 - 15:24:04: [SM] Call stack trace:
L 01/07/2026 - 15:24:04: [SM]   [0] GetConVarString
L 01/07/2026 - 15:24:04: [SM]   [1] Line 138, C:\Users\Moises\Downloads\Compressed\sourcemod-1.11.0-git6968-windows\addons\sourcemod\scripting\馻nkrunFixhealth.sp::IsTankRunActive
L 01/07/2026 - 15:24:04: [SM]   [2] Line 79, C:\Users\Moises\Downloads\Compressed\sourcemod-1.11.0-git6968-windows\addons\sourcemod\scripting\馻nkrunFixhealth.sp::Event_PlayerDeath
L 01/07/2026 - 15:24:05: [SM] Exception reported: Invalid convar handle 0 (error 4)
L 01/07/2026 - 15:24:05: [SM] Blaming: 馻nkrunFixhealth.smx
L 01/07/2026 - 15:24:05: [SM] Call stack trace:
L 01/07/2026 - 15:24:05: [SM]   [0] GetConVarString
L 01/07/2026 - 15:24:05: [SM]   [1] Line 138, C:\Users\Moises\Downloads\Compressed\sourcemod-1.11.0-git6968-windows\addons\sourcemod\scripting\馻nkrunFixhealth.sp::IsTankRunActive
L 01/07/2026 - 15:24:05: [SM]   [2] Line 79, C:\Users\Moises\Downloads\Compressed\sourcemod-1.11.0-git6968-windows\addons\sourcemod\scripting\馻nkrunFixhealth.sp::Event_PlayerDeath
L 01/07/2026 - 15:24:05: [SM] Exception reported: Invalid convar handle 0 (error 4)
L 01/07/2026 - 15:24:05: [SM] Blaming: 馻nkrunFixhealth.smx
L 01/07/2026 - 15:24:05: [SM] Call stack trace:
L 01/07/2026 - 15:24:05: [SM]   [0] GetConVarString
L 01/07/2026 - 15:24:05: [SM]   [1] Line 138, C:\Users\Moises\Downloads\Compressed\sourcemod-1.11.0-git6968-windows\addons\sourcemod\scripting\馻nkrunFixhealth.sp::IsTankRunActive
L 01/07/2026 - 15:24:05: [SM]   [2] Line 79, C:\Users\Moises\Downloads\Compressed\sourcemod-1.11.0-git6968-windows\addons\sourcemod\scripting\馻nkrunFixhealth.sp::Event_PlayerDeath
L 01/07/2026 - 15:24:06: [SM] Exception reported: Invalid convar handle 0 (error 4)
L 01/07/2026 - 15:24:06: [SM] Blaming: 馻nkrunFixhealth.smx
L 01/07/2026 - 15:24:06: [SM] Call stack trace:
L 01/07/2026 - 15:24:06: [SM]   [0] GetConVarString
L 01/07/2026 - 15:24:06: [SM]   [1] Line 138, C:\Users\Moises\Downloads\Compressed\sourcemod-1.11.0-git6968-windows\addons\sourcemod\scripting\馻nkrunFixhealth.sp::IsTankRunActive
L 01/07/2026 - 15:24:06: [SM]   [2] Line 79, C:\Users\Moises\Downloads\Compressed\sourcemod-1.11.0-git6968-windows\addons\sourcemod\scripting\馻nkrunFixhealth.sp::Event_PlayerDeath
L 01/07/2026 - 15:24:06: [SM] Exception reported: Invalid convar handle 0 (error 4)
L 01/07/2026 - 15:24:06: [SM] Blaming: 馻nkrunFixhealth.smx
L 01/07/2026 - 15:24:06: [SM] Call stack trace:
L 01/07/2026 - 15:24:06: [SM]   [0] GetConVarString
L 01/07/2026 - 15:24:06: [SM]   [1] Line 138, C:\Users\Moises\Downloads\Compressed\sourcemod-1.11.0-git6968-windows\addons\sourcemod\scripting\馻nkrunFixhealth.sp::IsTankRunActive
L 01/07/2026 - 15:24:06: [SM]   [2] Line 79, C:\Users\Moises\Downloads\Compressed\sourcemod-1.11.0-git6968-windows\addons\sourcemod\scripting\馻nkrunFixhealth.sp::Event_PlayerDeath
L 01/07/2026 - 15:24:06: [SM] Exception reported: Invalid convar handle 0 (error 4)
L 01/07/2026 - 15:24:06: [SM] Blaming: 馻nkrunFixhealth.smx
L 01/07/2026 - 15:24:06: [SM] Call stack trace:
L 01/07/2026 - 15:24:06: [SM]   [0] GetConVarString
L 01/07/2026 - 15:24:06: [SM]   [1] Line 138, C:\Users\Moises\Downloads\Compressed\sourcemod-1.11.0-git6968-windows\addons\sourcemod\scripting\馻nkrunFixhealth.sp::IsTankRunActive
L 01/07/2026 - 15:24:06: [SM]   [2] Line 79, C:\Users\Moises\Downloads\Compressed\sourcemod-1.11.0-git6968-windows\addons\sourcemod\scripting\馻nkrunFixhealth.sp::Event_PlayerDeath
L 01/07/2026 - 15:24:06: [SM] Exception reported: Invalid convar handle 0 (error 4)
L 01/07/2026 - 15:24:06: [SM] Blaming: 馻nkrunFixhealth.smx
L 01/07/2026 - 15:24:06: [SM] Call stack trace:
L 01/07/2026 - 15:24:06: [SM]   [0] GetConVarString
L 01/07/2026 - 15:24:06: [SM]   [1] Line 138, C:\Users\Moises\Downloads\Compressed\sourcemod-1.11.0-git6968-windows\addons\sourcemod\scripting\馻nkrunFixhealth.sp::IsTankRunActive
L 01/07/2026 - 15:24:06: [SM]   [2] Line 79, C:\Users\Moises\Downloads\Compressed\sourcemod-1.11.0-git6968-windows\addons\sourcemod\scripting\馻nkrunFixhealth.sp::Event_PlayerDeath
L 01/07/2026 - 15:24:07: [SM] Exception reported: Invalid convar handle 0 (error 4)
L 01/07/2026 - 15:24:07: [SM] Blaming: 馻nkrunFixhealth.smx
L 01/07/2026 - 15:24:07: [SM] Call stack trace:
L 01/07/2026 - 15:24:07: [SM]   [0] GetConVarString
L 01/07/2026 - 15:24:07: [SM]   [1] Line 138, C:\Users\Moises\Downloads\Compressed\sourcemod-1.11.0-git6968-windows\addons\sourcemod\scripting\馻nkrunFixhealth.sp::IsTankRunActive
L 01/07/2026 - 15:24:07: [SM]   [2] Line 79, C:\Users\Moises\Downloads\Compressed\sourcemod-1.11.0-git6968-windows\addons\sourcemod\scripting\馻nkrunFixhealth.sp::Event_PlayerDeath
L 01/07/2026 - 15:24:07: [SM] Exception reported: Invalid convar handle 0 (error 4)
L 01/07/2026 - 15:24:07: [SM] Blaming: 馻nkrunFixhealth.smx
L 01/07/2026 - 15:24:07: [SM] Call stack trace:
L 01/07/2026 - 15:24:07: [SM]   [0] GetConVarString
L 01/07/2026 - 15:24:07: [SM]   [1] Line 138, C:\Users\Moises\Downloads\Compressed\sourcemod-1.11.0-git6968-windows\addons\sourcemod\scripting\馻nkrunFixhealth.sp::IsTankRunActive
L 01/07/2026 - 15:24:07: [SM]   [2] Line 79, C:\Users\Moises\Downloads\Compressed\sourcemod-1.11.0-git6968-windows\addons\sourcemod\scripting\馻nkrunFixhealth.sp::Event_PlayerDeath
L 01/07/2026 - 15:24:07: [SM] Exception reported: Invalid convar handle 0 (error 4)
L 01/07/2026 - 15:24:07: [SM] Blaming: 馻nkrunFixhealth.smx
L 01/07/2026 - 15:24:07: [SM] Call stack trace:
L 01/07/2026 - 15:24:07: [SM]   [0] GetConVarString
L 01/07/2026 - 15:24:07: [SM]   [1] Line 138, C:\Users\Moises\Downloads\Compressed\sourcemod-1.11.0-git6968-windows\addons\sourcemod\scripting\馻nkrunFixhealth.sp::IsTankRunActive
L 01/07/2026 - 15:24:07: [SM]   [2] Line 79, C:\Users\Moises\Downloads\Compressed\sourcemod-1.11.0-git6968-windows\addons\sourcemod\scripting\馻nkrunFixhealth.sp::Event_PlayerDeath
L 01/07/2026 - 15:24:09: [SM] Exception reported: Invalid convar handle 0 (error 4)
L 01/07/2026 - 15:24:09: [SM] Blaming: 馻nkrunFixhealth.smx
L 01/07/2026 - 15:24:09: [SM] Call stack trace:
L 01/07/2026 - 15:24:09: [SM]   [0] GetConVarString
L 01/07/2026 - 15:24:09: [SM]   [1] Line 138, C:\Users\Moises\Downloads\Compressed\sourcemod-1.11.0-git6968-windows\addons\sourcemod\scripting\馻nkrunFixhealth.sp::IsTankRunActive
L 01/07/2026 - 15:24:09: [SM]   [2] Line 79, C:\Users\Moises\Downloads\Compressed\sourcemod-1.11.0-git6968-windows\addons\sourcemod\scripting\馻nkrunFixhealth.sp::Event_PlayerDeath
L 01/07/2026 - 15:24:09: [SM] Exception reported: Invalid convar handle 0 (error 4)
L 01/07/2026 - 15:24:09: [SM] Blaming: 馻nkrunFixhealth.smx
L 01/07/2026 - 15:24:09: [SM] Call stack trace:
L 01/07/2026 - 15:24:09: [SM]   [0] GetConVarString
L 01/07/2026 - 15:24:09: [SM]   [1] Line 138, C:\Users\Moises\Downloads\Compressed\sourcemod-1.11.0-git6968-windows\addons\sourcemod\scripting\馻nkrunFixhealth.sp::IsTankRunActive
L 01/07/2026 - 15:24:09: [SM]   [2] Line 79, C:\Users\Moises\Downloads\Compressed\sourcemod-1.11.0-git6968-windows\addons\sourcemod\scripting\馻nkrunFixhealth.sp::Event_PlayerDeath
L 01/07/2026 - 15:24:09: [SM] Exception reported: Invalid convar handle 0 (error 4)
L 01/07/2026 - 15:24:09: [SM] Blaming: 馻nkrunFixhealth.smx
L 01/07/2026 - 15:24:09: [SM] Call stack trace:
L 01/07/2026 - 15:24:09: [SM]   [0] GetConVarString
L 01/07/2026 - 15:24:09: [SM]   [1] Line 138, C:\Users\Moises\Downloads\Compressed\sourcemod-1.11.0-git6968-windows\addons\sourcemod\scripting\馻nkrunFixhealth.sp::IsTankRunActive
L 01/07/2026 - 15:24:09: [SM]   [2] Line 79, C:\Users\Moises\Downloads\Compressed\sourcemod-1.11.0-git6968-windows\addons\sourcemod\scripting\馻nkrunFixhealth.sp::Event_PlayerDeath
L 01/07/2026 - 15:24:10: [SM] Exception reported: Invalid convar handle 0 (error 4)
L 01/07/2026 - 15:24:10: [SM] Blaming: 馻nkrunFixhealth.smx
L 01/07/2026 - 15:24:10: [SM] Call stack trace:
L 01/07/2026 - 15:24:10: [SM]   [0] GetConVarString
L 01/07/2026 - 15:24:10: [SM]   [1] Line 138, C:\Users\Moises\Downloads\Compressed\sourcemod-1.11.0-git6968-windows\addons\sourcemod\scripting\馻nkrunFixhealth.sp::IsTankRunActive
L 01/07/2026 - 15:24:10: [SM]   [2] Line 36, C:\Users\Moises\Downloads\Compressed\sourcemod-1.11.0-git6968-windows\addons\sourcemod\scripting\馻nkrunFixhealth.sp::Timer_PeriodicCheck
L 01/07/2026 - 15:24:10: [SM] Exception reported: Invalid convar handle 0 (error 4)
L 01/07/2026 - 15:24:10: [SM] Blaming: 馻nkrunFixhealth.smx
L 01/07/2026 - 15:24:10: [SM] Call stack trace:
L 01/07/2026 - 15:24:10: [SM]   [0] GetConVarString
L 01/07/2026 - 15:24:10: [SM]   [1] Line 138, C:\Users\Moises\Downloads\Compressed\sourcemod-1.11.0-git6968-windows\addons\sourcemod\scripting\馻nkrunFixhealth.sp::IsTankRunActive
L 01/07/2026 - 15:24:10: [SM]   [2] Line 79, C:\Users\Moises\Downloads\Compressed\sourcemod-1.11.0-git6968-windows\addons\sourcemod\scripting\馻nkrunFixhealth.sp::Event_PlayerDeath
L 01/07/2026 - 15:24:12: [SM] Exception reported: Invalid convar handle 0 (error 4)
L 01/07/2026 - 15:24:12: [SM] Blaming: 馻nkrunFixhealth.smx
L 01/07/2026 - 15:24:12: [SM] Call stack trace:
L 01/07/2026 - 15:24:12: [SM]   [0] GetConVarString
L 01/07/2026 - 15:24:12: [SM]   [1] Line 138, C:\Users\Moises\Downloads\Compressed\sourcemod-1.11.0-git6968-windows\addons\sourcemod\scripting\馻nkrunFixhealth.sp::IsTankRunActive
L 01/07/2026 - 15:24:12: [SM]   [2] Line 79, C:\Users\Moises\Downloads\Compressed\sourcemod-1.11.0-git6968-windows\addons\sourcemod\scripting\馻nkrunFixhealth.sp::Event_PlayerDeath
L 01/07/2026 - 15:24:12: [SM] Exception reported: Invalid convar handle 0 (error 4)
L 01/07/2026 - 15:24:12: [SM] Blaming: 馻nkrunFixhealth.smx
L 01/07/2026 - 15:24:12: [SM] Call stack trace:
L 01/07/2026 - 15:24:12: [SM]   [0] GetConVarString
L 01/07/2026 - 15:24:12: [SM]   [1] Line 138, C:\Users\Moises\Downloads\Compressed\sourcemod-1.11.0-git6968-windows\addons\sourcemod\scripting\馻nkrunFixhealth.sp::IsTankRunActive
L 01/07/2026 - 15:24:12: [SM]   [2] Line 79, C:\Users\Moises\Downloads\Compressed\sourcemod-1.11.0-git6968-windows\addons\sourcemod\scripting\馻nkrunFixhealth.sp::Event_PlayerDeath
L 01/07/2026 - 15:24:14: [SM] Exception reported: Invalid convar handle 0 (error 4)
L 01/07/2026 - 15:24:14: [SM] Blaming: 馻nkrunFixhealth.smx
L 01/07/2026 - 15:24:14: [SM] Call stack trace:
L 01/07/2026 - 15:24:14: [SM]   [0] GetConVarString
L 01/07/2026 - 15:24:14: [SM]   [1] Line 138, C:\Users\Moises\Downloads\Compressed\sourcemod-1.11.0-git6968-windows\addons\sourcemod\scripting\馻nkrunFixhealth.sp::IsTankRunActive
L 01/07/2026 - 15:24:14: [SM]   [2] Line 79, C:\Users\Moises\Downloads\Compressed\sourcemod-1.11.0-git6968-windows\addons\sourcemod\scripting\馻nkrunFixhealth.sp::Event_PlayerDeath
L 01/07/2026 - 15:24:14: [SM] Exception reported: Invalid convar handle 0 (error 4)
L 01/07/2026 - 15:24:14: [SM] Blaming: 馻nkrunFixhealth.smx
L 01/07/2026 - 15:24:14: [SM] Call stack trace:
L 01/07/2026 - 15:24:14: [SM]   [0] GetConVarString
L 01/07/2026 - 15:24:14: [SM]   [1] Line 138, C:\Users\Moises\Downloads\Compressed\sourcemod-1.11.0-git6968-windows\addons\sourcemod\scripting\馻nkrunFixhealth.sp::IsTankRunActive
L 01/07/2026 - 15:24:14: [SM]   [2] Line 79, C:\Users\Moises\Downloads\Compressed\sourcemod-1.11.0-git6968-windows\addons\sourcemod\scripting\馻nkrunFixhealth.sp::Event_PlayerDeath
L 01/07/2026 - 15:24:14: [SM] Exception reported: Invalid convar handle 0 (error 4)
L 01/07/2026 - 15:24:14: [SM] Blaming: 馻nkrunFixhealth.smx
L 01/07/2026 - 15:24:14: [SM] Call stack trace:
L 01/07/2026 - 15:24:14: [SM]   [0] GetConVarString
L 01/07/2026 - 15:24:14: [SM]   [1] Line 138, C:\Users\Moises\Downloads\Compressed\sourcemod-1.11.0-git6968-windows\addons\sourcemod\scripting\馻nkrunFixhealth.sp::IsTankRunActive
L 01/07/2026 - 15:24:14: [SM]   [2] Line 79, C:\Users\Moises\Downloads\Compressed\sourcemod-1.11.0-git6968-windows\addons\sourcemod\scripting\馻nkrunFixhealth.sp::Event_PlayerDeath
L 01/07/2026 - 15:24:14: [SM] Exception reported: Invalid convar handle 0 (error 4)
L 01/07/2026 - 15:24:14: [SM] Blaming: 馻nkrunFixhealth.smx
L 01/07/2026 - 15:24:14: [SM] Call stack trace:
L 01/07/2026 - 15:24:14: [SM]   [0] GetConVarString
L 01/07/2026 - 15:24:14: [SM]   [1] Line 138, C:\Users\Moises\Downloads\Compressed\sourcemod-1.11.0-git6968-windows\addons\sourcemod\scripting\馻nkrunFixhealth.sp::IsTankRunActive
L 01/07/2026 - 15:24:14: [SM]   [2] Line 79, C:\Users\Moises\Downloads\Compressed\sourcemod-1.11.0-git6968-windows\addons\sourcemod\scripting\馻nkrunFixhealth.sp::Event_PlayerDeath
L 01/07/2026 - 15:24:14: [SM] Exception reported: Invalid convar handle 0 (error 4)
L 01/07/2026 - 15:24:14: [SM] Blaming: 馻nkrunFixhealth.smx
L 01/07/2026 - 15:24:14: [SM] Call stack trace:
L 01/07/2026 - 15:24:14: [SM]   [0] GetConVarString
L 01/07/2026 - 15:24:14: [SM]   [1] Line 138, C:\Users\Moises\Downloads\Compressed\sourcemod-1.11.0-git6968-windows\addons\sourcemod\scripting\馻nkrunFixhealth.sp::IsTankRunActive
L 01/07/2026 - 15:24:14: [SM]   [2] Line 79, C:\Users\Moises\Downloads\Compressed\sourcemod-1.11.0-git6968-windows\addons\sourcemod\scripting\馻nkrunFixhealth.sp::Event_PlayerDeath
L 01/07/2026 - 15:24:14: [SM] Exception reported: Invalid convar handle 0 (error 4)
L 01/07/2026 - 15:24:14: [SM] Blaming: 馻nkrunFixhealth.smx
L 01/07/2026 - 15:24:14: [SM] Call stack trace:
L 01/07/2026 - 15:24:14: [SM]   [0] GetConVarString
L 01/07/2026 - 15:24:14: [SM]   [1] Line 138, C:\Users\Moises\Downloads\Compressed\sourcemod-1.11.0-git6968-windows\addons\sourcemod\scripting\馻nkrunFixhealth.sp::IsTankRunActive
L 01/07/2026 - 15:24:14: [SM]   [2] Line 79, C:\Users\Moises\Downloads\Compressed\sourcemod-1.11.0-git6968-windows\addons\sourcemod\scripting\馻nkrunFixhealth.sp::Event_PlayerDeath
L 01/07/2026 - 15:24:15: [SM] Exception reported: Invalid convar handle 0 (error 4)
L 01/07/2026 - 15:24:15: [SM] Blaming: 馻nkrunFixhealth.smx
L 01/07/2026 - 15:24:15: [SM] Call stack trace:
L 01/07/2026 - 15:24:15: [SM]   [0] GetConVarString
L 01/07/2026 - 15:24:15: [SM]   [1] Line 138, C:\Users\Moises\Downloads\Compressed\sourcemod-1.11.0-git6968-windows\addons\sourcemod\scripting\馻nkrunFixhealth.sp::IsTankRunActive
L 01/07/2026 - 15:24:15: [SM]   [2] Line 79, C:\Users\Moises\Downloads\Compressed\sourcemod-1.11.0-git6968-windows\addons\sourcemod\scripting\馻nkrunFixhealth.sp::Event_PlayerDeath
L 01/07/2026 - 15:24:16: [SM] Exception reported: Invalid convar handle 0 (error 4)
L 01/07/2026 - 15:24:16: [SM] Blaming: 馻nkrunFixhealth.smx
L 01/07/2026 - 15:24:16: [SM] Call stack trace:
L 01/07/2026 - 15:24:16: [SM]   [0] GetConVarString
L 01/07/2026 - 15:24:16: [SM]   [1] Line 138, C:\Users\Moises\Downloads\Compressed\sourcemod-1.11.0-git6968-windows\addons\sourcemod\scripting\馻nkrunFixhealth.sp::IsTankRunActive
L 01/07/2026 - 15:24:16: [SM]   [2] Line 79, C:\Users\Moises\Downloads\Compressed\sourcemod-1.11.0-git6968-windows\addons\sourcemod\scripting\馻nkrunFixhealth.sp::Event_PlayerDeath
L 01/07/2026 - 15:24:16: [SM] Exception reported: Invalid convar handle 0 (error 4)
L 01/07/2026 - 15:24:16: [SM] Blaming: 馻nkrunFixhealth.smx
L 01/07/2026 - 15:24:16: [SM] Call stack trace:
L 01/07/2026 - 15:24:16: [SM]   [0] GetConVarString
L 01/07/2026 - 15:24:16: [SM]   [1] Line 138, C:\Users\Moises\Downloads\Compressed\sourcemod-1.11.0-git6968-windows\addons\sourcemod\scripting\馻nkrunFixhealth.sp::IsTankRunActive
L 01/07/2026 - 15:24:16: [SM]   [2] Line 79, C:\Users\Moises\Downloads\Compressed\sourcemod-1.11.0-git6968-windows\addons\sourcemod\scripting\馻nkrunFixhealth.sp::Event_PlayerDeath
L 01/07/2026 - 15:24:16: [SM] Exception reported: Invalid convar handle 0 (error 4)
L 01/07/2026 - 15:24:16: [SM] Blaming: 馻nkrunFixhealth.smx
L 01/07/2026 - 15:24:16: [SM] Call stack trace:
L 01/07/2026 - 15:24:16: [SM]   [0] GetConVarString
L 01/07/2026 - 15:24:16: [SM]   [1] Line 138, C:\Users\Moises\Downloads\Compressed\sourcemod-1.11.0-git6968-windows\addons\sourcemod\scripting\馻nkrunFixhealth.sp::IsTankRunActive
L 01/07/2026 - 15:24:16: [SM]   [2] Line 79, C:\Users\Moises\Downloads\Compressed\sourcemod-1.11.0-git6968-windows\addons\sourcemod\scripting\馻nkrunFixhealth.sp::Event_PlayerDeath
L 01/07/2026 - 15:24:20: [SM] Exception reported: Invalid convar handle 0 (error 4)
L 01/07/2026 - 15:24:20: [SM] Blaming: 馻nkrunFixhealth.smx
L 01/07/2026 - 15:24:20: [SM] Call stack trace:
L 01/07/2026 - 15:24:20: [SM]   [0] GetConVarString
L 01/07/2026 - 15:24:20: [SM]   [1] Line 138, C:\Users\Moises\Downloads\Compressed\sourcemod-1.11.0-git6968-windows\addons\sourcemod\scripting\馻nkrunFixhealth.sp::IsTankRunActive
L 01/07/2026 - 15:24:20: [SM]   [2] Line 36, C:\Users\Moises\Downloads\Compressed\sourcemod-1.11.0-git6968-windows\addons\sourcemod\scripting\馻nkrunFixhealth.sp::Timer_PeriodicCheck
L 01/07/2026 - 15:24:21: [SM] Exception reported: Invalid convar handle 0 (error 4)
L 01/07/2026 - 15:24:21: [SM] Blaming: 馻nkrunFixhealth.smx
L 01/07/2026 - 15:24:21: [SM] Call stack trace:
L 01/07/2026 - 15:24:21: [SM]   [0] GetConVarString
L 01/07/2026 - 15:24:21: [SM]   [1] Line 138, C:\Users\Moises\Downloads\Compressed\sourcemod-1.11.0-git6968-windows\addons\sourcemod\scripting\馻nkrunFixhealth.sp::IsTankRunActive
L 01/07/2026 - 15:24:21: [SM]   [2] Line 79, C:\Users\Moises\Downloads\Compressed\sourcemod-1.11.0-git6968-windows\addons\sourcemod\scripting\馻nkrunFixhealth.sp::Event_PlayerDeath
L 01/07/2026 - 15:24:21: [SM] Exception reported: Invalid convar handle 0 (error 4)
L 01/07/2026 - 15:24:21: [SM] Blaming: 馻nkrunFixhealth.smx
L 01/07/2026 - 15:24:21: [SM] Call stack trace:
L 01/07/2026 - 15:24:21: [SM]   [0] GetConVarString
L 01/07/2026 - 15:24:21: [SM]   [1] Line 138, C:\Users\Moises\Downloads\Compressed\sourcemod-1.11.0-git6968-windows\addons\sourcemod\scripting\馻nkrunFixhealth.sp::IsTankRunActive
L 01/07/2026 - 15:24:21: [SM]   [2] Line 79, C:\Users\Moises\Downloads\Compressed\sourcemod-1.11.0-git6968-windows\addons\sourcemod\scripting\馻nkrunFixhealth.sp::Event_PlayerDeath
L 01/07/2026 - 15:24:21: [SM] Exception reported: Invalid convar handle 0 (error 4)
L 01/07/2026 - 15:24:21: [SM] Blaming: 馻nkrunFixhealth.smx
L 01/07/2026 - 15:24:21: [SM] Call stack trace:
L 01/07/2026 - 15:24:21: [SM]   [0] GetConVarString
L 01/07/2026 - 15:24:21: [SM]   [1] Line 138, C:\Users\Moises\Downloads\Compressed\sourcemod-1.11.0-git6968-windows\addons\sourcemod\scripting\馻nkrunFixhealth.sp::IsTankRunActive
L 01/07/2026 - 15:24:21: [SM]   [2] Line 79, C:\Users\Moises\Downloads\Compressed\sourcemod-1.11.0-git6968-windows\addons\sourcemod\scripting\馻nkrunFixhealth.sp::Event_PlayerDeath
L 01/07/2026 - 15:24:22: [SM] Exception reported: Invalid convar handle 0 (error 4)
L 01/07/2026 - 15:24:22: [SM] Blaming: 馻nkrunFixhealth.smx
L 01/07/2026 - 15:24:22: [SM] Call stack trace:
L 01/07/2026 - 15:24:22: [SM]   [0] GetConVarString
L 01/07/2026 - 15:24:22: [SM]   [1] Line 138, C:\Users\Moises\Downloads\Compressed\sourcemod-1.11.0-git6968-windows\addons\sourcemod\scripting\馻nkrunFixhealth.sp::IsTankRunActive
L 01/07/2026 - 15:24:22: [SM]   [2] Line 79, C:\Users\Moises\Downloads\Compressed\sourcemod-1.11.0-git6968-windows\addons\sourcemod\scripting\馻nkrunFixhealth.sp::Event_PlayerDeath
L 01/07/2026 - 15:24:25: [SM] Exception reported: Invalid convar handle 0 (error 4)
L 01/07/2026 - 15:24:25: [SM] Blaming: 馻nkrunFixhealth.smx
L 01/07/2026 - 15:24:25: [SM] Call stack trace:
L 01/07/2026 - 15:24:25: [SM]   [0] GetConVarString
L 01/07/2026 - 15:24:25: [SM]   [1] Line 138, C:\Users\Moises\Downloads\Compressed\sourcemod-1.11.0-git6968-windows\addons\sourcemod\scripting\馻nkrunFixhealth.sp::IsTankRunActive
L 01/07/2026 - 15:24:25: [SM]   [2] Line 79, C:\Users\Moises\Downloads\Compressed\sourcemod-1.11.0-git6968-windows\addons\sourcemod\scripting\馻nkrunFixhealth.sp::Event_PlayerDeath
L 01/07/2026 - 15:24:25: [SM] Exception reported: Invalid convar handle 0 (error 4)
L 01/07/2026 - 15:24:25: [SM] Blaming: 馻nkrunFixhealth.smx
L 01/07/2026 - 15:24:25: [SM] Call stack trace:
L 01/07/2026 - 15:24:25: [SM]   [0] GetConVarString
L 01/07/2026 - 15:24:25: [SM]   [1] Line 138, C:\Users\Moises\Downloads\Compressed\sourcemod-1.11.0-git6968-windows\addons\sourcemod\scripting\馻nkrunFixhealth.sp::IsTankRunActive
L 01/07/2026 - 15:24:25: [SM]   [2] Line 79, C:\Users\Moises\Downloads\Compressed\sourcemod-1.11.0-git6968-windows\addons\sourcemod\scripting\馻nkrunFixhealth.sp::Event_PlayerDeath
L 01/07/2026 - 15:24:25: [SM] Exception reported: Invalid convar handle 0 (error 4)
L 01/07/2026 - 15:24:25: [SM] Blaming: 馻nkrunFixhealth.smx
L 01/07/2026 - 15:24:25: [SM] Call stack trace:
L 01/07/2026 - 15:24:25: [SM]   [0] GetConVarString
L 01/07/2026 - 15:24:25: [SM]   [1] Line 138, C:\Users\Moises\Downloads\Compressed\sourcemod-1.11.0-git6968-windows\addons\sourcemod\scripting\馻nkrunFixhealth.sp::IsTankRunActive
L 01/07/2026 - 15:24:25: [SM]   [2] Line 79, C:\Users\Moises\Downloads\Compressed\sourcemod-1.11.0-git6968-windows\addons\sourcemod\scripting\馻nkrunFixhealth.sp::Event_PlayerDeath
L 01/07/2026 - 15:24:26: [SM] Exception reported: Invalid convar handle 0 (error 4)
L 01/07/2026 - 15:24:26: [SM] Blaming: 馻nkrunFixhealth.smx
L 01/07/2026 - 15:24:26: [SM] Call stack trace:
L 01/07/2026 - 15:24:26: [SM]   [0] GetConVarString
L 01/07/2026 - 15:24:26: [SM]   [1] Line 138, C:\Users\Moises\Downloads\Compressed\sourcemod-1.11.0-git6968-windows\addons\sourcemod\scripting\馻nkrunFixhealth.sp::IsTankRunActive
L 01/07/2026 - 15:24:26: [SM]   [2] Line 79, C:\Users\Moises\Downloads\Compressed\sourcemod-1.11.0-git6968-windows\addons\sourcemod\scripting\馻nkrunFixhealth.sp::Event_PlayerDeath
L 01/07/2026 - 15:24:27: [SM] Exception reported: Invalid convar handle 0 (error 4)
L 01/07/2026 - 15:24:27: [SM] Blaming: 馻nkrunFixhealth.smx
L 01/07/2026 - 15:24:27: [SM] Call stack trace:
L 01/07/2026 - 15:24:27: [SM]   [0] GetConVarString
L 01/07/2026 - 15:24:27: [SM]   [1] Line 138, C:\Users\Moises\Downloads\Compressed\sourcemod-1.11.0-git6968-windows\addons\sourcemod\scripting\馻nkrunFixhealth.sp::IsTankRunActive
L 01/07/2026 - 15:24:27: [SM]   [2] Line 79, C:\Users\Moises\Downloads\Compressed\sourcemod-1.11.0-git6968-windows\addons\sourcemod\scripting\馻nkrunFixhealth.sp::Event_PlayerDeath
L 01/07/2026 - 15:24:28: [SM] Exception reported: Invalid convar handle 0 (error 4)
L 01/07/2026 - 15:24:28: [SM] Blaming: 馻nkrunFixhealth.smx
L 01/07/2026 - 15:24:28: [SM] Call stack trace:
L 01/07/2026 - 15:24:28: [SM]   [0] GetConVarString
L 01/07/2026 - 15:24:28: [SM]   [1] Line 138, C:\Users\Moises\Downloads\Compressed\sourcemod-1.11.0-git6968-windows\addons\sourcemod\scripting\馻nkrunFixhealth.sp::IsTankRunActive
L 01/07/2026 - 15:24:28: [SM]   [2] Line 79, C:\Users\Moises\Downloads\Compressed\sourcemod-1.11.0-git6968-windows\addons\sourcemod\scripting\馻nkrunFixhealth.sp::Event_PlayerDeath
L 01/07/2026 - 15:24:28: [SM] Exception reported: Invalid convar handle 0 (error 4)
L 01/07/2026 - 15:24:28: [SM] Blaming: 馻nkrunFixhealth.smx
L 01/07/2026 - 15:24:28: [SM] Call stack trace:
L 01/07/2026 - 15:24:28: [SM]   [0] GetConVarString
L 01/07/2026 - 15:24:28: [SM]   [1] Line 138, C:\Users\Moises\Downloads\Compressed\sourcemod-1.11.0-git6968-windows\addons\sourcemod\scripting\馻nkrunFixhealth.sp::IsTankRunActive
L 01/07/2026 - 15:24:28: [SM]   [2] Line 79, C:\Users\Moises\Downloads\Compressed\sourcemod-1.11.0-git6968-windows\addons\sourcemod\scripting\馻nkrunFixhealth.sp::Event_PlayerDeath
L 01/07/2026 - 15:24:29: [SM] Exception reported: Invalid convar handle 0 (error 4)
L 01/07/2026 - 15:24:29: [SM] Blaming: 馻nkrunFixhealth.smx
L 01/07/2026 - 15:24:29: [SM] Call stack trace:
L 01/07/2026 - 15:24:29: [SM]   [0] GetConVarString
L 01/07/2026 - 15:24:29: [SM]   [1] Line 138, C:\Users\Moises\Downloads\Compressed\sourcemod-1.11.0-git6968-windows\addons\sourcemod\scripting\馻nkrunFixhealth.sp::IsTankRunActive
L 01/07/2026 - 15:24:29: [SM]   [2] Line 79, C:\Users\Moises\Downloads\Compressed\sourcemod-1.11.0-git6968-windows\addons\sourcemod\scripting\馻nkrunFixhealth.sp::Event_PlayerDeath
L 01/07/2026 - 15:24:29: [SM] Exception reported: Invalid convar handle 0 (error 4)
L 01/07/2026 - 15:24:29: [SM] Blaming: 馻nkrunFixhealth.smx
L 01/07/2026 - 15:24:29: [SM] Call stack trace:
L 01/07/2026 - 15:24:29: [SM]   [0] GetConVarString
L 01/07/2026 - 15:24:29: [SM]   [1] Line 138, C:\Users\Moises\Downloads\Compressed\sourcemod-1.11.0-git6968-windows\addons\sourcemod\scripting\馻nkrunFixhealth.sp::IsTankRunActive
L 01/07/2026 - 15:24:29: [SM]   [2] Line 79, C:\Users\Moises\Downloads\Compressed\sourcemod-1.11.0-git6968-windows\addons\sourcemod\scripting\馻nkrunFixhealth.sp::Event_PlayerDeath
L 01/07/2026 - 15:24:30: [SM] Exception reported: Invalid convar handle 0 (error 4)
L 01/07/2026 - 15:24:30: [SM] Blaming: 馻nkrunFixhealth.smx
L 01/07/2026 - 15:24:30: [SM] Call stack trace:
L 01/07/2026 - 15:24:30: [SM]   [0] GetConVarString
L 01/07/2026 - 15:24:30: [SM]   [1] Line 138, C:\Users\Moises\Downloads\Compressed\sourcemod-1.11.0-git6968-windows\addons\sourcemod\scripting\馻nkrunFixhealth.sp::IsTankRunActive
L 01/07/2026 - 15:24:30: [SM]   [2] Line 36, C:\Users\Moises\Downloads\Compressed\sourcemod-1.11.0-git6968-windows\addons\sourcemod\scripting\馻nkrunFixhealth.sp::Timer_PeriodicCheck
L 01/07/2026 - 15:24:30: [SM] Exception reported: Invalid convar handle 0 (error 4)
L 01/07/2026 - 15:24:30: [SM] Blaming: 馻nkrunFixhealth.smx
L 01/07/2026 - 15:24:30: [SM] Call stack trace:
L 01/07/2026 - 15:24:30: [SM]   [0] GetConVarString
L 01/07/2026 - 15:24:30: [SM]   [1] Line 138, C:\Users\Moises\Downloads\Compressed\sourcemod-1.11.0-git6968-windows\addons\sourcemod\scripting\馻nkrunFixhealth.sp::IsTankRunActive
L 01/07/2026 - 15:24:30: [SM]   [2] Line 79, C:\Users\Moises\Downloads\Compressed\sourcemod-1.11.0-git6968-windows\addons\sourcemod\scripting\馻nkrunFixhealth.sp::Event_PlayerDeath
L 01/07/2026 - 15:24:31: [SM] Exception reported: Invalid convar handle 0 (error 4)
L 01/07/2026 - 15:24:31: [SM] Blaming: 馻nkrunFixhealth.smx
L 01/07/2026 - 15:24:31: [SM] Call stack trace:
L 01/07/2026 - 15:24:31: [SM]   [0] GetConVarString
L 01/07/2026 - 15:24:31: [SM]   [1] Line 138, C:\Users\Moises\Downloads\Compressed\sourcemod-1.11.0-git6968-windows\addons\sourcemod\scripting\馻nkrunFixhealth.sp::IsTankRunActive
L 01/07/2026 - 15:24:31: [SM]   [2] Line 79, C:\Users\Moises\Downloads\Compressed\sourcemod-1.11.0-git6968-windows\addons\sourcemod\scripting\馻nkrunFixhealth.sp::Event_PlayerDeath
L 01/07/2026 - 15:24:32: [SM] Exception reported: Invalid timer handle 6470035a (error 1)
L 01/07/2026 - 15:24:32: [SM] Blaming: l4d2_playerjoining_v2.smx
L 01/07/2026 - 15:24:32: [SM] Call stack trace:
L 01/07/2026 - 15:24:32: [SM]   [0] KillTimer
L 01/07/2026 - 15:24:32: [SM]   [1] Line 53, C:\Users\Moises\Downloads\Compressed\sourcemod-1.11.0-git6968-windows\addons\sourcemod\scripting\l4d2_playerjoining_v2.sp::OnClientDisconnect
L 01/07/2026 - 15:24:33: [SM] Exception reported: Invalid timer handle 22a00407 (error 1)
L 01/07/2026 - 15:24:33: [SM] Blaming: l4d2_playerjoining_v2.smx
L 01/07/2026 - 15:24:33: [SM] Call stack trace:
L 01/07/2026 - 15:24:33: [SM]   [0] KillTimer
L 01/07/2026 - 15:24:33: [SM]   [1] Line 53, C:\Users\Moises\Downloads\Compressed\sourcemod-1.11.0-git6968-windows\addons\sourcemod\scripting\l4d2_playerjoining_v2.sp::OnClientDisconnect
L 01/07/2026 - 15:24:40: [SM] Exception reported: Invalid convar handle 0 (error 4)
L 01/07/2026 - 15:24:40: [SM] Blaming: 馻nkrunFixhealth.smx
L 01/07/2026 - 15:24:40: [SM] Call stack trace:
L 01/07/2026 - 15:24:40: [SM]   [0] GetConVarString
L 01/07/2026 - 15:24:40: [SM]   [1] Line 138, C:\Users\Moises\Downloads\Compressed\sourcemod-1.11.0-git6968-windows\addons\sourcemod\scripting\馻nkrunFixhealth.sp::IsTankRunActive
L 01/07/2026 - 15:24:40: [SM]   [2] Line 79, C:\Users\Moises\Downloads\Compressed\sourcemod-1.11.0-git6968-windows\addons\sourcemod\scripting\馻nkrunFixhealth.sp::Event_PlayerDeath
L 01/07/2026 - 15:24:40: [SM] Exception reported: Invalid convar handle 0 (error 4)
L 01/07/2026 - 15:24:40: [SM] Blaming: 馻nkrunFixhealth.smx
L 01/07/2026 - 15:24:40: [SM] Call stack trace:
L 01/07/2026 - 15:24:40: [SM]   [0] GetConVarString
L 01/07/2026 - 15:24:40: [SM]   [1] Line 138, C:\Users\Moises\Downloads\Compressed\sourcemod-1.11.0-git6968-windows\addons\sourcemod\scripting\馻nkrunFixhealth.sp::IsTankRunActive
L 01/07/2026 - 15:24:40: [SM]   [2] Line 36, C:\Users\Moises\Downloads\Compressed\sourcemod-1.11.0-git6968-windows\addons\sourcemod\scripting\馻nkrunFixhealth.sp::Timer_PeriodicCheck
L 01/07/2026 - 15:24:50: [SM] Exception reported: Invalid convar handle 0 (error 4)
L 01/07/2026 - 15:24:50: [SM] Blaming: 馻nkrunFixhealth.smx
L 01/07/2026 - 15:24:50: [SM] Call stack trace:
L 01/07/2026 - 15:24:50: [SM]   [0] GetConVarString
L 01/07/2026 - 15:24:50: [SM]   [1] Line 138, C:\Users\Moises\Downloads\Compressed\sourcemod-1.11.0-git6968-windows\addons\sourcemod\scripting\馻nkrunFixhealth.sp::IsTankRunActive
L 01/07/2026 - 15:24:50: [SM]   [2] Line 36, C:\Users\Moises\Downloads\Compressed\sourcemod-1.11.0-git6968-windows\addons\sourcemod\scripting\馻nkrunFixhealth.sp::Timer_PeriodicCheck
L 01/07/2026 - 15:24:52: [SM] Exception reported: Invalid timer handle 3fc00423 (error 3)
L 01/07/2026 - 15:24:52: [SM] Blaming: l4d2_playerjoining_v2.smx
L 01/07/2026 - 15:24:52: [SM] Call stack trace:
L 01/07/2026 - 15:24:52: [SM]   [0] KillTimer
L 01/07/2026 - 15:24:52: [SM]   [1] Line 53, C:\Users\Moises\Downloads\Compressed\sourcemod-1.11.0-git6968-windows\addons\sourcemod\scripting\l4d2_playerjoining_v2.sp::OnClientDisconnect
L 01/07/2026 - 15:24:59: [SM] Exception reported: Invalid timer handle 3fc00423 (error 3)
L 01/07/2026 - 15:24:59: [SM] Blaming: l4d2_playerjoining_v2.smx
L 01/07/2026 - 15:24:59: [SM] Call stack trace:
L 01/07/2026 - 15:24:59: [SM]   [0] KillTimer
L 01/07/2026 - 15:24:59: [SM]   [1] Line 53, C:\Users\Moises\Downloads\Compressed\sourcemod-1.11.0-git6968-windows\addons\sourcemod\scripting\l4d2_playerjoining_v2.sp::OnClientDisconnect
L 01/07/2026 - 15:25:00: [SM] Exception reported: Invalid convar handle 0 (error 4)
L 01/07/2026 - 15:25:00: [SM] Blaming: 馻nkrunFixhealth.smx
L 01/07/2026 - 15:25:00: [SM] Call stack trace:
L 01/07/2026 - 15:25:00: [SM]   [0] GetConVarString
L 01/07/2026 - 15:25:00: [SM]   [1] Line 138, C:\Users\Moises\Downloads\Compressed\sourcemod-1.11.0-git6968-windows\addons\sourcemod\scripting\馻nkrunFixhealth.sp::IsTankRunActive
L 01/07/2026 - 15:25:00: [SM]   [2] Line 36, C:\Users\Moises\Downloads\Compressed\sourcemod-1.11.0-git6968-windows\addons\sourcemod\scripting\馻nkrunFixhealth.sp::Timer_PeriodicCheck
L 01/07/2026 - 15:25:09: [SM] Exception reported: Invalid convar handle 0 (error 4)
L 01/07/2026 - 15:25:09: [SM] Blaming: 馻nkrunFixhealth.smx
L 01/07/2026 - 15:25:09: [SM] Call stack trace:
L 01/07/2026 - 15:25:09: [SM]   [0] GetConVarString
L 01/07/2026 - 15:25:09: [SM]   [1] Line 138, C:\Users\Moises\Downloads\Compressed\sourcemod-1.11.0-git6968-windows\addons\sourcemod\scripting\馻nkrunFixhealth.sp::IsTankRunActive
L 01/07/2026 - 15:25:09: [SM]   [2] Line 79, C:\Users\Moises\Downloads\Compressed\sourcemod-1.11.0-git6968-windows\addons\sourcemod\scripting\馻nkrunFixhealth.sp::Event_PlayerDeath
L 01/07/2026 - 15:25:10: [SM] Exception reported: Invalid convar handle 0 (error 4)
L 01/07/2026 - 15:25:10: [SM] Blaming: 馻nkrunFixhealth.smx
L 01/07/2026 - 15:25:10: [SM] Call stack trace:
L 01/07/2026 - 15:25:10: [SM]   [0] GetConVarString
L 01/07/2026 - 15:25:10: [SM]   [1] Line 138, C:\Users\Moises\Downloads\Compressed\sourcemod-1.11.0-git6968-windows\addons\sourcemod\scripting\馻nkrunFixhealth.sp::IsTankRunActive
L 01/07/2026 - 15:25:10: [SM]   [2] Line 36, C:\Users\Moises\Downloads\Compressed\sourcemod-1.11.0-git6968-windows\addons\sourcemod\scripting\馻nkrunFixhealth.sp::Timer_PeriodicCheck
L 01/07/2026 - 15:25:14: [SM] Exception reported: Invalid convar handle 0 (error 4)
L 01/07/2026 - 15:25:14: [SM] Blaming: 馻nkrunFixhealth.smx
L 01/07/2026 - 15:25:14: [SM] Call stack trace:
L 01/07/2026 - 15:25:14: [SM]   [0] GetConVarString
L 01/07/2026 - 15:25:14: [SM]   [1] Line 138, C:\Users\Moises\Downloads\Compressed\sourcemod-1.11.0-git6968-windows\addons\sourcemod\scripting\馻nkrunFixhealth.sp::IsTankRunActive
L 01/07/2026 - 15:25:14: [SM]   [2] Line 79, C:\Users\Moises\Downloads\Compressed\sourcemod-1.11.0-git6968-windows\addons\sourcemod\scripting\馻nkrunFixhealth.sp::Event_PlayerDeath
L 01/07/2026 - 15:25:14: [SM] Exception reported: Invalid convar handle 0 (error 4)
L 01/07/2026 - 15:25:14: [SM] Blaming: 馻nkrunFixhealth.smx
L 01/07/2026 - 15:25:14: [SM] Call stack trace:
L 01/07/2026 - 15:25:14: [SM]   [0] GetConVarString
L 01/07/2026 - 15:25:14: [SM]   [1] Line 138, C:\Users\Moises\Downloads\Compressed\sourcemod-1.11.0-git6968-windows\addons\sourcemod\scripting\馻nkrunFixhealth.sp::IsTankRunActive
L 01/07/2026 - 15:25:14: [SM]   [2] Line 79, C:\Users\Moises\Downloads\Compressed\sourcemod-1.11.0-git6968-windows\addons\sourcemod\scripting\馻nkrunFixhealth.sp::Event_PlayerDeath
L 01/07/2026 - 15:25:15: [SM] Exception reported: Invalid convar handle 0 (error 4)
L 01/07/2026 - 15:25:15: [SM] Blaming: 馻nkrunFixhealth.smx
L 01/07/2026 - 15:25:15: [SM] Call stack trace:
L 01/07/2026 - 15:25:15: [SM]   [0] GetConVarString
L 01/07/2026 - 15:25:15: [SM]   [1] Line 138, C:\Users\Moises\Downloads\Compressed\sourcemod-1.11.0-git6968-windows\addons\sourcemod\scripting\馻nkrunFixhealth.sp::IsTankRunActive
L 01/07/2026 - 15:25:15: [SM]   [2] Line 79, C:\Users\Moises\Downloads\Compressed\sourcemod-1.11.0-git6968-windows\addons\sourcemod\scripting\馻nkrunFixhealth.sp::Event_PlayerDeath
L 01/07/2026 - 15:25:16: [SM] Exception reported: Invalid convar handle 0 (error 4)
L 01/07/2026 - 15:25:16: [SM] Blaming: 馻nkrunFixhealth.smx
L 01/07/2026 - 15:25:16: [SM] Call stack trace:
L 01/07/2026 - 15:25:16: [SM]   [0] GetConVarString
L 01/07/2026 - 15:25:16: [SM]   [1] Line 138, C:\Users\Moises\Downloads\Compressed\sourcemod-1.11.0-git6968-windows\addons\sourcemod\scripting\馻nkrunFixhealth.sp::IsTankRunActive
L 01/07/2026 - 15:25:16: [SM]   [2] Line 79, C:\Users\Moises\Downloads\Compressed\sourcemod-1.11.0-git6968-windows\addons\sourcemod\scripting\馻nkrunFixhealth.sp::Event_PlayerDeath
L 01/07/2026 - 15:25:16: [SM] Exception reported: Invalid convar handle 0 (error 4)
L 01/07/2026 - 15:25:16: [SM] Blaming: 馻nkrunFixhealth.smx
L 01/07/2026 - 15:25:16: [SM] Call stack trace:
L 01/07/2026 - 15:25:16: [SM]   [0] GetConVarString
L 01/07/2026 - 15:25:16: [SM]   [1] Line 138, C:\Users\Moises\Downloads\Compressed\sourcemod-1.11.0-git6968-windows\addons\sourcemod\scripting\馻nkrunFixhealth.sp::IsTankRunActive
L 01/07/2026 - 15:25:16: [SM]   [2] Line 79, C:\Users\Moises\Downloads\Compressed\sourcemod-1.11.0-git6968-windows\addons\sourcemod\scripting\馻nkrunFixhealth.sp::Event_PlayerDeath
L 01/07/2026 - 15:25:16: [SM] Exception reported: Invalid convar handle 0 (error 4)
L 01/07/2026 - 15:25:16: [SM] Blaming: 馻nkrunFixhealth.smx
L 01/07/2026 - 15:25:16: [SM] Call stack trace:
L 01/07/2026 - 15:25:16: [SM]   [0] GetConVarString
L 01/07/2026 - 15:25:16: [SM]   [1] Line 138, C:\Users\Moises\Downloads\Compressed\sourcemod-1.11.0-git6968-windows\addons\sourcemod\scripting\馻nkrunFixhealth.sp::IsTankRunActive
L 01/07/2026 - 15:25:16: [SM]   [2] Line 79, C:\Users\Moises\Downloads\Compressed\sourcemod-1.11.0-git6968-windows\addons\sourcemod\scripting\馻nkrunFixhealth.sp::Event_PlayerDeath
L 01/07/2026 - 15:25:17: [SM] Exception reported: Invalid convar handle 0 (error 4)
L 01/07/2026 - 15:25:17: [SM] Blaming: 馻nkrunFixhealth.smx
L 01/07/2026 - 15:25:17: [SM] Call stack trace:
L 01/07/2026 - 15:25:17: [SM]   [0] GetConVarString
L 01/07/2026 - 15:25:17: [SM]   [1] Line 138, C:\Users\Moises\Downloads\Compressed\sourcemod-1.11.0-git6968-windows\addons\sourcemod\scripting\馻nkrunFixhealth.sp::IsTankRunActive
L 01/07/2026 - 15:25:17: [SM]   [2] Line 79, C:\Users\Moises\Downloads\Compressed\sourcemod-1.11.0-git6968-windows\addons\sourcemod\scripting\馻nkrunFixhealth.sp::Event_PlayerDeath
L 01/07/2026 - 15:25:17: [SM] Exception reported: Invalid convar handle 0 (error 4)
L 01/07/2026 - 15:25:17: [SM] Blaming: 馻nkrunFixhealth.smx
L 01/07/2026 - 15:25:17: [SM] Call stack trace:
L 01/07/2026 - 15:25:17: [SM]   [0] GetConVarString
L 01/07/2026 - 15:25:17: [SM]   [1] Line 138, C:\Users\Moises\Downloads\Compressed\sourcemod-1.11.0-git6968-windows\addons\sourcemod\scripting\馻nkrunFixhealth.sp::IsTankRunActive
L 01/07/2026 - 15:25:17: [SM]   [2] Line 79, C:\Users\Moises\Downloads\Compressed\sourcemod-1.11.0-git6968-windows\addons\sourcemod\scripting\馻nkrunFixhealth.sp::Event_PlayerDeath
L 01/07/2026 - 15:25:17: [SM] Exception reported: Invalid convar handle 0 (error 4)
L 01/07/2026 - 15:25:17: [SM] Blaming: 馻nkrunFixhealth.smx
L 01/07/2026 - 15:25:17: [SM] Call stack trace:
L 01/07/2026 - 15:25:17: [SM]   [0] GetConVarString
L 01/07/2026 - 15:25:17: [SM]   [1] Line 138, C:\Users\Moises\Downloads\Compressed\sourcemod-1.11.0-git6968-windows\addons\sourcemod\scripting\馻nkrunFixhealth.sp::IsTankRunActive
L 01/07/2026 - 15:25:17: [SM]   [2] Line 79, C:\Users\Moises\Downloads\Compressed\sourcemod-1.11.0-git6968-windows\addons\sourcemod\scripting\馻nkrunFixhealth.sp::Event_PlayerDeath
L 01/07/2026 - 15:25:17: [SM] Exception reported: Invalid convar handle 0 (error 4)
L 01/07/2026 - 15:25:17: [SM] Blaming: 馻nkrunFixhealth.smx
L 01/07/2026 - 15:25:17: [SM] Call stack trace:
L 01/07/2026 - 15:25:17: [SM]   [0] GetConVarString
L 01/07/2026 - 15:25:17: [SM]   [1] Line 138, C:\Users\Moises\Downloads\Compressed\sourcemod-1.11.0-git6968-windows\addons\sourcemod\scripting\馻nkrunFixhealth.sp::IsTankRunActive
L 01/07/2026 - 15:25:17: [SM]   [2] Line 79, C:\Users\Moises\Downloads\Compressed\sourcemod-1.11.0-git6968-windows\addons\sourcemod\scripting\馻nkrunFixhealth.sp::Event_PlayerDeath
L 01/07/2026 - 15:25:18: [SM] Exception reported: Invalid convar handle 0 (error 4)
L 01/07/2026 - 15:25:18: [SM] Blaming: 馻nkrunFixhealth.smx
L 01/07/2026 - 15:25:18: [SM] Call stack trace:
L 01/07/2026 - 15:25:18: [SM]   [0] GetConVarString
L 01/07/2026 - 15:25:18: [SM]   [1] Line 138, C:\Users\Moises\Downloads\Compressed\sourcemod-1.11.0-git6968-windows\addons\sourcemod\scripting\馻nkrunFixhealth.sp::IsTankRunActive
L 01/07/2026 - 15:25:18: [SM]   [2] Line 79, C:\Users\Moises\Downloads\Compressed\sourcemod-1.11.0-git6968-windows\addons\sourcemod\scripting\馻nkrunFixhealth.sp::Event_PlayerDeath
L 01/07/2026 - 15:25:19: [SM] Exception reported: Invalid convar handle 0 (error 4)
L 01/07/2026 - 15:25:19: [SM] Blaming: 馻nkrunFixhealth.smx
L 01/07/2026 - 15:25:19: [SM] Call stack trace:
L 01/07/2026 - 15:25:19: [SM]   [0] GetConVarString
L 01/07/2026 - 15:25:19: [SM]   [1] Line 138, C:\Users\Moises\Downloads\Compressed\sourcemod-1.11.0-git6968-windows\addons\sourcemod\scripting\馻nkrunFixhealth.sp::IsTankRunActive
L 01/07/2026 - 15:25:19: [SM]   [2] Line 79, C:\Users\Moises\Downloads\Compressed\sourcemod-1.11.0-git6968-windows\addons\sourcemod\scripting\馻nkrunFixhealth.sp::Event_PlayerDeath
L 01/07/2026 - 15:25:19: [SM] Exception reported: Invalid convar handle 0 (error 4)
L 01/07/2026 - 15:25:19: [SM] Blaming: 馻nkrunFixhealth.smx
L 01/07/2026 - 15:25:19: [SM] Call stack trace:
L 01/07/2026 - 15:25:19: [SM]   [0] GetConVarString
L 01/07/2026 - 15:25:19: [SM]   [1] Line 138, C:\Users\Moises\Downloads\Compressed\sourcemod-1.11.0-git6968-windows\addons\sourcemod\scripting\馻nkrunFixhealth.sp::IsTankRunActive
L 01/07/2026 - 15:25:19: [SM]   [2] Line 79, C:\Users\Moises\Downloads\Compressed\sourcemod-1.11.0-git6968-windows\addons\sourcemod\scripting\馻nkrunFixhealth.sp::Event_PlayerDeath
L 01/07/2026 - 15:25:20: [SM] Exception reported: Invalid convar handle 0 (error 4)
L 01/07/2026 - 15:25:20: [SM] Blaming: 馻nkrunFixhealth.smx
L 01/07/2026 - 15:25:20: [SM] Call stack trace:
L 01/07/2026 - 15:25:20: [SM]   [0] GetConVarString
L 01/07/2026 - 15:25:20: [SM]   [1] Line 138, C:\Users\Moises\Downloads\Compressed\sourcemod-1.11.0-git6968-windows\addons\sourcemod\scripting\馻nkrunFixhealth.sp::IsTankRunActive
L 01/07/2026 - 15:25:20: [SM]   [2] Line 79, C:\Users\Moises\Downloads\Compressed\sourcemod-1.11.0-git6968-windows\addons\sourcemod\scripting\馻nkrunFixhealth.sp::Event_PlayerDeath
L 01/07/2026 - 15:25:20: [SM] Exception reported: Invalid convar handle 0 (error 4)
L 01/07/2026 - 15:25:20: [SM] Blaming: 馻nkrunFixhealth.smx
L 01/07/2026 - 15:25:20: [SM] Call stack trace:
L 01/07/2026 - 15:25:20: [SM]   [0] GetConVarString
L 01/07/2026 - 15:25:20: [SM]   [1] Line 138, C:\Users\Moises\Downloads\Compressed\sourcemod-1.11.0-git6968-windows\addons\sourcemod\scripting\馻nkrunFixhealth.sp::IsTankRunActive
L 01/07/2026 - 15:25:20: [SM]   [2] Line 79, C:\Users\Moises\Downloads\Compressed\sourcemod-1.11.0-git6968-windows\addons\sourcemod\scripting\馻nkrunFixhealth.sp::Event_PlayerDeath
L 01/07/2026 - 15:25:20: [SM] Exception reported: Invalid convar handle 0 (error 4)
L 01/07/2026 - 15:25:20: [SM] Blaming: 馻nkrunFixhealth.smx
L 01/07/2026 - 15:25:20: [SM] Call stack trace:
L 01/07/2026 - 15:25:20: [SM]   [0] GetConVarString
L 01/07/2026 - 15:25:20: [SM]   [1] Line 138, C:\Users\Moises\Downloads\Compressed\sourcemod-1.11.0-git6968-windows\addons\sourcemod\scripting\馻nkrunFixhealth.sp::IsTankRunActive
L 01/07/2026 - 15:25:20: [SM]   [2] Line 79, C:\Users\Moises\Downloads\Compressed\sourcemod-1.11.0-git6968-windows\addons\sourcemod\scripting\馻nkrunFixhealth.sp::Event_PlayerDeath
L 01/07/2026 - 15:25:20: [SM] Exception reported: Invalid convar handle 0 (error 4)
L 01/07/2026 - 15:25:20: [SM] Blaming: 馻nkrunFixhealth.smx
L 01/07/2026 - 15:25:20: [SM] Call stack trace:
L 01/07/2026 - 15:25:20: [SM]   [0] GetConVarString
L 01/07/2026 - 15:25:20: [SM]   [1] Line 138, C:\Users\Moises\Downloads\Compressed\sourcemod-1.11.0-git6968-windows\addons\sourcemod\scripting\馻nkrunFixhealth.sp::IsTankRunActive
L 01/07/2026 - 15:25:20: [SM]   [2] Line 36, C:\Users\Moises\Downloads\Compressed\sourcemod-1.11.0-git6968-windows\addons\sourcemod\scripting\馻nkrunFixhealth.sp::Timer_PeriodicCheck
L 01/07/2026 - 15:25:20: [SM] Exception reported: Invalid convar handle 0 (error 4)
L 01/07/2026 - 15:25:20: [SM] Blaming: 馻nkrunFixhealth.smx
L 01/07/2026 - 15:25:20: [SM] Call stack trace:
L 01/07/2026 - 15:25:20: [SM]   [0] GetConVarString
L 01/07/2026 - 15:25:20: [SM]   [1] Line 138, C:\Users\Moises\Downloads\Compressed\sourcemod-1.11.0-git6968-windows\addons\sourcemod\scripting\馻nkrunFixhealth.sp::IsTankRunActive
L 01/07/2026 - 15:25:20: [SM]   [2] Line 79, C:\Users\Moises\Downloads\Compressed\sourcemod-1.11.0-git6968-windows\addons\sourcemod\scripting\馻nkrunFixhealth.sp::Event_PlayerDeath
L 01/07/2026 - 15:25:21: [SM] Exception reported: Invalid convar handle 0 (error 4)
L 01/07/2026 - 15:25:21: [SM] Blaming: 馻nkrunFixhealth.smx
L 01/07/2026 - 15:25:21: [SM] Call stack trace:
L 01/07/2026 - 15:25:21: [SM]   [0] GetConVarString
L 01/07/2026 - 15:25:21: [SM]   [1] Line 138, C:\Users\Moises\Downloads\Compressed\sourcemod-1.11.0-git6968-windows\addons\sourcemod\scripting\馻nkrunFixhealth.sp::IsTankRunActive
L 01/07/2026 - 15:25:21: [SM]   [2] Line 79, C:\Users\Moises\Downloads\Compressed\sourcemod-1.11.0-git6968-windows\addons\sourcemod\scripting\馻nkrunFixhealth.sp::Event_PlayerDeath
L 01/07/2026 - 15:25:21: [SM] Exception reported: Invalid convar handle 0 (error 4)
L 01/07/2026 - 15:25:21: [SM] Blaming: 馻nkrunFixhealth.smx
L 01/07/2026 - 15:25:21: [SM] Call stack trace:
L 01/07/2026 - 15:25:21: [SM]   [0] GetConVarString
L 01/07/2026 - 15:25:21: [SM]   [1] Line 138, C:\Users\Moises\Downloads\Compressed\sourcemod-1.11.0-git6968-windows\addons\sourcemod\scripting\馻nkrunFixhealth.sp::IsTankRunActive
L 01/07/2026 - 15:25:21: [SM]   [2] Line 79, C:\Users\Moises\Downloads\Compressed\sourcemod-1.11.0-git6968-windows\addons\sourcemod\scripting\馻nkrunFixhealth.sp::Event_PlayerDeath
L 01/07/2026 - 15:25:22: [SM] Exception reported: Invalid convar handle 0 (error 4)
L 01/07/2026 - 15:25:22: [SM] Blaming: 馻nkrunFixhealth.smx
L 01/07/2026 - 15:25:22: [SM] Call stack trace:
L 01/07/2026 - 15:25:22: [SM]   [0] GetConVarString
L 01/07/2026 - 15:25:22: [SM]   [1] Line 138, C:\Users\Moises\Downloads\Compressed\sourcemod-1.11.0-git6968-windows\addons\sourcemod\scripting\馻nkrunFixhealth.sp::IsTankRunActive
L 01/07/2026 - 15:25:22: [SM]   [2] Line 79, C:\Users\Moises\Downloads\Compressed\sourcemod-1.11.0-git6968-windows\addons\sourcemod\scripting\馻nkrunFixhealth.sp::Event_PlayerDeath
L 01/07/2026 - 15:25:23: [SM] Exception reported: Invalid convar handle 0 (error 4)
L 01/07/2026 - 15:25:23: [SM] Blaming: 馻nkrunFixhealth.smx
L 01/07/2026 - 15:25:23: [SM] Call stack trace:
L 01/07/2026 - 15:25:23: [SM]   [0] GetConVarString
L 01/07/2026 - 15:25:23: [SM]   [1] Line 138, C:\Users\Moises\Downloads\Compressed\sourcemod-1.11.0-git6968-windows\addons\sourcemod\scripting\馻nkrunFixhealth.sp::IsTankRunActive
L 01/07/2026 - 15:25:23: [SM]   [2] Line 79, C:\Users\Moises\Downloads\Compressed\sourcemod-1.11.0-git6968-windows\addons\sourcemod\scripting\馻nkrunFixhealth.sp::Event_PlayerDeath
L 01/07/2026 - 15:25:23: [SM] Exception reported: Invalid convar handle 0 (error 4)
L 01/07/2026 - 15:25:23: [SM] Blaming: 馻nkrunFixhealth.smx
L 01/07/2026 - 15:25:23: [SM] Call stack trace:
L 01/07/2026 - 15:25:23: [SM]   [0] GetConVarString
L 01/07/2026 - 15:25:23: [SM]   [1] Line 138, C:\Users\Moises\Downloads\Compressed\sourcemod-1.11.0-git6968-windows\addons\sourcemod\scripting\馻nkrunFixhealth.sp::IsTankRunActive
L 01/07/2026 - 15:25:23: [SM]   [2] Line 79, C:\Users\Moises\Downloads\Compressed\sourcemod-1.11.0-git6968-windows\addons\sourcemod\scripting\馻nkrunFixhealth.sp::Event_PlayerDeath
L 01/07/2026 - 15:25:23: [SM] Exception reported: Invalid convar handle 0 (error 4)
L 01/07/2026 - 15:25:23: [SM] Blaming: 馻nkrunFixhealth.smx
L 01/07/2026 - 15:25:23: [SM] Call stack trace:
L 01/07/2026 - 15:25:23: [SM]   [0] GetConVarString
L 01/07/2026 - 15:25:23: [SM]   [1] Line 138, C:\Users\Moises\Downloads\Compressed\sourcemod-1.11.0-git6968-windows\addons\sourcemod\scripting\馻nkrunFixhealth.sp::IsTankRunActive
L 01/07/2026 - 15:25:23: [SM]   [2] Line 79, C:\Users\Moises\Downloads\Compressed\sourcemod-1.11.0-git6968-windows\addons\sourcemod\scripting\馻nkrunFixhealth.sp::Event_PlayerDeath
L 01/07/2026 - 15:25:24: [SM] Exception reported: Invalid convar handle 0 (error 4)
L 01/07/2026 - 15:25:24: [SM] Blaming: 馻nkrunFixhealth.smx
L 01/07/2026 - 15:25:24: [SM] Call stack trace:
L 01/07/2026 - 15:25:24: [SM]   [0] GetConVarString
L 01/07/2026 - 15:25:24: [SM]   [1] Line 138, C:\Users\Moises\Downloads\Compressed\sourcemod-1.11.0-git6968-windows\addons\sourcemod\scripting\馻nkrunFixhealth.sp::IsTankRunActive
L 01/07/2026 - 15:25:24: [SM]   [2] Line 79, C:\Users\Moises\Downloads\Compressed\sourcemod-1.11.0-git6968-windows\addons\sourcemod\scripting\馻nkrunFixhealth.sp::Event_PlayerDeath
L 01/07/2026 - 15:25:24: [SM] Exception reported: Invalid convar handle 0 (error 4)
L 01/07/2026 - 15:25:24: [SM] Blaming: 馻nkrunFixhealth.smx
L 01/07/2026 - 15:25:24: [SM] Call stack trace:
L 01/07/2026 - 15:25:24: [SM]   [0] GetConVarString
L 01/07/2026 - 15:25:24: [SM]   [1] Line 138, C:\Users\Moises\Downloads\Compressed\sourcemod-1.11.0-git6968-windows\addons\sourcemod\scripting\馻nkrunFixhealth.sp::IsTankRunActive
L 01/07/2026 - 15:25:24: [SM]   [2] Line 79, C:\Users\Moises\Downloads\Compressed\sourcemod-1.11.0-git6968-windows\addons\sourcemod\scripting\馻nkrunFixhealth.sp::Event_PlayerDeath
L 01/07/2026 - 15:25:24: [SM] Exception reported: Invalid convar handle 0 (error 4)
L 01/07/2026 - 15:25:24: [SM] Blaming: 馻nkrunFixhealth.smx
L 01/07/2026 - 15:25:24: [SM] Call stack trace:
L 01/07/2026 - 15:25:24: [SM]   [0] GetConVarString
L 01/07/2026 - 15:25:24: [SM]   [1] Line 138, C:\Users\Moises\Downloads\Compressed\sourcemod-1.11.0-git6968-windows\addons\sourcemod\scripting\馻nkrunFixhealth.sp::IsTankRunActive
L 01/07/2026 - 15:25:24: [SM]   [2] Line 79, C:\Users\Moises\Downloads\Compressed\sourcemod-1.11.0-git6968-windows\addons\sourcemod\scripting\馻nkrunFixhealth.sp::Event_PlayerDeath
L 01/07/2026 - 15:25:25: [SM] Exception reported: Invalid convar handle 0 (error 4)
L 01/07/2026 - 15:25:25: [SM] Blaming: 馻nkrunFixhealth.smx
L 01/07/2026 - 15:25:25: [SM] Call stack trace:
L 01/07/2026 - 15:25:25: [SM]   [0] GetConVarString
L 01/07/2026 - 15:25:25: [SM]   [1] Line 138, C:\Users\Moises\Downloads\Compressed\sourcemod-1.11.0-git6968-windows\addons\sourcemod\scripting\馻nkrunFixhealth.sp::IsTankRunActive
L 01/07/2026 - 15:25:25: [SM]   [2] Line 79, C:\Users\Moises\Downloads\Compressed\sourcemod-1.11.0-git6968-windows\addons\sourcemod\scripting\馻nkrunFixhealth.sp::Event_PlayerDeath
L 01/07/2026 - 15:25:26: [SM] Exception reported: Invalid convar handle 0 (error 4)
L 01/07/2026 - 15:25:26: [SM] Blaming: 馻nkrunFixhealth.smx
L 01/07/2026 - 15:25:26: [SM] Call stack trace:
L 01/07/2026 - 15:25:26: [SM]   [0] GetConVarString
L 01/07/2026 - 15:25:26: [SM]   [1] Line 138, C:\Users\Moises\Downloads\Compressed\sourcemod-1.11.0-git6968-windows\addons\sourcemod\scripting\馻nkrunFixhealth.sp::IsTankRunActive
L 01/07/2026 - 15:25:26: [SM]   [2] Line 79, C:\Users\Moises\Downloads\Compressed\sourcemod-1.11.0-git6968-windows\addons\sourcemod\scripting\馻nkrunFixhealth.sp::Event_PlayerDeath
L 01/07/2026 - 15:25:27: [SM] Exception reported: Invalid convar handle 0 (error 4)
L 01/07/2026 - 15:25:27: [SM] Blaming: 馻nkrunFixhealth.smx
L 01/07/2026 - 15:25:27: [SM] Call stack trace:
L 01/07/2026 - 15:25:27: [SM]   [0] GetConVarString
L 01/07/2026 - 15:25:27: [SM]   [1] Line 138, C:\Users\Moises\Downloads\Compressed\sourcemod-1.11.0-git6968-windows\addons\sourcemod\scripting\馻nkrunFixhealth.sp::IsTankRunActive
L 01/07/2026 - 15:25:27: [SM]   [2] Line 79, C:\Users\Moises\Downloads\Compressed\sourcemod-1.11.0-git6968-windows\addons\sourcemod\scripting\馻nkrunFixhealth.sp::Event_PlayerDeath
L 01/07/2026 - 15:25:27: [SM] Exception reported: Invalid convar handle 0 (error 4)
L 01/07/2026 - 15:25:27: [SM] Blaming: 馻nkrunFixhealth.smx
L 01/07/2026 - 15:25:27: [SM] Call stack trace:
L 01/07/2026 - 15:25:27: [SM]   [0] GetConVarString
L 01/07/2026 - 15:25:27: [SM]   [1] Line 138, C:\Users\Moises\Downloads\Compressed\sourcemod-1.11.0-git6968-windows\addons\sourcemod\scripting\馻nkrunFixhealth.sp::IsTankRunActive
L 01/07/2026 - 15:25:27: [SM]   [2] Line 79, C:\Users\Moises\Downloads\Compressed\sourcemod-1.11.0-git6968-windows\addons\sourcemod\scripting\馻nkrunFixhealth.sp::Event_PlayerDeath
L 01/07/2026 - 15:25:27: [SM] Exception reported: Invalid convar handle 0 (error 4)
L 01/07/2026 - 15:25:27: [SM] Blaming: 馻nkrunFixhealth.smx
L 01/07/2026 - 15:25:27: [SM] Call stack trace:
L 01/07/2026 - 15:25:27: [SM]   [0] GetConVarString
L 01/07/2026 - 15:25:27: [SM]   [1] Line 138, C:\Users\Moises\Downloads\Compressed\sourcemod-1.11.0-git6968-windows\addons\sourcemod\scripting\馻nkrunFixhealth.sp::IsTankRunActive
L 01/07/2026 - 15:25:27: [SM]   [2] Line 79, C:\Users\Moises\Downloads\Compressed\sourcemod-1.11.0-git6968-windows\addons\sourcemod\scripting\馻nkrunFixhealth.sp::Event_PlayerDeath
L 01/07/2026 - 15:25:30: [SM] Exception reported: Invalid convar handle 0 (error 4)
L 01/07/2026 - 15:25:30: [SM] Blaming: 馻nkrunFixhealth.smx
L 01/07/2026 - 15:25:30: [SM] Call stack trace:
L 01/07/2026 - 15:25:30: [SM]   [0] GetConVarString
L 01/07/2026 - 15:25:30: [SM]   [1] Line 138, C:\Users\Moises\Downloads\Compressed\sourcemod-1.11.0-git6968-windows\addons\sourcemod\scripting\馻nkrunFixhealth.sp::IsTankRunActive
L 01/07/2026 - 15:25:30: [SM]   [2] Line 36, C:\Users\Moises\Downloads\Compressed\sourcemod-1.11.0-git6968-windows\addons\sourcemod\scripting\馻nkrunFixhealth.sp::Timer_PeriodicCheck
L 01/07/2026 - 15:25:36: [SM] Exception reported: Invalid convar handle 0 (error 4)
L 01/07/2026 - 15:25:36: [SM] Blaming: 馻nkrunFixhealth.smx
L 01/07/2026 - 15:25:36: [SM] Call stack trace:
L 01/07/2026 - 15:25:36: [SM]   [0] GetConVarString
L 01/07/2026 - 15:25:36: [SM]   [1] Line 138, C:\Users\Moises\Downloads\Compressed\sourcemod-1.11.0-git6968-windows\addons\sourcemod\scripting\馻nkrunFixhealth.sp::IsTankRunActive
L 01/07/2026 - 15:25:36: [SM]   [2] Line 79, C:\Users\Moises\Downloads\Compressed\sourcemod-1.11.0-git6968-windows\addons\sourcemod\scripting\馻nkrunFixhealth.sp::Event_PlayerDeath
L 01/07/2026 - 15:25:36: [SM] Exception reported: Invalid convar handle 0 (error 4)
L 01/07/2026 - 15:25:36: [SM] Blaming: 馻nkrunFixhealth.smx
L 01/07/2026 - 15:25:36: [SM] Call stack trace:
L 01/07/2026 - 15:25:36: [SM]   [0] GetConVarString
L 01/07/2026 - 15:25:36: [SM]   [1] Line 138, C:\Users\Moises\Downloads\Compressed\sourcemod-1.11.0-git6968-windows\addons\sourcemod\scripting\馻nkrunFixhealth.sp::IsTankRunActive
L 01/07/2026 - 15:25:36: [SM]   [2] Line 79, C:\Users\Moises\Downloads\Compressed\sourcemod-1.11.0-git6968-windows\addons\sourcemod\scripting\馻nkrunFixhealth.sp::Event_PlayerDeath
L 01/07/2026 - 15:25:39: [SM] Exception reported: Invalid convar handle 0 (error 4)
L 01/07/2026 - 15:25:39: [SM] Blaming: 馻nkrunFixhealth.smx
L 01/07/2026 - 15:25:39: [SM] Call stack trace:
L 01/07/2026 - 15:25:39: [SM]   [0] GetConVarString
L 01/07/2026 - 15:25:39: [SM]   [1] Line 138, C:\Users\Moises\Downloads\Compressed\sourcemod-1.11.0-git6968-windows\addons\sourcemod\scripting\馻nkrunFixhealth.sp::IsTankRunActive
L 01/07/2026 - 15:25:39: [SM]   [2] Line 79, C:\Users\Moises\Downloads\Compressed\sourcemod-1.11.0-git6968-windows\addons\sourcemod\scripting\馻nkrunFixhealth.sp::Event_PlayerDeath
L 01/07/2026 - 15:25:40: [SM] Exception reported: Invalid convar handle 0 (error 4)
L 01/07/2026 - 15:25:40: [SM] Blaming: 馻nkrunFixhealth.smx
L 01/07/2026 - 15:25:40: [SM] Call stack trace:
L 01/07/2026 - 15:25:40: [SM]   [0] GetConVarString
L 01/07/2026 - 15:25:40: [SM]   [1] Line 138, C:\Users\Moises\Downloads\Compressed\sourcemod-1.11.0-git6968-windows\addons\sourcemod\scripting\馻nkrunFixhealth.sp::IsTankRunActive
L 01/07/2026 - 15:25:40: [SM]   [2] Line 36, C:\Users\Moises\Downloads\Compressed\sourcemod-1.11.0-git6968-windows\addons\sourcemod\scripting\馻nkrunFixhealth.sp::Timer_PeriodicCheck
L 01/07/2026 - 15:25:40: [SM] Exception reported: Invalid convar handle 0 (error 4)
L 01/07/2026 - 15:25:40: [SM] Blaming: 馻nkrunFixhealth.smx
L 01/07/2026 - 15:25:40: [SM] Call stack trace:
L 01/07/2026 - 15:25:40: [SM]   [0] GetConVarString
L 01/07/2026 - 15:25:40: [SM]   [1] Line 138, C:\Users\Moises\Downloads\Compressed\sourcemod-1.11.0-git6968-windows\addons\sourcemod\scripting\馻nkrunFixhealth.sp::IsTankRunActive
L 01/07/2026 - 15:25:40: [SM]   [2] Line 79, C:\Users\Moises\Downloads\Compressed\sourcemod-1.11.0-git6968-windows\addons\sourcemod\scripting\馻nkrunFixhealth.sp::Event_PlayerDeath
L 01/07/2026 - 15:25:40: [SM] Exception reported: Invalid convar handle 0 (error 4)
L 01/07/2026 - 15:25:40: [SM] Blaming: 馻nkrunFixhealth.smx
L 01/07/2026 - 15:25:40: [SM] Call stack trace:
L 01/07/2026 - 15:25:40: [SM]   [0] GetConVarString
L 01/07/2026 - 15:25:40: [SM]   [1] Line 138, C:\Users\Moises\Downloads\Compressed\sourcemod-1.11.0-git6968-windows\addons\sourcemod\scripting\馻nkrunFixhealth.sp::IsTankRunActive
L 01/07/2026 - 15:25:40: [SM]   [2] Line 79, C:\Users\Moises\Downloads\Compressed\sourcemod-1.11.0-git6968-windows\addons\sourcemod\scripting\馻nkrunFixhealth.sp::Event_PlayerDeath
L 01/07/2026 - 15:25:41: [SM] Exception reported: Invalid convar handle 0 (error 4)
L 01/07/2026 - 15:25:41: [SM] Blaming: 馻nkrunFixhealth.smx
L 01/07/2026 - 15:25:41: [SM] Call stack trace:
L 01/07/2026 - 15:25:41: [SM]   [0] GetConVarString
L 01/07/2026 - 15:25:41: [SM]   [1] Line 138, C:\Users\Moises\Downloads\Compressed\sourcemod-1.11.0-git6968-windows\addons\sourcemod\scripting\馻nkrunFixhealth.sp::IsTankRunActive
L 01/07/2026 - 15:25:41: [SM]   [2] Line 79, C:\Users\Moises\Downloads\Compressed\sourcemod-1.11.0-git6968-windows\addons\sourcemod\scripting\馻nkrunFixhealth.sp::Event_PlayerDeath
L 01/07/2026 - 15:25:41: [SM] Exception reported: Invalid convar handle 0 (error 4)
L 01/07/2026 - 15:25:41: [SM] Blaming: 馻nkrunFixhealth.smx
L 01/07/2026 - 15:25:41: [SM] Call stack trace:
L 01/07/2026 - 15:25:41: [SM]   [0] GetConVarString
L 01/07/2026 - 15:25:41: [SM]   [1] Line 138, C:\Users\Moises\Downloads\Compressed\sourcemod-1.11.0-git6968-windows\addons\sourcemod\scripting\馻nkrunFixhealth.sp::IsTankRunActive
L 01/07/2026 - 15:25:41: [SM]   [2] Line 79, C:\Users\Moises\Downloads\Compressed\sourcemod-1.11.0-git6968-windows\addons\sourcemod\scripting\馻nkrunFixhealth.sp::Event_PlayerDeath
L 01/07/2026 - 15:25:42: [SM] Exception reported: Invalid convar handle 0 (error 4)
L 01/07/2026 - 15:25:42: [SM] Blaming: 馻nkrunFixhealth.smx
L 01/07/2026 - 15:25:42: [SM] Call stack trace:
L 01/07/2026 - 15:25:42: [SM]   [0] GetConVarString
L 01/07/2026 - 15:25:42: [SM]   [1] Line 138, C:\Users\Moises\Downloads\Compressed\sourcemod-1.11.0-git6968-windows\addons\sourcemod\scripting\馻nkrunFixhealth.sp::IsTankRunActive
L 01/07/2026 - 15:25:42: [SM]   [2] Line 79, C:\Users\Moises\Downloads\Compressed\sourcemod-1.11.0-git6968-windows\addons\sourcemod\scripting\馻nkrunFixhealth.sp::Event_PlayerDeath
L 01/07/2026 - 15:25:42: [SM] Exception reported: Invalid convar handle 0 (error 4)
L 01/07/2026 - 15:25:42: [SM] Blaming: 馻nkrunFixhealth.smx
L 01/07/2026 - 15:25:42: [SM] Call stack trace:
L 01/07/2026 - 15:25:42: [SM]   [0] GetConVarString
L 01/07/2026 - 15:25:42: [SM]   [1] Line 138, C:\Users\Moises\Downloads\Compressed\sourcemod-1.11.0-git6968-windows\addons\sourcemod\scripting\馻nkrunFixhealth.sp::IsTankRunActive
L 01/07/2026 - 15:25:42: [SM]   [2] Line 79, C:\Users\Moises\Downloads\Compressed\sourcemod-1.11.0-git6968-windows\addons\sourcemod\scripting\馻nkrunFixhealth.sp::Event_PlayerDeath
L 01/07/2026 - 15:25:44: [SM] Exception reported: Invalid convar handle 0 (error 4)
L 01/07/2026 - 15:25:44: [SM] Blaming: 馻nkrunFixhealth.smx
L 01/07/2026 - 15:25:44: [SM] Call stack trace:
L 01/07/2026 - 15:25:44: [SM]   [0] GetConVarString
L 01/07/2026 - 15:25:44: [SM]   [1] Line 138, C:\Users\Moises\Downloads\Compressed\sourcemod-1.11.0-git6968-windows\addons\sourcemod\scripting\馻nkrunFixhealth.sp::IsTankRunActive
L 01/07/2026 - 15:25:44: [SM]   [2] Line 79, C:\Users\Moises\Downloads\Compressed\sourcemod-1.11.0-git6968-windows\addons\sourcemod\scripting\馻nkrunFixhealth.sp::Event_PlayerDeath
L 01/07/2026 - 15:25:45: [SM] Exception reported: Invalid convar handle 0 (error 4)
L 01/07/2026 - 15:25:45: [SM] Blaming: 馻nkrunFixhealth.smx
L 01/07/2026 - 15:25:45: [SM] Call stack trace:
L 01/07/2026 - 15:25:45: [SM]   [0] GetConVarString
L 01/07/2026 - 15:25:45: [SM]   [1] Line 138, C:\Users\Moises\Downloads\Compressed\sourcemod-1.11.0-git6968-windows\addons\sourcemod\scripting\馻nkrunFixhealth.sp::IsTankRunActive
L 01/07/2026 - 15:25:45: [SM]   [2] Line 79, C:\Users\Moises\Downloads\Compressed\sourcemod-1.11.0-git6968-windows\addons\sourcemod\scripting\馻nkrunFixhealth.sp::Event_PlayerDeath
L 01/07/2026 - 15:25:46: [SM] Exception reported: Invalid convar handle 0 (error 4)
L 01/07/2026 - 15:25:46: [SM] Blaming: 馻nkrunFixhealth.smx
L 01/07/2026 - 15:25:46: [SM] Call stack trace:
L 01/07/2026 - 15:25:46: [SM]   [0] GetConVarString
L 01/07/2026 - 15:25:46: [SM]   [1] Line 138, C:\Users\Moises\Downloads\Compressed\sourcemod-1.11.0-git6968-windows\addons\sourcemod\scripting\馻nkrunFixhealth.sp::IsTankRunActive
L 01/07/2026 - 15:25:46: [SM]   [2] Line 79, C:\Users\Moises\Downloads\Compressed\sourcemod-1.11.0-git6968-windows\addons\sourcemod\scripting\馻nkrunFixhealth.sp::Event_PlayerDeath
L 01/07/2026 - 15:25:47: [SM] Exception reported: Invalid convar handle 0 (error 4)
L 01/07/2026 - 15:25:47: [SM] Blaming: 馻nkrunFixhealth.smx
L 01/07/2026 - 15:25:47: [SM] Call stack trace:
L 01/07/2026 - 15:25:47: [SM]   [0] GetConVarString
L 01/07/2026 - 15:25:47: [SM]   [1] Line 138, C:\Users\Moises\Downloads\Compressed\sourcemod-1.11.0-git6968-windows\addons\sourcemod\scripting\馻nkrunFixhealth.sp::IsTankRunActive
L 01/07/2026 - 15:25:47: [SM]   [2] Line 79, C:\Users\Moises\Downloads\Compressed\sourcemod-1.11.0-git6968-windows\addons\sourcemod\scripting\馻nkrunFixhealth.sp::Event_PlayerDeath
L 01/07/2026 - 15:25:48: [SM] Exception reported: Invalid convar handle 0 (error 4)
L 01/07/2026 - 15:25:48: [SM] Blaming: 馻nkrunFixhealth.smx
L 01/07/2026 - 15:25:48: [SM] Call stack trace:
L 01/07/2026 - 15:25:48: [SM]   [0] GetConVarString
L 01/07/2026 - 15:25:48: [SM]   [1] Line 138, C:\Users\Moises\Downloads\Compressed\sourcemod-1.11.0-git6968-windows\addons\sourcemod\scripting\馻nkrunFixhealth.sp::IsTankRunActive
L 01/07/2026 - 15:25:48: [SM]   [2] Line 79, C:\Users\Moises\Downloads\Compressed\sourcemod-1.11.0-git6968-windows\addons\sourcemod\scripting\馻nkrunFixhealth.sp::Event_PlayerDeath
L 01/07/2026 - 15:25:50: [SM] Exception reported: Invalid convar handle 0 (error 4)
L 01/07/2026 - 15:25:50: [SM] Blaming: 馻nkrunFixhealth.smx
L 01/07/2026 - 15:25:50: [SM] Call stack trace:
L 01/07/2026 - 15:25:50: [SM]   [0] GetConVarString
L 01/07/2026 - 15:25:50: [SM]   [1] Line 138, C:\Users\Moises\Downloads\Compressed\sourcemod-1.11.0-git6968-windows\addons\sourcemod\scripting\馻nkrunFixhealth.sp::IsTankRunActive
L 01/07/2026 - 15:25:50: [SM]   [2] Line 36, C:\Users\Moises\Downloads\Compressed\sourcemod-1.11.0-git6968-windows\addons\sourcemod\scripting\馻nkrunFixhealth.sp::Timer_PeriodicCheck
L 01/07/2026 - 15:25:52: [SM] Exception reported: Invalid convar handle 0 (error 4)
L 01/07/2026 - 15:25:52: [SM] Blaming: 馻nkrunFixhealth.smx
L 01/07/2026 - 15:25:52: [SM] Call stack trace:
L 01/07/2026 - 15:25:52: [SM]   [0] GetConVarString
L 01/07/2026 - 15:25:52: [SM]   [1] Line 138, C:\Users\Moises\Downloads\Compressed\sourcemod-1.11.0-git6968-windows\addons\sourcemod\scripting\馻nkrunFixhealth.sp::IsTankRunActive
L 01/07/2026 - 15:25:52: [SM]   [2] Line 79, C:\Users\Moises\Downloads\Compressed\sourcemod-1.11.0-git6968-windows\addons\sourcemod\scripting\馻nkrunFixhealth.sp::Event_PlayerDeath
L 01/07/2026 - 15:25:53: [SM] Exception reported: Invalid timer handle b7b0040b (error 3)
L 01/07/2026 - 15:25:53: [SM] Blaming: l4d2_playerjoining_v2.smx
L 01/07/2026 - 15:25:53: [SM] Call stack trace:
L 01/07/2026 - 15:25:53: [SM]   [0] KillTimer
L 01/07/2026 - 15:25:53: [SM]   [1] Line 53, C:\Users\Moises\Downloads\Compressed\sourcemod-1.11.0-git6968-windows\addons\sourcemod\scripting\l4d2_playerjoining_v2.sp::OnClientDisconnect
L 01/07/2026 - 15:25:53: [SM] Exception reported: Invalid convar handle 0 (error 4)
L 01/07/2026 - 15:25:53: [SM] Blaming: 馻nkrunFixhealth.smx
L 01/07/2026 - 15:25:53: [SM] Call stack trace:
L 01/07/2026 - 15:25:53: [SM]   [0] GetConVarString
L 01/07/2026 - 15:25:53: [SM]   [1] Line 138, C:\Users\Moises\Downloads\Compressed\sourcemod-1.11.0-git6968-windows\addons\sourcemod\scripting\馻nkrunFixhealth.sp::IsTankRunActive
L 01/07/2026 - 15:25:53: [SM]   [2] Line 79, C:\Users\Moises\Downloads\Compressed\sourcemod-1.11.0-git6968-windows\addons\sourcemod\scripting\馻nkrunFixhealth.sp::Event_PlayerDeath
L 01/07/2026 - 15:25:56: [SM] Exception reported: Invalid convar handle 0 (error 4)
L 01/07/2026 - 15:25:56: [SM] Blaming: 馻nkrunFixhealth.smx
L 01/07/2026 - 15:25:56: [SM] Call stack trace:
L 01/07/2026 - 15:25:56: [SM]   [0] GetConVarString
L 01/07/2026 - 15:25:56: [SM]   [1] Line 138, C:\Users\Moises\Downloads\Compressed\sourcemod-1.11.0-git6968-windows\addons\sourcemod\scripting\馻nkrunFixhealth.sp::IsTankRunActive
L 01/07/2026 - 15:25:56: [SM]   [2] Line 79, C:\Users\Moises\Downloads\Compressed\sourcemod-1.11.0-git6968-windows\addons\sourcemod\scripting\馻nkrunFixhealth.sp::Event_PlayerDeath
L 01/07/2026 - 15:25:57: [SM] Exception reported: Invalid convar handle 0 (error 4)
L 01/07/2026 - 15:25:57: [SM] Blaming: 馻nkrunFixhealth.smx
L 01/07/2026 - 15:25:57: [SM] Call stack trace:
L 01/07/2026 - 15:25:57: [SM]   [0] GetConVarString
L 01/07/2026 - 15:25:57: [SM]   [1] Line 138, C:\Users\Moises\Downloads\Compressed\sourcemod-1.11.0-git6968-windows\addons\sourcemod\scripting\馻nkrunFixhealth.sp::IsTankRunActive
L 01/07/2026 - 15:25:57: [SM]   [2] Line 79, C:\Users\Moises\Downloads\Compressed\sourcemod-1.11.0-git6968-windows\addons\sourcemod\scripting\馻nkrunFixhealth.sp::Event_PlayerDeath
L 01/07/2026 - 15:25:57: [SM] Exception reported: Invalid convar handle 0 (error 4)
L 01/07/2026 - 15:25:57: [SM] Blaming: 馻nkrunFixhealth.smx
L 01/07/2026 - 15:25:57: [SM] Call stack trace:
L 01/07/2026 - 15:25:57: [SM]   [0] GetConVarString
L 01/07/2026 - 15:25:57: [SM]   [1] Line 138, C:\Users\Moises\Downloads\Compressed\sourcemod-1.11.0-git6968-windows\addons\sourcemod\scripting\馻nkrunFixhealth.sp::IsTankRunActive
L 01/07/2026 - 15:25:57: [SM]   [2] Line 79, C:\Users\Moises\Downloads\Compressed\sourcemod-1.11.0-git6968-windows\addons\sourcemod\scripting\馻nkrunFixhealth.sp::Event_PlayerDeath
L 01/07/2026 - 15:25:59: [SM] Exception reported: Invalid convar handle 0 (error 4)
L 01/07/2026 - 15:25:59: [SM] Blaming: 馻nkrunFixhealth.smx
L 01/07/2026 - 15:25:59: [SM] Call stack trace:
L 01/07/2026 - 15:25:59: [SM]   [0] GetConVarString
L 01/07/2026 - 15:25:59: [SM]   [1] Line 138, C:\Users\Moises\Downloads\Compressed\sourcemod-1.11.0-git6968-windows\addons\sourcemod\scripting\馻nkrunFixhealth.sp::IsTankRunActive
L 01/07/2026 - 15:25:59: [SM]   [2] Line 79, C:\Users\Moises\Downloads\Compressed\sourcemod-1.11.0-git6968-windows\addons\sourcemod\scripting\馻nkrunFixhealth.sp::Event_PlayerDeath
L 01/07/2026 - 15:26:00: [SM] Exception reported: Invalid convar handle 0 (error 4)
L 01/07/2026 - 15:26:00: [SM] Blaming: 馻nkrunFixhealth.smx
L 01/07/2026 - 15:26:00: [SM] Call stack trace:
L 01/07/2026 - 15:26:00: [SM]   [0] GetConVarString
L 01/07/2026 - 15:26:00: [SM]   [1] Line 138, C:\Users\Moises\Downloads\Compressed\sourcemod-1.11.0-git6968-windows\addons\sourcemod\scripting\馻nkrunFixhealth.sp::IsTankRunActive
L 01/07/2026 - 15:26:00: [SM]   [2] Line 36, C:\Users\Moises\Downloads\Compressed\sourcemod-1.11.0-git6968-windows\addons\sourcemod\scripting\馻nkrunFixhealth.sp::Timer_PeriodicCheck
L 01/07/2026 - 15:26:00: [SM] Exception reported: Invalid convar handle 0 (error 4)
L 01/07/2026 - 15:26:00: [SM] Blaming: 馻nkrunFixhealth.smx
L 01/07/2026 - 15:26:00: [SM] Call stack trace:
L 01/07/2026 - 15:26:00: [SM]   [0] GetConVarString
L 01/07/2026 - 15:26:00: [SM]   [1] Line 138, C:\Users\Moises\Downloads\Compressed\sourcemod-1.11.0-git6968-windows\addons\sourcemod\scripting\馻nkrunFixhealth.sp::IsTankRunActive
L 01/07/2026 - 15:26:00: [SM]   [2] Line 79, C:\Users\Moises\Downloads\Compressed\sourcemod-1.11.0-git6968-windows\addons\sourcemod\scripting\馻nkrunFixhealth.sp::Event_PlayerDeath
L 01/07/2026 - 15:26:05: [SM] Exception reported: Invalid convar handle 0 (error 4)
L 01/07/2026 - 15:26:05: [SM] Blaming: 馻nkrunFixhealth.smx
L 01/07/2026 - 15:26:05: [SM] Call stack trace:
L 01/07/2026 - 15:26:05: [SM]   [0] GetConVarString
L 01/07/2026 - 15:26:05: [SM]   [1] Line 138, C:\Users\Moises\Downloads\Compressed\sourcemod-1.11.0-git6968-windows\addons\sourcemod\scripting\馻nkrunFixhealth.sp::IsTankRunActive
L 01/07/2026 - 15:26:05: [SM]   [2] Line 79, C:\Users\Moises\Downloads\Compressed\sourcemod-1.11.0-git6968-windows\addons\sourcemod\scripting\馻nkrunFixhealth.sp::Event_PlayerDeath
L 01/07/2026 - 15:26:10: [SM] Exception reported: Invalid convar handle 0 (error 4)
L 01/07/2026 - 15:26:10: [SM] Blaming: 馻nkrunFixhealth.smx
L 01/07/2026 - 15:26:10: [SM] Call stack trace:
L 01/07/2026 - 15:26:10: [SM]   [0] GetConVarString
L 01/07/2026 - 15:26:10: [SM]   [1] Line 138, C:\Users\Moises\Downloads\Compressed\sourcemod-1.11.0-git6968-windows\addons\sourcemod\scripting\馻nkrunFixhealth.sp::IsTankRunActive
L 01/07/2026 - 15:26:10: [SM]   [2] Line 36, C:\Users\Moises\Downloads\Compressed\sourcemod-1.11.0-git6968-windows\addons\sourcemod\scripting\馻nkrunFixhealth.sp::Timer_PeriodicCheck
L 01/07/2026 - 15:26:12: [SM] Exception reported: Invalid convar handle 0 (error 4)
L 01/07/2026 - 15:26:12: [SM] Blaming: 馻nkrunFixhealth.smx
L 01/07/2026 - 15:26:12: [SM] Call stack trace:
L 01/07/2026 - 15:26:12: [SM]   [0] GetConVarString
L 01/07/2026 - 15:26:12: [SM]   [1] Line 138, C:\Users\Moises\Downloads\Compressed\sourcemod-1.11.0-git6968-windows\addons\sourcemod\scripting\馻nkrunFixhealth.sp::IsTankRunActive
L 01/07/2026 - 15:26:12: [SM]   [2] Line 79, C:\Users\Moises\Downloads\Compressed\sourcemod-1.11.0-git6968-windows\addons\sourcemod\scripting\馻nkrunFixhealth.sp::Event_PlayerDeath
L 01/07/2026 - 15:26:14: [SM] Exception reported: Invalid convar handle 0 (error 4)
L 01/07/2026 - 15:26:14: [SM] Blaming: 馻nkrunFixhealth.smx
L 01/07/2026 - 15:26:14: [SM] Call stack trace:
L 01/07/2026 - 15:26:14: [SM]   [0] GetConVarString
L 01/07/2026 - 15:26:14: [SM]   [1] Line 138, C:\Users\Moises\Downloads\Compressed\sourcemod-1.11.0-git6968-windows\addons\sourcemod\scripting\馻nkrunFixhealth.sp::IsTankRunActive
L 01/07/2026 - 15:26:14: [SM]   [2] Line 79, C:\Users\Moises\Downloads\Compressed\sourcemod-1.11.0-git6968-windows\addons\sourcemod\scripting\馻nkrunFixhealth.sp::Event_PlayerDeath
L 01/07/2026 - 15:26:17: [SM] Exception reported: Invalid convar handle 0 (error 4)
L 01/07/2026 - 15:26:17: [SM] Blaming: 馻nkrunFixhealth.smx
L 01/07/2026 - 15:26:17: [SM] Call stack trace:
L 01/07/2026 - 15:26:17: [SM]   [0] GetConVarString
L 01/07/2026 - 15:26:17: [SM]   [1] Line 138, C:\Users\Moises\Downloads\Compressed\sourcemod-1.11.0-git6968-windows\addons\sourcemod\scripting\馻nkrunFixhealth.sp::IsTankRunActive
L 01/07/2026 - 15:26:17: [SM]   [2] Line 79, C:\Users\Moises\Downloads\Compressed\sourcemod-1.11.0-git6968-windows\addons\sourcemod\scripting\馻nkrunFixhealth.sp::Event_PlayerDeath
L 01/07/2026 - 15:26:19: [SM] Exception reported: Invalid convar handle 0 (error 4)
L 01/07/2026 - 15:26:19: [SM] Blaming: 馻nkrunFixhealth.smx
L 01/07/2026 - 15:26:19: [SM] Call stack trace:
L 01/07/2026 - 15:26:19: [SM]   [0] GetConVarString
L 01/07/2026 - 15:26:19: [SM]   [1] Line 138, C:\Users\Moises\Downloads\Compressed\sourcemod-1.11.0-git6968-windows\addons\sourcemod\scripting\馻nkrunFixhealth.sp::IsTankRunActive
L 01/07/2026 - 15:26:19: [SM]   [2] Line 79, C:\Users\Moises\Downloads\Compressed\sourcemod-1.11.0-git6968-windows\addons\sourcemod\scripting\馻nkrunFixhealth.sp::Event_PlayerDeath
L 01/07/2026 - 15:26:20: [SM] Exception reported: Invalid convar handle 0 (error 4)
L 01/07/2026 - 15:26:20: [SM] Blaming: 馻nkrunFixhealth.smx
L 01/07/2026 - 15:26:20: [SM] Call stack trace:
L 01/07/2026 - 15:26:20: [SM]   [0] GetConVarString
L 01/07/2026 - 15:26:20: [SM]   [1] Line 138, C:\Users\Moises\Downloads\Compressed\sourcemod-1.11.0-git6968-windows\addons\sourcemod\scripting\馻nkrunFixhealth.sp::IsTankRunActive
L 01/07/2026 - 15:26:20: [SM]   [2] Line 36, C:\Users\Moises\Downloads\Compressed\sourcemod-1.11.0-git6968-windows\addons\sourcemod\scripting\馻nkrunFixhealth.sp::Timer_PeriodicCheck
L 01/07/2026 - 15:26:23: [SM] Exception reported: Invalid convar handle 0 (error 4)
L 01/07/2026 - 15:26:23: [SM] Blaming: 馻nkrunFixhealth.smx
L 01/07/2026 - 15:26:23: [SM] Call stack trace:
L 01/07/2026 - 15:26:23: [SM]   [0] GetConVarString
L 01/07/2026 - 15:26:23: [SM]   [1] Line 138, C:\Users\Moises\Downloads\Compressed\sourcemod-1.11.0-git6968-windows\addons\sourcemod\scripting\馻nkrunFixhealth.sp::IsTankRunActive
L 01/07/2026 - 15:26:23: [SM]   [2] Line 79, C:\Users\Moises\Downloads\Compressed\sourcemod-1.11.0-git6968-windows\addons\sourcemod\scripting\馻nkrunFixhealth.sp::Event_PlayerDeath
L 01/07/2026 - 15:26:25: [SM] Exception reported: Invalid convar handle 0 (error 4)
L 01/07/2026 - 15:26:25: [SM] Blaming: 馻nkrunFixhealth.smx
L 01/07/2026 - 15:26:25: [SM] Call stack trace:
L 01/07/2026 - 15:26:25: [SM]   [0] GetConVarString
L 01/07/2026 - 15:26:25: [SM]   [1] Line 138, C:\Users\Moises\Downloads\Compressed\sourcemod-1.11.0-git6968-windows\addons\sourcemod\scripting\馻nkrunFixhealth.sp::IsTankRunActive
L 01/07/2026 - 15:26:25: [SM]   [2] Line 79, C:\Users\Moises\Downloads\Compressed\sourcemod-1.11.0-git6968-windows\addons\sourcemod\scripting\馻nkrunFixhealth.sp::Event_PlayerDeath
L 01/07/2026 - 15:26:25: [SM] Exception reported: Invalid convar handle 0 (error 4)
L 01/07/2026 - 15:26:25: [SM] Blaming: 馻nkrunFixhealth.smx
L 01/07/2026 - 15:26:25: [SM] Call stack trace:
L 01/07/2026 - 15:26:25: [SM]   [0] GetConVarString
L 01/07/2026 - 15:26:25: [SM]   [1] Line 138, C:\Users\Moises\Downloads\Compressed\sourcemod-1.11.0-git6968-windows\addons\sourcemod\scripting\馻nkrunFixhealth.sp::IsTankRunActive
L 01/07/2026 - 15:26:25: [SM]   [2] Line 79, C:\Users\Moises\Downloads\Compressed\sourcemod-1.11.0-git6968-windows\addons\sourcemod\scripting\馻nkrunFixhealth.sp::Event_PlayerDeath
L 01/07/2026 - 15:26:26: [SM] Exception reported: Invalid convar handle 0 (error 4)
L 01/07/2026 - 15:26:26: [SM] Blaming: 馻nkrunFixhealth.smx
L 01/07/2026 - 15:26:26: [SM] Call stack trace:
L 01/07/2026 - 15:26:26: [SM]   [0] GetConVarString
L 01/07/2026 - 15:26:26: [SM]   [1] Line 138, C:\Users\Moises\Downloads\Compressed\sourcemod-1.11.0-git6968-windows\addons\sourcemod\scripting\馻nkrunFixhealth.sp::IsTankRunActive
L 01/07/2026 - 15:26:26: [SM]   [2] Line 79, C:\Users\Moises\Downloads\Compressed\sourcemod-1.11.0-git6968-windows\addons\sourcemod\scripting\馻nkrunFixhealth.sp::Event_PlayerDeath
L 01/07/2026 - 15:26:27: [SM] Exception reported: Invalid convar handle 0 (error 4)
L 01/07/2026 - 15:26:27: [SM] Blaming: 馻nkrunFixhealth.smx
L 01/07/2026 - 15:26:27: [SM] Call stack trace:
L 01/07/2026 - 15:26:27: [SM]   [0] GetConVarString
L 01/07/2026 - 15:26:27: [SM]   [1] Line 138, C:\Users\Moises\Downloads\Compressed\sourcemod-1.11.0-git6968-windows\addons\sourcemod\scripting\馻nkrunFixhealth.sp::IsTankRunActive
L 01/07/2026 - 15:26:27: [SM]   [2] Line 79, C:\Users\Moises\Downloads\Compressed\sourcemod-1.11.0-git6968-windows\addons\sourcemod\scripting\馻nkrunFixhealth.sp::Event_PlayerDeath
L 01/07/2026 - 15:26:27: [SM] Exception reported: Invalid convar handle 0 (error 4)
L 01/07/2026 - 15:26:27: [SM] Blaming: 馻nkrunFixhealth.smx
L 01/07/2026 - 15:26:27: [SM] Call stack trace:
L 01/07/2026 - 15:26:27: [SM]   [0] GetConVarString
L 01/07/2026 - 15:26:27: [SM]   [1] Line 138, C:\Users\Moises\Downloads\Compressed\sourcemod-1.11.0-git6968-windows\addons\sourcemod\scripting\馻nkrunFixhealth.sp::IsTankRunActive
L 01/07/2026 - 15:26:27: [SM]   [2] Line 79, C:\Users\Moises\Downloads\Compressed\sourcemod-1.11.0-git6968-windows\addons\sourcemod\scripting\馻nkrunFixhealth.sp::Event_PlayerDeath
L 01/07/2026 - 15:26:27: [SM] Exception reported: Invalid convar handle 0 (error 4)
L 01/07/2026 - 15:26:27: [SM] Blaming: 馻nkrunFixhealth.smx
L 01/07/2026 - 15:26:27: [SM] Call stack trace:
L 01/07/2026 - 15:26:27: [SM]   [0] GetConVarString
L 01/07/2026 - 15:26:27: [SM]   [1] Line 138, C:\Users\Moises\Downloads\Compressed\sourcemod-1.11.0-git6968-windows\addons\sourcemod\scripting\馻nkrunFixhealth.sp::IsTankRunActive
L 01/07/2026 - 15:26:27: [SM]   [2] Line 79, C:\Users\Moises\Downloads\Compressed\sourcemod-1.11.0-git6968-windows\addons\sourcemod\scripting\馻nkrunFixhealth.sp::Event_PlayerDeath
L 01/07/2026 - 15:26:28: [SM] Exception reported: Invalid convar handle 0 (error 4)
L 01/07/2026 - 15:26:28: [SM] Blaming: 馻nkrunFixhealth.smx
L 01/07/2026 - 15:26:28: [SM] Call stack trace:
L 01/07/2026 - 15:26:28: [SM]   [0] GetConVarString
L 01/07/2026 - 15:26:28: [SM]   [1] Line 138, C:\Users\Moises\Downloads\Compressed\sourcemod-1.11.0-git6968-windows\addons\sourcemod\scripting\馻nkrunFixhealth.sp::IsTankRunActive
L 01/07/2026 - 15:26:28: [SM]   [2] Line 79, C:\Users\Moises\Downloads\Compressed\sourcemod-1.11.0-git6968-windows\addons\sourcemod\scripting\馻nkrunFixhealth.sp::Event_PlayerDeath
L 01/07/2026 - 15:26:30: [SM] Exception reported: Invalid convar handle 0 (error 4)
L 01/07/2026 - 15:26:30: [SM] Blaming: 馻nkrunFixhealth.smx
L 01/07/2026 - 15:26:30: [SM] Call stack trace:
L 01/07/2026 - 15:26:30: [SM]   [0] GetConVarString
L 01/07/2026 - 15:26:30: [SM]   [1] Line 138, C:\Users\Moises\Downloads\Compressed\sourcemod-1.11.0-git6968-windows\addons\sourcemod\scripting\馻nkrunFixhealth.sp::IsTankRunActive
L 01/07/2026 - 15:26:30: [SM]   [2] Line 36, C:\Users\Moises\Downloads\Compressed\sourcemod-1.11.0-git6968-windows\addons\sourcemod\scripting\馻nkrunFixhealth.sp::Timer_PeriodicCheck
L 01/07/2026 - 15:26:34: [SM] Exception reported: Invalid convar handle 0 (error 4)
L 01/07/2026 - 15:26:34: [SM] Blaming: 馻nkrunFixhealth.smx
L 01/07/2026 - 15:26:34: [SM] Call stack trace:
L 01/07/2026 - 15:26:34: [SM]   [0] GetConVarString
L 01/07/2026 - 15:26:34: [SM]   [1] Line 138, C:\Users\Moises\Downloads\Compressed\sourcemod-1.11.0-git6968-windows\addons\sourcemod\scripting\馻nkrunFixhealth.sp::IsTankRunActive
L 01/07/2026 - 15:26:34: [SM]   [2] Line 79, C:\Users\Moises\Downloads\Compressed\sourcemod-1.11.0-git6968-windows\addons\sourcemod\scripting\馻nkrunFixhealth.sp::Event_PlayerDeath
L 01/07/2026 - 15:26:35: [SM] Exception reported: Invalid convar handle 0 (error 4)
L 01/07/2026 - 15:26:35: [SM] Blaming: 馻nkrunFixhealth.smx
L 01/07/2026 - 15:26:35: [SM] Call stack trace:
L 01/07/2026 - 15:26:35: [SM]   [0] GetConVarString
L 01/07/2026 - 15:26:35: [SM]   [1] Line 138, C:\Users\Moises\Downloads\Compressed\sourcemod-1.11.0-git6968-windows\addons\sourcemod\scripting\馻nkrunFixhealth.sp::IsTankRunActive
L 01/07/2026 - 15:26:35: [SM]   [2] Line 79, C:\Users\Moises\Downloads\Compressed\sourcemod-1.11.0-git6968-windows\addons\sourcemod\scripting\馻nkrunFixhealth.sp::Event_PlayerDeath
L 01/07/2026 - 15:26:36: [SM] Exception reported: Invalid convar handle 0 (error 4)
L 01/07/2026 - 15:26:36: [SM] Blaming: 馻nkrunFixhealth.smx
L 01/07/2026 - 15:26:36: [SM] Call stack trace:
L 01/07/2026 - 15:26:36: [SM]   [0] GetConVarString
L 01/07/2026 - 15:26:36: [SM]   [1] Line 138, C:\Users\Moises\Downloads\Compressed\sourcemod-1.11.0-git6968-windows\addons\sourcemod\scripting\馻nkrunFixhealth.sp::IsTankRunActive
L 01/07/2026 - 15:26:36: [SM]   [2] Line 79, C:\Users\Moises\Downloads\Compressed\sourcemod-1.11.0-git6968-windows\addons\sourcemod\scripting\馻nkrunFixhealth.sp::Event_PlayerDeath
L 01/07/2026 - 15:26:36: [SM] Exception reported: Invalid convar handle 0 (error 4)
L 01/07/2026 - 15:26:36: [SM] Blaming: 馻nkrunFixhealth.smx
L 01/07/2026 - 15:26:36: [SM] Call stack trace:
L 01/07/2026 - 15:26:36: [SM]   [0] GetConVarString
L 01/07/2026 - 15:26:36: [SM]   [1] Line 138, C:\Users\Moises\Downloads\Compressed\sourcemod-1.11.0-git6968-windows\addons\sourcemod\scripting\馻nkrunFixhealth.sp::IsTankRunActive
L 01/07/2026 - 15:26:36: [SM]   [2] Line 79, C:\Users\Moises\Downloads\Compressed\sourcemod-1.11.0-git6968-windows\addons\sourcemod\scripting\馻nkrunFixhealth.sp::Event_PlayerDeath
L 01/07/2026 - 15:26:36: [SM] Exception reported: Invalid convar handle 0 (error 4)
L 01/07/2026 - 15:26:36: [SM] Blaming: 馻nkrunFixhealth.smx
L 01/07/2026 - 15:26:36: [SM] Call stack trace:
L 01/07/2026 - 15:26:36: [SM]   [0] GetConVarString
L 01/07/2026 - 15:26:36: [SM]   [1] Line 138, C:\Users\Moises\Downloads\Compressed\sourcemod-1.11.0-git6968-windows\addons\sourcemod\scripting\馻nkrunFixhealth.sp::IsTankRunActive
L 01/07/2026 - 15:26:36: [SM]   [2] Line 79, C:\Users\Moises\Downloads\Compressed\sourcemod-1.11.0-git6968-windows\addons\sourcemod\scripting\馻nkrunFixhealth.sp::Event_PlayerDeath
L 01/07/2026 - 15:26:38: [SM] Exception reported: Language phrase "ChargerSteering_Both" not found (arg 5)
L 01/07/2026 - 15:26:38: [SM] Blaming: l4d2_charger_steering.smx
L 01/07/2026 - 15:26:38: [SM] Call stack trace:
L 01/07/2026 - 15:26:38: [SM]   [0] PrintHintText
L 01/07/2026 - 15:26:38: [SM]   [1] Line 357, /home/forums/content/files/8/5/7/7/8/104080.attach::Event_ChargeStart
L 01/07/2026 - 15:26:40: [SM] Exception reported: Invalid convar handle 0 (error 4)
L 01/07/2026 - 15:26:40: [SM] Blaming: 馻nkrunFixhealth.smx
L 01/07/2026 - 15:26:40: [SM] Call stack trace:
L 01/07/2026 - 15:26:40: [SM]   [0] GetConVarString
L 01/07/2026 - 15:26:40: [SM]   [1] Line 138, C:\Users\Moises\Downloads\Compressed\sourcemod-1.11.0-git6968-windows\addons\sourcemod\scripting\馻nkrunFixhealth.sp::IsTankRunActive
L 01/07/2026 - 15:26:40: [SM]   [2] Line 36, C:\Users\Moises\Downloads\Compressed\sourcemod-1.11.0-git6968-windows\addons\sourcemod\scripting\馻nkrunFixhealth.sp::Timer_PeriodicCheck
L 01/07/2026 - 15:26:41: [SM] Exception reported: Invalid convar handle 0 (error 4)
L 01/07/2026 - 15:26:41: [SM] Blaming: 馻nkrunFixhealth.smx
L 01/07/2026 - 15:26:41: [SM] Call stack trace:
L 01/07/2026 - 15:26:41: [SM]   [0] GetConVarString
L 01/07/2026 - 15:26:41: [SM]   [1] Line 138, C:\Users\Moises\Downloads\Compressed\sourcemod-1.11.0-git6968-windows\addons\sourcemod\scripting\馻nkrunFixhealth.sp::IsTankRunActive
L 01/07/2026 - 15:26:41: [SM]   [2] Line 79, C:\Users\Moises\Downloads\Compressed\sourcemod-1.11.0-git6968-windows\addons\sourcemod\scripting\馻nkrunFixhealth.sp::Event_PlayerDeath
L 01/07/2026 - 15:26:44: [SM] Exception reported: Invalid convar handle 0 (error 4)
L 01/07/2026 - 15:26:44: [SM] Blaming: 馻nkrunFixhealth.smx
L 01/07/2026 - 15:26:44: [SM] Call stack trace:
L 01/07/2026 - 15:26:44: [SM]   [0] GetConVarString
L 01/07/2026 - 15:26:44: [SM]   [1] Line 138, C:\Users\Moises\Downloads\Compressed\sourcemod-1.11.0-git6968-windows\addons\sourcemod\scripting\馻nkrunFixhealth.sp::IsTankRunActive
L 01/07/2026 - 15:26:44: [SM]   [2] Line 79, C:\Users\Moises\Downloads\Compressed\sourcemod-1.11.0-git6968-windows\addons\sourcemod\scripting\馻nkrunFixhealth.sp::Event_PlayerDeath
L 01/07/2026 - 15:26:50: [SM] Exception reported: Invalid convar handle 0 (error 4)
L 01/07/2026 - 15:26:50: [SM] Blaming: 馻nkrunFixhealth.smx
L 01/07/2026 - 15:26:50: [SM] Call stack trace:
L 01/07/2026 - 15:26:50: [SM]   [0] GetConVarString
L 01/07/2026 - 15:26:50: [SM]   [1] Line 138, C:\Users\Moises\Downloads\Compressed\sourcemod-1.11.0-git6968-windows\addons\sourcemod\scripting\馻nkrunFixhealth.sp::IsTankRunActive
L 01/07/2026 - 15:26:50: [SM]   [2] Line 36, C:\Users\Moises\Downloads\Compressed\sourcemod-1.11.0-git6968-windows\addons\sourcemod\scripting\馻nkrunFixhealth.sp::Timer_PeriodicCheck
L 01/07/2026 - 15:27:00: [SM] Exception reported: Invalid convar handle 0 (error 4)
L 01/07/2026 - 15:27:00: [SM] Blaming: 馻nkrunFixhealth.smx
L 01/07/2026 - 15:27:00: [SM] Call stack trace:
L 01/07/2026 - 15:27:00: [SM]   [0] GetConVarString
L 01/07/2026 - 15:27:00: [SM]   [1] Line 138, C:\Users\Moises\Downloads\Compressed\sourcemod-1.11.0-git6968-windows\addons\sourcemod\scripting\馻nkrunFixhealth.sp::IsTankRunActive
L 01/07/2026 - 15:27:00: [SM]   [2] Line 36, C:\Users\Moises\Downloads\Compressed\sourcemod-1.11.0-git6968-windows\addons\sourcemod\scripting\馻nkrunFixhealth.sp::Timer_PeriodicCheck
L 01/07/2026 - 15:27:09: [SM] Exception reported: Invalid convar handle 0 (error 4)
L 01/07/2026 - 15:27:09: [SM] Blaming: 馻nkrunFixhealth.smx
L 01/07/2026 - 15:27:09: [SM] Call stack trace:
L 01/07/2026 - 15:27:09: [SM]   [0] GetConVarString
L 01/07/2026 - 15:27:09: [SM]   [1] Line 138, C:\Users\Moises\Downloads\Compressed\sourcemod-1.11.0-git6968-windows\addons\sourcemod\scripting\馻nkrunFixhealth.sp::IsTankRunActive
L 01/07/2026 - 15:27:09: [SM]   [2] Line 79, C:\Users\Moises\Downloads\Compressed\sourcemod-1.11.0-git6968-windows\addons\sourcemod\scripting\馻nkrunFixhealth.sp::Event_PlayerDeath
L 01/07/2026 - 15:27:10: [SM] Exception reported: Invalid convar handle 0 (error 4)
L 01/07/2026 - 15:27:10: [SM] Blaming: 馻nkrunFixhealth.smx
L 01/07/2026 - 15:27:10: [SM] Call stack trace:
L 01/07/2026 - 15:27:10: [SM]   [0] GetConVarString
L 01/07/2026 - 15:27:10: [SM]   [1] Line 138, C:\Users\Moises\Downloads\Compressed\sourcemod-1.11.0-git6968-windows\addons\sourcemod\scripting\馻nkrunFixhealth.sp::IsTankRunActive
L 01/07/2026 - 15:27:10: [SM]   [2] Line 36, C:\Users\Moises\Downloads\Compressed\sourcemod-1.11.0-git6968-windows\addons\sourcemod\scripting\馻nkrunFixhealth.sp::Timer_PeriodicCheck
L 01/07/2026 - 15:27:10: [SM] Exception reported: Invalid convar handle 0 (error 4)
L 01/07/2026 - 15:27:10: [SM] Blaming: 馻nkrunFixhealth.smx
L 01/07/2026 - 15:27:10: [SM] Call stack trace:
L 01/07/2026 - 15:27:10: [SM]   [0] GetConVarString
L 01/07/2026 - 15:27:10: [SM]   [1] Line 138, C:\Users\Moises\Downloads\Compressed\sourcemod-1.11.0-git6968-windows\addons\sourcemod\scripting\馻nkrunFixhealth.sp::IsTankRunActive
L 01/07/2026 - 15:27:10: [SM]   [2] Line 79, C:\Users\Moises\Downloads\Compressed\sourcemod-1.11.0-git6968-windows\addons\sourcemod\scripting\馻nkrunFixhealth.sp::Event_PlayerDeath
L 01/07/2026 - 15:27:10: [SM] Exception reported: Invalid convar handle 0 (error 4)
L 01/07/2026 - 15:27:10: [SM] Blaming: 馻nkrunFixhealth.smx
L 01/07/2026 - 15:27:10: [SM] Call stack trace:
L 01/07/2026 - 15:27:10: [SM]   [0] GetConVarString
L 01/07/2026 - 15:27:10: [SM]   [1] Line 138, C:\Users\Moises\Downloads\Compressed\sourcemod-1.11.0-git6968-windows\addons\sourcemod\scripting\馻nkrunFixhealth.sp::IsTankRunActive
L 01/07/2026 - 15:27:10: [SM]   [2] Line 79, C:\Users\Moises\Downloads\Compressed\sourcemod-1.11.0-git6968-windows\addons\sourcemod\scripting\馻nkrunFixhealth.sp::Event_PlayerDeath
L 01/07/2026 - 15:27:10: [SM] Exception reported: Invalid convar handle 0 (error 4)
L 01/07/2026 - 15:27:10: [SM] Blaming: 馻nkrunFixhealth.smx
L 01/07/2026 - 15:27:10: [SM] Call stack trace:
L 01/07/2026 - 15:27:10: [SM]   [0] GetConVarString
L 01/07/2026 - 15:27:10: [SM]   [1] Line 138, C:\Users\Moises\Downloads\Compressed\sourcemod-1.11.0-git6968-windows\addons\sourcemod\scripting\馻nkrunFixhealth.sp::IsTankRunActive
L 01/07/2026 - 15:27:10: [SM]   [2] Line 79, C:\Users\Moises\Downloads\Compressed\sourcemod-1.11.0-git6968-windows\addons\sourcemod\scripting\馻nkrunFixhealth.sp::Event_PlayerDeath
L 01/07/2026 - 15:27:11: [SM] Exception reported: Invalid convar handle 0 (error 4)
L 01/07/2026 - 15:27:11: [SM] Blaming: 馻nkrunFixhealth.smx
L 01/07/2026 - 15:27:11: [SM] Call stack trace:
L 01/07/2026 - 15:27:11: [SM]   [0] GetConVarString
L 01/07/2026 - 15:27:11: [SM]   [1] Line 138, C:\Users\Moises\Downloads\Compressed\sourcemod-1.11.0-git6968-windows\addons\sourcemod\scripting\馻nkrunFixhealth.sp::IsTankRunActive
L 01/07/2026 - 15:27:11: [SM]   [2] Line 79, C:\Users\Moises\Downloads\Compressed\sourcemod-1.11.0-git6968-windows\addons\sourcemod\scripting\馻nkrunFixhealth.sp::Event_PlayerDeath
L 01/07/2026 - 15:27:11: [SM] Exception reported: Invalid convar handle 0 (error 4)
L 01/07/2026 - 15:27:11: [SM] Blaming: 馻nkrunFixhealth.smx
L 01/07/2026 - 15:27:11: [SM] Call stack trace:
L 01/07/2026 - 15:27:11: [SM]   [0] GetConVarString
L 01/07/2026 - 15:27:11: [SM]   [1] Line 138, C:\Users\Moises\Downloads\Compressed\sourcemod-1.11.0-git6968-windows\addons\sourcemod\scripting\馻nkrunFixhealth.sp::IsTankRunActive
L 01/07/2026 - 15:27:11: [SM]   [2] Line 79, C:\Users\Moises\Downloads\Compressed\sourcemod-1.11.0-git6968-windows\addons\sourcemod\scripting\馻nkrunFixhealth.sp::Event_PlayerDeath
L 01/07/2026 - 15:27:13: [SM] Exception reported: Invalid convar handle 0 (error 4)
L 01/07/2026 - 15:27:13: [SM] Blaming: 馻nkrunFixhealth.smx
L 01/07/2026 - 15:27:13: [SM] Call stack trace:
L 01/07/2026 - 15:27:13: [SM]   [0] GetConVarString
L 01/07/2026 - 15:27:13: [SM]   [1] Line 138, C:\Users\Moises\Downloads\Compressed\sourcemod-1.11.0-git6968-windows\addons\sourcemod\scripting\馻nkrunFixhealth.sp::IsTankRunActive
L 01/07/2026 - 15:27:13: [SM]   [2] Line 79, C:\Users\Moises\Downloads\Compressed\sourcemod-1.11.0-git6968-windows\addons\sourcemod\scripting\馻nkrunFixhealth.sp::Event_PlayerDeath
L 01/07/2026 - 15:27:14: [SM] Exception reported: Invalid convar handle 0 (error 4)
L 01/07/2026 - 15:27:14: [SM] Blaming: 馻nkrunFixhealth.smx
L 01/07/2026 - 15:27:14: [SM] Call stack trace:
L 01/07/2026 - 15:27:14: [SM]   [0] GetConVarString
L 01/07/2026 - 15:27:14: [SM]   [1] Line 138, C:\Users\Moises\Downloads\Compressed\sourcemod-1.11.0-git6968-windows\addons\sourcemod\scripting\馻nkrunFixhealth.sp::IsTankRunActive
L 01/07/2026 - 15:27:14: [SM]   [2] Line 79, C:\Users\Moises\Downloads\Compressed\sourcemod-1.11.0-git6968-windows\addons\sourcemod\scripting\馻nkrunFixhealth.sp::Event_PlayerDeath
L 01/07/2026 - 15:27:16: [SM] Exception reported: Invalid convar handle 0 (error 4)
L 01/07/2026 - 15:27:16: [SM] Blaming: 馻nkrunFixhealth.smx
L 01/07/2026 - 15:27:16: [SM] Call stack trace:
L 01/07/2026 - 15:27:16: [SM]   [0] GetConVarString
L 01/07/2026 - 15:27:16: [SM]   [1] Line 138, C:\Users\Moises\Downloads\Compressed\sourcemod-1.11.0-git6968-windows\addons\sourcemod\scripting\馻nkrunFixhealth.sp::IsTankRunActive
L 01/07/2026 - 15:27:16: [SM]   [2] Line 79, C:\Users\Moises\Downloads\Compressed\sourcemod-1.11.0-git6968-windows\addons\sourcemod\scripting\馻nkrunFixhealth.sp::Event_PlayerDeath
L 01/07/2026 - 15:27:16: [SM] Exception reported: Invalid convar handle 0 (error 4)
L 01/07/2026 - 15:27:16: [SM] Blaming: 馻nkrunFixhealth.smx
L 01/07/2026 - 15:27:16: [SM] Call stack trace:
L 01/07/2026 - 15:27:16: [SM]   [0] GetConVarString
L 01/07/2026 - 15:27:16: [SM]   [1] Line 138, C:\Users\Moises\Downloads\Compressed\sourcemod-1.11.0-git6968-windows\addons\sourcemod\scripting\馻nkrunFixhealth.sp::IsTankRunActive
L 01/07/2026 - 15:27:16: [SM]   [2] Line 79, C:\Users\Moises\Downloads\Compressed\sourcemod-1.11.0-git6968-windows\addons\sourcemod\scripting\馻nkrunFixhealth.sp::Event_PlayerDeath
L 01/07/2026 - 15:27:17: [SM] Exception reported: Invalid convar handle 0 (error 4)
L 01/07/2026 - 15:27:17: [SM] Blaming: 馻nkrunFixhealth.smx
L 01/07/2026 - 15:27:17: [SM] Call stack trace:
L 01/07/2026 - 15:27:17: [SM]   [0] GetConVarString
L 01/07/2026 - 15:27:17: [SM]   [1] Line 138, C:\Users\Moises\Downloads\Compressed\sourcemod-1.11.0-git6968-windows\addons\sourcemod\scripting\馻nkrunFixhealth.sp::IsTankRunActive
L 01/07/2026 - 15:27:17: [SM]   [2] Line 79, C:\Users\Moises\Downloads\Compressed\sourcemod-1.11.0-git6968-windows\addons\sourcemod\scripting\馻nkrunFixhealth.sp::Event_PlayerDeath
L 01/07/2026 - 15:27:17: [SM] Exception reported: Invalid convar handle 0 (error 4)
L 01/07/2026 - 15:27:17: [SM] Blaming: 馻nkrunFixhealth.smx
L 01/07/2026 - 15:27:17: [SM] Call stack trace:
L 01/07/2026 - 15:27:17: [SM]   [0] GetConVarString
L 01/07/2026 - 15:27:17: [SM]   [1] Line 138, C:\Users\Moises\Downloads\Compressed\sourcemod-1.11.0-git6968-windows\addons\sourcemod\scripting\馻nkrunFixhealth.sp::IsTankRunActive
L 01/07/2026 - 15:27:17: [SM]   [2] Line 79, C:\Users\Moises\Downloads\Compressed\sourcemod-1.11.0-git6968-windows\addons\sourcemod\scripting\馻nkrunFixhealth.sp::Event_PlayerDeath
L 01/07/2026 - 15:27:17: [SM] Exception reported: Invalid convar handle 0 (error 4)
L 01/07/2026 - 15:27:17: [SM] Blaming: 馻nkrunFixhealth.smx
L 01/07/2026 - 15:27:17: [SM] Call stack trace:
L 01/07/2026 - 15:27:17: [SM]   [0] GetConVarString
L 01/07/2026 - 15:27:17: [SM]   [1] Line 138, C:\Users\Moises\Downloads\Compressed\sourcemod-1.11.0-git6968-windows\addons\sourcemod\scripting\馻nkrunFixhealth.sp::IsTankRunActive
L 01/07/2026 - 15:27:17: [SM]   [2] Line 79, C:\Users\Moises\Downloads\Compressed\sourcemod-1.11.0-git6968-windows\addons\sourcemod\scripting\馻nkrunFixhealth.sp::Event_PlayerDeath
L 01/07/2026 - 15:27:20: [SM] Exception reported: Invalid convar handle 0 (error 4)
L 01/07/2026 - 15:27:20: [SM] Blaming: 馻nkrunFixhealth.smx
L 01/07/2026 - 15:27:20: [SM] Call stack trace:
L 01/07/2026 - 15:27:20: [SM]   [0] GetConVarString
L 01/07/2026 - 15:27:20: [SM]   [1] Line 138, C:\Users\Moises\Downloads\Compressed\sourcemod-1.11.0-git6968-windows\addons\sourcemod\scripting\馻nkrunFixhealth.sp::IsTankRunActive
L 01/07/2026 - 15:27:20: [SM]   [2] Line 36, C:\Users\Moises\Downloads\Compressed\sourcemod-1.11.0-git6968-windows\addons\sourcemod\scripting\馻nkrunFixhealth.sp::Timer_PeriodicCheck
L 01/07/2026 - 15:27:21: [SM] Exception reported: Invalid convar handle 0 (error 4)
L 01/07/2026 - 15:27:21: [SM] Blaming: 馻nkrunFixhealth.smx
L 01/07/2026 - 15:27:21: [SM] Call stack trace:
L 01/07/2026 - 15:27:21: [SM]   [0] GetConVarString
L 01/07/2026 - 15:27:21: [SM]   [1] Line 138, C:\Users\Moises\Downloads\Compressed\sourcemod-1.11.0-git6968-windows\addons\sourcemod\scripting\馻nkrunFixhealth.sp::IsTankRunActive
L 01/07/2026 - 15:27:21: [SM]   [2] Line 79, C:\Users\Moises\Downloads\Compressed\sourcemod-1.11.0-git6968-windows\addons\sourcemod\scripting\馻nkrunFixhealth.sp::Event_PlayerDeath
L 01/07/2026 - 15:27:22: [SM] Exception reported: Invalid convar handle 0 (error 4)
L 01/07/2026 - 15:27:22: [SM] Blaming: 馻nkrunFixhealth.smx
L 01/07/2026 - 15:27:22: [SM] Call stack trace:
L 01/07/2026 - 15:27:22: [SM]   [0] GetConVarString
L 01/07/2026 - 15:27:22: [SM]   [1] Line 138, C:\Users\Moises\Downloads\Compressed\sourcemod-1.11.0-git6968-windows\addons\sourcemod\scripting\馻nkrunFixhealth.sp::IsTankRunActive
L 01/07/2026 - 15:27:22: [SM]   [2] Line 79, C:\Users\Moises\Downloads\Compressed\sourcemod-1.11.0-git6968-windows\addons\sourcemod\scripting\馻nkrunFixhealth.sp::Event_PlayerDeath
L 01/07/2026 - 15:27:26: [SM] Exception reported: Invalid convar handle 0 (error 4)
L 01/07/2026 - 15:27:26: [SM] Blaming: 馻nkrunFixhealth.smx
L 01/07/2026 - 15:27:26: [SM] Call stack trace:
L 01/07/2026 - 15:27:26: [SM]   [0] GetConVarString
L 01/07/2026 - 15:27:26: [SM]   [1] Line 138, C:\Users\Moises\Downloads\Compressed\sourcemod-1.11.0-git6968-windows\addons\sourcemod\scripting\馻nkrunFixhealth.sp::IsTankRunActive
L 01/07/2026 - 15:27:26: [SM]   [2] Line 79, C:\Users\Moises\Downloads\Compressed\sourcemod-1.11.0-git6968-windows\addons\sourcemod\scripting\馻nkrunFixhealth.sp::Event_PlayerDeath
L 01/07/2026 - 15:27:29: [SM] Exception reported: Invalid convar handle 0 (error 4)
L 01/07/2026 - 15:27:29: [SM] Blaming: 馻nkrunFixhealth.smx
L 01/07/2026 - 15:27:29: [SM] Call stack trace:
L 01/07/2026 - 15:27:29: [SM]   [0] GetConVarString
L 01/07/2026 - 15:27:29: [SM]   [1] Line 138, C:\Users\Moises\Downloads\Compressed\sourcemod-1.11.0-git6968-windows\addons\sourcemod\scripting\馻nkrunFixhealth.sp::IsTankRunActive
L 01/07/2026 - 15:27:29: [SM]   [2] Line 79, C:\Users\Moises\Downloads\Compressed\sourcemod-1.11.0-git6968-windows\addons\sourcemod\scripting\馻nkrunFixhealth.sp::Event_PlayerDeath
L 01/07/2026 - 15:27:30: [SM] Exception reported: Invalid convar handle 0 (error 4)
L 01/07/2026 - 15:27:30: [SM] Blaming: 馻nkrunFixhealth.smx
L 01/07/2026 - 15:27:30: [SM] Call stack trace:
L 01/07/2026 - 15:27:30: [SM]   [0] GetConVarString
L 01/07/2026 - 15:27:30: [SM]   [1] Line 138, C:\Users\Moises\Downloads\Compressed\sourcemod-1.11.0-git6968-windows\addons\sourcemod\scripting\馻nkrunFixhealth.sp::IsTankRunActive
L 01/07/2026 - 15:27:30: [SM]   [2] Line 36, C:\Users\Moises\Downloads\Compressed\sourcemod-1.11.0-git6968-windows\addons\sourcemod\scripting\馻nkrunFixhealth.sp::Timer_PeriodicCheck
L 01/07/2026 - 15:27:30: [SM] Exception reported: Invalid convar handle 0 (error 4)
L 01/07/2026 - 15:27:30: [SM] Blaming: 馻nkrunFixhealth.smx
L 01/07/2026 - 15:27:30: [SM] Call stack trace:
L 01/07/2026 - 15:27:30: [SM]   [0] GetConVarString
L 01/07/2026 - 15:27:30: [SM]   [1] Line 138, C:\Users\Moises\Downloads\Compressed\sourcemod-1.11.0-git6968-windows\addons\sourcemod\scripting\馻nkrunFixhealth.sp::IsTankRunActive
L 01/07/2026 - 15:27:30: [SM]   [2] Line 79, C:\Users\Moises\Downloads\Compressed\sourcemod-1.11.0-git6968-windows\addons\sourcemod\scripting\馻nkrunFixhealth.sp::Event_PlayerDeath
L 01/07/2026 - 15:27:31: [SM] Exception reported: Invalid convar handle 0 (error 4)
L 01/07/2026 - 15:27:31: [SM] Blaming: 馻nkrunFixhealth.smx
L 01/07/2026 - 15:27:31: [SM] Call stack trace:
L 01/07/2026 - 15:27:31: [SM]   [0] GetConVarString
L 01/07/2026 - 15:27:31: [SM]   [1] Line 138, C:\Users\Moises\Downloads\Compressed\sourcemod-1.11.0-git6968-windows\addons\sourcemod\scripting\馻nkrunFixhealth.sp::IsTankRunActive
L 01/07/2026 - 15:27:31: [SM]   [2] Line 79, C:\Users\Moises\Downloads\Compressed\sourcemod-1.11.0-git6968-windows\addons\sourcemod\scripting\馻nkrunFixhealth.sp::Event_PlayerDeath
L 01/07/2026 - 15:27:31: [SM] Exception reported: Invalid convar handle 0 (error 4)
L 01/07/2026 - 15:27:31: [SM] Blaming: 馻nkrunFixhealth.smx
L 01/07/2026 - 15:27:31: [SM] Call stack trace:
L 01/07/2026 - 15:27:31: [SM]   [0] GetConVarString
L 01/07/2026 - 15:27:31: [SM]   [1] Line 138, C:\Users\Moises\Downloads\Compressed\sourcemod-1.11.0-git6968-windows\addons\sourcemod\scripting\馻nkrunFixhealth.sp::IsTankRunActive
L 01/07/2026 - 15:27:31: [SM]   [2] Line 79, C:\Users\Moises\Downloads\Compressed\sourcemod-1.11.0-git6968-windows\addons\sourcemod\scripting\馻nkrunFixhealth.sp::Event_PlayerDeath
L 01/07/2026 - 15:27:31: [SM] Exception reported: Invalid convar handle 0 (error 4)
L 01/07/2026 - 15:27:31: [SM] Blaming: 馻nkrunFixhealth.smx
L 01/07/2026 - 15:27:31: [SM] Call stack trace:
L 01/07/2026 - 15:27:31: [SM]   [0] GetConVarString
L 01/07/2026 - 15:27:31: [SM]   [1] Line 138, C:\Users\Moises\Downloads\Compressed\sourcemod-1.11.0-git6968-windows\addons\sourcemod\scripting\馻nkrunFixhealth.sp::IsTankRunActive
L 01/07/2026 - 15:27:31: [SM]   [2] Line 79, C:\Users\Moises\Downloads\Compressed\sourcemod-1.11.0-git6968-windows\addons\sourcemod\scripting\馻nkrunFixhealth.sp::Event_PlayerDeath
L 01/07/2026 - 15:27:31: [SM] Exception reported: Invalid convar handle 0 (error 4)
L 01/07/2026 - 15:27:31: [SM] Blaming: 馻nkrunFixhealth.smx
L 01/07/2026 - 15:27:31: [SM] Call stack trace:
L 01/07/2026 - 15:27:31: [SM]   [0] GetConVarString
L 01/07/2026 - 15:27:31: [SM]   [1] Line 138, C:\Users\Moises\Downloads\Compressed\sourcemod-1.11.0-git6968-windows\addons\sourcemod\scripting\馻nkrunFixhealth.sp::IsTankRunActive
L 01/07/2026 - 15:27:31: [SM]   [2] Line 79, C:\Users\Moises\Downloads\Compressed\sourcemod-1.11.0-git6968-windows\addons\sourcemod\scripting\馻nkrunFixhealth.sp::Event_PlayerDeath
L 01/07/2026 - 15:27:31: [SM] Exception reported: Invalid convar handle 0 (error 4)
L 01/07/2026 - 15:27:31: [SM] Blaming: 馻nkrunFixhealth.smx
L 01/07/2026 - 15:27:31: [SM] Call stack trace:
L 01/07/2026 - 15:27:31: [SM]   [0] GetConVarString
L 01/07/2026 - 15:27:31: [SM]   [1] Line 138, C:\Users\Moises\Downloads\Compressed\sourcemod-1.11.0-git6968-windows\addons\sourcemod\scripting\馻nkrunFixhealth.sp::IsTankRunActive
L 01/07/2026 - 15:27:31: [SM]   [2] Line 79, C:\Users\Moises\Downloads\Compressed\sourcemod-1.11.0-git6968-windows\addons\sourcemod\scripting\馻nkrunFixhealth.sp::Event_PlayerDeath
L 01/07/2026 - 15:27:32: [SM] Exception reported: Invalid convar handle 0 (error 4)
L 01/07/2026 - 15:27:32: [SM] Blaming: 馻nkrunFixhealth.smx
L 01/07/2026 - 15:27:32: [SM] Call stack trace:
L 01/07/2026 - 15:27:32: [SM]   [0] GetConVarString
L 01/07/2026 - 15:27:32: [SM]   [1] Line 138, C:\Users\Moises\Downloads\Compressed\sourcemod-1.11.0-git6968-windows\addons\sourcemod\scripting\馻nkrunFixhealth.sp::IsTankRunActive
L 01/07/2026 - 15:27:32: [SM]   [2] Line 79, C:\Users\Moises\Downloads\Compressed\sourcemod-1.11.0-git6968-windows\addons\sourcemod\scripting\馻nkrunFixhealth.sp::Event_PlayerDeath
L 01/07/2026 - 15:27:32: [SM] Exception reported: Invalid convar handle 0 (error 4)
L 01/07/2026 - 15:27:32: [SM] Blaming: 馻nkrunFixhealth.smx
L 01/07/2026 - 15:27:32: [SM] Call stack trace:
L 01/07/2026 - 15:27:32: [SM]   [0] GetConVarString
L 01/07/2026 - 15:27:32: [SM]   [1] Line 138, C:\Users\Moises\Downloads\Compressed\sourcemod-1.11.0-git6968-windows\addons\sourcemod\scripting\馻nkrunFixhealth.sp::IsTankRunActive
L 01/07/2026 - 15:27:32: [SM]   [2] Line 79, C:\Users\Moises\Downloads\Compressed\sourcemod-1.11.0-git6968-windows\addons\sourcemod\scripting\馻nkrunFixhealth.sp::Event_PlayerDeath
L 01/07/2026 - 15:27:32: [SM] Exception reported: Invalid convar handle 0 (error 4)
L 01/07/2026 - 15:27:32: [SM] Blaming: 馻nkrunFixhealth.smx
L 01/07/2026 - 15:27:32: [SM] Call stack trace:
L 01/07/2026 - 15:27:32: [SM]   [0] GetConVarString
L 01/07/2026 - 15:27:32: [SM]   [1] Line 138, C:\Users\Moises\Downloads\Compressed\sourcemod-1.11.0-git6968-windows\addons\sourcemod\scripting\馻nkrunFixhealth.sp::IsTankRunActive
L 01/07/2026 - 15:27:32: [SM]   [2] Line 79, C:\Users\Moises\Downloads\Compressed\sourcemod-1.11.0-git6968-windows\addons\sourcemod\scripting\馻nkrunFixhealth.sp::Event_PlayerDeath
L 01/07/2026 - 15:27:32: [SM] Exception reported: Invalid convar handle 0 (error 4)
L 01/07/2026 - 15:27:32: [SM] Blaming: 馻nkrunFixhealth.smx
L 01/07/2026 - 15:27:32: [SM] Call stack trace:
L 01/07/2026 - 15:27:32: [SM]   [0] GetConVarString
L 01/07/2026 - 15:27:32: [SM]   [1] Line 138, C:\Users\Moises\Downloads\Compressed\sourcemod-1.11.0-git6968-windows\addons\sourcemod\scripting\馻nkrunFixhealth.sp::IsTankRunActive
L 01/07/2026 - 15:27:32: [SM]   [2] Line 79, C:\Users\Moises\Downloads\Compressed\sourcemod-1.11.0-git6968-windows\addons\sourcemod\scripting\馻nkrunFixhealth.sp::Event_PlayerDeath
L 01/07/2026 - 15:27:33: [SM] Exception reported: Invalid convar handle 0 (error 4)
L 01/07/2026 - 15:27:33: [SM] Blaming: 馻nkrunFixhealth.smx
L 01/07/2026 - 15:27:33: [SM] Call stack trace:
L 01/07/2026 - 15:27:33: [SM]   [0] GetConVarString
L 01/07/2026 - 15:27:33: [SM]   [1] Line 138, C:\Users\Moises\Downloads\Compressed\sourcemod-1.11.0-git6968-windows\addons\sourcemod\scripting\馻nkrunFixhealth.sp::IsTankRunActive
L 01/07/2026 - 15:27:33: [SM]   [2] Line 79, C:\Users\Moises\Downloads\Compressed\sourcemod-1.11.0-git6968-windows\addons\sourcemod\scripting\馻nkrunFixhealth.sp::Event_PlayerDeath
L 01/07/2026 - 15:27:34: [SM] Exception reported: Invalid convar handle 0 (error 4)
L 01/07/2026 - 15:27:34: [SM] Blaming: 馻nkrunFixhealth.smx
L 01/07/2026 - 15:27:34: [SM] Call stack trace:
L 01/07/2026 - 15:27:34: [SM]   [0] GetConVarString
L 01/07/2026 - 15:27:34: [SM]   [1] Line 138, C:\Users\Moises\Downloads\Compressed\sourcemod-1.11.0-git6968-windows\addons\sourcemod\scripting\馻nkrunFixhealth.sp::IsTankRunActive
L 01/07/2026 - 15:27:34: [SM]   [2] Line 79, C:\Users\Moises\Downloads\Compressed\sourcemod-1.11.0-git6968-windows\addons\sourcemod\scripting\馻nkrunFixhealth.sp::Event_PlayerDeath
L 01/07/2026 - 15:27:34: [SM] Exception reported: Invalid convar handle 0 (error 4)
L 01/07/2026 - 15:27:34: [SM] Blaming: 馻nkrunFixhealth.smx
L 01/07/2026 - 15:27:34: [SM] Call stack trace:
L 01/07/2026 - 15:27:34: [SM]   [0] GetConVarString
L 01/07/2026 - 15:27:34: [SM]   [1] Line 138, C:\Users\Moises\Downloads\Compressed\sourcemod-1.11.0-git6968-windows\addons\sourcemod\scripting\馻nkrunFixhealth.sp::IsTankRunActive
L 01/07/2026 - 15:27:34: [SM]   [2] Line 79, C:\Users\Moises\Downloads\Compressed\sourcemod-1.11.0-git6968-windows\addons\sourcemod\scripting\馻nkrunFixhealth.sp::Event_PlayerDeath
L 01/07/2026 - 15:27:34: [SM] Exception reported: Invalid convar handle 0 (error 4)
L 01/07/2026 - 15:27:34: [SM] Blaming: 馻nkrunFixhealth.smx
L 01/07/2026 - 15:27:34: [SM] Call stack trace:
L 01/07/2026 - 15:27:34: [SM]   [0] GetConVarString
L 01/07/2026 - 15:27:34: [SM]   [1] Line 138, C:\Users\Moises\Downloads\Compressed\sourcemod-1.11.0-git6968-windows\addons\sourcemod\scripting\馻nkrunFixhealth.sp::IsTankRunActive
L 01/07/2026 - 15:27:34: [SM]   [2] Line 79, C:\Users\Moises\Downloads\Compressed\sourcemod-1.11.0-git6968-windows\addons\sourcemod\scripting\馻nkrunFixhealth.sp::Event_PlayerDeath
L 01/07/2026 - 15:27:34: [SM] Exception reported: Invalid convar handle 0 (error 4)
L 01/07/2026 - 15:27:34: [SM] Blaming: 馻nkrunFixhealth.smx
L 01/07/2026 - 15:27:34: [SM] Call stack trace:
L 01/07/2026 - 15:27:34: [SM]   [0] GetConVarString
L 01/07/2026 - 15:27:34: [SM]   [1] Line 138, C:\Users\Moises\Downloads\Compressed\sourcemod-1.11.0-git6968-windows\addons\sourcemod\scripting\馻nkrunFixhealth.sp::IsTankRunActive
L 01/07/2026 - 15:27:34: [SM]   [2] Line 79, C:\Users\Moises\Downloads\Compressed\sourcemod-1.11.0-git6968-windows\addons\sourcemod\scripting\馻nkrunFixhealth.sp::Event_PlayerDeath
L 01/07/2026 - 15:27:36: [SM] Exception reported: Invalid convar handle 0 (error 4)
L 01/07/2026 - 15:27:36: [SM] Blaming: 馻nkrunFixhealth.smx
L 01/07/2026 - 15:27:36: [SM] Call stack trace:
L 01/07/2026 - 15:27:36: [SM]   [0] GetConVarString
L 01/07/2026 - 15:27:36: [SM]   [1] Line 138, C:\Users\Moises\Downloads\Compressed\sourcemod-1.11.0-git6968-windows\addons\sourcemod\scripting\馻nkrunFixhealth.sp::IsTankRunActive
L 01/07/2026 - 15:27:36: [SM]   [2] Line 79, C:\Users\Moises\Downloads\Compressed\sourcemod-1.11.0-git6968-windows\addons\sourcemod\scripting\馻nkrunFixhealth.sp::Event_PlayerDeath
L 01/07/2026 - 15:27:36: [SM] Exception reported: Invalid convar handle 0 (error 4)
L 01/07/2026 - 15:27:36: [SM] Blaming: 馻nkrunFixhealth.smx
L 01/07/2026 - 15:27:36: [SM] Call stack trace:
L 01/07/2026 - 15:27:36: [SM]   [0] GetConVarString
L 01/07/2026 - 15:27:36: [SM]   [1] Line 138, C:\Users\Moises\Downloads\Compressed\sourcemod-1.11.0-git6968-windows\addons\sourcemod\scripting\馻nkrunFixhealth.sp::IsTankRunActive
L 01/07/2026 - 15:27:36: [SM]   [2] Line 79, C:\Users\Moises\Downloads\Compressed\sourcemod-1.11.0-git6968-windows\addons\sourcemod\scripting\馻nkrunFixhealth.sp::Event_PlayerDeath
L 01/07/2026 - 15:27:36: [SM] Exception reported: Invalid convar handle 0 (error 4)
L 01/07/2026 - 15:27:36: [SM] Blaming: 馻nkrunFixhealth.smx
L 01/07/2026 - 15:27:36: [SM] Call stack trace:
L 01/07/2026 - 15:27:36: [SM]   [0] GetConVarString
L 01/07/2026 - 15:27:36: [SM]   [1] Line 138, C:\Users\Moises\Downloads\Compressed\sourcemod-1.11.0-git6968-windows\addons\sourcemod\scripting\馻nkrunFixhealth.sp::IsTankRunActive
L 01/07/2026 - 15:27:36: [SM]   [2] Line 79, C:\Users\Moises\Downloads\Compressed\sourcemod-1.11.0-git6968-windows\addons\sourcemod\scripting\馻nkrunFixhealth.sp::Event_PlayerDeath
L 01/07/2026 - 15:27:36: [SM] Exception reported: Invalid convar handle 0 (error 4)
L 01/07/2026 - 15:27:36: [SM] Blaming: 馻nkrunFixhealth.smx
L 01/07/2026 - 15:27:36: [SM] Call stack trace:
L 01/07/2026 - 15:27:36: [SM]   [0] GetConVarString
L 01/07/2026 - 15:27:36: [SM]   [1] Line 138, C:\Users\Moises\Downloads\Compressed\sourcemod-1.11.0-git6968-windows\addons\sourcemod\scripting\馻nkrunFixhealth.sp::IsTankRunActive
L 01/07/2026 - 15:27:36: [SM]   [2] Line 79, C:\Users\Moises\Downloads\Compressed\sourcemod-1.11.0-git6968-windows\addons\sourcemod\scripting\馻nkrunFixhealth.sp::Event_PlayerDeath
L 01/07/2026 - 15:27:38: [SM] Exception reported: Invalid convar handle 0 (error 4)
L 01/07/2026 - 15:27:38: [SM] Blaming: 馻nkrunFixhealth.smx
L 01/07/2026 - 15:27:38: [SM] Call stack trace:
L 01/07/2026 - 15:27:38: [SM]   [0] GetConVarString
L 01/07/2026 - 15:27:38: [SM]   [1] Line 138, C:\Users\Moises\Downloads\Compressed\sourcemod-1.11.0-git6968-windows\addons\sourcemod\scripting\馻nkrunFixhealth.sp::IsTankRunActive
L 01/07/2026 - 15:27:38: [SM]   [2] Line 79, C:\Users\Moises\Downloads\Compressed\sourcemod-1.11.0-git6968-windows\addons\sourcemod\scripting\馻nkrunFixhealth.sp::Event_PlayerDeath
L 01/07/2026 - 15:27:38: [SM] Exception reported: Invalid convar handle 0 (error 4)
L 01/07/2026 - 15:27:38: [SM] Blaming: 馻nkrunFixhealth.smx
L 01/07/2026 - 15:27:38: [SM] Call stack trace:
L 01/07/2026 - 15:27:38: [SM]   [0] GetConVarString
L 01/07/2026 - 15:27:38: [SM]   [1] Line 138, C:\Users\Moises\Downloads\Compressed\sourcemod-1.11.0-git6968-windows\addons\sourcemod\scripting\馻nkrunFixhealth.sp::IsTankRunActive
L 01/07/2026 - 15:27:38: [SM]   [2] Line 79, C:\Users\Moises\Downloads\Compressed\sourcemod-1.11.0-git6968-windows\addons\sourcemod\scripting\馻nkrunFixhealth.sp::Event_PlayerDeath
L 01/07/2026 - 15:27:40: [SM] Exception reported: Invalid convar handle 0 (error 4)
L 01/07/2026 - 15:27:40: [SM] Blaming: 馻nkrunFixhealth.smx
L 01/07/2026 - 15:27:40: [SM] Call stack trace:
L 01/07/2026 - 15:27:40: [SM]   [0] GetConVarString
L 01/07/2026 - 15:27:40: [SM]   [1] Line 138, C:\Users\Moises\Downloads\Compressed\sourcemod-1.11.0-git6968-windows\addons\sourcemod\scripting\馻nkrunFixhealth.sp::IsTankRunActive
L 01/07/2026 - 15:27:40: [SM]   [2] Line 36, C:\Users\Moises\Downloads\Compressed\sourcemod-1.11.0-git6968-windows\addons\sourcemod\scripting\馻nkrunFixhealth.sp::Timer_PeriodicCheck
L 01/07/2026 - 15:27:40: [SM] Exception reported: Invalid convar handle 0 (error 4)
L 01/07/2026 - 15:27:40: [SM] Blaming: 馻nkrunFixhealth.smx
L 01/07/2026 - 15:27:40: [SM] Call stack trace:
L 01/07/2026 - 15:27:40: [SM]   [0] GetConVarString
L 01/07/2026 - 15:27:40: [SM]   [1] Line 138, C:\Users\Moises\Downloads\Compressed\sourcemod-1.11.0-git6968-windows\addons\sourcemod\scripting\馻nkrunFixhealth.sp::IsTankRunActive
L 01/07/2026 - 15:27:40: [SM]   [2] Line 79, C:\Users\Moises\Downloads\Compressed\sourcemod-1.11.0-git6968-windows\addons\sourcemod\scripting\馻nkrunFixhealth.sp::Event_PlayerDeath
L 01/07/2026 - 15:27:40: [SM] Exception reported: Invalid convar handle 0 (error 4)
L 01/07/2026 - 15:27:40: [SM] Blaming: 馻nkrunFixhealth.smx
L 01/07/2026 - 15:27:40: [SM] Call stack trace:
L 01/07/2026 - 15:27:40: [SM]   [0] GetConVarString
L 01/07/2026 - 15:27:40: [SM]   [1] Line 138, C:\Users\Moises\Downloads\Compressed\sourcemod-1.11.0-git6968-windows\addons\sourcemod\scripting\馻nkrunFixhealth.sp::IsTankRunActive
L 01/07/2026 - 15:27:40: [SM]   [2] Line 79, C:\Users\Moises\Downloads\Compressed\sourcemod-1.11.0-git6968-windows\addons\sourcemod\scripting\馻nkrunFixhealth.sp::Event_PlayerDeath
L 01/07/2026 - 15:27:45: [SM] Exception reported: Invalid convar handle 0 (error 4)
L 01/07/2026 - 15:27:45: [SM] Blaming: 馻nkrunFixhealth.smx
L 01/07/2026 - 15:27:45: [SM] Call stack trace:
L 01/07/2026 - 15:27:45: [SM]   [0] GetConVarString
L 01/07/2026 - 15:27:45: [SM]   [1] Line 138, C:\Users\Moises\Downloads\Compressed\sourcemod-1.11.0-git6968-windows\addons\sourcemod\scripting\馻nkrunFixhealth.sp::IsTankRunActive
L 01/07/2026 - 15:27:45: [SM]   [2] Line 79, C:\Users\Moises\Downloads\Compressed\sourcemod-1.11.0-git6968-windows\addons\sourcemod\scripting\馻nkrunFixhealth.sp::Event_PlayerDeath
L 01/07/2026 - 15:27:47: [SM] Exception reported: Invalid convar handle 0 (error 4)
L 01/07/2026 - 15:27:47: [SM] Blaming: 馻nkrunFixhealth.smx
L 01/07/2026 - 15:27:47: [SM] Call stack trace:
L 01/07/2026 - 15:27:47: [SM]   [0] GetConVarString
L 01/07/2026 - 15:27:47: [SM]   [1] Line 138, C:\Users\Moises\Downloads\Compressed\sourcemod-1.11.0-git6968-windows\addons\sourcemod\scripting\馻nkrunFixhealth.sp::IsTankRunActive
L 01/07/2026 - 15:27:47: [SM]   [2] Line 79, C:\Users\Moises\Downloads\Compressed\sourcemod-1.11.0-git6968-windows\addons\sourcemod\scripting\馻nkrunFixhealth.sp::Event_PlayerDeath
L 01/07/2026 - 15:27:48: [SM] Exception reported: Invalid convar handle 0 (error 4)
L 01/07/2026 - 15:27:48: [SM] Blaming: 馻nkrunFixhealth.smx
L 01/07/2026 - 15:27:48: [SM] Call stack trace:
L 01/07/2026 - 15:27:48: [SM]   [0] GetConVarString
L 01/07/2026 - 15:27:48: [SM]   [1] Line 138, C:\Users\Moises\Downloads\Compressed\sourcemod-1.11.0-git6968-windows\addons\sourcemod\scripting\馻nkrunFixhealth.sp::IsTankRunActive
L 01/07/2026 - 15:27:48: [SM]   [2] Line 79, C:\Users\Moises\Downloads\Compressed\sourcemod-1.11.0-git6968-windows\addons\sourcemod\scripting\馻nkrunFixhealth.sp::Event_PlayerDeath
L 01/07/2026 - 15:27:50: [SM] Exception reported: Invalid convar handle 0 (error 4)
L 01/07/2026 - 15:27:50: [SM] Blaming: 馻nkrunFixhealth.smx
L 01/07/2026 - 15:27:50: [SM] Call stack trace:
L 01/07/2026 - 15:27:50: [SM]   [0] GetConVarString
L 01/07/2026 - 15:27:50: [SM]   [1] Line 138, C:\Users\Moises\Downloads\Compressed\sourcemod-1.11.0-git6968-windows\addons\sourcemod\scripting\馻nkrunFixhealth.sp::IsTankRunActive
L 01/07/2026 - 15:27:50: [SM]   [2] Line 79, C:\Users\Moises\Downloads\Compressed\sourcemod-1.11.0-git6968-windows\addons\sourcemod\scripting\馻nkrunFixhealth.sp::Event_PlayerDeath
L 01/07/2026 - 15:27:50: [SM] Exception reported: Invalid convar handle 0 (error 4)
L 01/07/2026 - 15:27:50: [SM] Blaming: 馻nkrunFixhealth.smx
L 01/07/2026 - 15:27:50: [SM] Call stack trace:
L 01/07/2026 - 15:27:50: [SM]   [0] GetConVarString
L 01/07/2026 - 15:27:50: [SM]   [1] Line 138, C:\Users\Moises\Downloads\Compressed\sourcemod-1.11.0-git6968-windows\addons\sourcemod\scripting\馻nkrunFixhealth.sp::IsTankRunActive
L 01/07/2026 - 15:27:50: [SM]   [2] Line 36, C:\Users\Moises\Downloads\Compressed\sourcemod-1.11.0-git6968-windows\addons\sourcemod\scripting\馻nkrunFixhealth.sp::Timer_PeriodicCheck
L 01/07/2026 - 15:27:52: [SM] Exception reported: Invalid convar handle 0 (error 4)
L 01/07/2026 - 15:27:52: [SM] Blaming: 馻nkrunFixhealth.smx
L 01/07/2026 - 15:27:52: [SM] Call stack trace:
L 01/07/2026 - 15:27:52: [SM]   [0] GetConVarString
L 01/07/2026 - 15:27:52: [SM]   [1] Line 138, C:\Users\Moises\Downloads\Compressed\sourcemod-1.11.0-git6968-windows\addons\sourcemod\scripting\馻nkrunFixhealth.sp::IsTankRunActive
L 01/07/2026 - 15:27:52: [SM]   [2] Line 79, C:\Users\Moises\Downloads\Compressed\sourcemod-1.11.0-git6968-windows\addons\sourcemod\scripting\馻nkrunFixhealth.sp::Event_PlayerDeath
L 01/07/2026 - 15:27:54: [SM] Exception reported: Invalid convar handle 0 (error 4)
L 01/07/2026 - 15:27:54: [SM] Blaming: 馻nkrunFixhealth.smx
L 01/07/2026 - 15:27:54: [SM] Call stack trace:
L 01/07/2026 - 15:27:54: [SM]   [0] GetConVarString
L 01/07/2026 - 15:27:54: [SM]   [1] Line 138, C:\Users\Moises\Downloads\Compressed\sourcemod-1.11.0-git6968-windows\addons\sourcemod\scripting\馻nkrunFixhealth.sp::IsTankRunActive
L 01/07/2026 - 15:27:54: [SM]   [2] Line 79, C:\Users\Moises\Downloads\Compressed\sourcemod-1.11.0-git6968-windows\addons\sourcemod\scripting\馻nkrunFixhealth.sp::Event_PlayerDeath
L 01/07/2026 - 15:27:55: [SM] Exception reported: Invalid convar handle 0 (error 4)
L 01/07/2026 - 15:27:55: [SM] Blaming: 馻nkrunFixhealth.smx
L 01/07/2026 - 15:27:55: [SM] Call stack trace:
L 01/07/2026 - 15:27:55: [SM]   [0] GetConVarString
L 01/07/2026 - 15:27:55: [SM]   [1] Line 138, C:\Users\Moises\Downloads\Compressed\sourcemod-1.11.0-git6968-windows\addons\sourcemod\scripting\馻nkrunFixhealth.sp::IsTankRunActive
L 01/07/2026 - 15:27:55: [SM]   [2] Line 79, C:\Users\Moises\Downloads\Compressed\sourcemod-1.11.0-git6968-windows\addons\sourcemod\scripting\馻nkrunFixhealth.sp::Event_PlayerDeath
L 01/07/2026 - 15:27:55: [SM] Exception reported: Invalid convar handle 0 (error 4)
L 01/07/2026 - 15:27:55: [SM] Blaming: 馻nkrunFixhealth.smx
L 01/07/2026 - 15:27:55: [SM] Call stack trace:
L 01/07/2026 - 15:27:55: [SM]   [0] GetConVarString
L 01/07/2026 - 15:27:55: [SM]   [1] Line 138, C:\Users\Moises\Downloads\Compressed\sourcemod-1.11.0-git6968-windows\addons\sourcemod\scripting\馻nkrunFixhealth.sp::IsTankRunActive
L 01/07/2026 - 15:27:55: [SM]   [2] Line 79, C:\Users\Moises\Downloads\Compressed\sourcemod-1.11.0-git6968-windows\addons\sourcemod\scripting\馻nkrunFixhealth.sp::Event_PlayerDeath
L 01/07/2026 - 15:27:56: [SM] Exception reported: Invalid convar handle 0 (error 4)
L 01/07/2026 - 15:27:56: [SM] Blaming: 馻nkrunFixhealth.smx
L 01/07/2026 - 15:27:56: [SM] Call stack trace:
L 01/07/2026 - 15:27:56: [SM]   [0] GetConVarString
L 01/07/2026 - 15:27:56: [SM]   [1] Line 138, C:\Users\Moises\Downloads\Compressed\sourcemod-1.11.0-git6968-windows\addons\sourcemod\scripting\馻nkrunFixhealth.sp::IsTankRunActive
L 01/07/2026 - 15:27:56: [SM]   [2] Line 79, C:\Users\Moises\Downloads\Compressed\sourcemod-1.11.0-git6968-windows\addons\sourcemod\scripting\馻nkrunFixhealth.sp::Event_PlayerDeath
L 01/07/2026 - 15:28:00: [SM] Exception reported: Invalid convar handle 0 (error 4)
L 01/07/2026 - 15:28:00: [SM] Blaming: 馻nkrunFixhealth.smx
L 01/07/2026 - 15:28:00: [SM] Call stack trace:
L 01/07/2026 - 15:28:00: [SM]   [0] GetConVarString
L 01/07/2026 - 15:28:00: [SM]   [1] Line 138, C:\Users\Moises\Downloads\Compressed\sourcemod-1.11.0-git6968-windows\addons\sourcemod\scripting\馻nkrunFixhealth.sp::IsTankRunActive
L 01/07/2026 - 15:28:00: [SM]   [2] Line 36, C:\Users\Moises\Downloads\Compressed\sourcemod-1.11.0-git6968-windows\addons\sourcemod\scripting\馻nkrunFixhealth.sp::Timer_PeriodicCheck
L 01/07/2026 - 15:28:02: [SM] Exception reported: Invalid convar handle 0 (error 4)
L 01/07/2026 - 15:28:02: [SM] Blaming: 馻nkrunFixhealth.smx
L 01/07/2026 - 15:28:02: [SM] Call stack trace:
L 01/07/2026 - 15:28:02: [SM]   [0] GetConVarString
L 01/07/2026 - 15:28:02: [SM]   [1] Line 138, C:\Users\Moises\Downloads\Compressed\sourcemod-1.11.0-git6968-windows\addons\sourcemod\scripting\馻nkrunFixhealth.sp::IsTankRunActive
L 01/07/2026 - 15:28:02: [SM]   [2] Line 79, C:\Users\Moises\Downloads\Compressed\sourcemod-1.11.0-git6968-windows\addons\sourcemod\scripting\馻nkrunFixhealth.sp::Event_PlayerDeath
L 01/07/2026 - 15:28:02: [SM] Exception reported: Invalid timer handle 4c60007f (error 1)
L 01/07/2026 - 15:28:02: [SM] Blaming: l4d2_playerjoining_v2.smx
L 01/07/2026 - 15:28:02: [SM] Call stack trace:
L 01/07/2026 - 15:28:02: [SM]   [0] KillTimer
L 01/07/2026 - 15:28:02: [SM]   [1] Line 53, C:\Users\Moises\Downloads\Compressed\sourcemod-1.11.0-git6968-windows\addons\sourcemod\scripting\l4d2_playerjoining_v2.sp::OnClientDisconnect
L 01/07/2026 - 15:28:04: [SM] Exception reported: Invalid convar handle 0 (error 4)
L 01/07/2026 - 15:28:04: [SM] Blaming: 馻nkrunFixhealth.smx
L 01/07/2026 - 15:28:04: [SM] Call stack trace:
L 01/07/2026 - 15:28:04: [SM]   [0] GetConVarString
L 01/07/2026 - 15:28:04: [SM]   [1] Line 138, C:\Users\Moises\Downloads\Compressed\sourcemod-1.11.0-git6968-windows\addons\sourcemod\scripting\馻nkrunFixhealth.sp::IsTankRunActive
L 01/07/2026 - 15:28:04: [SM]   [2] Line 79, C:\Users\Moises\Downloads\Compressed\sourcemod-1.11.0-git6968-windows\addons\sourcemod\scripting\馻nkrunFixhealth.sp::Event_PlayerDeath
L 01/07/2026 - 15:28:09: [SM] Exception reported: Invalid timer handle 6160043f (error 3)
L 01/07/2026 - 15:28:09: [SM] Blaming: l4d2_playerjoining_v2.smx
L 01/07/2026 - 15:28:09: [SM] Call stack trace:
L 01/07/2026 - 15:28:09: [SM]   [0] KillTimer
L 01/07/2026 - 15:28:09: [SM]   [1] Line 53, C:\Users\Moises\Downloads\Compressed\sourcemod-1.11.0-git6968-windows\addons\sourcemod\scripting\l4d2_playerjoining_v2.sp::OnClientDisconnect
L 01/07/2026 - 15:28:09: [SM] Exception reported: Invalid convar handle 0 (error 4)
L 01/07/2026 - 15:28:09: [SM] Blaming: 馻nkrunFixhealth.smx
L 01/07/2026 - 15:28:09: [SM] Call stack trace:
L 01/07/2026 - 15:28:09: [SM]   [0] GetConVarString
L 01/07/2026 - 15:28:09: [SM]   [1] Line 138, C:\Users\Moises\Downloads\Compressed\sourcemod-1.11.0-git6968-windows\addons\sourcemod\scripting\馻nkrunFixhealth.sp::IsTankRunActive
L 01/07/2026 - 15:28:09: [SM]   [2] Line 79, C:\Users\Moises\Downloads\Compressed\sourcemod-1.11.0-git6968-windows\addons\sourcemod\scripting\馻nkrunFixhealth.sp::Event_PlayerDeath
L 01/07/2026 - 15:28:10: [SM] Exception reported: Invalid convar handle 0 (error 4)
L 01/07/2026 - 15:28:10: [SM] Blaming: 馻nkrunFixhealth.smx
L 01/07/2026 - 15:28:10: [SM] Call stack trace:
L 01/07/2026 - 15:28:10: [SM]   [0] GetConVarString
L 01/07/2026 - 15:28:10: [SM]   [1] Line 138, C:\Users\Moises\Downloads\Compressed\sourcemod-1.11.0-git6968-windows\addons\sourcemod\scripting\馻nkrunFixhealth.sp::IsTankRunActive
L 01/07/2026 - 15:28:10: [SM]   [2] Line 36, C:\Users\Moises\Downloads\Compressed\sourcemod-1.11.0-git6968-windows\addons\sourcemod\scripting\馻nkrunFixhealth.sp::Timer_PeriodicCheck
L 01/07/2026 - 15:28:11: [SM] Exception reported: Invalid convar handle 0 (error 4)
L 01/07/2026 - 15:28:11: [SM] Blaming: 馻nkrunFixhealth.smx
L 01/07/2026 - 15:28:11: [SM] Call stack trace:
L 01/07/2026 - 15:28:11: [SM]   [0] GetConVarString
L 01/07/2026 - 15:28:11: [SM]   [1] Line 138, C:\Users\Moises\Downloads\Compressed\sourcemod-1.11.0-git6968-windows\addons\sourcemod\scripting\馻nkrunFixhealth.sp::IsTankRunActive
L 01/07/2026 - 15:28:11: [SM]   [2] Line 79, C:\Users\Moises\Downloads\Compressed\sourcemod-1.11.0-git6968-windows\addons\sourcemod\scripting\馻nkrunFixhealth.sp::Event_PlayerDeath
L 01/07/2026 - 15:28:12: [SM] Exception reported: Invalid convar handle 0 (error 4)
L 01/07/2026 - 15:28:12: [SM] Blaming: 馻nkrunFixhealth.smx
L 01/07/2026 - 15:28:12: [SM] Call stack trace:
L 01/07/2026 - 15:28:12: [SM]   [0] GetConVarString
L 01/07/2026 - 15:28:12: [SM]   [1] Line 138, C:\Users\Moises\Downloads\Compressed\sourcemod-1.11.0-git6968-windows\addons\sourcemod\scripting\馻nkrunFixhealth.sp::IsTankRunActive
L 01/07/2026 - 15:28:12: [SM]   [2] Line 79, C:\Users\Moises\Downloads\Compressed\sourcemod-1.11.0-git6968-windows\addons\sourcemod\scripting\馻nkrunFixhealth.sp::Event_PlayerDeath
L 01/07/2026 - 15:28:14: [SM] Exception reported: Invalid convar handle 0 (error 4)
L 01/07/2026 - 15:28:14: [SM] Blaming: 馻nkrunFixhealth.smx
L 01/07/2026 - 15:28:14: [SM] Call stack trace:
L 01/07/2026 - 15:28:14: [SM]   [0] GetConVarString
L 01/07/2026 - 15:28:14: [SM]   [1] Line 138, C:\Users\Moises\Downloads\Compressed\sourcemod-1.11.0-git6968-windows\addons\sourcemod\scripting\馻nkrunFixhealth.sp::IsTankRunActive
L 01/07/2026 - 15:28:14: [SM]   [2] Line 79, C:\Users\Moises\Downloads\Compressed\sourcemod-1.11.0-git6968-windows\addons\sourcemod\scripting\馻nkrunFixhealth.sp::Event_PlayerDeath
L 01/07/2026 - 15:28:15: [SM] Exception reported: Invalid convar handle 0 (error 4)
L 01/07/2026 - 15:28:15: [SM] Blaming: 馻nkrunFixhealth.smx
L 01/07/2026 - 15:28:15: [SM] Call stack trace:
L 01/07/2026 - 15:28:15: [SM]   [0] GetConVarString
L 01/07/2026 - 15:28:15: [SM]   [1] Line 138, C:\Users\Moises\Downloads\Compressed\sourcemod-1.11.0-git6968-windows\addons\sourcemod\scripting\馻nkrunFixhealth.sp::IsTankRunActive
L 01/07/2026 - 15:28:15: [SM]   [2] Line 79, C:\Users\Moises\Downloads\Compressed\sourcemod-1.11.0-git6968-windows\addons\sourcemod\scripting\馻nkrunFixhealth.sp::Event_PlayerDeath
L 01/07/2026 - 15:28:15: [SM] Exception reported: Invalid convar handle 0 (error 4)
L 01/07/2026 - 15:28:15: [SM] Blaming: 馻nkrunFixhealth.smx
L 01/07/2026 - 15:28:15: [SM] Call stack trace:
L 01/07/2026 - 15:28:15: [SM]   [0] GetConVarString
L 01/07/2026 - 15:28:15: [SM]   [1] Line 138, C:\Users\Moises\Downloads\Compressed\sourcemod-1.11.0-git6968-windows\addons\sourcemod\scripting\馻nkrunFixhealth.sp::IsTankRunActive
L 01/07/2026 - 15:28:15: [SM]   [2] Line 79, C:\Users\Moises\Downloads\Compressed\sourcemod-1.11.0-git6968-windows\addons\sourcemod\scripting\馻nkrunFixhealth.sp::Event_PlayerDeath
L 01/07/2026 - 15:28:19: [SM] Exception reported: Invalid convar handle 0 (error 4)
L 01/07/2026 - 15:28:19: [SM] Blaming: 馻nkrunFixhealth.smx
L 01/07/2026 - 15:28:19: [SM] Call stack trace:
L 01/07/2026 - 15:28:19: [SM]   [0] GetConVarString
L 01/07/2026 - 15:28:19: [SM]   [1] Line 138, C:\Users\Moises\Downloads\Compressed\sourcemod-1.11.0-git6968-windows\addons\sourcemod\scripting\馻nkrunFixhealth.sp::IsTankRunActive
L 01/07/2026 - 15:28:19: [SM]   [2] Line 79, C:\Users\Moises\Downloads\Compressed\sourcemod-1.11.0-git6968-windows\addons\sourcemod\scripting\馻nkrunFixhealth.sp::Event_PlayerDeath
L 01/07/2026 - 15:28:20: [SM] Exception reported: Invalid convar handle 0 (error 4)
L 01/07/2026 - 15:28:20: [SM] Blaming: 馻nkrunFixhealth.smx
L 01/07/2026 - 15:28:20: [SM] Call stack trace:
L 01/07/2026 - 15:28:20: [SM]   [0] GetConVarString
L 01/07/2026 - 15:28:20: [SM]   [1] Line 138, C:\Users\Moises\Downloads\Compressed\sourcemod-1.11.0-git6968-windows\addons\sourcemod\scripting\馻nkrunFixhealth.sp::IsTankRunActive
L 01/07/2026 - 15:28:20: [SM]   [2] Line 36, C:\Users\Moises\Downloads\Compressed\sourcemod-1.11.0-git6968-windows\addons\sourcemod\scripting\馻nkrunFixhealth.sp::Timer_PeriodicCheck
L 01/07/2026 - 15:28:24: [SM] Exception reported: Invalid convar handle 0 (error 4)
L 01/07/2026 - 15:28:24: [SM] Blaming: 馻nkrunFixhealth.smx
L 01/07/2026 - 15:28:24: [SM] Call stack trace:
L 01/07/2026 - 15:28:24: [SM]   [0] GetConVarString
L 01/07/2026 - 15:28:24: [SM]   [1] Line 138, C:\Users\Moises\Downloads\Compressed\sourcemod-1.11.0-git6968-windows\addons\sourcemod\scripting\馻nkrunFixhealth.sp::IsTankRunActive
L 01/07/2026 - 15:28:24: [SM]   [2] Line 79, C:\Users\Moises\Downloads\Compressed\sourcemod-1.11.0-git6968-windows\addons\sourcemod\scripting\馻nkrunFixhealth.sp::Event_PlayerDeath
L 01/07/2026 - 15:28:25: [SM] Exception reported: Invalid convar handle 0 (error 4)
L 01/07/2026 - 15:28:25: [SM] Blaming: 馻nkrunFixhealth.smx
L 01/07/2026 - 15:28:25: [SM] Call stack trace:
L 01/07/2026 - 15:28:25: [SM]   [0] GetConVarString
L 01/07/2026 - 15:28:25: [SM]   [1] Line 138, C:\Users\Moises\Downloads\Compressed\sourcemod-1.11.0-git6968-windows\addons\sourcemod\scripting\馻nkrunFixhealth.sp::IsTankRunActive
L 01/07/2026 - 15:28:25: [SM]   [2] Line 79, C:\Users\Moises\Downloads\Compressed\sourcemod-1.11.0-git6968-windows\addons\sourcemod\scripting\馻nkrunFixhealth.sp::Event_PlayerDeath
L 01/07/2026 - 15:28:26: [SM] Exception reported: Invalid convar handle 0 (error 4)
L 01/07/2026 - 15:28:26: [SM] Blaming: 馻nkrunFixhealth.smx
L 01/07/2026 - 15:28:26: [SM] Call stack trace:
L 01/07/2026 - 15:28:26: [SM]   [0] GetConVarString
L 01/07/2026 - 15:28:26: [SM]   [1] Line 138, C:\Users\Moises\Downloads\Compressed\sourcemod-1.11.0-git6968-windows\addons\sourcemod\scripting\馻nkrunFixhealth.sp::IsTankRunActive
L 01/07/2026 - 15:28:26: [SM]   [2] Line 79, C:\Users\Moises\Downloads\Compressed\sourcemod-1.11.0-git6968-windows\addons\sourcemod\scripting\馻nkrunFixhealth.sp::Event_PlayerDeath
L 01/07/2026 - 15:28:26: [SM] Exception reported: Invalid convar handle 0 (error 4)
L 01/07/2026 - 15:28:26: [SM] Blaming: 馻nkrunFixhealth.smx
L 01/07/2026 - 15:28:26: [SM] Call stack trace:
L 01/07/2026 - 15:28:26: [SM]   [0] GetConVarString
L 01/07/2026 - 15:28:26: [SM]   [1] Line 138, C:\Users\Moises\Downloads\Compressed\sourcemod-1.11.0-git6968-windows\addons\sourcemod\scripting\馻nkrunFixhealth.sp::IsTankRunActive
L 01/07/2026 - 15:28:26: [SM]   [2] Line 79, C:\Users\Moises\Downloads\Compressed\sourcemod-1.11.0-git6968-windows\addons\sourcemod\scripting\馻nkrunFixhealth.sp::Event_PlayerDeath
L 01/07/2026 - 15:28:26: [SM] Exception reported: Invalid convar handle 0 (error 4)
L 01/07/2026 - 15:28:26: [SM] Blaming: 馻nkrunFixhealth.smx
L 01/07/2026 - 15:28:26: [SM] Call stack trace:
L 01/07/2026 - 15:28:26: [SM]   [0] GetConVarString
L 01/07/2026 - 15:28:26: [SM]   [1] Line 138, C:\Users\Moises\Downloads\Compressed\sourcemod-1.11.0-git6968-windows\addons\sourcemod\scripting\馻nkrunFixhealth.sp::IsTankRunActive
L 01/07/2026 - 15:28:26: [SM]   [2] Line 79, C:\Users\Moises\Downloads\Compressed\sourcemod-1.11.0-git6968-windows\addons\sourcemod\scripting\馻nkrunFixhealth.sp::Event_PlayerDeath
L 01/07/2026 - 15:28:26: [SM] Exception reported: Invalid convar handle 0 (error 4)
L 01/07/2026 - 15:28:26: [SM] Blaming: 馻nkrunFixhealth.smx
L 01/07/2026 - 15:28:26: [SM] Call stack trace:
L 01/07/2026 - 15:28:26: [SM]   [0] GetConVarString
L 01/07/2026 - 15:28:26: [SM]   [1] Line 138, C:\Users\Moises\Downloads\Compressed\sourcemod-1.11.0-git6968-windows\addons\sourcemod\scripting\馻nkrunFixhealth.sp::IsTankRunActive
L 01/07/2026 - 15:28:26: [SM]   [2] Line 79, C:\Users\Moises\Downloads\Compressed\sourcemod-1.11.0-git6968-windows\addons\sourcemod\scripting\馻nkrunFixhealth.sp::Event_PlayerDeath
L 01/07/2026 - 15:28:27: [SM] Exception reported: Invalid convar handle 0 (error 4)
L 01/07/2026 - 15:28:27: [SM] Blaming: 馻nkrunFixhealth.smx
L 01/07/2026 - 15:28:27: [SM] Call stack trace:
L 01/07/2026 - 15:28:27: [SM]   [0] GetConVarString
L 01/07/2026 - 15:28:27: [SM]   [1] Line 138, C:\Users\Moises\Downloads\Compressed\sourcemod-1.11.0-git6968-windows\addons\sourcemod\scripting\馻nkrunFixhealth.sp::IsTankRunActive
L 01/07/2026 - 15:28:27: [SM]   [2] Line 79, C:\Users\Moises\Downloads\Compressed\sourcemod-1.11.0-git6968-windows\addons\sourcemod\scripting\馻nkrunFixhealth.sp::Event_PlayerDeath
L 01/07/2026 - 15:28:27: [SM] Exception reported: Invalid convar handle 0 (error 4)
L 01/07/2026 - 15:28:27: [SM] Blaming: 馻nkrunFixhealth.smx
L 01/07/2026 - 15:28:27: [SM] Call stack trace:
L 01/07/2026 - 15:28:27: [SM]   [0] GetConVarString
L 01/07/2026 - 15:28:27: [SM]   [1] Line 138, C:\Users\Moises\Downloads\Compressed\sourcemod-1.11.0-git6968-windows\addons\sourcemod\scripting\馻nkrunFixhealth.sp::IsTankRunActive
L 01/07/2026 - 15:28:27: [SM]   [2] Line 79, C:\Users\Moises\Downloads\Compressed\sourcemod-1.11.0-git6968-windows\addons\sourcemod\scripting\馻nkrunFixhealth.sp::Event_PlayerDeath
L 01/07/2026 - 15:28:28: [SM] Exception reported: Invalid convar handle 0 (error 4)
L 01/07/2026 - 15:28:28: [SM] Blaming: 馻nkrunFixhealth.smx
L 01/07/2026 - 15:28:28: [SM] Call stack trace:
L 01/07/2026 - 15:28:28: [SM]   [0] GetConVarString
L 01/07/2026 - 15:28:28: [SM]   [1] Line 138, C:\Users\Moises\Downloads\Compressed\sourcemod-1.11.0-git6968-windows\addons\sourcemod\scripting\馻nkrunFixhealth.sp::IsTankRunActive
L 01/07/2026 - 15:28:28: [SM]   [2] Line 79, C:\Users\Moises\Downloads\Compressed\sourcemod-1.11.0-git6968-windows\addons\sourcemod\scripting\馻nkrunFixhealth.sp::Event_PlayerDeath
L 01/07/2026 - 15:28:29: [SM] Exception reported: Invalid convar handle 0 (error 4)
L 01/07/2026 - 15:28:29: [SM] Blaming: 馻nkrunFixhealth.smx
L 01/07/2026 - 15:28:29: [SM] Call stack trace:
L 01/07/2026 - 15:28:29: [SM]   [0] GetConVarString
L 01/07/2026 - 15:28:29: [SM]   [1] Line 138, C:\Users\Moises\Downloads\Compressed\sourcemod-1.11.0-git6968-windows\addons\sourcemod\scripting\馻nkrunFixhealth.sp::IsTankRunActive
L 01/07/2026 - 15:28:29: [SM]   [2] Line 79, C:\Users\Moises\Downloads\Compressed\sourcemod-1.11.0-git6968-windows\addons\sourcemod\scripting\馻nkrunFixhealth.sp::Event_PlayerDeath
L 01/07/2026 - 15:28:29: [SM] Exception reported: Invalid convar handle 0 (error 4)
L 01/07/2026 - 15:28:29: [SM] Blaming: 馻nkrunFixhealth.smx
L 01/07/2026 - 15:28:29: [SM] Call stack trace:
L 01/07/2026 - 15:28:29: [SM]   [0] GetConVarString
L 01/07/2026 - 15:28:29: [SM]   [1] Line 138, C:\Users\Moises\Downloads\Compressed\sourcemod-1.11.0-git6968-windows\addons\sourcemod\scripting\馻nkrunFixhealth.sp::IsTankRunActive
L 01/07/2026 - 15:28:29: [SM]   [2] Line 79, C:\Users\Moises\Downloads\Compressed\sourcemod-1.11.0-git6968-windows\addons\sourcemod\scripting\馻nkrunFixhealth.sp::Event_PlayerDeath
L 01/07/2026 - 15:28:30: [SM] Exception reported: Invalid convar handle 0 (error 4)
L 01/07/2026 - 15:28:30: [SM] Blaming: 馻nkrunFixhealth.smx
L 01/07/2026 - 15:28:30: [SM] Call stack trace:
L 01/07/2026 - 15:28:30: [SM]   [0] GetConVarString
L 01/07/2026 - 15:28:30: [SM]   [1] Line 138, C:\Users\Moises\Downloads\Compressed\sourcemod-1.11.0-git6968-windows\addons\sourcemod\scripting\馻nkrunFixhealth.sp::IsTankRunActive
L 01/07/2026 - 15:28:30: [SM]   [2] Line 36, C:\Users\Moises\Downloads\Compressed\sourcemod-1.11.0-git6968-windows\addons\sourcemod\scripting\馻nkrunFixhealth.sp::Timer_PeriodicCheck
L 01/07/2026 - 15:28:31: [SM] Exception reported: Invalid convar handle 0 (error 4)
L 01/07/2026 - 15:28:31: [SM] Blaming: 馻nkrunFixhealth.smx
L 01/07/2026 - 15:28:31: [SM] Call stack trace:
L 01/07/2026 - 15:28:31: [SM]   [0] GetConVarString
L 01/07/2026 - 15:28:31: [SM]   [1] Line 138, C:\Users\Moises\Downloads\Compressed\sourcemod-1.11.0-git6968-windows\addons\sourcemod\scripting\馻nkrunFixhealth.sp::IsTankRunActive
L 01/07/2026 - 15:28:31: [SM]   [2] Line 79, C:\Users\Moises\Downloads\Compressed\sourcemod-1.11.0-git6968-windows\addons\sourcemod\scripting\馻nkrunFixhealth.sp::Event_PlayerDeath
L 01/07/2026 - 15:28:33: [SM] Exception reported: Invalid convar handle 0 (error 4)
L 01/07/2026 - 15:28:33: [SM] Blaming: 馻nkrunFixhealth.smx
L 01/07/2026 - 15:28:33: [SM] Call stack trace:
L 01/07/2026 - 15:28:33: [SM]   [0] GetConVarString
L 01/07/2026 - 15:28:33: [SM]   [1] Line 138, C:\Users\Moises\Downloads\Compressed\sourcemod-1.11.0-git6968-windows\addons\sourcemod\scripting\馻nkrunFixhealth.sp::IsTankRunActive
L 01/07/2026 - 15:28:33: [SM]   [2] Line 79, C:\Users\Moises\Downloads\Compressed\sourcemod-1.11.0-git6968-windows\addons\sourcemod\scripting\馻nkrunFixhealth.sp::Event_PlayerDeath
L 01/07/2026 - 15:28:33: [SM] Exception reported: Invalid convar handle 0 (error 4)
L 01/07/2026 - 15:28:33: [SM] Blaming: 馻nkrunFixhealth.smx
L 01/07/2026 - 15:28:33: [SM] Call stack trace:
L 01/07/2026 - 15:28:33: [SM]   [0] GetConVarString
L 01/07/2026 - 15:28:33: [SM]   [1] Line 138, C:\Users\Moises\Downloads\Compressed\sourcemod-1.11.0-git6968-windows\addons\sourcemod\scripting\馻nkrunFixhealth.sp::IsTankRunActive
L 01/07/2026 - 15:28:33: [SM]   [2] Line 79, C:\Users\Moises\Downloads\Compressed\sourcemod-1.11.0-git6968-windows\addons\sourcemod\scripting\馻nkrunFixhealth.sp::Event_PlayerDeath
L 01/07/2026 - 15:28:34: [SM] Exception reported: Invalid convar handle 0 (error 4)
L 01/07/2026 - 15:28:34: [SM] Blaming: 馻nkrunFixhealth.smx
L 01/07/2026 - 15:28:34: [SM] Call stack trace:
L 01/07/2026 - 15:28:34: [SM]   [0] GetConVarString
L 01/07/2026 - 15:28:34: [SM]   [1] Line 138, C:\Users\Moises\Downloads\Compressed\sourcemod-1.11.0-git6968-windows\addons\sourcemod\scripting\馻nkrunFixhealth.sp::IsTankRunActive
L 01/07/2026 - 15:28:34: [SM]   [2] Line 79, C:\Users\Moises\Downloads\Compressed\sourcemod-1.11.0-git6968-windows\addons\sourcemod\scripting\馻nkrunFixhealth.sp::Event_PlayerDeath
L 01/07/2026 - 15:28:35: [SM] Exception reported: Invalid convar handle 0 (error 4)
L 01/07/2026 - 15:28:35: [SM] Blaming: 馻nkrunFixhealth.smx
L 01/07/2026 - 15:28:35: [SM] Call stack trace:
L 01/07/2026 - 15:28:35: [SM]   [0] GetConVarString
L 01/07/2026 - 15:28:35: [SM]   [1] Line 138, C:\Users\Moises\Downloads\Compressed\sourcemod-1.11.0-git6968-windows\addons\sourcemod\scripting\馻nkrunFixhealth.sp::IsTankRunActive
L 01/07/2026 - 15:28:35: [SM]   [2] Line 79, C:\Users\Moises\Downloads\Compressed\sourcemod-1.11.0-git6968-windows\addons\sourcemod\scripting\馻nkrunFixhealth.sp::Event_PlayerDeath
L 01/07/2026 - 15:28:35: [SM] Exception reported: Invalid convar handle 0 (error 4)
L 01/07/2026 - 15:28:35: [SM] Blaming: 馻nkrunFixhealth.smx
L 01/07/2026 - 15:28:35: [SM] Call stack trace:
L 01/07/2026 - 15:28:35: [SM]   [0] GetConVarString
L 01/07/2026 - 15:28:35: [SM]   [1] Line 138, C:\Users\Moises\Downloads\Compressed\sourcemod-1.11.0-git6968-windows\addons\sourcemod\scripting\馻nkrunFixhealth.sp::IsTankRunActive
L 01/07/2026 - 15:28:35: [SM]   [2] Line 79, C:\Users\Moises\Downloads\Compressed\sourcemod-1.11.0-git6968-windows\addons\sourcemod\scripting\馻nkrunFixhealth.sp::Event_PlayerDeath
L 01/07/2026 - 15:28:35: [SM] Exception reported: Invalid convar handle 0 (error 4)
L 01/07/2026 - 15:28:35: [SM] Blaming: 馻nkrunFixhealth.smx
L 01/07/2026 - 15:28:35: [SM] Call stack trace:
L 01/07/2026 - 15:28:35: [SM]   [0] GetConVarString
L 01/07/2026 - 15:28:35: [SM]   [1] Line 138, C:\Users\Moises\Downloads\Compressed\sourcemod-1.11.0-git6968-windows\addons\sourcemod\scripting\馻nkrunFixhealth.sp::IsTankRunActive
L 01/07/2026 - 15:28:35: [SM]   [2] Line 79, C:\Users\Moises\Downloads\Compressed\sourcemod-1.11.0-git6968-windows\addons\sourcemod\scripting\馻nkrunFixhealth.sp::Event_PlayerDeath
L 01/07/2026 - 15:28:40: [SM] Exception reported: Invalid convar handle 0 (error 4)
L 01/07/2026 - 15:28:40: [SM] Blaming: 馻nkrunFixhealth.smx
L 01/07/2026 - 15:28:40: [SM] Call stack trace:
L 01/07/2026 - 15:28:40: [SM]   [0] GetConVarString
L 01/07/2026 - 15:28:40: [SM]   [1] Line 138, C:\Users\Moises\Downloads\Compressed\sourcemod-1.11.0-git6968-windows\addons\sourcemod\scripting\馻nkrunFixhealth.sp::IsTankRunActive
L 01/07/2026 - 15:28:40: [SM]   [2] Line 36, C:\Users\Moises\Downloads\Compressed\sourcemod-1.11.0-git6968-windows\addons\sourcemod\scripting\馻nkrunFixhealth.sp::Timer_PeriodicCheck
L 01/07/2026 - 15:28:40: [SM] Exception reported: Invalid convar handle 0 (error 4)
L 01/07/2026 - 15:28:40: [SM] Blaming: 馻nkrunFixhealth.smx
L 01/07/2026 - 15:28:40: [SM] Call stack trace:
L 01/07/2026 - 15:28:40: [SM]   [0] GetConVarString
L 01/07/2026 - 15:28:40: [SM]   [1] Line 138, C:\Users\Moises\Downloads\Compressed\sourcemod-1.11.0-git6968-windows\addons\sourcemod\scripting\馻nkrunFixhealth.sp::IsTankRunActive
L 01/07/2026 - 15:28:40: [SM]   [2] Line 79, C:\Users\Moises\Downloads\Compressed\sourcemod-1.11.0-git6968-windows\addons\sourcemod\scripting\馻nkrunFixhealth.sp::Event_PlayerDeath
L 01/07/2026 - 15:28:40: [SM] Exception reported: Invalid convar handle 0 (error 4)
L 01/07/2026 - 15:28:40: [SM] Blaming: 馻nkrunFixhealth.smx
L 01/07/2026 - 15:28:40: [SM] Call stack trace:
L 01/07/2026 - 15:28:40: [SM]   [0] GetConVarString
L 01/07/2026 - 15:28:40: [SM]   [1] Line 138, C:\Users\Moises\Downloads\Compressed\sourcemod-1.11.0-git6968-windows\addons\sourcemod\scripting\馻nkrunFixhealth.sp::IsTankRunActive
L 01/07/2026 - 15:28:40: [SM]   [2] Line 79, C:\Users\Moises\Downloads\Compressed\sourcemod-1.11.0-git6968-windows\addons\sourcemod\scripting\馻nkrunFixhealth.sp::Event_PlayerDeath
L 01/07/2026 - 15:28:40: [SM] Exception reported: Invalid convar handle 0 (error 4)
L 01/07/2026 - 15:28:40: [SM] Blaming: 馻nkrunFixhealth.smx
L 01/07/2026 - 15:28:40: [SM] Call stack trace:
L 01/07/2026 - 15:28:40: [SM]   [0] GetConVarString
L 01/07/2026 - 15:28:40: [SM]   [1] Line 138, C:\Users\Moises\Downloads\Compressed\sourcemod-1.11.0-git6968-windows\addons\sourcemod\scripting\馻nkrunFixhealth.sp::IsTankRunActive
L 01/07/2026 - 15:28:40: [SM]   [2] Line 79, C:\Users\Moises\Downloads\Compressed\sourcemod-1.11.0-git6968-windows\addons\sourcemod\scripting\馻nkrunFixhealth.sp::Event_PlayerDeath
L 01/07/2026 - 15:28:42: [SM] Exception reported: Invalid convar handle 0 (error 4)
L 01/07/2026 - 15:28:42: [SM] Blaming: 馻nkrunFixhealth.smx
L 01/07/2026 - 15:28:42: [SM] Call stack trace:
L 01/07/2026 - 15:28:42: [SM]   [0] GetConVarString
L 01/07/2026 - 15:28:42: [SM]   [1] Line 138, C:\Users\Moises\Downloads\Compressed\sourcemod-1.11.0-git6968-windows\addons\sourcemod\scripting\馻nkrunFixhealth.sp::IsTankRunActive
L 01/07/2026 - 15:28:42: [SM]   [2] Line 79, C:\Users\Moises\Downloads\Compressed\sourcemod-1.11.0-git6968-windows\addons\sourcemod\scripting\馻nkrunFixhealth.sp::Event_PlayerDeath
L 01/07/2026 - 15:28:43: [SM] Exception reported: Invalid convar handle 0 (error 4)
L 01/07/2026 - 15:28:43: [SM] Blaming: 馻nkrunFixhealth.smx
L 01/07/2026 - 15:28:43: [SM] Call stack trace:
L 01/07/2026 - 15:28:43: [SM]   [0] GetConVarString
L 01/07/2026 - 15:28:43: [SM]   [1] Line 138, C:\Users\Moises\Downloads\Compressed\sourcemod-1.11.0-git6968-windows\addons\sourcemod\scripting\馻nkrunFixhealth.sp::IsTankRunActive
L 01/07/2026 - 15:28:43: [SM]   [2] Line 79, C:\Users\Moises\Downloads\Compressed\sourcemod-1.11.0-git6968-windows\addons\sourcemod\scripting\馻nkrunFixhealth.sp::Event_PlayerDeath
L 01/07/2026 - 15:28:43: [SM] Exception reported: Invalid convar handle 0 (error 4)
L 01/07/2026 - 15:28:43: [SM] Blaming: 馻nkrunFixhealth.smx
L 01/07/2026 - 15:28:43: [SM] Call stack trace:
L 01/07/2026 - 15:28:43: [SM]   [0] GetConVarString
L 01/07/2026 - 15:28:43: [SM]   [1] Line 138, C:\Users\Moises\Downloads\Compressed\sourcemod-1.11.0-git6968-windows\addons\sourcemod\scripting\馻nkrunFixhealth.sp::IsTankRunActive
L 01/07/2026 - 15:28:43: [SM]   [2] Line 79, C:\Users\Moises\Downloads\Compressed\sourcemod-1.11.0-git6968-windows\addons\sourcemod\scripting\馻nkrunFixhealth.sp::Event_PlayerDeath
L 01/07/2026 - 15:28:43: [SM] Exception reported: Invalid convar handle 0 (error 4)
L 01/07/2026 - 15:28:43: [SM] Blaming: 馻nkrunFixhealth.smx
L 01/07/2026 - 15:28:43: [SM] Call stack trace:
L 01/07/2026 - 15:28:43: [SM]   [0] GetConVarString
L 01/07/2026 - 15:28:43: [SM]   [1] Line 138, C:\Users\Moises\Downloads\Compressed\sourcemod-1.11.0-git6968-windows\addons\sourcemod\scripting\馻nkrunFixhealth.sp::IsTankRunActive
L 01/07/2026 - 15:28:43: [SM]   [2] Line 79, C:\Users\Moises\Downloads\Compressed\sourcemod-1.11.0-git6968-windows\addons\sourcemod\scripting\馻nkrunFixhealth.sp::Event_PlayerDeath
L 01/07/2026 - 15:28:43: [SM] Exception reported: Invalid convar handle 0 (error 4)
L 01/07/2026 - 15:28:43: [SM] Blaming: 馻nkrunFixhealth.smx
L 01/07/2026 - 15:28:43: [SM] Call stack trace:
L 01/07/2026 - 15:28:43: [SM]   [0] GetConVarString
L 01/07/2026 - 15:28:43: [SM]   [1] Line 138, C:\Users\Moises\Downloads\Compressed\sourcemod-1.11.0-git6968-windows\addons\sourcemod\scripting\馻nkrunFixhealth.sp::IsTankRunActive
L 01/07/2026 - 15:28:43: [SM]   [2] Line 79, C:\Users\Moises\Downloads\Compressed\sourcemod-1.11.0-git6968-windows\addons\sourcemod\scripting\馻nkrunFixhealth.sp::Event_PlayerDeath
L 01/07/2026 - 15:28:45: [SM] Exception reported: Invalid convar handle 0 (error 4)
L 01/07/2026 - 15:28:45: [SM] Blaming: 馻nkrunFixhealth.smx
L 01/07/2026 - 15:28:45: [SM] Call stack trace:
L 01/07/2026 - 15:28:45: [SM]   [0] GetConVarString
L 01/07/2026 - 15:28:45: [SM]   [1] Line 138, C:\Users\Moises\Downloads\Compressed\sourcemod-1.11.0-git6968-windows\addons\sourcemod\scripting\馻nkrunFixhealth.sp::IsTankRunActive
L 01/07/2026 - 15:28:45: [SM]   [2] Line 79, C:\Users\Moises\Downloads\Compressed\sourcemod-1.11.0-git6968-windows\addons\sourcemod\scripting\馻nkrunFixhealth.sp::Event_PlayerDeath
L 01/07/2026 - 15:28:45: [SM] Exception reported: Invalid convar handle 0 (error 4)
L 01/07/2026 - 15:28:45: [SM] Blaming: 馻nkrunFixhealth.smx
L 01/07/2026 - 15:28:45: [SM] Call stack trace:
L 01/07/2026 - 15:28:45: [SM]   [0] GetConVarString
L 01/07/2026 - 15:28:45: [SM]   [1] Line 138, C:\Users\Moises\Downloads\Compressed\sourcemod-1.11.0-git6968-windows\addons\sourcemod\scripting\馻nkrunFixhealth.sp::IsTankRunActive
L 01/07/2026 - 15:28:45: [SM]   [2] Line 79, C:\Users\Moises\Downloads\Compressed\sourcemod-1.11.0-git6968-windows\addons\sourcemod\scripting\馻nkrunFixhealth.sp::Event_PlayerDeath
L 01/07/2026 - 15:28:47: [SM] Exception reported: Invalid convar handle 0 (error 4)
L 01/07/2026 - 15:28:47: [SM] Blaming: 馻nkrunFixhealth.smx
L 01/07/2026 - 15:28:47: [SM] Call stack trace:
L 01/07/2026 - 15:28:47: [SM]   [0] GetConVarString
L 01/07/2026 - 15:28:47: [SM]   [1] Line 138, C:\Users\Moises\Downloads\Compressed\sourcemod-1.11.0-git6968-windows\addons\sourcemod\scripting\馻nkrunFixhealth.sp::IsTankRunActive
L 01/07/2026 - 15:28:47: [SM]   [2] Line 79, C:\Users\Moises\Downloads\Compressed\sourcemod-1.11.0-git6968-windows\addons\sourcemod\scripting\馻nkrunFixhealth.sp::Event_PlayerDeath
L 01/07/2026 - 15:28:50: [SM] Exception reported: Invalid timer handle 6160043f (error 3)
L 01/07/2026 - 15:28:50: [SM] Blaming: l4d2_playerjoining_v2.smx
L 01/07/2026 - 15:28:50: [SM] Call stack trace:
L 01/07/2026 - 15:28:50: [SM]   [0] KillTimer
L 01/07/2026 - 15:28:50: [SM]   [1] Line 53, C:\Users\Moises\Downloads\Compressed\sourcemod-1.11.0-git6968-windows\addons\sourcemod\scripting\l4d2_playerjoining_v2.sp::OnClientDisconnect
L 01/07/2026 - 15:28:50: [SM] Exception reported: Invalid convar handle 0 (error 4)
L 01/07/2026 - 15:28:50: [SM] Blaming: 馻nkrunFixhealth.smx
L 01/07/2026 - 15:28:50: [SM] Call stack trace:
L 01/07/2026 - 15:28:50: [SM]   [0] GetConVarString
L 01/07/2026 - 15:28:50: [SM]   [1] Line 138, C:\Users\Moises\Downloads\Compressed\sourcemod-1.11.0-git6968-windows\addons\sourcemod\scripting\馻nkrunFixhealth.sp::IsTankRunActive
L 01/07/2026 - 15:28:50: [SM]   [2] Line 36, C:\Users\Moises\Downloads\Compressed\sourcemod-1.11.0-git6968-windows\addons\sourcemod\scripting\馻nkrunFixhealth.sp::Timer_PeriodicCheck
L 01/07/2026 - 15:28:50: [SM] Exception reported: Invalid convar handle 0 (error 4)
L 01/07/2026 - 15:28:50: [SM] Blaming: 馻nkrunFixhealth.smx
L 01/07/2026 - 15:28:50: [SM] Call stack trace:
L 01/07/2026 - 15:28:50: [SM]   [0] GetConVarString
L 01/07/2026 - 15:28:50: [SM]   [1] Line 138, C:\Users\Moises\Downloads\Compressed\sourcemod-1.11.0-git6968-windows\addons\sourcemod\scripting\馻nkrunFixhealth.sp::IsTankRunActive
L 01/07/2026 - 15:28:50: [SM]   [2] Line 79, C:\Users\Moises\Downloads\Compressed\sourcemod-1.11.0-git6968-windows\addons\sourcemod\scripting\馻nkrunFixhealth.sp::Event_PlayerDeath
L 01/07/2026 - 15:28:50: [SM] Exception reported: Invalid convar handle 0 (error 4)
L 01/07/2026 - 15:28:50: [SM] Blaming: 馻nkrunFixhealth.smx
L 01/07/2026 - 15:28:50: [SM] Call stack trace:
L 01/07/2026 - 15:28:50: [SM]   [0] GetConVarString
L 01/07/2026 - 15:28:50: [SM]   [1] Line 138, C:\Users\Moises\Downloads\Compressed\sourcemod-1.11.0-git6968-windows\addons\sourcemod\scripting\馻nkrunFixhealth.sp::IsTankRunActive
L 01/07/2026 - 15:28:50: [SM]   [2] Line 79, C:\Users\Moises\Downloads\Compressed\sourcemod-1.11.0-git6968-windows\addons\sourcemod\scripting\馻nkrunFixhealth.sp::Event_PlayerDeath
L 01/07/2026 - 15:28:51: [SM] Exception reported: Invalid convar handle 0 (error 4)
L 01/07/2026 - 15:28:51: [SM] Blaming: 馻nkrunFixhealth.smx
L 01/07/2026 - 15:28:51: [SM] Call stack trace:
L 01/07/2026 - 15:28:51: [SM]   [0] GetConVarString
L 01/07/2026 - 15:28:51: [SM]   [1] Line 138, C:\Users\Moises\Downloads\Compressed\sourcemod-1.11.0-git6968-windows\addons\sourcemod\scripting\馻nkrunFixhealth.sp::IsTankRunActive
L 01/07/2026 - 15:28:51: [SM]   [2] Line 79, C:\Users\Moises\Downloads\Compressed\sourcemod-1.11.0-git6968-windows\addons\sourcemod\scripting\馻nkrunFixhealth.sp::Event_PlayerDeath
L 01/07/2026 - 15:28:53: [SM] Exception reported: Invalid convar handle 0 (error 4)
L 01/07/2026 - 15:28:53: [SM] Blaming: 馻nkrunFixhealth.smx
L 01/07/2026 - 15:28:53: [SM] Call stack trace:
L 01/07/2026 - 15:28:53: [SM]   [0] GetConVarString
L 01/07/2026 - 15:28:53: [SM]   [1] Line 138, C:\Users\Moises\Downloads\Compressed\sourcemod-1.11.0-git6968-windows\addons\sourcemod\scripting\馻nkrunFixhealth.sp::IsTankRunActive
L 01/07/2026 - 15:28:53: [SM]   [2] Line 79, C:\Users\Moises\Downloads\Compressed\sourcemod-1.11.0-git6968-windows\addons\sourcemod\scripting\馻nkrunFixhealth.sp::Event_PlayerDeath
L 01/07/2026 - 15:28:56: [SM] Exception reported: Invalid convar handle 0 (error 4)
L 01/07/2026 - 15:28:56: [SM] Blaming: 馻nkrunFixhealth.smx
L 01/07/2026 - 15:28:56: [SM] Call stack trace:
L 01/07/2026 - 15:28:56: [SM]   [0] GetConVarString
L 01/07/2026 - 15:28:56: [SM]   [1] Line 138, C:\Users\Moises\Downloads\Compressed\sourcemod-1.11.0-git6968-windows\addons\sourcemod\scripting\馻nkrunFixhealth.sp::IsTankRunActive
L 01/07/2026 - 15:28:56: [SM]   [2] Line 79, C:\Users\Moises\Downloads\Compressed\sourcemod-1.11.0-git6968-windows\addons\sourcemod\scripting\馻nkrunFixhealth.sp::Event_PlayerDeath
L 01/07/2026 - 15:28:59: [SM] Exception reported: Invalid convar handle 0 (error 4)
L 01/07/2026 - 15:28:59: [SM] Blaming: 馻nkrunFixhealth.smx
L 01/07/2026 - 15:28:59: [SM] Call stack trace:
L 01/07/2026 - 15:28:59: [SM]   [0] GetConVarString
L 01/07/2026 - 15:28:59: [SM]   [1] Line 138, C:\Users\Moises\Downloads\Compressed\sourcemod-1.11.0-git6968-windows\addons\sourcemod\scripting\馻nkrunFixhealth.sp::IsTankRunActive
L 01/07/2026 - 15:28:59: [SM]   [2] Line 79, C:\Users\Moises\Downloads\Compressed\sourcemod-1.11.0-git6968-windows\addons\sourcemod\scripting\馻nkrunFixhealth.sp::Event_PlayerDeath
L 01/07/2026 - 15:29:00: [SM] Exception reported: Invalid convar handle 0 (error 4)
L 01/07/2026 - 15:29:00: [SM] Blaming: 馻nkrunFixhealth.smx
L 01/07/2026 - 15:29:00: [SM] Call stack trace:
L 01/07/2026 - 15:29:00: [SM]   [0] GetConVarString
L 01/07/2026 - 15:29:00: [SM]   [1] Line 138, C:\Users\Moises\Downloads\Compressed\sourcemod-1.11.0-git6968-windows\addons\sourcemod\scripting\馻nkrunFixhealth.sp::IsTankRunActive
L 01/07/2026 - 15:29:00: [SM]   [2] Line 36, C:\Users\Moises\Downloads\Compressed\sourcemod-1.11.0-git6968-windows\addons\sourcemod\scripting\馻nkrunFixhealth.sp::Timer_PeriodicCheck
L 01/07/2026 - 15:29:02: [SM] Exception reported: Invalid convar handle 0 (error 4)
L 01/07/2026 - 15:29:02: [SM] Blaming: 馻nkrunFixhealth.smx
L 01/07/2026 - 15:29:02: [SM] Call stack trace:
L 01/07/2026 - 15:29:02: [SM]   [0] GetConVarString
L 01/07/2026 - 15:29:02: [SM]   [1] Line 138, C:\Users\Moises\Downloads\Compressed\sourcemod-1.11.0-git6968-windows\addons\sourcemod\scripting\馻nkrunFixhealth.sp::IsTankRunActive
L 01/07/2026 - 15:29:02: [SM]   [2] Line 79, C:\Users\Moises\Downloads\Compressed\sourcemod-1.11.0-git6968-windows\addons\sourcemod\scripting\馻nkrunFixhealth.sp::Event_PlayerDeath
L 01/07/2026 - 15:29:10: [SM] Exception reported: Invalid convar handle 0 (error 4)
L 01/07/2026 - 15:29:10: [SM] Blaming: 馻nkrunFixhealth.smx
L 01/07/2026 - 15:29:10: [SM] Call stack trace:
L 01/07/2026 - 15:29:10: [SM]   [0] GetConVarString
L 01/07/2026 - 15:29:10: [SM]   [1] Line 138, C:\Users\Moises\Downloads\Compressed\sourcemod-1.11.0-git6968-windows\addons\sourcemod\scripting\馻nkrunFixhealth.sp::IsTankRunActive
L 01/07/2026 - 15:29:10: [SM]   [2] Line 36, C:\Users\Moises\Downloads\Compressed\sourcemod-1.11.0-git6968-windows\addons\sourcemod\scripting\馻nkrunFixhealth.sp::Timer_PeriodicCheck
L 01/07/2026 - 15:29:20: [SM] Exception reported: Invalid convar handle 0 (error 4)
L 01/07/2026 - 15:29:20: [SM] Blaming: 馻nkrunFixhealth.smx
L 01/07/2026 - 15:29:20: [SM] Call stack trace:
L 01/07/2026 - 15:29:20: [SM]   [0] GetConVarString
L 01/07/2026 - 15:29:20: [SM]   [1] Line 138, C:\Users\Moises\Downloads\Compressed\sourcemod-1.11.0-git6968-windows\addons\sourcemod\scripting\馻nkrunFixhealth.sp::IsTankRunActive
L 01/07/2026 - 15:29:20: [SM]   [2] Line 36, C:\Users\Moises\Downloads\Compressed\sourcemod-1.11.0-git6968-windows\addons\sourcemod\scripting\馻nkrunFixhealth.sp::Timer_PeriodicCheck
L 01/07/2026 - 15:29:25: [SM] Exception reported: Invalid convar handle 0 (error 4)
L 01/07/2026 - 15:29:25: [SM] Blaming: 馻nkrunFixhealth.smx
L 01/07/2026 - 15:29:25: [SM] Call stack trace:
L 01/07/2026 - 15:29:25: [SM]   [0] GetConVarString
L 01/07/2026 - 15:29:25: [SM]   [1] Line 138, C:\Users\Moises\Downloads\Compressed\sourcemod-1.11.0-git6968-windows\addons\sourcemod\scripting\馻nkrunFixhealth.sp::IsTankRunActive
L 01/07/2026 - 15:29:25: [SM]   [2] Line 79, C:\Users\Moises\Downloads\Compressed\sourcemod-1.11.0-git6968-windows\addons\sourcemod\scripting\馻nkrunFixhealth.sp::Event_PlayerDeath
L 01/07/2026 - 15:29:25: [SM] Exception reported: Invalid convar handle 0 (error 4)
L 01/07/2026 - 15:29:25: [SM] Blaming: 馻nkrunFixhealth.smx
L 01/07/2026 - 15:29:25: [SM] Call stack trace:
L 01/07/2026 - 15:29:25: [SM]   [0] GetConVarString
L 01/07/2026 - 15:29:25: [SM]   [1] Line 138, C:\Users\Moises\Downloads\Compressed\sourcemod-1.11.0-git6968-windows\addons\sourcemod\scripting\馻nkrunFixhealth.sp::IsTankRunActive
L 01/07/2026 - 15:29:25: [SM]   [2] Line 79, C:\Users\Moises\Downloads\Compressed\sourcemod-1.11.0-git6968-windows\addons\sourcemod\scripting\馻nkrunFixhealth.sp::Event_PlayerDeath
L 01/07/2026 - 15:29:27: [SM] Exception reported: Invalid convar handle 0 (error 4)
L 01/07/2026 - 15:29:27: [SM] Blaming: 馻nkrunFixhealth.smx
L 01/07/2026 - 15:29:27: [SM] Call stack trace:
L 01/07/2026 - 15:29:27: [SM]   [0] GetConVarString
L 01/07/2026 - 15:29:27: [SM]   [1] Line 138, C:\Users\Moises\Downloads\Compressed\sourcemod-1.11.0-git6968-windows\addons\sourcemod\scripting\馻nkrunFixhealth.sp::IsTankRunActive
L 01/07/2026 - 15:29:27: [SM]   [2] Line 79, C:\Users\Moises\Downloads\Compressed\sourcemod-1.11.0-git6968-windows\addons\sourcemod\scripting\馻nkrunFixhealth.sp::Event_PlayerDeath
L 01/07/2026 - 15:29:27: [SM] Exception reported: Invalid convar handle 0 (error 4)
L 01/07/2026 - 15:29:27: [SM] Blaming: 馻nkrunFixhealth.smx
L 01/07/2026 - 15:29:27: [SM] Call stack trace:
L 01/07/2026 - 15:29:27: [SM]   [0] GetConVarString
L 01/07/2026 - 15:29:27: [SM]   [1] Line 138, C:\Users\Moises\Downloads\Compressed\sourcemod-1.11.0-git6968-windows\addons\sourcemod\scripting\馻nkrunFixhealth.sp::IsTankRunActive
L 01/07/2026 - 15:29:27: [SM]   [2] Line 79, C:\Users\Moises\Downloads\Compressed\sourcemod-1.11.0-git6968-windows\addons\sourcemod\scripting\馻nkrunFixhealth.sp::Event_PlayerDeath
L 01/07/2026 - 15:29:30: [SM] Exception reported: Invalid convar handle 0 (error 4)
L 01/07/2026 - 15:29:30: [SM] Blaming: 馻nkrunFixhealth.smx
L 01/07/2026 - 15:29:30: [SM] Call stack trace:
L 01/07/2026 - 15:29:30: [SM]   [0] GetConVarString
L 01/07/2026 - 15:29:30: [SM]   [1] Line 138, C:\Users\Moises\Downloads\Compressed\sourcemod-1.11.0-git6968-windows\addons\sourcemod\scripting\馻nkrunFixhealth.sp::IsTankRunActive
L 01/07/2026 - 15:29:30: [SM]   [2] Line 36, C:\Users\Moises\Downloads\Compressed\sourcemod-1.11.0-git6968-windows\addons\sourcemod\scripting\馻nkrunFixhealth.sp::Timer_PeriodicCheck
L 01/07/2026 - 15:29:32: [SM] Exception reported: Invalid timer handle 6160043f (error 1)
L 01/07/2026 - 15:29:32: [SM] Blaming: l4d2_playerjoining_v2.smx
L 01/07/2026 - 15:29:32: [SM] Call stack trace:
L 01/07/2026 - 15:29:32: [SM]   [0] KillTimer
L 01/07/2026 - 15:29:32: [SM]   [1] Line 53, C:\Users\Moises\Downloads\Compressed\sourcemod-1.11.0-git6968-windows\addons\sourcemod\scripting\l4d2_playerjoining_v2.sp::OnClientDisconnect
L 01/07/2026 - 15:29:33: [SM] Exception reported: Invalid convar handle 0 (error 4)
L 01/07/2026 - 15:29:33: [SM] Blaming: 馻nkrunFixhealth.smx
L 01/07/2026 - 15:29:33: [SM] Call stack trace:
L 01/07/2026 - 15:29:33: [SM]   [0] GetConVarString
L 01/07/2026 - 15:29:33: [SM]   [1] Line 138, C:\Users\Moises\Downloads\Compressed\sourcemod-1.11.0-git6968-windows\addons\sourcemod\scripting\馻nkrunFixhealth.sp::IsTankRunActive
L 01/07/2026 - 15:29:33: [SM]   [2] Line 79, C:\Users\Moises\Downloads\Compressed\sourcemod-1.11.0-git6968-windows\addons\sourcemod\scripting\馻nkrunFixhealth.sp::Event_PlayerDeath
L 01/07/2026 - 15:29:37: [SM] Exception reported: Invalid convar handle 0 (error 4)
L 01/07/2026 - 15:29:37: [SM] Blaming: 馻nkrunFixhealth.smx
L 01/07/2026 - 15:29:37: [SM] Call stack trace:
L 01/07/2026 - 15:29:37: [SM]   [0] GetConVarString
L 01/07/2026 - 15:29:37: [SM]   [1] Line 138, C:\Users\Moises\Downloads\Compressed\sourcemod-1.11.0-git6968-windows\addons\sourcemod\scripting\馻nkrunFixhealth.sp::IsTankRunActive
L 01/07/2026 - 15:29:37: [SM]   [2] Line 79, C:\Users\Moises\Downloads\Compressed\sourcemod-1.11.0-git6968-windows\addons\sourcemod\scripting\馻nkrunFixhealth.sp::Event_PlayerDeath
L 01/07/2026 - 15:29:40: [SM] Exception reported: Invalid convar handle 0 (error 4)
L 01/07/2026 - 15:29:40: [SM] Blaming: 馻nkrunFixhealth.smx
L 01/07/2026 - 15:29:40: [SM] Call stack trace:
L 01/07/2026 - 15:29:40: [SM]   [0] GetConVarString
L 01/07/2026 - 15:29:40: [SM]   [1] Line 138, C:\Users\Moises\Downloads\Compressed\sourcemod-1.11.0-git6968-windows\addons\sourcemod\scripting\馻nkrunFixhealth.sp::IsTankRunActive
L 01/07/2026 - 15:29:40: [SM]   [2] Line 36, C:\Users\Moises\Downloads\Compressed\sourcemod-1.11.0-git6968-windows\addons\sourcemod\scripting\馻nkrunFixhealth.sp::Timer_PeriodicCheck
L 01/07/2026 - 15:29:48: [SM] Exception reported: Invalid convar handle 0 (error 4)
L 01/07/2026 - 15:29:48: [SM] Blaming: 馻nkrunFixhealth.smx
L 01/07/2026 - 15:29:48: [SM] Call stack trace:
L 01/07/2026 - 15:29:48: [SM]   [0] GetConVarString
L 01/07/2026 - 15:29:48: [SM]   [1] Line 138, C:\Users\Moises\Downloads\Compressed\sourcemod-1.11.0-git6968-windows\addons\sourcemod\scripting\馻nkrunFixhealth.sp::IsTankRunActive
L 01/07/2026 - 15:29:48: [SM]   [2] Line 79, C:\Users\Moises\Downloads\Compressed\sourcemod-1.11.0-git6968-windows\addons\sourcemod\scripting\馻nkrunFixhealth.sp::Event_PlayerDeath
L 01/07/2026 - 15:29:50: [SM] Exception reported: Invalid convar handle 0 (error 4)
L 01/07/2026 - 15:29:50: [SM] Blaming: 馻nkrunFixhealth.smx
L 01/07/2026 - 15:29:50: [SM] Call stack trace:
L 01/07/2026 - 15:29:50: [SM]   [0] GetConVarString
L 01/07/2026 - 15:29:50: [SM]   [1] Line 138, C:\Users\Moises\Downloads\Compressed\sourcemod-1.11.0-git6968-windows\addons\sourcemod\scripting\馻nkrunFixhealth.sp::IsTankRunActive
L 01/07/2026 - 15:29:50: [SM]   [2] Line 36, C:\Users\Moises\Downloads\Compressed\sourcemod-1.11.0-git6968-windows\addons\sourcemod\scripting\馻nkrunFixhealth.sp::Timer_PeriodicCheck
L 01/07/2026 - 15:29:50: [SM] Exception reported: Invalid convar handle 0 (error 4)
L 01/07/2026 - 15:29:50: [SM] Blaming: 馻nkrunFixhealth.smx
L 01/07/2026 - 15:29:50: [SM] Call stack trace:
L 01/07/2026 - 15:29:50: [SM]   [0] GetConVarString
L 01/07/2026 - 15:29:50: [SM]   [1] Line 138, C:\Users\Moises\Downloads\Compressed\sourcemod-1.11.0-git6968-windows\addons\sourcemod\scripting\馻nkrunFixhealth.sp::IsTankRunActive
L 01/07/2026 - 15:29:50: [SM]   [2] Line 79, C:\Users\Moises\Downloads\Compressed\sourcemod-1.11.0-git6968-windows\addons\sourcemod\scripting\馻nkrunFixhealth.sp::Event_PlayerDeath
L 01/07/2026 - 15:29:54: [SM] Exception reported: Invalid convar handle 0 (error 4)
L 01/07/2026 - 15:29:54: [SM] Blaming: 馻nkrunFixhealth.smx
L 01/07/2026 - 15:29:54: [SM] Call stack trace:
L 01/07/2026 - 15:29:54: [SM]   [0] GetConVarString
L 01/07/2026 - 15:29:54: [SM]   [1] Line 138, C:\Users\Moises\Downloads\Compressed\sourcemod-1.11.0-git6968-windows\addons\sourcemod\scripting\馻nkrunFixhealth.sp::IsTankRunActive
L 01/07/2026 - 15:29:54: [SM]   [2] Line 79, C:\Users\Moises\Downloads\Compressed\sourcemod-1.11.0-git6968-windows\addons\sourcemod\scripting\馻nkrunFixhealth.sp::Event_PlayerDeath
L 01/07/2026 - 15:29:54: [SM] Exception reported: Invalid convar handle 0 (error 4)
L 01/07/2026 - 15:29:54: [SM] Blaming: 馻nkrunFixhealth.smx
L 01/07/2026 - 15:29:54: [SM] Call stack trace:
L 01/07/2026 - 15:29:54: [SM]   [0] GetConVarString
L 01/07/2026 - 15:29:54: [SM]   [1] Line 138, C:\Users\Moises\Downloads\Compressed\sourcemod-1.11.0-git6968-windows\addons\sourcemod\scripting\馻nkrunFixhealth.sp::IsTankRunActive
L 01/07/2026 - 15:29:54: [SM]   [2] Line 79, C:\Users\Moises\Downloads\Compressed\sourcemod-1.11.0-git6968-windows\addons\sourcemod\scripting\馻nkrunFixhealth.sp::Event_PlayerDeath
L 01/07/2026 - 15:29:54: [SM] Exception reported: Invalid convar handle 0 (error 4)
L 01/07/2026 - 15:29:54: [SM] Blaming: 馻nkrunFixhealth.smx
L 01/07/2026 - 15:29:54: [SM] Call stack trace:
L 01/07/2026 - 15:29:54: [SM]   [0] GetConVarString
L 01/07/2026 - 15:29:54: [SM]   [1] Line 138, C:\Users\Moises\Downloads\Compressed\sourcemod-1.11.0-git6968-windows\addons\sourcemod\scripting\馻nkrunFixhealth.sp::IsTankRunActive
L 01/07/2026 - 15:29:54: [SM]   [2] Line 79, C:\Users\Moises\Downloads\Compressed\sourcemod-1.11.0-git6968-windows\addons\sourcemod\scripting\馻nkrunFixhealth.sp::Event_PlayerDeath
L 01/07/2026 - 15:30:00: [SM] Exception reported: Invalid convar handle 0 (error 4)
L 01/07/2026 - 15:30:00: [SM] Blaming: 馻nkrunFixhealth.smx
L 01/07/2026 - 15:30:00: [SM] Call stack trace:
L 01/07/2026 - 15:30:00: [SM]   [0] GetConVarString
L 01/07/2026 - 15:30:00: [SM]   [1] Line 138, C:\Users\Moises\Downloads\Compressed\sourcemod-1.11.0-git6968-windows\addons\sourcemod\scripting\馻nkrunFixhealth.sp::IsTankRunActive
L 01/07/2026 - 15:30:00: [SM]   [2] Line 36, C:\Users\Moises\Downloads\Compressed\sourcemod-1.11.0-git6968-windows\addons\sourcemod\scripting\馻nkrunFixhealth.sp::Timer_PeriodicCheck
L 01/07/2026 - 15:30:05: [SM] Exception reported: Invalid convar handle 0 (error 4)
L 01/07/2026 - 15:30:05: [SM] Blaming: 馻nkrunFixhealth.smx
L 01/07/2026 - 15:30:05: [SM] Call stack trace:
L 01/07/2026 - 15:30:05: [SM]   [0] GetConVarString
L 01/07/2026 - 15:30:05: [SM]   [1] Line 138, C:\Users\Moises\Downloads\Compressed\sourcemod-1.11.0-git6968-windows\addons\sourcemod\scripting\馻nkrunFixhealth.sp::IsTankRunActive
L 01/07/2026 - 15:30:05: [SM]   [2] Line 79, C:\Users\Moises\Downloads\Compressed\sourcemod-1.11.0-git6968-windows\addons\sourcemod\scripting\馻nkrunFixhealth.sp::Event_PlayerDeath
L 01/07/2026 - 15:30:05: [SM] Exception reported: Invalid convar handle 0 (error 4)
L 01/07/2026 - 15:30:05: [SM] Blaming: 馻nkrunFixhealth.smx
L 01/07/2026 - 15:30:05: [SM] Call stack trace:
L 01/07/2026 - 15:30:05: [SM]   [0] GetConVarString
L 01/07/2026 - 15:30:05: [SM]   [1] Line 138, C:\Users\Moises\Downloads\Compressed\sourcemod-1.11.0-git6968-windows\addons\sourcemod\scripting\馻nkrunFixhealth.sp::IsTankRunActive
L 01/07/2026 - 15:30:05: [SM]   [2] Line 79, C:\Users\Moises\Downloads\Compressed\sourcemod-1.11.0-git6968-windows\addons\sourcemod\scripting\馻nkrunFixhealth.sp::Event_PlayerDeath
L 01/07/2026 - 15:30:09: [SM] Exception reported: Invalid convar handle 0 (error 4)
L 01/07/2026 - 15:30:09: [SM] Blaming: 馻nkrunFixhealth.smx
L 01/07/2026 - 15:30:09: [SM] Call stack trace:
L 01/07/2026 - 15:30:09: [SM]   [0] GetConVarString
L 01/07/2026 - 15:30:09: [SM]   [1] Line 138, C:\Users\Moises\Downloads\Compressed\sourcemod-1.11.0-git6968-windows\addons\sourcemod\scripting\馻nkrunFixhealth.sp::IsTankRunActive
L 01/07/2026 - 15:30:09: [SM]   [2] Line 79, C:\Users\Moises\Downloads\Compressed\sourcemod-1.11.0-git6968-windows\addons\sourcemod\scripting\馻nkrunFixhealth.sp::Event_PlayerDeath
L 01/07/2026 - 15:30:10: [SM] Exception reported: Invalid convar handle 0 (error 4)
L 01/07/2026 - 15:30:10: [SM] Blaming: 馻nkrunFixhealth.smx
L 01/07/2026 - 15:30:10: [SM] Call stack trace:
L 01/07/2026 - 15:30:10: [SM]   [0] GetConVarString
L 01/07/2026 - 15:30:10: [SM]   [1] Line 138, C:\Users\Moises\Downloads\Compressed\sourcemod-1.11.0-git6968-windows\addons\sourcemod\scripting\馻nkrunFixhealth.sp::IsTankRunActive
L 01/07/2026 - 15:30:10: [SM]   [2] Line 36, C:\Users\Moises\Downloads\Compressed\sourcemod-1.11.0-git6968-windows\addons\sourcemod\scripting\馻nkrunFixhealth.sp::Timer_PeriodicCheck
L 01/07/2026 - 15:30:16: [SM] Exception reported: Invalid convar handle 0 (error 4)
L 01/07/2026 - 15:30:16: [SM] Blaming: 馻nkrunFixhealth.smx
L 01/07/2026 - 15:30:16: [SM] Call stack trace:
L 01/07/2026 - 15:30:16: [SM]   [0] GetConVarString
L 01/07/2026 - 15:30:16: [SM]   [1] Line 138, C:\Users\Moises\Downloads\Compressed\sourcemod-1.11.0-git6968-windows\addons\sourcemod\scripting\馻nkrunFixhealth.sp::IsTankRunActive
L 01/07/2026 - 15:30:16: [SM]   [2] Line 79, C:\Users\Moises\Downloads\Compressed\sourcemod-1.11.0-git6968-windows\addons\sourcemod\scripting\馻nkrunFixhealth.sp::Event_PlayerDeath
L 01/07/2026 - 15:30:16: [SM] Exception reported: Invalid convar handle 0 (error 4)
L 01/07/2026 - 15:30:16: [SM] Blaming: 馻nkrunFixhealth.smx
L 01/07/2026 - 15:30:16: [SM] Call stack trace:
L 01/07/2026 - 15:30:16: [SM]   [0] GetConVarString
L 01/07/2026 - 15:30:16: [SM]   [1] Line 138, C:\Users\Moises\Downloads\Compressed\sourcemod-1.11.0-git6968-windows\addons\sourcemod\scripting\馻nkrunFixhealth.sp::IsTankRunActive
L 01/07/2026 - 15:30:16: [SM]   [2] Line 79, C:\Users\Moises\Downloads\Compressed\sourcemod-1.11.0-git6968-windows\addons\sourcemod\scripting\馻nkrunFixhealth.sp::Event_PlayerDeath
L 01/07/2026 - 15:30:16: [SM] Exception reported: Invalid convar handle 0 (error 4)
L 01/07/2026 - 15:30:16: [SM] Blaming: 馻nkrunFixhealth.smx
L 01/07/2026 - 15:30:16: [SM] Call stack trace:
L 01/07/2026 - 15:30:16: [SM]   [0] GetConVarString
L 01/07/2026 - 15:30:16: [SM]   [1] Line 138, C:\Users\Moises\Downloads\Compressed\sourcemod-1.11.0-git6968-windows\addons\sourcemod\scripting\馻nkrunFixhealth.sp::IsTankRunActive
L 01/07/2026 - 15:30:16: [SM]   [2] Line 79, C:\Users\Moises\Downloads\Compressed\sourcemod-1.11.0-git6968-windows\addons\sourcemod\scripting\馻nkrunFixhealth.sp::Event_PlayerDeath
L 01/07/2026 - 15:30:18: [SM] Exception reported: Invalid convar handle 0 (error 4)
L 01/07/2026 - 15:30:18: [SM] Blaming: 馻nkrunFixhealth.smx
L 01/07/2026 - 15:30:18: [SM] Call stack trace:
L 01/07/2026 - 15:30:18: [SM]   [0] GetConVarString
L 01/07/2026 - 15:30:18: [SM]   [1] Line 138, C:\Users\Moises\Downloads\Compressed\sourcemod-1.11.0-git6968-windows\addons\sourcemod\scripting\馻nkrunFixhealth.sp::IsTankRunActive
L 01/07/2026 - 15:30:18: [SM]   [2] Line 79, C:\Users\Moises\Downloads\Compressed\sourcemod-1.11.0-git6968-windows\addons\sourcemod\scripting\馻nkrunFixhealth.sp::Event_PlayerDeath
L 01/07/2026 - 15:30:18: [SM] Exception reported: Invalid convar handle 0 (error 4)
L 01/07/2026 - 15:30:18: [SM] Blaming: 馻nkrunFixhealth.smx
L 01/07/2026 - 15:30:18: [SM] Call stack trace:
L 01/07/2026 - 15:30:18: [SM]   [0] GetConVarString
L 01/07/2026 - 15:30:18: [SM]   [1] Line 138, C:\Users\Moises\Downloads\Compressed\sourcemod-1.11.0-git6968-windows\addons\sourcemod\scripting\馻nkrunFixhealth.sp::IsTankRunActive
L 01/07/2026 - 15:30:18: [SM]   [2] Line 79, C:\Users\Moises\Downloads\Compressed\sourcemod-1.11.0-git6968-windows\addons\sourcemod\scripting\馻nkrunFixhealth.sp::Event_PlayerDeath
L 01/07/2026 - 15:30:19: [SM] Exception reported: Invalid convar handle 0 (error 4)
L 01/07/2026 - 15:30:19: [SM] Blaming: 馻nkrunFixhealth.smx
L 01/07/2026 - 15:30:19: [SM] Call stack trace:
L 01/07/2026 - 15:30:19: [SM]   [0] GetConVarString
L 01/07/2026 - 15:30:19: [SM]   [1] Line 138, C:\Users\Moises\Downloads\Compressed\sourcemod-1.11.0-git6968-windows\addons\sourcemod\scripting\馻nkrunFixhealth.sp::IsTankRunActive
L 01/07/2026 - 15:30:19: [SM]   [2] Line 79, C:\Users\Moises\Downloads\Compressed\sourcemod-1.11.0-git6968-windows\addons\sourcemod\scripting\馻nkrunFixhealth.sp::Event_PlayerDeath
L 01/07/2026 - 15:30:20: [SM] Exception reported: Invalid convar handle 0 (error 4)
L 01/07/2026 - 15:30:20: [SM] Blaming: 馻nkrunFixhealth.smx
L 01/07/2026 - 15:30:20: [SM] Call stack trace:
L 01/07/2026 - 15:30:20: [SM]   [0] GetConVarString
L 01/07/2026 - 15:30:20: [SM]   [1] Line 138, C:\Users\Moises\Downloads\Compressed\sourcemod-1.11.0-git6968-windows\addons\sourcemod\scripting\馻nkrunFixhealth.sp::IsTankRunActive
L 01/07/2026 - 15:30:20: [SM]   [2] Line 36, C:\Users\Moises\Downloads\Compressed\sourcemod-1.11.0-git6968-windows\addons\sourcemod\scripting\馻nkrunFixhealth.sp::Timer_PeriodicCheck
L 01/07/2026 - 15:30:20: [SM] Exception reported: Invalid convar handle 0 (error 4)
L 01/07/2026 - 15:30:20: [SM] Blaming: 馻nkrunFixhealth.smx
L 01/07/2026 - 15:30:20: [SM] Call stack trace:
L 01/07/2026 - 15:30:20: [SM]   [0] GetConVarString
L 01/07/2026 - 15:30:20: [SM]   [1] Line 138, C:\Users\Moises\Downloads\Compressed\sourcemod-1.11.0-git6968-windows\addons\sourcemod\scripting\馻nkrunFixhealth.sp::IsTankRunActive
L 01/07/2026 - 15:30:20: [SM]   [2] Line 79, C:\Users\Moises\Downloads\Compressed\sourcemod-1.11.0-git6968-windows\addons\sourcemod\scripting\馻nkrunFixhealth.sp::Event_PlayerDeath
L 01/07/2026 - 15:30:21: [SM] Exception reported: Invalid convar handle 0 (error 4)
L 01/07/2026 - 15:30:21: [SM] Blaming: 馻nkrunFixhealth.smx
L 01/07/2026 - 15:30:21: [SM] Call stack trace:
L 01/07/2026 - 15:30:21: [SM]   [0] GetConVarString
L 01/07/2026 - 15:30:21: [SM]   [1] Line 138, C:\Users\Moises\Downloads\Compressed\sourcemod-1.11.0-git6968-windows\addons\sourcemod\scripting\馻nkrunFixhealth.sp::IsTankRunActive
L 01/07/2026 - 15:30:21: [SM]   [2] Line 79, C:\Users\Moises\Downloads\Compressed\sourcemod-1.11.0-git6968-windows\addons\sourcemod\scripting\馻nkrunFixhealth.sp::Event_PlayerDeath
L 01/07/2026 - 15:30:22: [SM] Exception reported: Invalid convar handle 0 (error 4)
L 01/07/2026 - 15:30:22: [SM] Blaming: 馻nkrunFixhealth.smx
L 01/07/2026 - 15:30:22: [SM] Call stack trace:
L 01/07/2026 - 15:30:22: [SM]   [0] GetConVarString
L 01/07/2026 - 15:30:22: [SM]   [1] Line 138, C:\Users\Moises\Downloads\Compressed\sourcemod-1.11.0-git6968-windows\addons\sourcemod\scripting\馻nkrunFixhealth.sp::IsTankRunActive
L 01/07/2026 - 15:30:22: [SM]   [2] Line 79, C:\Users\Moises\Downloads\Compressed\sourcemod-1.11.0-git6968-windows\addons\sourcemod\scripting\馻nkrunFixhealth.sp::Event_PlayerDeath
L 01/07/2026 - 15:30:23: [SM] Exception reported: Invalid convar handle 0 (error 4)
L 01/07/2026 - 15:30:23: [SM] Blaming: 馻nkrunFixhealth.smx
L 01/07/2026 - 15:30:23: [SM] Call stack trace:
L 01/07/2026 - 15:30:23: [SM]   [0] GetConVarString
L 01/07/2026 - 15:30:23: [SM]   [1] Line 138, C:\Users\Moises\Downloads\Compressed\sourcemod-1.11.0-git6968-windows\addons\sourcemod\scripting\馻nkrunFixhealth.sp::IsTankRunActive
L 01/07/2026 - 15:30:23: [SM]   [2] Line 79, C:\Users\Moises\Downloads\Compressed\sourcemod-1.11.0-git6968-windows\addons\sourcemod\scripting\馻nkrunFixhealth.sp::Event_PlayerDeath
L 01/07/2026 - 15:30:25: [SM] Exception reported: Invalid convar handle 0 (error 4)
L 01/07/2026 - 15:30:25: [SM] Blaming: 馻nkrunFixhealth.smx
L 01/07/2026 - 15:30:25: [SM] Call stack trace:
L 01/07/2026 - 15:30:25: [SM]   [0] GetConVarString
L 01/07/2026 - 15:30:25: [SM]   [1] Line 138, C:\Users\Moises\Downloads\Compressed\sourcemod-1.11.0-git6968-windows\addons\sourcemod\scripting\馻nkrunFixhealth.sp::IsTankRunActive
L 01/07/2026 - 15:30:25: [SM]   [2] Line 79, C:\Users\Moises\Downloads\Compressed\sourcemod-1.11.0-git6968-windows\addons\sourcemod\scripting\馻nkrunFixhealth.sp::Event_PlayerDeath
L 01/07/2026 - 15:30:25: [SM] Exception reported: Invalid convar handle 0 (error 4)
L 01/07/2026 - 15:30:25: [SM] Blaming: 馻nkrunFixhealth.smx
L 01/07/2026 - 15:30:25: [SM] Call stack trace:
L 01/07/2026 - 15:30:25: [SM]   [0] GetConVarString
L 01/07/2026 - 15:30:25: [SM]   [1] Line 138, C:\Users\Moises\Downloads\Compressed\sourcemod-1.11.0-git6968-windows\addons\sourcemod\scripting\馻nkrunFixhealth.sp::IsTankRunActive
L 01/07/2026 - 15:30:25: [SM]   [2] Line 79, C:\Users\Moises\Downloads\Compressed\sourcemod-1.11.0-git6968-windows\addons\sourcemod\scripting\馻nkrunFixhealth.sp::Event_PlayerDeath
L 01/07/2026 - 15:30:25: [SM] Exception reported: Invalid convar handle 0 (error 4)
L 01/07/2026 - 15:30:25: [SM] Blaming: 馻nkrunFixhealth.smx
L 01/07/2026 - 15:30:25: [SM] Call stack trace:
L 01/07/2026 - 15:30:25: [SM]   [0] GetConVarString
L 01/07/2026 - 15:30:25: [SM]   [1] Line 138, C:\Users\Moises\Downloads\Compressed\sourcemod-1.11.0-git6968-windows\addons\sourcemod\scripting\馻nkrunFixhealth.sp::IsTankRunActive
L 01/07/2026 - 15:30:25: [SM]   [2] Line 79, C:\Users\Moises\Downloads\Compressed\sourcemod-1.11.0-git6968-windows\addons\sourcemod\scripting\馻nkrunFixhealth.sp::Event_PlayerDeath
L 01/07/2026 - 15:30:25: [SM] Exception reported: Invalid convar handle 0 (error 4)
L 01/07/2026 - 15:30:25: [SM] Blaming: 馻nkrunFixhealth.smx
L 01/07/2026 - 15:30:25: [SM] Call stack trace:
L 01/07/2026 - 15:30:25: [SM]   [0] GetConVarString
L 01/07/2026 - 15:30:25: [SM]   [1] Line 138, C:\Users\Moises\Downloads\Compressed\sourcemod-1.11.0-git6968-windows\addons\sourcemod\scripting\馻nkrunFixhealth.sp::IsTankRunActive
L 01/07/2026 - 15:30:25: [SM]   [2] Line 79, C:\Users\Moises\Downloads\Compressed\sourcemod-1.11.0-git6968-windows\addons\sourcemod\scripting\馻nkrunFixhealth.sp::Event_PlayerDeath
L 01/07/2026 - 15:30:25: [SM] Exception reported: Invalid convar handle 0 (error 4)
L 01/07/2026 - 15:30:25: [SM] Blaming: 馻nkrunFixhealth.smx
L 01/07/2026 - 15:30:25: [SM] Call stack trace:
L 01/07/2026 - 15:30:25: [SM]   [0] GetConVarString
L 01/07/2026 - 15:30:25: [SM]   [1] Line 138, C:\Users\Moises\Downloads\Compressed\sourcemod-1.11.0-git6968-windows\addons\sourcemod\scripting\馻nkrunFixhealth.sp::IsTankRunActive
L 01/07/2026 - 15:30:25: [SM]   [2] Line 79, C:\Users\Moises\Downloads\Compressed\sourcemod-1.11.0-git6968-windows\addons\sourcemod\scripting\馻nkrunFixhealth.sp::Event_PlayerDeath
L 01/07/2026 - 15:30:25: [SM] Exception reported: Invalid convar handle 0 (error 4)
L 01/07/2026 - 15:30:25: [SM] Blaming: 馻nkrunFixhealth.smx
L 01/07/2026 - 15:30:25: [SM] Call stack trace:
L 01/07/2026 - 15:30:25: [SM]   [0] GetConVarString
L 01/07/2026 - 15:30:25: [SM]   [1] Line 138, C:\Users\Moises\Downloads\Compressed\sourcemod-1.11.0-git6968-windows\addons\sourcemod\scripting\馻nkrunFixhealth.sp::IsTankRunActive
L 01/07/2026 - 15:30:25: [SM]   [2] Line 79, C:\Users\Moises\Downloads\Compressed\sourcemod-1.11.0-git6968-windows\addons\sourcemod\scripting\馻nkrunFixhealth.sp::Event_PlayerDeath
L 01/07/2026 - 15:30:25: [SM] Exception reported: Invalid convar handle 0 (error 4)
L 01/07/2026 - 15:30:25: [SM] Blaming: 馻nkrunFixhealth.smx
L 01/07/2026 - 15:30:25: [SM] Call stack trace:
L 01/07/2026 - 15:30:25: [SM]   [0] GetConVarString
L 01/07/2026 - 15:30:25: [SM]   [1] Line 138, C:\Users\Moises\Downloads\Compressed\sourcemod-1.11.0-git6968-windows\addons\sourcemod\scripting\馻nkrunFixhealth.sp::IsTankRunActive
L 01/07/2026 - 15:30:25: [SM]   [2] Line 79, C:\Users\Moises\Downloads\Compressed\sourcemod-1.11.0-git6968-windows\addons\sourcemod\scripting\馻nkrunFixhealth.sp::Event_PlayerDeath
L 01/07/2026 - 15:30:25: [SM] Exception reported: Invalid convar handle 0 (error 4)
L 01/07/2026 - 15:30:25: [SM] Blaming: 馻nkrunFixhealth.smx
L 01/07/2026 - 15:30:25: [SM] Call stack trace:
L 01/07/2026 - 15:30:25: [SM]   [0] GetConVarString
L 01/07/2026 - 15:30:25: [SM]   [1] Line 138, C:\Users\Moises\Downloads\Compressed\sourcemod-1.11.0-git6968-windows\addons\sourcemod\scripting\馻nkrunFixhealth.sp::IsTankRunActive
L 01/07/2026 - 15:30:25: [SM]   [2] Line 79, C:\Users\Moises\Downloads\Compressed\sourcemod-1.11.0-git6968-windows\addons\sourcemod\scripting\馻nkrunFixhealth.sp::Event_PlayerDeath
L 01/07/2026 - 15:30:25: [SM] Exception reported: Invalid convar handle 0 (error 4)
L 01/07/2026 - 15:30:25: [SM] Blaming: 馻nkrunFixhealth.smx
L 01/07/2026 - 15:30:25: [SM] Call stack trace:
L 01/07/2026 - 15:30:25: [SM]   [0] GetConVarString
L 01/07/2026 - 15:30:25: [SM]   [1] Line 138, C:\Users\Moises\Downloads\Compressed\sourcemod-1.11.0-git6968-windows\addons\sourcemod\scripting\馻nkrunFixhealth.sp::IsTankRunActive
L 01/07/2026 - 15:30:25: [SM]   [2] Line 79, C:\Users\Moises\Downloads\Compressed\sourcemod-1.11.0-git6968-windows\addons\sourcemod\scripting\馻nkrunFixhealth.sp::Event_PlayerDeath
L 01/07/2026 - 15:30:25: [SM] Exception reported: Invalid convar handle 0 (error 4)
L 01/07/2026 - 15:30:25: [SM] Blaming: 馻nkrunFixhealth.smx
L 01/07/2026 - 15:30:25: [SM] Call stack trace:
L 01/07/2026 - 15:30:25: [SM]   [0] GetConVarString
L 01/07/2026 - 15:30:25: [SM]   [1] Line 138, C:\Users\Moises\Downloads\Compressed\sourcemod-1.11.0-git6968-windows\addons\sourcemod\scripting\馻nkrunFixhealth.sp::IsTankRunActive
L 01/07/2026 - 15:30:25: [SM]   [2] Line 79, C:\Users\Moises\Downloads\Compressed\sourcemod-1.11.0-git6968-windows\addons\sourcemod\scripting\馻nkrunFixhealth.sp::Event_PlayerDeath
L 01/07/2026 - 15:30:26: [SM] Exception reported: Invalid convar handle 0 (error 4)
L 01/07/2026 - 15:30:26: [SM] Blaming: 馻nkrunFixhealth.smx
L 01/07/2026 - 15:30:26: [SM] Call stack trace:
L 01/07/2026 - 15:30:26: [SM]   [0] GetConVarString
L 01/07/2026 - 15:30:26: [SM]   [1] Line 138, C:\Users\Moises\Downloads\Compressed\sourcemod-1.11.0-git6968-windows\addons\sourcemod\scripting\馻nkrunFixhealth.sp::IsTankRunActive
L 01/07/2026 - 15:30:26: [SM]   [2] Line 79, C:\Users\Moises\Downloads\Compressed\sourcemod-1.11.0-git6968-windows\addons\sourcemod\scripting\馻nkrunFixhealth.sp::Event_PlayerDeath
L 01/07/2026 - 15:30:26: [SM] Exception reported: Invalid convar handle 0 (error 4)
L 01/07/2026 - 15:30:26: [SM] Blaming: 馻nkrunFixhealth.smx
L 01/07/2026 - 15:30:26: [SM] Call stack trace:
L 01/07/2026 - 15:30:26: [SM]   [0] GetConVarString
L 01/07/2026 - 15:30:26: [SM]   [1] Line 138, C:\Users\Moises\Downloads\Compressed\sourcemod-1.11.0-git6968-windows\addons\sourcemod\scripting\馻nkrunFixhealth.sp::IsTankRunActive
L 01/07/2026 - 15:30:26: [SM]   [2] Line 79, C:\Users\Moises\Downloads\Compressed\sourcemod-1.11.0-git6968-windows\addons\sourcemod\scripting\馻nkrunFixhealth.sp::Event_PlayerDeath
L 01/07/2026 - 15:30:26: [SM] Exception reported: Invalid convar handle 0 (error 4)
L 01/07/2026 - 15:30:26: [SM] Blaming: 馻nkrunFixhealth.smx
L 01/07/2026 - 15:30:26: [SM] Call stack trace:
L 01/07/2026 - 15:30:26: [SM]   [0] GetConVarString
L 01/07/2026 - 15:30:26: [SM]   [1] Line 138, C:\Users\Moises\Downloads\Compressed\sourcemod-1.11.0-git6968-windows\addons\sourcemod\scripting\馻nkrunFixhealth.sp::IsTankRunActive
L 01/07/2026 - 15:30:26: [SM]   [2] Line 79, C:\Users\Moises\Downloads\Compressed\sourcemod-1.11.0-git6968-windows\addons\sourcemod\scripting\馻nkrunFixhealth.sp::Event_PlayerDeath
L 01/07/2026 - 15:30:26: [SM] Exception reported: Invalid convar handle 0 (error 4)
L 01/07/2026 - 15:30:26: [SM] Blaming: 馻nkrunFixhealth.smx
L 01/07/2026 - 15:30:26: [SM] Call stack trace:
L 01/07/2026 - 15:30:26: [SM]   [0] GetConVarString
L 01/07/2026 - 15:30:26: [SM]   [1] Line 138, C:\Users\Moises\Downloads\Compressed\sourcemod-1.11.0-git6968-windows\addons\sourcemod\scripting\馻nkrunFixhealth.sp::IsTankRunActive
L 01/07/2026 - 15:30:26: [SM]   [2] Line 79, C:\Users\Moises\Downloads\Compressed\sourcemod-1.11.0-git6968-windows\addons\sourcemod\scripting\馻nkrunFixhealth.sp::Event_PlayerDeath
L 01/07/2026 - 15:30:26: [SM] Exception reported: Invalid convar handle 0 (error 4)
L 01/07/2026 - 15:30:26: [SM] Blaming: 馻nkrunFixhealth.smx
L 01/07/2026 - 15:30:26: [SM] Call stack trace:
L 01/07/2026 - 15:30:26: [SM]   [0] GetConVarString
L 01/07/2026 - 15:30:26: [SM]   [1] Line 138, C:\Users\Moises\Downloads\Compressed\sourcemod-1.11.0-git6968-windows\addons\sourcemod\scripting\馻nkrunFixhealth.sp::IsTankRunActive
L 01/07/2026 - 15:30:26: [SM]   [2] Line 79, C:\Users\Moises\Downloads\Compressed\sourcemod-1.11.0-git6968-windows\addons\sourcemod\scripting\馻nkrunFixhealth.sp::Event_PlayerDeath
L 01/07/2026 - 15:30:26: [SM] Exception reported: Invalid convar handle 0 (error 4)
L 01/07/2026 - 15:30:26: [SM] Blaming: 馻nkrunFixhealth.smx
L 01/07/2026 - 15:30:26: [SM] Call stack trace:
L 01/07/2026 - 15:30:26: [SM]   [0] GetConVarString
L 01/07/2026 - 15:30:26: [SM]   [1] Line 138, C:\Users\Moises\Downloads\Compressed\sourcemod-1.11.0-git6968-windows\addons\sourcemod\scripting\馻nkrunFixhealth.sp::IsTankRunActive
L 01/07/2026 - 15:30:26: [SM]   [2] Line 79, C:\Users\Moises\Downloads\Compressed\sourcemod-1.11.0-git6968-windows\addons\sourcemod\scripting\馻nkrunFixhealth.sp::Event_PlayerDeath
L 01/07/2026 - 15:30:26: [SM] Exception reported: Invalid convar handle 0 (error 4)
L 01/07/2026 - 15:30:26: [SM] Blaming: 馻nkrunFixhealth.smx
L 01/07/2026 - 15:30:26: [SM] Call stack trace:
L 01/07/2026 - 15:30:26: [SM]   [0] GetConVarString
L 01/07/2026 - 15:30:26: [SM]   [1] Line 138, C:\Users\Moises\Downloads\Compressed\sourcemod-1.11.0-git6968-windows\addons\sourcemod\scripting\馻nkrunFixhealth.sp::IsTankRunActive
L 01/07/2026 - 15:30:26: [SM]   [2] Line 79, C:\Users\Moises\Downloads\Compressed\sourcemod-1.11.0-git6968-windows\addons\sourcemod\scripting\馻nkrunFixhealth.sp::Event_PlayerDeath
L 01/07/2026 - 15:30:26: [SM] Exception reported: Invalid convar handle 0 (error 4)
L 01/07/2026 - 15:30:26: [SM] Blaming: 馻nkrunFixhealth.smx
L 01/07/2026 - 15:30:26: [SM] Call stack trace:
L 01/07/2026 - 15:30:26: [SM]   [0] GetConVarString
L 01/07/2026 - 15:30:26: [SM]   [1] Line 138, C:\Users\Moises\Downloads\Compressed\sourcemod-1.11.0-git6968-windows\addons\sourcemod\scripting\馻nkrunFixhealth.sp::IsTankRunActive
L 01/07/2026 - 15:30:26: [SM]   [2] Line 79, C:\Users\Moises\Downloads\Compressed\sourcemod-1.11.0-git6968-windows\addons\sourcemod\scripting\馻nkrunFixhealth.sp::Event_PlayerDeath
L 01/07/2026 - 15:30:26: [SM] Exception reported: Invalid convar handle 0 (error 4)
L 01/07/2026 - 15:30:26: [SM] Blaming: 馻nkrunFixhealth.smx
L 01/07/2026 - 15:30:26: [SM] Call stack trace:
L 01/07/2026 - 15:30:26: [SM]   [0] GetConVarString
L 01/07/2026 - 15:30:26: [SM]   [1] Line 138, C:\Users\Moises\Downloads\Compressed\sourcemod-1.11.0-git6968-windows\addons\sourcemod\scripting\馻nkrunFixhealth.sp::IsTankRunActive
L 01/07/2026 - 15:30:26: [SM]   [2] Line 79, C:\Users\Moises\Downloads\Compressed\sourcemod-1.11.0-git6968-windows\addons\sourcemod\scripting\馻nkrunFixhealth.sp::Event_PlayerDeath
L 01/07/2026 - 15:30:30: [SM] Exception reported: Invalid convar handle 0 (error 4)
L 01/07/2026 - 15:30:30: [SM] Blaming: 馻nkrunFixhealth.smx
L 01/07/2026 - 15:30:30: [SM] Call stack trace:
L 01/07/2026 - 15:30:30: [SM]   [0] GetConVarString
L 01/07/2026 - 15:30:30: [SM]   [1] Line 138, C:\Users\Moises\Downloads\Compressed\sourcemod-1.11.0-git6968-windows\addons\sourcemod\scripting\馻nkrunFixhealth.sp::IsTankRunActive
L 01/07/2026 - 15:30:30: [SM]   [2] Line 36, C:\Users\Moises\Downloads\Compressed\sourcemod-1.11.0-git6968-windows\addons\sourcemod\scripting\馻nkrunFixhealth.sp::Timer_PeriodicCheck
L 01/07/2026 - 15:30:38: [SM] Exception reported: Invalid timer handle 6470035a (error 1)
L 01/07/2026 - 15:30:38: [SM] Blaming: l4d2_playerjoining_v2.smx
L 01/07/2026 - 15:30:38: [SM] Call stack trace:
L 01/07/2026 - 15:30:38: [SM]   [0] KillTimer
L 01/07/2026 - 15:30:38: [SM]   [1] Line 53, C:\Users\Moises\Downloads\Compressed\sourcemod-1.11.0-git6968-windows\addons\sourcemod\scripting\l4d2_playerjoining_v2.sp::OnClientDisconnect
L 01/07/2026 - 15:30:40: [SM] Exception reported: Invalid convar handle 0 (error 4)
L 01/07/2026 - 15:30:40: [SM] Blaming: 馻nkrunFixhealth.smx
L 01/07/2026 - 15:30:40: [SM] Call stack trace:
L 01/07/2026 - 15:30:40: [SM]   [0] GetConVarString
L 01/07/2026 - 15:30:40: [SM]   [1] Line 138, C:\Users\Moises\Downloads\Compressed\sourcemod-1.11.0-git6968-windows\addons\sourcemod\scripting\馻nkrunFixhealth.sp::IsTankRunActive
L 01/07/2026 - 15:30:40: [SM]   [2] Line 36, C:\Users\Moises\Downloads\Compressed\sourcemod-1.11.0-git6968-windows\addons\sourcemod\scripting\馻nkrunFixhealth.sp::Timer_PeriodicCheck
L 01/07/2026 - 15:30:42: [SM] Exception reported: Invalid convar handle 0 (error 4)
L 01/07/2026 - 15:30:42: [SM] Blaming: 馻nkrunFixhealth.smx
L 01/07/2026 - 15:30:42: [SM] Call stack trace:
L 01/07/2026 - 15:30:42: [SM]   [0] GetConVarString
L 01/07/2026 - 15:30:42: [SM]   [1] Line 138, C:\Users\Moises\Downloads\Compressed\sourcemod-1.11.0-git6968-windows\addons\sourcemod\scripting\馻nkrunFixhealth.sp::IsTankRunActive
L 01/07/2026 - 15:30:42: [SM]   [2] Line 79, C:\Users\Moises\Downloads\Compressed\sourcemod-1.11.0-git6968-windows\addons\sourcemod\scripting\馻nkrunFixhealth.sp::Event_PlayerDeath
L 01/07/2026 - 15:30:42: [SM] Exception reported: Invalid convar handle 0 (error 4)
L 01/07/2026 - 15:30:42: [SM] Blaming: 馻nkrunFixhealth.smx
L 01/07/2026 - 15:30:42: [SM] Call stack trace:
L 01/07/2026 - 15:30:42: [SM]   [0] GetConVarString
L 01/07/2026 - 15:30:42: [SM]   [1] Line 138, C:\Users\Moises\Downloads\Compressed\sourcemod-1.11.0-git6968-windows\addons\sourcemod\scripting\馻nkrunFixhealth.sp::IsTankRunActive
L 01/07/2026 - 15:30:42: [SM]   [2] Line 79, C:\Users\Moises\Downloads\Compressed\sourcemod-1.11.0-git6968-windows\addons\sourcemod\scripting\馻nkrunFixhealth.sp::Event_PlayerDeath
L 01/07/2026 - 15:30:43: [SM] Exception reported: Invalid convar handle 0 (error 4)
L 01/07/2026 - 15:30:43: [SM] Blaming: 馻nkrunFixhealth.smx
L 01/07/2026 - 15:30:43: [SM] Call stack trace:
L 01/07/2026 - 15:30:43: [SM]   [0] GetConVarString
L 01/07/2026 - 15:30:43: [SM]   [1] Line 138, C:\Users\Moises\Downloads\Compressed\sourcemod-1.11.0-git6968-windows\addons\sourcemod\scripting\馻nkrunFixhealth.sp::IsTankRunActive
L 01/07/2026 - 15:30:43: [SM]   [2] Line 79, C:\Users\Moises\Downloads\Compressed\sourcemod-1.11.0-git6968-windows\addons\sourcemod\scripting\馻nkrunFixhealth.sp::Event_PlayerDeath
L 01/07/2026 - 15:30:43: [SM] Exception reported: Invalid convar handle 0 (error 4)
L 01/07/2026 - 15:30:43: [SM] Blaming: 馻nkrunFixhealth.smx
L 01/07/2026 - 15:30:43: [SM] Call stack trace:
L 01/07/2026 - 15:30:43: [SM]   [0] GetConVarString
L 01/07/2026 - 15:30:43: [SM]   [1] Line 138, C:\Users\Moises\Downloads\Compressed\sourcemod-1.11.0-git6968-windows\addons\sourcemod\scripting\馻nkrunFixhealth.sp::IsTankRunActive
L 01/07/2026 - 15:30:43: [SM]   [2] Line 79, C:\Users\Moises\Downloads\Compressed\sourcemod-1.11.0-git6968-windows\addons\sourcemod\scripting\馻nkrunFixhealth.sp::Event_PlayerDeath
L 01/07/2026 - 15:30:44: [SM] Exception reported: Invalid convar handle 0 (error 4)
L 01/07/2026 - 15:30:44: [SM] Blaming: 馻nkrunFixhealth.smx
L 01/07/2026 - 15:30:44: [SM] Call stack trace:
L 01/07/2026 - 15:30:44: [SM]   [0] GetConVarString
L 01/07/2026 - 15:30:44: [SM]   [1] Line 138, C:\Users\Moises\Downloads\Compressed\sourcemod-1.11.0-git6968-windows\addons\sourcemod\scripting\馻nkrunFixhealth.sp::IsTankRunActive
L 01/07/2026 - 15:30:44: [SM]   [2] Line 79, C:\Users\Moises\Downloads\Compressed\sourcemod-1.11.0-git6968-windows\addons\sourcemod\scripting\馻nkrunFixhealth.sp::Event_PlayerDeath
L 01/07/2026 - 15:30:47: [SM] Exception reported: Invalid convar handle 0 (error 4)
L 01/07/2026 - 15:30:47: [SM] Blaming: 馻nkrunFixhealth.smx
L 01/07/2026 - 15:30:47: [SM] Call stack trace:
L 01/07/2026 - 15:30:47: [SM]   [0] GetConVarString
L 01/07/2026 - 15:30:47: [SM]   [1] Line 138, C:\Users\Moises\Downloads\Compressed\sourcemod-1.11.0-git6968-windows\addons\sourcemod\scripting\馻nkrunFixhealth.sp::IsTankRunActive
L 01/07/2026 - 15:30:47: [SM]   [2] Line 79, C:\Users\Moises\Downloads\Compressed\sourcemod-1.11.0-git6968-windows\addons\sourcemod\scripting\馻nkrunFixhealth.sp::Event_PlayerDeath
L 01/07/2026 - 15:30:48: [SM] Exception reported: Invalid convar handle 0 (error 4)
L 01/07/2026 - 15:30:48: [SM] Blaming: 馻nkrunFixhealth.smx
L 01/07/2026 - 15:30:48: [SM] Call stack trace:
L 01/07/2026 - 15:30:48: [SM]   [0] GetConVarString
L 01/07/2026 - 15:30:48: [SM]   [1] Line 138, C:\Users\Moises\Downloads\Compressed\sourcemod-1.11.0-git6968-windows\addons\sourcemod\scripting\馻nkrunFixhealth.sp::IsTankRunActive
L 01/07/2026 - 15:30:48: [SM]   [2] Line 79, C:\Users\Moises\Downloads\Compressed\sourcemod-1.11.0-git6968-windows\addons\sourcemod\scripting\馻nkrunFixhealth.sp::Event_PlayerDeath
L 01/07/2026 - 15:30:49: [SM] Exception reported: Invalid convar handle 0 (error 4)
L 01/07/2026 - 15:30:49: [SM] Blaming: 馻nkrunFixhealth.smx
L 01/07/2026 - 15:30:49: [SM] Call stack trace:
L 01/07/2026 - 15:30:49: [SM]   [0] GetConVarString
L 01/07/2026 - 15:30:49: [SM]   [1] Line 138, C:\Users\Moises\Downloads\Compressed\sourcemod-1.11.0-git6968-windows\addons\sourcemod\scripting\馻nkrunFixhealth.sp::IsTankRunActive
L 01/07/2026 - 15:30:49: [SM]   [2] Line 79, C:\Users\Moises\Downloads\Compressed\sourcemod-1.11.0-git6968-windows\addons\sourcemod\scripting\馻nkrunFixhealth.sp::Event_PlayerDeath
L 01/07/2026 - 15:30:49: [SM] Exception reported: Invalid convar handle 0 (error 4)
L 01/07/2026 - 15:30:49: [SM] Blaming: 馻nkrunFixhealth.smx
L 01/07/2026 - 15:30:49: [SM] Call stack trace:
L 01/07/2026 - 15:30:49: [SM]   [0] GetConVarString
L 01/07/2026 - 15:30:49: [SM]   [1] Line 138, C:\Users\Moises\Downloads\Compressed\sourcemod-1.11.0-git6968-windows\addons\sourcemod\scripting\馻nkrunFixhealth.sp::IsTankRunActive
L 01/07/2026 - 15:30:49: [SM]   [2] Line 79, C:\Users\Moises\Downloads\Compressed\sourcemod-1.11.0-git6968-windows\addons\sourcemod\scripting\馻nkrunFixhealth.sp::Event_PlayerDeath
L 01/07/2026 - 15:30:50: [SM] Exception reported: Invalid convar handle 0 (error 4)
L 01/07/2026 - 15:30:50: [SM] Blaming: 馻nkrunFixhealth.smx
L 01/07/2026 - 15:30:50: [SM] Call stack trace:
L 01/07/2026 - 15:30:50: [SM]   [0] GetConVarString
L 01/07/2026 - 15:30:50: [SM]   [1] Line 138, C:\Users\Moises\Downloads\Compressed\sourcemod-1.11.0-git6968-windows\addons\sourcemod\scripting\馻nkrunFixhealth.sp::IsTankRunActive
L 01/07/2026 - 15:30:50: [SM]   [2] Line 36, C:\Users\Moises\Downloads\Compressed\sourcemod-1.11.0-git6968-windows\addons\sourcemod\scripting\馻nkrunFixhealth.sp::Timer_PeriodicCheck
L 01/07/2026 - 15:30:52: [SM] Exception reported: Invalid convar handle 0 (error 4)
L 01/07/2026 - 15:30:52: [SM] Blaming: 馻nkrunFixhealth.smx
L 01/07/2026 - 15:30:52: [SM] Call stack trace:
L 01/07/2026 - 15:30:52: [SM]   [0] GetConVarString
L 01/07/2026 - 15:30:52: [SM]   [1] Line 138, C:\Users\Moises\Downloads\Compressed\sourcemod-1.11.0-git6968-windows\addons\sourcemod\scripting\馻nkrunFixhealth.sp::IsTankRunActive
L 01/07/2026 - 15:30:52: [SM]   [2] Line 79, C:\Users\Moises\Downloads\Compressed\sourcemod-1.11.0-git6968-windows\addons\sourcemod\scripting\馻nkrunFixhealth.sp::Event_PlayerDeath
L 01/07/2026 - 15:30:53: [SM] Exception reported: Invalid convar handle 0 (error 4)
L 01/07/2026 - 15:30:53: [SM] Blaming: 馻nkrunFixhealth.smx
L 01/07/2026 - 15:30:53: [SM] Call stack trace:
L 01/07/2026 - 15:30:53: [SM]   [0] GetConVarString
L 01/07/2026 - 15:30:53: [SM]   [1] Line 138, C:\Users\Moises\Downloads\Compressed\sourcemod-1.11.0-git6968-windows\addons\sourcemod\scripting\馻nkrunFixhealth.sp::IsTankRunActive
L 01/07/2026 - 15:30:53: [SM]   [2] Line 79, C:\Users\Moises\Downloads\Compressed\sourcemod-1.11.0-git6968-windows\addons\sourcemod\scripting\馻nkrunFixhealth.sp::Event_PlayerDeath
L 01/07/2026 - 15:30:55: [SM] Exception reported: Invalid convar handle 0 (error 4)
L 01/07/2026 - 15:30:55: [SM] Blaming: 馻nkrunFixhealth.smx
L 01/07/2026 - 15:30:55: [SM] Call stack trace:
L 01/07/2026 - 15:30:55: [SM]   [0] GetConVarString
L 01/07/2026 - 15:30:55: [SM]   [1] Line 138, C:\Users\Moises\Downloads\Compressed\sourcemod-1.11.0-git6968-windows\addons\sourcemod\scripting\馻nkrunFixhealth.sp::IsTankRunActive
L 01/07/2026 - 15:30:55: [SM]   [2] Line 79, C:\Users\Moises\Downloads\Compressed\sourcemod-1.11.0-git6968-windows\addons\sourcemod\scripting\馻nkrunFixhealth.sp::Event_PlayerDeath
L 01/07/2026 - 15:30:55: [SM] Exception reported: Invalid convar handle 0 (error 4)
L 01/07/2026 - 15:30:55: [SM] Blaming: 馻nkrunFixhealth.smx
L 01/07/2026 - 15:30:55: [SM] Call stack trace:
L 01/07/2026 - 15:30:55: [SM]   [0] GetConVarString
L 01/07/2026 - 15:30:55: [SM]   [1] Line 138, C:\Users\Moises\Downloads\Compressed\sourcemod-1.11.0-git6968-windows\addons\sourcemod\scripting\馻nkrunFixhealth.sp::IsTankRunActive
L 01/07/2026 - 15:30:55: [SM]   [2] Line 79, C:\Users\Moises\Downloads\Compressed\sourcemod-1.11.0-git6968-windows\addons\sourcemod\scripting\馻nkrunFixhealth.sp::Event_PlayerDeath
L 01/07/2026 - 15:30:55: [SM] Exception reported: Invalid convar handle 0 (error 4)
L 01/07/2026 - 15:30:55: [SM] Blaming: 馻nkrunFixhealth.smx
L 01/07/2026 - 15:30:55: [SM] Call stack trace:
L 01/07/2026 - 15:30:55: [SM]   [0] GetConVarString
L 01/07/2026 - 15:30:55: [SM]   [1] Line 138, C:\Users\Moises\Downloads\Compressed\sourcemod-1.11.0-git6968-windows\addons\sourcemod\scripting\馻nkrunFixhealth.sp::IsTankRunActive
L 01/07/2026 - 15:30:55: [SM]   [2] Line 79, C:\Users\Moises\Downloads\Compressed\sourcemod-1.11.0-git6968-windows\addons\sourcemod\scripting\馻nkrunFixhealth.sp::Event_PlayerDeath
L 01/07/2026 - 15:30:56: [SM] Exception reported: Invalid convar handle 0 (error 4)
L 01/07/2026 - 15:30:56: [SM] Blaming: 馻nkrunFixhealth.smx
L 01/07/2026 - 15:30:56: [SM] Call stack trace:
L 01/07/2026 - 15:30:56: [SM]   [0] GetConVarString
L 01/07/2026 - 15:30:56: [SM]   [1] Line 138, C:\Users\Moises\Downloads\Compressed\sourcemod-1.11.0-git6968-windows\addons\sourcemod\scripting\馻nkrunFixhealth.sp::IsTankRunActive
L 01/07/2026 - 15:30:56: [SM]   [2] Line 79, C:\Users\Moises\Downloads\Compressed\sourcemod-1.11.0-git6968-windows\addons\sourcemod\scripting\馻nkrunFixhealth.sp::Event_PlayerDeath
L 01/07/2026 - 15:30:56: [SM] Exception reported: Invalid convar handle 0 (error 4)
L 01/07/2026 - 15:30:56: [SM] Blaming: 馻nkrunFixhealth.smx
L 01/07/2026 - 15:30:56: [SM] Call stack trace:
L 01/07/2026 - 15:30:56: [SM]   [0] GetConVarString
L 01/07/2026 - 15:30:56: [SM]   [1] Line 138, C:\Users\Moises\Downloads\Compressed\sourcemod-1.11.0-git6968-windows\addons\sourcemod\scripting\馻nkrunFixhealth.sp::IsTankRunActive
L 01/07/2026 - 15:30:56: [SM]   [2] Line 79, C:\Users\Moises\Downloads\Compressed\sourcemod-1.11.0-git6968-windows\addons\sourcemod\scripting\馻nkrunFixhealth.sp::Event_PlayerDeath
L 01/07/2026 - 15:31:00: [SM] Exception reported: Invalid convar handle 0 (error 4)
L 01/07/2026 - 15:31:00: [SM] Blaming: 馻nkrunFixhealth.smx
L 01/07/2026 - 15:31:00: [SM] Call stack trace:
L 01/07/2026 - 15:31:00: [SM]   [0] GetConVarString
L 01/07/2026 - 15:31:00: [SM]   [1] Line 138, C:\Users\Moises\Downloads\Compressed\sourcemod-1.11.0-git6968-windows\addons\sourcemod\scripting\馻nkrunFixhealth.sp::IsTankRunActive
L 01/07/2026 - 15:31:00: [SM]   [2] Line 36, C:\Users\Moises\Downloads\Compressed\sourcemod-1.11.0-git6968-windows\addons\sourcemod\scripting\馻nkrunFixhealth.sp::Timer_PeriodicCheck
L 01/07/2026 - 15:31:03: [SM] Exception reported: Invalid convar handle 0 (error 4)
L 01/07/2026 - 15:31:03: [SM] Blaming: 馻nkrunFixhealth.smx
L 01/07/2026 - 15:31:03: [SM] Call stack trace:
L 01/07/2026 - 15:31:03: [SM]   [0] GetConVarString
L 01/07/2026 - 15:31:03: [SM]   [1] Line 138, C:\Users\Moises\Downloads\Compressed\sourcemod-1.11.0-git6968-windows\addons\sourcemod\scripting\馻nkrunFixhealth.sp::IsTankRunActive
L 01/07/2026 - 15:31:03: [SM]   [2] Line 79, C:\Users\Moises\Downloads\Compressed\sourcemod-1.11.0-git6968-windows\addons\sourcemod\scripting\馻nkrunFixhealth.sp::Event_PlayerDeath
L 01/07/2026 - 15:31:04: [SM] Exception reported: Invalid convar handle 0 (error 4)
L 01/07/2026 - 15:31:04: [SM] Blaming: 馻nkrunFixhealth.smx
L 01/07/2026 - 15:31:04: [SM] Call stack trace:
L 01/07/2026 - 15:31:04: [SM]   [0] GetConVarString
L 01/07/2026 - 15:31:04: [SM]   [1] Line 138, C:\Users\Moises\Downloads\Compressed\sourcemod-1.11.0-git6968-windows\addons\sourcemod\scripting\馻nkrunFixhealth.sp::IsTankRunActive
L 01/07/2026 - 15:31:04: [SM]   [2] Line 79, C:\Users\Moises\Downloads\Compressed\sourcemod-1.11.0-git6968-windows\addons\sourcemod\scripting\馻nkrunFixhealth.sp::Event_PlayerDeath
L 01/07/2026 - 15:31:05: [SM] Exception reported: Invalid convar handle 0 (error 4)
L 01/07/2026 - 15:31:05: [SM] Blaming: 馻nkrunFixhealth.smx
L 01/07/2026 - 15:31:05: [SM] Call stack trace:
L 01/07/2026 - 15:31:05: [SM]   [0] GetConVarString
L 01/07/2026 - 15:31:05: [SM]   [1] Line 138, C:\Users\Moises\Downloads\Compressed\sourcemod-1.11.0-git6968-windows\addons\sourcemod\scripting\馻nkrunFixhealth.sp::IsTankRunActive
L 01/07/2026 - 15:31:05: [SM]   [2] Line 79, C:\Users\Moises\Downloads\Compressed\sourcemod-1.11.0-git6968-windows\addons\sourcemod\scripting\馻nkrunFixhealth.sp::Event_PlayerDeath
L 01/07/2026 - 15:31:07: [SM] Exception reported: Invalid convar handle 0 (error 4)
L 01/07/2026 - 15:31:07: [SM] Blaming: 馻nkrunFixhealth.smx
L 01/07/2026 - 15:31:07: [SM] Call stack trace:
L 01/07/2026 - 15:31:07: [SM]   [0] GetConVarString
L 01/07/2026 - 15:31:07: [SM]   [1] Line 138, C:\Users\Moises\Downloads\Compressed\sourcemod-1.11.0-git6968-windows\addons\sourcemod\scripting\馻nkrunFixhealth.sp::IsTankRunActive
L 01/07/2026 - 15:31:07: [SM]   [2] Line 79, C:\Users\Moises\Downloads\Compressed\sourcemod-1.11.0-git6968-windows\addons\sourcemod\scripting\馻nkrunFixhealth.sp::Event_PlayerDeath
L 01/07/2026 - 15:31:07: [SM] Exception reported: Invalid convar handle 0 (error 4)
L 01/07/2026 - 15:31:07: [SM] Blaming: 馻nkrunFixhealth.smx
L 01/07/2026 - 15:31:07: [SM] Call stack trace:
L 01/07/2026 - 15:31:07: [SM]   [0] GetConVarString
L 01/07/2026 - 15:31:07: [SM]   [1] Line 138, C:\Users\Moises\Downloads\Compressed\sourcemod-1.11.0-git6968-windows\addons\sourcemod\scripting\馻nkrunFixhealth.sp::IsTankRunActive
L 01/07/2026 - 15:31:07: [SM]   [2] Line 79, C:\Users\Moises\Downloads\Compressed\sourcemod-1.11.0-git6968-windows\addons\sourcemod\scripting\馻nkrunFixhealth.sp::Event_PlayerDeath
L 01/07/2026 - 15:31:09: [SM] Exception reported: Invalid convar handle 0 (error 4)
L 01/07/2026 - 15:31:09: [SM] Blaming: 馻nkrunFixhealth.smx
L 01/07/2026 - 15:31:09: [SM] Call stack trace:
L 01/07/2026 - 15:31:09: [SM]   [0] GetConVarString
L 01/07/2026 - 15:31:09: [SM]   [1] Line 138, C:\Users\Moises\Downloads\Compressed\sourcemod-1.11.0-git6968-windows\addons\sourcemod\scripting\馻nkrunFixhealth.sp::IsTankRunActive
L 01/07/2026 - 15:31:09: [SM]   [2] Line 79, C:\Users\Moises\Downloads\Compressed\sourcemod-1.11.0-git6968-windows\addons\sourcemod\scripting\馻nkrunFixhealth.sp::Event_PlayerDeath
L 01/07/2026 - 15:31:10: [SM] Exception reported: Invalid convar handle 0 (error 4)
L 01/07/2026 - 15:31:10: [SM] Blaming: 馻nkrunFixhealth.smx
L 01/07/2026 - 15:31:10: [SM] Call stack trace:
L 01/07/2026 - 15:31:10: [SM]   [0] GetConVarString
L 01/07/2026 - 15:31:10: [SM]   [1] Line 138, C:\Users\Moises\Downloads\Compressed\sourcemod-1.11.0-git6968-windows\addons\sourcemod\scripting\馻nkrunFixhealth.sp::IsTankRunActive
L 01/07/2026 - 15:31:10: [SM]   [2] Line 36, C:\Users\Moises\Downloads\Compressed\sourcemod-1.11.0-git6968-windows\addons\sourcemod\scripting\馻nkrunFixhealth.sp::Timer_PeriodicCheck
L 01/07/2026 - 15:31:16: [SM] Exception reported: Invalid convar handle 0 (error 4)
L 01/07/2026 - 15:31:16: [SM] Blaming: 馻nkrunFixhealth.smx
L 01/07/2026 - 15:31:16: [SM] Call stack trace:
L 01/07/2026 - 15:31:16: [SM]   [0] GetConVarString
L 01/07/2026 - 15:31:16: [SM]   [1] Line 138, C:\Users\Moises\Downloads\Compressed\sourcemod-1.11.0-git6968-windows\addons\sourcemod\scripting\馻nkrunFixhealth.sp::IsTankRunActive
L 01/07/2026 - 15:31:16: [SM]   [2] Line 79, C:\Users\Moises\Downloads\Compressed\sourcemod-1.11.0-git6968-windows\addons\sourcemod\scripting\馻nkrunFixhealth.sp::Event_PlayerDeath
L 01/07/2026 - 15:31:19: [SM] Exception reported: Invalid convar handle 0 (error 4)
L 01/07/2026 - 15:31:19: [SM] Blaming: 馻nkrunFixhealth.smx
L 01/07/2026 - 15:31:19: [SM] Call stack trace:
L 01/07/2026 - 15:31:19: [SM]   [0] GetConVarString
L 01/07/2026 - 15:31:19: [SM]   [1] Line 138, C:\Users\Moises\Downloads\Compressed\sourcemod-1.11.0-git6968-windows\addons\sourcemod\scripting\馻nkrunFixhealth.sp::IsTankRunActive
L 01/07/2026 - 15:31:19: [SM]   [2] Line 79, C:\Users\Moises\Downloads\Compressed\sourcemod-1.11.0-git6968-windows\addons\sourcemod\scripting\馻nkrunFixhealth.sp::Event_PlayerDeath
L 01/07/2026 - 15:31:20: [SM] Exception reported: Invalid convar handle 0 (error 4)
L 01/07/2026 - 15:31:20: [SM] Blaming: 馻nkrunFixhealth.smx
L 01/07/2026 - 15:31:20: [SM] Call stack trace:
L 01/07/2026 - 15:31:20: [SM]   [0] GetConVarString
L 01/07/2026 - 15:31:20: [SM]   [1] Line 138, C:\Users\Moises\Downloads\Compressed\sourcemod-1.11.0-git6968-windows\addons\sourcemod\scripting\馻nkrunFixhealth.sp::IsTankRunActive
L 01/07/2026 - 15:31:20: [SM]   [2] Line 36, C:\Users\Moises\Downloads\Compressed\sourcemod-1.11.0-git6968-windows\addons\sourcemod\scripting\馻nkrunFixhealth.sp::Timer_PeriodicCheck
L 01/07/2026 - 15:31:20: [SM] Exception reported: Invalid convar handle 0 (error 4)
L 01/07/2026 - 15:31:20: [SM] Blaming: 馻nkrunFixhealth.smx
L 01/07/2026 - 15:31:20: [SM] Call stack trace:
L 01/07/2026 - 15:31:20: [SM]   [0] GetConVarString
L 01/07/2026 - 15:31:20: [SM]   [1] Line 138, C:\Users\Moises\Downloads\Compressed\sourcemod-1.11.0-git6968-windows\addons\sourcemod\scripting\馻nkrunFixhealth.sp::IsTankRunActive
L 01/07/2026 - 15:31:20: [SM]   [2] Line 79, C:\Users\Moises\Downloads\Compressed\sourcemod-1.11.0-git6968-windows\addons\sourcemod\scripting\馻nkrunFixhealth.sp::Event_PlayerDeath
L 01/07/2026 - 15:31:21: [SM] Exception reported: Invalid convar handle 0 (error 4)
L 01/07/2026 - 15:31:21: [SM] Blaming: 馻nkrunFixhealth.smx
L 01/07/2026 - 15:31:21: [SM] Call stack trace:
L 01/07/2026 - 15:31:21: [SM]   [0] GetConVarString
L 01/07/2026 - 15:31:21: [SM]   [1] Line 138, C:\Users\Moises\Downloads\Compressed\sourcemod-1.11.0-git6968-windows\addons\sourcemod\scripting\馻nkrunFixhealth.sp::IsTankRunActive
L 01/07/2026 - 15:31:21: [SM]   [2] Line 79, C:\Users\Moises\Downloads\Compressed\sourcemod-1.11.0-git6968-windows\addons\sourcemod\scripting\馻nkrunFixhealth.sp::Event_PlayerDeath
L 01/07/2026 - 15:31:22: [SM] Exception reported: Invalid convar handle 0 (error 4)
L 01/07/2026 - 15:31:22: [SM] Blaming: 馻nkrunFixhealth.smx
L 01/07/2026 - 15:31:22: [SM] Call stack trace:
L 01/07/2026 - 15:31:22: [SM]   [0] GetConVarString
L 01/07/2026 - 15:31:22: [SM]   [1] Line 138, C:\Users\Moises\Downloads\Compressed\sourcemod-1.11.0-git6968-windows\addons\sourcemod\scripting\馻nkrunFixhealth.sp::IsTankRunActive
L 01/07/2026 - 15:31:22: [SM]   [2] Line 79, C:\Users\Moises\Downloads\Compressed\sourcemod-1.11.0-git6968-windows\addons\sourcemod\scripting\馻nkrunFixhealth.sp::Event_PlayerDeath
L 01/07/2026 - 15:31:24: [SM] Exception reported: Invalid convar handle 0 (error 4)
L 01/07/2026 - 15:31:24: [SM] Blaming: 馻nkrunFixhealth.smx
L 01/07/2026 - 15:31:24: [SM] Call stack trace:
L 01/07/2026 - 15:31:24: [SM]   [0] GetConVarString
L 01/07/2026 - 15:31:24: [SM]   [1] Line 138, C:\Users\Moises\Downloads\Compressed\sourcemod-1.11.0-git6968-windows\addons\sourcemod\scripting\馻nkrunFixhealth.sp::IsTankRunActive
L 01/07/2026 - 15:31:24: [SM]   [2] Line 79, C:\Users\Moises\Downloads\Compressed\sourcemod-1.11.0-git6968-windows\addons\sourcemod\scripting\馻nkrunFixhealth.sp::Event_PlayerDeath
L 01/07/2026 - 15:31:30: [SM] Exception reported: Invalid convar handle 0 (error 4)
L 01/07/2026 - 15:31:30: [SM] Blaming: 馻nkrunFixhealth.smx
L 01/07/2026 - 15:31:30: [SM] Call stack trace:
L 01/07/2026 - 15:31:30: [SM]   [0] GetConVarString
L 01/07/2026 - 15:31:30: [SM]   [1] Line 138, C:\Users\Moises\Downloads\Compressed\sourcemod-1.11.0-git6968-windows\addons\sourcemod\scripting\馻nkrunFixhealth.sp::IsTankRunActive
L 01/07/2026 - 15:31:30: [SM]   [2] Line 36, C:\Users\Moises\Downloads\Compressed\sourcemod-1.11.0-git6968-windows\addons\sourcemod\scripting\馻nkrunFixhealth.sp::Timer_PeriodicCheck
L 01/07/2026 - 15:31:33: [SM] Exception reported: Invalid convar handle 0 (error 4)
L 01/07/2026 - 15:31:33: [SM] Blaming: 馻nkrunFixhealth.smx
L 01/07/2026 - 15:31:33: [SM] Call stack trace:
L 01/07/2026 - 15:31:33: [SM]   [0] GetConVarString
L 01/07/2026 - 15:31:33: [SM]   [1] Line 138, C:\Users\Moises\Downloads\Compressed\sourcemod-1.11.0-git6968-windows\addons\sourcemod\scripting\馻nkrunFixhealth.sp::IsTankRunActive
L 01/07/2026 - 15:31:33: [SM]   [2] Line 79, C:\Users\Moises\Downloads\Compressed\sourcemod-1.11.0-git6968-windows\addons\sourcemod\scripting\馻nkrunFixhealth.sp::Event_PlayerDeath
L 01/07/2026 - 15:31:34: [SM] Exception reported: Invalid convar handle 0 (error 4)
L 01/07/2026 - 15:31:34: [SM] Blaming: 馻nkrunFixhealth.smx
L 01/07/2026 - 15:31:34: [SM] Call stack trace:
L 01/07/2026 - 15:31:34: [SM]   [0] GetConVarString
L 01/07/2026 - 15:31:34: [SM]   [1] Line 138, C:\Users\Moises\Downloads\Compressed\sourcemod-1.11.0-git6968-windows\addons\sourcemod\scripting\馻nkrunFixhealth.sp::IsTankRunActive
L 01/07/2026 - 15:31:34: [SM]   [2] Line 79, C:\Users\Moises\Downloads\Compressed\sourcemod-1.11.0-git6968-windows\addons\sourcemod\scripting\馻nkrunFixhealth.sp::Event_PlayerDeath
L 01/07/2026 - 15:31:35: [SM] Exception reported: Invalid convar handle 0 (error 4)
L 01/07/2026 - 15:31:35: [SM] Blaming: 馻nkrunFixhealth.smx
L 01/07/2026 - 15:31:35: [SM] Call stack trace:
L 01/07/2026 - 15:31:35: [SM]   [0] GetConVarString
L 01/07/2026 - 15:31:35: [SM]   [1] Line 138, C:\Users\Moises\Downloads\Compressed\sourcemod-1.11.0-git6968-windows\addons\sourcemod\scripting\馻nkrunFixhealth.sp::IsTankRunActive
L 01/07/2026 - 15:31:35: [SM]   [2] Line 79, C:\Users\Moises\Downloads\Compressed\sourcemod-1.11.0-git6968-windows\addons\sourcemod\scripting\馻nkrunFixhealth.sp::Event_PlayerDeath
L 01/07/2026 - 15:31:36: [SM] Exception reported: Invalid convar handle 0 (error 4)
L 01/07/2026 - 15:31:36: [SM] Blaming: 馻nkrunFixhealth.smx
L 01/07/2026 - 15:31:36: [SM] Call stack trace:
L 01/07/2026 - 15:31:36: [SM]   [0] GetConVarString
L 01/07/2026 - 15:31:36: [SM]   [1] Line 138, C:\Users\Moises\Downloads\Compressed\sourcemod-1.11.0-git6968-windows\addons\sourcemod\scripting\馻nkrunFixhealth.sp::IsTankRunActive
L 01/07/2026 - 15:31:36: [SM]   [2] Line 79, C:\Users\Moises\Downloads\Compressed\sourcemod-1.11.0-git6968-windows\addons\sourcemod\scripting\馻nkrunFixhealth.sp::Event_PlayerDeath
L 01/07/2026 - 15:31:38: [SM] Exception reported: Invalid convar handle 0 (error 4)
L 01/07/2026 - 15:31:38: [SM] Blaming: 馻nkrunFixhealth.smx
L 01/07/2026 - 15:31:38: [SM] Call stack trace:
L 01/07/2026 - 15:31:38: [SM]   [0] GetConVarString
L 01/07/2026 - 15:31:38: [SM]   [1] Line 138, C:\Users\Moises\Downloads\Compressed\sourcemod-1.11.0-git6968-windows\addons\sourcemod\scripting\馻nkrunFixhealth.sp::IsTankRunActive
L 01/07/2026 - 15:31:38: [SM]   [2] Line 79, C:\Users\Moises\Downloads\Compressed\sourcemod-1.11.0-git6968-windows\addons\sourcemod\scripting\馻nkrunFixhealth.sp::Event_PlayerDeath
L 01/07/2026 - 15:31:40: [SM] Exception reported: Invalid convar handle 0 (error 4)
L 01/07/2026 - 15:31:40: [SM] Blaming: 馻nkrunFixhealth.smx
L 01/07/2026 - 15:31:40: [SM] Call stack trace:
L 01/07/2026 - 15:31:40: [SM]   [0] GetConVarString
L 01/07/2026 - 15:31:40: [SM]   [1] Line 138, C:\Users\Moises\Downloads\Compressed\sourcemod-1.11.0-git6968-windows\addons\sourcemod\scripting\馻nkrunFixhealth.sp::IsTankRunActive
L 01/07/2026 - 15:31:40: [SM]   [2] Line 36, C:\Users\Moises\Downloads\Compressed\sourcemod-1.11.0-git6968-windows\addons\sourcemod\scripting\馻nkrunFixhealth.sp::Timer_PeriodicCheck
L 01/07/2026 - 15:31:42: [SM] Exception reported: Invalid convar handle 0 (error 4)
L 01/07/2026 - 15:31:42: [SM] Blaming: 馻nkrunFixhealth.smx
L 01/07/2026 - 15:31:42: [SM] Call stack trace:
L 01/07/2026 - 15:31:42: [SM]   [0] GetConVarString
L 01/07/2026 - 15:31:42: [SM]   [1] Line 138, C:\Users\Moises\Downloads\Compressed\sourcemod-1.11.0-git6968-windows\addons\sourcemod\scripting\馻nkrunFixhealth.sp::IsTankRunActive
L 01/07/2026 - 15:31:42: [SM]   [2] Line 79, C:\Users\Moises\Downloads\Compressed\sourcemod-1.11.0-git6968-windows\addons\sourcemod\scripting\馻nkrunFixhealth.sp::Event_PlayerDeath
L 01/07/2026 - 15:31:43: [SM] Exception reported: Invalid convar handle 0 (error 4)
L 01/07/2026 - 15:31:43: [SM] Blaming: 馻nkrunFixhealth.smx
L 01/07/2026 - 15:31:43: [SM] Call stack trace:
L 01/07/2026 - 15:31:43: [SM]   [0] GetConVarString
L 01/07/2026 - 15:31:43: [SM]   [1] Line 138, C:\Users\Moises\Downloads\Compressed\sourcemod-1.11.0-git6968-windows\addons\sourcemod\scripting\馻nkrunFixhealth.sp::IsTankRunActive
L 01/07/2026 - 15:31:43: [SM]   [2] Line 79, C:\Users\Moises\Downloads\Compressed\sourcemod-1.11.0-git6968-windows\addons\sourcemod\scripting\馻nkrunFixhealth.sp::Event_PlayerDeath
L 01/07/2026 - 15:31:44: [SM] Exception reported: Invalid convar handle 0 (error 4)
L 01/07/2026 - 15:31:44: [SM] Blaming: 馻nkrunFixhealth.smx
L 01/07/2026 - 15:31:44: [SM] Call stack trace:
L 01/07/2026 - 15:31:44: [SM]   [0] GetConVarString
L 01/07/2026 - 15:31:44: [SM]   [1] Line 138, C:\Users\Moises\Downloads\Compressed\sourcemod-1.11.0-git6968-windows\addons\sourcemod\scripting\馻nkrunFixhealth.sp::IsTankRunActive
L 01/07/2026 - 15:31:44: [SM]   [2] Line 79, C:\Users\Moises\Downloads\Compressed\sourcemod-1.11.0-git6968-windows\addons\sourcemod\scripting\馻nkrunFixhealth.sp::Event_PlayerDeath
L 01/07/2026 - 15:31:45: [SM] Exception reported: Invalid convar handle 0 (error 4)
L 01/07/2026 - 15:31:45: [SM] Blaming: 馻nkrunFixhealth.smx
L 01/07/2026 - 15:31:45: [SM] Call stack trace:
L 01/07/2026 - 15:31:45: [SM]   [0] GetConVarString
L 01/07/2026 - 15:31:45: [SM]   [1] Line 138, C:\Users\Moises\Downloads\Compressed\sourcemod-1.11.0-git6968-windows\addons\sourcemod\scripting\馻nkrunFixhealth.sp::IsTankRunActive
L 01/07/2026 - 15:31:45: [SM]   [2] Line 79, C:\Users\Moises\Downloads\Compressed\sourcemod-1.11.0-git6968-windows\addons\sourcemod\scripting\馻nkrunFixhealth.sp::Event_PlayerDeath
L 01/07/2026 - 15:31:45: [SM] Exception reported: Invalid convar handle 0 (error 4)
L 01/07/2026 - 15:31:45: [SM] Blaming: 馻nkrunFixhealth.smx
L 01/07/2026 - 15:31:45: [SM] Call stack trace:
L 01/07/2026 - 15:31:45: [SM]   [0] GetConVarString
L 01/07/2026 - 15:31:45: [SM]   [1] Line 138, C:\Users\Moises\Downloads\Compressed\sourcemod-1.11.0-git6968-windows\addons\sourcemod\scripting\馻nkrunFixhealth.sp::IsTankRunActive
L 01/07/2026 - 15:31:45: [SM]   [2] Line 79, C:\Users\Moises\Downloads\Compressed\sourcemod-1.11.0-git6968-windows\addons\sourcemod\scripting\馻nkrunFixhealth.sp::Event_PlayerDeath
L 01/07/2026 - 15:31:46: [SM] Exception reported: Invalid convar handle 0 (error 4)
L 01/07/2026 - 15:31:46: [SM] Blaming: 馻nkrunFixhealth.smx
L 01/07/2026 - 15:31:46: [SM] Call stack trace:
L 01/07/2026 - 15:31:46: [SM]   [0] GetConVarString
L 01/07/2026 - 15:31:46: [SM]   [1] Line 138, C:\Users\Moises\Downloads\Compressed\sourcemod-1.11.0-git6968-windows\addons\sourcemod\scripting\馻nkrunFixhealth.sp::IsTankRunActive
L 01/07/2026 - 15:31:46: [SM]   [2] Line 79, C:\Users\Moises\Downloads\Compressed\sourcemod-1.11.0-git6968-windows\addons\sourcemod\scripting\馻nkrunFixhealth.sp::Event_PlayerDeath
L 01/07/2026 - 15:31:47: [SM] Exception reported: Invalid convar handle 0 (error 4)
L 01/07/2026 - 15:31:47: [SM] Blaming: 馻nkrunFixhealth.smx
L 01/07/2026 - 15:31:47: [SM] Call stack trace:
L 01/07/2026 - 15:31:47: [SM]   [0] GetConVarString
L 01/07/2026 - 15:31:47: [SM]   [1] Line 138, C:\Users\Moises\Downloads\Compressed\sourcemod-1.11.0-git6968-windows\addons\sourcemod\scripting\馻nkrunFixhealth.sp::IsTankRunActive
L 01/07/2026 - 15:31:47: [SM]   [2] Line 79, C:\Users\Moises\Downloads\Compressed\sourcemod-1.11.0-git6968-windows\addons\sourcemod\scripting\馻nkrunFixhealth.sp::Event_PlayerDeath
L 01/07/2026 - 15:31:47: [SM] Exception reported: Invalid convar handle 0 (error 4)
L 01/07/2026 - 15:31:47: [SM] Blaming: 馻nkrunFixhealth.smx
L 01/07/2026 - 15:31:47: [SM] Call stack trace:
L 01/07/2026 - 15:31:47: [SM]   [0] GetConVarString
L 01/07/2026 - 15:31:47: [SM]   [1] Line 138, C:\Users\Moises\Downloads\Compressed\sourcemod-1.11.0-git6968-windows\addons\sourcemod\scripting\馻nkrunFixhealth.sp::IsTankRunActive
L 01/07/2026 - 15:31:47: [SM]   [2] Line 79, C:\Users\Moises\Downloads\Compressed\sourcemod-1.11.0-git6968-windows\addons\sourcemod\scripting\馻nkrunFixhealth.sp::Event_PlayerDeath
L 01/07/2026 - 15:31:48: [SM] Exception reported: Invalid convar handle 0 (error 4)
L 01/07/2026 - 15:31:48: [SM] Blaming: 馻nkrunFixhealth.smx
L 01/07/2026 - 15:31:48: [SM] Call stack trace:
L 01/07/2026 - 15:31:48: [SM]   [0] GetConVarString
L 01/07/2026 - 15:31:48: [SM]   [1] Line 138, C:\Users\Moises\Downloads\Compressed\sourcemod-1.11.0-git6968-windows\addons\sourcemod\scripting\馻nkrunFixhealth.sp::IsTankRunActive
L 01/07/2026 - 15:31:48: [SM]   [2] Line 79, C:\Users\Moises\Downloads\Compressed\sourcemod-1.11.0-git6968-windows\addons\sourcemod\scripting\馻nkrunFixhealth.sp::Event_PlayerDeath
L 01/07/2026 - 15:31:49: [SM] Exception reported: Invalid convar handle 0 (error 4)
L 01/07/2026 - 15:31:49: [SM] Blaming: 馻nkrunFixhealth.smx
L 01/07/2026 - 15:31:49: [SM] Call stack trace:
L 01/07/2026 - 15:31:49: [SM]   [0] GetConVarString
L 01/07/2026 - 15:31:49: [SM]   [1] Line 138, C:\Users\Moises\Downloads\Compressed\sourcemod-1.11.0-git6968-windows\addons\sourcemod\scripting\馻nkrunFixhealth.sp::IsTankRunActive
L 01/07/2026 - 15:31:49: [SM]   [2] Line 79, C:\Users\Moises\Downloads\Compressed\sourcemod-1.11.0-git6968-windows\addons\sourcemod\scripting\馻nkrunFixhealth.sp::Event_PlayerDeath
L 01/07/2026 - 15:31:49: [SM] Exception reported: Invalid convar handle 0 (error 4)
L 01/07/2026 - 15:31:49: [SM] Blaming: 馻nkrunFixhealth.smx
L 01/07/2026 - 15:31:49: [SM] Call stack trace:
L 01/07/2026 - 15:31:49: [SM]   [0] GetConVarString
L 01/07/2026 - 15:31:49: [SM]   [1] Line 138, C:\Users\Moises\Downloads\Compressed\sourcemod-1.11.0-git6968-windows\addons\sourcemod\scripting\馻nkrunFixhealth.sp::IsTankRunActive
L 01/07/2026 - 15:31:49: [SM]   [2] Line 79, C:\Users\Moises\Downloads\Compressed\sourcemod-1.11.0-git6968-windows\addons\sourcemod\scripting\馻nkrunFixhealth.sp::Event_PlayerDeath
L 01/07/2026 - 15:31:50: [SM] Exception reported: Invalid convar handle 0 (error 4)
L 01/07/2026 - 15:31:50: [SM] Blaming: 馻nkrunFixhealth.smx
L 01/07/2026 - 15:31:50: [SM] Call stack trace:
L 01/07/2026 - 15:31:50: [SM]   [0] GetConVarString
L 01/07/2026 - 15:31:50: [SM]   [1] Line 138, C:\Users\Moises\Downloads\Compressed\sourcemod-1.11.0-git6968-windows\addons\sourcemod\scripting\馻nkrunFixhealth.sp::IsTankRunActive
L 01/07/2026 - 15:31:50: [SM]   [2] Line 79, C:\Users\Moises\Downloads\Compressed\sourcemod-1.11.0-git6968-windows\addons\sourcemod\scripting\馻nkrunFixhealth.sp::Event_PlayerDeath
L 01/07/2026 - 15:31:50: [SM] Exception reported: Invalid convar handle 0 (error 4)
L 01/07/2026 - 15:31:50: [SM] Blaming: 馻nkrunFixhealth.smx
L 01/07/2026 - 15:31:50: [SM] Call stack trace:
L 01/07/2026 - 15:31:50: [SM]   [0] GetConVarString
L 01/07/2026 - 15:31:50: [SM]   [1] Line 138, C:\Users\Moises\Downloads\Compressed\sourcemod-1.11.0-git6968-windows\addons\sourcemod\scripting\馻nkrunFixhealth.sp::IsTankRunActive
L 01/07/2026 - 15:31:50: [SM]   [2] Line 36, C:\Users\Moises\Downloads\Compressed\sourcemod-1.11.0-git6968-windows\addons\sourcemod\scripting\馻nkrunFixhealth.sp::Timer_PeriodicCheck
L 01/07/2026 - 15:31:50: [SM] Exception reported: Invalid convar handle 0 (error 4)
L 01/07/2026 - 15:31:50: [SM] Blaming: 馻nkrunFixhealth.smx
L 01/07/2026 - 15:31:50: [SM] Call stack trace:
L 01/07/2026 - 15:31:50: [SM]   [0] GetConVarString
L 01/07/2026 - 15:31:50: [SM]   [1] Line 138, C:\Users\Moises\Downloads\Compressed\sourcemod-1.11.0-git6968-windows\addons\sourcemod\scripting\馻nkrunFixhealth.sp::IsTankRunActive
L 01/07/2026 - 15:31:51: [SM]   [2] Line 79, C:\Users\Moises\Downloads\Compressed\sourcemod-1.11.0-git6968-windows\addons\sourcemod\scripting\馻nkrunFixhealth.sp::Event_PlayerDeath
L 01/07/2026 - 15:31:55: [SM] Exception reported: Invalid convar handle 0 (error 4)
L 01/07/2026 - 15:31:55: [SM] Blaming: 馻nkrunFixhealth.smx
L 01/07/2026 - 15:31:55: [SM] Call stack trace:
L 01/07/2026 - 15:31:55: [SM]   [0] GetConVarString
L 01/07/2026 - 15:31:55: [SM]   [1] Line 138, C:\Users\Moises\Downloads\Compressed\sourcemod-1.11.0-git6968-windows\addons\sourcemod\scripting\馻nkrunFixhealth.sp::IsTankRunActive
L 01/07/2026 - 15:31:55: [SM]   [2] Line 79, C:\Users\Moises\Downloads\Compressed\sourcemod-1.11.0-git6968-windows\addons\sourcemod\scripting\馻nkrunFixhealth.sp::Event_PlayerDeath
L 01/07/2026 - 15:31:56: [SM] Exception reported: Invalid convar handle 0 (error 4)
L 01/07/2026 - 15:31:56: [SM] Blaming: 馻nkrunFixhealth.smx
L 01/07/2026 - 15:31:56: [SM] Call stack trace:
L 01/07/2026 - 15:31:56: [SM]   [0] GetConVarString
L 01/07/2026 - 15:31:56: [SM]   [1] Line 138, C:\Users\Moises\Downloads\Compressed\sourcemod-1.11.0-git6968-windows\addons\sourcemod\scripting\馻nkrunFixhealth.sp::IsTankRunActive
L 01/07/2026 - 15:31:56: [SM]   [2] Line 79, C:\Users\Moises\Downloads\Compressed\sourcemod-1.11.0-git6968-windows\addons\sourcemod\scripting\馻nkrunFixhealth.sp::Event_PlayerDeath
L 01/07/2026 - 15:31:56: [SM] Exception reported: Invalid convar handle 0 (error 4)
L 01/07/2026 - 15:31:56: [SM] Blaming: 馻nkrunFixhealth.smx
L 01/07/2026 - 15:31:56: [SM] Call stack trace:
L 01/07/2026 - 15:31:56: [SM]   [0] GetConVarString
L 01/07/2026 - 15:31:56: [SM]   [1] Line 138, C:\Users\Moises\Downloads\Compressed\sourcemod-1.11.0-git6968-windows\addons\sourcemod\scripting\馻nkrunFixhealth.sp::IsTankRunActive
L 01/07/2026 - 15:31:56: [SM]   [2] Line 79, C:\Users\Moises\Downloads\Compressed\sourcemod-1.11.0-git6968-windows\addons\sourcemod\scripting\馻nkrunFixhealth.sp::Event_PlayerDeath
L 01/07/2026 - 15:31:57: [SM] Exception reported: Invalid convar handle 0 (error 4)
L 01/07/2026 - 15:31:57: [SM] Blaming: 馻nkrunFixhealth.smx
L 01/07/2026 - 15:31:57: [SM] Call stack trace:
L 01/07/2026 - 15:31:57: [SM]   [0] GetConVarString
L 01/07/2026 - 15:31:57: [SM]   [1] Line 138, C:\Users\Moises\Downloads\Compressed\sourcemod-1.11.0-git6968-windows\addons\sourcemod\scripting\馻nkrunFixhealth.sp::IsTankRunActive
L 01/07/2026 - 15:31:57: [SM]   [2] Line 79, C:\Users\Moises\Downloads\Compressed\sourcemod-1.11.0-git6968-windows\addons\sourcemod\scripting\馻nkrunFixhealth.sp::Event_PlayerDeath
L 01/07/2026 - 15:31:59: [SM] Exception reported: Invalid convar handle 0 (error 4)
L 01/07/2026 - 15:31:59: [SM] Blaming: 馻nkrunFixhealth.smx
L 01/07/2026 - 15:31:59: [SM] Call stack trace:
L 01/07/2026 - 15:31:59: [SM]   [0] GetConVarString
L 01/07/2026 - 15:31:59: [SM]   [1] Line 138, C:\Users\Moises\Downloads\Compressed\sourcemod-1.11.0-git6968-windows\addons\sourcemod\scripting\馻nkrunFixhealth.sp::IsTankRunActive
L 01/07/2026 - 15:31:59: [SM]   [2] Line 79, C:\Users\Moises\Downloads\Compressed\sourcemod-1.11.0-git6968-windows\addons\sourcemod\scripting\馻nkrunFixhealth.sp::Event_PlayerDeath
L 01/07/2026 - 15:32:00: [SM] Exception reported: Invalid convar handle 0 (error 4)
L 01/07/2026 - 15:32:00: [SM] Blaming: 馻nkrunFixhealth.smx
L 01/07/2026 - 15:32:00: [SM] Call stack trace:
L 01/07/2026 - 15:32:00: [SM]   [0] GetConVarString
L 01/07/2026 - 15:32:00: [SM]   [1] Line 138, C:\Users\Moises\Downloads\Compressed\sourcemod-1.11.0-git6968-windows\addons\sourcemod\scripting\馻nkrunFixhealth.sp::IsTankRunActive
L 01/07/2026 - 15:32:00: [SM]   [2] Line 36, C:\Users\Moises\Downloads\Compressed\sourcemod-1.11.0-git6968-windows\addons\sourcemod\scripting\馻nkrunFixhealth.sp::Timer_PeriodicCheck
L 01/07/2026 - 15:32:02: [SM] Exception reported: Invalid timer handle 64200192 (error 3)
L 01/07/2026 - 15:32:02: [SM] Blaming: l4d2_playerjoining_v2.smx
L 01/07/2026 - 15:32:02: [SM] Call stack trace:
L 01/07/2026 - 15:32:02: [SM]   [0] KillTimer
L 01/07/2026 - 15:32:02: [SM]   [1] Line 53, C:\Users\Moises\Downloads\Compressed\sourcemod-1.11.0-git6968-windows\addons\sourcemod\scripting\l4d2_playerjoining_v2.sp::OnClientDisconnect
L 01/07/2026 - 15:32:03: [SM] Exception reported: Invalid convar handle 0 (error 4)
L 01/07/2026 - 15:32:03: [SM] Blaming: 馻nkrunFixhealth.smx
L 01/07/2026 - 15:32:03: [SM] Call stack trace:
L 01/07/2026 - 15:32:03: [SM]   [0] GetConVarString
L 01/07/2026 - 15:32:03: [SM]   [1] Line 138, C:\Users\Moises\Downloads\Compressed\sourcemod-1.11.0-git6968-windows\addons\sourcemod\scripting\馻nkrunFixhealth.sp::IsTankRunActive
L 01/07/2026 - 15:32:03: [SM]   [2] Line 79, C:\Users\Moises\Downloads\Compressed\sourcemod-1.11.0-git6968-windows\addons\sourcemod\scripting\馻nkrunFixhealth.sp::Event_PlayerDeath
L 01/07/2026 - 15:32:05: [SM] Exception reported: Invalid convar handle 0 (error 4)
L 01/07/2026 - 15:32:05: [SM] Blaming: 馻nkrunFixhealth.smx
L 01/07/2026 - 15:32:05: [SM] Call stack trace:
L 01/07/2026 - 15:32:05: [SM]   [0] GetConVarString
L 01/07/2026 - 15:32:05: [SM]   [1] Line 138, C:\Users\Moises\Downloads\Compressed\sourcemod-1.11.0-git6968-windows\addons\sourcemod\scripting\馻nkrunFixhealth.sp::IsTankRunActive
L 01/07/2026 - 15:32:05: [SM]   [2] Line 79, C:\Users\Moises\Downloads\Compressed\sourcemod-1.11.0-git6968-windows\addons\sourcemod\scripting\馻nkrunFixhealth.sp::Event_PlayerDeath
L 01/07/2026 - 15:32:06: [SM] Exception reported: Invalid convar handle 0 (error 4)
L 01/07/2026 - 15:32:06: [SM] Blaming: 馻nkrunFixhealth.smx
L 01/07/2026 - 15:32:06: [SM] Call stack trace:
L 01/07/2026 - 15:32:06: [SM]   [0] GetConVarString
L 01/07/2026 - 15:32:06: [SM]   [1] Line 138, C:\Users\Moises\Downloads\Compressed\sourcemod-1.11.0-git6968-windows\addons\sourcemod\scripting\馻nkrunFixhealth.sp::IsTankRunActive
L 01/07/2026 - 15:32:06: [SM]   [2] Line 79, C:\Users\Moises\Downloads\Compressed\sourcemod-1.11.0-git6968-windows\addons\sourcemod\scripting\馻nkrunFixhealth.sp::Event_PlayerDeath
L 01/07/2026 - 15:32:07: [SM] Exception reported: Invalid convar handle 0 (error 4)
L 01/07/2026 - 15:32:07: [SM] Blaming: 馻nkrunFixhealth.smx
L 01/07/2026 - 15:32:07: [SM] Call stack trace:
L 01/07/2026 - 15:32:07: [SM]   [0] GetConVarString
L 01/07/2026 - 15:32:07: [SM]   [1] Line 138, C:\Users\Moises\Downloads\Compressed\sourcemod-1.11.0-git6968-windows\addons\sourcemod\scripting\馻nkrunFixhealth.sp::IsTankRunActive
L 01/07/2026 - 15:32:07: [SM]   [2] Line 79, C:\Users\Moises\Downloads\Compressed\sourcemod-1.11.0-git6968-windows\addons\sourcemod\scripting\馻nkrunFixhealth.sp::Event_PlayerDeath
L 01/07/2026 - 15:32:10: [SM] Exception reported: Invalid convar handle 0 (error 4)
L 01/07/2026 - 15:32:10: [SM] Blaming: 馻nkrunFixhealth.smx
L 01/07/2026 - 15:32:10: [SM] Call stack trace:
L 01/07/2026 - 15:32:10: [SM]   [0] GetConVarString
L 01/07/2026 - 15:32:10: [SM]   [1] Line 138, C:\Users\Moises\Downloads\Compressed\sourcemod-1.11.0-git6968-windows\addons\sourcemod\scripting\馻nkrunFixhealth.sp::IsTankRunActive
L 01/07/2026 - 15:32:10: [SM]   [2] Line 36, C:\Users\Moises\Downloads\Compressed\sourcemod-1.11.0-git6968-windows\addons\sourcemod\scripting\馻nkrunFixhealth.sp::Timer_PeriodicCheck
L 01/07/2026 - 15:32:11: [SM] Exception reported: Invalid convar handle 0 (error 4)
L 01/07/2026 - 15:32:11: [SM] Blaming: 馻nkrunFixhealth.smx
L 01/07/2026 - 15:32:11: [SM] Call stack trace:
L 01/07/2026 - 15:32:11: [SM]   [0] GetConVarString
L 01/07/2026 - 15:32:11: [SM]   [1] Line 138, C:\Users\Moises\Downloads\Compressed\sourcemod-1.11.0-git6968-windows\addons\sourcemod\scripting\馻nkrunFixhealth.sp::IsTankRunActive
L 01/07/2026 - 15:32:11: [SM]   [2] Line 79, C:\Users\Moises\Downloads\Compressed\sourcemod-1.11.0-git6968-windows\addons\sourcemod\scripting\馻nkrunFixhealth.sp::Event_PlayerDeath
L 01/07/2026 - 15:32:12: [SM] Exception reported: Invalid convar handle 0 (error 4)
L 01/07/2026 - 15:32:12: [SM] Blaming: 馻nkrunFixhealth.smx
L 01/07/2026 - 15:32:12: [SM] Call stack trace:
L 01/07/2026 - 15:32:12: [SM]   [0] GetConVarString
L 01/07/2026 - 15:32:12: [SM]   [1] Line 138, C:\Users\Moises\Downloads\Compressed\sourcemod-1.11.0-git6968-windows\addons\sourcemod\scripting\馻nkrunFixhealth.sp::IsTankRunActive
L 01/07/2026 - 15:32:12: [SM]   [2] Line 79, C:\Users\Moises\Downloads\Compressed\sourcemod-1.11.0-git6968-windows\addons\sourcemod\scripting\馻nkrunFixhealth.sp::Event_PlayerDeath
L 01/07/2026 - 15:32:13: [SM] Exception reported: Invalid convar handle 0 (error 4)
L 01/07/2026 - 15:32:13: [SM] Blaming: 馻nkrunFixhealth.smx
L 01/07/2026 - 15:32:13: [SM] Call stack trace:
L 01/07/2026 - 15:32:13: [SM]   [0] GetConVarString
L 01/07/2026 - 15:32:13: [SM]   [1] Line 138, C:\Users\Moises\Downloads\Compressed\sourcemod-1.11.0-git6968-windows\addons\sourcemod\scripting\馻nkrunFixhealth.sp::IsTankRunActive
L 01/07/2026 - 15:32:13: [SM]   [2] Line 79, C:\Users\Moises\Downloads\Compressed\sourcemod-1.11.0-git6968-windows\addons\sourcemod\scripting\馻nkrunFixhealth.sp::Event_PlayerDeath
L 01/07/2026 - 15:32:14: [SM] Exception reported: Invalid convar handle 0 (error 4)
L 01/07/2026 - 15:32:14: [SM] Blaming: 馻nkrunFixhealth.smx
L 01/07/2026 - 15:32:14: [SM] Call stack trace:
L 01/07/2026 - 15:32:14: [SM]   [0] GetConVarString
L 01/07/2026 - 15:32:14: [SM]   [1] Line 138, C:\Users\Moises\Downloads\Compressed\sourcemod-1.11.0-git6968-windows\addons\sourcemod\scripting\馻nkrunFixhealth.sp::IsTankRunActive
L 01/07/2026 - 15:32:14: [SM]   [2] Line 79, C:\Users\Moises\Downloads\Compressed\sourcemod-1.11.0-git6968-windows\addons\sourcemod\scripting\馻nkrunFixhealth.sp::Event_PlayerDeath
L 01/07/2026 - 15:32:14: [SM] Exception reported: Invalid convar handle 0 (error 4)
L 01/07/2026 - 15:32:14: [SM] Blaming: 馻nkrunFixhealth.smx
L 01/07/2026 - 15:32:14: [SM] Call stack trace:
L 01/07/2026 - 15:32:14: [SM]   [0] GetConVarString
L 01/07/2026 - 15:32:14: [SM]   [1] Line 138, C:\Users\Moises\Downloads\Compressed\sourcemod-1.11.0-git6968-windows\addons\sourcemod\scripting\馻nkrunFixhealth.sp::IsTankRunActive
L 01/07/2026 - 15:32:14: [SM]   [2] Line 79, C:\Users\Moises\Downloads\Compressed\sourcemod-1.11.0-git6968-windows\addons\sourcemod\scripting\馻nkrunFixhealth.sp::Event_PlayerDeath
L 01/07/2026 - 15:32:14: [SM] Exception reported: Invalid convar handle 0 (error 4)
L 01/07/2026 - 15:32:14: [SM] Blaming: 馻nkrunFixhealth.smx
L 01/07/2026 - 15:32:14: [SM] Call stack trace:
L 01/07/2026 - 15:32:14: [SM]   [0] GetConVarString
L 01/07/2026 - 15:32:14: [SM]   [1] Line 138, C:\Users\Moises\Downloads\Compressed\sourcemod-1.11.0-git6968-windows\addons\sourcemod\scripting\馻nkrunFixhealth.sp::IsTankRunActive
L 01/07/2026 - 15:32:14: [SM]   [2] Line 79, C:\Users\Moises\Downloads\Compressed\sourcemod-1.11.0-git6968-windows\addons\sourcemod\scripting\馻nkrunFixhealth.sp::Event_PlayerDeath
L 01/07/2026 - 15:32:14: [SM] Exception reported: Invalid convar handle 0 (error 4)
L 01/07/2026 - 15:32:14: [SM] Blaming: 馻nkrunFixhealth.smx
L 01/07/2026 - 15:32:14: [SM] Call stack trace:
L 01/07/2026 - 15:32:14: [SM]   [0] GetConVarString
L 01/07/2026 - 15:32:14: [SM]   [1] Line 138, C:\Users\Moises\Downloads\Compressed\sourcemod-1.11.0-git6968-windows\addons\sourcemod\scripting\馻nkrunFixhealth.sp::IsTankRunActive
L 01/07/2026 - 15:32:14: [SM]   [2] Line 79, C:\Users\Moises\Downloads\Compressed\sourcemod-1.11.0-git6968-windows\addons\sourcemod\scripting\馻nkrunFixhealth.sp::Event_PlayerDeath
L 01/07/2026 - 15:32:14: [SM] Exception reported: Invalid convar handle 0 (error 4)
L 01/07/2026 - 15:32:14: [SM] Blaming: 馻nkrunFixhealth.smx
L 01/07/2026 - 15:32:14: [SM] Call stack trace:
L 01/07/2026 - 15:32:14: [SM]   [0] GetConVarString
L 01/07/2026 - 15:32:14: [SM]   [1] Line 138, C:\Users\Moises\Downloads\Compressed\sourcemod-1.11.0-git6968-windows\addons\sourcemod\scripting\馻nkrunFixhealth.sp::IsTankRunActive
L 01/07/2026 - 15:32:14: [SM]   [2] Line 79, C:\Users\Moises\Downloads\Compressed\sourcemod-1.11.0-git6968-windows\addons\sourcemod\scripting\馻nkrunFixhealth.sp::Event_PlayerDeath
L 01/07/2026 - 15:32:15: [SM] Exception reported: Invalid convar handle 0 (error 4)
L 01/07/2026 - 15:32:15: [SM] Blaming: 馻nkrunFixhealth.smx
L 01/07/2026 - 15:32:15: [SM] Call stack trace:
L 01/07/2026 - 15:32:15: [SM]   [0] GetConVarString
L 01/07/2026 - 15:32:15: [SM]   [1] Line 138, C:\Users\Moises\Downloads\Compressed\sourcemod-1.11.0-git6968-windows\addons\sourcemod\scripting\馻nkrunFixhealth.sp::IsTankRunActive
L 01/07/2026 - 15:32:15: [SM]   [2] Line 79, C:\Users\Moises\Downloads\Compressed\sourcemod-1.11.0-git6968-windows\addons\sourcemod\scripting\馻nkrunFixhealth.sp::Event_PlayerDeath
L 01/07/2026 - 15:32:15: [SM] Exception reported: Invalid convar handle 0 (error 4)
L 01/07/2026 - 15:32:15: [SM] Blaming: 馻nkrunFixhealth.smx
L 01/07/2026 - 15:32:15: [SM] Call stack trace:
L 01/07/2026 - 15:32:15: [SM]   [0] GetConVarString
L 01/07/2026 - 15:32:15: [SM]   [1] Line 138, C:\Users\Moises\Downloads\Compressed\sourcemod-1.11.0-git6968-windows\addons\sourcemod\scripting\馻nkrunFixhealth.sp::IsTankRunActive
L 01/07/2026 - 15:32:15: [SM]   [2] Line 79, C:\Users\Moises\Downloads\Compressed\sourcemod-1.11.0-git6968-windows\addons\sourcemod\scripting\馻nkrunFixhealth.sp::Event_PlayerDeath
L 01/07/2026 - 15:32:16: [SM] Exception reported: Invalid convar handle 0 (error 4)
L 01/07/2026 - 15:32:16: [SM] Blaming: 馻nkrunFixhealth.smx
L 01/07/2026 - 15:32:16: [SM] Call stack trace:
L 01/07/2026 - 15:32:16: [SM]   [0] GetConVarString
L 01/07/2026 - 15:32:16: [SM]   [1] Line 138, C:\Users\Moises\Downloads\Compressed\sourcemod-1.11.0-git6968-windows\addons\sourcemod\scripting\馻nkrunFixhealth.sp::IsTankRunActive
L 01/07/2026 - 15:32:16: [SM]   [2] Line 79, C:\Users\Moises\Downloads\Compressed\sourcemod-1.11.0-git6968-windows\addons\sourcemod\scripting\馻nkrunFixhealth.sp::Event_PlayerDeath
L 01/07/2026 - 15:32:17: [SM] Exception reported: Invalid convar handle 0 (error 4)
L 01/07/2026 - 15:32:17: [SM] Blaming: 馻nkrunFixhealth.smx
L 01/07/2026 - 15:32:17: [SM] Call stack trace:
L 01/07/2026 - 15:32:17: [SM]   [0] GetConVarString
L 01/07/2026 - 15:32:17: [SM]   [1] Line 138, C:\Users\Moises\Downloads\Compressed\sourcemod-1.11.0-git6968-windows\addons\sourcemod\scripting\馻nkrunFixhealth.sp::IsTankRunActive
L 01/07/2026 - 15:32:17: [SM]   [2] Line 79, C:\Users\Moises\Downloads\Compressed\sourcemod-1.11.0-git6968-windows\addons\sourcemod\scripting\馻nkrunFixhealth.sp::Event_PlayerDeath
L 01/07/2026 - 15:32:17: [SM] Exception reported: Invalid convar handle 0 (error 4)
L 01/07/2026 - 15:32:17: [SM] Blaming: 馻nkrunFixhealth.smx
L 01/07/2026 - 15:32:17: [SM] Call stack trace:
L 01/07/2026 - 15:32:17: [SM]   [0] GetConVarString
L 01/07/2026 - 15:32:17: [SM]   [1] Line 138, C:\Users\Moises\Downloads\Compressed\sourcemod-1.11.0-git6968-windows\addons\sourcemod\scripting\馻nkrunFixhealth.sp::IsTankRunActive
L 01/07/2026 - 15:32:17: [SM]   [2] Line 79, C:\Users\Moises\Downloads\Compressed\sourcemod-1.11.0-git6968-windows\addons\sourcemod\scripting\馻nkrunFixhealth.sp::Event_PlayerDeath
L 01/07/2026 - 15:32:17: [SM] Exception reported: Invalid convar handle 0 (error 4)
L 01/07/2026 - 15:32:17: [SM] Blaming: 馻nkrunFixhealth.smx
L 01/07/2026 - 15:32:17: [SM] Call stack trace:
L 01/07/2026 - 15:32:17: [SM]   [0] GetConVarString
L 01/07/2026 - 15:32:17: [SM]   [1] Line 138, C:\Users\Moises\Downloads\Compressed\sourcemod-1.11.0-git6968-windows\addons\sourcemod\scripting\馻nkrunFixhealth.sp::IsTankRunActive
L 01/07/2026 - 15:32:17: [SM]   [2] Line 79, C:\Users\Moises\Downloads\Compressed\sourcemod-1.11.0-git6968-windows\addons\sourcemod\scripting\馻nkrunFixhealth.sp::Event_PlayerDeath
L 01/07/2026 - 15:32:18: [SM] Exception reported: Invalid convar handle 0 (error 4)
L 01/07/2026 - 15:32:18: [SM] Blaming: 馻nkrunFixhealth.smx
L 01/07/2026 - 15:32:18: [SM] Call stack trace:
L 01/07/2026 - 15:32:18: [SM]   [0] GetConVarString
L 01/07/2026 - 15:32:18: [SM]   [1] Line 138, C:\Users\Moises\Downloads\Compressed\sourcemod-1.11.0-git6968-windows\addons\sourcemod\scripting\馻nkrunFixhealth.sp::IsTankRunActive
L 01/07/2026 - 15:32:18: [SM]   [2] Line 79, C:\Users\Moises\Downloads\Compressed\sourcemod-1.11.0-git6968-windows\addons\sourcemod\scripting\馻nkrunFixhealth.sp::Event_PlayerDeath
L 01/07/2026 - 15:32:19: [SM] Exception reported: Invalid convar handle 0 (error 4)
L 01/07/2026 - 15:32:19: [SM] Blaming: 馻nkrunFixhealth.smx
L 01/07/2026 - 15:32:19: [SM] Call stack trace:
L 01/07/2026 - 15:32:19: [SM]   [0] GetConVarString
L 01/07/2026 - 15:32:19: [SM]   [1] Line 138, C:\Users\Moises\Downloads\Compressed\sourcemod-1.11.0-git6968-windows\addons\sourcemod\scripting\馻nkrunFixhealth.sp::IsTankRunActive
L 01/07/2026 - 15:32:19: [SM]   [2] Line 79, C:\Users\Moises\Downloads\Compressed\sourcemod-1.11.0-git6968-windows\addons\sourcemod\scripting\馻nkrunFixhealth.sp::Event_PlayerDeath
L 01/07/2026 - 15:32:19: [SM] Exception reported: Invalid convar handle 0 (error 4)
L 01/07/2026 - 15:32:19: [SM] Blaming: 馻nkrunFixhealth.smx
L 01/07/2026 - 15:32:19: [SM] Call stack trace:
L 01/07/2026 - 15:32:19: [SM]   [0] GetConVarString
L 01/07/2026 - 15:32:19: [SM]   [1] Line 138, C:\Users\Moises\Downloads\Compressed\sourcemod-1.11.0-git6968-windows\addons\sourcemod\scripting\馻nkrunFixhealth.sp::IsTankRunActive
L 01/07/2026 - 15:32:19: [SM]   [2] Line 79, C:\Users\Moises\Downloads\Compressed\sourcemod-1.11.0-git6968-windows\addons\sourcemod\scripting\馻nkrunFixhealth.sp::Event_PlayerDeath
L 01/07/2026 - 15:32:19: [SM] Exception reported: Invalid convar handle 0 (error 4)
L 01/07/2026 - 15:32:19: [SM] Blaming: 馻nkrunFixhealth.smx
L 01/07/2026 - 15:32:19: [SM] Call stack trace:
L 01/07/2026 - 15:32:19: [SM]   [0] GetConVarString
L 01/07/2026 - 15:32:19: [SM]   [1] Line 138, C:\Users\Moises\Downloads\Compressed\sourcemod-1.11.0-git6968-windows\addons\sourcemod\scripting\馻nkrunFixhealth.sp::IsTankRunActive
L 01/07/2026 - 15:32:19: [SM]   [2] Line 79, C:\Users\Moises\Downloads\Compressed\sourcemod-1.11.0-git6968-windows\addons\sourcemod\scripting\馻nkrunFixhealth.sp::Event_PlayerDeath
L 01/07/2026 - 15:32:19: [SM] Exception reported: Invalid convar handle 0 (error 4)
L 01/07/2026 - 15:32:19: [SM] Blaming: 馻nkrunFixhealth.smx
L 01/07/2026 - 15:32:19: [SM] Call stack trace:
L 01/07/2026 - 15:32:19: [SM]   [0] GetConVarString
L 01/07/2026 - 15:32:19: [SM]   [1] Line 138, C:\Users\Moises\Downloads\Compressed\sourcemod-1.11.0-git6968-windows\addons\sourcemod\scripting\馻nkrunFixhealth.sp::IsTankRunActive
L 01/07/2026 - 15:32:19: [SM]   [2] Line 79, C:\Users\Moises\Downloads\Compressed\sourcemod-1.11.0-git6968-windows\addons\sourcemod\scripting\馻nkrunFixhealth.sp::Event_PlayerDeath
L 01/07/2026 - 15:32:19: [SM] Exception reported: Invalid convar handle 0 (error 4)
L 01/07/2026 - 15:32:19: [SM] Blaming: 馻nkrunFixhealth.smx
L 01/07/2026 - 15:32:19: [SM] Call stack trace:
L 01/07/2026 - 15:32:19: [SM]   [0] GetConVarString
L 01/07/2026 - 15:32:19: [SM]   [1] Line 138, C:\Users\Moises\Downloads\Compressed\sourcemod-1.11.0-git6968-windows\addons\sourcemod\scripting\馻nkrunFixhealth.sp::IsTankRunActive
L 01/07/2026 - 15:32:19: [SM]   [2] Line 79, C:\Users\Moises\Downloads\Compressed\sourcemod-1.11.0-git6968-windows\addons\sourcemod\scripting\馻nkrunFixhealth.sp::Event_PlayerDeath
L 01/07/2026 - 15:32:20: [SM] Exception reported: Invalid convar handle 0 (error 4)
L 01/07/2026 - 15:32:20: [SM] Blaming: 馻nkrunFixhealth.smx
L 01/07/2026 - 15:32:20: [SM] Call stack trace:
L 01/07/2026 - 15:32:20: [SM]   [0] GetConVarString
L 01/07/2026 - 15:32:20: [SM]   [1] Line 138, C:\Users\Moises\Downloads\Compressed\sourcemod-1.11.0-git6968-windows\addons\sourcemod\scripting\馻nkrunFixhealth.sp::IsTankRunActive
L 01/07/2026 - 15:32:20: [SM]   [2] Line 79, C:\Users\Moises\Downloads\Compressed\sourcemod-1.11.0-git6968-windows\addons\sourcemod\scripting\馻nkrunFixhealth.sp::Event_PlayerDeath
L 01/07/2026 - 15:32:20: [SM] Exception reported: Invalid convar handle 0 (error 4)
L 01/07/2026 - 15:32:20: [SM] Blaming: 馻nkrunFixhealth.smx
L 01/07/2026 - 15:32:20: [SM] Call stack trace:
L 01/07/2026 - 15:32:20: [SM]   [0] GetConVarString
L 01/07/2026 - 15:32:20: [SM]   [1] Line 138, C:\Users\Moises\Downloads\Compressed\sourcemod-1.11.0-git6968-windows\addons\sourcemod\scripting\馻nkrunFixhealth.sp::IsTankRunActive
L 01/07/2026 - 15:32:20: [SM]   [2] Line 79, C:\Users\Moises\Downloads\Compressed\sourcemod-1.11.0-git6968-windows\addons\sourcemod\scripting\馻nkrunFixhealth.sp::Event_PlayerDeath
L 01/07/2026 - 15:32:20: [SM] Exception reported: Invalid convar handle 0 (error 4)
L 01/07/2026 - 15:32:20: [SM] Blaming: 馻nkrunFixhealth.smx
L 01/07/2026 - 15:32:20: [SM] Call stack trace:
L 01/07/2026 - 15:32:20: [SM]   [0] GetConVarString
L 01/07/2026 - 15:32:20: [SM]   [1] Line 138, C:\Users\Moises\Downloads\Compressed\sourcemod-1.11.0-git6968-windows\addons\sourcemod\scripting\馻nkrunFixhealth.sp::IsTankRunActive
L 01/07/2026 - 15:32:20: [SM]   [2] Line 36, C:\Users\Moises\Downloads\Compressed\sourcemod-1.11.0-git6968-windows\addons\sourcemod\scripting\馻nkrunFixhealth.sp::Timer_PeriodicCheck
L 01/07/2026 - 15:32:20: [SM] Exception reported: Invalid convar handle 0 (error 4)
L 01/07/2026 - 15:32:20: [SM] Blaming: 馻nkrunFixhealth.smx
L 01/07/2026 - 15:32:20: [SM] Call stack trace:
L 01/07/2026 - 15:32:20: [SM]   [0] GetConVarString
L 01/07/2026 - 15:32:20: [SM]   [1] Line 138, C:\Users\Moises\Downloads\Compressed\sourcemod-1.11.0-git6968-windows\addons\sourcemod\scripting\馻nkrunFixhealth.sp::IsTankRunActive
L 01/07/2026 - 15:32:20: [SM]   [2] Line 79, C:\Users\Moises\Downloads\Compressed\sourcemod-1.11.0-git6968-windows\addons\sourcemod\scripting\馻nkrunFixhealth.sp::Event_PlayerDeath
L 01/07/2026 - 15:32:21: [SM] Exception reported: Invalid convar handle 0 (error 4)
L 01/07/2026 - 15:32:21: [SM] Blaming: 馻nkrunFixhealth.smx
L 01/07/2026 - 15:32:21: [SM] Call stack trace:
L 01/07/2026 - 15:32:21: [SM]   [0] GetConVarString
L 01/07/2026 - 15:32:21: [SM]   [1] Line 138, C:\Users\Moises\Downloads\Compressed\sourcemod-1.11.0-git6968-windows\addons\sourcemod\scripting\馻nkrunFixhealth.sp::IsTankRunActive
L 01/07/2026 - 15:32:21: [SM]   [2] Line 79, C:\Users\Moises\Downloads\Compressed\sourcemod-1.11.0-git6968-windows\addons\sourcemod\scripting\馻nkrunFixhealth.sp::Event_PlayerDeath
L 01/07/2026 - 15:32:21: [SM] Exception reported: Invalid convar handle 0 (error 4)
L 01/07/2026 - 15:32:21: [SM] Blaming: 馻nkrunFixhealth.smx
L 01/07/2026 - 15:32:21: [SM] Call stack trace:
L 01/07/2026 - 15:32:21: [SM]   [0] GetConVarString
L 01/07/2026 - 15:32:21: [SM]   [1] Line 138, C:\Users\Moises\Downloads\Compressed\sourcemod-1.11.0-git6968-windows\addons\sourcemod\scripting\馻nkrunFixhealth.sp::IsTankRunActive
L 01/07/2026 - 15:32:21: [SM]   [2] Line 79, C:\Users\Moises\Downloads\Compressed\sourcemod-1.11.0-git6968-windows\addons\sourcemod\scripting\馻nkrunFixhealth.sp::Event_PlayerDeath
L 01/07/2026 - 15:32:23: [SM] Exception reported: Invalid convar handle 0 (error 4)
L 01/07/2026 - 15:32:23: [SM] Blaming: 馻nkrunFixhealth.smx
L 01/07/2026 - 15:32:23: [SM] Call stack trace:
L 01/07/2026 - 15:32:23: [SM]   [0] GetConVarString
L 01/07/2026 - 15:32:23: [SM]   [1] Line 138, C:\Users\Moises\Downloads\Compressed\sourcemod-1.11.0-git6968-windows\addons\sourcemod\scripting\馻nkrunFixhealth.sp::IsTankRunActive
L 01/07/2026 - 15:32:23: [SM]   [2] Line 79, C:\Users\Moises\Downloads\Compressed\sourcemod-1.11.0-git6968-windows\addons\sourcemod\scripting\馻nkrunFixhealth.sp::Event_PlayerDeath
L 01/07/2026 - 15:32:24: [SM] Exception reported: Invalid convar handle 0 (error 4)
L 01/07/2026 - 15:32:24: [SM] Blaming: 馻nkrunFixhealth.smx
L 01/07/2026 - 15:32:24: [SM] Call stack trace:
L 01/07/2026 - 15:32:24: [SM]   [0] GetConVarString
L 01/07/2026 - 15:32:24: [SM]   [1] Line 138, C:\Users\Moises\Downloads\Compressed\sourcemod-1.11.0-git6968-windows\addons\sourcemod\scripting\馻nkrunFixhealth.sp::IsTankRunActive
L 01/07/2026 - 15:32:24: [SM]   [2] Line 79, C:\Users\Moises\Downloads\Compressed\sourcemod-1.11.0-git6968-windows\addons\sourcemod\scripting\馻nkrunFixhealth.sp::Event_PlayerDeath
L 01/07/2026 - 15:32:25: [SM] Exception reported: Invalid convar handle 0 (error 4)
L 01/07/2026 - 15:32:25: [SM] Blaming: 馻nkrunFixhealth.smx
L 01/07/2026 - 15:32:25: [SM] Call stack trace:
L 01/07/2026 - 15:32:25: [SM]   [0] GetConVarString
L 01/07/2026 - 15:32:25: [SM]   [1] Line 138, C:\Users\Moises\Downloads\Compressed\sourcemod-1.11.0-git6968-windows\addons\sourcemod\scripting\馻nkrunFixhealth.sp::IsTankRunActive
L 01/07/2026 - 15:32:25: [SM]   [2] Line 79, C:\Users\Moises\Downloads\Compressed\sourcemod-1.11.0-git6968-windows\addons\sourcemod\scripting\馻nkrunFixhealth.sp::Event_PlayerDeath
L 01/07/2026 - 15:32:25: [SM] Exception reported: Invalid convar handle 0 (error 4)
L 01/07/2026 - 15:32:25: [SM] Blaming: 馻nkrunFixhealth.smx
L 01/07/2026 - 15:32:25: [SM] Call stack trace:
L 01/07/2026 - 15:32:25: [SM]   [0] GetConVarString
L 01/07/2026 - 15:32:25: [SM]   [1] Line 138, C:\Users\Moises\Downloads\Compressed\sourcemod-1.11.0-git6968-windows\addons\sourcemod\scripting\馻nkrunFixhealth.sp::IsTankRunActive
L 01/07/2026 - 15:32:25: [SM]   [2] Line 79, C:\Users\Moises\Downloads\Compressed\sourcemod-1.11.0-git6968-windows\addons\sourcemod\scripting\馻nkrunFixhealth.sp::Event_PlayerDeath
L 01/07/2026 - 15:32:27: [SM] Exception reported: Invalid convar handle 0 (error 4)
L 01/07/2026 - 15:32:27: [SM] Blaming: 馻nkrunFixhealth.smx
L 01/07/2026 - 15:32:27: [SM] Call stack trace:
L 01/07/2026 - 15:32:27: [SM]   [0] GetConVarString
L 01/07/2026 - 15:32:27: [SM]   [1] Line 138, C:\Users\Moises\Downloads\Compressed\sourcemod-1.11.0-git6968-windows\addons\sourcemod\scripting\馻nkrunFixhealth.sp::IsTankRunActive
L 01/07/2026 - 15:32:27: [SM]   [2] Line 79, C:\Users\Moises\Downloads\Compressed\sourcemod-1.11.0-git6968-windows\addons\sourcemod\scripting\馻nkrunFixhealth.sp::Event_PlayerDeath
L 01/07/2026 - 15:32:30: [SM] Exception reported: Invalid convar handle 0 (error 4)
L 01/07/2026 - 15:32:30: [SM] Blaming: 馻nkrunFixhealth.smx
L 01/07/2026 - 15:32:30: [SM] Call stack trace:
L 01/07/2026 - 15:32:30: [SM]   [0] GetConVarString
L 01/07/2026 - 15:32:30: [SM]   [1] Line 138, C:\Users\Moises\Downloads\Compressed\sourcemod-1.11.0-git6968-windows\addons\sourcemod\scripting\馻nkrunFixhealth.sp::IsTankRunActive
L 01/07/2026 - 15:32:30: [SM]   [2] Line 36, C:\Users\Moises\Downloads\Compressed\sourcemod-1.11.0-git6968-windows\addons\sourcemod\scripting\馻nkrunFixhealth.sp::Timer_PeriodicCheck
L 01/07/2026 - 15:32:33: [SM] Exception reported: Invalid convar handle 0 (error 4)
L 01/07/2026 - 15:32:33: [SM] Blaming: 馻nkrunFixhealth.smx
L 01/07/2026 - 15:32:33: [SM] Call stack trace:
L 01/07/2026 - 15:32:33: [SM]   [0] GetConVarString
L 01/07/2026 - 15:32:33: [SM]   [1] Line 138, C:\Users\Moises\Downloads\Compressed\sourcemod-1.11.0-git6968-windows\addons\sourcemod\scripting\馻nkrunFixhealth.sp::IsTankRunActive
L 01/07/2026 - 15:32:33: [SM]   [2] Line 79, C:\Users\Moises\Downloads\Compressed\sourcemod-1.11.0-git6968-windows\addons\sourcemod\scripting\馻nkrunFixhealth.sp::Event_PlayerDeath
L 01/07/2026 - 15:32:34: [SM] Exception reported: Invalid convar handle 0 (error 4)
L 01/07/2026 - 15:32:34: [SM] Blaming: 馻nkrunFixhealth.smx
L 01/07/2026 - 15:32:34: [SM] Call stack trace:
L 01/07/2026 - 15:32:34: [SM]   [0] GetConVarString
L 01/07/2026 - 15:32:34: [SM]   [1] Line 138, C:\Users\Moises\Downloads\Compressed\sourcemod-1.11.0-git6968-windows\addons\sourcemod\scripting\馻nkrunFixhealth.sp::IsTankRunActive
L 01/07/2026 - 15:32:34: [SM]   [2] Line 79, C:\Users\Moises\Downloads\Compressed\sourcemod-1.11.0-git6968-windows\addons\sourcemod\scripting\馻nkrunFixhealth.sp::Event_PlayerDeath
L 01/07/2026 - 15:32:37: [SM] Exception reported: Invalid convar handle 0 (error 4)
L 01/07/2026 - 15:32:37: [SM] Blaming: 馻nkrunFixhealth.smx
L 01/07/2026 - 15:32:37: [SM] Call stack trace:
L 01/07/2026 - 15:32:37: [SM]   [0] GetConVarString
L 01/07/2026 - 15:32:37: [SM]   [1] Line 138, C:\Users\Moises\Downloads\Compressed\sourcemod-1.11.0-git6968-windows\addons\sourcemod\scripting\馻nkrunFixhealth.sp::IsTankRunActive
L 01/07/2026 - 15:32:37: [SM]   [2] Line 79, C:\Users\Moises\Downloads\Compressed\sourcemod-1.11.0-git6968-windows\addons\sourcemod\scripting\馻nkrunFixhealth.sp::Event_PlayerDeath
L 01/07/2026 - 15:32:38: [SM] Exception reported: Language phrase "Please wait to be revived or rescued" not found (arg 6)
L 01/07/2026 - 15:32:38: [SM] Blaming: l4dmultislots.smx
L 01/07/2026 - 15:32:38: [SM] Call stack trace:
L 01/07/2026 - 15:32:38: [SM]   [0] PrintToChat
L 01/07/2026 - 15:32:38: [SM]   [1] Line 953, d:\Github\Private-Work\L4D2-鎻掍欢\scripting_1.11\l4dmultislots.sp::Timer_SpecCheck
L 01/07/2026 - 15:32:40: [SM] Exception reported: Invalid convar handle 0 (error 4)
L 01/07/2026 - 15:32:40: [SM] Blaming: 馻nkrunFixhealth.smx
L 01/07/2026 - 15:32:40: [SM] Call stack trace:
L 01/07/2026 - 15:32:40: [SM]   [0] GetConVarString
L 01/07/2026 - 15:32:40: [SM]   [1] Line 138, C:\Users\Moises\Downloads\Compressed\sourcemod-1.11.0-git6968-windows\addons\sourcemod\scripting\馻nkrunFixhealth.sp::IsTankRunActive
L 01/07/2026 - 15:32:40: [SM]   [2] Line 36, C:\Users\Moises\Downloads\Compressed\sourcemod-1.11.0-git6968-windows\addons\sourcemod\scripting\馻nkrunFixhealth.sp::Timer_PeriodicCheck
L 01/07/2026 - 15:32:41: [SM] Exception reported: Invalid convar handle 0 (error 4)
L 01/07/2026 - 15:32:41: [SM] Blaming: 馻nkrunFixhealth.smx
L 01/07/2026 - 15:32:41: [SM] Call stack trace:
L 01/07/2026 - 15:32:41: [SM]   [0] GetConVarString
L 01/07/2026 - 15:32:41: [SM]   [1] Line 138, C:\Users\Moises\Downloads\Compressed\sourcemod-1.11.0-git6968-windows\addons\sourcemod\scripting\馻nkrunFixhealth.sp::IsTankRunActive
L 01/07/2026 - 15:32:41: [SM]   [2] Line 79, C:\Users\Moises\Downloads\Compressed\sourcemod-1.11.0-git6968-windows\addons\sourcemod\scripting\馻nkrunFixhealth.sp::Event_PlayerDeath
L 01/07/2026 - 15:32:42: [SM] Exception reported: Invalid convar handle 0 (error 4)
L 01/07/2026 - 15:32:42: [SM] Blaming: 馻nkrunFixhealth.smx
L 01/07/2026 - 15:32:42: [SM] Call stack trace:
L 01/07/2026 - 15:32:42: [SM]   [0] GetConVarString
L 01/07/2026 - 15:32:42: [SM]   [1] Line 138, C:\Users\Moises\Downloads\Compressed\sourcemod-1.11.0-git6968-windows\addons\sourcemod\scripting\馻nkrunFixhealth.sp::IsTankRunActive
L 01/07/2026 - 15:32:42: [SM]   [2] Line 79, C:\Users\Moises\Downloads\Compressed\sourcemod-1.11.0-git6968-windows\addons\sourcemod\scripting\馻nkrunFixhealth.sp::Event_PlayerDeath
L 01/07/2026 - 15:32:44: [SM] Exception reported: Invalid convar handle 0 (error 4)
L 01/07/2026 - 15:32:44: [SM] Blaming: 馻nkrunFixhealth.smx
L 01/07/2026 - 15:32:44: [SM] Call stack trace:
L 01/07/2026 - 15:32:44: [SM]   [0] GetConVarString
L 01/07/2026 - 15:32:44: [SM]   [1] Line 138, C:\Users\Moises\Downloads\Compressed\sourcemod-1.11.0-git6968-windows\addons\sourcemod\scripting\馻nkrunFixhealth.sp::IsTankRunActive
L 01/07/2026 - 15:32:44: [SM]   [2] Line 79, C:\Users\Moises\Downloads\Compressed\sourcemod-1.11.0-git6968-windows\addons\sourcemod\scripting\馻nkrunFixhealth.sp::Event_PlayerDeath
L 01/07/2026 - 15:32:45: [SM] Exception reported: Invalid convar handle 0 (error 4)
L 01/07/2026 - 15:32:45: [SM] Blaming: 馻nkrunFixhealth.smx
L 01/07/2026 - 15:32:45: [SM] Call stack trace:
L 01/07/2026 - 15:32:45: [SM]   [0] GetConVarString
L 01/07/2026 - 15:32:45: [SM]   [1] Line 138, C:\Users\Moises\Downloads\Compressed\sourcemod-1.11.0-git6968-windows\addons\sourcemod\scripting\馻nkrunFixhealth.sp::IsTankRunActive
L 01/07/2026 - 15:32:45: [SM]   [2] Line 79, C:\Users\Moises\Downloads\Compressed\sourcemod-1.11.0-git6968-windows\addons\sourcemod\scripting\馻nkrunFixhealth.sp::Event_PlayerDeath
L 01/07/2026 - 15:32:47: [SM] Exception reported: Invalid convar handle 0 (error 4)
L 01/07/2026 - 15:32:47: [SM] Blaming: 馻nkrunFixhealth.smx
L 01/07/2026 - 15:32:47: [SM] Call stack trace:
L 01/07/2026 - 15:32:47: [SM]   [0] GetConVarString
L 01/07/2026 - 15:32:47: [SM]   [1] Line 138, C:\Users\Moises\Downloads\Compressed\sourcemod-1.11.0-git6968-windows\addons\sourcemod\scripting\馻nkrunFixhealth.sp::IsTankRunActive
L 01/07/2026 - 15:32:47: [SM]   [2] Line 79, C:\Users\Moises\Downloads\Compressed\sourcemod-1.11.0-git6968-windows\addons\sourcemod\scripting\馻nkrunFixhealth.sp::Event_PlayerDeath
L 01/07/2026 - 15:32:48: [SM] Exception reported: Invalid convar handle 0 (error 4)
L 01/07/2026 - 15:32:48: [SM] Blaming: 馻nkrunFixhealth.smx
L 01/07/2026 - 15:32:48: [SM] Call stack trace:
L 01/07/2026 - 15:32:48: [SM]   [0] GetConVarString
L 01/07/2026 - 15:32:48: [SM]   [1] Line 138, C:\Users\Moises\Downloads\Compressed\sourcemod-1.11.0-git6968-windows\addons\sourcemod\scripting\馻nkrunFixhealth.sp::IsTankRunActive
L 01/07/2026 - 15:32:48: [SM]   [2] Line 79, C:\Users\Moises\Downloads\Compressed\sourcemod-1.11.0-git6968-windows\addons\sourcemod\scripting\馻nkrunFixhealth.sp::Event_PlayerDeath
L 01/07/2026 - 15:32:50: [SM] Exception reported: Invalid convar handle 0 (error 4)
L 01/07/2026 - 15:32:50: [SM] Blaming: 馻nkrunFixhealth.smx
L 01/07/2026 - 15:32:50: [SM] Call stack trace:
L 01/07/2026 - 15:32:50: [SM]   [0] GetConVarString
L 01/07/2026 - 15:32:50: [SM]   [1] Line 138, C:\Users\Moises\Downloads\Compressed\sourcemod-1.11.0-git6968-windows\addons\sourcemod\scripting\馻nkrunFixhealth.sp::IsTankRunActive
L 01/07/2026 - 15:32:50: [SM]   [2] Line 36, C:\Users\Moises\Downloads\Compressed\sourcemod-1.11.0-git6968-windows\addons\sourcemod\scripting\馻nkrunFixhealth.sp::Timer_PeriodicCheck
L 01/07/2026 - 15:32:53: [SM] Exception reported: Invalid convar handle 0 (error 4)
L 01/07/2026 - 15:32:53: [SM] Blaming: 馻nkrunFixhealth.smx
L 01/07/2026 - 15:32:53: [SM] Call stack trace:
L 01/07/2026 - 15:32:53: [SM]   [0] GetConVarString
L 01/07/2026 - 15:32:53: [SM]   [1] Line 138, C:\Users\Moises\Downloads\Compressed\sourcemod-1.11.0-git6968-windows\addons\sourcemod\scripting\馻nkrunFixhealth.sp::IsTankRunActive
L 01/07/2026 - 15:32:53: [SM]   [2] Line 79, C:\Users\Moises\Downloads\Compressed\sourcemod-1.11.0-git6968-windows\addons\sourcemod\scripting\馻nkrunFixhealth.sp::Event_PlayerDeath
L 01/07/2026 - 15:32:54: [SM] Exception reported: Invalid convar handle 0 (error 4)
L 01/07/2026 - 15:32:54: [SM] Blaming: 馻nkrunFixhealth.smx
L 01/07/2026 - 15:32:54: [SM] Call stack trace:
L 01/07/2026 - 15:32:54: [SM]   [0] GetConVarString
L 01/07/2026 - 15:32:54: [SM]   [1] Line 138, C:\Users\Moises\Downloads\Compressed\sourcemod-1.11.0-git6968-windows\addons\sourcemod\scripting\馻nkrunFixhealth.sp::IsTankRunActive
L 01/07/2026 - 15:32:54: [SM]   [2] Line 79, C:\Users\Moises\Downloads\Compressed\sourcemod-1.11.0-git6968-windows\addons\sourcemod\scripting\馻nkrunFixhealth.sp::Event_PlayerDeath
L 01/07/2026 - 15:32:55: [SM] Exception reported: Invalid convar handle 0 (error 4)
L 01/07/2026 - 15:32:55: [SM] Blaming: 馻nkrunFixhealth.smx
L 01/07/2026 - 15:32:55: [SM] Call stack trace:
L 01/07/2026 - 15:32:55: [SM]   [0] GetConVarString
L 01/07/2026 - 15:32:55: [SM]   [1] Line 138, C:\Users\Moises\Downloads\Compressed\sourcemod-1.11.0-git6968-windows\addons\sourcemod\scripting\馻nkrunFixhealth.sp::IsTankRunActive
L 01/07/2026 - 15:32:55: [SM]   [2] Line 79, C:\Users\Moises\Downloads\Compressed\sourcemod-1.11.0-git6968-windows\addons\sourcemod\scripting\馻nkrunFixhealth.sp::Event_PlayerDeath
L 01/07/2026 - 15:32:55: [SM] Exception reported: Invalid convar handle 0 (error 4)
L 01/07/2026 - 15:32:55: [SM] Blaming: 馻nkrunFixhealth.smx
L 01/07/2026 - 15:32:55: [SM] Call stack trace:
L 01/07/2026 - 15:32:55: [SM]   [0] GetConVarString
L 01/07/2026 - 15:32:55: [SM]   [1] Line 138, C:\Users\Moises\Downloads\Compressed\sourcemod-1.11.0-git6968-windows\addons\sourcemod\scripting\馻nkrunFixhealth.sp::IsTankRunActive
L 01/07/2026 - 15:32:55: [SM]   [2] Line 79, C:\Users\Moises\Downloads\Compressed\sourcemod-1.11.0-git6968-windows\addons\sourcemod\scripting\馻nkrunFixhealth.sp::Event_PlayerDeath
L 01/07/2026 - 15:32:56: [SM] Exception reported: Invalid convar handle 0 (error 4)
L 01/07/2026 - 15:32:56: [SM] Blaming: 馻nkrunFixhealth.smx
L 01/07/2026 - 15:32:56: [SM] Call stack trace:
L 01/07/2026 - 15:32:56: [SM]   [0] GetConVarString
L 01/07/2026 - 15:32:56: [SM]   [1] Line 138, C:\Users\Moises\Downloads\Compressed\sourcemod-1.11.0-git6968-windows\addons\sourcemod\scripting\馻nkrunFixhealth.sp::IsTankRunActive
L 01/07/2026 - 15:32:56: [SM]   [2] Line 79, C:\Users\Moises\Downloads\Compressed\sourcemod-1.11.0-git6968-windows\addons\sourcemod\scripting\馻nkrunFixhealth.sp::Event_PlayerDeath
L 01/07/2026 - 15:32:58: [SM] Exception reported: Invalid convar handle 0 (error 4)
L 01/07/2026 - 15:32:58: [SM] Blaming: 馻nkrunFixhealth.smx
L 01/07/2026 - 15:32:58: [SM] Call stack trace:
L 01/07/2026 - 15:32:58: [SM]   [0] GetConVarString
L 01/07/2026 - 15:32:58: [SM]   [1] Line 138, C:\Users\Moises\Downloads\Compressed\sourcemod-1.11.0-git6968-windows\addons\sourcemod\scripting\馻nkrunFixhealth.sp::IsTankRunActive
L 01/07/2026 - 15:32:58: [SM]   [2] Line 79, C:\Users\Moises\Downloads\Compressed\sourcemod-1.11.0-git6968-windows\addons\sourcemod\scripting\馻nkrunFixhealth.sp::Event_PlayerDeath
L 01/07/2026 - 15:32:59: [SM] Exception reported: Invalid convar handle 0 (error 4)
L 01/07/2026 - 15:32:59: [SM] Blaming: 馻nkrunFixhealth.smx
L 01/07/2026 - 15:32:59: [SM] Call stack trace:
L 01/07/2026 - 15:32:59: [SM]   [0] GetConVarString
L 01/07/2026 - 15:32:59: [SM]   [1] Line 138, C:\Users\Moises\Downloads\Compressed\sourcemod-1.11.0-git6968-windows\addons\sourcemod\scripting\馻nkrunFixhealth.sp::IsTankRunActive
L 01/07/2026 - 15:32:59: [SM]   [2] Line 79, C:\Users\Moises\Downloads\Compressed\sourcemod-1.11.0-git6968-windows\addons\sourcemod\scripting\馻nkrunFixhealth.sp::Event_PlayerDeath
L 01/07/2026 - 15:32:59: [SM] Exception reported: Invalid convar handle 0 (error 4)
L 01/07/2026 - 15:32:59: [SM] Blaming: 馻nkrunFixhealth.smx
L 01/07/2026 - 15:32:59: [SM] Call stack trace:
L 01/07/2026 - 15:32:59: [SM]   [0] GetConVarString
L 01/07/2026 - 15:32:59: [SM]   [1] Line 138, C:\Users\Moises\Downloads\Compressed\sourcemod-1.11.0-git6968-windows\addons\sourcemod\scripting\馻nkrunFixhealth.sp::IsTankRunActive
L 01/07/2026 - 15:32:59: [SM]   [2] Line 79, C:\Users\Moises\Downloads\Compressed\sourcemod-1.11.0-git6968-windows\addons\sourcemod\scripting\馻nkrunFixhealth.sp::Event_PlayerDeath
L 01/07/2026 - 15:32:59: [SM] Exception reported: Invalid convar handle 0 (error 4)
L 01/07/2026 - 15:32:59: [SM] Blaming: 馻nkrunFixhealth.smx
L 01/07/2026 - 15:32:59: [SM] Call stack trace:
L 01/07/2026 - 15:32:59: [SM]   [0] GetConVarString
L 01/07/2026 - 15:32:59: [SM]   [1] Line 138, C:\Users\Moises\Downloads\Compressed\sourcemod-1.11.0-git6968-windows\addons\sourcemod\scripting\馻nkrunFixhealth.sp::IsTankRunActive
L 01/07/2026 - 15:32:59: [SM]   [2] Line 79, C:\Users\Moises\Downloads\Compressed\sourcemod-1.11.0-git6968-windows\addons\sourcemod\scripting\馻nkrunFixhealth.sp::Event_PlayerDeath
L 01/07/2026 - 15:33:00: [SM] Exception reported: Invalid convar handle 0 (error 4)
L 01/07/2026 - 15:33:00: [SM] Blaming: 馻nkrunFixhealth.smx
L 01/07/2026 - 15:33:00: [SM] Call stack trace:
L 01/07/2026 - 15:33:00: [SM]   [0] GetConVarString
L 01/07/2026 - 15:33:00: [SM]   [1] Line 138, C:\Users\Moises\Downloads\Compressed\sourcemod-1.11.0-git6968-windows\addons\sourcemod\scripting\馻nkrunFixhealth.sp::IsTankRunActive
L 01/07/2026 - 15:33:00: [SM]   [2] Line 36, C:\Users\Moises\Downloads\Compressed\sourcemod-1.11.0-git6968-windows\addons\sourcemod\scripting\馻nkrunFixhealth.sp::Timer_PeriodicCheck
L 01/07/2026 - 15:33:03: [SM] Exception reported: Invalid convar handle 0 (error 4)
L 01/07/2026 - 15:33:03: [SM] Blaming: 馻nkrunFixhealth.smx
L 01/07/2026 - 15:33:03: [SM] Call stack trace:
L 01/07/2026 - 15:33:03: [SM]   [0] GetConVarString
L 01/07/2026 - 15:33:03: [SM]   [1] Line 138, C:\Users\Moises\Downloads\Compressed\sourcemod-1.11.0-git6968-windows\addons\sourcemod\scripting\馻nkrunFixhealth.sp::IsTankRunActive
L 01/07/2026 - 15:33:03: [SM]   [2] Line 79, C:\Users\Moises\Downloads\Compressed\sourcemod-1.11.0-git6968-windows\addons\sourcemod\scripting\馻nkrunFixhealth.sp::Event_PlayerDeath
L 01/07/2026 - 15:33:07: [SM] Exception reported: Invalid timer handle c0400429 (error 3)
L 01/07/2026 - 15:33:07: [SM] Blaming: l4d2_playerjoining_v2.smx
L 01/07/2026 - 15:33:07: [SM] Call stack trace:
L 01/07/2026 - 15:33:07: [SM]   [0] KillTimer
L 01/07/2026 - 15:33:07: [SM]   [1] Line 53, C:\Users\Moises\Downloads\Compressed\sourcemod-1.11.0-git6968-windows\addons\sourcemod\scripting\l4d2_playerjoining_v2.sp::OnClientDisconnect
L 01/07/2026 - 15:33:07: [SM] Exception reported: Invalid timer handle 71800425 (error 3)
L 01/07/2026 - 15:33:07: [SM] Blaming: l4d2_playerjoining_v2.smx
L 01/07/2026 - 15:33:07: [SM] Call stack trace:
L 01/07/2026 - 15:33:07: [SM]   [0] KillTimer
L 01/07/2026 - 15:33:07: [SM]   [1] Line 53, C:\Users\Moises\Downloads\Compressed\sourcemod-1.11.0-git6968-windows\addons\sourcemod\scripting\l4d2_playerjoining_v2.sp::OnClientDisconnect
L 01/07/2026 - 15:33:09: Error log file session closed.
L 01/07/2026 - 15:33:09: SourceMod error session started
L 01/07/2026 - 15:33:09: Info (map "c2m2_fairgrounds") (file "d:\steamlibrary\steamapps\common\left 4 dead 2\left4dead2\addons\sourcemod\logs\errors_20260107.log")
L 01/07/2026 - 15:33:09: [SM] Fatal error encountered parsing translation file "l4d_nth.phrases.txt"
L 01/07/2026 - 15:33:09: [SM] Error (line 0, column 0): Stream failed to open
L 01/07/2026 - 15:33:09: [SM] Fatal error encountered parsing translation file "chargersteering.phrases.txt"
L 01/07/2026 - 15:33:09: [SM] Error (line 0, column 0): Stream failed to open
L 01/07/2026 - 15:33:09: [SM] Fatal error encountered parsing translation file "l4dmultislots.phrases.txt"
L 01/07/2026 - 15:33:09: [SM] Error (line 0, column 0): Stream failed to open
L 01/07/2026 - 15:33:11: [SM] Exception reported: Invalid convar handle 0 (error 4)
L 01/07/2026 - 15:33:11: [SM] Blaming: 馻nkrunFixhealth.smx
L 01/07/2026 - 15:33:11: [SM] Call stack trace:
L 01/07/2026 - 15:33:11: [SM]   [0] GetConVarString
L 01/07/2026 - 15:33:11: [SM]   [1] Line 138, C:\Users\Moises\Downloads\Compressed\sourcemod-1.11.0-git6968-windows\addons\sourcemod\scripting\馻nkrunFixhealth.sp::IsTankRunActive
L 01/07/2026 - 15:33:11: [SM]   [2] Line 54, C:\Users\Moises\Downloads\Compressed\sourcemod-1.11.0-git6968-windows\addons\sourcemod\scripting\馻nkrunFixhealth.sp::Event_RoundStart
L 01/07/2026 - 15:33:11: [l4d2_publicity.smx] [Publicity] No se encontraron mensajes en el archivo de configuraci贸n
L 01/07/2026 - 15:33:16: [SM] Exception reported: Invalid convar handle 0 (error 4)
L 01/07/2026 - 15:33:16: [SM] Blaming: 馻nkrunFixhealth.smx
L 01/07/2026 - 15:33:16: [SM] Call stack trace:
L 01/07/2026 - 15:33:16: [SM]   [0] GetConVarString
L 01/07/2026 - 15:33:16: [SM]   [1] Line 138, C:\Users\Moises\Downloads\Compressed\sourcemod-1.11.0-git6968-windows\addons\sourcemod\scripting\馻nkrunFixhealth.sp::IsTankRunActive
L 01/07/2026 - 15:33:16: [SM]   [2] Line 36, C:\Users\Moises\Downloads\Compressed\sourcemod-1.11.0-git6968-windows\addons\sourcemod\scripting\馻nkrunFixhealth.sp::Timer_PeriodicCheck
L 01/07/2026 - 15:33:28: [SM] Exception reported: Invalid timer handle c0400429 (error 1)
L 01/07/2026 - 15:33:28: [SM] Blaming: l4d2_playerjoining_v2.smx
L 01/07/2026 - 15:33:28: [SM] Call stack trace:
L 01/07/2026 - 15:33:28: [SM]   [0] KillTimer
L 01/07/2026 - 15:33:28: [SM]   [1] Line 53, C:\Users\Moises\Downloads\Compressed\sourcemod-1.11.0-git6968-windows\addons\sourcemod\scripting\l4d2_playerjoining_v2.sp::OnClientDisconnect
L 01/07/2026 - 15:33:28: [SM] Exception reported: Invalid convar handle 0 (error 4)
L 01/07/2026 - 15:33:28: [SM] Blaming: 馻nkrunFixhealth.smx
L 01/07/2026 - 15:33:28: [SM] Call stack trace:
L 01/07/2026 - 15:33:28: [SM]   [0] GetConVarString
L 01/07/2026 - 15:33:28: [SM]   [1] Line 138, C:\Users\Moises\Downloads\Compressed\sourcemod-1.11.0-git6968-windows\addons\sourcemod\scripting\馻nkrunFixhealth.sp::IsTankRunActive
L 01/07/2026 - 15:33:28: [SM]   [2] Line 36, C:\Users\Moises\Downloads\Compressed\sourcemod-1.11.0-git6968-windows\addons\sourcemod\scripting\馻nkrunFixhealth.sp::Timer_PeriodicCheck
L 01/07/2026 - 15:33:34: [SM] Exception reported: Invalid convar handle 0 (error 4)
L 01/07/2026 - 15:33:34: [SM] Blaming: 馻nkrunFixhealth.smx
L 01/07/2026 - 15:33:34: [SM] Call stack trace:
L 01/07/2026 - 15:33:34: [SM]   [0] GetConVarString
L 01/07/2026 - 15:33:34: [SM]   [1] Line 138, C:\Users\Moises\Downloads\Compressed\sourcemod-1.11.0-git6968-windows\addons\sourcemod\scripting\馻nkrunFixhealth.sp::IsTankRunActive
L 01/07/2026 - 15:33:34: [SM]   [2] Line 79, C:\Users\Moises\Downloads\Compressed\sourcemod-1.11.0-git6968-windows\addons\sourcemod\scripting\馻nkrunFixhealth.sp::Event_PlayerDeath
L 01/07/2026 - 15:33:35: [SM] Exception reported: Invalid convar handle 0 (error 4)
L 01/07/2026 - 15:33:35: [SM] Blaming: 馻nkrunFixhealth.smx
L 01/07/2026 - 15:33:35: [SM] Call stack trace:
L 01/07/2026 - 15:33:35: [SM]   [0] GetConVarString
L 01/07/2026 - 15:33:35: [SM]   [1] Line 138, C:\Users\Moises\Downloads\Compressed\sourcemod-1.11.0-git6968-windows\addons\sourcemod\scripting\馻nkrunFixhealth.sp::IsTankRunActive
L 01/07/2026 - 15:33:35: [SM]   [2] Line 79, C:\Users\Moises\Downloads\Compressed\sourcemod-1.11.0-git6968-windows\addons\sourcemod\scripting\馻nkrunFixhealth.sp::Event_PlayerDeath
L 01/07/2026 - 15:33:35: [SM] Exception reported: Invalid convar handle 0 (error 4)
L 01/07/2026 - 15:33:35: [SM] Blaming: 馻nkrunFixhealth.smx
L 01/07/2026 - 15:33:35: [SM] Call stack trace:
L 01/07/2026 - 15:33:35: [SM]   [0] GetConVarString
L 01/07/2026 - 15:33:35: [SM]   [1] Line 138, C:\Users\Moises\Downloads\Compressed\sourcemod-1.11.0-git6968-windows\addons\sourcemod\scripting\馻nkrunFixhealth.sp::IsTankRunActive
L 01/07/2026 - 15:33:35: [SM]   [2] Line 79, C:\Users\Moises\Downloads\Compressed\sourcemod-1.11.0-git6968-windows\addons\sourcemod\scripting\馻nkrunFixhealth.sp::Event_PlayerDeath
L 01/07/2026 - 15:33:35: [SM] Exception reported: Invalid convar handle 0 (error 4)
L 01/07/2026 - 15:33:35: [SM] Blaming: 馻nkrunFixhealth.smx
L 01/07/2026 - 15:33:35: [SM] Call stack trace:
L 01/07/2026 - 15:33:35: [SM]   [0] GetConVarString
L 01/07/2026 - 15:33:35: [SM]   [1] Line 138, C:\Users\Moises\Downloads\Compressed\sourcemod-1.11.0-git6968-windows\addons\sourcemod\scripting\馻nkrunFixhealth.sp::IsTankRunActive
L 01/07/2026 - 15:33:35: [SM]   [2] Line 79, C:\Users\Moises\Downloads\Compressed\sourcemod-1.11.0-git6968-windows\addons\sourcemod\scripting\馻nkrunFixhealth.sp::Event_PlayerDeath
L 01/07/2026 - 15:33:38: [SM] Exception reported: Invalid convar handle 0 (error 4)
L 01/07/2026 - 15:33:38: [SM] Blaming: 馻nkrunFixhealth.smx
L 01/07/2026 - 15:33:38: [SM] Call stack trace:
L 01/07/2026 - 15:33:38: [SM]   [0] GetConVarString
L 01/07/2026 - 15:33:38: [SM]   [1] Line 138, C:\Users\Moises\Downloads\Compressed\sourcemod-1.11.0-git6968-windows\addons\sourcemod\scripting\馻nkrunFixhealth.sp::IsTankRunActive
L 01/07/2026 - 15:33:38: [SM]   [2] Line 79, C:\Users\Moises\Downloads\Compressed\sourcemod-1.11.0-git6968-windows\addons\sourcemod\scripting\馻nkrunFixhealth.sp::Event_PlayerDeath
L 01/07/2026 - 15:33:39: [SM] Exception reported: Invalid convar handle 0 (error 4)
L 01/07/2026 - 15:33:39: [SM] Blaming: 馻nkrunFixhealth.smx
L 01/07/2026 - 15:33:39: [SM] Call stack trace:
L 01/07/2026 - 15:33:39: [SM]   [0] GetConVarString
L 01/07/2026 - 15:33:39: [SM]   [1] Line 138, C:\Users\Moises\Downloads\Compressed\sourcemod-1.11.0-git6968-windows\addons\sourcemod\scripting\馻nkrunFixhealth.sp::IsTankRunActive
L 01/07/2026 - 15:33:39: [SM]   [2] Line 36, C:\Users\Moises\Downloads\Compressed\sourcemod-1.11.0-git6968-windows\addons\sourcemod\scripting\馻nkrunFixhealth.sp::Timer_PeriodicCheck
L 01/07/2026 - 15:33:40: [SM] Exception reported: Invalid convar handle 0 (error 4)
L 01/07/2026 - 15:33:40: [SM] Blaming: 馻nkrunFixhealth.smx
L 01/07/2026 - 15:33:40: [SM] Call stack trace:
L 01/07/2026 - 15:33:40: [SM]   [0] GetConVarString
L 01/07/2026 - 15:33:40: [SM]   [1] Line 138, C:\Users\Moises\Downloads\Compressed\sourcemod-1.11.0-git6968-windows\addons\sourcemod\scripting\馻nkrunFixhealth.sp::IsTankRunActive
L 01/07/2026 - 15:33:40: [SM]   [2] Line 79, C:\Users\Moises\Downloads\Compressed\sourcemod-1.11.0-git6968-windows\addons\sourcemod\scripting\馻nkrunFixhealth.sp::Event_PlayerDeath
L 01/07/2026 - 15:33:41: [SM] Exception reported: Invalid convar handle 0 (error 4)
L 01/07/2026 - 15:33:41: [SM] Blaming: 馻nkrunFixhealth.smx
L 01/07/2026 - 15:33:41: [SM] Call stack trace:
L 01/07/2026 - 15:33:41: [SM]   [0] GetConVarString
L 01/07/2026 - 15:33:41: [SM]   [1] Line 138, C:\Users\Moises\Downloads\Compressed\sourcemod-1.11.0-git6968-windows\addons\sourcemod\scripting\馻nkrunFixhealth.sp::IsTankRunActive
L 01/07/2026 - 15:33:41: [SM]   [2] Line 79, C:\Users\Moises\Downloads\Compressed\sourcemod-1.11.0-git6968-windows\addons\sourcemod\scripting\馻nkrunFixhealth.sp::Event_PlayerDeath
L 01/07/2026 - 15:33:42: [SM] Exception reported: Invalid convar handle 0 (error 4)
L 01/07/2026 - 15:33:42: [SM] Blaming: 馻nkrunFixhealth.smx
L 01/07/2026 - 15:33:42: [SM] Call stack trace:
L 01/07/2026 - 15:33:42: [SM]   [0] GetConVarString
L 01/07/2026 - 15:33:42: [SM]   [1] Line 138, C:\Users\Moises\Downloads\Compressed\sourcemod-1.11.0-git6968-windows\addons\sourcemod\scripting\馻nkrunFixhealth.sp::IsTankRunActive
L 01/07/2026 - 15:33:42: [SM]   [2] Line 79, C:\Users\Moises\Downloads\Compressed\sourcemod-1.11.0-git6968-windows\addons\sourcemod\scripting\馻nkrunFixhealth.sp::Event_PlayerDeath
L 01/07/2026 - 15:33:42: [SM] Exception reported: Invalid convar handle 0 (error 4)
L 01/07/2026 - 15:33:42: [SM] Blaming: 馻nkrunFixhealth.smx
L 01/07/2026 - 15:33:42: [SM] Call stack trace:
L 01/07/2026 - 15:33:42: [SM]   [0] GetConVarString
L 01/07/2026 - 15:33:42: [SM]   [1] Line 138, C:\Users\Moises\Downloads\Compressed\sourcemod-1.11.0-git6968-windows\addons\sourcemod\scripting\馻nkrunFixhealth.sp::IsTankRunActive
L 01/07/2026 - 15:33:42: [SM]   [2] Line 79, C:\Users\Moises\Downloads\Compressed\sourcemod-1.11.0-git6968-windows\addons\sourcemod\scripting\馻nkrunFixhealth.sp::Event_PlayerDeath
L 01/07/2026 - 15:33:42: [SM] Exception reported: Invalid timer handle 71800425 (error 3)
L 01/07/2026 - 15:33:42: [SM] Blaming: l4d2_playerjoining_v2.smx
L 01/07/2026 - 15:33:42: [SM] Call stack trace:
L 01/07/2026 - 15:33:42: [SM]   [0] KillTimer
L 01/07/2026 - 15:33:42: [SM]   [1] Line 53, C:\Users\Moises\Downloads\Compressed\sourcemod-1.11.0-git6968-windows\addons\sourcemod\scripting\l4d2_playerjoining_v2.sp::OnClientDisconnect
L 01/07/2026 - 15:33:42: [SM] Exception reported: Invalid timer handle 34900413 (error 1)
L 01/07/2026 - 15:33:42: [SM] Blaming: l4d2_playerjoining_v2.smx
L 01/07/2026 - 15:33:42: [SM] Call stack trace:
L 01/07/2026 - 15:33:42: [SM]   [0] KillTimer
L 01/07/2026 - 15:33:42: [SM]   [1] Line 53, C:\Users\Moises\Downloads\Compressed\sourcemod-1.11.0-git6968-windows\addons\sourcemod\scripting\l4d2_playerjoining_v2.sp::OnClientDisconnect
L 01/07/2026 - 15:33:46: [SM] Exception reported: Invalid convar handle 0 (error 4)
L 01/07/2026 - 15:33:46: [SM] Blaming: 馻nkrunFixhealth.smx
L 01/07/2026 - 15:33:46: [SM] Call stack trace:
L 01/07/2026 - 15:33:46: [SM]   [0] GetConVarString
L 01/07/2026 - 15:33:46: [SM]   [1] Line 138, C:\Users\Moises\Downloads\Compressed\sourcemod-1.11.0-git6968-windows\addons\sourcemod\scripting\馻nkrunFixhealth.sp::IsTankRunActive
L 01/07/2026 - 15:33:46: [SM]   [2] Line 79, C:\Users\Moises\Downloads\Compressed\sourcemod-1.11.0-git6968-windows\addons\sourcemod\scripting\馻nkrunFixhealth.sp::Event_PlayerDeath
L 01/07/2026 - 15:33:46: [SM] Exception reported: Invalid convar handle 0 (error 4)
L 01/07/2026 - 15:33:46: [SM] Blaming: 馻nkrunFixhealth.smx
L 01/07/2026 - 15:33:46: [SM] Call stack trace:
L 01/07/2026 - 15:33:46: [SM]   [0] GetConVarString
L 01/07/2026 - 15:33:46: [SM]   [1] Line 138, C:\Users\Moises\Downloads\Compressed\sourcemod-1.11.0-git6968-windows\addons\sourcemod\scripting\馻nkrunFixhealth.sp::IsTankRunActive
L 01/07/2026 - 15:33:46: [SM]   [2] Line 79, C:\Users\Moises\Downloads\Compressed\sourcemod-1.11.0-git6968-windows\addons\sourcemod\scripting\馻nkrunFixhealth.sp::Event_PlayerDeath
L 01/07/2026 - 15:33:47: [SM] Exception reported: Invalid convar handle 0 (error 4)
L 01/07/2026 - 15:33:47: [SM] Blaming: 馻nkrunFixhealth.smx
L 01/07/2026 - 15:33:47: [SM] Call stack trace:
L 01/07/2026 - 15:33:47: [SM]   [0] GetConVarString
L 01/07/2026 - 15:33:47: [SM]   [1] Line 138, C:\Users\Moises\Downloads\Compressed\sourcemod-1.11.0-git6968-windows\addons\sourcemod\scripting\馻nkrunFixhealth.sp::IsTankRunActive
L 01/07/2026 - 15:33:47: [SM]   [2] Line 79, C:\Users\Moises\Downloads\Compressed\sourcemod-1.11.0-git6968-windows\addons\sourcemod\scripting\馻nkrunFixhealth.sp::Event_PlayerDeath
L 01/07/2026 - 15:33:48: [SM] Exception reported: Invalid timer handle 91800443 (error 3)
L 01/07/2026 - 15:33:48: [SM] Blaming: l4d2_playerjoining_v2.smx
L 01/07/2026 - 15:33:48: [SM] Call stack trace:
L 01/07/2026 - 15:33:48: [SM]   [0] KillTimer
L 01/07/2026 - 15:33:48: [SM]   [1] Line 53, C:\Users\Moises\Downloads\Compressed\sourcemod-1.11.0-git6968-windows\addons\sourcemod\scripting\l4d2_playerjoining_v2.sp::OnClientDisconnect
L 01/07/2026 - 15:33:48: [SM] Exception reported: Invalid convar handle 0 (error 4)
L 01/07/2026 - 15:33:48: [SM] Blaming: 馻nkrunFixhealth.smx
L 01/07/2026 - 15:33:48: [SM] Call stack trace:
L 01/07/2026 - 15:33:48: [SM]   [0] GetConVarString
L 01/07/2026 - 15:33:48: [SM]   [1] Line 138, C:\Users\Moises\Downloads\Compressed\sourcemod-1.11.0-git6968-windows\addons\sourcemod\scripting\馻nkrunFixhealth.sp::IsTankRunActive
L 01/07/2026 - 15:33:48: [SM]   [2] Line 79, C:\Users\Moises\Downloads\Compressed\sourcemod-1.11.0-git6968-windows\addons\sourcemod\scripting\馻nkrunFixhealth.sp::Event_PlayerDeath
L 01/07/2026 - 15:33:49: [SM] Exception reported: Invalid convar handle 0 (error 4)
L 01/07/2026 - 15:33:49: [SM] Blaming: 馻nkrunFixhealth.smx
L 01/07/2026 - 15:33:49: [SM] Call stack trace:
L 01/07/2026 - 15:33:49: [SM]   [0] GetConVarString
L 01/07/2026 - 15:33:49: [SM]   [1] Line 138, C:\Users\Moises\Downloads\Compressed\sourcemod-1.11.0-git6968-windows\addons\sourcemod\scripting\馻nkrunFixhealth.sp::IsTankRunActive
L 01/07/2026 - 15:33:49: [SM]   [2] Line 79, C:\Users\Moises\Downloads\Compressed\sourcemod-1.11.0-git6968-windows\addons\sourcemod\scripting\馻nkrunFixhealth.sp::Event_PlayerDeath
L 01/07/2026 - 15:33:49: [SM] Exception reported: Invalid convar handle 0 (error 4)
L 01/07/2026 - 15:33:49: [SM] Blaming: 馻nkrunFixhealth.smx
L 01/07/2026 - 15:33:49: [SM] Call stack trace:
L 01/07/2026 - 15:33:49: [SM]   [0] GetConVarString
L 01/07/2026 - 15:33:49: [SM]   [1] Line 138, C:\Users\Moises\Downloads\Compressed\sourcemod-1.11.0-git6968-windows\addons\sourcemod\scripting\馻nkrunFixhealth.sp::IsTankRunActive
L 01/07/2026 - 15:33:49: [SM]   [2] Line 36, C:\Users\Moises\Downloads\Compressed\sourcemod-1.11.0-git6968-windows\addons\sourcemod\scripting\馻nkrunFixhealth.sp::Timer_PeriodicCheck
L 01/07/2026 - 15:33:49: [SM] Exception reported: Invalid convar handle 0 (error 4)
L 01/07/2026 - 15:33:49: [SM] Blaming: 馻nkrunFixhealth.smx
L 01/07/2026 - 15:33:49: [SM] Call stack trace:
L 01/07/2026 - 15:33:49: [SM]   [0] GetConVarString
L 01/07/2026 - 15:33:49: [SM]   [1] Line 138, C:\Users\Moises\Downloads\Compressed\sourcemod-1.11.0-git6968-windows\addons\sourcemod\scripting\馻nkrunFixhealth.sp::IsTankRunActive
L 01/07/2026 - 15:33:49: [SM]   [2] Line 79, C:\Users\Moises\Downloads\Compressed\sourcemod-1.11.0-git6968-windows\addons\sourcemod\scripting\馻nkrunFixhealth.sp::Event_PlayerDeath
L 01/07/2026 - 15:33:49: [SM] Exception reported: Invalid convar handle 0 (error 4)
L 01/07/2026 - 15:33:49: [SM] Blaming: 馻nkrunFixhealth.smx
L 01/07/2026 - 15:33:49: [SM] Call stack trace:
L 01/07/2026 - 15:33:49: [SM]   [0] GetConVarString
L 01/07/2026 - 15:33:49: [SM]   [1] Line 138, C:\Users\Moises\Downloads\Compressed\sourcemod-1.11.0-git6968-windows\addons\sourcemod\scripting\馻nkrunFixhealth.sp::IsTankRunActive
L 01/07/2026 - 15:33:49: [SM]   [2] Line 79, C:\Users\Moises\Downloads\Compressed\sourcemod-1.11.0-git6968-windows\addons\sourcemod\scripting\馻nkrunFixhealth.sp::Event_PlayerDeath
L 01/07/2026 - 15:33:50: [SM] Exception reported: Invalid convar handle 0 (error 4)
L 01/07/2026 - 15:33:50: [SM] Blaming: 馻nkrunFixhealth.smx
L 01/07/2026 - 15:33:50: [SM] Call stack trace:
L 01/07/2026 - 15:33:50: [SM]   [0] GetConVarString
L 01/07/2026 - 15:33:50: [SM]   [1] Line 138, C:\Users\Moises\Downloads\Compressed\sourcemod-1.11.0-git6968-windows\addons\sourcemod\scripting\馻nkrunFixhealth.sp::IsTankRunActive
L 01/07/2026 - 15:33:50: [SM]   [2] Line 79, C:\Users\Moises\Downloads\Compressed\sourcemod-1.11.0-git6968-windows\addons\sourcemod\scripting\馻nkrunFixhealth.sp::Event_PlayerDeath
L 01/07/2026 - 15:33:50: [SM] Exception reported: Invalid convar handle 0 (error 4)
L 01/07/2026 - 15:33:50: [SM] Blaming: 馻nkrunFixhealth.smx
L 01/07/2026 - 15:33:50: [SM] Call stack trace:
L 01/07/2026 - 15:33:50: [SM]   [0] GetConVarString
L 01/07/2026 - 15:33:50: [SM]   [1] Line 138, C:\Users\Moises\Downloads\Compressed\sourcemod-1.11.0-git6968-windows\addons\sourcemod\scripting\馻nkrunFixhealth.sp::IsTankRunActive
L 01/07/2026 - 15:33:50: [SM]   [2] Line 79, C:\Users\Moises\Downloads\Compressed\sourcemod-1.11.0-git6968-windows\addons\sourcemod\scripting\馻nkrunFixhealth.sp::Event_PlayerDeath
L 01/07/2026 - 15:33:50: [SM] Exception reported: Invalid convar handle 0 (error 4)
L 01/07/2026 - 15:33:50: [SM] Blaming: 馻nkrunFixhealth.smx
L 01/07/2026 - 15:33:50: [SM] Call stack trace:
L 01/07/2026 - 15:33:50: [SM]   [0] GetConVarString
L 01/07/2026 - 15:33:50: [SM]   [1] Line 138, C:\Users\Moises\Downloads\Compressed\sourcemod-1.11.0-git6968-windows\addons\sourcemod\scripting\馻nkrunFixhealth.sp::IsTankRunActive
L 01/07/2026 - 15:33:50: [SM]   [2] Line 79, C:\Users\Moises\Downloads\Compressed\sourcemod-1.11.0-git6968-windows\addons\sourcemod\scripting\馻nkrunFixhealth.sp::Event_PlayerDeath
L 01/07/2026 - 15:33:51: [SM] Exception reported: Invalid convar handle 0 (error 4)
L 01/07/2026 - 15:33:51: [SM] Blaming: 馻nkrunFixhealth.smx
L 01/07/2026 - 15:33:51: [SM] Call stack trace:
L 01/07/2026 - 15:33:51: [SM]   [0] GetConVarString
L 01/07/2026 - 15:33:51: [SM]   [1] Line 138, C:\Users\Moises\Downloads\Compressed\sourcemod-1.11.0-git6968-windows\addons\sourcemod\scripting\馻nkrunFixhealth.sp::IsTankRunActive
L 01/07/2026 - 15:33:51: [SM]   [2] Line 79, C:\Users\Moises\Downloads\Compressed\sourcemod-1.11.0-git6968-windows\addons\sourcemod\scripting\馻nkrunFixhealth.sp::Event_PlayerDeath
L 01/07/2026 - 15:33:51: [SM] Exception reported: Invalid convar handle 0 (error 4)
L 01/07/2026 - 15:33:51: [SM] Blaming: 馻nkrunFixhealth.smx
L 01/07/2026 - 15:33:51: [SM] Call stack trace:
L 01/07/2026 - 15:33:51: [SM]   [0] GetConVarString
L 01/07/2026 - 15:33:51: [SM]   [1] Line 138, C:\Users\Moises\Downloads\Compressed\sourcemod-1.11.0-git6968-windows\addons\sourcemod\scripting\馻nkrunFixhealth.sp::IsTankRunActive
L 01/07/2026 - 15:33:51: [SM]   [2] Line 79, C:\Users\Moises\Downloads\Compressed\sourcemod-1.11.0-git6968-windows\addons\sourcemod\scripting\馻nkrunFixhealth.sp::Event_PlayerDeath
L 01/07/2026 - 15:33:51: [SM] Exception reported: Invalid convar handle 0 (error 4)
L 01/07/2026 - 15:33:51: [SM] Blaming: 馻nkrunFixhealth.smx
L 01/07/2026 - 15:33:51: [SM] Call stack trace:
L 01/07/2026 - 15:33:51: [SM]   [0] GetConVarString
L 01/07/2026 - 15:33:51: [SM]   [1] Line 138, C:\Users\Moises\Downloads\Compressed\sourcemod-1.11.0-git6968-windows\addons\sourcemod\scripting\馻nkrunFixhealth.sp::IsTankRunActive
L 01/07/2026 - 15:33:51: [SM]   [2] Line 79, C:\Users\Moises\Downloads\Compressed\sourcemod-1.11.0-git6968-windows\addons\sourcemod\scripting\馻nkrunFixhealth.sp::Event_PlayerDeath
L 01/07/2026 - 15:33:52: [SM] Exception reported: Invalid convar handle 0 (error 4)
L 01/07/2026 - 15:33:52: [SM] Blaming: 馻nkrunFixhealth.smx
L 01/07/2026 - 15:33:52: [SM] Call stack trace:
L 01/07/2026 - 15:33:52: [SM]   [0] GetConVarString
L 01/07/2026 - 15:33:52: [SM]   [1] Line 138, C:\Users\Moises\Downloads\Compressed\sourcemod-1.11.0-git6968-windows\addons\sourcemod\scripting\馻nkrunFixhealth.sp::IsTankRunActive
L 01/07/2026 - 15:33:52: [SM]   [2] Line 79, C:\Users\Moises\Downloads\Compressed\sourcemod-1.11.0-git6968-windows\addons\sourcemod\scripting\馻nkrunFixhealth.sp::Event_PlayerDeath
L 01/07/2026 - 15:33:54: [SM] Exception reported: Invalid convar handle 0 (error 4)
L 01/07/2026 - 15:33:54: [SM] Blaming: 馻nkrunFixhealth.smx
L 01/07/2026 - 15:33:54: [SM] Call stack trace:
L 01/07/2026 - 15:33:54: [SM]   [0] GetConVarString
L 01/07/2026 - 15:33:54: [SM]   [1] Line 138, C:\Users\Moises\Downloads\Compressed\sourcemod-1.11.0-git6968-windows\addons\sourcemod\scripting\馻nkrunFixhealth.sp::IsTankRunActive
L 01/07/2026 - 15:33:54: [SM]   [2] Line 79, C:\Users\Moises\Downloads\Compressed\sourcemod-1.11.0-git6968-windows\addons\sourcemod\scripting\馻nkrunFixhealth.sp::Event_PlayerDeath
L 01/07/2026 - 15:33:54: [SM] Exception reported: Invalid convar handle 0 (error 4)
L 01/07/2026 - 15:33:54: [SM] Blaming: 馻nkrunFixhealth.smx
L 01/07/2026 - 15:33:54: [SM] Call stack trace:
L 01/07/2026 - 15:33:54: [SM]   [0] GetConVarString
L 01/07/2026 - 15:33:54: [SM]   [1] Line 138, C:\Users\Moises\Downloads\Compressed\sourcemod-1.11.0-git6968-windows\addons\sourcemod\scripting\馻nkrunFixhealth.sp::IsTankRunActive
L 01/07/2026 - 15:33:54: [SM]   [2] Line 79, C:\Users\Moises\Downloads\Compressed\sourcemod-1.11.0-git6968-windows\addons\sourcemod\scripting\馻nkrunFixhealth.sp::Event_PlayerDeath
L 01/07/2026 - 15:33:55: [SM] Exception reported: Invalid convar handle 0 (error 4)
L 01/07/2026 - 15:33:55: [SM] Blaming: 馻nkrunFixhealth.smx
L 01/07/2026 - 15:33:55: [SM] Call stack trace:
L 01/07/2026 - 15:33:55: [SM]   [0] GetConVarString
L 01/07/2026 - 15:33:55: [SM]   [1] Line 138, C:\Users\Moises\Downloads\Compressed\sourcemod-1.11.0-git6968-windows\addons\sourcemod\scripting\馻nkrunFixhealth.sp::IsTankRunActive
L 01/07/2026 - 15:33:55: [SM]   [2] Line 79, C:\Users\Moises\Downloads\Compressed\sourcemod-1.11.0-git6968-windows\addons\sourcemod\scripting\馻nkrunFixhealth.sp::Event_PlayerDeath
L 01/07/2026 - 15:33:55: [SM] Exception reported: Invalid convar handle 0 (error 4)
L 01/07/2026 - 15:33:55: [SM] Blaming: 馻nkrunFixhealth.smx
L 01/07/2026 - 15:33:55: [SM] Call stack trace:
L 01/07/2026 - 15:33:55: [SM]   [0] GetConVarString
L 01/07/2026 - 15:33:55: [SM]   [1] Line 138, C:\Users\Moises\Downloads\Compressed\sourcemod-1.11.0-git6968-windows\addons\sourcemod\scripting\馻nkrunFixhealth.sp::IsTankRunActive
L 01/07/2026 - 15:33:55: [SM]   [2] Line 79, C:\Users\Moises\Downloads\Compressed\sourcemod-1.11.0-git6968-windows\addons\sourcemod\scripting\馻nkrunFixhealth.sp::Event_PlayerDeath
L 01/07/2026 - 15:33:55: [SM] Exception reported: Invalid convar handle 0 (error 4)
L 01/07/2026 - 15:33:55: [SM] Blaming: 馻nkrunFixhealth.smx
L 01/07/2026 - 15:33:55: [SM] Call stack trace:
L 01/07/2026 - 15:33:55: [SM]   [0] GetConVarString
L 01/07/2026 - 15:33:55: [SM]   [1] Line 138, C:\Users\Moises\Downloads\Compressed\sourcemod-1.11.0-git6968-windows\addons\sourcemod\scripting\馻nkrunFixhealth.sp::IsTankRunActive
L 01/07/2026 - 15:33:55: [SM]   [2] Line 79, C:\Users\Moises\Downloads\Compressed\sourcemod-1.11.0-git6968-windows\addons\sourcemod\scripting\馻nkrunFixhealth.sp::Event_PlayerDeath
L 01/07/2026 - 15:33:55: [SM] Exception reported: Invalid convar handle 0 (error 4)
L 01/07/2026 - 15:33:55: [SM] Blaming: 馻nkrunFixhealth.smx
L 01/07/2026 - 15:33:55: [SM] Call stack trace:
L 01/07/2026 - 15:33:55: [SM]   [0] GetConVarString
L 01/07/2026 - 15:33:55: [SM]   [1] Line 138, C:\Users\Moises\Downloads\Compressed\sourcemod-1.11.0-git6968-windows\addons\sourcemod\scripting\馻nkrunFixhealth.sp::IsTankRunActive
L 01/07/2026 - 15:33:55: [SM]   [2] Line 79, C:\Users\Moises\Downloads\Compressed\sourcemod-1.11.0-git6968-windows\addons\sourcemod\scripting\馻nkrunFixhealth.sp::Event_PlayerDeath
L 01/07/2026 - 15:33:56: [SM] Exception reported: Invalid convar handle 0 (error 4)
L 01/07/2026 - 15:33:56: [SM] Blaming: 馻nkrunFixhealth.smx
L 01/07/2026 - 15:33:56: [SM] Call stack trace:
L 01/07/2026 - 15:33:56: [SM]   [0] GetConVarString
L 01/07/2026 - 15:33:56: [SM]   [1] Line 138, C:\Users\Moises\Downloads\Compressed\sourcemod-1.11.0-git6968-windows\addons\sourcemod\scripting\馻nkrunFixhealth.sp::IsTankRunActive
L 01/07/2026 - 15:33:56: [SM]   [2] Line 79, C:\Users\Moises\Downloads\Compressed\sourcemod-1.11.0-git6968-windows\addons\sourcemod\scripting\馻nkrunFixhealth.sp::Event_PlayerDeath
L 01/07/2026 - 15:33:57: [SM] Exception reported: Invalid convar handle 0 (error 4)
L 01/07/2026 - 15:33:57: [SM] Blaming: 馻nkrunFixhealth.smx
L 01/07/2026 - 15:33:57: [SM] Call stack trace:
L 01/07/2026 - 15:33:57: [SM]   [0] GetConVarString
L 01/07/2026 - 15:33:57: [SM]   [1] Line 138, C:\Users\Moises\Downloads\Compressed\sourcemod-1.11.0-git6968-windows\addons\sourcemod\scripting\馻nkrunFixhealth.sp::IsTankRunActive
L 01/07/2026 - 15:33:57: [SM]   [2] Line 79, C:\Users\Moises\Downloads\Compressed\sourcemod-1.11.0-git6968-windows\addons\sourcemod\scripting\馻nkrunFixhealth.sp::Event_PlayerDeath
L 01/07/2026 - 15:33:57: [SM] Exception reported: Invalid convar handle 0 (error 4)
L 01/07/2026 - 15:33:57: [SM] Blaming: 馻nkrunFixhealth.smx
L 01/07/2026 - 15:33:57: [SM] Call stack trace:
L 01/07/2026 - 15:33:57: [SM]   [0] GetConVarString
L 01/07/2026 - 15:33:57: [SM]   [1] Line 138, C:\Users\Moises\Downloads\Compressed\sourcemod-1.11.0-git6968-windows\addons\sourcemod\scripting\馻nkrunFixhealth.sp::IsTankRunActive
L 01/07/2026 - 15:33:57: [SM]   [2] Line 79, C:\Users\Moises\Downloads\Compressed\sourcemod-1.11.0-git6968-windows\addons\sourcemod\scripting\馻nkrunFixhealth.sp::Event_PlayerDeath
L 01/07/2026 - 15:33:58: [SM] Exception reported: Invalid convar handle 0 (error 4)
L 01/07/2026 - 15:33:58: [SM] Blaming: 馻nkrunFixhealth.smx
L 01/07/2026 - 15:33:58: [SM] Call stack trace:
L 01/07/2026 - 15:33:58: [SM]   [0] GetConVarString
L 01/07/2026 - 15:33:58: [SM]   [1] Line 138, C:\Users\Moises\Downloads\Compressed\sourcemod-1.11.0-git6968-windows\addons\sourcemod\scripting\馻nkrunFixhealth.sp::IsTankRunActive
L 01/07/2026 - 15:33:58: [SM]   [2] Line 79, C:\Users\Moises\Downloads\Compressed\sourcemod-1.11.0-git6968-windows\addons\sourcemod\scripting\馻nkrunFixhealth.sp::Event_PlayerDeath
L 01/07/2026 - 15:33:59: [SM] Exception reported: Invalid convar handle 0 (error 4)
L 01/07/2026 - 15:33:59: [SM] Blaming: 馻nkrunFixhealth.smx
L 01/07/2026 - 15:33:59: [SM] Call stack trace:
L 01/07/2026 - 15:33:59: [SM]   [0] GetConVarString
L 01/07/2026 - 15:33:59: [SM]   [1] Line 138, C:\Users\Moises\Downloads\Compressed\sourcemod-1.11.0-git6968-windows\addons\sourcemod\scripting\馻nkrunFixhealth.sp::IsTankRunActive
L 01/07/2026 - 15:33:59: [SM]   [2] Line 36, C:\Users\Moises\Downloads\Compressed\sourcemod-1.11.0-git6968-windows\addons\sourcemod\scripting\馻nkrunFixhealth.sp::Timer_PeriodicCheck
L 01/07/2026 - 15:34:01: [SM] Exception reported: Invalid convar handle 0 (error 4)
L 01/07/2026 - 15:34:01: [SM] Blaming: 馻nkrunFixhealth.smx
L 01/07/2026 - 15:34:01: [SM] Call stack trace:
L 01/07/2026 - 15:34:01: [SM]   [0] GetConVarString
L 01/07/2026 - 15:34:01: [SM]   [1] Line 138, C:\Users\Moises\Downloads\Compressed\sourcemod-1.11.0-git6968-windows\addons\sourcemod\scripting\馻nkrunFixhealth.sp::IsTankRunActive
L 01/07/2026 - 15:34:01: [SM]   [2] Line 79, C:\Users\Moises\Downloads\Compressed\sourcemod-1.11.0-git6968-windows\addons\sourcemod\scripting\馻nkrunFixhealth.sp::Event_PlayerDeath
L 01/07/2026 - 15:34:03: [SM] Exception reported: Invalid convar handle 0 (error 4)
L 01/07/2026 - 15:34:03: [SM] Blaming: 馻nkrunFixhealth.smx
L 01/07/2026 - 15:34:03: [SM] Call stack trace:
L 01/07/2026 - 15:34:03: [SM]   [0] GetConVarString
L 01/07/2026 - 15:34:03: [SM]   [1] Line 138, C:\Users\Moises\Downloads\Compressed\sourcemod-1.11.0-git6968-windows\addons\sourcemod\scripting\馻nkrunFixhealth.sp::IsTankRunActive
L 01/07/2026 - 15:34:03: [SM]   [2] Line 79, C:\Users\Moises\Downloads\Compressed\sourcemod-1.11.0-git6968-windows\addons\sourcemod\scripting\馻nkrunFixhealth.sp::Event_PlayerDeath
L 01/07/2026 - 15:34:06: [SM] Exception reported: Invalid convar handle 0 (error 4)
L 01/07/2026 - 15:34:06: [SM] Blaming: 馻nkrunFixhealth.smx
L 01/07/2026 - 15:34:06: [SM] Call stack trace:
L 01/07/2026 - 15:34:06: [SM]   [0] GetConVarString
L 01/07/2026 - 15:34:06: [SM]   [1] Line 138, C:\Users\Moises\Downloads\Compressed\sourcemod-1.11.0-git6968-windows\addons\sourcemod\scripting\馻nkrunFixhealth.sp::IsTankRunActive
L 01/07/2026 - 15:34:06: [SM]   [2] Line 79, C:\Users\Moises\Downloads\Compressed\sourcemod-1.11.0-git6968-windows\addons\sourcemod\scripting\馻nkrunFixhealth.sp::Event_PlayerDeath
L 01/07/2026 - 15:34:08: [SM] Exception reported: Invalid convar handle 0 (error 4)
L 01/07/2026 - 15:34:08: [SM] Blaming: 馻nkrunFixhealth.smx
L 01/07/2026 - 15:34:08: [SM] Call stack trace:
L 01/07/2026 - 15:34:08: [SM]   [0] GetConVarString
L 01/07/2026 - 15:34:08: [SM]   [1] Line 138, C:\Users\Moises\Downloads\Compressed\sourcemod-1.11.0-git6968-windows\addons\sourcemod\scripting\馻nkrunFixhealth.sp::IsTankRunActive
L 01/07/2026 - 15:34:08: [SM]   [2] Line 79, C:\Users\Moises\Downloads\Compressed\sourcemod-1.11.0-git6968-windows\addons\sourcemod\scripting\馻nkrunFixhealth.sp::Event_PlayerDeath
L 01/07/2026 - 15:34:08: [SM] Exception reported: Invalid convar handle 0 (error 4)
L 01/07/2026 - 15:34:08: [SM] Blaming: 馻nkrunFixhealth.smx
L 01/07/2026 - 15:34:08: [SM] Call stack trace:
L 01/07/2026 - 15:34:08: [SM]   [0] GetConVarString
L 01/07/2026 - 15:34:08: [SM]   [1] Line 138, C:\Users\Moises\Downloads\Compressed\sourcemod-1.11.0-git6968-windows\addons\sourcemod\scripting\馻nkrunFixhealth.sp::IsTankRunActive
L 01/07/2026 - 15:34:08: [SM]   [2] Line 79, C:\Users\Moises\Downloads\Compressed\sourcemod-1.11.0-git6968-windows\addons\sourcemod\scripting\馻nkrunFixhealth.sp::Event_PlayerDeath
L 01/07/2026 - 15:34:09: [SM] Exception reported: Invalid convar handle 0 (error 4)
L 01/07/2026 - 15:34:09: [SM] Blaming: 馻nkrunFixhealth.smx
L 01/07/2026 - 15:34:09: [SM] Call stack trace:
L 01/07/2026 - 15:34:09: [SM]   [0] GetConVarString
L 01/07/2026 - 15:34:09: [SM]   [1] Line 138, C:\Users\Moises\Downloads\Compressed\sourcemod-1.11.0-git6968-windows\addons\sourcemod\scripting\馻nkrunFixhealth.sp::IsTankRunActive
L 01/07/2026 - 15:34:09: [SM]   [2] Line 79, C:\Users\Moises\Downloads\Compressed\sourcemod-1.11.0-git6968-windows\addons\sourcemod\scripting\馻nkrunFixhealth.sp::Event_PlayerDeath
L 01/07/2026 - 15:34:09: [SM] Exception reported: Invalid convar handle 0 (error 4)
L 01/07/2026 - 15:34:09: [SM] Blaming: 馻nkrunFixhealth.smx
L 01/07/2026 - 15:34:09: [SM] Call stack trace:
L 01/07/2026 - 15:34:09: [SM]   [0] GetConVarString
L 01/07/2026 - 15:34:09: [SM]   [1] Line 138, C:\Users\Moises\Downloads\Compressed\sourcemod-1.11.0-git6968-windows\addons\sourcemod\scripting\馻nkrunFixhealth.sp::IsTankRunActive
L 01/07/2026 - 15:34:09: [SM]   [2] Line 36, C:\Users\Moises\Downloads\Compressed\sourcemod-1.11.0-git6968-windows\addons\sourcemod\scripting\馻nkrunFixhealth.sp::Timer_PeriodicCheck
L 01/07/2026 - 15:34:11: [SM] Exception reported: Invalid convar handle 0 (error 4)
L 01/07/2026 - 15:34:11: [SM] Blaming: 馻nkrunFixhealth.smx
L 01/07/2026 - 15:34:11: [SM] Call stack trace:
L 01/07/2026 - 15:34:11: [SM]   [0] GetConVarString
L 01/07/2026 - 15:34:11: [SM]   [1] Line 138, C:\Users\Moises\Downloads\Compressed\sourcemod-1.11.0-git6968-windows\addons\sourcemod\scripting\馻nkrunFixhealth.sp::IsTankRunActive
L 01/07/2026 - 15:34:11: [SM]   [2] Line 79, C:\Users\Moises\Downloads\Compressed\sourcemod-1.11.0-git6968-windows\addons\sourcemod\scripting\馻nkrunFixhealth.sp::Event_PlayerDeath
L 01/07/2026 - 15:34:15: [SM] Exception reported: Invalid convar handle 0 (error 4)
L 01/07/2026 - 15:34:15: [SM] Blaming: 馻nkrunFixhealth.smx
L 01/07/2026 - 15:34:15: [SM] Call stack trace:
L 01/07/2026 - 15:34:15: [SM]   [0] GetConVarString
L 01/07/2026 - 15:34:15: [SM]   [1] Line 138, C:\Users\Moises\Downloads\Compressed\sourcemod-1.11.0-git6968-windows\addons\sourcemod\scripting\馻nkrunFixhealth.sp::IsTankRunActive
L 01/07/2026 - 15:34:15: [SM]   [2] Line 79, C:\Users\Moises\Downloads\Compressed\sourcemod-1.11.0-git6968-windows\addons\sourcemod\scripting\馻nkrunFixhealth.sp::Event_PlayerDeath
L 01/07/2026 - 15:34:15: [SM] Exception reported: Invalid convar handle 0 (error 4)
L 01/07/2026 - 15:34:15: [SM] Blaming: 馻nkrunFixhealth.smx
L 01/07/2026 - 15:34:15: [SM] Call stack trace:
L 01/07/2026 - 15:34:15: [SM]   [0] GetConVarString
L 01/07/2026 - 15:34:15: [SM]   [1] Line 138, C:\Users\Moises\Downloads\Compressed\sourcemod-1.11.0-git6968-windows\addons\sourcemod\scripting\馻nkrunFixhealth.sp::IsTankRunActive
L 01/07/2026 - 15:34:15: [SM]   [2] Line 79, C:\Users\Moises\Downloads\Compressed\sourcemod-1.11.0-git6968-windows\addons\sourcemod\scripting\馻nkrunFixhealth.sp::Event_PlayerDeath
L 01/07/2026 - 15:34:19: [SM] Exception reported: Invalid convar handle 0 (error 4)
L 01/07/2026 - 15:34:19: [SM] Blaming: 馻nkrunFixhealth.smx
L 01/07/2026 - 15:34:19: [SM] Call stack trace:
L 01/07/2026 - 15:34:19: [SM]   [0] GetConVarString
L 01/07/2026 - 15:34:19: [SM]   [1] Line 138, C:\Users\Moises\Downloads\Compressed\sourcemod-1.11.0-git6968-windows\addons\sourcemod\scripting\馻nkrunFixhealth.sp::IsTankRunActive
L 01/07/2026 - 15:34:19: [SM]   [2] Line 79, C:\Users\Moises\Downloads\Compressed\sourcemod-1.11.0-git6968-windows\addons\sourcemod\scripting\馻nkrunFixhealth.sp::Event_PlayerDeath
L 01/07/2026 - 15:34:19: [SM] Exception reported: Invalid convar handle 0 (error 4)
L 01/07/2026 - 15:34:19: [SM] Blaming: 馻nkrunFixhealth.smx
L 01/07/2026 - 15:34:19: [SM] Call stack trace:
L 01/07/2026 - 15:34:19: [SM]   [0] GetConVarString
L 01/07/2026 - 15:34:19: [SM]   [1] Line 138, C:\Users\Moises\Downloads\Compressed\sourcemod-1.11.0-git6968-windows\addons\sourcemod\scripting\馻nkrunFixhealth.sp::IsTankRunActive
L 01/07/2026 - 15:34:19: [SM]   [2] Line 36, C:\Users\Moises\Downloads\Compressed\sourcemod-1.11.0-git6968-windows\addons\sourcemod\scripting\馻nkrunFixhealth.sp::Timer_PeriodicCheck
L 01/07/2026 - 15:34:20: [SM] Exception reported: Invalid convar handle 0 (error 4)
L 01/07/2026 - 15:34:20: [SM] Blaming: 馻nkrunFixhealth.smx
L 01/07/2026 - 15:34:20: [SM] Call stack trace:
L 01/07/2026 - 15:34:20: [SM]   [0] GetConVarString
L 01/07/2026 - 15:34:20: [SM]   [1] Line 138, C:\Users\Moises\Downloads\Compressed\sourcemod-1.11.0-git6968-windows\addons\sourcemod\scripting\馻nkrunFixhealth.sp::IsTankRunActive
L 01/07/2026 - 15:34:20: [SM]   [2] Line 79, C:\Users\Moises\Downloads\Compressed\sourcemod-1.11.0-git6968-windows\addons\sourcemod\scripting\馻nkrunFixhealth.sp::Event_PlayerDeath
L 01/07/2026 - 15:34:21: [SM] Exception reported: Invalid convar handle 0 (error 4)
L 01/07/2026 - 15:34:21: [SM] Blaming: 馻nkrunFixhealth.smx
L 01/07/2026 - 15:34:21: [SM] Call stack trace:
L 01/07/2026 - 15:34:21: [SM]   [0] GetConVarString
L 01/07/2026 - 15:34:21: [SM]   [1] Line 138, C:\Users\Moises\Downloads\Compressed\sourcemod-1.11.0-git6968-windows\addons\sourcemod\scripting\馻nkrunFixhealth.sp::IsTankRunActive
L 01/07/2026 - 15:34:21: [SM]   [2] Line 79, C:\Users\Moises\Downloads\Compressed\sourcemod-1.11.0-git6968-windows\addons\sourcemod\scripting\馻nkrunFixhealth.sp::Event_PlayerDeath
L 01/07/2026 - 15:34:22: [SM] Exception reported: Invalid convar handle 0 (error 4)
L 01/07/2026 - 15:34:22: [SM] Blaming: 馻nkrunFixhealth.smx
L 01/07/2026 - 15:34:22: [SM] Call stack trace:
L 01/07/2026 - 15:34:22: [SM]   [0] GetConVarString
L 01/07/2026 - 15:34:22: [SM]   [1] Line 138, C:\Users\Moises\Downloads\Compressed\sourcemod-1.11.0-git6968-windows\addons\sourcemod\scripting\馻nkrunFixhealth.sp::IsTankRunActive
L 01/07/2026 - 15:34:22: [SM]   [2] Line 79, C:\Users\Moises\Downloads\Compressed\sourcemod-1.11.0-git6968-windows\addons\sourcemod\scripting\馻nkrunFixhealth.sp::Event_PlayerDeath
L 01/07/2026 - 15:34:24: [SM] Exception reported: Invalid convar handle 0 (error 4)
L 01/07/2026 - 15:34:24: [SM] Blaming: 馻nkrunFixhealth.smx
L 01/07/2026 - 15:34:24: [SM] Call stack trace:
L 01/07/2026 - 15:34:24: [SM]   [0] GetConVarString
L 01/07/2026 - 15:34:24: [SM]   [1] Line 138, C:\Users\Moises\Downloads\Compressed\sourcemod-1.11.0-git6968-windows\addons\sourcemod\scripting\馻nkrunFixhealth.sp::IsTankRunActive
L 01/07/2026 - 15:34:24: [SM]   [2] Line 79, C:\Users\Moises\Downloads\Compressed\sourcemod-1.11.0-git6968-windows\addons\sourcemod\scripting\馻nkrunFixhealth.sp::Event_PlayerDeath
L 01/07/2026 - 15:34:24: [SM] Exception reported: Invalid convar handle 0 (error 4)
L 01/07/2026 - 15:34:24: [SM] Blaming: 馻nkrunFixhealth.smx
L 01/07/2026 - 15:34:24: [SM] Call stack trace:
L 01/07/2026 - 15:34:24: [SM]   [0] GetConVarString
L 01/07/2026 - 15:34:24: [SM]   [1] Line 138, C:\Users\Moises\Downloads\Compressed\sourcemod-1.11.0-git6968-windows\addons\sourcemod\scripting\馻nkrunFixhealth.sp::IsTankRunActive
L 01/07/2026 - 15:34:24: [SM]   [2] Line 79, C:\Users\Moises\Downloads\Compressed\sourcemod-1.11.0-git6968-windows\addons\sourcemod\scripting\馻nkrunFixhealth.sp::Event_PlayerDeath
L 01/07/2026 - 15:34:28: [SM] Exception reported: Invalid convar handle 0 (error 4)
L 01/07/2026 - 15:34:28: [SM] Blaming: 馻nkrunFixhealth.smx
L 01/07/2026 - 15:34:28: [SM] Call stack trace:
L 01/07/2026 - 15:34:28: [SM]   [0] GetConVarString
L 01/07/2026 - 15:34:28: [SM]   [1] Line 138, C:\Users\Moises\Downloads\Compressed\sourcemod-1.11.0-git6968-windows\addons\sourcemod\scripting\馻nkrunFixhealth.sp::IsTankRunActive
L 01/07/2026 - 15:34:28: [SM]   [2] Line 79, C:\Users\Moises\Downloads\Compressed\sourcemod-1.11.0-git6968-windows\addons\sourcemod\scripting\馻nkrunFixhealth.sp::Event_PlayerDeath
L 01/07/2026 - 15:34:29: [SM] Exception reported: Invalid convar handle 0 (error 4)
L 01/07/2026 - 15:34:29: [SM] Blaming: 馻nkrunFixhealth.smx
L 01/07/2026 - 15:34:29: [SM] Call stack trace:
L 01/07/2026 - 15:34:29: [SM]   [0] GetConVarString
L 01/07/2026 - 15:34:29: [SM]   [1] Line 138, C:\Users\Moises\Downloads\Compressed\sourcemod-1.11.0-git6968-windows\addons\sourcemod\scripting\馻nkrunFixhealth.sp::IsTankRunActive
L 01/07/2026 - 15:34:29: [SM]   [2] Line 36, C:\Users\Moises\Downloads\Compressed\sourcemod-1.11.0-git6968-windows\addons\sourcemod\scripting\馻nkrunFixhealth.sp::Timer_PeriodicCheck
L 01/07/2026 - 15:34:30: [SM] Exception reported: Invalid convar handle 0 (error 4)
L 01/07/2026 - 15:34:30: [SM] Blaming: 馻nkrunFixhealth.smx
L 01/07/2026 - 15:34:30: [SM] Call stack trace:
L 01/07/2026 - 15:34:30: [SM]   [0] GetConVarString
L 01/07/2026 - 15:34:30: [SM]   [1] Line 138, C:\Users\Moises\Downloads\Compressed\sourcemod-1.11.0-git6968-windows\addons\sourcemod\scripting\馻nkrunFixhealth.sp::IsTankRunActive
L 01/07/2026 - 15:34:30: [SM]   [2] Line 79, C:\Users\Moises\Downloads\Compressed\sourcemod-1.11.0-git6968-windows\addons\sourcemod\scripting\馻nkrunFixhealth.sp::Event_PlayerDeath
L 01/07/2026 - 15:34:30: [SM] Exception reported: Invalid convar handle 0 (error 4)
L 01/07/2026 - 15:34:30: [SM] Blaming: 馻nkrunFixhealth.smx
L 01/07/2026 - 15:34:30: [SM] Call stack trace:
L 01/07/2026 - 15:34:30: [SM]   [0] GetConVarString
L 01/07/2026 - 15:34:30: [SM]   [1] Line 138, C:\Users\Moises\Downloads\Compressed\sourcemod-1.11.0-git6968-windows\addons\sourcemod\scripting\馻nkrunFixhealth.sp::IsTankRunActive
L 01/07/2026 - 15:34:30: [SM]   [2] Line 79, C:\Users\Moises\Downloads\Compressed\sourcemod-1.11.0-git6968-windows\addons\sourcemod\scripting\馻nkrunFixhealth.sp::Event_PlayerDeath
L 01/07/2026 - 15:34:30: [SM] Exception reported: Invalid convar handle 0 (error 4)
L 01/07/2026 - 15:34:30: [SM] Blaming: 馻nkrunFixhealth.smx
L 01/07/2026 - 15:34:30: [SM] Call stack trace:
L 01/07/2026 - 15:34:30: [SM]   [0] GetConVarString
L 01/07/2026 - 15:34:30: [SM]   [1] Line 138, C:\Users\Moises\Downloads\Compressed\sourcemod-1.11.0-git6968-windows\addons\sourcemod\scripting\馻nkrunFixhealth.sp::IsTankRunActive
L 01/07/2026 - 15:34:30: [SM]   [2] Line 79, C:\Users\Moises\Downloads\Compressed\sourcemod-1.11.0-git6968-windows\addons\sourcemod\scripting\馻nkrunFixhealth.sp::Event_PlayerDeath
L 01/07/2026 - 15:34:30: [SM] Exception reported: Invalid convar handle 0 (error 4)
L 01/07/2026 - 15:34:30: [SM] Blaming: 馻nkrunFixhealth.smx
L 01/07/2026 - 15:34:30: [SM] Call stack trace:
L 01/07/2026 - 15:34:30: [SM]   [0] GetConVarString
L 01/07/2026 - 15:34:30: [SM]   [1] Line 138, C:\Users\Moises\Downloads\Compressed\sourcemod-1.11.0-git6968-windows\addons\sourcemod\scripting\馻nkrunFixhealth.sp::IsTankRunActive
L 01/07/2026 - 15:34:30: [SM]   [2] Line 79, C:\Users\Moises\Downloads\Compressed\sourcemod-1.11.0-git6968-windows\addons\sourcemod\scripting\馻nkrunFixhealth.sp::Event_PlayerDeath
L 01/07/2026 - 15:34:30: [SM] Exception reported: Invalid convar handle 0 (error 4)
L 01/07/2026 - 15:34:30: [SM] Blaming: 馻nkrunFixhealth.smx
L 01/07/2026 - 15:34:30: [SM] Call stack trace:
L 01/07/2026 - 15:34:30: [SM]   [0] GetConVarString
L 01/07/2026 - 15:34:30: [SM]   [1] Line 138, C:\Users\Moises\Downloads\Compressed\sourcemod-1.11.0-git6968-windows\addons\sourcemod\scripting\馻nkrunFixhealth.sp::IsTankRunActive
L 01/07/2026 - 15:34:30: [SM]   [2] Line 79, C:\Users\Moises\Downloads\Compressed\sourcemod-1.11.0-git6968-windows\addons\sourcemod\scripting\馻nkrunFixhealth.sp::Event_PlayerDeath
L 01/07/2026 - 15:34:30: [SM] Exception reported: Invalid convar handle 0 (error 4)
L 01/07/2026 - 15:34:30: [SM] Blaming: 馻nkrunFixhealth.smx
L 01/07/2026 - 15:34:30: [SM] Call stack trace:
L 01/07/2026 - 15:34:30: [SM]   [0] GetConVarString
L 01/07/2026 - 15:34:30: [SM]   [1] Line 138, C:\Users\Moises\Downloads\Compressed\sourcemod-1.11.0-git6968-windows\addons\sourcemod\scripting\馻nkrunFixhealth.sp::IsTankRunActive
L 01/07/2026 - 15:34:30: [SM]   [2] Line 79, C:\Users\Moises\Downloads\Compressed\sourcemod-1.11.0-git6968-windows\addons\sourcemod\scripting\馻nkrunFixhealth.sp::Event_PlayerDeath
L 01/07/2026 - 15:34:30: [SM] Exception reported: Invalid convar handle 0 (error 4)
L 01/07/2026 - 15:34:30: [SM] Blaming: 馻nkrunFixhealth.smx
L 01/07/2026 - 15:34:30: [SM] Call stack trace:
L 01/07/2026 - 15:34:30: [SM]   [0] GetConVarString
L 01/07/2026 - 15:34:30: [SM]   [1] Line 138, C:\Users\Moises\Downloads\Compressed\sourcemod-1.11.0-git6968-windows\addons\sourcemod\scripting\馻nkrunFixhealth.sp::IsTankRunActive
L 01/07/2026 - 15:34:30: [SM]   [2] Line 79, C:\Users\Moises\Downloads\Compressed\sourcemod-1.11.0-git6968-windows\addons\sourcemod\scripting\馻nkrunFixhealth.sp::Event_PlayerDeath
L 01/07/2026 - 15:34:30: [SM] Exception reported: Invalid convar handle 0 (error 4)
L 01/07/2026 - 15:34:30: [SM] Blaming: 馻nkrunFixhealth.smx
L 01/07/2026 - 15:34:30: [SM] Call stack trace:
L 01/07/2026 - 15:34:30: [SM]   [0] GetConVarString
L 01/07/2026 - 15:34:30: [SM]   [1] Line 138, C:\Users\Moises\Downloads\Compressed\sourcemod-1.11.0-git6968-windows\addons\sourcemod\scripting\馻nkrunFixhealth.sp::IsTankRunActive
L 01/07/2026 - 15:34:30: [SM]   [2] Line 79, C:\Users\Moises\Downloads\Compressed\sourcemod-1.11.0-git6968-windows\addons\sourcemod\scripting\馻nkrunFixhealth.sp::Event_PlayerDeath
L 01/07/2026 - 15:34:30: [SM] Exception reported: Invalid convar handle 0 (error 4)
L 01/07/2026 - 15:34:30: [SM] Blaming: 馻nkrunFixhealth.smx
L 01/07/2026 - 15:34:30: [SM] Call stack trace:
L 01/07/2026 - 15:34:30: [SM]   [0] GetConVarString
L 01/07/2026 - 15:34:30: [SM]   [1] Line 138, C:\Users\Moises\Downloads\Compressed\sourcemod-1.11.0-git6968-windows\addons\sourcemod\scripting\馻nkrunFixhealth.sp::IsTankRunActive
L 01/07/2026 - 15:34:30: [SM]   [2] Line 79, C:\Users\Moises\Downloads\Compressed\sourcemod-1.11.0-git6968-windows\addons\sourcemod\scripting\馻nkrunFixhealth.sp::Event_PlayerDeath
L 01/07/2026 - 15:34:30: [SM] Exception reported: Invalid convar handle 0 (error 4)
L 01/07/2026 - 15:34:30: [SM] Blaming: 馻nkrunFixhealth.smx
L 01/07/2026 - 15:34:30: [SM] Call stack trace:
L 01/07/2026 - 15:34:30: [SM]   [0] GetConVarString
L 01/07/2026 - 15:34:31: [SM]   [1] Line 138, C:\Users\Moises\Downloads\Compressed\sourcemod-1.11.0-git6968-windows\addons\sourcemod\scripting\馻nkrunFixhealth.sp::IsTankRunActive
L 01/07/2026 - 15:34:31: [SM]   [2] Line 79, C:\Users\Moises\Downloads\Compressed\sourcemod-1.11.0-git6968-windows\addons\sourcemod\scripting\馻nkrunFixhealth.sp::Event_PlayerDeath
L 01/07/2026 - 15:34:31: [SM] Exception reported: Invalid convar handle 0 (error 4)
L 01/07/2026 - 15:34:31: [SM] Blaming: 馻nkrunFixhealth.smx
L 01/07/2026 - 15:34:31: [SM] Call stack trace:
L 01/07/2026 - 15:34:31: [SM]   [0] GetConVarString
L 01/07/2026 - 15:34:31: [SM]   [1] Line 138, C:\Users\Moises\Downloads\Compressed\sourcemod-1.11.0-git6968-windows\addons\sourcemod\scripting\馻nkrunFixhealth.sp::IsTankRunActive
L 01/07/2026 - 15:34:31: [SM]   [2] Line 79, C:\Users\Moises\Downloads\Compressed\sourcemod-1.11.0-git6968-windows\addons\sourcemod\scripting\馻nkrunFixhealth.sp::Event_PlayerDeath
L 01/07/2026 - 15:34:31: [SM] Exception reported: Invalid convar handle 0 (error 4)
L 01/07/2026 - 15:34:31: [SM] Blaming: 馻nkrunFixhealth.smx
L 01/07/2026 - 15:34:31: [SM] Call stack trace:
L 01/07/2026 - 15:34:31: [SM]   [0] GetConVarString
L 01/07/2026 - 15:34:31: [SM]   [1] Line 138, C:\Users\Moises\Downloads\Compressed\sourcemod-1.11.0-git6968-windows\addons\sourcemod\scripting\馻nkrunFixhealth.sp::IsTankRunActive
L 01/07/2026 - 15:34:31: [SM]   [2] Line 79, C:\Users\Moises\Downloads\Compressed\sourcemod-1.11.0-git6968-windows\addons\sourcemod\scripting\馻nkrunFixhealth.sp::Event_PlayerDeath
L 01/07/2026 - 15:34:31: [SM] Exception reported: Invalid convar handle 0 (error 4)
L 01/07/2026 - 15:34:31: [SM] Blaming: 馻nkrunFixhealth.smx
L 01/07/2026 - 15:34:31: [SM] Call stack trace:
L 01/07/2026 - 15:34:31: [SM]   [0] GetConVarString
L 01/07/2026 - 15:34:31: [SM]   [1] Line 138, C:\Users\Moises\Downloads\Compressed\sourcemod-1.11.0-git6968-windows\addons\sourcemod\scripting\馻nkrunFixhealth.sp::IsTankRunActive
L 01/07/2026 - 15:34:31: [SM]   [2] Line 79, C:\Users\Moises\Downloads\Compressed\sourcemod-1.11.0-git6968-windows\addons\sourcemod\scripting\馻nkrunFixhealth.sp::Event_PlayerDeath
L 01/07/2026 - 15:34:31: [SM] Exception reported: Invalid convar handle 0 (error 4)
L 01/07/2026 - 15:34:31: [SM] Blaming: 馻nkrunFixhealth.smx
L 01/07/2026 - 15:34:31: [SM] Call stack trace:
L 01/07/2026 - 15:34:31: [SM]   [0] GetConVarString
L 01/07/2026 - 15:34:31: [SM]   [1] Line 138, C:\Users\Moises\Downloads\Compressed\sourcemod-1.11.0-git6968-windows\addons\sourcemod\scripting\馻nkrunFixhealth.sp::IsTankRunActive
L 01/07/2026 - 15:34:31: [SM]   [2] Line 79, C:\Users\Moises\Downloads\Compressed\sourcemod-1.11.0-git6968-windows\addons\sourcemod\scripting\馻nkrunFixhealth.sp::Event_PlayerDeath
L 01/07/2026 - 15:34:31: [SM] Exception reported: Invalid convar handle 0 (error 4)
L 01/07/2026 - 15:34:31: [SM] Blaming: 馻nkrunFixhealth.smx
L 01/07/2026 - 15:34:31: [SM] Call stack trace:
L 01/07/2026 - 15:34:31: [SM]   [0] GetConVarString
L 01/07/2026 - 15:34:31: [SM]   [1] Line 138, C:\Users\Moises\Downloads\Compressed\sourcemod-1.11.0-git6968-windows\addons\sourcemod\scripting\馻nkrunFixhealth.sp::IsTankRunActive
L 01/07/2026 - 15:34:31: [SM]   [2] Line 79, C:\Users\Moises\Downloads\Compressed\sourcemod-1.11.0-git6968-windows\addons\sourcemod\scripting\馻nkrunFixhealth.sp::Event_PlayerDeath
L 01/07/2026 - 15:34:31: [SM] Exception reported: Invalid convar handle 0 (error 4)
L 01/07/2026 - 15:34:31: [SM] Blaming: 馻nkrunFixhealth.smx
L 01/07/2026 - 15:34:31: [SM] Call stack trace:
L 01/07/2026 - 15:34:31: [SM]   [0] GetConVarString
L 01/07/2026 - 15:34:31: [SM]   [1] Line 138, C:\Users\Moises\Downloads\Compressed\sourcemod-1.11.0-git6968-windows\addons\sourcemod\scripting\馻nkrunFixhealth.sp::IsTankRunActive
L 01/07/2026 - 15:34:31: [SM]   [2] Line 79, C:\Users\Moises\Downloads\Compressed\sourcemod-1.11.0-git6968-windows\addons\sourcemod\scripting\馻nkrunFixhealth.sp::Event_PlayerDeath
L 01/07/2026 - 15:34:31: [SM] Exception reported: Invalid convar handle 0 (error 4)
L 01/07/2026 - 15:34:31: [SM] Blaming: 馻nkrunFixhealth.smx
L 01/07/2026 - 15:34:31: [SM] Call stack trace:
L 01/07/2026 - 15:34:31: [SM]   [0] GetConVarString
L 01/07/2026 - 15:34:31: [SM]   [1] Line 138, C:\Users\Moises\Downloads\Compressed\sourcemod-1.11.0-git6968-windows\addons\sourcemod\scripting\馻nkrunFixhealth.sp::IsTankRunActive
L 01/07/2026 - 15:34:31: [SM]   [2] Line 79, C:\Users\Moises\Downloads\Compressed\sourcemod-1.11.0-git6968-windows\addons\sourcemod\scripting\馻nkrunFixhealth.sp::Event_PlayerDeath
L 01/07/2026 - 15:34:31: [SM] Exception reported: Invalid convar handle 0 (error 4)
L 01/07/2026 - 15:34:31: [SM] Blaming: 馻nkrunFixhealth.smx
L 01/07/2026 - 15:34:31: [SM] Call stack trace:
L 01/07/2026 - 15:34:31: [SM]   [0] GetConVarString
L 01/07/2026 - 15:34:31: [SM]   [1] Line 138, C:\Users\Moises\Downloads\Compressed\sourcemod-1.11.0-git6968-windows\addons\sourcemod\scripting\馻nkrunFixhealth.sp::IsTankRunActive
L 01/07/2026 - 15:34:31: [SM]   [2] Line 79, C:\Users\Moises\Downloads\Compressed\sourcemod-1.11.0-git6968-windows\addons\sourcemod\scripting\馻nkrunFixhealth.sp::Event_PlayerDeath
L 01/07/2026 - 15:34:31: [SM] Exception reported: Invalid convar handle 0 (error 4)
L 01/07/2026 - 15:34:31: [SM] Blaming: 馻nkrunFixhealth.smx
L 01/07/2026 - 15:34:31: [SM] Call stack trace:
L 01/07/2026 - 15:34:31: [SM]   [0] GetConVarString
L 01/07/2026 - 15:34:31: [SM]   [1] Line 138, C:\Users\Moises\Downloads\Compressed\sourcemod-1.11.0-git6968-windows\addons\sourcemod\scripting\馻nkrunFixhealth.sp::IsTankRunActive
L 01/07/2026 - 15:34:31: [SM]   [2] Line 79, C:\Users\Moises\Downloads\Compressed\sourcemod-1.11.0-git6968-windows\addons\sourcemod\scripting\馻nkrunFixhealth.sp::Event_PlayerDeath
L 01/07/2026 - 15:34:31: [SM] Exception reported: Invalid convar handle 0 (error 4)
L 01/07/2026 - 15:34:31: [SM] Blaming: 馻nkrunFixhealth.smx
L 01/07/2026 - 15:34:31: [SM] Call stack trace:
L 01/07/2026 - 15:34:31: [SM]   [0] GetConVarString
L 01/07/2026 - 15:34:31: [SM]   [1] Line 138, C:\Users\Moises\Downloads\Compressed\sourcemod-1.11.0-git6968-windows\addons\sourcemod\scripting\馻nkrunFixhealth.sp::IsTankRunActive
L 01/07/2026 - 15:34:31: [SM]   [2] Line 79, C:\Users\Moises\Downloads\Compressed\sourcemod-1.11.0-git6968-windows\addons\sourcemod\scripting\馻nkrunFixhealth.sp::Event_PlayerDeath
L 01/07/2026 - 15:34:33: [SM] Exception reported: Invalid convar handle 0 (error 4)
L 01/07/2026 - 15:34:33: [SM] Blaming: 馻nkrunFixhealth.smx
L 01/07/2026 - 15:34:33: [SM] Call stack trace:
L 01/07/2026 - 15:34:33: [SM]   [0] GetConVarString
L 01/07/2026 - 15:34:33: [SM]   [1] Line 138, C:\Users\Moises\Downloads\Compressed\sourcemod-1.11.0-git6968-windows\addons\sourcemod\scripting\馻nkrunFixhealth.sp::IsTankRunActive
L 01/07/2026 - 15:34:33: [SM]   [2] Line 79, C:\Users\Moises\Downloads\Compressed\sourcemod-1.11.0-git6968-windows\addons\sourcemod\scripting\馻nkrunFixhealth.sp::Event_PlayerDeath
L 01/07/2026 - 15:34:34: [SM] Exception reported: Invalid convar handle 0 (error 4)
L 01/07/2026 - 15:34:34: [SM] Blaming: 馻nkrunFixhealth.smx
L 01/07/2026 - 15:34:34: [SM] Call stack trace:
L 01/07/2026 - 15:34:34: [SM]   [0] GetConVarString
L 01/07/2026 - 15:34:34: [SM]   [1] Line 138, C:\Users\Moises\Downloads\Compressed\sourcemod-1.11.0-git6968-windows\addons\sourcemod\scripting\馻nkrunFixhealth.sp::IsTankRunActive
L 01/07/2026 - 15:34:34: [SM]   [2] Line 79, C:\Users\Moises\Downloads\Compressed\sourcemod-1.11.0-git6968-windows\addons\sourcemod\scripting\馻nkrunFixhealth.sp::Event_PlayerDeath
L 01/07/2026 - 15:34:35: [SM] Exception reported: Invalid convar handle 0 (error 4)
L 01/07/2026 - 15:34:35: [SM] Blaming: 馻nkrunFixhealth.smx
L 01/07/2026 - 15:34:35: [SM] Call stack trace:
L 01/07/2026 - 15:34:35: [SM]   [0] GetConVarString
L 01/07/2026 - 15:34:35: [SM]   [1] Line 138, C:\Users\Moises\Downloads\Compressed\sourcemod-1.11.0-git6968-windows\addons\sourcemod\scripting\馻nkrunFixhealth.sp::IsTankRunActive
L 01/07/2026 - 15:34:35: [SM]   [2] Line 79, C:\Users\Moises\Downloads\Compressed\sourcemod-1.11.0-git6968-windows\addons\sourcemod\scripting\馻nkrunFixhealth.sp::Event_PlayerDeath
L 01/07/2026 - 15:34:35: [SM] Exception reported: Invalid convar handle 0 (error 4)
L 01/07/2026 - 15:34:35: [SM] Blaming: 馻nkrunFixhealth.smx
L 01/07/2026 - 15:34:35: [SM] Call stack trace:
L 01/07/2026 - 15:34:35: [SM]   [0] GetConVarString
L 01/07/2026 - 15:34:35: [SM]   [1] Line 138, C:\Users\Moises\Downloads\Compressed\sourcemod-1.11.0-git6968-windows\addons\sourcemod\scripting\馻nkrunFixhealth.sp::IsTankRunActive
L 01/07/2026 - 15:34:35: [SM]   [2] Line 79, C:\Users\Moises\Downloads\Compressed\sourcemod-1.11.0-git6968-windows\addons\sourcemod\scripting\馻nkrunFixhealth.sp::Event_PlayerDeath
L 01/07/2026 - 15:34:36: [SM] Exception reported: Invalid convar handle 0 (error 4)
L 01/07/2026 - 15:34:36: [SM] Blaming: 馻nkrunFixhealth.smx
L 01/07/2026 - 15:34:36: [SM] Call stack trace:
L 01/07/2026 - 15:34:36: [SM]   [0] GetConVarString
L 01/07/2026 - 15:34:36: [SM]   [1] Line 138, C:\Users\Moises\Downloads\Compressed\sourcemod-1.11.0-git6968-windows\addons\sourcemod\scripting\馻nkrunFixhealth.sp::IsTankRunActive
L 01/07/2026 - 15:34:36: [SM]   [2] Line 79, C:\Users\Moises\Downloads\Compressed\sourcemod-1.11.0-git6968-windows\addons\sourcemod\scripting\馻nkrunFixhealth.sp::Event_PlayerDeath
L 01/07/2026 - 15:34:36: [SM] Exception reported: Invalid convar handle 0 (error 4)
L 01/07/2026 - 15:34:36: [SM] Blaming: 馻nkrunFixhealth.smx
L 01/07/2026 - 15:34:36: [SM] Call stack trace:
L 01/07/2026 - 15:34:36: [SM]   [0] GetConVarString
L 01/07/2026 - 15:34:36: [SM]   [1] Line 138, C:\Users\Moises\Downloads\Compressed\sourcemod-1.11.0-git6968-windows\addons\sourcemod\scripting\馻nkrunFixhealth.sp::IsTankRunActive
L 01/07/2026 - 15:34:36: [SM]   [2] Line 79, C:\Users\Moises\Downloads\Compressed\sourcemod-1.11.0-git6968-windows\addons\sourcemod\scripting\馻nkrunFixhealth.sp::Event_PlayerDeath
L 01/07/2026 - 15:34:36: [SM] Exception reported: Invalid convar handle 0 (error 4)
L 01/07/2026 - 15:34:36: [SM] Blaming: 馻nkrunFixhealth.smx
L 01/07/2026 - 15:34:36: [SM] Call stack trace:
L 01/07/2026 - 15:34:36: [SM]   [0] GetConVarString
L 01/07/2026 - 15:34:36: [SM]   [1] Line 138, C:\Users\Moises\Downloads\Compressed\sourcemod-1.11.0-git6968-windows\addons\sourcemod\scripting\馻nkrunFixhealth.sp::IsTankRunActive
L 01/07/2026 - 15:34:36: [SM]   [2] Line 79, C:\Users\Moises\Downloads\Compressed\sourcemod-1.11.0-git6968-windows\addons\sourcemod\scripting\馻nkrunFixhealth.sp::Event_PlayerDeath
L 01/07/2026 - 15:34:37: [SM] Exception reported: Invalid convar handle 0 (error 4)
L 01/07/2026 - 15:34:37: [SM] Blaming: 馻nkrunFixhealth.smx
L 01/07/2026 - 15:34:37: [SM] Call stack trace:
L 01/07/2026 - 15:34:37: [SM]   [0] GetConVarString
L 01/07/2026 - 15:34:37: [SM]   [1] Line 138, C:\Users\Moises\Downloads\Compressed\sourcemod-1.11.0-git6968-windows\addons\sourcemod\scripting\馻nkrunFixhealth.sp::IsTankRunActive
L 01/07/2026 - 15:34:37: [SM]   [2] Line 79, C:\Users\Moises\Downloads\Compressed\sourcemod-1.11.0-git6968-windows\addons\sourcemod\scripting\馻nkrunFixhealth.sp::Event_PlayerDeath
L 01/07/2026 - 15:34:38: [SM] Exception reported: Invalid convar handle 0 (error 4)
L 01/07/2026 - 15:34:38: [SM] Blaming: 馻nkrunFixhealth.smx
L 01/07/2026 - 15:34:38: [SM] Call stack trace:
L 01/07/2026 - 15:34:38: [SM]   [0] GetConVarString
L 01/07/2026 - 15:34:38: [SM]   [1] Line 138, C:\Users\Moises\Downloads\Compressed\sourcemod-1.11.0-git6968-windows\addons\sourcemod\scripting\馻nkrunFixhealth.sp::IsTankRunActive
L 01/07/2026 - 15:34:38: [SM]   [2] Line 79, C:\Users\Moises\Downloads\Compressed\sourcemod-1.11.0-git6968-windows\addons\sourcemod\scripting\馻nkrunFixhealth.sp::Event_PlayerDeath
L 01/07/2026 - 15:34:39: [SM] Exception reported: Invalid convar handle 0 (error 4)
L 01/07/2026 - 15:34:39: [SM] Blaming: 馻nkrunFixhealth.smx
L 01/07/2026 - 15:34:39: [SM] Call stack trace:
L 01/07/2026 - 15:34:39: [SM]   [0] GetConVarString
L 01/07/2026 - 15:34:39: [SM]   [1] Line 138, C:\Users\Moises\Downloads\Compressed\sourcemod-1.11.0-git6968-windows\addons\sourcemod\scripting\馻nkrunFixhealth.sp::IsTankRunActive
L 01/07/2026 - 15:34:39: [SM]   [2] Line 36, C:\Users\Moises\Downloads\Compressed\sourcemod-1.11.0-git6968-windows\addons\sourcemod\scripting\馻nkrunFixhealth.sp::Timer_PeriodicCheck
L 01/07/2026 - 15:34:43: [SM] Exception reported: Invalid convar handle 0 (error 4)
L 01/07/2026 - 15:34:43: [SM] Blaming: 馻nkrunFixhealth.smx
L 01/07/2026 - 15:34:43: [SM] Call stack trace:
L 01/07/2026 - 15:34:43: [SM]   [0] GetConVarString
L 01/07/2026 - 15:34:43: [SM]   [1] Line 138, C:\Users\Moises\Downloads\Compressed\sourcemod-1.11.0-git6968-windows\addons\sourcemod\scripting\馻nkrunFixhealth.sp::IsTankRunActive
L 01/07/2026 - 15:34:43: [SM]   [2] Line 79, C:\Users\Moises\Downloads\Compressed\sourcemod-1.11.0-git6968-windows\addons\sourcemod\scripting\馻nkrunFixhealth.sp::Event_PlayerDeath
L 01/07/2026 - 15:34:44: [SM] Exception reported: Invalid convar handle 0 (error 4)
L 01/07/2026 - 15:34:44: [SM] Blaming: 馻nkrunFixhealth.smx
L 01/07/2026 - 15:34:44: [SM] Call stack trace:
L 01/07/2026 - 15:34:44: [SM]   [0] GetConVarString
L 01/07/2026 - 15:34:44: [SM]   [1] Line 138, C:\Users\Moises\Downloads\Compressed\sourcemod-1.11.0-git6968-windows\addons\sourcemod\scripting\馻nkrunFixhealth.sp::IsTankRunActive
L 01/07/2026 - 15:34:44: [SM]   [2] Line 79, C:\Users\Moises\Downloads\Compressed\sourcemod-1.11.0-git6968-windows\addons\sourcemod\scripting\馻nkrunFixhealth.sp::Event_PlayerDeath
L 01/07/2026 - 15:34:46: [SM] Exception reported: Invalid convar handle 0 (error 4)
L 01/07/2026 - 15:34:46: [SM] Blaming: 馻nkrunFixhealth.smx
L 01/07/2026 - 15:34:46: [SM] Call stack trace:
L 01/07/2026 - 15:34:46: [SM]   [0] GetConVarString
L 01/07/2026 - 15:34:46: [SM]   [1] Line 138, C:\Users\Moises\Downloads\Compressed\sourcemod-1.11.0-git6968-windows\addons\sourcemod\scripting\馻nkrunFixhealth.sp::IsTankRunActive
L 01/07/2026 - 15:34:46: [SM]   [2] Line 79, C:\Users\Moises\Downloads\Compressed\sourcemod-1.11.0-git6968-windows\addons\sourcemod\scripting\馻nkrunFixhealth.sp::Event_PlayerDeath
L 01/07/2026 - 15:34:49: [SM] Exception reported: Invalid convar handle 0 (error 4)
L 01/07/2026 - 15:34:49: [SM] Blaming: 馻nkrunFixhealth.smx
L 01/07/2026 - 15:34:49: [SM] Call stack trace:
L 01/07/2026 - 15:34:49: [SM]   [0] GetConVarString
L 01/07/2026 - 15:34:49: [SM]   [1] Line 138, C:\Users\Moises\Downloads\Compressed\sourcemod-1.11.0-git6968-windows\addons\sourcemod\scripting\馻nkrunFixhealth.sp::IsTankRunActive
L 01/07/2026 - 15:34:49: [SM]   [2] Line 36, C:\Users\Moises\Downloads\Compressed\sourcemod-1.11.0-git6968-windows\addons\sourcemod\scripting\馻nkrunFixhealth.sp::Timer_PeriodicCheck
L 01/07/2026 - 15:34:54: [SM] Exception reported: Invalid convar handle 0 (error 4)
L 01/07/2026 - 15:34:54: [SM] Blaming: 馻nkrunFixhealth.smx
L 01/07/2026 - 15:34:54: [SM] Call stack trace:
L 01/07/2026 - 15:34:54: [SM]   [0] GetConVarString
L 01/07/2026 - 15:34:54: [SM]   [1] Line 138, C:\Users\Moises\Downloads\Compressed\sourcemod-1.11.0-git6968-windows\addons\sourcemod\scripting\馻nkrunFixhealth.sp::IsTankRunActive
L 01/07/2026 - 15:34:54: [SM]   [2] Line 79, C:\Users\Moises\Downloads\Compressed\sourcemod-1.11.0-git6968-windows\addons\sourcemod\scripting\馻nkrunFixhealth.sp::Event_PlayerDeath
L 01/07/2026 - 15:34:55: [SM] Exception reported: Invalid convar handle 0 (error 4)
L 01/07/2026 - 15:34:55: [SM] Blaming: 馻nkrunFixhealth.smx
L 01/07/2026 - 15:34:55: [SM] Call stack trace:
L 01/07/2026 - 15:34:55: [SM]   [0] GetConVarString
L 01/07/2026 - 15:34:55: [SM]   [1] Line 138, C:\Users\Moises\Downloads\Compressed\sourcemod-1.11.0-git6968-windows\addons\sourcemod\scripting\馻nkrunFixhealth.sp::IsTankRunActive
L 01/07/2026 - 15:34:55: [SM]   [2] Line 79, C:\Users\Moises\Downloads\Compressed\sourcemod-1.11.0-git6968-windows\addons\sourcemod\scripting\馻nkrunFixhealth.sp::Event_PlayerDeath
L 01/07/2026 - 15:34:55: [SM] Exception reported: Invalid convar handle 0 (error 4)
L 01/07/2026 - 15:34:55: [SM] Blaming: 馻nkrunFixhealth.smx
L 01/07/2026 - 15:34:55: [SM] Call stack trace:
L 01/07/2026 - 15:34:55: [SM]   [0] GetConVarString
L 01/07/2026 - 15:34:55: [SM]   [1] Line 138, C:\Users\Moises\Downloads\Compressed\sourcemod-1.11.0-git6968-windows\addons\sourcemod\scripting\馻nkrunFixhealth.sp::IsTankRunActive
L 01/07/2026 - 15:34:55: [SM]   [2] Line 79, C:\Users\Moises\Downloads\Compressed\sourcemod-1.11.0-git6968-windows\addons\sourcemod\scripting\馻nkrunFixhealth.sp::Event_PlayerDeath
L 01/07/2026 - 15:34:56: [SM] Exception reported: Invalid convar handle 0 (error 4)
L 01/07/2026 - 15:34:56: [SM] Blaming: 馻nkrunFixhealth.smx
L 01/07/2026 - 15:34:56: [SM] Call stack trace:
L 01/07/2026 - 15:34:56: [SM]   [0] GetConVarString
L 01/07/2026 - 15:34:56: [SM]   [1] Line 138, C:\Users\Moises\Downloads\Compressed\sourcemod-1.11.0-git6968-windows\addons\sourcemod\scripting\馻nkrunFixhealth.sp::IsTankRunActive
L 01/07/2026 - 15:34:56: [SM]   [2] Line 79, C:\Users\Moises\Downloads\Compressed\sourcemod-1.11.0-git6968-windows\addons\sourcemod\scripting\馻nkrunFixhealth.sp::Event_PlayerDeath
L 01/07/2026 - 15:34:57: [SM] Exception reported: Invalid convar handle 0 (error 4)
L 01/07/2026 - 15:34:57: [SM] Blaming: 馻nkrunFixhealth.smx
L 01/07/2026 - 15:34:57: [SM] Call stack trace:
L 01/07/2026 - 15:34:57: [SM]   [0] GetConVarString
L 01/07/2026 - 15:34:57: [SM]   [1] Line 138, C:\Users\Moises\Downloads\Compressed\sourcemod-1.11.0-git6968-windows\addons\sourcemod\scripting\馻nkrunFixhealth.sp::IsTankRunActive
L 01/07/2026 - 15:34:57: [SM]   [2] Line 79, C:\Users\Moises\Downloads\Compressed\sourcemod-1.11.0-git6968-windows\addons\sourcemod\scripting\馻nkrunFixhealth.sp::Event_PlayerDeath
L 01/07/2026 - 15:34:59: [SM] Exception reported: Invalid convar handle 0 (error 4)
L 01/07/2026 - 15:34:59: [SM] Blaming: 馻nkrunFixhealth.smx
L 01/07/2026 - 15:34:59: [SM] Call stack trace:
L 01/07/2026 - 15:34:59: [SM]   [0] GetConVarString
L 01/07/2026 - 15:34:59: [SM]   [1] Line 138, C:\Users\Moises\Downloads\Compressed\sourcemod-1.11.0-git6968-windows\addons\sourcemod\scripting\馻nkrunFixhealth.sp::IsTankRunActive
L 01/07/2026 - 15:34:59: [SM]   [2] Line 36, C:\Users\Moises\Downloads\Compressed\sourcemod-1.11.0-git6968-windows\addons\sourcemod\scripting\馻nkrunFixhealth.sp::Timer_PeriodicCheck
L 01/07/2026 - 15:35:03: [SM] Exception reported: Invalid convar handle 0 (error 4)
L 01/07/2026 - 15:35:03: [SM] Blaming: 馻nkrunFixhealth.smx
L 01/07/2026 - 15:35:03: [SM] Call stack trace:
L 01/07/2026 - 15:35:03: [SM]   [0] GetConVarString
L 01/07/2026 - 15:35:03: [SM]   [1] Line 138, C:\Users\Moises\Downloads\Compressed\sourcemod-1.11.0-git6968-windows\addons\sourcemod\scripting\馻nkrunFixhealth.sp::IsTankRunActive
L 01/07/2026 - 15:35:03: [SM]   [2] Line 79, C:\Users\Moises\Downloads\Compressed\sourcemod-1.11.0-git6968-windows\addons\sourcemod\scripting\馻nkrunFixhealth.sp::Event_PlayerDeath
L 01/07/2026 - 15:35:09: [SM] Exception reported: Invalid convar handle 0 (error 4)
L 01/07/2026 - 15:35:09: [SM] Blaming: 馻nkrunFixhealth.smx
L 01/07/2026 - 15:35:09: [SM] Call stack trace:
L 01/07/2026 - 15:35:09: [SM]   [0] GetConVarString
L 01/07/2026 - 15:35:09: [SM]   [1] Line 138, C:\Users\Moises\Downloads\Compressed\sourcemod-1.11.0-git6968-windows\addons\sourcemod\scripting\馻nkrunFixhealth.sp::IsTankRunActive
L 01/07/2026 - 15:35:09: [SM]   [2] Line 36, C:\Users\Moises\Downloads\Compressed\sourcemod-1.11.0-git6968-windows\addons\sourcemod\scripting\馻nkrunFixhealth.sp::Timer_PeriodicCheck
L 01/07/2026 - 15:35:10: [SM] Exception reported: Invalid convar handle 0 (error 4)
L 01/07/2026 - 15:35:10: [SM] Blaming: 馻nkrunFixhealth.smx
L 01/07/2026 - 15:35:10: [SM] Call stack trace:
L 01/07/2026 - 15:35:10: [SM]   [0] GetConVarString
L 01/07/2026 - 15:35:10: [SM]   [1] Line 138, C:\Users\Moises\Downloads\Compressed\sourcemod-1.11.0-git6968-windows\addons\sourcemod\scripting\馻nkrunFixhealth.sp::IsTankRunActive
L 01/07/2026 - 15:35:10: [SM]   [2] Line 79, C:\Users\Moises\Downloads\Compressed\sourcemod-1.11.0-git6968-windows\addons\sourcemod\scripting\馻nkrunFixhealth.sp::Event_PlayerDeath
L 01/07/2026 - 15:35:13: [SM] Exception reported: Invalid convar handle 0 (error 4)
L 01/07/2026 - 15:35:13: [SM] Blaming: 馻nkrunFixhealth.smx
L 01/07/2026 - 15:35:13: [SM] Call stack trace:
L 01/07/2026 - 15:35:13: [SM]   [0] GetConVarString
L 01/07/2026 - 15:35:13: [SM]   [1] Line 138, C:\Users\Moises\Downloads\Compressed\sourcemod-1.11.0-git6968-windows\addons\sourcemod\scripting\馻nkrunFixhealth.sp::IsTankRunActive
L 01/07/2026 - 15:35:13: [SM]   [2] Line 79, C:\Users\Moises\Downloads\Compressed\sourcemod-1.11.0-git6968-windows\addons\sourcemod\scripting\馻nkrunFixhealth.sp::Event_PlayerDeath
L 01/07/2026 - 15:35:15: [SM] Exception reported: Invalid convar handle 0 (error 4)
L 01/07/2026 - 15:35:15: [SM] Blaming: 馻nkrunFixhealth.smx
L 01/07/2026 - 15:35:15: [SM] Call stack trace:
L 01/07/2026 - 15:35:15: [SM]   [0] GetConVarString
L 01/07/2026 - 15:35:15: [SM]   [1] Line 138, C:\Users\Moises\Downloads\Compressed\sourcemod-1.11.0-git6968-windows\addons\sourcemod\scripting\馻nkrunFixhealth.sp::IsTankRunActive
L 01/07/2026 - 15:35:15: [SM]   [2] Line 79, C:\Users\Moises\Downloads\Compressed\sourcemod-1.11.0-git6968-windows\addons\sourcemod\scripting\馻nkrunFixhealth.sp::Event_PlayerDeath
L 01/07/2026 - 15:35:15: [SM] Exception reported: Invalid convar handle 0 (error 4)
L 01/07/2026 - 15:35:15: [SM] Blaming: 馻nkrunFixhealth.smx
L 01/07/2026 - 15:35:15: [SM] Call stack trace:
L 01/07/2026 - 15:35:15: [SM]   [0] GetConVarString
L 01/07/2026 - 15:35:15: [SM]   [1] Line 138, C:\Users\Moises\Downloads\Compressed\sourcemod-1.11.0-git6968-windows\addons\sourcemod\scripting\馻nkrunFixhealth.sp::IsTankRunActive
L 01/07/2026 - 15:35:15: [SM]   [2] Line 79, C:\Users\Moises\Downloads\Compressed\sourcemod-1.11.0-git6968-windows\addons\sourcemod\scripting\馻nkrunFixhealth.sp::Event_PlayerDeath
L 01/07/2026 - 15:35:17: [SM] Exception reported: Invalid convar handle 0 (error 4)
L 01/07/2026 - 15:35:17: [SM] Blaming: 馻nkrunFixhealth.smx
L 01/07/2026 - 15:35:17: [SM] Call stack trace:
L 01/07/2026 - 15:35:17: [SM]   [0] GetConVarString
L 01/07/2026 - 15:35:17: [SM]   [1] Line 138, C:\Users\Moises\Downloads\Compressed\sourcemod-1.11.0-git6968-windows\addons\sourcemod\scripting\馻nkrunFixhealth.sp::IsTankRunActive
L 01/07/2026 - 15:35:17: [SM]   [2] Line 79, C:\Users\Moises\Downloads\Compressed\sourcemod-1.11.0-git6968-windows\addons\sourcemod\scripting\馻nkrunFixhealth.sp::Event_PlayerDeath
L 01/07/2026 - 15:35:19: [SM] Exception reported: Invalid convar handle 0 (error 4)
L 01/07/2026 - 15:35:19: [SM] Blaming: 馻nkrunFixhealth.smx
L 01/07/2026 - 15:35:19: [SM] Call stack trace:
L 01/07/2026 - 15:35:19: [SM]   [0] GetConVarString
L 01/07/2026 - 15:35:19: [SM]   [1] Line 138, C:\Users\Moises\Downloads\Compressed\sourcemod-1.11.0-git6968-windows\addons\sourcemod\scripting\馻nkrunFixhealth.sp::IsTankRunActive
L 01/07/2026 - 15:35:19: [SM]   [2] Line 36, C:\Users\Moises\Downloads\Compressed\sourcemod-1.11.0-git6968-windows\addons\sourcemod\scripting\馻nkrunFixhealth.sp::Timer_PeriodicCheck
L 01/07/2026 - 15:35:21: [SM] Exception reported: Invalid convar handle 0 (error 4)
L 01/07/2026 - 15:35:21: [SM] Blaming: 馻nkrunFixhealth.smx
L 01/07/2026 - 15:35:21: [SM] Call stack trace:
L 01/07/2026 - 15:35:21: [SM]   [0] GetConVarString
L 01/07/2026 - 15:35:21: [SM]   [1] Line 138, C:\Users\Moises\Downloads\Compressed\sourcemod-1.11.0-git6968-windows\addons\sourcemod\scripting\馻nkrunFixhealth.sp::IsTankRunActive
L 01/07/2026 - 15:35:21: [SM]   [2] Line 79, C:\Users\Moises\Downloads\Compressed\sourcemod-1.11.0-git6968-windows\addons\sourcemod\scripting\馻nkrunFixhealth.sp::Event_PlayerDeath
L 01/07/2026 - 15:35:24: [SM] Exception reported: Invalid convar handle 0 (error 4)
L 01/07/2026 - 15:35:24: [SM] Blaming: 馻nkrunFixhealth.smx
L 01/07/2026 - 15:35:24: [SM] Call stack trace:
L 01/07/2026 - 15:35:24: [SM]   [0] GetConVarString
L 01/07/2026 - 15:35:24: [SM]   [1] Line 138, C:\Users\Moises\Downloads\Compressed\sourcemod-1.11.0-git6968-windows\addons\sourcemod\scripting\馻nkrunFixhealth.sp::IsTankRunActive
L 01/07/2026 - 15:35:24: [SM]   [2] Line 79, C:\Users\Moises\Downloads\Compressed\sourcemod-1.11.0-git6968-windows\addons\sourcemod\scripting\馻nkrunFixhealth.sp::Event_PlayerDeath
L 01/07/2026 - 15:35:24: [SM] Exception reported: Invalid convar handle 0 (error 4)
L 01/07/2026 - 15:35:24: [SM] Blaming: 馻nkrunFixhealth.smx
L 01/07/2026 - 15:35:24: [SM] Call stack trace:
L 01/07/2026 - 15:35:24: [SM]   [0] GetConVarString
L 01/07/2026 - 15:35:24: [SM]   [1] Line 138, C:\Users\Moises\Downloads\Compressed\sourcemod-1.11.0-git6968-windows\addons\sourcemod\scripting\馻nkrunFixhealth.sp::IsTankRunActive
L 01/07/2026 - 15:35:24: [SM]   [2] Line 79, C:\Users\Moises\Downloads\Compressed\sourcemod-1.11.0-git6968-windows\addons\sourcemod\scripting\馻nkrunFixhealth.sp::Event_PlayerDeath
L 01/07/2026 - 15:35:24: [SM] Exception reported: Invalid convar handle 0 (error 4)
L 01/07/2026 - 15:35:24: [SM] Blaming: 馻nkrunFixhealth.smx
L 01/07/2026 - 15:35:24: [SM] Call stack trace:
L 01/07/2026 - 15:35:24: [SM]   [0] GetConVarString
L 01/07/2026 - 15:35:24: [SM]   [1] Line 138, C:\Users\Moises\Downloads\Compressed\sourcemod-1.11.0-git6968-windows\addons\sourcemod\scripting\馻nkrunFixhealth.sp::IsTankRunActive
L 01/07/2026 - 15:35:24: [SM]   [2] Line 79, C:\Users\Moises\Downloads\Compressed\sourcemod-1.11.0-git6968-windows\addons\sourcemod\scripting\馻nkrunFixhealth.sp::Event_PlayerDeath
L 01/07/2026 - 15:35:24: [SM] Exception reported: Invalid convar handle 0 (error 4)
L 01/07/2026 - 15:35:24: [SM] Blaming: 馻nkrunFixhealth.smx
L 01/07/2026 - 15:35:24: [SM] Call stack trace:
L 01/07/2026 - 15:35:24: [SM]   [0] GetConVarString
L 01/07/2026 - 15:35:24: [SM]   [1] Line 138, C:\Users\Moises\Downloads\Compressed\sourcemod-1.11.0-git6968-windows\addons\sourcemod\scripting\馻nkrunFixhealth.sp::IsTankRunActive
L 01/07/2026 - 15:35:24: [SM]   [2] Line 79, C:\Users\Moises\Downloads\Compressed\sourcemod-1.11.0-git6968-windows\addons\sourcemod\scripting\馻nkrunFixhealth.sp::Event_PlayerDeath
L 01/07/2026 - 15:35:24: [SM] Exception reported: Invalid convar handle 0 (error 4)
L 01/07/2026 - 15:35:24: [SM] Blaming: 馻nkrunFixhealth.smx
L 01/07/2026 - 15:35:24: [SM] Call stack trace:
L 01/07/2026 - 15:35:24: [SM]   [0] GetConVarString
L 01/07/2026 - 15:35:24: [SM]   [1] Line 138, C:\Users\Moises\Downloads\Compressed\sourcemod-1.11.0-git6968-windows\addons\sourcemod\scripting\馻nkrunFixhealth.sp::IsTankRunActive
L 01/07/2026 - 15:35:24: [SM]   [2] Line 79, C:\Users\Moises\Downloads\Compressed\sourcemod-1.11.0-git6968-windows\addons\sourcemod\scripting\馻nkrunFixhealth.sp::Event_PlayerDeath
L 01/07/2026 - 15:35:27: [SM] Exception reported: Invalid convar handle 0 (error 4)
L 01/07/2026 - 15:35:27: [SM] Blaming: 馻nkrunFixhealth.smx
L 01/07/2026 - 15:35:27: [SM] Call stack trace:
L 01/07/2026 - 15:35:27: [SM]   [0] GetConVarString
L 01/07/2026 - 15:35:27: [SM]   [1] Line 138, C:\Users\Moises\Downloads\Compressed\sourcemod-1.11.0-git6968-windows\addons\sourcemod\scripting\馻nkrunFixhealth.sp::IsTankRunActive
L 01/07/2026 - 15:35:27: [SM]   [2] Line 79, C:\Users\Moises\Downloads\Compressed\sourcemod-1.11.0-git6968-windows\addons\sourcemod\scripting\馻nkrunFixhealth.sp::Event_PlayerDeath
L 01/07/2026 - 15:35:29: [SM] Exception reported: Invalid convar handle 0 (error 4)
L 01/07/2026 - 15:35:29: [SM] Blaming: 馻nkrunFixhealth.smx
L 01/07/2026 - 15:35:29: [SM] Call stack trace:
L 01/07/2026 - 15:35:29: [SM]   [0] GetConVarString
L 01/07/2026 - 15:35:29: [SM]   [1] Line 138, C:\Users\Moises\Downloads\Compressed\sourcemod-1.11.0-git6968-windows\addons\sourcemod\scripting\馻nkrunFixhealth.sp::IsTankRunActive
L 01/07/2026 - 15:35:29: [SM]   [2] Line 36, C:\Users\Moises\Downloads\Compressed\sourcemod-1.11.0-git6968-windows\addons\sourcemod\scripting\馻nkrunFixhealth.sp::Timer_PeriodicCheck
L 01/07/2026 - 15:35:34: [SM] Exception reported: Invalid convar handle 0 (error 4)
L 01/07/2026 - 15:35:34: [SM] Blaming: 馻nkrunFixhealth.smx
L 01/07/2026 - 15:35:34: [SM] Call stack trace:
L 01/07/2026 - 15:35:34: [SM]   [0] GetConVarString
L 01/07/2026 - 15:35:34: [SM]   [1] Line 138, C:\Users\Moises\Downloads\Compressed\sourcemod-1.11.0-git6968-windows\addons\sourcemod\scripting\馻nkrunFixhealth.sp::IsTankRunActive
L 01/07/2026 - 15:35:34: [SM]   [2] Line 79, C:\Users\Moises\Downloads\Compressed\sourcemod-1.11.0-git6968-windows\addons\sourcemod\scripting\馻nkrunFixhealth.sp::Event_PlayerDeath
L 01/07/2026 - 15:35:35: [SM] Exception reported: Invalid convar handle 0 (error 4)
L 01/07/2026 - 15:35:35: [SM] Blaming: 馻nkrunFixhealth.smx
L 01/07/2026 - 15:35:35: [SM] Call stack trace:
L 01/07/2026 - 15:35:35: [SM]   [0] GetConVarString
L 01/07/2026 - 15:35:35: [SM]   [1] Line 138, C:\Users\Moises\Downloads\Compressed\sourcemod-1.11.0-git6968-windows\addons\sourcemod\scripting\馻nkrunFixhealth.sp::IsTankRunActive
L 01/07/2026 - 15:35:35: [SM]   [2] Line 79, C:\Users\Moises\Downloads\Compressed\sourcemod-1.11.0-git6968-windows\addons\sourcemod\scripting\馻nkrunFixhealth.sp::Event_PlayerDeath
L 01/07/2026 - 15:35:37: [SM] Exception reported: Invalid convar handle 0 (error 4)
L 01/07/2026 - 15:35:37: [SM] Blaming: 馻nkrunFixhealth.smx
L 01/07/2026 - 15:35:37: [SM] Call stack trace:
L 01/07/2026 - 15:35:37: [SM]   [0] GetConVarString
L 01/07/2026 - 15:35:37: [SM]   [1] Line 138, C:\Users\Moises\Downloads\Compressed\sourcemod-1.11.0-git6968-windows\addons\sourcemod\scripting\馻nkrunFixhealth.sp::IsTankRunActive
L 01/07/2026 - 15:35:37: [SM]   [2] Line 79, C:\Users\Moises\Downloads\Compressed\sourcemod-1.11.0-git6968-windows\addons\sourcemod\scripting\馻nkrunFixhealth.sp::Event_PlayerDeath
L 01/07/2026 - 15:35:37: [SM] Exception reported: Invalid convar handle 0 (error 4)
L 01/07/2026 - 15:35:37: [SM] Blaming: 馻nkrunFixhealth.smx
L 01/07/2026 - 15:35:37: [SM] Call stack trace:
L 01/07/2026 - 15:35:37: [SM]   [0] GetConVarString
L 01/07/2026 - 15:35:37: [SM]   [1] Line 138, C:\Users\Moises\Downloads\Compressed\sourcemod-1.11.0-git6968-windows\addons\sourcemod\scripting\馻nkrunFixhealth.sp::IsTankRunActive
L 01/07/2026 - 15:35:37: [SM]   [2] Line 79, C:\Users\Moises\Downloads\Compressed\sourcemod-1.11.0-git6968-windows\addons\sourcemod\scripting\馻nkrunFixhealth.sp::Event_PlayerDeath
L 01/07/2026 - 15:35:39: [SM] Exception reported: Invalid convar handle 0 (error 4)
L 01/07/2026 - 15:35:39: [SM] Blaming: 馻nkrunFixhealth.smx
L 01/07/2026 - 15:35:39: [SM] Call stack trace:
L 01/07/2026 - 15:35:39: [SM]   [0] GetConVarString
L 01/07/2026 - 15:35:39: [SM]   [1] Line 138, C:\Users\Moises\Downloads\Compressed\sourcemod-1.11.0-git6968-windows\addons\sourcemod\scripting\馻nkrunFixhealth.sp::IsTankRunActive
L 01/07/2026 - 15:35:39: [SM]   [2] Line 36, C:\Users\Moises\Downloads\Compressed\sourcemod-1.11.0-git6968-windows\addons\sourcemod\scripting\馻nkrunFixhealth.sp::Timer_PeriodicCheck
L 01/07/2026 - 15:35:41: [SM] Exception reported: Invalid convar handle 0 (error 4)
L 01/07/2026 - 15:35:41: [SM] Blaming: 馻nkrunFixhealth.smx
L 01/07/2026 - 15:35:41: [SM] Call stack trace:
L 01/07/2026 - 15:35:41: [SM]   [0] GetConVarString
L 01/07/2026 - 15:35:41: [SM]   [1] Line 138, C:\Users\Moises\Downloads\Compressed\sourcemod-1.11.0-git6968-windows\addons\sourcemod\scripting\馻nkrunFixhealth.sp::IsTankRunActive
L 01/07/2026 - 15:35:41: [SM]   [2] Line 79, C:\Users\Moises\Downloads\Compressed\sourcemod-1.11.0-git6968-windows\addons\sourcemod\scripting\馻nkrunFixhealth.sp::Event_PlayerDeath
L 01/07/2026 - 15:35:43: [SM] Exception reported: Invalid timer handle c0400429 (error 3)
L 01/07/2026 - 15:35:43: [SM] Blaming: l4d2_playerjoining_v2.smx
L 01/07/2026 - 15:35:43: [SM] Call stack trace:
L 01/07/2026 - 15:35:43: [SM]   [0] KillTimer
L 01/07/2026 - 15:35:43: [SM]   [1] Line 53, C:\Users\Moises\Downloads\Compressed\sourcemod-1.11.0-git6968-windows\addons\sourcemod\scripting\l4d2_playerjoining_v2.sp::OnClientDisconnect
L 01/07/2026 - 15:35:43: [SM] Exception reported: Invalid convar handle 0 (error 4)
L 01/07/2026 - 15:35:43: [SM] Blaming: 馻nkrunFixhealth.smx
L 01/07/2026 - 15:35:43: [SM] Call stack trace:
L 01/07/2026 - 15:35:43: [SM]   [0] GetConVarString
L 01/07/2026 - 15:35:43: [SM]   [1] Line 138, C:\Users\Moises\Downloads\Compressed\sourcemod-1.11.0-git6968-windows\addons\sourcemod\scripting\馻nkrunFixhealth.sp::IsTankRunActive
L 01/07/2026 - 15:35:43: [SM]   [2] Line 79, C:\Users\Moises\Downloads\Compressed\sourcemod-1.11.0-git6968-windows\addons\sourcemod\scripting\馻nkrunFixhealth.sp::Event_PlayerDeath
L 01/07/2026 - 15:35:47: [SM] Exception reported: Invalid convar handle 0 (error 4)
L 01/07/2026 - 15:35:47: [SM] Blaming: 馻nkrunFixhealth.smx
L 01/07/2026 - 15:35:47: [SM] Call stack trace:
L 01/07/2026 - 15:35:47: [SM]   [0] GetConVarString
L 01/07/2026 - 15:35:47: [SM]   [1] Line 138, C:\Users\Moises\Downloads\Compressed\sourcemod-1.11.0-git6968-windows\addons\sourcemod\scripting\馻nkrunFixhealth.sp::IsTankRunActive
L 01/07/2026 - 15:35:47: [SM]   [2] Line 79, C:\Users\Moises\Downloads\Compressed\sourcemod-1.11.0-git6968-windows\addons\sourcemod\scripting\馻nkrunFixhealth.sp::Event_PlayerDeath
L 01/07/2026 - 15:35:48: [SM] Exception reported: Invalid convar handle 0 (error 4)
L 01/07/2026 - 15:35:48: [SM] Blaming: 馻nkrunFixhealth.smx
L 01/07/2026 - 15:35:48: [SM] Call stack trace:
L 01/07/2026 - 15:35:48: [SM]   [0] GetConVarString
L 01/07/2026 - 15:35:48: [SM]   [1] Line 138, C:\Users\Moises\Downloads\Compressed\sourcemod-1.11.0-git6968-windows\addons\sourcemod\scripting\馻nkrunFixhealth.sp::IsTankRunActive
L 01/07/2026 - 15:35:48: [SM]   [2] Line 79, C:\Users\Moises\Downloads\Compressed\sourcemod-1.11.0-git6968-windows\addons\sourcemod\scripting\馻nkrunFixhealth.sp::Event_PlayerDeath
L 01/07/2026 - 15:35:49: [SM] Exception reported: Invalid convar handle 0 (error 4)
L 01/07/2026 - 15:35:49: [SM] Blaming: 馻nkrunFixhealth.smx
L 01/07/2026 - 15:35:49: [SM] Call stack trace:
L 01/07/2026 - 15:35:49: [SM]   [0] GetConVarString
L 01/07/2026 - 15:35:49: [SM]   [1] Line 138, C:\Users\Moises\Downloads\Compressed\sourcemod-1.11.0-git6968-windows\addons\sourcemod\scripting\馻nkrunFixhealth.sp::IsTankRunActive
L 01/07/2026 - 15:35:49: [SM]   [2] Line 79, C:\Users\Moises\Downloads\Compressed\sourcemod-1.11.0-git6968-windows\addons\sourcemod\scripting\馻nkrunFixhealth.sp::Event_PlayerDeath
L 01/07/2026 - 15:35:49: [SM] Exception reported: Invalid convar handle 0 (error 4)
L 01/07/2026 - 15:35:49: [SM] Blaming: 馻nkrunFixhealth.smx
L 01/07/2026 - 15:35:49: [SM] Call stack trace:
L 01/07/2026 - 15:35:49: [SM]   [0] GetConVarString
L 01/07/2026 - 15:35:49: [SM]   [1] Line 138, C:\Users\Moises\Downloads\Compressed\sourcemod-1.11.0-git6968-windows\addons\sourcemod\scripting\馻nkrunFixhealth.sp::IsTankRunActive
L 01/07/2026 - 15:35:49: [SM]   [2] Line 36, C:\Users\Moises\Downloads\Compressed\sourcemod-1.11.0-git6968-windows\addons\sourcemod\scripting\馻nkrunFixhealth.sp::Timer_PeriodicCheck
L 01/07/2026 - 15:35:51: [SM] Exception reported: Invalid convar handle 0 (error 4)
L 01/07/2026 - 15:35:51: [SM] Blaming: 馻nkrunFixhealth.smx
L 01/07/2026 - 15:35:51: [SM] Call stack trace:
L 01/07/2026 - 15:35:51: [SM]   [0] GetConVarString
L 01/07/2026 - 15:35:51: [SM]   [1] Line 138, C:\Users\Moises\Downloads\Compressed\sourcemod-1.11.0-git6968-windows\addons\sourcemod\scripting\馻nkrunFixhealth.sp::IsTankRunActive
L 01/07/2026 - 15:35:51: [SM]   [2] Line 79, C:\Users\Moises\Downloads\Compressed\sourcemod-1.11.0-git6968-windows\addons\sourcemod\scripting\馻nkrunFixhealth.sp::Event_PlayerDeath
L 01/07/2026 - 15:35:58: [SM] Exception reported: Invalid convar handle 0 (error 4)
L 01/07/2026 - 15:35:58: [SM] Blaming: 馻nkrunFixhealth.smx
L 01/07/2026 - 15:35:58: [SM] Call stack trace:
L 01/07/2026 - 15:35:58: [SM]   [0] GetConVarString
L 01/07/2026 - 15:35:58: [SM]   [1] Line 138, C:\Users\Moises\Downloads\Compressed\sourcemod-1.11.0-git6968-windows\addons\sourcemod\scripting\馻nkrunFixhealth.sp::IsTankRunActive
L 01/07/2026 - 15:35:58: [SM]   [2] Line 79, C:\Users\Moises\Downloads\Compressed\sourcemod-1.11.0-git6968-windows\addons\sourcemod\scripting\馻nkrunFixhealth.sp::Event_PlayerDeath
L 01/07/2026 - 15:35:59: [SM] Exception reported: Invalid convar handle 0 (error 4)
L 01/07/2026 - 15:35:59: [SM] Blaming: 馻nkrunFixhealth.smx
L 01/07/2026 - 15:35:59: [SM] Call stack trace:
L 01/07/2026 - 15:35:59: [SM]   [0] GetConVarString
L 01/07/2026 - 15:35:59: [SM]   [1] Line 138, C:\Users\Moises\Downloads\Compressed\sourcemod-1.11.0-git6968-windows\addons\sourcemod\scripting\馻nkrunFixhealth.sp::IsTankRunActive
L 01/07/2026 - 15:35:59: [SM]   [2] Line 79, C:\Users\Moises\Downloads\Compressed\sourcemod-1.11.0-git6968-windows\addons\sourcemod\scripting\馻nkrunFixhealth.sp::Event_PlayerDeath
L 01/07/2026 - 15:35:59: [SM] Exception reported: Invalid convar handle 0 (error 4)
L 01/07/2026 - 15:35:59: [SM] Blaming: 馻nkrunFixhealth.smx
L 01/07/2026 - 15:35:59: [SM] Call stack trace:
L 01/07/2026 - 15:35:59: [SM]   [0] GetConVarString
L 01/07/2026 - 15:35:59: [SM]   [1] Line 138, C:\Users\Moises\Downloads\Compressed\sourcemod-1.11.0-git6968-windows\addons\sourcemod\scripting\馻nkrunFixhealth.sp::IsTankRunActive
L 01/07/2026 - 15:35:59: [SM]   [2] Line 79, C:\Users\Moises\Downloads\Compressed\sourcemod-1.11.0-git6968-windows\addons\sourcemod\scripting\馻nkrunFixhealth.sp::Event_PlayerDeath
L 01/07/2026 - 15:35:59: [SM] Exception reported: Invalid convar handle 0 (error 4)
L 01/07/2026 - 15:35:59: [SM] Blaming: 馻nkrunFixhealth.smx
L 01/07/2026 - 15:35:59: [SM] Call stack trace:
L 01/07/2026 - 15:35:59: [SM]   [0] GetConVarString
L 01/07/2026 - 15:35:59: [SM]   [1] Line 138, C:\Users\Moises\Downloads\Compressed\sourcemod-1.11.0-git6968-windows\addons\sourcemod\scripting\馻nkrunFixhealth.sp::IsTankRunActive
L 01/07/2026 - 15:35:59: [SM]   [2] Line 36, C:\Users\Moises\Downloads\Compressed\sourcemod-1.11.0-git6968-windows\addons\sourcemod\scripting\馻nkrunFixhealth.sp::Timer_PeriodicCheck
L 01/07/2026 - 15:36:00: [SM] Exception reported: Invalid convar handle 0 (error 4)
L 01/07/2026 - 15:36:00: [SM] Blaming: 馻nkrunFixhealth.smx
L 01/07/2026 - 15:36:00: [SM] Call stack trace:
L 01/07/2026 - 15:36:00: [SM]   [0] GetConVarString
L 01/07/2026 - 15:36:00: [SM]   [1] Line 138, C:\Users\Moises\Downloads\Compressed\sourcemod-1.11.0-git6968-windows\addons\sourcemod\scripting\馻nkrunFixhealth.sp::IsTankRunActive
L 01/07/2026 - 15:36:00: [SM]   [2] Line 79, C:\Users\Moises\Downloads\Compressed\sourcemod-1.11.0-git6968-windows\addons\sourcemod\scripting\馻nkrunFixhealth.sp::Event_PlayerDeath
L 01/07/2026 - 15:36:03: [SM] Exception reported: Invalid timer handle c0400429 (error 3)
L 01/07/2026 - 15:36:03: [SM] Blaming: l4d2_playerjoining_v2.smx
L 01/07/2026 - 15:36:03: [SM] Call stack trace:
L 01/07/2026 - 15:36:03: [SM]   [0] KillTimer
L 01/07/2026 - 15:36:03: [SM]   [1] Line 53, C:\Users\Moises\Downloads\Compressed\sourcemod-1.11.0-git6968-windows\addons\sourcemod\scripting\l4d2_playerjoining_v2.sp::OnClientDisconnect
L 01/07/2026 - 15:36:03: [SM] Exception reported: Invalid convar handle 0 (error 4)
L 01/07/2026 - 15:36:03: [SM] Blaming: 馻nkrunFixhealth.smx
L 01/07/2026 - 15:36:03: [SM] Call stack trace:
L 01/07/2026 - 15:36:03: [SM]   [0] GetConVarString
L 01/07/2026 - 15:36:03: [SM]   [1] Line 138, C:\Users\Moises\Downloads\Compressed\sourcemod-1.11.0-git6968-windows\addons\sourcemod\scripting\馻nkrunFixhealth.sp::IsTankRunActive
L 01/07/2026 - 15:36:03: [SM]   [2] Line 79, C:\Users\Moises\Downloads\Compressed\sourcemod-1.11.0-git6968-windows\addons\sourcemod\scripting\馻nkrunFixhealth.sp::Event_PlayerDeath
L 01/07/2026 - 15:36:07: [SM] Exception reported: Invalid convar handle 0 (error 4)
L 01/07/2026 - 15:36:07: [SM] Blaming: 馻nkrunFixhealth.smx
L 01/07/2026 - 15:36:07: [SM] Call stack trace:
L 01/07/2026 - 15:36:07: [SM]   [0] GetConVarString
L 01/07/2026 - 15:36:07: [SM]   [1] Line 138, C:\Users\Moises\Downloads\Compressed\sourcemod-1.11.0-git6968-windows\addons\sourcemod\scripting\馻nkrunFixhealth.sp::IsTankRunActive
L 01/07/2026 - 15:36:07: [SM]   [2] Line 79, C:\Users\Moises\Downloads\Compressed\sourcemod-1.11.0-git6968-windows\addons\sourcemod\scripting\馻nkrunFixhealth.sp::Event_PlayerDeath
L 01/07/2026 - 15:36:09: [SM] Exception reported: Invalid convar handle 0 (error 4)
L 01/07/2026 - 15:36:09: [SM] Blaming: 馻nkrunFixhealth.smx
L 01/07/2026 - 15:36:09: [SM] Call stack trace:
L 01/07/2026 - 15:36:09: [SM]   [0] GetConVarString
L 01/07/2026 - 15:36:09: [SM]   [1] Line 138, C:\Users\Moises\Downloads\Compressed\sourcemod-1.11.0-git6968-windows\addons\sourcemod\scripting\馻nkrunFixhealth.sp::IsTankRunActive
L 01/07/2026 - 15:36:09: [SM]   [2] Line 79, C:\Users\Moises\Downloads\Compressed\sourcemod-1.11.0-git6968-windows\addons\sourcemod\scripting\馻nkrunFixhealth.sp::Event_PlayerDeath
L 01/07/2026 - 15:36:09: [SM] Exception reported: Invalid convar handle 0 (error 4)
L 01/07/2026 - 15:36:09: [SM] Blaming: 馻nkrunFixhealth.smx
L 01/07/2026 - 15:36:09: [SM] Call stack trace:
L 01/07/2026 - 15:36:09: [SM]   [0] GetConVarString
L 01/07/2026 - 15:36:09: [SM]   [1] Line 138, C:\Users\Moises\Downloads\Compressed\sourcemod-1.11.0-git6968-windows\addons\sourcemod\scripting\馻nkrunFixhealth.sp::IsTankRunActive
L 01/07/2026 - 15:36:09: [SM]   [2] Line 36, C:\Users\Moises\Downloads\Compressed\sourcemod-1.11.0-git6968-windows\addons\sourcemod\scripting\馻nkrunFixhealth.sp::Timer_PeriodicCheck
L 01/07/2026 - 15:36:11: [SM] Exception reported: Invalid convar handle 0 (error 4)
L 01/07/2026 - 15:36:11: [SM] Blaming: 馻nkrunFixhealth.smx
L 01/07/2026 - 15:36:11: [SM] Call stack trace:
L 01/07/2026 - 15:36:11: [SM]   [0] GetConVarString
L 01/07/2026 - 15:36:11: [SM]   [1] Line 138, C:\Users\Moises\Downloads\Compressed\sourcemod-1.11.0-git6968-windows\addons\sourcemod\scripting\馻nkrunFixhealth.sp::IsTankRunActive
L 01/07/2026 - 15:36:11: [SM]   [2] Line 79, C:\Users\Moises\Downloads\Compressed\sourcemod-1.11.0-git6968-windows\addons\sourcemod\scripting\馻nkrunFixhealth.sp::Event_PlayerDeath
L 01/07/2026 - 15:36:11: [SM] Exception reported: Invalid convar handle 0 (error 4)
L 01/07/2026 - 15:36:11: [SM] Blaming: 馻nkrunFixhealth.smx
L 01/07/2026 - 15:36:11: [SM] Call stack trace:
L 01/07/2026 - 15:36:11: [SM]   [0] GetConVarString
L 01/07/2026 - 15:36:11: [SM]   [1] Line 138, C:\Users\Moises\Downloads\Compressed\sourcemod-1.11.0-git6968-windows\addons\sourcemod\scripting\馻nkrunFixhealth.sp::IsTankRunActive
L 01/07/2026 - 15:36:11: [SM]   [2] Line 79, C:\Users\Moises\Downloads\Compressed\sourcemod-1.11.0-git6968-windows\addons\sourcemod\scripting\馻nkrunFixhealth.sp::Event_PlayerDeath
L 01/07/2026 - 15:36:11: [SM] Exception reported: Invalid convar handle 0 (error 4)
L 01/07/2026 - 15:36:11: [SM] Blaming: 馻nkrunFixhealth.smx
L 01/07/2026 - 15:36:11: [SM] Call stack trace:
L 01/07/2026 - 15:36:11: [SM]   [0] GetConVarString
L 01/07/2026 - 15:36:11: [SM]   [1] Line 138, C:\Users\Moises\Downloads\Compressed\sourcemod-1.11.0-git6968-windows\addons\sourcemod\scripting\馻nkrunFixhealth.sp::IsTankRunActive
L 01/07/2026 - 15:36:11: [SM]   [2] Line 79, C:\Users\Moises\Downloads\Compressed\sourcemod-1.11.0-git6968-windows\addons\sourcemod\scripting\馻nkrunFixhealth.sp::Event_PlayerDeath
L 01/07/2026 - 15:36:11: [SM] Exception reported: Invalid convar handle 0 (error 4)
L 01/07/2026 - 15:36:11: [SM] Blaming: 馻nkrunFixhealth.smx
L 01/07/2026 - 15:36:11: [SM] Call stack trace:
L 01/07/2026 - 15:36:11: [SM]   [0] GetConVarString
L 01/07/2026 - 15:36:11: [SM]   [1] Line 138, C:\Users\Moises\Downloads\Compressed\sourcemod-1.11.0-git6968-windows\addons\sourcemod\scripting\馻nkrunFixhealth.sp::IsTankRunActive
L 01/07/2026 - 15:36:11: [SM]   [2] Line 79, C:\Users\Moises\Downloads\Compressed\sourcemod-1.11.0-git6968-windows\addons\sourcemod\scripting\馻nkrunFixhealth.sp::Event_PlayerDeath
L 01/07/2026 - 15:36:11: [SM] Exception reported: Invalid convar handle 0 (error 4)
L 01/07/2026 - 15:36:11: [SM] Blaming: 馻nkrunFixhealth.smx
L 01/07/2026 - 15:36:11: [SM] Call stack trace:
L 01/07/2026 - 15:36:11: [SM]   [0] GetConVarString
L 01/07/2026 - 15:36:11: [SM]   [1] Line 138, C:\Users\Moises\Downloads\Compressed\sourcemod-1.11.0-git6968-windows\addons\sourcemod\scripting\馻nkrunFixhealth.sp::IsTankRunActive
L 01/07/2026 - 15:36:11: [SM]   [2] Line 79, C:\Users\Moises\Downloads\Compressed\sourcemod-1.11.0-git6968-windows\addons\sourcemod\scripting\馻nkrunFixhealth.sp::Event_PlayerDeath
L 01/07/2026 - 15:36:14: [SM] Exception reported: Invalid convar handle 0 (error 4)
L 01/07/2026 - 15:36:14: [SM] Blaming: 馻nkrunFixhealth.smx
L 01/07/2026 - 15:36:14: [SM] Call stack trace:
L 01/07/2026 - 15:36:14: [SM]   [0] GetConVarString
L 01/07/2026 - 15:36:14: [SM]   [1] Line 138, C:\Users\Moises\Downloads\Compressed\sourcemod-1.11.0-git6968-windows\addons\sourcemod\scripting\馻nkrunFixhealth.sp::IsTankRunActive
L 01/07/2026 - 15:36:14: [SM]   [2] Line 79, C:\Users\Moises\Downloads\Compressed\sourcemod-1.11.0-git6968-windows\addons\sourcemod\scripting\馻nkrunFixhealth.sp::Event_PlayerDeath
L 01/07/2026 - 15:36:16: [SM] Exception reported: Invalid convar handle 0 (error 4)
L 01/07/2026 - 15:36:16: [SM] Blaming: 馻nkrunFixhealth.smx
L 01/07/2026 - 15:36:16: [SM] Call stack trace:
L 01/07/2026 - 15:36:16: [SM]   [0] GetConVarString
L 01/07/2026 - 15:36:16: [SM]   [1] Line 138, C:\Users\Moises\Downloads\Compressed\sourcemod-1.11.0-git6968-windows\addons\sourcemod\scripting\馻nkrunFixhealth.sp::IsTankRunActive
L 01/07/2026 - 15:36:16: [SM]   [2] Line 79, C:\Users\Moises\Downloads\Compressed\sourcemod-1.11.0-git6968-windows\addons\sourcemod\scripting\馻nkrunFixhealth.sp::Event_PlayerDeath
L 01/07/2026 - 15:36:16: [SM] Exception reported: Invalid convar handle 0 (error 4)
L 01/07/2026 - 15:36:16: [SM] Blaming: 馻nkrunFixhealth.smx
L 01/07/2026 - 15:36:16: [SM] Call stack trace:
L 01/07/2026 - 15:36:16: [SM]   [0] GetConVarString
L 01/07/2026 - 15:36:16: [SM]   [1] Line 138, C:\Users\Moises\Downloads\Compressed\sourcemod-1.11.0-git6968-windows\addons\sourcemod\scripting\馻nkrunFixhealth.sp::IsTankRunActive
L 01/07/2026 - 15:36:16: [SM]   [2] Line 79, C:\Users\Moises\Downloads\Compressed\sourcemod-1.11.0-git6968-windows\addons\sourcemod\scripting\馻nkrunFixhealth.sp::Event_PlayerDeath
L 01/07/2026 - 15:36:18: [SM] Exception reported: Invalid timer handle c0400429 (error 3)
L 01/07/2026 - 15:36:18: [SM] Blaming: l4d2_playerjoining_v2.smx
L 01/07/2026 - 15:36:18: [SM] Call stack trace:
L 01/07/2026 - 15:36:18: [SM]   [0] KillTimer
L 01/07/2026 - 15:36:18: [SM]   [1] Line 53, C:\Users\Moises\Downloads\Compressed\sourcemod-1.11.0-git6968-windows\addons\sourcemod\scripting\l4d2_playerjoining_v2.sp::OnClientDisconnect
L 01/07/2026 - 15:36:18: [SM] Exception reported: Invalid convar handle 0 (error 4)
L 01/07/2026 - 15:36:18: [SM] Blaming: 馻nkrunFixhealth.smx
L 01/07/2026 - 15:36:18: [SM] Call stack trace:
L 01/07/2026 - 15:36:18: [SM]   [0] GetConVarString
L 01/07/2026 - 15:36:18: [SM]   [1] Line 138, C:\Users\Moises\Downloads\Compressed\sourcemod-1.11.0-git6968-windows\addons\sourcemod\scripting\馻nkrunFixhealth.sp::IsTankRunActive
L 01/07/2026 - 15:36:18: [SM]   [2] Line 79, C:\Users\Moises\Downloads\Compressed\sourcemod-1.11.0-git6968-windows\addons\sourcemod\scripting\馻nkrunFixhealth.sp::Event_PlayerDeath
L 01/07/2026 - 15:36:19: [SM] Exception reported: Invalid convar handle 0 (error 4)
L 01/07/2026 - 15:36:19: [SM] Blaming: 馻nkrunFixhealth.smx
L 01/07/2026 - 15:36:19: [SM] Call stack trace:
L 01/07/2026 - 15:36:19: [SM]   [0] GetConVarString
L 01/07/2026 - 15:36:19: [SM]   [1] Line 138, C:\Users\Moises\Downloads\Compressed\sourcemod-1.11.0-git6968-windows\addons\sourcemod\scripting\馻nkrunFixhealth.sp::IsTankRunActive
L 01/07/2026 - 15:36:19: [SM]   [2] Line 79, C:\Users\Moises\Downloads\Compressed\sourcemod-1.11.0-git6968-windows\addons\sourcemod\scripting\馻nkrunFixhealth.sp::Event_PlayerDeath
L 01/07/2026 - 15:36:19: [SM] Exception reported: Invalid convar handle 0 (error 4)
L 01/07/2026 - 15:36:19: [SM] Blaming: 馻nkrunFixhealth.smx
L 01/07/2026 - 15:36:19: [SM] Call stack trace:
L 01/07/2026 - 15:36:19: [SM]   [0] GetConVarString
L 01/07/2026 - 15:36:19: [SM]   [1] Line 138, C:\Users\Moises\Downloads\Compressed\sourcemod-1.11.0-git6968-windows\addons\sourcemod\scripting\馻nkrunFixhealth.sp::IsTankRunActive
L 01/07/2026 - 15:36:19: [SM]   [2] Line 36, C:\Users\Moises\Downloads\Compressed\sourcemod-1.11.0-git6968-windows\addons\sourcemod\scripting\馻nkrunFixhealth.sp::Timer_PeriodicCheck
L 01/07/2026 - 15:36:25: [SM] Exception reported: Language phrase "Too many survivors, unbalance" not found (arg 5)
L 01/07/2026 - 15:36:25: [SM] Blaming: l4dmultislots.smx
L 01/07/2026 - 15:36:25: [SM] Call stack trace:
L 01/07/2026 - 15:36:25: [SM]   [0] PrintHintText
L 01/07/2026 - 15:36:25: [SM]   [1] Line 816, d:\Github\Private-Work\L4D2-鎻掍欢\scripting_1.11\l4dmultislots.sp::JoinTeam_VSCommandBalance
L 01/07/2026 - 15:36:25: [SM] Exception reported: Invalid convar handle 0 (error 4)
L 01/07/2026 - 15:36:25: [SM] Blaming: 馻nkrunFixhealth.smx
L 01/07/2026 - 15:36:25: [SM] Call stack trace:
L 01/07/2026 - 15:36:25: [SM]   [0] GetConVarString
L 01/07/2026 - 15:36:25: [SM]   [1] Line 138, C:\Users\Moises\Downloads\Compressed\sourcemod-1.11.0-git6968-windows\addons\sourcemod\scripting\馻nkrunFixhealth.sp::IsTankRunActive
L 01/07/2026 - 15:36:25: [SM]   [2] Line 79, C:\Users\Moises\Downloads\Compressed\sourcemod-1.11.0-git6968-windows\addons\sourcemod\scripting\馻nkrunFixhealth.sp::Event_PlayerDeath
L 01/07/2026 - 15:36:28: [SM] Exception reported: Invalid convar handle 0 (error 4)
L 01/07/2026 - 15:36:28: [SM] Blaming: 馻nkrunFixhealth.smx
L 01/07/2026 - 15:36:28: [SM] Call stack trace:
L 01/07/2026 - 15:36:28: [SM]   [0] GetConVarString
L 01/07/2026 - 15:36:28: [SM]   [1] Line 138, C:\Users\Moises\Downloads\Compressed\sourcemod-1.11.0-git6968-windows\addons\sourcemod\scripting\馻nkrunFixhealth.sp::IsTankRunActive
L 01/07/2026 - 15:36:28: [SM]   [2] Line 79, C:\Users\Moises\Downloads\Compressed\sourcemod-1.11.0-git6968-windows\addons\sourcemod\scripting\馻nkrunFixhealth.sp::Event_PlayerDeath
L 01/07/2026 - 15:36:29: [SM] Exception reported: Invalid convar handle 0 (error 4)
L 01/07/2026 - 15:36:29: [SM] Blaming: 馻nkrunFixhealth.smx
L 01/07/2026 - 15:36:29: [SM] Call stack trace:
L 01/07/2026 - 15:36:29: [SM]   [0] GetConVarString
L 01/07/2026 - 15:36:29: [SM]   [1] Line 138, C:\Users\Moises\Downloads\Compressed\sourcemod-1.11.0-git6968-windows\addons\sourcemod\scripting\馻nkrunFixhealth.sp::IsTankRunActive
L 01/07/2026 - 15:36:29: [SM]   [2] Line 36, C:\Users\Moises\Downloads\Compressed\sourcemod-1.11.0-git6968-windows\addons\sourcemod\scripting\馻nkrunFixhealth.sp::Timer_PeriodicCheck
L 01/07/2026 - 15:36:32: [SM] Exception reported: Invalid timer handle 71800425 (error 3)
L 01/07/2026 - 15:36:32: [SM] Blaming: l4d2_playerjoining_v2.smx
L 01/07/2026 - 15:36:32: [SM] Call stack trace:
L 01/07/2026 - 15:36:32: [SM]   [0] KillTimer
L 01/07/2026 - 15:36:32: [SM]   [1] Line 53, C:\Users\Moises\Downloads\Compressed\sourcemod-1.11.0-git6968-windows\addons\sourcemod\scripting\l4d2_playerjoining_v2.sp::OnClientDisconnect
L 01/07/2026 - 15:36:39: [SM] Exception reported: Invalid convar handle 0 (error 4)
L 01/07/2026 - 15:36:39: [SM] Blaming: 馻nkrunFixhealth.smx
L 01/07/2026 - 15:36:39: [SM] Call stack trace:
L 01/07/2026 - 15:36:39: [SM]   [0] GetConVarString
L 01/07/2026 - 15:36:39: [SM]   [1] Line 138, C:\Users\Moises\Downloads\Compressed\sourcemod-1.11.0-git6968-windows\addons\sourcemod\scripting\馻nkrunFixhealth.sp::IsTankRunActive
L 01/07/2026 - 15:36:39: [SM]   [2] Line 36, C:\Users\Moises\Downloads\Compressed\sourcemod-1.11.0-git6968-windows\addons\sourcemod\scripting\馻nkrunFixhealth.sp::Timer_PeriodicCheck
L 01/07/2026 - 15:36:49: [SM] Exception reported: Invalid convar handle 0 (error 4)
L 01/07/2026 - 15:36:49: [SM] Blaming: 馻nkrunFixhealth.smx
L 01/07/2026 - 15:36:49: [SM] Call stack trace:
L 01/07/2026 - 15:36:49: [SM]   [0] GetConVarString
L 01/07/2026 - 15:36:49: [SM]   [1] Line 138, C:\Users\Moises\Downloads\Compressed\sourcemod-1.11.0-git6968-windows\addons\sourcemod\scripting\馻nkrunFixhealth.sp::IsTankRunActive
L 01/07/2026 - 15:36:49: [SM]   [2] Line 36, C:\Users\Moises\Downloads\Compressed\sourcemod-1.11.0-git6968-windows\addons\sourcemod\scripting\馻nkrunFixhealth.sp::Timer_PeriodicCheck
L 01/07/2026 - 15:36:55: [SM] Exception reported: Invalid convar handle 0 (error 4)
L 01/07/2026 - 15:36:55: [SM] Blaming: 馻nkrunFixhealth.smx
L 01/07/2026 - 15:36:55: [SM] Call stack trace:
L 01/07/2026 - 15:36:55: [SM]   [0] GetConVarString
L 01/07/2026 - 15:36:55: [SM]   [1] Line 138, C:\Users\Moises\Downloads\Compressed\sourcemod-1.11.0-git6968-windows\addons\sourcemod\scripting\馻nkrunFixhealth.sp::IsTankRunActive
L 01/07/2026 - 15:36:55: [SM]   [2] Line 79, C:\Users\Moises\Downloads\Compressed\sourcemod-1.11.0-git6968-windows\addons\sourcemod\scripting\馻nkrunFixhealth.sp::Event_PlayerDeath
L 01/07/2026 - 15:36:59: [SM] Exception reported: Invalid convar handle 0 (error 4)
L 01/07/2026 - 15:36:59: [SM] Blaming: 馻nkrunFixhealth.smx
L 01/07/2026 - 15:36:59: [SM] Call stack trace:
L 01/07/2026 - 15:36:59: [SM]   [0] GetConVarString
L 01/07/2026 - 15:36:59: [SM]   [1] Line 138, C:\Users\Moises\Downloads\Compressed\sourcemod-1.11.0-git6968-windows\addons\sourcemod\scripting\馻nkrunFixhealth.sp::IsTankRunActive
L 01/07/2026 - 15:36:59: [SM]   [2] Line 36, C:\Users\Moises\Downloads\Compressed\sourcemod-1.11.0-git6968-windows\addons\sourcemod\scripting\馻nkrunFixhealth.sp::Timer_PeriodicCheck
L 01/07/2026 - 15:37:04: [SM] Exception reported: Invalid convar handle 0 (error 4)
L 01/07/2026 - 15:37:04: [SM] Blaming: 馻nkrunFixhealth.smx
L 01/07/2026 - 15:37:04: [SM] Call stack trace:
L 01/07/2026 - 15:37:04: [SM]   [0] GetConVarString
L 01/07/2026 - 15:37:04: [SM]   [1] Line 138, C:\Users\Moises\Downloads\Compressed\sourcemod-1.11.0-git6968-windows\addons\sourcemod\scripting\馻nkrunFixhealth.sp::IsTankRunActive
L 01/07/2026 - 15:37:04: [SM]   [2] Line 79, C:\Users\Moises\Downloads\Compressed\sourcemod-1.11.0-git6968-windows\addons\sourcemod\scripting\馻nkrunFixhealth.sp::Event_PlayerDeath
L 01/07/2026 - 15:37:05: [SM] Exception reported: Invalid convar handle 0 (error 4)
L 01/07/2026 - 15:37:05: [SM] Blaming: 馻nkrunFixhealth.smx
L 01/07/2026 - 15:37:05: [SM] Call stack trace:
L 01/07/2026 - 15:37:05: [SM]   [0] GetConVarString
L 01/07/2026 - 15:37:05: [SM]   [1] Line 138, C:\Users\Moises\Downloads\Compressed\sourcemod-1.11.0-git6968-windows\addons\sourcemod\scripting\馻nkrunFixhealth.sp::IsTankRunActive
L 01/07/2026 - 15:37:05: [SM]   [2] Line 79, C:\Users\Moises\Downloads\Compressed\sourcemod-1.11.0-git6968-windows\addons\sourcemod\scripting\馻nkrunFixhealth.sp::Event_PlayerDeath
L 01/07/2026 - 15:37:09: [SM] Exception reported: Invalid convar handle 0 (error 4)
L 01/07/2026 - 15:37:09: [SM] Blaming: 馻nkrunFixhealth.smx
L 01/07/2026 - 15:37:09: [SM] Call stack trace:
L 01/07/2026 - 15:37:09: [SM]   [0] GetConVarString
L 01/07/2026 - 15:37:09: [SM]   [1] Line 138, C:\Users\Moises\Downloads\Compressed\sourcemod-1.11.0-git6968-windows\addons\sourcemod\scripting\馻nkrunFixhealth.sp::IsTankRunActive
L 01/07/2026 - 15:37:09: [SM]   [2] Line 36, C:\Users\Moises\Downloads\Compressed\sourcemod-1.11.0-git6968-windows\addons\sourcemod\scripting\馻nkrunFixhealth.sp::Timer_PeriodicCheck
L 01/07/2026 - 15:37:16: [SM] Exception reported: Invalid convar handle 0 (error 4)
L 01/07/2026 - 15:37:16: [SM] Blaming: 馻nkrunFixhealth.smx
L 01/07/2026 - 15:37:16: [SM] Call stack trace:
L 01/07/2026 - 15:37:16: [SM]   [0] GetConVarString
L 01/07/2026 - 15:37:16: [SM]   [1] Line 138, C:\Users\Moises\Downloads\Compressed\sourcemod-1.11.0-git6968-windows\addons\sourcemod\scripting\馻nkrunFixhealth.sp::IsTankRunActive
L 01/07/2026 - 15:37:16: [SM]   [2] Line 79, C:\Users\Moises\Downloads\Compressed\sourcemod-1.11.0-git6968-windows\addons\sourcemod\scripting\馻nkrunFixhealth.sp::Event_PlayerDeath
L 01/07/2026 - 15:37:18: [SM] Exception reported: Invalid convar handle 0 (error 4)
L 01/07/2026 - 15:37:18: [SM] Blaming: 馻nkrunFixhealth.smx
L 01/07/2026 - 15:37:18: [SM] Call stack trace:
L 01/07/2026 - 15:37:18: [SM]   [0] GetConVarString
L 01/07/2026 - 15:37:18: [SM]   [1] Line 138, C:\Users\Moises\Downloads\Compressed\sourcemod-1.11.0-git6968-windows\addons\sourcemod\scripting\馻nkrunFixhealth.sp::IsTankRunActive
L 01/07/2026 - 15:37:18: [SM]   [2] Line 79, C:\Users\Moises\Downloads\Compressed\sourcemod-1.11.0-git6968-windows\addons\sourcemod\scripting\馻nkrunFixhealth.sp::Event_PlayerDeath
L 01/07/2026 - 15:37:19: [SM] Exception reported: Invalid convar handle 0 (error 4)
L 01/07/2026 - 15:37:19: [SM] Blaming: 馻nkrunFixhealth.smx
L 01/07/2026 - 15:37:19: [SM] Call stack trace:
L 01/07/2026 - 15:37:19: [SM]   [0] GetConVarString
L 01/07/2026 - 15:37:19: [SM]   [1] Line 138, C:\Users\Moises\Downloads\Compressed\sourcemod-1.11.0-git6968-windows\addons\sourcemod\scripting\馻nkrunFixhealth.sp::IsTankRunActive
L 01/07/2026 - 15:37:19: [SM]   [2] Line 36, C:\Users\Moises\Downloads\Compressed\sourcemod-1.11.0-git6968-windows\addons\sourcemod\scripting\馻nkrunFixhealth.sp::Timer_PeriodicCheck
L 01/07/2026 - 15:37:29: [SM] Exception reported: Invalid convar handle 0 (error 4)
L 01/07/2026 - 15:37:29: [SM] Blaming: 馻nkrunFixhealth.smx
L 01/07/2026 - 15:37:29: [SM] Call stack trace:
L 01/07/2026 - 15:37:29: [SM]   [0] GetConVarString
L 01/07/2026 - 15:37:29: [SM]   [1] Line 138, C:\Users\Moises\Downloads\Compressed\sourcemod-1.11.0-git6968-windows\addons\sourcemod\scripting\馻nkrunFixhealth.sp::IsTankRunActive
L 01/07/2026 - 15:37:29: [SM]   [2] Line 36, C:\Users\Moises\Downloads\Compressed\sourcemod-1.11.0-git6968-windows\addons\sourcemod\scripting\馻nkrunFixhealth.sp::Timer_PeriodicCheck
L 01/07/2026 - 15:37:39: [SM] Exception reported: Invalid convar handle 0 (error 4)
L 01/07/2026 - 15:37:39: [SM] Blaming: 馻nkrunFixhealth.smx
L 01/07/2026 - 15:37:39: [SM] Call stack trace:
L 01/07/2026 - 15:37:39: [SM]   [0] GetConVarString
L 01/07/2026 - 15:37:39: [SM]   [1] Line 138, C:\Users\Moises\Downloads\Compressed\sourcemod-1.11.0-git6968-windows\addons\sourcemod\scripting\馻nkrunFixhealth.sp::IsTankRunActive
L 01/07/2026 - 15:37:39: [SM]   [2] Line 36, C:\Users\Moises\Downloads\Compressed\sourcemod-1.11.0-git6968-windows\addons\sourcemod\scripting\馻nkrunFixhealth.sp::Timer_PeriodicCheck
L 01/07/2026 - 15:37:43: [SM] Exception reported: Invalid convar handle 0 (error 4)
L 01/07/2026 - 15:37:43: [SM] Blaming: 馻nkrunFixhealth.smx
L 01/07/2026 - 15:37:43: [SM] Call stack trace:
L 01/07/2026 - 15:37:43: [SM]   [0] GetConVarString
L 01/07/2026 - 15:37:43: [SM]   [1] Line 138, C:\Users\Moises\Downloads\Compressed\sourcemod-1.11.0-git6968-windows\addons\sourcemod\scripting\馻nkrunFixhealth.sp::IsTankRunActive
L 01/07/2026 - 15:37:43: [SM]   [2] Line 79, C:\Users\Moises\Downloads\Compressed\sourcemod-1.11.0-git6968-windows\addons\sourcemod\scripting\馻nkrunFixhealth.sp::Event_PlayerDeath
L 01/07/2026 - 15:37:49: [SM] Exception reported: Invalid convar handle 0 (error 4)
L 01/07/2026 - 15:37:49: [SM] Blaming: 馻nkrunFixhealth.smx
L 01/07/2026 - 15:37:49: [SM] Call stack trace:
L 01/07/2026 - 15:37:49: [SM]   [0] GetConVarString
L 01/07/2026 - 15:37:49: [SM]   [1] Line 138, C:\Users\Moises\Downloads\Compressed\sourcemod-1.11.0-git6968-windows\addons\sourcemod\scripting\馻nkrunFixhealth.sp::IsTankRunActive
L 01/07/2026 - 15:37:49: [SM]   [2] Line 36, C:\Users\Moises\Downloads\Compressed\sourcemod-1.11.0-git6968-windows\addons\sourcemod\scripting\馻nkrunFixhealth.sp::Timer_PeriodicCheck
L 01/07/2026 - 15:37:52: [SM] Exception reported: Invalid convar handle 0 (error 4)
L 01/07/2026 - 15:37:52: [SM] Blaming: 馻nkrunFixhealth.smx
L 01/07/2026 - 15:37:52: [SM] Call stack trace:
L 01/07/2026 - 15:37:52: [SM]   [0] GetConVarString
L 01/07/2026 - 15:37:52: [SM]   [1] Line 138, C:\Users\Moises\Downloads\Compressed\sourcemod-1.11.0-git6968-windows\addons\sourcemod\scripting\馻nkrunFixhealth.sp::IsTankRunActive
L 01/07/2026 - 15:37:52: [SM]   [2] Line 79, C:\Users\Moises\Downloads\Compressed\sourcemod-1.11.0-git6968-windows\addons\sourcemod\scripting\馻nkrunFixhealth.sp::Event_PlayerDeath
L 01/07/2026 - 15:37:52: [SM] Exception reported: Language phrase "Type in chat !join To join the survivors" not found (arg 6)
L 01/07/2026 - 15:37:52: [SM] Blaming: l4dmultislots.smx
L 01/07/2026 - 15:37:52: [SM] Call stack trace:
L 01/07/2026 - 15:37:52: [SM]   [0] VFormat
L 01/07/2026 - 15:37:52: [SM]   [1] Line 71, D:\Github\Private-Work\L4D2-鎻掍欢\scripting_1.11\include\multicolors.inc::CPrintToChat
L 01/07/2026 - 15:37:52: [SM]   [2] Line 938, d:\Github\Private-Work\L4D2-鎻掍欢\scripting_1.11\l4dmultislots.sp::Timer_SpecCheck
L 01/07/2026 - 15:37:52: [SM] Exception reported: Invalid convar handle 0 (error 4)
L 01/07/2026 - 15:37:52: [SM] Blaming: 馻nkrunFixhealth.smx
L 01/07/2026 - 15:37:52: [SM] Call stack trace:
L 01/07/2026 - 15:37:52: [SM]   [0] GetConVarString
L 01/07/2026 - 15:37:52: [SM]   [1] Line 138, C:\Users\Moises\Downloads\Compressed\sourcemod-1.11.0-git6968-windows\addons\sourcemod\scripting\馻nkrunFixhealth.sp::IsTankRunActive
L 01/07/2026 - 15:37:52: [SM]   [2] Line 79, C:\Users\Moises\Downloads\Compressed\sourcemod-1.11.0-git6968-windows\addons\sourcemod\scripting\馻nkrunFixhealth.sp::Event_PlayerDeath
L 01/07/2026 - 15:37:53: [SM] Exception reported: Invalid convar handle 0 (error 4)
L 01/07/2026 - 15:37:53: [SM] Blaming: 馻nkrunFixhealth.smx
L 01/07/2026 - 15:37:53: [SM] Call stack trace:
L 01/07/2026 - 15:37:53: [SM]   [0] GetConVarString
L 01/07/2026 - 15:37:53: [SM]   [1] Line 138, C:\Users\Moises\Downloads\Compressed\sourcemod-1.11.0-git6968-windows\addons\sourcemod\scripting\馻nkrunFixhealth.sp::IsTankRunActive
L 01/07/2026 - 15:37:53: [SM]   [2] Line 79, C:\Users\Moises\Downloads\Compressed\sourcemod-1.11.0-git6968-windows\addons\sourcemod\scripting\馻nkrunFixhealth.sp::Event_PlayerDeath
L 01/07/2026 - 15:37:57: [SM] Exception reported: Invalid convar handle 0 (error 4)
L 01/07/2026 - 15:37:57: [SM] Blaming: 馻nkrunFixhealth.smx
L 01/07/2026 - 15:37:57: [SM] Call stack trace:
L 01/07/2026 - 15:37:57: [SM]   [0] GetConVarString
L 01/07/2026 - 15:37:57: [SM]   [1] Line 138, C:\Users\Moises\Downloads\Compressed\sourcemod-1.11.0-git6968-windows\addons\sourcemod\scripting\馻nkrunFixhealth.sp::IsTankRunActive
L 01/07/2026 - 15:37:57: [SM]   [2] Line 79, C:\Users\Moises\Downloads\Compressed\sourcemod-1.11.0-git6968-windows\addons\sourcemod\scripting\馻nkrunFixhealth.sp::Event_PlayerDeath
L 01/07/2026 - 15:37:57: [SM] Exception reported: Invalid timer handle 91800443 (error 3)
L 01/07/2026 - 15:37:57: [SM] Blaming: l4d2_playerjoining_v2.smx
L 01/07/2026 - 15:37:57: [SM] Call stack trace:
L 01/07/2026 - 15:37:57: [SM]   [0] KillTimer
L 01/07/2026 - 15:37:57: [SM]   [1] Line 53, C:\Users\Moises\Downloads\Compressed\sourcemod-1.11.0-git6968-windows\addons\sourcemod\scripting\l4d2_playerjoining_v2.sp::OnClientDisconnect
L 01/07/2026 - 15:37:59: [SM] Exception reported: Invalid timer handle 71800425 (error 3)
L 01/07/2026 - 15:37:59: [SM] Blaming: l4d2_playerjoining_v2.smx
L 01/07/2026 - 15:37:59: [SM] Call stack trace:
L 01/07/2026 - 15:37:59: [SM]   [0] KillTimer
L 01/07/2026 - 15:37:59: [SM]   [1] Line 53, C:\Users\Moises\Downloads\Compressed\sourcemod-1.11.0-git6968-windows\addons\sourcemod\scripting\l4d2_playerjoining_v2.sp::OnClientDisconnect
L 01/07/2026 - 15:37:59: [SM] Exception reported: Invalid convar handle 0 (error 4)
L 01/07/2026 - 15:37:59: [SM] Blaming: 馻nkrunFixhealth.smx
L 01/07/2026 - 15:37:59: [SM] Call stack trace:
L 01/07/2026 - 15:37:59: [SM]   [0] GetConVarString
L 01/07/2026 - 15:37:59: [SM]   [1] Line 138, C:\Users\Moises\Downloads\Compressed\sourcemod-1.11.0-git6968-windows\addons\sourcemod\scripting\馻nkrunFixhealth.sp::IsTankRunActive
L 01/07/2026 - 15:37:59: [SM]   [2] Line 36, C:\Users\Moises\Downloads\Compressed\sourcemod-1.11.0-git6968-windows\addons\sourcemod\scripting\馻nkrunFixhealth.sp::Timer_PeriodicCheck
L 01/07/2026 - 15:38:00: [SM] Exception reported: Invalid timer handle c0400429 (error 3)
L 01/07/2026 - 15:38:00: [SM] Blaming: l4d2_playerjoining_v2.smx
L 01/07/2026 - 15:38:00: [SM] Call stack trace:
L 01/07/2026 - 15:38:00: [SM]   [0] KillTimer
L 01/07/2026 - 15:38:00: [SM]   [1] Line 53, C:\Users\Moises\Downloads\Compressed\sourcemod-1.11.0-git6968-windows\addons\sourcemod\scripting\l4d2_playerjoining_v2.sp::OnClientDisconnect
L 01/07/2026 - 15:38:04: [SM] Exception reported: Invalid timer handle 34900413 (error 3)
L 01/07/2026 - 15:38:04: [SM] Blaming: l4d2_playerjoining_v2.smx
L 01/07/2026 - 15:38:04: [SM] Call stack trace:
L 01/07/2026 - 15:38:04: [SM]   [0] KillTimer
L 01/07/2026 - 15:38:04: [SM]   [1] Line 53, C:\Users\Moises\Downloads\Compressed\sourcemod-1.11.0-git6968-windows\addons\sourcemod\scripting\l4d2_playerjoining_v2.sp::OnClientDisconnect
L 01/07/2026 - 15:38:09: [SM] Exception reported: Invalid convar handle 0 (error 4)
L 01/07/2026 - 15:38:09: [SM] Blaming: 馻nkrunFixhealth.smx
L 01/07/2026 - 15:38:09: [SM] Call stack trace:
L 01/07/2026 - 15:38:09: [SM]   [0] GetConVarString
L 01/07/2026 - 15:38:09: [SM]   [1] Line 138, C:\Users\Moises\Downloads\Compressed\sourcemod-1.11.0-git6968-windows\addons\sourcemod\scripting\馻nkrunFixhealth.sp::IsTankRunActive
L 01/07/2026 - 15:38:09: [SM]   [2] Line 79, C:\Users\Moises\Downloads\Compressed\sourcemod-1.11.0-git6968-windows\addons\sourcemod\scripting\馻nkrunFixhealth.sp::Event_PlayerDeath
L 01/07/2026 - 15:38:09: [SM] Exception reported: Invalid convar handle 0 (error 4)
L 01/07/2026 - 15:38:09: [SM] Blaming: 馻nkrunFixhealth.smx
L 01/07/2026 - 15:38:09: [SM] Call stack trace:
L 01/07/2026 - 15:38:09: [SM]   [0] GetConVarString
L 01/07/2026 - 15:38:09: [SM]   [1] Line 138, C:\Users\Moises\Downloads\Compressed\sourcemod-1.11.0-git6968-windows\addons\sourcemod\scripting\馻nkrunFixhealth.sp::IsTankRunActive
L 01/07/2026 - 15:38:09: [SM]   [2] Line 36, C:\Users\Moises\Downloads\Compressed\sourcemod-1.11.0-git6968-windows\addons\sourcemod\scripting\馻nkrunFixhealth.sp::Timer_PeriodicCheck
L 01/07/2026 - 15:38:13: [SM] Exception reported: Invalid convar handle 0 (error 4)
L 01/07/2026 - 15:38:13: [SM] Blaming: 馻nkrunFixhealth.smx
L 01/07/2026 - 15:38:13: [SM] Call stack trace:
L 01/07/2026 - 15:38:13: [SM]   [0] GetConVarString
L 01/07/2026 - 15:38:13: [SM]   [1] Line 138, C:\Users\Moises\Downloads\Compressed\sourcemod-1.11.0-git6968-windows\addons\sourcemod\scripting\馻nkrunFixhealth.sp::IsTankRunActive
L 01/07/2026 - 15:38:13: [SM]   [2] Line 79, C:\Users\Moises\Downloads\Compressed\sourcemod-1.11.0-git6968-windows\addons\sourcemod\scripting\馻nkrunFixhealth.sp::Event_PlayerDeath
L 01/07/2026 - 15:38:16: [SM] Exception reported: Invalid convar handle 0 (error 4)
L 01/07/2026 - 15:38:16: [SM] Blaming: 馻nkrunFixhealth.smx
L 01/07/2026 - 15:38:16: [SM] Call stack trace:
L 01/07/2026 - 15:38:16: [SM]   [0] GetConVarString
L 01/07/2026 - 15:38:16: [SM]   [1] Line 138, C:\Users\Moises\Downloads\Compressed\sourcemod-1.11.0-git6968-windows\addons\sourcemod\scripting\馻nkrunFixhealth.sp::IsTankRunActive
L 01/07/2026 - 15:38:16: [SM]   [2] Line 79, C:\Users\Moises\Downloads\Compressed\sourcemod-1.11.0-git6968-windows\addons\sourcemod\scripting\馻nkrunFixhealth.sp::Event_PlayerDeath
L 01/07/2026 - 15:38:16: [SM] Exception reported: Invalid timer handle c0400429 (error 3)
L 01/07/2026 - 15:38:16: [SM] Blaming: l4d2_playerjoining_v2.smx
L 01/07/2026 - 15:38:16: [SM] Call stack trace:
L 01/07/2026 - 15:38:16: [SM]   [0] KillTimer
L 01/07/2026 - 15:38:16: [SM]   [1] Line 53, C:\Users\Moises\Downloads\Compressed\sourcemod-1.11.0-git6968-windows\addons\sourcemod\scripting\l4d2_playerjoining_v2.sp::OnClientDisconnect
L 01/07/2026 - 15:38:17: [SM] Exception reported: Language phrase "Type in chat !join To join the survivors" not found (arg 6)
L 01/07/2026 - 15:38:17: [SM] Blaming: l4dmultislots.smx
L 01/07/2026 - 15:38:17: [SM] Call stack trace:
L 01/07/2026 - 15:38:17: [SM]   [0] VFormat
L 01/07/2026 - 15:38:17: [SM]   [1] Line 71, D:\Github\Private-Work\L4D2-鎻掍欢\scripting_1.11\include\multicolors.inc::CPrintToChat
L 01/07/2026 - 15:38:17: [SM]   [2] Line 938, d:\Github\Private-Work\L4D2-鎻掍欢\scripting_1.11\l4dmultislots.sp::Timer_SpecCheck
L 01/07/2026 - 15:38:18: [SM] Exception reported: Invalid convar handle 0 (error 4)
L 01/07/2026 - 15:38:18: [SM] Blaming: 馻nkrunFixhealth.smx
L 01/07/2026 - 15:38:18: [SM] Call stack trace:
L 01/07/2026 - 15:38:18: [SM]   [0] GetConVarString
L 01/07/2026 - 15:38:18: [SM]   [1] Line 138, C:\Users\Moises\Downloads\Compressed\sourcemod-1.11.0-git6968-windows\addons\sourcemod\scripting\馻nkrunFixhealth.sp::IsTankRunActive
L 01/07/2026 - 15:38:18: [SM]   [2] Line 79, C:\Users\Moises\Downloads\Compressed\sourcemod-1.11.0-git6968-windows\addons\sourcemod\scripting\馻nkrunFixhealth.sp::Event_PlayerDeath
L 01/07/2026 - 15:38:18: [SM] Exception reported: Invalid convar handle 0 (error 4)
L 01/07/2026 - 15:38:18: [SM] Blaming: 馻nkrunFixhealth.smx
L 01/07/2026 - 15:38:18: [SM] Call stack trace:
L 01/07/2026 - 15:38:18: [SM]   [0] GetConVarString
L 01/07/2026 - 15:38:18: [SM]   [1] Line 138, C:\Users\Moises\Downloads\Compressed\sourcemod-1.11.0-git6968-windows\addons\sourcemod\scripting\馻nkrunFixhealth.sp::IsTankRunActive
L 01/07/2026 - 15:38:18: [SM]   [2] Line 79, C:\Users\Moises\Downloads\Compressed\sourcemod-1.11.0-git6968-windows\addons\sourcemod\scripting\馻nkrunFixhealth.sp::Event_PlayerDeath
L 01/07/2026 - 15:38:19: [SM] Exception reported: Invalid convar handle 0 (error 4)
L 01/07/2026 - 15:38:19: [SM] Blaming: 馻nkrunFixhealth.smx
L 01/07/2026 - 15:38:19: [SM] Call stack trace:
L 01/07/2026 - 15:38:19: [SM]   [0] GetConVarString
L 01/07/2026 - 15:38:19: [SM]   [1] Line 138, C:\Users\Moises\Downloads\Compressed\sourcemod-1.11.0-git6968-windows\addons\sourcemod\scripting\馻nkrunFixhealth.sp::IsTankRunActive
L 01/07/2026 - 15:38:19: [SM]   [2] Line 36, C:\Users\Moises\Downloads\Compressed\sourcemod-1.11.0-git6968-windows\addons\sourcemod\scripting\馻nkrunFixhealth.sp::Timer_PeriodicCheck
L 01/07/2026 - 15:38:20: [SM] Exception reported: Invalid timer handle d4a00407 (error 1)
L 01/07/2026 - 15:38:20: [SM] Blaming: l4d2_playerjoining_v2.smx
L 01/07/2026 - 15:38:20: [SM] Call stack trace:
L 01/07/2026 - 15:38:20: [SM]   [0] KillTimer
L 01/07/2026 - 15:38:20: [SM]   [1] Line 53, C:\Users\Moises\Downloads\Compressed\sourcemod-1.11.0-git6968-windows\addons\sourcemod\scripting\l4d2_playerjoining_v2.sp::OnClientDisconnect
L 01/07/2026 - 15:38:21: [SM] Exception reported: Invalid convar handle 0 (error 4)
L 01/07/2026 - 15:38:21: [SM] Blaming: 馻nkrunFixhealth.smx
L 01/07/2026 - 15:38:21: [SM] Call stack trace:
L 01/07/2026 - 15:38:21: [SM]   [0] GetConVarString
L 01/07/2026 - 15:38:21: [SM]   [1] Line 138, C:\Users\Moises\Downloads\Compressed\sourcemod-1.11.0-git6968-windows\addons\sourcemod\scripting\馻nkrunFixhealth.sp::IsTankRunActive
L 01/07/2026 - 15:38:21: [SM]   [2] Line 79, C:\Users\Moises\Downloads\Compressed\sourcemod-1.11.0-git6968-windows\addons\sourcemod\scripting\馻nkrunFixhealth.sp::Event_PlayerDeath
L 01/07/2026 - 15:38:25: [SM] Exception reported: Invalid convar handle 0 (error 4)
L 01/07/2026 - 15:38:25: [SM] Blaming: 馻nkrunFixhealth.smx
L 01/07/2026 - 15:38:25: [SM] Call stack trace:
L 01/07/2026 - 15:38:25: [SM]   [0] GetConVarString
L 01/07/2026 - 15:38:25: [SM]   [1] Line 138, C:\Users\Moises\Downloads\Compressed\sourcemod-1.11.0-git6968-windows\addons\sourcemod\scripting\馻nkrunFixhealth.sp::IsTankRunActive
L 01/07/2026 - 15:38:25: [SM]   [2] Line 79, C:\Users\Moises\Downloads\Compressed\sourcemod-1.11.0-git6968-windows\addons\sourcemod\scripting\馻nkrunFixhealth.sp::Event_PlayerDeath
L 01/07/2026 - 15:38:25: [SM] Exception reported: Invalid timer handle abf00407 (error 1)
L 01/07/2026 - 15:38:25: [SM] Blaming: l4d2_playerjoining_v2.smx
L 01/07/2026 - 15:38:25: [SM] Call stack trace:
L 01/07/2026 - 15:38:25: [SM]   [0] KillTimer
L 01/07/2026 - 15:38:25: [SM]   [1] Line 53, C:\Users\Moises\Downloads\Compressed\sourcemod-1.11.0-git6968-windows\addons\sourcemod\scripting\l4d2_playerjoining_v2.sp::OnClientDisconnect
L 01/07/2026 - 15:38:26: [SM] Exception reported: Invalid convar handle 0 (error 4)
L 01/07/2026 - 15:38:26: [SM] Blaming: 馻nkrunFixhealth.smx
L 01/07/2026 - 15:38:26: [SM] Call stack trace:
L 01/07/2026 - 15:38:26: [SM]   [0] GetConVarString
L 01/07/2026 - 15:38:26: [SM]   [1] Line 138, C:\Users\Moises\Downloads\Compressed\sourcemod-1.11.0-git6968-windows\addons\sourcemod\scripting\馻nkrunFixhealth.sp::IsTankRunActive
L 01/07/2026 - 15:38:26: [SM]   [2] Line 79, C:\Users\Moises\Downloads\Compressed\sourcemod-1.11.0-git6968-windows\addons\sourcemod\scripting\馻nkrunFixhealth.sp::Event_PlayerDeath
L 01/07/2026 - 15:38:28: [SM] Exception reported: Invalid timer handle 71800425 (error 3)
L 01/07/2026 - 15:38:28: [SM] Blaming: l4d2_playerjoining_v2.smx
L 01/07/2026 - 15:38:28: [SM] Call stack trace:
L 01/07/2026 - 15:38:28: [SM]   [0] KillTimer
L 01/07/2026 - 15:38:28: [SM]   [1] Line 53, C:\Users\Moises\Downloads\Compressed\sourcemod-1.11.0-git6968-windows\addons\sourcemod\scripting\l4d2_playerjoining_v2.sp::OnClientDisconnect
L 01/07/2026 - 15:38:29: [SM] Exception reported: Invalid convar handle 0 (error 4)
L 01/07/2026 - 15:38:29: [SM] Blaming: 馻nkrunFixhealth.smx
L 01/07/2026 - 15:38:29: [SM] Call stack trace:
L 01/07/2026 - 15:38:29: [SM]   [0] GetConVarString
L 01/07/2026 - 15:38:29: [SM]   [1] Line 138, C:\Users\Moises\Downloads\Compressed\sourcemod-1.11.0-git6968-windows\addons\sourcemod\scripting\馻nkrunFixhealth.sp::IsTankRunActive
L 01/07/2026 - 15:38:29: [SM]   [2] Line 36, C:\Users\Moises\Downloads\Compressed\sourcemod-1.11.0-git6968-windows\addons\sourcemod\scripting\馻nkrunFixhealth.sp::Timer_PeriodicCheck
L 01/07/2026 - 15:38:33: [SM] Exception reported: Invalid convar handle 0 (error 4)
L 01/07/2026 - 15:38:33: [SM] Blaming: 馻nkrunFixhealth.smx
L 01/07/2026 - 15:38:33: [SM] Call stack trace:
L 01/07/2026 - 15:38:33: [SM]   [0] GetConVarString
L 01/07/2026 - 15:38:33: [SM]   [1] Line 138, C:\Users\Moises\Downloads\Compressed\sourcemod-1.11.0-git6968-windows\addons\sourcemod\scripting\馻nkrunFixhealth.sp::IsTankRunActive
L 01/07/2026 - 15:38:33: [SM]   [2] Line 79, C:\Users\Moises\Downloads\Compressed\sourcemod-1.11.0-git6968-windows\addons\sourcemod\scripting\馻nkrunFixhealth.sp::Event_PlayerDeath
L 01/07/2026 - 15:38:39: [SM] Exception reported: Invalid convar handle 0 (error 4)
L 01/07/2026 - 15:38:39: [SM] Blaming: 馻nkrunFixhealth.smx
L 01/07/2026 - 15:38:39: [SM] Call stack trace:
L 01/07/2026 - 15:38:39: [SM]   [0] GetConVarString
L 01/07/2026 - 15:38:39: [SM]   [1] Line 138, C:\Users\Moises\Downloads\Compressed\sourcemod-1.11.0-git6968-windows\addons\sourcemod\scripting\馻nkrunFixhealth.sp::IsTankRunActive
L 01/07/2026 - 15:38:39: [SM]   [2] Line 79, C:\Users\Moises\Downloads\Compressed\sourcemod-1.11.0-git6968-windows\addons\sourcemod\scripting\馻nkrunFixhealth.sp::Event_PlayerDeath
L 01/07/2026 - 15:38:39: [SM] Exception reported: Invalid convar handle 0 (error 4)
L 01/07/2026 - 15:38:39: [SM] Blaming: 馻nkrunFixhealth.smx
L 01/07/2026 - 15:38:39: [SM] Call stack trace:
L 01/07/2026 - 15:38:39: [SM]   [0] GetConVarString
L 01/07/2026 - 15:38:39: [SM]   [1] Line 138, C:\Users\Moises\Downloads\Compressed\sourcemod-1.11.0-git6968-windows\addons\sourcemod\scripting\馻nkrunFixhealth.sp::IsTankRunActive
L 01/07/2026 - 15:38:39: [SM]   [2] Line 36, C:\Users\Moises\Downloads\Compressed\sourcemod-1.11.0-git6968-windows\addons\sourcemod\scripting\馻nkrunFixhealth.sp::Timer_PeriodicCheck
L 01/07/2026 - 15:38:40: [SM] Exception reported: Invalid convar handle 0 (error 4)
L 01/07/2026 - 15:38:40: [SM] Blaming: 馻nkrunFixhealth.smx
L 01/07/2026 - 15:38:40: [SM] Call stack trace:
L 01/07/2026 - 15:38:40: [SM]   [0] GetConVarString
L 01/07/2026 - 15:38:40: [SM]   [1] Line 138, C:\Users\Moises\Downloads\Compressed\sourcemod-1.11.0-git6968-windows\addons\sourcemod\scripting\馻nkrunFixhealth.sp::IsTankRunActive
L 01/07/2026 - 15:38:40: [SM]   [2] Line 79, C:\Users\Moises\Downloads\Compressed\sourcemod-1.11.0-git6968-windows\addons\sourcemod\scripting\馻nkrunFixhealth.sp::Event_PlayerDeath
L 01/07/2026 - 15:38:42: [SM] Exception reported: Language phrase "Type in chat !join To join the survivors" not found (arg 6)
L 01/07/2026 - 15:38:42: [SM] Blaming: l4dmultislots.smx
L 01/07/2026 - 15:38:42: [SM] Call stack trace:
L 01/07/2026 - 15:38:42: [SM]   [0] VFormat
L 01/07/2026 - 15:38:42: [SM]   [1] Line 71, D:\Github\Private-Work\L4D2-鎻掍欢\scripting_1.11\include\multicolors.inc::CPrintToChat
L 01/07/2026 - 15:38:42: [SM]   [2] Line 938, d:\Github\Private-Work\L4D2-鎻掍欢\scripting_1.11\l4dmultislots.sp::Timer_SpecCheck
L 01/07/2026 - 15:38:47: [SM] Exception reported: Invalid timer handle c0400429 (error 3)
L 01/07/2026 - 15:38:47: [SM] Blaming: l4d2_playerjoining_v2.smx
L 01/07/2026 - 15:38:47: [SM] Call stack trace:
L 01/07/2026 - 15:38:47: [SM]   [0] KillTimer
L 01/07/2026 - 15:38:47: [SM]   [1] Line 53, C:\Users\Moises\Downloads\Compressed\sourcemod-1.11.0-git6968-windows\addons\sourcemod\scripting\l4d2_playerjoining_v2.sp::OnClientDisconnect
L 01/07/2026 - 15:38:49: [SM] Exception reported: Invalid convar handle 0 (error 4)
L 01/07/2026 - 15:38:49: [SM] Blaming: 馻nkrunFixhealth.smx
L 01/07/2026 - 15:38:49: [SM] Call stack trace:
L 01/07/2026 - 15:38:49: [SM]   [0] GetConVarString
L 01/07/2026 - 15:38:49: [SM]   [1] Line 138, C:\Users\Moises\Downloads\Compressed\sourcemod-1.11.0-git6968-windows\addons\sourcemod\scripting\馻nkrunFixhealth.sp::IsTankRunActive
L 01/07/2026 - 15:38:49: [SM]   [2] Line 79, C:\Users\Moises\Downloads\Compressed\sourcemod-1.11.0-git6968-windows\addons\sourcemod\scripting\馻nkrunFixhealth.sp::Event_PlayerDeath
L 01/07/2026 - 15:38:49: [SM] Exception reported: Invalid convar handle 0 (error 4)
L 01/07/2026 - 15:38:49: [SM] Blaming: 馻nkrunFixhealth.smx
L 01/07/2026 - 15:38:49: [SM] Call stack trace:
L 01/07/2026 - 15:38:49: [SM]   [0] GetConVarString
L 01/07/2026 - 15:38:49: [SM]   [1] Line 138, C:\Users\Moises\Downloads\Compressed\sourcemod-1.11.0-git6968-windows\addons\sourcemod\scripting\馻nkrunFixhealth.sp::IsTankRunActive
L 01/07/2026 - 15:38:49: [SM]   [2] Line 36, C:\Users\Moises\Downloads\Compressed\sourcemod-1.11.0-git6968-windows\addons\sourcemod\scripting\馻nkrunFixhealth.sp::Timer_PeriodicCheck
L 01/07/2026 - 15:38:52: [SM] Exception reported: Invalid convar handle 0 (error 4)
L 01/07/2026 - 15:38:52: [SM] Blaming: 馻nkrunFixhealth.smx
L 01/07/2026 - 15:38:52: [SM] Call stack trace:
L 01/07/2026 - 15:38:52: [SM]   [0] GetConVarString
L 01/07/2026 - 15:38:52: [SM]   [1] Line 138, C:\Users\Moises\Downloads\Compressed\sourcemod-1.11.0-git6968-windows\addons\sourcemod\scripting\馻nkrunFixhealth.sp::IsTankRunActive
L 01/07/2026 - 15:38:52: [SM]   [2] Line 79, C:\Users\Moises\Downloads\Compressed\sourcemod-1.11.0-git6968-windows\addons\sourcemod\scripting\馻nkrunFixhealth.sp::Event_PlayerDeath
L 01/07/2026 - 15:38:53: [SM] Exception reported: Invalid convar handle 0 (error 4)
L 01/07/2026 - 15:38:53: [SM] Blaming: 馻nkrunFixhealth.smx
L 01/07/2026 - 15:38:53: [SM] Call stack trace:
L 01/07/2026 - 15:38:53: [SM]   [0] GetConVarString
L 01/07/2026 - 15:38:53: [SM]   [1] Line 138, C:\Users\Moises\Downloads\Compressed\sourcemod-1.11.0-git6968-windows\addons\sourcemod\scripting\馻nkrunFixhealth.sp::IsTankRunActive
L 01/07/2026 - 15:38:53: [SM]   [2] Line 79, C:\Users\Moises\Downloads\Compressed\sourcemod-1.11.0-git6968-windows\addons\sourcemod\scripting\馻nkrunFixhealth.sp::Event_PlayerDeath
L 01/07/2026 - 15:38:54: [SM] Exception reported: Invalid convar handle 0 (error 4)
L 01/07/2026 - 15:38:54: [SM] Blaming: 馻nkrunFixhealth.smx
L 01/07/2026 - 15:38:54: [SM] Call stack trace:
L 01/07/2026 - 15:38:54: [SM]   [0] GetConVarString
L 01/07/2026 - 15:38:54: [SM]   [1] Line 138, C:\Users\Moises\Downloads\Compressed\sourcemod-1.11.0-git6968-windows\addons\sourcemod\scripting\馻nkrunFixhealth.sp::IsTankRunActive
L 01/07/2026 - 15:38:54: [SM]   [2] Line 79, C:\Users\Moises\Downloads\Compressed\sourcemod-1.11.0-git6968-windows\addons\sourcemod\scripting\馻nkrunFixhealth.sp::Event_PlayerDeath
L 01/07/2026 - 15:38:54: [SM] Exception reported: Invalid convar handle 0 (error 4)
L 01/07/2026 - 15:38:54: [SM] Blaming: 馻nkrunFixhealth.smx
L 01/07/2026 - 15:38:54: [SM] Call stack trace:
L 01/07/2026 - 15:38:54: [SM]   [0] GetConVarString
L 01/07/2026 - 15:38:54: [SM]   [1] Line 138, C:\Users\Moises\Downloads\Compressed\sourcemod-1.11.0-git6968-windows\addons\sourcemod\scripting\馻nkrunFixhealth.sp::IsTankRunActive
L 01/07/2026 - 15:38:54: [SM]   [2] Line 79, C:\Users\Moises\Downloads\Compressed\sourcemod-1.11.0-git6968-windows\addons\sourcemod\scripting\馻nkrunFixhealth.sp::Event_PlayerDeath
L 01/07/2026 - 15:38:54: [SM] Exception reported: Invalid convar handle 0 (error 4)
L 01/07/2026 - 15:38:54: [SM] Blaming: 馻nkrunFixhealth.smx
L 01/07/2026 - 15:38:54: [SM] Call stack trace:
L 01/07/2026 - 15:38:54: [SM]   [0] GetConVarString
L 01/07/2026 - 15:38:54: [SM]   [1] Line 138, C:\Users\Moises\Downloads\Compressed\sourcemod-1.11.0-git6968-windows\addons\sourcemod\scripting\馻nkrunFixhealth.sp::IsTankRunActive
L 01/07/2026 - 15:38:54: [SM]   [2] Line 79, C:\Users\Moises\Downloads\Compressed\sourcemod-1.11.0-git6968-windows\addons\sourcemod\scripting\馻nkrunFixhealth.sp::Event_PlayerDeath
L 01/07/2026 - 15:38:54: [SM] Exception reported: Invalid convar handle 0 (error 4)
L 01/07/2026 - 15:38:54: [SM] Blaming: 馻nkrunFixhealth.smx
L 01/07/2026 - 15:38:54: [SM] Call stack trace:
L 01/07/2026 - 15:38:54: [SM]   [0] GetConVarString
L 01/07/2026 - 15:38:54: [SM]   [1] Line 138, C:\Users\Moises\Downloads\Compressed\sourcemod-1.11.0-git6968-windows\addons\sourcemod\scripting\馻nkrunFixhealth.sp::IsTankRunActive
L 01/07/2026 - 15:38:54: [SM]   [2] Line 79, C:\Users\Moises\Downloads\Compressed\sourcemod-1.11.0-git6968-windows\addons\sourcemod\scripting\馻nkrunFixhealth.sp::Event_PlayerDeath
L 01/07/2026 - 15:38:54: [SM] Exception reported: Invalid convar handle 0 (error 4)
L 01/07/2026 - 15:38:54: [SM] Blaming: 馻nkrunFixhealth.smx
L 01/07/2026 - 15:38:54: [SM] Call stack trace:
L 01/07/2026 - 15:38:54: [SM]   [0] GetConVarString
L 01/07/2026 - 15:38:54: [SM]   [1] Line 138, C:\Users\Moises\Downloads\Compressed\sourcemod-1.11.0-git6968-windows\addons\sourcemod\scripting\馻nkrunFixhealth.sp::IsTankRunActive
L 01/07/2026 - 15:38:54: [SM]   [2] Line 79, C:\Users\Moises\Downloads\Compressed\sourcemod-1.11.0-git6968-windows\addons\sourcemod\scripting\馻nkrunFixhealth.sp::Event_PlayerDeath
L 01/07/2026 - 15:38:54: [SM] Exception reported: Invalid convar handle 0 (error 4)
L 01/07/2026 - 15:38:54: [SM] Blaming: 馻nkrunFixhealth.smx
L 01/07/2026 - 15:38:54: [SM] Call stack trace:
L 01/07/2026 - 15:38:54: [SM]   [0] GetConVarString
L 01/07/2026 - 15:38:54: [SM]   [1] Line 138, C:\Users\Moises\Downloads\Compressed\sourcemod-1.11.0-git6968-windows\addons\sourcemod\scripting\馻nkrunFixhealth.sp::IsTankRunActive
L 01/07/2026 - 15:38:54: [SM]   [2] Line 79, C:\Users\Moises\Downloads\Compressed\sourcemod-1.11.0-git6968-windows\addons\sourcemod\scripting\馻nkrunFixhealth.sp::Event_PlayerDeath
L 01/07/2026 - 15:38:54: [SM] Exception reported: Invalid convar handle 0 (error 4)
L 01/07/2026 - 15:38:54: [SM] Blaming: 馻nkrunFixhealth.smx
L 01/07/2026 - 15:38:54: [SM] Call stack trace:
L 01/07/2026 - 15:38:54: [SM]   [0] GetConVarString
L 01/07/2026 - 15:38:54: [SM]   [1] Line 138, C:\Users\Moises\Downloads\Compressed\sourcemod-1.11.0-git6968-windows\addons\sourcemod\scripting\馻nkrunFixhealth.sp::IsTankRunActive
L 01/07/2026 - 15:38:54: [SM]   [2] Line 79, C:\Users\Moises\Downloads\Compressed\sourcemod-1.11.0-git6968-windows\addons\sourcemod\scripting\馻nkrunFixhealth.sp::Event_PlayerDeath
L 01/07/2026 - 15:38:54: [SM] Exception reported: Invalid convar handle 0 (error 4)
L 01/07/2026 - 15:38:54: [SM] Blaming: 馻nkrunFixhealth.smx
L 01/07/2026 - 15:38:54: [SM] Call stack trace:
L 01/07/2026 - 15:38:54: [SM]   [0] GetConVarString
L 01/07/2026 - 15:38:54: [SM]   [1] Line 138, C:\Users\Moises\Downloads\Compressed\sourcemod-1.11.0-git6968-windows\addons\sourcemod\scripting\馻nkrunFixhealth.sp::IsTankRunActive
L 01/07/2026 - 15:38:54: [SM]   [2] Line 79, C:\Users\Moises\Downloads\Compressed\sourcemod-1.11.0-git6968-windows\addons\sourcemod\scripting\馻nkrunFixhealth.sp::Event_PlayerDeath
L 01/07/2026 - 15:38:54: [SM] Exception reported: Invalid convar handle 0 (error 4)
L 01/07/2026 - 15:38:54: [SM] Blaming: 馻nkrunFixhealth.smx
L 01/07/2026 - 15:38:54: [SM] Call stack trace:
L 01/07/2026 - 15:38:54: [SM]   [0] GetConVarString
L 01/07/2026 - 15:38:54: [SM]   [1] Line 138, C:\Users\Moises\Downloads\Compressed\sourcemod-1.11.0-git6968-windows\addons\sourcemod\scripting\馻nkrunFixhealth.sp::IsTankRunActive
L 01/07/2026 - 15:38:54: [SM]   [2] Line 79, C:\Users\Moises\Downloads\Compressed\sourcemod-1.11.0-git6968-windows\addons\sourcemod\scripting\馻nkrunFixhealth.sp::Event_PlayerDeath
L 01/07/2026 - 15:38:54: [SM] Exception reported: Invalid convar handle 0 (error 4)
L 01/07/2026 - 15:38:54: [SM] Blaming: 馻nkrunFixhealth.smx
L 01/07/2026 - 15:38:54: [SM] Call stack trace:
L 01/07/2026 - 15:38:54: [SM]   [0] GetConVarString
L 01/07/2026 - 15:38:54: [SM]   [1] Line 138, C:\Users\Moises\Downloads\Compressed\sourcemod-1.11.0-git6968-windows\addons\sourcemod\scripting\馻nkrunFixhealth.sp::IsTankRunActive
L 01/07/2026 - 15:38:54: [SM]   [2] Line 79, C:\Users\Moises\Downloads\Compressed\sourcemod-1.11.0-git6968-windows\addons\sourcemod\scripting\馻nkrunFixhealth.sp::Event_PlayerDeath
L 01/07/2026 - 15:38:55: [SM] Exception reported: Invalid convar handle 0 (error 4)
L 01/07/2026 - 15:38:55: [SM] Blaming: 馻nkrunFixhealth.smx
L 01/07/2026 - 15:38:55: [SM] Call stack trace:
L 01/07/2026 - 15:38:55: [SM]   [0] GetConVarString
L 01/07/2026 - 15:38:55: [SM]   [1] Line 138, C:\Users\Moises\Downloads\Compressed\sourcemod-1.11.0-git6968-windows\addons\sourcemod\scripting\馻nkrunFixhealth.sp::IsTankRunActive
L 01/07/2026 - 15:38:55: [SM]   [2] Line 79, C:\Users\Moises\Downloads\Compressed\sourcemod-1.11.0-git6968-windows\addons\sourcemod\scripting\馻nkrunFixhealth.sp::Event_PlayerDeath
L 01/07/2026 - 15:38:55: [SM] Exception reported: Invalid convar handle 0 (error 4)
L 01/07/2026 - 15:38:55: [SM] Blaming: 馻nkrunFixhealth.smx
L 01/07/2026 - 15:38:55: [SM] Call stack trace:
L 01/07/2026 - 15:38:55: [SM]   [0] GetConVarString
L 01/07/2026 - 15:38:55: [SM]   [1] Line 138, C:\Users\Moises\Downloads\Compressed\sourcemod-1.11.0-git6968-windows\addons\sourcemod\scripting\馻nkrunFixhealth.sp::IsTankRunActive
L 01/07/2026 - 15:38:55: [SM]   [2] Line 79, C:\Users\Moises\Downloads\Compressed\sourcemod-1.11.0-git6968-windows\addons\sourcemod\scripting\馻nkrunFixhealth.sp::Event_PlayerDeath
L 01/07/2026 - 15:38:55: [SM] Exception reported: Invalid convar handle 0 (error 4)
L 01/07/2026 - 15:38:55: [SM] Blaming: 馻nkrunFixhealth.smx
L 01/07/2026 - 15:38:55: [SM] Call stack trace:
L 01/07/2026 - 15:38:55: [SM]   [0] GetConVarString
L 01/07/2026 - 15:38:55: [SM]   [1] Line 138, C:\Users\Moises\Downloads\Compressed\sourcemod-1.11.0-git6968-windows\addons\sourcemod\scripting\馻nkrunFixhealth.sp::IsTankRunActive
L 01/07/2026 - 15:38:55: [SM]   [2] Line 79, C:\Users\Moises\Downloads\Compressed\sourcemod-1.11.0-git6968-windows\addons\sourcemod\scripting\馻nkrunFixhealth.sp::Event_PlayerDeath
L 01/07/2026 - 15:38:56: [SM] Exception reported: Invalid convar handle 0 (error 4)
L 01/07/2026 - 15:38:56: [SM] Blaming: 馻nkrunFixhealth.smx
L 01/07/2026 - 15:38:56: [SM] Call stack trace:
L 01/07/2026 - 15:38:56: [SM]   [0] GetConVarString
L 01/07/2026 - 15:38:56: [SM]   [1] Line 138, C:\Users\Moises\Downloads\Compressed\sourcemod-1.11.0-git6968-windows\addons\sourcemod\scripting\馻nkrunFixhealth.sp::IsTankRunActive
L 01/07/2026 - 15:38:56: [SM]   [2] Line 79, C:\Users\Moises\Downloads\Compressed\sourcemod-1.11.0-git6968-windows\addons\sourcemod\scripting\馻nkrunFixhealth.sp::Event_PlayerDeath
L 01/07/2026 - 15:38:56: [SM] Exception reported: Invalid timer handle 71800425 (error 3)
L 01/07/2026 - 15:38:56: [SM] Blaming: l4d2_playerjoining_v2.smx
L 01/07/2026 - 15:38:56: [SM] Call stack trace:
L 01/07/2026 - 15:38:56: [SM]   [0] KillTimer
L 01/07/2026 - 15:38:56: [SM]   [1] Line 53, C:\Users\Moises\Downloads\Compressed\sourcemod-1.11.0-git6968-windows\addons\sourcemod\scripting\l4d2_playerjoining_v2.sp::OnClientDisconnect
L 01/07/2026 - 15:38:56: [SM] Exception reported: Invalid convar handle 0 (error 4)
L 01/07/2026 - 15:38:56: [SM] Blaming: 馻nkrunFixhealth.smx
L 01/07/2026 - 15:38:56: [SM] Call stack trace:
L 01/07/2026 - 15:38:56: [SM]   [0] GetConVarString
L 01/07/2026 - 15:38:56: [SM]   [1] Line 138, C:\Users\Moises\Downloads\Compressed\sourcemod-1.11.0-git6968-windows\addons\sourcemod\scripting\馻nkrunFixhealth.sp::IsTankRunActive
L 01/07/2026 - 15:38:56: [SM]   [2] Line 79, C:\Users\Moises\Downloads\Compressed\sourcemod-1.11.0-git6968-windows\addons\sourcemod\scripting\馻nkrunFixhealth.sp::Event_PlayerDeath
L 01/07/2026 - 15:38:58: [SM] Exception reported: Invalid convar handle 0 (error 4)
L 01/07/2026 - 15:38:58: [SM] Blaming: 馻nkrunFixhealth.smx
L 01/07/2026 - 15:38:58: [SM] Call stack trace:
L 01/07/2026 - 15:38:58: [SM]   [0] GetConVarString
L 01/07/2026 - 15:38:58: [SM]   [1] Line 138, C:\Users\Moises\Downloads\Compressed\sourcemod-1.11.0-git6968-windows\addons\sourcemod\scripting\馻nkrunFixhealth.sp::IsTankRunActive
L 01/07/2026 - 15:38:58: [SM]   [2] Line 79, C:\Users\Moises\Downloads\Compressed\sourcemod-1.11.0-git6968-windows\addons\sourcemod\scripting\馻nkrunFixhealth.sp::Event_PlayerDeath
L 01/07/2026 - 15:38:59: [SM] Exception reported: Invalid convar handle 0 (error 4)
L 01/07/2026 - 15:38:59: [SM] Blaming: 馻nkrunFixhealth.smx
L 01/07/2026 - 15:38:59: [SM] Call stack trace:
L 01/07/2026 - 15:38:59: [SM]   [0] GetConVarString
L 01/07/2026 - 15:38:59: [SM]   [1] Line 138, C:\Users\Moises\Downloads\Compressed\sourcemod-1.11.0-git6968-windows\addons\sourcemod\scripting\馻nkrunFixhealth.sp::IsTankRunActive
L 01/07/2026 - 15:38:59: [SM]   [2] Line 79, C:\Users\Moises\Downloads\Compressed\sourcemod-1.11.0-git6968-windows\addons\sourcemod\scripting\馻nkrunFixhealth.sp::Event_PlayerDeath
L 01/07/2026 - 15:38:59: [SM] Exception reported: Invalid convar handle 0 (error 4)
L 01/07/2026 - 15:38:59: [SM] Blaming: 馻nkrunFixhealth.smx
L 01/07/2026 - 15:38:59: [SM] Call stack trace:
L 01/07/2026 - 15:38:59: [SM]   [0] GetConVarString
L 01/07/2026 - 15:38:59: [SM]   [1] Line 138, C:\Users\Moises\Downloads\Compressed\sourcemod-1.11.0-git6968-windows\addons\sourcemod\scripting\馻nkrunFixhealth.sp::IsTankRunActive
L 01/07/2026 - 15:38:59: [SM]   [2] Line 36, C:\Users\Moises\Downloads\Compressed\sourcemod-1.11.0-git6968-windows\addons\sourcemod\scripting\馻nkrunFixhealth.sp::Timer_PeriodicCheck
L 01/07/2026 - 15:38:59: [SM] Exception reported: Invalid convar handle 0 (error 4)
L 01/07/2026 - 15:38:59: [SM] Blaming: 馻nkrunFixhealth.smx
L 01/07/2026 - 15:38:59: [SM] Call stack trace:
L 01/07/2026 - 15:38:59: [SM]   [0] GetConVarString
L 01/07/2026 - 15:38:59: [SM]   [1] Line 138, C:\Users\Moises\Downloads\Compressed\sourcemod-1.11.0-git6968-windows\addons\sourcemod\scripting\馻nkrunFixhealth.sp::IsTankRunActive
L 01/07/2026 - 15:38:59: [SM]   [2] Line 79, C:\Users\Moises\Downloads\Compressed\sourcemod-1.11.0-git6968-windows\addons\sourcemod\scripting\馻nkrunFixhealth.sp::Event_PlayerDeath
L 01/07/2026 - 15:39:01: [SM] Exception reported: Invalid convar handle 0 (error 4)
L 01/07/2026 - 15:39:01: [SM] Blaming: 馻nkrunFixhealth.smx
L 01/07/2026 - 15:39:01: [SM] Call stack trace:
L 01/07/2026 - 15:39:01: [SM]   [0] GetConVarString
L 01/07/2026 - 15:39:01: [SM]   [1] Line 138, C:\Users\Moises\Downloads\Compressed\sourcemod-1.11.0-git6968-windows\addons\sourcemod\scripting\馻nkrunFixhealth.sp::IsTankRunActive
L 01/07/2026 - 15:39:01: [SM]   [2] Line 79, C:\Users\Moises\Downloads\Compressed\sourcemod-1.11.0-git6968-windows\addons\sourcemod\scripting\馻nkrunFixhealth.sp::Event_PlayerDeath
L 01/07/2026 - 15:39:01: [SM] Exception reported: Invalid convar handle 0 (error 4)
L 01/07/2026 - 15:39:01: [SM] Blaming: 馻nkrunFixhealth.smx
L 01/07/2026 - 15:39:01: [SM] Call stack trace:
L 01/07/2026 - 15:39:01: [SM]   [0] GetConVarString
L 01/07/2026 - 15:39:01: [SM]   [1] Line 138, C:\Users\Moises\Downloads\Compressed\sourcemod-1.11.0-git6968-windows\addons\sourcemod\scripting\馻nkrunFixhealth.sp::IsTankRunActive
L 01/07/2026 - 15:39:01: [SM]   [2] Line 79, C:\Users\Moises\Downloads\Compressed\sourcemod-1.11.0-git6968-windows\addons\sourcemod\scripting\馻nkrunFixhealth.sp::Event_PlayerDeath
L 01/07/2026 - 15:39:02: [SM] Exception reported: Invalid convar handle 0 (error 4)
L 01/07/2026 - 15:39:02: [SM] Blaming: 馻nkrunFixhealth.smx
L 01/07/2026 - 15:39:02: [SM] Call stack trace:
L 01/07/2026 - 15:39:02: [SM]   [0] GetConVarString
L 01/07/2026 - 15:39:02: [SM]   [1] Line 138, C:\Users\Moises\Downloads\Compressed\sourcemod-1.11.0-git6968-windows\addons\sourcemod\scripting\馻nkrunFixhealth.sp::IsTankRunActive
L 01/07/2026 - 15:39:02: [SM]   [2] Line 79, C:\Users\Moises\Downloads\Compressed\sourcemod-1.11.0-git6968-windows\addons\sourcemod\scripting\馻nkrunFixhealth.sp::Event_PlayerDeath
L 01/07/2026 - 15:39:02: [SM] Exception reported: Invalid convar handle 0 (error 4)
L 01/07/2026 - 15:39:02: [SM] Blaming: 馻nkrunFixhealth.smx
L 01/07/2026 - 15:39:02: [SM] Call stack trace:
L 01/07/2026 - 15:39:02: [SM]   [0] GetConVarString
L 01/07/2026 - 15:39:02: [SM]   [1] Line 138, C:\Users\Moises\Downloads\Compressed\sourcemod-1.11.0-git6968-windows\addons\sourcemod\scripting\馻nkrunFixhealth.sp::IsTankRunActive
L 01/07/2026 - 15:39:02: [SM]   [2] Line 79, C:\Users\Moises\Downloads\Compressed\sourcemod-1.11.0-git6968-windows\addons\sourcemod\scripting\馻nkrunFixhealth.sp::Event_PlayerDeath
L 01/07/2026 - 15:39:03: [SM] Exception reported: Invalid convar handle 0 (error 4)
L 01/07/2026 - 15:39:03: [SM] Blaming: 馻nkrunFixhealth.smx
L 01/07/2026 - 15:39:03: [SM] Call stack trace:
L 01/07/2026 - 15:39:03: [SM]   [0] GetConVarString
L 01/07/2026 - 15:39:03: [SM]   [1] Line 138, C:\Users\Moises\Downloads\Compressed\sourcemod-1.11.0-git6968-windows\addons\sourcemod\scripting\馻nkrunFixhealth.sp::IsTankRunActive
L 01/07/2026 - 15:39:03: [SM]   [2] Line 79, C:\Users\Moises\Downloads\Compressed\sourcemod-1.11.0-git6968-windows\addons\sourcemod\scripting\馻nkrunFixhealth.sp::Event_PlayerDeath
L 01/07/2026 - 15:39:03: [SM] Exception reported: Invalid convar handle 0 (error 4)
L 01/07/2026 - 15:39:03: [SM] Blaming: 馻nkrunFixhealth.smx
L 01/07/2026 - 15:39:03: [SM] Call stack trace:
L 01/07/2026 - 15:39:03: [SM]   [0] GetConVarString
L 01/07/2026 - 15:39:04: [SM]   [1] Line 138, C:\Users\Moises\Downloads\Compressed\sourcemod-1.11.0-git6968-windows\addons\sourcemod\scripting\馻nkrunFixhealth.sp::IsTankRunActive
L 01/07/2026 - 15:39:04: [SM]   [2] Line 79, C:\Users\Moises\Downloads\Compressed\sourcemod-1.11.0-git6968-windows\addons\sourcemod\scripting\馻nkrunFixhealth.sp::Event_PlayerDeath
L 01/07/2026 - 15:39:04: [SM] Exception reported: Invalid convar handle 0 (error 4)
L 01/07/2026 - 15:39:04: [SM] Blaming: 馻nkrunFixhealth.smx
L 01/07/2026 - 15:39:04: [SM] Call stack trace:
L 01/07/2026 - 15:39:04: [SM]   [0] GetConVarString
L 01/07/2026 - 15:39:04: [SM]   [1] Line 138, C:\Users\Moises\Downloads\Compressed\sourcemod-1.11.0-git6968-windows\addons\sourcemod\scripting\馻nkrunFixhealth.sp::IsTankRunActive
L 01/07/2026 - 15:39:04: [SM]   [2] Line 79, C:\Users\Moises\Downloads\Compressed\sourcemod-1.11.0-git6968-windows\addons\sourcemod\scripting\馻nkrunFixhealth.sp::Event_PlayerDeath
L 01/07/2026 - 15:39:05: [SM] Exception reported: Invalid convar handle 0 (error 4)
L 01/07/2026 - 15:39:05: [SM] Blaming: 馻nkrunFixhealth.smx
L 01/07/2026 - 15:39:05: [SM] Call stack trace:
L 01/07/2026 - 15:39:05: [SM]   [0] GetConVarString
L 01/07/2026 - 15:39:05: [SM]   [1] Line 138, C:\Users\Moises\Downloads\Compressed\sourcemod-1.11.0-git6968-windows\addons\sourcemod\scripting\馻nkrunFixhealth.sp::IsTankRunActive
L 01/07/2026 - 15:39:05: [SM]   [2] Line 79, C:\Users\Moises\Downloads\Compressed\sourcemod-1.11.0-git6968-windows\addons\sourcemod\scripting\馻nkrunFixhealth.sp::Event_PlayerDeath
L 01/07/2026 - 15:39:06: [SM] Exception reported: Invalid convar handle 0 (error 4)
L 01/07/2026 - 15:39:06: [SM] Blaming: 馻nkrunFixhealth.smx
L 01/07/2026 - 15:39:06: [SM] Call stack trace:
L 01/07/2026 - 15:39:06: [SM]   [0] GetConVarString
L 01/07/2026 - 15:39:06: [SM]   [1] Line 138, C:\Users\Moises\Downloads\Compressed\sourcemod-1.11.0-git6968-windows\addons\sourcemod\scripting\馻nkrunFixhealth.sp::IsTankRunActive
L 01/07/2026 - 15:39:06: [SM]   [2] Line 79, C:\Users\Moises\Downloads\Compressed\sourcemod-1.11.0-git6968-windows\addons\sourcemod\scripting\馻nkrunFixhealth.sp::Event_PlayerDeath
L 01/07/2026 - 15:39:07: [SM] Exception reported: Language phrase "Type in chat !join To join the survivors" not found (arg 6)
L 01/07/2026 - 15:39:07: [SM] Blaming: l4dmultislots.smx
L 01/07/2026 - 15:39:07: [SM] Call stack trace:
L 01/07/2026 - 15:39:07: [SM]   [0] VFormat
L 01/07/2026 - 15:39:07: [SM]   [1] Line 71, D:\Github\Private-Work\L4D2-鎻掍欢\scripting_1.11\include\multicolors.inc::CPrintToChat
L 01/07/2026 - 15:39:07: [SM]   [2] Line 938, d:\Github\Private-Work\L4D2-鎻掍欢\scripting_1.11\l4dmultislots.sp::Timer_SpecCheck
L 01/07/2026 - 15:39:09: [SM] Exception reported: Invalid convar handle 0 (error 4)
L 01/07/2026 - 15:39:09: [SM] Blaming: 馻nkrunFixhealth.smx
L 01/07/2026 - 15:39:09: [SM] Call stack trace:
L 01/07/2026 - 15:39:09: [SM]   [0] GetConVarString
L 01/07/2026 - 15:39:09: [SM]   [1] Line 138, C:\Users\Moises\Downloads\Compressed\sourcemod-1.11.0-git6968-windows\addons\sourcemod\scripting\馻nkrunFixhealth.sp::IsTankRunActive
L 01/07/2026 - 15:39:09: [SM]   [2] Line 36, C:\Users\Moises\Downloads\Compressed\sourcemod-1.11.0-git6968-windows\addons\sourcemod\scripting\馻nkrunFixhealth.sp::Timer_PeriodicCheck
L 01/07/2026 - 15:39:10: [SM] Exception reported: Invalid convar handle 0 (error 4)
L 01/07/2026 - 15:39:10: [SM] Blaming: 馻nkrunFixhealth.smx
L 01/07/2026 - 15:39:10: [SM] Call stack trace:
L 01/07/2026 - 15:39:10: [SM]   [0] GetConVarString
L 01/07/2026 - 15:39:10: [SM]   [1] Line 138, C:\Users\Moises\Downloads\Compressed\sourcemod-1.11.0-git6968-windows\addons\sourcemod\scripting\馻nkrunFixhealth.sp::IsTankRunActive
L 01/07/2026 - 15:39:10: [SM]   [2] Line 79, C:\Users\Moises\Downloads\Compressed\sourcemod-1.11.0-git6968-windows\addons\sourcemod\scripting\馻nkrunFixhealth.sp::Event_PlayerDeath
L 01/07/2026 - 15:39:11: [SM] Exception reported: Invalid timer handle d4a00407 (error 3)
L 01/07/2026 - 15:39:11: [SM] Blaming: l4d2_playerjoining_v2.smx
L 01/07/2026 - 15:39:11: [SM] Call stack trace:
L 01/07/2026 - 15:39:11: [SM]   [0] KillTimer
L 01/07/2026 - 15:39:11: [SM]   [1] Line 53, C:\Users\Moises\Downloads\Compressed\sourcemod-1.11.0-git6968-windows\addons\sourcemod\scripting\l4d2_playerjoining_v2.sp::OnClientDisconnect
L 01/07/2026 - 15:39:12: [SM] Exception reported: Invalid convar handle 0 (error 4)
L 01/07/2026 - 15:39:12: [SM] Blaming: 馻nkrunFixhealth.smx
L 01/07/2026 - 15:39:12: [SM] Call stack trace:
L 01/07/2026 - 15:39:12: [SM]   [0] GetConVarString
L 01/07/2026 - 15:39:12: [SM]   [1] Line 138, C:\Users\Moises\Downloads\Compressed\sourcemod-1.11.0-git6968-windows\addons\sourcemod\scripting\馻nkrunFixhealth.sp::IsTankRunActive
L 01/07/2026 - 15:39:12: [SM]   [2] Line 79, C:\Users\Moises\Downloads\Compressed\sourcemod-1.11.0-git6968-windows\addons\sourcemod\scripting\馻nkrunFixhealth.sp::Event_PlayerDeath
L 01/07/2026 - 15:39:13: [SM] Exception reported: Invalid timer handle abf00407 (error 3)
L 01/07/2026 - 15:39:13: [SM] Blaming: l4d2_playerjoining_v2.smx
L 01/07/2026 - 15:39:13: [SM] Call stack trace:
L 01/07/2026 - 15:39:13: [SM]   [0] KillTimer
L 01/07/2026 - 15:39:13: [SM]   [1] Line 53, C:\Users\Moises\Downloads\Compressed\sourcemod-1.11.0-git6968-windows\addons\sourcemod\scripting\l4d2_playerjoining_v2.sp::OnClientDisconnect
L 01/07/2026 - 15:39:17: [SM] Exception reported: Invalid convar handle 0 (error 4)
L 01/07/2026 - 15:39:17: [SM] Blaming: 馻nkrunFixhealth.smx
L 01/07/2026 - 15:39:17: [SM] Call stack trace:
L 01/07/2026 - 15:39:17: [SM]   [0] GetConVarString
L 01/07/2026 - 15:39:17: [SM]   [1] Line 138, C:\Users\Moises\Downloads\Compressed\sourcemod-1.11.0-git6968-windows\addons\sourcemod\scripting\馻nkrunFixhealth.sp::IsTankRunActive
L 01/07/2026 - 15:39:17: [SM]   [2] Line 79, C:\Users\Moises\Downloads\Compressed\sourcemod-1.11.0-git6968-windows\addons\sourcemod\scripting\馻nkrunFixhealth.sp::Event_PlayerDeath
L 01/07/2026 - 15:39:19: [SM] Exception reported: Invalid convar handle 0 (error 4)
L 01/07/2026 - 15:39:19: [SM] Blaming: 馻nkrunFixhealth.smx
L 01/07/2026 - 15:39:19: [SM] Call stack trace:
L 01/07/2026 - 15:39:19: [SM]   [0] GetConVarString
L 01/07/2026 - 15:39:19: [SM]   [1] Line 138, C:\Users\Moises\Downloads\Compressed\sourcemod-1.11.0-git6968-windows\addons\sourcemod\scripting\馻nkrunFixhealth.sp::IsTankRunActive
L 01/07/2026 - 15:39:19: [SM]   [2] Line 36, C:\Users\Moises\Downloads\Compressed\sourcemod-1.11.0-git6968-windows\addons\sourcemod\scripting\馻nkrunFixhealth.sp::Timer_PeriodicCheck
L 01/07/2026 - 15:39:22: [SM] Exception reported: Invalid convar handle 0 (error 4)
L 01/07/2026 - 15:39:22: [SM] Blaming: 馻nkrunFixhealth.smx
L 01/07/2026 - 15:39:22: [SM] Call stack trace:
L 01/07/2026 - 15:39:22: [SM]   [0] GetConVarString
L 01/07/2026 - 15:39:22: [SM]   [1] Line 138, C:\Users\Moises\Downloads\Compressed\sourcemod-1.11.0-git6968-windows\addons\sourcemod\scripting\馻nkrunFixhealth.sp::IsTankRunActive
L 01/07/2026 - 15:39:22: [SM]   [2] Line 79, C:\Users\Moises\Downloads\Compressed\sourcemod-1.11.0-git6968-windows\addons\sourcemod\scripting\馻nkrunFixhealth.sp::Event_PlayerDeath
L 01/07/2026 - 15:39:24: [SM] Exception reported: Invalid timer handle 71800425 (error 3)
L 01/07/2026 - 15:39:24: [SM] Blaming: l4d2_playerjoining_v2.smx
L 01/07/2026 - 15:39:24: [SM] Call stack trace:
L 01/07/2026 - 15:39:24: [SM]   [0] KillTimer
L 01/07/2026 - 15:39:24: [SM]   [1] Line 53, C:\Users\Moises\Downloads\Compressed\sourcemod-1.11.0-git6968-windows\addons\sourcemod\scripting\l4d2_playerjoining_v2.sp::OnClientDisconnect
L 01/07/2026 - 15:39:25: [SM] Exception reported: Invalid convar handle 0 (error 4)
L 01/07/2026 - 15:39:25: [SM] Blaming: 馻nkrunFixhealth.smx
L 01/07/2026 - 15:39:25: [SM] Call stack trace:
L 01/07/2026 - 15:39:25: [SM]   [0] GetConVarString
L 01/07/2026 - 15:39:25: [SM]   [1] Line 138, C:\Users\Moises\Downloads\Compressed\sourcemod-1.11.0-git6968-windows\addons\sourcemod\scripting\馻nkrunFixhealth.sp::IsTankRunActive
L 01/07/2026 - 15:39:25: [SM]   [2] Line 79, C:\Users\Moises\Downloads\Compressed\sourcemod-1.11.0-git6968-windows\addons\sourcemod\scripting\馻nkrunFixhealth.sp::Event_PlayerDeath
L 01/07/2026 - 15:39:25: [SM] Exception reported: Invalid convar handle 0 (error 4)
L 01/07/2026 - 15:39:25: [SM] Blaming: 馻nkrunFixhealth.smx
L 01/07/2026 - 15:39:25: [SM] Call stack trace:
L 01/07/2026 - 15:39:25: [SM]   [0] GetConVarString
L 01/07/2026 - 15:39:25: [SM]   [1] Line 138, C:\Users\Moises\Downloads\Compressed\sourcemod-1.11.0-git6968-windows\addons\sourcemod\scripting\馻nkrunFixhealth.sp::IsTankRunActive
L 01/07/2026 - 15:39:25: [SM]   [2] Line 79, C:\Users\Moises\Downloads\Compressed\sourcemod-1.11.0-git6968-windows\addons\sourcemod\scripting\馻nkrunFixhealth.sp::Event_PlayerDeath
L 01/07/2026 - 15:39:29: [SM] Exception reported: Invalid convar handle 0 (error 4)
L 01/07/2026 - 15:39:29: [SM] Blaming: 馻nkrunFixhealth.smx
L 01/07/2026 - 15:39:29: [SM] Call stack trace:
L 01/07/2026 - 15:39:29: [SM]   [0] GetConVarString
L 01/07/2026 - 15:39:29: [SM]   [1] Line 138, C:\Users\Moises\Downloads\Compressed\sourcemod-1.11.0-git6968-windows\addons\sourcemod\scripting\馻nkrunFixhealth.sp::IsTankRunActive
L 01/07/2026 - 15:39:29: [SM]   [2] Line 36, C:\Users\Moises\Downloads\Compressed\sourcemod-1.11.0-git6968-windows\addons\sourcemod\scripting\馻nkrunFixhealth.sp::Timer_PeriodicCheck
L 01/07/2026 - 15:39:29: [SM] Exception reported: Invalid timer handle 34900413 (error 3)
L 01/07/2026 - 15:39:29: [SM] Blaming: l4d2_playerjoining_v2.smx
L 01/07/2026 - 15:39:29: [SM] Call stack trace:
L 01/07/2026 - 15:39:29: [SM]   [0] KillTimer
L 01/07/2026 - 15:39:29: [SM]   [1] Line 53, C:\Users\Moises\Downloads\Compressed\sourcemod-1.11.0-git6968-windows\addons\sourcemod\scripting\l4d2_playerjoining_v2.sp::OnClientDisconnect
L 01/07/2026 - 15:39:31: [SM] Exception reported: Invalid convar handle 0 (error 4)
L 01/07/2026 - 15:39:31: [SM] Blaming: 馻nkrunFixhealth.smx
L 01/07/2026 - 15:39:31: [SM] Call stack trace:
L 01/07/2026 - 15:39:31: [SM]   [0] GetConVarString
L 01/07/2026 - 15:39:31: [SM]   [1] Line 138, C:\Users\Moises\Downloads\Compressed\sourcemod-1.11.0-git6968-windows\addons\sourcemod\scripting\馻nkrunFixhealth.sp::IsTankRunActive
L 01/07/2026 - 15:39:31: [SM]   [2] Line 79, C:\Users\Moises\Downloads\Compressed\sourcemod-1.11.0-git6968-windows\addons\sourcemod\scripting\馻nkrunFixhealth.sp::Event_PlayerDeath
L 01/07/2026 - 15:39:32: [SM] Exception reported: Invalid convar handle 0 (error 4)
L 01/07/2026 - 15:39:32: [SM] Blaming: 馻nkrunFixhealth.smx
L 01/07/2026 - 15:39:32: [SM] Call stack trace:
L 01/07/2026 - 15:39:32: [SM]   [0] GetConVarString
L 01/07/2026 - 15:39:32: [SM]   [1] Line 138, C:\Users\Moises\Downloads\Compressed\sourcemod-1.11.0-git6968-windows\addons\sourcemod\scripting\馻nkrunFixhealth.sp::IsTankRunActive
L 01/07/2026 - 15:39:32: [SM]   [2] Line 79, C:\Users\Moises\Downloads\Compressed\sourcemod-1.11.0-git6968-windows\addons\sourcemod\scripting\馻nkrunFixhealth.sp::Event_PlayerDeath
L 01/07/2026 - 15:39:32: [SM] Exception reported: Language phrase "Type in chat !join To join the survivors" not found (arg 6)
L 01/07/2026 - 15:39:32: [SM] Blaming: l4dmultislots.smx
L 01/07/2026 - 15:39:32: [SM] Call stack trace:
L 01/07/2026 - 15:39:32: [SM]   [0] VFormat
L 01/07/2026 - 15:39:32: [SM]   [1] Line 71, D:\Github\Private-Work\L4D2-鎻掍欢\scripting_1.11\include\multicolors.inc::CPrintToChat
L 01/07/2026 - 15:39:32: [SM]   [2] Line 938, d:\Github\Private-Work\L4D2-鎻掍欢\scripting_1.11\l4dmultislots.sp::Timer_SpecCheck
L 01/07/2026 - 15:39:33: [SM] Exception reported: Invalid convar handle 0 (error 4)
L 01/07/2026 - 15:39:33: [SM] Blaming: 馻nkrunFixhealth.smx
L 01/07/2026 - 15:39:33: [SM] Call stack trace:
L 01/07/2026 - 15:39:33: [SM]   [0] GetConVarString
L 01/07/2026 - 15:39:33: [SM]   [1] Line 138, C:\Users\Moises\Downloads\Compressed\sourcemod-1.11.0-git6968-windows\addons\sourcemod\scripting\馻nkrunFixhealth.sp::IsTankRunActive
L 01/07/2026 - 15:39:33: [SM]   [2] Line 79, C:\Users\Moises\Downloads\Compressed\sourcemod-1.11.0-git6968-windows\addons\sourcemod\scripting\馻nkrunFixhealth.sp::Event_PlayerDeath
L 01/07/2026 - 15:39:34: [SM] Exception reported: Invalid convar handle 0 (error 4)
L 01/07/2026 - 15:39:34: [SM] Blaming: 馻nkrunFixhealth.smx
L 01/07/2026 - 15:39:34: [SM] Call stack trace:
L 01/07/2026 - 15:39:34: [SM]   [0] GetConVarString
L 01/07/2026 - 15:39:34: [SM]   [1] Line 138, C:\Users\Moises\Downloads\Compressed\sourcemod-1.11.0-git6968-windows\addons\sourcemod\scripting\馻nkrunFixhealth.sp::IsTankRunActive
L 01/07/2026 - 15:39:34: [SM]   [2] Line 79, C:\Users\Moises\Downloads\Compressed\sourcemod-1.11.0-git6968-windows\addons\sourcemod\scripting\馻nkrunFixhealth.sp::Event_PlayerDeath
L 01/07/2026 - 15:39:36: [SM] Exception reported: Invalid convar handle 0 (error 4)
L 01/07/2026 - 15:39:36: [SM] Blaming: 馻nkrunFixhealth.smx
L 01/07/2026 - 15:39:36: [SM] Call stack trace:
L 01/07/2026 - 15:39:36: [SM]   [0] GetConVarString
L 01/07/2026 - 15:39:36: [SM]   [1] Line 138, C:\Users\Moises\Downloads\Compressed\sourcemod-1.11.0-git6968-windows\addons\sourcemod\scripting\馻nkrunFixhealth.sp::IsTankRunActive
L 01/07/2026 - 15:39:36: [SM]   [2] Line 79, C:\Users\Moises\Downloads\Compressed\sourcemod-1.11.0-git6968-windows\addons\sourcemod\scripting\馻nkrunFixhealth.sp::Event_PlayerDeath
L 01/07/2026 - 15:39:36: [SM] Exception reported: Invalid convar handle 0 (error 4)
L 01/07/2026 - 15:39:36: [SM] Blaming: 馻nkrunFixhealth.smx
L 01/07/2026 - 15:39:36: [SM] Call stack trace:
L 01/07/2026 - 15:39:36: [SM]   [0] GetConVarString
L 01/07/2026 - 15:39:36: [SM]   [1] Line 138, C:\Users\Moises\Downloads\Compressed\sourcemod-1.11.0-git6968-windows\addons\sourcemod\scripting\馻nkrunFixhealth.sp::IsTankRunActive
L 01/07/2026 - 15:39:36: [SM]   [2] Line 79, C:\Users\Moises\Downloads\Compressed\sourcemod-1.11.0-git6968-windows\addons\sourcemod\scripting\馻nkrunFixhealth.sp::Event_PlayerDeath
L 01/07/2026 - 15:39:36: [SM] Exception reported: Invalid convar handle 0 (error 4)
L 01/07/2026 - 15:39:36: [SM] Blaming: 馻nkrunFixhealth.smx
L 01/07/2026 - 15:39:36: [SM] Call stack trace:
L 01/07/2026 - 15:39:36: [SM]   [0] GetConVarString
L 01/07/2026 - 15:39:36: [SM]   [1] Line 138, C:\Users\Moises\Downloads\Compressed\sourcemod-1.11.0-git6968-windows\addons\sourcemod\scripting\馻nkrunFixhealth.sp::IsTankRunActive
L 01/07/2026 - 15:39:36: [SM]   [2] Line 79, C:\Users\Moises\Downloads\Compressed\sourcemod-1.11.0-git6968-windows\addons\sourcemod\scripting\馻nkrunFixhealth.sp::Event_PlayerDeath
L 01/07/2026 - 15:39:38: [SM] Exception reported: Invalid convar handle 0 (error 4)
L 01/07/2026 - 15:39:38: [SM] Blaming: 馻nkrunFixhealth.smx
L 01/07/2026 - 15:39:38: [SM] Call stack trace:
L 01/07/2026 - 15:39:38: [SM]   [0] GetConVarString
L 01/07/2026 - 15:39:38: [SM]   [1] Line 138, C:\Users\Moises\Downloads\Compressed\sourcemod-1.11.0-git6968-windows\addons\sourcemod\scripting\馻nkrunFixhealth.sp::IsTankRunActive
L 01/07/2026 - 15:39:38: [SM]   [2] Line 79, C:\Users\Moises\Downloads\Compressed\sourcemod-1.11.0-git6968-windows\addons\sourcemod\scripting\馻nkrunFixhealth.sp::Event_PlayerDeath
L 01/07/2026 - 15:39:39: [SM] Exception reported: Invalid convar handle 0 (error 4)
L 01/07/2026 - 15:39:39: [SM] Blaming: 馻nkrunFixhealth.smx
L 01/07/2026 - 15:39:39: [SM] Call stack trace:
L 01/07/2026 - 15:39:39: [SM]   [0] GetConVarString
L 01/07/2026 - 15:39:39: [SM]   [1] Line 138, C:\Users\Moises\Downloads\Compressed\sourcemod-1.11.0-git6968-windows\addons\sourcemod\scripting\馻nkrunFixhealth.sp::IsTankRunActive
L 01/07/2026 - 15:39:39: [SM]   [2] Line 36, C:\Users\Moises\Downloads\Compressed\sourcemod-1.11.0-git6968-windows\addons\sourcemod\scripting\馻nkrunFixhealth.sp::Timer_PeriodicCheck
L 01/07/2026 - 15:39:39: [SM] Exception reported: Invalid convar handle 0 (error 4)
L 01/07/2026 - 15:39:39: [SM] Blaming: 馻nkrunFixhealth.smx
L 01/07/2026 - 15:39:39: [SM] Call stack trace:
L 01/07/2026 - 15:39:39: [SM]   [0] GetConVarString
L 01/07/2026 - 15:39:39: [SM]   [1] Line 138, C:\Users\Moises\Downloads\Compressed\sourcemod-1.11.0-git6968-windows\addons\sourcemod\scripting\馻nkrunFixhealth.sp::IsTankRunActive
L 01/07/2026 - 15:39:39: [SM]   [2] Line 79, C:\Users\Moises\Downloads\Compressed\sourcemod-1.11.0-git6968-windows\addons\sourcemod\scripting\馻nkrunFixhealth.sp::Event_PlayerDeath
L 01/07/2026 - 15:39:43: [SM] Exception reported: Invalid convar handle 0 (error 4)
L 01/07/2026 - 15:39:43: [SM] Blaming: 馻nkrunFixhealth.smx
L 01/07/2026 - 15:39:43: [SM] Call stack trace:
L 01/07/2026 - 15:39:43: [SM]   [0] GetConVarString
L 01/07/2026 - 15:39:43: [SM]   [1] Line 138, C:\Users\Moises\Downloads\Compressed\sourcemod-1.11.0-git6968-windows\addons\sourcemod\scripting\馻nkrunFixhealth.sp::IsTankRunActive
L 01/07/2026 - 15:39:43: [SM]   [2] Line 79, C:\Users\Moises\Downloads\Compressed\sourcemod-1.11.0-git6968-windows\addons\sourcemod\scripting\馻nkrunFixhealth.sp::Event_PlayerDeath
L 01/07/2026 - 15:39:45: [SM] Exception reported: Invalid timer handle abf00407 (error 3)
L 01/07/2026 - 15:39:45: [SM] Blaming: l4d2_playerjoining_v2.smx
L 01/07/2026 - 15:39:45: [SM] Call stack trace:
L 01/07/2026 - 15:39:45: [SM]   [0] KillTimer
L 01/07/2026 - 15:39:45: [SM]   [1] Line 53, C:\Users\Moises\Downloads\Compressed\sourcemod-1.11.0-git6968-windows\addons\sourcemod\scripting\l4d2_playerjoining_v2.sp::OnClientDisconnect
L 01/07/2026 - 15:39:47: [SM] Exception reported: Invalid convar handle 0 (error 4)
L 01/07/2026 - 15:39:47: [SM] Blaming: 馻nkrunFixhealth.smx
L 01/07/2026 - 15:39:47: [SM] Call stack trace:
L 01/07/2026 - 15:39:47: [SM]   [0] GetConVarString
L 01/07/2026 - 15:39:47: [SM]   [1] Line 138, C:\Users\Moises\Downloads\Compressed\sourcemod-1.11.0-git6968-windows\addons\sourcemod\scripting\馻nkrunFixhealth.sp::IsTankRunActive
L 01/07/2026 - 15:39:47: [SM]   [2] Line 79, C:\Users\Moises\Downloads\Compressed\sourcemod-1.11.0-git6968-windows\addons\sourcemod\scripting\馻nkrunFixhealth.sp::Event_PlayerDeath
L 01/07/2026 - 15:39:49: [SM] Exception reported: Invalid convar handle 0 (error 4)
L 01/07/2026 - 15:39:49: [SM] Blaming: 馻nkrunFixhealth.smx
L 01/07/2026 - 15:39:49: [SM] Call stack trace:
L 01/07/2026 - 15:39:49: [SM]   [0] GetConVarString
L 01/07/2026 - 15:39:49: [SM]   [1] Line 138, C:\Users\Moises\Downloads\Compressed\sourcemod-1.11.0-git6968-windows\addons\sourcemod\scripting\馻nkrunFixhealth.sp::IsTankRunActive
L 01/07/2026 - 15:39:49: [SM]   [2] Line 79, C:\Users\Moises\Downloads\Compressed\sourcemod-1.11.0-git6968-windows\addons\sourcemod\scripting\馻nkrunFixhealth.sp::Event_PlayerDeath
L 01/07/2026 - 15:39:49: [SM] Exception reported: Invalid convar handle 0 (error 4)
L 01/07/2026 - 15:39:49: [SM] Blaming: 馻nkrunFixhealth.smx
L 01/07/2026 - 15:39:49: [SM] Call stack trace:
L 01/07/2026 - 15:39:49: [SM]   [0] GetConVarString
L 01/07/2026 - 15:39:49: [SM]   [1] Line 138, C:\Users\Moises\Downloads\Compressed\sourcemod-1.11.0-git6968-windows\addons\sourcemod\scripting\馻nkrunFixhealth.sp::IsTankRunActive
L 01/07/2026 - 15:39:49: [SM]   [2] Line 36, C:\Users\Moises\Downloads\Compressed\sourcemod-1.11.0-git6968-windows\addons\sourcemod\scripting\馻nkrunFixhealth.sp::Timer_PeriodicCheck
L 01/07/2026 - 15:39:52: [SM] Exception reported: Invalid convar handle 0 (error 4)
L 01/07/2026 - 15:39:52: [SM] Blaming: 馻nkrunFixhealth.smx
L 01/07/2026 - 15:39:52: [SM] Call stack trace:
L 01/07/2026 - 15:39:52: [SM]   [0] GetConVarString
L 01/07/2026 - 15:39:52: [SM]   [1] Line 138, C:\Users\Moises\Downloads\Compressed\sourcemod-1.11.0-git6968-windows\addons\sourcemod\scripting\馻nkrunFixhealth.sp::IsTankRunActive
L 01/07/2026 - 15:39:52: [SM]   [2] Line 79, C:\Users\Moises\Downloads\Compressed\sourcemod-1.11.0-git6968-windows\addons\sourcemod\scripting\馻nkrunFixhealth.sp::Event_PlayerDeath
L 01/07/2026 - 15:39:53: [SM] Exception reported: Invalid convar handle 0 (error 4)
L 01/07/2026 - 15:39:53: [SM] Blaming: 馻nkrunFixhealth.smx
L 01/07/2026 - 15:39:53: [SM] Call stack trace:
L 01/07/2026 - 15:39:53: [SM]   [0] GetConVarString
L 01/07/2026 - 15:39:53: [SM]   [1] Line 138, C:\Users\Moises\Downloads\Compressed\sourcemod-1.11.0-git6968-windows\addons\sourcemod\scripting\馻nkrunFixhealth.sp::IsTankRunActive
L 01/07/2026 - 15:39:53: [SM]   [2] Line 79, C:\Users\Moises\Downloads\Compressed\sourcemod-1.11.0-git6968-windows\addons\sourcemod\scripting\馻nkrunFixhealth.sp::Event_PlayerDeath
L 01/07/2026 - 15:39:54: [SM] Exception reported: Invalid convar handle 0 (error 4)
L 01/07/2026 - 15:39:54: [SM] Blaming: 馻nkrunFixhealth.smx
L 01/07/2026 - 15:39:54: [SM] Call stack trace:
L 01/07/2026 - 15:39:54: [SM]   [0] GetConVarString
L 01/07/2026 - 15:39:54: [SM]   [1] Line 138, C:\Users\Moises\Downloads\Compressed\sourcemod-1.11.0-git6968-windows\addons\sourcemod\scripting\馻nkrunFixhealth.sp::IsTankRunActive
L 01/07/2026 - 15:39:54: [SM]   [2] Line 79, C:\Users\Moises\Downloads\Compressed\sourcemod-1.11.0-git6968-windows\addons\sourcemod\scripting\馻nkrunFixhealth.sp::Event_PlayerDeath
L 01/07/2026 - 15:39:54: [SM] Exception reported: Invalid convar handle 0 (error 4)
L 01/07/2026 - 15:39:54: [SM] Blaming: 馻nkrunFixhealth.smx
L 01/07/2026 - 15:39:54: [SM] Call stack trace:
L 01/07/2026 - 15:39:54: [SM]   [0] GetConVarString
L 01/07/2026 - 15:39:54: [SM]   [1] Line 138, C:\Users\Moises\Downloads\Compressed\sourcemod-1.11.0-git6968-windows\addons\sourcemod\scripting\馻nkrunFixhealth.sp::IsTankRunActive
L 01/07/2026 - 15:39:54: [SM]   [2] Line 79, C:\Users\Moises\Downloads\Compressed\sourcemod-1.11.0-git6968-windows\addons\sourcemod\scripting\馻nkrunFixhealth.sp::Event_PlayerDeath
L 01/07/2026 - 15:39:56: [SM] Exception reported: Invalid convar handle 0 (error 4)
L 01/07/2026 - 15:39:56: [SM] Blaming: 馻nkrunFixhealth.smx
L 01/07/2026 - 15:39:56: [SM] Call stack trace:
L 01/07/2026 - 15:39:56: [SM]   [0] GetConVarString
L 01/07/2026 - 15:39:56: [SM]   [1] Line 138, C:\Users\Moises\Downloads\Compressed\sourcemod-1.11.0-git6968-windows\addons\sourcemod\scripting\馻nkrunFixhealth.sp::IsTankRunActive
L 01/07/2026 - 15:39:56: [SM]   [2] Line 79, C:\Users\Moises\Downloads\Compressed\sourcemod-1.11.0-git6968-windows\addons\sourcemod\scripting\馻nkrunFixhealth.sp::Event_PlayerDeath
L 01/07/2026 - 15:39:57: [SM] Exception reported: Language phrase "Type in chat !join To join the survivors" not found (arg 6)
L 01/07/2026 - 15:39:57: [SM] Blaming: l4dmultislots.smx
L 01/07/2026 - 15:39:57: [SM] Call stack trace:
L 01/07/2026 - 15:39:57: [SM]   [0] VFormat
L 01/07/2026 - 15:39:57: [SM]   [1] Line 71, D:\Github\Private-Work\L4D2-鎻掍欢\scripting_1.11\include\multicolors.inc::CPrintToChat
L 01/07/2026 - 15:39:57: [SM]   [2] Line 938, d:\Github\Private-Work\L4D2-鎻掍欢\scripting_1.11\l4dmultislots.sp::Timer_SpecCheck
L 01/07/2026 - 15:39:58: [SM] Exception reported: Invalid convar handle 0 (error 4)
L 01/07/2026 - 15:39:58: [SM] Blaming: 馻nkrunFixhealth.smx
L 01/07/2026 - 15:39:58: [SM] Call stack trace:
L 01/07/2026 - 15:39:58: [SM]   [0] GetConVarString
L 01/07/2026 - 15:39:58: [SM]   [1] Line 138, C:\Users\Moises\Downloads\Compressed\sourcemod-1.11.0-git6968-windows\addons\sourcemod\scripting\馻nkrunFixhealth.sp::IsTankRunActive
L 01/07/2026 - 15:39:58: [SM]   [2] Line 79, C:\Users\Moises\Downloads\Compressed\sourcemod-1.11.0-git6968-windows\addons\sourcemod\scripting\馻nkrunFixhealth.sp::Event_PlayerDeath
L 01/07/2026 - 15:39:58: [SM] Exception reported: Invalid convar handle 0 (error 4)
L 01/07/2026 - 15:39:58: [SM] Blaming: 馻nkrunFixhealth.smx
L 01/07/2026 - 15:39:58: [SM] Call stack trace:
L 01/07/2026 - 15:39:58: [SM]   [0] GetConVarString
L 01/07/2026 - 15:39:58: [SM]   [1] Line 138, C:\Users\Moises\Downloads\Compressed\sourcemod-1.11.0-git6968-windows\addons\sourcemod\scripting\馻nkrunFixhealth.sp::IsTankRunActive
L 01/07/2026 - 15:39:58: [SM]   [2] Line 79, C:\Users\Moises\Downloads\Compressed\sourcemod-1.11.0-git6968-windows\addons\sourcemod\scripting\馻nkrunFixhealth.sp::Event_PlayerDeath
L 01/07/2026 - 15:39:58: [SM] Exception reported: Invalid convar handle 0 (error 4)
L 01/07/2026 - 15:39:58: [SM] Blaming: 馻nkrunFixhealth.smx
L 01/07/2026 - 15:39:58: [SM] Call stack trace:
L 01/07/2026 - 15:39:58: [SM]   [0] GetConVarString
L 01/07/2026 - 15:39:58: [SM]   [1] Line 138, C:\Users\Moises\Downloads\Compressed\sourcemod-1.11.0-git6968-windows\addons\sourcemod\scripting\馻nkrunFixhealth.sp::IsTankRunActive
L 01/07/2026 - 15:39:58: [SM]   [2] Line 79, C:\Users\Moises\Downloads\Compressed\sourcemod-1.11.0-git6968-windows\addons\sourcemod\scripting\馻nkrunFixhealth.sp::Event_PlayerDeath
L 01/07/2026 - 15:39:59: [SM] Exception reported: Invalid convar handle 0 (error 4)
L 01/07/2026 - 15:39:59: [SM] Blaming: 馻nkrunFixhealth.smx
L 01/07/2026 - 15:39:59: [SM] Call stack trace:
L 01/07/2026 - 15:39:59: [SM]   [0] GetConVarString
L 01/07/2026 - 15:39:59: [SM]   [1] Line 138, C:\Users\Moises\Downloads\Compressed\sourcemod-1.11.0-git6968-windows\addons\sourcemod\scripting\馻nkrunFixhealth.sp::IsTankRunActive
L 01/07/2026 - 15:39:59: [SM]   [2] Line 79, C:\Users\Moises\Downloads\Compressed\sourcemod-1.11.0-git6968-windows\addons\sourcemod\scripting\馻nkrunFixhealth.sp::Event_PlayerDeath
L 01/07/2026 - 15:39:59: [SM] Exception reported: Invalid convar handle 0 (error 4)
L 01/07/2026 - 15:39:59: [SM] Blaming: 馻nkrunFixhealth.smx
L 01/07/2026 - 15:39:59: [SM] Call stack trace:
L 01/07/2026 - 15:39:59: [SM]   [0] GetConVarString
L 01/07/2026 - 15:39:59: [SM]   [1] Line 138, C:\Users\Moises\Downloads\Compressed\sourcemod-1.11.0-git6968-windows\addons\sourcemod\scripting\馻nkrunFixhealth.sp::IsTankRunActive
L 01/07/2026 - 15:39:59: [SM]   [2] Line 36, C:\Users\Moises\Downloads\Compressed\sourcemod-1.11.0-git6968-windows\addons\sourcemod\scripting\馻nkrunFixhealth.sp::Timer_PeriodicCheck
L 01/07/2026 - 15:40:00: [SM] Exception reported: Invalid convar handle 0 (error 4)
L 01/07/2026 - 15:40:00: [SM] Blaming: 馻nkrunFixhealth.smx
L 01/07/2026 - 15:40:00: [SM] Call stack trace:
L 01/07/2026 - 15:40:00: [SM]   [0] GetConVarString
L 01/07/2026 - 15:40:00: [SM]   [1] Line 138, C:\Users\Moises\Downloads\Compressed\sourcemod-1.11.0-git6968-windows\addons\sourcemod\scripting\馻nkrunFixhealth.sp::IsTankRunActive
L 01/07/2026 - 15:40:00: [SM]   [2] Line 79, C:\Users\Moises\Downloads\Compressed\sourcemod-1.11.0-git6968-windows\addons\sourcemod\scripting\馻nkrunFixhealth.sp::Event_PlayerDeath
L 01/07/2026 - 15:40:00: [SM] Exception reported: Invalid convar handle 0 (error 4)
L 01/07/2026 - 15:40:00: [SM] Blaming: 馻nkrunFixhealth.smx
L 01/07/2026 - 15:40:00: [SM] Call stack trace:
L 01/07/2026 - 15:40:00: [SM]   [0] GetConVarString
L 01/07/2026 - 15:40:00: [SM]   [1] Line 138, C:\Users\Moises\Downloads\Compressed\sourcemod-1.11.0-git6968-windows\addons\sourcemod\scripting\馻nkrunFixhealth.sp::IsTankRunActive
L 01/07/2026 - 15:40:00: [SM]   [2] Line 79, C:\Users\Moises\Downloads\Compressed\sourcemod-1.11.0-git6968-windows\addons\sourcemod\scripting\馻nkrunFixhealth.sp::Event_PlayerDeath
L 01/07/2026 - 15:40:02: [SM] Exception reported: Invalid convar handle 0 (error 4)
L 01/07/2026 - 15:40:02: [SM] Blaming: 馻nkrunFixhealth.smx
L 01/07/2026 - 15:40:02: [SM] Call stack trace:
L 01/07/2026 - 15:40:02: [SM]   [0] GetConVarString
L 01/07/2026 - 15:40:02: [SM]   [1] Line 138, C:\Users\Moises\Downloads\Compressed\sourcemod-1.11.0-git6968-windows\addons\sourcemod\scripting\馻nkrunFixhealth.sp::IsTankRunActive
L 01/07/2026 - 15:40:02: [SM]   [2] Line 79, C:\Users\Moises\Downloads\Compressed\sourcemod-1.11.0-git6968-windows\addons\sourcemod\scripting\馻nkrunFixhealth.sp::Event_PlayerDeath
L 01/07/2026 - 15:40:06: [SM] Exception reported: Invalid timer handle abf00407 (error 3)
L 01/07/2026 - 15:40:06: [SM] Blaming: l4d2_playerjoining_v2.smx
L 01/07/2026 - 15:40:06: [SM] Call stack trace:
L 01/07/2026 - 15:40:06: [SM]   [0] KillTimer
L 01/07/2026 - 15:40:06: [SM]   [1] Line 53, C:\Users\Moises\Downloads\Compressed\sourcemod-1.11.0-git6968-windows\addons\sourcemod\scripting\l4d2_playerjoining_v2.sp::OnClientDisconnect
L 01/07/2026 - 15:40:08: [SM] Exception reported: Invalid convar handle 0 (error 4)
L 01/07/2026 - 15:40:08: [SM] Blaming: 馻nkrunFixhealth.smx
L 01/07/2026 - 15:40:08: [SM] Call stack trace:
L 01/07/2026 - 15:40:08: [SM]   [0] GetConVarString
L 01/07/2026 - 15:40:08: [SM]   [1] Line 138, C:\Users\Moises\Downloads\Compressed\sourcemod-1.11.0-git6968-windows\addons\sourcemod\scripting\馻nkrunFixhealth.sp::IsTankRunActive
L 01/07/2026 - 15:40:08: [SM]   [2] Line 79, C:\Users\Moises\Downloads\Compressed\sourcemod-1.11.0-git6968-windows\addons\sourcemod\scripting\馻nkrunFixhealth.sp::Event_PlayerDeath
L 01/07/2026 - 15:40:08: [SM] Exception reported: Invalid convar handle 0 (error 4)
L 01/07/2026 - 15:40:08: [SM] Blaming: 馻nkrunFixhealth.smx
L 01/07/2026 - 15:40:08: [SM] Call stack trace:
L 01/07/2026 - 15:40:08: [SM]   [0] GetConVarString
L 01/07/2026 - 15:40:08: [SM]   [1] Line 138, C:\Users\Moises\Downloads\Compressed\sourcemod-1.11.0-git6968-windows\addons\sourcemod\scripting\馻nkrunFixhealth.sp::IsTankRunActive
L 01/07/2026 - 15:40:08: [SM]   [2] Line 79, C:\Users\Moises\Downloads\Compressed\sourcemod-1.11.0-git6968-windows\addons\sourcemod\scripting\馻nkrunFixhealth.sp::Event_PlayerDeath
L 01/07/2026 - 15:40:09: [SM] Exception reported: Invalid convar handle 0 (error 4)
L 01/07/2026 - 15:40:09: [SM] Blaming: 馻nkrunFixhealth.smx
L 01/07/2026 - 15:40:09: [SM] Call stack trace:
L 01/07/2026 - 15:40:09: [SM]   [0] GetConVarString
L 01/07/2026 - 15:40:09: [SM]   [1] Line 138, C:\Users\Moises\Downloads\Compressed\sourcemod-1.11.0-git6968-windows\addons\sourcemod\scripting\馻nkrunFixhealth.sp::IsTankRunActive
L 01/07/2026 - 15:40:09: [SM]   [2] Line 36, C:\Users\Moises\Downloads\Compressed\sourcemod-1.11.0-git6968-windows\addons\sourcemod\scripting\馻nkrunFixhealth.sp::Timer_PeriodicCheck
L 01/07/2026 - 15:40:10: [SM] Exception reported: Invalid convar handle 0 (error 4)
L 01/07/2026 - 15:40:10: [SM] Blaming: 馻nkrunFixhealth.smx
L 01/07/2026 - 15:40:10: [SM] Call stack trace:
L 01/07/2026 - 15:40:10: [SM]   [0] GetConVarString
L 01/07/2026 - 15:40:10: [SM]   [1] Line 138, C:\Users\Moises\Downloads\Compressed\sourcemod-1.11.0-git6968-windows\addons\sourcemod\scripting\馻nkrunFixhealth.sp::IsTankRunActive
L 01/07/2026 - 15:40:10: [SM]   [2] Line 79, C:\Users\Moises\Downloads\Compressed\sourcemod-1.11.0-git6968-windows\addons\sourcemod\scripting\馻nkrunFixhealth.sp::Event_PlayerDeath
L 01/07/2026 - 15:40:10: [SM] Exception reported: Invalid convar handle 0 (error 4)
L 01/07/2026 - 15:40:10: [SM] Blaming: 馻nkrunFixhealth.smx
L 01/07/2026 - 15:40:10: [SM] Call stack trace:
L 01/07/2026 - 15:40:10: [SM]   [0] GetConVarString
L 01/07/2026 - 15:40:10: [SM]   [1] Line 138, C:\Users\Moises\Downloads\Compressed\sourcemod-1.11.0-git6968-windows\addons\sourcemod\scripting\馻nkrunFixhealth.sp::IsTankRunActive
L 01/07/2026 - 15:40:10: [SM]   [2] Line 79, C:\Users\Moises\Downloads\Compressed\sourcemod-1.11.0-git6968-windows\addons\sourcemod\scripting\馻nkrunFixhealth.sp::Event_PlayerDeath
L 01/07/2026 - 15:40:12: [SM] Exception reported: Invalid convar handle 0 (error 4)
L 01/07/2026 - 15:40:12: [SM] Blaming: 馻nkrunFixhealth.smx
L 01/07/2026 - 15:40:12: [SM] Call stack trace:
L 01/07/2026 - 15:40:12: [SM]   [0] GetConVarString
L 01/07/2026 - 15:40:12: [SM]   [1] Line 138, C:\Users\Moises\Downloads\Compressed\sourcemod-1.11.0-git6968-windows\addons\sourcemod\scripting\馻nkrunFixhealth.sp::IsTankRunActive
L 01/07/2026 - 15:40:12: [SM]   [2] Line 79, C:\Users\Moises\Downloads\Compressed\sourcemod-1.11.0-git6968-windows\addons\sourcemod\scripting\馻nkrunFixhealth.sp::Event_PlayerDeath
L 01/07/2026 - 15:40:14: [SM] Exception reported: Invalid convar handle 0 (error 4)
L 01/07/2026 - 15:40:14: [SM] Blaming: 馻nkrunFixhealth.smx
L 01/07/2026 - 15:40:14: [SM] Call stack trace:
L 01/07/2026 - 15:40:14: [SM]   [0] GetConVarString
L 01/07/2026 - 15:40:14: [SM]   [1] Line 138, C:\Users\Moises\Downloads\Compressed\sourcemod-1.11.0-git6968-windows\addons\sourcemod\scripting\馻nkrunFixhealth.sp::IsTankRunActive
L 01/07/2026 - 15:40:14: [SM]   [2] Line 79, C:\Users\Moises\Downloads\Compressed\sourcemod-1.11.0-git6968-windows\addons\sourcemod\scripting\馻nkrunFixhealth.sp::Event_PlayerDeath
L 01/07/2026 - 15:40:16: [SM] Exception reported: Invalid convar handle 0 (error 4)
L 01/07/2026 - 15:40:16: [SM] Blaming: 馻nkrunFixhealth.smx
L 01/07/2026 - 15:40:16: [SM] Call stack trace:
L 01/07/2026 - 15:40:16: [SM]   [0] GetConVarString
L 01/07/2026 - 15:40:16: [SM]   [1] Line 138, C:\Users\Moises\Downloads\Compressed\sourcemod-1.11.0-git6968-windows\addons\sourcemod\scripting\馻nkrunFixhealth.sp::IsTankRunActive
L 01/07/2026 - 15:40:16: [SM]   [2] Line 79, C:\Users\Moises\Downloads\Compressed\sourcemod-1.11.0-git6968-windows\addons\sourcemod\scripting\馻nkrunFixhealth.sp::Event_PlayerDeath
L 01/07/2026 - 15:40:17: [SM] Exception reported: Invalid convar handle 0 (error 4)
L 01/07/2026 - 15:40:17: [SM] Blaming: 馻nkrunFixhealth.smx
L 01/07/2026 - 15:40:17: [SM] Call stack trace:
L 01/07/2026 - 15:40:17: [SM]   [0] GetConVarString
L 01/07/2026 - 15:40:17: [SM]   [1] Line 138, C:\Users\Moises\Downloads\Compressed\sourcemod-1.11.0-git6968-windows\addons\sourcemod\scripting\馻nkrunFixhealth.sp::IsTankRunActive
L 01/07/2026 - 15:40:17: [SM]   [2] Line 79, C:\Users\Moises\Downloads\Compressed\sourcemod-1.11.0-git6968-windows\addons\sourcemod\scripting\馻nkrunFixhealth.sp::Event_PlayerDeath
L 01/07/2026 - 15:40:19: [SM] Exception reported: Invalid convar handle 0 (error 4)
L 01/07/2026 - 15:40:19: [SM] Blaming: 馻nkrunFixhealth.smx
L 01/07/2026 - 15:40:19: [SM] Call stack trace:
L 01/07/2026 - 15:40:19: [SM]   [0] GetConVarString
L 01/07/2026 - 15:40:19: [SM]   [1] Line 138, C:\Users\Moises\Downloads\Compressed\sourcemod-1.11.0-git6968-windows\addons\sourcemod\scripting\馻nkrunFixhealth.sp::IsTankRunActive
L 01/07/2026 - 15:40:19: [SM]   [2] Line 36, C:\Users\Moises\Downloads\Compressed\sourcemod-1.11.0-git6968-windows\addons\sourcemod\scripting\馻nkrunFixhealth.sp::Timer_PeriodicCheck
L 01/07/2026 - 15:40:21: [SM] Exception reported: Invalid timer handle abf00407 (error 3)
L 01/07/2026 - 15:40:21: [SM] Blaming: l4d2_playerjoining_v2.smx
L 01/07/2026 - 15:40:21: [SM] Call stack trace:
L 01/07/2026 - 15:40:21: [SM]   [0] KillTimer
L 01/07/2026 - 15:40:21: [SM]   [1] Line 53, C:\Users\Moises\Downloads\Compressed\sourcemod-1.11.0-git6968-windows\addons\sourcemod\scripting\l4d2_playerjoining_v2.sp::OnClientDisconnect
L 01/07/2026 - 15:40:22: [SM] Exception reported: Language phrase "Type in chat !join To join the survivors" not found (arg 6)
L 01/07/2026 - 15:40:22: [SM] Blaming: l4dmultislots.smx
L 01/07/2026 - 15:40:22: [SM] Call stack trace:
L 01/07/2026 - 15:40:22: [SM]   [0] VFormat
L 01/07/2026 - 15:40:22: [SM]   [1] Line 71, D:\Github\Private-Work\L4D2-鎻掍欢\scripting_1.11\include\multicolors.inc::CPrintToChat
L 01/07/2026 - 15:40:22: [SM]   [2] Line 938, d:\Github\Private-Work\L4D2-鎻掍欢\scripting_1.11\l4dmultislots.sp::Timer_SpecCheck
L 01/07/2026 - 15:40:24: [SM] Exception reported: Invalid convar handle 0 (error 4)
L 01/07/2026 - 15:40:24: [SM] Blaming: 馻nkrunFixhealth.smx
L 01/07/2026 - 15:40:24: [SM] Call stack trace:
L 01/07/2026 - 15:40:24: [SM]   [0] GetConVarString
L 01/07/2026 - 15:40:24: [SM]   [1] Line 138, C:\Users\Moises\Downloads\Compressed\sourcemod-1.11.0-git6968-windows\addons\sourcemod\scripting\馻nkrunFixhealth.sp::IsTankRunActive
L 01/07/2026 - 15:40:24: [SM]   [2] Line 79, C:\Users\Moises\Downloads\Compressed\sourcemod-1.11.0-git6968-windows\addons\sourcemod\scripting\馻nkrunFixhealth.sp::Event_PlayerDeath
L 01/07/2026 - 15:40:25: [SM] Exception reported: Invalid convar handle 0 (error 4)
L 01/07/2026 - 15:40:25: [SM] Blaming: 馻nkrunFixhealth.smx
L 01/07/2026 - 15:40:25: [SM] Call stack trace:
L 01/07/2026 - 15:40:25: [SM]   [0] GetConVarString
L 01/07/2026 - 15:40:25: [SM]   [1] Line 138, C:\Users\Moises\Downloads\Compressed\sourcemod-1.11.0-git6968-windows\addons\sourcemod\scripting\馻nkrunFixhealth.sp::IsTankRunActive
L 01/07/2026 - 15:40:25: [SM]   [2] Line 79, C:\Users\Moises\Downloads\Compressed\sourcemod-1.11.0-git6968-windows\addons\sourcemod\scripting\馻nkrunFixhealth.sp::Event_PlayerDeath
L 01/07/2026 - 15:40:27: [SM] Exception reported: Invalid convar handle 0 (error 4)
L 01/07/2026 - 15:40:27: [SM] Blaming: 馻nkrunFixhealth.smx
L 01/07/2026 - 15:40:27: [SM] Call stack trace:
L 01/07/2026 - 15:40:27: [SM]   [0] GetConVarString
L 01/07/2026 - 15:40:27: [SM]   [1] Line 138, C:\Users\Moises\Downloads\Compressed\sourcemod-1.11.0-git6968-windows\addons\sourcemod\scripting\馻nkrunFixhealth.sp::IsTankRunActive
L 01/07/2026 - 15:40:27: [SM]   [2] Line 79, C:\Users\Moises\Downloads\Compressed\sourcemod-1.11.0-git6968-windows\addons\sourcemod\scripting\馻nkrunFixhealth.sp::Event_PlayerDeath
L 01/07/2026 - 15:40:29: [SM] Exception reported: Invalid convar handle 0 (error 4)
L 01/07/2026 - 15:40:29: [SM] Blaming: 馻nkrunFixhealth.smx
L 01/07/2026 - 15:40:29: [SM] Call stack trace:
L 01/07/2026 - 15:40:29: [SM]   [0] GetConVarString
L 01/07/2026 - 15:40:29: [SM]   [1] Line 138, C:\Users\Moises\Downloads\Compressed\sourcemod-1.11.0-git6968-windows\addons\sourcemod\scripting\馻nkrunFixhealth.sp::IsTankRunActive
L 01/07/2026 - 15:40:29: [SM]   [2] Line 36, C:\Users\Moises\Downloads\Compressed\sourcemod-1.11.0-git6968-windows\addons\sourcemod\scripting\馻nkrunFixhealth.sp::Timer_PeriodicCheck
L 01/07/2026 - 15:40:34: [SM] Exception reported: Invalid convar handle 0 (error 4)
L 01/07/2026 - 15:40:34: [SM] Blaming: 馻nkrunFixhealth.smx
L 01/07/2026 - 15:40:34: [SM] Call stack trace:
L 01/07/2026 - 15:40:34: [SM]   [0] GetConVarString
L 01/07/2026 - 15:40:34: [SM]   [1] Line 138, C:\Users\Moises\Downloads\Compressed\sourcemod-1.11.0-git6968-windows\addons\sourcemod\scripting\馻nkrunFixhealth.sp::IsTankRunActive
L 01/07/2026 - 15:40:34: [SM]   [2] Line 79, C:\Users\Moises\Downloads\Compressed\sourcemod-1.11.0-git6968-windows\addons\sourcemod\scripting\馻nkrunFixhealth.sp::Event_PlayerDeath
L 01/07/2026 - 15:40:34: [SM] Exception reported: Invalid convar handle 0 (error 4)
L 01/07/2026 - 15:40:34: [SM] Blaming: 馻nkrunFixhealth.smx
L 01/07/2026 - 15:40:34: [SM] Call stack trace:
L 01/07/2026 - 15:40:34: [SM]   [0] GetConVarString
L 01/07/2026 - 15:40:34: [SM]   [1] Line 138, C:\Users\Moises\Downloads\Compressed\sourcemod-1.11.0-git6968-windows\addons\sourcemod\scripting\馻nkrunFixhealth.sp::IsTankRunActive
L 01/07/2026 - 15:40:34: [SM]   [2] Line 79, C:\Users\Moises\Downloads\Compressed\sourcemod-1.11.0-git6968-windows\addons\sourcemod\scripting\馻nkrunFixhealth.sp::Event_PlayerDeath
L 01/07/2026 - 15:40:36: [SM] Exception reported: Invalid convar handle 0 (error 4)
L 01/07/2026 - 15:40:36: [SM] Blaming: 馻nkrunFixhealth.smx
L 01/07/2026 - 15:40:36: [SM] Call stack trace:
L 01/07/2026 - 15:40:36: [SM]   [0] GetConVarString
L 01/07/2026 - 15:40:36: [SM]   [1] Line 138, C:\Users\Moises\Downloads\Compressed\sourcemod-1.11.0-git6968-windows\addons\sourcemod\scripting\馻nkrunFixhealth.sp::IsTankRunActive
L 01/07/2026 - 15:40:36: [SM]   [2] Line 79, C:\Users\Moises\Downloads\Compressed\sourcemod-1.11.0-git6968-windows\addons\sourcemod\scripting\馻nkrunFixhealth.sp::Event_PlayerDeath
L 01/07/2026 - 15:40:38: [SM] Exception reported: Invalid convar handle 0 (error 4)
L 01/07/2026 - 15:40:38: [SM] Blaming: 馻nkrunFixhealth.smx
L 01/07/2026 - 15:40:38: [SM] Call stack trace:
L 01/07/2026 - 15:40:38: [SM]   [0] GetConVarString
L 01/07/2026 - 15:40:38: [SM]   [1] Line 138, C:\Users\Moises\Downloads\Compressed\sourcemod-1.11.0-git6968-windows\addons\sourcemod\scripting\馻nkrunFixhealth.sp::IsTankRunActive
L 01/07/2026 - 15:40:38: [SM]   [2] Line 79, C:\Users\Moises\Downloads\Compressed\sourcemod-1.11.0-git6968-windows\addons\sourcemod\scripting\馻nkrunFixhealth.sp::Event_PlayerDeath
L 01/07/2026 - 15:40:39: [SM] Exception reported: Invalid convar handle 0 (error 4)
L 01/07/2026 - 15:40:39: [SM] Blaming: 馻nkrunFixhealth.smx
L 01/07/2026 - 15:40:39: [SM] Call stack trace:
L 01/07/2026 - 15:40:39: [SM]   [0] GetConVarString
L 01/07/2026 - 15:40:39: [SM]   [1] Line 138, C:\Users\Moises\Downloads\Compressed\sourcemod-1.11.0-git6968-windows\addons\sourcemod\scripting\馻nkrunFixhealth.sp::IsTankRunActive
L 01/07/2026 - 15:40:39: [SM]   [2] Line 36, C:\Users\Moises\Downloads\Compressed\sourcemod-1.11.0-git6968-windows\addons\sourcemod\scripting\馻nkrunFixhealth.sp::Timer_PeriodicCheck
L 01/07/2026 - 15:40:41: [SM] Exception reported: Invalid convar handle 0 (error 4)
L 01/07/2026 - 15:40:41: [SM] Blaming: 馻nkrunFixhealth.smx
L 01/07/2026 - 15:40:41: [SM] Call stack trace:
L 01/07/2026 - 15:40:41: [SM]   [0] GetConVarString
L 01/07/2026 - 15:40:41: [SM]   [1] Line 138, C:\Users\Moises\Downloads\Compressed\sourcemod-1.11.0-git6968-windows\addons\sourcemod\scripting\馻nkrunFixhealth.sp::IsTankRunActive
L 01/07/2026 - 15:40:41: [SM]   [2] Line 79, C:\Users\Moises\Downloads\Compressed\sourcemod-1.11.0-git6968-windows\addons\sourcemod\scripting\馻nkrunFixhealth.sp::Event_PlayerDeath
L 01/07/2026 - 15:40:44: [SM] Exception reported: Invalid convar handle 0 (error 4)
L 01/07/2026 - 15:40:44: [SM] Blaming: 馻nkrunFixhealth.smx
L 01/07/2026 - 15:40:44: [SM] Call stack trace:
L 01/07/2026 - 15:40:44: [SM]   [0] GetConVarString
L 01/07/2026 - 15:40:44: [SM]   [1] Line 138, C:\Users\Moises\Downloads\Compressed\sourcemod-1.11.0-git6968-windows\addons\sourcemod\scripting\馻nkrunFixhealth.sp::IsTankRunActive
L 01/07/2026 - 15:40:44: [SM]   [2] Line 79, C:\Users\Moises\Downloads\Compressed\sourcemod-1.11.0-git6968-windows\addons\sourcemod\scripting\馻nkrunFixhealth.sp::Event_PlayerDeath
L 01/07/2026 - 15:40:44: [SM] Exception reported: Invalid convar handle 0 (error 4)
L 01/07/2026 - 15:40:44: [SM] Blaming: 馻nkrunFixhealth.smx
L 01/07/2026 - 15:40:44: [SM] Call stack trace:
L 01/07/2026 - 15:40:44: [SM]   [0] GetConVarString
L 01/07/2026 - 15:40:44: [SM]   [1] Line 138, C:\Users\Moises\Downloads\Compressed\sourcemod-1.11.0-git6968-windows\addons\sourcemod\scripting\馻nkrunFixhealth.sp::IsTankRunActive
L 01/07/2026 - 15:40:44: [SM]   [2] Line 79, C:\Users\Moises\Downloads\Compressed\sourcemod-1.11.0-git6968-windows\addons\sourcemod\scripting\馻nkrunFixhealth.sp::Event_PlayerDeath
L 01/07/2026 - 15:40:44: [SM] Exception reported: Invalid convar handle 0 (error 4)
L 01/07/2026 - 15:40:44: [SM] Blaming: 馻nkrunFixhealth.smx
L 01/07/2026 - 15:40:44: [SM] Call stack trace:
L 01/07/2026 - 15:40:44: [SM]   [0] GetConVarString
L 01/07/2026 - 15:40:44: [SM]   [1] Line 138, C:\Users\Moises\Downloads\Compressed\sourcemod-1.11.0-git6968-windows\addons\sourcemod\scripting\馻nkrunFixhealth.sp::IsTankRunActive
L 01/07/2026 - 15:40:44: [SM]   [2] Line 79, C:\Users\Moises\Downloads\Compressed\sourcemod-1.11.0-git6968-windows\addons\sourcemod\scripting\馻nkrunFixhealth.sp::Event_PlayerDeath
L 01/07/2026 - 15:40:44: [SM] Exception reported: Invalid convar handle 0 (error 4)
L 01/07/2026 - 15:40:44: [SM] Blaming: 馻nkrunFixhealth.smx
L 01/07/2026 - 15:40:44: [SM] Call stack trace:
L 01/07/2026 - 15:40:44: [SM]   [0] GetConVarString
L 01/07/2026 - 15:40:44: [SM]   [1] Line 138, C:\Users\Moises\Downloads\Compressed\sourcemod-1.11.0-git6968-windows\addons\sourcemod\scripting\馻nkrunFixhealth.sp::IsTankRunActive
L 01/07/2026 - 15:40:44: [SM]   [2] Line 79, C:\Users\Moises\Downloads\Compressed\sourcemod-1.11.0-git6968-windows\addons\sourcemod\scripting\馻nkrunFixhealth.sp::Event_PlayerDeath
L 01/07/2026 - 15:40:44: [SM] Exception reported: Invalid convar handle 0 (error 4)
L 01/07/2026 - 15:40:44: [SM] Blaming: 馻nkrunFixhealth.smx
L 01/07/2026 - 15:40:44: [SM] Call stack trace:
L 01/07/2026 - 15:40:44: [SM]   [0] GetConVarString
L 01/07/2026 - 15:40:44: [SM]   [1] Line 138, C:\Users\Moises\Downloads\Compressed\sourcemod-1.11.0-git6968-windows\addons\sourcemod\scripting\馻nkrunFixhealth.sp::IsTankRunActive
L 01/07/2026 - 15:40:44: [SM]   [2] Line 79, C:\Users\Moises\Downloads\Compressed\sourcemod-1.11.0-git6968-windows\addons\sourcemod\scripting\馻nkrunFixhealth.sp::Event_PlayerDeath
L 01/07/2026 - 15:40:44: [SM] Exception reported: Invalid convar handle 0 (error 4)
L 01/07/2026 - 15:40:44: [SM] Blaming: 馻nkrunFixhealth.smx
L 01/07/2026 - 15:40:44: [SM] Call stack trace:
L 01/07/2026 - 15:40:44: [SM]   [0] GetConVarString
L 01/07/2026 - 15:40:44: [SM]   [1] Line 138, C:\Users\Moises\Downloads\Compressed\sourcemod-1.11.0-git6968-windows\addons\sourcemod\scripting\馻nkrunFixhealth.sp::IsTankRunActive
L 01/07/2026 - 15:40:44: [SM]   [2] Line 79, C:\Users\Moises\Downloads\Compressed\sourcemod-1.11.0-git6968-windows\addons\sourcemod\scripting\馻nkrunFixhealth.sp::Event_PlayerDeath
L 01/07/2026 - 15:40:45: [SM] Exception reported: Invalid convar handle 0 (error 4)
L 01/07/2026 - 15:40:45: [SM] Blaming: 馻nkrunFixhealth.smx
L 01/07/2026 - 15:40:45: [SM] Call stack trace:
L 01/07/2026 - 15:40:45: [SM]   [0] GetConVarString
L 01/07/2026 - 15:40:45: [SM]   [1] Line 138, C:\Users\Moises\Downloads\Compressed\sourcemod-1.11.0-git6968-windows\addons\sourcemod\scripting\馻nkrunFixhealth.sp::IsTankRunActive
L 01/07/2026 - 15:40:45: [SM]   [2] Line 79, C:\Users\Moises\Downloads\Compressed\sourcemod-1.11.0-git6968-windows\addons\sourcemod\scripting\馻nkrunFixhealth.sp::Event_PlayerDeath
L 01/07/2026 - 15:40:45: [SM] Exception reported: Invalid convar handle 0 (error 4)
L 01/07/2026 - 15:40:45: [SM] Blaming: 馻nkrunFixhealth.smx
L 01/07/2026 - 15:40:45: [SM] Call stack trace:
L 01/07/2026 - 15:40:45: [SM]   [0] GetConVarString
L 01/07/2026 - 15:40:45: [SM]   [1] Line 138, C:\Users\Moises\Downloads\Compressed\sourcemod-1.11.0-git6968-windows\addons\sourcemod\scripting\馻nkrunFixhealth.sp::IsTankRunActive
L 01/07/2026 - 15:40:45: [SM]   [2] Line 79, C:\Users\Moises\Downloads\Compressed\sourcemod-1.11.0-git6968-windows\addons\sourcemod\scripting\馻nkrunFixhealth.sp::Event_PlayerDeath
L 01/07/2026 - 15:40:46: [SM] Exception reported: Invalid convar handle 0 (error 4)
L 01/07/2026 - 15:40:46: [SM] Blaming: 馻nkrunFixhealth.smx
L 01/07/2026 - 15:40:46: [SM] Call stack trace:
L 01/07/2026 - 15:40:46: [SM]   [0] GetConVarString
L 01/07/2026 - 15:40:46: [SM]   [1] Line 138, C:\Users\Moises\Downloads\Compressed\sourcemod-1.11.0-git6968-windows\addons\sourcemod\scripting\馻nkrunFixhealth.sp::IsTankRunActive
L 01/07/2026 - 15:40:46: [SM]   [2] Line 79, C:\Users\Moises\Downloads\Compressed\sourcemod-1.11.0-git6968-windows\addons\sourcemod\scripting\馻nkrunFixhealth.sp::Event_PlayerDeath
L 01/07/2026 - 15:40:47: [SM] Exception reported: Language phrase "Type in chat !join To join the survivors" not found (arg 6)
L 01/07/2026 - 15:40:47: [SM] Blaming: l4dmultislots.smx
L 01/07/2026 - 15:40:47: [SM] Call stack trace:
L 01/07/2026 - 15:40:47: [SM]   [0] VFormat
L 01/07/2026 - 15:40:47: [SM]   [1] Line 71, D:\Github\Private-Work\L4D2-鎻掍欢\scripting_1.11\include\multicolors.inc::CPrintToChat
L 01/07/2026 - 15:40:47: [SM]   [2] Line 938, d:\Github\Private-Work\L4D2-鎻掍欢\scripting_1.11\l4dmultislots.sp::Timer_SpecCheck
L 01/07/2026 - 15:40:48: [SM] Exception reported: Invalid convar handle 0 (error 4)
L 01/07/2026 - 15:40:48: [SM] Blaming: 馻nkrunFixhealth.smx
L 01/07/2026 - 15:40:48: [SM] Call stack trace:
L 01/07/2026 - 15:40:48: [SM]   [0] GetConVarString
L 01/07/2026 - 15:40:48: [SM]   [1] Line 138, C:\Users\Moises\Downloads\Compressed\sourcemod-1.11.0-git6968-windows\addons\sourcemod\scripting\馻nkrunFixhealth.sp::IsTankRunActive
L 01/07/2026 - 15:40:48: [SM]   [2] Line 79, C:\Users\Moises\Downloads\Compressed\sourcemod-1.11.0-git6968-windows\addons\sourcemod\scripting\馻nkrunFixhealth.sp::Event_PlayerDeath
L 01/07/2026 - 15:40:48: [SM] Exception reported: Invalid convar handle 0 (error 4)
L 01/07/2026 - 15:40:48: [SM] Blaming: 馻nkrunFixhealth.smx
L 01/07/2026 - 15:40:48: [SM] Call stack trace:
L 01/07/2026 - 15:40:48: [SM]   [0] GetConVarString
L 01/07/2026 - 15:40:48: [SM]   [1] Line 138, C:\Users\Moises\Downloads\Compressed\sourcemod-1.11.0-git6968-windows\addons\sourcemod\scripting\馻nkrunFixhealth.sp::IsTankRunActive
L 01/07/2026 - 15:40:48: [SM]   [2] Line 79, C:\Users\Moises\Downloads\Compressed\sourcemod-1.11.0-git6968-windows\addons\sourcemod\scripting\馻nkrunFixhealth.sp::Event_PlayerDeath
L 01/07/2026 - 15:40:48: [SM] Exception reported: Invalid convar handle 0 (error 4)
L 01/07/2026 - 15:40:48: [SM] Blaming: 馻nkrunFixhealth.smx
L 01/07/2026 - 15:40:48: [SM] Call stack trace:
L 01/07/2026 - 15:40:48: [SM]   [0] GetConVarString
L 01/07/2026 - 15:40:48: [SM]   [1] Line 138, C:\Users\Moises\Downloads\Compressed\sourcemod-1.11.0-git6968-windows\addons\sourcemod\scripting\馻nkrunFixhealth.sp::IsTankRunActive
L 01/07/2026 - 15:40:48: [SM]   [2] Line 79, C:\Users\Moises\Downloads\Compressed\sourcemod-1.11.0-git6968-windows\addons\sourcemod\scripting\馻nkrunFixhealth.sp::Event_PlayerDeath
L 01/07/2026 - 15:40:49: [SM] Exception reported: Invalid convar handle 0 (error 4)
L 01/07/2026 - 15:40:49: [SM] Blaming: 馻nkrunFixhealth.smx
L 01/07/2026 - 15:40:49: [SM] Call stack trace:
L 01/07/2026 - 15:40:49: [SM]   [0] GetConVarString
L 01/07/2026 - 15:40:49: [SM]   [1] Line 138, C:\Users\Moises\Downloads\Compressed\sourcemod-1.11.0-git6968-windows\addons\sourcemod\scripting\馻nkrunFixhealth.sp::IsTankRunActive
L 01/07/2026 - 15:40:49: [SM]   [2] Line 79, C:\Users\Moises\Downloads\Compressed\sourcemod-1.11.0-git6968-windows\addons\sourcemod\scripting\馻nkrunFixhealth.sp::Event_PlayerDeath
L 01/07/2026 - 15:40:49: [SM] Exception reported: Invalid convar handle 0 (error 4)
L 01/07/2026 - 15:40:49: [SM] Blaming: 馻nkrunFixhealth.smx
L 01/07/2026 - 15:40:49: [SM] Call stack trace:
L 01/07/2026 - 15:40:49: [SM]   [0] GetConVarString
L 01/07/2026 - 15:40:49: [SM]   [1] Line 138, C:\Users\Moises\Downloads\Compressed\sourcemod-1.11.0-git6968-windows\addons\sourcemod\scripting\馻nkrunFixhealth.sp::IsTankRunActive
L 01/07/2026 - 15:40:49: [SM]   [2] Line 79, C:\Users\Moises\Downloads\Compressed\sourcemod-1.11.0-git6968-windows\addons\sourcemod\scripting\馻nkrunFixhealth.sp::Event_PlayerDeath
L 01/07/2026 - 15:40:49: [SM] Exception reported: Invalid convar handle 0 (error 4)
L 01/07/2026 - 15:40:49: [SM] Blaming: 馻nkrunFixhealth.smx
L 01/07/2026 - 15:40:49: [SM] Call stack trace:
L 01/07/2026 - 15:40:49: [SM]   [0] GetConVarString
L 01/07/2026 - 15:40:49: [SM]   [1] Line 138, C:\Users\Moises\Downloads\Compressed\sourcemod-1.11.0-git6968-windows\addons\sourcemod\scripting\馻nkrunFixhealth.sp::IsTankRunActive
L 01/07/2026 - 15:40:49: [SM]   [2] Line 36, C:\Users\Moises\Downloads\Compressed\sourcemod-1.11.0-git6968-windows\addons\sourcemod\scripting\馻nkrunFixhealth.sp::Timer_PeriodicCheck
L 01/07/2026 - 15:40:50: [SM] Exception reported: Invalid convar handle 0 (error 4)
L 01/07/2026 - 15:40:50: [SM] Blaming: 馻nkrunFixhealth.smx
L 01/07/2026 - 15:40:50: [SM] Call stack trace:
L 01/07/2026 - 15:40:50: [SM]   [0] GetConVarString
L 01/07/2026 - 15:40:50: [SM]   [1] Line 138, C:\Users\Moises\Downloads\Compressed\sourcemod-1.11.0-git6968-windows\addons\sourcemod\scripting\馻nkrunFixhealth.sp::IsTankRunActive
L 01/07/2026 - 15:40:50: [SM]   [2] Line 79, C:\Users\Moises\Downloads\Compressed\sourcemod-1.11.0-git6968-windows\addons\sourcemod\scripting\馻nkrunFixhealth.sp::Event_PlayerDeath
L 01/07/2026 - 15:40:50: [SM] Exception reported: Invalid convar handle 0 (error 4)
L 01/07/2026 - 15:40:50: [SM] Blaming: 馻nkrunFixhealth.smx
L 01/07/2026 - 15:40:50: [SM] Call stack trace:
L 01/07/2026 - 15:40:50: [SM]   [0] GetConVarString
L 01/07/2026 - 15:40:50: [SM]   [1] Line 138, C:\Users\Moises\Downloads\Compressed\sourcemod-1.11.0-git6968-windows\addons\sourcemod\scripting\馻nkrunFixhealth.sp::IsTankRunActive
L 01/07/2026 - 15:40:50: [SM]   [2] Line 79, C:\Users\Moises\Downloads\Compressed\sourcemod-1.11.0-git6968-windows\addons\sourcemod\scripting\馻nkrunFixhealth.sp::Event_PlayerDeath
L 01/07/2026 - 15:40:52: [SM] Exception reported: Invalid convar handle 0 (error 4)
L 01/07/2026 - 15:40:52: [SM] Blaming: 馻nkrunFixhealth.smx
L 01/07/2026 - 15:40:52: [SM] Call stack trace:
L 01/07/2026 - 15:40:52: [SM]   [0] GetConVarString
L 01/07/2026 - 15:40:52: [SM]   [1] Line 138, C:\Users\Moises\Downloads\Compressed\sourcemod-1.11.0-git6968-windows\addons\sourcemod\scripting\馻nkrunFixhealth.sp::IsTankRunActive
L 01/07/2026 - 15:40:52: [SM]   [2] Line 79, C:\Users\Moises\Downloads\Compressed\sourcemod-1.11.0-git6968-windows\addons\sourcemod\scripting\馻nkrunFixhealth.sp::Event_PlayerDeath
L 01/07/2026 - 15:40:52: [SM] Exception reported: Invalid convar handle 0 (error 4)
L 01/07/2026 - 15:40:52: [SM] Blaming: 馻nkrunFixhealth.smx
L 01/07/2026 - 15:40:52: [SM] Call stack trace:
L 01/07/2026 - 15:40:52: [SM]   [0] GetConVarString
L 01/07/2026 - 15:40:52: [SM]   [1] Line 138, C:\Users\Moises\Downloads\Compressed\sourcemod-1.11.0-git6968-windows\addons\sourcemod\scripting\馻nkrunFixhealth.sp::IsTankRunActive
L 01/07/2026 - 15:40:52: [SM]   [2] Line 79, C:\Users\Moises\Downloads\Compressed\sourcemod-1.11.0-git6968-windows\addons\sourcemod\scripting\馻nkrunFixhealth.sp::Event_PlayerDeath
L 01/07/2026 - 15:40:53: [SM] Exception reported: Invalid convar handle 0 (error 4)
L 01/07/2026 - 15:40:53: [SM] Blaming: 馻nkrunFixhealth.smx
L 01/07/2026 - 15:40:53: [SM] Call stack trace:
L 01/07/2026 - 15:40:53: [SM]   [0] GetConVarString
L 01/07/2026 - 15:40:53: [SM]   [1] Line 138, C:\Users\Moises\Downloads\Compressed\sourcemod-1.11.0-git6968-windows\addons\sourcemod\scripting\馻nkrunFixhealth.sp::IsTankRunActive
L 01/07/2026 - 15:40:53: [SM]   [2] Line 79, C:\Users\Moises\Downloads\Compressed\sourcemod-1.11.0-git6968-windows\addons\sourcemod\scripting\馻nkrunFixhealth.sp::Event_PlayerDeath
L 01/07/2026 - 15:40:54: [SM] Exception reported: Invalid convar handle 0 (error 4)
L 01/07/2026 - 15:40:54: [SM] Blaming: 馻nkrunFixhealth.smx
L 01/07/2026 - 15:40:54: [SM] Call stack trace:
L 01/07/2026 - 15:40:54: [SM]   [0] GetConVarString
L 01/07/2026 - 15:40:54: [SM]   [1] Line 138, C:\Users\Moises\Downloads\Compressed\sourcemod-1.11.0-git6968-windows\addons\sourcemod\scripting\馻nkrunFixhealth.sp::IsTankRunActive
L 01/07/2026 - 15:40:54: [SM]   [2] Line 79, C:\Users\Moises\Downloads\Compressed\sourcemod-1.11.0-git6968-windows\addons\sourcemod\scripting\馻nkrunFixhealth.sp::Event_PlayerDeath
L 01/07/2026 - 15:40:54: [SM] Exception reported: Invalid convar handle 0 (error 4)
L 01/07/2026 - 15:40:54: [SM] Blaming: 馻nkrunFixhealth.smx
L 01/07/2026 - 15:40:54: [SM] Call stack trace:
L 01/07/2026 - 15:40:54: [SM]   [0] GetConVarString
L 01/07/2026 - 15:40:54: [SM]   [1] Line 138, C:\Users\Moises\Downloads\Compressed\sourcemod-1.11.0-git6968-windows\addons\sourcemod\scripting\馻nkrunFixhealth.sp::IsTankRunActive
L 01/07/2026 - 15:40:54: [SM]   [2] Line 79, C:\Users\Moises\Downloads\Compressed\sourcemod-1.11.0-git6968-windows\addons\sourcemod\scripting\馻nkrunFixhealth.sp::Event_PlayerDeath
L 01/07/2026 - 15:40:54: [SM] Exception reported: Invalid convar handle 0 (error 4)
L 01/07/2026 - 15:40:54: [SM] Blaming: 馻nkrunFixhealth.smx
L 01/07/2026 - 15:40:54: [SM] Call stack trace:
L 01/07/2026 - 15:40:54: [SM]   [0] GetConVarString
L 01/07/2026 - 15:40:54: [SM]   [1] Line 138, C:\Users\Moises\Downloads\Compressed\sourcemod-1.11.0-git6968-windows\addons\sourcemod\scripting\馻nkrunFixhealth.sp::IsTankRunActive
L 01/07/2026 - 15:40:54: [SM]   [2] Line 79, C:\Users\Moises\Downloads\Compressed\sourcemod-1.11.0-git6968-windows\addons\sourcemod\scripting\馻nkrunFixhealth.sp::Event_PlayerDeath
L 01/07/2026 - 15:40:54: [SM] Exception reported: Invalid convar handle 0 (error 4)
L 01/07/2026 - 15:40:54: [SM] Blaming: 馻nkrunFixhealth.smx
L 01/07/2026 - 15:40:54: [SM] Call stack trace:
L 01/07/2026 - 15:40:54: [SM]   [0] GetConVarString
L 01/07/2026 - 15:40:54: [SM]   [1] Line 138, C:\Users\Moises\Downloads\Compressed\sourcemod-1.11.0-git6968-windows\addons\sourcemod\scripting\馻nkrunFixhealth.sp::IsTankRunActive
L 01/07/2026 - 15:40:54: [SM]   [2] Line 79, C:\Users\Moises\Downloads\Compressed\sourcemod-1.11.0-git6968-windows\addons\sourcemod\scripting\馻nkrunFixhealth.sp::Event_PlayerDeath
L 01/07/2026 - 15:40:55: [SM] Exception reported: Invalid convar handle 0 (error 4)
L 01/07/2026 - 15:40:55: [SM] Blaming: 馻nkrunFixhealth.smx
L 01/07/2026 - 15:40:55: [SM] Call stack trace:
L 01/07/2026 - 15:40:55: [SM]   [0] GetConVarString
L 01/07/2026 - 15:40:55: [SM]   [1] Line 138, C:\Users\Moises\Downloads\Compressed\sourcemod-1.11.0-git6968-windows\addons\sourcemod\scripting\馻nkrunFixhealth.sp::IsTankRunActive
L 01/07/2026 - 15:40:55: [SM]   [2] Line 79, C:\Users\Moises\Downloads\Compressed\sourcemod-1.11.0-git6968-windows\addons\sourcemod\scripting\馻nkrunFixhealth.sp::Event_PlayerDeath
L 01/07/2026 - 15:40:55: [SM] Exception reported: Invalid convar handle 0 (error 4)
L 01/07/2026 - 15:40:55: [SM] Blaming: 馻nkrunFixhealth.smx
L 01/07/2026 - 15:40:55: [SM] Call stack trace:
L 01/07/2026 - 15:40:55: [SM]   [0] GetConVarString
L 01/07/2026 - 15:40:55: [SM]   [1] Line 138, C:\Users\Moises\Downloads\Compressed\sourcemod-1.11.0-git6968-windows\addons\sourcemod\scripting\馻nkrunFixhealth.sp::IsTankRunActive
L 01/07/2026 - 15:40:55: [SM]   [2] Line 79, C:\Users\Moises\Downloads\Compressed\sourcemod-1.11.0-git6968-windows\addons\sourcemod\scripting\馻nkrunFixhealth.sp::Event_PlayerDeath
L 01/07/2026 - 15:40:55: [SM] Exception reported: Invalid convar handle 0 (error 4)
L 01/07/2026 - 15:40:55: [SM] Blaming: 馻nkrunFixhealth.smx
L 01/07/2026 - 15:40:55: [SM] Call stack trace:
L 01/07/2026 - 15:40:55: [SM]   [0] GetConVarString
L 01/07/2026 - 15:40:55: [SM]   [1] Line 138, C:\Users\Moises\Downloads\Compressed\sourcemod-1.11.0-git6968-windows\addons\sourcemod\scripting\馻nkrunFixhealth.sp::IsTankRunActive
L 01/07/2026 - 15:40:55: [SM]   [2] Line 79, C:\Users\Moises\Downloads\Compressed\sourcemod-1.11.0-git6968-windows\addons\sourcemod\scripting\馻nkrunFixhealth.sp::Event_PlayerDeath
L 01/07/2026 - 15:40:55: [SM] Exception reported: Invalid timer handle abf00407 (error 1)
L 01/07/2026 - 15:40:55: [SM] Blaming: l4d2_playerjoining_v2.smx
L 01/07/2026 - 15:40:55: [SM] Call stack trace:
L 01/07/2026 - 15:40:55: [SM]   [0] KillTimer
L 01/07/2026 - 15:40:55: [SM]   [1] Line 53, C:\Users\Moises\Downloads\Compressed\sourcemod-1.11.0-git6968-windows\addons\sourcemod\scripting\l4d2_playerjoining_v2.sp::OnClientDisconnect
L 01/07/2026 - 15:40:55: [SM] Exception reported: Invalid convar handle 0 (error 4)
L 01/07/2026 - 15:40:55: [SM] Blaming: 馻nkrunFixhealth.smx
L 01/07/2026 - 15:40:55: [SM] Call stack trace:
L 01/07/2026 - 15:40:55: [SM]   [0] GetConVarString
L 01/07/2026 - 15:40:55: [SM]   [1] Line 138, C:\Users\Moises\Downloads\Compressed\sourcemod-1.11.0-git6968-windows\addons\sourcemod\scripting\馻nkrunFixhealth.sp::IsTankRunActive
L 01/07/2026 - 15:40:55: [SM]   [2] Line 79, C:\Users\Moises\Downloads\Compressed\sourcemod-1.11.0-git6968-windows\addons\sourcemod\scripting\馻nkrunFixhealth.sp::Event_PlayerDeath
L 01/07/2026 - 15:40:57: [SM] Exception reported: Invalid timer handle 71800425 (error 3)
L 01/07/2026 - 15:40:57: [SM] Blaming: l4d2_playerjoining_v2.smx
L 01/07/2026 - 15:40:57: [SM] Call stack trace:
L 01/07/2026 - 15:40:57: [SM]   [0] KillTimer
L 01/07/2026 - 15:40:57: [SM]   [1] Line 53, C:\Users\Moises\Downloads\Compressed\sourcemod-1.11.0-git6968-windows\addons\sourcemod\scripting\l4d2_playerjoining_v2.sp::OnClientDisconnect
L 01/07/2026 - 15:40:59: [SM] Exception reported: Invalid convar handle 0 (error 4)
L 01/07/2026 - 15:40:59: [SM] Blaming: 馻nkrunFixhealth.smx
L 01/07/2026 - 15:40:59: [SM] Call stack trace:
L 01/07/2026 - 15:40:59: [SM]   [0] GetConVarString
L 01/07/2026 - 15:40:59: [SM]   [1] Line 138, C:\Users\Moises\Downloads\Compressed\sourcemod-1.11.0-git6968-windows\addons\sourcemod\scripting\馻nkrunFixhealth.sp::IsTankRunActive
L 01/07/2026 - 15:40:59: [SM]   [2] Line 36, C:\Users\Moises\Downloads\Compressed\sourcemod-1.11.0-git6968-windows\addons\sourcemod\scripting\馻nkrunFixhealth.sp::Timer_PeriodicCheck
L 01/07/2026 - 15:41:00: [SM] Exception reported: Invalid convar handle 0 (error 4)
L 01/07/2026 - 15:41:00: [SM] Blaming: 馻nkrunFixhealth.smx
L 01/07/2026 - 15:41:00: [SM] Call stack trace:
L 01/07/2026 - 15:41:00: [SM]   [0] GetConVarString
L 01/07/2026 - 15:41:00: [SM]   [1] Line 138, C:\Users\Moises\Downloads\Compressed\sourcemod-1.11.0-git6968-windows\addons\sourcemod\scripting\馻nkrunFixhealth.sp::IsTankRunActive
L 01/07/2026 - 15:41:00: [SM]   [2] Line 79, C:\Users\Moises\Downloads\Compressed\sourcemod-1.11.0-git6968-windows\addons\sourcemod\scripting\馻nkrunFixhealth.sp::Event_PlayerDeath
L 01/07/2026 - 15:41:00: [SM] Exception reported: Invalid convar handle 0 (error 4)
L 01/07/2026 - 15:41:00: [SM] Blaming: 馻nkrunFixhealth.smx
L 01/07/2026 - 15:41:00: [SM] Call stack trace:
L 01/07/2026 - 15:41:00: [SM]   [0] GetConVarString
L 01/07/2026 - 15:41:00: [SM]   [1] Line 138, C:\Users\Moises\Downloads\Compressed\sourcemod-1.11.0-git6968-windows\addons\sourcemod\scripting\馻nkrunFixhealth.sp::IsTankRunActive
L 01/07/2026 - 15:41:00: [SM]   [2] Line 79, C:\Users\Moises\Downloads\Compressed\sourcemod-1.11.0-git6968-windows\addons\sourcemod\scripting\馻nkrunFixhealth.sp::Event_PlayerDeath
L 01/07/2026 - 15:41:01: [SM] Exception reported: Invalid convar handle 0 (error 4)
L 01/07/2026 - 15:41:01: [SM] Blaming: 馻nkrunFixhealth.smx
L 01/07/2026 - 15:41:01: [SM] Call stack trace:
L 01/07/2026 - 15:41:01: [SM]   [0] GetConVarString
L 01/07/2026 - 15:41:01: [SM]   [1] Line 138, C:\Users\Moises\Downloads\Compressed\sourcemod-1.11.0-git6968-windows\addons\sourcemod\scripting\馻nkrunFixhealth.sp::IsTankRunActive
L 01/07/2026 - 15:41:01: [SM]   [2] Line 79, C:\Users\Moises\Downloads\Compressed\sourcemod-1.11.0-git6968-windows\addons\sourcemod\scripting\馻nkrunFixhealth.sp::Event_PlayerDeath
L 01/07/2026 - 15:41:01: [SM] Exception reported: Invalid convar handle 0 (error 4)
L 01/07/2026 - 15:41:01: [SM] Blaming: 馻nkrunFixhealth.smx
L 01/07/2026 - 15:41:01: [SM] Call stack trace:
L 01/07/2026 - 15:41:01: [SM]   [0] GetConVarString
L 01/07/2026 - 15:41:01: [SM]   [1] Line 138, C:\Users\Moises\Downloads\Compressed\sourcemod-1.11.0-git6968-windows\addons\sourcemod\scripting\馻nkrunFixhealth.sp::IsTankRunActive
L 01/07/2026 - 15:41:01: [SM]   [2] Line 79, C:\Users\Moises\Downloads\Compressed\sourcemod-1.11.0-git6968-windows\addons\sourcemod\scripting\馻nkrunFixhealth.sp::Event_PlayerDeath
L 01/07/2026 - 15:41:01: [SM] Exception reported: Invalid timer handle fc800419 (error 1)
L 01/07/2026 - 15:41:01: [SM] Blaming: l4d2_playerjoining_v2.smx
L 01/07/2026 - 15:41:01: [SM] Call stack trace:
L 01/07/2026 - 15:41:01: [SM]   [0] KillTimer
L 01/07/2026 - 15:41:01: [SM]   [1] Line 53, C:\Users\Moises\Downloads\Compressed\sourcemod-1.11.0-git6968-windows\addons\sourcemod\scripting\l4d2_playerjoining_v2.sp::OnClientDisconnect
L 01/07/2026 - 15:41:01: [SM] Exception reported: Invalid convar handle 0 (error 4)
L 01/07/2026 - 15:41:01: [SM] Blaming: 馻nkrunFixhealth.smx
L 01/07/2026 - 15:41:01: [SM] Call stack trace:
L 01/07/2026 - 15:41:01: [SM]   [0] GetConVarString
L 01/07/2026 - 15:41:01: [SM]   [1] Line 138, C:\Users\Moises\Downloads\Compressed\sourcemod-1.11.0-git6968-windows\addons\sourcemod\scripting\馻nkrunFixhealth.sp::IsTankRunActive
L 01/07/2026 - 15:41:01: [SM]   [2] Line 79, C:\Users\Moises\Downloads\Compressed\sourcemod-1.11.0-git6968-windows\addons\sourcemod\scripting\馻nkrunFixhealth.sp::Event_PlayerDeath
L 01/07/2026 - 15:41:01: [SM] Exception reported: Invalid convar handle 0 (error 4)
L 01/07/2026 - 15:41:01: [SM] Blaming: 馻nkrunFixhealth.smx
L 01/07/2026 - 15:41:01: [SM] Call stack trace:
L 01/07/2026 - 15:41:01: [SM]   [0] GetConVarString
L 01/07/2026 - 15:41:01: [SM]   [1] Line 138, C:\Users\Moises\Downloads\Compressed\sourcemod-1.11.0-git6968-windows\addons\sourcemod\scripting\馻nkrunFixhealth.sp::IsTankRunActive
L 01/07/2026 - 15:41:01: [SM]   [2] Line 79, C:\Users\Moises\Downloads\Compressed\sourcemod-1.11.0-git6968-windows\addons\sourcemod\scripting\馻nkrunFixhealth.sp::Event_PlayerDeath
L 01/07/2026 - 15:41:01: [SM] Exception reported: Invalid convar handle 0 (error 4)
L 01/07/2026 - 15:41:01: [SM] Blaming: 馻nkrunFixhealth.smx
L 01/07/2026 - 15:41:01: [SM] Call stack trace:
L 01/07/2026 - 15:41:01: [SM]   [0] GetConVarString
L 01/07/2026 - 15:41:01: [SM]   [1] Line 138, C:\Users\Moises\Downloads\Compressed\sourcemod-1.11.0-git6968-windows\addons\sourcemod\scripting\馻nkrunFixhealth.sp::IsTankRunActive
L 01/07/2026 - 15:41:01: [SM]   [2] Line 79, C:\Users\Moises\Downloads\Compressed\sourcemod-1.11.0-git6968-windows\addons\sourcemod\scripting\馻nkrunFixhealth.sp::Event_PlayerDeath
L 01/07/2026 - 15:41:02: [SM] Exception reported: Invalid convar handle 0 (error 4)
L 01/07/2026 - 15:41:02: [SM] Blaming: 馻nkrunFixhealth.smx
L 01/07/2026 - 15:41:02: [SM] Call stack trace:
L 01/07/2026 - 15:41:02: [SM]   [0] GetConVarString
L 01/07/2026 - 15:41:02: [SM]   [1] Line 138, C:\Users\Moises\Downloads\Compressed\sourcemod-1.11.0-git6968-windows\addons\sourcemod\scripting\馻nkrunFixhealth.sp::IsTankRunActive
L 01/07/2026 - 15:41:02: [SM]   [2] Line 79, C:\Users\Moises\Downloads\Compressed\sourcemod-1.11.0-git6968-windows\addons\sourcemod\scripting\馻nkrunFixhealth.sp::Event_PlayerDeath
L 01/07/2026 - 15:41:04: [SM] Exception reported: Invalid convar handle 0 (error 4)
L 01/07/2026 - 15:41:04: [SM] Blaming: 馻nkrunFixhealth.smx
L 01/07/2026 - 15:41:04: [SM] Call stack trace:
L 01/07/2026 - 15:41:04: [SM]   [0] GetConVarString
L 01/07/2026 - 15:41:04: [SM]   [1] Line 138, C:\Users\Moises\Downloads\Compressed\sourcemod-1.11.0-git6968-windows\addons\sourcemod\scripting\馻nkrunFixhealth.sp::IsTankRunActive
L 01/07/2026 - 15:41:04: [SM]   [2] Line 79, C:\Users\Moises\Downloads\Compressed\sourcemod-1.11.0-git6968-windows\addons\sourcemod\scripting\馻nkrunFixhealth.sp::Event_PlayerDeath
L 01/07/2026 - 15:41:04: [SM] Exception reported: Invalid convar handle 0 (error 4)
L 01/07/2026 - 15:41:04: [SM] Blaming: 馻nkrunFixhealth.smx
L 01/07/2026 - 15:41:04: [SM] Call stack trace:
L 01/07/2026 - 15:41:04: [SM]   [0] GetConVarString
L 01/07/2026 - 15:41:04: [SM]   [1] Line 138, C:\Users\Moises\Downloads\Compressed\sourcemod-1.11.0-git6968-windows\addons\sourcemod\scripting\馻nkrunFixhealth.sp::IsTankRunActive
L 01/07/2026 - 15:41:04: [SM]   [2] Line 79, C:\Users\Moises\Downloads\Compressed\sourcemod-1.11.0-git6968-windows\addons\sourcemod\scripting\馻nkrunFixhealth.sp::Event_PlayerDeath
L 01/07/2026 - 15:41:05: [SM] Exception reported: Invalid convar handle 0 (error 4)
L 01/07/2026 - 15:41:05: [SM] Blaming: 馻nkrunFixhealth.smx
L 01/07/2026 - 15:41:05: [SM] Call stack trace:
L 01/07/2026 - 15:41:05: [SM]   [0] GetConVarString
L 01/07/2026 - 15:41:05: [SM]   [1] Line 138, C:\Users\Moises\Downloads\Compressed\sourcemod-1.11.0-git6968-windows\addons\sourcemod\scripting\馻nkrunFixhealth.sp::IsTankRunActive
L 01/07/2026 - 15:41:05: [SM]   [2] Line 79, C:\Users\Moises\Downloads\Compressed\sourcemod-1.11.0-git6968-windows\addons\sourcemod\scripting\馻nkrunFixhealth.sp::Event_PlayerDeath
L 01/07/2026 - 15:41:06: [SM] Exception reported: Invalid convar handle 0 (error 4)
L 01/07/2026 - 15:41:06: [SM] Blaming: 馻nkrunFixhealth.smx
L 01/07/2026 - 15:41:06: [SM] Call stack trace:
L 01/07/2026 - 15:41:06: [SM]   [0] GetConVarString
L 01/07/2026 - 15:41:06: [SM]   [1] Line 138, C:\Users\Moises\Downloads\Compressed\sourcemod-1.11.0-git6968-windows\addons\sourcemod\scripting\馻nkrunFixhealth.sp::IsTankRunActive
L 01/07/2026 - 15:41:06: [SM]   [2] Line 79, C:\Users\Moises\Downloads\Compressed\sourcemod-1.11.0-git6968-windows\addons\sourcemod\scripting\馻nkrunFixhealth.sp::Event_PlayerDeath
L 01/07/2026 - 15:41:06: [SM] Exception reported: Invalid convar handle 0 (error 4)
L 01/07/2026 - 15:41:06: [SM] Blaming: 馻nkrunFixhealth.smx
L 01/07/2026 - 15:41:06: [SM] Call stack trace:
L 01/07/2026 - 15:41:06: [SM]   [0] GetConVarString
L 01/07/2026 - 15:41:06: [SM]   [1] Line 138, C:\Users\Moises\Downloads\Compressed\sourcemod-1.11.0-git6968-windows\addons\sourcemod\scripting\馻nkrunFixhealth.sp::IsTankRunActive
L 01/07/2026 - 15:41:06: [SM]   [2] Line 79, C:\Users\Moises\Downloads\Compressed\sourcemod-1.11.0-git6968-windows\addons\sourcemod\scripting\馻nkrunFixhealth.sp::Event_PlayerDeath
L 01/07/2026 - 15:41:08: [SM] Exception reported: Invalid convar handle 0 (error 4)
L 01/07/2026 - 15:41:08: [SM] Blaming: 馻nkrunFixhealth.smx
L 01/07/2026 - 15:41:08: [SM] Call stack trace:
L 01/07/2026 - 15:41:08: [SM]   [0] GetConVarString
L 01/07/2026 - 15:41:08: [SM]   [1] Line 138, C:\Users\Moises\Downloads\Compressed\sourcemod-1.11.0-git6968-windows\addons\sourcemod\scripting\馻nkrunFixhealth.sp::IsTankRunActive
L 01/07/2026 - 15:41:08: [SM]   [2] Line 79, C:\Users\Moises\Downloads\Compressed\sourcemod-1.11.0-git6968-windows\addons\sourcemod\scripting\馻nkrunFixhealth.sp::Event_PlayerDeath
L 01/07/2026 - 15:41:08: [SM] Exception reported: Invalid convar handle 0 (error 4)
L 01/07/2026 - 15:41:08: [SM] Blaming: 馻nkrunFixhealth.smx
L 01/07/2026 - 15:41:08: [SM] Call stack trace:
L 01/07/2026 - 15:41:08: [SM]   [0] GetConVarString
L 01/07/2026 - 15:41:08: [SM]   [1] Line 138, C:\Users\Moises\Downloads\Compressed\sourcemod-1.11.0-git6968-windows\addons\sourcemod\scripting\馻nkrunFixhealth.sp::IsTankRunActive
L 01/07/2026 - 15:41:08: [SM]   [2] Line 79, C:\Users\Moises\Downloads\Compressed\sourcemod-1.11.0-git6968-windows\addons\sourcemod\scripting\馻nkrunFixhealth.sp::Event_PlayerDeath
L 01/07/2026 - 15:41:08: [SM] Exception reported: Invalid convar handle 0 (error 4)
L 01/07/2026 - 15:41:08: [SM] Blaming: 馻nkrunFixhealth.smx
L 01/07/2026 - 15:41:08: [SM] Call stack trace:
L 01/07/2026 - 15:41:08: [SM]   [0] GetConVarString
L 01/07/2026 - 15:41:08: [SM]   [1] Line 138, C:\Users\Moises\Downloads\Compressed\sourcemod-1.11.0-git6968-windows\addons\sourcemod\scripting\馻nkrunFixhealth.sp::IsTankRunActive
L 01/07/2026 - 15:41:08: [SM]   [2] Line 79, C:\Users\Moises\Downloads\Compressed\sourcemod-1.11.0-git6968-windows\addons\sourcemod\scripting\馻nkrunFixhealth.sp::Event_PlayerDeath
L 01/07/2026 - 15:41:08: [SM] Exception reported: Invalid convar handle 0 (error 4)
L 01/07/2026 - 15:41:08: [SM] Blaming: 馻nkrunFixhealth.smx
L 01/07/2026 - 15:41:08: [SM] Call stack trace:
L 01/07/2026 - 15:41:08: [SM]   [0] GetConVarString
L 01/07/2026 - 15:41:08: [SM]   [1] Line 138, C:\Users\Moises\Downloads\Compressed\sourcemod-1.11.0-git6968-windows\addons\sourcemod\scripting\馻nkrunFixhealth.sp::IsTankRunActive
L 01/07/2026 - 15:41:08: [SM]   [2] Line 79, C:\Users\Moises\Downloads\Compressed\sourcemod-1.11.0-git6968-windows\addons\sourcemod\scripting\馻nkrunFixhealth.sp::Event_PlayerDeath
L 01/07/2026 - 15:41:09: [SM] Exception reported: Invalid convar handle 0 (error 4)
L 01/07/2026 - 15:41:09: [SM] Blaming: 馻nkrunFixhealth.smx
L 01/07/2026 - 15:41:09: [SM] Call stack trace:
L 01/07/2026 - 15:41:09: [SM]   [0] GetConVarString
L 01/07/2026 - 15:41:09: [SM]   [1] Line 138, C:\Users\Moises\Downloads\Compressed\sourcemod-1.11.0-git6968-windows\addons\sourcemod\scripting\馻nkrunFixhealth.sp::IsTankRunActive
L 01/07/2026 - 15:41:09: [SM]   [2] Line 36, C:\Users\Moises\Downloads\Compressed\sourcemod-1.11.0-git6968-windows\addons\sourcemod\scripting\馻nkrunFixhealth.sp::Timer_PeriodicCheck
L 01/07/2026 - 15:41:12: [SM] Exception reported: Language phrase "Type in chat !join To join the survivors" not found (arg 6)
L 01/07/2026 - 15:41:12: [SM] Blaming: l4dmultislots.smx
L 01/07/2026 - 15:41:12: [SM] Call stack trace:
L 01/07/2026 - 15:41:12: [SM]   [0] VFormat
L 01/07/2026 - 15:41:12: [SM]   [1] Line 71, D:\Github\Private-Work\L4D2-鎻掍欢\scripting_1.11\include\multicolors.inc::CPrintToChat
L 01/07/2026 - 15:41:12: [SM]   [2] Line 938, d:\Github\Private-Work\L4D2-鎻掍欢\scripting_1.11\l4dmultislots.sp::Timer_SpecCheck
L 01/07/2026 - 15:41:19: [SM] Exception reported: Invalid convar handle 0 (error 4)
L 01/07/2026 - 15:41:19: [SM] Blaming: 馻nkrunFixhealth.smx
L 01/07/2026 - 15:41:19: [SM] Call stack trace:
L 01/07/2026 - 15:41:19: [SM]   [0] GetConVarString
L 01/07/2026 - 15:41:19: [SM]   [1] Line 138, C:\Users\Moises\Downloads\Compressed\sourcemod-1.11.0-git6968-windows\addons\sourcemod\scripting\馻nkrunFixhealth.sp::IsTankRunActive
L 01/07/2026 - 15:41:19: [SM]   [2] Line 36, C:\Users\Moises\Downloads\Compressed\sourcemod-1.11.0-git6968-windows\addons\sourcemod\scripting\馻nkrunFixhealth.sp::Timer_PeriodicCheck
L 01/07/2026 - 15:41:21: [SM] Exception reported: Invalid convar handle 0 (error 4)
L 01/07/2026 - 15:41:21: [SM] Blaming: 馻nkrunFixhealth.smx
L 01/07/2026 - 15:41:21: [SM] Call stack trace:
L 01/07/2026 - 15:41:21: [SM]   [0] GetConVarString
L 01/07/2026 - 15:41:21: [SM]   [1] Line 138, C:\Users\Moises\Downloads\Compressed\sourcemod-1.11.0-git6968-windows\addons\sourcemod\scripting\馻nkrunFixhealth.sp::IsTankRunActive
L 01/07/2026 - 15:41:21: [SM]   [2] Line 79, C:\Users\Moises\Downloads\Compressed\sourcemod-1.11.0-git6968-windows\addons\sourcemod\scripting\馻nkrunFixhealth.sp::Event_PlayerDeath
L 01/07/2026 - 15:41:21: [SM] Exception reported: Invalid convar handle 0 (error 4)
L 01/07/2026 - 15:41:21: [SM] Blaming: 馻nkrunFixhealth.smx
L 01/07/2026 - 15:41:21: [SM] Call stack trace:
L 01/07/2026 - 15:41:21: [SM]   [0] GetConVarString
L 01/07/2026 - 15:41:21: [SM]   [1] Line 138, C:\Users\Moises\Downloads\Compressed\sourcemod-1.11.0-git6968-windows\addons\sourcemod\scripting\馻nkrunFixhealth.sp::IsTankRunActive
L 01/07/2026 - 15:41:21: [SM]   [2] Line 79, C:\Users\Moises\Downloads\Compressed\sourcemod-1.11.0-git6968-windows\addons\sourcemod\scripting\馻nkrunFixhealth.sp::Event_PlayerDeath
L 01/07/2026 - 15:41:22: [SM] Exception reported: Invalid convar handle 0 (error 4)
L 01/07/2026 - 15:41:22: [SM] Blaming: 馻nkrunFixhealth.smx
L 01/07/2026 - 15:41:22: [SM] Call stack trace:
L 01/07/2026 - 15:41:22: [SM]   [0] GetConVarString
L 01/07/2026 - 15:41:22: [SM]   [1] Line 138, C:\Users\Moises\Downloads\Compressed\sourcemod-1.11.0-git6968-windows\addons\sourcemod\scripting\馻nkrunFixhealth.sp::IsTankRunActive
L 01/07/2026 - 15:41:22: [SM]   [2] Line 79, C:\Users\Moises\Downloads\Compressed\sourcemod-1.11.0-git6968-windows\addons\sourcemod\scripting\馻nkrunFixhealth.sp::Event_PlayerDeath
L 01/07/2026 - 15:41:22: [SM] Exception reported: Invalid convar handle 0 (error 4)
L 01/07/2026 - 15:41:22: [SM] Blaming: 馻nkrunFixhealth.smx
L 01/07/2026 - 15:41:22: [SM] Call stack trace:
L 01/07/2026 - 15:41:22: [SM]   [0] GetConVarString
L 01/07/2026 - 15:41:22: [SM]   [1] Line 138, C:\Users\Moises\Downloads\Compressed\sourcemod-1.11.0-git6968-windows\addons\sourcemod\scripting\馻nkrunFixhealth.sp::IsTankRunActive
L 01/07/2026 - 15:41:22: [SM]   [2] Line 79, C:\Users\Moises\Downloads\Compressed\sourcemod-1.11.0-git6968-windows\addons\sourcemod\scripting\馻nkrunFixhealth.sp::Event_PlayerDeath
L 01/07/2026 - 15:41:22: [SM] Exception reported: Invalid convar handle 0 (error 4)
L 01/07/2026 - 15:41:22: [SM] Blaming: 馻nkrunFixhealth.smx
L 01/07/2026 - 15:41:22: [SM] Call stack trace:
L 01/07/2026 - 15:41:22: [SM]   [0] GetConVarString
L 01/07/2026 - 15:41:22: [SM]   [1] Line 138, C:\Users\Moises\Downloads\Compressed\sourcemod-1.11.0-git6968-windows\addons\sourcemod\scripting\馻nkrunFixhealth.sp::IsTankRunActive
L 01/07/2026 - 15:41:22: [SM]   [2] Line 79, C:\Users\Moises\Downloads\Compressed\sourcemod-1.11.0-git6968-windows\addons\sourcemod\scripting\馻nkrunFixhealth.sp::Event_PlayerDeath
L 01/07/2026 - 15:41:22: [SM] Exception reported: Invalid convar handle 0 (error 4)
L 01/07/2026 - 15:41:22: [SM] Blaming: 馻nkrunFixhealth.smx
L 01/07/2026 - 15:41:22: [SM] Call stack trace:
L 01/07/2026 - 15:41:22: [SM]   [0] GetConVarString
L 01/07/2026 - 15:41:22: [SM]   [1] Line 138, C:\Users\Moises\Downloads\Compressed\sourcemod-1.11.0-git6968-windows\addons\sourcemod\scripting\馻nkrunFixhealth.sp::IsTankRunActive
L 01/07/2026 - 15:41:22: [SM]   [2] Line 79, C:\Users\Moises\Downloads\Compressed\sourcemod-1.11.0-git6968-windows\addons\sourcemod\scripting\馻nkrunFixhealth.sp::Event_PlayerDeath
L 01/07/2026 - 15:41:22: [SM] Exception reported: Invalid convar handle 0 (error 4)
L 01/07/2026 - 15:41:22: [SM] Blaming: 馻nkrunFixhealth.smx
L 01/07/2026 - 15:41:22: [SM] Call stack trace:
L 01/07/2026 - 15:41:22: [SM]   [0] GetConVarString
L 01/07/2026 - 15:41:22: [SM]   [1] Line 138, C:\Users\Moises\Downloads\Compressed\sourcemod-1.11.0-git6968-windows\addons\sourcemod\scripting\馻nkrunFixhealth.sp::IsTankRunActive
L 01/07/2026 - 15:41:22: [SM]   [2] Line 79, C:\Users\Moises\Downloads\Compressed\sourcemod-1.11.0-git6968-windows\addons\sourcemod\scripting\馻nkrunFixhealth.sp::Event_PlayerDeath
L 01/07/2026 - 15:41:24: [SM] Exception reported: Invalid convar handle 0 (error 4)
L 01/07/2026 - 15:41:24: [SM] Blaming: 馻nkrunFixhealth.smx
L 01/07/2026 - 15:41:24: [SM] Call stack trace:
L 01/07/2026 - 15:41:24: [SM]   [0] GetConVarString
L 01/07/2026 - 15:41:24: [SM]   [1] Line 138, C:\Users\Moises\Downloads\Compressed\sourcemod-1.11.0-git6968-windows\addons\sourcemod\scripting\馻nkrunFixhealth.sp::IsTankRunActive
L 01/07/2026 - 15:41:24: [SM]   [2] Line 79, C:\Users\Moises\Downloads\Compressed\sourcemod-1.11.0-git6968-windows\addons\sourcemod\scripting\馻nkrunFixhealth.sp::Event_PlayerDeath
L 01/07/2026 - 15:41:25: [SM] Exception reported: Invalid convar handle 0 (error 4)
L 01/07/2026 - 15:41:25: [SM] Blaming: 馻nkrunFixhealth.smx
L 01/07/2026 - 15:41:25: [SM] Call stack trace:
L 01/07/2026 - 15:41:25: [SM]   [0] GetConVarString
L 01/07/2026 - 15:41:25: [SM]   [1] Line 138, C:\Users\Moises\Downloads\Compressed\sourcemod-1.11.0-git6968-windows\addons\sourcemod\scripting\馻nkrunFixhealth.sp::IsTankRunActive
L 01/07/2026 - 15:41:25: [SM]   [2] Line 79, C:\Users\Moises\Downloads\Compressed\sourcemod-1.11.0-git6968-windows\addons\sourcemod\scripting\馻nkrunFixhealth.sp::Event_PlayerDeath
L 01/07/2026 - 15:41:25: [SM] Exception reported: Invalid convar handle 0 (error 4)
L 01/07/2026 - 15:41:25: [SM] Blaming: 馻nkrunFixhealth.smx
L 01/07/2026 - 15:41:25: [SM] Call stack trace:
L 01/07/2026 - 15:41:25: [SM]   [0] GetConVarString
L 01/07/2026 - 15:41:25: [SM]   [1] Line 138, C:\Users\Moises\Downloads\Compressed\sourcemod-1.11.0-git6968-windows\addons\sourcemod\scripting\馻nkrunFixhealth.sp::IsTankRunActive
L 01/07/2026 - 15:41:25: [SM]   [2] Line 79, C:\Users\Moises\Downloads\Compressed\sourcemod-1.11.0-git6968-windows\addons\sourcemod\scripting\馻nkrunFixhealth.sp::Event_PlayerDeath
L 01/07/2026 - 15:41:25: [SM] Exception reported: Invalid convar handle 0 (error 4)
L 01/07/2026 - 15:41:25: [SM] Blaming: 馻nkrunFixhealth.smx
L 01/07/2026 - 15:41:25: [SM] Call stack trace:
L 01/07/2026 - 15:41:25: [SM]   [0] GetConVarString
L 01/07/2026 - 15:41:25: [SM]   [1] Line 138, C:\Users\Moises\Downloads\Compressed\sourcemod-1.11.0-git6968-windows\addons\sourcemod\scripting\馻nkrunFixhealth.sp::IsTankRunActive
L 01/07/2026 - 15:41:25: [SM]   [2] Line 79, C:\Users\Moises\Downloads\Compressed\sourcemod-1.11.0-git6968-windows\addons\sourcemod\scripting\馻nkrunFixhealth.sp::Event_PlayerDeath
L 01/07/2026 - 15:41:26: [SM] Exception reported: Invalid convar handle 0 (error 4)
L 01/07/2026 - 15:41:26: [SM] Blaming: 馻nkrunFixhealth.smx
L 01/07/2026 - 15:41:26: [SM] Call stack trace:
L 01/07/2026 - 15:41:26: [SM]   [0] GetConVarString
L 01/07/2026 - 15:41:26: [SM]   [1] Line 138, C:\Users\Moises\Downloads\Compressed\sourcemod-1.11.0-git6968-windows\addons\sourcemod\scripting\馻nkrunFixhealth.sp::IsTankRunActive
L 01/07/2026 - 15:41:26: [SM]   [2] Line 79, C:\Users\Moises\Downloads\Compressed\sourcemod-1.11.0-git6968-windows\addons\sourcemod\scripting\馻nkrunFixhealth.sp::Event_PlayerDeath
L 01/07/2026 - 15:41:26: [SM] Exception reported: Invalid convar handle 0 (error 4)
L 01/07/2026 - 15:41:26: [SM] Blaming: 馻nkrunFixhealth.smx
L 01/07/2026 - 15:41:26: [SM] Call stack trace:
L 01/07/2026 - 15:41:26: [SM]   [0] GetConVarString
L 01/07/2026 - 15:41:26: [SM]   [1] Line 138, C:\Users\Moises\Downloads\Compressed\sourcemod-1.11.0-git6968-windows\addons\sourcemod\scripting\馻nkrunFixhealth.sp::IsTankRunActive
L 01/07/2026 - 15:41:26: [SM]   [2] Line 79, C:\Users\Moises\Downloads\Compressed\sourcemod-1.11.0-git6968-windows\addons\sourcemod\scripting\馻nkrunFixhealth.sp::Event_PlayerDeath
L 01/07/2026 - 15:41:27: [SM] Exception reported: Invalid convar handle 0 (error 4)
L 01/07/2026 - 15:41:27: [SM] Blaming: 馻nkrunFixhealth.smx
L 01/07/2026 - 15:41:27: [SM] Call stack trace:
L 01/07/2026 - 15:41:27: [SM]   [0] GetConVarString
L 01/07/2026 - 15:41:27: [SM]   [1] Line 138, C:\Users\Moises\Downloads\Compressed\sourcemod-1.11.0-git6968-windows\addons\sourcemod\scripting\馻nkrunFixhealth.sp::IsTankRunActive
L 01/07/2026 - 15:41:27: [SM]   [2] Line 79, C:\Users\Moises\Downloads\Compressed\sourcemod-1.11.0-git6968-windows\addons\sourcemod\scripting\馻nkrunFixhealth.sp::Event_PlayerDeath
L 01/07/2026 - 15:41:29: [SM] Exception reported: Invalid convar handle 0 (error 4)
L 01/07/2026 - 15:41:29: [SM] Blaming: 馻nkrunFixhealth.smx
L 01/07/2026 - 15:41:29: [SM] Call stack trace:
L 01/07/2026 - 15:41:29: [SM]   [0] GetConVarString
L 01/07/2026 - 15:41:29: [SM]   [1] Line 138, C:\Users\Moises\Downloads\Compressed\sourcemod-1.11.0-git6968-windows\addons\sourcemod\scripting\馻nkrunFixhealth.sp::IsTankRunActive
L 01/07/2026 - 15:41:29: [SM]   [2] Line 36, C:\Users\Moises\Downloads\Compressed\sourcemod-1.11.0-git6968-windows\addons\sourcemod\scripting\馻nkrunFixhealth.sp::Timer_PeriodicCheck
L 01/07/2026 - 15:41:30: [SM] Exception reported: Invalid convar handle 0 (error 4)
L 01/07/2026 - 15:41:30: [SM] Blaming: 馻nkrunFixhealth.smx
L 01/07/2026 - 15:41:30: [SM] Call stack trace:
L 01/07/2026 - 15:41:30: [SM]   [0] GetConVarString
L 01/07/2026 - 15:41:30: [SM]   [1] Line 138, C:\Users\Moises\Downloads\Compressed\sourcemod-1.11.0-git6968-windows\addons\sourcemod\scripting\馻nkrunFixhealth.sp::IsTankRunActive
L 01/07/2026 - 15:41:30: [SM]   [2] Line 79, C:\Users\Moises\Downloads\Compressed\sourcemod-1.11.0-git6968-windows\addons\sourcemod\scripting\馻nkrunFixhealth.sp::Event_PlayerDeath
L 01/07/2026 - 15:41:30: [SM] Exception reported: Invalid timer handle abf00407 (error 1)
L 01/07/2026 - 15:41:30: [SM] Blaming: l4d2_playerjoining_v2.smx
L 01/07/2026 - 15:41:30: [SM] Call stack trace:
L 01/07/2026 - 15:41:30: [SM]   [0] KillTimer
L 01/07/2026 - 15:41:30: [SM]   [1] Line 53, C:\Users\Moises\Downloads\Compressed\sourcemod-1.11.0-git6968-windows\addons\sourcemod\scripting\l4d2_playerjoining_v2.sp::OnClientDisconnect
L 01/07/2026 - 15:41:30: [SM] Exception reported: Invalid convar handle 0 (error 4)
L 01/07/2026 - 15:41:30: [SM] Blaming: 馻nkrunFixhealth.smx
L 01/07/2026 - 15:41:30: [SM] Call stack trace:
L 01/07/2026 - 15:41:30: [SM]   [0] GetConVarString
L 01/07/2026 - 15:41:30: [SM]   [1] Line 138, C:\Users\Moises\Downloads\Compressed\sourcemod-1.11.0-git6968-windows\addons\sourcemod\scripting\馻nkrunFixhealth.sp::IsTankRunActive
L 01/07/2026 - 15:41:30: [SM]   [2] Line 79, C:\Users\Moises\Downloads\Compressed\sourcemod-1.11.0-git6968-windows\addons\sourcemod\scripting\馻nkrunFixhealth.sp::Event_PlayerDeath
L 01/07/2026 - 15:41:30: [SM] Exception reported: Invalid convar handle 0 (error 4)
L 01/07/2026 - 15:41:30: [SM] Blaming: 馻nkrunFixhealth.smx
L 01/07/2026 - 15:41:30: [SM] Call stack trace:
L 01/07/2026 - 15:41:30: [SM]   [0] GetConVarString
L 01/07/2026 - 15:41:30: [SM]   [1] Line 138, C:\Users\Moises\Downloads\Compressed\sourcemod-1.11.0-git6968-windows\addons\sourcemod\scripting\馻nkrunFixhealth.sp::IsTankRunActive
L 01/07/2026 - 15:41:30: [SM]   [2] Line 79, C:\Users\Moises\Downloads\Compressed\sourcemod-1.11.0-git6968-windows\addons\sourcemod\scripting\馻nkrunFixhealth.sp::Event_PlayerDeath
L 01/07/2026 - 15:41:31: [SM] Exception reported: Invalid convar handle 0 (error 4)
L 01/07/2026 - 15:41:31: [SM] Blaming: 馻nkrunFixhealth.smx
L 01/07/2026 - 15:41:31: [SM] Call stack trace:
L 01/07/2026 - 15:41:31: [SM]   [0] GetConVarString
L 01/07/2026 - 15:41:31: [SM]   [1] Line 138, C:\Users\Moises\Downloads\Compressed\sourcemod-1.11.0-git6968-windows\addons\sourcemod\scripting\馻nkrunFixhealth.sp::IsTankRunActive
L 01/07/2026 - 15:41:31: [SM]   [2] Line 79, C:\Users\Moises\Downloads\Compressed\sourcemod-1.11.0-git6968-windows\addons\sourcemod\scripting\馻nkrunFixhealth.sp::Event_PlayerDeath
L 01/07/2026 - 15:41:33: [SM] Exception reported: Invalid convar handle 0 (error 4)
L 01/07/2026 - 15:41:33: [SM] Blaming: 馻nkrunFixhealth.smx
L 01/07/2026 - 15:41:33: [SM] Call stack trace:
L 01/07/2026 - 15:41:33: [SM]   [0] GetConVarString
L 01/07/2026 - 15:41:33: [SM]   [1] Line 138, C:\Users\Moises\Downloads\Compressed\sourcemod-1.11.0-git6968-windows\addons\sourcemod\scripting\馻nkrunFixhealth.sp::IsTankRunActive
L 01/07/2026 - 15:41:33: [SM]   [2] Line 79, C:\Users\Moises\Downloads\Compressed\sourcemod-1.11.0-git6968-windows\addons\sourcemod\scripting\馻nkrunFixhealth.sp::Event_PlayerDeath
L 01/07/2026 - 15:41:33: [SM] Exception reported: Invalid convar handle 0 (error 4)
L 01/07/2026 - 15:41:33: [SM] Blaming: 馻nkrunFixhealth.smx
L 01/07/2026 - 15:41:33: [SM] Call stack trace:
L 01/07/2026 - 15:41:33: [SM]   [0] GetConVarString
L 01/07/2026 - 15:41:33: [SM]   [1] Line 138, C:\Users\Moises\Downloads\Compressed\sourcemod-1.11.0-git6968-windows\addons\sourcemod\scripting\馻nkrunFixhealth.sp::IsTankRunActive
L 01/07/2026 - 15:41:33: [SM]   [2] Line 79, C:\Users\Moises\Downloads\Compressed\sourcemod-1.11.0-git6968-windows\addons\sourcemod\scripting\馻nkrunFixhealth.sp::Event_PlayerDeath
L 01/07/2026 - 15:41:33: [SM] Exception reported: Invalid convar handle 0 (error 4)
L 01/07/2026 - 15:41:33: [SM] Blaming: 馻nkrunFixhealth.smx
L 01/07/2026 - 15:41:33: [SM] Call stack trace:
L 01/07/2026 - 15:41:33: [SM]   [0] GetConVarString
L 01/07/2026 - 15:41:33: [SM]   [1] Line 138, C:\Users\Moises\Downloads\Compressed\sourcemod-1.11.0-git6968-windows\addons\sourcemod\scripting\馻nkrunFixhealth.sp::IsTankRunActive
L 01/07/2026 - 15:41:33: [SM]   [2] Line 79, C:\Users\Moises\Downloads\Compressed\sourcemod-1.11.0-git6968-windows\addons\sourcemod\scripting\馻nkrunFixhealth.sp::Event_PlayerDeath
L 01/07/2026 - 15:41:33: [SM] Exception reported: Invalid convar handle 0 (error 4)
L 01/07/2026 - 15:41:33: [SM] Blaming: 馻nkrunFixhealth.smx
L 01/07/2026 - 15:41:33: [SM] Call stack trace:
L 01/07/2026 - 15:41:33: [SM]   [0] GetConVarString
L 01/07/2026 - 15:41:33: [SM]   [1] Line 138, C:\Users\Moises\Downloads\Compressed\sourcemod-1.11.0-git6968-windows\addons\sourcemod\scripting\馻nkrunFixhealth.sp::IsTankRunActive
L 01/07/2026 - 15:41:33: [SM]   [2] Line 79, C:\Users\Moises\Downloads\Compressed\sourcemod-1.11.0-git6968-windows\addons\sourcemod\scripting\馻nkrunFixhealth.sp::Event_PlayerDeath
L 01/07/2026 - 15:41:35: [SM] Exception reported: Invalid convar handle 0 (error 4)
L 01/07/2026 - 15:41:35: [SM] Blaming: 馻nkrunFixhealth.smx
L 01/07/2026 - 15:41:35: [SM] Call stack trace:
L 01/07/2026 - 15:41:35: [SM]   [0] GetConVarString
L 01/07/2026 - 15:41:35: [SM]   [1] Line 138, C:\Users\Moises\Downloads\Compressed\sourcemod-1.11.0-git6968-windows\addons\sourcemod\scripting\馻nkrunFixhealth.sp::IsTankRunActive
L 01/07/2026 - 15:41:35: [SM]   [2] Line 79, C:\Users\Moises\Downloads\Compressed\sourcemod-1.11.0-git6968-windows\addons\sourcemod\scripting\馻nkrunFixhealth.sp::Event_PlayerDeath
L 01/07/2026 - 15:41:37: [SM] Exception reported: Language phrase "Type in chat !join To join the survivors" not found (arg 6)
L 01/07/2026 - 15:41:37: [SM] Blaming: l4dmultislots.smx
L 01/07/2026 - 15:41:37: [SM] Call stack trace:
L 01/07/2026 - 15:41:37: [SM]   [0] VFormat
L 01/07/2026 - 15:41:37: [SM]   [1] Line 71, D:\Github\Private-Work\L4D2-鎻掍欢\scripting_1.11\include\multicolors.inc::CPrintToChat
L 01/07/2026 - 15:41:37: [SM]   [2] Line 938, d:\Github\Private-Work\L4D2-鎻掍欢\scripting_1.11\l4dmultislots.sp::Timer_SpecCheck
L 01/07/2026 - 15:41:38: [SM] Exception reported: Invalid convar handle 0 (error 4)
L 01/07/2026 - 15:41:38: [SM] Blaming: 馻nkrunFixhealth.smx
L 01/07/2026 - 15:41:38: [SM] Call stack trace:
L 01/07/2026 - 15:41:38: [SM]   [0] GetConVarString
L 01/07/2026 - 15:41:38: [SM]   [1] Line 138, C:\Users\Moises\Downloads\Compressed\sourcemod-1.11.0-git6968-windows\addons\sourcemod\scripting\馻nkrunFixhealth.sp::IsTankRunActive
L 01/07/2026 - 15:41:38: [SM]   [2] Line 79, C:\Users\Moises\Downloads\Compressed\sourcemod-1.11.0-git6968-windows\addons\sourcemod\scripting\馻nkrunFixhealth.sp::Event_PlayerDeath
L 01/07/2026 - 15:41:39: [SM] Exception reported: Invalid convar handle 0 (error 4)
L 01/07/2026 - 15:41:39: [SM] Blaming: 馻nkrunFixhealth.smx
L 01/07/2026 - 15:41:39: [SM] Call stack trace:
L 01/07/2026 - 15:41:39: [SM]   [0] GetConVarString
L 01/07/2026 - 15:41:39: [SM]   [1] Line 138, C:\Users\Moises\Downloads\Compressed\sourcemod-1.11.0-git6968-windows\addons\sourcemod\scripting\馻nkrunFixhealth.sp::IsTankRunActive
L 01/07/2026 - 15:41:39: [SM]   [2] Line 36, C:\Users\Moises\Downloads\Compressed\sourcemod-1.11.0-git6968-windows\addons\sourcemod\scripting\馻nkrunFixhealth.sp::Timer_PeriodicCheck
L 01/07/2026 - 15:41:41: [SM] Exception reported: Invalid convar handle 0 (error 4)
L 01/07/2026 - 15:41:41: [SM] Blaming: 馻nkrunFixhealth.smx
L 01/07/2026 - 15:41:41: [SM] Call stack trace:
L 01/07/2026 - 15:41:41: [SM]   [0] GetConVarString
L 01/07/2026 - 15:41:41: [SM]   [1] Line 138, C:\Users\Moises\Downloads\Compressed\sourcemod-1.11.0-git6968-windows\addons\sourcemod\scripting\馻nkrunFixhealth.sp::IsTankRunActive
L 01/07/2026 - 15:41:41: [SM]   [2] Line 79, C:\Users\Moises\Downloads\Compressed\sourcemod-1.11.0-git6968-windows\addons\sourcemod\scripting\馻nkrunFixhealth.sp::Event_PlayerDeath
L 01/07/2026 - 15:41:41: [SM] Exception reported: Language phrase "Too many survivors, unbalance" not found (arg 5)
L 01/07/2026 - 15:41:41: [SM] Blaming: l4dmultislots.smx
L 01/07/2026 - 15:41:41: [SM] Call stack trace:
L 01/07/2026 - 15:41:41: [SM]   [0] PrintHintText
L 01/07/2026 - 15:41:41: [SM]   [1] Line 816, d:\Github\Private-Work\L4D2-鎻掍欢\scripting_1.11\l4dmultislots.sp::JoinTeam_VSCommandBalance
L 01/07/2026 - 15:41:42: [SM] Exception reported: Invalid convar handle 0 (error 4)
L 01/07/2026 - 15:41:42: [SM] Blaming: 馻nkrunFixhealth.smx
L 01/07/2026 - 15:41:42: [SM] Call stack trace:
L 01/07/2026 - 15:41:42: [SM]   [0] GetConVarString
L 01/07/2026 - 15:41:42: [SM]   [1] Line 138, C:\Users\Moises\Downloads\Compressed\sourcemod-1.11.0-git6968-windows\addons\sourcemod\scripting\馻nkrunFixhealth.sp::IsTankRunActive
L 01/07/2026 - 15:41:42: [SM]   [2] Line 79, C:\Users\Moises\Downloads\Compressed\sourcemod-1.11.0-git6968-windows\addons\sourcemod\scripting\馻nkrunFixhealth.sp::Event_PlayerDeath
L 01/07/2026 - 15:41:43: [SM] Exception reported: Invalid convar handle 0 (error 4)
L 01/07/2026 - 15:41:43: [SM] Blaming: 馻nkrunFixhealth.smx
L 01/07/2026 - 15:41:43: [SM] Call stack trace:
L 01/07/2026 - 15:41:43: [SM]   [0] GetConVarString
L 01/07/2026 - 15:41:43: [SM]   [1] Line 138, C:\Users\Moises\Downloads\Compressed\sourcemod-1.11.0-git6968-windows\addons\sourcemod\scripting\馻nkrunFixhealth.sp::IsTankRunActive
L 01/07/2026 - 15:41:43: [SM]   [2] Line 79, C:\Users\Moises\Downloads\Compressed\sourcemod-1.11.0-git6968-windows\addons\sourcemod\scripting\馻nkrunFixhealth.sp::Event_PlayerDeath
L 01/07/2026 - 15:41:43: [SM] Exception reported: Invalid convar handle 0 (error 4)
L 01/07/2026 - 15:41:43: [SM] Blaming: 馻nkrunFixhealth.smx
L 01/07/2026 - 15:41:43: [SM] Call stack trace:
L 01/07/2026 - 15:41:43: [SM]   [0] GetConVarString
L 01/07/2026 - 15:41:43: [SM]   [1] Line 138, C:\Users\Moises\Downloads\Compressed\sourcemod-1.11.0-git6968-windows\addons\sourcemod\scripting\馻nkrunFixhealth.sp::IsTankRunActive
L 01/07/2026 - 15:41:43: [SM]   [2] Line 79, C:\Users\Moises\Downloads\Compressed\sourcemod-1.11.0-git6968-windows\addons\sourcemod\scripting\馻nkrunFixhealth.sp::Event_PlayerDeath
L 01/07/2026 - 15:41:44: [SM] Exception reported: Invalid convar handle 0 (error 4)
L 01/07/2026 - 15:41:44: [SM] Blaming: 馻nkrunFixhealth.smx
L 01/07/2026 - 15:41:44: [SM] Call stack trace:
L 01/07/2026 - 15:41:44: [SM]   [0] GetConVarString
L 01/07/2026 - 15:41:44: [SM]   [1] Line 138, C:\Users\Moises\Downloads\Compressed\sourcemod-1.11.0-git6968-windows\addons\sourcemod\scripting\馻nkrunFixhealth.sp::IsTankRunActive
L 01/07/2026 - 15:41:44: [SM]   [2] Line 79, C:\Users\Moises\Downloads\Compressed\sourcemod-1.11.0-git6968-windows\addons\sourcemod\scripting\馻nkrunFixhealth.sp::Event_PlayerDeath
L 01/07/2026 - 15:41:45: [SM] Exception reported: Language phrase "Too many survivors, unbalance" not found (arg 5)
L 01/07/2026 - 15:41:45: [SM] Blaming: l4dmultislots.smx
L 01/07/2026 - 15:41:45: [SM] Call stack trace:
L 01/07/2026 - 15:41:45: [SM]   [0] PrintHintText
L 01/07/2026 - 15:41:45: [SM]   [1] Line 816, d:\Github\Private-Work\L4D2-鎻掍欢\scripting_1.11\l4dmultislots.sp::JoinTeam_VSCommandBalance
L 01/07/2026 - 15:41:47: [SM] Exception reported: Invalid convar handle 0 (error 4)
L 01/07/2026 - 15:41:47: [SM] Blaming: 馻nkrunFixhealth.smx
L 01/07/2026 - 15:41:47: [SM] Call stack trace:
L 01/07/2026 - 15:41:47: [SM]   [0] GetConVarString
L 01/07/2026 - 15:41:47: [SM]   [1] Line 138, C:\Users\Moises\Downloads\Compressed\sourcemod-1.11.0-git6968-windows\addons\sourcemod\scripting\馻nkrunFixhealth.sp::IsTankRunActive
L 01/07/2026 - 15:41:47: [SM]   [2] Line 79, C:\Users\Moises\Downloads\Compressed\sourcemod-1.11.0-git6968-windows\addons\sourcemod\scripting\馻nkrunFixhealth.sp::Event_PlayerDeath
L 01/07/2026 - 15:41:49: [SM] Exception reported: Invalid convar handle 0 (error 4)
L 01/07/2026 - 15:41:49: [SM] Blaming: 馻nkrunFixhealth.smx
L 01/07/2026 - 15:41:49: [SM] Call stack trace:
L 01/07/2026 - 15:41:49: [SM]   [0] GetConVarString
L 01/07/2026 - 15:41:49: [SM]   [1] Line 138, C:\Users\Moises\Downloads\Compressed\sourcemod-1.11.0-git6968-windows\addons\sourcemod\scripting\馻nkrunFixhealth.sp::IsTankRunActive
L 01/07/2026 - 15:41:49: [SM]   [2] Line 79, C:\Users\Moises\Downloads\Compressed\sourcemod-1.11.0-git6968-windows\addons\sourcemod\scripting\馻nkrunFixhealth.sp::Event_PlayerDeath
L 01/07/2026 - 15:41:49: [SM] Exception reported: Invalid convar handle 0 (error 4)
L 01/07/2026 - 15:41:49: [SM] Blaming: 馻nkrunFixhealth.smx
L 01/07/2026 - 15:41:49: [SM] Call stack trace:
L 01/07/2026 - 15:41:49: [SM]   [0] GetConVarString
L 01/07/2026 - 15:41:49: [SM]   [1] Line 138, C:\Users\Moises\Downloads\Compressed\sourcemod-1.11.0-git6968-windows\addons\sourcemod\scripting\馻nkrunFixhealth.sp::IsTankRunActive
L 01/07/2026 - 15:41:49: [SM]   [2] Line 36, C:\Users\Moises\Downloads\Compressed\sourcemod-1.11.0-git6968-windows\addons\sourcemod\scripting\馻nkrunFixhealth.sp::Timer_PeriodicCheck
L 01/07/2026 - 15:41:50: [SM] Exception reported: Invalid timer handle 9c400078 (error 1)
L 01/07/2026 - 15:41:50: [SM] Blaming: l4d2_playerjoining_v2.smx
L 01/07/2026 - 15:41:50: [SM] Call stack trace:
L 01/07/2026 - 15:41:50: [SM]   [0] KillTimer
L 01/07/2026 - 15:41:50: [SM]   [1] Line 53, C:\Users\Moises\Downloads\Compressed\sourcemod-1.11.0-git6968-windows\addons\sourcemod\scripting\l4d2_playerjoining_v2.sp::OnClientDisconnect
L 01/07/2026 - 15:41:51: [SM] Exception reported: Invalid convar handle 0 (error 4)
L 01/07/2026 - 15:41:51: [SM] Blaming: 馻nkrunFixhealth.smx
L 01/07/2026 - 15:41:51: [SM] Call stack trace:
L 01/07/2026 - 15:41:51: [SM]   [0] GetConVarString
L 01/07/2026 - 15:41:51: [SM]   [1] Line 138, C:\Users\Moises\Downloads\Compressed\sourcemod-1.11.0-git6968-windows\addons\sourcemod\scripting\馻nkrunFixhealth.sp::IsTankRunActive
L 01/07/2026 - 15:41:51: [SM]   [2] Line 79, C:\Users\Moises\Downloads\Compressed\sourcemod-1.11.0-git6968-windows\addons\sourcemod\scripting\馻nkrunFixhealth.sp::Event_PlayerDeath
L 01/07/2026 - 15:41:51: [SM] Exception reported: Invalid convar handle 0 (error 4)
L 01/07/2026 - 15:41:51: [SM] Blaming: 馻nkrunFixhealth.smx
L 01/07/2026 - 15:41:51: [SM] Call stack trace:
L 01/07/2026 - 15:41:51: [SM]   [0] GetConVarString
L 01/07/2026 - 15:41:51: [SM]   [1] Line 138, C:\Users\Moises\Downloads\Compressed\sourcemod-1.11.0-git6968-windows\addons\sourcemod\scripting\馻nkrunFixhealth.sp::IsTankRunActive
L 01/07/2026 - 15:41:51: [SM]   [2] Line 79, C:\Users\Moises\Downloads\Compressed\sourcemod-1.11.0-git6968-windows\addons\sourcemod\scripting\馻nkrunFixhealth.sp::Event_PlayerDeath
L 01/07/2026 - 15:41:51: [SM] Exception reported: Invalid convar handle 0 (error 4)
L 01/07/2026 - 15:41:51: [SM] Blaming: 馻nkrunFixhealth.smx
L 01/07/2026 - 15:41:51: [SM] Call stack trace:
L 01/07/2026 - 15:41:51: [SM]   [0] GetConVarString
L 01/07/2026 - 15:41:51: [SM]   [1] Line 138, C:\Users\Moises\Downloads\Compressed\sourcemod-1.11.0-git6968-windows\addons\sourcemod\scripting\馻nkrunFixhealth.sp::IsTankRunActive
L 01/07/2026 - 15:41:51: [SM]   [2] Line 79, C:\Users\Moises\Downloads\Compressed\sourcemod-1.11.0-git6968-windows\addons\sourcemod\scripting\馻nkrunFixhealth.sp::Event_PlayerDeath
L 01/07/2026 - 15:41:51: [SM] Exception reported: Invalid convar handle 0 (error 4)
L 01/07/2026 - 15:41:51: [SM] Blaming: 馻nkrunFixhealth.smx
L 01/07/2026 - 15:41:51: [SM] Call stack trace:
L 01/07/2026 - 15:41:51: [SM]   [0] GetConVarString
L 01/07/2026 - 15:41:51: [SM]   [1] Line 138, C:\Users\Moises\Downloads\Compressed\sourcemod-1.11.0-git6968-windows\addons\sourcemod\scripting\馻nkrunFixhealth.sp::IsTankRunActive
L 01/07/2026 - 15:41:51: [SM]   [2] Line 79, C:\Users\Moises\Downloads\Compressed\sourcemod-1.11.0-git6968-windows\addons\sourcemod\scripting\馻nkrunFixhealth.sp::Event_PlayerDeath
L 01/07/2026 - 15:41:51: [SM] Exception reported: Invalid convar handle 0 (error 4)
L 01/07/2026 - 15:41:51: [SM] Blaming: 馻nkrunFixhealth.smx
L 01/07/2026 - 15:41:51: [SM] Call stack trace:
L 01/07/2026 - 15:41:51: [SM]   [0] GetConVarString
L 01/07/2026 - 15:41:51: [SM]   [1] Line 138, C:\Users\Moises\Downloads\Compressed\sourcemod-1.11.0-git6968-windows\addons\sourcemod\scripting\馻nkrunFixhealth.sp::IsTankRunActive
L 01/07/2026 - 15:41:51: [SM]   [2] Line 79, C:\Users\Moises\Downloads\Compressed\sourcemod-1.11.0-git6968-windows\addons\sourcemod\scripting\馻nkrunFixhealth.sp::Event_PlayerDeath
L 01/07/2026 - 15:41:51: [SM] Exception reported: Invalid convar handle 0 (error 4)
L 01/07/2026 - 15:41:51: [SM] Blaming: 馻nkrunFixhealth.smx
L 01/07/2026 - 15:41:51: [SM] Call stack trace:
L 01/07/2026 - 15:41:51: [SM]   [0] GetConVarString
L 01/07/2026 - 15:41:51: [SM]   [1] Line 138, C:\Users\Moises\Downloads\Compressed\sourcemod-1.11.0-git6968-windows\addons\sourcemod\scripting\馻nkrunFixhealth.sp::IsTankRunActive
L 01/07/2026 - 15:41:51: [SM]   [2] Line 79, C:\Users\Moises\Downloads\Compressed\sourcemod-1.11.0-git6968-windows\addons\sourcemod\scripting\馻nkrunFixhealth.sp::Event_PlayerDeath
L 01/07/2026 - 15:41:51: [SM] Exception reported: Invalid convar handle 0 (error 4)
L 01/07/2026 - 15:41:51: [SM] Blaming: 馻nkrunFixhealth.smx
L 01/07/2026 - 15:41:51: [SM] Call stack trace:
L 01/07/2026 - 15:41:51: [SM]   [0] GetConVarString
L 01/07/2026 - 15:41:51: [SM]   [1] Line 138, C:\Users\Moises\Downloads\Compressed\sourcemod-1.11.0-git6968-windows\addons\sourcemod\scripting\馻nkrunFixhealth.sp::IsTankRunActive
L 01/07/2026 - 15:41:51: [SM]   [2] Line 79, C:\Users\Moises\Downloads\Compressed\sourcemod-1.11.0-git6968-windows\addons\sourcemod\scripting\馻nkrunFixhealth.sp::Event_PlayerDeath
L 01/07/2026 - 15:41:51: [SM] Exception reported: Invalid convar handle 0 (error 4)
L 01/07/2026 - 15:41:51: [SM] Blaming: 馻nkrunFixhealth.smx
L 01/07/2026 - 15:41:51: [SM] Call stack trace:
L 01/07/2026 - 15:41:51: [SM]   [0] GetConVarString
L 01/07/2026 - 15:41:51: [SM]   [1] Line 138, C:\Users\Moises\Downloads\Compressed\sourcemod-1.11.0-git6968-windows\addons\sourcemod\scripting\馻nkrunFixhealth.sp::IsTankRunActive
L 01/07/2026 - 15:41:51: [SM]   [2] Line 79, C:\Users\Moises\Downloads\Compressed\sourcemod-1.11.0-git6968-windows\addons\sourcemod\scripting\馻nkrunFixhealth.sp::Event_PlayerDeath
L 01/07/2026 - 15:41:54: [SM] Exception reported: Invalid convar handle 0 (error 4)
L 01/07/2026 - 15:41:54: [SM] Blaming: 馻nkrunFixhealth.smx
L 01/07/2026 - 15:41:54: [SM] Call stack trace:
L 01/07/2026 - 15:41:54: [SM]   [0] GetConVarString
L 01/07/2026 - 15:41:54: [SM]   [1] Line 138, C:\Users\Moises\Downloads\Compressed\sourcemod-1.11.0-git6968-windows\addons\sourcemod\scripting\馻nkrunFixhealth.sp::IsTankRunActive
L 01/07/2026 - 15:41:54: [SM]   [2] Line 79, C:\Users\Moises\Downloads\Compressed\sourcemod-1.11.0-git6968-windows\addons\sourcemod\scripting\馻nkrunFixhealth.sp::Event_PlayerDeath
L 01/07/2026 - 15:41:54: [SM] Exception reported: Invalid convar handle 0 (error 4)
L 01/07/2026 - 15:41:54: [SM] Blaming: 馻nkrunFixhealth.smx
L 01/07/2026 - 15:41:54: [SM] Call stack trace:
L 01/07/2026 - 15:41:54: [SM]   [0] GetConVarString
L 01/07/2026 - 15:41:54: [SM]   [1] Line 138, C:\Users\Moises\Downloads\Compressed\sourcemod-1.11.0-git6968-windows\addons\sourcemod\scripting\馻nkrunFixhealth.sp::IsTankRunActive
L 01/07/2026 - 15:41:54: [SM]   [2] Line 79, C:\Users\Moises\Downloads\Compressed\sourcemod-1.11.0-git6968-windows\addons\sourcemod\scripting\馻nkrunFixhealth.sp::Event_PlayerDeath
L 01/07/2026 - 15:41:59: [SM] Exception reported: Invalid convar handle 0 (error 4)
L 01/07/2026 - 15:41:59: [SM] Blaming: 馻nkrunFixhealth.smx
L 01/07/2026 - 15:41:59: [SM] Call stack trace:
L 01/07/2026 - 15:41:59: [SM]   [0] GetConVarString
L 01/07/2026 - 15:41:59: [SM]   [1] Line 138, C:\Users\Moises\Downloads\Compressed\sourcemod-1.11.0-git6968-windows\addons\sourcemod\scripting\馻nkrunFixhealth.sp::IsTankRunActive
L 01/07/2026 - 15:41:59: [SM]   [2] Line 36, C:\Users\Moises\Downloads\Compressed\sourcemod-1.11.0-git6968-windows\addons\sourcemod\scripting\馻nkrunFixhealth.sp::Timer_PeriodicCheck
L 01/07/2026 - 15:42:00: [SM] Exception reported: Invalid convar handle 0 (error 4)
L 01/07/2026 - 15:42:00: [SM] Blaming: 馻nkrunFixhealth.smx
L 01/07/2026 - 15:42:00: [SM] Call stack trace:
L 01/07/2026 - 15:42:00: [SM]   [0] GetConVarString
L 01/07/2026 - 15:42:00: [SM]   [1] Line 138, C:\Users\Moises\Downloads\Compressed\sourcemod-1.11.0-git6968-windows\addons\sourcemod\scripting\馻nkrunFixhealth.sp::IsTankRunActive
L 01/07/2026 - 15:42:00: [SM]   [2] Line 79, C:\Users\Moises\Downloads\Compressed\sourcemod-1.11.0-git6968-windows\addons\sourcemod\scripting\馻nkrunFixhealth.sp::Event_PlayerDeath
L 01/07/2026 - 15:42:01: [SM] Exception reported: Invalid convar handle 0 (error 4)
L 01/07/2026 - 15:42:01: [SM] Blaming: 馻nkrunFixhealth.smx
L 01/07/2026 - 15:42:01: [SM] Call stack trace:
L 01/07/2026 - 15:42:01: [SM]   [0] GetConVarString
L 01/07/2026 - 15:42:01: [SM]   [1] Line 138, C:\Users\Moises\Downloads\Compressed\sourcemod-1.11.0-git6968-windows\addons\sourcemod\scripting\馻nkrunFixhealth.sp::IsTankRunActive
L 01/07/2026 - 15:42:01: [SM]   [2] Line 79, C:\Users\Moises\Downloads\Compressed\sourcemod-1.11.0-git6968-windows\addons\sourcemod\scripting\馻nkrunFixhealth.sp::Event_PlayerDeath
L 01/07/2026 - 15:42:02: [SM] Exception reported: Language phrase "Type in chat !join To join the survivors" not found (arg 6)
L 01/07/2026 - 15:42:02: [SM] Blaming: l4dmultislots.smx
L 01/07/2026 - 15:42:02: [SM] Call stack trace:
L 01/07/2026 - 15:42:02: [SM]   [0] VFormat
L 01/07/2026 - 15:42:02: [SM]   [1] Line 71, D:\Github\Private-Work\L4D2-鎻掍欢\scripting_1.11\include\multicolors.inc::CPrintToChat
L 01/07/2026 - 15:42:02: [SM]   [2] Line 938, d:\Github\Private-Work\L4D2-鎻掍欢\scripting_1.11\l4dmultislots.sp::Timer_SpecCheck
L 01/07/2026 - 15:42:04: [SM] Exception reported: Invalid convar handle 0 (error 4)
L 01/07/2026 - 15:42:04: [SM] Blaming: 馻nkrunFixhealth.smx
L 01/07/2026 - 15:42:04: [SM] Call stack trace:
L 01/07/2026 - 15:42:04: [SM]   [0] GetConVarString
L 01/07/2026 - 15:42:04: [SM]   [1] Line 138, C:\Users\Moises\Downloads\Compressed\sourcemod-1.11.0-git6968-windows\addons\sourcemod\scripting\馻nkrunFixhealth.sp::IsTankRunActive
L 01/07/2026 - 15:42:04: [SM]   [2] Line 79, C:\Users\Moises\Downloads\Compressed\sourcemod-1.11.0-git6968-windows\addons\sourcemod\scripting\馻nkrunFixhealth.sp::Event_PlayerDeath
L 01/07/2026 - 15:42:05: [SM] Exception reported: Invalid convar handle 0 (error 4)
L 01/07/2026 - 15:42:05: [SM] Blaming: 馻nkrunFixhealth.smx
L 01/07/2026 - 15:42:05: [SM] Call stack trace:
L 01/07/2026 - 15:42:05: [SM]   [0] GetConVarString
L 01/07/2026 - 15:42:05: [SM]   [1] Line 138, C:\Users\Moises\Downloads\Compressed\sourcemod-1.11.0-git6968-windows\addons\sourcemod\scripting\馻nkrunFixhealth.sp::IsTankRunActive
L 01/07/2026 - 15:42:05: [SM]   [2] Line 79, C:\Users\Moises\Downloads\Compressed\sourcemod-1.11.0-git6968-windows\addons\sourcemod\scripting\馻nkrunFixhealth.sp::Event_PlayerDeath
L 01/07/2026 - 15:42:05: [SM] Exception reported: Invalid convar handle 0 (error 4)
L 01/07/2026 - 15:42:05: [SM] Blaming: 馻nkrunFixhealth.smx
L 01/07/2026 - 15:42:05: [SM] Call stack trace:
L 01/07/2026 - 15:42:05: [SM]   [0] GetConVarString
L 01/07/2026 - 15:42:05: [SM]   [1] Line 138, C:\Users\Moises\Downloads\Compressed\sourcemod-1.11.0-git6968-windows\addons\sourcemod\scripting\馻nkrunFixhealth.sp::IsTankRunActive
L 01/07/2026 - 15:42:05: [SM]   [2] Line 79, C:\Users\Moises\Downloads\Compressed\sourcemod-1.11.0-git6968-windows\addons\sourcemod\scripting\馻nkrunFixhealth.sp::Event_PlayerDeath
L 01/07/2026 - 15:42:06: [SM] Exception reported: Invalid convar handle 0 (error 4)
L 01/07/2026 - 15:42:06: [SM] Blaming: 馻nkrunFixhealth.smx
L 01/07/2026 - 15:42:06: [SM] Call stack trace:
L 01/07/2026 - 15:42:06: [SM]   [0] GetConVarString
L 01/07/2026 - 15:42:06: [SM]   [1] Line 138, C:\Users\Moises\Downloads\Compressed\sourcemod-1.11.0-git6968-windows\addons\sourcemod\scripting\馻nkrunFixhealth.sp::IsTankRunActive
L 01/07/2026 - 15:42:06: [SM]   [2] Line 79, C:\Users\Moises\Downloads\Compressed\sourcemod-1.11.0-git6968-windows\addons\sourcemod\scripting\馻nkrunFixhealth.sp::Event_PlayerDeath
L 01/07/2026 - 15:42:09: [SM] Exception reported: Invalid convar handle 0 (error 4)
L 01/07/2026 - 15:42:09: [SM] Blaming: 馻nkrunFixhealth.smx
L 01/07/2026 - 15:42:09: [SM] Call stack trace:
L 01/07/2026 - 15:42:09: [SM]   [0] GetConVarString
L 01/07/2026 - 15:42:09: [SM]   [1] Line 138, C:\Users\Moises\Downloads\Compressed\sourcemod-1.11.0-git6968-windows\addons\sourcemod\scripting\馻nkrunFixhealth.sp::IsTankRunActive
L 01/07/2026 - 15:42:09: [SM]   [2] Line 36, C:\Users\Moises\Downloads\Compressed\sourcemod-1.11.0-git6968-windows\addons\sourcemod\scripting\馻nkrunFixhealth.sp::Timer_PeriodicCheck
L 01/07/2026 - 15:42:10: [SM] Exception reported: Invalid convar handle 0 (error 4)
L 01/07/2026 - 15:42:10: [SM] Blaming: 馻nkrunFixhealth.smx
L 01/07/2026 - 15:42:10: [SM] Call stack trace:
L 01/07/2026 - 15:42:10: [SM]   [0] GetConVarString
L 01/07/2026 - 15:42:10: [SM]   [1] Line 138, C:\Users\Moises\Downloads\Compressed\sourcemod-1.11.0-git6968-windows\addons\sourcemod\scripting\馻nkrunFixhealth.sp::IsTankRunActive
L 01/07/2026 - 15:42:10: [SM]   [2] Line 79, C:\Users\Moises\Downloads\Compressed\sourcemod-1.11.0-git6968-windows\addons\sourcemod\scripting\馻nkrunFixhealth.sp::Event_PlayerDeath
L 01/07/2026 - 15:42:12: [SM] Exception reported: Invalid convar handle 0 (error 4)
L 01/07/2026 - 15:42:12: [SM] Blaming: 馻nkrunFixhealth.smx
L 01/07/2026 - 15:42:12: [SM] Call stack trace:
L 01/07/2026 - 15:42:12: [SM]   [0] GetConVarString
L 01/07/2026 - 15:42:12: [SM]   [1] Line 138, C:\Users\Moises\Downloads\Compressed\sourcemod-1.11.0-git6968-windows\addons\sourcemod\scripting\馻nkrunFixhealth.sp::IsTankRunActive
L 01/07/2026 - 15:42:12: [SM]   [2] Line 79, C:\Users\Moises\Downloads\Compressed\sourcemod-1.11.0-git6968-windows\addons\sourcemod\scripting\馻nkrunFixhealth.sp::Event_PlayerDeath
L 01/07/2026 - 15:42:12: [SM] Exception reported: Invalid convar handle 0 (error 4)
L 01/07/2026 - 15:42:12: [SM] Blaming: 馻nkrunFixhealth.smx
L 01/07/2026 - 15:42:12: [SM] Call stack trace:
L 01/07/2026 - 15:42:12: [SM]   [0] GetConVarString
L 01/07/2026 - 15:42:12: [SM]   [1] Line 138, C:\Users\Moises\Downloads\Compressed\sourcemod-1.11.0-git6968-windows\addons\sourcemod\scripting\馻nkrunFixhealth.sp::IsTankRunActive
L 01/07/2026 - 15:42:12: [SM]   [2] Line 79, C:\Users\Moises\Downloads\Compressed\sourcemod-1.11.0-git6968-windows\addons\sourcemod\scripting\馻nkrunFixhealth.sp::Event_PlayerDeath
L 01/07/2026 - 15:42:19: [SM] Exception reported: Invalid convar handle 0 (error 4)
L 01/07/2026 - 15:42:19: [SM] Blaming: 馻nkrunFixhealth.smx
L 01/07/2026 - 15:42:19: [SM] Call stack trace:
L 01/07/2026 - 15:42:19: [SM]   [0] GetConVarString
L 01/07/2026 - 15:42:19: [SM]   [1] Line 138, C:\Users\Moises\Downloads\Compressed\sourcemod-1.11.0-git6968-windows\addons\sourcemod\scripting\馻nkrunFixhealth.sp::IsTankRunActive
L 01/07/2026 - 15:42:19: [SM]   [2] Line 36, C:\Users\Moises\Downloads\Compressed\sourcemod-1.11.0-git6968-windows\addons\sourcemod\scripting\馻nkrunFixhealth.sp::Timer_PeriodicCheck
L 01/07/2026 - 15:42:26: [SM] Exception reported: Invalid convar handle 0 (error 4)
L 01/07/2026 - 15:42:26: [SM] Blaming: 馻nkrunFixhealth.smx
L 01/07/2026 - 15:42:26: [SM] Call stack trace:
L 01/07/2026 - 15:42:26: [SM]   [0] GetConVarString
L 01/07/2026 - 15:42:26: [SM]   [1] Line 138, C:\Users\Moises\Downloads\Compressed\sourcemod-1.11.0-git6968-windows\addons\sourcemod\scripting\馻nkrunFixhealth.sp::IsTankRunActive
L 01/07/2026 - 15:42:26: [SM]   [2] Line 79, C:\Users\Moises\Downloads\Compressed\sourcemod-1.11.0-git6968-windows\addons\sourcemod\scripting\馻nkrunFixhealth.sp::Event_PlayerDeath
L 01/07/2026 - 15:42:28: [SM] Exception reported: Invalid convar handle 0 (error 4)
L 01/07/2026 - 15:42:28: [SM] Blaming: 馻nkrunFixhealth.smx
L 01/07/2026 - 15:42:28: [SM] Call stack trace:
L 01/07/2026 - 15:42:28: [SM]   [0] GetConVarString
L 01/07/2026 - 15:42:28: [SM]   [1] Line 138, C:\Users\Moises\Downloads\Compressed\sourcemod-1.11.0-git6968-windows\addons\sourcemod\scripting\馻nkrunFixhealth.sp::IsTankRunActive
L 01/07/2026 - 15:42:28: [SM]   [2] Line 79, C:\Users\Moises\Downloads\Compressed\sourcemod-1.11.0-git6968-windows\addons\sourcemod\scripting\馻nkrunFixhealth.sp::Event_PlayerDeath
L 01/07/2026 - 15:42:29: [SM] Exception reported: Invalid convar handle 0 (error 4)
L 01/07/2026 - 15:42:29: [SM] Blaming: 馻nkrunFixhealth.smx
L 01/07/2026 - 15:42:29: [SM] Call stack trace:
L 01/07/2026 - 15:42:29: [SM]   [0] GetConVarString
L 01/07/2026 - 15:42:29: [SM]   [1] Line 138, C:\Users\Moises\Downloads\Compressed\sourcemod-1.11.0-git6968-windows\addons\sourcemod\scripting\馻nkrunFixhealth.sp::IsTankRunActive
L 01/07/2026 - 15:42:29: [SM]   [2] Line 79, C:\Users\Moises\Downloads\Compressed\sourcemod-1.11.0-git6968-windows\addons\sourcemod\scripting\馻nkrunFixhealth.sp::Event_PlayerDeath
L 01/07/2026 - 15:42:29: [SM] Exception reported: Invalid convar handle 0 (error 4)
L 01/07/2026 - 15:42:29: [SM] Blaming: 馻nkrunFixhealth.smx
L 01/07/2026 - 15:42:29: [SM] Call stack trace:
L 01/07/2026 - 15:42:29: [SM]   [0] GetConVarString
L 01/07/2026 - 15:42:29: [SM]   [1] Line 138, C:\Users\Moises\Downloads\Compressed\sourcemod-1.11.0-git6968-windows\addons\sourcemod\scripting\馻nkrunFixhealth.sp::IsTankRunActive
L 01/07/2026 - 15:42:29: [SM]   [2] Line 36, C:\Users\Moises\Downloads\Compressed\sourcemod-1.11.0-git6968-windows\addons\sourcemod\scripting\馻nkrunFixhealth.sp::Timer_PeriodicCheck
L 01/07/2026 - 15:42:33: [SM] Exception reported: Invalid convar handle 0 (error 4)
L 01/07/2026 - 15:42:33: [SM] Blaming: 馻nkrunFixhealth.smx
L 01/07/2026 - 15:42:33: [SM] Call stack trace:
L 01/07/2026 - 15:42:33: [SM]   [0] GetConVarString
L 01/07/2026 - 15:42:33: [SM]   [1] Line 138, C:\Users\Moises\Downloads\Compressed\sourcemod-1.11.0-git6968-windows\addons\sourcemod\scripting\馻nkrunFixhealth.sp::IsTankRunActive
L 01/07/2026 - 15:42:33: [SM]   [2] Line 79, C:\Users\Moises\Downloads\Compressed\sourcemod-1.11.0-git6968-windows\addons\sourcemod\scripting\馻nkrunFixhealth.sp::Event_PlayerDeath
L 01/07/2026 - 15:42:33: [SM] Exception reported: Invalid timer handle e0003fc (error 1)
L 01/07/2026 - 15:42:33: [SM] Blaming: l4d2_playerjoining_v2.smx
L 01/07/2026 - 15:42:33: [SM] Call stack trace:
L 01/07/2026 - 15:42:33: [SM]   [0] KillTimer
L 01/07/2026 - 15:42:33: [SM]   [1] Line 53, C:\Users\Moises\Downloads\Compressed\sourcemod-1.11.0-git6968-windows\addons\sourcemod\scripting\l4d2_playerjoining_v2.sp::OnClientDisconnect
L 01/07/2026 - 15:42:34: [SM] Exception reported: Invalid convar handle 0 (error 4)
L 01/07/2026 - 15:42:34: [SM] Blaming: 馻nkrunFixhealth.smx
L 01/07/2026 - 15:42:34: [SM] Call stack trace:
L 01/07/2026 - 15:42:34: [SM]   [0] GetConVarString
L 01/07/2026 - 15:42:34: [SM]   [1] Line 138, C:\Users\Moises\Downloads\Compressed\sourcemod-1.11.0-git6968-windows\addons\sourcemod\scripting\馻nkrunFixhealth.sp::IsTankRunActive
L 01/07/2026 - 15:42:34: [SM]   [2] Line 79, C:\Users\Moises\Downloads\Compressed\sourcemod-1.11.0-git6968-windows\addons\sourcemod\scripting\馻nkrunFixhealth.sp::Event_PlayerDeath
L 01/07/2026 - 15:42:39: [SM] Exception reported: Invalid convar handle 0 (error 4)
L 01/07/2026 - 15:42:39: [SM] Blaming: 馻nkrunFixhealth.smx
L 01/07/2026 - 15:42:39: [SM] Call stack trace:
L 01/07/2026 - 15:42:39: [SM]   [0] GetConVarString
L 01/07/2026 - 15:42:39: [SM]   [1] Line 138, C:\Users\Moises\Downloads\Compressed\sourcemod-1.11.0-git6968-windows\addons\sourcemod\scripting\馻nkrunFixhealth.sp::IsTankRunActive
L 01/07/2026 - 15:42:39: [SM]   [2] Line 54, C:\Users\Moises\Downloads\Compressed\sourcemod-1.11.0-git6968-windows\addons\sourcemod\scripting\馻nkrunFixhealth.sp::Event_RoundStart
L 01/07/2026 - 15:42:39: [SM] Exception reported: Invalid timer handle 1c30042e (error 1)
L 01/07/2026 - 15:42:39: [SM] Blaming: l4d2_playerjoining_v2.smx
L 01/07/2026 - 15:42:39: [SM] Call stack trace:
L 01/07/2026 - 15:42:39: [SM]   [0] KillTimer
L 01/07/2026 - 15:42:39: [SM]   [1] Line 53, C:\Users\Moises\Downloads\Compressed\sourcemod-1.11.0-git6968-windows\addons\sourcemod\scripting\l4d2_playerjoining_v2.sp::OnClientDisconnect
L 01/07/2026 - 15:42:39: [SM] Exception reported: Invalid timer handle 91800443 (error 1)
L 01/07/2026 - 15:42:39: [SM] Blaming: l4d2_playerjoining_v2.smx
L 01/07/2026 - 15:42:39: [SM] Call stack trace:
L 01/07/2026 - 15:42:39: [SM]   [0] KillTimer
L 01/07/2026 - 15:42:39: [SM]   [1] Line 53, C:\Users\Moises\Downloads\Compressed\sourcemod-1.11.0-git6968-windows\addons\sourcemod\scripting\l4d2_playerjoining_v2.sp::OnClientDisconnect
L 01/07/2026 - 15:42:39: [SM] Exception reported: Invalid timer handle 71800425 (error 1)
L 01/07/2026 - 15:42:39: [SM] Blaming: l4d2_playerjoining_v2.smx
L 01/07/2026 - 15:42:39: [SM] Call stack trace:
L 01/07/2026 - 15:42:39: [SM]   [0] KillTimer
L 01/07/2026 - 15:42:39: [SM]   [1] Line 53, C:\Users\Moises\Downloads\Compressed\sourcemod-1.11.0-git6968-windows\addons\sourcemod\scripting\l4d2_playerjoining_v2.sp::OnClientDisconnect
L 01/07/2026 - 15:42:39: [SM] Exception reported: Invalid timer handle fc800419 (error 3)
L 01/07/2026 - 15:42:39: [SM] Blaming: l4d2_playerjoining_v2.smx
L 01/07/2026 - 15:42:39: [SM] Call stack trace:
L 01/07/2026 - 15:42:39: [SM]   [0] KillTimer
L 01/07/2026 - 15:42:39: [SM]   [1] Line 53, C:\Users\Moises\Downloads\Compressed\sourcemod-1.11.0-git6968-windows\addons\sourcemod\scripting\l4d2_playerjoining_v2.sp::OnClientDisconnect
L 01/07/2026 - 15:42:39: [SM] Exception reported: Invalid convar handle 0 (error 4)
L 01/07/2026 - 15:42:39: [SM] Blaming: 馻nkrunFixhealth.smx
L 01/07/2026 - 15:42:39: [SM] Call stack trace:
L 01/07/2026 - 15:42:39: [SM]   [0] GetConVarString
L 01/07/2026 - 15:42:39: [SM]   [1] Line 138, C:\Users\Moises\Downloads\Compressed\sourcemod-1.11.0-git6968-windows\addons\sourcemod\scripting\馻nkrunFixhealth.sp::IsTankRunActive
L 01/07/2026 - 15:42:39: [SM]   [2] Line 36, C:\Users\Moises\Downloads\Compressed\sourcemod-1.11.0-git6968-windows\addons\sourcemod\scripting\馻nkrunFixhealth.sp::Timer_PeriodicCheck
L 01/07/2026 - 15:42:46: [SM] Exception reported: Invalid timer handle fc800419 (error 3)
L 01/07/2026 - 15:42:46: [SM] Blaming: l4d2_playerjoining_v2.smx
L 01/07/2026 - 15:42:46: [SM] Call stack trace:
L 01/07/2026 - 15:42:46: [SM]   [0] KillTimer
L 01/07/2026 - 15:42:46: [SM]   [1] Line 53, C:\Users\Moises\Downloads\Compressed\sourcemod-1.11.0-git6968-windows\addons\sourcemod\scripting\l4d2_playerjoining_v2.sp::OnClientDisconnect
L 01/07/2026 - 15:42:49: [SM] Exception reported: Invalid convar handle 0 (error 4)
L 01/07/2026 - 15:42:49: [SM] Blaming: 馻nkrunFixhealth.smx
L 01/07/2026 - 15:42:49: [SM] Call stack trace:
L 01/07/2026 - 15:42:49: [SM]   [0] GetConVarString
L 01/07/2026 - 15:42:49: [SM]   [1] Line 138, C:\Users\Moises\Downloads\Compressed\sourcemod-1.11.0-git6968-windows\addons\sourcemod\scripting\馻nkrunFixhealth.sp::IsTankRunActive
L 01/07/2026 - 15:42:49: [SM]   [2] Line 36, C:\Users\Moises\Downloads\Compressed\sourcemod-1.11.0-git6968-windows\addons\sourcemod\scripting\馻nkrunFixhealth.sp::Timer_PeriodicCheck
L 01/07/2026 - 15:42:55: [SM] Exception reported: Invalid timer handle 82a00435 (error 3)
L 01/07/2026 - 15:42:55: [SM] Blaming: l4d2_playerjoining_v2.smx
L 01/07/2026 - 15:42:55: [SM] Call stack trace:
L 01/07/2026 - 15:42:55: [SM]   [0] KillTimer
L 01/07/2026 - 15:42:55: [SM]   [1] Line 53, C:\Users\Moises\Downloads\Compressed\sourcemod-1.11.0-git6968-windows\addons\sourcemod\scripting\l4d2_playerjoining_v2.sp::OnClientDisconnect
L 01/07/2026 - 15:42:55: [SM] Exception reported: Invalid timer handle e0003fc (error 3)
L 01/07/2026 - 15:42:55: [SM] Blaming: l4d2_playerjoining_v2.smx
L 01/07/2026 - 15:42:55: [SM] Call stack trace:
L 01/07/2026 - 15:42:55: [SM]   [0] KillTimer
L 01/07/2026 - 15:42:55: [SM]   [1] Line 53, C:\Users\Moises\Downloads\Compressed\sourcemod-1.11.0-git6968-windows\addons\sourcemod\scripting\l4d2_playerjoining_v2.sp::OnClientDisconnect
L 01/07/2026 - 15:42:58: Error log file session closed.
