L 12/23/2025 - 15:36:47: SourceMod error session started
L 12/23/2025 - 15:36:47: Info (map "c1m1_hotel") (file "d:\steamlibrary\steamapps\common\left 4 dead 2\left4dead2\addons\sourcemod\logs\errors_20251223.log")
L 12/23/2025 - 15:36:47: [SM] Failed to load plugin "cannounce.smx": Get a dedicated server. This plugin does not work on Listen servers..
L 12/23/2025 - 15:36:47: [SM] Failed to load plugin "LMCL4D1CDeathHandler.smx": Plugin only supports Left 4 Dead.
L 12/23/2025 - 15:36:47: [SM] Failed to load plugin "LMCL4D1SetTransmit.smx": Plugin only supports Left 4 Dead.
L 12/23/2025 - 15:36:47: [SM] Failed to load plugin "LMC_L4D1_Menu_Choosing.smx": Plugin only supports Left 4 Dead.
L 12/23/2025 - 15:36:47: [SM] Failed to load plugin "LMC_L4D1_RandomSpawns.smx": Plugin only supports Left 4 Dead.
L 12/23/2025 - 15:36:47: [SM] Failed to load plugin "nextmap.smx": Nextmap is incompatible with this game.
L 12/23/2025 - 15:36:48: [SM] Failed to load plugin "[L4D2] Left4dhooks.smx": 
====================
This plugin replaces Left4Downtown. Delete the extension to run.
====================.
L 12/23/2025 - 15:36:48: [SM] Fatal error encountered parsing translation file "l4d_nth.phrases.txt"
L 12/23/2025 - 15:36:48: [SM] Error (line 0, column 0): Stream failed to open
L 12/23/2025 - 15:36:48: [SM] Fatal error encountered parsing translation file "chargersteering.phrases.txt"
L 12/23/2025 - 15:36:48: [SM] Error (line 0, column 0): Stream failed to open
L 12/23/2025 - 15:36:48: [l4d2_publicity.smx] [Publicity] No se encontraron mensajes en el archivo de configuraci√≥n
L 12/23/2025 - 15:36:48: [SM] Fatal error encountered parsing translation file "l4dmultislots.phrases.txt"
L 12/23/2025 - 15:36:48: [SM] Error (line 0, column 0): Stream failed to open
L 12/23/2025 - 15:36:49: [SM] Fatal error encountered parsing translation file "lilac.phrases.txt"
L 12/23/2025 - 15:36:49: [SM] Error (line 0, column 0): Stream failed to open
L 12/23/2025 - 15:36:53: [SM] Exception reported: Invalid convar handle 0 (error 4)
L 12/23/2025 - 15:36:53: [SM] Blaming: ÒankrunFixhealth.smx
L 12/23/2025 - 15:36:53: [SM] Call stack trace:
L 12/23/2025 - 15:36:53: [SM]   [0] GetConVarString
L 12/23/2025 - 15:36:53: [SM]   [1] Line 138, C:\Users\Moises\Downloads\Compressed\sourcemod-1.11.0-git6968-windows\addons\sourcemod\scripting\ÒankrunFixhealth.sp::IsTankRunActive
L 12/23/2025 - 15:36:53: [SM]   [2] Line 54, C:\Users\Moises\Downloads\Compressed\sourcemod-1.11.0-git6968-windows\addons\sourcemod\scripting\ÒankrunFixhealth.sp::Event_RoundStart
L 12/23/2025 - 15:36:54: [l4d2_publicity.smx] [Publicity] No se encontraron mensajes en el archivo de configuraci√≥n
L 12/23/2025 - 15:37:07: [SM] Exception reported: Invalid convar handle 0 (error 4)
L 12/23/2025 - 15:37:07: [SM] Blaming: ÒankrunFixhealth.smx
L 12/23/2025 - 15:37:07: [SM] Call stack trace:
L 12/23/2025 - 15:37:07: [SM]   [0] GetConVarString
L 12/23/2025 - 15:37:07: [SM]   [1] Line 138, C:\Users\Moises\Downloads\Compressed\sourcemod-1.11.0-git6968-windows\addons\sourcemod\scripting\ÒankrunFixhealth.sp::IsTankRunActive
L 12/23/2025 - 15:37:07: [SM]   [2] Line 36, C:\Users\Moises\Downloads\Compressed\sourcemod-1.11.0-git6968-windows\addons\sourcemod\scripting\ÒankrunFixhealth.sp::Timer_PeriodicCheck
L 12/23/2025 - 15:37:17: [SM] Exception reported: Invalid convar handle 0 (error 4)
L 12/23/2025 - 15:37:17: [SM] Blaming: ÒankrunFixhealth.smx
L 12/23/2025 - 15:37:17: [SM] Call stack trace:
L 12/23/2025 - 15:37:17: [SM]   [0] GetConVarString
L 12/23/2025 - 15:37:17: [SM]   [1] Line 138, C:\Users\Moises\Downloads\Compressed\sourcemod-1.11.0-git6968-windows\addons\sourcemod\scripting\ÒankrunFixhealth.sp::IsTankRunActive
L 12/23/2025 - 15:37:17: [SM]   [2] Line 36, C:\Users\Moises\Downloads\Compressed\sourcemod-1.11.0-git6968-windows\addons\sourcemod\scripting\ÒankrunFixhealth.sp::Timer_PeriodicCheck
L 12/23/2025 - 15:37:30: [SM] Exception reported: Invalid convar handle 0 (error 4)
L 12/23/2025 - 15:37:30: [SM] Blaming: ÒankrunFixhealth.smx
L 12/23/2025 - 15:37:30: [SM] Call stack trace:
L 12/23/2025 - 15:37:30: [SM]   [0] GetConVarString
L 12/23/2025 - 15:37:30: [SM]   [1] Line 138, C:\Users\Moises\Downloads\Compressed\sourcemod-1.11.0-git6968-windows\addons\sourcemod\scripting\ÒankrunFixhealth.sp::IsTankRunActive
L 12/23/2025 - 15:37:30: [SM]   [2] Line 36, C:\Users\Moises\Downloads\Compressed\sourcemod-1.11.0-git6968-windows\addons\sourcemod\scripting\ÒankrunFixhealth.sp::Timer_PeriodicCheck
L 12/23/2025 - 15:37:31: [SM] Exception reported: Language phrase "Impossible to generate a bot at the moment." not found (arg 5)
L 12/23/2025 - 15:37:31: [SM] Blaming: l4dmultislots.smx
L 12/23/2025 - 15:37:31: [SM] Call stack trace:
L 12/23/2025 - 15:37:31: [SM]   [0] PrintHintText
L 12/23/2025 - 15:37:31: [SM]   [1] Line 765, d:\Github\Private-Work\L4D2-Êèí‰ª∂\scripting_1.11\l4dmultislots.sp::JoinTeam_ColdDown
L 12/23/2025 - 15:37:40: [SM] Exception reported: Invalid convar handle 0 (error 4)
L 12/23/2025 - 15:37:40: [SM] Blaming: ÒankrunFixhealth.smx
L 12/23/2025 - 15:37:40: [SM] Call stack trace:
L 12/23/2025 - 15:37:40: [SM]   [0] GetConVarString
L 12/23/2025 - 15:37:40: [SM]   [1] Line 138, C:\Users\Moises\Downloads\Compressed\sourcemod-1.11.0-git6968-windows\addons\sourcemod\scripting\ÒankrunFixhealth.sp::IsTankRunActive
L 12/23/2025 - 15:37:40: [SM]   [2] Line 36, C:\Users\Moises\Downloads\Compressed\sourcemod-1.11.0-git6968-windows\addons\sourcemod\scripting\ÒankrunFixhealth.sp::Timer_PeriodicCheck
L 12/23/2025 - 15:37:50: [SM] Exception reported: Invalid convar handle 0 (error 4)
L 12/23/2025 - 15:37:50: [SM] Blaming: ÒankrunFixhealth.smx
L 12/23/2025 - 15:37:50: [SM] Call stack trace:
L 12/23/2025 - 15:37:50: [SM]   [0] GetConVarString
L 12/23/2025 - 15:37:50: [SM]   [1] Line 138, C:\Users\Moises\Downloads\Compressed\sourcemod-1.11.0-git6968-windows\addons\sourcemod\scripting\ÒankrunFixhealth.sp::IsTankRunActive
L 12/23/2025 - 15:37:50: [SM]   [2] Line 36, C:\Users\Moises\Downloads\Compressed\sourcemod-1.11.0-git6968-windows\addons\sourcemod\scripting\ÒankrunFixhealth.sp::Timer_PeriodicCheck
L 12/23/2025 - 15:38:00: [SM] Exception reported: Invalid convar handle 0 (error 4)
L 12/23/2025 - 15:38:00: [SM] Blaming: ÒankrunFixhealth.smx
L 12/23/2025 - 15:38:00: [SM] Call stack trace:
L 12/23/2025 - 15:38:00: [SM]   [0] GetConVarString
L 12/23/2025 - 15:38:00: [SM]   [1] Line 138, C:\Users\Moises\Downloads\Compressed\sourcemod-1.11.0-git6968-windows\addons\sourcemod\scripting\ÒankrunFixhealth.sp::IsTankRunActive
L 12/23/2025 - 15:38:00: [SM]   [2] Line 36, C:\Users\Moises\Downloads\Compressed\sourcemod-1.11.0-git6968-windows\addons\sourcemod\scripting\ÒankrunFixhealth.sp::Timer_PeriodicCheck
L 12/23/2025 - 15:38:11: [SM] Exception reported: Invalid convar handle 0 (error 4)
L 12/23/2025 - 15:38:11: [SM] Blaming: ÒankrunFixhealth.smx
L 12/23/2025 - 15:38:11: [SM] Call stack trace:
L 12/23/2025 - 15:38:11: [SM]   [0] GetConVarString
L 12/23/2025 - 15:38:11: [SM]   [1] Line 138, C:\Users\Moises\Downloads\Compressed\sourcemod-1.11.0-git6968-windows\addons\sourcemod\scripting\ÒankrunFixhealth.sp::IsTankRunActive
L 12/23/2025 - 15:38:11: [SM]   [2] Line 36, C:\Users\Moises\Downloads\Compressed\sourcemod-1.11.0-git6968-windows\addons\sourcemod\scripting\ÒankrunFixhealth.sp::Timer_PeriodicCheck
L 12/23/2025 - 15:38:21: [SM] Exception reported: Invalid convar handle 0 (error 4)
L 12/23/2025 - 15:38:21: [SM] Blaming: ÒankrunFixhealth.smx
L 12/23/2025 - 15:38:21: [SM] Call stack trace:
L 12/23/2025 - 15:38:21: [SM]   [0] GetConVarString
L 12/23/2025 - 15:38:21: [SM]   [1] Line 138, C:\Users\Moises\Downloads\Compressed\sourcemod-1.11.0-git6968-windows\addons\sourcemod\scripting\ÒankrunFixhealth.sp::IsTankRunActive
L 12/23/2025 - 15:38:21: [SM]   [2] Line 36, C:\Users\Moises\Downloads\Compressed\sourcemod-1.11.0-git6968-windows\addons\sourcemod\scripting\ÒankrunFixhealth.sp::Timer_PeriodicCheck
L 12/23/2025 - 15:38:31: [SM] Exception reported: Invalid convar handle 0 (error 4)
L 12/23/2025 - 15:38:31: [SM] Blaming: ÒankrunFixhealth.smx
L 12/23/2025 - 15:38:31: [SM] Call stack trace:
L 12/23/2025 - 15:38:31: [SM]   [0] GetConVarString
L 12/23/2025 - 15:38:31: [SM]   [1] Line 138, C:\Users\Moises\Downloads\Compressed\sourcemod-1.11.0-git6968-windows\addons\sourcemod\scripting\ÒankrunFixhealth.sp::IsTankRunActive
L 12/23/2025 - 15:38:31: [SM]   [2] Line 36, C:\Users\Moises\Downloads\Compressed\sourcemod-1.11.0-git6968-windows\addons\sourcemod\scripting\ÒankrunFixhealth.sp::Timer_PeriodicCheck
L 12/23/2025 - 15:38:40: [SM] Exception reported: Invalid convar handle 0 (error 4)
L 12/23/2025 - 15:38:40: [SM] Blaming: ÒankrunFixhealth.smx
L 12/23/2025 - 15:38:40: [SM] Call stack trace:
L 12/23/2025 - 15:38:40: [SM]   [0] GetConVarString
L 12/23/2025 - 15:38:40: [SM]   [1] Line 138, C:\Users\Moises\Downloads\Compressed\sourcemod-1.11.0-git6968-windows\addons\sourcemod\scripting\ÒankrunFixhealth.sp::IsTankRunActive
L 12/23/2025 - 15:38:40: [SM]   [2] Line 36, C:\Users\Moises\Downloads\Compressed\sourcemod-1.11.0-git6968-windows\addons\sourcemod\scripting\ÒankrunFixhealth.sp::Timer_PeriodicCheck
L 12/23/2025 - 15:38:50: [SM] Exception reported: Invalid convar handle 0 (error 4)
L 12/23/2025 - 15:38:50: [SM] Blaming: ÒankrunFixhealth.smx
L 12/23/2025 - 15:38:50: [SM] Call stack trace:
L 12/23/2025 - 15:38:50: [SM]   [0] GetConVarString
L 12/23/2025 - 15:38:50: [SM]   [1] Line 138, C:\Users\Moises\Downloads\Compressed\sourcemod-1.11.0-git6968-windows\addons\sourcemod\scripting\ÒankrunFixhealth.sp::IsTankRunActive
L 12/23/2025 - 15:38:50: [SM]   [2] Line 36, C:\Users\Moises\Downloads\Compressed\sourcemod-1.11.0-git6968-windows\addons\sourcemod\scripting\ÒankrunFixhealth.sp::Timer_PeriodicCheck
L 12/23/2025 - 15:39:00: [SM] Exception reported: Invalid convar handle 0 (error 4)
L 12/23/2025 - 15:39:00: [SM] Blaming: ÒankrunFixhealth.smx
L 12/23/2025 - 15:39:00: [SM] Call stack trace:
L 12/23/2025 - 15:39:00: [SM]   [0] GetConVarString
L 12/23/2025 - 15:39:00: [SM]   [1] Line 138, C:\Users\Moises\Downloads\Compressed\sourcemod-1.11.0-git6968-windows\addons\sourcemod\scripting\ÒankrunFixhealth.sp::IsTankRunActive
L 12/23/2025 - 15:39:00: [SM]   [2] Line 36, C:\Users\Moises\Downloads\Compressed\sourcemod-1.11.0-git6968-windows\addons\sourcemod\scripting\ÒankrunFixhealth.sp::Timer_PeriodicCheck
L 12/23/2025 - 15:39:11: [SM] Exception reported: Invalid convar handle 0 (error 4)
L 12/23/2025 - 15:39:11: [SM] Blaming: ÒankrunFixhealth.smx
L 12/23/2025 - 15:39:11: [SM] Call stack trace:
L 12/23/2025 - 15:39:11: [SM]   [0] GetConVarString
L 12/23/2025 - 15:39:11: [SM]   [1] Line 138, C:\Users\Moises\Downloads\Compressed\sourcemod-1.11.0-git6968-windows\addons\sourcemod\scripting\ÒankrunFixhealth.sp::IsTankRunActive
L 12/23/2025 - 15:39:11: [SM]   [2] Line 36, C:\Users\Moises\Downloads\Compressed\sourcemod-1.11.0-git6968-windows\addons\sourcemod\scripting\ÒankrunFixhealth.sp::Timer_PeriodicCheck
L 12/23/2025 - 15:39:21: [SM] Exception reported: Invalid convar handle 0 (error 4)
L 12/23/2025 - 15:39:21: [SM] Blaming: ÒankrunFixhealth.smx
L 12/23/2025 - 15:39:21: [SM] Call stack trace:
L 12/23/2025 - 15:39:21: [SM]   [0] GetConVarString
L 12/23/2025 - 15:39:21: [SM]   [1] Line 138, C:\Users\Moises\Downloads\Compressed\sourcemod-1.11.0-git6968-windows\addons\sourcemod\scripting\ÒankrunFixhealth.sp::IsTankRunActive
L 12/23/2025 - 15:39:21: [SM]   [2] Line 36, C:\Users\Moises\Downloads\Compressed\sourcemod-1.11.0-git6968-windows\addons\sourcemod\scripting\ÒankrunFixhealth.sp::Timer_PeriodicCheck
L 12/23/2025 - 15:39:31: [SM] Exception reported: Invalid convar handle 0 (error 4)
L 12/23/2025 - 15:39:31: [SM] Blaming: ÒankrunFixhealth.smx
L 12/23/2025 - 15:39:31: [SM] Call stack trace:
L 12/23/2025 - 15:39:31: [SM]   [0] GetConVarString
L 12/23/2025 - 15:39:31: [SM]   [1] Line 138, C:\Users\Moises\Downloads\Compressed\sourcemod-1.11.0-git6968-windows\addons\sourcemod\scripting\ÒankrunFixhealth.sp::IsTankRunActive
L 12/23/2025 - 15:39:31: [SM]   [2] Line 36, C:\Users\Moises\Downloads\Compressed\sourcemod-1.11.0-git6968-windows\addons\sourcemod\scripting\ÒankrunFixhealth.sp::Timer_PeriodicCheck
L 12/23/2025 - 15:39:37: [SM] Exception reported: Invalid convar handle 0 (error 4)
L 12/23/2025 - 15:39:37: [SM] Blaming: ÒankrunFixhealth.smx
L 12/23/2025 - 15:39:37: [SM] Call stack trace:
L 12/23/2025 - 15:39:37: [SM]   [0] GetConVarString
L 12/23/2025 - 15:39:37: [SM]   [1] Line 138, C:\Users\Moises\Downloads\Compressed\sourcemod-1.11.0-git6968-windows\addons\sourcemod\scripting\ÒankrunFixhealth.sp::IsTankRunActive
L 12/23/2025 - 15:39:37: [SM]   [2] Line 79, C:\Users\Moises\Downloads\Compressed\sourcemod-1.11.0-git6968-windows\addons\sourcemod\scripting\ÒankrunFixhealth.sp::Event_PlayerDeath
L 12/23/2025 - 15:39:41: [SM] Exception reported: Invalid convar handle 0 (error 4)
L 12/23/2025 - 15:39:41: [SM] Blaming: ÒankrunFixhealth.smx
L 12/23/2025 - 15:39:41: [SM] Call stack trace:
L 12/23/2025 - 15:39:41: [SM]   [0] GetConVarString
L 12/23/2025 - 15:39:41: [SM]   [1] Line 138, C:\Users\Moises\Downloads\Compressed\sourcemod-1.11.0-git6968-windows\addons\sourcemod\scripting\ÒankrunFixhealth.sp::IsTankRunActive
L 12/23/2025 - 15:39:41: [SM]   [2] Line 36, C:\Users\Moises\Downloads\Compressed\sourcemod-1.11.0-git6968-windows\addons\sourcemod\scripting\ÒankrunFixhealth.sp::Timer_PeriodicCheck
L 12/23/2025 - 15:39:50: [SM] Exception reported: Invalid convar handle 0 (error 4)
L 12/23/2025 - 15:39:50: [SM] Blaming: ÒankrunFixhealth.smx
L 12/23/2025 - 15:39:50: [SM] Call stack trace:
L 12/23/2025 - 15:39:50: [SM]   [0] GetConVarString
L 12/23/2025 - 15:39:50: [SM]   [1] Line 138, C:\Users\Moises\Downloads\Compressed\sourcemod-1.11.0-git6968-windows\addons\sourcemod\scripting\ÒankrunFixhealth.sp::IsTankRunActive
L 12/23/2025 - 15:39:50: [SM]   [2] Line 36, C:\Users\Moises\Downloads\Compressed\sourcemod-1.11.0-git6968-windows\addons\sourcemod\scripting\ÒankrunFixhealth.sp::Timer_PeriodicCheck
L 12/23/2025 - 15:40:00: [SM] Exception reported: Invalid convar handle 0 (error 4)
L 12/23/2025 - 15:40:00: [SM] Blaming: ÒankrunFixhealth.smx
L 12/23/2025 - 15:40:00: [SM] Call stack trace:
L 12/23/2025 - 15:40:00: [SM]   [0] GetConVarString
L 12/23/2025 - 15:40:00: [SM]   [1] Line 138, C:\Users\Moises\Downloads\Compressed\sourcemod-1.11.0-git6968-windows\addons\sourcemod\scripting\ÒankrunFixhealth.sp::IsTankRunActive
L 12/23/2025 - 15:40:00: [SM]   [2] Line 36, C:\Users\Moises\Downloads\Compressed\sourcemod-1.11.0-git6968-windows\addons\sourcemod\scripting\ÒankrunFixhealth.sp::Timer_PeriodicCheck
L 12/23/2025 - 15:40:03: [SM] Exception reported: Invalid convar handle 0 (error 4)
L 12/23/2025 - 15:40:03: [SM] Blaming: ÒankrunFixhealth.smx
L 12/23/2025 - 15:40:03: [SM] Call stack trace:
L 12/23/2025 - 15:40:03: [SM]   [0] GetConVarString
L 12/23/2025 - 15:40:03: [SM]   [1] Line 138, C:\Users\Moises\Downloads\Compressed\sourcemod-1.11.0-git6968-windows\addons\sourcemod\scripting\ÒankrunFixhealth.sp::IsTankRunActive
L 12/23/2025 - 15:40:03: [SM]   [2] Line 79, C:\Users\Moises\Downloads\Compressed\sourcemod-1.11.0-git6968-windows\addons\sourcemod\scripting\ÒankrunFixhealth.sp::Event_PlayerDeath
L 12/23/2025 - 15:40:10: [SM] Exception reported: Invalid convar handle 0 (error 4)
L 12/23/2025 - 15:40:10: [SM] Blaming: ÒankrunFixhealth.smx
L 12/23/2025 - 15:40:10: [SM] Call stack trace:
L 12/23/2025 - 15:40:10: [SM]   [0] GetConVarString
L 12/23/2025 - 15:40:10: [SM]   [1] Line 138, C:\Users\Moises\Downloads\Compressed\sourcemod-1.11.0-git6968-windows\addons\sourcemod\scripting\ÒankrunFixhealth.sp::IsTankRunActive
L 12/23/2025 - 15:40:10: [SM]   [2] Line 36, C:\Users\Moises\Downloads\Compressed\sourcemod-1.11.0-git6968-windows\addons\sourcemod\scripting\ÒankrunFixhealth.sp::Timer_PeriodicCheck
L 12/23/2025 - 15:40:19: [SM] Exception reported: Invalid convar handle 0 (error 4)
L 12/23/2025 - 15:40:19: [SM] Blaming: ÒankrunFixhealth.smx
L 12/23/2025 - 15:40:19: [SM] Call stack trace:
L 12/23/2025 - 15:40:19: [SM]   [0] GetConVarString
L 12/23/2025 - 15:40:19: [SM]   [1] Line 138, C:\Users\Moises\Downloads\Compressed\sourcemod-1.11.0-git6968-windows\addons\sourcemod\scripting\ÒankrunFixhealth.sp::IsTankRunActive
L 12/23/2025 - 15:40:19: [SM]   [2] Line 79, C:\Users\Moises\Downloads\Compressed\sourcemod-1.11.0-git6968-windows\addons\sourcemod\scripting\ÒankrunFixhealth.sp::Event_PlayerDeath
L 12/23/2025 - 15:40:20: [SM] Exception reported: Invalid convar handle 0 (error 4)
L 12/23/2025 - 15:40:20: [SM] Blaming: ÒankrunFixhealth.smx
L 12/23/2025 - 15:40:20: [SM] Call stack trace:
L 12/23/2025 - 15:40:20: [SM]   [0] GetConVarString
L 12/23/2025 - 15:40:20: [SM]   [1] Line 138, C:\Users\Moises\Downloads\Compressed\sourcemod-1.11.0-git6968-windows\addons\sourcemod\scripting\ÒankrunFixhealth.sp::IsTankRunActive
L 12/23/2025 - 15:40:20: [SM]   [2] Line 79, C:\Users\Moises\Downloads\Compressed\sourcemod-1.11.0-git6968-windows\addons\sourcemod\scripting\ÒankrunFixhealth.sp::Event_PlayerDeath
L 12/23/2025 - 15:40:20: [SM] Exception reported: Invalid convar handle 0 (error 4)
L 12/23/2025 - 15:40:20: [SM] Blaming: ÒankrunFixhealth.smx
L 12/23/2025 - 15:40:20: [SM] Call stack trace:
L 12/23/2025 - 15:40:20: [SM]   [0] GetConVarString
L 12/23/2025 - 15:40:20: [SM]   [1] Line 138, C:\Users\Moises\Downloads\Compressed\sourcemod-1.11.0-git6968-windows\addons\sourcemod\scripting\ÒankrunFixhealth.sp::IsTankRunActive
L 12/23/2025 - 15:40:20: [SM]   [2] Line 36, C:\Users\Moises\Downloads\Compressed\sourcemod-1.11.0-git6968-windows\addons\sourcemod\scripting\ÒankrunFixhealth.sp::Timer_PeriodicCheck
L 12/23/2025 - 15:40:23: [SM] Exception reported: Invalid convar handle 0 (error 4)
L 12/23/2025 - 15:40:23: [SM] Blaming: ÒankrunFixhealth.smx
L 12/23/2025 - 15:40:23: [SM] Call stack trace:
L 12/23/2025 - 15:40:23: [SM]   [0] GetConVarString
L 12/23/2025 - 15:40:23: [SM]   [1] Line 138, C:\Users\Moises\Downloads\Compressed\sourcemod-1.11.0-git6968-windows\addons\sourcemod\scripting\ÒankrunFixhealth.sp::IsTankRunActive
L 12/23/2025 - 15:40:23: [SM]   [2] Line 79, C:\Users\Moises\Downloads\Compressed\sourcemod-1.11.0-git6968-windows\addons\sourcemod\scripting\ÒankrunFixhealth.sp::Event_PlayerDeath
L 12/23/2025 - 15:40:30: [SM] Exception reported: Invalid convar handle 0 (error 4)
L 12/23/2025 - 15:40:30: [SM] Blaming: ÒankrunFixhealth.smx
L 12/23/2025 - 15:40:30: [SM] Call stack trace:
L 12/23/2025 - 15:40:30: [SM]   [0] GetConVarString
L 12/23/2025 - 15:40:30: [SM]   [1] Line 138, C:\Users\Moises\Downloads\Compressed\sourcemod-1.11.0-git6968-windows\addons\sourcemod\scripting\ÒankrunFixhealth.sp::IsTankRunActive
L 12/23/2025 - 15:40:30: [SM]   [2] Line 36, C:\Users\Moises\Downloads\Compressed\sourcemod-1.11.0-git6968-windows\addons\sourcemod\scripting\ÒankrunFixhealth.sp::Timer_PeriodicCheck
L 12/23/2025 - 15:40:40: [SM] Exception reported: Invalid convar handle 0 (error 4)
L 12/23/2025 - 15:40:40: [SM] Blaming: ÒankrunFixhealth.smx
L 12/23/2025 - 15:40:40: [SM] Call stack trace:
L 12/23/2025 - 15:40:40: [SM]   [0] GetConVarString
L 12/23/2025 - 15:40:40: [SM]   [1] Line 138, C:\Users\Moises\Downloads\Compressed\sourcemod-1.11.0-git6968-windows\addons\sourcemod\scripting\ÒankrunFixhealth.sp::IsTankRunActive
L 12/23/2025 - 15:40:40: [SM]   [2] Line 36, C:\Users\Moises\Downloads\Compressed\sourcemod-1.11.0-git6968-windows\addons\sourcemod\scripting\ÒankrunFixhealth.sp::Timer_PeriodicCheck
L 12/23/2025 - 15:40:50: [SM] Exception reported: Invalid convar handle 0 (error 4)
L 12/23/2025 - 15:40:50: [SM] Blaming: ÒankrunFixhealth.smx
L 12/23/2025 - 15:40:50: [SM] Call stack trace:
L 12/23/2025 - 15:40:50: [SM]   [0] GetConVarString
L 12/23/2025 - 15:40:50: [SM]   [1] Line 138, C:\Users\Moises\Downloads\Compressed\sourcemod-1.11.0-git6968-windows\addons\sourcemod\scripting\ÒankrunFixhealth.sp::IsTankRunActive
L 12/23/2025 - 15:40:50: [SM]   [2] Line 36, C:\Users\Moises\Downloads\Compressed\sourcemod-1.11.0-git6968-windows\addons\sourcemod\scripting\ÒankrunFixhealth.sp::Timer_PeriodicCheck
L 12/23/2025 - 15:41:00: [SM] Exception reported: Invalid convar handle 0 (error 4)
L 12/23/2025 - 15:41:00: [SM] Blaming: ÒankrunFixhealth.smx
L 12/23/2025 - 15:41:00: [SM] Call stack trace:
L 12/23/2025 - 15:41:00: [SM]   [0] GetConVarString
L 12/23/2025 - 15:41:00: [SM]   [1] Line 138, C:\Users\Moises\Downloads\Compressed\sourcemod-1.11.0-git6968-windows\addons\sourcemod\scripting\ÒankrunFixhealth.sp::IsTankRunActive
L 12/23/2025 - 15:41:00: [SM]   [2] Line 36, C:\Users\Moises\Downloads\Compressed\sourcemod-1.11.0-git6968-windows\addons\sourcemod\scripting\ÒankrunFixhealth.sp::Timer_PeriodicCheck
L 12/23/2025 - 15:41:03: [SM] Exception reported: Invalid convar handle 0 (error 4)
L 12/23/2025 - 15:41:03: [SM] Blaming: ÒankrunFixhealth.smx
L 12/23/2025 - 15:41:03: [SM] Call stack trace:
L 12/23/2025 - 15:41:03: [SM]   [0] GetConVarString
L 12/23/2025 - 15:41:03: [SM]   [1] Line 138, C:\Users\Moises\Downloads\Compressed\sourcemod-1.11.0-git6968-windows\addons\sourcemod\scripting\ÒankrunFixhealth.sp::IsTankRunActive
L 12/23/2025 - 15:41:03: [SM]   [2] Line 79, C:\Users\Moises\Downloads\Compressed\sourcemod-1.11.0-git6968-windows\addons\sourcemod\scripting\ÒankrunFixhealth.sp::Event_PlayerDeath
L 12/23/2025 - 15:41:10: [SM] Exception reported: Invalid convar handle 0 (error 4)
L 12/23/2025 - 15:41:10: [SM] Blaming: ÒankrunFixhealth.smx
L 12/23/2025 - 15:41:10: [SM] Call stack trace:
L 12/23/2025 - 15:41:10: [SM]   [0] GetConVarString
L 12/23/2025 - 15:41:10: [SM]   [1] Line 138, C:\Users\Moises\Downloads\Compressed\sourcemod-1.11.0-git6968-windows\addons\sourcemod\scripting\ÒankrunFixhealth.sp::IsTankRunActive
L 12/23/2025 - 15:41:10: [SM]   [2] Line 36, C:\Users\Moises\Downloads\Compressed\sourcemod-1.11.0-git6968-windows\addons\sourcemod\scripting\ÒankrunFixhealth.sp::Timer_PeriodicCheck
L 12/23/2025 - 15:41:19: [SM] Exception reported: Invalid convar handle 0 (error 4)
L 12/23/2025 - 15:41:19: [SM] Blaming: ÒankrunFixhealth.smx
L 12/23/2025 - 15:41:19: [SM] Call stack trace:
L 12/23/2025 - 15:41:19: [SM]   [0] GetConVarString
L 12/23/2025 - 15:41:19: [SM]   [1] Line 138, C:\Users\Moises\Downloads\Compressed\sourcemod-1.11.0-git6968-windows\addons\sourcemod\scripting\ÒankrunFixhealth.sp::IsTankRunActive
L 12/23/2025 - 15:41:19: [SM]   [2] Line 79, C:\Users\Moises\Downloads\Compressed\sourcemod-1.11.0-git6968-windows\addons\sourcemod\scripting\ÒankrunFixhealth.sp::Event_PlayerDeath
L 12/23/2025 - 15:41:20: [SM] Exception reported: Invalid convar handle 0 (error 4)
L 12/23/2025 - 15:41:20: [SM] Blaming: ÒankrunFixhealth.smx
L 12/23/2025 - 15:41:20: [SM] Call stack trace:
L 12/23/2025 - 15:41:20: [SM]   [0] GetConVarString
L 12/23/2025 - 15:41:20: [SM]   [1] Line 138, C:\Users\Moises\Downloads\Compressed\sourcemod-1.11.0-git6968-windows\addons\sourcemod\scripting\ÒankrunFixhealth.sp::IsTankRunActive
L 12/23/2025 - 15:41:20: [SM]   [2] Line 36, C:\Users\Moises\Downloads\Compressed\sourcemod-1.11.0-git6968-windows\addons\sourcemod\scripting\ÒankrunFixhealth.sp::Timer_PeriodicCheck
L 12/23/2025 - 15:41:22: [SM] Exception reported: Invalid convar handle 0 (error 4)
L 12/23/2025 - 15:41:22: [SM] Blaming: ÒankrunFixhealth.smx
L 12/23/2025 - 15:41:22: [SM] Call stack trace:
L 12/23/2025 - 15:41:22: [SM]   [0] GetConVarString
L 12/23/2025 - 15:41:22: [SM]   [1] Line 138, C:\Users\Moises\Downloads\Compressed\sourcemod-1.11.0-git6968-windows\addons\sourcemod\scripting\ÒankrunFixhealth.sp::IsTankRunActive
L 12/23/2025 - 15:41:22: [SM]   [2] Line 71, C:\Users\Moises\Downloads\Compressed\sourcemod-1.11.0-git6968-windows\addons\sourcemod\scripting\ÒankrunFixhealth.sp::Event_MapTransition
L 12/23/2025 - 15:41:32: Error log file session closed.
L 12/23/2025 - 15:41:32: SourceMod error session started
L 12/23/2025 - 15:41:32: Info (map "c1m2_streets") (file "d:\steamlibrary\steamapps\common\left 4 dead 2\left4dead2\addons\sourcemod\logs\errors_20251223.log")
L 12/23/2025 - 15:41:32: [SM] Fatal error encountered parsing translation file "l4d_nth.phrases.txt"
L 12/23/2025 - 15:41:32: [SM] Error (line 0, column 0): Stream failed to open
L 12/23/2025 - 15:41:32: [SM] Fatal error encountered parsing translation file "chargersteering.phrases.txt"
L 12/23/2025 - 15:41:32: [SM] Error (line 0, column 0): Stream failed to open
L 12/23/2025 - 15:41:32: [SM] Fatal error encountered parsing translation file "l4dmultislots.phrases.txt"
L 12/23/2025 - 15:41:32: [SM] Error (line 0, column 0): Stream failed to open
L 12/23/2025 - 15:41:32: [SM] Fatal error encountered parsing translation file "lilac.phrases.txt"
L 12/23/2025 - 15:41:32: [SM] Error (line 0, column 0): Stream failed to open
L 12/23/2025 - 15:41:35: [SM] Exception reported: Invalid convar handle 0 (error 4)
L 12/23/2025 - 15:41:35: [SM] Blaming: ÒankrunFixhealth.smx
L 12/23/2025 - 15:41:35: [SM] Call stack trace:
L 12/23/2025 - 15:41:35: [SM]   [0] GetConVarString
L 12/23/2025 - 15:41:35: [SM]   [1] Line 138, C:\Users\Moises\Downloads\Compressed\sourcemod-1.11.0-git6968-windows\addons\sourcemod\scripting\ÒankrunFixhealth.sp::IsTankRunActive
L 12/23/2025 - 15:41:35: [SM]   [2] Line 54, C:\Users\Moises\Downloads\Compressed\sourcemod-1.11.0-git6968-windows\addons\sourcemod\scripting\ÒankrunFixhealth.sp::Event_RoundStart
L 12/23/2025 - 15:41:35: [l4d2_publicity.smx] [Publicity] No se encontraron mensajes en el archivo de configuraci√≥n
L 12/23/2025 - 15:41:36: [SM] Exception reported: Invalid convar handle 0 (error 4)
L 12/23/2025 - 15:41:36: [SM] Blaming: ÒankrunFixhealth.smx
L 12/23/2025 - 15:41:36: [SM] Call stack trace:
L 12/23/2025 - 15:41:36: [SM]   [0] GetConVarString
L 12/23/2025 - 15:41:36: [SM]   [1] Line 138, C:\Users\Moises\Downloads\Compressed\sourcemod-1.11.0-git6968-windows\addons\sourcemod\scripting\ÒankrunFixhealth.sp::IsTankRunActive
L 12/23/2025 - 15:41:36: [SM]   [2] Line 36, C:\Users\Moises\Downloads\Compressed\sourcemod-1.11.0-git6968-windows\addons\sourcemod\scripting\ÒankrunFixhealth.sp::Timer_PeriodicCheck
L 12/23/2025 - 15:41:46: [SM] Exception reported: Invalid convar handle 0 (error 4)
L 12/23/2025 - 15:41:46: [SM] Blaming: ÒankrunFixhealth.smx
L 12/23/2025 - 15:41:46: [SM] Call stack trace:
L 12/23/2025 - 15:41:46: [SM]   [0] GetConVarString
L 12/23/2025 - 15:41:46: [SM]   [1] Line 138, C:\Users\Moises\Downloads\Compressed\sourcemod-1.11.0-git6968-windows\addons\sourcemod\scripting\ÒankrunFixhealth.sp::IsTankRunActive
L 12/23/2025 - 15:41:46: [SM]   [2] Line 36, C:\Users\Moises\Downloads\Compressed\sourcemod-1.11.0-git6968-windows\addons\sourcemod\scripting\ÒankrunFixhealth.sp::Timer_PeriodicCheck
L 12/23/2025 - 15:41:56: [SM] Exception reported: Invalid convar handle 0 (error 4)
L 12/23/2025 - 15:41:56: [SM] Blaming: ÒankrunFixhealth.smx
L 12/23/2025 - 15:41:56: [SM] Call stack trace:
L 12/23/2025 - 15:41:56: [SM]   [0] GetConVarString
L 12/23/2025 - 15:41:56: [SM]   [1] Line 138, C:\Users\Moises\Downloads\Compressed\sourcemod-1.11.0-git6968-windows\addons\sourcemod\scripting\ÒankrunFixhealth.sp::IsTankRunActive
L 12/23/2025 - 15:41:56: [SM]   [2] Line 36, C:\Users\Moises\Downloads\Compressed\sourcemod-1.11.0-git6968-windows\addons\sourcemod\scripting\ÒankrunFixhealth.sp::Timer_PeriodicCheck
L 12/23/2025 - 15:42:10: [SM] Exception reported: Invalid convar handle 0 (error 4)
L 12/23/2025 - 15:42:10: [SM] Blaming: ÒankrunFixhealth.smx
L 12/23/2025 - 15:42:10: [SM] Call stack trace:
L 12/23/2025 - 15:42:10: [SM]   [0] GetConVarString
L 12/23/2025 - 15:42:10: [SM]   [1] Line 138, C:\Users\Moises\Downloads\Compressed\sourcemod-1.11.0-git6968-windows\addons\sourcemod\scripting\ÒankrunFixhealth.sp::IsTankRunActive
L 12/23/2025 - 15:42:10: [SM]   [2] Line 36, C:\Users\Moises\Downloads\Compressed\sourcemod-1.11.0-git6968-windows\addons\sourcemod\scripting\ÒankrunFixhealth.sp::Timer_PeriodicCheck
L 12/23/2025 - 15:42:20: [SM] Exception reported: Invalid convar handle 0 (error 4)
L 12/23/2025 - 15:42:20: [SM] Blaming: ÒankrunFixhealth.smx
L 12/23/2025 - 15:42:20: [SM] Call stack trace:
L 12/23/2025 - 15:42:20: [SM]   [0] GetConVarString
L 12/23/2025 - 15:42:20: [SM]   [1] Line 138, C:\Users\Moises\Downloads\Compressed\sourcemod-1.11.0-git6968-windows\addons\sourcemod\scripting\ÒankrunFixhealth.sp::IsTankRunActive
L 12/23/2025 - 15:42:20: [SM]   [2] Line 36, C:\Users\Moises\Downloads\Compressed\sourcemod-1.11.0-git6968-windows\addons\sourcemod\scripting\ÒankrunFixhealth.sp::Timer_PeriodicCheck
L 12/23/2025 - 15:42:30: [SM] Exception reported: Invalid convar handle 0 (error 4)
L 12/23/2025 - 15:42:30: [SM] Blaming: ÒankrunFixhealth.smx
L 12/23/2025 - 15:42:30: [SM] Call stack trace:
L 12/23/2025 - 15:42:30: [SM]   [0] GetConVarString
L 12/23/2025 - 15:42:30: [SM]   [1] Line 138, C:\Users\Moises\Downloads\Compressed\sourcemod-1.11.0-git6968-windows\addons\sourcemod\scripting\ÒankrunFixhealth.sp::IsTankRunActive
L 12/23/2025 - 15:42:30: [SM]   [2] Line 36, C:\Users\Moises\Downloads\Compressed\sourcemod-1.11.0-git6968-windows\addons\sourcemod\scripting\ÒankrunFixhealth.sp::Timer_PeriodicCheck
L 12/23/2025 - 15:42:40: [SM] Exception reported: Invalid convar handle 0 (error 4)
L 12/23/2025 - 15:42:40: [SM] Blaming: ÒankrunFixhealth.smx
L 12/23/2025 - 15:42:40: [SM] Call stack trace:
L 12/23/2025 - 15:42:40: [SM]   [0] GetConVarString
L 12/23/2025 - 15:42:40: [SM]   [1] Line 138, C:\Users\Moises\Downloads\Compressed\sourcemod-1.11.0-git6968-windows\addons\sourcemod\scripting\ÒankrunFixhealth.sp::IsTankRunActive
L 12/23/2025 - 15:42:40: [SM]   [2] Line 36, C:\Users\Moises\Downloads\Compressed\sourcemod-1.11.0-git6968-windows\addons\sourcemod\scripting\ÒankrunFixhealth.sp::Timer_PeriodicCheck
L 12/23/2025 - 15:42:50: [SM] Exception reported: Invalid convar handle 0 (error 4)
L 12/23/2025 - 15:42:50: [SM] Blaming: ÒankrunFixhealth.smx
L 12/23/2025 - 15:42:50: [SM] Call stack trace:
L 12/23/2025 - 15:42:50: [SM]   [0] GetConVarString
L 12/23/2025 - 15:42:50: [SM]   [1] Line 138, C:\Users\Moises\Downloads\Compressed\sourcemod-1.11.0-git6968-windows\addons\sourcemod\scripting\ÒankrunFixhealth.sp::IsTankRunActive
L 12/23/2025 - 15:42:50: [SM]   [2] Line 36, C:\Users\Moises\Downloads\Compressed\sourcemod-1.11.0-git6968-windows\addons\sourcemod\scripting\ÒankrunFixhealth.sp::Timer_PeriodicCheck
L 12/23/2025 - 15:42:53: [SM] Exception reported: Invalid convar handle 0 (error 4)
L 12/23/2025 - 15:42:53: [SM] Blaming: ÒankrunFixhealth.smx
L 12/23/2025 - 15:42:53: [SM] Call stack trace:
L 12/23/2025 - 15:42:53: [SM]   [0] GetConVarString
L 12/23/2025 - 15:42:53: [SM]   [1] Line 138, C:\Users\Moises\Downloads\Compressed\sourcemod-1.11.0-git6968-windows\addons\sourcemod\scripting\ÒankrunFixhealth.sp::IsTankRunActive
L 12/23/2025 - 15:42:53: [SM]   [2] Line 79, C:\Users\Moises\Downloads\Compressed\sourcemod-1.11.0-git6968-windows\addons\sourcemod\scripting\ÒankrunFixhealth.sp::Event_PlayerDeath
L 12/23/2025 - 15:42:55: [SM] Exception reported: Invalid convar handle 0 (error 4)
L 12/23/2025 - 15:42:55: [SM] Blaming: ÒankrunFixhealth.smx
L 12/23/2025 - 15:42:55: [SM] Call stack trace:
L 12/23/2025 - 15:42:55: [SM]   [0] GetConVarString
L 12/23/2025 - 15:42:55: [SM]   [1] Line 138, C:\Users\Moises\Downloads\Compressed\sourcemod-1.11.0-git6968-windows\addons\sourcemod\scripting\ÒankrunFixhealth.sp::IsTankRunActive
L 12/23/2025 - 15:42:55: [SM]   [2] Line 79, C:\Users\Moises\Downloads\Compressed\sourcemod-1.11.0-git6968-windows\addons\sourcemod\scripting\ÒankrunFixhealth.sp::Event_PlayerDeath
L 12/23/2025 - 15:43:00: [SM] Exception reported: Invalid convar handle 0 (error 4)
L 12/23/2025 - 15:43:00: [SM] Blaming: ÒankrunFixhealth.smx
L 12/23/2025 - 15:43:00: [SM] Call stack trace:
L 12/23/2025 - 15:43:00: [SM]   [0] GetConVarString
L 12/23/2025 - 15:43:00: [SM]   [1] Line 138, C:\Users\Moises\Downloads\Compressed\sourcemod-1.11.0-git6968-windows\addons\sourcemod\scripting\ÒankrunFixhealth.sp::IsTankRunActive
L 12/23/2025 - 15:43:00: [SM]   [2] Line 36, C:\Users\Moises\Downloads\Compressed\sourcemod-1.11.0-git6968-windows\addons\sourcemod\scripting\ÒankrunFixhealth.sp::Timer_PeriodicCheck
L 12/23/2025 - 15:43:10: [SM] Exception reported: Invalid convar handle 0 (error 4)
L 12/23/2025 - 15:43:10: [SM] Blaming: ÒankrunFixhealth.smx
L 12/23/2025 - 15:43:10: [SM] Call stack trace:
L 12/23/2025 - 15:43:10: [SM]   [0] GetConVarString
L 12/23/2025 - 15:43:10: [SM]   [1] Line 138, C:\Users\Moises\Downloads\Compressed\sourcemod-1.11.0-git6968-windows\addons\sourcemod\scripting\ÒankrunFixhealth.sp::IsTankRunActive
L 12/23/2025 - 15:43:10: [SM]   [2] Line 36, C:\Users\Moises\Downloads\Compressed\sourcemod-1.11.0-git6968-windows\addons\sourcemod\scripting\ÒankrunFixhealth.sp::Timer_PeriodicCheck
L 12/23/2025 - 15:43:10: [SM] Exception reported: Invalid convar handle 0 (error 4)
L 12/23/2025 - 15:43:10: [SM] Blaming: ÒankrunFixhealth.smx
L 12/23/2025 - 15:43:10: [SM] Call stack trace:
L 12/23/2025 - 15:43:10: [SM]   [0] GetConVarString
L 12/23/2025 - 15:43:10: [SM]   [1] Line 138, C:\Users\Moises\Downloads\Compressed\sourcemod-1.11.0-git6968-windows\addons\sourcemod\scripting\ÒankrunFixhealth.sp::IsTankRunActive
L 12/23/2025 - 15:43:10: [SM]   [2] Line 79, C:\Users\Moises\Downloads\Compressed\sourcemod-1.11.0-git6968-windows\addons\sourcemod\scripting\ÒankrunFixhealth.sp::Event_PlayerDeath
L 12/23/2025 - 15:43:16: [SM] Exception reported: Invalid convar handle 0 (error 4)
L 12/23/2025 - 15:43:16: [SM] Blaming: ÒankrunFixhealth.smx
L 12/23/2025 - 15:43:16: [SM] Call stack trace:
L 12/23/2025 - 15:43:16: [SM]   [0] GetConVarString
L 12/23/2025 - 15:43:16: [SM]   [1] Line 138, C:\Users\Moises\Downloads\Compressed\sourcemod-1.11.0-git6968-windows\addons\sourcemod\scripting\ÒankrunFixhealth.sp::IsTankRunActive
L 12/23/2025 - 15:43:16: [SM]   [2] Line 79, C:\Users\Moises\Downloads\Compressed\sourcemod-1.11.0-git6968-windows\addons\sourcemod\scripting\ÒankrunFixhealth.sp::Event_PlayerDeath
L 12/23/2025 - 15:43:19: [SM] Exception reported: Language phrase "Please wait to be revived or rescued" not found (arg 6)
L 12/23/2025 - 15:43:19: [SM] Blaming: l4dmultislots.smx
L 12/23/2025 - 15:43:19: [SM] Call stack trace:
L 12/23/2025 - 15:43:19: [SM]   [0] PrintToChat
L 12/23/2025 - 15:43:19: [SM]   [1] Line 953, d:\Github\Private-Work\L4D2-Êèí‰ª∂\scripting_1.11\l4dmultislots.sp::Timer_SpecCheck
L 12/23/2025 - 15:43:20: [SM] Exception reported: Invalid convar handle 0 (error 4)
L 12/23/2025 - 15:43:20: [SM] Blaming: ÒankrunFixhealth.smx
L 12/23/2025 - 15:43:20: [SM] Call stack trace:
L 12/23/2025 - 15:43:20: [SM]   [0] GetConVarString
L 12/23/2025 - 15:43:20: [SM]   [1] Line 138, C:\Users\Moises\Downloads\Compressed\sourcemod-1.11.0-git6968-windows\addons\sourcemod\scripting\ÒankrunFixhealth.sp::IsTankRunActive
L 12/23/2025 - 15:43:20: [SM]   [2] Line 36, C:\Users\Moises\Downloads\Compressed\sourcemod-1.11.0-git6968-windows\addons\sourcemod\scripting\ÒankrunFixhealth.sp::Timer_PeriodicCheck
L 12/23/2025 - 15:43:30: [SM] Exception reported: Invalid convar handle 0 (error 4)
L 12/23/2025 - 15:43:30: [SM] Blaming: ÒankrunFixhealth.smx
L 12/23/2025 - 15:43:30: [SM] Call stack trace:
L 12/23/2025 - 15:43:30: [SM]   [0] GetConVarString
L 12/23/2025 - 15:43:30: [SM]   [1] Line 138, C:\Users\Moises\Downloads\Compressed\sourcemod-1.11.0-git6968-windows\addons\sourcemod\scripting\ÒankrunFixhealth.sp::IsTankRunActive
L 12/23/2025 - 15:43:30: [SM]   [2] Line 36, C:\Users\Moises\Downloads\Compressed\sourcemod-1.11.0-git6968-windows\addons\sourcemod\scripting\ÒankrunFixhealth.sp::Timer_PeriodicCheck
L 12/23/2025 - 15:43:40: [SM] Exception reported: Invalid convar handle 0 (error 4)
L 12/23/2025 - 15:43:40: [SM] Blaming: ÒankrunFixhealth.smx
L 12/23/2025 - 15:43:40: [SM] Call stack trace:
L 12/23/2025 - 15:43:40: [SM]   [0] GetConVarString
L 12/23/2025 - 15:43:40: [SM]   [1] Line 138, C:\Users\Moises\Downloads\Compressed\sourcemod-1.11.0-git6968-windows\addons\sourcemod\scripting\ÒankrunFixhealth.sp::IsTankRunActive
L 12/23/2025 - 15:43:40: [SM]   [2] Line 36, C:\Users\Moises\Downloads\Compressed\sourcemod-1.11.0-git6968-windows\addons\sourcemod\scripting\ÒankrunFixhealth.sp::Timer_PeriodicCheck
L 12/23/2025 - 15:43:44: [SM] Exception reported: Language phrase "Please wait to be revived or rescued" not found (arg 6)
L 12/23/2025 - 15:43:44: [SM] Blaming: l4dmultislots.smx
L 12/23/2025 - 15:43:44: [SM] Call stack trace:
L 12/23/2025 - 15:43:44: [SM]   [0] PrintToChat
L 12/23/2025 - 15:43:44: [SM]   [1] Line 953, d:\Github\Private-Work\L4D2-Êèí‰ª∂\scripting_1.11\l4dmultislots.sp::Timer_SpecCheck
L 12/23/2025 - 15:43:50: [SM] Exception reported: Invalid convar handle 0 (error 4)
L 12/23/2025 - 15:43:50: [SM] Blaming: ÒankrunFixhealth.smx
L 12/23/2025 - 15:43:50: [SM] Call stack trace:
L 12/23/2025 - 15:43:50: [SM]   [0] GetConVarString
L 12/23/2025 - 15:43:50: [SM]   [1] Line 138, C:\Users\Moises\Downloads\Compressed\sourcemod-1.11.0-git6968-windows\addons\sourcemod\scripting\ÒankrunFixhealth.sp::IsTankRunActive
L 12/23/2025 - 15:43:50: [SM]   [2] Line 36, C:\Users\Moises\Downloads\Compressed\sourcemod-1.11.0-git6968-windows\addons\sourcemod\scripting\ÒankrunFixhealth.sp::Timer_PeriodicCheck
L 12/23/2025 - 15:43:50: [SM] Exception reported: Invalid convar handle 0 (error 4)
L 12/23/2025 - 15:43:50: [SM] Blaming: ÒankrunFixhealth.smx
L 12/23/2025 - 15:43:50: [SM] Call stack trace:
L 12/23/2025 - 15:43:50: [SM]   [0] GetConVarString
L 12/23/2025 - 15:43:50: [SM]   [1] Line 138, C:\Users\Moises\Downloads\Compressed\sourcemod-1.11.0-git6968-windows\addons\sourcemod\scripting\ÒankrunFixhealth.sp::IsTankRunActive
L 12/23/2025 - 15:43:50: [SM]   [2] Line 79, C:\Users\Moises\Downloads\Compressed\sourcemod-1.11.0-git6968-windows\addons\sourcemod\scripting\ÒankrunFixhealth.sp::Event_PlayerDeath
L 12/23/2025 - 15:44:00: [SM] Exception reported: Invalid convar handle 0 (error 4)
L 12/23/2025 - 15:44:00: [SM] Blaming: ÒankrunFixhealth.smx
L 12/23/2025 - 15:44:00: [SM] Call stack trace:
L 12/23/2025 - 15:44:00: [SM]   [0] GetConVarString
L 12/23/2025 - 15:44:00: [SM]   [1] Line 138, C:\Users\Moises\Downloads\Compressed\sourcemod-1.11.0-git6968-windows\addons\sourcemod\scripting\ÒankrunFixhealth.sp::IsTankRunActive
L 12/23/2025 - 15:44:00: [SM]   [2] Line 36, C:\Users\Moises\Downloads\Compressed\sourcemod-1.11.0-git6968-windows\addons\sourcemod\scripting\ÒankrunFixhealth.sp::Timer_PeriodicCheck
L 12/23/2025 - 15:44:07: [SM] Exception reported: Invalid convar handle 0 (error 4)
L 12/23/2025 - 15:44:07: [SM] Blaming: ÒankrunFixhealth.smx
L 12/23/2025 - 15:44:07: [SM] Call stack trace:
L 12/23/2025 - 15:44:07: [SM]   [0] GetConVarString
L 12/23/2025 - 15:44:07: [SM]   [1] Line 138, C:\Users\Moises\Downloads\Compressed\sourcemod-1.11.0-git6968-windows\addons\sourcemod\scripting\ÒankrunFixhealth.sp::IsTankRunActive
L 12/23/2025 - 15:44:07: [SM]   [2] Line 79, C:\Users\Moises\Downloads\Compressed\sourcemod-1.11.0-git6968-windows\addons\sourcemod\scripting\ÒankrunFixhealth.sp::Event_PlayerDeath
L 12/23/2025 - 15:44:09: [SM] Exception reported: Language phrase "Please wait to be revived or rescued" not found (arg 6)
L 12/23/2025 - 15:44:09: [SM] Blaming: l4dmultislots.smx
L 12/23/2025 - 15:44:09: [SM] Call stack trace:
L 12/23/2025 - 15:44:09: [SM]   [0] PrintToChat
L 12/23/2025 - 15:44:09: [SM]   [1] Line 953, d:\Github\Private-Work\L4D2-Êèí‰ª∂\scripting_1.11\l4dmultislots.sp::Timer_SpecCheck
L 12/23/2025 - 15:44:10: [SM] Exception reported: Invalid convar handle 0 (error 4)
L 12/23/2025 - 15:44:10: [SM] Blaming: ÒankrunFixhealth.smx
L 12/23/2025 - 15:44:10: [SM] Call stack trace:
L 12/23/2025 - 15:44:10: [SM]   [0] GetConVarString
L 12/23/2025 - 15:44:10: [SM]   [1] Line 138, C:\Users\Moises\Downloads\Compressed\sourcemod-1.11.0-git6968-windows\addons\sourcemod\scripting\ÒankrunFixhealth.sp::IsTankRunActive
L 12/23/2025 - 15:44:10: [SM]   [2] Line 36, C:\Users\Moises\Downloads\Compressed\sourcemod-1.11.0-git6968-windows\addons\sourcemod\scripting\ÒankrunFixhealth.sp::Timer_PeriodicCheck
L 12/23/2025 - 15:44:12: [SM] Exception reported: Invalid convar handle 0 (error 4)
L 12/23/2025 - 15:44:12: [SM] Blaming: ÒankrunFixhealth.smx
L 12/23/2025 - 15:44:12: [SM] Call stack trace:
L 12/23/2025 - 15:44:12: [SM]   [0] GetConVarString
L 12/23/2025 - 15:44:12: [SM]   [1] Line 138, C:\Users\Moises\Downloads\Compressed\sourcemod-1.11.0-git6968-windows\addons\sourcemod\scripting\ÒankrunFixhealth.sp::IsTankRunActive
L 12/23/2025 - 15:44:12: [SM]   [2] Line 79, C:\Users\Moises\Downloads\Compressed\sourcemod-1.11.0-git6968-windows\addons\sourcemod\scripting\ÒankrunFixhealth.sp::Event_PlayerDeath
L 12/23/2025 - 15:44:20: [SM] Exception reported: Invalid convar handle 0 (error 4)
L 12/23/2025 - 15:44:20: [SM] Blaming: ÒankrunFixhealth.smx
L 12/23/2025 - 15:44:20: [SM] Call stack trace:
L 12/23/2025 - 15:44:20: [SM]   [0] GetConVarString
L 12/23/2025 - 15:44:20: [SM]   [1] Line 138, C:\Users\Moises\Downloads\Compressed\sourcemod-1.11.0-git6968-windows\addons\sourcemod\scripting\ÒankrunFixhealth.sp::IsTankRunActive
L 12/23/2025 - 15:44:20: [SM]   [2] Line 36, C:\Users\Moises\Downloads\Compressed\sourcemod-1.11.0-git6968-windows\addons\sourcemod\scripting\ÒankrunFixhealth.sp::Timer_PeriodicCheck
L 12/23/2025 - 15:44:30: [SM] Exception reported: Invalid convar handle 0 (error 4)
L 12/23/2025 - 15:44:30: [SM] Blaming: ÒankrunFixhealth.smx
L 12/23/2025 - 15:44:30: [SM] Call stack trace:
L 12/23/2025 - 15:44:30: [SM]   [0] GetConVarString
L 12/23/2025 - 15:44:30: [SM]   [1] Line 138, C:\Users\Moises\Downloads\Compressed\sourcemod-1.11.0-git6968-windows\addons\sourcemod\scripting\ÒankrunFixhealth.sp::IsTankRunActive
L 12/23/2025 - 15:44:30: [SM]   [2] Line 36, C:\Users\Moises\Downloads\Compressed\sourcemod-1.11.0-git6968-windows\addons\sourcemod\scripting\ÒankrunFixhealth.sp::Timer_PeriodicCheck
L 12/23/2025 - 15:44:34: [SM] Exception reported: Language phrase "Please wait to be revived or rescued" not found (arg 6)
L 12/23/2025 - 15:44:34: [SM] Blaming: l4dmultislots.smx
L 12/23/2025 - 15:44:34: [SM] Call stack trace:
L 12/23/2025 - 15:44:34: [SM]   [0] PrintToChat
L 12/23/2025 - 15:44:34: [SM]   [1] Line 953, d:\Github\Private-Work\L4D2-Êèí‰ª∂\scripting_1.11\l4dmultislots.sp::Timer_SpecCheck
L 12/23/2025 - 15:44:40: [SM] Exception reported: Invalid convar handle 0 (error 4)
L 12/23/2025 - 15:44:40: [SM] Blaming: ÒankrunFixhealth.smx
L 12/23/2025 - 15:44:40: [SM] Call stack trace:
L 12/23/2025 - 15:44:40: [SM]   [0] GetConVarString
L 12/23/2025 - 15:44:40: [SM]   [1] Line 138, C:\Users\Moises\Downloads\Compressed\sourcemod-1.11.0-git6968-windows\addons\sourcemod\scripting\ÒankrunFixhealth.sp::IsTankRunActive
L 12/23/2025 - 15:44:40: [SM]   [2] Line 36, C:\Users\Moises\Downloads\Compressed\sourcemod-1.11.0-git6968-windows\addons\sourcemod\scripting\ÒankrunFixhealth.sp::Timer_PeriodicCheck
L 12/23/2025 - 15:44:41: [SM] Exception reported: Invalid convar handle 0 (error 4)
L 12/23/2025 - 15:44:41: [SM] Blaming: ÒankrunFixhealth.smx
L 12/23/2025 - 15:44:41: [SM] Call stack trace:
L 12/23/2025 - 15:44:41: [SM]   [0] GetConVarString
L 12/23/2025 - 15:44:41: [SM]   [1] Line 138, C:\Users\Moises\Downloads\Compressed\sourcemod-1.11.0-git6968-windows\addons\sourcemod\scripting\ÒankrunFixhealth.sp::IsTankRunActive
L 12/23/2025 - 15:44:41: [SM]   [2] Line 79, C:\Users\Moises\Downloads\Compressed\sourcemod-1.11.0-git6968-windows\addons\sourcemod\scripting\ÒankrunFixhealth.sp::Event_PlayerDeath
L 12/23/2025 - 15:44:50: [SM] Exception reported: Invalid convar handle 0 (error 4)
L 12/23/2025 - 15:44:50: [SM] Blaming: ÒankrunFixhealth.smx
L 12/23/2025 - 15:44:50: [SM] Call stack trace:
L 12/23/2025 - 15:44:50: [SM]   [0] GetConVarString
L 12/23/2025 - 15:44:50: [SM]   [1] Line 138, C:\Users\Moises\Downloads\Compressed\sourcemod-1.11.0-git6968-windows\addons\sourcemod\scripting\ÒankrunFixhealth.sp::IsTankRunActive
L 12/23/2025 - 15:44:50: [SM]   [2] Line 36, C:\Users\Moises\Downloads\Compressed\sourcemod-1.11.0-git6968-windows\addons\sourcemod\scripting\ÒankrunFixhealth.sp::Timer_PeriodicCheck
L 12/23/2025 - 15:44:59: [SM] Exception reported: Language phrase "Please wait to be revived or rescued" not found (arg 6)
L 12/23/2025 - 15:44:59: [SM] Blaming: l4dmultislots.smx
L 12/23/2025 - 15:44:59: [SM] Call stack trace:
L 12/23/2025 - 15:44:59: [SM]   [0] PrintToChat
L 12/23/2025 - 15:44:59: [SM]   [1] Line 953, d:\Github\Private-Work\L4D2-Êèí‰ª∂\scripting_1.11\l4dmultislots.sp::Timer_SpecCheck
L 12/23/2025 - 15:45:00: [SM] Exception reported: Invalid convar handle 0 (error 4)
L 12/23/2025 - 15:45:00: [SM] Blaming: ÒankrunFixhealth.smx
L 12/23/2025 - 15:45:00: [SM] Call stack trace:
L 12/23/2025 - 15:45:00: [SM]   [0] GetConVarString
L 12/23/2025 - 15:45:00: [SM]   [1] Line 138, C:\Users\Moises\Downloads\Compressed\sourcemod-1.11.0-git6968-windows\addons\sourcemod\scripting\ÒankrunFixhealth.sp::IsTankRunActive
L 12/23/2025 - 15:45:00: [SM]   [2] Line 36, C:\Users\Moises\Downloads\Compressed\sourcemod-1.11.0-git6968-windows\addons\sourcemod\scripting\ÒankrunFixhealth.sp::Timer_PeriodicCheck
L 12/23/2025 - 15:45:10: [SM] Exception reported: Invalid convar handle 0 (error 4)
L 12/23/2025 - 15:45:10: [SM] Blaming: ÒankrunFixhealth.smx
L 12/23/2025 - 15:45:10: [SM] Call stack trace:
L 12/23/2025 - 15:45:10: [SM]   [0] GetConVarString
L 12/23/2025 - 15:45:10: [SM]   [1] Line 138, C:\Users\Moises\Downloads\Compressed\sourcemod-1.11.0-git6968-windows\addons\sourcemod\scripting\ÒankrunFixhealth.sp::IsTankRunActive
L 12/23/2025 - 15:45:10: [SM]   [2] Line 36, C:\Users\Moises\Downloads\Compressed\sourcemod-1.11.0-git6968-windows\addons\sourcemod\scripting\ÒankrunFixhealth.sp::Timer_PeriodicCheck
L 12/23/2025 - 15:45:20: [SM] Exception reported: Invalid convar handle 0 (error 4)
L 12/23/2025 - 15:45:20: [SM] Blaming: ÒankrunFixhealth.smx
L 12/23/2025 - 15:45:20: [SM] Call stack trace:
L 12/23/2025 - 15:45:20: [SM]   [0] GetConVarString
L 12/23/2025 - 15:45:20: [SM]   [1] Line 138, C:\Users\Moises\Downloads\Compressed\sourcemod-1.11.0-git6968-windows\addons\sourcemod\scripting\ÒankrunFixhealth.sp::IsTankRunActive
L 12/23/2025 - 15:45:20: [SM]   [2] Line 36, C:\Users\Moises\Downloads\Compressed\sourcemod-1.11.0-git6968-windows\addons\sourcemod\scripting\ÒankrunFixhealth.sp::Timer_PeriodicCheck
L 12/23/2025 - 15:45:24: [SM] Exception reported: Language phrase "Please wait to be revived or rescued" not found (arg 6)
L 12/23/2025 - 15:45:24: [SM] Blaming: l4dmultislots.smx
L 12/23/2025 - 15:45:24: [SM] Call stack trace:
L 12/23/2025 - 15:45:24: [SM]   [0] PrintToChat
L 12/23/2025 - 15:45:24: [SM]   [1] Line 953, d:\Github\Private-Work\L4D2-Êèí‰ª∂\scripting_1.11\l4dmultislots.sp::Timer_SpecCheck
L 12/23/2025 - 15:45:30: [SM] Exception reported: Invalid convar handle 0 (error 4)
L 12/23/2025 - 15:45:30: [SM] Blaming: ÒankrunFixhealth.smx
L 12/23/2025 - 15:45:30: [SM] Call stack trace:
L 12/23/2025 - 15:45:30: [SM]   [0] GetConVarString
L 12/23/2025 - 15:45:30: [SM]   [1] Line 138, C:\Users\Moises\Downloads\Compressed\sourcemod-1.11.0-git6968-windows\addons\sourcemod\scripting\ÒankrunFixhealth.sp::IsTankRunActive
L 12/23/2025 - 15:45:30: [SM]   [2] Line 79, C:\Users\Moises\Downloads\Compressed\sourcemod-1.11.0-git6968-windows\addons\sourcemod\scripting\ÒankrunFixhealth.sp::Event_PlayerDeath
L 12/23/2025 - 15:45:30: [SM] Exception reported: Invalid convar handle 0 (error 4)
L 12/23/2025 - 15:45:30: [SM] Blaming: ÒankrunFixhealth.smx
L 12/23/2025 - 15:45:30: [SM] Call stack trace:
L 12/23/2025 - 15:45:30: [SM]   [0] GetConVarString
L 12/23/2025 - 15:45:30: [SM]   [1] Line 138, C:\Users\Moises\Downloads\Compressed\sourcemod-1.11.0-git6968-windows\addons\sourcemod\scripting\ÒankrunFixhealth.sp::IsTankRunActive
L 12/23/2025 - 15:45:30: [SM]   [2] Line 36, C:\Users\Moises\Downloads\Compressed\sourcemod-1.11.0-git6968-windows\addons\sourcemod\scripting\ÒankrunFixhealth.sp::Timer_PeriodicCheck
L 12/23/2025 - 15:45:40: [SM] Exception reported: Invalid convar handle 0 (error 4)
L 12/23/2025 - 15:45:40: [SM] Blaming: ÒankrunFixhealth.smx
L 12/23/2025 - 15:45:40: [SM] Call stack trace:
L 12/23/2025 - 15:45:40: [SM]   [0] GetConVarString
L 12/23/2025 - 15:45:40: [SM]   [1] Line 138, C:\Users\Moises\Downloads\Compressed\sourcemod-1.11.0-git6968-windows\addons\sourcemod\scripting\ÒankrunFixhealth.sp::IsTankRunActive
L 12/23/2025 - 15:45:40: [SM]   [2] Line 36, C:\Users\Moises\Downloads\Compressed\sourcemod-1.11.0-git6968-windows\addons\sourcemod\scripting\ÒankrunFixhealth.sp::Timer_PeriodicCheck
L 12/23/2025 - 15:45:41: [SM] Exception reported: Invalid convar handle 0 (error 4)
L 12/23/2025 - 15:45:41: [SM] Blaming: ÒankrunFixhealth.smx
L 12/23/2025 - 15:45:41: [SM] Call stack trace:
L 12/23/2025 - 15:45:41: [SM]   [0] GetConVarString
L 12/23/2025 - 15:45:41: [SM]   [1] Line 138, C:\Users\Moises\Downloads\Compressed\sourcemod-1.11.0-git6968-windows\addons\sourcemod\scripting\ÒankrunFixhealth.sp::IsTankRunActive
L 12/23/2025 - 15:45:41: [SM]   [2] Line 79, C:\Users\Moises\Downloads\Compressed\sourcemod-1.11.0-git6968-windows\addons\sourcemod\scripting\ÒankrunFixhealth.sp::Event_PlayerDeath
L 12/23/2025 - 15:45:49: [SM] Exception reported: Language phrase "Please wait to be revived or rescued" not found (arg 6)
L 12/23/2025 - 15:45:49: [SM] Blaming: l4dmultislots.smx
L 12/23/2025 - 15:45:49: [SM] Call stack trace:
L 12/23/2025 - 15:45:49: [SM]   [0] PrintToChat
L 12/23/2025 - 15:45:49: [SM]   [1] Line 953, d:\Github\Private-Work\L4D2-Êèí‰ª∂\scripting_1.11\l4dmultislots.sp::Timer_SpecCheck
L 12/23/2025 - 15:45:50: [SM] Exception reported: Invalid convar handle 0 (error 4)
L 12/23/2025 - 15:45:50: [SM] Blaming: ÒankrunFixhealth.smx
L 12/23/2025 - 15:45:50: [SM] Call stack trace:
L 12/23/2025 - 15:45:50: [SM]   [0] GetConVarString
L 12/23/2025 - 15:45:50: [SM]   [1] Line 138, C:\Users\Moises\Downloads\Compressed\sourcemod-1.11.0-git6968-windows\addons\sourcemod\scripting\ÒankrunFixhealth.sp::IsTankRunActive
L 12/23/2025 - 15:45:50: [SM]   [2] Line 36, C:\Users\Moises\Downloads\Compressed\sourcemod-1.11.0-git6968-windows\addons\sourcemod\scripting\ÒankrunFixhealth.sp::Timer_PeriodicCheck
L 12/23/2025 - 15:45:50: [SM] Exception reported: Invalid Handle 0 (error 4)
L 12/23/2025 - 15:45:50: [SM] Blaming: l4dafkfix.smx
L 12/23/2025 - 15:45:50: [SM] Call stack trace:
L 12/23/2025 - 15:45:50: [SM]   [0] SDKCall
L 12/23/2025 - 15:45:50: [SM]   [1] Line 235, /home/forums/content/files/4/8/2/4/5/73422.attach::TakeOverBot
L 12/23/2025 - 15:45:50: [SM]   [2] Line 148, /home/forums/content/files/4/8/2/4/5/73422.attach::Event_PlayerDeath
L 12/23/2025 - 15:45:50: [SM] Exception reported: Invalid convar handle 0 (error 4)
L 12/23/2025 - 15:45:50: [SM] Blaming: ÒankrunFixhealth.smx
L 12/23/2025 - 15:45:50: [SM] Call stack trace:
L 12/23/2025 - 15:45:50: [SM]   [0] GetConVarString
L 12/23/2025 - 15:45:50: [SM]   [1] Line 138, C:\Users\Moises\Downloads\Compressed\sourcemod-1.11.0-git6968-windows\addons\sourcemod\scripting\ÒankrunFixhealth.sp::IsTankRunActive
L 12/23/2025 - 15:45:50: [SM]   [2] Line 79, C:\Users\Moises\Downloads\Compressed\sourcemod-1.11.0-git6968-windows\addons\sourcemod\scripting\ÒankrunFixhealth.sp::Event_PlayerDeath
L 12/23/2025 - 15:45:58: [SM] Exception reported: Invalid convar handle 0 (error 4)
L 12/23/2025 - 15:45:58: [SM] Blaming: ÒankrunFixhealth.smx
L 12/23/2025 - 15:45:58: [SM] Call stack trace:
L 12/23/2025 - 15:45:58: [SM]   [0] GetConVarString
L 12/23/2025 - 15:45:58: [SM]   [1] Line 138, C:\Users\Moises\Downloads\Compressed\sourcemod-1.11.0-git6968-windows\addons\sourcemod\scripting\ÒankrunFixhealth.sp::IsTankRunActive
L 12/23/2025 - 15:45:58: [SM]   [2] Line 79, C:\Users\Moises\Downloads\Compressed\sourcemod-1.11.0-git6968-windows\addons\sourcemod\scripting\ÒankrunFixhealth.sp::Event_PlayerDeath
L 12/23/2025 - 15:46:00: [SM] Exception reported: Invalid convar handle 0 (error 4)
L 12/23/2025 - 15:46:00: [SM] Blaming: ÒankrunFixhealth.smx
L 12/23/2025 - 15:46:00: [SM] Call stack trace:
L 12/23/2025 - 15:46:00: [SM]   [0] GetConVarString
L 12/23/2025 - 15:46:00: [SM]   [1] Line 138, C:\Users\Moises\Downloads\Compressed\sourcemod-1.11.0-git6968-windows\addons\sourcemod\scripting\ÒankrunFixhealth.sp::IsTankRunActive
L 12/23/2025 - 15:46:00: [SM]   [2] Line 36, C:\Users\Moises\Downloads\Compressed\sourcemod-1.11.0-git6968-windows\addons\sourcemod\scripting\ÒankrunFixhealth.sp::Timer_PeriodicCheck
L 12/23/2025 - 15:46:10: [SM] Exception reported: Invalid convar handle 0 (error 4)
L 12/23/2025 - 15:46:10: [SM] Blaming: ÒankrunFixhealth.smx
L 12/23/2025 - 15:46:10: [SM] Call stack trace:
L 12/23/2025 - 15:46:10: [SM]   [0] GetConVarString
L 12/23/2025 - 15:46:10: [SM]   [1] Line 138, C:\Users\Moises\Downloads\Compressed\sourcemod-1.11.0-git6968-windows\addons\sourcemod\scripting\ÒankrunFixhealth.sp::IsTankRunActive
L 12/23/2025 - 15:46:10: [SM]   [2] Line 36, C:\Users\Moises\Downloads\Compressed\sourcemod-1.11.0-git6968-windows\addons\sourcemod\scripting\ÒankrunFixhealth.sp::Timer_PeriodicCheck
L 12/23/2025 - 15:46:14: [SM] Exception reported: Language phrase "Please wait to be revived or rescued" not found (arg 6)
L 12/23/2025 - 15:46:14: [SM] Blaming: l4dmultislots.smx
L 12/23/2025 - 15:46:14: [SM] Call stack trace:
L 12/23/2025 - 15:46:14: [SM]   [0] PrintToChat
L 12/23/2025 - 15:46:14: [SM]   [1] Line 953, d:\Github\Private-Work\L4D2-Êèí‰ª∂\scripting_1.11\l4dmultislots.sp::Timer_SpecCheck
L 12/23/2025 - 15:46:19: [SM] Exception reported: Invalid convar handle 0 (error 4)
L 12/23/2025 - 15:46:19: [SM] Blaming: ÒankrunFixhealth.smx
L 12/23/2025 - 15:46:19: [SM] Call stack trace:
L 12/23/2025 - 15:46:19: [SM]   [0] GetConVarString
L 12/23/2025 - 15:46:19: [SM]   [1] Line 138, C:\Users\Moises\Downloads\Compressed\sourcemod-1.11.0-git6968-windows\addons\sourcemod\scripting\ÒankrunFixhealth.sp::IsTankRunActive
L 12/23/2025 - 15:46:19: [SM]   [2] Line 79, C:\Users\Moises\Downloads\Compressed\sourcemod-1.11.0-git6968-windows\addons\sourcemod\scripting\ÒankrunFixhealth.sp::Event_PlayerDeath
L 12/23/2025 - 15:46:20: [SM] Exception reported: Invalid convar handle 0 (error 4)
L 12/23/2025 - 15:46:20: [SM] Blaming: ÒankrunFixhealth.smx
L 12/23/2025 - 15:46:20: [SM] Call stack trace:
L 12/23/2025 - 15:46:20: [SM]   [0] GetConVarString
L 12/23/2025 - 15:46:20: [SM]   [1] Line 138, C:\Users\Moises\Downloads\Compressed\sourcemod-1.11.0-git6968-windows\addons\sourcemod\scripting\ÒankrunFixhealth.sp::IsTankRunActive
L 12/23/2025 - 15:46:20: [SM]   [2] Line 91, C:\Users\Moises\Downloads\Compressed\sourcemod-1.11.0-git6968-windows\addons\sourcemod\scripting\ÒankrunFixhealth.sp::Event_MissionLost
L 12/23/2025 - 15:46:20: [SM] Exception reported: Invalid convar handle 0 (error 4)
L 12/23/2025 - 15:46:20: [SM] Blaming: ÒankrunFixhealth.smx
L 12/23/2025 - 15:46:20: [SM] Call stack trace:
L 12/23/2025 - 15:46:20: [SM]   [0] GetConVarString
L 12/23/2025 - 15:46:20: [SM]   [1] Line 138, C:\Users\Moises\Downloads\Compressed\sourcemod-1.11.0-git6968-windows\addons\sourcemod\scripting\ÒankrunFixhealth.sp::IsTankRunActive
L 12/23/2025 - 15:46:20: [SM]   [2] Line 36, C:\Users\Moises\Downloads\Compressed\sourcemod-1.11.0-git6968-windows\addons\sourcemod\scripting\ÒankrunFixhealth.sp::Timer_PeriodicCheck
L 12/23/2025 - 15:46:27: [SM] Exception reported: Invalid convar handle 0 (error 4)
L 12/23/2025 - 15:46:27: [SM] Blaming: ÒankrunFixhealth.smx
L 12/23/2025 - 15:46:27: [SM] Call stack trace:
L 12/23/2025 - 15:46:27: [SM]   [0] GetConVarString
L 12/23/2025 - 15:46:27: [SM]   [1] Line 138, C:\Users\Moises\Downloads\Compressed\sourcemod-1.11.0-git6968-windows\addons\sourcemod\scripting\ÒankrunFixhealth.sp::IsTankRunActive
L 12/23/2025 - 15:46:27: [SM]   [2] Line 54, C:\Users\Moises\Downloads\Compressed\sourcemod-1.11.0-git6968-windows\addons\sourcemod\scripting\ÒankrunFixhealth.sp::Event_RoundStart
L 12/23/2025 - 15:46:27: [SM] Exception reported: Invalid timer handle dab00469 (error 1)
L 12/23/2025 - 15:46:27: [SM] Blaming: l4d2_playerjoining_v2.smx
L 12/23/2025 - 15:46:27: [SM] Call stack trace:
L 12/23/2025 - 15:46:27: [SM]   [0] KillTimer
L 12/23/2025 - 15:46:27: [SM]   [1] Line 53, C:\Users\Moises\Downloads\Compressed\sourcemod-1.11.0-git6968-windows\addons\sourcemod\scripting\l4d2_playerjoining_v2.sp::OnClientDisconnect
L 12/23/2025 - 15:46:27: [SM] Exception reported: Invalid timer handle a7700479 (error 1)
L 12/23/2025 - 15:46:27: [SM] Blaming: l4d2_playerjoining_v2.smx
L 12/23/2025 - 15:46:27: [SM] Call stack trace:
L 12/23/2025 - 15:46:27: [SM]   [0] KillTimer
L 12/23/2025 - 15:46:27: [SM]   [1] Line 53, C:\Users\Moises\Downloads\Compressed\sourcemod-1.11.0-git6968-windows\addons\sourcemod\scripting\l4d2_playerjoining_v2.sp::OnClientDisconnect
L 12/23/2025 - 15:46:30: [SM] Exception reported: Invalid convar handle 0 (error 4)
L 12/23/2025 - 15:46:30: [SM] Blaming: ÒankrunFixhealth.smx
L 12/23/2025 - 15:46:30: [SM] Call stack trace:
L 12/23/2025 - 15:46:30: [SM]   [0] GetConVarString
L 12/23/2025 - 15:46:30: [SM]   [1] Line 138, C:\Users\Moises\Downloads\Compressed\sourcemod-1.11.0-git6968-windows\addons\sourcemod\scripting\ÒankrunFixhealth.sp::IsTankRunActive
L 12/23/2025 - 15:46:30: [SM]   [2] Line 36, C:\Users\Moises\Downloads\Compressed\sourcemod-1.11.0-git6968-windows\addons\sourcemod\scripting\ÒankrunFixhealth.sp::Timer_PeriodicCheck
L 12/23/2025 - 15:46:40: [SM] Exception reported: Invalid convar handle 0 (error 4)
L 12/23/2025 - 15:46:40: [SM] Blaming: ÒankrunFixhealth.smx
L 12/23/2025 - 15:46:40: [SM] Call stack trace:
L 12/23/2025 - 15:46:40: [SM]   [0] GetConVarString
L 12/23/2025 - 15:46:40: [SM]   [1] Line 138, C:\Users\Moises\Downloads\Compressed\sourcemod-1.11.0-git6968-windows\addons\sourcemod\scripting\ÒankrunFixhealth.sp::IsTankRunActive
L 12/23/2025 - 15:46:40: [SM]   [2] Line 36, C:\Users\Moises\Downloads\Compressed\sourcemod-1.11.0-git6968-windows\addons\sourcemod\scripting\ÒankrunFixhealth.sp::Timer_PeriodicCheck
L 12/23/2025 - 15:46:50: [SM] Exception reported: Invalid convar handle 0 (error 4)
L 12/23/2025 - 15:46:50: [SM] Blaming: ÒankrunFixhealth.smx
L 12/23/2025 - 15:46:50: [SM] Call stack trace:
L 12/23/2025 - 15:46:50: [SM]   [0] GetConVarString
L 12/23/2025 - 15:46:50: [SM]   [1] Line 138, C:\Users\Moises\Downloads\Compressed\sourcemod-1.11.0-git6968-windows\addons\sourcemod\scripting\ÒankrunFixhealth.sp::IsTankRunActive
L 12/23/2025 - 15:46:50: [SM]   [2] Line 36, C:\Users\Moises\Downloads\Compressed\sourcemod-1.11.0-git6968-windows\addons\sourcemod\scripting\ÒankrunFixhealth.sp::Timer_PeriodicCheck
L 12/23/2025 - 15:46:55: [SM] Exception reported: Invalid convar handle 0 (error 4)
L 12/23/2025 - 15:46:55: [SM] Blaming: ÒankrunFixhealth.smx
L 12/23/2025 - 15:46:55: [SM] Call stack trace:
L 12/23/2025 - 15:46:55: [SM]   [0] GetConVarString
L 12/23/2025 - 15:46:55: [SM]   [1] Line 138, C:\Users\Moises\Downloads\Compressed\sourcemod-1.11.0-git6968-windows\addons\sourcemod\scripting\ÒankrunFixhealth.sp::IsTankRunActive
L 12/23/2025 - 15:46:55: [SM]   [2] Line 79, C:\Users\Moises\Downloads\Compressed\sourcemod-1.11.0-git6968-windows\addons\sourcemod\scripting\ÒankrunFixhealth.sp::Event_PlayerDeath
L 12/23/2025 - 15:46:57: [SM] Exception reported: Invalid convar handle 0 (error 4)
L 12/23/2025 - 15:46:57: [SM] Blaming: ÒankrunFixhealth.smx
L 12/23/2025 - 15:46:57: [SM] Call stack trace:
L 12/23/2025 - 15:46:57: [SM]   [0] GetConVarString
L 12/23/2025 - 15:46:57: [SM]   [1] Line 138, C:\Users\Moises\Downloads\Compressed\sourcemod-1.11.0-git6968-windows\addons\sourcemod\scripting\ÒankrunFixhealth.sp::IsTankRunActive
L 12/23/2025 - 15:46:57: [SM]   [2] Line 79, C:\Users\Moises\Downloads\Compressed\sourcemod-1.11.0-git6968-windows\addons\sourcemod\scripting\ÒankrunFixhealth.sp::Event_PlayerDeath
L 12/23/2025 - 15:47:00: [SM] Exception reported: Invalid convar handle 0 (error 4)
L 12/23/2025 - 15:47:00: [SM] Blaming: ÒankrunFixhealth.smx
L 12/23/2025 - 15:47:00: [SM] Call stack trace:
L 12/23/2025 - 15:47:00: [SM]   [0] GetConVarString
L 12/23/2025 - 15:47:00: [SM]   [1] Line 138, C:\Users\Moises\Downloads\Compressed\sourcemod-1.11.0-git6968-windows\addons\sourcemod\scripting\ÒankrunFixhealth.sp::IsTankRunActive
L 12/23/2025 - 15:47:00: [SM]   [2] Line 36, C:\Users\Moises\Downloads\Compressed\sourcemod-1.11.0-git6968-windows\addons\sourcemod\scripting\ÒankrunFixhealth.sp::Timer_PeriodicCheck
L 12/23/2025 - 15:47:10: [SM] Exception reported: Invalid convar handle 0 (error 4)
L 12/23/2025 - 15:47:10: [SM] Blaming: ÒankrunFixhealth.smx
L 12/23/2025 - 15:47:10: [SM] Call stack trace:
L 12/23/2025 - 15:47:10: [SM]   [0] GetConVarString
L 12/23/2025 - 15:47:10: [SM]   [1] Line 138, C:\Users\Moises\Downloads\Compressed\sourcemod-1.11.0-git6968-windows\addons\sourcemod\scripting\ÒankrunFixhealth.sp::IsTankRunActive
L 12/23/2025 - 15:47:10: [SM]   [2] Line 36, C:\Users\Moises\Downloads\Compressed\sourcemod-1.11.0-git6968-windows\addons\sourcemod\scripting\ÒankrunFixhealth.sp::Timer_PeriodicCheck
L 12/23/2025 - 15:47:17: [SM] Exception reported: Language phrase "Please wait to be revived or rescued" not found (arg 6)
L 12/23/2025 - 15:47:17: [SM] Blaming: l4dmultislots.smx
L 12/23/2025 - 15:47:17: [SM] Call stack trace:
L 12/23/2025 - 15:47:17: [SM]   [0] PrintToChat
L 12/23/2025 - 15:47:17: [SM]   [1] Line 953, d:\Github\Private-Work\L4D2-Êèí‰ª∂\scripting_1.11\l4dmultislots.sp::Timer_SpecCheck
L 12/23/2025 - 15:47:20: [SM] Exception reported: Invalid convar handle 0 (error 4)
L 12/23/2025 - 15:47:20: [SM] Blaming: ÒankrunFixhealth.smx
L 12/23/2025 - 15:47:20: [SM] Call stack trace:
L 12/23/2025 - 15:47:20: [SM]   [0] GetConVarString
L 12/23/2025 - 15:47:20: [SM]   [1] Line 138, C:\Users\Moises\Downloads\Compressed\sourcemod-1.11.0-git6968-windows\addons\sourcemod\scripting\ÒankrunFixhealth.sp::IsTankRunActive
L 12/23/2025 - 15:47:20: [SM]   [2] Line 36, C:\Users\Moises\Downloads\Compressed\sourcemod-1.11.0-git6968-windows\addons\sourcemod\scripting\ÒankrunFixhealth.sp::Timer_PeriodicCheck
L 12/23/2025 - 15:47:30: [SM] Exception reported: Invalid convar handle 0 (error 4)
L 12/23/2025 - 15:47:30: [SM] Blaming: ÒankrunFixhealth.smx
L 12/23/2025 - 15:47:30: [SM] Call stack trace:
L 12/23/2025 - 15:47:30: [SM]   [0] GetConVarString
L 12/23/2025 - 15:47:30: [SM]   [1] Line 138, C:\Users\Moises\Downloads\Compressed\sourcemod-1.11.0-git6968-windows\addons\sourcemod\scripting\ÒankrunFixhealth.sp::IsTankRunActive
L 12/23/2025 - 15:47:30: [SM]   [2] Line 36, C:\Users\Moises\Downloads\Compressed\sourcemod-1.11.0-git6968-windows\addons\sourcemod\scripting\ÒankrunFixhealth.sp::Timer_PeriodicCheck
L 12/23/2025 - 15:47:40: [SM] Exception reported: Invalid convar handle 0 (error 4)
L 12/23/2025 - 15:47:40: [SM] Blaming: ÒankrunFixhealth.smx
L 12/23/2025 - 15:47:40: [SM] Call stack trace:
L 12/23/2025 - 15:47:40: [SM]   [0] GetConVarString
L 12/23/2025 - 15:47:40: [SM]   [1] Line 138, C:\Users\Moises\Downloads\Compressed\sourcemod-1.11.0-git6968-windows\addons\sourcemod\scripting\ÒankrunFixhealth.sp::IsTankRunActive
L 12/23/2025 - 15:47:40: [SM]   [2] Line 36, C:\Users\Moises\Downloads\Compressed\sourcemod-1.11.0-git6968-windows\addons\sourcemod\scripting\ÒankrunFixhealth.sp::Timer_PeriodicCheck
L 12/23/2025 - 15:47:42: [SM] Exception reported: Language phrase "Please wait to be revived or rescued" not found (arg 6)
L 12/23/2025 - 15:47:42: [SM] Blaming: l4dmultislots.smx
L 12/23/2025 - 15:47:42: [SM] Call stack trace:
L 12/23/2025 - 15:47:42: [SM]   [0] PrintToChat
L 12/23/2025 - 15:47:42: [SM]   [1] Line 953, d:\Github\Private-Work\L4D2-Êèí‰ª∂\scripting_1.11\l4dmultislots.sp::Timer_SpecCheck
L 12/23/2025 - 15:47:50: [SM] Exception reported: Invalid convar handle 0 (error 4)
L 12/23/2025 - 15:47:50: [SM] Blaming: ÒankrunFixhealth.smx
L 12/23/2025 - 15:47:50: [SM] Call stack trace:
L 12/23/2025 - 15:47:50: [SM]   [0] GetConVarString
L 12/23/2025 - 15:47:50: [SM]   [1] Line 138, C:\Users\Moises\Downloads\Compressed\sourcemod-1.11.0-git6968-windows\addons\sourcemod\scripting\ÒankrunFixhealth.sp::IsTankRunActive
L 12/23/2025 - 15:47:50: [SM]   [2] Line 36, C:\Users\Moises\Downloads\Compressed\sourcemod-1.11.0-git6968-windows\addons\sourcemod\scripting\ÒankrunFixhealth.sp::Timer_PeriodicCheck
L 12/23/2025 - 15:47:55: [SM] Exception reported: Invalid convar handle 0 (error 4)
L 12/23/2025 - 15:47:55: [SM] Blaming: ÒankrunFixhealth.smx
L 12/23/2025 - 15:47:55: [SM] Call stack trace:
L 12/23/2025 - 15:47:55: [SM]   [0] GetConVarString
L 12/23/2025 - 15:47:55: [SM]   [1] Line 138, C:\Users\Moises\Downloads\Compressed\sourcemod-1.11.0-git6968-windows\addons\sourcemod\scripting\ÒankrunFixhealth.sp::IsTankRunActive
L 12/23/2025 - 15:47:55: [SM]   [2] Line 79, C:\Users\Moises\Downloads\Compressed\sourcemod-1.11.0-git6968-windows\addons\sourcemod\scripting\ÒankrunFixhealth.sp::Event_PlayerDeath
L 12/23/2025 - 15:48:00: [SM] Exception reported: Invalid convar handle 0 (error 4)
L 12/23/2025 - 15:48:00: [SM] Blaming: ÒankrunFixhealth.smx
L 12/23/2025 - 15:48:00: [SM] Call stack trace:
L 12/23/2025 - 15:48:00: [SM]   [0] GetConVarString
L 12/23/2025 - 15:48:00: [SM]   [1] Line 138, C:\Users\Moises\Downloads\Compressed\sourcemod-1.11.0-git6968-windows\addons\sourcemod\scripting\ÒankrunFixhealth.sp::IsTankRunActive
L 12/23/2025 - 15:48:00: [SM]   [2] Line 36, C:\Users\Moises\Downloads\Compressed\sourcemod-1.11.0-git6968-windows\addons\sourcemod\scripting\ÒankrunFixhealth.sp::Timer_PeriodicCheck
L 12/23/2025 - 15:48:10: [SM] Exception reported: Invalid convar handle 0 (error 4)
L 12/23/2025 - 15:48:10: [SM] Blaming: ÒankrunFixhealth.smx
L 12/23/2025 - 15:48:10: [SM] Call stack trace:
L 12/23/2025 - 15:48:10: [SM]   [0] GetConVarString
L 12/23/2025 - 15:48:10: [SM]   [1] Line 138, C:\Users\Moises\Downloads\Compressed\sourcemod-1.11.0-git6968-windows\addons\sourcemod\scripting\ÒankrunFixhealth.sp::IsTankRunActive
L 12/23/2025 - 15:48:10: [SM]   [2] Line 36, C:\Users\Moises\Downloads\Compressed\sourcemod-1.11.0-git6968-windows\addons\sourcemod\scripting\ÒankrunFixhealth.sp::Timer_PeriodicCheck
L 12/23/2025 - 15:48:20: [SM] Exception reported: Invalid convar handle 0 (error 4)
L 12/23/2025 - 15:48:20: [SM] Blaming: ÒankrunFixhealth.smx
L 12/23/2025 - 15:48:20: [SM] Call stack trace:
L 12/23/2025 - 15:48:20: [SM]   [0] GetConVarString
L 12/23/2025 - 15:48:20: [SM]   [1] Line 138, C:\Users\Moises\Downloads\Compressed\sourcemod-1.11.0-git6968-windows\addons\sourcemod\scripting\ÒankrunFixhealth.sp::IsTankRunActive
L 12/23/2025 - 15:48:20: [SM]   [2] Line 79, C:\Users\Moises\Downloads\Compressed\sourcemod-1.11.0-git6968-windows\addons\sourcemod\scripting\ÒankrunFixhealth.sp::Event_PlayerDeath
L 12/23/2025 - 15:48:20: [SM] Exception reported: Invalid convar handle 0 (error 4)
L 12/23/2025 - 15:48:20: [SM] Blaming: ÒankrunFixhealth.smx
L 12/23/2025 - 15:48:20: [SM] Call stack trace:
L 12/23/2025 - 15:48:20: [SM]   [0] GetConVarString
L 12/23/2025 - 15:48:20: [SM]   [1] Line 138, C:\Users\Moises\Downloads\Compressed\sourcemod-1.11.0-git6968-windows\addons\sourcemod\scripting\ÒankrunFixhealth.sp::IsTankRunActive
L 12/23/2025 - 15:48:20: [SM]   [2] Line 36, C:\Users\Moises\Downloads\Compressed\sourcemod-1.11.0-git6968-windows\addons\sourcemod\scripting\ÒankrunFixhealth.sp::Timer_PeriodicCheck
L 12/23/2025 - 15:48:30: [SM] Exception reported: Invalid convar handle 0 (error 4)
L 12/23/2025 - 15:48:30: [SM] Blaming: ÒankrunFixhealth.smx
L 12/23/2025 - 15:48:30: [SM] Call stack trace:
L 12/23/2025 - 15:48:30: [SM]   [0] GetConVarString
L 12/23/2025 - 15:48:30: [SM]   [1] Line 138, C:\Users\Moises\Downloads\Compressed\sourcemod-1.11.0-git6968-windows\addons\sourcemod\scripting\ÒankrunFixhealth.sp::IsTankRunActive
L 12/23/2025 - 15:48:30: [SM]   [2] Line 36, C:\Users\Moises\Downloads\Compressed\sourcemod-1.11.0-git6968-windows\addons\sourcemod\scripting\ÒankrunFixhealth.sp::Timer_PeriodicCheck
L 12/23/2025 - 15:48:39: [SM] Exception reported: Invalid convar handle 0 (error 4)
L 12/23/2025 - 15:48:39: [SM] Blaming: ÒankrunFixhealth.smx
L 12/23/2025 - 15:48:39: [SM] Call stack trace:
L 12/23/2025 - 15:48:39: [SM]   [0] GetConVarString
L 12/23/2025 - 15:48:39: [SM]   [1] Line 138, C:\Users\Moises\Downloads\Compressed\sourcemod-1.11.0-git6968-windows\addons\sourcemod\scripting\ÒankrunFixhealth.sp::IsTankRunActive
L 12/23/2025 - 15:48:39: [SM]   [2] Line 79, C:\Users\Moises\Downloads\Compressed\sourcemod-1.11.0-git6968-windows\addons\sourcemod\scripting\ÒankrunFixhealth.sp::Event_PlayerDeath
L 12/23/2025 - 15:48:40: [SM] Exception reported: Invalid convar handle 0 (error 4)
L 12/23/2025 - 15:48:40: [SM] Blaming: ÒankrunFixhealth.smx
L 12/23/2025 - 15:48:40: [SM] Call stack trace:
L 12/23/2025 - 15:48:40: [SM]   [0] GetConVarString
L 12/23/2025 - 15:48:40: [SM]   [1] Line 138, C:\Users\Moises\Downloads\Compressed\sourcemod-1.11.0-git6968-windows\addons\sourcemod\scripting\ÒankrunFixhealth.sp::IsTankRunActive
L 12/23/2025 - 15:48:40: [SM]   [2] Line 36, C:\Users\Moises\Downloads\Compressed\sourcemod-1.11.0-git6968-windows\addons\sourcemod\scripting\ÒankrunFixhealth.sp::Timer_PeriodicCheck
L 12/23/2025 - 15:48:50: [SM] Exception reported: Invalid convar handle 0 (error 4)
L 12/23/2025 - 15:48:50: [SM] Blaming: ÒankrunFixhealth.smx
L 12/23/2025 - 15:48:50: [SM] Call stack trace:
L 12/23/2025 - 15:48:50: [SM]   [0] GetConVarString
L 12/23/2025 - 15:48:50: [SM]   [1] Line 138, C:\Users\Moises\Downloads\Compressed\sourcemod-1.11.0-git6968-windows\addons\sourcemod\scripting\ÒankrunFixhealth.sp::IsTankRunActive
L 12/23/2025 - 15:48:50: [SM]   [2] Line 36, C:\Users\Moises\Downloads\Compressed\sourcemod-1.11.0-git6968-windows\addons\sourcemod\scripting\ÒankrunFixhealth.sp::Timer_PeriodicCheck
L 12/23/2025 - 15:49:00: [SM] Exception reported: Invalid convar handle 0 (error 4)
L 12/23/2025 - 15:49:00: [SM] Blaming: ÒankrunFixhealth.smx
L 12/23/2025 - 15:49:00: [SM] Call stack trace:
L 12/23/2025 - 15:49:00: [SM]   [0] GetConVarString
L 12/23/2025 - 15:49:00: [SM]   [1] Line 138, C:\Users\Moises\Downloads\Compressed\sourcemod-1.11.0-git6968-windows\addons\sourcemod\scripting\ÒankrunFixhealth.sp::IsTankRunActive
L 12/23/2025 - 15:49:00: [SM]   [2] Line 36, C:\Users\Moises\Downloads\Compressed\sourcemod-1.11.0-git6968-windows\addons\sourcemod\scripting\ÒankrunFixhealth.sp::Timer_PeriodicCheck
L 12/23/2025 - 15:49:10: [SM] Exception reported: Invalid convar handle 0 (error 4)
L 12/23/2025 - 15:49:10: [SM] Blaming: ÒankrunFixhealth.smx
L 12/23/2025 - 15:49:10: [SM] Call stack trace:
L 12/23/2025 - 15:49:10: [SM]   [0] GetConVarString
L 12/23/2025 - 15:49:10: [SM]   [1] Line 138, C:\Users\Moises\Downloads\Compressed\sourcemod-1.11.0-git6968-windows\addons\sourcemod\scripting\ÒankrunFixhealth.sp::IsTankRunActive
L 12/23/2025 - 15:49:10: [SM]   [2] Line 36, C:\Users\Moises\Downloads\Compressed\sourcemod-1.11.0-git6968-windows\addons\sourcemod\scripting\ÒankrunFixhealth.sp::Timer_PeriodicCheck
L 12/23/2025 - 15:49:20: [SM] Exception reported: Invalid convar handle 0 (error 4)
L 12/23/2025 - 15:49:20: [SM] Blaming: ÒankrunFixhealth.smx
L 12/23/2025 - 15:49:20: [SM] Call stack trace:
L 12/23/2025 - 15:49:20: [SM]   [0] GetConVarString
L 12/23/2025 - 15:49:20: [SM]   [1] Line 138, C:\Users\Moises\Downloads\Compressed\sourcemod-1.11.0-git6968-windows\addons\sourcemod\scripting\ÒankrunFixhealth.sp::IsTankRunActive
L 12/23/2025 - 15:49:20: [SM]   [2] Line 36, C:\Users\Moises\Downloads\Compressed\sourcemod-1.11.0-git6968-windows\addons\sourcemod\scripting\ÒankrunFixhealth.sp::Timer_PeriodicCheck
L 12/23/2025 - 15:49:22: [SM] Exception reported: Invalid convar handle 0 (error 4)
L 12/23/2025 - 15:49:22: [SM] Blaming: ÒankrunFixhealth.smx
L 12/23/2025 - 15:49:22: [SM] Call stack trace:
L 12/23/2025 - 15:49:22: [SM]   [0] GetConVarString
L 12/23/2025 - 15:49:22: [SM]   [1] Line 138, C:\Users\Moises\Downloads\Compressed\sourcemod-1.11.0-git6968-windows\addons\sourcemod\scripting\ÒankrunFixhealth.sp::IsTankRunActive
L 12/23/2025 - 15:49:22: [SM]   [2] Line 79, C:\Users\Moises\Downloads\Compressed\sourcemod-1.11.0-git6968-windows\addons\sourcemod\scripting\ÒankrunFixhealth.sp::Event_PlayerDeath
L 12/23/2025 - 15:49:22: [SM] Exception reported: Language phrase "Please wait to be revived or rescued" not found (arg 6)
L 12/23/2025 - 15:49:22: [SM] Blaming: l4dmultislots.smx
L 12/23/2025 - 15:49:22: [SM] Call stack trace:
L 12/23/2025 - 15:49:22: [SM]   [0] PrintToChat
L 12/23/2025 - 15:49:22: [SM]   [1] Line 953, d:\Github\Private-Work\L4D2-Êèí‰ª∂\scripting_1.11\l4dmultislots.sp::Timer_SpecCheck
L 12/23/2025 - 15:49:30: [SM] Exception reported: Invalid convar handle 0 (error 4)
L 12/23/2025 - 15:49:30: [SM] Blaming: ÒankrunFixhealth.smx
L 12/23/2025 - 15:49:30: [SM] Call stack trace:
L 12/23/2025 - 15:49:30: [SM]   [0] GetConVarString
L 12/23/2025 - 15:49:30: [SM]   [1] Line 138, C:\Users\Moises\Downloads\Compressed\sourcemod-1.11.0-git6968-windows\addons\sourcemod\scripting\ÒankrunFixhealth.sp::IsTankRunActive
L 12/23/2025 - 15:49:30: [SM]   [2] Line 36, C:\Users\Moises\Downloads\Compressed\sourcemod-1.11.0-git6968-windows\addons\sourcemod\scripting\ÒankrunFixhealth.sp::Timer_PeriodicCheck
L 12/23/2025 - 15:49:34: [SM] Exception reported: Invalid convar handle 0 (error 4)
L 12/23/2025 - 15:49:34: [SM] Blaming: ÒankrunFixhealth.smx
L 12/23/2025 - 15:49:34: [SM] Call stack trace:
L 12/23/2025 - 15:49:34: [SM]   [0] GetConVarString
L 12/23/2025 - 15:49:34: [SM]   [1] Line 138, C:\Users\Moises\Downloads\Compressed\sourcemod-1.11.0-git6968-windows\addons\sourcemod\scripting\ÒankrunFixhealth.sp::IsTankRunActive
L 12/23/2025 - 15:49:34: [SM]   [2] Line 79, C:\Users\Moises\Downloads\Compressed\sourcemod-1.11.0-git6968-windows\addons\sourcemod\scripting\ÒankrunFixhealth.sp::Event_PlayerDeath
L 12/23/2025 - 15:49:40: [SM] Exception reported: Invalid convar handle 0 (error 4)
L 12/23/2025 - 15:49:40: [SM] Blaming: ÒankrunFixhealth.smx
L 12/23/2025 - 15:49:40: [SM] Call stack trace:
L 12/23/2025 - 15:49:40: [SM]   [0] GetConVarString
L 12/23/2025 - 15:49:40: [SM]   [1] Line 138, C:\Users\Moises\Downloads\Compressed\sourcemod-1.11.0-git6968-windows\addons\sourcemod\scripting\ÒankrunFixhealth.sp::IsTankRunActive
L 12/23/2025 - 15:49:40: [SM]   [2] Line 36, C:\Users\Moises\Downloads\Compressed\sourcemod-1.11.0-git6968-windows\addons\sourcemod\scripting\ÒankrunFixhealth.sp::Timer_PeriodicCheck
L 12/23/2025 - 15:49:47: [SM] Exception reported: Language phrase "Please wait to be revived or rescued" not found (arg 6)
L 12/23/2025 - 15:49:47: [SM] Blaming: l4dmultislots.smx
L 12/23/2025 - 15:49:47: [SM] Call stack trace:
L 12/23/2025 - 15:49:47: [SM]   [0] PrintToChat
L 12/23/2025 - 15:49:47: [SM]   [1] Line 953, d:\Github\Private-Work\L4D2-Êèí‰ª∂\scripting_1.11\l4dmultislots.sp::Timer_SpecCheck
L 12/23/2025 - 15:49:50: [SM] Exception reported: Invalid convar handle 0 (error 4)
L 12/23/2025 - 15:49:50: [SM] Blaming: ÒankrunFixhealth.smx
L 12/23/2025 - 15:49:50: [SM] Call stack trace:
L 12/23/2025 - 15:49:50: [SM]   [0] GetConVarString
L 12/23/2025 - 15:49:50: [SM]   [1] Line 138, C:\Users\Moises\Downloads\Compressed\sourcemod-1.11.0-git6968-windows\addons\sourcemod\scripting\ÒankrunFixhealth.sp::IsTankRunActive
L 12/23/2025 - 15:49:50: [SM]   [2] Line 36, C:\Users\Moises\Downloads\Compressed\sourcemod-1.11.0-git6968-windows\addons\sourcemod\scripting\ÒankrunFixhealth.sp::Timer_PeriodicCheck
L 12/23/2025 - 15:50:00: [SM] Exception reported: Invalid convar handle 0 (error 4)
L 12/23/2025 - 15:50:00: [SM] Blaming: ÒankrunFixhealth.smx
L 12/23/2025 - 15:50:00: [SM] Call stack trace:
L 12/23/2025 - 15:50:00: [SM]   [0] GetConVarString
L 12/23/2025 - 15:50:00: [SM]   [1] Line 138, C:\Users\Moises\Downloads\Compressed\sourcemod-1.11.0-git6968-windows\addons\sourcemod\scripting\ÒankrunFixhealth.sp::IsTankRunActive
L 12/23/2025 - 15:50:00: [SM]   [2] Line 36, C:\Users\Moises\Downloads\Compressed\sourcemod-1.11.0-git6968-windows\addons\sourcemod\scripting\ÒankrunFixhealth.sp::Timer_PeriodicCheck
L 12/23/2025 - 15:50:04: [SM] Exception reported: Invalid convar handle 0 (error 4)
L 12/23/2025 - 15:50:04: [SM] Blaming: ÒankrunFixhealth.smx
L 12/23/2025 - 15:50:04: [SM] Call stack trace:
L 12/23/2025 - 15:50:04: [SM]   [0] GetConVarString
L 12/23/2025 - 15:50:04: [SM]   [1] Line 138, C:\Users\Moises\Downloads\Compressed\sourcemod-1.11.0-git6968-windows\addons\sourcemod\scripting\ÒankrunFixhealth.sp::IsTankRunActive
L 12/23/2025 - 15:50:04: [SM]   [2] Line 79, C:\Users\Moises\Downloads\Compressed\sourcemod-1.11.0-git6968-windows\addons\sourcemod\scripting\ÒankrunFixhealth.sp::Event_PlayerDeath
L 12/23/2025 - 15:50:10: [SM] Exception reported: Invalid convar handle 0 (error 4)
L 12/23/2025 - 15:50:10: [SM] Blaming: ÒankrunFixhealth.smx
L 12/23/2025 - 15:50:10: [SM] Call stack trace:
L 12/23/2025 - 15:50:10: [SM]   [0] GetConVarString
L 12/23/2025 - 15:50:10: [SM]   [1] Line 138, C:\Users\Moises\Downloads\Compressed\sourcemod-1.11.0-git6968-windows\addons\sourcemod\scripting\ÒankrunFixhealth.sp::IsTankRunActive
L 12/23/2025 - 15:50:10: [SM]   [2] Line 36, C:\Users\Moises\Downloads\Compressed\sourcemod-1.11.0-git6968-windows\addons\sourcemod\scripting\ÒankrunFixhealth.sp::Timer_PeriodicCheck
L 12/23/2025 - 15:50:12: [SM] Exception reported: Language phrase "Please wait to be revived or rescued" not found (arg 6)
L 12/23/2025 - 15:50:12: [SM] Blaming: l4dmultislots.smx
L 12/23/2025 - 15:50:12: [SM] Call stack trace:
L 12/23/2025 - 15:50:12: [SM]   [0] PrintToChat
L 12/23/2025 - 15:50:12: [SM]   [1] Line 953, d:\Github\Private-Work\L4D2-Êèí‰ª∂\scripting_1.11\l4dmultislots.sp::Timer_SpecCheck
L 12/23/2025 - 15:50:16: [SM] Exception reported: Invalid convar handle 0 (error 4)
L 12/23/2025 - 15:50:16: [SM] Blaming: ÒankrunFixhealth.smx
L 12/23/2025 - 15:50:16: [SM] Call stack trace:
L 12/23/2025 - 15:50:16: [SM]   [0] GetConVarString
L 12/23/2025 - 15:50:16: [SM]   [1] Line 138, C:\Users\Moises\Downloads\Compressed\sourcemod-1.11.0-git6968-windows\addons\sourcemod\scripting\ÒankrunFixhealth.sp::IsTankRunActive
L 12/23/2025 - 15:50:16: [SM]   [2] Line 79, C:\Users\Moises\Downloads\Compressed\sourcemod-1.11.0-git6968-windows\addons\sourcemod\scripting\ÒankrunFixhealth.sp::Event_PlayerDeath
L 12/23/2025 - 15:50:20: [SM] Exception reported: Invalid convar handle 0 (error 4)
L 12/23/2025 - 15:50:20: [SM] Blaming: ÒankrunFixhealth.smx
L 12/23/2025 - 15:50:20: [SM] Call stack trace:
L 12/23/2025 - 15:50:20: [SM]   [0] GetConVarString
L 12/23/2025 - 15:50:20: [SM]   [1] Line 138, C:\Users\Moises\Downloads\Compressed\sourcemod-1.11.0-git6968-windows\addons\sourcemod\scripting\ÒankrunFixhealth.sp::IsTankRunActive
L 12/23/2025 - 15:50:20: [SM]   [2] Line 36, C:\Users\Moises\Downloads\Compressed\sourcemod-1.11.0-git6968-windows\addons\sourcemod\scripting\ÒankrunFixhealth.sp::Timer_PeriodicCheck
L 12/23/2025 - 15:50:21: [SM] Exception reported: Invalid convar handle 0 (error 4)
L 12/23/2025 - 15:50:21: [SM] Blaming: ÒankrunFixhealth.smx
L 12/23/2025 - 15:50:21: [SM] Call stack trace:
L 12/23/2025 - 15:50:21: [SM]   [0] GetConVarString
L 12/23/2025 - 15:50:21: [SM]   [1] Line 138, C:\Users\Moises\Downloads\Compressed\sourcemod-1.11.0-git6968-windows\addons\sourcemod\scripting\ÒankrunFixhealth.sp::IsTankRunActive
L 12/23/2025 - 15:50:21: [SM]   [2] Line 79, C:\Users\Moises\Downloads\Compressed\sourcemod-1.11.0-git6968-windows\addons\sourcemod\scripting\ÒankrunFixhealth.sp::Event_PlayerDeath
L 12/23/2025 - 15:50:23: [SM] Exception reported: Invalid timer handle c51004a8 (error 1)
L 12/23/2025 - 15:50:23: [SM] Blaming: l4d2_playerjoining_v2.smx
L 12/23/2025 - 15:50:23: [SM] Call stack trace:
L 12/23/2025 - 15:50:23: [SM]   [0] KillTimer
L 12/23/2025 - 15:50:23: [SM]   [1] Line 53, C:\Users\Moises\Downloads\Compressed\sourcemod-1.11.0-git6968-windows\addons\sourcemod\scripting\l4d2_playerjoining_v2.sp::OnClientDisconnect
L 12/23/2025 - 15:50:28: [SM] Exception reported: Invalid timer handle a7700479 (error 3)
L 12/23/2025 - 15:50:28: [SM] Blaming: l4d2_playerjoining_v2.smx
L 12/23/2025 - 15:50:28: [SM] Call stack trace:
L 12/23/2025 - 15:50:28: [SM]   [0] KillTimer
L 12/23/2025 - 15:50:28: [SM]   [1] Line 53, C:\Users\Moises\Downloads\Compressed\sourcemod-1.11.0-git6968-windows\addons\sourcemod\scripting\l4d2_playerjoining_v2.sp::OnClientDisconnect
L 12/23/2025 - 15:50:29: [SM] Exception reported: Invalid convar handle 0 (error 4)
L 12/23/2025 - 15:50:29: [SM] Blaming: ÒankrunFixhealth.smx
L 12/23/2025 - 15:50:29: [SM] Call stack trace:
L 12/23/2025 - 15:50:29: [SM]   [0] GetConVarString
L 12/23/2025 - 15:50:29: [SM]   [1] Line 138, C:\Users\Moises\Downloads\Compressed\sourcemod-1.11.0-git6968-windows\addons\sourcemod\scripting\ÒankrunFixhealth.sp::IsTankRunActive
L 12/23/2025 - 15:50:29: [SM]   [2] Line 79, C:\Users\Moises\Downloads\Compressed\sourcemod-1.11.0-git6968-windows\addons\sourcemod\scripting\ÒankrunFixhealth.sp::Event_PlayerDeath
L 12/23/2025 - 15:50:30: [SM] Exception reported: Invalid convar handle 0 (error 4)
L 12/23/2025 - 15:50:30: [SM] Blaming: ÒankrunFixhealth.smx
L 12/23/2025 - 15:50:30: [SM] Call stack trace:
L 12/23/2025 - 15:50:30: [SM]   [0] GetConVarString
L 12/23/2025 - 15:50:30: [SM]   [1] Line 138, C:\Users\Moises\Downloads\Compressed\sourcemod-1.11.0-git6968-windows\addons\sourcemod\scripting\ÒankrunFixhealth.sp::IsTankRunActive
L 12/23/2025 - 15:50:30: [SM]   [2] Line 79, C:\Users\Moises\Downloads\Compressed\sourcemod-1.11.0-git6968-windows\addons\sourcemod\scripting\ÒankrunFixhealth.sp::Event_PlayerDeath
L 12/23/2025 - 15:50:30: [SM] Exception reported: Invalid convar handle 0 (error 4)
L 12/23/2025 - 15:50:30: [SM] Blaming: ÒankrunFixhealth.smx
L 12/23/2025 - 15:50:30: [SM] Call stack trace:
L 12/23/2025 - 15:50:30: [SM]   [0] GetConVarString
L 12/23/2025 - 15:50:30: [SM]   [1] Line 138, C:\Users\Moises\Downloads\Compressed\sourcemod-1.11.0-git6968-windows\addons\sourcemod\scripting\ÒankrunFixhealth.sp::IsTankRunActive
L 12/23/2025 - 15:50:30: [SM]   [2] Line 36, C:\Users\Moises\Downloads\Compressed\sourcemod-1.11.0-git6968-windows\addons\sourcemod\scripting\ÒankrunFixhealth.sp::Timer_PeriodicCheck
L 12/23/2025 - 15:50:36: [SM] Exception reported: Invalid convar handle 0 (error 4)
L 12/23/2025 - 15:50:36: [SM] Blaming: ÒankrunFixhealth.smx
L 12/23/2025 - 15:50:36: [SM] Call stack trace:
L 12/23/2025 - 15:50:36: [SM]   [0] GetConVarString
L 12/23/2025 - 15:50:36: [SM]   [1] Line 138, C:\Users\Moises\Downloads\Compressed\sourcemod-1.11.0-git6968-windows\addons\sourcemod\scripting\ÒankrunFixhealth.sp::IsTankRunActive
L 12/23/2025 - 15:50:36: [SM]   [2] Line 79, C:\Users\Moises\Downloads\Compressed\sourcemod-1.11.0-git6968-windows\addons\sourcemod\scripting\ÒankrunFixhealth.sp::Event_PlayerDeath
L 12/23/2025 - 15:50:36: [SM] Exception reported: Invalid convar handle 0 (error 4)
L 12/23/2025 - 15:50:36: [SM] Blaming: ÒankrunFixhealth.smx
L 12/23/2025 - 15:50:36: [SM] Call stack trace:
L 12/23/2025 - 15:50:36: [SM]   [0] GetConVarString
L 12/23/2025 - 15:50:36: [SM]   [1] Line 138, C:\Users\Moises\Downloads\Compressed\sourcemod-1.11.0-git6968-windows\addons\sourcemod\scripting\ÒankrunFixhealth.sp::IsTankRunActive
L 12/23/2025 - 15:50:36: [SM]   [2] Line 71, C:\Users\Moises\Downloads\Compressed\sourcemod-1.11.0-git6968-windows\addons\sourcemod\scripting\ÒankrunFixhealth.sp::Event_MapTransition
L 12/23/2025 - 15:50:36: [SM] Exception reported: Invalid convar handle 0 (error 4)
L 12/23/2025 - 15:50:36: [SM] Blaming: ÒankrunFixhealth.smx
L 12/23/2025 - 15:50:36: [SM] Call stack trace:
L 12/23/2025 - 15:50:36: [SM]   [0] GetConVarString
L 12/23/2025 - 15:50:36: [SM]   [1] Line 138, C:\Users\Moises\Downloads\Compressed\sourcemod-1.11.0-git6968-windows\addons\sourcemod\scripting\ÒankrunFixhealth.sp::IsTankRunActive
L 12/23/2025 - 15:50:36: [SM]   [2] Line 79, C:\Users\Moises\Downloads\Compressed\sourcemod-1.11.0-git6968-windows\addons\sourcemod\scripting\ÒankrunFixhealth.sp::Event_PlayerDeath
L 12/23/2025 - 15:50:36: [SM] Exception reported: Invalid convar handle 0 (error 4)
L 12/23/2025 - 15:50:36: [SM] Blaming: ÒankrunFixhealth.smx
L 12/23/2025 - 15:50:36: [SM] Call stack trace:
L 12/23/2025 - 15:50:36: [SM]   [0] GetConVarString
L 12/23/2025 - 15:50:36: [SM]   [1] Line 138, C:\Users\Moises\Downloads\Compressed\sourcemod-1.11.0-git6968-windows\addons\sourcemod\scripting\ÒankrunFixhealth.sp::IsTankRunActive
L 12/23/2025 - 15:50:36: [SM]   [2] Line 79, C:\Users\Moises\Downloads\Compressed\sourcemod-1.11.0-git6968-windows\addons\sourcemod\scripting\ÒankrunFixhealth.sp::Event_PlayerDeath
L 12/23/2025 - 15:50:40: [SM] Exception reported: Invalid convar handle 0 (error 4)
L 12/23/2025 - 15:50:40: [SM] Blaming: ÒankrunFixhealth.smx
L 12/23/2025 - 15:50:40: [SM] Call stack trace:
L 12/23/2025 - 15:50:40: [SM]   [0] GetConVarString
L 12/23/2025 - 15:50:40: [SM]   [1] Line 138, C:\Users\Moises\Downloads\Compressed\sourcemod-1.11.0-git6968-windows\addons\sourcemod\scripting\ÒankrunFixhealth.sp::IsTankRunActive
L 12/23/2025 - 15:50:40: [SM]   [2] Line 36, C:\Users\Moises\Downloads\Compressed\sourcemod-1.11.0-git6968-windows\addons\sourcemod\scripting\ÒankrunFixhealth.sp::Timer_PeriodicCheck
L 12/23/2025 - 15:50:44: [SM] Exception reported: Invalid timer handle dab00469 (error 3)
L 12/23/2025 - 15:50:44: [SM] Blaming: l4d2_playerjoining_v2.smx
L 12/23/2025 - 15:50:44: [SM] Call stack trace:
L 12/23/2025 - 15:50:44: [SM]   [0] KillTimer
L 12/23/2025 - 15:50:44: [SM]   [1] Line 53, C:\Users\Moises\Downloads\Compressed\sourcemod-1.11.0-git6968-windows\addons\sourcemod\scripting\l4d2_playerjoining_v2.sp::OnClientDisconnect
L 12/23/2025 - 15:50:46: Error log file session closed.
L 12/23/2025 - 15:50:46: SourceMod error session started
L 12/23/2025 - 15:50:46: Info (map "c1m3_mall") (file "d:\steamlibrary\steamapps\common\left 4 dead 2\left4dead2\addons\sourcemod\logs\errors_20251223.log")
L 12/23/2025 - 15:50:46: [SM] Fatal error encountered parsing translation file "l4d_nth.phrases.txt"
L 12/23/2025 - 15:50:46: [SM] Error (line 0, column 0): Stream failed to open
L 12/23/2025 - 15:50:46: [SM] Fatal error encountered parsing translation file "chargersteering.phrases.txt"
L 12/23/2025 - 15:50:46: [SM] Error (line 0, column 0): Stream failed to open
L 12/23/2025 - 15:50:46: [SM] Fatal error encountered parsing translation file "l4dmultislots.phrases.txt"
L 12/23/2025 - 15:50:46: [SM] Error (line 0, column 0): Stream failed to open
L 12/23/2025 - 15:50:46: [SM] Fatal error encountered parsing translation file "lilac.phrases.txt"
L 12/23/2025 - 15:50:46: [SM] Error (line 0, column 0): Stream failed to open
L 12/23/2025 - 15:50:48: [SM] Exception reported: Invalid convar handle 0 (error 4)
L 12/23/2025 - 15:50:48: [SM] Blaming: ÒankrunFixhealth.smx
L 12/23/2025 - 15:50:48: [SM] Call stack trace:
L 12/23/2025 - 15:50:48: [SM]   [0] GetConVarString
L 12/23/2025 - 15:50:48: [SM]   [1] Line 138, C:\Users\Moises\Downloads\Compressed\sourcemod-1.11.0-git6968-windows\addons\sourcemod\scripting\ÒankrunFixhealth.sp::IsTankRunActive
L 12/23/2025 - 15:50:48: [SM]   [2] Line 54, C:\Users\Moises\Downloads\Compressed\sourcemod-1.11.0-git6968-windows\addons\sourcemod\scripting\ÒankrunFixhealth.sp::Event_RoundStart
L 12/23/2025 - 15:50:49: [l4d2_publicity.smx] [Publicity] No se encontraron mensajes en el archivo de configuraci√≥n
L 12/23/2025 - 15:50:56: [SM] Exception reported: Invalid convar handle 0 (error 4)
L 12/23/2025 - 15:50:56: [SM] Blaming: ÒankrunFixhealth.smx
L 12/23/2025 - 15:50:56: [SM] Call stack trace:
L 12/23/2025 - 15:50:56: [SM]   [0] GetConVarString
L 12/23/2025 - 15:50:56: [SM]   [1] Line 138, C:\Users\Moises\Downloads\Compressed\sourcemod-1.11.0-git6968-windows\addons\sourcemod\scripting\ÒankrunFixhealth.sp::IsTankRunActive
L 12/23/2025 - 15:50:56: [SM]   [2] Line 36, C:\Users\Moises\Downloads\Compressed\sourcemod-1.11.0-git6968-windows\addons\sourcemod\scripting\ÒankrunFixhealth.sp::Timer_PeriodicCheck
L 12/23/2025 - 15:51:06: [SM] Exception reported: Invalid convar handle 0 (error 4)
L 12/23/2025 - 15:51:06: [SM] Blaming: ÒankrunFixhealth.smx
L 12/23/2025 - 15:51:06: [SM] Call stack trace:
L 12/23/2025 - 15:51:06: [SM]   [0] GetConVarString
L 12/23/2025 - 15:51:06: [SM]   [1] Line 138, C:\Users\Moises\Downloads\Compressed\sourcemod-1.11.0-git6968-windows\addons\sourcemod\scripting\ÒankrunFixhealth.sp::IsTankRunActive
L 12/23/2025 - 15:51:06: [SM]   [2] Line 36, C:\Users\Moises\Downloads\Compressed\sourcemod-1.11.0-git6968-windows\addons\sourcemod\scripting\ÒankrunFixhealth.sp::Timer_PeriodicCheck
L 12/23/2025 - 15:51:19: [SM] Exception reported: Invalid convar handle 0 (error 4)
L 12/23/2025 - 15:51:19: [SM] Blaming: ÒankrunFixhealth.smx
L 12/23/2025 - 15:51:19: [SM] Call stack trace:
L 12/23/2025 - 15:51:19: [SM]   [0] GetConVarString
L 12/23/2025 - 15:51:19: [SM]   [1] Line 138, C:\Users\Moises\Downloads\Compressed\sourcemod-1.11.0-git6968-windows\addons\sourcemod\scripting\ÒankrunFixhealth.sp::IsTankRunActive
L 12/23/2025 - 15:51:19: [SM]   [2] Line 36, C:\Users\Moises\Downloads\Compressed\sourcemod-1.11.0-git6968-windows\addons\sourcemod\scripting\ÒankrunFixhealth.sp::Timer_PeriodicCheck
L 12/23/2025 - 15:51:23: [SM] Exception reported: Invalid timer handle c51004a8 (error 1)
L 12/23/2025 - 15:51:23: [SM] Blaming: l4d2_playerjoining_v2.smx
L 12/23/2025 - 15:51:23: [SM] Call stack trace:
L 12/23/2025 - 15:51:23: [SM]   [0] KillTimer
L 12/23/2025 - 15:51:23: [SM]   [1] Line 53, C:\Users\Moises\Downloads\Compressed\sourcemod-1.11.0-git6968-windows\addons\sourcemod\scripting\l4d2_playerjoining_v2.sp::OnClientDisconnect
L 12/23/2025 - 15:51:29: [SM] Exception reported: Invalid convar handle 0 (error 4)
L 12/23/2025 - 15:51:29: [SM] Blaming: ÒankrunFixhealth.smx
L 12/23/2025 - 15:51:29: [SM] Call stack trace:
L 12/23/2025 - 15:51:29: [SM]   [0] GetConVarString
L 12/23/2025 - 15:51:29: [SM]   [1] Line 138, C:\Users\Moises\Downloads\Compressed\sourcemod-1.11.0-git6968-windows\addons\sourcemod\scripting\ÒankrunFixhealth.sp::IsTankRunActive
L 12/23/2025 - 15:51:29: [SM]   [2] Line 36, C:\Users\Moises\Downloads\Compressed\sourcemod-1.11.0-git6968-windows\addons\sourcemod\scripting\ÒankrunFixhealth.sp::Timer_PeriodicCheck
L 12/23/2025 - 15:51:39: [SM] Exception reported: Invalid convar handle 0 (error 4)
L 12/23/2025 - 15:51:39: [SM] Blaming: ÒankrunFixhealth.smx
L 12/23/2025 - 15:51:39: [SM] Call stack trace:
L 12/23/2025 - 15:51:39: [SM]   [0] GetConVarString
L 12/23/2025 - 15:51:39: [SM]   [1] Line 138, C:\Users\Moises\Downloads\Compressed\sourcemod-1.11.0-git6968-windows\addons\sourcemod\scripting\ÒankrunFixhealth.sp::IsTankRunActive
L 12/23/2025 - 15:51:39: [SM]   [2] Line 36, C:\Users\Moises\Downloads\Compressed\sourcemod-1.11.0-git6968-windows\addons\sourcemod\scripting\ÒankrunFixhealth.sp::Timer_PeriodicCheck
L 12/23/2025 - 15:51:49: [SM] Exception reported: Invalid convar handle 0 (error 4)
L 12/23/2025 - 15:51:49: [SM] Blaming: ÒankrunFixhealth.smx
L 12/23/2025 - 15:51:49: [SM] Call stack trace:
L 12/23/2025 - 15:51:49: [SM]   [0] GetConVarString
L 12/23/2025 - 15:51:49: [SM]   [1] Line 138, C:\Users\Moises\Downloads\Compressed\sourcemod-1.11.0-git6968-windows\addons\sourcemod\scripting\ÒankrunFixhealth.sp::IsTankRunActive
L 12/23/2025 - 15:51:49: [SM]   [2] Line 36, C:\Users\Moises\Downloads\Compressed\sourcemod-1.11.0-git6968-windows\addons\sourcemod\scripting\ÒankrunFixhealth.sp::Timer_PeriodicCheck
L 12/23/2025 - 15:51:56: [SM] Exception reported: Invalid convar handle 0 (error 4)
L 12/23/2025 - 15:51:56: [SM] Blaming: ÒankrunFixhealth.smx
L 12/23/2025 - 15:51:56: [SM] Call stack trace:
L 12/23/2025 - 15:51:56: [SM]   [0] GetConVarString
L 12/23/2025 - 15:51:56: [SM]   [1] Line 138, C:\Users\Moises\Downloads\Compressed\sourcemod-1.11.0-git6968-windows\addons\sourcemod\scripting\ÒankrunFixhealth.sp::IsTankRunActive
L 12/23/2025 - 15:51:56: [SM]   [2] Line 79, C:\Users\Moises\Downloads\Compressed\sourcemod-1.11.0-git6968-windows\addons\sourcemod\scripting\ÒankrunFixhealth.sp::Event_PlayerDeath
L 12/23/2025 - 15:51:59: [SM] Exception reported: Invalid convar handle 0 (error 4)
L 12/23/2025 - 15:51:59: [SM] Blaming: ÒankrunFixhealth.smx
L 12/23/2025 - 15:51:59: [SM] Call stack trace:
L 12/23/2025 - 15:51:59: [SM]   [0] GetConVarString
L 12/23/2025 - 15:51:59: [SM]   [1] Line 138, C:\Users\Moises\Downloads\Compressed\sourcemod-1.11.0-git6968-windows\addons\sourcemod\scripting\ÒankrunFixhealth.sp::IsTankRunActive
L 12/23/2025 - 15:51:59: [SM]   [2] Line 36, C:\Users\Moises\Downloads\Compressed\sourcemod-1.11.0-git6968-windows\addons\sourcemod\scripting\ÒankrunFixhealth.sp::Timer_PeriodicCheck
L 12/23/2025 - 15:52:09: [SM] Exception reported: Invalid convar handle 0 (error 4)
L 12/23/2025 - 15:52:09: [SM] Blaming: ÒankrunFixhealth.smx
L 12/23/2025 - 15:52:09: [SM] Call stack trace:
L 12/23/2025 - 15:52:09: [SM]   [0] GetConVarString
L 12/23/2025 - 15:52:09: [SM]   [1] Line 138, C:\Users\Moises\Downloads\Compressed\sourcemod-1.11.0-git6968-windows\addons\sourcemod\scripting\ÒankrunFixhealth.sp::IsTankRunActive
L 12/23/2025 - 15:52:09: [SM]   [2] Line 36, C:\Users\Moises\Downloads\Compressed\sourcemod-1.11.0-git6968-windows\addons\sourcemod\scripting\ÒankrunFixhealth.sp::Timer_PeriodicCheck
L 12/23/2025 - 15:52:11: [SM] Exception reported: Language phrase "Please wait to be revived or rescued" not found (arg 6)
L 12/23/2025 - 15:52:11: [SM] Blaming: l4dmultislots.smx
L 12/23/2025 - 15:52:11: [SM] Call stack trace:
L 12/23/2025 - 15:52:11: [SM]   [0] PrintToChat
L 12/23/2025 - 15:52:11: [SM]   [1] Line 953, d:\Github\Private-Work\L4D2-Êèí‰ª∂\scripting_1.11\l4dmultislots.sp::Timer_SpecCheck
L 12/23/2025 - 15:52:19: [SM] Exception reported: Invalid convar handle 0 (error 4)
L 12/23/2025 - 15:52:19: [SM] Blaming: ÒankrunFixhealth.smx
L 12/23/2025 - 15:52:19: [SM] Call stack trace:
L 12/23/2025 - 15:52:19: [SM]   [0] GetConVarString
L 12/23/2025 - 15:52:19: [SM]   [1] Line 138, C:\Users\Moises\Downloads\Compressed\sourcemod-1.11.0-git6968-windows\addons\sourcemod\scripting\ÒankrunFixhealth.sp::IsTankRunActive
L 12/23/2025 - 15:52:19: [SM]   [2] Line 36, C:\Users\Moises\Downloads\Compressed\sourcemod-1.11.0-git6968-windows\addons\sourcemod\scripting\ÒankrunFixhealth.sp::Timer_PeriodicCheck
L 12/23/2025 - 15:52:20: [SM] Exception reported: Invalid convar handle 0 (error 4)
L 12/23/2025 - 15:52:20: [SM] Blaming: ÒankrunFixhealth.smx
L 12/23/2025 - 15:52:20: [SM] Call stack trace:
L 12/23/2025 - 15:52:20: [SM]   [0] GetConVarString
L 12/23/2025 - 15:52:20: [SM]   [1] Line 138, C:\Users\Moises\Downloads\Compressed\sourcemod-1.11.0-git6968-windows\addons\sourcemod\scripting\ÒankrunFixhealth.sp::IsTankRunActive
L 12/23/2025 - 15:52:20: [SM]   [2] Line 79, C:\Users\Moises\Downloads\Compressed\sourcemod-1.11.0-git6968-windows\addons\sourcemod\scripting\ÒankrunFixhealth.sp::Event_PlayerDeath
L 12/23/2025 - 15:52:29: [SM] Exception reported: Invalid convar handle 0 (error 4)
L 12/23/2025 - 15:52:29: [SM] Blaming: ÒankrunFixhealth.smx
L 12/23/2025 - 15:52:29: [SM] Call stack trace:
L 12/23/2025 - 15:52:29: [SM]   [0] GetConVarString
L 12/23/2025 - 15:52:29: [SM]   [1] Line 138, C:\Users\Moises\Downloads\Compressed\sourcemod-1.11.0-git6968-windows\addons\sourcemod\scripting\ÒankrunFixhealth.sp::IsTankRunActive
L 12/23/2025 - 15:52:29: [SM]   [2] Line 36, C:\Users\Moises\Downloads\Compressed\sourcemod-1.11.0-git6968-windows\addons\sourcemod\scripting\ÒankrunFixhealth.sp::Timer_PeriodicCheck
L 12/23/2025 - 15:52:36: [SM] Exception reported: Language phrase "Please wait to be revived or rescued" not found (arg 6)
L 12/23/2025 - 15:52:36: [SM] Blaming: l4dmultislots.smx
L 12/23/2025 - 15:52:36: [SM] Call stack trace:
L 12/23/2025 - 15:52:36: [SM]   [0] PrintToChat
L 12/23/2025 - 15:52:36: [SM]   [1] Line 953, d:\Github\Private-Work\L4D2-Êèí‰ª∂\scripting_1.11\l4dmultislots.sp::Timer_SpecCheck
L 12/23/2025 - 15:52:39: [SM] Exception reported: Invalid convar handle 0 (error 4)
L 12/23/2025 - 15:52:39: [SM] Blaming: ÒankrunFixhealth.smx
L 12/23/2025 - 15:52:39: [SM] Call stack trace:
L 12/23/2025 - 15:52:39: [SM]   [0] GetConVarString
L 12/23/2025 - 15:52:39: [SM]   [1] Line 138, C:\Users\Moises\Downloads\Compressed\sourcemod-1.11.0-git6968-windows\addons\sourcemod\scripting\ÒankrunFixhealth.sp::IsTankRunActive
L 12/23/2025 - 15:52:39: [SM]   [2] Line 36, C:\Users\Moises\Downloads\Compressed\sourcemod-1.11.0-git6968-windows\addons\sourcemod\scripting\ÒankrunFixhealth.sp::Timer_PeriodicCheck
L 12/23/2025 - 15:52:49: [SM] Exception reported: Invalid convar handle 0 (error 4)
L 12/23/2025 - 15:52:49: [SM] Blaming: ÒankrunFixhealth.smx
L 12/23/2025 - 15:52:49: [SM] Call stack trace:
L 12/23/2025 - 15:52:49: [SM]   [0] GetConVarString
L 12/23/2025 - 15:52:49: [SM]   [1] Line 138, C:\Users\Moises\Downloads\Compressed\sourcemod-1.11.0-git6968-windows\addons\sourcemod\scripting\ÒankrunFixhealth.sp::IsTankRunActive
L 12/23/2025 - 15:52:49: [SM]   [2] Line 36, C:\Users\Moises\Downloads\Compressed\sourcemod-1.11.0-git6968-windows\addons\sourcemod\scripting\ÒankrunFixhealth.sp::Timer_PeriodicCheck
L 12/23/2025 - 15:52:55: [SM] Exception reported: Invalid convar handle 0 (error 4)
L 12/23/2025 - 15:52:55: [SM] Blaming: ÒankrunFixhealth.smx
L 12/23/2025 - 15:52:55: [SM] Call stack trace:
L 12/23/2025 - 15:52:55: [SM]   [0] GetConVarString
L 12/23/2025 - 15:52:55: [SM]   [1] Line 138, C:\Users\Moises\Downloads\Compressed\sourcemod-1.11.0-git6968-windows\addons\sourcemod\scripting\ÒankrunFixhealth.sp::IsTankRunActive
L 12/23/2025 - 15:52:55: [SM]   [2] Line 79, C:\Users\Moises\Downloads\Compressed\sourcemod-1.11.0-git6968-windows\addons\sourcemod\scripting\ÒankrunFixhealth.sp::Event_PlayerDeath
L 12/23/2025 - 15:52:59: [SM] Exception reported: Invalid convar handle 0 (error 4)
L 12/23/2025 - 15:52:59: [SM] Blaming: ÒankrunFixhealth.smx
L 12/23/2025 - 15:52:59: [SM] Call stack trace:
L 12/23/2025 - 15:52:59: [SM]   [0] GetConVarString
L 12/23/2025 - 15:52:59: [SM]   [1] Line 138, C:\Users\Moises\Downloads\Compressed\sourcemod-1.11.0-git6968-windows\addons\sourcemod\scripting\ÒankrunFixhealth.sp::IsTankRunActive
L 12/23/2025 - 15:52:59: [SM]   [2] Line 36, C:\Users\Moises\Downloads\Compressed\sourcemod-1.11.0-git6968-windows\addons\sourcemod\scripting\ÒankrunFixhealth.sp::Timer_PeriodicCheck
L 12/23/2025 - 15:53:00: [SM] Exception reported: Invalid timer handle 65d00485 (error 3)
L 12/23/2025 - 15:53:00: [SM] Blaming: l4d2_playerjoining_v2.smx
L 12/23/2025 - 15:53:00: [SM] Call stack trace:
L 12/23/2025 - 15:53:00: [SM]   [0] KillTimer
L 12/23/2025 - 15:53:00: [SM]   [1] Line 53, C:\Users\Moises\Downloads\Compressed\sourcemod-1.11.0-git6968-windows\addons\sourcemod\scripting\l4d2_playerjoining_v2.sp::OnClientDisconnect
L 12/23/2025 - 15:53:01: [SM] Exception reported: Language phrase "Please wait to be revived or rescued" not found (arg 6)
L 12/23/2025 - 15:53:01: [SM] Blaming: l4dmultislots.smx
L 12/23/2025 - 15:53:01: [SM] Call stack trace:
L 12/23/2025 - 15:53:01: [SM]   [0] PrintToChat
L 12/23/2025 - 15:53:01: [SM]   [1] Line 953, d:\Github\Private-Work\L4D2-Êèí‰ª∂\scripting_1.11\l4dmultislots.sp::Timer_SpecCheck
L 12/23/2025 - 15:53:04: [SM] Exception reported: Invalid timer handle 107004a5 (error 1)
L 12/23/2025 - 15:53:04: [SM] Blaming: l4d2_playerjoining_v2.smx
L 12/23/2025 - 15:53:04: [SM] Call stack trace:
L 12/23/2025 - 15:53:04: [SM]   [0] KillTimer
L 12/23/2025 - 15:53:04: [SM]   [1] Line 53, C:\Users\Moises\Downloads\Compressed\sourcemod-1.11.0-git6968-windows\addons\sourcemod\scripting\l4d2_playerjoining_v2.sp::OnClientDisconnect
L 12/23/2025 - 15:53:09: [SM] Exception reported: Invalid convar handle 0 (error 4)
L 12/23/2025 - 15:53:09: [SM] Blaming: ÒankrunFixhealth.smx
L 12/23/2025 - 15:53:09: [SM] Call stack trace:
L 12/23/2025 - 15:53:09: [SM]   [0] GetConVarString
L 12/23/2025 - 15:53:09: [SM]   [1] Line 138, C:\Users\Moises\Downloads\Compressed\sourcemod-1.11.0-git6968-windows\addons\sourcemod\scripting\ÒankrunFixhealth.sp::IsTankRunActive
L 12/23/2025 - 15:53:09: [SM]   [2] Line 36, C:\Users\Moises\Downloads\Compressed\sourcemod-1.11.0-git6968-windows\addons\sourcemod\scripting\ÒankrunFixhealth.sp::Timer_PeriodicCheck
L 12/23/2025 - 15:53:13: [SM] Exception reported: Invalid convar handle 0 (error 4)
L 12/23/2025 - 15:53:13: [SM] Blaming: ÒankrunFixhealth.smx
L 12/23/2025 - 15:53:13: [SM] Call stack trace:
L 12/23/2025 - 15:53:13: [SM]   [0] GetConVarString
L 12/23/2025 - 15:53:13: [SM]   [1] Line 138, C:\Users\Moises\Downloads\Compressed\sourcemod-1.11.0-git6968-windows\addons\sourcemod\scripting\ÒankrunFixhealth.sp::IsTankRunActive
L 12/23/2025 - 15:53:13: [SM]   [2] Line 79, C:\Users\Moises\Downloads\Compressed\sourcemod-1.11.0-git6968-windows\addons\sourcemod\scripting\ÒankrunFixhealth.sp::Event_PlayerDeath
L 12/23/2025 - 15:53:14: [SM] Exception reported: Invalid convar handle 0 (error 4)
L 12/23/2025 - 15:53:14: [SM] Blaming: ÒankrunFixhealth.smx
L 12/23/2025 - 15:53:14: [SM] Call stack trace:
L 12/23/2025 - 15:53:14: [SM]   [0] GetConVarString
L 12/23/2025 - 15:53:14: [SM]   [1] Line 138, C:\Users\Moises\Downloads\Compressed\sourcemod-1.11.0-git6968-windows\addons\sourcemod\scripting\ÒankrunFixhealth.sp::IsTankRunActive
L 12/23/2025 - 15:53:14: [SM]   [2] Line 79, C:\Users\Moises\Downloads\Compressed\sourcemod-1.11.0-git6968-windows\addons\sourcemod\scripting\ÒankrunFixhealth.sp::Event_PlayerDeath
L 12/23/2025 - 15:53:19: [SM] Exception reported: Invalid convar handle 0 (error 4)
L 12/23/2025 - 15:53:19: [SM] Blaming: ÒankrunFixhealth.smx
L 12/23/2025 - 15:53:19: [SM] Call stack trace:
L 12/23/2025 - 15:53:19: [SM]   [0] GetConVarString
L 12/23/2025 - 15:53:19: [SM]   [1] Line 138, C:\Users\Moises\Downloads\Compressed\sourcemod-1.11.0-git6968-windows\addons\sourcemod\scripting\ÒankrunFixhealth.sp::IsTankRunActive
L 12/23/2025 - 15:53:19: [SM]   [2] Line 36, C:\Users\Moises\Downloads\Compressed\sourcemod-1.11.0-git6968-windows\addons\sourcemod\scripting\ÒankrunFixhealth.sp::Timer_PeriodicCheck
L 12/23/2025 - 15:53:20: [SM] Exception reported: Invalid convar handle 0 (error 4)
L 12/23/2025 - 15:53:20: [SM] Blaming: ÒankrunFixhealth.smx
L 12/23/2025 - 15:53:20: [SM] Call stack trace:
L 12/23/2025 - 15:53:20: [SM]   [0] GetConVarString
L 12/23/2025 - 15:53:20: [SM]   [1] Line 138, C:\Users\Moises\Downloads\Compressed\sourcemod-1.11.0-git6968-windows\addons\sourcemod\scripting\ÒankrunFixhealth.sp::IsTankRunActive
L 12/23/2025 - 15:53:20: [SM]   [2] Line 79, C:\Users\Moises\Downloads\Compressed\sourcemod-1.11.0-git6968-windows\addons\sourcemod\scripting\ÒankrunFixhealth.sp::Event_PlayerDeath
L 12/23/2025 - 15:53:23: [SM] Exception reported: Invalid convar handle 0 (error 4)
L 12/23/2025 - 15:53:23: [SM] Blaming: ÒankrunFixhealth.smx
L 12/23/2025 - 15:53:23: [SM] Call stack trace:
L 12/23/2025 - 15:53:23: [SM]   [0] GetConVarString
L 12/23/2025 - 15:53:23: [SM]   [1] Line 138, C:\Users\Moises\Downloads\Compressed\sourcemod-1.11.0-git6968-windows\addons\sourcemod\scripting\ÒankrunFixhealth.sp::IsTankRunActive
L 12/23/2025 - 15:53:23: [SM]   [2] Line 79, C:\Users\Moises\Downloads\Compressed\sourcemod-1.11.0-git6968-windows\addons\sourcemod\scripting\ÒankrunFixhealth.sp::Event_PlayerDeath
L 12/23/2025 - 15:53:26: [SM] Exception reported: Language phrase "Please wait to be revived or rescued" not found (arg 6)
L 12/23/2025 - 15:53:26: [SM] Blaming: l4dmultislots.smx
L 12/23/2025 - 15:53:26: [SM] Call stack trace:
L 12/23/2025 - 15:53:26: [SM]   [0] PrintToChat
L 12/23/2025 - 15:53:26: [SM]   [1] Line 953, d:\Github\Private-Work\L4D2-Êèí‰ª∂\scripting_1.11\l4dmultislots.sp::Timer_SpecCheck
L 12/23/2025 - 15:53:29: [SM] Exception reported: Invalid convar handle 0 (error 4)
L 12/23/2025 - 15:53:29: [SM] Blaming: ÒankrunFixhealth.smx
L 12/23/2025 - 15:53:29: [SM] Call stack trace:
L 12/23/2025 - 15:53:29: [SM]   [0] GetConVarString
L 12/23/2025 - 15:53:29: [SM]   [1] Line 138, C:\Users\Moises\Downloads\Compressed\sourcemod-1.11.0-git6968-windows\addons\sourcemod\scripting\ÒankrunFixhealth.sp::IsTankRunActive
L 12/23/2025 - 15:53:29: [SM]   [2] Line 36, C:\Users\Moises\Downloads\Compressed\sourcemod-1.11.0-git6968-windows\addons\sourcemod\scripting\ÒankrunFixhealth.sp::Timer_PeriodicCheck
L 12/23/2025 - 15:53:39: [SM] Exception reported: Invalid convar handle 0 (error 4)
L 12/23/2025 - 15:53:39: [SM] Blaming: ÒankrunFixhealth.smx
L 12/23/2025 - 15:53:39: [SM] Call stack trace:
L 12/23/2025 - 15:53:39: [SM]   [0] GetConVarString
L 12/23/2025 - 15:53:39: [SM]   [1] Line 138, C:\Users\Moises\Downloads\Compressed\sourcemod-1.11.0-git6968-windows\addons\sourcemod\scripting\ÒankrunFixhealth.sp::IsTankRunActive
L 12/23/2025 - 15:53:39: [SM]   [2] Line 36, C:\Users\Moises\Downloads\Compressed\sourcemod-1.11.0-git6968-windows\addons\sourcemod\scripting\ÒankrunFixhealth.sp::Timer_PeriodicCheck
L 12/23/2025 - 15:53:49: [SM] Exception reported: Invalid convar handle 0 (error 4)
L 12/23/2025 - 15:53:49: [SM] Blaming: ÒankrunFixhealth.smx
L 12/23/2025 - 15:53:49: [SM] Call stack trace:
L 12/23/2025 - 15:53:49: [SM]   [0] GetConVarString
L 12/23/2025 - 15:53:49: [SM]   [1] Line 138, C:\Users\Moises\Downloads\Compressed\sourcemod-1.11.0-git6968-windows\addons\sourcemod\scripting\ÒankrunFixhealth.sp::IsTankRunActive
L 12/23/2025 - 15:53:49: [SM]   [2] Line 36, C:\Users\Moises\Downloads\Compressed\sourcemod-1.11.0-git6968-windows\addons\sourcemod\scripting\ÒankrunFixhealth.sp::Timer_PeriodicCheck
L 12/23/2025 - 15:53:51: [SM] Exception reported: Language phrase "Please wait to be revived or rescued" not found (arg 6)
L 12/23/2025 - 15:53:51: [SM] Blaming: l4dmultislots.smx
L 12/23/2025 - 15:53:51: [SM] Call stack trace:
L 12/23/2025 - 15:53:51: [SM]   [0] PrintToChat
L 12/23/2025 - 15:53:51: [SM]   [1] Line 953, d:\Github\Private-Work\L4D2-Êèí‰ª∂\scripting_1.11\l4dmultislots.sp::Timer_SpecCheck
L 12/23/2025 - 15:53:55: [SM] Exception reported: Invalid convar handle 0 (error 4)
L 12/23/2025 - 15:53:55: [SM] Blaming: ÒankrunFixhealth.smx
L 12/23/2025 - 15:53:55: [SM] Call stack trace:
L 12/23/2025 - 15:53:55: [SM]   [0] GetConVarString
L 12/23/2025 - 15:53:55: [SM]   [1] Line 138, C:\Users\Moises\Downloads\Compressed\sourcemod-1.11.0-git6968-windows\addons\sourcemod\scripting\ÒankrunFixhealth.sp::IsTankRunActive
L 12/23/2025 - 15:53:55: [SM]   [2] Line 79, C:\Users\Moises\Downloads\Compressed\sourcemod-1.11.0-git6968-windows\addons\sourcemod\scripting\ÒankrunFixhealth.sp::Event_PlayerDeath
L 12/23/2025 - 15:53:55: [SM] Exception reported: Invalid convar handle 0 (error 4)
L 12/23/2025 - 15:53:55: [SM] Blaming: ÒankrunFixhealth.smx
L 12/23/2025 - 15:53:55: [SM] Call stack trace:
L 12/23/2025 - 15:53:55: [SM]   [0] GetConVarString
L 12/23/2025 - 15:53:55: [SM]   [1] Line 138, C:\Users\Moises\Downloads\Compressed\sourcemod-1.11.0-git6968-windows\addons\sourcemod\scripting\ÒankrunFixhealth.sp::IsTankRunActive
L 12/23/2025 - 15:53:55: [SM]   [2] Line 91, C:\Users\Moises\Downloads\Compressed\sourcemod-1.11.0-git6968-windows\addons\sourcemod\scripting\ÒankrunFixhealth.sp::Event_MissionLost
L 12/23/2025 - 15:53:59: [SM] Exception reported: Invalid convar handle 0 (error 4)
L 12/23/2025 - 15:53:59: [SM] Blaming: ÒankrunFixhealth.smx
L 12/23/2025 - 15:53:59: [SM] Call stack trace:
L 12/23/2025 - 15:53:59: [SM]   [0] GetConVarString
L 12/23/2025 - 15:53:59: [SM]   [1] Line 138, C:\Users\Moises\Downloads\Compressed\sourcemod-1.11.0-git6968-windows\addons\sourcemod\scripting\ÒankrunFixhealth.sp::IsTankRunActive
L 12/23/2025 - 15:53:59: [SM]   [2] Line 36, C:\Users\Moises\Downloads\Compressed\sourcemod-1.11.0-git6968-windows\addons\sourcemod\scripting\ÒankrunFixhealth.sp::Timer_PeriodicCheck
L 12/23/2025 - 15:54:02: [SM] Exception reported: Invalid convar handle 0 (error 4)
L 12/23/2025 - 15:54:02: [SM] Blaming: ÒankrunFixhealth.smx
L 12/23/2025 - 15:54:02: [SM] Call stack trace:
L 12/23/2025 - 15:54:02: [SM]   [0] GetConVarString
L 12/23/2025 - 15:54:02: [SM]   [1] Line 138, C:\Users\Moises\Downloads\Compressed\sourcemod-1.11.0-git6968-windows\addons\sourcemod\scripting\ÒankrunFixhealth.sp::IsTankRunActive
L 12/23/2025 - 15:54:02: [SM]   [2] Line 54, C:\Users\Moises\Downloads\Compressed\sourcemod-1.11.0-git6968-windows\addons\sourcemod\scripting\ÒankrunFixhealth.sp::Event_RoundStart
L 12/23/2025 - 15:54:02: [SM] Exception reported: Invalid timer handle c51004a8 (error 1)
L 12/23/2025 - 15:54:02: [SM] Blaming: l4d2_playerjoining_v2.smx
L 12/23/2025 - 15:54:02: [SM] Call stack trace:
L 12/23/2025 - 15:54:02: [SM]   [0] KillTimer
L 12/23/2025 - 15:54:02: [SM]   [1] Line 53, C:\Users\Moises\Downloads\Compressed\sourcemod-1.11.0-git6968-windows\addons\sourcemod\scripting\l4d2_playerjoining_v2.sp::OnClientDisconnect
L 12/23/2025 - 15:54:02: [SM] Exception reported: Invalid timer handle 65d00485 (error 1)
L 12/23/2025 - 15:54:02: [SM] Blaming: l4d2_playerjoining_v2.smx
L 12/23/2025 - 15:54:02: [SM] Call stack trace:
L 12/23/2025 - 15:54:02: [SM]   [0] KillTimer
L 12/23/2025 - 15:54:02: [SM]   [1] Line 53, C:\Users\Moises\Downloads\Compressed\sourcemod-1.11.0-git6968-windows\addons\sourcemod\scripting\l4d2_playerjoining_v2.sp::OnClientDisconnect
L 12/23/2025 - 15:54:02: [SM] Exception reported: Invalid timer handle 107004a5 (error 1)
L 12/23/2025 - 15:54:02: [SM] Blaming: l4d2_playerjoining_v2.smx
L 12/23/2025 - 15:54:02: [SM] Call stack trace:
L 12/23/2025 - 15:54:02: [SM]   [0] KillTimer
L 12/23/2025 - 15:54:02: [SM]   [1] Line 53, C:\Users\Moises\Downloads\Compressed\sourcemod-1.11.0-git6968-windows\addons\sourcemod\scripting\l4d2_playerjoining_v2.sp::OnClientDisconnect
L 12/23/2025 - 15:54:10: [SM] Exception reported: Invalid convar handle 0 (error 4)
L 12/23/2025 - 15:54:10: [SM] Blaming: ÒankrunFixhealth.smx
L 12/23/2025 - 15:54:10: [SM] Call stack trace:
L 12/23/2025 - 15:54:10: [SM]   [0] GetConVarString
L 12/23/2025 - 15:54:10: [SM]   [1] Line 138, C:\Users\Moises\Downloads\Compressed\sourcemod-1.11.0-git6968-windows\addons\sourcemod\scripting\ÒankrunFixhealth.sp::IsTankRunActive
L 12/23/2025 - 15:54:10: [SM]   [2] Line 36, C:\Users\Moises\Downloads\Compressed\sourcemod-1.11.0-git6968-windows\addons\sourcemod\scripting\ÒankrunFixhealth.sp::Timer_PeriodicCheck
L 12/23/2025 - 15:54:20: [SM] Exception reported: Invalid convar handle 0 (error 4)
L 12/23/2025 - 15:54:20: [SM] Blaming: ÒankrunFixhealth.smx
L 12/23/2025 - 15:54:20: [SM] Call stack trace:
L 12/23/2025 - 15:54:20: [SM]   [0] GetConVarString
L 12/23/2025 - 15:54:20: [SM]   [1] Line 138, C:\Users\Moises\Downloads\Compressed\sourcemod-1.11.0-git6968-windows\addons\sourcemod\scripting\ÒankrunFixhealth.sp::IsTankRunActive
L 12/23/2025 - 15:54:20: [SM]   [2] Line 36, C:\Users\Moises\Downloads\Compressed\sourcemod-1.11.0-git6968-windows\addons\sourcemod\scripting\ÒankrunFixhealth.sp::Timer_PeriodicCheck
L 12/23/2025 - 15:54:30: [SM] Exception reported: Invalid convar handle 0 (error 4)
L 12/23/2025 - 15:54:30: [SM] Blaming: ÒankrunFixhealth.smx
L 12/23/2025 - 15:54:30: [SM] Call stack trace:
L 12/23/2025 - 15:54:30: [SM]   [0] GetConVarString
L 12/23/2025 - 15:54:30: [SM]   [1] Line 138, C:\Users\Moises\Downloads\Compressed\sourcemod-1.11.0-git6968-windows\addons\sourcemod\scripting\ÒankrunFixhealth.sp::IsTankRunActive
L 12/23/2025 - 15:54:30: [SM]   [2] Line 36, C:\Users\Moises\Downloads\Compressed\sourcemod-1.11.0-git6968-windows\addons\sourcemod\scripting\ÒankrunFixhealth.sp::Timer_PeriodicCheck
L 12/23/2025 - 15:54:40: [SM] Exception reported: Invalid convar handle 0 (error 4)
L 12/23/2025 - 15:54:40: [SM] Blaming: ÒankrunFixhealth.smx
L 12/23/2025 - 15:54:40: [SM] Call stack trace:
L 12/23/2025 - 15:54:40: [SM]   [0] GetConVarString
L 12/23/2025 - 15:54:40: [SM]   [1] Line 138, C:\Users\Moises\Downloads\Compressed\sourcemod-1.11.0-git6968-windows\addons\sourcemod\scripting\ÒankrunFixhealth.sp::IsTankRunActive
L 12/23/2025 - 15:54:40: [SM]   [2] Line 36, C:\Users\Moises\Downloads\Compressed\sourcemod-1.11.0-git6968-windows\addons\sourcemod\scripting\ÒankrunFixhealth.sp::Timer_PeriodicCheck
L 12/23/2025 - 15:54:49: [SM] Exception reported: Invalid timer handle 107004a5 (error 3)
L 12/23/2025 - 15:54:49: [SM] Blaming: l4d2_playerjoining_v2.smx
L 12/23/2025 - 15:54:49: [SM] Call stack trace:
L 12/23/2025 - 15:54:49: [SM]   [0] KillTimer
L 12/23/2025 - 15:54:49: [SM]   [1] Line 53, C:\Users\Moises\Downloads\Compressed\sourcemod-1.11.0-git6968-windows\addons\sourcemod\scripting\l4d2_playerjoining_v2.sp::OnClientDisconnect
L 12/23/2025 - 15:54:50: [SM] Exception reported: Invalid convar handle 0 (error 4)
L 12/23/2025 - 15:54:50: [SM] Blaming: ÒankrunFixhealth.smx
L 12/23/2025 - 15:54:50: [SM] Call stack trace:
L 12/23/2025 - 15:54:50: [SM]   [0] GetConVarString
L 12/23/2025 - 15:54:50: [SM]   [1] Line 138, C:\Users\Moises\Downloads\Compressed\sourcemod-1.11.0-git6968-windows\addons\sourcemod\scripting\ÒankrunFixhealth.sp::IsTankRunActive
L 12/23/2025 - 15:54:50: [SM]   [2] Line 36, C:\Users\Moises\Downloads\Compressed\sourcemod-1.11.0-git6968-windows\addons\sourcemod\scripting\ÒankrunFixhealth.sp::Timer_PeriodicCheck
L 12/23/2025 - 15:55:00: [SM] Exception reported: Invalid convar handle 0 (error 4)
L 12/23/2025 - 15:55:00: [SM] Blaming: ÒankrunFixhealth.smx
L 12/23/2025 - 15:55:00: [SM] Call stack trace:
L 12/23/2025 - 15:55:00: [SM]   [0] GetConVarString
L 12/23/2025 - 15:55:00: [SM]   [1] Line 138, C:\Users\Moises\Downloads\Compressed\sourcemod-1.11.0-git6968-windows\addons\sourcemod\scripting\ÒankrunFixhealth.sp::IsTankRunActive
L 12/23/2025 - 15:55:00: [SM]   [2] Line 36, C:\Users\Moises\Downloads\Compressed\sourcemod-1.11.0-git6968-windows\addons\sourcemod\scripting\ÒankrunFixhealth.sp::Timer_PeriodicCheck
L 12/23/2025 - 15:55:10: [SM] Exception reported: Invalid convar handle 0 (error 4)
L 12/23/2025 - 15:55:10: [SM] Blaming: ÒankrunFixhealth.smx
L 12/23/2025 - 15:55:10: [SM] Call stack trace:
L 12/23/2025 - 15:55:10: [SM]   [0] GetConVarString
L 12/23/2025 - 15:55:10: [SM]   [1] Line 138, C:\Users\Moises\Downloads\Compressed\sourcemod-1.11.0-git6968-windows\addons\sourcemod\scripting\ÒankrunFixhealth.sp::IsTankRunActive
L 12/23/2025 - 15:55:10: [SM]   [2] Line 36, C:\Users\Moises\Downloads\Compressed\sourcemod-1.11.0-git6968-windows\addons\sourcemod\scripting\ÒankrunFixhealth.sp::Timer_PeriodicCheck
L 12/23/2025 - 15:55:20: [SM] Exception reported: Invalid convar handle 0 (error 4)
L 12/23/2025 - 15:55:20: [SM] Blaming: ÒankrunFixhealth.smx
L 12/23/2025 - 15:55:20: [SM] Call stack trace:
L 12/23/2025 - 15:55:20: [SM]   [0] GetConVarString
L 12/23/2025 - 15:55:20: [SM]   [1] Line 138, C:\Users\Moises\Downloads\Compressed\sourcemod-1.11.0-git6968-windows\addons\sourcemod\scripting\ÒankrunFixhealth.sp::IsTankRunActive
L 12/23/2025 - 15:55:20: [SM]   [2] Line 36, C:\Users\Moises\Downloads\Compressed\sourcemod-1.11.0-git6968-windows\addons\sourcemod\scripting\ÒankrunFixhealth.sp::Timer_PeriodicCheck
L 12/23/2025 - 15:55:30: [SM] Exception reported: Invalid convar handle 0 (error 4)
L 12/23/2025 - 15:55:30: [SM] Blaming: ÒankrunFixhealth.smx
L 12/23/2025 - 15:55:30: [SM] Call stack trace:
L 12/23/2025 - 15:55:30: [SM]   [0] GetConVarString
L 12/23/2025 - 15:55:30: [SM]   [1] Line 138, C:\Users\Moises\Downloads\Compressed\sourcemod-1.11.0-git6968-windows\addons\sourcemod\scripting\ÒankrunFixhealth.sp::IsTankRunActive
L 12/23/2025 - 15:55:30: [SM]   [2] Line 36, C:\Users\Moises\Downloads\Compressed\sourcemod-1.11.0-git6968-windows\addons\sourcemod\scripting\ÒankrunFixhealth.sp::Timer_PeriodicCheck
L 12/23/2025 - 15:55:33: [SM] Exception reported: Invalid convar handle 0 (error 4)
L 12/23/2025 - 15:55:33: [SM] Blaming: ÒankrunFixhealth.smx
L 12/23/2025 - 15:55:33: [SM] Call stack trace:
L 12/23/2025 - 15:55:33: [SM]   [0] GetConVarString
L 12/23/2025 - 15:55:33: [SM]   [1] Line 138, C:\Users\Moises\Downloads\Compressed\sourcemod-1.11.0-git6968-windows\addons\sourcemod\scripting\ÒankrunFixhealth.sp::IsTankRunActive
L 12/23/2025 - 15:55:33: [SM]   [2] Line 79, C:\Users\Moises\Downloads\Compressed\sourcemod-1.11.0-git6968-windows\addons\sourcemod\scripting\ÒankrunFixhealth.sp::Event_PlayerDeath
L 12/23/2025 - 15:55:33: [SM] Exception reported: Invalid convar handle 0 (error 4)
L 12/23/2025 - 15:55:33: [SM] Blaming: ÒankrunFixhealth.smx
L 12/23/2025 - 15:55:33: [SM] Call stack trace:
L 12/23/2025 - 15:55:33: [SM]   [0] GetConVarString
L 12/23/2025 - 15:55:33: [SM]   [1] Line 138, C:\Users\Moises\Downloads\Compressed\sourcemod-1.11.0-git6968-windows\addons\sourcemod\scripting\ÒankrunFixhealth.sp::IsTankRunActive
L 12/23/2025 - 15:55:33: [SM]   [2] Line 79, C:\Users\Moises\Downloads\Compressed\sourcemod-1.11.0-git6968-windows\addons\sourcemod\scripting\ÒankrunFixhealth.sp::Event_PlayerDeath
L 12/23/2025 - 15:55:39: [SM] Exception reported: Invalid convar handle 0 (error 4)
L 12/23/2025 - 15:55:39: [SM] Blaming: ÒankrunFixhealth.smx
L 12/23/2025 - 15:55:39: [SM] Call stack trace:
L 12/23/2025 - 15:55:39: [SM]   [0] GetConVarString
L 12/23/2025 - 15:55:39: [SM]   [1] Line 138, C:\Users\Moises\Downloads\Compressed\sourcemod-1.11.0-git6968-windows\addons\sourcemod\scripting\ÒankrunFixhealth.sp::IsTankRunActive
L 12/23/2025 - 15:55:39: [SM]   [2] Line 79, C:\Users\Moises\Downloads\Compressed\sourcemod-1.11.0-git6968-windows\addons\sourcemod\scripting\ÒankrunFixhealth.sp::Event_PlayerDeath
L 12/23/2025 - 15:55:40: [SM] Exception reported: Invalid convar handle 0 (error 4)
L 12/23/2025 - 15:55:40: [SM] Blaming: ÒankrunFixhealth.smx
L 12/23/2025 - 15:55:40: [SM] Call stack trace:
L 12/23/2025 - 15:55:40: [SM]   [0] GetConVarString
L 12/23/2025 - 15:55:40: [SM]   [1] Line 138, C:\Users\Moises\Downloads\Compressed\sourcemod-1.11.0-git6968-windows\addons\sourcemod\scripting\ÒankrunFixhealth.sp::IsTankRunActive
L 12/23/2025 - 15:55:40: [SM]   [2] Line 36, C:\Users\Moises\Downloads\Compressed\sourcemod-1.11.0-git6968-windows\addons\sourcemod\scripting\ÒankrunFixhealth.sp::Timer_PeriodicCheck
L 12/23/2025 - 15:55:40: [SM] Exception reported: Invalid timer handle c51004a8 (error 3)
L 12/23/2025 - 15:55:40: [SM] Blaming: l4d2_playerjoining_v2.smx
L 12/23/2025 - 15:55:40: [SM] Call stack trace:
L 12/23/2025 - 15:55:40: [SM]   [0] KillTimer
L 12/23/2025 - 15:55:40: [SM]   [1] Line 53, C:\Users\Moises\Downloads\Compressed\sourcemod-1.11.0-git6968-windows\addons\sourcemod\scripting\l4d2_playerjoining_v2.sp::OnClientDisconnect
L 12/23/2025 - 15:55:43: [SM] Exception reported: Language phrase "Please wait to be revived or rescued" not found (arg 6)
L 12/23/2025 - 15:55:43: [SM] Blaming: l4dmultislots.smx
L 12/23/2025 - 15:55:43: [SM] Call stack trace:
L 12/23/2025 - 15:55:43: [SM]   [0] PrintToChat
L 12/23/2025 - 15:55:43: [SM]   [1] Line 953, d:\Github\Private-Work\L4D2-Êèí‰ª∂\scripting_1.11\l4dmultislots.sp::Timer_SpecCheck
L 12/23/2025 - 15:55:50: [SM] Exception reported: Invalid convar handle 0 (error 4)
L 12/23/2025 - 15:55:50: [SM] Blaming: ÒankrunFixhealth.smx
L 12/23/2025 - 15:55:50: [SM] Call stack trace:
L 12/23/2025 - 15:55:50: [SM]   [0] GetConVarString
L 12/23/2025 - 15:55:50: [SM]   [1] Line 138, C:\Users\Moises\Downloads\Compressed\sourcemod-1.11.0-git6968-windows\addons\sourcemod\scripting\ÒankrunFixhealth.sp::IsTankRunActive
L 12/23/2025 - 15:55:50: [SM]   [2] Line 36, C:\Users\Moises\Downloads\Compressed\sourcemod-1.11.0-git6968-windows\addons\sourcemod\scripting\ÒankrunFixhealth.sp::Timer_PeriodicCheck
L 12/23/2025 - 15:55:53: [SM] Exception reported: Invalid convar handle 0 (error 4)
L 12/23/2025 - 15:55:53: [SM] Blaming: ÒankrunFixhealth.smx
L 12/23/2025 - 15:55:53: [SM] Call stack trace:
L 12/23/2025 - 15:55:53: [SM]   [0] GetConVarString
L 12/23/2025 - 15:55:53: [SM]   [1] Line 138, C:\Users\Moises\Downloads\Compressed\sourcemod-1.11.0-git6968-windows\addons\sourcemod\scripting\ÒankrunFixhealth.sp::IsTankRunActive
L 12/23/2025 - 15:55:53: [SM]   [2] Line 79, C:\Users\Moises\Downloads\Compressed\sourcemod-1.11.0-git6968-windows\addons\sourcemod\scripting\ÒankrunFixhealth.sp::Event_PlayerDeath
L 12/23/2025 - 15:56:00: [SM] Exception reported: Invalid convar handle 0 (error 4)
L 12/23/2025 - 15:56:00: [SM] Blaming: ÒankrunFixhealth.smx
L 12/23/2025 - 15:56:00: [SM] Call stack trace:
L 12/23/2025 - 15:56:00: [SM]   [0] GetConVarString
L 12/23/2025 - 15:56:00: [SM]   [1] Line 138, C:\Users\Moises\Downloads\Compressed\sourcemod-1.11.0-git6968-windows\addons\sourcemod\scripting\ÒankrunFixhealth.sp::IsTankRunActive
L 12/23/2025 - 15:56:00: [SM]   [2] Line 36, C:\Users\Moises\Downloads\Compressed\sourcemod-1.11.0-git6968-windows\addons\sourcemod\scripting\ÒankrunFixhealth.sp::Timer_PeriodicCheck
L 12/23/2025 - 15:56:05: [SM] Exception reported: Invalid convar handle 0 (error 4)
L 12/23/2025 - 15:56:05: [SM] Blaming: ÒankrunFixhealth.smx
L 12/23/2025 - 15:56:05: [SM] Call stack trace:
L 12/23/2025 - 15:56:05: [SM]   [0] GetConVarString
L 12/23/2025 - 15:56:05: [SM]   [1] Line 138, C:\Users\Moises\Downloads\Compressed\sourcemod-1.11.0-git6968-windows\addons\sourcemod\scripting\ÒankrunFixhealth.sp::IsTankRunActive
L 12/23/2025 - 15:56:05: [SM]   [2] Line 79, C:\Users\Moises\Downloads\Compressed\sourcemod-1.11.0-git6968-windows\addons\sourcemod\scripting\ÒankrunFixhealth.sp::Event_PlayerDeath
L 12/23/2025 - 15:56:08: [SM] Exception reported: Language phrase "Please wait to be revived or rescued" not found (arg 6)
L 12/23/2025 - 15:56:08: [SM] Blaming: l4dmultislots.smx
L 12/23/2025 - 15:56:08: [SM] Call stack trace:
L 12/23/2025 - 15:56:08: [SM]   [0] PrintToChat
L 12/23/2025 - 15:56:08: [SM]   [1] Line 953, d:\Github\Private-Work\L4D2-Êèí‰ª∂\scripting_1.11\l4dmultislots.sp::Timer_SpecCheck
L 12/23/2025 - 15:56:10: [SM] Exception reported: Invalid convar handle 0 (error 4)
L 12/23/2025 - 15:56:10: [SM] Blaming: ÒankrunFixhealth.smx
L 12/23/2025 - 15:56:10: [SM] Call stack trace:
L 12/23/2025 - 15:56:10: [SM]   [0] GetConVarString
L 12/23/2025 - 15:56:10: [SM]   [1] Line 138, C:\Users\Moises\Downloads\Compressed\sourcemod-1.11.0-git6968-windows\addons\sourcemod\scripting\ÒankrunFixhealth.sp::IsTankRunActive
L 12/23/2025 - 15:56:10: [SM]   [2] Line 36, C:\Users\Moises\Downloads\Compressed\sourcemod-1.11.0-git6968-windows\addons\sourcemod\scripting\ÒankrunFixhealth.sp::Timer_PeriodicCheck
L 12/23/2025 - 15:56:12: [SM] Exception reported: Invalid timer handle 107004a5 (error 3)
L 12/23/2025 - 15:56:12: [SM] Blaming: l4d2_playerjoining_v2.smx
L 12/23/2025 - 15:56:12: [SM] Call stack trace:
L 12/23/2025 - 15:56:12: [SM]   [0] KillTimer
L 12/23/2025 - 15:56:12: [SM]   [1] Line 53, C:\Users\Moises\Downloads\Compressed\sourcemod-1.11.0-git6968-windows\addons\sourcemod\scripting\l4d2_playerjoining_v2.sp::OnClientDisconnect
L 12/23/2025 - 15:56:20: [SM] Exception reported: Invalid convar handle 0 (error 4)
L 12/23/2025 - 15:56:20: [SM] Blaming: ÒankrunFixhealth.smx
L 12/23/2025 - 15:56:20: [SM] Call stack trace:
L 12/23/2025 - 15:56:20: [SM]   [0] GetConVarString
L 12/23/2025 - 15:56:20: [SM]   [1] Line 138, C:\Users\Moises\Downloads\Compressed\sourcemod-1.11.0-git6968-windows\addons\sourcemod\scripting\ÒankrunFixhealth.sp::IsTankRunActive
L 12/23/2025 - 15:56:20: [SM]   [2] Line 36, C:\Users\Moises\Downloads\Compressed\sourcemod-1.11.0-git6968-windows\addons\sourcemod\scripting\ÒankrunFixhealth.sp::Timer_PeriodicCheck
L 12/23/2025 - 15:56:30: [SM] Exception reported: Invalid convar handle 0 (error 4)
L 12/23/2025 - 15:56:30: [SM] Blaming: ÒankrunFixhealth.smx
L 12/23/2025 - 15:56:30: [SM] Call stack trace:
L 12/23/2025 - 15:56:30: [SM]   [0] GetConVarString
L 12/23/2025 - 15:56:30: [SM]   [1] Line 138, C:\Users\Moises\Downloads\Compressed\sourcemod-1.11.0-git6968-windows\addons\sourcemod\scripting\ÒankrunFixhealth.sp::IsTankRunActive
L 12/23/2025 - 15:56:30: [SM]   [2] Line 36, C:\Users\Moises\Downloads\Compressed\sourcemod-1.11.0-git6968-windows\addons\sourcemod\scripting\ÒankrunFixhealth.sp::Timer_PeriodicCheck
L 12/23/2025 - 15:56:33: [SM] Exception reported: Language phrase "Please wait to be revived or rescued" not found (arg 6)
L 12/23/2025 - 15:56:33: [SM] Blaming: l4dmultislots.smx
L 12/23/2025 - 15:56:33: [SM] Call stack trace:
L 12/23/2025 - 15:56:33: [SM]   [0] PrintToChat
L 12/23/2025 - 15:56:33: [SM]   [1] Line 953, d:\Github\Private-Work\L4D2-Êèí‰ª∂\scripting_1.11\l4dmultislots.sp::Timer_SpecCheck
L 12/23/2025 - 15:56:40: [SM] Exception reported: Invalid convar handle 0 (error 4)
L 12/23/2025 - 15:56:40: [SM] Blaming: ÒankrunFixhealth.smx
L 12/23/2025 - 15:56:40: [SM] Call stack trace:
L 12/23/2025 - 15:56:40: [SM]   [0] GetConVarString
L 12/23/2025 - 15:56:40: [SM]   [1] Line 138, C:\Users\Moises\Downloads\Compressed\sourcemod-1.11.0-git6968-windows\addons\sourcemod\scripting\ÒankrunFixhealth.sp::IsTankRunActive
L 12/23/2025 - 15:56:40: [SM]   [2] Line 36, C:\Users\Moises\Downloads\Compressed\sourcemod-1.11.0-git6968-windows\addons\sourcemod\scripting\ÒankrunFixhealth.sp::Timer_PeriodicCheck
L 12/23/2025 - 15:56:47: [SM] Exception reported: Invalid convar handle 0 (error 4)
L 12/23/2025 - 15:56:47: [SM] Blaming: ÒankrunFixhealth.smx
L 12/23/2025 - 15:56:47: [SM] Call stack trace:
L 12/23/2025 - 15:56:47: [SM]   [0] GetConVarString
L 12/23/2025 - 15:56:47: [SM]   [1] Line 138, C:\Users\Moises\Downloads\Compressed\sourcemod-1.11.0-git6968-windows\addons\sourcemod\scripting\ÒankrunFixhealth.sp::IsTankRunActive
L 12/23/2025 - 15:56:47: [SM]   [2] Line 79, C:\Users\Moises\Downloads\Compressed\sourcemod-1.11.0-git6968-windows\addons\sourcemod\scripting\ÒankrunFixhealth.sp::Event_PlayerDeath
L 12/23/2025 - 15:56:50: [SM] Exception reported: Invalid convar handle 0 (error 4)
L 12/23/2025 - 15:56:50: [SM] Blaming: ÒankrunFixhealth.smx
L 12/23/2025 - 15:56:50: [SM] Call stack trace:
L 12/23/2025 - 15:56:50: [SM]   [0] GetConVarString
L 12/23/2025 - 15:56:50: [SM]   [1] Line 138, C:\Users\Moises\Downloads\Compressed\sourcemod-1.11.0-git6968-windows\addons\sourcemod\scripting\ÒankrunFixhealth.sp::IsTankRunActive
L 12/23/2025 - 15:56:50: [SM]   [2] Line 36, C:\Users\Moises\Downloads\Compressed\sourcemod-1.11.0-git6968-windows\addons\sourcemod\scripting\ÒankrunFixhealth.sp::Timer_PeriodicCheck
L 12/23/2025 - 15:56:54: [SM] Exception reported: Invalid timer handle 65d00485 (error 3)
L 12/23/2025 - 15:56:54: [SM] Blaming: l4d2_playerjoining_v2.smx
L 12/23/2025 - 15:56:54: [SM] Call stack trace:
L 12/23/2025 - 15:56:54: [SM]   [0] KillTimer
L 12/23/2025 - 15:56:54: [SM]   [1] Line 53, C:\Users\Moises\Downloads\Compressed\sourcemod-1.11.0-git6968-windows\addons\sourcemod\scripting\l4d2_playerjoining_v2.sp::OnClientDisconnect
L 12/23/2025 - 15:56:58: [SM] Exception reported: Language phrase "Please wait to be revived or rescued" not found (arg 6)
L 12/23/2025 - 15:56:58: [SM] Blaming: l4dmultislots.smx
L 12/23/2025 - 15:56:58: [SM] Call stack trace:
L 12/23/2025 - 15:56:58: [SM]   [0] PrintToChat
L 12/23/2025 - 15:56:58: [SM]   [1] Line 953, d:\Github\Private-Work\L4D2-Êèí‰ª∂\scripting_1.11\l4dmultislots.sp::Timer_SpecCheck
L 12/23/2025 - 15:57:00: [SM] Exception reported: Invalid convar handle 0 (error 4)
L 12/23/2025 - 15:57:00: [SM] Blaming: ÒankrunFixhealth.smx
L 12/23/2025 - 15:57:00: [SM] Call stack trace:
L 12/23/2025 - 15:57:00: [SM]   [0] GetConVarString
L 12/23/2025 - 15:57:00: [SM]   [1] Line 138, C:\Users\Moises\Downloads\Compressed\sourcemod-1.11.0-git6968-windows\addons\sourcemod\scripting\ÒankrunFixhealth.sp::IsTankRunActive
L 12/23/2025 - 15:57:00: [SM]   [2] Line 36, C:\Users\Moises\Downloads\Compressed\sourcemod-1.11.0-git6968-windows\addons\sourcemod\scripting\ÒankrunFixhealth.sp::Timer_PeriodicCheck
L 12/23/2025 - 15:57:10: [SM] Exception reported: Invalid convar handle 0 (error 4)
L 12/23/2025 - 15:57:10: [SM] Blaming: ÒankrunFixhealth.smx
L 12/23/2025 - 15:57:10: [SM] Call stack trace:
L 12/23/2025 - 15:57:10: [SM]   [0] GetConVarString
L 12/23/2025 - 15:57:10: [SM]   [1] Line 138, C:\Users\Moises\Downloads\Compressed\sourcemod-1.11.0-git6968-windows\addons\sourcemod\scripting\ÒankrunFixhealth.sp::IsTankRunActive
L 12/23/2025 - 15:57:10: [SM]   [2] Line 36, C:\Users\Moises\Downloads\Compressed\sourcemod-1.11.0-git6968-windows\addons\sourcemod\scripting\ÒankrunFixhealth.sp::Timer_PeriodicCheck
L 12/23/2025 - 15:57:16: [SM] Exception reported: Invalid convar handle 0 (error 4)
L 12/23/2025 - 15:57:16: [SM] Blaming: ÒankrunFixhealth.smx
L 12/23/2025 - 15:57:16: [SM] Call stack trace:
L 12/23/2025 - 15:57:16: [SM]   [0] GetConVarString
L 12/23/2025 - 15:57:16: [SM]   [1] Line 138, C:\Users\Moises\Downloads\Compressed\sourcemod-1.11.0-git6968-windows\addons\sourcemod\scripting\ÒankrunFixhealth.sp::IsTankRunActive
L 12/23/2025 - 15:57:16: [SM]   [2] Line 79, C:\Users\Moises\Downloads\Compressed\sourcemod-1.11.0-git6968-windows\addons\sourcemod\scripting\ÒankrunFixhealth.sp::Event_PlayerDeath
L 12/23/2025 - 15:57:20: [SM] Exception reported: Invalid convar handle 0 (error 4)
L 12/23/2025 - 15:57:20: [SM] Blaming: ÒankrunFixhealth.smx
L 12/23/2025 - 15:57:20: [SM] Call stack trace:
L 12/23/2025 - 15:57:20: [SM]   [0] GetConVarString
L 12/23/2025 - 15:57:20: [SM]   [1] Line 138, C:\Users\Moises\Downloads\Compressed\sourcemod-1.11.0-git6968-windows\addons\sourcemod\scripting\ÒankrunFixhealth.sp::IsTankRunActive
L 12/23/2025 - 15:57:20: [SM]   [2] Line 36, C:\Users\Moises\Downloads\Compressed\sourcemod-1.11.0-git6968-windows\addons\sourcemod\scripting\ÒankrunFixhealth.sp::Timer_PeriodicCheck
L 12/23/2025 - 15:57:20: [SM] Exception reported: Invalid convar handle 0 (error 4)
L 12/23/2025 - 15:57:20: [SM] Blaming: ÒankrunFixhealth.smx
L 12/23/2025 - 15:57:20: [SM] Call stack trace:
L 12/23/2025 - 15:57:20: [SM]   [0] GetConVarString
L 12/23/2025 - 15:57:20: [SM]   [1] Line 138, C:\Users\Moises\Downloads\Compressed\sourcemod-1.11.0-git6968-windows\addons\sourcemod\scripting\ÒankrunFixhealth.sp::IsTankRunActive
L 12/23/2025 - 15:57:20: [SM]   [2] Line 79, C:\Users\Moises\Downloads\Compressed\sourcemod-1.11.0-git6968-windows\addons\sourcemod\scripting\ÒankrunFixhealth.sp::Event_PlayerDeath
L 12/23/2025 - 15:57:21: [SM] Exception reported: Invalid convar handle 0 (error 4)
L 12/23/2025 - 15:57:21: [SM] Blaming: ÒankrunFixhealth.smx
L 12/23/2025 - 15:57:21: [SM] Call stack trace:
L 12/23/2025 - 15:57:21: [SM]   [0] GetConVarString
L 12/23/2025 - 15:57:21: [SM]   [1] Line 138, C:\Users\Moises\Downloads\Compressed\sourcemod-1.11.0-git6968-windows\addons\sourcemod\scripting\ÒankrunFixhealth.sp::IsTankRunActive
L 12/23/2025 - 15:57:21: [SM]   [2] Line 79, C:\Users\Moises\Downloads\Compressed\sourcemod-1.11.0-git6968-windows\addons\sourcemod\scripting\ÒankrunFixhealth.sp::Event_PlayerDeath
L 12/23/2025 - 15:57:23: [SM] Exception reported: Invalid timer handle c51004a8 (error 3)
L 12/23/2025 - 15:57:23: [SM] Blaming: l4d2_playerjoining_v2.smx
L 12/23/2025 - 15:57:23: [SM] Call stack trace:
L 12/23/2025 - 15:57:23: [SM]   [0] KillTimer
L 12/23/2025 - 15:57:23: [SM]   [1] Line 53, C:\Users\Moises\Downloads\Compressed\sourcemod-1.11.0-git6968-windows\addons\sourcemod\scripting\l4d2_playerjoining_v2.sp::OnClientDisconnect
L 12/23/2025 - 15:57:25: [SM] Exception reported: Invalid convar handle 0 (error 4)
L 12/23/2025 - 15:57:25: [SM] Blaming: ÒankrunFixhealth.smx
L 12/23/2025 - 15:57:25: [SM] Call stack trace:
L 12/23/2025 - 15:57:25: [SM]   [0] GetConVarString
L 12/23/2025 - 15:57:25: [SM]   [1] Line 138, C:\Users\Moises\Downloads\Compressed\sourcemod-1.11.0-git6968-windows\addons\sourcemod\scripting\ÒankrunFixhealth.sp::IsTankRunActive
L 12/23/2025 - 15:57:25: [SM]   [2] Line 79, C:\Users\Moises\Downloads\Compressed\sourcemod-1.11.0-git6968-windows\addons\sourcemod\scripting\ÒankrunFixhealth.sp::Event_PlayerDeath
L 12/23/2025 - 15:57:27: [SM] Exception reported: Invalid timer handle 107004a5 (error 3)
L 12/23/2025 - 15:57:27: [SM] Blaming: l4d2_playerjoining_v2.smx
L 12/23/2025 - 15:57:27: [SM] Call stack trace:
L 12/23/2025 - 15:57:27: [SM]   [0] KillTimer
L 12/23/2025 - 15:57:27: [SM]   [1] Line 53, C:\Users\Moises\Downloads\Compressed\sourcemod-1.11.0-git6968-windows\addons\sourcemod\scripting\l4d2_playerjoining_v2.sp::OnClientDisconnect
L 12/23/2025 - 15:57:30: [SM] Exception reported: Invalid convar handle 0 (error 4)
L 12/23/2025 - 15:57:30: [SM] Blaming: ÒankrunFixhealth.smx
L 12/23/2025 - 15:57:30: [SM] Call stack trace:
L 12/23/2025 - 15:57:30: [SM]   [0] GetConVarString
L 12/23/2025 - 15:57:30: [SM]   [1] Line 138, C:\Users\Moises\Downloads\Compressed\sourcemod-1.11.0-git6968-windows\addons\sourcemod\scripting\ÒankrunFixhealth.sp::IsTankRunActive
L 12/23/2025 - 15:57:30: [SM]   [2] Line 36, C:\Users\Moises\Downloads\Compressed\sourcemod-1.11.0-git6968-windows\addons\sourcemod\scripting\ÒankrunFixhealth.sp::Timer_PeriodicCheck
L 12/23/2025 - 15:57:40: [SM] Exception reported: Invalid convar handle 0 (error 4)
L 12/23/2025 - 15:57:40: [SM] Blaming: ÒankrunFixhealth.smx
L 12/23/2025 - 15:57:40: [SM] Call stack trace:
L 12/23/2025 - 15:57:40: [SM]   [0] GetConVarString
L 12/23/2025 - 15:57:40: [SM]   [1] Line 138, C:\Users\Moises\Downloads\Compressed\sourcemod-1.11.0-git6968-windows\addons\sourcemod\scripting\ÒankrunFixhealth.sp::IsTankRunActive
L 12/23/2025 - 15:57:40: [SM]   [2] Line 36, C:\Users\Moises\Downloads\Compressed\sourcemod-1.11.0-git6968-windows\addons\sourcemod\scripting\ÒankrunFixhealth.sp::Timer_PeriodicCheck
L 12/23/2025 - 15:57:47: [SM] Exception reported: Invalid convar handle 0 (error 4)
L 12/23/2025 - 15:57:47: [SM] Blaming: ÒankrunFixhealth.smx
L 12/23/2025 - 15:57:47: [SM] Call stack trace:
L 12/23/2025 - 15:57:47: [SM]   [0] GetConVarString
L 12/23/2025 - 15:57:47: [SM]   [1] Line 138, C:\Users\Moises\Downloads\Compressed\sourcemod-1.11.0-git6968-windows\addons\sourcemod\scripting\ÒankrunFixhealth.sp::IsTankRunActive
L 12/23/2025 - 15:57:47: [SM]   [2] Line 79, C:\Users\Moises\Downloads\Compressed\sourcemod-1.11.0-git6968-windows\addons\sourcemod\scripting\ÒankrunFixhealth.sp::Event_PlayerDeath
L 12/23/2025 - 15:57:50: [SM] Exception reported: Invalid convar handle 0 (error 4)
L 12/23/2025 - 15:57:50: [SM] Blaming: ÒankrunFixhealth.smx
L 12/23/2025 - 15:57:50: [SM] Call stack trace:
L 12/23/2025 - 15:57:50: [SM]   [0] GetConVarString
L 12/23/2025 - 15:57:50: [SM]   [1] Line 138, C:\Users\Moises\Downloads\Compressed\sourcemod-1.11.0-git6968-windows\addons\sourcemod\scripting\ÒankrunFixhealth.sp::IsTankRunActive
L 12/23/2025 - 15:57:50: [SM]   [2] Line 36, C:\Users\Moises\Downloads\Compressed\sourcemod-1.11.0-git6968-windows\addons\sourcemod\scripting\ÒankrunFixhealth.sp::Timer_PeriodicCheck
L 12/23/2025 - 15:58:00: [SM] Exception reported: Invalid convar handle 0 (error 4)
L 12/23/2025 - 15:58:00: [SM] Blaming: ÒankrunFixhealth.smx
L 12/23/2025 - 15:58:00: [SM] Call stack trace:
L 12/23/2025 - 15:58:00: [SM]   [0] GetConVarString
L 12/23/2025 - 15:58:00: [SM]   [1] Line 138, C:\Users\Moises\Downloads\Compressed\sourcemod-1.11.0-git6968-windows\addons\sourcemod\scripting\ÒankrunFixhealth.sp::IsTankRunActive
L 12/23/2025 - 15:58:00: [SM]   [2] Line 36, C:\Users\Moises\Downloads\Compressed\sourcemod-1.11.0-git6968-windows\addons\sourcemod\scripting\ÒankrunFixhealth.sp::Timer_PeriodicCheck
L 12/23/2025 - 15:58:10: [SM] Exception reported: Invalid convar handle 0 (error 4)
L 12/23/2025 - 15:58:10: [SM] Blaming: ÒankrunFixhealth.smx
L 12/23/2025 - 15:58:10: [SM] Call stack trace:
L 12/23/2025 - 15:58:10: [SM]   [0] GetConVarString
L 12/23/2025 - 15:58:10: [SM]   [1] Line 138, C:\Users\Moises\Downloads\Compressed\sourcemod-1.11.0-git6968-windows\addons\sourcemod\scripting\ÒankrunFixhealth.sp::IsTankRunActive
L 12/23/2025 - 15:58:10: [SM]   [2] Line 36, C:\Users\Moises\Downloads\Compressed\sourcemod-1.11.0-git6968-windows\addons\sourcemod\scripting\ÒankrunFixhealth.sp::Timer_PeriodicCheck
L 12/23/2025 - 15:58:12: [SM] Exception reported: Invalid convar handle 0 (error 4)
L 12/23/2025 - 15:58:12: [SM] Blaming: ÒankrunFixhealth.smx
L 12/23/2025 - 15:58:12: [SM] Call stack trace:
L 12/23/2025 - 15:58:12: [SM]   [0] GetConVarString
L 12/23/2025 - 15:58:12: [SM]   [1] Line 138, C:\Users\Moises\Downloads\Compressed\sourcemod-1.11.0-git6968-windows\addons\sourcemod\scripting\ÒankrunFixhealth.sp::IsTankRunActive
L 12/23/2025 - 15:58:12: [SM]   [2] Line 79, C:\Users\Moises\Downloads\Compressed\sourcemod-1.11.0-git6968-windows\addons\sourcemod\scripting\ÒankrunFixhealth.sp::Event_PlayerDeath
L 12/23/2025 - 15:58:13: [SM] Exception reported: Language phrase "Please wait to be revived or rescued" not found (arg 6)
L 12/23/2025 - 15:58:13: [SM] Blaming: l4dmultislots.smx
L 12/23/2025 - 15:58:13: [SM] Call stack trace:
L 12/23/2025 - 15:58:13: [SM]   [0] PrintToChat
L 12/23/2025 - 15:58:13: [SM]   [1] Line 953, d:\Github\Private-Work\L4D2-Êèí‰ª∂\scripting_1.11\l4dmultislots.sp::Timer_SpecCheck
L 12/23/2025 - 15:58:20: [SM] Exception reported: Invalid convar handle 0 (error 4)
L 12/23/2025 - 15:58:20: [SM] Blaming: ÒankrunFixhealth.smx
L 12/23/2025 - 15:58:20: [SM] Call stack trace:
L 12/23/2025 - 15:58:20: [SM]   [0] GetConVarString
L 12/23/2025 - 15:58:20: [SM]   [1] Line 138, C:\Users\Moises\Downloads\Compressed\sourcemod-1.11.0-git6968-windows\addons\sourcemod\scripting\ÒankrunFixhealth.sp::IsTankRunActive
L 12/23/2025 - 15:58:20: [SM]   [2] Line 36, C:\Users\Moises\Downloads\Compressed\sourcemod-1.11.0-git6968-windows\addons\sourcemod\scripting\ÒankrunFixhealth.sp::Timer_PeriodicCheck
L 12/23/2025 - 15:58:25: [SM] Exception reported: Invalid convar handle 0 (error 4)
L 12/23/2025 - 15:58:25: [SM] Blaming: ÒankrunFixhealth.smx
L 12/23/2025 - 15:58:25: [SM] Call stack trace:
L 12/23/2025 - 15:58:25: [SM]   [0] GetConVarString
L 12/23/2025 - 15:58:25: [SM]   [1] Line 138, C:\Users\Moises\Downloads\Compressed\sourcemod-1.11.0-git6968-windows\addons\sourcemod\scripting\ÒankrunFixhealth.sp::IsTankRunActive
L 12/23/2025 - 15:58:25: [SM]   [2] Line 79, C:\Users\Moises\Downloads\Compressed\sourcemod-1.11.0-git6968-windows\addons\sourcemod\scripting\ÒankrunFixhealth.sp::Event_PlayerDeath
L 12/23/2025 - 15:58:27: [SM] Exception reported: Invalid convar handle 0 (error 4)
L 12/23/2025 - 15:58:27: [SM] Blaming: ÒankrunFixhealth.smx
L 12/23/2025 - 15:58:27: [SM] Call stack trace:
L 12/23/2025 - 15:58:27: [SM]   [0] GetConVarString
L 12/23/2025 - 15:58:27: [SM]   [1] Line 138, C:\Users\Moises\Downloads\Compressed\sourcemod-1.11.0-git6968-windows\addons\sourcemod\scripting\ÒankrunFixhealth.sp::IsTankRunActive
L 12/23/2025 - 15:58:27: [SM]   [2] Line 71, C:\Users\Moises\Downloads\Compressed\sourcemod-1.11.0-git6968-windows\addons\sourcemod\scripting\ÒankrunFixhealth.sp::Event_MapTransition
L 12/23/2025 - 15:58:30: [SM] Exception reported: Invalid convar handle 0 (error 4)
L 12/23/2025 - 15:58:30: [SM] Blaming: ÒankrunFixhealth.smx
L 12/23/2025 - 15:58:30: [SM] Call stack trace:
L 12/23/2025 - 15:58:30: [SM]   [0] GetConVarString
L 12/23/2025 - 15:58:30: [SM]   [1] Line 138, C:\Users\Moises\Downloads\Compressed\sourcemod-1.11.0-git6968-windows\addons\sourcemod\scripting\ÒankrunFixhealth.sp::IsTankRunActive
L 12/23/2025 - 15:58:30: [SM]   [2] Line 36, C:\Users\Moises\Downloads\Compressed\sourcemod-1.11.0-git6968-windows\addons\sourcemod\scripting\ÒankrunFixhealth.sp::Timer_PeriodicCheck
L 12/23/2025 - 15:58:33: [SM] Exception reported: Invalid convar handle 0 (error 4)
L 12/23/2025 - 15:58:33: [SM] Blaming: ÒankrunFixhealth.smx
L 12/23/2025 - 15:58:33: [SM] Call stack trace:
L 12/23/2025 - 15:58:33: [SM]   [0] GetConVarString
L 12/23/2025 - 15:58:33: [SM]   [1] Line 138, C:\Users\Moises\Downloads\Compressed\sourcemod-1.11.0-git6968-windows\addons\sourcemod\scripting\ÒankrunFixhealth.sp::IsTankRunActive
L 12/23/2025 - 15:58:33: [SM]   [2] Line 79, C:\Users\Moises\Downloads\Compressed\sourcemod-1.11.0-git6968-windows\addons\sourcemod\scripting\ÒankrunFixhealth.sp::Event_PlayerDeath
L 12/23/2025 - 15:58:35: [SM] Exception reported: Invalid timer handle c51004a8 (error 3)
L 12/23/2025 - 15:58:35: [SM] Blaming: l4d2_playerjoining_v2.smx
L 12/23/2025 - 15:58:35: [SM] Call stack trace:
L 12/23/2025 - 15:58:35: [SM]   [0] KillTimer
L 12/23/2025 - 15:58:35: [SM]   [1] Line 53, C:\Users\Moises\Downloads\Compressed\sourcemod-1.11.0-git6968-windows\addons\sourcemod\scripting\l4d2_playerjoining_v2.sp::OnClientDisconnect
L 12/23/2025 - 15:58:35: [SM] Exception reported: Invalid timer handle 107004a5 (error 3)
L 12/23/2025 - 15:58:35: [SM] Blaming: l4d2_playerjoining_v2.smx
L 12/23/2025 - 15:58:35: [SM] Call stack trace:
L 12/23/2025 - 15:58:35: [SM]   [0] KillTimer
L 12/23/2025 - 15:58:35: [SM]   [1] Line 53, C:\Users\Moises\Downloads\Compressed\sourcemod-1.11.0-git6968-windows\addons\sourcemod\scripting\l4d2_playerjoining_v2.sp::OnClientDisconnect
L 12/23/2025 - 15:58:35: [SM] Exception reported: Invalid timer handle 65d00485 (error 3)
L 12/23/2025 - 15:58:35: [SM] Blaming: l4d2_playerjoining_v2.smx
L 12/23/2025 - 15:58:35: [SM] Call stack trace:
L 12/23/2025 - 15:58:35: [SM]   [0] KillTimer
L 12/23/2025 - 15:58:35: [SM]   [1] Line 53, C:\Users\Moises\Downloads\Compressed\sourcemod-1.11.0-git6968-windows\addons\sourcemod\scripting\l4d2_playerjoining_v2.sp::OnClientDisconnect
L 12/23/2025 - 15:58:37: Error log file session closed.
L 12/23/2025 - 15:58:37: SourceMod error session started
L 12/23/2025 - 15:58:37: Info (map "c1m4_atrium") (file "d:\steamlibrary\steamapps\common\left 4 dead 2\left4dead2\addons\sourcemod\logs\errors_20251223.log")
L 12/23/2025 - 15:58:37: [SM] Fatal error encountered parsing translation file "l4d_nth.phrases.txt"
L 12/23/2025 - 15:58:37: [SM] Error (line 0, column 0): Stream failed to open
L 12/23/2025 - 15:58:37: [SM] Fatal error encountered parsing translation file "chargersteering.phrases.txt"
L 12/23/2025 - 15:58:37: [SM] Error (line 0, column 0): Stream failed to open
L 12/23/2025 - 15:58:37: [SM] Fatal error encountered parsing translation file "l4dmultislots.phrases.txt"
L 12/23/2025 - 15:58:37: [SM] Error (line 0, column 0): Stream failed to open
L 12/23/2025 - 15:58:37: [SM] Fatal error encountered parsing translation file "lilac.phrases.txt"
L 12/23/2025 - 15:58:37: [SM] Error (line 0, column 0): Stream failed to open
L 12/23/2025 - 15:58:39: [SM] Exception reported: Invalid convar handle 0 (error 4)
L 12/23/2025 - 15:58:39: [SM] Blaming: ÒankrunFixhealth.smx
L 12/23/2025 - 15:58:39: [SM] Call stack trace:
L 12/23/2025 - 15:58:39: [SM]   [0] GetConVarString
L 12/23/2025 - 15:58:39: [SM]   [1] Line 138, C:\Users\Moises\Downloads\Compressed\sourcemod-1.11.0-git6968-windows\addons\sourcemod\scripting\ÒankrunFixhealth.sp::IsTankRunActive
L 12/23/2025 - 15:58:39: [SM]   [2] Line 54, C:\Users\Moises\Downloads\Compressed\sourcemod-1.11.0-git6968-windows\addons\sourcemod\scripting\ÒankrunFixhealth.sp::Event_RoundStart
L 12/23/2025 - 15:58:39: [l4d2_publicity.smx] [Publicity] No se encontraron mensajes en el archivo de configuraci√≥n
L 12/23/2025 - 15:58:45: [SM] Exception reported: Invalid convar handle 0 (error 4)
L 12/23/2025 - 15:58:45: [SM] Blaming: ÒankrunFixhealth.smx
L 12/23/2025 - 15:58:45: [SM] Call stack trace:
L 12/23/2025 - 15:58:45: [SM]   [0] GetConVarString
L 12/23/2025 - 15:58:45: [SM]   [1] Line 138, C:\Users\Moises\Downloads\Compressed\sourcemod-1.11.0-git6968-windows\addons\sourcemod\scripting\ÒankrunFixhealth.sp::IsTankRunActive
L 12/23/2025 - 15:58:45: [SM]   [2] Line 36, C:\Users\Moises\Downloads\Compressed\sourcemod-1.11.0-git6968-windows\addons\sourcemod\scripting\ÒankrunFixhealth.sp::Timer_PeriodicCheck
L 12/23/2025 - 15:58:55: [SM] Exception reported: Invalid convar handle 0 (error 4)
L 12/23/2025 - 15:58:55: [SM] Blaming: ÒankrunFixhealth.smx
L 12/23/2025 - 15:58:55: [SM] Call stack trace:
L 12/23/2025 - 15:58:55: [SM]   [0] GetConVarString
L 12/23/2025 - 15:58:55: [SM]   [1] Line 138, C:\Users\Moises\Downloads\Compressed\sourcemod-1.11.0-git6968-windows\addons\sourcemod\scripting\ÒankrunFixhealth.sp::IsTankRunActive
L 12/23/2025 - 15:58:55: [SM]   [2] Line 36, C:\Users\Moises\Downloads\Compressed\sourcemod-1.11.0-git6968-windows\addons\sourcemod\scripting\ÒankrunFixhealth.sp::Timer_PeriodicCheck
L 12/23/2025 - 15:59:05: [SM] Exception reported: Invalid convar handle 0 (error 4)
L 12/23/2025 - 15:59:05: [SM] Blaming: ÒankrunFixhealth.smx
L 12/23/2025 - 15:59:05: [SM] Call stack trace:
L 12/23/2025 - 15:59:05: [SM]   [0] GetConVarString
L 12/23/2025 - 15:59:05: [SM]   [1] Line 138, C:\Users\Moises\Downloads\Compressed\sourcemod-1.11.0-git6968-windows\addons\sourcemod\scripting\ÒankrunFixhealth.sp::IsTankRunActive
L 12/23/2025 - 15:59:05: [SM]   [2] Line 36, C:\Users\Moises\Downloads\Compressed\sourcemod-1.11.0-git6968-windows\addons\sourcemod\scripting\ÒankrunFixhealth.sp::Timer_PeriodicCheck
L 12/23/2025 - 15:59:12: [SM] Exception reported: Invalid timer handle a7700479 (error 1)
L 12/23/2025 - 15:59:12: [SM] Blaming: l4d2_playerjoining_v2.smx
L 12/23/2025 - 15:59:12: [SM] Call stack trace:
L 12/23/2025 - 15:59:12: [SM]   [0] KillTimer
L 12/23/2025 - 15:59:12: [SM]   [1] Line 53, C:\Users\Moises\Downloads\Compressed\sourcemod-1.11.0-git6968-windows\addons\sourcemod\scripting\l4d2_playerjoining_v2.sp::OnClientDisconnect
L 12/23/2025 - 15:59:12: [SM] Exception reported: Invalid timer handle 65d00485 (error 1)
L 12/23/2025 - 15:59:12: [SM] Blaming: l4d2_playerjoining_v2.smx
L 12/23/2025 - 15:59:12: [SM] Call stack trace:
L 12/23/2025 - 15:59:12: [SM]   [0] KillTimer
L 12/23/2025 - 15:59:12: [SM]   [1] Line 53, C:\Users\Moises\Downloads\Compressed\sourcemod-1.11.0-git6968-windows\addons\sourcemod\scripting\l4d2_playerjoining_v2.sp::OnClientDisconnect
L 12/23/2025 - 15:59:13: [SM] Exception reported: Invalid timer handle 107004a5 (error 1)
L 12/23/2025 - 15:59:13: [SM] Blaming: l4d2_playerjoining_v2.smx
L 12/23/2025 - 15:59:13: [SM] Call stack trace:
L 12/23/2025 - 15:59:13: [SM]   [0] KillTimer
L 12/23/2025 - 15:59:13: [SM]   [1] Line 53, C:\Users\Moises\Downloads\Compressed\sourcemod-1.11.0-git6968-windows\addons\sourcemod\scripting\l4d2_playerjoining_v2.sp::OnClientDisconnect
L 12/23/2025 - 15:59:18: [SM] Exception reported: Invalid convar handle 0 (error 4)
L 12/23/2025 - 15:59:18: [SM] Blaming: ÒankrunFixhealth.smx
L 12/23/2025 - 15:59:18: [SM] Call stack trace:
L 12/23/2025 - 15:59:18: [SM]   [0] GetConVarString
L 12/23/2025 - 15:59:18: [SM]   [1] Line 138, C:\Users\Moises\Downloads\Compressed\sourcemod-1.11.0-git6968-windows\addons\sourcemod\scripting\ÒankrunFixhealth.sp::IsTankRunActive
L 12/23/2025 - 15:59:18: [SM]   [2] Line 36, C:\Users\Moises\Downloads\Compressed\sourcemod-1.11.0-git6968-windows\addons\sourcemod\scripting\ÒankrunFixhealth.sp::Timer_PeriodicCheck
L 12/23/2025 - 15:59:28: [SM] Exception reported: Invalid convar handle 0 (error 4)
L 12/23/2025 - 15:59:28: [SM] Blaming: ÒankrunFixhealth.smx
L 12/23/2025 - 15:59:28: [SM] Call stack trace:
L 12/23/2025 - 15:59:28: [SM]   [0] GetConVarString
L 12/23/2025 - 15:59:28: [SM]   [1] Line 138, C:\Users\Moises\Downloads\Compressed\sourcemod-1.11.0-git6968-windows\addons\sourcemod\scripting\ÒankrunFixhealth.sp::IsTankRunActive
L 12/23/2025 - 15:59:28: [SM]   [2] Line 36, C:\Users\Moises\Downloads\Compressed\sourcemod-1.11.0-git6968-windows\addons\sourcemod\scripting\ÒankrunFixhealth.sp::Timer_PeriodicCheck
L 12/23/2025 - 15:59:35: [SM] Exception reported: Invalid convar handle 0 (error 4)
L 12/23/2025 - 15:59:35: [SM] Blaming: ÒankrunFixhealth.smx
L 12/23/2025 - 15:59:35: [SM] Call stack trace:
L 12/23/2025 - 15:59:35: [SM]   [0] GetConVarString
L 12/23/2025 - 15:59:35: [SM]   [1] Line 138, C:\Users\Moises\Downloads\Compressed\sourcemod-1.11.0-git6968-windows\addons\sourcemod\scripting\ÒankrunFixhealth.sp::IsTankRunActive
L 12/23/2025 - 15:59:35: [SM]   [2] Line 79, C:\Users\Moises\Downloads\Compressed\sourcemod-1.11.0-git6968-windows\addons\sourcemod\scripting\ÒankrunFixhealth.sp::Event_PlayerDeath
L 12/23/2025 - 15:59:38: [SM] Exception reported: Invalid convar handle 0 (error 4)
L 12/23/2025 - 15:59:38: [SM] Blaming: ÒankrunFixhealth.smx
L 12/23/2025 - 15:59:38: [SM] Call stack trace:
L 12/23/2025 - 15:59:38: [SM]   [0] GetConVarString
L 12/23/2025 - 15:59:38: [SM]   [1] Line 138, C:\Users\Moises\Downloads\Compressed\sourcemod-1.11.0-git6968-windows\addons\sourcemod\scripting\ÒankrunFixhealth.sp::IsTankRunActive
L 12/23/2025 - 15:59:38: [SM]   [2] Line 36, C:\Users\Moises\Downloads\Compressed\sourcemod-1.11.0-git6968-windows\addons\sourcemod\scripting\ÒankrunFixhealth.sp::Timer_PeriodicCheck
L 12/23/2025 - 15:59:38: [SM] Exception reported: Invalid convar handle 0 (error 4)
L 12/23/2025 - 15:59:38: [SM] Blaming: ÒankrunFixhealth.smx
L 12/23/2025 - 15:59:38: [SM] Call stack trace:
L 12/23/2025 - 15:59:38: [SM]   [0] GetConVarString
L 12/23/2025 - 15:59:38: [SM]   [1] Line 138, C:\Users\Moises\Downloads\Compressed\sourcemod-1.11.0-git6968-windows\addons\sourcemod\scripting\ÒankrunFixhealth.sp::IsTankRunActive
L 12/23/2025 - 15:59:38: [SM]   [2] Line 79, C:\Users\Moises\Downloads\Compressed\sourcemod-1.11.0-git6968-windows\addons\sourcemod\scripting\ÒankrunFixhealth.sp::Event_PlayerDeath
L 12/23/2025 - 15:59:44: [SM] Exception reported: Invalid timer handle 65d00485 (error 1)
L 12/23/2025 - 15:59:44: [SM] Blaming: l4d2_playerjoining_v2.smx
L 12/23/2025 - 15:59:44: [SM] Call stack trace:
L 12/23/2025 - 15:59:44: [SM]   [0] KillTimer
L 12/23/2025 - 15:59:44: [SM]   [1] Line 53, C:\Users\Moises\Downloads\Compressed\sourcemod-1.11.0-git6968-windows\addons\sourcemod\scripting\l4d2_playerjoining_v2.sp::OnClientDisconnect
L 12/23/2025 - 15:59:46: [SM] Exception reported: Invalid timer handle 107004a5 (error 1)
L 12/23/2025 - 15:59:46: [SM] Blaming: l4d2_playerjoining_v2.smx
L 12/23/2025 - 15:59:46: [SM] Call stack trace:
L 12/23/2025 - 15:59:46: [SM]   [0] KillTimer
L 12/23/2025 - 15:59:46: [SM]   [1] Line 53, C:\Users\Moises\Downloads\Compressed\sourcemod-1.11.0-git6968-windows\addons\sourcemod\scripting\l4d2_playerjoining_v2.sp::OnClientDisconnect
L 12/23/2025 - 15:59:48: [SM] Exception reported: Invalid convar handle 0 (error 4)
L 12/23/2025 - 15:59:48: [SM] Blaming: ÒankrunFixhealth.smx
L 12/23/2025 - 15:59:48: [SM] Call stack trace:
L 12/23/2025 - 15:59:48: [SM]   [0] GetConVarString
L 12/23/2025 - 15:59:48: [SM]   [1] Line 138, C:\Users\Moises\Downloads\Compressed\sourcemod-1.11.0-git6968-windows\addons\sourcemod\scripting\ÒankrunFixhealth.sp::IsTankRunActive
L 12/23/2025 - 15:59:48: [SM]   [2] Line 36, C:\Users\Moises\Downloads\Compressed\sourcemod-1.11.0-git6968-windows\addons\sourcemod\scripting\ÒankrunFixhealth.sp::Timer_PeriodicCheck
L 12/23/2025 - 15:59:51: [SM] Exception reported: Invalid timer handle 107004a5 (error 1)
L 12/23/2025 - 15:59:51: [SM] Blaming: l4d2_playerjoining_v2.smx
L 12/23/2025 - 15:59:51: [SM] Call stack trace:
L 12/23/2025 - 15:59:51: [SM]   [0] KillTimer
L 12/23/2025 - 15:59:51: [SM]   [1] Line 53, C:\Users\Moises\Downloads\Compressed\sourcemod-1.11.0-git6968-windows\addons\sourcemod\scripting\l4d2_playerjoining_v2.sp::OnClientDisconnect
L 12/23/2025 - 15:59:52: [SM] Exception reported: Invalid timer handle 65d00485 (error 3)
L 12/23/2025 - 15:59:52: [SM] Blaming: l4d2_playerjoining_v2.smx
L 12/23/2025 - 15:59:52: [SM] Call stack trace:
L 12/23/2025 - 15:59:52: [SM]   [0] KillTimer
L 12/23/2025 - 15:59:52: [SM]   [1] Line 53, C:\Users\Moises\Downloads\Compressed\sourcemod-1.11.0-git6968-windows\addons\sourcemod\scripting\l4d2_playerjoining_v2.sp::OnClientDisconnect
L 12/23/2025 - 15:59:58: [SM] Exception reported: Invalid convar handle 0 (error 4)
L 12/23/2025 - 15:59:58: [SM] Blaming: ÒankrunFixhealth.smx
L 12/23/2025 - 15:59:58: [SM] Call stack trace:
L 12/23/2025 - 15:59:58: [SM]   [0] GetConVarString
L 12/23/2025 - 15:59:58: [SM]   [1] Line 138, C:\Users\Moises\Downloads\Compressed\sourcemod-1.11.0-git6968-windows\addons\sourcemod\scripting\ÒankrunFixhealth.sp::IsTankRunActive
L 12/23/2025 - 15:59:58: [SM]   [2] Line 36, C:\Users\Moises\Downloads\Compressed\sourcemod-1.11.0-git6968-windows\addons\sourcemod\scripting\ÒankrunFixhealth.sp::Timer_PeriodicCheck
L 12/23/2025 - 16:00:08: [SM] Exception reported: Invalid convar handle 0 (error 4)
L 12/23/2025 - 16:00:08: [SM] Blaming: ÒankrunFixhealth.smx
L 12/23/2025 - 16:00:08: [SM] Call stack trace:
L 12/23/2025 - 16:00:08: [SM]   [0] GetConVarString
L 12/23/2025 - 16:00:08: [SM]   [1] Line 138, C:\Users\Moises\Downloads\Compressed\sourcemod-1.11.0-git6968-windows\addons\sourcemod\scripting\ÒankrunFixhealth.sp::IsTankRunActive
L 12/23/2025 - 16:00:08: [SM]   [2] Line 36, C:\Users\Moises\Downloads\Compressed\sourcemod-1.11.0-git6968-windows\addons\sourcemod\scripting\ÒankrunFixhealth.sp::Timer_PeriodicCheck
L 12/23/2025 - 16:00:12: [SM] Exception reported: Invalid convar handle 0 (error 4)
L 12/23/2025 - 16:00:12: [SM] Blaming: ÒankrunFixhealth.smx
L 12/23/2025 - 16:00:12: [SM] Call stack trace:
L 12/23/2025 - 16:00:12: [SM]   [0] GetConVarString
L 12/23/2025 - 16:00:12: [SM]   [1] Line 138, C:\Users\Moises\Downloads\Compressed\sourcemod-1.11.0-git6968-windows\addons\sourcemod\scripting\ÒankrunFixhealth.sp::IsTankRunActive
L 12/23/2025 - 16:00:12: [SM]   [2] Line 79, C:\Users\Moises\Downloads\Compressed\sourcemod-1.11.0-git6968-windows\addons\sourcemod\scripting\ÒankrunFixhealth.sp::Event_PlayerDeath
L 12/23/2025 - 16:00:17: [SM] Exception reported: Language phrase "No Any Dead Survivor" not found (arg 6)
L 12/23/2025 - 16:00:17: [SM] Blaming: l4d_sm_respawn.smx
L 12/23/2025 - 16:00:17: [SM] Call stack trace:
L 12/23/2025 - 16:00:17: [SM]   [0] FormatEx
L 12/23/2025 - 16:00:17: [SM]   [1] Line 202, d:\Github\Private-Work\L4D2-Êèí‰ª∂\scripting_1.11\l4d_sm_respawn.sp::MenuClientsToSpawn
L 12/23/2025 - 16:00:17: [SM]   [2] Line 239, d:\Github\Private-Work\L4D2-Êèí‰ª∂\scripting_1.11\l4d_sm_respawn.sp::MenuHandler_MenuList
L 12/23/2025 - 16:00:18: [SM] Exception reported: Invalid convar handle 0 (error 4)
L 12/23/2025 - 16:00:18: [SM] Blaming: ÒankrunFixhealth.smx
L 12/23/2025 - 16:00:18: [SM] Call stack trace:
L 12/23/2025 - 16:00:18: [SM]   [0] GetConVarString
L 12/23/2025 - 16:00:18: [SM]   [1] Line 138, C:\Users\Moises\Downloads\Compressed\sourcemod-1.11.0-git6968-windows\addons\sourcemod\scripting\ÒankrunFixhealth.sp::IsTankRunActive
L 12/23/2025 - 16:00:18: [SM]   [2] Line 36, C:\Users\Moises\Downloads\Compressed\sourcemod-1.11.0-git6968-windows\addons\sourcemod\scripting\ÒankrunFixhealth.sp::Timer_PeriodicCheck
L 12/23/2025 - 16:00:18: [SM] Exception reported: Invalid convar handle 0 (error 4)
L 12/23/2025 - 16:00:18: [SM] Blaming: ÒankrunFixhealth.smx
L 12/23/2025 - 16:00:18: [SM] Call stack trace:
L 12/23/2025 - 16:00:18: [SM]   [0] GetConVarString
L 12/23/2025 - 16:00:18: [SM]   [1] Line 138, C:\Users\Moises\Downloads\Compressed\sourcemod-1.11.0-git6968-windows\addons\sourcemod\scripting\ÒankrunFixhealth.sp::IsTankRunActive
L 12/23/2025 - 16:00:18: [SM]   [2] Line 79, C:\Users\Moises\Downloads\Compressed\sourcemod-1.11.0-git6968-windows\addons\sourcemod\scripting\ÒankrunFixhealth.sp::Event_PlayerDeath
L 12/23/2025 - 16:00:28: [SM] Exception reported: Invalid convar handle 0 (error 4)
L 12/23/2025 - 16:00:28: [SM] Blaming: ÒankrunFixhealth.smx
L 12/23/2025 - 16:00:28: [SM] Call stack trace:
L 12/23/2025 - 16:00:28: [SM]   [0] GetConVarString
L 12/23/2025 - 16:00:28: [SM]   [1] Line 138, C:\Users\Moises\Downloads\Compressed\sourcemod-1.11.0-git6968-windows\addons\sourcemod\scripting\ÒankrunFixhealth.sp::IsTankRunActive
L 12/23/2025 - 16:00:28: [SM]   [2] Line 36, C:\Users\Moises\Downloads\Compressed\sourcemod-1.11.0-git6968-windows\addons\sourcemod\scripting\ÒankrunFixhealth.sp::Timer_PeriodicCheck
L 12/23/2025 - 16:00:38: [SM] Exception reported: Invalid convar handle 0 (error 4)
L 12/23/2025 - 16:00:38: [SM] Blaming: ÒankrunFixhealth.smx
L 12/23/2025 - 16:00:38: [SM] Call stack trace:
L 12/23/2025 - 16:00:38: [SM]   [0] GetConVarString
L 12/23/2025 - 16:00:38: [SM]   [1] Line 138, C:\Users\Moises\Downloads\Compressed\sourcemod-1.11.0-git6968-windows\addons\sourcemod\scripting\ÒankrunFixhealth.sp::IsTankRunActive
L 12/23/2025 - 16:00:38: [SM]   [2] Line 36, C:\Users\Moises\Downloads\Compressed\sourcemod-1.11.0-git6968-windows\addons\sourcemod\scripting\ÒankrunFixhealth.sp::Timer_PeriodicCheck
L 12/23/2025 - 16:00:40: [SM] Exception reported: Invalid convar handle 0 (error 4)
L 12/23/2025 - 16:00:40: [SM] Blaming: ÒankrunFixhealth.smx
L 12/23/2025 - 16:00:40: [SM] Call stack trace:
L 12/23/2025 - 16:00:40: [SM]   [0] GetConVarString
L 12/23/2025 - 16:00:40: [SM]   [1] Line 138, C:\Users\Moises\Downloads\Compressed\sourcemod-1.11.0-git6968-windows\addons\sourcemod\scripting\ÒankrunFixhealth.sp::IsTankRunActive
L 12/23/2025 - 16:00:40: [SM]   [2] Line 79, C:\Users\Moises\Downloads\Compressed\sourcemod-1.11.0-git6968-windows\addons\sourcemod\scripting\ÒankrunFixhealth.sp::Event_PlayerDeath
L 12/23/2025 - 16:00:47: [SM] Exception reported: Invalid timer handle 5c9004a1 (error 3)
L 12/23/2025 - 16:00:47: [SM] Blaming: l4d2_playerjoining_v2.smx
L 12/23/2025 - 16:00:47: [SM] Call stack trace:
L 12/23/2025 - 16:00:47: [SM]   [0] KillTimer
L 12/23/2025 - 16:00:47: [SM]   [1] Line 53, C:\Users\Moises\Downloads\Compressed\sourcemod-1.11.0-git6968-windows\addons\sourcemod\scripting\l4d2_playerjoining_v2.sp::OnClientDisconnect
L 12/23/2025 - 16:00:48: [SM] Exception reported: Invalid convar handle 0 (error 4)
L 12/23/2025 - 16:00:48: [SM] Blaming: ÒankrunFixhealth.smx
L 12/23/2025 - 16:00:48: [SM] Call stack trace:
L 12/23/2025 - 16:00:48: [SM]   [0] GetConVarString
L 12/23/2025 - 16:00:48: [SM]   [1] Line 138, C:\Users\Moises\Downloads\Compressed\sourcemod-1.11.0-git6968-windows\addons\sourcemod\scripting\ÒankrunFixhealth.sp::IsTankRunActive
L 12/23/2025 - 16:00:48: [SM]   [2] Line 36, C:\Users\Moises\Downloads\Compressed\sourcemod-1.11.0-git6968-windows\addons\sourcemod\scripting\ÒankrunFixhealth.sp::Timer_PeriodicCheck
L 12/23/2025 - 16:00:58: [SM] Exception reported: Invalid convar handle 0 (error 4)
L 12/23/2025 - 16:00:58: [SM] Blaming: ÒankrunFixhealth.smx
L 12/23/2025 - 16:00:58: [SM] Call stack trace:
L 12/23/2025 - 16:00:58: [SM]   [0] GetConVarString
L 12/23/2025 - 16:00:58: [SM]   [1] Line 138, C:\Users\Moises\Downloads\Compressed\sourcemod-1.11.0-git6968-windows\addons\sourcemod\scripting\ÒankrunFixhealth.sp::IsTankRunActive
L 12/23/2025 - 16:00:58: [SM]   [2] Line 36, C:\Users\Moises\Downloads\Compressed\sourcemod-1.11.0-git6968-windows\addons\sourcemod\scripting\ÒankrunFixhealth.sp::Timer_PeriodicCheck
L 12/23/2025 - 16:01:08: [SM] Exception reported: Invalid convar handle 0 (error 4)
L 12/23/2025 - 16:01:08: [SM] Blaming: ÒankrunFixhealth.smx
L 12/23/2025 - 16:01:08: [SM] Call stack trace:
L 12/23/2025 - 16:01:08: [SM]   [0] GetConVarString
L 12/23/2025 - 16:01:08: [SM]   [1] Line 138, C:\Users\Moises\Downloads\Compressed\sourcemod-1.11.0-git6968-windows\addons\sourcemod\scripting\ÒankrunFixhealth.sp::IsTankRunActive
L 12/23/2025 - 16:01:08: [SM]   [2] Line 36, C:\Users\Moises\Downloads\Compressed\sourcemod-1.11.0-git6968-windows\addons\sourcemod\scripting\ÒankrunFixhealth.sp::Timer_PeriodicCheck
L 12/23/2025 - 16:01:16: [SM] Exception reported: Invalid convar handle 0 (error 4)
L 12/23/2025 - 16:01:16: [SM] Blaming: ÒankrunFixhealth.smx
L 12/23/2025 - 16:01:16: [SM] Call stack trace:
L 12/23/2025 - 16:01:16: [SM]   [0] GetConVarString
L 12/23/2025 - 16:01:16: [SM]   [1] Line 138, C:\Users\Moises\Downloads\Compressed\sourcemod-1.11.0-git6968-windows\addons\sourcemod\scripting\ÒankrunFixhealth.sp::IsTankRunActive
L 12/23/2025 - 16:01:16: [SM]   [2] Line 79, C:\Users\Moises\Downloads\Compressed\sourcemod-1.11.0-git6968-windows\addons\sourcemod\scripting\ÒankrunFixhealth.sp::Event_PlayerDeath
L 12/23/2025 - 16:01:18: [SM] Exception reported: Invalid convar handle 0 (error 4)
L 12/23/2025 - 16:01:18: [SM] Blaming: ÒankrunFixhealth.smx
L 12/23/2025 - 16:01:18: [SM] Call stack trace:
L 12/23/2025 - 16:01:18: [SM]   [0] GetConVarString
L 12/23/2025 - 16:01:18: [SM]   [1] Line 138, C:\Users\Moises\Downloads\Compressed\sourcemod-1.11.0-git6968-windows\addons\sourcemod\scripting\ÒankrunFixhealth.sp::IsTankRunActive
L 12/23/2025 - 16:01:18: [SM]   [2] Line 36, C:\Users\Moises\Downloads\Compressed\sourcemod-1.11.0-git6968-windows\addons\sourcemod\scripting\ÒankrunFixhealth.sp::Timer_PeriodicCheck
L 12/23/2025 - 16:01:23: [SM] Exception reported: Invalid timer handle 107004a5 (error 1)
L 12/23/2025 - 16:01:23: [SM] Blaming: l4d2_playerjoining_v2.smx
L 12/23/2025 - 16:01:23: [SM] Call stack trace:
L 12/23/2025 - 16:01:23: [SM]   [0] KillTimer
L 12/23/2025 - 16:01:23: [SM]   [1] Line 53, C:\Users\Moises\Downloads\Compressed\sourcemod-1.11.0-git6968-windows\addons\sourcemod\scripting\l4d2_playerjoining_v2.sp::OnClientDisconnect
L 12/23/2025 - 16:01:28: [SM] Exception reported: Invalid convar handle 0 (error 4)
L 12/23/2025 - 16:01:28: [SM] Blaming: ÒankrunFixhealth.smx
L 12/23/2025 - 16:01:28: [SM] Call stack trace:
L 12/23/2025 - 16:01:28: [SM]   [0] GetConVarString
L 12/23/2025 - 16:01:28: [SM]   [1] Line 138, C:\Users\Moises\Downloads\Compressed\sourcemod-1.11.0-git6968-windows\addons\sourcemod\scripting\ÒankrunFixhealth.sp::IsTankRunActive
L 12/23/2025 - 16:01:28: [SM]   [2] Line 36, C:\Users\Moises\Downloads\Compressed\sourcemod-1.11.0-git6968-windows\addons\sourcemod\scripting\ÒankrunFixhealth.sp::Timer_PeriodicCheck
L 12/23/2025 - 16:01:38: [SM] Exception reported: Invalid convar handle 0 (error 4)
L 12/23/2025 - 16:01:38: [SM] Blaming: ÒankrunFixhealth.smx
L 12/23/2025 - 16:01:38: [SM] Call stack trace:
L 12/23/2025 - 16:01:38: [SM]   [0] GetConVarString
L 12/23/2025 - 16:01:38: [SM]   [1] Line 138, C:\Users\Moises\Downloads\Compressed\sourcemod-1.11.0-git6968-windows\addons\sourcemod\scripting\ÒankrunFixhealth.sp::IsTankRunActive
L 12/23/2025 - 16:01:38: [SM]   [2] Line 36, C:\Users\Moises\Downloads\Compressed\sourcemod-1.11.0-git6968-windows\addons\sourcemod\scripting\ÒankrunFixhealth.sp::Timer_PeriodicCheck
L 12/23/2025 - 16:01:41: [SM] Exception reported: Invalid convar handle 0 (error 4)
L 12/23/2025 - 16:01:41: [SM] Blaming: ÒankrunFixhealth.smx
L 12/23/2025 - 16:01:41: [SM] Call stack trace:
L 12/23/2025 - 16:01:41: [SM]   [0] GetConVarString
L 12/23/2025 - 16:01:41: [SM]   [1] Line 138, C:\Users\Moises\Downloads\Compressed\sourcemod-1.11.0-git6968-windows\addons\sourcemod\scripting\ÒankrunFixhealth.sp::IsTankRunActive
L 12/23/2025 - 16:01:41: [SM]   [2] Line 79, C:\Users\Moises\Downloads\Compressed\sourcemod-1.11.0-git6968-windows\addons\sourcemod\scripting\ÒankrunFixhealth.sp::Event_PlayerDeath
L 12/23/2025 - 16:01:48: [SM] Exception reported: Invalid convar handle 0 (error 4)
L 12/23/2025 - 16:01:48: [SM] Blaming: ÒankrunFixhealth.smx
L 12/23/2025 - 16:01:48: [SM] Call stack trace:
L 12/23/2025 - 16:01:48: [SM]   [0] GetConVarString
L 12/23/2025 - 16:01:48: [SM]   [1] Line 138, C:\Users\Moises\Downloads\Compressed\sourcemod-1.11.0-git6968-windows\addons\sourcemod\scripting\ÒankrunFixhealth.sp::IsTankRunActive
L 12/23/2025 - 16:01:48: [SM]   [2] Line 36, C:\Users\Moises\Downloads\Compressed\sourcemod-1.11.0-git6968-windows\addons\sourcemod\scripting\ÒankrunFixhealth.sp::Timer_PeriodicCheck
L 12/23/2025 - 16:01:48: [SM] Exception reported: Invalid timer handle 65d00485 (error 3)
L 12/23/2025 - 16:01:48: [SM] Blaming: l4d2_playerjoining_v2.smx
L 12/23/2025 - 16:01:48: [SM] Call stack trace:
L 12/23/2025 - 16:01:48: [SM]   [0] KillTimer
L 12/23/2025 - 16:01:48: [SM]   [1] Line 53, C:\Users\Moises\Downloads\Compressed\sourcemod-1.11.0-git6968-windows\addons\sourcemod\scripting\l4d2_playerjoining_v2.sp::OnClientDisconnect
L 12/23/2025 - 16:01:58: [SM] Exception reported: Invalid convar handle 0 (error 4)
L 12/23/2025 - 16:01:58: [SM] Blaming: ÒankrunFixhealth.smx
L 12/23/2025 - 16:01:58: [SM] Call stack trace:
L 12/23/2025 - 16:01:58: [SM]   [0] GetConVarString
L 12/23/2025 - 16:01:58: [SM]   [1] Line 138, C:\Users\Moises\Downloads\Compressed\sourcemod-1.11.0-git6968-windows\addons\sourcemod\scripting\ÒankrunFixhealth.sp::IsTankRunActive
L 12/23/2025 - 16:01:58: [SM]   [2] Line 36, C:\Users\Moises\Downloads\Compressed\sourcemod-1.11.0-git6968-windows\addons\sourcemod\scripting\ÒankrunFixhealth.sp::Timer_PeriodicCheck
L 12/23/2025 - 16:02:05: [SM] Exception reported: Invalid convar handle 0 (error 4)
L 12/23/2025 - 16:02:05: [SM] Blaming: ÒankrunFixhealth.smx
L 12/23/2025 - 16:02:05: [SM] Call stack trace:
L 12/23/2025 - 16:02:05: [SM]   [0] GetConVarString
L 12/23/2025 - 16:02:05: [SM]   [1] Line 138, C:\Users\Moises\Downloads\Compressed\sourcemod-1.11.0-git6968-windows\addons\sourcemod\scripting\ÒankrunFixhealth.sp::IsTankRunActive
L 12/23/2025 - 16:02:05: [SM]   [2] Line 79, C:\Users\Moises\Downloads\Compressed\sourcemod-1.11.0-git6968-windows\addons\sourcemod\scripting\ÒankrunFixhealth.sp::Event_PlayerDeath
L 12/23/2025 - 16:02:08: [SM] Exception reported: Invalid convar handle 0 (error 4)
L 12/23/2025 - 16:02:08: [SM] Blaming: ÒankrunFixhealth.smx
L 12/23/2025 - 16:02:08: [SM] Call stack trace:
L 12/23/2025 - 16:02:08: [SM]   [0] GetConVarString
L 12/23/2025 - 16:02:08: [SM]   [1] Line 138, C:\Users\Moises\Downloads\Compressed\sourcemod-1.11.0-git6968-windows\addons\sourcemod\scripting\ÒankrunFixhealth.sp::IsTankRunActive
L 12/23/2025 - 16:02:08: [SM]   [2] Line 36, C:\Users\Moises\Downloads\Compressed\sourcemod-1.11.0-git6968-windows\addons\sourcemod\scripting\ÒankrunFixhealth.sp::Timer_PeriodicCheck
L 12/23/2025 - 16:02:12: [SM] Exception reported: Invalid timer handle 5c9004a1 (error 3)
L 12/23/2025 - 16:02:12: [SM] Blaming: l4d2_playerjoining_v2.smx
L 12/23/2025 - 16:02:12: [SM] Call stack trace:
L 12/23/2025 - 16:02:12: [SM]   [0] KillTimer
L 12/23/2025 - 16:02:12: [SM]   [1] Line 53, C:\Users\Moises\Downloads\Compressed\sourcemod-1.11.0-git6968-windows\addons\sourcemod\scripting\l4d2_playerjoining_v2.sp::OnClientDisconnect
L 12/23/2025 - 16:02:18: [SM] Exception reported: Invalid convar handle 0 (error 4)
L 12/23/2025 - 16:02:18: [SM] Blaming: ÒankrunFixhealth.smx
L 12/23/2025 - 16:02:18: [SM] Call stack trace:
L 12/23/2025 - 16:02:18: [SM]   [0] GetConVarString
L 12/23/2025 - 16:02:18: [SM]   [1] Line 138, C:\Users\Moises\Downloads\Compressed\sourcemod-1.11.0-git6968-windows\addons\sourcemod\scripting\ÒankrunFixhealth.sp::IsTankRunActive
L 12/23/2025 - 16:02:18: [SM]   [2] Line 36, C:\Users\Moises\Downloads\Compressed\sourcemod-1.11.0-git6968-windows\addons\sourcemod\scripting\ÒankrunFixhealth.sp::Timer_PeriodicCheck
L 12/23/2025 - 16:02:25: [SM] Exception reported: Invalid convar handle 0 (error 4)
L 12/23/2025 - 16:02:25: [SM] Blaming: ÒankrunFixhealth.smx
L 12/23/2025 - 16:02:25: [SM] Call stack trace:
L 12/23/2025 - 16:02:25: [SM]   [0] GetConVarString
L 12/23/2025 - 16:02:25: [SM]   [1] Line 138, C:\Users\Moises\Downloads\Compressed\sourcemod-1.11.0-git6968-windows\addons\sourcemod\scripting\ÒankrunFixhealth.sp::IsTankRunActive
L 12/23/2025 - 16:02:25: [SM]   [2] Line 79, C:\Users\Moises\Downloads\Compressed\sourcemod-1.11.0-git6968-windows\addons\sourcemod\scripting\ÒankrunFixhealth.sp::Event_PlayerDeath
L 12/23/2025 - 16:02:26: [SM] Exception reported: Invalid convar handle 0 (error 4)
L 12/23/2025 - 16:02:26: [SM] Blaming: ÒankrunFixhealth.smx
L 12/23/2025 - 16:02:26: [SM] Call stack trace:
L 12/23/2025 - 16:02:26: [SM]   [0] GetConVarString
L 12/23/2025 - 16:02:26: [SM]   [1] Line 138, C:\Users\Moises\Downloads\Compressed\sourcemod-1.11.0-git6968-windows\addons\sourcemod\scripting\ÒankrunFixhealth.sp::IsTankRunActive
L 12/23/2025 - 16:02:26: [SM]   [2] Line 79, C:\Users\Moises\Downloads\Compressed\sourcemod-1.11.0-git6968-windows\addons\sourcemod\scripting\ÒankrunFixhealth.sp::Event_PlayerDeath
L 12/23/2025 - 16:02:27: [SM] Exception reported: Invalid convar handle 0 (error 4)
L 12/23/2025 - 16:02:27: [SM] Blaming: ÒankrunFixhealth.smx
L 12/23/2025 - 16:02:27: [SM] Call stack trace:
L 12/23/2025 - 16:02:27: [SM]   [0] GetConVarString
L 12/23/2025 - 16:02:27: [SM]   [1] Line 138, C:\Users\Moises\Downloads\Compressed\sourcemod-1.11.0-git6968-windows\addons\sourcemod\scripting\ÒankrunFixhealth.sp::IsTankRunActive
L 12/23/2025 - 16:02:27: [SM]   [2] Line 79, C:\Users\Moises\Downloads\Compressed\sourcemod-1.11.0-git6968-windows\addons\sourcemod\scripting\ÒankrunFixhealth.sp::Event_PlayerDeath
L 12/23/2025 - 16:02:28: [SM] Exception reported: Invalid convar handle 0 (error 4)
L 12/23/2025 - 16:02:28: [SM] Blaming: ÒankrunFixhealth.smx
L 12/23/2025 - 16:02:28: [SM] Call stack trace:
L 12/23/2025 - 16:02:28: [SM]   [0] GetConVarString
L 12/23/2025 - 16:02:28: [SM]   [1] Line 138, C:\Users\Moises\Downloads\Compressed\sourcemod-1.11.0-git6968-windows\addons\sourcemod\scripting\ÒankrunFixhealth.sp::IsTankRunActive
L 12/23/2025 - 16:02:28: [SM]   [2] Line 36, C:\Users\Moises\Downloads\Compressed\sourcemod-1.11.0-git6968-windows\addons\sourcemod\scripting\ÒankrunFixhealth.sp::Timer_PeriodicCheck
L 12/23/2025 - 16:02:34: [SM] Exception reported: Invalid timer handle 65d00485 (error 1)
L 12/23/2025 - 16:02:34: [SM] Blaming: l4d2_playerjoining_v2.smx
L 12/23/2025 - 16:02:34: [SM] Call stack trace:
L 12/23/2025 - 16:02:34: [SM]   [0] KillTimer
L 12/23/2025 - 16:02:34: [SM]   [1] Line 53, C:\Users\Moises\Downloads\Compressed\sourcemod-1.11.0-git6968-windows\addons\sourcemod\scripting\l4d2_playerjoining_v2.sp::OnClientDisconnect
L 12/23/2025 - 16:02:37: [SM] Exception reported: Invalid timer handle a7700479 (error 3)
L 12/23/2025 - 16:02:37: [SM] Blaming: l4d2_playerjoining_v2.smx
L 12/23/2025 - 16:02:37: [SM] Call stack trace:
L 12/23/2025 - 16:02:37: [SM]   [0] KillTimer
L 12/23/2025 - 16:02:37: [SM]   [1] Line 53, C:\Users\Moises\Downloads\Compressed\sourcemod-1.11.0-git6968-windows\addons\sourcemod\scripting\l4d2_playerjoining_v2.sp::OnClientDisconnect
L 12/23/2025 - 16:02:38: [SM] Exception reported: Invalid convar handle 0 (error 4)
L 12/23/2025 - 16:02:38: [SM] Blaming: ÒankrunFixhealth.smx
L 12/23/2025 - 16:02:38: [SM] Call stack trace:
L 12/23/2025 - 16:02:38: [SM]   [0] GetConVarString
L 12/23/2025 - 16:02:38: [SM]   [1] Line 138, C:\Users\Moises\Downloads\Compressed\sourcemod-1.11.0-git6968-windows\addons\sourcemod\scripting\ÒankrunFixhealth.sp::IsTankRunActive
L 12/23/2025 - 16:02:38: [SM]   [2] Line 36, C:\Users\Moises\Downloads\Compressed\sourcemod-1.11.0-git6968-windows\addons\sourcemod\scripting\ÒankrunFixhealth.sp::Timer_PeriodicCheck
L 12/23/2025 - 16:02:45: [SM] Exception reported: Invalid convar handle 0 (error 4)
L 12/23/2025 - 16:02:45: [SM] Blaming: ÒankrunFixhealth.smx
L 12/23/2025 - 16:02:45: [SM] Call stack trace:
L 12/23/2025 - 16:02:45: [SM]   [0] GetConVarString
L 12/23/2025 - 16:02:45: [SM]   [1] Line 138, C:\Users\Moises\Downloads\Compressed\sourcemod-1.11.0-git6968-windows\addons\sourcemod\scripting\ÒankrunFixhealth.sp::IsTankRunActive
L 12/23/2025 - 16:02:45: [SM]   [2] Line 79, C:\Users\Moises\Downloads\Compressed\sourcemod-1.11.0-git6968-windows\addons\sourcemod\scripting\ÒankrunFixhealth.sp::Event_PlayerDeath
L 12/23/2025 - 16:02:48: [SM] Exception reported: Invalid convar handle 0 (error 4)
L 12/23/2025 - 16:02:48: [SM] Blaming: ÒankrunFixhealth.smx
L 12/23/2025 - 16:02:48: [SM] Call stack trace:
L 12/23/2025 - 16:02:48: [SM]   [0] GetConVarString
L 12/23/2025 - 16:02:48: [SM]   [1] Line 138, C:\Users\Moises\Downloads\Compressed\sourcemod-1.11.0-git6968-windows\addons\sourcemod\scripting\ÒankrunFixhealth.sp::IsTankRunActive
L 12/23/2025 - 16:02:48: [SM]   [2] Line 36, C:\Users\Moises\Downloads\Compressed\sourcemod-1.11.0-git6968-windows\addons\sourcemod\scripting\ÒankrunFixhealth.sp::Timer_PeriodicCheck
L 12/23/2025 - 16:02:50: [SM] Exception reported: Language phrase "Please wait to be revived or rescued" not found (arg 6)
L 12/23/2025 - 16:02:50: [SM] Blaming: l4dmultislots.smx
L 12/23/2025 - 16:02:50: [SM] Call stack trace:
L 12/23/2025 - 16:02:50: [SM]   [0] PrintToChat
L 12/23/2025 - 16:02:50: [SM]   [1] Line 953, d:\Github\Private-Work\L4D2-Êèí‰ª∂\scripting_1.11\l4dmultislots.sp::Timer_SpecCheck
L 12/23/2025 - 16:02:54: [SM] Exception reported: Invalid timer handle 65d00485 (error 1)
L 12/23/2025 - 16:02:54: [SM] Blaming: l4d2_playerjoining_v2.smx
L 12/23/2025 - 16:02:54: [SM] Call stack trace:
L 12/23/2025 - 16:02:54: [SM]   [0] KillTimer
L 12/23/2025 - 16:02:54: [SM]   [1] Line 53, C:\Users\Moises\Downloads\Compressed\sourcemod-1.11.0-git6968-windows\addons\sourcemod\scripting\l4d2_playerjoining_v2.sp::OnClientDisconnect
L 12/23/2025 - 16:02:58: [SM] Exception reported: Invalid convar handle 0 (error 4)
L 12/23/2025 - 16:02:58: [SM] Blaming: ÒankrunFixhealth.smx
L 12/23/2025 - 16:02:58: [SM] Call stack trace:
L 12/23/2025 - 16:02:58: [SM]   [0] GetConVarString
L 12/23/2025 - 16:02:58: [SM]   [1] Line 138, C:\Users\Moises\Downloads\Compressed\sourcemod-1.11.0-git6968-windows\addons\sourcemod\scripting\ÒankrunFixhealth.sp::IsTankRunActive
L 12/23/2025 - 16:02:58: [SM]   [2] Line 36, C:\Users\Moises\Downloads\Compressed\sourcemod-1.11.0-git6968-windows\addons\sourcemod\scripting\ÒankrunFixhealth.sp::Timer_PeriodicCheck
L 12/23/2025 - 16:03:08: [SM] Exception reported: Invalid convar handle 0 (error 4)
L 12/23/2025 - 16:03:08: [SM] Blaming: ÒankrunFixhealth.smx
L 12/23/2025 - 16:03:08: [SM] Call stack trace:
L 12/23/2025 - 16:03:08: [SM]   [0] GetConVarString
L 12/23/2025 - 16:03:08: [SM]   [1] Line 138, C:\Users\Moises\Downloads\Compressed\sourcemod-1.11.0-git6968-windows\addons\sourcemod\scripting\ÒankrunFixhealth.sp::IsTankRunActive
L 12/23/2025 - 16:03:08: [SM]   [2] Line 36, C:\Users\Moises\Downloads\Compressed\sourcemod-1.11.0-git6968-windows\addons\sourcemod\scripting\ÒankrunFixhealth.sp::Timer_PeriodicCheck
L 12/23/2025 - 16:03:15: [SM] Exception reported: Language phrase "Please wait to be revived or rescued" not found (arg 6)
L 12/23/2025 - 16:03:15: [SM] Blaming: l4dmultislots.smx
L 12/23/2025 - 16:03:15: [SM] Call stack trace:
L 12/23/2025 - 16:03:15: [SM]   [0] PrintToChat
L 12/23/2025 - 16:03:15: [SM]   [1] Line 953, d:\Github\Private-Work\L4D2-Êèí‰ª∂\scripting_1.11\l4dmultislots.sp::Timer_SpecCheck
L 12/23/2025 - 16:03:18: [SM] Exception reported: Invalid convar handle 0 (error 4)
L 12/23/2025 - 16:03:18: [SM] Blaming: ÒankrunFixhealth.smx
L 12/23/2025 - 16:03:18: [SM] Call stack trace:
L 12/23/2025 - 16:03:18: [SM]   [0] GetConVarString
L 12/23/2025 - 16:03:18: [SM]   [1] Line 138, C:\Users\Moises\Downloads\Compressed\sourcemod-1.11.0-git6968-windows\addons\sourcemod\scripting\ÒankrunFixhealth.sp::IsTankRunActive
L 12/23/2025 - 16:03:18: [SM]   [2] Line 36, C:\Users\Moises\Downloads\Compressed\sourcemod-1.11.0-git6968-windows\addons\sourcemod\scripting\ÒankrunFixhealth.sp::Timer_PeriodicCheck
L 12/23/2025 - 16:03:21: [SM] Exception reported: Invalid convar handle 0 (error 4)
L 12/23/2025 - 16:03:21: [SM] Blaming: ÒankrunFixhealth.smx
L 12/23/2025 - 16:03:21: [SM] Call stack trace:
L 12/23/2025 - 16:03:21: [SM]   [0] GetConVarString
L 12/23/2025 - 16:03:21: [SM]   [1] Line 138, C:\Users\Moises\Downloads\Compressed\sourcemod-1.11.0-git6968-windows\addons\sourcemod\scripting\ÒankrunFixhealth.sp::IsTankRunActive
L 12/23/2025 - 16:03:21: [SM]   [2] Line 79, C:\Users\Moises\Downloads\Compressed\sourcemod-1.11.0-git6968-windows\addons\sourcemod\scripting\ÒankrunFixhealth.sp::Event_PlayerDeath
L 12/23/2025 - 16:03:28: [SM] Exception reported: Invalid convar handle 0 (error 4)
L 12/23/2025 - 16:03:28: [SM] Blaming: ÒankrunFixhealth.smx
L 12/23/2025 - 16:03:28: [SM] Call stack trace:
L 12/23/2025 - 16:03:28: [SM]   [0] GetConVarString
L 12/23/2025 - 16:03:28: [SM]   [1] Line 138, C:\Users\Moises\Downloads\Compressed\sourcemod-1.11.0-git6968-windows\addons\sourcemod\scripting\ÒankrunFixhealth.sp::IsTankRunActive
L 12/23/2025 - 16:03:28: [SM]   [2] Line 36, C:\Users\Moises\Downloads\Compressed\sourcemod-1.11.0-git6968-windows\addons\sourcemod\scripting\ÒankrunFixhealth.sp::Timer_PeriodicCheck
L 12/23/2025 - 16:03:29: [SM] Exception reported: Invalid convar handle 0 (error 4)
L 12/23/2025 - 16:03:29: [SM] Blaming: ÒankrunFixhealth.smx
L 12/23/2025 - 16:03:29: [SM] Call stack trace:
L 12/23/2025 - 16:03:29: [SM]   [0] GetConVarString
L 12/23/2025 - 16:03:29: [SM]   [1] Line 138, C:\Users\Moises\Downloads\Compressed\sourcemod-1.11.0-git6968-windows\addons\sourcemod\scripting\ÒankrunFixhealth.sp::IsTankRunActive
L 12/23/2025 - 16:03:29: [SM]   [2] Line 79, C:\Users\Moises\Downloads\Compressed\sourcemod-1.11.0-git6968-windows\addons\sourcemod\scripting\ÒankrunFixhealth.sp::Event_PlayerDeath
L 12/23/2025 - 16:03:38: [SM] Exception reported: Invalid convar handle 0 (error 4)
L 12/23/2025 - 16:03:38: [SM] Blaming: ÒankrunFixhealth.smx
L 12/23/2025 - 16:03:38: [SM] Call stack trace:
L 12/23/2025 - 16:03:38: [SM]   [0] GetConVarString
L 12/23/2025 - 16:03:38: [SM]   [1] Line 138, C:\Users\Moises\Downloads\Compressed\sourcemod-1.11.0-git6968-windows\addons\sourcemod\scripting\ÒankrunFixhealth.sp::IsTankRunActive
L 12/23/2025 - 16:03:38: [SM]   [2] Line 79, C:\Users\Moises\Downloads\Compressed\sourcemod-1.11.0-git6968-windows\addons\sourcemod\scripting\ÒankrunFixhealth.sp::Event_PlayerDeath
L 12/23/2025 - 16:03:38: [SM] Exception reported: Invalid convar handle 0 (error 4)
L 12/23/2025 - 16:03:38: [SM] Blaming: ÒankrunFixhealth.smx
L 12/23/2025 - 16:03:38: [SM] Call stack trace:
L 12/23/2025 - 16:03:38: [SM]   [0] GetConVarString
L 12/23/2025 - 16:03:38: [SM]   [1] Line 138, C:\Users\Moises\Downloads\Compressed\sourcemod-1.11.0-git6968-windows\addons\sourcemod\scripting\ÒankrunFixhealth.sp::IsTankRunActive
L 12/23/2025 - 16:03:38: [SM]   [2] Line 36, C:\Users\Moises\Downloads\Compressed\sourcemod-1.11.0-git6968-windows\addons\sourcemod\scripting\ÒankrunFixhealth.sp::Timer_PeriodicCheck
L 12/23/2025 - 16:03:39: [SM] Exception reported: Invalid Handle 0 (error 4)
L 12/23/2025 - 16:03:39: [SM] Blaming: l4dafkfix.smx
L 12/23/2025 - 16:03:39: [SM] Call stack trace:
L 12/23/2025 - 16:03:39: [SM]   [0] SDKCall
L 12/23/2025 - 16:03:39: [SM]   [1] Line 235, /home/forums/content/files/4/8/2/4/5/73422.attach::TakeOverBot
L 12/23/2025 - 16:03:39: [SM]   [2] Line 148, /home/forums/content/files/4/8/2/4/5/73422.attach::Event_PlayerDeath
L 12/23/2025 - 16:03:39: [SM] Exception reported: Invalid convar handle 0 (error 4)
L 12/23/2025 - 16:03:39: [SM] Blaming: ÒankrunFixhealth.smx
L 12/23/2025 - 16:03:39: [SM] Call stack trace:
L 12/23/2025 - 16:03:39: [SM]   [0] GetConVarString
L 12/23/2025 - 16:03:39: [SM]   [1] Line 138, C:\Users\Moises\Downloads\Compressed\sourcemod-1.11.0-git6968-windows\addons\sourcemod\scripting\ÒankrunFixhealth.sp::IsTankRunActive
L 12/23/2025 - 16:03:39: [SM]   [2] Line 79, C:\Users\Moises\Downloads\Compressed\sourcemod-1.11.0-git6968-windows\addons\sourcemod\scripting\ÒankrunFixhealth.sp::Event_PlayerDeath
L 12/23/2025 - 16:03:39: [SM] Exception reported: Invalid timer handle 65d00485 (error 1)
L 12/23/2025 - 16:03:39: [SM] Blaming: l4d2_playerjoining_v2.smx
L 12/23/2025 - 16:03:39: [SM] Call stack trace:
L 12/23/2025 - 16:03:39: [SM]   [0] KillTimer
L 12/23/2025 - 16:03:39: [SM]   [1] Line 53, C:\Users\Moises\Downloads\Compressed\sourcemod-1.11.0-git6968-windows\addons\sourcemod\scripting\l4d2_playerjoining_v2.sp::OnClientDisconnect
L 12/23/2025 - 16:03:40: [SM] Exception reported: Language phrase "Type in chat !join To join the survivors" not found (arg 6)
L 12/23/2025 - 16:03:40: [SM] Blaming: l4dmultislots.smx
L 12/23/2025 - 16:03:40: [SM] Call stack trace:
L 12/23/2025 - 16:03:40: [SM]   [0] VFormat
L 12/23/2025 - 16:03:40: [SM]   [1] Line 71, D:\Github\Private-Work\L4D2-Êèí‰ª∂\scripting_1.11\include\multicolors.inc::CPrintToChat
L 12/23/2025 - 16:03:40: [SM]   [2] Line 938, d:\Github\Private-Work\L4D2-Êèí‰ª∂\scripting_1.11\l4dmultislots.sp::Timer_SpecCheck
L 12/23/2025 - 16:03:48: [SM] Exception reported: Invalid convar handle 0 (error 4)
L 12/23/2025 - 16:03:48: [SM] Blaming: ÒankrunFixhealth.smx
L 12/23/2025 - 16:03:48: [SM] Call stack trace:
L 12/23/2025 - 16:03:48: [SM]   [0] GetConVarString
L 12/23/2025 - 16:03:48: [SM]   [1] Line 138, C:\Users\Moises\Downloads\Compressed\sourcemod-1.11.0-git6968-windows\addons\sourcemod\scripting\ÒankrunFixhealth.sp::IsTankRunActive
L 12/23/2025 - 16:03:48: [SM]   [2] Line 36, C:\Users\Moises\Downloads\Compressed\sourcemod-1.11.0-git6968-windows\addons\sourcemod\scripting\ÒankrunFixhealth.sp::Timer_PeriodicCheck
L 12/23/2025 - 16:03:54: [SM] Exception reported: Invalid convar handle 0 (error 4)
L 12/23/2025 - 16:03:54: [SM] Blaming: ÒankrunFixhealth.smx
L 12/23/2025 - 16:03:54: [SM] Call stack trace:
L 12/23/2025 - 16:03:54: [SM]   [0] GetConVarString
L 12/23/2025 - 16:03:54: [SM]   [1] Line 138, C:\Users\Moises\Downloads\Compressed\sourcemod-1.11.0-git6968-windows\addons\sourcemod\scripting\ÒankrunFixhealth.sp::IsTankRunActive
L 12/23/2025 - 16:03:54: [SM]   [2] Line 79, C:\Users\Moises\Downloads\Compressed\sourcemod-1.11.0-git6968-windows\addons\sourcemod\scripting\ÒankrunFixhealth.sp::Event_PlayerDeath
L 12/23/2025 - 16:03:55: [SM] Exception reported: Invalid convar handle 0 (error 4)
L 12/23/2025 - 16:03:55: [SM] Blaming: ÒankrunFixhealth.smx
L 12/23/2025 - 16:03:55: [SM] Call stack trace:
L 12/23/2025 - 16:03:55: [SM]   [0] GetConVarString
L 12/23/2025 - 16:03:55: [SM]   [1] Line 138, C:\Users\Moises\Downloads\Compressed\sourcemod-1.11.0-git6968-windows\addons\sourcemod\scripting\ÒankrunFixhealth.sp::IsTankRunActive
L 12/23/2025 - 16:03:55: [SM]   [2] Line 79, C:\Users\Moises\Downloads\Compressed\sourcemod-1.11.0-git6968-windows\addons\sourcemod\scripting\ÒankrunFixhealth.sp::Event_PlayerDeath
L 12/23/2025 - 16:03:58: [SM] Exception reported: Invalid convar handle 0 (error 4)
L 12/23/2025 - 16:03:58: [SM] Blaming: ÒankrunFixhealth.smx
L 12/23/2025 - 16:03:58: [SM] Call stack trace:
L 12/23/2025 - 16:03:58: [SM]   [0] GetConVarString
L 12/23/2025 - 16:03:58: [SM]   [1] Line 138, C:\Users\Moises\Downloads\Compressed\sourcemod-1.11.0-git6968-windows\addons\sourcemod\scripting\ÒankrunFixhealth.sp::IsTankRunActive
L 12/23/2025 - 16:03:58: [SM]   [2] Line 79, C:\Users\Moises\Downloads\Compressed\sourcemod-1.11.0-git6968-windows\addons\sourcemod\scripting\ÒankrunFixhealth.sp::Event_PlayerDeath
L 12/23/2025 - 16:03:58: [SM] Exception reported: Invalid convar handle 0 (error 4)
L 12/23/2025 - 16:03:58: [SM] Blaming: ÒankrunFixhealth.smx
L 12/23/2025 - 16:03:58: [SM] Call stack trace:
L 12/23/2025 - 16:03:58: [SM]   [0] GetConVarString
L 12/23/2025 - 16:03:58: [SM]   [1] Line 138, C:\Users\Moises\Downloads\Compressed\sourcemod-1.11.0-git6968-windows\addons\sourcemod\scripting\ÒankrunFixhealth.sp::IsTankRunActive
L 12/23/2025 - 16:03:58: [SM]   [2] Line 36, C:\Users\Moises\Downloads\Compressed\sourcemod-1.11.0-git6968-windows\addons\sourcemod\scripting\ÒankrunFixhealth.sp::Timer_PeriodicCheck
L 12/23/2025 - 16:04:01: [SM] Exception reported: Invalid timer handle 107004a5 (error 1)
L 12/23/2025 - 16:04:01: [SM] Blaming: l4d2_playerjoining_v2.smx
L 12/23/2025 - 16:04:01: [SM] Call stack trace:
L 12/23/2025 - 16:04:01: [SM]   [0] KillTimer
L 12/23/2025 - 16:04:01: [SM]   [1] Line 53, C:\Users\Moises\Downloads\Compressed\sourcemod-1.11.0-git6968-windows\addons\sourcemod\scripting\l4d2_playerjoining_v2.sp::OnClientDisconnect
L 12/23/2025 - 16:04:05: [SM] Exception reported: Invalid timer handle f3900452 (error 1)
L 12/23/2025 - 16:04:05: [SM] Blaming: l4d2_playerjoining_v2.smx
L 12/23/2025 - 16:04:05: [SM] Call stack trace:
L 12/23/2025 - 16:04:05: [SM]   [0] KillTimer
L 12/23/2025 - 16:04:05: [SM]   [1] Line 53, C:\Users\Moises\Downloads\Compressed\sourcemod-1.11.0-git6968-windows\addons\sourcemod\scripting\l4d2_playerjoining_v2.sp::OnClientDisconnect
L 12/23/2025 - 16:04:05: [SM] Exception reported: Language phrase "Type in chat !join To join the survivors" not found (arg 6)
L 12/23/2025 - 16:04:05: [SM] Blaming: l4dmultislots.smx
L 12/23/2025 - 16:04:05: [SM] Call stack trace:
L 12/23/2025 - 16:04:05: [SM]   [0] VFormat
L 12/23/2025 - 16:04:05: [SM]   [1] Line 71, D:\Github\Private-Work\L4D2-Êèí‰ª∂\scripting_1.11\include\multicolors.inc::CPrintToChat
L 12/23/2025 - 16:04:05: [SM]   [2] Line 938, d:\Github\Private-Work\L4D2-Êèí‰ª∂\scripting_1.11\l4dmultislots.sp::Timer_SpecCheck
L 12/23/2025 - 16:04:08: [SM] Exception reported: Invalid convar handle 0 (error 4)
L 12/23/2025 - 16:04:08: [SM] Blaming: ÒankrunFixhealth.smx
L 12/23/2025 - 16:04:08: [SM] Call stack trace:
L 12/23/2025 - 16:04:08: [SM]   [0] GetConVarString
L 12/23/2025 - 16:04:08: [SM]   [1] Line 138, C:\Users\Moises\Downloads\Compressed\sourcemod-1.11.0-git6968-windows\addons\sourcemod\scripting\ÒankrunFixhealth.sp::IsTankRunActive
L 12/23/2025 - 16:04:08: [SM]   [2] Line 36, C:\Users\Moises\Downloads\Compressed\sourcemod-1.11.0-git6968-windows\addons\sourcemod\scripting\ÒankrunFixhealth.sp::Timer_PeriodicCheck
L 12/23/2025 - 16:04:18: [SM] Exception reported: Invalid convar handle 0 (error 4)
L 12/23/2025 - 16:04:18: [SM] Blaming: ÒankrunFixhealth.smx
L 12/23/2025 - 16:04:18: [SM] Call stack trace:
L 12/23/2025 - 16:04:18: [SM]   [0] GetConVarString
L 12/23/2025 - 16:04:18: [SM]   [1] Line 138, C:\Users\Moises\Downloads\Compressed\sourcemod-1.11.0-git6968-windows\addons\sourcemod\scripting\ÒankrunFixhealth.sp::IsTankRunActive
L 12/23/2025 - 16:04:18: [SM]   [2] Line 36, C:\Users\Moises\Downloads\Compressed\sourcemod-1.11.0-git6968-windows\addons\sourcemod\scripting\ÒankrunFixhealth.sp::Timer_PeriodicCheck
L 12/23/2025 - 16:04:22: [SM] Exception reported: Invalid timer handle 107004a5 (error 1)
L 12/23/2025 - 16:04:22: [SM] Blaming: l4d2_playerjoining_v2.smx
L 12/23/2025 - 16:04:22: [SM] Call stack trace:
L 12/23/2025 - 16:04:22: [SM]   [0] KillTimer
L 12/23/2025 - 16:04:22: [SM]   [1] Line 53, C:\Users\Moises\Downloads\Compressed\sourcemod-1.11.0-git6968-windows\addons\sourcemod\scripting\l4d2_playerjoining_v2.sp::OnClientDisconnect
L 12/23/2025 - 16:04:23: [SM] Exception reported: Invalid convar handle 0 (error 4)
L 12/23/2025 - 16:04:23: [SM] Blaming: ÒankrunFixhealth.smx
L 12/23/2025 - 16:04:23: [SM] Call stack trace:
L 12/23/2025 - 16:04:23: [SM]   [0] GetConVarString
L 12/23/2025 - 16:04:23: [SM]   [1] Line 138, C:\Users\Moises\Downloads\Compressed\sourcemod-1.11.0-git6968-windows\addons\sourcemod\scripting\ÒankrunFixhealth.sp::IsTankRunActive
L 12/23/2025 - 16:04:23: [SM]   [2] Line 79, C:\Users\Moises\Downloads\Compressed\sourcemod-1.11.0-git6968-windows\addons\sourcemod\scripting\ÒankrunFixhealth.sp::Event_PlayerDeath
L 12/23/2025 - 16:04:28: [SM] Exception reported: Invalid convar handle 0 (error 4)
L 12/23/2025 - 16:04:28: [SM] Blaming: ÒankrunFixhealth.smx
L 12/23/2025 - 16:04:28: [SM] Call stack trace:
L 12/23/2025 - 16:04:28: [SM]   [0] GetConVarString
L 12/23/2025 - 16:04:28: [SM]   [1] Line 138, C:\Users\Moises\Downloads\Compressed\sourcemod-1.11.0-git6968-windows\addons\sourcemod\scripting\ÒankrunFixhealth.sp::IsTankRunActive
L 12/23/2025 - 16:04:28: [SM]   [2] Line 36, C:\Users\Moises\Downloads\Compressed\sourcemod-1.11.0-git6968-windows\addons\sourcemod\scripting\ÒankrunFixhealth.sp::Timer_PeriodicCheck
L 12/23/2025 - 16:04:30: [SM] Exception reported: Invalid timer handle bba00479 (error 3)
L 12/23/2025 - 16:04:30: [SM] Blaming: l4d2_playerjoining_v2.smx
L 12/23/2025 - 16:04:30: [SM] Call stack trace:
L 12/23/2025 - 16:04:30: [SM]   [0] KillTimer
L 12/23/2025 - 16:04:30: [SM]   [1] Line 53, C:\Users\Moises\Downloads\Compressed\sourcemod-1.11.0-git6968-windows\addons\sourcemod\scripting\l4d2_playerjoining_v2.sp::OnClientDisconnect
L 12/23/2025 - 16:04:30: [SM] Exception reported: Language phrase "Type in chat !join To join the survivors" not found (arg 6)
L 12/23/2025 - 16:04:30: [SM] Blaming: l4dmultislots.smx
L 12/23/2025 - 16:04:30: [SM] Call stack trace:
L 12/23/2025 - 16:04:30: [SM]   [0] VFormat
L 12/23/2025 - 16:04:30: [SM]   [1] Line 71, D:\Github\Private-Work\L4D2-Êèí‰ª∂\scripting_1.11\include\multicolors.inc::CPrintToChat
L 12/23/2025 - 16:04:30: [SM]   [2] Line 938, d:\Github\Private-Work\L4D2-Êèí‰ª∂\scripting_1.11\l4dmultislots.sp::Timer_SpecCheck
L 12/23/2025 - 16:04:38: [SM] Exception reported: Invalid convar handle 0 (error 4)
L 12/23/2025 - 16:04:38: [SM] Blaming: ÒankrunFixhealth.smx
L 12/23/2025 - 16:04:38: [SM] Call stack trace:
L 12/23/2025 - 16:04:38: [SM]   [0] GetConVarString
L 12/23/2025 - 16:04:38: [SM]   [1] Line 138, C:\Users\Moises\Downloads\Compressed\sourcemod-1.11.0-git6968-windows\addons\sourcemod\scripting\ÒankrunFixhealth.sp::IsTankRunActive
L 12/23/2025 - 16:04:38: [SM]   [2] Line 36, C:\Users\Moises\Downloads\Compressed\sourcemod-1.11.0-git6968-windows\addons\sourcemod\scripting\ÒankrunFixhealth.sp::Timer_PeriodicCheck
L 12/23/2025 - 16:04:47: [SM] Exception reported: Invalid convar handle 0 (error 4)
L 12/23/2025 - 16:04:47: [SM] Blaming: ÒankrunFixhealth.smx
L 12/23/2025 - 16:04:47: [SM] Call stack trace:
L 12/23/2025 - 16:04:47: [SM]   [0] GetConVarString
L 12/23/2025 - 16:04:47: [SM]   [1] Line 138, C:\Users\Moises\Downloads\Compressed\sourcemod-1.11.0-git6968-windows\addons\sourcemod\scripting\ÒankrunFixhealth.sp::IsTankRunActive
L 12/23/2025 - 16:04:47: [SM]   [2] Line 79, C:\Users\Moises\Downloads\Compressed\sourcemod-1.11.0-git6968-windows\addons\sourcemod\scripting\ÒankrunFixhealth.sp::Event_PlayerDeath
L 12/23/2025 - 16:04:48: [SM] Exception reported: Invalid convar handle 0 (error 4)
L 12/23/2025 - 16:04:48: [SM] Blaming: ÒankrunFixhealth.smx
L 12/23/2025 - 16:04:48: [SM] Call stack trace:
L 12/23/2025 - 16:04:48: [SM]   [0] GetConVarString
L 12/23/2025 - 16:04:48: [SM]   [1] Line 138, C:\Users\Moises\Downloads\Compressed\sourcemod-1.11.0-git6968-windows\addons\sourcemod\scripting\ÒankrunFixhealth.sp::IsTankRunActive
L 12/23/2025 - 16:04:48: [SM]   [2] Line 36, C:\Users\Moises\Downloads\Compressed\sourcemod-1.11.0-git6968-windows\addons\sourcemod\scripting\ÒankrunFixhealth.sp::Timer_PeriodicCheck
L 12/23/2025 - 16:04:55: [SM] Exception reported: Language phrase "Type in chat !join To join the survivors" not found (arg 6)
L 12/23/2025 - 16:04:55: [SM] Blaming: l4dmultislots.smx
L 12/23/2025 - 16:04:55: [SM] Call stack trace:
L 12/23/2025 - 16:04:55: [SM]   [0] VFormat
L 12/23/2025 - 16:04:55: [SM]   [1] Line 71, D:\Github\Private-Work\L4D2-Êèí‰ª∂\scripting_1.11\include\multicolors.inc::CPrintToChat
L 12/23/2025 - 16:04:55: [SM]   [2] Line 938, d:\Github\Private-Work\L4D2-Êèí‰ª∂\scripting_1.11\l4dmultislots.sp::Timer_SpecCheck
L 12/23/2025 - 16:04:58: [SM] Exception reported: Invalid convar handle 0 (error 4)
L 12/23/2025 - 16:04:58: [SM] Blaming: ÒankrunFixhealth.smx
L 12/23/2025 - 16:04:58: [SM] Call stack trace:
L 12/23/2025 - 16:04:58: [SM]   [0] GetConVarString
L 12/23/2025 - 16:04:58: [SM]   [1] Line 138, C:\Users\Moises\Downloads\Compressed\sourcemod-1.11.0-git6968-windows\addons\sourcemod\scripting\ÒankrunFixhealth.sp::IsTankRunActive
L 12/23/2025 - 16:04:58: [SM]   [2] Line 36, C:\Users\Moises\Downloads\Compressed\sourcemod-1.11.0-git6968-windows\addons\sourcemod\scripting\ÒankrunFixhealth.sp::Timer_PeriodicCheck
L 12/23/2025 - 16:05:08: [SM] Exception reported: Invalid convar handle 0 (error 4)
L 12/23/2025 - 16:05:08: [SM] Blaming: ÒankrunFixhealth.smx
L 12/23/2025 - 16:05:08: [SM] Call stack trace:
L 12/23/2025 - 16:05:08: [SM]   [0] GetConVarString
L 12/23/2025 - 16:05:08: [SM]   [1] Line 138, C:\Users\Moises\Downloads\Compressed\sourcemod-1.11.0-git6968-windows\addons\sourcemod\scripting\ÒankrunFixhealth.sp::IsTankRunActive
L 12/23/2025 - 16:05:08: [SM]   [2] Line 36, C:\Users\Moises\Downloads\Compressed\sourcemod-1.11.0-git6968-windows\addons\sourcemod\scripting\ÒankrunFixhealth.sp::Timer_PeriodicCheck
L 12/23/2025 - 16:05:18: [SM] Exception reported: Invalid convar handle 0 (error 4)
L 12/23/2025 - 16:05:18: [SM] Blaming: ÒankrunFixhealth.smx
L 12/23/2025 - 16:05:18: [SM] Call stack trace:
L 12/23/2025 - 16:05:18: [SM]   [0] GetConVarString
L 12/23/2025 - 16:05:18: [SM]   [1] Line 138, C:\Users\Moises\Downloads\Compressed\sourcemod-1.11.0-git6968-windows\addons\sourcemod\scripting\ÒankrunFixhealth.sp::IsTankRunActive
L 12/23/2025 - 16:05:18: [SM]   [2] Line 36, C:\Users\Moises\Downloads\Compressed\sourcemod-1.11.0-git6968-windows\addons\sourcemod\scripting\ÒankrunFixhealth.sp::Timer_PeriodicCheck
L 12/23/2025 - 16:05:20: [SM] Exception reported: Language phrase "Type in chat !join To join the survivors" not found (arg 6)
L 12/23/2025 - 16:05:20: [SM] Blaming: l4dmultislots.smx
L 12/23/2025 - 16:05:20: [SM] Call stack trace:
L 12/23/2025 - 16:05:20: [SM]   [0] VFormat
L 12/23/2025 - 16:05:20: [SM]   [1] Line 71, D:\Github\Private-Work\L4D2-Êèí‰ª∂\scripting_1.11\include\multicolors.inc::CPrintToChat
L 12/23/2025 - 16:05:20: [SM]   [2] Line 938, d:\Github\Private-Work\L4D2-Êèí‰ª∂\scripting_1.11\l4dmultislots.sp::Timer_SpecCheck
L 12/23/2025 - 16:05:28: [SM] Exception reported: Invalid convar handle 0 (error 4)
L 12/23/2025 - 16:05:28: [SM] Blaming: ÒankrunFixhealth.smx
L 12/23/2025 - 16:05:28: [SM] Call stack trace:
L 12/23/2025 - 16:05:28: [SM]   [0] GetConVarString
L 12/23/2025 - 16:05:28: [SM]   [1] Line 138, C:\Users\Moises\Downloads\Compressed\sourcemod-1.11.0-git6968-windows\addons\sourcemod\scripting\ÒankrunFixhealth.sp::IsTankRunActive
L 12/23/2025 - 16:05:28: [SM]   [2] Line 36, C:\Users\Moises\Downloads\Compressed\sourcemod-1.11.0-git6968-windows\addons\sourcemod\scripting\ÒankrunFixhealth.sp::Timer_PeriodicCheck
L 12/23/2025 - 16:05:38: [SM] Exception reported: Invalid convar handle 0 (error 4)
L 12/23/2025 - 16:05:38: [SM] Blaming: ÒankrunFixhealth.smx
L 12/23/2025 - 16:05:38: [SM] Call stack trace:
L 12/23/2025 - 16:05:38: [SM]   [0] GetConVarString
L 12/23/2025 - 16:05:38: [SM]   [1] Line 138, C:\Users\Moises\Downloads\Compressed\sourcemod-1.11.0-git6968-windows\addons\sourcemod\scripting\ÒankrunFixhealth.sp::IsTankRunActive
L 12/23/2025 - 16:05:38: [SM]   [2] Line 36, C:\Users\Moises\Downloads\Compressed\sourcemod-1.11.0-git6968-windows\addons\sourcemod\scripting\ÒankrunFixhealth.sp::Timer_PeriodicCheck
L 12/23/2025 - 16:05:45: [SM] Exception reported: Language phrase "Type in chat !join To join the survivors" not found (arg 6)
L 12/23/2025 - 16:05:45: [SM] Blaming: l4dmultislots.smx
L 12/23/2025 - 16:05:45: [SM] Call stack trace:
L 12/23/2025 - 16:05:45: [SM]   [0] VFormat
L 12/23/2025 - 16:05:45: [SM]   [1] Line 71, D:\Github\Private-Work\L4D2-Êèí‰ª∂\scripting_1.11\include\multicolors.inc::CPrintToChat
L 12/23/2025 - 16:05:45: [SM]   [2] Line 938, d:\Github\Private-Work\L4D2-Êèí‰ª∂\scripting_1.11\l4dmultislots.sp::Timer_SpecCheck
L 12/23/2025 - 16:05:48: [SM] Exception reported: Invalid convar handle 0 (error 4)
L 12/23/2025 - 16:05:48: [SM] Blaming: ÒankrunFixhealth.smx
L 12/23/2025 - 16:05:48: [SM] Call stack trace:
L 12/23/2025 - 16:05:48: [SM]   [0] GetConVarString
L 12/23/2025 - 16:05:48: [SM]   [1] Line 138, C:\Users\Moises\Downloads\Compressed\sourcemod-1.11.0-git6968-windows\addons\sourcemod\scripting\ÒankrunFixhealth.sp::IsTankRunActive
L 12/23/2025 - 16:05:48: [SM]   [2] Line 36, C:\Users\Moises\Downloads\Compressed\sourcemod-1.11.0-git6968-windows\addons\sourcemod\scripting\ÒankrunFixhealth.sp::Timer_PeriodicCheck
L 12/23/2025 - 16:05:58: [SM] Exception reported: Invalid convar handle 0 (error 4)
L 12/23/2025 - 16:05:58: [SM] Blaming: ÒankrunFixhealth.smx
L 12/23/2025 - 16:05:58: [SM] Call stack trace:
L 12/23/2025 - 16:05:58: [SM]   [0] GetConVarString
L 12/23/2025 - 16:05:58: [SM]   [1] Line 138, C:\Users\Moises\Downloads\Compressed\sourcemod-1.11.0-git6968-windows\addons\sourcemod\scripting\ÒankrunFixhealth.sp::IsTankRunActive
L 12/23/2025 - 16:05:58: [SM]   [2] Line 36, C:\Users\Moises\Downloads\Compressed\sourcemod-1.11.0-git6968-windows\addons\sourcemod\scripting\ÒankrunFixhealth.sp::Timer_PeriodicCheck
L 12/23/2025 - 16:06:08: [SM] Exception reported: Invalid convar handle 0 (error 4)
L 12/23/2025 - 16:06:08: [SM] Blaming: ÒankrunFixhealth.smx
L 12/23/2025 - 16:06:08: [SM] Call stack trace:
L 12/23/2025 - 16:06:08: [SM]   [0] GetConVarString
L 12/23/2025 - 16:06:08: [SM]   [1] Line 138, C:\Users\Moises\Downloads\Compressed\sourcemod-1.11.0-git6968-windows\addons\sourcemod\scripting\ÒankrunFixhealth.sp::IsTankRunActive
L 12/23/2025 - 16:06:08: [SM]   [2] Line 36, C:\Users\Moises\Downloads\Compressed\sourcemod-1.11.0-git6968-windows\addons\sourcemod\scripting\ÒankrunFixhealth.sp::Timer_PeriodicCheck
L 12/23/2025 - 16:06:09: [SM] Exception reported: Invalid convar handle 0 (error 4)
L 12/23/2025 - 16:06:09: [SM] Blaming: ÒankrunFixhealth.smx
L 12/23/2025 - 16:06:09: [SM] Call stack trace:
L 12/23/2025 - 16:06:09: [SM]   [0] GetConVarString
L 12/23/2025 - 16:06:09: [SM]   [1] Line 138, C:\Users\Moises\Downloads\Compressed\sourcemod-1.11.0-git6968-windows\addons\sourcemod\scripting\ÒankrunFixhealth.sp::IsTankRunActive
L 12/23/2025 - 16:06:09: [SM]   [2] Line 79, C:\Users\Moises\Downloads\Compressed\sourcemod-1.11.0-git6968-windows\addons\sourcemod\scripting\ÒankrunFixhealth.sp::Event_PlayerDeath
L 12/23/2025 - 16:06:09: [SM] Exception reported: Invalid convar handle 0 (error 4)
L 12/23/2025 - 16:06:09: [SM] Blaming: ÒankrunFixhealth.smx
L 12/23/2025 - 16:06:09: [SM] Call stack trace:
L 12/23/2025 - 16:06:09: [SM]   [0] GetConVarString
L 12/23/2025 - 16:06:09: [SM]   [1] Line 138, C:\Users\Moises\Downloads\Compressed\sourcemod-1.11.0-git6968-windows\addons\sourcemod\scripting\ÒankrunFixhealth.sp::IsTankRunActive
L 12/23/2025 - 16:06:09: [SM]   [2] Line 79, C:\Users\Moises\Downloads\Compressed\sourcemod-1.11.0-git6968-windows\addons\sourcemod\scripting\ÒankrunFixhealth.sp::Event_PlayerDeath
L 12/23/2025 - 16:06:09: [SM] Exception reported: Invalid convar handle 0 (error 4)
L 12/23/2025 - 16:06:09: [SM] Blaming: ÒankrunFixhealth.smx
L 12/23/2025 - 16:06:09: [SM] Call stack trace:
L 12/23/2025 - 16:06:09: [SM]   [0] GetConVarString
L 12/23/2025 - 16:06:09: [SM]   [1] Line 138, C:\Users\Moises\Downloads\Compressed\sourcemod-1.11.0-git6968-windows\addons\sourcemod\scripting\ÒankrunFixhealth.sp::IsTankRunActive
L 12/23/2025 - 16:06:09: [SM]   [2] Line 79, C:\Users\Moises\Downloads\Compressed\sourcemod-1.11.0-git6968-windows\addons\sourcemod\scripting\ÒankrunFixhealth.sp::Event_PlayerDeath
L 12/23/2025 - 16:06:09: [SM] Exception reported: Invalid convar handle 0 (error 4)
L 12/23/2025 - 16:06:09: [SM] Blaming: ÒankrunFixhealth.smx
L 12/23/2025 - 16:06:09: [SM] Call stack trace:
L 12/23/2025 - 16:06:09: [SM]   [0] GetConVarString
L 12/23/2025 - 16:06:09: [SM]   [1] Line 138, C:\Users\Moises\Downloads\Compressed\sourcemod-1.11.0-git6968-windows\addons\sourcemod\scripting\ÒankrunFixhealth.sp::IsTankRunActive
L 12/23/2025 - 16:06:09: [SM]   [2] Line 79, C:\Users\Moises\Downloads\Compressed\sourcemod-1.11.0-git6968-windows\addons\sourcemod\scripting\ÒankrunFixhealth.sp::Event_PlayerDeath
L 12/23/2025 - 16:06:10: [SM] Exception reported: Language phrase "Type in chat !join To join the survivors" not found (arg 6)
L 12/23/2025 - 16:06:10: [SM] Blaming: l4dmultislots.smx
L 12/23/2025 - 16:06:10: [SM] Call stack trace:
L 12/23/2025 - 16:06:10: [SM]   [0] VFormat
L 12/23/2025 - 16:06:10: [SM]   [1] Line 71, D:\Github\Private-Work\L4D2-Êèí‰ª∂\scripting_1.11\include\multicolors.inc::CPrintToChat
L 12/23/2025 - 16:06:10: [SM]   [2] Line 938, d:\Github\Private-Work\L4D2-Êèí‰ª∂\scripting_1.11\l4dmultislots.sp::Timer_SpecCheck
L 12/23/2025 - 16:06:11: [SM] Exception reported: Invalid convar handle 0 (error 4)
L 12/23/2025 - 16:06:11: [SM] Blaming: ÒankrunFixhealth.smx
L 12/23/2025 - 16:06:11: [SM] Call stack trace:
L 12/23/2025 - 16:06:11: [SM]   [0] GetConVarString
L 12/23/2025 - 16:06:11: [SM]   [1] Line 138, C:\Users\Moises\Downloads\Compressed\sourcemod-1.11.0-git6968-windows\addons\sourcemod\scripting\ÒankrunFixhealth.sp::IsTankRunActive
L 12/23/2025 - 16:06:11: [SM]   [2] Line 79, C:\Users\Moises\Downloads\Compressed\sourcemod-1.11.0-git6968-windows\addons\sourcemod\scripting\ÒankrunFixhealth.sp::Event_PlayerDeath
L 12/23/2025 - 16:06:16: [SM] Exception reported: Invalid timer handle e2300445 (error 1)
L 12/23/2025 - 16:06:16: [SM] Blaming: l4d2_playerjoining_v2.smx
L 12/23/2025 - 16:06:16: [SM] Call stack trace:
L 12/23/2025 - 16:06:16: [SM]   [0] KillTimer
L 12/23/2025 - 16:06:16: [SM]   [1] Line 53, C:\Users\Moises\Downloads\Compressed\sourcemod-1.11.0-git6968-windows\addons\sourcemod\scripting\l4d2_playerjoining_v2.sp::OnClientDisconnect
L 12/23/2025 - 16:06:16: [SM] Exception reported: Invalid timer handle 65d00485 (error 1)
L 12/23/2025 - 16:06:16: [SM] Blaming: l4d2_playerjoining_v2.smx
L 12/23/2025 - 16:06:16: [SM] Call stack trace:
L 12/23/2025 - 16:06:16: [SM]   [0] KillTimer
L 12/23/2025 - 16:06:16: [SM]   [1] Line 53, C:\Users\Moises\Downloads\Compressed\sourcemod-1.11.0-git6968-windows\addons\sourcemod\scripting\l4d2_playerjoining_v2.sp::OnClientDisconnect
L 12/23/2025 - 16:06:16: [SM] Exception reported: Invalid timer handle f3900452 (error 1)
L 12/23/2025 - 16:06:16: [SM] Blaming: l4d2_playerjoining_v2.smx
L 12/23/2025 - 16:06:16: [SM] Call stack trace:
L 12/23/2025 - 16:06:16: [SM]   [0] KillTimer
L 12/23/2025 - 16:06:16: [SM]   [1] Line 53, C:\Users\Moises\Downloads\Compressed\sourcemod-1.11.0-git6968-windows\addons\sourcemod\scripting\l4d2_playerjoining_v2.sp::OnClientDisconnect
L 12/23/2025 - 16:06:18: [SM] Exception reported: Invalid convar handle 0 (error 4)
L 12/23/2025 - 16:06:18: [SM] Blaming: ÒankrunFixhealth.smx
L 12/23/2025 - 16:06:18: [SM] Call stack trace:
L 12/23/2025 - 16:06:18: [SM]   [0] GetConVarString
L 12/23/2025 - 16:06:18: [SM]   [1] Line 138, C:\Users\Moises\Downloads\Compressed\sourcemod-1.11.0-git6968-windows\addons\sourcemod\scripting\ÒankrunFixhealth.sp::IsTankRunActive
L 12/23/2025 - 16:06:18: [SM]   [2] Line 36, C:\Users\Moises\Downloads\Compressed\sourcemod-1.11.0-git6968-windows\addons\sourcemod\scripting\ÒankrunFixhealth.sp::Timer_PeriodicCheck
L 12/23/2025 - 16:06:19: [SM] Exception reported: Invalid timer handle 107004a5 (error 1)
L 12/23/2025 - 16:06:19: [SM] Blaming: l4d2_playerjoining_v2.smx
L 12/23/2025 - 16:06:19: [SM] Call stack trace:
L 12/23/2025 - 16:06:19: [SM]   [0] KillTimer
L 12/23/2025 - 16:06:19: [SM]   [1] Line 53, C:\Users\Moises\Downloads\Compressed\sourcemod-1.11.0-git6968-windows\addons\sourcemod\scripting\l4d2_playerjoining_v2.sp::OnClientDisconnect
L 12/23/2025 - 16:06:22: [SM] Exception reported: Invalid convar handle 0 (error 4)
L 12/23/2025 - 16:06:22: [SM] Blaming: ÒankrunFixhealth.smx
L 12/23/2025 - 16:06:22: [SM] Call stack trace:
L 12/23/2025 - 16:06:22: [SM]   [0] GetConVarString
L 12/23/2025 - 16:06:22: [SM]   [1] Line 138, C:\Users\Moises\Downloads\Compressed\sourcemod-1.11.0-git6968-windows\addons\sourcemod\scripting\ÒankrunFixhealth.sp::IsTankRunActive
L 12/23/2025 - 16:06:22: [SM]   [2] Line 79, C:\Users\Moises\Downloads\Compressed\sourcemod-1.11.0-git6968-windows\addons\sourcemod\scripting\ÒankrunFixhealth.sp::Event_PlayerDeath
L 12/23/2025 - 16:06:28: [SM] Exception reported: Invalid convar handle 0 (error 4)
L 12/23/2025 - 16:06:28: [SM] Blaming: ÒankrunFixhealth.smx
L 12/23/2025 - 16:06:28: [SM] Call stack trace:
L 12/23/2025 - 16:06:28: [SM]   [0] GetConVarString
L 12/23/2025 - 16:06:28: [SM]   [1] Line 138, C:\Users\Moises\Downloads\Compressed\sourcemod-1.11.0-git6968-windows\addons\sourcemod\scripting\ÒankrunFixhealth.sp::IsTankRunActive
L 12/23/2025 - 16:06:28: [SM]   [2] Line 36, C:\Users\Moises\Downloads\Compressed\sourcemod-1.11.0-git6968-windows\addons\sourcemod\scripting\ÒankrunFixhealth.sp::Timer_PeriodicCheck
L 12/23/2025 - 16:06:29: [SM] Exception reported: Invalid timer handle bba00479 (error 3)
L 12/23/2025 - 16:06:29: [SM] Blaming: l4d2_playerjoining_v2.smx
L 12/23/2025 - 16:06:29: [SM] Call stack trace:
L 12/23/2025 - 16:06:29: [SM]   [0] KillTimer
L 12/23/2025 - 16:06:29: [SM]   [1] Line 53, C:\Users\Moises\Downloads\Compressed\sourcemod-1.11.0-git6968-windows\addons\sourcemod\scripting\l4d2_playerjoining_v2.sp::OnClientDisconnect
L 12/23/2025 - 16:06:32: [SM] Exception reported: Invalid convar handle 0 (error 4)
L 12/23/2025 - 16:06:32: [SM] Blaming: ÒankrunFixhealth.smx
L 12/23/2025 - 16:06:32: [SM] Call stack trace:
L 12/23/2025 - 16:06:32: [SM]   [0] GetConVarString
L 12/23/2025 - 16:06:32: [SM]   [1] Line 138, C:\Users\Moises\Downloads\Compressed\sourcemod-1.11.0-git6968-windows\addons\sourcemod\scripting\ÒankrunFixhealth.sp::IsTankRunActive
L 12/23/2025 - 16:06:32: [SM]   [2] Line 79, C:\Users\Moises\Downloads\Compressed\sourcemod-1.11.0-git6968-windows\addons\sourcemod\scripting\ÒankrunFixhealth.sp::Event_PlayerDeath
L 12/23/2025 - 16:06:35: [SM] Exception reported: Language phrase "Type in chat !join To join the survivors" not found (arg 6)
L 12/23/2025 - 16:06:35: [SM] Blaming: l4dmultislots.smx
L 12/23/2025 - 16:06:35: [SM] Call stack trace:
L 12/23/2025 - 16:06:35: [SM]   [0] VFormat
L 12/23/2025 - 16:06:35: [SM]   [1] Line 71, D:\Github\Private-Work\L4D2-Êèí‰ª∂\scripting_1.11\include\multicolors.inc::CPrintToChat
L 12/23/2025 - 16:06:35: [SM]   [2] Line 938, d:\Github\Private-Work\L4D2-Êèí‰ª∂\scripting_1.11\l4dmultislots.sp::Timer_SpecCheck
L 12/23/2025 - 16:06:38: [SM] Exception reported: Invalid convar handle 0 (error 4)
L 12/23/2025 - 16:06:38: [SM] Blaming: ÒankrunFixhealth.smx
L 12/23/2025 - 16:06:38: [SM] Call stack trace:
L 12/23/2025 - 16:06:38: [SM]   [0] GetConVarString
L 12/23/2025 - 16:06:38: [SM]   [1] Line 138, C:\Users\Moises\Downloads\Compressed\sourcemod-1.11.0-git6968-windows\addons\sourcemod\scripting\ÒankrunFixhealth.sp::IsTankRunActive
L 12/23/2025 - 16:06:38: [SM]   [2] Line 36, C:\Users\Moises\Downloads\Compressed\sourcemod-1.11.0-git6968-windows\addons\sourcemod\scripting\ÒankrunFixhealth.sp::Timer_PeriodicCheck
L 12/23/2025 - 16:06:48: [SM] Exception reported: Invalid convar handle 0 (error 4)
L 12/23/2025 - 16:06:48: [SM] Blaming: ÒankrunFixhealth.smx
L 12/23/2025 - 16:06:48: [SM] Call stack trace:
L 12/23/2025 - 16:06:48: [SM]   [0] GetConVarString
L 12/23/2025 - 16:06:48: [SM]   [1] Line 138, C:\Users\Moises\Downloads\Compressed\sourcemod-1.11.0-git6968-windows\addons\sourcemod\scripting\ÒankrunFixhealth.sp::IsTankRunActive
L 12/23/2025 - 16:06:48: [SM]   [2] Line 36, C:\Users\Moises\Downloads\Compressed\sourcemod-1.11.0-git6968-windows\addons\sourcemod\scripting\ÒankrunFixhealth.sp::Timer_PeriodicCheck
L 12/23/2025 - 16:06:57: [SM] Exception reported: Invalid Handle 0 (error 4)
L 12/23/2025 - 16:06:57: [SM] Blaming: l4dafkfix.smx
L 12/23/2025 - 16:06:57: [SM] Call stack trace:
L 12/23/2025 - 16:06:57: [SM]   [0] SDKCall
L 12/23/2025 - 16:06:57: [SM]   [1] Line 235, /home/forums/content/files/4/8/2/4/5/73422.attach::TakeOverBot
L 12/23/2025 - 16:06:57: [SM]   [2] Line 148, /home/forums/content/files/4/8/2/4/5/73422.attach::Event_PlayerDeath
L 12/23/2025 - 16:06:57: [SM] Exception reported: Invalid convar handle 0 (error 4)
L 12/23/2025 - 16:06:57: [SM] Blaming: ÒankrunFixhealth.smx
L 12/23/2025 - 16:06:57: [SM] Call stack trace:
L 12/23/2025 - 16:06:57: [SM]   [0] GetConVarString
L 12/23/2025 - 16:06:57: [SM]   [1] Line 138, C:\Users\Moises\Downloads\Compressed\sourcemod-1.11.0-git6968-windows\addons\sourcemod\scripting\ÒankrunFixhealth.sp::IsTankRunActive
L 12/23/2025 - 16:06:57: [SM]   [2] Line 79, C:\Users\Moises\Downloads\Compressed\sourcemod-1.11.0-git6968-windows\addons\sourcemod\scripting\ÒankrunFixhealth.sp::Event_PlayerDeath
L 12/23/2025 - 16:06:57: [SM] Exception reported: Invalid timer handle 107004a5 (error 1)
L 12/23/2025 - 16:06:57: [SM] Blaming: l4d2_playerjoining_v2.smx
L 12/23/2025 - 16:06:57: [SM] Call stack trace:
L 12/23/2025 - 16:06:57: [SM]   [0] KillTimer
L 12/23/2025 - 16:06:57: [SM]   [1] Line 53, C:\Users\Moises\Downloads\Compressed\sourcemod-1.11.0-git6968-windows\addons\sourcemod\scripting\l4d2_playerjoining_v2.sp::OnClientDisconnect
L 12/23/2025 - 16:06:58: [SM] Exception reported: Invalid convar handle 0 (error 4)
L 12/23/2025 - 16:06:58: [SM] Blaming: ÒankrunFixhealth.smx
L 12/23/2025 - 16:06:58: [SM] Call stack trace:
L 12/23/2025 - 16:06:58: [SM]   [0] GetConVarString
L 12/23/2025 - 16:06:58: [SM]   [1] Line 138, C:\Users\Moises\Downloads\Compressed\sourcemod-1.11.0-git6968-windows\addons\sourcemod\scripting\ÒankrunFixhealth.sp::IsTankRunActive
L 12/23/2025 - 16:06:58: [SM]   [2] Line 36, C:\Users\Moises\Downloads\Compressed\sourcemod-1.11.0-git6968-windows\addons\sourcemod\scripting\ÒankrunFixhealth.sp::Timer_PeriodicCheck
L 12/23/2025 - 16:07:00: [SM] Exception reported: Language phrase "Type in chat !join To join the survivors" not found (arg 6)
L 12/23/2025 - 16:07:00: [SM] Blaming: l4dmultislots.smx
L 12/23/2025 - 16:07:00: [SM] Call stack trace:
L 12/23/2025 - 16:07:00: [SM]   [0] VFormat
L 12/23/2025 - 16:07:00: [SM]   [1] Line 71, D:\Github\Private-Work\L4D2-Êèí‰ª∂\scripting_1.11\include\multicolors.inc::CPrintToChat
L 12/23/2025 - 16:07:00: [SM]   [2] Line 938, d:\Github\Private-Work\L4D2-Êèí‰ª∂\scripting_1.11\l4dmultislots.sp::Timer_SpecCheck
L 12/23/2025 - 16:07:08: [SM] Exception reported: Invalid convar handle 0 (error 4)
L 12/23/2025 - 16:07:08: [SM] Blaming: ÒankrunFixhealth.smx
L 12/23/2025 - 16:07:08: [SM] Call stack trace:
L 12/23/2025 - 16:07:08: [SM]   [0] GetConVarString
L 12/23/2025 - 16:07:08: [SM]   [1] Line 138, C:\Users\Moises\Downloads\Compressed\sourcemod-1.11.0-git6968-windows\addons\sourcemod\scripting\ÒankrunFixhealth.sp::IsTankRunActive
L 12/23/2025 - 16:07:08: [SM]   [2] Line 36, C:\Users\Moises\Downloads\Compressed\sourcemod-1.11.0-git6968-windows\addons\sourcemod\scripting\ÒankrunFixhealth.sp::Timer_PeriodicCheck
L 12/23/2025 - 16:07:18: [SM] Exception reported: Invalid convar handle 0 (error 4)
L 12/23/2025 - 16:07:18: [SM] Blaming: ÒankrunFixhealth.smx
L 12/23/2025 - 16:07:18: [SM] Call stack trace:
L 12/23/2025 - 16:07:18: [SM]   [0] GetConVarString
L 12/23/2025 - 16:07:18: [SM]   [1] Line 138, C:\Users\Moises\Downloads\Compressed\sourcemod-1.11.0-git6968-windows\addons\sourcemod\scripting\ÒankrunFixhealth.sp::IsTankRunActive
L 12/23/2025 - 16:07:18: [SM]   [2] Line 36, C:\Users\Moises\Downloads\Compressed\sourcemod-1.11.0-git6968-windows\addons\sourcemod\scripting\ÒankrunFixhealth.sp::Timer_PeriodicCheck
L 12/23/2025 - 16:07:25: [SM] Exception reported: Invalid convar handle 0 (error 4)
L 12/23/2025 - 16:07:25: [SM] Blaming: ÒankrunFixhealth.smx
L 12/23/2025 - 16:07:25: [SM] Call stack trace:
L 12/23/2025 - 16:07:25: [SM]   [0] GetConVarString
L 12/23/2025 - 16:07:25: [SM]   [1] Line 138, C:\Users\Moises\Downloads\Compressed\sourcemod-1.11.0-git6968-windows\addons\sourcemod\scripting\ÒankrunFixhealth.sp::IsTankRunActive
L 12/23/2025 - 16:07:25: [SM]   [2] Line 79, C:\Users\Moises\Downloads\Compressed\sourcemod-1.11.0-git6968-windows\addons\sourcemod\scripting\ÒankrunFixhealth.sp::Event_PlayerDeath
L 12/23/2025 - 16:07:25: [SM] Exception reported: Language phrase "Type in chat !join To join the survivors" not found (arg 6)
L 12/23/2025 - 16:07:25: [SM] Blaming: l4dmultislots.smx
L 12/23/2025 - 16:07:25: [SM] Call stack trace:
L 12/23/2025 - 16:07:25: [SM]   [0] VFormat
L 12/23/2025 - 16:07:25: [SM]   [1] Line 71, D:\Github\Private-Work\L4D2-Êèí‰ª∂\scripting_1.11\include\multicolors.inc::CPrintToChat
L 12/23/2025 - 16:07:25: [SM]   [2] Line 938, d:\Github\Private-Work\L4D2-Êèí‰ª∂\scripting_1.11\l4dmultislots.sp::Timer_SpecCheck
L 12/23/2025 - 16:07:26: [SM] Exception reported: Invalid convar handle 0 (error 4)
L 12/23/2025 - 16:07:26: [SM] Blaming: ÒankrunFixhealth.smx
L 12/23/2025 - 16:07:26: [SM] Call stack trace:
L 12/23/2025 - 16:07:26: [SM]   [0] GetConVarString
L 12/23/2025 - 16:07:26: [SM]   [1] Line 138, C:\Users\Moises\Downloads\Compressed\sourcemod-1.11.0-git6968-windows\addons\sourcemod\scripting\ÒankrunFixhealth.sp::IsTankRunActive
L 12/23/2025 - 16:07:26: [SM]   [2] Line 79, C:\Users\Moises\Downloads\Compressed\sourcemod-1.11.0-git6968-windows\addons\sourcemod\scripting\ÒankrunFixhealth.sp::Event_PlayerDeath
L 12/23/2025 - 16:07:28: [SM] Exception reported: Invalid convar handle 0 (error 4)
L 12/23/2025 - 16:07:28: [SM] Blaming: ÒankrunFixhealth.smx
L 12/23/2025 - 16:07:28: [SM] Call stack trace:
L 12/23/2025 - 16:07:28: [SM]   [0] GetConVarString
L 12/23/2025 - 16:07:28: [SM]   [1] Line 138, C:\Users\Moises\Downloads\Compressed\sourcemod-1.11.0-git6968-windows\addons\sourcemod\scripting\ÒankrunFixhealth.sp::IsTankRunActive
L 12/23/2025 - 16:07:28: [SM]   [2] Line 36, C:\Users\Moises\Downloads\Compressed\sourcemod-1.11.0-git6968-windows\addons\sourcemod\scripting\ÒankrunFixhealth.sp::Timer_PeriodicCheck
L 12/23/2025 - 16:07:30: [SM] Exception reported: Invalid timer handle 65d00485 (error 1)
L 12/23/2025 - 16:07:30: [SM] Blaming: l4d2_playerjoining_v2.smx
L 12/23/2025 - 16:07:30: [SM] Call stack trace:
L 12/23/2025 - 16:07:30: [SM]   [0] KillTimer
L 12/23/2025 - 16:07:30: [SM]   [1] Line 53, C:\Users\Moises\Downloads\Compressed\sourcemod-1.11.0-git6968-windows\addons\sourcemod\scripting\l4d2_playerjoining_v2.sp::OnClientDisconnect
L 12/23/2025 - 16:07:32: [SM] Exception reported: Invalid timer handle bba00479 (error 3)
L 12/23/2025 - 16:07:32: [SM] Blaming: l4d2_playerjoining_v2.smx
L 12/23/2025 - 16:07:32: [SM] Call stack trace:
L 12/23/2025 - 16:07:32: [SM]   [0] KillTimer
L 12/23/2025 - 16:07:32: [SM]   [1] Line 53, C:\Users\Moises\Downloads\Compressed\sourcemod-1.11.0-git6968-windows\addons\sourcemod\scripting\l4d2_playerjoining_v2.sp::OnClientDisconnect
L 12/23/2025 - 16:07:33: [SM] Exception reported: Invalid timer handle e2300445 (error 3)
L 12/23/2025 - 16:07:33: [SM] Blaming: l4d2_playerjoining_v2.smx
L 12/23/2025 - 16:07:33: [SM] Call stack trace:
L 12/23/2025 - 16:07:33: [SM]   [0] KillTimer
L 12/23/2025 - 16:07:33: [SM]   [1] Line 53, C:\Users\Moises\Downloads\Compressed\sourcemod-1.11.0-git6968-windows\addons\sourcemod\scripting\l4d2_playerjoining_v2.sp::OnClientDisconnect
L 12/23/2025 - 16:07:38: [SM] Exception reported: Invalid convar handle 0 (error 4)
L 12/23/2025 - 16:07:38: [SM] Blaming: ÒankrunFixhealth.smx
L 12/23/2025 - 16:07:38: [SM] Call stack trace:
L 12/23/2025 - 16:07:38: [SM]   [0] GetConVarString
L 12/23/2025 - 16:07:38: [SM]   [1] Line 138, C:\Users\Moises\Downloads\Compressed\sourcemod-1.11.0-git6968-windows\addons\sourcemod\scripting\ÒankrunFixhealth.sp::IsTankRunActive
L 12/23/2025 - 16:07:38: [SM]   [2] Line 36, C:\Users\Moises\Downloads\Compressed\sourcemod-1.11.0-git6968-windows\addons\sourcemod\scripting\ÒankrunFixhealth.sp::Timer_PeriodicCheck
L 12/23/2025 - 16:07:48: [SM] Exception reported: Invalid convar handle 0 (error 4)
L 12/23/2025 - 16:07:48: [SM] Blaming: ÒankrunFixhealth.smx
L 12/23/2025 - 16:07:48: [SM] Call stack trace:
L 12/23/2025 - 16:07:48: [SM]   [0] GetConVarString
L 12/23/2025 - 16:07:48: [SM]   [1] Line 138, C:\Users\Moises\Downloads\Compressed\sourcemod-1.11.0-git6968-windows\addons\sourcemod\scripting\ÒankrunFixhealth.sp::IsTankRunActive
L 12/23/2025 - 16:07:48: [SM]   [2] Line 36, C:\Users\Moises\Downloads\Compressed\sourcemod-1.11.0-git6968-windows\addons\sourcemod\scripting\ÒankrunFixhealth.sp::Timer_PeriodicCheck
L 12/23/2025 - 16:07:50: [SM] Exception reported: Language phrase "Type in chat !join To join the survivors" not found (arg 6)
L 12/23/2025 - 16:07:50: [SM] Blaming: l4dmultislots.smx
L 12/23/2025 - 16:07:50: [SM] Call stack trace:
L 12/23/2025 - 16:07:50: [SM]   [0] VFormat
L 12/23/2025 - 16:07:50: [SM]   [1] Line 71, D:\Github\Private-Work\L4D2-Êèí‰ª∂\scripting_1.11\include\multicolors.inc::CPrintToChat
L 12/23/2025 - 16:07:50: [SM]   [2] Line 938, d:\Github\Private-Work\L4D2-Êèí‰ª∂\scripting_1.11\l4dmultislots.sp::Timer_SpecCheck
L 12/23/2025 - 16:07:58: [SM] Exception reported: Invalid convar handle 0 (error 4)
L 12/23/2025 - 16:07:58: [SM] Blaming: ÒankrunFixhealth.smx
L 12/23/2025 - 16:07:58: [SM] Call stack trace:
L 12/23/2025 - 16:07:58: [SM]   [0] GetConVarString
L 12/23/2025 - 16:07:58: [SM]   [1] Line 138, C:\Users\Moises\Downloads\Compressed\sourcemod-1.11.0-git6968-windows\addons\sourcemod\scripting\ÒankrunFixhealth.sp::IsTankRunActive
L 12/23/2025 - 16:07:58: [SM]   [2] Line 36, C:\Users\Moises\Downloads\Compressed\sourcemod-1.11.0-git6968-windows\addons\sourcemod\scripting\ÒankrunFixhealth.sp::Timer_PeriodicCheck
L 12/23/2025 - 16:07:59: [SM] Exception reported: Invalid convar handle 0 (error 4)
L 12/23/2025 - 16:07:59: [SM] Blaming: ÒankrunFixhealth.smx
L 12/23/2025 - 16:07:59: [SM] Call stack trace:
L 12/23/2025 - 16:07:59: [SM]   [0] GetConVarString
L 12/23/2025 - 16:07:59: [SM]   [1] Line 138, C:\Users\Moises\Downloads\Compressed\sourcemod-1.11.0-git6968-windows\addons\sourcemod\scripting\ÒankrunFixhealth.sp::IsTankRunActive
L 12/23/2025 - 16:07:59: [SM]   [2] Line 79, C:\Users\Moises\Downloads\Compressed\sourcemod-1.11.0-git6968-windows\addons\sourcemod\scripting\ÒankrunFixhealth.sp::Event_PlayerDeath
L 12/23/2025 - 16:08:01: [SM] Exception reported: Language phrase "No Any Dead Survivor" not found (arg 6)
L 12/23/2025 - 16:08:01: [SM] Blaming: l4d_sm_respawn.smx
L 12/23/2025 - 16:08:01: [SM] Call stack trace:
L 12/23/2025 - 16:08:01: [SM]   [0] FormatEx
L 12/23/2025 - 16:08:01: [SM]   [1] Line 202, d:\Github\Private-Work\L4D2-Êèí‰ª∂\scripting_1.11\l4d_sm_respawn.sp::MenuClientsToSpawn
L 12/23/2025 - 16:08:01: [SM]   [2] Line 239, d:\Github\Private-Work\L4D2-Êèí‰ª∂\scripting_1.11\l4d_sm_respawn.sp::MenuHandler_MenuList
L 12/23/2025 - 16:08:06: [SM] Exception reported: Invalid timer handle f3900452 (error 1)
L 12/23/2025 - 16:08:06: [SM] Blaming: l4d2_playerjoining_v2.smx
L 12/23/2025 - 16:08:06: [SM] Call stack trace:
L 12/23/2025 - 16:08:06: [SM]   [0] KillTimer
L 12/23/2025 - 16:08:06: [SM]   [1] Line 53, C:\Users\Moises\Downloads\Compressed\sourcemod-1.11.0-git6968-windows\addons\sourcemod\scripting\l4d2_playerjoining_v2.sp::OnClientDisconnect
L 12/23/2025 - 16:08:08: [SM] Exception reported: Invalid convar handle 0 (error 4)
L 12/23/2025 - 16:08:08: [SM] Blaming: ÒankrunFixhealth.smx
L 12/23/2025 - 16:08:08: [SM] Call stack trace:
L 12/23/2025 - 16:08:08: [SM]   [0] GetConVarString
L 12/23/2025 - 16:08:08: [SM]   [1] Line 138, C:\Users\Moises\Downloads\Compressed\sourcemod-1.11.0-git6968-windows\addons\sourcemod\scripting\ÒankrunFixhealth.sp::IsTankRunActive
L 12/23/2025 - 16:08:08: [SM]   [2] Line 36, C:\Users\Moises\Downloads\Compressed\sourcemod-1.11.0-git6968-windows\addons\sourcemod\scripting\ÒankrunFixhealth.sp::Timer_PeriodicCheck
L 12/23/2025 - 16:08:18: [SM] Exception reported: Invalid convar handle 0 (error 4)
L 12/23/2025 - 16:08:18: [SM] Blaming: ÒankrunFixhealth.smx
L 12/23/2025 - 16:08:18: [SM] Call stack trace:
L 12/23/2025 - 16:08:18: [SM]   [0] GetConVarString
L 12/23/2025 - 16:08:18: [SM]   [1] Line 138, C:\Users\Moises\Downloads\Compressed\sourcemod-1.11.0-git6968-windows\addons\sourcemod\scripting\ÒankrunFixhealth.sp::IsTankRunActive
L 12/23/2025 - 16:08:18: [SM]   [2] Line 36, C:\Users\Moises\Downloads\Compressed\sourcemod-1.11.0-git6968-windows\addons\sourcemod\scripting\ÒankrunFixhealth.sp::Timer_PeriodicCheck
L 12/23/2025 - 16:08:28: [SM] Exception reported: Invalid convar handle 0 (error 4)
L 12/23/2025 - 16:08:28: [SM] Blaming: ÒankrunFixhealth.smx
L 12/23/2025 - 16:08:28: [SM] Call stack trace:
L 12/23/2025 - 16:08:28: [SM]   [0] GetConVarString
L 12/23/2025 - 16:08:28: [SM]   [1] Line 138, C:\Users\Moises\Downloads\Compressed\sourcemod-1.11.0-git6968-windows\addons\sourcemod\scripting\ÒankrunFixhealth.sp::IsTankRunActive
L 12/23/2025 - 16:08:28: [SM]   [2] Line 36, C:\Users\Moises\Downloads\Compressed\sourcemod-1.11.0-git6968-windows\addons\sourcemod\scripting\ÒankrunFixhealth.sp::Timer_PeriodicCheck
L 12/23/2025 - 16:08:38: [SM] Exception reported: Invalid convar handle 0 (error 4)
L 12/23/2025 - 16:08:38: [SM] Blaming: ÒankrunFixhealth.smx
L 12/23/2025 - 16:08:38: [SM] Call stack trace:
L 12/23/2025 - 16:08:38: [SM]   [0] GetConVarString
L 12/23/2025 - 16:08:38: [SM]   [1] Line 138, C:\Users\Moises\Downloads\Compressed\sourcemod-1.11.0-git6968-windows\addons\sourcemod\scripting\ÒankrunFixhealth.sp::IsTankRunActive
L 12/23/2025 - 16:08:38: [SM]   [2] Line 36, C:\Users\Moises\Downloads\Compressed\sourcemod-1.11.0-git6968-windows\addons\sourcemod\scripting\ÒankrunFixhealth.sp::Timer_PeriodicCheck
L 12/23/2025 - 16:08:42: [SM] Exception reported: Invalid convar handle 0 (error 4)
L 12/23/2025 - 16:08:42: [SM] Blaming: ÒankrunFixhealth.smx
L 12/23/2025 - 16:08:42: [SM] Call stack trace:
L 12/23/2025 - 16:08:42: [SM]   [0] GetConVarString
L 12/23/2025 - 16:08:42: [SM]   [1] Line 138, C:\Users\Moises\Downloads\Compressed\sourcemod-1.11.0-git6968-windows\addons\sourcemod\scripting\ÒankrunFixhealth.sp::IsTankRunActive
L 12/23/2025 - 16:08:42: [SM]   [2] Line 79, C:\Users\Moises\Downloads\Compressed\sourcemod-1.11.0-git6968-windows\addons\sourcemod\scripting\ÒankrunFixhealth.sp::Event_PlayerDeath
L 12/23/2025 - 16:08:48: [SM] Exception reported: Invalid convar handle 0 (error 4)
L 12/23/2025 - 16:08:48: [SM] Blaming: ÒankrunFixhealth.smx
L 12/23/2025 - 16:08:48: [SM] Call stack trace:
L 12/23/2025 - 16:08:48: [SM]   [0] GetConVarString
L 12/23/2025 - 16:08:48: [SM]   [1] Line 138, C:\Users\Moises\Downloads\Compressed\sourcemod-1.11.0-git6968-windows\addons\sourcemod\scripting\ÒankrunFixhealth.sp::IsTankRunActive
L 12/23/2025 - 16:08:48: [SM]   [2] Line 36, C:\Users\Moises\Downloads\Compressed\sourcemod-1.11.0-git6968-windows\addons\sourcemod\scripting\ÒankrunFixhealth.sp::Timer_PeriodicCheck
L 12/23/2025 - 16:08:56: [SM] Exception reported: Invalid convar handle 0 (error 4)
L 12/23/2025 - 16:08:56: [SM] Blaming: ÒankrunFixhealth.smx
L 12/23/2025 - 16:08:56: [SM] Call stack trace:
L 12/23/2025 - 16:08:56: [SM]   [0] GetConVarString
L 12/23/2025 - 16:08:56: [SM]   [1] Line 138, C:\Users\Moises\Downloads\Compressed\sourcemod-1.11.0-git6968-windows\addons\sourcemod\scripting\ÒankrunFixhealth.sp::IsTankRunActive
L 12/23/2025 - 16:08:56: [SM]   [2] Line 79, C:\Users\Moises\Downloads\Compressed\sourcemod-1.11.0-git6968-windows\addons\sourcemod\scripting\ÒankrunFixhealth.sp::Event_PlayerDeath
L 12/23/2025 - 16:08:58: [SM] Exception reported: Invalid convar handle 0 (error 4)
L 12/23/2025 - 16:08:58: [SM] Blaming: ÒankrunFixhealth.smx
L 12/23/2025 - 16:08:58: [SM] Call stack trace:
L 12/23/2025 - 16:08:58: [SM]   [0] GetConVarString
L 12/23/2025 - 16:08:58: [SM]   [1] Line 138, C:\Users\Moises\Downloads\Compressed\sourcemod-1.11.0-git6968-windows\addons\sourcemod\scripting\ÒankrunFixhealth.sp::IsTankRunActive
L 12/23/2025 - 16:08:58: [SM]   [2] Line 36, C:\Users\Moises\Downloads\Compressed\sourcemod-1.11.0-git6968-windows\addons\sourcemod\scripting\ÒankrunFixhealth.sp::Timer_PeriodicCheck
L 12/23/2025 - 16:09:03: [SM] Exception reported: Invalid timer handle a7700479 (error 3)
L 12/23/2025 - 16:09:03: [SM] Blaming: l4d2_playerjoining_v2.smx
L 12/23/2025 - 16:09:03: [SM] Call stack trace:
L 12/23/2025 - 16:09:03: [SM]   [0] KillTimer
L 12/23/2025 - 16:09:03: [SM]   [1] Line 53, C:\Users\Moises\Downloads\Compressed\sourcemod-1.11.0-git6968-windows\addons\sourcemod\scripting\l4d2_playerjoining_v2.sp::OnClientDisconnect
L 12/23/2025 - 16:09:08: [SM] Exception reported: Invalid convar handle 0 (error 4)
L 12/23/2025 - 16:09:08: [SM] Blaming: ÒankrunFixhealth.smx
L 12/23/2025 - 16:09:08: [SM] Call stack trace:
L 12/23/2025 - 16:09:08: [SM]   [0] GetConVarString
L 12/23/2025 - 16:09:08: [SM]   [1] Line 138, C:\Users\Moises\Downloads\Compressed\sourcemod-1.11.0-git6968-windows\addons\sourcemod\scripting\ÒankrunFixhealth.sp::IsTankRunActive
L 12/23/2025 - 16:09:08: [SM]   [2] Line 36, C:\Users\Moises\Downloads\Compressed\sourcemod-1.11.0-git6968-windows\addons\sourcemod\scripting\ÒankrunFixhealth.sp::Timer_PeriodicCheck
L 12/23/2025 - 16:09:14: [SM] Exception reported: Invalid convar handle 0 (error 4)
L 12/23/2025 - 16:09:14: [SM] Blaming: ÒankrunFixhealth.smx
L 12/23/2025 - 16:09:14: [SM] Call stack trace:
L 12/23/2025 - 16:09:14: [SM]   [0] GetConVarString
L 12/23/2025 - 16:09:14: [SM]   [1] Line 138, C:\Users\Moises\Downloads\Compressed\sourcemod-1.11.0-git6968-windows\addons\sourcemod\scripting\ÒankrunFixhealth.sp::IsTankRunActive
L 12/23/2025 - 16:09:14: [SM]   [2] Line 79, C:\Users\Moises\Downloads\Compressed\sourcemod-1.11.0-git6968-windows\addons\sourcemod\scripting\ÒankrunFixhealth.sp::Event_PlayerDeath
L 12/23/2025 - 16:09:18: [SM] Exception reported: Invalid convar handle 0 (error 4)
L 12/23/2025 - 16:09:18: [SM] Blaming: ÒankrunFixhealth.smx
L 12/23/2025 - 16:09:18: [SM] Call stack trace:
L 12/23/2025 - 16:09:18: [SM]   [0] GetConVarString
L 12/23/2025 - 16:09:18: [SM]   [1] Line 138, C:\Users\Moises\Downloads\Compressed\sourcemod-1.11.0-git6968-windows\addons\sourcemod\scripting\ÒankrunFixhealth.sp::IsTankRunActive
L 12/23/2025 - 16:09:18: [SM]   [2] Line 36, C:\Users\Moises\Downloads\Compressed\sourcemod-1.11.0-git6968-windows\addons\sourcemod\scripting\ÒankrunFixhealth.sp::Timer_PeriodicCheck
L 12/23/2025 - 16:09:22: [SM] Exception reported: Invalid timer handle e2300445 (error 1)
L 12/23/2025 - 16:09:22: [SM] Blaming: l4d2_playerjoining_v2.smx
L 12/23/2025 - 16:09:22: [SM] Call stack trace:
L 12/23/2025 - 16:09:22: [SM]   [0] KillTimer
L 12/23/2025 - 16:09:22: [SM]   [1] Line 53, C:\Users\Moises\Downloads\Compressed\sourcemod-1.11.0-git6968-windows\addons\sourcemod\scripting\l4d2_playerjoining_v2.sp::OnClientDisconnect
L 12/23/2025 - 16:09:27: [SM] Exception reported: Invalid convar handle 0 (error 4)
L 12/23/2025 - 16:09:27: [SM] Blaming: ÒankrunFixhealth.smx
L 12/23/2025 - 16:09:27: [SM] Call stack trace:
L 12/23/2025 - 16:09:27: [SM]   [0] GetConVarString
L 12/23/2025 - 16:09:27: [SM]   [1] Line 138, C:\Users\Moises\Downloads\Compressed\sourcemod-1.11.0-git6968-windows\addons\sourcemod\scripting\ÒankrunFixhealth.sp::IsTankRunActive
L 12/23/2025 - 16:09:27: [SM]   [2] Line 79, C:\Users\Moises\Downloads\Compressed\sourcemod-1.11.0-git6968-windows\addons\sourcemod\scripting\ÒankrunFixhealth.sp::Event_PlayerDeath
L 12/23/2025 - 16:09:28: [SM] Exception reported: Invalid convar handle 0 (error 4)
L 12/23/2025 - 16:09:28: [SM] Blaming: ÒankrunFixhealth.smx
L 12/23/2025 - 16:09:28: [SM] Call stack trace:
L 12/23/2025 - 16:09:28: [SM]   [0] GetConVarString
L 12/23/2025 - 16:09:28: [SM]   [1] Line 138, C:\Users\Moises\Downloads\Compressed\sourcemod-1.11.0-git6968-windows\addons\sourcemod\scripting\ÒankrunFixhealth.sp::IsTankRunActive
L 12/23/2025 - 16:09:28: [SM]   [2] Line 36, C:\Users\Moises\Downloads\Compressed\sourcemod-1.11.0-git6968-windows\addons\sourcemod\scripting\ÒankrunFixhealth.sp::Timer_PeriodicCheck
L 12/23/2025 - 16:09:30: [SM] Exception reported: Language phrase "Please wait to be revived or rescued" not found (arg 6)
L 12/23/2025 - 16:09:30: [SM] Blaming: l4dmultislots.smx
L 12/23/2025 - 16:09:30: [SM] Call stack trace:
L 12/23/2025 - 16:09:30: [SM]   [0] PrintToChat
L 12/23/2025 - 16:09:30: [SM]   [1] Line 953, d:\Github\Private-Work\L4D2-Êèí‰ª∂\scripting_1.11\l4dmultislots.sp::Timer_SpecCheck
L 12/23/2025 - 16:09:32: [SM] Exception reported: Invalid convar handle 0 (error 4)
L 12/23/2025 - 16:09:32: [SM] Blaming: ÒankrunFixhealth.smx
L 12/23/2025 - 16:09:32: [SM] Call stack trace:
L 12/23/2025 - 16:09:32: [SM]   [0] GetConVarString
L 12/23/2025 - 16:09:32: [SM]   [1] Line 138, C:\Users\Moises\Downloads\Compressed\sourcemod-1.11.0-git6968-windows\addons\sourcemod\scripting\ÒankrunFixhealth.sp::IsTankRunActive
L 12/23/2025 - 16:09:32: [SM]   [2] Line 79, C:\Users\Moises\Downloads\Compressed\sourcemod-1.11.0-git6968-windows\addons\sourcemod\scripting\ÒankrunFixhealth.sp::Event_PlayerDeath
L 12/23/2025 - 16:09:38: [SM] Exception reported: Invalid convar handle 0 (error 4)
L 12/23/2025 - 16:09:38: [SM] Blaming: ÒankrunFixhealth.smx
L 12/23/2025 - 16:09:38: [SM] Call stack trace:
L 12/23/2025 - 16:09:38: [SM]   [0] GetConVarString
L 12/23/2025 - 16:09:38: [SM]   [1] Line 138, C:\Users\Moises\Downloads\Compressed\sourcemod-1.11.0-git6968-windows\addons\sourcemod\scripting\ÒankrunFixhealth.sp::IsTankRunActive
L 12/23/2025 - 16:09:38: [SM]   [2] Line 36, C:\Users\Moises\Downloads\Compressed\sourcemod-1.11.0-git6968-windows\addons\sourcemod\scripting\ÒankrunFixhealth.sp::Timer_PeriodicCheck
L 12/23/2025 - 16:09:39: [SM] Exception reported: Invalid timer handle e2300445 (error 1)
L 12/23/2025 - 16:09:39: [SM] Blaming: l4d2_playerjoining_v2.smx
L 12/23/2025 - 16:09:39: [SM] Call stack trace:
L 12/23/2025 - 16:09:39: [SM]   [0] KillTimer
L 12/23/2025 - 16:09:39: [SM]   [1] Line 53, C:\Users\Moises\Downloads\Compressed\sourcemod-1.11.0-git6968-windows\addons\sourcemod\scripting\l4d2_playerjoining_v2.sp::OnClientDisconnect
L 12/23/2025 - 16:09:48: [SM] Exception reported: Invalid convar handle 0 (error 4)
L 12/23/2025 - 16:09:48: [SM] Blaming: ÒankrunFixhealth.smx
L 12/23/2025 - 16:09:48: [SM] Call stack trace:
L 12/23/2025 - 16:09:48: [SM]   [0] GetConVarString
L 12/23/2025 - 16:09:48: [SM]   [1] Line 138, C:\Users\Moises\Downloads\Compressed\sourcemod-1.11.0-git6968-windows\addons\sourcemod\scripting\ÒankrunFixhealth.sp::IsTankRunActive
L 12/23/2025 - 16:09:48: [SM]   [2] Line 36, C:\Users\Moises\Downloads\Compressed\sourcemod-1.11.0-git6968-windows\addons\sourcemod\scripting\ÒankrunFixhealth.sp::Timer_PeriodicCheck
L 12/23/2025 - 16:09:55: [SM] Exception reported: Language phrase "Please wait to be revived or rescued" not found (arg 6)
L 12/23/2025 - 16:09:55: [SM] Blaming: l4dmultislots.smx
L 12/23/2025 - 16:09:55: [SM] Call stack trace:
L 12/23/2025 - 16:09:55: [SM]   [0] PrintToChat
L 12/23/2025 - 16:09:55: [SM]   [1] Line 953, d:\Github\Private-Work\L4D2-Êèí‰ª∂\scripting_1.11\l4dmultislots.sp::Timer_SpecCheck
L 12/23/2025 - 16:09:58: [SM] Exception reported: Invalid convar handle 0 (error 4)
L 12/23/2025 - 16:09:58: [SM] Blaming: ÒankrunFixhealth.smx
L 12/23/2025 - 16:09:58: [SM] Call stack trace:
L 12/23/2025 - 16:09:58: [SM]   [0] GetConVarString
L 12/23/2025 - 16:09:58: [SM]   [1] Line 138, C:\Users\Moises\Downloads\Compressed\sourcemod-1.11.0-git6968-windows\addons\sourcemod\scripting\ÒankrunFixhealth.sp::IsTankRunActive
L 12/23/2025 - 16:09:58: [SM]   [2] Line 36, C:\Users\Moises\Downloads\Compressed\sourcemod-1.11.0-git6968-windows\addons\sourcemod\scripting\ÒankrunFixhealth.sp::Timer_PeriodicCheck
L 12/23/2025 - 16:10:05: [SM] Exception reported: Invalid convar handle 0 (error 4)
L 12/23/2025 - 16:10:05: [SM] Blaming: ÒankrunFixhealth.smx
L 12/23/2025 - 16:10:05: [SM] Call stack trace:
L 12/23/2025 - 16:10:05: [SM]   [0] GetConVarString
L 12/23/2025 - 16:10:05: [SM]   [1] Line 138, C:\Users\Moises\Downloads\Compressed\sourcemod-1.11.0-git6968-windows\addons\sourcemod\scripting\ÒankrunFixhealth.sp::IsTankRunActive
L 12/23/2025 - 16:10:05: [SM]   [2] Line 79, C:\Users\Moises\Downloads\Compressed\sourcemod-1.11.0-git6968-windows\addons\sourcemod\scripting\ÒankrunFixhealth.sp::Event_PlayerDeath
L 12/23/2025 - 16:10:05: [SM] Exception reported: Invalid convar handle 0 (error 4)
L 12/23/2025 - 16:10:05: [SM] Blaming: ÒankrunFixhealth.smx
L 12/23/2025 - 16:10:05: [SM] Call stack trace:
L 12/23/2025 - 16:10:05: [SM]   [0] GetConVarString
L 12/23/2025 - 16:10:05: [SM]   [1] Line 138, C:\Users\Moises\Downloads\Compressed\sourcemod-1.11.0-git6968-windows\addons\sourcemod\scripting\ÒankrunFixhealth.sp::IsTankRunActive
L 12/23/2025 - 16:10:05: [SM]   [2] Line 79, C:\Users\Moises\Downloads\Compressed\sourcemod-1.11.0-git6968-windows\addons\sourcemod\scripting\ÒankrunFixhealth.sp::Event_PlayerDeath
L 12/23/2025 - 16:10:05: [SM] Exception reported: Invalid convar handle 0 (error 4)
L 12/23/2025 - 16:10:05: [SM] Blaming: ÒankrunFixhealth.smx
L 12/23/2025 - 16:10:05: [SM] Call stack trace:
L 12/23/2025 - 16:10:05: [SM]   [0] GetConVarString
L 12/23/2025 - 16:10:05: [SM]   [1] Line 138, C:\Users\Moises\Downloads\Compressed\sourcemod-1.11.0-git6968-windows\addons\sourcemod\scripting\ÒankrunFixhealth.sp::IsTankRunActive
L 12/23/2025 - 16:10:05: [SM]   [2] Line 79, C:\Users\Moises\Downloads\Compressed\sourcemod-1.11.0-git6968-windows\addons\sourcemod\scripting\ÒankrunFixhealth.sp::Event_PlayerDeath
L 12/23/2025 - 16:10:08: [SM] Exception reported: Invalid convar handle 0 (error 4)
L 12/23/2025 - 16:10:08: [SM] Blaming: ÒankrunFixhealth.smx
L 12/23/2025 - 16:10:08: [SM] Call stack trace:
L 12/23/2025 - 16:10:08: [SM]   [0] GetConVarString
L 12/23/2025 - 16:10:08: [SM]   [1] Line 138, C:\Users\Moises\Downloads\Compressed\sourcemod-1.11.0-git6968-windows\addons\sourcemod\scripting\ÒankrunFixhealth.sp::IsTankRunActive
L 12/23/2025 - 16:10:08: [SM]   [2] Line 36, C:\Users\Moises\Downloads\Compressed\sourcemod-1.11.0-git6968-windows\addons\sourcemod\scripting\ÒankrunFixhealth.sp::Timer_PeriodicCheck
L 12/23/2025 - 16:10:12: [SM] Exception reported: Invalid timer handle 107004a5 (error 1)
L 12/23/2025 - 16:10:12: [SM] Blaming: l4d2_playerjoining_v2.smx
L 12/23/2025 - 16:10:12: [SM] Call stack trace:
L 12/23/2025 - 16:10:12: [SM]   [0] KillTimer
L 12/23/2025 - 16:10:12: [SM]   [1] Line 53, C:\Users\Moises\Downloads\Compressed\sourcemod-1.11.0-git6968-windows\addons\sourcemod\scripting\l4d2_playerjoining_v2.sp::OnClientDisconnect
L 12/23/2025 - 16:10:12: [SM] Exception reported: Invalid timer handle 5a900472 (error 3)
L 12/23/2025 - 16:10:12: [SM] Blaming: l4d2_playerjoining_v2.smx
L 12/23/2025 - 16:10:12: [SM] Call stack trace:
L 12/23/2025 - 16:10:12: [SM]   [0] KillTimer
L 12/23/2025 - 16:10:12: [SM]   [1] Line 53, C:\Users\Moises\Downloads\Compressed\sourcemod-1.11.0-git6968-windows\addons\sourcemod\scripting\l4d2_playerjoining_v2.sp::OnClientDisconnect
L 12/23/2025 - 16:10:12: [SM] Exception reported: Invalid convar handle 0 (error 4)
L 12/23/2025 - 16:10:12: [SM] Blaming: ÒankrunFixhealth.smx
L 12/23/2025 - 16:10:12: [SM] Call stack trace:
L 12/23/2025 - 16:10:12: [SM]   [0] GetConVarString
L 12/23/2025 - 16:10:12: [SM]   [1] Line 138, C:\Users\Moises\Downloads\Compressed\sourcemod-1.11.0-git6968-windows\addons\sourcemod\scripting\ÒankrunFixhealth.sp::IsTankRunActive
L 12/23/2025 - 16:10:12: [SM]   [2] Line 79, C:\Users\Moises\Downloads\Compressed\sourcemod-1.11.0-git6968-windows\addons\sourcemod\scripting\ÒankrunFixhealth.sp::Event_PlayerDeath
L 12/23/2025 - 16:10:12: [SM] Exception reported: Invalid timer handle 65d00485 (error 1)
L 12/23/2025 - 16:10:12: [SM] Blaming: l4d2_playerjoining_v2.smx
L 12/23/2025 - 16:10:12: [SM] Call stack trace:
L 12/23/2025 - 16:10:12: [SM]   [0] KillTimer
L 12/23/2025 - 16:10:12: [SM]   [1] Line 53, C:\Users\Moises\Downloads\Compressed\sourcemod-1.11.0-git6968-windows\addons\sourcemod\scripting\l4d2_playerjoining_v2.sp::OnClientDisconnect
L 12/23/2025 - 16:10:16: [SM] Exception reported: Invalid convar handle 0 (error 4)
L 12/23/2025 - 16:10:16: [SM] Blaming: ÒankrunFixhealth.smx
L 12/23/2025 - 16:10:16: [SM] Call stack trace:
L 12/23/2025 - 16:10:16: [SM]   [0] GetConVarString
L 12/23/2025 - 16:10:16: [SM]   [1] Line 138, C:\Users\Moises\Downloads\Compressed\sourcemod-1.11.0-git6968-windows\addons\sourcemod\scripting\ÒankrunFixhealth.sp::IsTankRunActive
L 12/23/2025 - 16:10:16: [SM]   [2] Line 79, C:\Users\Moises\Downloads\Compressed\sourcemod-1.11.0-git6968-windows\addons\sourcemod\scripting\ÒankrunFixhealth.sp::Event_PlayerDeath
L 12/23/2025 - 16:10:18: [SM] Exception reported: Invalid convar handle 0 (error 4)
L 12/23/2025 - 16:10:18: [SM] Blaming: ÒankrunFixhealth.smx
L 12/23/2025 - 16:10:18: [SM] Call stack trace:
L 12/23/2025 - 16:10:18: [SM]   [0] GetConVarString
L 12/23/2025 - 16:10:18: [SM]   [1] Line 138, C:\Users\Moises\Downloads\Compressed\sourcemod-1.11.0-git6968-windows\addons\sourcemod\scripting\ÒankrunFixhealth.sp::IsTankRunActive
L 12/23/2025 - 16:10:18: [SM]   [2] Line 36, C:\Users\Moises\Downloads\Compressed\sourcemod-1.11.0-git6968-windows\addons\sourcemod\scripting\ÒankrunFixhealth.sp::Timer_PeriodicCheck
L 12/23/2025 - 16:10:20: [SM] Exception reported: Invalid convar handle 0 (error 4)
L 12/23/2025 - 16:10:20: [SM] Blaming: ÒankrunFixhealth.smx
L 12/23/2025 - 16:10:20: [SM] Call stack trace:
L 12/23/2025 - 16:10:20: [SM]   [0] GetConVarString
L 12/23/2025 - 16:10:20: [SM]   [1] Line 138, C:\Users\Moises\Downloads\Compressed\sourcemod-1.11.0-git6968-windows\addons\sourcemod\scripting\ÒankrunFixhealth.sp::IsTankRunActive
L 12/23/2025 - 16:10:20: [SM]   [2] Line 79, C:\Users\Moises\Downloads\Compressed\sourcemod-1.11.0-git6968-windows\addons\sourcemod\scripting\ÒankrunFixhealth.sp::Event_PlayerDeath
L 12/23/2025 - 16:10:20: [SM] Exception reported: Language phrase "Please wait to be revived or rescued" not found (arg 6)
L 12/23/2025 - 16:10:20: [SM] Blaming: l4dmultislots.smx
L 12/23/2025 - 16:10:20: [SM] Call stack trace:
L 12/23/2025 - 16:10:20: [SM]   [0] PrintToChat
L 12/23/2025 - 16:10:20: [SM]   [1] Line 953, d:\Github\Private-Work\L4D2-Êèí‰ª∂\scripting_1.11\l4dmultislots.sp::Timer_SpecCheck
L 12/23/2025 - 16:10:22: [SM] Exception reported: Invalid convar handle 0 (error 4)
L 12/23/2025 - 16:10:22: [SM] Blaming: ÒankrunFixhealth.smx
L 12/23/2025 - 16:10:22: [SM] Call stack trace:
L 12/23/2025 - 16:10:22: [SM]   [0] GetConVarString
L 12/23/2025 - 16:10:22: [SM]   [1] Line 138, C:\Users\Moises\Downloads\Compressed\sourcemod-1.11.0-git6968-windows\addons\sourcemod\scripting\ÒankrunFixhealth.sp::IsTankRunActive
L 12/23/2025 - 16:10:22: [SM]   [2] Line 79, C:\Users\Moises\Downloads\Compressed\sourcemod-1.11.0-git6968-windows\addons\sourcemod\scripting\ÒankrunFixhealth.sp::Event_PlayerDeath
L 12/23/2025 - 16:10:27: [SM] Exception reported: Invalid timer handle e2300445 (error 3)
L 12/23/2025 - 16:10:27: [SM] Blaming: l4d2_playerjoining_v2.smx
L 12/23/2025 - 16:10:27: [SM] Call stack trace:
L 12/23/2025 - 16:10:27: [SM]   [0] KillTimer
L 12/23/2025 - 16:10:27: [SM]   [1] Line 53, C:\Users\Moises\Downloads\Compressed\sourcemod-1.11.0-git6968-windows\addons\sourcemod\scripting\l4d2_playerjoining_v2.sp::OnClientDisconnect
L 12/23/2025 - 16:10:27: [SM] Exception reported: Invalid timer handle 5a900472 (error 3)
L 12/23/2025 - 16:10:27: [SM] Blaming: l4d2_playerjoining_v2.smx
L 12/23/2025 - 16:10:27: [SM] Call stack trace:
L 12/23/2025 - 16:10:27: [SM]   [0] KillTimer
L 12/23/2025 - 16:10:27: [SM]   [1] Line 53, C:\Users\Moises\Downloads\Compressed\sourcemod-1.11.0-git6968-windows\addons\sourcemod\scripting\l4d2_playerjoining_v2.sp::OnClientDisconnect
L 12/23/2025 - 16:10:27: [SM] Exception reported: Invalid timer handle bba00479 (error 1)
L 12/23/2025 - 16:10:27: [SM] Blaming: l4d2_playerjoining_v2.smx
L 12/23/2025 - 16:10:27: [SM] Call stack trace:
L 12/23/2025 - 16:10:27: [SM]   [0] KillTimer
L 12/23/2025 - 16:10:27: [SM]   [1] Line 53, C:\Users\Moises\Downloads\Compressed\sourcemod-1.11.0-git6968-windows\addons\sourcemod\scripting\l4d2_playerjoining_v2.sp::OnClientDisconnect
L 12/23/2025 - 16:10:27: [SM] Exception reported: Invalid timer handle 107004a5 (error 1)
L 12/23/2025 - 16:10:27: [SM] Blaming: l4d2_playerjoining_v2.smx
L 12/23/2025 - 16:10:27: [SM] Call stack trace:
L 12/23/2025 - 16:10:27: [SM]   [0] KillTimer
L 12/23/2025 - 16:10:27: [SM]   [1] Line 53, C:\Users\Moises\Downloads\Compressed\sourcemod-1.11.0-git6968-windows\addons\sourcemod\scripting\l4d2_playerjoining_v2.sp::OnClientDisconnect
L 12/23/2025 - 16:10:27: [SM] Exception reported: Invalid timer handle af000432 (error 3)
L 12/23/2025 - 16:10:27: [SM] Blaming: l4d2_playerjoining_v2.smx
L 12/23/2025 - 16:10:27: [SM] Call stack trace:
L 12/23/2025 - 16:10:27: [SM]   [0] KillTimer
L 12/23/2025 - 16:10:27: [SM]   [1] Line 53, C:\Users\Moises\Downloads\Compressed\sourcemod-1.11.0-git6968-windows\addons\sourcemod\scripting\l4d2_playerjoining_v2.sp::OnClientDisconnect
L 12/23/2025 - 16:10:29: Error log file session closed.
L 12/23/2025 - 16:10:30: SourceMod error session started
L 12/23/2025 - 16:10:30: Info (map "c2m1_highway") (file "d:\steamlibrary\steamapps\common\left 4 dead 2\left4dead2\addons\sourcemod\logs\errors_20251223.log")
L 12/23/2025 - 16:10:30: [SM] Fatal error encountered parsing translation file "l4d_nth.phrases.txt"
L 12/23/2025 - 16:10:30: [SM] Error (line 0, column 0): Stream failed to open
L 12/23/2025 - 16:10:30: [SM] Fatal error encountered parsing translation file "chargersteering.phrases.txt"
L 12/23/2025 - 16:10:30: [SM] Error (line 0, column 0): Stream failed to open
L 12/23/2025 - 16:10:30: [SM] Fatal error encountered parsing translation file "l4dmultislots.phrases.txt"
L 12/23/2025 - 16:10:30: [SM] Error (line 0, column 0): Stream failed to open
L 12/23/2025 - 16:10:30: [SM] Fatal error encountered parsing translation file "lilac.phrases.txt"
L 12/23/2025 - 16:10:30: [SM] Error (line 0, column 0): Stream failed to open
L 12/23/2025 - 16:10:31: [SM] Exception reported: Invalid convar handle 0 (error 4)
L 12/23/2025 - 16:10:31: [SM] Blaming: ÒankrunFixhealth.smx
L 12/23/2025 - 16:10:31: [SM] Call stack trace:
L 12/23/2025 - 16:10:31: [SM]   [0] GetConVarString
L 12/23/2025 - 16:10:31: [SM]   [1] Line 138, C:\Users\Moises\Downloads\Compressed\sourcemod-1.11.0-git6968-windows\addons\sourcemod\scripting\ÒankrunFixhealth.sp::IsTankRunActive
L 12/23/2025 - 16:10:31: [SM]   [2] Line 54, C:\Users\Moises\Downloads\Compressed\sourcemod-1.11.0-git6968-windows\addons\sourcemod\scripting\ÒankrunFixhealth.sp::Event_RoundStart
L 12/23/2025 - 16:10:32: [l4d2_publicity.smx] [Publicity] No se encontraron mensajes en el archivo de configuraci√≥n
L 12/23/2025 - 16:10:34: [SM] Exception reported: Invalid convar handle 0 (error 4)
L 12/23/2025 - 16:10:34: [SM] Blaming: ÒankrunFixhealth.smx
L 12/23/2025 - 16:10:34: [SM] Call stack trace:
L 12/23/2025 - 16:10:34: [SM]   [0] GetConVarString
L 12/23/2025 - 16:10:34: [SM]   [1] Line 138, C:\Users\Moises\Downloads\Compressed\sourcemod-1.11.0-git6968-windows\addons\sourcemod\scripting\ÒankrunFixhealth.sp::IsTankRunActive
L 12/23/2025 - 16:10:34: [SM]   [2] Line 36, C:\Users\Moises\Downloads\Compressed\sourcemod-1.11.0-git6968-windows\addons\sourcemod\scripting\ÒankrunFixhealth.sp::Timer_PeriodicCheck
L 12/23/2025 - 16:10:44: [SM] Exception reported: Invalid convar handle 0 (error 4)
L 12/23/2025 - 16:10:44: [SM] Blaming: ÒankrunFixhealth.smx
L 12/23/2025 - 16:10:44: [SM] Call stack trace:
L 12/23/2025 - 16:10:44: [SM]   [0] GetConVarString
L 12/23/2025 - 16:10:44: [SM]   [1] Line 138, C:\Users\Moises\Downloads\Compressed\sourcemod-1.11.0-git6968-windows\addons\sourcemod\scripting\ÒankrunFixhealth.sp::IsTankRunActive
L 12/23/2025 - 16:10:44: [SM]   [2] Line 36, C:\Users\Moises\Downloads\Compressed\sourcemod-1.11.0-git6968-windows\addons\sourcemod\scripting\ÒankrunFixhealth.sp::Timer_PeriodicCheck
L 12/23/2025 - 16:10:54: [SM] Exception reported: Invalid convar handle 0 (error 4)
L 12/23/2025 - 16:10:54: [SM] Blaming: ÒankrunFixhealth.smx
L 12/23/2025 - 16:10:54: [SM] Call stack trace:
L 12/23/2025 - 16:10:54: [SM]   [0] GetConVarString
L 12/23/2025 - 16:10:54: [SM]   [1] Line 138, C:\Users\Moises\Downloads\Compressed\sourcemod-1.11.0-git6968-windows\addons\sourcemod\scripting\ÒankrunFixhealth.sp::IsTankRunActive
L 12/23/2025 - 16:10:54: [SM]   [2] Line 36, C:\Users\Moises\Downloads\Compressed\sourcemod-1.11.0-git6968-windows\addons\sourcemod\scripting\ÒankrunFixhealth.sp::Timer_PeriodicCheck
L 12/23/2025 - 16:11:07: [SM] Exception reported: Invalid timer handle 5a900472 (error 3)
L 12/23/2025 - 16:11:07: [SM] Blaming: l4d2_playerjoining_v2.smx
L 12/23/2025 - 16:11:07: [SM] Call stack trace:
L 12/23/2025 - 16:11:07: [SM]   [0] KillTimer
L 12/23/2025 - 16:11:07: [SM]   [1] Line 53, C:\Users\Moises\Downloads\Compressed\sourcemod-1.11.0-git6968-windows\addons\sourcemod\scripting\l4d2_playerjoining_v2.sp::OnClientDisconnect
L 12/23/2025 - 16:11:08: [SM] Exception reported: Invalid convar handle 0 (error 4)
L 12/23/2025 - 16:11:08: [SM] Blaming: ÒankrunFixhealth.smx
L 12/23/2025 - 16:11:08: [SM] Call stack trace:
L 12/23/2025 - 16:11:08: [SM]   [0] GetConVarString
L 12/23/2025 - 16:11:08: [SM]   [1] Line 138, C:\Users\Moises\Downloads\Compressed\sourcemod-1.11.0-git6968-windows\addons\sourcemod\scripting\ÒankrunFixhealth.sp::IsTankRunActive
L 12/23/2025 - 16:11:08: [SM]   [2] Line 36, C:\Users\Moises\Downloads\Compressed\sourcemod-1.11.0-git6968-windows\addons\sourcemod\scripting\ÒankrunFixhealth.sp::Timer_PeriodicCheck
L 12/23/2025 - 16:11:18: [SM] Exception reported: Invalid convar handle 0 (error 4)
L 12/23/2025 - 16:11:18: [SM] Blaming: ÒankrunFixhealth.smx
L 12/23/2025 - 16:11:18: [SM] Call stack trace:
L 12/23/2025 - 16:11:18: [SM]   [0] GetConVarString
L 12/23/2025 - 16:11:18: [SM]   [1] Line 138, C:\Users\Moises\Downloads\Compressed\sourcemod-1.11.0-git6968-windows\addons\sourcemod\scripting\ÒankrunFixhealth.sp::IsTankRunActive
L 12/23/2025 - 16:11:18: [SM]   [2] Line 36, C:\Users\Moises\Downloads\Compressed\sourcemod-1.11.0-git6968-windows\addons\sourcemod\scripting\ÒankrunFixhealth.sp::Timer_PeriodicCheck
L 12/23/2025 - 16:11:25: [SM] Exception reported: Invalid convar handle 0 (error 4)
L 12/23/2025 - 16:11:25: [SM] Blaming: ÒankrunFixhealth.smx
L 12/23/2025 - 16:11:25: [SM] Call stack trace:
L 12/23/2025 - 16:11:25: [SM]   [0] GetConVarString
L 12/23/2025 - 16:11:25: [SM]   [1] Line 138, C:\Users\Moises\Downloads\Compressed\sourcemod-1.11.0-git6968-windows\addons\sourcemod\scripting\ÒankrunFixhealth.sp::IsTankRunActive
L 12/23/2025 - 16:11:25: [SM]   [2] Line 79, C:\Users\Moises\Downloads\Compressed\sourcemod-1.11.0-git6968-windows\addons\sourcemod\scripting\ÒankrunFixhealth.sp::Event_PlayerDeath
L 12/23/2025 - 16:11:28: [SM] Exception reported: Invalid convar handle 0 (error 4)
L 12/23/2025 - 16:11:28: [SM] Blaming: ÒankrunFixhealth.smx
L 12/23/2025 - 16:11:28: [SM] Call stack trace:
L 12/23/2025 - 16:11:28: [SM]   [0] GetConVarString
L 12/23/2025 - 16:11:28: [SM]   [1] Line 138, C:\Users\Moises\Downloads\Compressed\sourcemod-1.11.0-git6968-windows\addons\sourcemod\scripting\ÒankrunFixhealth.sp::IsTankRunActive
L 12/23/2025 - 16:11:28: [SM]   [2] Line 36, C:\Users\Moises\Downloads\Compressed\sourcemod-1.11.0-git6968-windows\addons\sourcemod\scripting\ÒankrunFixhealth.sp::Timer_PeriodicCheck
L 12/23/2025 - 16:11:29: [SM] Exception reported: Invalid timer handle 41c00479 (error 1)
L 12/23/2025 - 16:11:29: [SM] Blaming: l4d2_playerjoining_v2.smx
L 12/23/2025 - 16:11:29: [SM] Call stack trace:
L 12/23/2025 - 16:11:29: [SM]   [0] KillTimer
L 12/23/2025 - 16:11:29: [SM]   [1] Line 53, C:\Users\Moises\Downloads\Compressed\sourcemod-1.11.0-git6968-windows\addons\sourcemod\scripting\l4d2_playerjoining_v2.sp::OnClientDisconnect
L 12/23/2025 - 16:11:38: [SM] Exception reported: Invalid convar handle 0 (error 4)
L 12/23/2025 - 16:11:38: [SM] Blaming: ÒankrunFixhealth.smx
L 12/23/2025 - 16:11:38: [SM] Call stack trace:
L 12/23/2025 - 16:11:38: [SM]   [0] GetConVarString
L 12/23/2025 - 16:11:38: [SM]   [1] Line 138, C:\Users\Moises\Downloads\Compressed\sourcemod-1.11.0-git6968-windows\addons\sourcemod\scripting\ÒankrunFixhealth.sp::IsTankRunActive
L 12/23/2025 - 16:11:38: [SM]   [2] Line 36, C:\Users\Moises\Downloads\Compressed\sourcemod-1.11.0-git6968-windows\addons\sourcemod\scripting\ÒankrunFixhealth.sp::Timer_PeriodicCheck
L 12/23/2025 - 16:11:38: [SM] Exception reported: Invalid timer handle bba00479 (error 1)
L 12/23/2025 - 16:11:38: [SM] Blaming: l4d2_playerjoining_v2.smx
L 12/23/2025 - 16:11:38: [SM] Call stack trace:
L 12/23/2025 - 16:11:38: [SM]   [0] KillTimer
L 12/23/2025 - 16:11:38: [SM]   [1] Line 53, C:\Users\Moises\Downloads\Compressed\sourcemod-1.11.0-git6968-windows\addons\sourcemod\scripting\l4d2_playerjoining_v2.sp::OnClientDisconnect
L 12/23/2025 - 16:11:48: [SM] Exception reported: Invalid convar handle 0 (error 4)
L 12/23/2025 - 16:11:48: [SM] Blaming: ÒankrunFixhealth.smx
L 12/23/2025 - 16:11:48: [SM] Call stack trace:
L 12/23/2025 - 16:11:48: [SM]   [0] GetConVarString
L 12/23/2025 - 16:11:48: [SM]   [1] Line 138, C:\Users\Moises\Downloads\Compressed\sourcemod-1.11.0-git6968-windows\addons\sourcemod\scripting\ÒankrunFixhealth.sp::IsTankRunActive
L 12/23/2025 - 16:11:48: [SM]   [2] Line 36, C:\Users\Moises\Downloads\Compressed\sourcemod-1.11.0-git6968-windows\addons\sourcemod\scripting\ÒankrunFixhealth.sp::Timer_PeriodicCheck
L 12/23/2025 - 16:11:58: [SM] Exception reported: Invalid convar handle 0 (error 4)
L 12/23/2025 - 16:11:58: [SM] Blaming: ÒankrunFixhealth.smx
L 12/23/2025 - 16:11:58: [SM] Call stack trace:
L 12/23/2025 - 16:11:58: [SM]   [0] GetConVarString
L 12/23/2025 - 16:11:58: [SM]   [1] Line 138, C:\Users\Moises\Downloads\Compressed\sourcemod-1.11.0-git6968-windows\addons\sourcemod\scripting\ÒankrunFixhealth.sp::IsTankRunActive
L 12/23/2025 - 16:11:58: [SM]   [2] Line 36, C:\Users\Moises\Downloads\Compressed\sourcemod-1.11.0-git6968-windows\addons\sourcemod\scripting\ÒankrunFixhealth.sp::Timer_PeriodicCheck
L 12/23/2025 - 16:12:08: [SM] Exception reported: Invalid convar handle 0 (error 4)
L 12/23/2025 - 16:12:08: [SM] Blaming: ÒankrunFixhealth.smx
L 12/23/2025 - 16:12:08: [SM] Call stack trace:
L 12/23/2025 - 16:12:08: [SM]   [0] GetConVarString
L 12/23/2025 - 16:12:08: [SM]   [1] Line 138, C:\Users\Moises\Downloads\Compressed\sourcemod-1.11.0-git6968-windows\addons\sourcemod\scripting\ÒankrunFixhealth.sp::IsTankRunActive
L 12/23/2025 - 16:12:08: [SM]   [2] Line 36, C:\Users\Moises\Downloads\Compressed\sourcemod-1.11.0-git6968-windows\addons\sourcemod\scripting\ÒankrunFixhealth.sp::Timer_PeriodicCheck
L 12/23/2025 - 16:12:18: [SM] Exception reported: Invalid convar handle 0 (error 4)
L 12/23/2025 - 16:12:18: [SM] Blaming: ÒankrunFixhealth.smx
L 12/23/2025 - 16:12:18: [SM] Call stack trace:
L 12/23/2025 - 16:12:18: [SM]   [0] GetConVarString
L 12/23/2025 - 16:12:18: [SM]   [1] Line 138, C:\Users\Moises\Downloads\Compressed\sourcemod-1.11.0-git6968-windows\addons\sourcemod\scripting\ÒankrunFixhealth.sp::IsTankRunActive
L 12/23/2025 - 16:12:18: [SM]   [2] Line 36, C:\Users\Moises\Downloads\Compressed\sourcemod-1.11.0-git6968-windows\addons\sourcemod\scripting\ÒankrunFixhealth.sp::Timer_PeriodicCheck
L 12/23/2025 - 16:12:25: [SM] Exception reported: Invalid convar handle 0 (error 4)
L 12/23/2025 - 16:12:25: [SM] Blaming: ÒankrunFixhealth.smx
L 12/23/2025 - 16:12:25: [SM] Call stack trace:
L 12/23/2025 - 16:12:25: [SM]   [0] GetConVarString
L 12/23/2025 - 16:12:25: [SM]   [1] Line 138, C:\Users\Moises\Downloads\Compressed\sourcemod-1.11.0-git6968-windows\addons\sourcemod\scripting\ÒankrunFixhealth.sp::IsTankRunActive
L 12/23/2025 - 16:12:25: [SM]   [2] Line 79, C:\Users\Moises\Downloads\Compressed\sourcemod-1.11.0-git6968-windows\addons\sourcemod\scripting\ÒankrunFixhealth.sp::Event_PlayerDeath
L 12/23/2025 - 16:12:28: [SM] Exception reported: Invalid convar handle 0 (error 4)
L 12/23/2025 - 16:12:28: [SM] Blaming: ÒankrunFixhealth.smx
L 12/23/2025 - 16:12:28: [SM] Call stack trace:
L 12/23/2025 - 16:12:28: [SM]   [0] GetConVarString
L 12/23/2025 - 16:12:28: [SM]   [1] Line 138, C:\Users\Moises\Downloads\Compressed\sourcemod-1.11.0-git6968-windows\addons\sourcemod\scripting\ÒankrunFixhealth.sp::IsTankRunActive
L 12/23/2025 - 16:12:28: [SM]   [2] Line 36, C:\Users\Moises\Downloads\Compressed\sourcemod-1.11.0-git6968-windows\addons\sourcemod\scripting\ÒankrunFixhealth.sp::Timer_PeriodicCheck
L 12/23/2025 - 16:12:38: [SM] Exception reported: Invalid convar handle 0 (error 4)
L 12/23/2025 - 16:12:38: [SM] Blaming: ÒankrunFixhealth.smx
L 12/23/2025 - 16:12:38: [SM] Call stack trace:
L 12/23/2025 - 16:12:38: [SM]   [0] GetConVarString
L 12/23/2025 - 16:12:38: [SM]   [1] Line 138, C:\Users\Moises\Downloads\Compressed\sourcemod-1.11.0-git6968-windows\addons\sourcemod\scripting\ÒankrunFixhealth.sp::IsTankRunActive
L 12/23/2025 - 16:12:38: [SM]   [2] Line 36, C:\Users\Moises\Downloads\Compressed\sourcemod-1.11.0-git6968-windows\addons\sourcemod\scripting\ÒankrunFixhealth.sp::Timer_PeriodicCheck
L 12/23/2025 - 16:12:45: [SM] Exception reported: Language phrase "Please wait to be revived or rescued" not found (arg 6)
L 12/23/2025 - 16:12:45: [SM] Blaming: l4dmultislots.smx
L 12/23/2025 - 16:12:45: [SM] Call stack trace:
L 12/23/2025 - 16:12:45: [SM]   [0] PrintToChat
L 12/23/2025 - 16:12:45: [SM]   [1] Line 953, d:\Github\Private-Work\L4D2-Êèí‰ª∂\scripting_1.11\l4dmultislots.sp::Timer_SpecCheck
L 12/23/2025 - 16:12:46: [SM] Exception reported: Invalid convar handle 0 (error 4)
L 12/23/2025 - 16:12:46: [SM] Blaming: ÒankrunFixhealth.smx
L 12/23/2025 - 16:12:46: [SM] Call stack trace:
L 12/23/2025 - 16:12:46: [SM]   [0] GetConVarString
L 12/23/2025 - 16:12:46: [SM]   [1] Line 138, C:\Users\Moises\Downloads\Compressed\sourcemod-1.11.0-git6968-windows\addons\sourcemod\scripting\ÒankrunFixhealth.sp::IsTankRunActive
L 12/23/2025 - 16:12:46: [SM]   [2] Line 79, C:\Users\Moises\Downloads\Compressed\sourcemod-1.11.0-git6968-windows\addons\sourcemod\scripting\ÒankrunFixhealth.sp::Event_PlayerDeath
L 12/23/2025 - 16:12:48: [SM] Exception reported: Invalid convar handle 0 (error 4)
L 12/23/2025 - 16:12:48: [SM] Blaming: ÒankrunFixhealth.smx
L 12/23/2025 - 16:12:48: [SM] Call stack trace:
L 12/23/2025 - 16:12:48: [SM]   [0] GetConVarString
L 12/23/2025 - 16:12:48: [SM]   [1] Line 138, C:\Users\Moises\Downloads\Compressed\sourcemod-1.11.0-git6968-windows\addons\sourcemod\scripting\ÒankrunFixhealth.sp::IsTankRunActive
L 12/23/2025 - 16:12:48: [SM]   [2] Line 36, C:\Users\Moises\Downloads\Compressed\sourcemod-1.11.0-git6968-windows\addons\sourcemod\scripting\ÒankrunFixhealth.sp::Timer_PeriodicCheck
L 12/23/2025 - 16:12:58: [SM] Exception reported: Invalid convar handle 0 (error 4)
L 12/23/2025 - 16:12:58: [SM] Blaming: ÒankrunFixhealth.smx
L 12/23/2025 - 16:12:58: [SM] Call stack trace:
L 12/23/2025 - 16:12:58: [SM]   [0] GetConVarString
L 12/23/2025 - 16:12:58: [SM]   [1] Line 138, C:\Users\Moises\Downloads\Compressed\sourcemod-1.11.0-git6968-windows\addons\sourcemod\scripting\ÒankrunFixhealth.sp::IsTankRunActive
L 12/23/2025 - 16:12:58: [SM]   [2] Line 36, C:\Users\Moises\Downloads\Compressed\sourcemod-1.11.0-git6968-windows\addons\sourcemod\scripting\ÒankrunFixhealth.sp::Timer_PeriodicCheck
L 12/23/2025 - 16:12:58: [SM] Exception reported: Invalid timer handle bba00479 (error 1)
L 12/23/2025 - 16:12:58: [SM] Blaming: l4d2_playerjoining_v2.smx
L 12/23/2025 - 16:12:58: [SM] Call stack trace:
L 12/23/2025 - 16:12:58: [SM]   [0] KillTimer
L 12/23/2025 - 16:12:58: [SM]   [1] Line 53, C:\Users\Moises\Downloads\Compressed\sourcemod-1.11.0-git6968-windows\addons\sourcemod\scripting\l4d2_playerjoining_v2.sp::OnClientDisconnect
L 12/23/2025 - 16:13:08: [SM] Exception reported: Invalid convar handle 0 (error 4)
L 12/23/2025 - 16:13:08: [SM] Blaming: ÒankrunFixhealth.smx
L 12/23/2025 - 16:13:08: [SM] Call stack trace:
L 12/23/2025 - 16:13:08: [SM]   [0] GetConVarString
L 12/23/2025 - 16:13:08: [SM]   [1] Line 138, C:\Users\Moises\Downloads\Compressed\sourcemod-1.11.0-git6968-windows\addons\sourcemod\scripting\ÒankrunFixhealth.sp::IsTankRunActive
L 12/23/2025 - 16:13:08: [SM]   [2] Line 36, C:\Users\Moises\Downloads\Compressed\sourcemod-1.11.0-git6968-windows\addons\sourcemod\scripting\ÒankrunFixhealth.sp::Timer_PeriodicCheck
L 12/23/2025 - 16:13:10: [SM] Exception reported: Language phrase "Please wait to be revived or rescued" not found (arg 6)
L 12/23/2025 - 16:13:10: [SM] Blaming: l4dmultislots.smx
L 12/23/2025 - 16:13:10: [SM] Call stack trace:
L 12/23/2025 - 16:13:10: [SM]   [0] PrintToChat
L 12/23/2025 - 16:13:10: [SM]   [1] Line 953, d:\Github\Private-Work\L4D2-Êèí‰ª∂\scripting_1.11\l4dmultislots.sp::Timer_SpecCheck
L 12/23/2025 - 16:13:15: [SM] Exception reported: Invalid convar handle 0 (error 4)
L 12/23/2025 - 16:13:15: [SM] Blaming: ÒankrunFixhealth.smx
L 12/23/2025 - 16:13:15: [SM] Call stack trace:
L 12/23/2025 - 16:13:15: [SM]   [0] GetConVarString
L 12/23/2025 - 16:13:15: [SM]   [1] Line 138, C:\Users\Moises\Downloads\Compressed\sourcemod-1.11.0-git6968-windows\addons\sourcemod\scripting\ÒankrunFixhealth.sp::IsTankRunActive
L 12/23/2025 - 16:13:15: [SM]   [2] Line 79, C:\Users\Moises\Downloads\Compressed\sourcemod-1.11.0-git6968-windows\addons\sourcemod\scripting\ÒankrunFixhealth.sp::Event_PlayerDeath
L 12/23/2025 - 16:13:18: [SM] Exception reported: Invalid convar handle 0 (error 4)
L 12/23/2025 - 16:13:18: [SM] Blaming: ÒankrunFixhealth.smx
L 12/23/2025 - 16:13:18: [SM] Call stack trace:
L 12/23/2025 - 16:13:18: [SM]   [0] GetConVarString
L 12/23/2025 - 16:13:18: [SM]   [1] Line 138, C:\Users\Moises\Downloads\Compressed\sourcemod-1.11.0-git6968-windows\addons\sourcemod\scripting\ÒankrunFixhealth.sp::IsTankRunActive
L 12/23/2025 - 16:13:18: [SM]   [2] Line 36, C:\Users\Moises\Downloads\Compressed\sourcemod-1.11.0-git6968-windows\addons\sourcemod\scripting\ÒankrunFixhealth.sp::Timer_PeriodicCheck
L 12/23/2025 - 16:13:22: [SM] Exception reported: Invalid timer handle 65d00485 (error 1)
L 12/23/2025 - 16:13:22: [SM] Blaming: l4d2_playerjoining_v2.smx
L 12/23/2025 - 16:13:22: [SM] Call stack trace:
L 12/23/2025 - 16:13:22: [SM]   [0] KillTimer
L 12/23/2025 - 16:13:22: [SM]   [1] Line 53, C:\Users\Moises\Downloads\Compressed\sourcemod-1.11.0-git6968-windows\addons\sourcemod\scripting\l4d2_playerjoining_v2.sp::OnClientDisconnect
L 12/23/2025 - 16:13:28: [SM] Exception reported: Invalid convar handle 0 (error 4)
L 12/23/2025 - 16:13:28: [SM] Blaming: ÒankrunFixhealth.smx
L 12/23/2025 - 16:13:28: [SM] Call stack trace:
L 12/23/2025 - 16:13:28: [SM]   [0] GetConVarString
L 12/23/2025 - 16:13:28: [SM]   [1] Line 138, C:\Users\Moises\Downloads\Compressed\sourcemod-1.11.0-git6968-windows\addons\sourcemod\scripting\ÒankrunFixhealth.sp::IsTankRunActive
L 12/23/2025 - 16:13:28: [SM]   [2] Line 36, C:\Users\Moises\Downloads\Compressed\sourcemod-1.11.0-git6968-windows\addons\sourcemod\scripting\ÒankrunFixhealth.sp::Timer_PeriodicCheck
L 12/23/2025 - 16:13:35: [SM] Exception reported: Language phrase "Please wait to be revived or rescued" not found (arg 6)
L 12/23/2025 - 16:13:35: [SM] Blaming: l4dmultislots.smx
L 12/23/2025 - 16:13:35: [SM] Call stack trace:
L 12/23/2025 - 16:13:35: [SM]   [0] PrintToChat
L 12/23/2025 - 16:13:35: [SM]   [1] Line 953, d:\Github\Private-Work\L4D2-Êèí‰ª∂\scripting_1.11\l4dmultislots.sp::Timer_SpecCheck
L 12/23/2025 - 16:13:38: [SM] Exception reported: Invalid convar handle 0 (error 4)
L 12/23/2025 - 16:13:38: [SM] Blaming: ÒankrunFixhealth.smx
L 12/23/2025 - 16:13:38: [SM] Call stack trace:
L 12/23/2025 - 16:13:38: [SM]   [0] GetConVarString
L 12/23/2025 - 16:13:38: [SM]   [1] Line 138, C:\Users\Moises\Downloads\Compressed\sourcemod-1.11.0-git6968-windows\addons\sourcemod\scripting\ÒankrunFixhealth.sp::IsTankRunActive
L 12/23/2025 - 16:13:38: [SM]   [2] Line 36, C:\Users\Moises\Downloads\Compressed\sourcemod-1.11.0-git6968-windows\addons\sourcemod\scripting\ÒankrunFixhealth.sp::Timer_PeriodicCheck
L 12/23/2025 - 16:13:41: [SM] Exception reported: Invalid convar handle 0 (error 4)
L 12/23/2025 - 16:13:41: [SM] Blaming: ÒankrunFixhealth.smx
L 12/23/2025 - 16:13:41: [SM] Call stack trace:
L 12/23/2025 - 16:13:41: [SM]   [0] GetConVarString
L 12/23/2025 - 16:13:41: [SM]   [1] Line 138, C:\Users\Moises\Downloads\Compressed\sourcemod-1.11.0-git6968-windows\addons\sourcemod\scripting\ÒankrunFixhealth.sp::IsTankRunActive
L 12/23/2025 - 16:13:41: [SM]   [2] Line 79, C:\Users\Moises\Downloads\Compressed\sourcemod-1.11.0-git6968-windows\addons\sourcemod\scripting\ÒankrunFixhealth.sp::Event_PlayerDeath
L 12/23/2025 - 16:13:41: [SM] Exception reported: Invalid convar handle 0 (error 4)
L 12/23/2025 - 16:13:41: [SM] Blaming: ÒankrunFixhealth.smx
L 12/23/2025 - 16:13:41: [SM] Call stack trace:
L 12/23/2025 - 16:13:41: [SM]   [0] GetConVarString
L 12/23/2025 - 16:13:41: [SM]   [1] Line 138, C:\Users\Moises\Downloads\Compressed\sourcemod-1.11.0-git6968-windows\addons\sourcemod\scripting\ÒankrunFixhealth.sp::IsTankRunActive
L 12/23/2025 - 16:13:41: [SM]   [2] Line 91, C:\Users\Moises\Downloads\Compressed\sourcemod-1.11.0-git6968-windows\addons\sourcemod\scripting\ÒankrunFixhealth.sp::Event_MissionLost
L 12/23/2025 - 16:13:42: [SM] Exception reported: Invalid timer handle a7700479 (error 1)
L 12/23/2025 - 16:13:42: [SM] Blaming: l4d2_playerjoining_v2.smx
L 12/23/2025 - 16:13:42: [SM] Call stack trace:
L 12/23/2025 - 16:13:42: [SM]   [0] KillTimer
L 12/23/2025 - 16:13:42: [SM]   [1] Line 53, C:\Users\Moises\Downloads\Compressed\sourcemod-1.11.0-git6968-windows\addons\sourcemod\scripting\l4d2_playerjoining_v2.sp::OnClientDisconnect
L 12/23/2025 - 16:13:48: [SM] Exception reported: Invalid convar handle 0 (error 4)
L 12/23/2025 - 16:13:48: [SM] Blaming: ÒankrunFixhealth.smx
L 12/23/2025 - 16:13:48: [SM] Call stack trace:
L 12/23/2025 - 16:13:48: [SM]   [0] GetConVarString
L 12/23/2025 - 16:13:48: [SM]   [1] Line 138, C:\Users\Moises\Downloads\Compressed\sourcemod-1.11.0-git6968-windows\addons\sourcemod\scripting\ÒankrunFixhealth.sp::IsTankRunActive
L 12/23/2025 - 16:13:48: [SM]   [2] Line 36, C:\Users\Moises\Downloads\Compressed\sourcemod-1.11.0-git6968-windows\addons\sourcemod\scripting\ÒankrunFixhealth.sp::Timer_PeriodicCheck
L 12/23/2025 - 16:13:48: [SM] Exception reported: Invalid convar handle 0 (error 4)
L 12/23/2025 - 16:13:48: [SM] Blaming: ÒankrunFixhealth.smx
L 12/23/2025 - 16:13:48: [SM] Call stack trace:
L 12/23/2025 - 16:13:48: [SM]   [0] GetConVarString
L 12/23/2025 - 16:13:48: [SM]   [1] Line 138, C:\Users\Moises\Downloads\Compressed\sourcemod-1.11.0-git6968-windows\addons\sourcemod\scripting\ÒankrunFixhealth.sp::IsTankRunActive
L 12/23/2025 - 16:13:48: [SM]   [2] Line 54, C:\Users\Moises\Downloads\Compressed\sourcemod-1.11.0-git6968-windows\addons\sourcemod\scripting\ÒankrunFixhealth.sp::Event_RoundStart
L 12/23/2025 - 16:13:48: [SM] Exception reported: Invalid timer handle 5a900472 (error 1)
L 12/23/2025 - 16:13:48: [SM] Blaming: l4d2_playerjoining_v2.smx
L 12/23/2025 - 16:13:48: [SM] Call stack trace:
L 12/23/2025 - 16:13:48: [SM]   [0] KillTimer
L 12/23/2025 - 16:13:48: [SM]   [1] Line 53, C:\Users\Moises\Downloads\Compressed\sourcemod-1.11.0-git6968-windows\addons\sourcemod\scripting\l4d2_playerjoining_v2.sp::OnClientDisconnect
L 12/23/2025 - 16:13:48: [SM] Exception reported: Invalid timer handle 107004a5 (error 1)
L 12/23/2025 - 16:13:48: [SM] Blaming: l4d2_playerjoining_v2.smx
L 12/23/2025 - 16:13:48: [SM] Call stack trace:
L 12/23/2025 - 16:13:48: [SM]   [0] KillTimer
L 12/23/2025 - 16:13:48: [SM]   [1] Line 53, C:\Users\Moises\Downloads\Compressed\sourcemod-1.11.0-git6968-windows\addons\sourcemod\scripting\l4d2_playerjoining_v2.sp::OnClientDisconnect
L 12/23/2025 - 16:13:48: [SM] Exception reported: Invalid timer handle 5580045b (error 1)
L 12/23/2025 - 16:13:48: [SM] Blaming: l4d2_playerjoining_v2.smx
L 12/23/2025 - 16:13:48: [SM] Call stack trace:
L 12/23/2025 - 16:13:48: [SM]   [0] KillTimer
L 12/23/2025 - 16:13:48: [SM]   [1] Line 53, C:\Users\Moises\Downloads\Compressed\sourcemod-1.11.0-git6968-windows\addons\sourcemod\scripting\l4d2_playerjoining_v2.sp::OnClientDisconnect
L 12/23/2025 - 16:13:48: [SM] Exception reported: Invalid timer handle 65d00485 (error 1)
L 12/23/2025 - 16:13:48: [SM] Blaming: l4d2_playerjoining_v2.smx
L 12/23/2025 - 16:13:48: [SM] Call stack trace:
L 12/23/2025 - 16:13:48: [SM]   [0] KillTimer
L 12/23/2025 - 16:13:48: [SM]   [1] Line 53, C:\Users\Moises\Downloads\Compressed\sourcemod-1.11.0-git6968-windows\addons\sourcemod\scripting\l4d2_playerjoining_v2.sp::OnClientDisconnect
L 12/23/2025 - 16:13:48: [SM] Exception reported: Invalid timer handle 41c00479 (error 1)
L 12/23/2025 - 16:13:48: [SM] Blaming: l4d2_playerjoining_v2.smx
L 12/23/2025 - 16:13:48: [SM] Call stack trace:
L 12/23/2025 - 16:13:48: [SM]   [0] KillTimer
L 12/23/2025 - 16:13:48: [SM]   [1] Line 53, C:\Users\Moises\Downloads\Compressed\sourcemod-1.11.0-git6968-windows\addons\sourcemod\scripting\l4d2_playerjoining_v2.sp::OnClientDisconnect
L 12/23/2025 - 16:13:58: [SM] Exception reported: Invalid convar handle 0 (error 4)
L 12/23/2025 - 16:13:58: [SM] Blaming: ÒankrunFixhealth.smx
L 12/23/2025 - 16:13:58: [SM] Call stack trace:
L 12/23/2025 - 16:13:58: [SM]   [0] GetConVarString
L 12/23/2025 - 16:13:58: [SM]   [1] Line 138, C:\Users\Moises\Downloads\Compressed\sourcemod-1.11.0-git6968-windows\addons\sourcemod\scripting\ÒankrunFixhealth.sp::IsTankRunActive
L 12/23/2025 - 16:13:58: [SM]   [2] Line 36, C:\Users\Moises\Downloads\Compressed\sourcemod-1.11.0-git6968-windows\addons\sourcemod\scripting\ÒankrunFixhealth.sp::Timer_PeriodicCheck
L 12/23/2025 - 16:14:08: [SM] Exception reported: Invalid convar handle 0 (error 4)
L 12/23/2025 - 16:14:08: [SM] Blaming: ÒankrunFixhealth.smx
L 12/23/2025 - 16:14:08: [SM] Call stack trace:
L 12/23/2025 - 16:14:08: [SM]   [0] GetConVarString
L 12/23/2025 - 16:14:08: [SM]   [1] Line 138, C:\Users\Moises\Downloads\Compressed\sourcemod-1.11.0-git6968-windows\addons\sourcemod\scripting\ÒankrunFixhealth.sp::IsTankRunActive
L 12/23/2025 - 16:14:08: [SM]   [2] Line 36, C:\Users\Moises\Downloads\Compressed\sourcemod-1.11.0-git6968-windows\addons\sourcemod\scripting\ÒankrunFixhealth.sp::Timer_PeriodicCheck
L 12/23/2025 - 16:14:18: [SM] Exception reported: Invalid convar handle 0 (error 4)
L 12/23/2025 - 16:14:18: [SM] Blaming: ÒankrunFixhealth.smx
L 12/23/2025 - 16:14:18: [SM] Call stack trace:
L 12/23/2025 - 16:14:18: [SM]   [0] GetConVarString
L 12/23/2025 - 16:14:18: [SM]   [1] Line 138, C:\Users\Moises\Downloads\Compressed\sourcemod-1.11.0-git6968-windows\addons\sourcemod\scripting\ÒankrunFixhealth.sp::IsTankRunActive
L 12/23/2025 - 16:14:18: [SM]   [2] Line 36, C:\Users\Moises\Downloads\Compressed\sourcemod-1.11.0-git6968-windows\addons\sourcemod\scripting\ÒankrunFixhealth.sp::Timer_PeriodicCheck
L 12/23/2025 - 16:14:28: [SM] Exception reported: Invalid convar handle 0 (error 4)
L 12/23/2025 - 16:14:28: [SM] Blaming: ÒankrunFixhealth.smx
L 12/23/2025 - 16:14:28: [SM] Call stack trace:
L 12/23/2025 - 16:14:28: [SM]   [0] GetConVarString
L 12/23/2025 - 16:14:28: [SM]   [1] Line 138, C:\Users\Moises\Downloads\Compressed\sourcemod-1.11.0-git6968-windows\addons\sourcemod\scripting\ÒankrunFixhealth.sp::IsTankRunActive
L 12/23/2025 - 16:14:28: [SM]   [2] Line 36, C:\Users\Moises\Downloads\Compressed\sourcemod-1.11.0-git6968-windows\addons\sourcemod\scripting\ÒankrunFixhealth.sp::Timer_PeriodicCheck
L 12/23/2025 - 16:14:38: [SM] Exception reported: Invalid convar handle 0 (error 4)
L 12/23/2025 - 16:14:38: [SM] Blaming: ÒankrunFixhealth.smx
L 12/23/2025 - 16:14:38: [SM] Call stack trace:
L 12/23/2025 - 16:14:38: [SM]   [0] GetConVarString
L 12/23/2025 - 16:14:38: [SM]   [1] Line 138, C:\Users\Moises\Downloads\Compressed\sourcemod-1.11.0-git6968-windows\addons\sourcemod\scripting\ÒankrunFixhealth.sp::IsTankRunActive
L 12/23/2025 - 16:14:38: [SM]   [2] Line 36, C:\Users\Moises\Downloads\Compressed\sourcemod-1.11.0-git6968-windows\addons\sourcemod\scripting\ÒankrunFixhealth.sp::Timer_PeriodicCheck
L 12/23/2025 - 16:14:48: [SM] Exception reported: Invalid convar handle 0 (error 4)
L 12/23/2025 - 16:14:48: [SM] Blaming: ÒankrunFixhealth.smx
L 12/23/2025 - 16:14:48: [SM] Call stack trace:
L 12/23/2025 - 16:14:48: [SM]   [0] GetConVarString
L 12/23/2025 - 16:14:48: [SM]   [1] Line 138, C:\Users\Moises\Downloads\Compressed\sourcemod-1.11.0-git6968-windows\addons\sourcemod\scripting\ÒankrunFixhealth.sp::IsTankRunActive
L 12/23/2025 - 16:14:48: [SM]   [2] Line 36, C:\Users\Moises\Downloads\Compressed\sourcemod-1.11.0-git6968-windows\addons\sourcemod\scripting\ÒankrunFixhealth.sp::Timer_PeriodicCheck
L 12/23/2025 - 16:14:58: [SM] Exception reported: Invalid convar handle 0 (error 4)
L 12/23/2025 - 16:14:58: [SM] Blaming: ÒankrunFixhealth.smx
L 12/23/2025 - 16:14:58: [SM] Call stack trace:
L 12/23/2025 - 16:14:58: [SM]   [0] GetConVarString
L 12/23/2025 - 16:14:58: [SM]   [1] Line 138, C:\Users\Moises\Downloads\Compressed\sourcemod-1.11.0-git6968-windows\addons\sourcemod\scripting\ÒankrunFixhealth.sp::IsTankRunActive
L 12/23/2025 - 16:14:58: [SM]   [2] Line 36, C:\Users\Moises\Downloads\Compressed\sourcemod-1.11.0-git6968-windows\addons\sourcemod\scripting\ÒankrunFixhealth.sp::Timer_PeriodicCheck
L 12/23/2025 - 16:15:00: [SM] Exception reported: Invalid convar handle 0 (error 4)
L 12/23/2025 - 16:15:00: [SM] Blaming: ÒankrunFixhealth.smx
L 12/23/2025 - 16:15:00: [SM] Call stack trace:
L 12/23/2025 - 16:15:00: [SM]   [0] GetConVarString
L 12/23/2025 - 16:15:00: [SM]   [1] Line 138, C:\Users\Moises\Downloads\Compressed\sourcemod-1.11.0-git6968-windows\addons\sourcemod\scripting\ÒankrunFixhealth.sp::IsTankRunActive
L 12/23/2025 - 16:15:00: [SM]   [2] Line 79, C:\Users\Moises\Downloads\Compressed\sourcemod-1.11.0-git6968-windows\addons\sourcemod\scripting\ÒankrunFixhealth.sp::Event_PlayerDeath
L 12/23/2025 - 16:15:07: [SM] Exception reported: Invalid timer handle 5a900472 (error 1)
L 12/23/2025 - 16:15:07: [SM] Blaming: l4d2_playerjoining_v2.smx
L 12/23/2025 - 16:15:07: [SM] Call stack trace:
L 12/23/2025 - 16:15:07: [SM]   [0] KillTimer
L 12/23/2025 - 16:15:07: [SM]   [1] Line 53, C:\Users\Moises\Downloads\Compressed\sourcemod-1.11.0-git6968-windows\addons\sourcemod\scripting\l4d2_playerjoining_v2.sp::OnClientDisconnect
L 12/23/2025 - 16:15:08: [SM] Exception reported: Invalid convar handle 0 (error 4)
L 12/23/2025 - 16:15:08: [SM] Blaming: ÒankrunFixhealth.smx
L 12/23/2025 - 16:15:08: [SM] Call stack trace:
L 12/23/2025 - 16:15:08: [SM]   [0] GetConVarString
L 12/23/2025 - 16:15:08: [SM]   [1] Line 138, C:\Users\Moises\Downloads\Compressed\sourcemod-1.11.0-git6968-windows\addons\sourcemod\scripting\ÒankrunFixhealth.sp::IsTankRunActive
L 12/23/2025 - 16:15:08: [SM]   [2] Line 36, C:\Users\Moises\Downloads\Compressed\sourcemod-1.11.0-git6968-windows\addons\sourcemod\scripting\ÒankrunFixhealth.sp::Timer_PeriodicCheck
L 12/23/2025 - 16:15:08: [SM] Exception reported: Invalid convar handle 0 (error 4)
L 12/23/2025 - 16:15:08: [SM] Blaming: ÒankrunFixhealth.smx
L 12/23/2025 - 16:15:08: [SM] Call stack trace:
L 12/23/2025 - 16:15:08: [SM]   [0] GetConVarString
L 12/23/2025 - 16:15:08: [SM]   [1] Line 138, C:\Users\Moises\Downloads\Compressed\sourcemod-1.11.0-git6968-windows\addons\sourcemod\scripting\ÒankrunFixhealth.sp::IsTankRunActive
L 12/23/2025 - 16:15:08: [SM]   [2] Line 79, C:\Users\Moises\Downloads\Compressed\sourcemod-1.11.0-git6968-windows\addons\sourcemod\scripting\ÒankrunFixhealth.sp::Event_PlayerDeath
L 12/23/2025 - 16:15:15: [SM] Exception reported: Invalid timer handle 65d00485 (error 1)
L 12/23/2025 - 16:15:15: [SM] Blaming: l4d2_playerjoining_v2.smx
L 12/23/2025 - 16:15:15: [SM] Call stack trace:
L 12/23/2025 - 16:15:15: [SM]   [0] KillTimer
L 12/23/2025 - 16:15:15: [SM]   [1] Line 53, C:\Users\Moises\Downloads\Compressed\sourcemod-1.11.0-git6968-windows\addons\sourcemod\scripting\l4d2_playerjoining_v2.sp::OnClientDisconnect
L 12/23/2025 - 16:15:18: [SM] Exception reported: Invalid convar handle 0 (error 4)
L 12/23/2025 - 16:15:18: [SM] Blaming: ÒankrunFixhealth.smx
L 12/23/2025 - 16:15:18: [SM] Call stack trace:
L 12/23/2025 - 16:15:18: [SM]   [0] GetConVarString
L 12/23/2025 - 16:15:18: [SM]   [1] Line 138, C:\Users\Moises\Downloads\Compressed\sourcemod-1.11.0-git6968-windows\addons\sourcemod\scripting\ÒankrunFixhealth.sp::IsTankRunActive
L 12/23/2025 - 16:15:18: [SM]   [2] Line 36, C:\Users\Moises\Downloads\Compressed\sourcemod-1.11.0-git6968-windows\addons\sourcemod\scripting\ÒankrunFixhealth.sp::Timer_PeriodicCheck
L 12/23/2025 - 16:15:28: [SM] Exception reported: Invalid convar handle 0 (error 4)
L 12/23/2025 - 16:15:28: [SM] Blaming: ÒankrunFixhealth.smx
L 12/23/2025 - 16:15:28: [SM] Call stack trace:
L 12/23/2025 - 16:15:28: [SM]   [0] GetConVarString
L 12/23/2025 - 16:15:28: [SM]   [1] Line 138, C:\Users\Moises\Downloads\Compressed\sourcemod-1.11.0-git6968-windows\addons\sourcemod\scripting\ÒankrunFixhealth.sp::IsTankRunActive
L 12/23/2025 - 16:15:28: [SM]   [2] Line 36, C:\Users\Moises\Downloads\Compressed\sourcemod-1.11.0-git6968-windows\addons\sourcemod\scripting\ÒankrunFixhealth.sp::Timer_PeriodicCheck
L 12/23/2025 - 16:15:32: [SM] Exception reported: Invalid timer handle 107004a5 (error 1)
L 12/23/2025 - 16:15:32: [SM] Blaming: l4d2_playerjoining_v2.smx
L 12/23/2025 - 16:15:32: [SM] Call stack trace:
L 12/23/2025 - 16:15:32: [SM]   [0] KillTimer
L 12/23/2025 - 16:15:32: [SM]   [1] Line 53, C:\Users\Moises\Downloads\Compressed\sourcemod-1.11.0-git6968-windows\addons\sourcemod\scripting\l4d2_playerjoining_v2.sp::OnClientDisconnect
L 12/23/2025 - 16:15:33: [SM] Exception reported: Invalid convar handle 0 (error 4)
L 12/23/2025 - 16:15:33: [SM] Blaming: ÒankrunFixhealth.smx
L 12/23/2025 - 16:15:33: [SM] Call stack trace:
L 12/23/2025 - 16:15:33: [SM]   [0] GetConVarString
L 12/23/2025 - 16:15:33: [SM]   [1] Line 138, C:\Users\Moises\Downloads\Compressed\sourcemod-1.11.0-git6968-windows\addons\sourcemod\scripting\ÒankrunFixhealth.sp::IsTankRunActive
L 12/23/2025 - 16:15:33: [SM]   [2] Line 79, C:\Users\Moises\Downloads\Compressed\sourcemod-1.11.0-git6968-windows\addons\sourcemod\scripting\ÒankrunFixhealth.sp::Event_PlayerDeath
L 12/23/2025 - 16:15:38: [SM] Exception reported: Invalid convar handle 0 (error 4)
L 12/23/2025 - 16:15:38: [SM] Blaming: ÒankrunFixhealth.smx
L 12/23/2025 - 16:15:38: [SM] Call stack trace:
L 12/23/2025 - 16:15:38: [SM]   [0] GetConVarString
L 12/23/2025 - 16:15:38: [SM]   [1] Line 138, C:\Users\Moises\Downloads\Compressed\sourcemod-1.11.0-git6968-windows\addons\sourcemod\scripting\ÒankrunFixhealth.sp::IsTankRunActive
L 12/23/2025 - 16:15:38: [SM]   [2] Line 36, C:\Users\Moises\Downloads\Compressed\sourcemod-1.11.0-git6968-windows\addons\sourcemod\scripting\ÒankrunFixhealth.sp::Timer_PeriodicCheck
L 12/23/2025 - 16:15:38: [SM] Exception reported: Invalid timer handle 107004a5 (error 1)
L 12/23/2025 - 16:15:38: [SM] Blaming: l4d2_playerjoining_v2.smx
L 12/23/2025 - 16:15:38: [SM] Call stack trace:
L 12/23/2025 - 16:15:38: [SM]   [0] KillTimer
L 12/23/2025 - 16:15:38: [SM]   [1] Line 53, C:\Users\Moises\Downloads\Compressed\sourcemod-1.11.0-git6968-windows\addons\sourcemod\scripting\l4d2_playerjoining_v2.sp::OnClientDisconnect
L 12/23/2025 - 16:15:48: [SM] Exception reported: Invalid convar handle 0 (error 4)
L 12/23/2025 - 16:15:48: [SM] Blaming: ÒankrunFixhealth.smx
L 12/23/2025 - 16:15:48: [SM] Call stack trace:
L 12/23/2025 - 16:15:48: [SM]   [0] GetConVarString
L 12/23/2025 - 16:15:48: [SM]   [1] Line 138, C:\Users\Moises\Downloads\Compressed\sourcemod-1.11.0-git6968-windows\addons\sourcemod\scripting\ÒankrunFixhealth.sp::IsTankRunActive
L 12/23/2025 - 16:15:48: [SM]   [2] Line 36, C:\Users\Moises\Downloads\Compressed\sourcemod-1.11.0-git6968-windows\addons\sourcemod\scripting\ÒankrunFixhealth.sp::Timer_PeriodicCheck
L 12/23/2025 - 16:15:53: [SM] Exception reported: Language phrase "Please wait to be revived or rescued" not found (arg 6)
L 12/23/2025 - 16:15:53: [SM] Blaming: l4dmultislots.smx
L 12/23/2025 - 16:15:53: [SM] Call stack trace:
L 12/23/2025 - 16:15:53: [SM]   [0] PrintToChat
L 12/23/2025 - 16:15:53: [SM]   [1] Line 953, d:\Github\Private-Work\L4D2-Êèí‰ª∂\scripting_1.11\l4dmultislots.sp::Timer_SpecCheck
L 12/23/2025 - 16:15:58: [SM] Exception reported: Invalid convar handle 0 (error 4)
L 12/23/2025 - 16:15:58: [SM] Blaming: ÒankrunFixhealth.smx
L 12/23/2025 - 16:15:58: [SM] Call stack trace:
L 12/23/2025 - 16:15:58: [SM]   [0] GetConVarString
L 12/23/2025 - 16:15:58: [SM]   [1] Line 138, C:\Users\Moises\Downloads\Compressed\sourcemod-1.11.0-git6968-windows\addons\sourcemod\scripting\ÒankrunFixhealth.sp::IsTankRunActive
L 12/23/2025 - 16:15:58: [SM]   [2] Line 36, C:\Users\Moises\Downloads\Compressed\sourcemod-1.11.0-git6968-windows\addons\sourcemod\scripting\ÒankrunFixhealth.sp::Timer_PeriodicCheck
L 12/23/2025 - 16:16:07: [SM] Exception reported: Invalid timer handle 107004a5 (error 1)
L 12/23/2025 - 16:16:07: [SM] Blaming: l4d2_playerjoining_v2.smx
L 12/23/2025 - 16:16:07: [SM] Call stack trace:
L 12/23/2025 - 16:16:07: [SM]   [0] KillTimer
L 12/23/2025 - 16:16:07: [SM]   [1] Line 53, C:\Users\Moises\Downloads\Compressed\sourcemod-1.11.0-git6968-windows\addons\sourcemod\scripting\l4d2_playerjoining_v2.sp::OnClientDisconnect
L 12/23/2025 - 16:16:08: [SM] Exception reported: Invalid convar handle 0 (error 4)
L 12/23/2025 - 16:16:08: [SM] Blaming: ÒankrunFixhealth.smx
L 12/23/2025 - 16:16:08: [SM] Call stack trace:
L 12/23/2025 - 16:16:08: [SM]   [0] GetConVarString
L 12/23/2025 - 16:16:08: [SM]   [1] Line 138, C:\Users\Moises\Downloads\Compressed\sourcemod-1.11.0-git6968-windows\addons\sourcemod\scripting\ÒankrunFixhealth.sp::IsTankRunActive
L 12/23/2025 - 16:16:08: [SM]   [2] Line 36, C:\Users\Moises\Downloads\Compressed\sourcemod-1.11.0-git6968-windows\addons\sourcemod\scripting\ÒankrunFixhealth.sp::Timer_PeriodicCheck
L 12/23/2025 - 16:16:12: [SM] Exception reported: Invalid convar handle 0 (error 4)
L 12/23/2025 - 16:16:12: [SM] Blaming: ÒankrunFixhealth.smx
L 12/23/2025 - 16:16:12: [SM] Call stack trace:
L 12/23/2025 - 16:16:12: [SM]   [0] GetConVarString
L 12/23/2025 - 16:16:12: [SM]   [1] Line 138, C:\Users\Moises\Downloads\Compressed\sourcemod-1.11.0-git6968-windows\addons\sourcemod\scripting\ÒankrunFixhealth.sp::IsTankRunActive
L 12/23/2025 - 16:16:12: [SM]   [2] Line 79, C:\Users\Moises\Downloads\Compressed\sourcemod-1.11.0-git6968-windows\addons\sourcemod\scripting\ÒankrunFixhealth.sp::Event_PlayerDeath
L 12/23/2025 - 16:16:18: [SM] Exception reported: Invalid convar handle 0 (error 4)
L 12/23/2025 - 16:16:18: [SM] Blaming: ÒankrunFixhealth.smx
L 12/23/2025 - 16:16:18: [SM] Call stack trace:
L 12/23/2025 - 16:16:18: [SM]   [0] GetConVarString
L 12/23/2025 - 16:16:18: [SM]   [1] Line 138, C:\Users\Moises\Downloads\Compressed\sourcemod-1.11.0-git6968-windows\addons\sourcemod\scripting\ÒankrunFixhealth.sp::IsTankRunActive
L 12/23/2025 - 16:16:18: [SM]   [2] Line 36, C:\Users\Moises\Downloads\Compressed\sourcemod-1.11.0-git6968-windows\addons\sourcemod\scripting\ÒankrunFixhealth.sp::Timer_PeriodicCheck
L 12/23/2025 - 16:16:18: [SM] Exception reported: Language phrase "Please wait to be revived or rescued" not found (arg 6)
L 12/23/2025 - 16:16:18: [SM] Blaming: l4dmultislots.smx
L 12/23/2025 - 16:16:18: [SM] Call stack trace:
L 12/23/2025 - 16:16:18: [SM]   [0] PrintToChat
L 12/23/2025 - 16:16:18: [SM]   [1] Line 953, d:\Github\Private-Work\L4D2-Êèí‰ª∂\scripting_1.11\l4dmultislots.sp::Timer_SpecCheck
L 12/23/2025 - 16:16:28: [SM] Exception reported: Invalid convar handle 0 (error 4)
L 12/23/2025 - 16:16:28: [SM] Blaming: ÒankrunFixhealth.smx
L 12/23/2025 - 16:16:28: [SM] Call stack trace:
L 12/23/2025 - 16:16:28: [SM]   [0] GetConVarString
L 12/23/2025 - 16:16:28: [SM]   [1] Line 138, C:\Users\Moises\Downloads\Compressed\sourcemod-1.11.0-git6968-windows\addons\sourcemod\scripting\ÒankrunFixhealth.sp::IsTankRunActive
L 12/23/2025 - 16:16:28: [SM]   [2] Line 36, C:\Users\Moises\Downloads\Compressed\sourcemod-1.11.0-git6968-windows\addons\sourcemod\scripting\ÒankrunFixhealth.sp::Timer_PeriodicCheck
L 12/23/2025 - 16:16:38: [SM] Exception reported: Invalid convar handle 0 (error 4)
L 12/23/2025 - 16:16:38: [SM] Blaming: ÒankrunFixhealth.smx
L 12/23/2025 - 16:16:38: [SM] Call stack trace:
L 12/23/2025 - 16:16:38: [SM]   [0] GetConVarString
L 12/23/2025 - 16:16:38: [SM]   [1] Line 138, C:\Users\Moises\Downloads\Compressed\sourcemod-1.11.0-git6968-windows\addons\sourcemod\scripting\ÒankrunFixhealth.sp::IsTankRunActive
L 12/23/2025 - 16:16:38: [SM]   [2] Line 36, C:\Users\Moises\Downloads\Compressed\sourcemod-1.11.0-git6968-windows\addons\sourcemod\scripting\ÒankrunFixhealth.sp::Timer_PeriodicCheck
L 12/23/2025 - 16:16:42: [SM] Exception reported: Invalid convar handle 0 (error 4)
L 12/23/2025 - 16:16:42: [SM] Blaming: ÒankrunFixhealth.smx
L 12/23/2025 - 16:16:42: [SM] Call stack trace:
L 12/23/2025 - 16:16:42: [SM]   [0] GetConVarString
L 12/23/2025 - 16:16:42: [SM]   [1] Line 138, C:\Users\Moises\Downloads\Compressed\sourcemod-1.11.0-git6968-windows\addons\sourcemod\scripting\ÒankrunFixhealth.sp::IsTankRunActive
L 12/23/2025 - 16:16:42: [SM]   [2] Line 79, C:\Users\Moises\Downloads\Compressed\sourcemod-1.11.0-git6968-windows\addons\sourcemod\scripting\ÒankrunFixhealth.sp::Event_PlayerDeath
L 12/23/2025 - 16:16:42: [SM] Exception reported: Invalid convar handle 0 (error 4)
L 12/23/2025 - 16:16:42: [SM] Blaming: ÒankrunFixhealth.smx
L 12/23/2025 - 16:16:42: [SM] Call stack trace:
L 12/23/2025 - 16:16:42: [SM]   [0] GetConVarString
L 12/23/2025 - 16:16:42: [SM]   [1] Line 138, C:\Users\Moises\Downloads\Compressed\sourcemod-1.11.0-git6968-windows\addons\sourcemod\scripting\ÒankrunFixhealth.sp::IsTankRunActive
L 12/23/2025 - 16:16:42: [SM]   [2] Line 79, C:\Users\Moises\Downloads\Compressed\sourcemod-1.11.0-git6968-windows\addons\sourcemod\scripting\ÒankrunFixhealth.sp::Event_PlayerDeath
L 12/23/2025 - 16:16:43: [SM] Exception reported: Language phrase "Please wait to be revived or rescued" not found (arg 6)
L 12/23/2025 - 16:16:43: [SM] Blaming: l4dmultislots.smx
L 12/23/2025 - 16:16:43: [SM] Call stack trace:
L 12/23/2025 - 16:16:43: [SM]   [0] PrintToChat
L 12/23/2025 - 16:16:43: [SM]   [1] Line 953, d:\Github\Private-Work\L4D2-Êèí‰ª∂\scripting_1.11\l4dmultislots.sp::Timer_SpecCheck
L 12/23/2025 - 16:16:48: [SM] Exception reported: Invalid convar handle 0 (error 4)
L 12/23/2025 - 16:16:48: [SM] Blaming: ÒankrunFixhealth.smx
L 12/23/2025 - 16:16:48: [SM] Call stack trace:
L 12/23/2025 - 16:16:48: [SM]   [0] GetConVarString
L 12/23/2025 - 16:16:48: [SM]   [1] Line 138, C:\Users\Moises\Downloads\Compressed\sourcemod-1.11.0-git6968-windows\addons\sourcemod\scripting\ÒankrunFixhealth.sp::IsTankRunActive
L 12/23/2025 - 16:16:48: [SM]   [2] Line 36, C:\Users\Moises\Downloads\Compressed\sourcemod-1.11.0-git6968-windows\addons\sourcemod\scripting\ÒankrunFixhealth.sp::Timer_PeriodicCheck
L 12/23/2025 - 16:16:49: [SM] Exception reported: Invalid timer handle 7ba00494 (error 1)
L 12/23/2025 - 16:16:49: [SM] Blaming: l4d2_playerjoining_v2.smx
L 12/23/2025 - 16:16:49: [SM] Call stack trace:
L 12/23/2025 - 16:16:49: [SM]   [0] KillTimer
L 12/23/2025 - 16:16:49: [SM]   [1] Line 53, C:\Users\Moises\Downloads\Compressed\sourcemod-1.11.0-git6968-windows\addons\sourcemod\scripting\l4d2_playerjoining_v2.sp::OnClientDisconnect
L 12/23/2025 - 16:16:49: [SM] Exception reported: Invalid convar handle 0 (error 4)
L 12/23/2025 - 16:16:49: [SM] Blaming: ÒankrunFixhealth.smx
L 12/23/2025 - 16:16:49: [SM] Call stack trace:
L 12/23/2025 - 16:16:49: [SM]   [0] GetConVarString
L 12/23/2025 - 16:16:49: [SM]   [1] Line 138, C:\Users\Moises\Downloads\Compressed\sourcemod-1.11.0-git6968-windows\addons\sourcemod\scripting\ÒankrunFixhealth.sp::IsTankRunActive
L 12/23/2025 - 16:16:49: [SM]   [2] Line 79, C:\Users\Moises\Downloads\Compressed\sourcemod-1.11.0-git6968-windows\addons\sourcemod\scripting\ÒankrunFixhealth.sp::Event_PlayerDeath
L 12/23/2025 - 16:16:58: [SM] Exception reported: Invalid convar handle 0 (error 4)
L 12/23/2025 - 16:16:58: [SM] Blaming: ÒankrunFixhealth.smx
L 12/23/2025 - 16:16:58: [SM] Call stack trace:
L 12/23/2025 - 16:16:58: [SM]   [0] GetConVarString
L 12/23/2025 - 16:16:58: [SM]   [1] Line 138, C:\Users\Moises\Downloads\Compressed\sourcemod-1.11.0-git6968-windows\addons\sourcemod\scripting\ÒankrunFixhealth.sp::IsTankRunActive
L 12/23/2025 - 16:16:58: [SM]   [2] Line 36, C:\Users\Moises\Downloads\Compressed\sourcemod-1.11.0-git6968-windows\addons\sourcemod\scripting\ÒankrunFixhealth.sp::Timer_PeriodicCheck
L 12/23/2025 - 16:17:08: [SM] Exception reported: Invalid convar handle 0 (error 4)
L 12/23/2025 - 16:17:08: [SM] Blaming: ÒankrunFixhealth.smx
L 12/23/2025 - 16:17:08: [SM] Call stack trace:
L 12/23/2025 - 16:17:08: [SM]   [0] GetConVarString
L 12/23/2025 - 16:17:08: [SM]   [1] Line 138, C:\Users\Moises\Downloads\Compressed\sourcemod-1.11.0-git6968-windows\addons\sourcemod\scripting\ÒankrunFixhealth.sp::IsTankRunActive
L 12/23/2025 - 16:17:08: [SM]   [2] Line 36, C:\Users\Moises\Downloads\Compressed\sourcemod-1.11.0-git6968-windows\addons\sourcemod\scripting\ÒankrunFixhealth.sp::Timer_PeriodicCheck
L 12/23/2025 - 16:17:08: [SM] Exception reported: Language phrase "Please wait to be revived or rescued" not found (arg 6)
L 12/23/2025 - 16:17:08: [SM] Blaming: l4dmultislots.smx
L 12/23/2025 - 16:17:08: [SM] Call stack trace:
L 12/23/2025 - 16:17:08: [SM]   [0] PrintToChat
L 12/23/2025 - 16:17:08: [SM]   [1] Line 953, d:\Github\Private-Work\L4D2-Êèí‰ª∂\scripting_1.11\l4dmultislots.sp::Timer_SpecCheck
L 12/23/2025 - 16:17:18: [SM] Exception reported: Invalid convar handle 0 (error 4)
L 12/23/2025 - 16:17:18: [SM] Blaming: ÒankrunFixhealth.smx
L 12/23/2025 - 16:17:18: [SM] Call stack trace:
L 12/23/2025 - 16:17:18: [SM]   [0] GetConVarString
L 12/23/2025 - 16:17:18: [SM]   [1] Line 138, C:\Users\Moises\Downloads\Compressed\sourcemod-1.11.0-git6968-windows\addons\sourcemod\scripting\ÒankrunFixhealth.sp::IsTankRunActive
L 12/23/2025 - 16:17:18: [SM]   [2] Line 36, C:\Users\Moises\Downloads\Compressed\sourcemod-1.11.0-git6968-windows\addons\sourcemod\scripting\ÒankrunFixhealth.sp::Timer_PeriodicCheck
L 12/23/2025 - 16:17:19: [SM] Exception reported: Invalid convar handle 0 (error 4)
L 12/23/2025 - 16:17:19: [SM] Blaming: ÒankrunFixhealth.smx
L 12/23/2025 - 16:17:19: [SM] Call stack trace:
L 12/23/2025 - 16:17:19: [SM]   [0] GetConVarString
L 12/23/2025 - 16:17:19: [SM]   [1] Line 138, C:\Users\Moises\Downloads\Compressed\sourcemod-1.11.0-git6968-windows\addons\sourcemod\scripting\ÒankrunFixhealth.sp::IsTankRunActive
L 12/23/2025 - 16:17:19: [SM]   [2] Line 79, C:\Users\Moises\Downloads\Compressed\sourcemod-1.11.0-git6968-windows\addons\sourcemod\scripting\ÒankrunFixhealth.sp::Event_PlayerDeath
L 12/23/2025 - 16:17:26: [SM] Exception reported: Invalid timer handle 5a900472 (error 3)
L 12/23/2025 - 16:17:26: [SM] Blaming: l4d2_playerjoining_v2.smx
L 12/23/2025 - 16:17:26: [SM] Call stack trace:
L 12/23/2025 - 16:17:26: [SM]   [0] KillTimer
L 12/23/2025 - 16:17:26: [SM]   [1] Line 53, C:\Users\Moises\Downloads\Compressed\sourcemod-1.11.0-git6968-windows\addons\sourcemod\scripting\l4d2_playerjoining_v2.sp::OnClientDisconnect
L 12/23/2025 - 16:17:28: [SM] Exception reported: Invalid convar handle 0 (error 4)
L 12/23/2025 - 16:17:28: [SM] Blaming: ÒankrunFixhealth.smx
L 12/23/2025 - 16:17:28: [SM] Call stack trace:
L 12/23/2025 - 16:17:28: [SM]   [0] GetConVarString
L 12/23/2025 - 16:17:28: [SM]   [1] Line 138, C:\Users\Moises\Downloads\Compressed\sourcemod-1.11.0-git6968-windows\addons\sourcemod\scripting\ÒankrunFixhealth.sp::IsTankRunActive
L 12/23/2025 - 16:17:28: [SM]   [2] Line 36, C:\Users\Moises\Downloads\Compressed\sourcemod-1.11.0-git6968-windows\addons\sourcemod\scripting\ÒankrunFixhealth.sp::Timer_PeriodicCheck
L 12/23/2025 - 16:17:33: [SM] Exception reported: Language phrase "Please wait to be revived or rescued" not found (arg 6)
L 12/23/2025 - 16:17:33: [SM] Blaming: l4dmultislots.smx
L 12/23/2025 - 16:17:33: [SM] Call stack trace:
L 12/23/2025 - 16:17:33: [SM]   [0] PrintToChat
L 12/23/2025 - 16:17:33: [SM]   [1] Line 953, d:\Github\Private-Work\L4D2-Êèí‰ª∂\scripting_1.11\l4dmultislots.sp::Timer_SpecCheck
L 12/23/2025 - 16:17:38: [SM] Exception reported: Invalid convar handle 0 (error 4)
L 12/23/2025 - 16:17:38: [SM] Blaming: ÒankrunFixhealth.smx
L 12/23/2025 - 16:17:38: [SM] Call stack trace:
L 12/23/2025 - 16:17:38: [SM]   [0] GetConVarString
L 12/23/2025 - 16:17:38: [SM]   [1] Line 138, C:\Users\Moises\Downloads\Compressed\sourcemod-1.11.0-git6968-windows\addons\sourcemod\scripting\ÒankrunFixhealth.sp::IsTankRunActive
L 12/23/2025 - 16:17:38: [SM]   [2] Line 36, C:\Users\Moises\Downloads\Compressed\sourcemod-1.11.0-git6968-windows\addons\sourcemod\scripting\ÒankrunFixhealth.sp::Timer_PeriodicCheck
L 12/23/2025 - 16:17:48: [SM] Exception reported: Invalid convar handle 0 (error 4)
L 12/23/2025 - 16:17:48: [SM] Blaming: ÒankrunFixhealth.smx
L 12/23/2025 - 16:17:48: [SM] Call stack trace:
L 12/23/2025 - 16:17:48: [SM]   [0] GetConVarString
L 12/23/2025 - 16:17:48: [SM]   [1] Line 138, C:\Users\Moises\Downloads\Compressed\sourcemod-1.11.0-git6968-windows\addons\sourcemod\scripting\ÒankrunFixhealth.sp::IsTankRunActive
L 12/23/2025 - 16:17:48: [SM]   [2] Line 36, C:\Users\Moises\Downloads\Compressed\sourcemod-1.11.0-git6968-windows\addons\sourcemod\scripting\ÒankrunFixhealth.sp::Timer_PeriodicCheck
L 12/23/2025 - 16:17:54: [SM] Exception reported: Invalid convar handle 0 (error 4)
L 12/23/2025 - 16:17:54: [SM] Blaming: ÒankrunFixhealth.smx
L 12/23/2025 - 16:17:54: [SM] Call stack trace:
L 12/23/2025 - 16:17:54: [SM]   [0] GetConVarString
L 12/23/2025 - 16:17:54: [SM]   [1] Line 138, C:\Users\Moises\Downloads\Compressed\sourcemod-1.11.0-git6968-windows\addons\sourcemod\scripting\ÒankrunFixhealth.sp::IsTankRunActive
L 12/23/2025 - 16:17:54: [SM]   [2] Line 79, C:\Users\Moises\Downloads\Compressed\sourcemod-1.11.0-git6968-windows\addons\sourcemod\scripting\ÒankrunFixhealth.sp::Event_PlayerDeath
L 12/23/2025 - 16:17:54: [SM] Exception reported: Invalid convar handle 0 (error 4)
L 12/23/2025 - 16:17:54: [SM] Blaming: ÒankrunFixhealth.smx
L 12/23/2025 - 16:17:54: [SM] Call stack trace:
L 12/23/2025 - 16:17:54: [SM]   [0] GetConVarString
L 12/23/2025 - 16:17:54: [SM]   [1] Line 138, C:\Users\Moises\Downloads\Compressed\sourcemod-1.11.0-git6968-windows\addons\sourcemod\scripting\ÒankrunFixhealth.sp::IsTankRunActive
L 12/23/2025 - 16:17:54: [SM]   [2] Line 71, C:\Users\Moises\Downloads\Compressed\sourcemod-1.11.0-git6968-windows\addons\sourcemod\scripting\ÒankrunFixhealth.sp::Event_MapTransition
L 12/23/2025 - 16:17:58: [SM] Exception reported: Invalid convar handle 0 (error 4)
L 12/23/2025 - 16:17:58: [SM] Blaming: ÒankrunFixhealth.smx
L 12/23/2025 - 16:17:58: [SM] Call stack trace:
L 12/23/2025 - 16:17:58: [SM]   [0] GetConVarString
L 12/23/2025 - 16:17:58: [SM]   [1] Line 138, C:\Users\Moises\Downloads\Compressed\sourcemod-1.11.0-git6968-windows\addons\sourcemod\scripting\ÒankrunFixhealth.sp::IsTankRunActive
L 12/23/2025 - 16:17:58: [SM]   [2] Line 36, C:\Users\Moises\Downloads\Compressed\sourcemod-1.11.0-git6968-windows\addons\sourcemod\scripting\ÒankrunFixhealth.sp::Timer_PeriodicCheck
L 12/23/2025 - 16:18:03: [SM] Exception reported: Invalid timer handle 7ba00494 (error 1)
L 12/23/2025 - 16:18:03: [SM] Blaming: l4d2_playerjoining_v2.smx
L 12/23/2025 - 16:18:03: [SM] Call stack trace:
L 12/23/2025 - 16:18:03: [SM]   [0] KillTimer
L 12/23/2025 - 16:18:03: [SM]   [1] Line 53, C:\Users\Moises\Downloads\Compressed\sourcemod-1.11.0-git6968-windows\addons\sourcemod\scripting\l4d2_playerjoining_v2.sp::OnClientDisconnect
L 12/23/2025 - 16:18:03: [SM] Exception reported: Invalid timer handle 5a900472 (error 3)
L 12/23/2025 - 16:18:03: [SM] Blaming: l4d2_playerjoining_v2.smx
L 12/23/2025 - 16:18:03: [SM] Call stack trace:
L 12/23/2025 - 16:18:03: [SM]   [0] KillTimer
L 12/23/2025 - 16:18:03: [SM]   [1] Line 53, C:\Users\Moises\Downloads\Compressed\sourcemod-1.11.0-git6968-windows\addons\sourcemod\scripting\l4d2_playerjoining_v2.sp::OnClientDisconnect
L 12/23/2025 - 16:18:03: [SM] Exception reported: Invalid timer handle e9100499 (error 3)
L 12/23/2025 - 16:18:03: [SM] Blaming: l4d2_playerjoining_v2.smx
L 12/23/2025 - 16:18:03: [SM] Call stack trace:
L 12/23/2025 - 16:18:03: [SM]   [0] KillTimer
L 12/23/2025 - 16:18:03: [SM]   [1] Line 53, C:\Users\Moises\Downloads\Compressed\sourcemod-1.11.0-git6968-windows\addons\sourcemod\scripting\l4d2_playerjoining_v2.sp::OnClientDisconnect
L 12/23/2025 - 16:18:03: [SM] Exception reported: Invalid timer handle 107004a5 (error 1)
L 12/23/2025 - 16:18:03: [SM] Blaming: l4d2_playerjoining_v2.smx
L 12/23/2025 - 16:18:03: [SM] Call stack trace:
L 12/23/2025 - 16:18:03: [SM]   [0] KillTimer
L 12/23/2025 - 16:18:03: [SM]   [1] Line 53, C:\Users\Moises\Downloads\Compressed\sourcemod-1.11.0-git6968-windows\addons\sourcemod\scripting\l4d2_playerjoining_v2.sp::OnClientDisconnect
L 12/23/2025 - 16:18:03: [SM] Exception reported: Invalid timer handle 65d00485 (error 1)
L 12/23/2025 - 16:18:03: [SM] Blaming: l4d2_playerjoining_v2.smx
L 12/23/2025 - 16:18:03: [SM] Call stack trace:
L 12/23/2025 - 16:18:03: [SM]   [0] KillTimer
L 12/23/2025 - 16:18:03: [SM]   [1] Line 53, C:\Users\Moises\Downloads\Compressed\sourcemod-1.11.0-git6968-windows\addons\sourcemod\scripting\l4d2_playerjoining_v2.sp::OnClientDisconnect
L 12/23/2025 - 16:18:05: Error log file session closed.
L 12/23/2025 - 16:18:05: SourceMod error session started
L 12/23/2025 - 16:18:05: Info (map "c2m2_fairgrounds") (file "d:\steamlibrary\steamapps\common\left 4 dead 2\left4dead2\addons\sourcemod\logs\errors_20251223.log")
L 12/23/2025 - 16:18:05: [SM] Fatal error encountered parsing translation file "l4d_nth.phrases.txt"
L 12/23/2025 - 16:18:05: [SM] Error (line 0, column 0): Stream failed to open
L 12/23/2025 - 16:18:05: [SM] Fatal error encountered parsing translation file "chargersteering.phrases.txt"
L 12/23/2025 - 16:18:05: [SM] Error (line 0, column 0): Stream failed to open
L 12/23/2025 - 16:18:05: [SM] Fatal error encountered parsing translation file "l4dmultislots.phrases.txt"
L 12/23/2025 - 16:18:05: [SM] Error (line 0, column 0): Stream failed to open
L 12/23/2025 - 16:18:05: [SM] Fatal error encountered parsing translation file "lilac.phrases.txt"
L 12/23/2025 - 16:18:05: [SM] Error (line 0, column 0): Stream failed to open
L 12/23/2025 - 16:18:07: [SM] Exception reported: Invalid convar handle 0 (error 4)
L 12/23/2025 - 16:18:07: [SM] Blaming: ÒankrunFixhealth.smx
L 12/23/2025 - 16:18:07: [SM] Call stack trace:
L 12/23/2025 - 16:18:07: [SM]   [0] GetConVarString
L 12/23/2025 - 16:18:07: [SM]   [1] Line 138, C:\Users\Moises\Downloads\Compressed\sourcemod-1.11.0-git6968-windows\addons\sourcemod\scripting\ÒankrunFixhealth.sp::IsTankRunActive
L 12/23/2025 - 16:18:07: [SM]   [2] Line 54, C:\Users\Moises\Downloads\Compressed\sourcemod-1.11.0-git6968-windows\addons\sourcemod\scripting\ÒankrunFixhealth.sp::Event_RoundStart
L 12/23/2025 - 16:18:07: [l4d2_publicity.smx] [Publicity] No se encontraron mensajes en el archivo de configuraci√≥n
L 12/23/2025 - 16:18:13: [SM] Exception reported: Invalid convar handle 0 (error 4)
L 12/23/2025 - 16:18:13: [SM] Blaming: ÒankrunFixhealth.smx
L 12/23/2025 - 16:18:13: [SM] Call stack trace:
L 12/23/2025 - 16:18:13: [SM]   [0] GetConVarString
L 12/23/2025 - 16:18:13: [SM]   [1] Line 138, C:\Users\Moises\Downloads\Compressed\sourcemod-1.11.0-git6968-windows\addons\sourcemod\scripting\ÒankrunFixhealth.sp::IsTankRunActive
L 12/23/2025 - 16:18:13: [SM]   [2] Line 36, C:\Users\Moises\Downloads\Compressed\sourcemod-1.11.0-git6968-windows\addons\sourcemod\scripting\ÒankrunFixhealth.sp::Timer_PeriodicCheck
L 12/23/2025 - 16:18:27: [SM] Exception reported: Invalid convar handle 0 (error 4)
L 12/23/2025 - 16:18:27: [SM] Blaming: ÒankrunFixhealth.smx
L 12/23/2025 - 16:18:27: [SM] Call stack trace:
L 12/23/2025 - 16:18:27: [SM]   [0] GetConVarString
L 12/23/2025 - 16:18:27: [SM]   [1] Line 138, C:\Users\Moises\Downloads\Compressed\sourcemod-1.11.0-git6968-windows\addons\sourcemod\scripting\ÒankrunFixhealth.sp::IsTankRunActive
L 12/23/2025 - 16:18:27: [SM]   [2] Line 36, C:\Users\Moises\Downloads\Compressed\sourcemod-1.11.0-git6968-windows\addons\sourcemod\scripting\ÒankrunFixhealth.sp::Timer_PeriodicCheck
L 12/23/2025 - 16:18:28: [SM] Exception reported: Invalid timer handle 5a900472 (error 3)
L 12/23/2025 - 16:18:28: [SM] Blaming: l4d2_playerjoining_v2.smx
L 12/23/2025 - 16:18:28: [SM] Call stack trace:
L 12/23/2025 - 16:18:28: [SM]   [0] KillTimer
L 12/23/2025 - 16:18:28: [SM]   [1] Line 53, C:\Users\Moises\Downloads\Compressed\sourcemod-1.11.0-git6968-windows\addons\sourcemod\scripting\l4d2_playerjoining_v2.sp::OnClientDisconnect
L 12/23/2025 - 16:18:37: [SM] Exception reported: Invalid convar handle 0 (error 4)
L 12/23/2025 - 16:18:37: [SM] Blaming: ÒankrunFixhealth.smx
L 12/23/2025 - 16:18:37: [SM] Call stack trace:
L 12/23/2025 - 16:18:37: [SM]   [0] GetConVarString
L 12/23/2025 - 16:18:37: [SM]   [1] Line 138, C:\Users\Moises\Downloads\Compressed\sourcemod-1.11.0-git6968-windows\addons\sourcemod\scripting\ÒankrunFixhealth.sp::IsTankRunActive
L 12/23/2025 - 16:18:37: [SM]   [2] Line 36, C:\Users\Moises\Downloads\Compressed\sourcemod-1.11.0-git6968-windows\addons\sourcemod\scripting\ÒankrunFixhealth.sp::Timer_PeriodicCheck
L 12/23/2025 - 16:18:47: [SM] Exception reported: Invalid convar handle 0 (error 4)
L 12/23/2025 - 16:18:47: [SM] Blaming: ÒankrunFixhealth.smx
L 12/23/2025 - 16:18:47: [SM] Call stack trace:
L 12/23/2025 - 16:18:47: [SM]   [0] GetConVarString
L 12/23/2025 - 16:18:47: [SM]   [1] Line 138, C:\Users\Moises\Downloads\Compressed\sourcemod-1.11.0-git6968-windows\addons\sourcemod\scripting\ÒankrunFixhealth.sp::IsTankRunActive
L 12/23/2025 - 16:18:47: [SM]   [2] Line 36, C:\Users\Moises\Downloads\Compressed\sourcemod-1.11.0-git6968-windows\addons\sourcemod\scripting\ÒankrunFixhealth.sp::Timer_PeriodicCheck
L 12/23/2025 - 16:18:57: [SM] Exception reported: Invalid convar handle 0 (error 4)
L 12/23/2025 - 16:18:57: [SM] Blaming: ÒankrunFixhealth.smx
L 12/23/2025 - 16:18:57: [SM] Call stack trace:
L 12/23/2025 - 16:18:57: [SM]   [0] GetConVarString
L 12/23/2025 - 16:18:57: [SM]   [1] Line 138, C:\Users\Moises\Downloads\Compressed\sourcemod-1.11.0-git6968-windows\addons\sourcemod\scripting\ÒankrunFixhealth.sp::IsTankRunActive
L 12/23/2025 - 16:18:57: [SM]   [2] Line 36, C:\Users\Moises\Downloads\Compressed\sourcemod-1.11.0-git6968-windows\addons\sourcemod\scripting\ÒankrunFixhealth.sp::Timer_PeriodicCheck
L 12/23/2025 - 16:19:07: [SM] Exception reported: Invalid convar handle 0 (error 4)
L 12/23/2025 - 16:19:07: [SM] Blaming: ÒankrunFixhealth.smx
L 12/23/2025 - 16:19:07: [SM] Call stack trace:
L 12/23/2025 - 16:19:07: [SM]   [0] GetConVarString
L 12/23/2025 - 16:19:07: [SM]   [1] Line 138, C:\Users\Moises\Downloads\Compressed\sourcemod-1.11.0-git6968-windows\addons\sourcemod\scripting\ÒankrunFixhealth.sp::IsTankRunActive
L 12/23/2025 - 16:19:07: [SM]   [2] Line 36, C:\Users\Moises\Downloads\Compressed\sourcemod-1.11.0-git6968-windows\addons\sourcemod\scripting\ÒankrunFixhealth.sp::Timer_PeriodicCheck
L 12/23/2025 - 16:19:17: [SM] Exception reported: Invalid convar handle 0 (error 4)
L 12/23/2025 - 16:19:17: [SM] Blaming: ÒankrunFixhealth.smx
L 12/23/2025 - 16:19:17: [SM] Call stack trace:
L 12/23/2025 - 16:19:17: [SM]   [0] GetConVarString
L 12/23/2025 - 16:19:17: [SM]   [1] Line 138, C:\Users\Moises\Downloads\Compressed\sourcemod-1.11.0-git6968-windows\addons\sourcemod\scripting\ÒankrunFixhealth.sp::IsTankRunActive
L 12/23/2025 - 16:19:17: [SM]   [2] Line 36, C:\Users\Moises\Downloads\Compressed\sourcemod-1.11.0-git6968-windows\addons\sourcemod\scripting\ÒankrunFixhealth.sp::Timer_PeriodicCheck
L 12/23/2025 - 16:19:27: [SM] Exception reported: Invalid convar handle 0 (error 4)
L 12/23/2025 - 16:19:27: [SM] Blaming: ÒankrunFixhealth.smx
L 12/23/2025 - 16:19:27: [SM] Call stack trace:
L 12/23/2025 - 16:19:27: [SM]   [0] GetConVarString
L 12/23/2025 - 16:19:27: [SM]   [1] Line 138, C:\Users\Moises\Downloads\Compressed\sourcemod-1.11.0-git6968-windows\addons\sourcemod\scripting\ÒankrunFixhealth.sp::IsTankRunActive
L 12/23/2025 - 16:19:27: [SM]   [2] Line 36, C:\Users\Moises\Downloads\Compressed\sourcemod-1.11.0-git6968-windows\addons\sourcemod\scripting\ÒankrunFixhealth.sp::Timer_PeriodicCheck
L 12/23/2025 - 16:19:37: [SM] Exception reported: Invalid convar handle 0 (error 4)
L 12/23/2025 - 16:19:37: [SM] Blaming: ÒankrunFixhealth.smx
L 12/23/2025 - 16:19:37: [SM] Call stack trace:
L 12/23/2025 - 16:19:37: [SM]   [0] GetConVarString
L 12/23/2025 - 16:19:37: [SM]   [1] Line 138, C:\Users\Moises\Downloads\Compressed\sourcemod-1.11.0-git6968-windows\addons\sourcemod\scripting\ÒankrunFixhealth.sp::IsTankRunActive
L 12/23/2025 - 16:19:37: [SM]   [2] Line 36, C:\Users\Moises\Downloads\Compressed\sourcemod-1.11.0-git6968-windows\addons\sourcemod\scripting\ÒankrunFixhealth.sp::Timer_PeriodicCheck
L 12/23/2025 - 16:19:47: [SM] Exception reported: Invalid convar handle 0 (error 4)
L 12/23/2025 - 16:19:47: [SM] Blaming: ÒankrunFixhealth.smx
L 12/23/2025 - 16:19:47: [SM] Call stack trace:
L 12/23/2025 - 16:19:47: [SM]   [0] GetConVarString
L 12/23/2025 - 16:19:47: [SM]   [1] Line 138, C:\Users\Moises\Downloads\Compressed\sourcemod-1.11.0-git6968-windows\addons\sourcemod\scripting\ÒankrunFixhealth.sp::IsTankRunActive
L 12/23/2025 - 16:19:47: [SM]   [2] Line 36, C:\Users\Moises\Downloads\Compressed\sourcemod-1.11.0-git6968-windows\addons\sourcemod\scripting\ÒankrunFixhealth.sp::Timer_PeriodicCheck
L 12/23/2025 - 16:19:50: [SM] Exception reported: Invalid timer handle 7ba00494 (error 3)
L 12/23/2025 - 16:19:50: [SM] Blaming: l4d2_playerjoining_v2.smx
L 12/23/2025 - 16:19:50: [SM] Call stack trace:
L 12/23/2025 - 16:19:50: [SM]   [0] KillTimer
L 12/23/2025 - 16:19:50: [SM]   [1] Line 53, C:\Users\Moises\Downloads\Compressed\sourcemod-1.11.0-git6968-windows\addons\sourcemod\scripting\l4d2_playerjoining_v2.sp::OnClientDisconnect
L 12/23/2025 - 16:19:57: [SM] Exception reported: Invalid convar handle 0 (error 4)
L 12/23/2025 - 16:19:57: [SM] Blaming: ÒankrunFixhealth.smx
L 12/23/2025 - 16:19:57: [SM] Call stack trace:
L 12/23/2025 - 16:19:57: [SM]   [0] GetConVarString
L 12/23/2025 - 16:19:57: [SM]   [1] Line 138, C:\Users\Moises\Downloads\Compressed\sourcemod-1.11.0-git6968-windows\addons\sourcemod\scripting\ÒankrunFixhealth.sp::IsTankRunActive
L 12/23/2025 - 16:19:57: [SM]   [2] Line 36, C:\Users\Moises\Downloads\Compressed\sourcemod-1.11.0-git6968-windows\addons\sourcemod\scripting\ÒankrunFixhealth.sp::Timer_PeriodicCheck
L 12/23/2025 - 16:20:07: [SM] Exception reported: Invalid convar handle 0 (error 4)
L 12/23/2025 - 16:20:07: [SM] Blaming: ÒankrunFixhealth.smx
L 12/23/2025 - 16:20:07: [SM] Call stack trace:
L 12/23/2025 - 16:20:07: [SM]   [0] GetConVarString
L 12/23/2025 - 16:20:07: [SM]   [1] Line 138, C:\Users\Moises\Downloads\Compressed\sourcemod-1.11.0-git6968-windows\addons\sourcemod\scripting\ÒankrunFixhealth.sp::IsTankRunActive
L 12/23/2025 - 16:20:07: [SM]   [2] Line 36, C:\Users\Moises\Downloads\Compressed\sourcemod-1.11.0-git6968-windows\addons\sourcemod\scripting\ÒankrunFixhealth.sp::Timer_PeriodicCheck
L 12/23/2025 - 16:20:17: [SM] Exception reported: Invalid convar handle 0 (error 4)
L 12/23/2025 - 16:20:17: [SM] Blaming: ÒankrunFixhealth.smx
L 12/23/2025 - 16:20:17: [SM] Call stack trace:
L 12/23/2025 - 16:20:17: [SM]   [0] GetConVarString
L 12/23/2025 - 16:20:17: [SM]   [1] Line 138, C:\Users\Moises\Downloads\Compressed\sourcemod-1.11.0-git6968-windows\addons\sourcemod\scripting\ÒankrunFixhealth.sp::IsTankRunActive
L 12/23/2025 - 16:20:17: [SM]   [2] Line 36, C:\Users\Moises\Downloads\Compressed\sourcemod-1.11.0-git6968-windows\addons\sourcemod\scripting\ÒankrunFixhealth.sp::Timer_PeriodicCheck
L 12/23/2025 - 16:20:27: [SM] Exception reported: Invalid convar handle 0 (error 4)
L 12/23/2025 - 16:20:27: [SM] Blaming: ÒankrunFixhealth.smx
L 12/23/2025 - 16:20:27: [SM] Call stack trace:
L 12/23/2025 - 16:20:27: [SM]   [0] GetConVarString
L 12/23/2025 - 16:20:27: [SM]   [1] Line 138, C:\Users\Moises\Downloads\Compressed\sourcemod-1.11.0-git6968-windows\addons\sourcemod\scripting\ÒankrunFixhealth.sp::IsTankRunActive
L 12/23/2025 - 16:20:27: [SM]   [2] Line 36, C:\Users\Moises\Downloads\Compressed\sourcemod-1.11.0-git6968-windows\addons\sourcemod\scripting\ÒankrunFixhealth.sp::Timer_PeriodicCheck
L 12/23/2025 - 16:20:32: [SM] Exception reported: Invalid timer handle 3410043f (error 3)
L 12/23/2025 - 16:20:32: [SM] Blaming: l4d2_playerjoining_v2.smx
L 12/23/2025 - 16:20:32: [SM] Call stack trace:
L 12/23/2025 - 16:20:32: [SM]   [0] KillTimer
L 12/23/2025 - 16:20:32: [SM]   [1] Line 53, C:\Users\Moises\Downloads\Compressed\sourcemod-1.11.0-git6968-windows\addons\sourcemod\scripting\l4d2_playerjoining_v2.sp::OnClientDisconnect
L 12/23/2025 - 16:20:37: [SM] Exception reported: Invalid convar handle 0 (error 4)
L 12/23/2025 - 16:20:37: [SM] Blaming: ÒankrunFixhealth.smx
L 12/23/2025 - 16:20:37: [SM] Call stack trace:
L 12/23/2025 - 16:20:37: [SM]   [0] GetConVarString
L 12/23/2025 - 16:20:37: [SM]   [1] Line 138, C:\Users\Moises\Downloads\Compressed\sourcemod-1.11.0-git6968-windows\addons\sourcemod\scripting\ÒankrunFixhealth.sp::IsTankRunActive
L 12/23/2025 - 16:20:37: [SM]   [2] Line 36, C:\Users\Moises\Downloads\Compressed\sourcemod-1.11.0-git6968-windows\addons\sourcemod\scripting\ÒankrunFixhealth.sp::Timer_PeriodicCheck
L 12/23/2025 - 16:20:47: [SM] Exception reported: Invalid convar handle 0 (error 4)
L 12/23/2025 - 16:20:47: [SM] Blaming: ÒankrunFixhealth.smx
L 12/23/2025 - 16:20:47: [SM] Call stack trace:
L 12/23/2025 - 16:20:47: [SM]   [0] GetConVarString
L 12/23/2025 - 16:20:47: [SM]   [1] Line 138, C:\Users\Moises\Downloads\Compressed\sourcemod-1.11.0-git6968-windows\addons\sourcemod\scripting\ÒankrunFixhealth.sp::IsTankRunActive
L 12/23/2025 - 16:20:47: [SM]   [2] Line 36, C:\Users\Moises\Downloads\Compressed\sourcemod-1.11.0-git6968-windows\addons\sourcemod\scripting\ÒankrunFixhealth.sp::Timer_PeriodicCheck
L 12/23/2025 - 16:20:53: [SM] Exception reported: Invalid timer handle 3410043f (error 1)
L 12/23/2025 - 16:20:53: [SM] Blaming: l4d2_playerjoining_v2.smx
L 12/23/2025 - 16:20:53: [SM] Call stack trace:
L 12/23/2025 - 16:20:53: [SM]   [0] KillTimer
L 12/23/2025 - 16:20:53: [SM]   [1] Line 53, C:\Users\Moises\Downloads\Compressed\sourcemod-1.11.0-git6968-windows\addons\sourcemod\scripting\l4d2_playerjoining_v2.sp::OnClientDisconnect
L 12/23/2025 - 16:20:57: [SM] Exception reported: Invalid convar handle 0 (error 4)
L 12/23/2025 - 16:20:57: [SM] Blaming: ÒankrunFixhealth.smx
L 12/23/2025 - 16:20:57: [SM] Call stack trace:
L 12/23/2025 - 16:20:57: [SM]   [0] GetConVarString
L 12/23/2025 - 16:20:57: [SM]   [1] Line 138, C:\Users\Moises\Downloads\Compressed\sourcemod-1.11.0-git6968-windows\addons\sourcemod\scripting\ÒankrunFixhealth.sp::IsTankRunActive
L 12/23/2025 - 16:20:57: [SM]   [2] Line 36, C:\Users\Moises\Downloads\Compressed\sourcemod-1.11.0-git6968-windows\addons\sourcemod\scripting\ÒankrunFixhealth.sp::Timer_PeriodicCheck
L 12/23/2025 - 16:21:07: [SM] Exception reported: Invalid convar handle 0 (error 4)
L 12/23/2025 - 16:21:07: [SM] Blaming: ÒankrunFixhealth.smx
L 12/23/2025 - 16:21:07: [SM] Call stack trace:
L 12/23/2025 - 16:21:07: [SM]   [0] GetConVarString
L 12/23/2025 - 16:21:07: [SM]   [1] Line 138, C:\Users\Moises\Downloads\Compressed\sourcemod-1.11.0-git6968-windows\addons\sourcemod\scripting\ÒankrunFixhealth.sp::IsTankRunActive
L 12/23/2025 - 16:21:07: [SM]   [2] Line 36, C:\Users\Moises\Downloads\Compressed\sourcemod-1.11.0-git6968-windows\addons\sourcemod\scripting\ÒankrunFixhealth.sp::Timer_PeriodicCheck
L 12/23/2025 - 16:21:16: [SM] Exception reported: Invalid convar handle 0 (error 4)
L 12/23/2025 - 16:21:16: [SM] Blaming: ÒankrunFixhealth.smx
L 12/23/2025 - 16:21:16: [SM] Call stack trace:
L 12/23/2025 - 16:21:16: [SM]   [0] GetConVarString
L 12/23/2025 - 16:21:16: [SM]   [1] Line 138, C:\Users\Moises\Downloads\Compressed\sourcemod-1.11.0-git6968-windows\addons\sourcemod\scripting\ÒankrunFixhealth.sp::IsTankRunActive
L 12/23/2025 - 16:21:16: [SM]   [2] Line 79, C:\Users\Moises\Downloads\Compressed\sourcemod-1.11.0-git6968-windows\addons\sourcemod\scripting\ÒankrunFixhealth.sp::Event_PlayerDeath
L 12/23/2025 - 16:21:17: [SM] Exception reported: Invalid convar handle 0 (error 4)
L 12/23/2025 - 16:21:17: [SM] Blaming: ÒankrunFixhealth.smx
L 12/23/2025 - 16:21:17: [SM] Call stack trace:
L 12/23/2025 - 16:21:17: [SM]   [0] GetConVarString
L 12/23/2025 - 16:21:17: [SM]   [1] Line 138, C:\Users\Moises\Downloads\Compressed\sourcemod-1.11.0-git6968-windows\addons\sourcemod\scripting\ÒankrunFixhealth.sp::IsTankRunActive
L 12/23/2025 - 16:21:17: [SM]   [2] Line 36, C:\Users\Moises\Downloads\Compressed\sourcemod-1.11.0-git6968-windows\addons\sourcemod\scripting\ÒankrunFixhealth.sp::Timer_PeriodicCheck
L 12/23/2025 - 16:21:23: [SM] Exception reported: Invalid convar handle 0 (error 4)
L 12/23/2025 - 16:21:23: [SM] Blaming: ÒankrunFixhealth.smx
L 12/23/2025 - 16:21:23: [SM] Call stack trace:
L 12/23/2025 - 16:21:23: [SM]   [0] GetConVarString
L 12/23/2025 - 16:21:23: [SM]   [1] Line 138, C:\Users\Moises\Downloads\Compressed\sourcemod-1.11.0-git6968-windows\addons\sourcemod\scripting\ÒankrunFixhealth.sp::IsTankRunActive
L 12/23/2025 - 16:21:23: [SM]   [2] Line 79, C:\Users\Moises\Downloads\Compressed\sourcemod-1.11.0-git6968-windows\addons\sourcemod\scripting\ÒankrunFixhealth.sp::Event_PlayerDeath
L 12/23/2025 - 16:21:23: [SM] Exception reported: Invalid timer handle 65d00485 (error 1)
L 12/23/2025 - 16:21:23: [SM] Blaming: l4d2_playerjoining_v2.smx
L 12/23/2025 - 16:21:23: [SM] Call stack trace:
L 12/23/2025 - 16:21:23: [SM]   [0] KillTimer
L 12/23/2025 - 16:21:23: [SM]   [1] Line 53, C:\Users\Moises\Downloads\Compressed\sourcemod-1.11.0-git6968-windows\addons\sourcemod\scripting\l4d2_playerjoining_v2.sp::OnClientDisconnect
L 12/23/2025 - 16:21:25: [SM] Exception reported: Invalid convar handle 0 (error 4)
L 12/23/2025 - 16:21:25: [SM] Blaming: ÒankrunFixhealth.smx
L 12/23/2025 - 16:21:25: [SM] Call stack trace:
L 12/23/2025 - 16:21:25: [SM]   [0] GetConVarString
L 12/23/2025 - 16:21:25: [SM]   [1] Line 138, C:\Users\Moises\Downloads\Compressed\sourcemod-1.11.0-git6968-windows\addons\sourcemod\scripting\ÒankrunFixhealth.sp::IsTankRunActive
L 12/23/2025 - 16:21:25: [SM]   [2] Line 79, C:\Users\Moises\Downloads\Compressed\sourcemod-1.11.0-git6968-windows\addons\sourcemod\scripting\ÒankrunFixhealth.sp::Event_PlayerDeath
L 12/23/2025 - 16:21:26: [SM] Exception reported: Invalid timer handle da500496 (error 1)
L 12/23/2025 - 16:21:26: [SM] Blaming: l4d2_playerjoining_v2.smx
L 12/23/2025 - 16:21:26: [SM] Call stack trace:
L 12/23/2025 - 16:21:26: [SM]   [0] KillTimer
L 12/23/2025 - 16:21:26: [SM]   [1] Line 53, C:\Users\Moises\Downloads\Compressed\sourcemod-1.11.0-git6968-windows\addons\sourcemod\scripting\l4d2_playerjoining_v2.sp::OnClientDisconnect
L 12/23/2025 - 16:21:27: [SM] Exception reported: Invalid convar handle 0 (error 4)
L 12/23/2025 - 16:21:27: [SM] Blaming: ÒankrunFixhealth.smx
L 12/23/2025 - 16:21:27: [SM] Call stack trace:
L 12/23/2025 - 16:21:27: [SM]   [0] GetConVarString
L 12/23/2025 - 16:21:27: [SM]   [1] Line 138, C:\Users\Moises\Downloads\Compressed\sourcemod-1.11.0-git6968-windows\addons\sourcemod\scripting\ÒankrunFixhealth.sp::IsTankRunActive
L 12/23/2025 - 16:21:27: [SM]   [2] Line 36, C:\Users\Moises\Downloads\Compressed\sourcemod-1.11.0-git6968-windows\addons\sourcemod\scripting\ÒankrunFixhealth.sp::Timer_PeriodicCheck
L 12/23/2025 - 16:21:29: [SM] Exception reported: Invalid convar handle 0 (error 4)
L 12/23/2025 - 16:21:29: [SM] Blaming: ÒankrunFixhealth.smx
L 12/23/2025 - 16:21:29: [SM] Call stack trace:
L 12/23/2025 - 16:21:29: [SM]   [0] GetConVarString
L 12/23/2025 - 16:21:29: [SM]   [1] Line 138, C:\Users\Moises\Downloads\Compressed\sourcemod-1.11.0-git6968-windows\addons\sourcemod\scripting\ÒankrunFixhealth.sp::IsTankRunActive
L 12/23/2025 - 16:21:29: [SM]   [2] Line 79, C:\Users\Moises\Downloads\Compressed\sourcemod-1.11.0-git6968-windows\addons\sourcemod\scripting\ÒankrunFixhealth.sp::Event_PlayerDeath
L 12/23/2025 - 16:21:32: [SM] Exception reported: Invalid timer handle 7ba00494 (error 3)
L 12/23/2025 - 16:21:32: [SM] Blaming: l4d2_playerjoining_v2.smx
L 12/23/2025 - 16:21:32: [SM] Call stack trace:
L 12/23/2025 - 16:21:32: [SM]   [0] KillTimer
L 12/23/2025 - 16:21:32: [SM]   [1] Line 53, C:\Users\Moises\Downloads\Compressed\sourcemod-1.11.0-git6968-windows\addons\sourcemod\scripting\l4d2_playerjoining_v2.sp::OnClientDisconnect
L 12/23/2025 - 16:21:36: [SM] Exception reported: Invalid timer handle c800044b (error 1)
L 12/23/2025 - 16:21:36: [SM] Blaming: l4d2_playerjoining_v2.smx
L 12/23/2025 - 16:21:36: [SM] Call stack trace:
L 12/23/2025 - 16:21:36: [SM]   [0] KillTimer
L 12/23/2025 - 16:21:36: [SM]   [1] Line 53, C:\Users\Moises\Downloads\Compressed\sourcemod-1.11.0-git6968-windows\addons\sourcemod\scripting\l4d2_playerjoining_v2.sp::OnClientDisconnect
L 12/23/2025 - 16:21:37: [SM] Exception reported: Invalid convar handle 0 (error 4)
L 12/23/2025 - 16:21:37: [SM] Blaming: ÒankrunFixhealth.smx
L 12/23/2025 - 16:21:37: [SM] Call stack trace:
L 12/23/2025 - 16:21:37: [SM]   [0] GetConVarString
L 12/23/2025 - 16:21:37: [SM]   [1] Line 138, C:\Users\Moises\Downloads\Compressed\sourcemod-1.11.0-git6968-windows\addons\sourcemod\scripting\ÒankrunFixhealth.sp::IsTankRunActive
L 12/23/2025 - 16:21:37: [SM]   [2] Line 79, C:\Users\Moises\Downloads\Compressed\sourcemod-1.11.0-git6968-windows\addons\sourcemod\scripting\ÒankrunFixhealth.sp::Event_PlayerDeath
L 12/23/2025 - 16:21:37: [SM] Exception reported: Invalid convar handle 0 (error 4)
L 12/23/2025 - 16:21:37: [SM] Blaming: ÒankrunFixhealth.smx
L 12/23/2025 - 16:21:37: [SM] Call stack trace:
L 12/23/2025 - 16:21:37: [SM]   [0] GetConVarString
L 12/23/2025 - 16:21:37: [SM]   [1] Line 138, C:\Users\Moises\Downloads\Compressed\sourcemod-1.11.0-git6968-windows\addons\sourcemod\scripting\ÒankrunFixhealth.sp::IsTankRunActive
L 12/23/2025 - 16:21:37: [SM]   [2] Line 36, C:\Users\Moises\Downloads\Compressed\sourcemod-1.11.0-git6968-windows\addons\sourcemod\scripting\ÒankrunFixhealth.sp::Timer_PeriodicCheck
L 12/23/2025 - 16:21:44: [SM] Exception reported: Language phrase "Please wait to be revived or rescued" not found (arg 6)
L 12/23/2025 - 16:21:44: [SM] Blaming: l4dmultislots.smx
L 12/23/2025 - 16:21:44: [SM] Call stack trace:
L 12/23/2025 - 16:21:44: [SM]   [0] PrintToChat
L 12/23/2025 - 16:21:44: [SM]   [1] Line 953, d:\Github\Private-Work\L4D2-Êèí‰ª∂\scripting_1.11\l4dmultislots.sp::Timer_SpecCheck
L 12/23/2025 - 16:21:47: [SM] Exception reported: Invalid convar handle 0 (error 4)
L 12/23/2025 - 16:21:47: [SM] Blaming: ÒankrunFixhealth.smx
L 12/23/2025 - 16:21:47: [SM] Call stack trace:
L 12/23/2025 - 16:21:47: [SM]   [0] GetConVarString
L 12/23/2025 - 16:21:47: [SM]   [1] Line 138, C:\Users\Moises\Downloads\Compressed\sourcemod-1.11.0-git6968-windows\addons\sourcemod\scripting\ÒankrunFixhealth.sp::IsTankRunActive
L 12/23/2025 - 16:21:47: [SM]   [2] Line 36, C:\Users\Moises\Downloads\Compressed\sourcemod-1.11.0-git6968-windows\addons\sourcemod\scripting\ÒankrunFixhealth.sp::Timer_PeriodicCheck
L 12/23/2025 - 16:21:56: [SM] Exception reported: Invalid convar handle 0 (error 4)
L 12/23/2025 - 16:21:56: [SM] Blaming: ÒankrunFixhealth.smx
L 12/23/2025 - 16:21:56: [SM] Call stack trace:
L 12/23/2025 - 16:21:56: [SM]   [0] GetConVarString
L 12/23/2025 - 16:21:56: [SM]   [1] Line 138, C:\Users\Moises\Downloads\Compressed\sourcemod-1.11.0-git6968-windows\addons\sourcemod\scripting\ÒankrunFixhealth.sp::IsTankRunActive
L 12/23/2025 - 16:21:56: [SM]   [2] Line 79, C:\Users\Moises\Downloads\Compressed\sourcemod-1.11.0-git6968-windows\addons\sourcemod\scripting\ÒankrunFixhealth.sp::Event_PlayerDeath
L 12/23/2025 - 16:21:57: [SM] Exception reported: Invalid convar handle 0 (error 4)
L 12/23/2025 - 16:21:57: [SM] Blaming: ÒankrunFixhealth.smx
L 12/23/2025 - 16:21:57: [SM] Call stack trace:
L 12/23/2025 - 16:21:57: [SM]   [0] GetConVarString
L 12/23/2025 - 16:21:57: [SM]   [1] Line 138, C:\Users\Moises\Downloads\Compressed\sourcemod-1.11.0-git6968-windows\addons\sourcemod\scripting\ÒankrunFixhealth.sp::IsTankRunActive
L 12/23/2025 - 16:21:57: [SM]   [2] Line 36, C:\Users\Moises\Downloads\Compressed\sourcemod-1.11.0-git6968-windows\addons\sourcemod\scripting\ÒankrunFixhealth.sp::Timer_PeriodicCheck
L 12/23/2025 - 16:21:57: [SM] Exception reported: Invalid convar handle 0 (error 4)
L 12/23/2025 - 16:21:57: [SM] Blaming: ÒankrunFixhealth.smx
L 12/23/2025 - 16:21:57: [SM] Call stack trace:
L 12/23/2025 - 16:21:57: [SM]   [0] GetConVarString
L 12/23/2025 - 16:21:57: [SM]   [1] Line 138, C:\Users\Moises\Downloads\Compressed\sourcemod-1.11.0-git6968-windows\addons\sourcemod\scripting\ÒankrunFixhealth.sp::IsTankRunActive
L 12/23/2025 - 16:21:57: [SM]   [2] Line 79, C:\Users\Moises\Downloads\Compressed\sourcemod-1.11.0-git6968-windows\addons\sourcemod\scripting\ÒankrunFixhealth.sp::Event_PlayerDeath
L 12/23/2025 - 16:21:57: [SM] Exception reported: Invalid convar handle 0 (error 4)
L 12/23/2025 - 16:21:57: [SM] Blaming: ÒankrunFixhealth.smx
L 12/23/2025 - 16:21:57: [SM] Call stack trace:
L 12/23/2025 - 16:21:57: [SM]   [0] GetConVarString
L 12/23/2025 - 16:21:57: [SM]   [1] Line 138, C:\Users\Moises\Downloads\Compressed\sourcemod-1.11.0-git6968-windows\addons\sourcemod\scripting\ÒankrunFixhealth.sp::IsTankRunActive
L 12/23/2025 - 16:21:57: [SM]   [2] Line 79, C:\Users\Moises\Downloads\Compressed\sourcemod-1.11.0-git6968-windows\addons\sourcemod\scripting\ÒankrunFixhealth.sp::Event_PlayerDeath
L 12/23/2025 - 16:22:03: [SM] Exception reported: Invalid timer handle a7700479 (error 3)
L 12/23/2025 - 16:22:03: [SM] Blaming: l4d2_playerjoining_v2.smx
L 12/23/2025 - 16:22:03: [SM] Call stack trace:
L 12/23/2025 - 16:22:03: [SM]   [0] KillTimer
L 12/23/2025 - 16:22:03: [SM]   [1] Line 53, C:\Users\Moises\Downloads\Compressed\sourcemod-1.11.0-git6968-windows\addons\sourcemod\scripting\l4d2_playerjoining_v2.sp::OnClientDisconnect
L 12/23/2025 - 16:22:04: [SM] Exception reported: Invalid timer handle 65d00485 (error 1)
L 12/23/2025 - 16:22:04: [SM] Blaming: l4d2_playerjoining_v2.smx
L 12/23/2025 - 16:22:04: [SM] Call stack trace:
L 12/23/2025 - 16:22:04: [SM]   [0] KillTimer
L 12/23/2025 - 16:22:04: [SM]   [1] Line 53, C:\Users\Moises\Downloads\Compressed\sourcemod-1.11.0-git6968-windows\addons\sourcemod\scripting\l4d2_playerjoining_v2.sp::OnClientDisconnect
L 12/23/2025 - 16:22:07: [SM] Exception reported: Invalid convar handle 0 (error 4)
L 12/23/2025 - 16:22:07: [SM] Blaming: ÒankrunFixhealth.smx
L 12/23/2025 - 16:22:07: [SM] Call stack trace:
L 12/23/2025 - 16:22:07: [SM]   [0] GetConVarString
L 12/23/2025 - 16:22:07: [SM]   [1] Line 138, C:\Users\Moises\Downloads\Compressed\sourcemod-1.11.0-git6968-windows\addons\sourcemod\scripting\ÒankrunFixhealth.sp::IsTankRunActive
L 12/23/2025 - 16:22:07: [SM]   [2] Line 36, C:\Users\Moises\Downloads\Compressed\sourcemod-1.11.0-git6968-windows\addons\sourcemod\scripting\ÒankrunFixhealth.sp::Timer_PeriodicCheck
L 12/23/2025 - 16:22:09: [SM] Exception reported: Language phrase "Please wait to be revived or rescued" not found (arg 6)
L 12/23/2025 - 16:22:09: [SM] Blaming: l4dmultislots.smx
L 12/23/2025 - 16:22:09: [SM] Call stack trace:
L 12/23/2025 - 16:22:09: [SM]   [0] PrintToChat
L 12/23/2025 - 16:22:09: [SM]   [1] Line 953, d:\Github\Private-Work\L4D2-Êèí‰ª∂\scripting_1.11\l4dmultislots.sp::Timer_SpecCheck
L 12/23/2025 - 16:22:13: [SM] Exception reported: Invalid convar handle 0 (error 4)
L 12/23/2025 - 16:22:13: [SM] Blaming: ÒankrunFixhealth.smx
L 12/23/2025 - 16:22:13: [SM] Call stack trace:
L 12/23/2025 - 16:22:13: [SM]   [0] GetConVarString
L 12/23/2025 - 16:22:13: [SM]   [1] Line 138, C:\Users\Moises\Downloads\Compressed\sourcemod-1.11.0-git6968-windows\addons\sourcemod\scripting\ÒankrunFixhealth.sp::IsTankRunActive
L 12/23/2025 - 16:22:13: [SM]   [2] Line 79, C:\Users\Moises\Downloads\Compressed\sourcemod-1.11.0-git6968-windows\addons\sourcemod\scripting\ÒankrunFixhealth.sp::Event_PlayerDeath
L 12/23/2025 - 16:22:17: [SM] Exception reported: Invalid convar handle 0 (error 4)
L 12/23/2025 - 16:22:17: [SM] Blaming: ÒankrunFixhealth.smx
L 12/23/2025 - 16:22:17: [SM] Call stack trace:
L 12/23/2025 - 16:22:17: [SM]   [0] GetConVarString
L 12/23/2025 - 16:22:17: [SM]   [1] Line 138, C:\Users\Moises\Downloads\Compressed\sourcemod-1.11.0-git6968-windows\addons\sourcemod\scripting\ÒankrunFixhealth.sp::IsTankRunActive
L 12/23/2025 - 16:22:17: [SM]   [2] Line 36, C:\Users\Moises\Downloads\Compressed\sourcemod-1.11.0-git6968-windows\addons\sourcemod\scripting\ÒankrunFixhealth.sp::Timer_PeriodicCheck
L 12/23/2025 - 16:22:20: [SM] Exception reported: Invalid timer handle 7ba00494 (error 3)
L 12/23/2025 - 16:22:20: [SM] Blaming: l4d2_playerjoining_v2.smx
L 12/23/2025 - 16:22:20: [SM] Call stack trace:
L 12/23/2025 - 16:22:20: [SM]   [0] KillTimer
L 12/23/2025 - 16:22:20: [SM]   [1] Line 53, C:\Users\Moises\Downloads\Compressed\sourcemod-1.11.0-git6968-windows\addons\sourcemod\scripting\l4d2_playerjoining_v2.sp::OnClientDisconnect
L 12/23/2025 - 16:22:27: [SM] Exception reported: Invalid convar handle 0 (error 4)
L 12/23/2025 - 16:22:27: [SM] Blaming: ÒankrunFixhealth.smx
L 12/23/2025 - 16:22:27: [SM] Call stack trace:
L 12/23/2025 - 16:22:27: [SM]   [0] GetConVarString
L 12/23/2025 - 16:22:27: [SM]   [1] Line 138, C:\Users\Moises\Downloads\Compressed\sourcemod-1.11.0-git6968-windows\addons\sourcemod\scripting\ÒankrunFixhealth.sp::IsTankRunActive
L 12/23/2025 - 16:22:27: [SM]   [2] Line 36, C:\Users\Moises\Downloads\Compressed\sourcemod-1.11.0-git6968-windows\addons\sourcemod\scripting\ÒankrunFixhealth.sp::Timer_PeriodicCheck
L 12/23/2025 - 16:22:34: [SM] Exception reported: Language phrase "Please wait to be revived or rescued" not found (arg 6)
L 12/23/2025 - 16:22:34: [SM] Blaming: l4dmultislots.smx
L 12/23/2025 - 16:22:34: [SM] Call stack trace:
L 12/23/2025 - 16:22:34: [SM]   [0] PrintToChat
L 12/23/2025 - 16:22:34: [SM]   [1] Line 953, d:\Github\Private-Work\L4D2-Êèí‰ª∂\scripting_1.11\l4dmultislots.sp::Timer_SpecCheck
L 12/23/2025 - 16:22:37: [SM] Exception reported: Invalid convar handle 0 (error 4)
L 12/23/2025 - 16:22:37: [SM] Blaming: ÒankrunFixhealth.smx
L 12/23/2025 - 16:22:37: [SM] Call stack trace:
L 12/23/2025 - 16:22:37: [SM]   [0] GetConVarString
L 12/23/2025 - 16:22:37: [SM]   [1] Line 138, C:\Users\Moises\Downloads\Compressed\sourcemod-1.11.0-git6968-windows\addons\sourcemod\scripting\ÒankrunFixhealth.sp::IsTankRunActive
L 12/23/2025 - 16:22:37: [SM]   [2] Line 36, C:\Users\Moises\Downloads\Compressed\sourcemod-1.11.0-git6968-windows\addons\sourcemod\scripting\ÒankrunFixhealth.sp::Timer_PeriodicCheck
L 12/23/2025 - 16:22:47: [SM] Exception reported: Invalid convar handle 0 (error 4)
L 12/23/2025 - 16:22:47: [SM] Blaming: ÒankrunFixhealth.smx
L 12/23/2025 - 16:22:47: [SM] Call stack trace:
L 12/23/2025 - 16:22:47: [SM]   [0] GetConVarString
L 12/23/2025 - 16:22:47: [SM]   [1] Line 138, C:\Users\Moises\Downloads\Compressed\sourcemod-1.11.0-git6968-windows\addons\sourcemod\scripting\ÒankrunFixhealth.sp::IsTankRunActive
L 12/23/2025 - 16:22:47: [SM]   [2] Line 36, C:\Users\Moises\Downloads\Compressed\sourcemod-1.11.0-git6968-windows\addons\sourcemod\scripting\ÒankrunFixhealth.sp::Timer_PeriodicCheck
L 12/23/2025 - 16:22:55: [SM] Exception reported: Invalid convar handle 0 (error 4)
L 12/23/2025 - 16:22:55: [SM] Blaming: ÒankrunFixhealth.smx
L 12/23/2025 - 16:22:55: [SM] Call stack trace:
L 12/23/2025 - 16:22:55: [SM]   [0] GetConVarString
L 12/23/2025 - 16:22:55: [SM]   [1] Line 138, C:\Users\Moises\Downloads\Compressed\sourcemod-1.11.0-git6968-windows\addons\sourcemod\scripting\ÒankrunFixhealth.sp::IsTankRunActive
L 12/23/2025 - 16:22:55: [SM]   [2] Line 79, C:\Users\Moises\Downloads\Compressed\sourcemod-1.11.0-git6968-windows\addons\sourcemod\scripting\ÒankrunFixhealth.sp::Event_PlayerDeath
L 12/23/2025 - 16:22:57: [SM] Exception reported: Invalid convar handle 0 (error 4)
L 12/23/2025 - 16:22:57: [SM] Blaming: ÒankrunFixhealth.smx
L 12/23/2025 - 16:22:57: [SM] Call stack trace:
L 12/23/2025 - 16:22:57: [SM]   [0] GetConVarString
L 12/23/2025 - 16:22:57: [SM]   [1] Line 138, C:\Users\Moises\Downloads\Compressed\sourcemod-1.11.0-git6968-windows\addons\sourcemod\scripting\ÒankrunFixhealth.sp::IsTankRunActive
L 12/23/2025 - 16:22:57: [SM]   [2] Line 36, C:\Users\Moises\Downloads\Compressed\sourcemod-1.11.0-git6968-windows\addons\sourcemod\scripting\ÒankrunFixhealth.sp::Timer_PeriodicCheck
L 12/23/2025 - 16:22:59: [SM] Exception reported: Language phrase "Please wait to be revived or rescued" not found (arg 6)
L 12/23/2025 - 16:22:59: [SM] Blaming: l4dmultislots.smx
L 12/23/2025 - 16:22:59: [SM] Call stack trace:
L 12/23/2025 - 16:22:59: [SM]   [0] PrintToChat
L 12/23/2025 - 16:22:59: [SM]   [1] Line 953, d:\Github\Private-Work\L4D2-Êèí‰ª∂\scripting_1.11\l4dmultislots.sp::Timer_SpecCheck
L 12/23/2025 - 16:23:07: [SM] Exception reported: Invalid convar handle 0 (error 4)
L 12/23/2025 - 16:23:07: [SM] Blaming: ÒankrunFixhealth.smx
L 12/23/2025 - 16:23:07: [SM] Call stack trace:
L 12/23/2025 - 16:23:07: [SM]   [0] GetConVarString
L 12/23/2025 - 16:23:07: [SM]   [1] Line 138, C:\Users\Moises\Downloads\Compressed\sourcemod-1.11.0-git6968-windows\addons\sourcemod\scripting\ÒankrunFixhealth.sp::IsTankRunActive
L 12/23/2025 - 16:23:07: [SM]   [2] Line 36, C:\Users\Moises\Downloads\Compressed\sourcemod-1.11.0-git6968-windows\addons\sourcemod\scripting\ÒankrunFixhealth.sp::Timer_PeriodicCheck
L 12/23/2025 - 16:23:11: [SM] Exception reported: Invalid convar handle 0 (error 4)
L 12/23/2025 - 16:23:11: [SM] Blaming: ÒankrunFixhealth.smx
L 12/23/2025 - 16:23:11: [SM] Call stack trace:
L 12/23/2025 - 16:23:11: [SM]   [0] GetConVarString
L 12/23/2025 - 16:23:11: [SM]   [1] Line 138, C:\Users\Moises\Downloads\Compressed\sourcemod-1.11.0-git6968-windows\addons\sourcemod\scripting\ÒankrunFixhealth.sp::IsTankRunActive
L 12/23/2025 - 16:23:11: [SM]   [2] Line 79, C:\Users\Moises\Downloads\Compressed\sourcemod-1.11.0-git6968-windows\addons\sourcemod\scripting\ÒankrunFixhealth.sp::Event_PlayerDeath
L 12/23/2025 - 16:23:17: [SM] Exception reported: Invalid convar handle 0 (error 4)
L 12/23/2025 - 16:23:17: [SM] Blaming: ÒankrunFixhealth.smx
L 12/23/2025 - 16:23:17: [SM] Call stack trace:
L 12/23/2025 - 16:23:17: [SM]   [0] GetConVarString
L 12/23/2025 - 16:23:17: [SM]   [1] Line 138, C:\Users\Moises\Downloads\Compressed\sourcemod-1.11.0-git6968-windows\addons\sourcemod\scripting\ÒankrunFixhealth.sp::IsTankRunActive
L 12/23/2025 - 16:23:17: [SM]   [2] Line 36, C:\Users\Moises\Downloads\Compressed\sourcemod-1.11.0-git6968-windows\addons\sourcemod\scripting\ÒankrunFixhealth.sp::Timer_PeriodicCheck
L 12/23/2025 - 16:23:24: [SM] Exception reported: Language phrase "Please wait to be revived or rescued" not found (arg 6)
L 12/23/2025 - 16:23:24: [SM] Blaming: l4dmultislots.smx
L 12/23/2025 - 16:23:24: [SM] Call stack trace:
L 12/23/2025 - 16:23:24: [SM]   [0] PrintToChat
L 12/23/2025 - 16:23:24: [SM]   [1] Line 953, d:\Github\Private-Work\L4D2-Êèí‰ª∂\scripting_1.11\l4dmultislots.sp::Timer_SpecCheck
L 12/23/2025 - 16:23:27: [SM] Exception reported: Invalid convar handle 0 (error 4)
L 12/23/2025 - 16:23:27: [SM] Blaming: ÒankrunFixhealth.smx
L 12/23/2025 - 16:23:27: [SM] Call stack trace:
L 12/23/2025 - 16:23:27: [SM]   [0] GetConVarString
L 12/23/2025 - 16:23:27: [SM]   [1] Line 138, C:\Users\Moises\Downloads\Compressed\sourcemod-1.11.0-git6968-windows\addons\sourcemod\scripting\ÒankrunFixhealth.sp::IsTankRunActive
L 12/23/2025 - 16:23:27: [SM]   [2] Line 36, C:\Users\Moises\Downloads\Compressed\sourcemod-1.11.0-git6968-windows\addons\sourcemod\scripting\ÒankrunFixhealth.sp::Timer_PeriodicCheck
L 12/23/2025 - 16:23:37: [SM] Exception reported: Invalid convar handle 0 (error 4)
L 12/23/2025 - 16:23:37: [SM] Blaming: ÒankrunFixhealth.smx
L 12/23/2025 - 16:23:37: [SM] Call stack trace:
L 12/23/2025 - 16:23:37: [SM]   [0] GetConVarString
L 12/23/2025 - 16:23:37: [SM]   [1] Line 138, C:\Users\Moises\Downloads\Compressed\sourcemod-1.11.0-git6968-windows\addons\sourcemod\scripting\ÒankrunFixhealth.sp::IsTankRunActive
L 12/23/2025 - 16:23:37: [SM]   [2] Line 36, C:\Users\Moises\Downloads\Compressed\sourcemod-1.11.0-git6968-windows\addons\sourcemod\scripting\ÒankrunFixhealth.sp::Timer_PeriodicCheck
L 12/23/2025 - 16:23:38: [SM] Exception reported: Invalid convar handle 0 (error 4)
L 12/23/2025 - 16:23:38: [SM] Blaming: ÒankrunFixhealth.smx
L 12/23/2025 - 16:23:38: [SM] Call stack trace:
L 12/23/2025 - 16:23:38: [SM]   [0] GetConVarString
L 12/23/2025 - 16:23:38: [SM]   [1] Line 138, C:\Users\Moises\Downloads\Compressed\sourcemod-1.11.0-git6968-windows\addons\sourcemod\scripting\ÒankrunFixhealth.sp::IsTankRunActive
L 12/23/2025 - 16:23:38: [SM]   [2] Line 79, C:\Users\Moises\Downloads\Compressed\sourcemod-1.11.0-git6968-windows\addons\sourcemod\scripting\ÒankrunFixhealth.sp::Event_PlayerDeath
L 12/23/2025 - 16:23:43: [SM] Exception reported: Invalid convar handle 0 (error 4)
L 12/23/2025 - 16:23:43: [SM] Blaming: ÒankrunFixhealth.smx
L 12/23/2025 - 16:23:43: [SM] Call stack trace:
L 12/23/2025 - 16:23:43: [SM]   [0] GetConVarString
L 12/23/2025 - 16:23:43: [SM]   [1] Line 138, C:\Users\Moises\Downloads\Compressed\sourcemod-1.11.0-git6968-windows\addons\sourcemod\scripting\ÒankrunFixhealth.sp::IsTankRunActive
L 12/23/2025 - 16:23:43: [SM]   [2] Line 79, C:\Users\Moises\Downloads\Compressed\sourcemod-1.11.0-git6968-windows\addons\sourcemod\scripting\ÒankrunFixhealth.sp::Event_PlayerDeath
L 12/23/2025 - 16:23:43: [SM] Exception reported: Invalid convar handle 0 (error 4)
L 12/23/2025 - 16:23:43: [SM] Blaming: ÒankrunFixhealth.smx
L 12/23/2025 - 16:23:43: [SM] Call stack trace:
L 12/23/2025 - 16:23:43: [SM]   [0] GetConVarString
L 12/23/2025 - 16:23:43: [SM]   [1] Line 138, C:\Users\Moises\Downloads\Compressed\sourcemod-1.11.0-git6968-windows\addons\sourcemod\scripting\ÒankrunFixhealth.sp::IsTankRunActive
L 12/23/2025 - 16:23:43: [SM]   [2] Line 79, C:\Users\Moises\Downloads\Compressed\sourcemod-1.11.0-git6968-windows\addons\sourcemod\scripting\ÒankrunFixhealth.sp::Event_PlayerDeath
L 12/23/2025 - 16:23:44: [SM] Exception reported: Invalid convar handle 0 (error 4)
L 12/23/2025 - 16:23:44: [SM] Blaming: ÒankrunFixhealth.smx
L 12/23/2025 - 16:23:44: [SM] Call stack trace:
L 12/23/2025 - 16:23:44: [SM]   [0] GetConVarString
L 12/23/2025 - 16:23:44: [SM]   [1] Line 138, C:\Users\Moises\Downloads\Compressed\sourcemod-1.11.0-git6968-windows\addons\sourcemod\scripting\ÒankrunFixhealth.sp::IsTankRunActive
L 12/23/2025 - 16:23:44: [SM]   [2] Line 79, C:\Users\Moises\Downloads\Compressed\sourcemod-1.11.0-git6968-windows\addons\sourcemod\scripting\ÒankrunFixhealth.sp::Event_PlayerDeath
L 12/23/2025 - 16:23:46: [SM] Exception reported: Invalid timer handle 7ba00494 (error 3)
L 12/23/2025 - 16:23:46: [SM] Blaming: l4d2_playerjoining_v2.smx
L 12/23/2025 - 16:23:46: [SM] Call stack trace:
L 12/23/2025 - 16:23:46: [SM]   [0] KillTimer
L 12/23/2025 - 16:23:46: [SM]   [1] Line 53, C:\Users\Moises\Downloads\Compressed\sourcemod-1.11.0-git6968-windows\addons\sourcemod\scripting\l4d2_playerjoining_v2.sp::OnClientDisconnect
L 12/23/2025 - 16:23:47: [SM] Exception reported: Invalid convar handle 0 (error 4)
L 12/23/2025 - 16:23:47: [SM] Blaming: ÒankrunFixhealth.smx
L 12/23/2025 - 16:23:47: [SM] Call stack trace:
L 12/23/2025 - 16:23:47: [SM]   [0] GetConVarString
L 12/23/2025 - 16:23:47: [SM]   [1] Line 138, C:\Users\Moises\Downloads\Compressed\sourcemod-1.11.0-git6968-windows\addons\sourcemod\scripting\ÒankrunFixhealth.sp::IsTankRunActive
L 12/23/2025 - 16:23:47: [SM]   [2] Line 36, C:\Users\Moises\Downloads\Compressed\sourcemod-1.11.0-git6968-windows\addons\sourcemod\scripting\ÒankrunFixhealth.sp::Timer_PeriodicCheck
L 12/23/2025 - 16:23:48: [SM] Exception reported: Invalid convar handle 0 (error 4)
L 12/23/2025 - 16:23:48: [SM] Blaming: ÒankrunFixhealth.smx
L 12/23/2025 - 16:23:48: [SM] Call stack trace:
L 12/23/2025 - 16:23:48: [SM]   [0] GetConVarString
L 12/23/2025 - 16:23:48: [SM]   [1] Line 138, C:\Users\Moises\Downloads\Compressed\sourcemod-1.11.0-git6968-windows\addons\sourcemod\scripting\ÒankrunFixhealth.sp::IsTankRunActive
L 12/23/2025 - 16:23:48: [SM]   [2] Line 79, C:\Users\Moises\Downloads\Compressed\sourcemod-1.11.0-git6968-windows\addons\sourcemod\scripting\ÒankrunFixhealth.sp::Event_PlayerDeath
L 12/23/2025 - 16:23:49: [SM] Exception reported: Language phrase "Please wait to be revived or rescued" not found (arg 6)
L 12/23/2025 - 16:23:49: [SM] Blaming: l4dmultislots.smx
L 12/23/2025 - 16:23:49: [SM] Call stack trace:
L 12/23/2025 - 16:23:49: [SM]   [0] PrintToChat
L 12/23/2025 - 16:23:49: [SM]   [1] Line 953, d:\Github\Private-Work\L4D2-Êèí‰ª∂\scripting_1.11\l4dmultislots.sp::Timer_SpecCheck
L 12/23/2025 - 16:23:50: [SM] Exception reported: Invalid timer handle 65d00485 (error 1)
L 12/23/2025 - 16:23:50: [SM] Blaming: l4d2_playerjoining_v2.smx
L 12/23/2025 - 16:23:50: [SM] Call stack trace:
L 12/23/2025 - 16:23:50: [SM]   [0] KillTimer
L 12/23/2025 - 16:23:50: [SM]   [1] Line 53, C:\Users\Moises\Downloads\Compressed\sourcemod-1.11.0-git6968-windows\addons\sourcemod\scripting\l4d2_playerjoining_v2.sp::OnClientDisconnect
L 12/23/2025 - 16:23:50: [SM] Exception reported: Invalid timer handle c800044b (error 3)
L 12/23/2025 - 16:23:50: [SM] Blaming: l4d2_playerjoining_v2.smx
L 12/23/2025 - 16:23:50: [SM] Call stack trace:
L 12/23/2025 - 16:23:50: [SM]   [0] KillTimer
L 12/23/2025 - 16:23:50: [SM]   [1] Line 53, C:\Users\Moises\Downloads\Compressed\sourcemod-1.11.0-git6968-windows\addons\sourcemod\scripting\l4d2_playerjoining_v2.sp::OnClientDisconnect
L 12/23/2025 - 16:23:51: [SM] Exception reported: Invalid timer handle 8f100479 (error 3)
L 12/23/2025 - 16:23:51: [SM] Blaming: l4d2_playerjoining_v2.smx
L 12/23/2025 - 16:23:51: [SM] Call stack trace:
L 12/23/2025 - 16:23:51: [SM]   [0] KillTimer
L 12/23/2025 - 16:23:51: [SM]   [1] Line 53, C:\Users\Moises\Downloads\Compressed\sourcemod-1.11.0-git6968-windows\addons\sourcemod\scripting\l4d2_playerjoining_v2.sp::OnClientDisconnect
L 12/23/2025 - 16:23:57: [SM] Exception reported: Invalid convar handle 0 (error 4)
L 12/23/2025 - 16:23:57: [SM] Blaming: ÒankrunFixhealth.smx
L 12/23/2025 - 16:23:57: [SM] Call stack trace:
L 12/23/2025 - 16:23:57: [SM]   [0] GetConVarString
L 12/23/2025 - 16:23:57: [SM]   [1] Line 138, C:\Users\Moises\Downloads\Compressed\sourcemod-1.11.0-git6968-windows\addons\sourcemod\scripting\ÒankrunFixhealth.sp::IsTankRunActive
L 12/23/2025 - 16:23:57: [SM]   [2] Line 36, C:\Users\Moises\Downloads\Compressed\sourcemod-1.11.0-git6968-windows\addons\sourcemod\scripting\ÒankrunFixhealth.sp::Timer_PeriodicCheck
L 12/23/2025 - 16:24:07: [SM] Exception reported: Invalid convar handle 0 (error 4)
L 12/23/2025 - 16:24:07: [SM] Blaming: ÒankrunFixhealth.smx
L 12/23/2025 - 16:24:07: [SM] Call stack trace:
L 12/23/2025 - 16:24:07: [SM]   [0] GetConVarString
L 12/23/2025 - 16:24:07: [SM]   [1] Line 138, C:\Users\Moises\Downloads\Compressed\sourcemod-1.11.0-git6968-windows\addons\sourcemod\scripting\ÒankrunFixhealth.sp::IsTankRunActive
L 12/23/2025 - 16:24:07: [SM]   [2] Line 36, C:\Users\Moises\Downloads\Compressed\sourcemod-1.11.0-git6968-windows\addons\sourcemod\scripting\ÒankrunFixhealth.sp::Timer_PeriodicCheck
L 12/23/2025 - 16:24:14: [SM] Exception reported: Language phrase "Please wait to be revived or rescued" not found (arg 6)
L 12/23/2025 - 16:24:14: [SM] Blaming: l4dmultislots.smx
L 12/23/2025 - 16:24:14: [SM] Call stack trace:
L 12/23/2025 - 16:24:14: [SM]   [0] PrintToChat
L 12/23/2025 - 16:24:14: [SM]   [1] Line 953, d:\Github\Private-Work\L4D2-Êèí‰ª∂\scripting_1.11\l4dmultislots.sp::Timer_SpecCheck
L 12/23/2025 - 16:24:17: [SM] Exception reported: Invalid convar handle 0 (error 4)
L 12/23/2025 - 16:24:17: [SM] Blaming: ÒankrunFixhealth.smx
L 12/23/2025 - 16:24:17: [SM] Call stack trace:
L 12/23/2025 - 16:24:17: [SM]   [0] GetConVarString
L 12/23/2025 - 16:24:17: [SM]   [1] Line 138, C:\Users\Moises\Downloads\Compressed\sourcemod-1.11.0-git6968-windows\addons\sourcemod\scripting\ÒankrunFixhealth.sp::IsTankRunActive
L 12/23/2025 - 16:24:17: [SM]   [2] Line 36, C:\Users\Moises\Downloads\Compressed\sourcemod-1.11.0-git6968-windows\addons\sourcemod\scripting\ÒankrunFixhealth.sp::Timer_PeriodicCheck
L 12/23/2025 - 16:24:27: [SM] Exception reported: Invalid convar handle 0 (error 4)
L 12/23/2025 - 16:24:27: [SM] Blaming: ÒankrunFixhealth.smx
L 12/23/2025 - 16:24:27: [SM] Call stack trace:
L 12/23/2025 - 16:24:27: [SM]   [0] GetConVarString
L 12/23/2025 - 16:24:27: [SM]   [1] Line 138, C:\Users\Moises\Downloads\Compressed\sourcemod-1.11.0-git6968-windows\addons\sourcemod\scripting\ÒankrunFixhealth.sp::IsTankRunActive
L 12/23/2025 - 16:24:27: [SM]   [2] Line 36, C:\Users\Moises\Downloads\Compressed\sourcemod-1.11.0-git6968-windows\addons\sourcemod\scripting\ÒankrunFixhealth.sp::Timer_PeriodicCheck
L 12/23/2025 - 16:24:37: [SM] Exception reported: Invalid convar handle 0 (error 4)
L 12/23/2025 - 16:24:37: [SM] Blaming: ÒankrunFixhealth.smx
L 12/23/2025 - 16:24:37: [SM] Call stack trace:
L 12/23/2025 - 16:24:37: [SM]   [0] GetConVarString
L 12/23/2025 - 16:24:37: [SM]   [1] Line 138, C:\Users\Moises\Downloads\Compressed\sourcemod-1.11.0-git6968-windows\addons\sourcemod\scripting\ÒankrunFixhealth.sp::IsTankRunActive
L 12/23/2025 - 16:24:37: [SM]   [2] Line 36, C:\Users\Moises\Downloads\Compressed\sourcemod-1.11.0-git6968-windows\addons\sourcemod\scripting\ÒankrunFixhealth.sp::Timer_PeriodicCheck
L 12/23/2025 - 16:24:39: [SM] Exception reported: Invalid convar handle 0 (error 4)
L 12/23/2025 - 16:24:39: [SM] Blaming: ÒankrunFixhealth.smx
L 12/23/2025 - 16:24:39: [SM] Call stack trace:
L 12/23/2025 - 16:24:39: [SM]   [0] GetConVarString
L 12/23/2025 - 16:24:39: [SM]   [1] Line 138, C:\Users\Moises\Downloads\Compressed\sourcemod-1.11.0-git6968-windows\addons\sourcemod\scripting\ÒankrunFixhealth.sp::IsTankRunActive
L 12/23/2025 - 16:24:39: [SM]   [2] Line 79, C:\Users\Moises\Downloads\Compressed\sourcemod-1.11.0-git6968-windows\addons\sourcemod\scripting\ÒankrunFixhealth.sp::Event_PlayerDeath
L 12/23/2025 - 16:24:39: [SM] Exception reported: Language phrase "Please wait to be revived or rescued" not found (arg 6)
L 12/23/2025 - 16:24:39: [SM] Blaming: l4dmultislots.smx
L 12/23/2025 - 16:24:39: [SM] Call stack trace:
L 12/23/2025 - 16:24:39: [SM]   [0] PrintToChat
L 12/23/2025 - 16:24:39: [SM]   [1] Line 953, d:\Github\Private-Work\L4D2-Êèí‰ª∂\scripting_1.11\l4dmultislots.sp::Timer_SpecCheck
L 12/23/2025 - 16:24:42: [SM] Exception reported: Invalid convar handle 0 (error 4)
L 12/23/2025 - 16:24:42: [SM] Blaming: ÒankrunFixhealth.smx
L 12/23/2025 - 16:24:42: [SM] Call stack trace:
L 12/23/2025 - 16:24:42: [SM]   [0] GetConVarString
L 12/23/2025 - 16:24:42: [SM]   [1] Line 138, C:\Users\Moises\Downloads\Compressed\sourcemod-1.11.0-git6968-windows\addons\sourcemod\scripting\ÒankrunFixhealth.sp::IsTankRunActive
L 12/23/2025 - 16:24:42: [SM]   [2] Line 79, C:\Users\Moises\Downloads\Compressed\sourcemod-1.11.0-git6968-windows\addons\sourcemod\scripting\ÒankrunFixhealth.sp::Event_PlayerDeath
L 12/23/2025 - 16:24:46: [SM] Exception reported: Invalid timer handle c800044b (error 3)
L 12/23/2025 - 16:24:46: [SM] Blaming: l4d2_playerjoining_v2.smx
L 12/23/2025 - 16:24:46: [SM] Call stack trace:
L 12/23/2025 - 16:24:46: [SM]   [0] KillTimer
L 12/23/2025 - 16:24:46: [SM]   [1] Line 53, C:\Users\Moises\Downloads\Compressed\sourcemod-1.11.0-git6968-windows\addons\sourcemod\scripting\l4d2_playerjoining_v2.sp::OnClientDisconnect
L 12/23/2025 - 16:24:47: [SM] Exception reported: Invalid convar handle 0 (error 4)
L 12/23/2025 - 16:24:47: [SM] Blaming: ÒankrunFixhealth.smx
L 12/23/2025 - 16:24:47: [SM] Call stack trace:
L 12/23/2025 - 16:24:47: [SM]   [0] GetConVarString
L 12/23/2025 - 16:24:47: [SM]   [1] Line 138, C:\Users\Moises\Downloads\Compressed\sourcemod-1.11.0-git6968-windows\addons\sourcemod\scripting\ÒankrunFixhealth.sp::IsTankRunActive
L 12/23/2025 - 16:24:47: [SM]   [2] Line 36, C:\Users\Moises\Downloads\Compressed\sourcemod-1.11.0-git6968-windows\addons\sourcemod\scripting\ÒankrunFixhealth.sp::Timer_PeriodicCheck
L 12/23/2025 - 16:24:47: [SM] Exception reported: Invalid convar handle 0 (error 4)
L 12/23/2025 - 16:24:47: [SM] Blaming: ÒankrunFixhealth.smx
L 12/23/2025 - 16:24:47: [SM] Call stack trace:
L 12/23/2025 - 16:24:47: [SM]   [0] GetConVarString
L 12/23/2025 - 16:24:47: [SM]   [1] Line 138, C:\Users\Moises\Downloads\Compressed\sourcemod-1.11.0-git6968-windows\addons\sourcemod\scripting\ÒankrunFixhealth.sp::IsTankRunActive
L 12/23/2025 - 16:24:47: [SM]   [2] Line 71, C:\Users\Moises\Downloads\Compressed\sourcemod-1.11.0-git6968-windows\addons\sourcemod\scripting\ÒankrunFixhealth.sp::Event_MapTransition
L 12/23/2025 - 16:24:49: [SM] Exception reported: Invalid timer handle da500496 (error 1)
L 12/23/2025 - 16:24:49: [SM] Blaming: l4d2_playerjoining_v2.smx
L 12/23/2025 - 16:24:49: [SM] Call stack trace:
L 12/23/2025 - 16:24:49: [SM]   [0] KillTimer
L 12/23/2025 - 16:24:49: [SM]   [1] Line 53, C:\Users\Moises\Downloads\Compressed\sourcemod-1.11.0-git6968-windows\addons\sourcemod\scripting\l4d2_playerjoining_v2.sp::OnClientDisconnect
L 12/23/2025 - 16:24:56: [SM] Exception reported: Invalid timer handle 7ba00494 (error 3)
L 12/23/2025 - 16:24:56: [SM] Blaming: l4d2_playerjoining_v2.smx
L 12/23/2025 - 16:24:56: [SM] Call stack trace:
L 12/23/2025 - 16:24:56: [SM]   [0] KillTimer
L 12/23/2025 - 16:24:56: [SM]   [1] Line 53, C:\Users\Moises\Downloads\Compressed\sourcemod-1.11.0-git6968-windows\addons\sourcemod\scripting\l4d2_playerjoining_v2.sp::OnClientDisconnect
L 12/23/2025 - 16:24:56: [SM] Exception reported: Invalid timer handle 8f100479 (error 3)
L 12/23/2025 - 16:24:56: [SM] Blaming: l4d2_playerjoining_v2.smx
L 12/23/2025 - 16:24:56: [SM] Call stack trace:
L 12/23/2025 - 16:24:56: [SM]   [0] KillTimer
L 12/23/2025 - 16:24:56: [SM]   [1] Line 53, C:\Users\Moises\Downloads\Compressed\sourcemod-1.11.0-git6968-windows\addons\sourcemod\scripting\l4d2_playerjoining_v2.sp::OnClientDisconnect
L 12/23/2025 - 16:24:58: Error log file session closed.
L 12/23/2025 - 16:24:58: SourceMod error session started
L 12/23/2025 - 16:24:58: Info (map "c2m3_coaster") (file "d:\steamlibrary\steamapps\common\left 4 dead 2\left4dead2\addons\sourcemod\logs\errors_20251223.log")
L 12/23/2025 - 16:24:58: [SM] Fatal error encountered parsing translation file "l4d_nth.phrases.txt"
L 12/23/2025 - 16:24:58: [SM] Error (line 0, column 0): Stream failed to open
L 12/23/2025 - 16:24:58: [SM] Fatal error encountered parsing translation file "chargersteering.phrases.txt"
L 12/23/2025 - 16:24:58: [SM] Error (line 0, column 0): Stream failed to open
L 12/23/2025 - 16:24:58: [SM] Fatal error encountered parsing translation file "l4dmultislots.phrases.txt"
L 12/23/2025 - 16:24:58: [SM] Error (line 0, column 0): Stream failed to open
L 12/23/2025 - 16:24:58: [SM] Fatal error encountered parsing translation file "lilac.phrases.txt"
L 12/23/2025 - 16:24:58: [SM] Error (line 0, column 0): Stream failed to open
L 12/23/2025 - 16:25:00: [SM] Exception reported: Invalid convar handle 0 (error 4)
L 12/23/2025 - 16:25:00: [SM] Blaming: ÒankrunFixhealth.smx
L 12/23/2025 - 16:25:00: [SM] Call stack trace:
L 12/23/2025 - 16:25:00: [SM]   [0] GetConVarString
L 12/23/2025 - 16:25:00: [SM]   [1] Line 138, C:\Users\Moises\Downloads\Compressed\sourcemod-1.11.0-git6968-windows\addons\sourcemod\scripting\ÒankrunFixhealth.sp::IsTankRunActive
L 12/23/2025 - 16:25:00: [SM]   [2] Line 54, C:\Users\Moises\Downloads\Compressed\sourcemod-1.11.0-git6968-windows\addons\sourcemod\scripting\ÒankrunFixhealth.sp::Event_RoundStart
L 12/23/2025 - 16:25:00: [l4d2_publicity.smx] [Publicity] No se encontraron mensajes en el archivo de configuraci√≥n
L 12/23/2025 - 16:25:02: [SM] Exception reported: Invalid convar handle 0 (error 4)
L 12/23/2025 - 16:25:02: [SM] Blaming: ÒankrunFixhealth.smx
L 12/23/2025 - 16:25:02: [SM] Call stack trace:
L 12/23/2025 - 16:25:02: [SM]   [0] GetConVarString
L 12/23/2025 - 16:25:02: [SM]   [1] Line 138, C:\Users\Moises\Downloads\Compressed\sourcemod-1.11.0-git6968-windows\addons\sourcemod\scripting\ÒankrunFixhealth.sp::IsTankRunActive
L 12/23/2025 - 16:25:02: [SM]   [2] Line 36, C:\Users\Moises\Downloads\Compressed\sourcemod-1.11.0-git6968-windows\addons\sourcemod\scripting\ÒankrunFixhealth.sp::Timer_PeriodicCheck
L 12/23/2025 - 16:25:15: [SM] Exception reported: Invalid convar handle 0 (error 4)
L 12/23/2025 - 16:25:15: [SM] Blaming: ÒankrunFixhealth.smx
L 12/23/2025 - 16:25:15: [SM] Call stack trace:
L 12/23/2025 - 16:25:15: [SM]   [0] GetConVarString
L 12/23/2025 - 16:25:15: [SM]   [1] Line 138, C:\Users\Moises\Downloads\Compressed\sourcemod-1.11.0-git6968-windows\addons\sourcemod\scripting\ÒankrunFixhealth.sp::IsTankRunActive
L 12/23/2025 - 16:25:15: [SM]   [2] Line 36, C:\Users\Moises\Downloads\Compressed\sourcemod-1.11.0-git6968-windows\addons\sourcemod\scripting\ÒankrunFixhealth.sp::Timer_PeriodicCheck
L 12/23/2025 - 16:25:19: [SM] Exception reported: Invalid timer handle c800044b (error 3)
L 12/23/2025 - 16:25:19: [SM] Blaming: l4d2_playerjoining_v2.smx
L 12/23/2025 - 16:25:19: [SM] Call stack trace:
L 12/23/2025 - 16:25:19: [SM]   [0] KillTimer
L 12/23/2025 - 16:25:19: [SM]   [1] Line 53, C:\Users\Moises\Downloads\Compressed\sourcemod-1.11.0-git6968-windows\addons\sourcemod\scripting\l4d2_playerjoining_v2.sp::OnClientDisconnect
L 12/23/2025 - 16:25:24: [SM] Exception reported: Invalid timer handle 8f100479 (error 3)
L 12/23/2025 - 16:25:24: [SM] Blaming: l4d2_playerjoining_v2.smx
L 12/23/2025 - 16:25:24: [SM] Call stack trace:
L 12/23/2025 - 16:25:24: [SM]   [0] KillTimer
L 12/23/2025 - 16:25:24: [SM]   [1] Line 53, C:\Users\Moises\Downloads\Compressed\sourcemod-1.11.0-git6968-windows\addons\sourcemod\scripting\l4d2_playerjoining_v2.sp::OnClientDisconnect
L 12/23/2025 - 16:25:26: [SM] Exception reported: Invalid convar handle 0 (error 4)
L 12/23/2025 - 16:25:26: [SM] Blaming: ÒankrunFixhealth.smx
L 12/23/2025 - 16:25:26: [SM] Call stack trace:
L 12/23/2025 - 16:25:26: [SM]   [0] GetConVarString
L 12/23/2025 - 16:25:26: [SM]   [1] Line 138, C:\Users\Moises\Downloads\Compressed\sourcemod-1.11.0-git6968-windows\addons\sourcemod\scripting\ÒankrunFixhealth.sp::IsTankRunActive
L 12/23/2025 - 16:25:26: [SM]   [2] Line 36, C:\Users\Moises\Downloads\Compressed\sourcemod-1.11.0-git6968-windows\addons\sourcemod\scripting\ÒankrunFixhealth.sp::Timer_PeriodicCheck
L 12/23/2025 - 16:25:36: [SM] Exception reported: Invalid convar handle 0 (error 4)
L 12/23/2025 - 16:25:36: [SM] Blaming: ÒankrunFixhealth.smx
L 12/23/2025 - 16:25:36: [SM] Call stack trace:
L 12/23/2025 - 16:25:36: [SM]   [0] GetConVarString
L 12/23/2025 - 16:25:36: [SM]   [1] Line 138, C:\Users\Moises\Downloads\Compressed\sourcemod-1.11.0-git6968-windows\addons\sourcemod\scripting\ÒankrunFixhealth.sp::IsTankRunActive
L 12/23/2025 - 16:25:36: [SM]   [2] Line 36, C:\Users\Moises\Downloads\Compressed\sourcemod-1.11.0-git6968-windows\addons\sourcemod\scripting\ÒankrunFixhealth.sp::Timer_PeriodicCheck
L 12/23/2025 - 16:25:41: [SM] Exception reported: Invalid convar handle 0 (error 4)
L 12/23/2025 - 16:25:41: [SM] Blaming: ÒankrunFixhealth.smx
L 12/23/2025 - 16:25:41: [SM] Call stack trace:
L 12/23/2025 - 16:25:41: [SM]   [0] GetConVarString
L 12/23/2025 - 16:25:41: [SM]   [1] Line 138, C:\Users\Moises\Downloads\Compressed\sourcemod-1.11.0-git6968-windows\addons\sourcemod\scripting\ÒankrunFixhealth.sp::IsTankRunActive
L 12/23/2025 - 16:25:41: [SM]   [2] Line 79, C:\Users\Moises\Downloads\Compressed\sourcemod-1.11.0-git6968-windows\addons\sourcemod\scripting\ÒankrunFixhealth.sp::Event_PlayerDeath
L 12/23/2025 - 16:25:41: [SM]   [4] ForcePlayerSuicide
L 12/23/2025 - 16:25:41: [SM]   [5] Line 37, D:\builds\build-sourcemod-msvc12\windows-1.12\build\plugins\playercommands\slay.sp::PerformSlay
L 12/23/2025 - 16:25:41: [SM]   [6] Line 108, D:\builds\build-sourcemod-msvc12\windows-1.12\build\plugins\playercommands\slay.sp::MenuHandler_Slay
L 12/23/2025 - 16:25:46: [SM] Exception reported: Invalid convar handle 0 (error 4)
L 12/23/2025 - 16:25:46: [SM] Blaming: ÒankrunFixhealth.smx
L 12/23/2025 - 16:25:46: [SM] Call stack trace:
L 12/23/2025 - 16:25:46: [SM]   [0] GetConVarString
L 12/23/2025 - 16:25:46: [SM]   [1] Line 138, C:\Users\Moises\Downloads\Compressed\sourcemod-1.11.0-git6968-windows\addons\sourcemod\scripting\ÒankrunFixhealth.sp::IsTankRunActive
L 12/23/2025 - 16:25:46: [SM]   [2] Line 36, C:\Users\Moises\Downloads\Compressed\sourcemod-1.11.0-git6968-windows\addons\sourcemod\scripting\ÒankrunFixhealth.sp::Timer_PeriodicCheck
L 12/23/2025 - 16:25:46: [SM] Exception reported: Invalid timer handle 7ba00494 (error 3)
L 12/23/2025 - 16:25:46: [SM] Blaming: l4d2_playerjoining_v2.smx
L 12/23/2025 - 16:25:46: [SM] Call stack trace:
L 12/23/2025 - 16:25:46: [SM]   [0] KillTimer
L 12/23/2025 - 16:25:46: [SM]   [1] Line 53, C:\Users\Moises\Downloads\Compressed\sourcemod-1.11.0-git6968-windows\addons\sourcemod\scripting\l4d2_playerjoining_v2.sp::OnClientDisconnect
L 12/23/2025 - 16:25:56: [SM] Exception reported: Invalid convar handle 0 (error 4)
L 12/23/2025 - 16:25:56: [SM] Blaming: ÒankrunFixhealth.smx
L 12/23/2025 - 16:25:56: [SM] Call stack trace:
L 12/23/2025 - 16:25:56: [SM]   [0] GetConVarString
L 12/23/2025 - 16:25:56: [SM]   [1] Line 138, C:\Users\Moises\Downloads\Compressed\sourcemod-1.11.0-git6968-windows\addons\sourcemod\scripting\ÒankrunFixhealth.sp::IsTankRunActive
L 12/23/2025 - 16:25:56: [SM]   [2] Line 36, C:\Users\Moises\Downloads\Compressed\sourcemod-1.11.0-git6968-windows\addons\sourcemod\scripting\ÒankrunFixhealth.sp::Timer_PeriodicCheck
L 12/23/2025 - 16:26:03: [SM] Exception reported: Invalid convar handle 0 (error 4)
L 12/23/2025 - 16:26:03: [SM] Blaming: ÒankrunFixhealth.smx
L 12/23/2025 - 16:26:03: [SM] Call stack trace:
L 12/23/2025 - 16:26:03: [SM]   [0] GetConVarString
L 12/23/2025 - 16:26:03: [SM]   [1] Line 138, C:\Users\Moises\Downloads\Compressed\sourcemod-1.11.0-git6968-windows\addons\sourcemod\scripting\ÒankrunFixhealth.sp::IsTankRunActive
L 12/23/2025 - 16:26:03: [SM]   [2] Line 79, C:\Users\Moises\Downloads\Compressed\sourcemod-1.11.0-git6968-windows\addons\sourcemod\scripting\ÒankrunFixhealth.sp::Event_PlayerDeath
L 12/23/2025 - 16:26:06: [SM] Exception reported: Invalid convar handle 0 (error 4)
L 12/23/2025 - 16:26:06: [SM] Blaming: ÒankrunFixhealth.smx
L 12/23/2025 - 16:26:06: [SM] Call stack trace:
L 12/23/2025 - 16:26:06: [SM]   [0] GetConVarString
L 12/23/2025 - 16:26:06: [SM]   [1] Line 138, C:\Users\Moises\Downloads\Compressed\sourcemod-1.11.0-git6968-windows\addons\sourcemod\scripting\ÒankrunFixhealth.sp::IsTankRunActive
L 12/23/2025 - 16:26:06: [SM]   [2] Line 36, C:\Users\Moises\Downloads\Compressed\sourcemod-1.11.0-git6968-windows\addons\sourcemod\scripting\ÒankrunFixhealth.sp::Timer_PeriodicCheck
L 12/23/2025 - 16:26:07: [SM] Exception reported: Language phrase "Please wait to be revived or rescued" not found (arg 6)
L 12/23/2025 - 16:26:07: [SM] Blaming: l4dmultislots.smx
L 12/23/2025 - 16:26:07: [SM] Call stack trace:
L 12/23/2025 - 16:26:07: [SM]   [0] PrintToChat
L 12/23/2025 - 16:26:07: [SM]   [1] Line 953, d:\Github\Private-Work\L4D2-Êèí‰ª∂\scripting_1.11\l4dmultislots.sp::Timer_SpecCheck
L 12/23/2025 - 16:26:16: [SM] Exception reported: Invalid convar handle 0 (error 4)
L 12/23/2025 - 16:26:16: [SM] Blaming: ÒankrunFixhealth.smx
L 12/23/2025 - 16:26:16: [SM] Call stack trace:
L 12/23/2025 - 16:26:16: [SM]   [0] GetConVarString
L 12/23/2025 - 16:26:16: [SM]   [1] Line 138, C:\Users\Moises\Downloads\Compressed\sourcemod-1.11.0-git6968-windows\addons\sourcemod\scripting\ÒankrunFixhealth.sp::IsTankRunActive
L 12/23/2025 - 16:26:16: [SM]   [2] Line 36, C:\Users\Moises\Downloads\Compressed\sourcemod-1.11.0-git6968-windows\addons\sourcemod\scripting\ÒankrunFixhealth.sp::Timer_PeriodicCheck
L 12/23/2025 - 16:26:26: [SM] Exception reported: Invalid convar handle 0 (error 4)
L 12/23/2025 - 16:26:26: [SM] Blaming: ÒankrunFixhealth.smx
L 12/23/2025 - 16:26:26: [SM] Call stack trace:
L 12/23/2025 - 16:26:26: [SM]   [0] GetConVarString
L 12/23/2025 - 16:26:26: [SM]   [1] Line 138, C:\Users\Moises\Downloads\Compressed\sourcemod-1.11.0-git6968-windows\addons\sourcemod\scripting\ÒankrunFixhealth.sp::IsTankRunActive
L 12/23/2025 - 16:26:26: [SM]   [2] Line 36, C:\Users\Moises\Downloads\Compressed\sourcemod-1.11.0-git6968-windows\addons\sourcemod\scripting\ÒankrunFixhealth.sp::Timer_PeriodicCheck
L 12/23/2025 - 16:26:32: [SM] Exception reported: Language phrase "Please wait to be revived or rescued" not found (arg 6)
L 12/23/2025 - 16:26:32: [SM] Blaming: l4dmultislots.smx
L 12/23/2025 - 16:26:32: [SM] Call stack trace:
L 12/23/2025 - 16:26:32: [SM]   [0] PrintToChat
L 12/23/2025 - 16:26:32: [SM]   [1] Line 953, d:\Github\Private-Work\L4D2-Êèí‰ª∂\scripting_1.11\l4dmultislots.sp::Timer_SpecCheck
L 12/23/2025 - 16:26:36: [SM] Exception reported: Invalid convar handle 0 (error 4)
L 12/23/2025 - 16:26:36: [SM] Blaming: ÒankrunFixhealth.smx
L 12/23/2025 - 16:26:36: [SM] Call stack trace:
L 12/23/2025 - 16:26:36: [SM]   [0] GetConVarString
L 12/23/2025 - 16:26:36: [SM]   [1] Line 138, C:\Users\Moises\Downloads\Compressed\sourcemod-1.11.0-git6968-windows\addons\sourcemod\scripting\ÒankrunFixhealth.sp::IsTankRunActive
L 12/23/2025 - 16:26:36: [SM]   [2] Line 36, C:\Users\Moises\Downloads\Compressed\sourcemod-1.11.0-git6968-windows\addons\sourcemod\scripting\ÒankrunFixhealth.sp::Timer_PeriodicCheck
L 12/23/2025 - 16:26:46: [SM] Exception reported: Invalid convar handle 0 (error 4)
L 12/23/2025 - 16:26:46: [SM] Blaming: ÒankrunFixhealth.smx
L 12/23/2025 - 16:26:46: [SM] Call stack trace:
L 12/23/2025 - 16:26:46: [SM]   [0] GetConVarString
L 12/23/2025 - 16:26:46: [SM]   [1] Line 138, C:\Users\Moises\Downloads\Compressed\sourcemod-1.11.0-git6968-windows\addons\sourcemod\scripting\ÒankrunFixhealth.sp::IsTankRunActive
L 12/23/2025 - 16:26:46: [SM]   [2] Line 36, C:\Users\Moises\Downloads\Compressed\sourcemod-1.11.0-git6968-windows\addons\sourcemod\scripting\ÒankrunFixhealth.sp::Timer_PeriodicCheck
L 12/23/2025 - 16:26:56: [SM] Exception reported: Invalid convar handle 0 (error 4)
L 12/23/2025 - 16:26:56: [SM] Blaming: ÒankrunFixhealth.smx
L 12/23/2025 - 16:26:56: [SM] Call stack trace:
L 12/23/2025 - 16:26:56: [SM]   [0] GetConVarString
L 12/23/2025 - 16:26:56: [SM]   [1] Line 138, C:\Users\Moises\Downloads\Compressed\sourcemod-1.11.0-git6968-windows\addons\sourcemod\scripting\ÒankrunFixhealth.sp::IsTankRunActive
L 12/23/2025 - 16:26:56: [SM]   [2] Line 36, C:\Users\Moises\Downloads\Compressed\sourcemod-1.11.0-git6968-windows\addons\sourcemod\scripting\ÒankrunFixhealth.sp::Timer_PeriodicCheck
L 12/23/2025 - 16:26:56: [SM] Exception reported: Invalid convar handle 0 (error 4)
L 12/23/2025 - 16:26:56: [SM] Blaming: ÒankrunFixhealth.smx
L 12/23/2025 - 16:26:56: [SM] Call stack trace:
L 12/23/2025 - 16:26:56: [SM]   [0] GetConVarString
L 12/23/2025 - 16:26:56: [SM]   [1] Line 138, C:\Users\Moises\Downloads\Compressed\sourcemod-1.11.0-git6968-windows\addons\sourcemod\scripting\ÒankrunFixhealth.sp::IsTankRunActive
L 12/23/2025 - 16:26:56: [SM]   [2] Line 79, C:\Users\Moises\Downloads\Compressed\sourcemod-1.11.0-git6968-windows\addons\sourcemod\scripting\ÒankrunFixhealth.sp::Event_PlayerDeath
L 12/23/2025 - 16:26:57: [SM] Exception reported: Language phrase "Please wait to be revived or rescued" not found (arg 6)
L 12/23/2025 - 16:26:57: [SM] Blaming: l4dmultislots.smx
L 12/23/2025 - 16:26:57: [SM] Call stack trace:
L 12/23/2025 - 16:26:57: [SM]   [0] PrintToChat
L 12/23/2025 - 16:26:57: [SM]   [1] Line 953, d:\Github\Private-Work\L4D2-Êèí‰ª∂\scripting_1.11\l4dmultislots.sp::Timer_SpecCheck
L 12/23/2025 - 16:27:03: [SM] Exception reported: Invalid timer handle 8f100479 (error 3)
L 12/23/2025 - 16:27:03: [SM] Blaming: l4d2_playerjoining_v2.smx
L 12/23/2025 - 16:27:03: [SM] Call stack trace:
L 12/23/2025 - 16:27:03: [SM]   [0] KillTimer
L 12/23/2025 - 16:27:03: [SM]   [1] Line 53, C:\Users\Moises\Downloads\Compressed\sourcemod-1.11.0-git6968-windows\addons\sourcemod\scripting\l4d2_playerjoining_v2.sp::OnClientDisconnect
L 12/23/2025 - 16:27:06: [SM] Exception reported: Invalid convar handle 0 (error 4)
L 12/23/2025 - 16:27:06: [SM] Blaming: ÒankrunFixhealth.smx
L 12/23/2025 - 16:27:06: [SM] Call stack trace:
L 12/23/2025 - 16:27:06: [SM]   [0] GetConVarString
L 12/23/2025 - 16:27:06: [SM]   [1] Line 138, C:\Users\Moises\Downloads\Compressed\sourcemod-1.11.0-git6968-windows\addons\sourcemod\scripting\ÒankrunFixhealth.sp::IsTankRunActive
L 12/23/2025 - 16:27:06: [SM]   [2] Line 36, C:\Users\Moises\Downloads\Compressed\sourcemod-1.11.0-git6968-windows\addons\sourcemod\scripting\ÒankrunFixhealth.sp::Timer_PeriodicCheck
L 12/23/2025 - 16:27:16: [SM] Exception reported: Invalid convar handle 0 (error 4)
L 12/23/2025 - 16:27:16: [SM] Blaming: ÒankrunFixhealth.smx
L 12/23/2025 - 16:27:16: [SM] Call stack trace:
L 12/23/2025 - 16:27:16: [SM]   [0] GetConVarString
L 12/23/2025 - 16:27:16: [SM]   [1] Line 138, C:\Users\Moises\Downloads\Compressed\sourcemod-1.11.0-git6968-windows\addons\sourcemod\scripting\ÒankrunFixhealth.sp::IsTankRunActive
L 12/23/2025 - 16:27:16: [SM]   [2] Line 36, C:\Users\Moises\Downloads\Compressed\sourcemod-1.11.0-git6968-windows\addons\sourcemod\scripting\ÒankrunFixhealth.sp::Timer_PeriodicCheck
L 12/23/2025 - 16:27:22: [SM] Exception reported: Language phrase "Please wait to be revived or rescued" not found (arg 6)
L 12/23/2025 - 16:27:22: [SM] Blaming: l4dmultislots.smx
L 12/23/2025 - 16:27:22: [SM] Call stack trace:
L 12/23/2025 - 16:27:22: [SM]   [0] PrintToChat
L 12/23/2025 - 16:27:22: [SM]   [1] Line 953, d:\Github\Private-Work\L4D2-Êèí‰ª∂\scripting_1.11\l4dmultislots.sp::Timer_SpecCheck
L 12/23/2025 - 16:27:26: [SM] Exception reported: Invalid convar handle 0 (error 4)
L 12/23/2025 - 16:27:26: [SM] Blaming: ÒankrunFixhealth.smx
L 12/23/2025 - 16:27:26: [SM] Call stack trace:
L 12/23/2025 - 16:27:26: [SM]   [0] GetConVarString
L 12/23/2025 - 16:27:26: [SM]   [1] Line 138, C:\Users\Moises\Downloads\Compressed\sourcemod-1.11.0-git6968-windows\addons\sourcemod\scripting\ÒankrunFixhealth.sp::IsTankRunActive
L 12/23/2025 - 16:27:26: [SM]   [2] Line 36, C:\Users\Moises\Downloads\Compressed\sourcemod-1.11.0-git6968-windows\addons\sourcemod\scripting\ÒankrunFixhealth.sp::Timer_PeriodicCheck
L 12/23/2025 - 16:27:36: [SM] Exception reported: Invalid convar handle 0 (error 4)
L 12/23/2025 - 16:27:36: [SM] Blaming: ÒankrunFixhealth.smx
L 12/23/2025 - 16:27:36: [SM] Call stack trace:
L 12/23/2025 - 16:27:36: [SM]   [0] GetConVarString
L 12/23/2025 - 16:27:36: [SM]   [1] Line 138, C:\Users\Moises\Downloads\Compressed\sourcemod-1.11.0-git6968-windows\addons\sourcemod\scripting\ÒankrunFixhealth.sp::IsTankRunActive
L 12/23/2025 - 16:27:36: [SM]   [2] Line 36, C:\Users\Moises\Downloads\Compressed\sourcemod-1.11.0-git6968-windows\addons\sourcemod\scripting\ÒankrunFixhealth.sp::Timer_PeriodicCheck
L 12/23/2025 - 16:27:46: [SM] Exception reported: Invalid convar handle 0 (error 4)
L 12/23/2025 - 16:27:46: [SM] Blaming: ÒankrunFixhealth.smx
L 12/23/2025 - 16:27:46: [SM] Call stack trace:
L 12/23/2025 - 16:27:46: [SM]   [0] GetConVarString
L 12/23/2025 - 16:27:46: [SM]   [1] Line 138, C:\Users\Moises\Downloads\Compressed\sourcemod-1.11.0-git6968-windows\addons\sourcemod\scripting\ÒankrunFixhealth.sp::IsTankRunActive
L 12/23/2025 - 16:27:46: [SM]   [2] Line 36, C:\Users\Moises\Downloads\Compressed\sourcemod-1.11.0-git6968-windows\addons\sourcemod\scripting\ÒankrunFixhealth.sp::Timer_PeriodicCheck
L 12/23/2025 - 16:27:47: [SM] Exception reported: Language phrase "Please wait to be revived or rescued" not found (arg 6)
L 12/23/2025 - 16:27:47: [SM] Blaming: l4dmultislots.smx
L 12/23/2025 - 16:27:47: [SM] Call stack trace:
L 12/23/2025 - 16:27:47: [SM]   [0] PrintToChat
L 12/23/2025 - 16:27:47: [SM]   [1] Line 953, d:\Github\Private-Work\L4D2-Êèí‰ª∂\scripting_1.11\l4dmultislots.sp::Timer_SpecCheck
L 12/23/2025 - 16:27:56: [SM] Exception reported: Invalid convar handle 0 (error 4)
L 12/23/2025 - 16:27:56: [SM] Blaming: ÒankrunFixhealth.smx
L 12/23/2025 - 16:27:56: [SM] Call stack trace:
L 12/23/2025 - 16:27:56: [SM]   [0] GetConVarString
L 12/23/2025 - 16:27:56: [SM]   [1] Line 138, C:\Users\Moises\Downloads\Compressed\sourcemod-1.11.0-git6968-windows\addons\sourcemod\scripting\ÒankrunFixhealth.sp::IsTankRunActive
L 12/23/2025 - 16:27:56: [SM]   [2] Line 36, C:\Users\Moises\Downloads\Compressed\sourcemod-1.11.0-git6968-windows\addons\sourcemod\scripting\ÒankrunFixhealth.sp::Timer_PeriodicCheck
L 12/23/2025 - 16:28:06: [SM] Exception reported: Invalid convar handle 0 (error 4)
L 12/23/2025 - 16:28:06: [SM] Blaming: ÒankrunFixhealth.smx
L 12/23/2025 - 16:28:06: [SM] Call stack trace:
L 12/23/2025 - 16:28:06: [SM]   [0] GetConVarString
L 12/23/2025 - 16:28:06: [SM]   [1] Line 138, C:\Users\Moises\Downloads\Compressed\sourcemod-1.11.0-git6968-windows\addons\sourcemod\scripting\ÒankrunFixhealth.sp::IsTankRunActive
L 12/23/2025 - 16:28:06: [SM]   [2] Line 36, C:\Users\Moises\Downloads\Compressed\sourcemod-1.11.0-git6968-windows\addons\sourcemod\scripting\ÒankrunFixhealth.sp::Timer_PeriodicCheck
L 12/23/2025 - 16:28:08: [SM] Exception reported: Invalid convar handle 0 (error 4)
L 12/23/2025 - 16:28:08: [SM] Blaming: ÒankrunFixhealth.smx
L 12/23/2025 - 16:28:08: [SM] Call stack trace:
L 12/23/2025 - 16:28:08: [SM]   [0] GetConVarString
L 12/23/2025 - 16:28:08: [SM]   [1] Line 138, C:\Users\Moises\Downloads\Compressed\sourcemod-1.11.0-git6968-windows\addons\sourcemod\scripting\ÒankrunFixhealth.sp::IsTankRunActive
L 12/23/2025 - 16:28:08: [SM]   [2] Line 79, C:\Users\Moises\Downloads\Compressed\sourcemod-1.11.0-git6968-windows\addons\sourcemod\scripting\ÒankrunFixhealth.sp::Event_PlayerDeath
L 12/23/2025 - 16:28:09: [SM] Exception reported: Invalid convar handle 0 (error 4)
L 12/23/2025 - 16:28:09: [SM] Blaming: ÒankrunFixhealth.smx
L 12/23/2025 - 16:28:09: [SM] Call stack trace:
L 12/23/2025 - 16:28:09: [SM]   [0] GetConVarString
L 12/23/2025 - 16:28:09: [SM]   [1] Line 138, C:\Users\Moises\Downloads\Compressed\sourcemod-1.11.0-git6968-windows\addons\sourcemod\scripting\ÒankrunFixhealth.sp::IsTankRunActive
L 12/23/2025 - 16:28:09: [SM]   [2] Line 79, C:\Users\Moises\Downloads\Compressed\sourcemod-1.11.0-git6968-windows\addons\sourcemod\scripting\ÒankrunFixhealth.sp::Event_PlayerDeath
L 12/23/2025 - 16:28:09: [SM]   [4] ForcePlayerSuicide
L 12/23/2025 - 16:28:09: [SM]   [5] Line 37, D:\builds\build-sourcemod-msvc12\windows-1.12\build\plugins\playercommands\slay.sp::PerformSlay
L 12/23/2025 - 16:28:09: [SM]   [6] Line 108, D:\builds\build-sourcemod-msvc12\windows-1.12\build\plugins\playercommands\slay.sp::MenuHandler_Slay
L 12/23/2025 - 16:28:09: [SM] Exception reported: Invalid convar handle 0 (error 4)
L 12/23/2025 - 16:28:09: [SM] Blaming: ÒankrunFixhealth.smx
L 12/23/2025 - 16:28:09: [SM] Call stack trace:
L 12/23/2025 - 16:28:09: [SM]   [0] GetConVarString
L 12/23/2025 - 16:28:09: [SM]   [1] Line 138, C:\Users\Moises\Downloads\Compressed\sourcemod-1.11.0-git6968-windows\addons\sourcemod\scripting\ÒankrunFixhealth.sp::IsTankRunActive
L 12/23/2025 - 16:28:09: [SM]   [2] Line 79, C:\Users\Moises\Downloads\Compressed\sourcemod-1.11.0-git6968-windows\addons\sourcemod\scripting\ÒankrunFixhealth.sp::Event_PlayerDeath
L 12/23/2025 - 16:28:09: [SM]   [4] ForcePlayerSuicide
L 12/23/2025 - 16:28:09: [SM]   [5] Line 37, D:\builds\build-sourcemod-msvc12\windows-1.12\build\plugins\playercommands\slay.sp::PerformSlay
L 12/23/2025 - 16:28:09: [SM]   [6] Line 108, D:\builds\build-sourcemod-msvc12\windows-1.12\build\plugins\playercommands\slay.sp::MenuHandler_Slay
L 12/23/2025 - 16:28:09: [SM] Exception reported: Invalid convar handle 0 (error 4)
L 12/23/2025 - 16:28:09: [SM] Blaming: ÒankrunFixhealth.smx
L 12/23/2025 - 16:28:09: [SM] Call stack trace:
L 12/23/2025 - 16:28:09: [SM]   [0] GetConVarString
L 12/23/2025 - 16:28:09: [SM]   [1] Line 138, C:\Users\Moises\Downloads\Compressed\sourcemod-1.11.0-git6968-windows\addons\sourcemod\scripting\ÒankrunFixhealth.sp::IsTankRunActive
L 12/23/2025 - 16:28:09: [SM]   [2] Line 79, C:\Users\Moises\Downloads\Compressed\sourcemod-1.11.0-git6968-windows\addons\sourcemod\scripting\ÒankrunFixhealth.sp::Event_PlayerDeath
L 12/23/2025 - 16:28:09: [SM]   [4] ForcePlayerSuicide
L 12/23/2025 - 16:28:09: [SM]   [5] Line 37, D:\builds\build-sourcemod-msvc12\windows-1.12\build\plugins\playercommands\slay.sp::PerformSlay
L 12/23/2025 - 16:28:09: [SM]   [6] Line 108, D:\builds\build-sourcemod-msvc12\windows-1.12\build\plugins\playercommands\slay.sp::MenuHandler_Slay
L 12/23/2025 - 16:28:09: [SM] Exception reported: Invalid convar handle 0 (error 4)
L 12/23/2025 - 16:28:09: [SM] Blaming: ÒankrunFixhealth.smx
L 12/23/2025 - 16:28:09: [SM] Call stack trace:
L 12/23/2025 - 16:28:09: [SM]   [0] GetConVarString
L 12/23/2025 - 16:28:09: [SM]   [1] Line 138, C:\Users\Moises\Downloads\Compressed\sourcemod-1.11.0-git6968-windows\addons\sourcemod\scripting\ÒankrunFixhealth.sp::IsTankRunActive
L 12/23/2025 - 16:28:09: [SM]   [2] Line 79, C:\Users\Moises\Downloads\Compressed\sourcemod-1.11.0-git6968-windows\addons\sourcemod\scripting\ÒankrunFixhealth.sp::Event_PlayerDeath
L 12/23/2025 - 16:28:09: [SM]   [4] ForcePlayerSuicide
L 12/23/2025 - 16:28:09: [SM]   [5] Line 37, D:\builds\build-sourcemod-msvc12\windows-1.12\build\plugins\playercommands\slay.sp::PerformSlay
L 12/23/2025 - 16:28:09: [SM]   [6] Line 108, D:\builds\build-sourcemod-msvc12\windows-1.12\build\plugins\playercommands\slay.sp::MenuHandler_Slay
L 12/23/2025 - 16:28:10: [SM] Exception reported: Invalid convar handle 0 (error 4)
L 12/23/2025 - 16:28:10: [SM] Blaming: ÒankrunFixhealth.smx
L 12/23/2025 - 16:28:10: [SM] Call stack trace:
L 12/23/2025 - 16:28:10: [SM]   [0] GetConVarString
L 12/23/2025 - 16:28:10: [SM]   [1] Line 138, C:\Users\Moises\Downloads\Compressed\sourcemod-1.11.0-git6968-windows\addons\sourcemod\scripting\ÒankrunFixhealth.sp::IsTankRunActive
L 12/23/2025 - 16:28:10: [SM]   [2] Line 79, C:\Users\Moises\Downloads\Compressed\sourcemod-1.11.0-git6968-windows\addons\sourcemod\scripting\ÒankrunFixhealth.sp::Event_PlayerDeath
L 12/23/2025 - 16:28:10: [SM]   [4] ForcePlayerSuicide
L 12/23/2025 - 16:28:10: [SM]   [5] Line 37, D:\builds\build-sourcemod-msvc12\windows-1.12\build\plugins\playercommands\slay.sp::PerformSlay
L 12/23/2025 - 16:28:10: [SM]   [6] Line 108, D:\builds\build-sourcemod-msvc12\windows-1.12\build\plugins\playercommands\slay.sp::MenuHandler_Slay
L 12/23/2025 - 16:28:10: [SM] Exception reported: Invalid convar handle 0 (error 4)
L 12/23/2025 - 16:28:10: [SM] Blaming: ÒankrunFixhealth.smx
L 12/23/2025 - 16:28:10: [SM] Call stack trace:
L 12/23/2025 - 16:28:10: [SM]   [0] GetConVarString
L 12/23/2025 - 16:28:10: [SM]   [1] Line 138, C:\Users\Moises\Downloads\Compressed\sourcemod-1.11.0-git6968-windows\addons\sourcemod\scripting\ÒankrunFixhealth.sp::IsTankRunActive
L 12/23/2025 - 16:28:10: [SM]   [2] Line 79, C:\Users\Moises\Downloads\Compressed\sourcemod-1.11.0-git6968-windows\addons\sourcemod\scripting\ÒankrunFixhealth.sp::Event_PlayerDeath
L 12/23/2025 - 16:28:10: [SM]   [4] ForcePlayerSuicide
L 12/23/2025 - 16:28:10: [SM]   [5] Line 37, D:\builds\build-sourcemod-msvc12\windows-1.12\build\plugins\playercommands\slay.sp::PerformSlay
L 12/23/2025 - 16:28:10: [SM]   [6] Line 108, D:\builds\build-sourcemod-msvc12\windows-1.12\build\plugins\playercommands\slay.sp::MenuHandler_Slay
L 12/23/2025 - 16:28:10: [SM] Exception reported: Invalid convar handle 0 (error 4)
L 12/23/2025 - 16:28:10: [SM] Blaming: ÒankrunFixhealth.smx
L 12/23/2025 - 16:28:10: [SM] Call stack trace:
L 12/23/2025 - 16:28:10: [SM]   [0] GetConVarString
L 12/23/2025 - 16:28:10: [SM]   [1] Line 138, C:\Users\Moises\Downloads\Compressed\sourcemod-1.11.0-git6968-windows\addons\sourcemod\scripting\ÒankrunFixhealth.sp::IsTankRunActive
L 12/23/2025 - 16:28:10: [SM]   [2] Line 79, C:\Users\Moises\Downloads\Compressed\sourcemod-1.11.0-git6968-windows\addons\sourcemod\scripting\ÒankrunFixhealth.sp::Event_PlayerDeath
L 12/23/2025 - 16:28:10: [SM]   [4] ForcePlayerSuicide
L 12/23/2025 - 16:28:10: [SM]   [5] Line 37, D:\builds\build-sourcemod-msvc12\windows-1.12\build\plugins\playercommands\slay.sp::PerformSlay
L 12/23/2025 - 16:28:10: [SM]   [6] Line 108, D:\builds\build-sourcemod-msvc12\windows-1.12\build\plugins\playercommands\slay.sp::MenuHandler_Slay
L 12/23/2025 - 16:28:11: [SM] Exception reported: Invalid convar handle 0 (error 4)
L 12/23/2025 - 16:28:11: [SM] Blaming: ÒankrunFixhealth.smx
L 12/23/2025 - 16:28:11: [SM] Call stack trace:
L 12/23/2025 - 16:28:11: [SM]   [0] GetConVarString
L 12/23/2025 - 16:28:11: [SM]   [1] Line 138, C:\Users\Moises\Downloads\Compressed\sourcemod-1.11.0-git6968-windows\addons\sourcemod\scripting\ÒankrunFixhealth.sp::IsTankRunActive
L 12/23/2025 - 16:28:11: [SM]   [2] Line 79, C:\Users\Moises\Downloads\Compressed\sourcemod-1.11.0-git6968-windows\addons\sourcemod\scripting\ÒankrunFixhealth.sp::Event_PlayerDeath
L 12/23/2025 - 16:28:11: [SM]   [4] ForcePlayerSuicide
L 12/23/2025 - 16:28:11: [SM]   [5] Line 37, D:\builds\build-sourcemod-msvc12\windows-1.12\build\plugins\playercommands\slay.sp::PerformSlay
L 12/23/2025 - 16:28:11: [SM]   [6] Line 108, D:\builds\build-sourcemod-msvc12\windows-1.12\build\plugins\playercommands\slay.sp::MenuHandler_Slay
L 12/23/2025 - 16:28:11: [SM] Exception reported: Invalid convar handle 0 (error 4)
L 12/23/2025 - 16:28:11: [SM] Blaming: ÒankrunFixhealth.smx
L 12/23/2025 - 16:28:11: [SM] Call stack trace:
L 12/23/2025 - 16:28:11: [SM]   [0] GetConVarString
L 12/23/2025 - 16:28:11: [SM]   [1] Line 138, C:\Users\Moises\Downloads\Compressed\sourcemod-1.11.0-git6968-windows\addons\sourcemod\scripting\ÒankrunFixhealth.sp::IsTankRunActive
L 12/23/2025 - 16:28:11: [SM]   [2] Line 79, C:\Users\Moises\Downloads\Compressed\sourcemod-1.11.0-git6968-windows\addons\sourcemod\scripting\ÒankrunFixhealth.sp::Event_PlayerDeath
L 12/23/2025 - 16:28:11: [SM]   [4] ForcePlayerSuicide
L 12/23/2025 - 16:28:11: [SM]   [5] Line 37, D:\builds\build-sourcemod-msvc12\windows-1.12\build\plugins\playercommands\slay.sp::PerformSlay
L 12/23/2025 - 16:28:11: [SM]   [6] Line 108, D:\builds\build-sourcemod-msvc12\windows-1.12\build\plugins\playercommands\slay.sp::MenuHandler_Slay
L 12/23/2025 - 16:28:11: [SM] Exception reported: Invalid convar handle 0 (error 4)
L 12/23/2025 - 16:28:11: [SM] Blaming: ÒankrunFixhealth.smx
L 12/23/2025 - 16:28:11: [SM] Call stack trace:
L 12/23/2025 - 16:28:11: [SM]   [0] GetConVarString
L 12/23/2025 - 16:28:11: [SM]   [1] Line 138, C:\Users\Moises\Downloads\Compressed\sourcemod-1.11.0-git6968-windows\addons\sourcemod\scripting\ÒankrunFixhealth.sp::IsTankRunActive
L 12/23/2025 - 16:28:11: [SM]   [2] Line 79, C:\Users\Moises\Downloads\Compressed\sourcemod-1.11.0-git6968-windows\addons\sourcemod\scripting\ÒankrunFixhealth.sp::Event_PlayerDeath
L 12/23/2025 - 16:28:11: [SM]   [4] ForcePlayerSuicide
L 12/23/2025 - 16:28:11: [SM]   [5] Line 37, D:\builds\build-sourcemod-msvc12\windows-1.12\build\plugins\playercommands\slay.sp::PerformSlay
L 12/23/2025 - 16:28:11: [SM]   [6] Line 108, D:\builds\build-sourcemod-msvc12\windows-1.12\build\plugins\playercommands\slay.sp::MenuHandler_Slay
L 12/23/2025 - 16:28:12: [SM] Exception reported: Invalid convar handle 0 (error 4)
L 12/23/2025 - 16:28:12: [SM] Blaming: ÒankrunFixhealth.smx
L 12/23/2025 - 16:28:12: [SM] Call stack trace:
L 12/23/2025 - 16:28:12: [SM]   [0] GetConVarString
L 12/23/2025 - 16:28:12: [SM]   [1] Line 138, C:\Users\Moises\Downloads\Compressed\sourcemod-1.11.0-git6968-windows\addons\sourcemod\scripting\ÒankrunFixhealth.sp::IsTankRunActive
L 12/23/2025 - 16:28:12: [SM]   [2] Line 79, C:\Users\Moises\Downloads\Compressed\sourcemod-1.11.0-git6968-windows\addons\sourcemod\scripting\ÒankrunFixhealth.sp::Event_PlayerDeath
L 12/23/2025 - 16:28:12: [SM]   [4] ForcePlayerSuicide
L 12/23/2025 - 16:28:12: [SM]   [5] Line 37, D:\builds\build-sourcemod-msvc12\windows-1.12\build\plugins\playercommands\slay.sp::PerformSlay
L 12/23/2025 - 16:28:12: [SM]   [6] Line 108, D:\builds\build-sourcemod-msvc12\windows-1.12\build\plugins\playercommands\slay.sp::MenuHandler_Slay
L 12/23/2025 - 16:28:12: [SM] Exception reported: Invalid convar handle 0 (error 4)
L 12/23/2025 - 16:28:12: [SM] Blaming: ÒankrunFixhealth.smx
L 12/23/2025 - 16:28:12: [SM] Call stack trace:
L 12/23/2025 - 16:28:12: [SM]   [0] GetConVarString
L 12/23/2025 - 16:28:12: [SM]   [1] Line 138, C:\Users\Moises\Downloads\Compressed\sourcemod-1.11.0-git6968-windows\addons\sourcemod\scripting\ÒankrunFixhealth.sp::IsTankRunActive
L 12/23/2025 - 16:28:12: [SM]   [2] Line 79, C:\Users\Moises\Downloads\Compressed\sourcemod-1.11.0-git6968-windows\addons\sourcemod\scripting\ÒankrunFixhealth.sp::Event_PlayerDeath
L 12/23/2025 - 16:28:12: [SM]   [4] ForcePlayerSuicide
L 12/23/2025 - 16:28:12: [SM]   [5] Line 37, D:\builds\build-sourcemod-msvc12\windows-1.12\build\plugins\playercommands\slay.sp::PerformSlay
L 12/23/2025 - 16:28:12: [SM]   [6] Line 108, D:\builds\build-sourcemod-msvc12\windows-1.12\build\plugins\playercommands\slay.sp::MenuHandler_Slay
L 12/23/2025 - 16:28:12: [SM] Exception reported: Invalid convar handle 0 (error 4)
L 12/23/2025 - 16:28:12: [SM] Blaming: ÒankrunFixhealth.smx
L 12/23/2025 - 16:28:12: [SM] Call stack trace:
L 12/23/2025 - 16:28:12: [SM]   [0] GetConVarString
L 12/23/2025 - 16:28:12: [SM]   [1] Line 138, C:\Users\Moises\Downloads\Compressed\sourcemod-1.11.0-git6968-windows\addons\sourcemod\scripting\ÒankrunFixhealth.sp::IsTankRunActive
L 12/23/2025 - 16:28:12: [SM]   [2] Line 91, C:\Users\Moises\Downloads\Compressed\sourcemod-1.11.0-git6968-windows\addons\sourcemod\scripting\ÒankrunFixhealth.sp::Event_MissionLost
L 12/23/2025 - 16:28:15: [SM] Exception reported: Invalid timer handle 7ba00494 (error 3)
L 12/23/2025 - 16:28:15: [SM] Blaming: l4d2_playerjoining_v2.smx
L 12/23/2025 - 16:28:15: [SM] Call stack trace:
L 12/23/2025 - 16:28:15: [SM]   [0] KillTimer
L 12/23/2025 - 16:28:15: [SM]   [1] Line 53, C:\Users\Moises\Downloads\Compressed\sourcemod-1.11.0-git6968-windows\addons\sourcemod\scripting\l4d2_playerjoining_v2.sp::OnClientDisconnect
L 12/23/2025 - 16:28:16: [SM] Exception reported: Invalid convar handle 0 (error 4)
L 12/23/2025 - 16:28:16: [SM] Blaming: ÒankrunFixhealth.smx
L 12/23/2025 - 16:28:16: [SM] Call stack trace:
L 12/23/2025 - 16:28:16: [SM]   [0] GetConVarString
L 12/23/2025 - 16:28:16: [SM]   [1] Line 138, C:\Users\Moises\Downloads\Compressed\sourcemod-1.11.0-git6968-windows\addons\sourcemod\scripting\ÒankrunFixhealth.sp::IsTankRunActive
L 12/23/2025 - 16:28:16: [SM]   [2] Line 36, C:\Users\Moises\Downloads\Compressed\sourcemod-1.11.0-git6968-windows\addons\sourcemod\scripting\ÒankrunFixhealth.sp::Timer_PeriodicCheck
L 12/23/2025 - 16:28:16: [SM] Exception reported: Invalid timer handle c800044b (error 1)
L 12/23/2025 - 16:28:16: [SM] Blaming: l4d2_playerjoining_v2.smx
L 12/23/2025 - 16:28:16: [SM] Call stack trace:
L 12/23/2025 - 16:28:16: [SM]   [0] KillTimer
L 12/23/2025 - 16:28:16: [SM]   [1] Line 53, C:\Users\Moises\Downloads\Compressed\sourcemod-1.11.0-git6968-windows\addons\sourcemod\scripting\l4d2_playerjoining_v2.sp::OnClientDisconnect
L 12/23/2025 - 16:28:17: [SM] Exception reported: Invalid timer handle 8f100479 (error 3)
L 12/23/2025 - 16:28:17: [SM] Blaming: l4d2_playerjoining_v2.smx
L 12/23/2025 - 16:28:17: [SM] Call stack trace:
L 12/23/2025 - 16:28:17: [SM]   [0] KillTimer
L 12/23/2025 - 16:28:17: [SM]   [1] Line 53, C:\Users\Moises\Downloads\Compressed\sourcemod-1.11.0-git6968-windows\addons\sourcemod\scripting\l4d2_playerjoining_v2.sp::OnClientDisconnect
L 12/23/2025 - 16:28:19: [SM] Exception reported: Invalid timer handle a7700479 (error 3)
L 12/23/2025 - 16:28:19: [SM] Blaming: l4d2_playerjoining_v2.smx
L 12/23/2025 - 16:28:19: [SM] Call stack trace:
L 12/23/2025 - 16:28:19: [SM]   [0] KillTimer
L 12/23/2025 - 16:28:19: [SM]   [1] Line 53, C:\Users\Moises\Downloads\Compressed\sourcemod-1.11.0-git6968-windows\addons\sourcemod\scripting\l4d2_playerjoining_v2.sp::OnClientDisconnect
L 12/23/2025 - 16:28:19: [SM] Exception reported: Invalid convar handle 0 (error 4)
L 12/23/2025 - 16:28:19: [SM] Blaming: ÒankrunFixhealth.smx
L 12/23/2025 - 16:28:19: [SM] Call stack trace:
L 12/23/2025 - 16:28:19: [SM]   [0] GetConVarString
L 12/23/2025 - 16:28:19: [SM]   [1] Line 138, C:\Users\Moises\Downloads\Compressed\sourcemod-1.11.0-git6968-windows\addons\sourcemod\scripting\ÒankrunFixhealth.sp::IsTankRunActive
L 12/23/2025 - 16:28:19: [SM]   [2] Line 54, C:\Users\Moises\Downloads\Compressed\sourcemod-1.11.0-git6968-windows\addons\sourcemod\scripting\ÒankrunFixhealth.sp::Event_RoundStart
L 12/23/2025 - 16:28:26: [SM] Exception reported: Invalid convar handle 0 (error 4)
L 12/23/2025 - 16:28:26: [SM] Blaming: ÒankrunFixhealth.smx
L 12/23/2025 - 16:28:26: [SM] Call stack trace:
L 12/23/2025 - 16:28:26: [SM]   [0] GetConVarString
L 12/23/2025 - 16:28:26: [SM]   [1] Line 138, C:\Users\Moises\Downloads\Compressed\sourcemod-1.11.0-git6968-windows\addons\sourcemod\scripting\ÒankrunFixhealth.sp::IsTankRunActive
L 12/23/2025 - 16:28:26: [SM]   [2] Line 36, C:\Users\Moises\Downloads\Compressed\sourcemod-1.11.0-git6968-windows\addons\sourcemod\scripting\ÒankrunFixhealth.sp::Timer_PeriodicCheck
L 12/23/2025 - 16:28:36: [SM] Exception reported: Invalid convar handle 0 (error 4)
L 12/23/2025 - 16:28:36: [SM] Blaming: ÒankrunFixhealth.smx
L 12/23/2025 - 16:28:36: [SM] Call stack trace:
L 12/23/2025 - 16:28:36: [SM]   [0] GetConVarString
L 12/23/2025 - 16:28:36: [SM]   [1] Line 138, C:\Users\Moises\Downloads\Compressed\sourcemod-1.11.0-git6968-windows\addons\sourcemod\scripting\ÒankrunFixhealth.sp::IsTankRunActive
L 12/23/2025 - 16:28:36: [SM]   [2] Line 36, C:\Users\Moises\Downloads\Compressed\sourcemod-1.11.0-git6968-windows\addons\sourcemod\scripting\ÒankrunFixhealth.sp::Timer_PeriodicCheck
L 12/23/2025 - 16:28:46: [SM] Exception reported: Invalid convar handle 0 (error 4)
L 12/23/2025 - 16:28:46: [SM] Blaming: ÒankrunFixhealth.smx
L 12/23/2025 - 16:28:46: [SM] Call stack trace:
L 12/23/2025 - 16:28:46: [SM]   [0] GetConVarString
L 12/23/2025 - 16:28:46: [SM]   [1] Line 138, C:\Users\Moises\Downloads\Compressed\sourcemod-1.11.0-git6968-windows\addons\sourcemod\scripting\ÒankrunFixhealth.sp::IsTankRunActive
L 12/23/2025 - 16:28:46: [SM]   [2] Line 36, C:\Users\Moises\Downloads\Compressed\sourcemod-1.11.0-git6968-windows\addons\sourcemod\scripting\ÒankrunFixhealth.sp::Timer_PeriodicCheck
L 12/23/2025 - 16:28:46: [SM] Exception reported: Invalid timer handle 7ba00494 (error 3)
L 12/23/2025 - 16:28:46: [SM] Blaming: l4d2_playerjoining_v2.smx
L 12/23/2025 - 16:28:46: [SM] Call stack trace:
L 12/23/2025 - 16:28:46: [SM]   [0] KillTimer
L 12/23/2025 - 16:28:46: [SM]   [1] Line 53, C:\Users\Moises\Downloads\Compressed\sourcemod-1.11.0-git6968-windows\addons\sourcemod\scripting\l4d2_playerjoining_v2.sp::OnClientDisconnect
L 12/23/2025 - 16:28:56: [SM] Exception reported: Invalid convar handle 0 (error 4)
L 12/23/2025 - 16:28:56: [SM] Blaming: ÒankrunFixhealth.smx
L 12/23/2025 - 16:28:56: [SM] Call stack trace:
L 12/23/2025 - 16:28:56: [SM]   [0] GetConVarString
L 12/23/2025 - 16:28:56: [SM]   [1] Line 138, C:\Users\Moises\Downloads\Compressed\sourcemod-1.11.0-git6968-windows\addons\sourcemod\scripting\ÒankrunFixhealth.sp::IsTankRunActive
L 12/23/2025 - 16:28:56: [SM]   [2] Line 36, C:\Users\Moises\Downloads\Compressed\sourcemod-1.11.0-git6968-windows\addons\sourcemod\scripting\ÒankrunFixhealth.sp::Timer_PeriodicCheck
L 12/23/2025 - 16:29:06: [SM] Exception reported: Invalid convar handle 0 (error 4)
L 12/23/2025 - 16:29:06: [SM] Blaming: ÒankrunFixhealth.smx
L 12/23/2025 - 16:29:06: [SM] Call stack trace:
L 12/23/2025 - 16:29:06: [SM]   [0] GetConVarString
L 12/23/2025 - 16:29:06: [SM]   [1] Line 138, C:\Users\Moises\Downloads\Compressed\sourcemod-1.11.0-git6968-windows\addons\sourcemod\scripting\ÒankrunFixhealth.sp::IsTankRunActive
L 12/23/2025 - 16:29:06: [SM]   [2] Line 36, C:\Users\Moises\Downloads\Compressed\sourcemod-1.11.0-git6968-windows\addons\sourcemod\scripting\ÒankrunFixhealth.sp::Timer_PeriodicCheck
L 12/23/2025 - 16:29:16: [SM] Exception reported: Invalid convar handle 0 (error 4)
L 12/23/2025 - 16:29:16: [SM] Blaming: ÒankrunFixhealth.smx
L 12/23/2025 - 16:29:16: [SM] Call stack trace:
L 12/23/2025 - 16:29:16: [SM]   [0] GetConVarString
L 12/23/2025 - 16:29:16: [SM]   [1] Line 138, C:\Users\Moises\Downloads\Compressed\sourcemod-1.11.0-git6968-windows\addons\sourcemod\scripting\ÒankrunFixhealth.sp::IsTankRunActive
L 12/23/2025 - 16:29:16: [SM]   [2] Line 36, C:\Users\Moises\Downloads\Compressed\sourcemod-1.11.0-git6968-windows\addons\sourcemod\scripting\ÒankrunFixhealth.sp::Timer_PeriodicCheck
L 12/23/2025 - 16:29:26: [SM] Exception reported: Invalid convar handle 0 (error 4)
L 12/23/2025 - 16:29:26: [SM] Blaming: ÒankrunFixhealth.smx
L 12/23/2025 - 16:29:26: [SM] Call stack trace:
L 12/23/2025 - 16:29:26: [SM]   [0] GetConVarString
L 12/23/2025 - 16:29:26: [SM]   [1] Line 138, C:\Users\Moises\Downloads\Compressed\sourcemod-1.11.0-git6968-windows\addons\sourcemod\scripting\ÒankrunFixhealth.sp::IsTankRunActive
L 12/23/2025 - 16:29:26: [SM]   [2] Line 36, C:\Users\Moises\Downloads\Compressed\sourcemod-1.11.0-git6968-windows\addons\sourcemod\scripting\ÒankrunFixhealth.sp::Timer_PeriodicCheck
L 12/23/2025 - 16:29:36: [SM] Exception reported: Invalid convar handle 0 (error 4)
L 12/23/2025 - 16:29:36: [SM] Blaming: ÒankrunFixhealth.smx
L 12/23/2025 - 16:29:36: [SM] Call stack trace:
L 12/23/2025 - 16:29:36: [SM]   [0] GetConVarString
L 12/23/2025 - 16:29:36: [SM]   [1] Line 138, C:\Users\Moises\Downloads\Compressed\sourcemod-1.11.0-git6968-windows\addons\sourcemod\scripting\ÒankrunFixhealth.sp::IsTankRunActive
L 12/23/2025 - 16:29:36: [SM]   [2] Line 36, C:\Users\Moises\Downloads\Compressed\sourcemod-1.11.0-git6968-windows\addons\sourcemod\scripting\ÒankrunFixhealth.sp::Timer_PeriodicCheck
L 12/23/2025 - 16:29:46: [SM] Exception reported: Invalid convar handle 0 (error 4)
L 12/23/2025 - 16:29:46: [SM] Blaming: ÒankrunFixhealth.smx
L 12/23/2025 - 16:29:46: [SM] Call stack trace:
L 12/23/2025 - 16:29:46: [SM]   [0] GetConVarString
L 12/23/2025 - 16:29:46: [SM]   [1] Line 138, C:\Users\Moises\Downloads\Compressed\sourcemod-1.11.0-git6968-windows\addons\sourcemod\scripting\ÒankrunFixhealth.sp::IsTankRunActive
L 12/23/2025 - 16:29:46: [SM]   [2] Line 36, C:\Users\Moises\Downloads\Compressed\sourcemod-1.11.0-git6968-windows\addons\sourcemod\scripting\ÒankrunFixhealth.sp::Timer_PeriodicCheck
L 12/23/2025 - 16:29:54: [SM] Exception reported: Invalid convar handle 0 (error 4)
L 12/23/2025 - 16:29:54: [SM] Blaming: ÒankrunFixhealth.smx
L 12/23/2025 - 16:29:54: [SM] Call stack trace:
L 12/23/2025 - 16:29:54: [SM]   [0] GetConVarString
L 12/23/2025 - 16:29:54: [SM]   [1] Line 138, C:\Users\Moises\Downloads\Compressed\sourcemod-1.11.0-git6968-windows\addons\sourcemod\scripting\ÒankrunFixhealth.sp::IsTankRunActive
L 12/23/2025 - 16:29:54: [SM]   [2] Line 79, C:\Users\Moises\Downloads\Compressed\sourcemod-1.11.0-git6968-windows\addons\sourcemod\scripting\ÒankrunFixhealth.sp::Event_PlayerDeath
L 12/23/2025 - 16:29:56: [SM] Exception reported: Invalid convar handle 0 (error 4)
L 12/23/2025 - 16:29:56: [SM] Blaming: ÒankrunFixhealth.smx
L 12/23/2025 - 16:29:56: [SM] Call stack trace:
L 12/23/2025 - 16:29:56: [SM]   [0] GetConVarString
L 12/23/2025 - 16:29:56: [SM]   [1] Line 138, C:\Users\Moises\Downloads\Compressed\sourcemod-1.11.0-git6968-windows\addons\sourcemod\scripting\ÒankrunFixhealth.sp::IsTankRunActive
L 12/23/2025 - 16:29:56: [SM]   [2] Line 36, C:\Users\Moises\Downloads\Compressed\sourcemod-1.11.0-git6968-windows\addons\sourcemod\scripting\ÒankrunFixhealth.sp::Timer_PeriodicCheck
L 12/23/2025 - 16:29:59: [SM] Exception reported: Language phrase "Please wait to be revived or rescued" not found (arg 6)
L 12/23/2025 - 16:29:59: [SM] Blaming: l4dmultislots.smx
L 12/23/2025 - 16:29:59: [SM] Call stack trace:
L 12/23/2025 - 16:29:59: [SM]   [0] PrintToChat
L 12/23/2025 - 16:29:59: [SM]   [1] Line 953, d:\Github\Private-Work\L4D2-Êèí‰ª∂\scripting_1.11\l4dmultislots.sp::Timer_SpecCheck
L 12/23/2025 - 16:30:06: [SM] Exception reported: Invalid convar handle 0 (error 4)
L 12/23/2025 - 16:30:06: [SM] Blaming: ÒankrunFixhealth.smx
L 12/23/2025 - 16:30:06: [SM] Call stack trace:
L 12/23/2025 - 16:30:06: [SM]   [0] GetConVarString
L 12/23/2025 - 16:30:06: [SM]   [1] Line 138, C:\Users\Moises\Downloads\Compressed\sourcemod-1.11.0-git6968-windows\addons\sourcemod\scripting\ÒankrunFixhealth.sp::IsTankRunActive
L 12/23/2025 - 16:30:06: [SM]   [2] Line 79, C:\Users\Moises\Downloads\Compressed\sourcemod-1.11.0-git6968-windows\addons\sourcemod\scripting\ÒankrunFixhealth.sp::Event_PlayerDeath
L 12/23/2025 - 16:30:06: [SM] Exception reported: Invalid convar handle 0 (error 4)
L 12/23/2025 - 16:30:06: [SM] Blaming: ÒankrunFixhealth.smx
L 12/23/2025 - 16:30:06: [SM] Call stack trace:
L 12/23/2025 - 16:30:06: [SM]   [0] GetConVarString
L 12/23/2025 - 16:30:06: [SM]   [1] Line 138, C:\Users\Moises\Downloads\Compressed\sourcemod-1.11.0-git6968-windows\addons\sourcemod\scripting\ÒankrunFixhealth.sp::IsTankRunActive
L 12/23/2025 - 16:30:06: [SM]   [2] Line 36, C:\Users\Moises\Downloads\Compressed\sourcemod-1.11.0-git6968-windows\addons\sourcemod\scripting\ÒankrunFixhealth.sp::Timer_PeriodicCheck
L 12/23/2025 - 16:30:16: [SM] Exception reported: Invalid convar handle 0 (error 4)
L 12/23/2025 - 16:30:16: [SM] Blaming: ÒankrunFixhealth.smx
L 12/23/2025 - 16:30:16: [SM] Call stack trace:
L 12/23/2025 - 16:30:16: [SM]   [0] GetConVarString
L 12/23/2025 - 16:30:16: [SM]   [1] Line 138, C:\Users\Moises\Downloads\Compressed\sourcemod-1.11.0-git6968-windows\addons\sourcemod\scripting\ÒankrunFixhealth.sp::IsTankRunActive
L 12/23/2025 - 16:30:16: [SM]   [2] Line 36, C:\Users\Moises\Downloads\Compressed\sourcemod-1.11.0-git6968-windows\addons\sourcemod\scripting\ÒankrunFixhealth.sp::Timer_PeriodicCheck
L 12/23/2025 - 16:30:16: [SM] Exception reported: Invalid convar handle 0 (error 4)
L 12/23/2025 - 16:30:16: [SM] Blaming: ÒankrunFixhealth.smx
L 12/23/2025 - 16:30:16: [SM] Call stack trace:
L 12/23/2025 - 16:30:16: [SM]   [0] GetConVarString
L 12/23/2025 - 16:30:16: [SM]   [1] Line 138, C:\Users\Moises\Downloads\Compressed\sourcemod-1.11.0-git6968-windows\addons\sourcemod\scripting\ÒankrunFixhealth.sp::IsTankRunActive
L 12/23/2025 - 16:30:16: [SM]   [2] Line 79, C:\Users\Moises\Downloads\Compressed\sourcemod-1.11.0-git6968-windows\addons\sourcemod\scripting\ÒankrunFixhealth.sp::Event_PlayerDeath
L 12/23/2025 - 16:30:18: [SM] Exception reported: Invalid convar handle 0 (error 4)
L 12/23/2025 - 16:30:18: [SM] Blaming: ÒankrunFixhealth.smx
L 12/23/2025 - 16:30:18: [SM] Call stack trace:
L 12/23/2025 - 16:30:18: [SM]   [0] GetConVarString
L 12/23/2025 - 16:30:18: [SM]   [1] Line 138, C:\Users\Moises\Downloads\Compressed\sourcemod-1.11.0-git6968-windows\addons\sourcemod\scripting\ÒankrunFixhealth.sp::IsTankRunActive
L 12/23/2025 - 16:30:18: [SM]   [2] Line 79, C:\Users\Moises\Downloads\Compressed\sourcemod-1.11.0-git6968-windows\addons\sourcemod\scripting\ÒankrunFixhealth.sp::Event_PlayerDeath
L 12/23/2025 - 16:30:23: [SM] Exception reported: Invalid timer handle 8f100479 (error 3)
L 12/23/2025 - 16:30:23: [SM] Blaming: l4d2_playerjoining_v2.smx
L 12/23/2025 - 16:30:23: [SM] Call stack trace:
L 12/23/2025 - 16:30:23: [SM]   [0] KillTimer
L 12/23/2025 - 16:30:23: [SM]   [1] Line 53, C:\Users\Moises\Downloads\Compressed\sourcemod-1.11.0-git6968-windows\addons\sourcemod\scripting\l4d2_playerjoining_v2.sp::OnClientDisconnect
L 12/23/2025 - 16:30:24: [SM] Exception reported: Language phrase "Please wait to be revived or rescued" not found (arg 6)
L 12/23/2025 - 16:30:24: [SM] Blaming: l4dmultislots.smx
L 12/23/2025 - 16:30:24: [SM] Call stack trace:
L 12/23/2025 - 16:30:24: [SM]   [0] PrintToChat
L 12/23/2025 - 16:30:24: [SM]   [1] Line 953, d:\Github\Private-Work\L4D2-Êèí‰ª∂\scripting_1.11\l4dmultislots.sp::Timer_SpecCheck
L 12/23/2025 - 16:30:25: [SM] Exception reported: Invalid timer handle 7ba00494 (error 1)
L 12/23/2025 - 16:30:25: [SM] Blaming: l4d2_playerjoining_v2.smx
L 12/23/2025 - 16:30:25: [SM] Call stack trace:
L 12/23/2025 - 16:30:25: [SM]   [0] KillTimer
L 12/23/2025 - 16:30:25: [SM]   [1] Line 53, C:\Users\Moises\Downloads\Compressed\sourcemod-1.11.0-git6968-windows\addons\sourcemod\scripting\l4d2_playerjoining_v2.sp::OnClientDisconnect
L 12/23/2025 - 16:30:26: [SM] Exception reported: Invalid convar handle 0 (error 4)
L 12/23/2025 - 16:30:26: [SM] Blaming: ÒankrunFixhealth.smx
L 12/23/2025 - 16:30:26: [SM] Call stack trace:
L 12/23/2025 - 16:30:26: [SM]   [0] GetConVarString
L 12/23/2025 - 16:30:26: [SM]   [1] Line 138, C:\Users\Moises\Downloads\Compressed\sourcemod-1.11.0-git6968-windows\addons\sourcemod\scripting\ÒankrunFixhealth.sp::IsTankRunActive
L 12/23/2025 - 16:30:26: [SM]   [2] Line 36, C:\Users\Moises\Downloads\Compressed\sourcemod-1.11.0-git6968-windows\addons\sourcemod\scripting\ÒankrunFixhealth.sp::Timer_PeriodicCheck
L 12/23/2025 - 16:30:36: [SM] Exception reported: Invalid convar handle 0 (error 4)
L 12/23/2025 - 16:30:36: [SM] Blaming: ÒankrunFixhealth.smx
L 12/23/2025 - 16:30:36: [SM] Call stack trace:
L 12/23/2025 - 16:30:36: [SM]   [0] GetConVarString
L 12/23/2025 - 16:30:36: [SM]   [1] Line 138, C:\Users\Moises\Downloads\Compressed\sourcemod-1.11.0-git6968-windows\addons\sourcemod\scripting\ÒankrunFixhealth.sp::IsTankRunActive
L 12/23/2025 - 16:30:36: [SM]   [2] Line 36, C:\Users\Moises\Downloads\Compressed\sourcemod-1.11.0-git6968-windows\addons\sourcemod\scripting\ÒankrunFixhealth.sp::Timer_PeriodicCheck
L 12/23/2025 - 16:30:45: [SM] Exception reported: Invalid timer handle 8f100479 (error 1)
L 12/23/2025 - 16:30:45: [SM] Blaming: l4d2_playerjoining_v2.smx
L 12/23/2025 - 16:30:45: [SM] Call stack trace:
L 12/23/2025 - 16:30:45: [SM]   [0] KillTimer
L 12/23/2025 - 16:30:45: [SM]   [1] Line 53, C:\Users\Moises\Downloads\Compressed\sourcemod-1.11.0-git6968-windows\addons\sourcemod\scripting\l4d2_playerjoining_v2.sp::OnClientDisconnect
L 12/23/2025 - 16:30:46: [SM] Exception reported: Invalid convar handle 0 (error 4)
L 12/23/2025 - 16:30:46: [SM] Blaming: ÒankrunFixhealth.smx
L 12/23/2025 - 16:30:46: [SM] Call stack trace:
L 12/23/2025 - 16:30:46: [SM]   [0] GetConVarString
L 12/23/2025 - 16:30:46: [SM]   [1] Line 138, C:\Users\Moises\Downloads\Compressed\sourcemod-1.11.0-git6968-windows\addons\sourcemod\scripting\ÒankrunFixhealth.sp::IsTankRunActive
L 12/23/2025 - 16:30:46: [SM]   [2] Line 36, C:\Users\Moises\Downloads\Compressed\sourcemod-1.11.0-git6968-windows\addons\sourcemod\scripting\ÒankrunFixhealth.sp::Timer_PeriodicCheck
L 12/23/2025 - 16:30:49: [SM] Exception reported: Language phrase "Please wait to be revived or rescued" not found (arg 6)
L 12/23/2025 - 16:30:49: [SM] Blaming: l4dmultislots.smx
L 12/23/2025 - 16:30:49: [SM] Call stack trace:
L 12/23/2025 - 16:30:49: [SM]   [0] PrintToChat
L 12/23/2025 - 16:30:49: [SM]   [1] Line 953, d:\Github\Private-Work\L4D2-Êèí‰ª∂\scripting_1.11\l4dmultislots.sp::Timer_SpecCheck
L 12/23/2025 - 16:30:54: [SM] Exception reported: Invalid convar handle 0 (error 4)
L 12/23/2025 - 16:30:54: [SM] Blaming: ÒankrunFixhealth.smx
L 12/23/2025 - 16:30:54: [SM] Call stack trace:
L 12/23/2025 - 16:30:54: [SM]   [0] GetConVarString
L 12/23/2025 - 16:30:54: [SM]   [1] Line 138, C:\Users\Moises\Downloads\Compressed\sourcemod-1.11.0-git6968-windows\addons\sourcemod\scripting\ÒankrunFixhealth.sp::IsTankRunActive
L 12/23/2025 - 16:30:54: [SM]   [2] Line 79, C:\Users\Moises\Downloads\Compressed\sourcemod-1.11.0-git6968-windows\addons\sourcemod\scripting\ÒankrunFixhealth.sp::Event_PlayerDeath
L 12/23/2025 - 16:30:55: [SM] Exception reported: Invalid convar handle 0 (error 4)
L 12/23/2025 - 16:30:55: [SM] Blaming: ÒankrunFixhealth.smx
L 12/23/2025 - 16:30:55: [SM] Call stack trace:
L 12/23/2025 - 16:30:55: [SM]   [0] GetConVarString
L 12/23/2025 - 16:30:55: [SM]   [1] Line 138, C:\Users\Moises\Downloads\Compressed\sourcemod-1.11.0-git6968-windows\addons\sourcemod\scripting\ÒankrunFixhealth.sp::IsTankRunActive
L 12/23/2025 - 16:30:55: [SM]   [2] Line 79, C:\Users\Moises\Downloads\Compressed\sourcemod-1.11.0-git6968-windows\addons\sourcemod\scripting\ÒankrunFixhealth.sp::Event_PlayerDeath
L 12/23/2025 - 16:30:56: [SM] Exception reported: Invalid convar handle 0 (error 4)
L 12/23/2025 - 16:30:56: [SM] Blaming: ÒankrunFixhealth.smx
L 12/23/2025 - 16:30:56: [SM] Call stack trace:
L 12/23/2025 - 16:30:56: [SM]   [0] GetConVarString
L 12/23/2025 - 16:30:56: [SM]   [1] Line 138, C:\Users\Moises\Downloads\Compressed\sourcemod-1.11.0-git6968-windows\addons\sourcemod\scripting\ÒankrunFixhealth.sp::IsTankRunActive
L 12/23/2025 - 16:30:56: [SM]   [2] Line 36, C:\Users\Moises\Downloads\Compressed\sourcemod-1.11.0-git6968-windows\addons\sourcemod\scripting\ÒankrunFixhealth.sp::Timer_PeriodicCheck
L 12/23/2025 - 16:31:01: [SM] Exception reported: Invalid timer handle c800044b (error 1)
L 12/23/2025 - 16:31:01: [SM] Blaming: l4d2_playerjoining_v2.smx
L 12/23/2025 - 16:31:01: [SM] Call stack trace:
L 12/23/2025 - 16:31:01: [SM]   [0] KillTimer
L 12/23/2025 - 16:31:01: [SM]   [1] Line 53, C:\Users\Moises\Downloads\Compressed\sourcemod-1.11.0-git6968-windows\addons\sourcemod\scripting\l4d2_playerjoining_v2.sp::OnClientDisconnect
L 12/23/2025 - 16:31:06: [SM] Exception reported: Invalid convar handle 0 (error 4)
L 12/23/2025 - 16:31:06: [SM] Blaming: ÒankrunFixhealth.smx
L 12/23/2025 - 16:31:06: [SM] Call stack trace:
L 12/23/2025 - 16:31:06: [SM]   [0] GetConVarString
L 12/23/2025 - 16:31:06: [SM]   [1] Line 138, C:\Users\Moises\Downloads\Compressed\sourcemod-1.11.0-git6968-windows\addons\sourcemod\scripting\ÒankrunFixhealth.sp::IsTankRunActive
L 12/23/2025 - 16:31:06: [SM]   [2] Line 36, C:\Users\Moises\Downloads\Compressed\sourcemod-1.11.0-git6968-windows\addons\sourcemod\scripting\ÒankrunFixhealth.sp::Timer_PeriodicCheck
L 12/23/2025 - 16:31:14: [SM] Exception reported: Language phrase "Please wait to be revived or rescued" not found (arg 6)
L 12/23/2025 - 16:31:14: [SM] Blaming: l4dmultislots.smx
L 12/23/2025 - 16:31:14: [SM] Call stack trace:
L 12/23/2025 - 16:31:14: [SM]   [0] PrintToChat
L 12/23/2025 - 16:31:14: [SM]   [1] Line 953, d:\Github\Private-Work\L4D2-Êèí‰ª∂\scripting_1.11\l4dmultislots.sp::Timer_SpecCheck
L 12/23/2025 - 16:31:16: [SM] Exception reported: Invalid convar handle 0 (error 4)
L 12/23/2025 - 16:31:16: [SM] Blaming: ÒankrunFixhealth.smx
L 12/23/2025 - 16:31:16: [SM] Call stack trace:
L 12/23/2025 - 16:31:16: [SM]   [0] GetConVarString
L 12/23/2025 - 16:31:16: [SM]   [1] Line 138, C:\Users\Moises\Downloads\Compressed\sourcemod-1.11.0-git6968-windows\addons\sourcemod\scripting\ÒankrunFixhealth.sp::IsTankRunActive
L 12/23/2025 - 16:31:16: [SM]   [2] Line 36, C:\Users\Moises\Downloads\Compressed\sourcemod-1.11.0-git6968-windows\addons\sourcemod\scripting\ÒankrunFixhealth.sp::Timer_PeriodicCheck
L 12/23/2025 - 16:31:26: [SM] Exception reported: Invalid convar handle 0 (error 4)
L 12/23/2025 - 16:31:26: [SM] Blaming: ÒankrunFixhealth.smx
L 12/23/2025 - 16:31:26: [SM] Call stack trace:
L 12/23/2025 - 16:31:26: [SM]   [0] GetConVarString
L 12/23/2025 - 16:31:26: [SM]   [1] Line 138, C:\Users\Moises\Downloads\Compressed\sourcemod-1.11.0-git6968-windows\addons\sourcemod\scripting\ÒankrunFixhealth.sp::IsTankRunActive
L 12/23/2025 - 16:31:26: [SM]   [2] Line 36, C:\Users\Moises\Downloads\Compressed\sourcemod-1.11.0-git6968-windows\addons\sourcemod\scripting\ÒankrunFixhealth.sp::Timer_PeriodicCheck
L 12/23/2025 - 16:31:36: [SM] Exception reported: Invalid convar handle 0 (error 4)
L 12/23/2025 - 16:31:36: [SM] Blaming: ÒankrunFixhealth.smx
L 12/23/2025 - 16:31:36: [SM] Call stack trace:
L 12/23/2025 - 16:31:36: [SM]   [0] GetConVarString
L 12/23/2025 - 16:31:36: [SM]   [1] Line 138, C:\Users\Moises\Downloads\Compressed\sourcemod-1.11.0-git6968-windows\addons\sourcemod\scripting\ÒankrunFixhealth.sp::IsTankRunActive
L 12/23/2025 - 16:31:36: [SM]   [2] Line 36, C:\Users\Moises\Downloads\Compressed\sourcemod-1.11.0-git6968-windows\addons\sourcemod\scripting\ÒankrunFixhealth.sp::Timer_PeriodicCheck
L 12/23/2025 - 16:31:39: [SM] Exception reported: Language phrase "Please wait to be revived or rescued" not found (arg 6)
L 12/23/2025 - 16:31:39: [SM] Blaming: l4dmultislots.smx
L 12/23/2025 - 16:31:39: [SM] Call stack trace:
L 12/23/2025 - 16:31:39: [SM]   [0] PrintToChat
L 12/23/2025 - 16:31:39: [SM]   [1] Line 953, d:\Github\Private-Work\L4D2-Êèí‰ª∂\scripting_1.11\l4dmultislots.sp::Timer_SpecCheck
L 12/23/2025 - 16:31:43: [SM] Exception reported: Invalid convar handle 0 (error 4)
L 12/23/2025 - 16:31:43: [SM] Blaming: ÒankrunFixhealth.smx
L 12/23/2025 - 16:31:43: [SM] Call stack trace:
L 12/23/2025 - 16:31:43: [SM]   [0] GetConVarString
L 12/23/2025 - 16:31:43: [SM]   [1] Line 138, C:\Users\Moises\Downloads\Compressed\sourcemod-1.11.0-git6968-windows\addons\sourcemod\scripting\ÒankrunFixhealth.sp::IsTankRunActive
L 12/23/2025 - 16:31:43: [SM]   [2] Line 71, C:\Users\Moises\Downloads\Compressed\sourcemod-1.11.0-git6968-windows\addons\sourcemod\scripting\ÒankrunFixhealth.sp::Event_MapTransition
L 12/23/2025 - 16:31:46: [SM] Exception reported: Invalid convar handle 0 (error 4)
L 12/23/2025 - 16:31:46: [SM] Blaming: ÒankrunFixhealth.smx
L 12/23/2025 - 16:31:46: [SM] Call stack trace:
L 12/23/2025 - 16:31:46: [SM]   [0] GetConVarString
L 12/23/2025 - 16:31:46: [SM]   [1] Line 138, C:\Users\Moises\Downloads\Compressed\sourcemod-1.11.0-git6968-windows\addons\sourcemod\scripting\ÒankrunFixhealth.sp::IsTankRunActive
L 12/23/2025 - 16:31:46: [SM]   [2] Line 36, C:\Users\Moises\Downloads\Compressed\sourcemod-1.11.0-git6968-windows\addons\sourcemod\scripting\ÒankrunFixhealth.sp::Timer_PeriodicCheck
L 12/23/2025 - 16:31:51: [SM] Exception reported: Invalid timer handle 7ba00494 (error 1)
L 12/23/2025 - 16:31:51: [SM] Blaming: l4d2_playerjoining_v2.smx
L 12/23/2025 - 16:31:51: [SM] Call stack trace:
L 12/23/2025 - 16:31:51: [SM]   [0] KillTimer
L 12/23/2025 - 16:31:51: [SM]   [1] Line 53, C:\Users\Moises\Downloads\Compressed\sourcemod-1.11.0-git6968-windows\addons\sourcemod\scripting\l4d2_playerjoining_v2.sp::OnClientDisconnect
L 12/23/2025 - 16:31:51: [SM] Exception reported: Invalid timer handle c800044b (error 3)
L 12/23/2025 - 16:31:51: [SM] Blaming: l4d2_playerjoining_v2.smx
L 12/23/2025 - 16:31:51: [SM] Call stack trace:
L 12/23/2025 - 16:31:51: [SM]   [0] KillTimer
L 12/23/2025 - 16:31:51: [SM]   [1] Line 53, C:\Users\Moises\Downloads\Compressed\sourcemod-1.11.0-git6968-windows\addons\sourcemod\scripting\l4d2_playerjoining_v2.sp::OnClientDisconnect
L 12/23/2025 - 16:31:51: [SM] Exception reported: Invalid timer handle ec900478 (error 1)
L 12/23/2025 - 16:31:51: [SM] Blaming: l4d2_playerjoining_v2.smx
L 12/23/2025 - 16:31:51: [SM] Call stack trace:
L 12/23/2025 - 16:31:51: [SM]   [0] KillTimer
L 12/23/2025 - 16:31:51: [SM]   [1] Line 53, C:\Users\Moises\Downloads\Compressed\sourcemod-1.11.0-git6968-windows\addons\sourcemod\scripting\l4d2_playerjoining_v2.sp::OnClientDisconnect
L 12/23/2025 - 16:31:51: [SM] Exception reported: Invalid timer handle 8f100479 (error 3)
L 12/23/2025 - 16:31:51: [SM] Blaming: l4d2_playerjoining_v2.smx
L 12/23/2025 - 16:31:51: [SM] Call stack trace:
L 12/23/2025 - 16:31:51: [SM]   [0] KillTimer
L 12/23/2025 - 16:31:51: [SM]   [1] Line 53, C:\Users\Moises\Downloads\Compressed\sourcemod-1.11.0-git6968-windows\addons\sourcemod\scripting\l4d2_playerjoining_v2.sp::OnClientDisconnect
L 12/23/2025 - 16:31:51: [SM] Exception reported: Invalid timer handle a7700479 (error 3)
L 12/23/2025 - 16:31:51: [SM] Blaming: l4d2_playerjoining_v2.smx
L 12/23/2025 - 16:31:51: [SM] Call stack trace:
L 12/23/2025 - 16:31:51: [SM]   [0] KillTimer
L 12/23/2025 - 16:31:51: [SM]   [1] Line 53, C:\Users\Moises\Downloads\Compressed\sourcemod-1.11.0-git6968-windows\addons\sourcemod\scripting\l4d2_playerjoining_v2.sp::OnClientDisconnect
L 12/23/2025 - 16:31:53: Error log file session closed.
L 12/23/2025 - 16:31:53: SourceMod error session started
L 12/23/2025 - 16:31:53: Info (map "c2m4_barns") (file "d:\steamlibrary\steamapps\common\left 4 dead 2\left4dead2\addons\sourcemod\logs\errors_20251223.log")
L 12/23/2025 - 16:31:53: [SM] Fatal error encountered parsing translation file "l4d_nth.phrases.txt"
L 12/23/2025 - 16:31:53: [SM] Error (line 0, column 0): Stream failed to open
L 12/23/2025 - 16:31:53: [SM] Fatal error encountered parsing translation file "chargersteering.phrases.txt"
L 12/23/2025 - 16:31:53: [SM] Error (line 0, column 0): Stream failed to open
L 12/23/2025 - 16:31:53: [SM] Fatal error encountered parsing translation file "l4dmultislots.phrases.txt"
L 12/23/2025 - 16:31:53: [SM] Error (line 0, column 0): Stream failed to open
L 12/23/2025 - 16:31:53: [SM] Fatal error encountered parsing translation file "lilac.phrases.txt"
L 12/23/2025 - 16:31:53: [SM] Error (line 0, column 0): Stream failed to open
L 12/23/2025 - 16:31:55: [SM] Exception reported: Invalid convar handle 0 (error 4)
L 12/23/2025 - 16:31:55: [SM] Blaming: ÒankrunFixhealth.smx
L 12/23/2025 - 16:31:55: [SM] Call stack trace:
L 12/23/2025 - 16:31:55: [SM]   [0] GetConVarString
L 12/23/2025 - 16:31:55: [SM]   [1] Line 138, C:\Users\Moises\Downloads\Compressed\sourcemod-1.11.0-git6968-windows\addons\sourcemod\scripting\ÒankrunFixhealth.sp::IsTankRunActive
L 12/23/2025 - 16:31:55: [SM]   [2] Line 54, C:\Users\Moises\Downloads\Compressed\sourcemod-1.11.0-git6968-windows\addons\sourcemod\scripting\ÒankrunFixhealth.sp::Event_RoundStart
L 12/23/2025 - 16:31:55: [l4d2_publicity.smx] [Publicity] No se encontraron mensajes en el archivo de configuraci√≥n
L 12/23/2025 - 16:32:01: [SM] Exception reported: Invalid convar handle 0 (error 4)
L 12/23/2025 - 16:32:01: [SM] Blaming: ÒankrunFixhealth.smx
L 12/23/2025 - 16:32:01: [SM] Call stack trace:
L 12/23/2025 - 16:32:01: [SM]   [0] GetConVarString
L 12/23/2025 - 16:32:01: [SM]   [1] Line 138, C:\Users\Moises\Downloads\Compressed\sourcemod-1.11.0-git6968-windows\addons\sourcemod\scripting\ÒankrunFixhealth.sp::IsTankRunActive
L 12/23/2025 - 16:32:01: [SM]   [2] Line 36, C:\Users\Moises\Downloads\Compressed\sourcemod-1.11.0-git6968-windows\addons\sourcemod\scripting\ÒankrunFixhealth.sp::Timer_PeriodicCheck
L 12/23/2025 - 16:32:11: [SM] Exception reported: Invalid convar handle 0 (error 4)
L 12/23/2025 - 16:32:11: [SM] Blaming: ÒankrunFixhealth.smx
L 12/23/2025 - 16:32:11: [SM] Call stack trace:
L 12/23/2025 - 16:32:11: [SM]   [0] GetConVarString
L 12/23/2025 - 16:32:11: [SM]   [1] Line 138, C:\Users\Moises\Downloads\Compressed\sourcemod-1.11.0-git6968-windows\addons\sourcemod\scripting\ÒankrunFixhealth.sp::IsTankRunActive
L 12/23/2025 - 16:32:11: [SM]   [2] Line 36, C:\Users\Moises\Downloads\Compressed\sourcemod-1.11.0-git6968-windows\addons\sourcemod\scripting\ÒankrunFixhealth.sp::Timer_PeriodicCheck
L 12/23/2025 - 16:32:21: [SM] Exception reported: Invalid timer handle ec900478 (error 1)
L 12/23/2025 - 16:32:21: [SM] Blaming: l4d2_playerjoining_v2.smx
L 12/23/2025 - 16:32:21: [SM] Call stack trace:
L 12/23/2025 - 16:32:21: [SM]   [0] KillTimer
L 12/23/2025 - 16:32:21: [SM]   [1] Line 53, C:\Users\Moises\Downloads\Compressed\sourcemod-1.11.0-git6968-windows\addons\sourcemod\scripting\l4d2_playerjoining_v2.sp::OnClientDisconnect
L 12/23/2025 - 16:32:21: [SM] Exception reported: Invalid convar handle 0 (error 4)
L 12/23/2025 - 16:32:21: [SM] Blaming: ÒankrunFixhealth.smx
L 12/23/2025 - 16:32:21: [SM] Call stack trace:
L 12/23/2025 - 16:32:21: [SM]   [0] GetConVarString
L 12/23/2025 - 16:32:21: [SM]   [1] Line 138, C:\Users\Moises\Downloads\Compressed\sourcemod-1.11.0-git6968-windows\addons\sourcemod\scripting\ÒankrunFixhealth.sp::IsTankRunActive
L 12/23/2025 - 16:32:21: [SM]   [2] Line 36, C:\Users\Moises\Downloads\Compressed\sourcemod-1.11.0-git6968-windows\addons\sourcemod\scripting\ÒankrunFixhealth.sp::Timer_PeriodicCheck
L 12/23/2025 - 16:32:27: [SM] Exception reported: Invalid timer handle 7ba00494 (error 1)
L 12/23/2025 - 16:32:27: [SM] Blaming: l4d2_playerjoining_v2.smx
L 12/23/2025 - 16:32:27: [SM] Call stack trace:
L 12/23/2025 - 16:32:27: [SM]   [0] KillTimer
L 12/23/2025 - 16:32:27: [SM]   [1] Line 53, C:\Users\Moises\Downloads\Compressed\sourcemod-1.11.0-git6968-windows\addons\sourcemod\scripting\l4d2_playerjoining_v2.sp::OnClientDisconnect
L 12/23/2025 - 16:32:28: [SM] Exception reported: Invalid timer handle 8f100479 (error 1)
L 12/23/2025 - 16:32:28: [SM] Blaming: l4d2_playerjoining_v2.smx
L 12/23/2025 - 16:32:28: [SM] Call stack trace:
L 12/23/2025 - 16:32:28: [SM]   [0] KillTimer
L 12/23/2025 - 16:32:28: [SM]   [1] Line 53, C:\Users\Moises\Downloads\Compressed\sourcemod-1.11.0-git6968-windows\addons\sourcemod\scripting\l4d2_playerjoining_v2.sp::OnClientDisconnect
L 12/23/2025 - 16:32:33: [SM] Exception reported: Invalid timer handle 7ba00494 (error 1)
L 12/23/2025 - 16:32:33: [SM] Blaming: l4d2_playerjoining_v2.smx
L 12/23/2025 - 16:32:33: [SM] Call stack trace:
L 12/23/2025 - 16:32:33: [SM]   [0] KillTimer
L 12/23/2025 - 16:32:33: [SM]   [1] Line 53, C:\Users\Moises\Downloads\Compressed\sourcemod-1.11.0-git6968-windows\addons\sourcemod\scripting\l4d2_playerjoining_v2.sp::OnClientDisconnect
L 12/23/2025 - 16:32:35: [SM] Exception reported: Invalid convar handle 0 (error 4)
L 12/23/2025 - 16:32:35: [SM] Blaming: ÒankrunFixhealth.smx
L 12/23/2025 - 16:32:35: [SM] Call stack trace:
L 12/23/2025 - 16:32:35: [SM]   [0] GetConVarString
L 12/23/2025 - 16:32:35: [SM]   [1] Line 138, C:\Users\Moises\Downloads\Compressed\sourcemod-1.11.0-git6968-windows\addons\sourcemod\scripting\ÒankrunFixhealth.sp::IsTankRunActive
L 12/23/2025 - 16:32:35: [SM]   [2] Line 36, C:\Users\Moises\Downloads\Compressed\sourcemod-1.11.0-git6968-windows\addons\sourcemod\scripting\ÒankrunFixhealth.sp::Timer_PeriodicCheck
L 12/23/2025 - 16:32:39: [SM] Exception reported: Invalid timer handle a7700479 (error 1)
L 12/23/2025 - 16:32:39: [SM] Blaming: l4d2_playerjoining_v2.smx
L 12/23/2025 - 16:32:39: [SM] Call stack trace:
L 12/23/2025 - 16:32:39: [SM]   [0] KillTimer
L 12/23/2025 - 16:32:39: [SM]   [1] Line 53, C:\Users\Moises\Downloads\Compressed\sourcemod-1.11.0-git6968-windows\addons\sourcemod\scripting\l4d2_playerjoining_v2.sp::OnClientDisconnect
L 12/23/2025 - 16:32:45: [SM] Exception reported: Invalid convar handle 0 (error 4)
L 12/23/2025 - 16:32:45: [SM] Blaming: ÒankrunFixhealth.smx
L 12/23/2025 - 16:32:45: [SM] Call stack trace:
L 12/23/2025 - 16:32:45: [SM]   [0] GetConVarString
L 12/23/2025 - 16:32:45: [SM]   [1] Line 138, C:\Users\Moises\Downloads\Compressed\sourcemod-1.11.0-git6968-windows\addons\sourcemod\scripting\ÒankrunFixhealth.sp::IsTankRunActive
L 12/23/2025 - 16:32:45: [SM]   [2] Line 36, C:\Users\Moises\Downloads\Compressed\sourcemod-1.11.0-git6968-windows\addons\sourcemod\scripting\ÒankrunFixhealth.sp::Timer_PeriodicCheck
L 12/23/2025 - 16:32:55: [SM] Exception reported: Invalid convar handle 0 (error 4)
L 12/23/2025 - 16:32:55: [SM] Blaming: ÒankrunFixhealth.smx
L 12/23/2025 - 16:32:55: [SM] Call stack trace:
L 12/23/2025 - 16:32:55: [SM]   [0] GetConVarString
L 12/23/2025 - 16:32:55: [SM]   [1] Line 138, C:\Users\Moises\Downloads\Compressed\sourcemod-1.11.0-git6968-windows\addons\sourcemod\scripting\ÒankrunFixhealth.sp::IsTankRunActive
L 12/23/2025 - 16:32:55: [SM]   [2] Line 36, C:\Users\Moises\Downloads\Compressed\sourcemod-1.11.0-git6968-windows\addons\sourcemod\scripting\ÒankrunFixhealth.sp::Timer_PeriodicCheck
L 12/23/2025 - 16:33:05: [SM] Exception reported: Invalid convar handle 0 (error 4)
L 12/23/2025 - 16:33:05: [SM] Blaming: ÒankrunFixhealth.smx
L 12/23/2025 - 16:33:05: [SM] Call stack trace:
L 12/23/2025 - 16:33:05: [SM]   [0] GetConVarString
L 12/23/2025 - 16:33:05: [SM]   [1] Line 138, C:\Users\Moises\Downloads\Compressed\sourcemod-1.11.0-git6968-windows\addons\sourcemod\scripting\ÒankrunFixhealth.sp::IsTankRunActive
L 12/23/2025 - 16:33:05: [SM]   [2] Line 36, C:\Users\Moises\Downloads\Compressed\sourcemod-1.11.0-git6968-windows\addons\sourcemod\scripting\ÒankrunFixhealth.sp::Timer_PeriodicCheck
L 12/23/2025 - 16:33:15: [SM] Exception reported: Invalid convar handle 0 (error 4)
L 12/23/2025 - 16:33:15: [SM] Blaming: ÒankrunFixhealth.smx
L 12/23/2025 - 16:33:15: [SM] Call stack trace:
L 12/23/2025 - 16:33:15: [SM]   [0] GetConVarString
L 12/23/2025 - 16:33:15: [SM]   [1] Line 138, C:\Users\Moises\Downloads\Compressed\sourcemod-1.11.0-git6968-windows\addons\sourcemod\scripting\ÒankrunFixhealth.sp::IsTankRunActive
L 12/23/2025 - 16:33:15: [SM]   [2] Line 36, C:\Users\Moises\Downloads\Compressed\sourcemod-1.11.0-git6968-windows\addons\sourcemod\scripting\ÒankrunFixhealth.sp::Timer_PeriodicCheck
L 12/23/2025 - 16:33:23: [SM] Exception reported: Invalid timer handle ec900478 (error 3)
L 12/23/2025 - 16:33:23: [SM] Blaming: l4d2_playerjoining_v2.smx
L 12/23/2025 - 16:33:23: [SM] Call stack trace:
L 12/23/2025 - 16:33:23: [SM]   [0] KillTimer
L 12/23/2025 - 16:33:23: [SM]   [1] Line 53, C:\Users\Moises\Downloads\Compressed\sourcemod-1.11.0-git6968-windows\addons\sourcemod\scripting\l4d2_playerjoining_v2.sp::OnClientDisconnect
L 12/23/2025 - 16:33:25: [SM] Exception reported: Invalid convar handle 0 (error 4)
L 12/23/2025 - 16:33:25: [SM] Blaming: ÒankrunFixhealth.smx
L 12/23/2025 - 16:33:25: [SM] Call stack trace:
L 12/23/2025 - 16:33:25: [SM]   [0] GetConVarString
L 12/23/2025 - 16:33:25: [SM]   [1] Line 138, C:\Users\Moises\Downloads\Compressed\sourcemod-1.11.0-git6968-windows\addons\sourcemod\scripting\ÒankrunFixhealth.sp::IsTankRunActive
L 12/23/2025 - 16:33:25: [SM]   [2] Line 36, C:\Users\Moises\Downloads\Compressed\sourcemod-1.11.0-git6968-windows\addons\sourcemod\scripting\ÒankrunFixhealth.sp::Timer_PeriodicCheck
L 12/23/2025 - 16:33:29: [SM] Exception reported: Invalid convar handle 0 (error 4)
L 12/23/2025 - 16:33:29: [SM] Blaming: ÒankrunFixhealth.smx
L 12/23/2025 - 16:33:29: [SM] Call stack trace:
L 12/23/2025 - 16:33:29: [SM]   [0] GetConVarString
L 12/23/2025 - 16:33:29: [SM]   [1] Line 138, C:\Users\Moises\Downloads\Compressed\sourcemod-1.11.0-git6968-windows\addons\sourcemod\scripting\ÒankrunFixhealth.sp::IsTankRunActive
L 12/23/2025 - 16:33:29: [SM]   [2] Line 79, C:\Users\Moises\Downloads\Compressed\sourcemod-1.11.0-git6968-windows\addons\sourcemod\scripting\ÒankrunFixhealth.sp::Event_PlayerDeath
L 12/23/2025 - 16:33:31: [SM] Exception reported: Invalid convar handle 0 (error 4)
L 12/23/2025 - 16:33:31: [SM] Blaming: ÒankrunFixhealth.smx
L 12/23/2025 - 16:33:31: [SM] Call stack trace:
L 12/23/2025 - 16:33:31: [SM]   [0] GetConVarString
L 12/23/2025 - 16:33:31: [SM]   [1] Line 138, C:\Users\Moises\Downloads\Compressed\sourcemod-1.11.0-git6968-windows\addons\sourcemod\scripting\ÒankrunFixhealth.sp::IsTankRunActive
L 12/23/2025 - 16:33:31: [SM]   [2] Line 79, C:\Users\Moises\Downloads\Compressed\sourcemod-1.11.0-git6968-windows\addons\sourcemod\scripting\ÒankrunFixhealth.sp::Event_PlayerDeath
L 12/23/2025 - 16:33:35: [SM] Exception reported: Invalid convar handle 0 (error 4)
L 12/23/2025 - 16:33:35: [SM] Blaming: ÒankrunFixhealth.smx
L 12/23/2025 - 16:33:35: [SM] Call stack trace:
L 12/23/2025 - 16:33:35: [SM]   [0] GetConVarString
L 12/23/2025 - 16:33:35: [SM]   [1] Line 138, C:\Users\Moises\Downloads\Compressed\sourcemod-1.11.0-git6968-windows\addons\sourcemod\scripting\ÒankrunFixhealth.sp::IsTankRunActive
L 12/23/2025 - 16:33:35: [SM]   [2] Line 36, C:\Users\Moises\Downloads\Compressed\sourcemod-1.11.0-git6968-windows\addons\sourcemod\scripting\ÒankrunFixhealth.sp::Timer_PeriodicCheck
L 12/23/2025 - 16:33:36: [SM] Exception reported: Invalid timer handle c800044b (error 3)
L 12/23/2025 - 16:33:36: [SM] Blaming: l4d2_playerjoining_v2.smx
L 12/23/2025 - 16:33:36: [SM] Call stack trace:
L 12/23/2025 - 16:33:36: [SM]   [0] KillTimer
L 12/23/2025 - 16:33:36: [SM]   [1] Line 53, C:\Users\Moises\Downloads\Compressed\sourcemod-1.11.0-git6968-windows\addons\sourcemod\scripting\l4d2_playerjoining_v2.sp::OnClientDisconnect
L 12/23/2025 - 16:33:38: [SM] Exception reported: Language phrase "Please wait to be revived or rescued" not found (arg 6)
L 12/23/2025 - 16:33:38: [SM] Blaming: l4dmultislots.smx
L 12/23/2025 - 16:33:38: [SM] Call stack trace:
L 12/23/2025 - 16:33:38: [SM]   [0] PrintToChat
L 12/23/2025 - 16:33:38: [SM]   [1] Line 953, d:\Github\Private-Work\L4D2-Êèí‰ª∂\scripting_1.11\l4dmultislots.sp::Timer_SpecCheck
L 12/23/2025 - 16:33:45: [SM] Exception reported: Invalid convar handle 0 (error 4)
L 12/23/2025 - 16:33:45: [SM] Blaming: ÒankrunFixhealth.smx
L 12/23/2025 - 16:33:45: [SM] Call stack trace:
L 12/23/2025 - 16:33:45: [SM]   [0] GetConVarString
L 12/23/2025 - 16:33:45: [SM]   [1] Line 138, C:\Users\Moises\Downloads\Compressed\sourcemod-1.11.0-git6968-windows\addons\sourcemod\scripting\ÒankrunFixhealth.sp::IsTankRunActive
L 12/23/2025 - 16:33:45: [SM]   [2] Line 36, C:\Users\Moises\Downloads\Compressed\sourcemod-1.11.0-git6968-windows\addons\sourcemod\scripting\ÒankrunFixhealth.sp::Timer_PeriodicCheck
L 12/23/2025 - 16:33:55: [SM] Exception reported: Invalid convar handle 0 (error 4)
L 12/23/2025 - 16:33:55: [SM] Blaming: ÒankrunFixhealth.smx
L 12/23/2025 - 16:33:55: [SM] Call stack trace:
L 12/23/2025 - 16:33:55: [SM]   [0] GetConVarString
L 12/23/2025 - 16:33:55: [SM]   [1] Line 138, C:\Users\Moises\Downloads\Compressed\sourcemod-1.11.0-git6968-windows\addons\sourcemod\scripting\ÒankrunFixhealth.sp::IsTankRunActive
L 12/23/2025 - 16:33:55: [SM]   [2] Line 36, C:\Users\Moises\Downloads\Compressed\sourcemod-1.11.0-git6968-windows\addons\sourcemod\scripting\ÒankrunFixhealth.sp::Timer_PeriodicCheck
L 12/23/2025 - 16:33:57: [SM] Exception reported: Invalid timer handle 8f100479 (error 1)
L 12/23/2025 - 16:33:57: [SM] Blaming: l4d2_playerjoining_v2.smx
L 12/23/2025 - 16:33:57: [SM] Call stack trace:
L 12/23/2025 - 16:33:57: [SM]   [0] KillTimer
L 12/23/2025 - 16:33:57: [SM]   [1] Line 53, C:\Users\Moises\Downloads\Compressed\sourcemod-1.11.0-git6968-windows\addons\sourcemod\scripting\l4d2_playerjoining_v2.sp::OnClientDisconnect
L 12/23/2025 - 16:34:03: [SM] Exception reported: Language phrase "Please wait to be revived or rescued" not found (arg 6)
L 12/23/2025 - 16:34:03: [SM] Blaming: l4dmultislots.smx
L 12/23/2025 - 16:34:03: [SM] Call stack trace:
L 12/23/2025 - 16:34:03: [SM]   [0] PrintToChat
L 12/23/2025 - 16:34:03: [SM]   [1] Line 953, d:\Github\Private-Work\L4D2-Êèí‰ª∂\scripting_1.11\l4dmultislots.sp::Timer_SpecCheck
L 12/23/2025 - 16:34:05: [SM] Exception reported: Invalid convar handle 0 (error 4)
L 12/23/2025 - 16:34:05: [SM] Blaming: ÒankrunFixhealth.smx
L 12/23/2025 - 16:34:05: [SM] Call stack trace:
L 12/23/2025 - 16:34:05: [SM]   [0] GetConVarString
L 12/23/2025 - 16:34:05: [SM]   [1] Line 138, C:\Users\Moises\Downloads\Compressed\sourcemod-1.11.0-git6968-windows\addons\sourcemod\scripting\ÒankrunFixhealth.sp::IsTankRunActive
L 12/23/2025 - 16:34:05: [SM]   [2] Line 36, C:\Users\Moises\Downloads\Compressed\sourcemod-1.11.0-git6968-windows\addons\sourcemod\scripting\ÒankrunFixhealth.sp::Timer_PeriodicCheck
L 12/23/2025 - 16:34:10: [SM] Exception reported: Invalid convar handle 0 (error 4)
L 12/23/2025 - 16:34:10: [SM] Blaming: ÒankrunFixhealth.smx
L 12/23/2025 - 16:34:10: [SM] Call stack trace:
L 12/23/2025 - 16:34:10: [SM]   [0] GetConVarString
L 12/23/2025 - 16:34:10: [SM]   [1] Line 138, C:\Users\Moises\Downloads\Compressed\sourcemod-1.11.0-git6968-windows\addons\sourcemod\scripting\ÒankrunFixhealth.sp::IsTankRunActive
L 12/23/2025 - 16:34:10: [SM]   [2] Line 79, C:\Users\Moises\Downloads\Compressed\sourcemod-1.11.0-git6968-windows\addons\sourcemod\scripting\ÒankrunFixhealth.sp::Event_PlayerDeath
L 12/23/2025 - 16:34:15: [SM] Exception reported: Invalid convar handle 0 (error 4)
L 12/23/2025 - 16:34:15: [SM] Blaming: ÒankrunFixhealth.smx
L 12/23/2025 - 16:34:15: [SM] Call stack trace:
L 12/23/2025 - 16:34:15: [SM]   [0] GetConVarString
L 12/23/2025 - 16:34:15: [SM]   [1] Line 138, C:\Users\Moises\Downloads\Compressed\sourcemod-1.11.0-git6968-windows\addons\sourcemod\scripting\ÒankrunFixhealth.sp::IsTankRunActive
L 12/23/2025 - 16:34:15: [SM]   [2] Line 36, C:\Users\Moises\Downloads\Compressed\sourcemod-1.11.0-git6968-windows\addons\sourcemod\scripting\ÒankrunFixhealth.sp::Timer_PeriodicCheck
L 12/23/2025 - 16:34:25: [SM] Exception reported: Invalid convar handle 0 (error 4)
L 12/23/2025 - 16:34:25: [SM] Blaming: ÒankrunFixhealth.smx
L 12/23/2025 - 16:34:25: [SM] Call stack trace:
L 12/23/2025 - 16:34:25: [SM]   [0] GetConVarString
L 12/23/2025 - 16:34:25: [SM]   [1] Line 138, C:\Users\Moises\Downloads\Compressed\sourcemod-1.11.0-git6968-windows\addons\sourcemod\scripting\ÒankrunFixhealth.sp::IsTankRunActive
L 12/23/2025 - 16:34:25: [SM]   [2] Line 36, C:\Users\Moises\Downloads\Compressed\sourcemod-1.11.0-git6968-windows\addons\sourcemod\scripting\ÒankrunFixhealth.sp::Timer_PeriodicCheck
L 12/23/2025 - 16:34:28: [SM] Exception reported: Language phrase "Please wait to be revived or rescued" not found (arg 6)
L 12/23/2025 - 16:34:28: [SM] Blaming: l4dmultislots.smx
L 12/23/2025 - 16:34:28: [SM] Call stack trace:
L 12/23/2025 - 16:34:28: [SM]   [0] PrintToChat
L 12/23/2025 - 16:34:28: [SM]   [1] Line 953, d:\Github\Private-Work\L4D2-Êèí‰ª∂\scripting_1.11\l4dmultislots.sp::Timer_SpecCheck
L 12/23/2025 - 16:34:29: [SM] Exception reported: Invalid convar handle 0 (error 4)
L 12/23/2025 - 16:34:29: [SM] Blaming: ÒankrunFixhealth.smx
L 12/23/2025 - 16:34:29: [SM] Call stack trace:
L 12/23/2025 - 16:34:29: [SM]   [0] GetConVarString
L 12/23/2025 - 16:34:29: [SM]   [1] Line 138, C:\Users\Moises\Downloads\Compressed\sourcemod-1.11.0-git6968-windows\addons\sourcemod\scripting\ÒankrunFixhealth.sp::IsTankRunActive
L 12/23/2025 - 16:34:29: [SM]   [2] Line 79, C:\Users\Moises\Downloads\Compressed\sourcemod-1.11.0-git6968-windows\addons\sourcemod\scripting\ÒankrunFixhealth.sp::Event_PlayerDeath
L 12/23/2025 - 16:34:35: [SM] Exception reported: Invalid convar handle 0 (error 4)
L 12/23/2025 - 16:34:35: [SM] Blaming: ÒankrunFixhealth.smx
L 12/23/2025 - 16:34:35: [SM] Call stack trace:
L 12/23/2025 - 16:34:35: [SM]   [0] GetConVarString
L 12/23/2025 - 16:34:35: [SM]   [1] Line 138, C:\Users\Moises\Downloads\Compressed\sourcemod-1.11.0-git6968-windows\addons\sourcemod\scripting\ÒankrunFixhealth.sp::IsTankRunActive
L 12/23/2025 - 16:34:35: [SM]   [2] Line 36, C:\Users\Moises\Downloads\Compressed\sourcemod-1.11.0-git6968-windows\addons\sourcemod\scripting\ÒankrunFixhealth.sp::Timer_PeriodicCheck
L 12/23/2025 - 16:34:35: [SM] Exception reported: Invalid convar handle 0 (error 4)
L 12/23/2025 - 16:34:35: [SM] Blaming: ÒankrunFixhealth.smx
L 12/23/2025 - 16:34:35: [SM] Call stack trace:
L 12/23/2025 - 16:34:35: [SM]   [0] GetConVarString
L 12/23/2025 - 16:34:35: [SM]   [1] Line 138, C:\Users\Moises\Downloads\Compressed\sourcemod-1.11.0-git6968-windows\addons\sourcemod\scripting\ÒankrunFixhealth.sp::IsTankRunActive
L 12/23/2025 - 16:34:35: [SM]   [2] Line 79, C:\Users\Moises\Downloads\Compressed\sourcemod-1.11.0-git6968-windows\addons\sourcemod\scripting\ÒankrunFixhealth.sp::Event_PlayerDeath
L 12/23/2025 - 16:34:42: [SM] Exception reported: Invalid timer handle 8f100479 (error 1)
L 12/23/2025 - 16:34:42: [SM] Blaming: l4d2_playerjoining_v2.smx
L 12/23/2025 - 16:34:42: [SM] Call stack trace:
L 12/23/2025 - 16:34:42: [SM]   [0] KillTimer
L 12/23/2025 - 16:34:42: [SM]   [1] Line 53, C:\Users\Moises\Downloads\Compressed\sourcemod-1.11.0-git6968-windows\addons\sourcemod\scripting\l4d2_playerjoining_v2.sp::OnClientDisconnect
L 12/23/2025 - 16:34:45: [SM] Exception reported: Invalid convar handle 0 (error 4)
L 12/23/2025 - 16:34:45: [SM] Blaming: ÒankrunFixhealth.smx
L 12/23/2025 - 16:34:45: [SM] Call stack trace:
L 12/23/2025 - 16:34:45: [SM]   [0] GetConVarString
L 12/23/2025 - 16:34:45: [SM]   [1] Line 138, C:\Users\Moises\Downloads\Compressed\sourcemod-1.11.0-git6968-windows\addons\sourcemod\scripting\ÒankrunFixhealth.sp::IsTankRunActive
L 12/23/2025 - 16:34:45: [SM]   [2] Line 36, C:\Users\Moises\Downloads\Compressed\sourcemod-1.11.0-git6968-windows\addons\sourcemod\scripting\ÒankrunFixhealth.sp::Timer_PeriodicCheck
L 12/23/2025 - 16:34:52: [SM] Exception reported: Invalid timer handle da500496 (error 1)
L 12/23/2025 - 16:34:52: [SM] Blaming: l4d2_playerjoining_v2.smx
L 12/23/2025 - 16:34:52: [SM] Call stack trace:
L 12/23/2025 - 16:34:52: [SM]   [0] KillTimer
L 12/23/2025 - 16:34:52: [SM]   [1] Line 53, C:\Users\Moises\Downloads\Compressed\sourcemod-1.11.0-git6968-windows\addons\sourcemod\scripting\l4d2_playerjoining_v2.sp::OnClientDisconnect
L 12/23/2025 - 16:34:53: [SM] Exception reported: Language phrase "Please wait to be revived or rescued" not found (arg 6)
L 12/23/2025 - 16:34:53: [SM] Blaming: l4dmultislots.smx
L 12/23/2025 - 16:34:53: [SM] Call stack trace:
L 12/23/2025 - 16:34:53: [SM]   [0] PrintToChat
L 12/23/2025 - 16:34:53: [SM]   [1] Line 953, d:\Github\Private-Work\L4D2-Êèí‰ª∂\scripting_1.11\l4dmultislots.sp::Timer_SpecCheck
L 12/23/2025 - 16:34:55: [SM] Exception reported: Invalid convar handle 0 (error 4)
L 12/23/2025 - 16:34:55: [SM] Blaming: ÒankrunFixhealth.smx
L 12/23/2025 - 16:34:55: [SM] Call stack trace:
L 12/23/2025 - 16:34:55: [SM]   [0] GetConVarString
L 12/23/2025 - 16:34:55: [SM]   [1] Line 138, C:\Users\Moises\Downloads\Compressed\sourcemod-1.11.0-git6968-windows\addons\sourcemod\scripting\ÒankrunFixhealth.sp::IsTankRunActive
L 12/23/2025 - 16:34:55: [SM]   [2] Line 36, C:\Users\Moises\Downloads\Compressed\sourcemod-1.11.0-git6968-windows\addons\sourcemod\scripting\ÒankrunFixhealth.sp::Timer_PeriodicCheck
L 12/23/2025 - 16:35:05: [SM] Exception reported: Invalid convar handle 0 (error 4)
L 12/23/2025 - 16:35:05: [SM] Blaming: ÒankrunFixhealth.smx
L 12/23/2025 - 16:35:05: [SM] Call stack trace:
L 12/23/2025 - 16:35:05: [SM]   [0] GetConVarString
L 12/23/2025 - 16:35:05: [SM]   [1] Line 138, C:\Users\Moises\Downloads\Compressed\sourcemod-1.11.0-git6968-windows\addons\sourcemod\scripting\ÒankrunFixhealth.sp::IsTankRunActive
L 12/23/2025 - 16:35:05: [SM]   [2] Line 36, C:\Users\Moises\Downloads\Compressed\sourcemod-1.11.0-git6968-windows\addons\sourcemod\scripting\ÒankrunFixhealth.sp::Timer_PeriodicCheck
L 12/23/2025 - 16:35:15: [SM] Exception reported: Invalid convar handle 0 (error 4)
L 12/23/2025 - 16:35:15: [SM] Blaming: ÒankrunFixhealth.smx
L 12/23/2025 - 16:35:15: [SM] Call stack trace:
L 12/23/2025 - 16:35:15: [SM]   [0] GetConVarString
L 12/23/2025 - 16:35:15: [SM]   [1] Line 138, C:\Users\Moises\Downloads\Compressed\sourcemod-1.11.0-git6968-windows\addons\sourcemod\scripting\ÒankrunFixhealth.sp::IsTankRunActive
L 12/23/2025 - 16:35:15: [SM]   [2] Line 36, C:\Users\Moises\Downloads\Compressed\sourcemod-1.11.0-git6968-windows\addons\sourcemod\scripting\ÒankrunFixhealth.sp::Timer_PeriodicCheck
L 12/23/2025 - 16:35:18: [SM] Exception reported: Language phrase "Please wait to be revived or rescued" not found (arg 6)
L 12/23/2025 - 16:35:18: [SM] Blaming: l4dmultislots.smx
L 12/23/2025 - 16:35:18: [SM] Call stack trace:
L 12/23/2025 - 16:35:18: [SM]   [0] PrintToChat
L 12/23/2025 - 16:35:18: [SM]   [1] Line 953, d:\Github\Private-Work\L4D2-Êèí‰ª∂\scripting_1.11\l4dmultislots.sp::Timer_SpecCheck
L 12/23/2025 - 16:35:22: [SM] Exception reported: Invalid convar handle 0 (error 4)
L 12/23/2025 - 16:35:22: [SM] Blaming: ÒankrunFixhealth.smx
L 12/23/2025 - 16:35:22: [SM] Call stack trace:
L 12/23/2025 - 16:35:22: [SM]   [0] GetConVarString
L 12/23/2025 - 16:35:22: [SM]   [1] Line 138, C:\Users\Moises\Downloads\Compressed\sourcemod-1.11.0-git6968-windows\addons\sourcemod\scripting\ÒankrunFixhealth.sp::IsTankRunActive
L 12/23/2025 - 16:35:22: [SM]   [2] Line 79, C:\Users\Moises\Downloads\Compressed\sourcemod-1.11.0-git6968-windows\addons\sourcemod\scripting\ÒankrunFixhealth.sp::Event_PlayerDeath
L 12/23/2025 - 16:35:25: [SM] Exception reported: Invalid convar handle 0 (error 4)
L 12/23/2025 - 16:35:25: [SM] Blaming: ÒankrunFixhealth.smx
L 12/23/2025 - 16:35:25: [SM] Call stack trace:
L 12/23/2025 - 16:35:25: [SM]   [0] GetConVarString
L 12/23/2025 - 16:35:25: [SM]   [1] Line 138, C:\Users\Moises\Downloads\Compressed\sourcemod-1.11.0-git6968-windows\addons\sourcemod\scripting\ÒankrunFixhealth.sp::IsTankRunActive
L 12/23/2025 - 16:35:25: [SM]   [2] Line 36, C:\Users\Moises\Downloads\Compressed\sourcemod-1.11.0-git6968-windows\addons\sourcemod\scripting\ÒankrunFixhealth.sp::Timer_PeriodicCheck
L 12/23/2025 - 16:35:29: [SM] Exception reported: Invalid timer handle 7ba00494 (error 1)
L 12/23/2025 - 16:35:29: [SM] Blaming: l4d2_playerjoining_v2.smx
L 12/23/2025 - 16:35:29: [SM] Call stack trace:
L 12/23/2025 - 16:35:29: [SM]   [0] KillTimer
L 12/23/2025 - 16:35:29: [SM]   [1] Line 53, C:\Users\Moises\Downloads\Compressed\sourcemod-1.11.0-git6968-windows\addons\sourcemod\scripting\l4d2_playerjoining_v2.sp::OnClientDisconnect
L 12/23/2025 - 16:35:29: [SM] Exception reported: Invalid convar handle 0 (error 4)
L 12/23/2025 - 16:35:29: [SM] Blaming: ÒankrunFixhealth.smx
L 12/23/2025 - 16:35:29: [SM] Call stack trace:
L 12/23/2025 - 16:35:29: [SM]   [0] GetConVarString
L 12/23/2025 - 16:35:29: [SM]   [1] Line 138, C:\Users\Moises\Downloads\Compressed\sourcemod-1.11.0-git6968-windows\addons\sourcemod\scripting\ÒankrunFixhealth.sp::IsTankRunActive
L 12/23/2025 - 16:35:29: [SM]   [2] Line 79, C:\Users\Moises\Downloads\Compressed\sourcemod-1.11.0-git6968-windows\addons\sourcemod\scripting\ÒankrunFixhealth.sp::Event_PlayerDeath
L 12/23/2025 - 16:35:32: [SM] Exception reported: Invalid convar handle 0 (error 4)
L 12/23/2025 - 16:35:32: [SM] Blaming: ÒankrunFixhealth.smx
L 12/23/2025 - 16:35:32: [SM] Call stack trace:
L 12/23/2025 - 16:35:32: [SM]   [0] GetConVarString
L 12/23/2025 - 16:35:32: [SM]   [1] Line 138, C:\Users\Moises\Downloads\Compressed\sourcemod-1.11.0-git6968-windows\addons\sourcemod\scripting\ÒankrunFixhealth.sp::IsTankRunActive
L 12/23/2025 - 16:35:32: [SM]   [2] Line 79, C:\Users\Moises\Downloads\Compressed\sourcemod-1.11.0-git6968-windows\addons\sourcemod\scripting\ÒankrunFixhealth.sp::Event_PlayerDeath
L 12/23/2025 - 16:35:35: [SM] Exception reported: Invalid convar handle 0 (error 4)
L 12/23/2025 - 16:35:35: [SM] Blaming: ÒankrunFixhealth.smx
L 12/23/2025 - 16:35:35: [SM] Call stack trace:
L 12/23/2025 - 16:35:35: [SM]   [0] GetConVarString
L 12/23/2025 - 16:35:35: [SM]   [1] Line 138, C:\Users\Moises\Downloads\Compressed\sourcemod-1.11.0-git6968-windows\addons\sourcemod\scripting\ÒankrunFixhealth.sp::IsTankRunActive
L 12/23/2025 - 16:35:35: [SM]   [2] Line 36, C:\Users\Moises\Downloads\Compressed\sourcemod-1.11.0-git6968-windows\addons\sourcemod\scripting\ÒankrunFixhealth.sp::Timer_PeriodicCheck
L 12/23/2025 - 16:35:36: [SM] Exception reported: Invalid timer handle c800044b (error 3)
L 12/23/2025 - 16:35:36: [SM] Blaming: l4d2_playerjoining_v2.smx
L 12/23/2025 - 16:35:36: [SM] Call stack trace:
L 12/23/2025 - 16:35:36: [SM]   [0] KillTimer
L 12/23/2025 - 16:35:36: [SM]   [1] Line 53, C:\Users\Moises\Downloads\Compressed\sourcemod-1.11.0-git6968-windows\addons\sourcemod\scripting\l4d2_playerjoining_v2.sp::OnClientDisconnect
L 12/23/2025 - 16:35:39: [SM] Exception reported: Invalid timer handle ec900478 (error 1)
L 12/23/2025 - 16:35:39: [SM] Blaming: l4d2_playerjoining_v2.smx
L 12/23/2025 - 16:35:39: [SM] Call stack trace:
L 12/23/2025 - 16:35:39: [SM]   [0] KillTimer
L 12/23/2025 - 16:35:39: [SM]   [1] Line 53, C:\Users\Moises\Downloads\Compressed\sourcemod-1.11.0-git6968-windows\addons\sourcemod\scripting\l4d2_playerjoining_v2.sp::OnClientDisconnect
L 12/23/2025 - 16:35:43: [SM] Exception reported: Language phrase "Please wait to be revived or rescued" not found (arg 6)
L 12/23/2025 - 16:35:43: [SM] Blaming: l4dmultislots.smx
L 12/23/2025 - 16:35:43: [SM] Call stack trace:
L 12/23/2025 - 16:35:43: [SM]   [0] PrintToChat
L 12/23/2025 - 16:35:43: [SM]   [1] Line 953, d:\Github\Private-Work\L4D2-Êèí‰ª∂\scripting_1.11\l4dmultislots.sp::Timer_SpecCheck
L 12/23/2025 - 16:35:43: [SM] Exception reported: Invalid convar handle 0 (error 4)
L 12/23/2025 - 16:35:43: [SM] Blaming: ÒankrunFixhealth.smx
L 12/23/2025 - 16:35:43: [SM] Call stack trace:
L 12/23/2025 - 16:35:43: [SM]   [0] GetConVarString
L 12/23/2025 - 16:35:43: [SM]   [1] Line 138, C:\Users\Moises\Downloads\Compressed\sourcemod-1.11.0-git6968-windows\addons\sourcemod\scripting\ÒankrunFixhealth.sp::IsTankRunActive
L 12/23/2025 - 16:35:43: [SM]   [2] Line 71, C:\Users\Moises\Downloads\Compressed\sourcemod-1.11.0-git6968-windows\addons\sourcemod\scripting\ÒankrunFixhealth.sp::Event_MapTransition
L 12/23/2025 - 16:35:45: [SM] Exception reported: Invalid convar handle 0 (error 4)
L 12/23/2025 - 16:35:45: [SM] Blaming: ÒankrunFixhealth.smx
L 12/23/2025 - 16:35:45: [SM] Call stack trace:
L 12/23/2025 - 16:35:45: [SM]   [0] GetConVarString
L 12/23/2025 - 16:35:45: [SM]   [1] Line 138, C:\Users\Moises\Downloads\Compressed\sourcemod-1.11.0-git6968-windows\addons\sourcemod\scripting\ÒankrunFixhealth.sp::IsTankRunActive
L 12/23/2025 - 16:35:45: [SM]   [2] Line 36, C:\Users\Moises\Downloads\Compressed\sourcemod-1.11.0-git6968-windows\addons\sourcemod\scripting\ÒankrunFixhealth.sp::Timer_PeriodicCheck
L 12/23/2025 - 16:35:52: [SM] Exception reported: Invalid timer handle 8f100479 (error 1)
L 12/23/2025 - 16:35:52: [SM] Blaming: l4d2_playerjoining_v2.smx
L 12/23/2025 - 16:35:52: [SM] Call stack trace:
L 12/23/2025 - 16:35:52: [SM]   [0] KillTimer
L 12/23/2025 - 16:35:52: [SM]   [1] Line 53, C:\Users\Moises\Downloads\Compressed\sourcemod-1.11.0-git6968-windows\addons\sourcemod\scripting\l4d2_playerjoining_v2.sp::OnClientDisconnect
L 12/23/2025 - 16:35:52: [SM] Exception reported: Invalid timer handle a7700479 (error 1)
L 12/23/2025 - 16:35:52: [SM] Blaming: l4d2_playerjoining_v2.smx
L 12/23/2025 - 16:35:52: [SM] Call stack trace:
L 12/23/2025 - 16:35:52: [SM]   [0] KillTimer
L 12/23/2025 - 16:35:52: [SM]   [1] Line 53, C:\Users\Moises\Downloads\Compressed\sourcemod-1.11.0-git6968-windows\addons\sourcemod\scripting\l4d2_playerjoining_v2.sp::OnClientDisconnect
L 12/23/2025 - 16:35:52: [SM] Exception reported: Invalid timer handle da500496 (error 1)
L 12/23/2025 - 16:35:52: [SM] Blaming: l4d2_playerjoining_v2.smx
L 12/23/2025 - 16:35:52: [SM] Call stack trace:
L 12/23/2025 - 16:35:52: [SM]   [0] KillTimer
L 12/23/2025 - 16:35:52: [SM]   [1] Line 53, C:\Users\Moises\Downloads\Compressed\sourcemod-1.11.0-git6968-windows\addons\sourcemod\scripting\l4d2_playerjoining_v2.sp::OnClientDisconnect
L 12/23/2025 - 16:35:54: Error log file session closed.
L 12/23/2025 - 16:35:54: SourceMod error session started
L 12/23/2025 - 16:35:54: Info (map "c2m5_concert") (file "d:\steamlibrary\steamapps\common\left 4 dead 2\left4dead2\addons\sourcemod\logs\errors_20251223.log")
L 12/23/2025 - 16:35:54: [SM] Fatal error encountered parsing translation file "l4d_nth.phrases.txt"
L 12/23/2025 - 16:35:54: [SM] Error (line 0, column 0): Stream failed to open
L 12/23/2025 - 16:35:54: [SM] Fatal error encountered parsing translation file "chargersteering.phrases.txt"
L 12/23/2025 - 16:35:54: [SM] Error (line 0, column 0): Stream failed to open
L 12/23/2025 - 16:35:54: [SM] Fatal error encountered parsing translation file "l4dmultislots.phrases.txt"
L 12/23/2025 - 16:35:54: [SM] Error (line 0, column 0): Stream failed to open
L 12/23/2025 - 16:35:54: [SM] Fatal error encountered parsing translation file "lilac.phrases.txt"
L 12/23/2025 - 16:35:54: [SM] Error (line 0, column 0): Stream failed to open
L 12/23/2025 - 16:35:55: [SM] Exception reported: Invalid convar handle 0 (error 4)
L 12/23/2025 - 16:35:55: [SM] Blaming: ÒankrunFixhealth.smx
L 12/23/2025 - 16:35:55: [SM] Call stack trace:
L 12/23/2025 - 16:35:55: [SM]   [0] GetConVarString
L 12/23/2025 - 16:35:55: [SM]   [1] Line 138, C:\Users\Moises\Downloads\Compressed\sourcemod-1.11.0-git6968-windows\addons\sourcemod\scripting\ÒankrunFixhealth.sp::IsTankRunActive
L 12/23/2025 - 16:35:55: [SM]   [2] Line 54, C:\Users\Moises\Downloads\Compressed\sourcemod-1.11.0-git6968-windows\addons\sourcemod\scripting\ÒankrunFixhealth.sp::Event_RoundStart
L 12/23/2025 - 16:35:55: [l4d2_publicity.smx] [Publicity] No se encontraron mensajes en el archivo de configuraci√≥n
L 12/23/2025 - 16:36:00: [SM] Exception reported: Invalid convar handle 0 (error 4)
L 12/23/2025 - 16:36:00: [SM] Blaming: ÒankrunFixhealth.smx
L 12/23/2025 - 16:36:00: [SM] Call stack trace:
L 12/23/2025 - 16:36:00: [SM]   [0] GetConVarString
L 12/23/2025 - 16:36:00: [SM]   [1] Line 138, C:\Users\Moises\Downloads\Compressed\sourcemod-1.11.0-git6968-windows\addons\sourcemod\scripting\ÒankrunFixhealth.sp::IsTankRunActive
L 12/23/2025 - 16:36:00: [SM]   [2] Line 36, C:\Users\Moises\Downloads\Compressed\sourcemod-1.11.0-git6968-windows\addons\sourcemod\scripting\ÒankrunFixhealth.sp::Timer_PeriodicCheck
L 12/23/2025 - 16:36:13: [SM] Exception reported: Invalid convar handle 0 (error 4)
L 12/23/2025 - 16:36:13: [SM] Blaming: ÒankrunFixhealth.smx
L 12/23/2025 - 16:36:13: [SM] Call stack trace:
L 12/23/2025 - 16:36:13: [SM]   [0] GetConVarString
L 12/23/2025 - 16:36:13: [SM]   [1] Line 138, C:\Users\Moises\Downloads\Compressed\sourcemod-1.11.0-git6968-windows\addons\sourcemod\scripting\ÒankrunFixhealth.sp::IsTankRunActive
L 12/23/2025 - 16:36:13: [SM]   [2] Line 36, C:\Users\Moises\Downloads\Compressed\sourcemod-1.11.0-git6968-windows\addons\sourcemod\scripting\ÒankrunFixhealth.sp::Timer_PeriodicCheck
L 12/23/2025 - 16:36:14: [SM] Exception reported: Invalid timer handle c800044b (error 1)
L 12/23/2025 - 16:36:14: [SM] Blaming: l4d2_playerjoining_v2.smx
L 12/23/2025 - 16:36:14: [SM] Call stack trace:
L 12/23/2025 - 16:36:14: [SM]   [0] KillTimer
L 12/23/2025 - 16:36:14: [SM]   [1] Line 53, C:\Users\Moises\Downloads\Compressed\sourcemod-1.11.0-git6968-windows\addons\sourcemod\scripting\l4d2_playerjoining_v2.sp::OnClientDisconnect
L 12/23/2025 - 16:36:16: [SM] Exception reported: Invalid timer handle 8f100479 (error 1)
L 12/23/2025 - 16:36:16: [SM] Blaming: l4d2_playerjoining_v2.smx
L 12/23/2025 - 16:36:16: [SM] Call stack trace:
L 12/23/2025 - 16:36:16: [SM]   [0] KillTimer
L 12/23/2025 - 16:36:16: [SM]   [1] Line 53, C:\Users\Moises\Downloads\Compressed\sourcemod-1.11.0-git6968-windows\addons\sourcemod\scripting\l4d2_playerjoining_v2.sp::OnClientDisconnect
L 12/23/2025 - 16:36:22: [SM] Exception reported: Invalid timer handle ec900478 (error 1)
L 12/23/2025 - 16:36:22: [SM] Blaming: l4d2_playerjoining_v2.smx
L 12/23/2025 - 16:36:22: [SM] Call stack trace:
L 12/23/2025 - 16:36:22: [SM]   [0] KillTimer
L 12/23/2025 - 16:36:22: [SM]   [1] Line 53, C:\Users\Moises\Downloads\Compressed\sourcemod-1.11.0-git6968-windows\addons\sourcemod\scripting\l4d2_playerjoining_v2.sp::OnClientDisconnect
L 12/23/2025 - 16:36:24: [SM] Exception reported: Invalid convar handle 0 (error 4)
L 12/23/2025 - 16:36:24: [SM] Blaming: ÒankrunFixhealth.smx
L 12/23/2025 - 16:36:24: [SM] Call stack trace:
L 12/23/2025 - 16:36:24: [SM]   [0] GetConVarString
L 12/23/2025 - 16:36:24: [SM]   [1] Line 138, C:\Users\Moises\Downloads\Compressed\sourcemod-1.11.0-git6968-windows\addons\sourcemod\scripting\ÒankrunFixhealth.sp::IsTankRunActive
L 12/23/2025 - 16:36:24: [SM]   [2] Line 36, C:\Users\Moises\Downloads\Compressed\sourcemod-1.11.0-git6968-windows\addons\sourcemod\scripting\ÒankrunFixhealth.sp::Timer_PeriodicCheck
L 12/23/2025 - 16:36:34: [SM] Exception reported: Invalid convar handle 0 (error 4)
L 12/23/2025 - 16:36:34: [SM] Blaming: ÒankrunFixhealth.smx
L 12/23/2025 - 16:36:34: [SM] Call stack trace:
L 12/23/2025 - 16:36:34: [SM]   [0] GetConVarString
L 12/23/2025 - 16:36:34: [SM]   [1] Line 138, C:\Users\Moises\Downloads\Compressed\sourcemod-1.11.0-git6968-windows\addons\sourcemod\scripting\ÒankrunFixhealth.sp::IsTankRunActive
L 12/23/2025 - 16:36:34: [SM]   [2] Line 36, C:\Users\Moises\Downloads\Compressed\sourcemod-1.11.0-git6968-windows\addons\sourcemod\scripting\ÒankrunFixhealth.sp::Timer_PeriodicCheck
L 12/23/2025 - 16:36:38: [SM] Exception reported: Language phrase "Type in chat !join To join the survivors" not found (arg 6)
L 12/23/2025 - 16:36:38: [SM] Blaming: l4dmultislots.smx
L 12/23/2025 - 16:36:38: [SM] Call stack trace:
L 12/23/2025 - 16:36:38: [SM]   [0] VFormat
L 12/23/2025 - 16:36:38: [SM]   [1] Line 71, D:\Github\Private-Work\L4D2-Êèí‰ª∂\scripting_1.11\include\multicolors.inc::CPrintToChat
L 12/23/2025 - 16:36:38: [SM]   [2] Line 938, d:\Github\Private-Work\L4D2-Êèí‰ª∂\scripting_1.11\l4dmultislots.sp::Timer_SpecCheck
L 12/23/2025 - 16:36:38: [SM] Exception reported: Invalid timer handle c800044b (error 3)
L 12/23/2025 - 16:36:38: [SM] Blaming: l4d2_playerjoining_v2.smx
L 12/23/2025 - 16:36:38: [SM] Call stack trace:
L 12/23/2025 - 16:36:38: [SM]   [0] KillTimer
L 12/23/2025 - 16:36:38: [SM]   [1] Line 53, C:\Users\Moises\Downloads\Compressed\sourcemod-1.11.0-git6968-windows\addons\sourcemod\scripting\l4d2_playerjoining_v2.sp::OnClientDisconnect
L 12/23/2025 - 16:36:44: [SM] Exception reported: Invalid convar handle 0 (error 4)
L 12/23/2025 - 16:36:44: [SM] Blaming: ÒankrunFixhealth.smx
L 12/23/2025 - 16:36:44: [SM] Call stack trace:
L 12/23/2025 - 16:36:44: [SM]   [0] GetConVarString
L 12/23/2025 - 16:36:44: [SM]   [1] Line 138, C:\Users\Moises\Downloads\Compressed\sourcemod-1.11.0-git6968-windows\addons\sourcemod\scripting\ÒankrunFixhealth.sp::IsTankRunActive
L 12/23/2025 - 16:36:44: [SM]   [2] Line 36, C:\Users\Moises\Downloads\Compressed\sourcemod-1.11.0-git6968-windows\addons\sourcemod\scripting\ÒankrunFixhealth.sp::Timer_PeriodicCheck
L 12/23/2025 - 16:36:54: [SM] Exception reported: Invalid convar handle 0 (error 4)
L 12/23/2025 - 16:36:54: [SM] Blaming: ÒankrunFixhealth.smx
L 12/23/2025 - 16:36:54: [SM] Call stack trace:
L 12/23/2025 - 16:36:54: [SM]   [0] GetConVarString
L 12/23/2025 - 16:36:54: [SM]   [1] Line 138, C:\Users\Moises\Downloads\Compressed\sourcemod-1.11.0-git6968-windows\addons\sourcemod\scripting\ÒankrunFixhealth.sp::IsTankRunActive
L 12/23/2025 - 16:36:54: [SM]   [2] Line 36, C:\Users\Moises\Downloads\Compressed\sourcemod-1.11.0-git6968-windows\addons\sourcemod\scripting\ÒankrunFixhealth.sp::Timer_PeriodicCheck
L 12/23/2025 - 16:37:03: [SM] Exception reported: Language phrase "Type in chat !join To join the survivors" not found (arg 6)
L 12/23/2025 - 16:37:03: [SM] Blaming: l4dmultislots.smx
L 12/23/2025 - 16:37:03: [SM] Call stack trace:
L 12/23/2025 - 16:37:03: [SM]   [0] VFormat
L 12/23/2025 - 16:37:03: [SM]   [1] Line 71, D:\Github\Private-Work\L4D2-Êèí‰ª∂\scripting_1.11\include\multicolors.inc::CPrintToChat
L 12/23/2025 - 16:37:03: [SM]   [2] Line 938, d:\Github\Private-Work\L4D2-Êèí‰ª∂\scripting_1.11\l4dmultislots.sp::Timer_SpecCheck
L 12/23/2025 - 16:37:04: [SM] Exception reported: Invalid convar handle 0 (error 4)
L 12/23/2025 - 16:37:04: [SM] Blaming: ÒankrunFixhealth.smx
L 12/23/2025 - 16:37:04: [SM] Call stack trace:
L 12/23/2025 - 16:37:04: [SM]   [0] GetConVarString
L 12/23/2025 - 16:37:04: [SM]   [1] Line 138, C:\Users\Moises\Downloads\Compressed\sourcemod-1.11.0-git6968-windows\addons\sourcemod\scripting\ÒankrunFixhealth.sp::IsTankRunActive
L 12/23/2025 - 16:37:04: [SM]   [2] Line 36, C:\Users\Moises\Downloads\Compressed\sourcemod-1.11.0-git6968-windows\addons\sourcemod\scripting\ÒankrunFixhealth.sp::Timer_PeriodicCheck
L 12/23/2025 - 16:37:14: [SM] Exception reported: Invalid convar handle 0 (error 4)
L 12/23/2025 - 16:37:14: [SM] Blaming: ÒankrunFixhealth.smx
L 12/23/2025 - 16:37:14: [SM] Call stack trace:
L 12/23/2025 - 16:37:14: [SM]   [0] GetConVarString
L 12/23/2025 - 16:37:14: [SM]   [1] Line 138, C:\Users\Moises\Downloads\Compressed\sourcemod-1.11.0-git6968-windows\addons\sourcemod\scripting\ÒankrunFixhealth.sp::IsTankRunActive
L 12/23/2025 - 16:37:14: [SM]   [2] Line 36, C:\Users\Moises\Downloads\Compressed\sourcemod-1.11.0-git6968-windows\addons\sourcemod\scripting\ÒankrunFixhealth.sp::Timer_PeriodicCheck
L 12/23/2025 - 16:37:21: [SM] Exception reported: Invalid timer handle 7ba00494 (error 1)
L 12/23/2025 - 16:37:21: [SM] Blaming: l4d2_playerjoining_v2.smx
L 12/23/2025 - 16:37:21: [SM] Call stack trace:
L 12/23/2025 - 16:37:21: [SM]   [0] KillTimer
L 12/23/2025 - 16:37:21: [SM]   [1] Line 53, C:\Users\Moises\Downloads\Compressed\sourcemod-1.11.0-git6968-windows\addons\sourcemod\scripting\l4d2_playerjoining_v2.sp::OnClientDisconnect
L 12/23/2025 - 16:37:24: [SM] Exception reported: Invalid convar handle 0 (error 4)
L 12/23/2025 - 16:37:24: [SM] Blaming: ÒankrunFixhealth.smx
L 12/23/2025 - 16:37:24: [SM] Call stack trace:
L 12/23/2025 - 16:37:24: [SM]   [0] GetConVarString
L 12/23/2025 - 16:37:24: [SM]   [1] Line 138, C:\Users\Moises\Downloads\Compressed\sourcemod-1.11.0-git6968-windows\addons\sourcemod\scripting\ÒankrunFixhealth.sp::IsTankRunActive
L 12/23/2025 - 16:37:24: [SM]   [2] Line 36, C:\Users\Moises\Downloads\Compressed\sourcemod-1.11.0-git6968-windows\addons\sourcemod\scripting\ÒankrunFixhealth.sp::Timer_PeriodicCheck
L 12/23/2025 - 16:37:28: [SM] Exception reported: Language phrase "Type in chat !join To join the survivors" not found (arg 6)
L 12/23/2025 - 16:37:28: [SM] Blaming: l4dmultislots.smx
L 12/23/2025 - 16:37:28: [SM] Call stack trace:
L 12/23/2025 - 16:37:28: [SM]   [0] VFormat
L 12/23/2025 - 16:37:28: [SM]   [1] Line 71, D:\Github\Private-Work\L4D2-Êèí‰ª∂\scripting_1.11\include\multicolors.inc::CPrintToChat
L 12/23/2025 - 16:37:28: [SM]   [2] Line 938, d:\Github\Private-Work\L4D2-Êèí‰ª∂\scripting_1.11\l4dmultislots.sp::Timer_SpecCheck
L 12/23/2025 - 16:37:32: [SM] Exception reported: Invalid timer handle ec900478 (error 1)
L 12/23/2025 - 16:37:32: [SM] Blaming: l4d2_playerjoining_v2.smx
L 12/23/2025 - 16:37:32: [SM] Call stack trace:
L 12/23/2025 - 16:37:32: [SM]   [0] KillTimer
L 12/23/2025 - 16:37:32: [SM]   [1] Line 53, C:\Users\Moises\Downloads\Compressed\sourcemod-1.11.0-git6968-windows\addons\sourcemod\scripting\l4d2_playerjoining_v2.sp::OnClientDisconnect
L 12/23/2025 - 16:37:34: [SM] Exception reported: Invalid convar handle 0 (error 4)
L 12/23/2025 - 16:37:34: [SM] Blaming: ÒankrunFixhealth.smx
L 12/23/2025 - 16:37:34: [SM] Call stack trace:
L 12/23/2025 - 16:37:34: [SM]   [0] GetConVarString
L 12/23/2025 - 16:37:34: [SM]   [1] Line 138, C:\Users\Moises\Downloads\Compressed\sourcemod-1.11.0-git6968-windows\addons\sourcemod\scripting\ÒankrunFixhealth.sp::IsTankRunActive
L 12/23/2025 - 16:37:34: [SM]   [2] Line 36, C:\Users\Moises\Downloads\Compressed\sourcemod-1.11.0-git6968-windows\addons\sourcemod\scripting\ÒankrunFixhealth.sp::Timer_PeriodicCheck
L 12/23/2025 - 16:37:39: [SM] Exception reported: Invalid convar handle 0 (error 4)
L 12/23/2025 - 16:37:39: [SM] Blaming: ÒankrunFixhealth.smx
L 12/23/2025 - 16:37:39: [SM] Call stack trace:
L 12/23/2025 - 16:37:39: [SM]   [0] GetConVarString
L 12/23/2025 - 16:37:39: [SM]   [1] Line 138, C:\Users\Moises\Downloads\Compressed\sourcemod-1.11.0-git6968-windows\addons\sourcemod\scripting\ÒankrunFixhealth.sp::IsTankRunActive
L 12/23/2025 - 16:37:39: [SM]   [2] Line 79, C:\Users\Moises\Downloads\Compressed\sourcemod-1.11.0-git6968-windows\addons\sourcemod\scripting\ÒankrunFixhealth.sp::Event_PlayerDeath
L 12/23/2025 - 16:37:44: [SM] Exception reported: Invalid convar handle 0 (error 4)
L 12/23/2025 - 16:37:44: [SM] Blaming: ÒankrunFixhealth.smx
L 12/23/2025 - 16:37:44: [SM] Call stack trace:
L 12/23/2025 - 16:37:44: [SM]   [0] GetConVarString
L 12/23/2025 - 16:37:44: [SM]   [1] Line 138, C:\Users\Moises\Downloads\Compressed\sourcemod-1.11.0-git6968-windows\addons\sourcemod\scripting\ÒankrunFixhealth.sp::IsTankRunActive
L 12/23/2025 - 16:37:44: [SM]   [2] Line 36, C:\Users\Moises\Downloads\Compressed\sourcemod-1.11.0-git6968-windows\addons\sourcemod\scripting\ÒankrunFixhealth.sp::Timer_PeriodicCheck
L 12/23/2025 - 16:37:46: [SM] Exception reported: Invalid timer handle 7ba00494 (error 1)
L 12/23/2025 - 16:37:46: [SM] Blaming: l4d2_playerjoining_v2.smx
L 12/23/2025 - 16:37:46: [SM] Call stack trace:
L 12/23/2025 - 16:37:46: [SM]   [0] KillTimer
L 12/23/2025 - 16:37:46: [SM]   [1] Line 53, C:\Users\Moises\Downloads\Compressed\sourcemod-1.11.0-git6968-windows\addons\sourcemod\scripting\l4d2_playerjoining_v2.sp::OnClientDisconnect
L 12/23/2025 - 16:37:54: [SM] Exception reported: Invalid convar handle 0 (error 4)
L 12/23/2025 - 16:37:54: [SM] Blaming: ÒankrunFixhealth.smx
L 12/23/2025 - 16:37:54: [SM] Call stack trace:
L 12/23/2025 - 16:37:54: [SM]   [0] GetConVarString
L 12/23/2025 - 16:37:54: [SM]   [1] Line 138, C:\Users\Moises\Downloads\Compressed\sourcemod-1.11.0-git6968-windows\addons\sourcemod\scripting\ÒankrunFixhealth.sp::IsTankRunActive
L 12/23/2025 - 16:37:54: [SM]   [2] Line 36, C:\Users\Moises\Downloads\Compressed\sourcemod-1.11.0-git6968-windows\addons\sourcemod\scripting\ÒankrunFixhealth.sp::Timer_PeriodicCheck
L 12/23/2025 - 16:38:02: [SM] Exception reported: Invalid convar handle 0 (error 4)
L 12/23/2025 - 16:38:02: [SM] Blaming: ÒankrunFixhealth.smx
L 12/23/2025 - 16:38:02: [SM] Call stack trace:
L 12/23/2025 - 16:38:02: [SM]   [0] GetConVarString
L 12/23/2025 - 16:38:02: [SM]   [1] Line 138, C:\Users\Moises\Downloads\Compressed\sourcemod-1.11.0-git6968-windows\addons\sourcemod\scripting\ÒankrunFixhealth.sp::IsTankRunActive
L 12/23/2025 - 16:38:02: [SM]   [2] Line 79, C:\Users\Moises\Downloads\Compressed\sourcemod-1.11.0-git6968-windows\addons\sourcemod\scripting\ÒankrunFixhealth.sp::Event_PlayerDeath
L 12/23/2025 - 16:38:04: [SM] Exception reported: Invalid convar handle 0 (error 4)
L 12/23/2025 - 16:38:04: [SM] Blaming: ÒankrunFixhealth.smx
L 12/23/2025 - 16:38:04: [SM] Call stack trace:
L 12/23/2025 - 16:38:04: [SM]   [0] GetConVarString
L 12/23/2025 - 16:38:04: [SM]   [1] Line 138, C:\Users\Moises\Downloads\Compressed\sourcemod-1.11.0-git6968-windows\addons\sourcemod\scripting\ÒankrunFixhealth.sp::IsTankRunActive
L 12/23/2025 - 16:38:04: [SM]   [2] Line 36, C:\Users\Moises\Downloads\Compressed\sourcemod-1.11.0-git6968-windows\addons\sourcemod\scripting\ÒankrunFixhealth.sp::Timer_PeriodicCheck
L 12/23/2025 - 16:38:09: [SM] Exception reported: Invalid timer handle c800044b (error 3)
L 12/23/2025 - 16:38:09: [SM] Blaming: l4d2_playerjoining_v2.smx
L 12/23/2025 - 16:38:09: [SM] Call stack trace:
L 12/23/2025 - 16:38:09: [SM]   [0] KillTimer
L 12/23/2025 - 16:38:09: [SM]   [1] Line 53, C:\Users\Moises\Downloads\Compressed\sourcemod-1.11.0-git6968-windows\addons\sourcemod\scripting\l4d2_playerjoining_v2.sp::OnClientDisconnect
L 12/23/2025 - 16:38:14: [SM] Exception reported: Invalid convar handle 0 (error 4)
L 12/23/2025 - 16:38:14: [SM] Blaming: ÒankrunFixhealth.smx
L 12/23/2025 - 16:38:14: [SM] Call stack trace:
L 12/23/2025 - 16:38:14: [SM]   [0] GetConVarString
L 12/23/2025 - 16:38:14: [SM]   [1] Line 138, C:\Users\Moises\Downloads\Compressed\sourcemod-1.11.0-git6968-windows\addons\sourcemod\scripting\ÒankrunFixhealth.sp::IsTankRunActive
L 12/23/2025 - 16:38:14: [SM]   [2] Line 36, C:\Users\Moises\Downloads\Compressed\sourcemod-1.11.0-git6968-windows\addons\sourcemod\scripting\ÒankrunFixhealth.sp::Timer_PeriodicCheck
L 12/23/2025 - 16:38:21: [SM] Exception reported: Invalid convar handle 0 (error 4)
L 12/23/2025 - 16:38:21: [SM] Blaming: ÒankrunFixhealth.smx
L 12/23/2025 - 16:38:21: [SM] Call stack trace:
L 12/23/2025 - 16:38:21: [SM]   [0] GetConVarString
L 12/23/2025 - 16:38:21: [SM]   [1] Line 138, C:\Users\Moises\Downloads\Compressed\sourcemod-1.11.0-git6968-windows\addons\sourcemod\scripting\ÒankrunFixhealth.sp::IsTankRunActive
L 12/23/2025 - 16:38:21: [SM]   [2] Line 79, C:\Users\Moises\Downloads\Compressed\sourcemod-1.11.0-git6968-windows\addons\sourcemod\scripting\ÒankrunFixhealth.sp::Event_PlayerDeath
L 12/23/2025 - 16:38:24: [SM] Exception reported: Invalid convar handle 0 (error 4)
L 12/23/2025 - 16:38:24: [SM] Blaming: ÒankrunFixhealth.smx
L 12/23/2025 - 16:38:24: [SM] Call stack trace:
L 12/23/2025 - 16:38:24: [SM]   [0] GetConVarString
L 12/23/2025 - 16:38:24: [SM]   [1] Line 138, C:\Users\Moises\Downloads\Compressed\sourcemod-1.11.0-git6968-windows\addons\sourcemod\scripting\ÒankrunFixhealth.sp::IsTankRunActive
L 12/23/2025 - 16:38:24: [SM]   [2] Line 36, C:\Users\Moises\Downloads\Compressed\sourcemod-1.11.0-git6968-windows\addons\sourcemod\scripting\ÒankrunFixhealth.sp::Timer_PeriodicCheck
L 12/23/2025 - 16:38:25: [SM] Exception reported: Invalid convar handle 0 (error 4)
L 12/23/2025 - 16:38:25: [SM] Blaming: ÒankrunFixhealth.smx
L 12/23/2025 - 16:38:25: [SM] Call stack trace:
L 12/23/2025 - 16:38:25: [SM]   [0] GetConVarString
L 12/23/2025 - 16:38:25: [SM]   [1] Line 138, C:\Users\Moises\Downloads\Compressed\sourcemod-1.11.0-git6968-windows\addons\sourcemod\scripting\ÒankrunFixhealth.sp::IsTankRunActive
L 12/23/2025 - 16:38:25: [SM]   [2] Line 79, C:\Users\Moises\Downloads\Compressed\sourcemod-1.11.0-git6968-windows\addons\sourcemod\scripting\ÒankrunFixhealth.sp::Event_PlayerDeath
L 12/23/2025 - 16:38:28: [SM] Exception reported: Invalid timer handle 7ba00494 (error 1)
L 12/23/2025 - 16:38:28: [SM] Blaming: l4d2_playerjoining_v2.smx
L 12/23/2025 - 16:38:28: [SM] Call stack trace:
L 12/23/2025 - 16:38:28: [SM]   [0] KillTimer
L 12/23/2025 - 16:38:28: [SM]   [1] Line 53, C:\Users\Moises\Downloads\Compressed\sourcemod-1.11.0-git6968-windows\addons\sourcemod\scripting\l4d2_playerjoining_v2.sp::OnClientDisconnect
L 12/23/2025 - 16:38:32: [SM] Exception reported: Invalid timer handle ec900478 (error 3)
L 12/23/2025 - 16:38:32: [SM] Blaming: l4d2_playerjoining_v2.smx
L 12/23/2025 - 16:38:32: [SM] Call stack trace:
L 12/23/2025 - 16:38:32: [SM]   [0] KillTimer
L 12/23/2025 - 16:38:32: [SM]   [1] Line 53, C:\Users\Moises\Downloads\Compressed\sourcemod-1.11.0-git6968-windows\addons\sourcemod\scripting\l4d2_playerjoining_v2.sp::OnClientDisconnect
L 12/23/2025 - 16:38:34: [SM] Exception reported: Invalid convar handle 0 (error 4)
L 12/23/2025 - 16:38:34: [SM] Blaming: ÒankrunFixhealth.smx
L 12/23/2025 - 16:38:34: [SM] Call stack trace:
L 12/23/2025 - 16:38:34: [SM]   [0] GetConVarString
L 12/23/2025 - 16:38:34: [SM]   [1] Line 138, C:\Users\Moises\Downloads\Compressed\sourcemod-1.11.0-git6968-windows\addons\sourcemod\scripting\ÒankrunFixhealth.sp::IsTankRunActive
L 12/23/2025 - 16:38:34: [SM]   [2] Line 36, C:\Users\Moises\Downloads\Compressed\sourcemod-1.11.0-git6968-windows\addons\sourcemod\scripting\ÒankrunFixhealth.sp::Timer_PeriodicCheck
L 12/23/2025 - 16:38:44: [SM] Exception reported: Invalid convar handle 0 (error 4)
L 12/23/2025 - 16:38:44: [SM] Blaming: ÒankrunFixhealth.smx
L 12/23/2025 - 16:38:44: [SM] Call stack trace:
L 12/23/2025 - 16:38:44: [SM]   [0] GetConVarString
L 12/23/2025 - 16:38:44: [SM]   [1] Line 138, C:\Users\Moises\Downloads\Compressed\sourcemod-1.11.0-git6968-windows\addons\sourcemod\scripting\ÒankrunFixhealth.sp::IsTankRunActive
L 12/23/2025 - 16:38:44: [SM]   [2] Line 36, C:\Users\Moises\Downloads\Compressed\sourcemod-1.11.0-git6968-windows\addons\sourcemod\scripting\ÒankrunFixhealth.sp::Timer_PeriodicCheck
L 12/23/2025 - 16:38:54: [SM] Exception reported: Invalid convar handle 0 (error 4)
L 12/23/2025 - 16:38:54: [SM] Blaming: ÒankrunFixhealth.smx
L 12/23/2025 - 16:38:54: [SM] Call stack trace:
L 12/23/2025 - 16:38:54: [SM]   [0] GetConVarString
L 12/23/2025 - 16:38:54: [SM]   [1] Line 138, C:\Users\Moises\Downloads\Compressed\sourcemod-1.11.0-git6968-windows\addons\sourcemod\scripting\ÒankrunFixhealth.sp::IsTankRunActive
L 12/23/2025 - 16:38:54: [SM]   [2] Line 36, C:\Users\Moises\Downloads\Compressed\sourcemod-1.11.0-git6968-windows\addons\sourcemod\scripting\ÒankrunFixhealth.sp::Timer_PeriodicCheck
L 12/23/2025 - 16:39:04: [SM] Exception reported: Invalid convar handle 0 (error 4)
L 12/23/2025 - 16:39:04: [SM] Blaming: ÒankrunFixhealth.smx
L 12/23/2025 - 16:39:04: [SM] Call stack trace:
L 12/23/2025 - 16:39:04: [SM]   [0] GetConVarString
L 12/23/2025 - 16:39:04: [SM]   [1] Line 138, C:\Users\Moises\Downloads\Compressed\sourcemod-1.11.0-git6968-windows\addons\sourcemod\scripting\ÒankrunFixhealth.sp::IsTankRunActive
L 12/23/2025 - 16:39:04: [SM]   [2] Line 36, C:\Users\Moises\Downloads\Compressed\sourcemod-1.11.0-git6968-windows\addons\sourcemod\scripting\ÒankrunFixhealth.sp::Timer_PeriodicCheck
L 12/23/2025 - 16:39:14: [SM] Exception reported: Invalid convar handle 0 (error 4)
L 12/23/2025 - 16:39:14: [SM] Blaming: ÒankrunFixhealth.smx
L 12/23/2025 - 16:39:14: [SM] Call stack trace:
L 12/23/2025 - 16:39:14: [SM]   [0] GetConVarString
L 12/23/2025 - 16:39:14: [SM]   [1] Line 138, C:\Users\Moises\Downloads\Compressed\sourcemod-1.11.0-git6968-windows\addons\sourcemod\scripting\ÒankrunFixhealth.sp::IsTankRunActive
L 12/23/2025 - 16:39:14: [SM]   [2] Line 36, C:\Users\Moises\Downloads\Compressed\sourcemod-1.11.0-git6968-windows\addons\sourcemod\scripting\ÒankrunFixhealth.sp::Timer_PeriodicCheck
L 12/23/2025 - 16:39:24: [SM] Exception reported: Invalid convar handle 0 (error 4)
L 12/23/2025 - 16:39:24: [SM] Blaming: ÒankrunFixhealth.smx
L 12/23/2025 - 16:39:24: [SM] Call stack trace:
L 12/23/2025 - 16:39:24: [SM]   [0] GetConVarString
L 12/23/2025 - 16:39:24: [SM]   [1] Line 138, C:\Users\Moises\Downloads\Compressed\sourcemod-1.11.0-git6968-windows\addons\sourcemod\scripting\ÒankrunFixhealth.sp::IsTankRunActive
L 12/23/2025 - 16:39:24: [SM]   [2] Line 36, C:\Users\Moises\Downloads\Compressed\sourcemod-1.11.0-git6968-windows\addons\sourcemod\scripting\ÒankrunFixhealth.sp::Timer_PeriodicCheck
L 12/23/2025 - 16:39:26: [SM] Exception reported: Invalid convar handle 0 (error 4)
L 12/23/2025 - 16:39:26: [SM] Blaming: ÒankrunFixhealth.smx
L 12/23/2025 - 16:39:26: [SM] Call stack trace:
L 12/23/2025 - 16:39:26: [SM]   [0] GetConVarString
L 12/23/2025 - 16:39:26: [SM]   [1] Line 138, C:\Users\Moises\Downloads\Compressed\sourcemod-1.11.0-git6968-windows\addons\sourcemod\scripting\ÒankrunFixhealth.sp::IsTankRunActive
L 12/23/2025 - 16:39:26: [SM]   [2] Line 79, C:\Users\Moises\Downloads\Compressed\sourcemod-1.11.0-git6968-windows\addons\sourcemod\scripting\ÒankrunFixhealth.sp::Event_PlayerDeath
L 12/23/2025 - 16:39:30: [SM] Exception reported: Invalid convar handle 0 (error 4)
L 12/23/2025 - 16:39:30: [SM] Blaming: ÒankrunFixhealth.smx
L 12/23/2025 - 16:39:30: [SM] Call stack trace:
L 12/23/2025 - 16:39:30: [SM]   [0] GetConVarString
L 12/23/2025 - 16:39:30: [SM]   [1] Line 138, C:\Users\Moises\Downloads\Compressed\sourcemod-1.11.0-git6968-windows\addons\sourcemod\scripting\ÒankrunFixhealth.sp::IsTankRunActive
L 12/23/2025 - 16:39:30: [SM]   [2] Line 79, C:\Users\Moises\Downloads\Compressed\sourcemod-1.11.0-git6968-windows\addons\sourcemod\scripting\ÒankrunFixhealth.sp::Event_PlayerDeath
L 12/23/2025 - 16:39:33: [SM] Exception reported: Invalid timer handle c800044b (error 3)
L 12/23/2025 - 16:39:33: [SM] Blaming: l4d2_playerjoining_v2.smx
L 12/23/2025 - 16:39:33: [SM] Call stack trace:
L 12/23/2025 - 16:39:33: [SM]   [0] KillTimer
L 12/23/2025 - 16:39:33: [SM]   [1] Line 53, C:\Users\Moises\Downloads\Compressed\sourcemod-1.11.0-git6968-windows\addons\sourcemod\scripting\l4d2_playerjoining_v2.sp::OnClientDisconnect
L 12/23/2025 - 16:39:34: [SM] Exception reported: Invalid convar handle 0 (error 4)
L 12/23/2025 - 16:39:34: [SM] Blaming: ÒankrunFixhealth.smx
L 12/23/2025 - 16:39:34: [SM] Call stack trace:
L 12/23/2025 - 16:39:34: [SM]   [0] GetConVarString
L 12/23/2025 - 16:39:34: [SM]   [1] Line 138, C:\Users\Moises\Downloads\Compressed\sourcemod-1.11.0-git6968-windows\addons\sourcemod\scripting\ÒankrunFixhealth.sp::IsTankRunActive
L 12/23/2025 - 16:39:34: [SM]   [2] Line 36, C:\Users\Moises\Downloads\Compressed\sourcemod-1.11.0-git6968-windows\addons\sourcemod\scripting\ÒankrunFixhealth.sp::Timer_PeriodicCheck
L 12/23/2025 - 16:39:36: [SM] Exception reported: Invalid timer handle 7ba00494 (error 3)
L 12/23/2025 - 16:39:36: [SM] Blaming: l4d2_playerjoining_v2.smx
L 12/23/2025 - 16:39:36: [SM] Call stack trace:
L 12/23/2025 - 16:39:36: [SM]   [0] KillTimer
L 12/23/2025 - 16:39:36: [SM]   [1] Line 53, C:\Users\Moises\Downloads\Compressed\sourcemod-1.11.0-git6968-windows\addons\sourcemod\scripting\l4d2_playerjoining_v2.sp::OnClientDisconnect
L 12/23/2025 - 16:39:44: [SM] Exception reported: Invalid convar handle 0 (error 4)
L 12/23/2025 - 16:39:44: [SM] Blaming: ÒankrunFixhealth.smx
L 12/23/2025 - 16:39:44: [SM] Call stack trace:
L 12/23/2025 - 16:39:44: [SM]   [0] GetConVarString
L 12/23/2025 - 16:39:44: [SM]   [1] Line 138, C:\Users\Moises\Downloads\Compressed\sourcemod-1.11.0-git6968-windows\addons\sourcemod\scripting\ÒankrunFixhealth.sp::IsTankRunActive
L 12/23/2025 - 16:39:44: [SM]   [2] Line 36, C:\Users\Moises\Downloads\Compressed\sourcemod-1.11.0-git6968-windows\addons\sourcemod\scripting\ÒankrunFixhealth.sp::Timer_PeriodicCheck
L 12/23/2025 - 16:39:54: [SM] Exception reported: Invalid convar handle 0 (error 4)
L 12/23/2025 - 16:39:54: [SM] Blaming: ÒankrunFixhealth.smx
L 12/23/2025 - 16:39:54: [SM] Call stack trace:
L 12/23/2025 - 16:39:54: [SM]   [0] GetConVarString
L 12/23/2025 - 16:39:54: [SM]   [1] Line 138, C:\Users\Moises\Downloads\Compressed\sourcemod-1.11.0-git6968-windows\addons\sourcemod\scripting\ÒankrunFixhealth.sp::IsTankRunActive
L 12/23/2025 - 16:39:54: [SM]   [2] Line 36, C:\Users\Moises\Downloads\Compressed\sourcemod-1.11.0-git6968-windows\addons\sourcemod\scripting\ÒankrunFixhealth.sp::Timer_PeriodicCheck
L 12/23/2025 - 16:40:04: [SM] Exception reported: Invalid convar handle 0 (error 4)
L 12/23/2025 - 16:40:04: [SM] Blaming: ÒankrunFixhealth.smx
L 12/23/2025 - 16:40:04: [SM] Call stack trace:
L 12/23/2025 - 16:40:04: [SM]   [0] GetConVarString
L 12/23/2025 - 16:40:04: [SM]   [1] Line 138, C:\Users\Moises\Downloads\Compressed\sourcemod-1.11.0-git6968-windows\addons\sourcemod\scripting\ÒankrunFixhealth.sp::IsTankRunActive
L 12/23/2025 - 16:40:04: [SM]   [2] Line 36, C:\Users\Moises\Downloads\Compressed\sourcemod-1.11.0-git6968-windows\addons\sourcemod\scripting\ÒankrunFixhealth.sp::Timer_PeriodicCheck
L 12/23/2025 - 16:40:05: [SM] Exception reported: Invalid convar handle 0 (error 4)
L 12/23/2025 - 16:40:05: [SM] Blaming: ÒankrunFixhealth.smx
L 12/23/2025 - 16:40:05: [SM] Call stack trace:
L 12/23/2025 - 16:40:05: [SM]   [0] GetConVarString
L 12/23/2025 - 16:40:05: [SM]   [1] Line 138, C:\Users\Moises\Downloads\Compressed\sourcemod-1.11.0-git6968-windows\addons\sourcemod\scripting\ÒankrunFixhealth.sp::IsTankRunActive
L 12/23/2025 - 16:40:05: [SM]   [2] Line 79, C:\Users\Moises\Downloads\Compressed\sourcemod-1.11.0-git6968-windows\addons\sourcemod\scripting\ÒankrunFixhealth.sp::Event_PlayerDeath
L 12/23/2025 - 16:40:12: [SM] Exception reported: Invalid convar handle 0 (error 4)
L 12/23/2025 - 16:40:12: [SM] Blaming: ÒankrunFixhealth.smx
L 12/23/2025 - 16:40:12: [SM] Call stack trace:
L 12/23/2025 - 16:40:12: [SM]   [0] GetConVarString
L 12/23/2025 - 16:40:12: [SM]   [1] Line 138, C:\Users\Moises\Downloads\Compressed\sourcemod-1.11.0-git6968-windows\addons\sourcemod\scripting\ÒankrunFixhealth.sp::IsTankRunActive
L 12/23/2025 - 16:40:12: [SM]   [2] Line 79, C:\Users\Moises\Downloads\Compressed\sourcemod-1.11.0-git6968-windows\addons\sourcemod\scripting\ÒankrunFixhealth.sp::Event_PlayerDeath
L 12/23/2025 - 16:40:13: [SM] Exception reported: Invalid convar handle 0 (error 4)
L 12/23/2025 - 16:40:13: [SM] Blaming: ÒankrunFixhealth.smx
L 12/23/2025 - 16:40:13: [SM] Call stack trace:
L 12/23/2025 - 16:40:13: [SM]   [0] GetConVarString
L 12/23/2025 - 16:40:13: [SM]   [1] Line 138, C:\Users\Moises\Downloads\Compressed\sourcemod-1.11.0-git6968-windows\addons\sourcemod\scripting\ÒankrunFixhealth.sp::IsTankRunActive
L 12/23/2025 - 16:40:13: [SM]   [2] Line 79, C:\Users\Moises\Downloads\Compressed\sourcemod-1.11.0-git6968-windows\addons\sourcemod\scripting\ÒankrunFixhealth.sp::Event_PlayerDeath
L 12/23/2025 - 16:40:14: [SM] Exception reported: Invalid convar handle 0 (error 4)
L 12/23/2025 - 16:40:14: [SM] Blaming: ÒankrunFixhealth.smx
L 12/23/2025 - 16:40:14: [SM] Call stack trace:
L 12/23/2025 - 16:40:14: [SM]   [0] GetConVarString
L 12/23/2025 - 16:40:14: [SM]   [1] Line 138, C:\Users\Moises\Downloads\Compressed\sourcemod-1.11.0-git6968-windows\addons\sourcemod\scripting\ÒankrunFixhealth.sp::IsTankRunActive
L 12/23/2025 - 16:40:14: [SM]   [2] Line 36, C:\Users\Moises\Downloads\Compressed\sourcemod-1.11.0-git6968-windows\addons\sourcemod\scripting\ÒankrunFixhealth.sp::Timer_PeriodicCheck
L 12/23/2025 - 16:40:19: [SM] Exception reported: Invalid timer handle ec900478 (error 3)
L 12/23/2025 - 16:40:19: [SM] Blaming: l4d2_playerjoining_v2.smx
L 12/23/2025 - 16:40:19: [SM] Call stack trace:
L 12/23/2025 - 16:40:19: [SM]   [0] KillTimer
L 12/23/2025 - 16:40:19: [SM]   [1] Line 53, C:\Users\Moises\Downloads\Compressed\sourcemod-1.11.0-git6968-windows\addons\sourcemod\scripting\l4d2_playerjoining_v2.sp::OnClientDisconnect
L 12/23/2025 - 16:40:20: [SM] Exception reported: Invalid timer handle 8f100479 (error 3)
L 12/23/2025 - 16:40:20: [SM] Blaming: l4d2_playerjoining_v2.smx
L 12/23/2025 - 16:40:20: [SM] Call stack trace:
L 12/23/2025 - 16:40:20: [SM]   [0] KillTimer
L 12/23/2025 - 16:40:20: [SM]   [1] Line 53, C:\Users\Moises\Downloads\Compressed\sourcemod-1.11.0-git6968-windows\addons\sourcemod\scripting\l4d2_playerjoining_v2.sp::OnClientDisconnect
L 12/23/2025 - 16:40:23: [SM] Exception reported: Language phrase "Please wait to be revived or rescued" not found (arg 6)
L 12/23/2025 - 16:40:23: [SM] Blaming: l4dmultislots.smx
L 12/23/2025 - 16:40:23: [SM] Call stack trace:
L 12/23/2025 - 16:40:23: [SM]   [0] PrintToChat
L 12/23/2025 - 16:40:23: [SM]   [1] Line 953, d:\Github\Private-Work\L4D2-Êèí‰ª∂\scripting_1.11\l4dmultislots.sp::Timer_SpecCheck
L 12/23/2025 - 16:40:24: [SM] Exception reported: Invalid convar handle 0 (error 4)
L 12/23/2025 - 16:40:24: [SM] Blaming: ÒankrunFixhealth.smx
L 12/23/2025 - 16:40:24: [SM] Call stack trace:
L 12/23/2025 - 16:40:24: [SM]   [0] GetConVarString
L 12/23/2025 - 16:40:24: [SM]   [1] Line 138, C:\Users\Moises\Downloads\Compressed\sourcemod-1.11.0-git6968-windows\addons\sourcemod\scripting\ÒankrunFixhealth.sp::IsTankRunActive
L 12/23/2025 - 16:40:24: [SM]   [2] Line 36, C:\Users\Moises\Downloads\Compressed\sourcemod-1.11.0-git6968-windows\addons\sourcemod\scripting\ÒankrunFixhealth.sp::Timer_PeriodicCheck
L 12/23/2025 - 16:40:27: [SM] Exception reported: Invalid convar handle 0 (error 4)
L 12/23/2025 - 16:40:27: [SM] Blaming: ÒankrunFixhealth.smx
L 12/23/2025 - 16:40:27: [SM] Call stack trace:
L 12/23/2025 - 16:40:27: [SM]   [0] GetConVarString
L 12/23/2025 - 16:40:27: [SM]   [1] Line 138, C:\Users\Moises\Downloads\Compressed\sourcemod-1.11.0-git6968-windows\addons\sourcemod\scripting\ÒankrunFixhealth.sp::IsTankRunActive
L 12/23/2025 - 16:40:27: [SM]   [2] Line 79, C:\Users\Moises\Downloads\Compressed\sourcemod-1.11.0-git6968-windows\addons\sourcemod\scripting\ÒankrunFixhealth.sp::Event_PlayerDeath
L 12/23/2025 - 16:40:34: [SM] Exception reported: Invalid convar handle 0 (error 4)
L 12/23/2025 - 16:40:34: [SM] Blaming: ÒankrunFixhealth.smx
L 12/23/2025 - 16:40:34: [SM] Call stack trace:
L 12/23/2025 - 16:40:34: [SM]   [0] GetConVarString
L 12/23/2025 - 16:40:34: [SM]   [1] Line 138, C:\Users\Moises\Downloads\Compressed\sourcemod-1.11.0-git6968-windows\addons\sourcemod\scripting\ÒankrunFixhealth.sp::IsTankRunActive
L 12/23/2025 - 16:40:34: [SM]   [2] Line 36, C:\Users\Moises\Downloads\Compressed\sourcemod-1.11.0-git6968-windows\addons\sourcemod\scripting\ÒankrunFixhealth.sp::Timer_PeriodicCheck
L 12/23/2025 - 16:40:35: [SM] Exception reported: Invalid convar handle 0 (error 4)
L 12/23/2025 - 16:40:35: [SM] Blaming: ÒankrunFixhealth.smx
L 12/23/2025 - 16:40:35: [SM] Call stack trace:
L 12/23/2025 - 16:40:35: [SM]   [0] GetConVarString
L 12/23/2025 - 16:40:35: [SM]   [1] Line 138, C:\Users\Moises\Downloads\Compressed\sourcemod-1.11.0-git6968-windows\addons\sourcemod\scripting\ÒankrunFixhealth.sp::IsTankRunActive
L 12/23/2025 - 16:40:35: [SM]   [2] Line 79, C:\Users\Moises\Downloads\Compressed\sourcemod-1.11.0-git6968-windows\addons\sourcemod\scripting\ÒankrunFixhealth.sp::Event_PlayerDeath
L 12/23/2025 - 16:40:42: [SM] Exception reported: Invalid timer handle 7ba00494 (error 3)
L 12/23/2025 - 16:40:42: [SM] Blaming: l4d2_playerjoining_v2.smx
L 12/23/2025 - 16:40:42: [SM] Call stack trace:
L 12/23/2025 - 16:40:42: [SM]   [0] KillTimer
L 12/23/2025 - 16:40:42: [SM]   [1] Line 53, C:\Users\Moises\Downloads\Compressed\sourcemod-1.11.0-git6968-windows\addons\sourcemod\scripting\l4d2_playerjoining_v2.sp::OnClientDisconnect
L 12/23/2025 - 16:40:44: [SM] Exception reported: Invalid convar handle 0 (error 4)
L 12/23/2025 - 16:40:44: [SM] Blaming: ÒankrunFixhealth.smx
L 12/23/2025 - 16:40:44: [SM] Call stack trace:
L 12/23/2025 - 16:40:44: [SM]   [0] GetConVarString
L 12/23/2025 - 16:40:44: [SM]   [1] Line 138, C:\Users\Moises\Downloads\Compressed\sourcemod-1.11.0-git6968-windows\addons\sourcemod\scripting\ÒankrunFixhealth.sp::IsTankRunActive
L 12/23/2025 - 16:40:44: [SM]   [2] Line 36, C:\Users\Moises\Downloads\Compressed\sourcemod-1.11.0-git6968-windows\addons\sourcemod\scripting\ÒankrunFixhealth.sp::Timer_PeriodicCheck
L 12/23/2025 - 16:40:48: [SM] Exception reported: Language phrase "Please wait to be revived or rescued" not found (arg 6)
L 12/23/2025 - 16:40:48: [SM] Blaming: l4dmultislots.smx
L 12/23/2025 - 16:40:48: [SM] Call stack trace:
L 12/23/2025 - 16:40:48: [SM]   [0] PrintToChat
L 12/23/2025 - 16:40:48: [SM]   [1] Line 953, d:\Github\Private-Work\L4D2-Êèí‰ª∂\scripting_1.11\l4dmultislots.sp::Timer_SpecCheck
L 12/23/2025 - 16:40:54: [SM] Exception reported: Invalid convar handle 0 (error 4)
L 12/23/2025 - 16:40:54: [SM] Blaming: ÒankrunFixhealth.smx
L 12/23/2025 - 16:40:54: [SM] Call stack trace:
L 12/23/2025 - 16:40:54: [SM]   [0] GetConVarString
L 12/23/2025 - 16:40:54: [SM]   [1] Line 138, C:\Users\Moises\Downloads\Compressed\sourcemod-1.11.0-git6968-windows\addons\sourcemod\scripting\ÒankrunFixhealth.sp::IsTankRunActive
L 12/23/2025 - 16:40:54: [SM]   [2] Line 36, C:\Users\Moises\Downloads\Compressed\sourcemod-1.11.0-git6968-windows\addons\sourcemod\scripting\ÒankrunFixhealth.sp::Timer_PeriodicCheck
L 12/23/2025 - 16:41:00: [SM] Exception reported: Invalid convar handle 0 (error 4)
L 12/23/2025 - 16:41:00: [SM] Blaming: ÒankrunFixhealth.smx
L 12/23/2025 - 16:41:00: [SM] Call stack trace:
L 12/23/2025 - 16:41:00: [SM]   [0] GetConVarString
L 12/23/2025 - 16:41:00: [SM]   [1] Line 138, C:\Users\Moises\Downloads\Compressed\sourcemod-1.11.0-git6968-windows\addons\sourcemod\scripting\ÒankrunFixhealth.sp::IsTankRunActive
L 12/23/2025 - 16:41:00: [SM]   [2] Line 79, C:\Users\Moises\Downloads\Compressed\sourcemod-1.11.0-git6968-windows\addons\sourcemod\scripting\ÒankrunFixhealth.sp::Event_PlayerDeath
L 12/23/2025 - 16:41:04: [SM] Exception reported: Invalid convar handle 0 (error 4)
L 12/23/2025 - 16:41:04: [SM] Blaming: ÒankrunFixhealth.smx
L 12/23/2025 - 16:41:04: [SM] Call stack trace:
L 12/23/2025 - 16:41:04: [SM]   [0] GetConVarString
L 12/23/2025 - 16:41:04: [SM]   [1] Line 138, C:\Users\Moises\Downloads\Compressed\sourcemod-1.11.0-git6968-windows\addons\sourcemod\scripting\ÒankrunFixhealth.sp::IsTankRunActive
L 12/23/2025 - 16:41:04: [SM]   [2] Line 36, C:\Users\Moises\Downloads\Compressed\sourcemod-1.11.0-git6968-windows\addons\sourcemod\scripting\ÒankrunFixhealth.sp::Timer_PeriodicCheck
L 12/23/2025 - 16:41:07: [SM] Exception reported: Invalid timer handle c800044b (error 3)
L 12/23/2025 - 16:41:07: [SM] Blaming: l4d2_playerjoining_v2.smx
L 12/23/2025 - 16:41:07: [SM] Call stack trace:
L 12/23/2025 - 16:41:07: [SM]   [0] KillTimer
L 12/23/2025 - 16:41:07: [SM]   [1] Line 53, C:\Users\Moises\Downloads\Compressed\sourcemod-1.11.0-git6968-windows\addons\sourcemod\scripting\l4d2_playerjoining_v2.sp::OnClientDisconnect
L 12/23/2025 - 16:41:12: [SM] Exception reported: Invalid convar handle 0 (error 4)
L 12/23/2025 - 16:41:12: [SM] Blaming: ÒankrunFixhealth.smx
L 12/23/2025 - 16:41:12: [SM] Call stack trace:
L 12/23/2025 - 16:41:12: [SM]   [0] GetConVarString
L 12/23/2025 - 16:41:12: [SM]   [1] Line 138, C:\Users\Moises\Downloads\Compressed\sourcemod-1.11.0-git6968-windows\addons\sourcemod\scripting\ÒankrunFixhealth.sp::IsTankRunActive
L 12/23/2025 - 16:41:12: [SM]   [2] Line 79, C:\Users\Moises\Downloads\Compressed\sourcemod-1.11.0-git6968-windows\addons\sourcemod\scripting\ÒankrunFixhealth.sp::Event_PlayerDeath
L 12/23/2025 - 16:41:13: [SM] Exception reported: Language phrase "Please wait to be revived or rescued" not found (arg 6)
L 12/23/2025 - 16:41:13: [SM] Blaming: l4dmultislots.smx
L 12/23/2025 - 16:41:13: [SM] Call stack trace:
L 12/23/2025 - 16:41:13: [SM]   [0] PrintToChat
L 12/23/2025 - 16:41:13: [SM]   [1] Line 953, d:\Github\Private-Work\L4D2-Êèí‰ª∂\scripting_1.11\l4dmultislots.sp::Timer_SpecCheck
L 12/23/2025 - 16:41:14: [SM] Exception reported: Invalid convar handle 0 (error 4)
L 12/23/2025 - 16:41:14: [SM] Blaming: ÒankrunFixhealth.smx
L 12/23/2025 - 16:41:14: [SM] Call stack trace:
L 12/23/2025 - 16:41:14: [SM]   [0] GetConVarString
L 12/23/2025 - 16:41:14: [SM]   [1] Line 138, C:\Users\Moises\Downloads\Compressed\sourcemod-1.11.0-git6968-windows\addons\sourcemod\scripting\ÒankrunFixhealth.sp::IsTankRunActive
L 12/23/2025 - 16:41:14: [SM]   [2] Line 36, C:\Users\Moises\Downloads\Compressed\sourcemod-1.11.0-git6968-windows\addons\sourcemod\scripting\ÒankrunFixhealth.sp::Timer_PeriodicCheck
L 12/23/2025 - 16:41:19: [SM] Exception reported: Invalid timer handle 8f100479 (error 3)
L 12/23/2025 - 16:41:19: [SM] Blaming: l4d2_playerjoining_v2.smx
L 12/23/2025 - 16:41:19: [SM] Call stack trace:
L 12/23/2025 - 16:41:19: [SM]   [0] KillTimer
L 12/23/2025 - 16:41:19: [SM]   [1] Line 53, C:\Users\Moises\Downloads\Compressed\sourcemod-1.11.0-git6968-windows\addons\sourcemod\scripting\l4d2_playerjoining_v2.sp::OnClientDisconnect
L 12/23/2025 - 16:41:24: [SM] Exception reported: Invalid convar handle 0 (error 4)
L 12/23/2025 - 16:41:24: [SM] Blaming: ÒankrunFixhealth.smx
L 12/23/2025 - 16:41:24: [SM] Call stack trace:
L 12/23/2025 - 16:41:24: [SM]   [0] GetConVarString
L 12/23/2025 - 16:41:24: [SM]   [1] Line 138, C:\Users\Moises\Downloads\Compressed\sourcemod-1.11.0-git6968-windows\addons\sourcemod\scripting\ÒankrunFixhealth.sp::IsTankRunActive
L 12/23/2025 - 16:41:24: [SM]   [2] Line 36, C:\Users\Moises\Downloads\Compressed\sourcemod-1.11.0-git6968-windows\addons\sourcemod\scripting\ÒankrunFixhealth.sp::Timer_PeriodicCheck
L 12/23/2025 - 16:41:30: [SM] Exception reported: Invalid convar handle 0 (error 4)
L 12/23/2025 - 16:41:30: [SM] Blaming: ÒankrunFixhealth.smx
L 12/23/2025 - 16:41:30: [SM] Call stack trace:
L 12/23/2025 - 16:41:30: [SM]   [0] GetConVarString
L 12/23/2025 - 16:41:30: [SM]   [1] Line 138, C:\Users\Moises\Downloads\Compressed\sourcemod-1.11.0-git6968-windows\addons\sourcemod\scripting\ÒankrunFixhealth.sp::IsTankRunActive
L 12/23/2025 - 16:41:30: [SM]   [2] Line 79, C:\Users\Moises\Downloads\Compressed\sourcemod-1.11.0-git6968-windows\addons\sourcemod\scripting\ÒankrunFixhealth.sp::Event_PlayerDeath
L 12/23/2025 - 16:41:34: [SM] Exception reported: Invalid convar handle 0 (error 4)
L 12/23/2025 - 16:41:34: [SM] Blaming: ÒankrunFixhealth.smx
L 12/23/2025 - 16:41:34: [SM] Call stack trace:
L 12/23/2025 - 16:41:34: [SM]   [0] GetConVarString
L 12/23/2025 - 16:41:34: [SM]   [1] Line 138, C:\Users\Moises\Downloads\Compressed\sourcemod-1.11.0-git6968-windows\addons\sourcemod\scripting\ÒankrunFixhealth.sp::IsTankRunActive
L 12/23/2025 - 16:41:34: [SM]   [2] Line 36, C:\Users\Moises\Downloads\Compressed\sourcemod-1.11.0-git6968-windows\addons\sourcemod\scripting\ÒankrunFixhealth.sp::Timer_PeriodicCheck
L 12/23/2025 - 16:41:35: [SM] Exception reported: Invalid convar handle 0 (error 4)
L 12/23/2025 - 16:41:35: [SM] Blaming: ÒankrunFixhealth.smx
L 12/23/2025 - 16:41:35: [SM] Call stack trace:
L 12/23/2025 - 16:41:35: [SM]   [0] GetConVarString
L 12/23/2025 - 16:41:35: [SM]   [1] Line 138, C:\Users\Moises\Downloads\Compressed\sourcemod-1.11.0-git6968-windows\addons\sourcemod\scripting\ÒankrunFixhealth.sp::IsTankRunActive
L 12/23/2025 - 16:41:35: [SM]   [2] Line 79, C:\Users\Moises\Downloads\Compressed\sourcemod-1.11.0-git6968-windows\addons\sourcemod\scripting\ÒankrunFixhealth.sp::Event_PlayerDeath
L 12/23/2025 - 16:41:37: [SM] Exception reported: Invalid timer handle ec900478 (error 3)
L 12/23/2025 - 16:41:37: [SM] Blaming: l4d2_playerjoining_v2.smx
L 12/23/2025 - 16:41:37: [SM] Call stack trace:
L 12/23/2025 - 16:41:37: [SM]   [0] KillTimer
L 12/23/2025 - 16:41:37: [SM]   [1] Line 53, C:\Users\Moises\Downloads\Compressed\sourcemod-1.11.0-git6968-windows\addons\sourcemod\scripting\l4d2_playerjoining_v2.sp::OnClientDisconnect
L 12/23/2025 - 16:41:38: [SM] Exception reported: Language phrase "Please wait to be revived or rescued" not found (arg 6)
L 12/23/2025 - 16:41:38: [SM] Blaming: l4dmultislots.smx
L 12/23/2025 - 16:41:38: [SM] Call stack trace:
L 12/23/2025 - 16:41:38: [SM]   [0] PrintToChat
L 12/23/2025 - 16:41:38: [SM]   [1] Line 953, d:\Github\Private-Work\L4D2-Êèí‰ª∂\scripting_1.11\l4dmultislots.sp::Timer_SpecCheck
L 12/23/2025 - 16:41:44: [SM] Exception reported: Invalid convar handle 0 (error 4)
L 12/23/2025 - 16:41:44: [SM] Blaming: ÒankrunFixhealth.smx
L 12/23/2025 - 16:41:44: [SM] Call stack trace:
L 12/23/2025 - 16:41:44: [SM]   [0] GetConVarString
L 12/23/2025 - 16:41:44: [SM]   [1] Line 138, C:\Users\Moises\Downloads\Compressed\sourcemod-1.11.0-git6968-windows\addons\sourcemod\scripting\ÒankrunFixhealth.sp::IsTankRunActive
L 12/23/2025 - 16:41:44: [SM]   [2] Line 36, C:\Users\Moises\Downloads\Compressed\sourcemod-1.11.0-git6968-windows\addons\sourcemod\scripting\ÒankrunFixhealth.sp::Timer_PeriodicCheck
L 12/23/2025 - 16:41:54: [SM] Exception reported: Invalid convar handle 0 (error 4)
L 12/23/2025 - 16:41:54: [SM] Blaming: ÒankrunFixhealth.smx
L 12/23/2025 - 16:41:54: [SM] Call stack trace:
L 12/23/2025 - 16:41:54: [SM]   [0] GetConVarString
L 12/23/2025 - 16:41:54: [SM]   [1] Line 138, C:\Users\Moises\Downloads\Compressed\sourcemod-1.11.0-git6968-windows\addons\sourcemod\scripting\ÒankrunFixhealth.sp::IsTankRunActive
L 12/23/2025 - 16:41:54: [SM]   [2] Line 36, C:\Users\Moises\Downloads\Compressed\sourcemod-1.11.0-git6968-windows\addons\sourcemod\scripting\ÒankrunFixhealth.sp::Timer_PeriodicCheck
L 12/23/2025 - 16:42:02: [SM] Exception reported: Invalid convar handle 0 (error 4)
L 12/23/2025 - 16:42:02: [SM] Blaming: ÒankrunFixhealth.smx
L 12/23/2025 - 16:42:02: [SM] Call stack trace:
L 12/23/2025 - 16:42:02: [SM]   [0] GetConVarString
L 12/23/2025 - 16:42:02: [SM]   [1] Line 138, C:\Users\Moises\Downloads\Compressed\sourcemod-1.11.0-git6968-windows\addons\sourcemod\scripting\ÒankrunFixhealth.sp::IsTankRunActive
L 12/23/2025 - 16:42:02: [SM]   [2] Line 79, C:\Users\Moises\Downloads\Compressed\sourcemod-1.11.0-git6968-windows\addons\sourcemod\scripting\ÒankrunFixhealth.sp::Event_PlayerDeath
L 12/23/2025 - 16:42:03: [SM] Exception reported: Language phrase "Please wait to be revived or rescued" not found (arg 6)
L 12/23/2025 - 16:42:03: [SM] Blaming: l4dmultislots.smx
L 12/23/2025 - 16:42:03: [SM] Call stack trace:
L 12/23/2025 - 16:42:03: [SM]   [0] PrintToChat
L 12/23/2025 - 16:42:03: [SM]   [1] Line 953, d:\Github\Private-Work\L4D2-Êèí‰ª∂\scripting_1.11\l4dmultislots.sp::Timer_SpecCheck
L 12/23/2025 - 16:42:04: [SM] Exception reported: Invalid convar handle 0 (error 4)
L 12/23/2025 - 16:42:04: [SM] Blaming: ÒankrunFixhealth.smx
L 12/23/2025 - 16:42:04: [SM] Call stack trace:
L 12/23/2025 - 16:42:04: [SM]   [0] GetConVarString
L 12/23/2025 - 16:42:04: [SM]   [1] Line 138, C:\Users\Moises\Downloads\Compressed\sourcemod-1.11.0-git6968-windows\addons\sourcemod\scripting\ÒankrunFixhealth.sp::IsTankRunActive
L 12/23/2025 - 16:42:04: [SM]   [2] Line 36, C:\Users\Moises\Downloads\Compressed\sourcemod-1.11.0-git6968-windows\addons\sourcemod\scripting\ÒankrunFixhealth.sp::Timer_PeriodicCheck
L 12/23/2025 - 16:42:09: [SM] Exception reported: Invalid timer handle 7ba00494 (error 3)
L 12/23/2025 - 16:42:09: [SM] Blaming: l4d2_playerjoining_v2.smx
L 12/23/2025 - 16:42:09: [SM] Call stack trace:
L 12/23/2025 - 16:42:09: [SM]   [0] KillTimer
L 12/23/2025 - 16:42:09: [SM]   [1] Line 53, C:\Users\Moises\Downloads\Compressed\sourcemod-1.11.0-git6968-windows\addons\sourcemod\scripting\l4d2_playerjoining_v2.sp::OnClientDisconnect
L 12/23/2025 - 16:42:14: [SM] Exception reported: Invalid convar handle 0 (error 4)
L 12/23/2025 - 16:42:14: [SM] Blaming: ÒankrunFixhealth.smx
L 12/23/2025 - 16:42:14: [SM] Call stack trace:
L 12/23/2025 - 16:42:14: [SM]   [0] GetConVarString
L 12/23/2025 - 16:42:14: [SM]   [1] Line 138, C:\Users\Moises\Downloads\Compressed\sourcemod-1.11.0-git6968-windows\addons\sourcemod\scripting\ÒankrunFixhealth.sp::IsTankRunActive
L 12/23/2025 - 16:42:14: [SM]   [2] Line 36, C:\Users\Moises\Downloads\Compressed\sourcemod-1.11.0-git6968-windows\addons\sourcemod\scripting\ÒankrunFixhealth.sp::Timer_PeriodicCheck
L 12/23/2025 - 16:42:23: [SM] Exception reported: Invalid convar handle 0 (error 4)
L 12/23/2025 - 16:42:23: [SM] Blaming: ÒankrunFixhealth.smx
L 12/23/2025 - 16:42:23: [SM] Call stack trace:
L 12/23/2025 - 16:42:23: [SM]   [0] GetConVarString
L 12/23/2025 - 16:42:23: [SM]   [1] Line 138, C:\Users\Moises\Downloads\Compressed\sourcemod-1.11.0-git6968-windows\addons\sourcemod\scripting\ÒankrunFixhealth.sp::IsTankRunActive
L 12/23/2025 - 16:42:23: [SM]   [2] Line 79, C:\Users\Moises\Downloads\Compressed\sourcemod-1.11.0-git6968-windows\addons\sourcemod\scripting\ÒankrunFixhealth.sp::Event_PlayerDeath
L 12/23/2025 - 16:42:24: [SM] Exception reported: Invalid convar handle 0 (error 4)
L 12/23/2025 - 16:42:24: [SM] Blaming: ÒankrunFixhealth.smx
L 12/23/2025 - 16:42:24: [SM] Call stack trace:
L 12/23/2025 - 16:42:24: [SM]   [0] GetConVarString
L 12/23/2025 - 16:42:24: [SM]   [1] Line 138, C:\Users\Moises\Downloads\Compressed\sourcemod-1.11.0-git6968-windows\addons\sourcemod\scripting\ÒankrunFixhealth.sp::IsTankRunActive
L 12/23/2025 - 16:42:24: [SM]   [2] Line 36, C:\Users\Moises\Downloads\Compressed\sourcemod-1.11.0-git6968-windows\addons\sourcemod\scripting\ÒankrunFixhealth.sp::Timer_PeriodicCheck
L 12/23/2025 - 16:42:28: [SM] Exception reported: Language phrase "Please wait to be revived or rescued" not found (arg 6)
L 12/23/2025 - 16:42:28: [SM] Blaming: l4dmultislots.smx
L 12/23/2025 - 16:42:28: [SM] Call stack trace:
L 12/23/2025 - 16:42:28: [SM]   [0] PrintToChat
L 12/23/2025 - 16:42:28: [SM]   [1] Line 953, d:\Github\Private-Work\L4D2-Êèí‰ª∂\scripting_1.11\l4dmultislots.sp::Timer_SpecCheck
L 12/23/2025 - 16:42:31: [SM] Exception reported: Invalid timer handle ec900478 (error 3)
L 12/23/2025 - 16:42:31: [SM] Blaming: l4d2_playerjoining_v2.smx
L 12/23/2025 - 16:42:31: [SM] Call stack trace:
L 12/23/2025 - 16:42:31: [SM]   [0] KillTimer
L 12/23/2025 - 16:42:31: [SM]   [1] Line 53, C:\Users\Moises\Downloads\Compressed\sourcemod-1.11.0-git6968-windows\addons\sourcemod\scripting\l4d2_playerjoining_v2.sp::OnClientDisconnect
L 12/23/2025 - 16:42:34: [SM] Exception reported: Invalid convar handle 0 (error 4)
L 12/23/2025 - 16:42:34: [SM] Blaming: ÒankrunFixhealth.smx
L 12/23/2025 - 16:42:34: [SM] Call stack trace:
L 12/23/2025 - 16:42:34: [SM]   [0] GetConVarString
L 12/23/2025 - 16:42:34: [SM]   [1] Line 138, C:\Users\Moises\Downloads\Compressed\sourcemod-1.11.0-git6968-windows\addons\sourcemod\scripting\ÒankrunFixhealth.sp::IsTankRunActive
L 12/23/2025 - 16:42:34: [SM]   [2] Line 36, C:\Users\Moises\Downloads\Compressed\sourcemod-1.11.0-git6968-windows\addons\sourcemod\scripting\ÒankrunFixhealth.sp::Timer_PeriodicCheck
L 12/23/2025 - 16:42:42: [SM] Exception reported: Invalid convar handle 0 (error 4)
L 12/23/2025 - 16:42:42: [SM] Blaming: ÒankrunFixhealth.smx
L 12/23/2025 - 16:42:42: [SM] Call stack trace:
L 12/23/2025 - 16:42:42: [SM]   [0] GetConVarString
L 12/23/2025 - 16:42:42: [SM]   [1] Line 138, C:\Users\Moises\Downloads\Compressed\sourcemod-1.11.0-git6968-windows\addons\sourcemod\scripting\ÒankrunFixhealth.sp::IsTankRunActive
L 12/23/2025 - 16:42:42: [SM]   [2] Line 79, C:\Users\Moises\Downloads\Compressed\sourcemod-1.11.0-git6968-windows\addons\sourcemod\scripting\ÒankrunFixhealth.sp::Event_PlayerDeath
L 12/23/2025 - 16:42:44: [SM] Exception reported: Invalid convar handle 0 (error 4)
L 12/23/2025 - 16:42:44: [SM] Blaming: ÒankrunFixhealth.smx
L 12/23/2025 - 16:42:44: [SM] Call stack trace:
L 12/23/2025 - 16:42:44: [SM]   [0] GetConVarString
L 12/23/2025 - 16:42:44: [SM]   [1] Line 138, C:\Users\Moises\Downloads\Compressed\sourcemod-1.11.0-git6968-windows\addons\sourcemod\scripting\ÒankrunFixhealth.sp::IsTankRunActive
L 12/23/2025 - 16:42:44: [SM]   [2] Line 36, C:\Users\Moises\Downloads\Compressed\sourcemod-1.11.0-git6968-windows\addons\sourcemod\scripting\ÒankrunFixhealth.sp::Timer_PeriodicCheck
L 12/23/2025 - 16:42:44: [SM] Exception reported: Invalid convar handle 0 (error 4)
L 12/23/2025 - 16:42:44: [SM] Blaming: ÒankrunFixhealth.smx
L 12/23/2025 - 16:42:44: [SM] Call stack trace:
L 12/23/2025 - 16:42:44: [SM]   [0] GetConVarString
L 12/23/2025 - 16:42:44: [SM]   [1] Line 138, C:\Users\Moises\Downloads\Compressed\sourcemod-1.11.0-git6968-windows\addons\sourcemod\scripting\ÒankrunFixhealth.sp::IsTankRunActive
L 12/23/2025 - 16:42:44: [SM]   [2] Line 79, C:\Users\Moises\Downloads\Compressed\sourcemod-1.11.0-git6968-windows\addons\sourcemod\scripting\ÒankrunFixhealth.sp::Event_PlayerDeath
L 12/23/2025 - 16:42:48: [SM] Exception reported: Invalid convar handle 0 (error 4)
L 12/23/2025 - 16:42:48: [SM] Blaming: ÒankrunFixhealth.smx
L 12/23/2025 - 16:42:48: [SM] Call stack trace:
L 12/23/2025 - 16:42:48: [SM]   [0] GetConVarString
L 12/23/2025 - 16:42:48: [SM]   [1] Line 138, C:\Users\Moises\Downloads\Compressed\sourcemod-1.11.0-git6968-windows\addons\sourcemod\scripting\ÒankrunFixhealth.sp::IsTankRunActive
L 12/23/2025 - 16:42:48: [SM]   [2] Line 79, C:\Users\Moises\Downloads\Compressed\sourcemod-1.11.0-git6968-windows\addons\sourcemod\scripting\ÒankrunFixhealth.sp::Event_PlayerDeath
L 12/23/2025 - 16:42:49: [SM] Exception reported: Invalid timer handle 8f100479 (error 3)
L 12/23/2025 - 16:42:49: [SM] Blaming: l4d2_playerjoining_v2.smx
L 12/23/2025 - 16:42:49: [SM] Call stack trace:
L 12/23/2025 - 16:42:49: [SM]   [0] KillTimer
L 12/23/2025 - 16:42:49: [SM]   [1] Line 53, C:\Users\Moises\Downloads\Compressed\sourcemod-1.11.0-git6968-windows\addons\sourcemod\scripting\l4d2_playerjoining_v2.sp::OnClientDisconnect
L 12/23/2025 - 16:42:51: [SM] Exception reported: Invalid timer handle c800044b (error 1)
L 12/23/2025 - 16:42:51: [SM] Blaming: l4d2_playerjoining_v2.smx
L 12/23/2025 - 16:42:51: [SM] Call stack trace:
L 12/23/2025 - 16:42:51: [SM]   [0] KillTimer
L 12/23/2025 - 16:42:51: [SM]   [1] Line 53, C:\Users\Moises\Downloads\Compressed\sourcemod-1.11.0-git6968-windows\addons\sourcemod\scripting\l4d2_playerjoining_v2.sp::OnClientDisconnect
L 12/23/2025 - 16:42:53: [SM] Exception reported: Invalid convar handle 0 (error 4)
L 12/23/2025 - 16:42:53: [SM] Blaming: ÒankrunFixhealth.smx
L 12/23/2025 - 16:42:53: [SM] Call stack trace:
L 12/23/2025 - 16:42:53: [SM]   [0] GetConVarString
L 12/23/2025 - 16:42:53: [SM]   [1] Line 138, C:\Users\Moises\Downloads\Compressed\sourcemod-1.11.0-git6968-windows\addons\sourcemod\scripting\ÒankrunFixhealth.sp::IsTankRunActive
L 12/23/2025 - 16:42:53: [SM]   [2] Line 79, C:\Users\Moises\Downloads\Compressed\sourcemod-1.11.0-git6968-windows\addons\sourcemod\scripting\ÒankrunFixhealth.sp::Event_PlayerDeath
L 12/23/2025 - 16:42:53: [SM] Exception reported: Language phrase "Please wait to be revived or rescued" not found (arg 6)
L 12/23/2025 - 16:42:53: [SM] Blaming: l4dmultislots.smx
L 12/23/2025 - 16:42:53: [SM] Call stack trace:
L 12/23/2025 - 16:42:53: [SM]   [0] PrintToChat
L 12/23/2025 - 16:42:53: [SM]   [1] Line 953, d:\Github\Private-Work\L4D2-Êèí‰ª∂\scripting_1.11\l4dmultislots.sp::Timer_SpecCheck
L 12/23/2025 - 16:42:54: [SM] Exception reported: Invalid convar handle 0 (error 4)
L 12/23/2025 - 16:42:54: [SM] Blaming: ÒankrunFixhealth.smx
L 12/23/2025 - 16:42:54: [SM] Call stack trace:
L 12/23/2025 - 16:42:54: [SM]   [0] GetConVarString
L 12/23/2025 - 16:42:54: [SM]   [1] Line 138, C:\Users\Moises\Downloads\Compressed\sourcemod-1.11.0-git6968-windows\addons\sourcemod\scripting\ÒankrunFixhealth.sp::IsTankRunActive
L 12/23/2025 - 16:42:54: [SM]   [2] Line 36, C:\Users\Moises\Downloads\Compressed\sourcemod-1.11.0-git6968-windows\addons\sourcemod\scripting\ÒankrunFixhealth.sp::Timer_PeriodicCheck
L 12/23/2025 - 16:43:04: [SM] Exception reported: Invalid convar handle 0 (error 4)
L 12/23/2025 - 16:43:04: [SM] Blaming: ÒankrunFixhealth.smx
L 12/23/2025 - 16:43:04: [SM] Call stack trace:
L 12/23/2025 - 16:43:04: [SM]   [0] GetConVarString
L 12/23/2025 - 16:43:04: [SM]   [1] Line 138, C:\Users\Moises\Downloads\Compressed\sourcemod-1.11.0-git6968-windows\addons\sourcemod\scripting\ÒankrunFixhealth.sp::IsTankRunActive
L 12/23/2025 - 16:43:04: [SM]   [2] Line 36, C:\Users\Moises\Downloads\Compressed\sourcemod-1.11.0-git6968-windows\addons\sourcemod\scripting\ÒankrunFixhealth.sp::Timer_PeriodicCheck
L 12/23/2025 - 16:43:10: [SM] Exception reported: Invalid convar handle 0 (error 4)
L 12/23/2025 - 16:43:10: [SM] Blaming: ÒankrunFixhealth.smx
L 12/23/2025 - 16:43:10: [SM] Call stack trace:
L 12/23/2025 - 16:43:10: [SM]   [0] GetConVarString
L 12/23/2025 - 16:43:10: [SM]   [1] Line 138, C:\Users\Moises\Downloads\Compressed\sourcemod-1.11.0-git6968-windows\addons\sourcemod\scripting\ÒankrunFixhealth.sp::IsTankRunActive
L 12/23/2025 - 16:43:10: [SM]   [2] Line 79, C:\Users\Moises\Downloads\Compressed\sourcemod-1.11.0-git6968-windows\addons\sourcemod\scripting\ÒankrunFixhealth.sp::Event_PlayerDeath
L 12/23/2025 - 16:43:14: [SM] Exception reported: Invalid convar handle 0 (error 4)
L 12/23/2025 - 16:43:14: [SM] Blaming: ÒankrunFixhealth.smx
L 12/23/2025 - 16:43:14: [SM] Call stack trace:
L 12/23/2025 - 16:43:14: [SM]   [0] GetConVarString
L 12/23/2025 - 16:43:14: [SM]   [1] Line 138, C:\Users\Moises\Downloads\Compressed\sourcemod-1.11.0-git6968-windows\addons\sourcemod\scripting\ÒankrunFixhealth.sp::IsTankRunActive
L 12/23/2025 - 16:43:14: [SM]   [2] Line 36, C:\Users\Moises\Downloads\Compressed\sourcemod-1.11.0-git6968-windows\addons\sourcemod\scripting\ÒankrunFixhealth.sp::Timer_PeriodicCheck
L 12/23/2025 - 16:43:17: [SM] Exception reported: Invalid timer handle ec900478 (error 3)
L 12/23/2025 - 16:43:17: [SM] Blaming: l4d2_playerjoining_v2.smx
L 12/23/2025 - 16:43:17: [SM] Call stack trace:
L 12/23/2025 - 16:43:17: [SM]   [0] KillTimer
L 12/23/2025 - 16:43:17: [SM]   [1] Line 53, C:\Users\Moises\Downloads\Compressed\sourcemod-1.11.0-git6968-windows\addons\sourcemod\scripting\l4d2_playerjoining_v2.sp::OnClientDisconnect
L 12/23/2025 - 16:43:18: [SM] Exception reported: Language phrase "Please wait to be revived or rescued" not found (arg 6)
L 12/23/2025 - 16:43:18: [SM] Blaming: l4dmultislots.smx
L 12/23/2025 - 16:43:18: [SM] Call stack trace:
L 12/23/2025 - 16:43:18: [SM]   [0] PrintToChat
L 12/23/2025 - 16:43:18: [SM]   [1] Line 953, d:\Github\Private-Work\L4D2-Êèí‰ª∂\scripting_1.11\l4dmultislots.sp::Timer_SpecCheck
L 12/23/2025 - 16:43:18: [SM] Exception reported: Invalid convar handle 0 (error 4)
L 12/23/2025 - 16:43:18: [SM] Blaming: ÒankrunFixhealth.smx
L 12/23/2025 - 16:43:18: [SM] Call stack trace:
L 12/23/2025 - 16:43:18: [SM]   [0] GetConVarString
L 12/23/2025 - 16:43:18: [SM]   [1] Line 138, C:\Users\Moises\Downloads\Compressed\sourcemod-1.11.0-git6968-windows\addons\sourcemod\scripting\ÒankrunFixhealth.sp::IsTankRunActive
L 12/23/2025 - 16:43:18: [SM]   [2] Line 79, C:\Users\Moises\Downloads\Compressed\sourcemod-1.11.0-git6968-windows\addons\sourcemod\scripting\ÒankrunFixhealth.sp::Event_PlayerDeath
L 12/23/2025 - 16:43:24: [SM] Exception reported: Invalid convar handle 0 (error 4)
L 12/23/2025 - 16:43:24: [SM] Blaming: ÒankrunFixhealth.smx
L 12/23/2025 - 16:43:24: [SM] Call stack trace:
L 12/23/2025 - 16:43:24: [SM]   [0] GetConVarString
L 12/23/2025 - 16:43:24: [SM]   [1] Line 138, C:\Users\Moises\Downloads\Compressed\sourcemod-1.11.0-git6968-windows\addons\sourcemod\scripting\ÒankrunFixhealth.sp::IsTankRunActive
L 12/23/2025 - 16:43:24: [SM]   [2] Line 36, C:\Users\Moises\Downloads\Compressed\sourcemod-1.11.0-git6968-windows\addons\sourcemod\scripting\ÒankrunFixhealth.sp::Timer_PeriodicCheck
L 12/23/2025 - 16:43:25: [SM] Exception reported: Invalid timer handle 7ba00494 (error 3)
L 12/23/2025 - 16:43:25: [SM] Blaming: l4d2_playerjoining_v2.smx
L 12/23/2025 - 16:43:25: [SM] Call stack trace:
L 12/23/2025 - 16:43:25: [SM]   [0] KillTimer
L 12/23/2025 - 16:43:25: [SM]   [1] Line 53, C:\Users\Moises\Downloads\Compressed\sourcemod-1.11.0-git6968-windows\addons\sourcemod\scripting\l4d2_playerjoining_v2.sp::OnClientDisconnect
L 12/23/2025 - 16:43:34: [SM] Exception reported: Invalid convar handle 0 (error 4)
L 12/23/2025 - 16:43:34: [SM] Blaming: ÒankrunFixhealth.smx
L 12/23/2025 - 16:43:34: [SM] Call stack trace:
L 12/23/2025 - 16:43:34: [SM]   [0] GetConVarString
L 12/23/2025 - 16:43:34: [SM]   [1] Line 138, C:\Users\Moises\Downloads\Compressed\sourcemod-1.11.0-git6968-windows\addons\sourcemod\scripting\ÒankrunFixhealth.sp::IsTankRunActive
L 12/23/2025 - 16:43:34: [SM]   [2] Line 36, C:\Users\Moises\Downloads\Compressed\sourcemod-1.11.0-git6968-windows\addons\sourcemod\scripting\ÒankrunFixhealth.sp::Timer_PeriodicCheck
L 12/23/2025 - 16:43:40: [SM] Exception reported: Invalid convar handle 0 (error 4)
L 12/23/2025 - 16:43:40: [SM] Blaming: ÒankrunFixhealth.smx
L 12/23/2025 - 16:43:40: [SM] Call stack trace:
L 12/23/2025 - 16:43:40: [SM]   [0] GetConVarString
L 12/23/2025 - 16:43:40: [SM]   [1] Line 138, C:\Users\Moises\Downloads\Compressed\sourcemod-1.11.0-git6968-windows\addons\sourcemod\scripting\ÒankrunFixhealth.sp::IsTankRunActive
L 12/23/2025 - 16:43:40: [SM]   [2] Line 79, C:\Users\Moises\Downloads\Compressed\sourcemod-1.11.0-git6968-windows\addons\sourcemod\scripting\ÒankrunFixhealth.sp::Event_PlayerDeath
L 12/23/2025 - 16:43:43: [SM] Exception reported: Language phrase "Please wait to be revived or rescued" not found (arg 6)
L 12/23/2025 - 16:43:43: [SM] Blaming: l4dmultislots.smx
L 12/23/2025 - 16:43:43: [SM] Call stack trace:
L 12/23/2025 - 16:43:43: [SM]   [0] PrintToChat
L 12/23/2025 - 16:43:43: [SM]   [1] Line 953, d:\Github\Private-Work\L4D2-Êèí‰ª∂\scripting_1.11\l4dmultislots.sp::Timer_SpecCheck
L 12/23/2025 - 16:43:44: [SM] Exception reported: Invalid convar handle 0 (error 4)
L 12/23/2025 - 16:43:44: [SM] Blaming: ÒankrunFixhealth.smx
L 12/23/2025 - 16:43:44: [SM] Call stack trace:
L 12/23/2025 - 16:43:44: [SM]   [0] GetConVarString
L 12/23/2025 - 16:43:44: [SM]   [1] Line 138, C:\Users\Moises\Downloads\Compressed\sourcemod-1.11.0-git6968-windows\addons\sourcemod\scripting\ÒankrunFixhealth.sp::IsTankRunActive
L 12/23/2025 - 16:43:44: [SM]   [2] Line 36, C:\Users\Moises\Downloads\Compressed\sourcemod-1.11.0-git6968-windows\addons\sourcemod\scripting\ÒankrunFixhealth.sp::Timer_PeriodicCheck
L 12/23/2025 - 16:43:47: [SM] Exception reported: Invalid timer handle ec900478 (error 3)
L 12/23/2025 - 16:43:47: [SM] Blaming: l4d2_playerjoining_v2.smx
L 12/23/2025 - 16:43:47: [SM] Call stack trace:
L 12/23/2025 - 16:43:47: [SM]   [0] KillTimer
L 12/23/2025 - 16:43:47: [SM]   [1] Line 53, C:\Users\Moises\Downloads\Compressed\sourcemod-1.11.0-git6968-windows\addons\sourcemod\scripting\l4d2_playerjoining_v2.sp::OnClientDisconnect
L 12/23/2025 - 16:43:54: [SM] Exception reported: Invalid convar handle 0 (error 4)
L 12/23/2025 - 16:43:54: [SM] Blaming: ÒankrunFixhealth.smx
L 12/23/2025 - 16:43:54: [SM] Call stack trace:
L 12/23/2025 - 16:43:54: [SM]   [0] GetConVarString
L 12/23/2025 - 16:43:54: [SM]   [1] Line 138, C:\Users\Moises\Downloads\Compressed\sourcemod-1.11.0-git6968-windows\addons\sourcemod\scripting\ÒankrunFixhealth.sp::IsTankRunActive
L 12/23/2025 - 16:43:54: [SM]   [2] Line 36, C:\Users\Moises\Downloads\Compressed\sourcemod-1.11.0-git6968-windows\addons\sourcemod\scripting\ÒankrunFixhealth.sp::Timer_PeriodicCheck
L 12/23/2025 - 16:43:56: [SM] Exception reported: Invalid convar handle 0 (error 4)
L 12/23/2025 - 16:43:56: [SM] Blaming: ÒankrunFixhealth.smx
L 12/23/2025 - 16:43:56: [SM] Call stack trace:
L 12/23/2025 - 16:43:56: [SM]   [0] GetConVarString
L 12/23/2025 - 16:43:56: [SM]   [1] Line 138, C:\Users\Moises\Downloads\Compressed\sourcemod-1.11.0-git6968-windows\addons\sourcemod\scripting\ÒankrunFixhealth.sp::IsTankRunActive
L 12/23/2025 - 16:43:56: [SM]   [2] Line 79, C:\Users\Moises\Downloads\Compressed\sourcemod-1.11.0-git6968-windows\addons\sourcemod\scripting\ÒankrunFixhealth.sp::Event_PlayerDeath
L 12/23/2025 - 16:44:03: [SM] Exception reported: Invalid timer handle c800044b (error 1)
L 12/23/2025 - 16:44:03: [SM] Blaming: l4d2_playerjoining_v2.smx
L 12/23/2025 - 16:44:03: [SM] Call stack trace:
L 12/23/2025 - 16:44:03: [SM]   [0] KillTimer
L 12/23/2025 - 16:44:03: [SM]   [1] Line 53, C:\Users\Moises\Downloads\Compressed\sourcemod-1.11.0-git6968-windows\addons\sourcemod\scripting\l4d2_playerjoining_v2.sp::OnClientDisconnect
L 12/23/2025 - 16:44:04: [SM] Exception reported: Invalid convar handle 0 (error 4)
L 12/23/2025 - 16:44:04: [SM] Blaming: ÒankrunFixhealth.smx
L 12/23/2025 - 16:44:04: [SM] Call stack trace:
L 12/23/2025 - 16:44:04: [SM]   [0] GetConVarString
L 12/23/2025 - 16:44:04: [SM]   [1] Line 138, C:\Users\Moises\Downloads\Compressed\sourcemod-1.11.0-git6968-windows\addons\sourcemod\scripting\ÒankrunFixhealth.sp::IsTankRunActive
L 12/23/2025 - 16:44:04: [SM]   [2] Line 36, C:\Users\Moises\Downloads\Compressed\sourcemod-1.11.0-git6968-windows\addons\sourcemod\scripting\ÒankrunFixhealth.sp::Timer_PeriodicCheck
L 12/23/2025 - 16:44:05: [SM] Exception reported: Invalid convar handle 0 (error 4)
L 12/23/2025 - 16:44:05: [SM] Blaming: ÒankrunFixhealth.smx
L 12/23/2025 - 16:44:05: [SM] Call stack trace:
L 12/23/2025 - 16:44:05: [SM]   [0] GetConVarString
L 12/23/2025 - 16:44:05: [SM]   [1] Line 138, C:\Users\Moises\Downloads\Compressed\sourcemod-1.11.0-git6968-windows\addons\sourcemod\scripting\ÒankrunFixhealth.sp::IsTankRunActive
L 12/23/2025 - 16:44:05: [SM]   [2] Line 79, C:\Users\Moises\Downloads\Compressed\sourcemod-1.11.0-git6968-windows\addons\sourcemod\scripting\ÒankrunFixhealth.sp::Event_PlayerDeath
L 12/23/2025 - 16:44:08: [SM] Exception reported: Language phrase "Please wait to be revived or rescued" not found (arg 6)
L 12/23/2025 - 16:44:08: [SM] Blaming: l4dmultislots.smx
L 12/23/2025 - 16:44:08: [SM] Call stack trace:
L 12/23/2025 - 16:44:08: [SM]   [0] PrintToChat
L 12/23/2025 - 16:44:08: [SM]   [1] Line 953, d:\Github\Private-Work\L4D2-Êèí‰ª∂\scripting_1.11\l4dmultislots.sp::Timer_SpecCheck
L 12/23/2025 - 16:44:13: [SM] Exception reported: Invalid convar handle 0 (error 4)
L 12/23/2025 - 16:44:13: [SM] Blaming: ÒankrunFixhealth.smx
L 12/23/2025 - 16:44:13: [SM] Call stack trace:
L 12/23/2025 - 16:44:13: [SM]   [0] GetConVarString
L 12/23/2025 - 16:44:13: [SM]   [1] Line 138, C:\Users\Moises\Downloads\Compressed\sourcemod-1.11.0-git6968-windows\addons\sourcemod\scripting\ÒankrunFixhealth.sp::IsTankRunActive
L 12/23/2025 - 16:44:13: [SM]   [2] Line 79, C:\Users\Moises\Downloads\Compressed\sourcemod-1.11.0-git6968-windows\addons\sourcemod\scripting\ÒankrunFixhealth.sp::Event_PlayerDeath
L 12/23/2025 - 16:44:14: [SM] Exception reported: Invalid convar handle 0 (error 4)
L 12/23/2025 - 16:44:14: [SM] Blaming: ÒankrunFixhealth.smx
L 12/23/2025 - 16:44:14: [SM] Call stack trace:
L 12/23/2025 - 16:44:14: [SM]   [0] GetConVarString
L 12/23/2025 - 16:44:14: [SM]   [1] Line 138, C:\Users\Moises\Downloads\Compressed\sourcemod-1.11.0-git6968-windows\addons\sourcemod\scripting\ÒankrunFixhealth.sp::IsTankRunActive
L 12/23/2025 - 16:44:14: [SM]   [2] Line 36, C:\Users\Moises\Downloads\Compressed\sourcemod-1.11.0-git6968-windows\addons\sourcemod\scripting\ÒankrunFixhealth.sp::Timer_PeriodicCheck
L 12/23/2025 - 16:44:24: [SM] Exception reported: Invalid convar handle 0 (error 4)
L 12/23/2025 - 16:44:24: [SM] Blaming: ÒankrunFixhealth.smx
L 12/23/2025 - 16:44:24: [SM] Call stack trace:
L 12/23/2025 - 16:44:24: [SM]   [0] GetConVarString
L 12/23/2025 - 16:44:24: [SM]   [1] Line 138, C:\Users\Moises\Downloads\Compressed\sourcemod-1.11.0-git6968-windows\addons\sourcemod\scripting\ÒankrunFixhealth.sp::IsTankRunActive
L 12/23/2025 - 16:44:24: [SM]   [2] Line 36, C:\Users\Moises\Downloads\Compressed\sourcemod-1.11.0-git6968-windows\addons\sourcemod\scripting\ÒankrunFixhealth.sp::Timer_PeriodicCheck
L 12/23/2025 - 16:44:34: [SM] Exception reported: Invalid convar handle 0 (error 4)
L 12/23/2025 - 16:44:34: [SM] Blaming: ÒankrunFixhealth.smx
L 12/23/2025 - 16:44:34: [SM] Call stack trace:
L 12/23/2025 - 16:44:34: [SM]   [0] GetConVarString
L 12/23/2025 - 16:44:34: [SM]   [1] Line 138, C:\Users\Moises\Downloads\Compressed\sourcemod-1.11.0-git6968-windows\addons\sourcemod\scripting\ÒankrunFixhealth.sp::IsTankRunActive
L 12/23/2025 - 16:44:34: [SM]   [2] Line 36, C:\Users\Moises\Downloads\Compressed\sourcemod-1.11.0-git6968-windows\addons\sourcemod\scripting\ÒankrunFixhealth.sp::Timer_PeriodicCheck
L 12/23/2025 - 16:44:35: [SM] Exception reported: Invalid timer handle 7ba00494 (error 3)
L 12/23/2025 - 16:44:35: [SM] Blaming: l4d2_playerjoining_v2.smx
L 12/23/2025 - 16:44:35: [SM] Call stack trace:
L 12/23/2025 - 16:44:35: [SM]   [0] KillTimer
L 12/23/2025 - 16:44:35: [SM]   [1] Line 53, C:\Users\Moises\Downloads\Compressed\sourcemod-1.11.0-git6968-windows\addons\sourcemod\scripting\l4d2_playerjoining_v2.sp::OnClientDisconnect
L 12/23/2025 - 16:44:35: [SM] Exception reported: Invalid timer handle ec900478 (error 3)
L 12/23/2025 - 16:44:35: [SM] Blaming: l4d2_playerjoining_v2.smx
L 12/23/2025 - 16:44:35: [SM] Call stack trace:
L 12/23/2025 - 16:44:35: [SM]   [0] KillTimer
L 12/23/2025 - 16:44:35: [SM]   [1] Line 53, C:\Users\Moises\Downloads\Compressed\sourcemod-1.11.0-git6968-windows\addons\sourcemod\scripting\l4d2_playerjoining_v2.sp::OnClientDisconnect
L 12/23/2025 - 16:44:37: Error log file session closed.
L 12/23/2025 - 16:44:37: SourceMod error session started
L 12/23/2025 - 16:44:37: Info (map "c4m1_milltown_a") (file "d:\steamlibrary\steamapps\common\left 4 dead 2\left4dead2\addons\sourcemod\logs\errors_20251223.log")
L 12/23/2025 - 16:44:37: [SM] Fatal error encountered parsing translation file "l4d_nth.phrases.txt"
L 12/23/2025 - 16:44:37: [SM] Error (line 0, column 0): Stream failed to open
L 12/23/2025 - 16:44:37: [SM] Fatal error encountered parsing translation file "chargersteering.phrases.txt"
L 12/23/2025 - 16:44:37: [SM] Error (line 0, column 0): Stream failed to open
L 12/23/2025 - 16:44:37: [SM] Fatal error encountered parsing translation file "l4dmultislots.phrases.txt"
L 12/23/2025 - 16:44:37: [SM] Error (line 0, column 0): Stream failed to open
L 12/23/2025 - 16:44:37: [SM] Fatal error encountered parsing translation file "lilac.phrases.txt"
L 12/23/2025 - 16:44:37: [SM] Error (line 0, column 0): Stream failed to open
L 12/23/2025 - 16:44:39: [SM] Exception reported: Invalid convar handle 0 (error 4)
L 12/23/2025 - 16:44:39: [SM] Blaming: ÒankrunFixhealth.smx
L 12/23/2025 - 16:44:39: [SM] Call stack trace:
L 12/23/2025 - 16:44:39: [SM]   [0] GetConVarString
L 12/23/2025 - 16:44:39: [SM]   [1] Line 138, C:\Users\Moises\Downloads\Compressed\sourcemod-1.11.0-git6968-windows\addons\sourcemod\scripting\ÒankrunFixhealth.sp::IsTankRunActive
L 12/23/2025 - 16:44:39: [SM]   [2] Line 54, C:\Users\Moises\Downloads\Compressed\sourcemod-1.11.0-git6968-windows\addons\sourcemod\scripting\ÒankrunFixhealth.sp::Event_RoundStart
L 12/23/2025 - 16:44:39: [l4d2_publicity.smx] [Publicity] No se encontraron mensajes en el archivo de configuraci√≥n
L 12/23/2025 - 16:44:50: [SM] Exception reported: Invalid convar handle 0 (error 4)
L 12/23/2025 - 16:44:50: [SM] Blaming: ÒankrunFixhealth.smx
L 12/23/2025 - 16:44:50: [SM] Call stack trace:
L 12/23/2025 - 16:44:50: [SM]   [0] GetConVarString
L 12/23/2025 - 16:44:50: [SM]   [1] Line 138, C:\Users\Moises\Downloads\Compressed\sourcemod-1.11.0-git6968-windows\addons\sourcemod\scripting\ÒankrunFixhealth.sp::IsTankRunActive
L 12/23/2025 - 16:44:50: [SM]   [2] Line 36, C:\Users\Moises\Downloads\Compressed\sourcemod-1.11.0-git6968-windows\addons\sourcemod\scripting\ÒankrunFixhealth.sp::Timer_PeriodicCheck
L 12/23/2025 - 16:45:00: [SM] Exception reported: Invalid timer handle ec900478 (error 1)
L 12/23/2025 - 16:45:00: [SM] Blaming: l4d2_playerjoining_v2.smx
L 12/23/2025 - 16:45:00: [SM] Call stack trace:
L 12/23/2025 - 16:45:00: [SM]   [0] KillTimer
L 12/23/2025 - 16:45:00: [SM]   [1] Line 53, C:\Users\Moises\Downloads\Compressed\sourcemod-1.11.0-git6968-windows\addons\sourcemod\scripting\l4d2_playerjoining_v2.sp::OnClientDisconnect
L 12/23/2025 - 16:45:01: [SM] Exception reported: Invalid timer handle 7ba00494 (error 1)
L 12/23/2025 - 16:45:01: [SM] Blaming: l4d2_playerjoining_v2.smx
L 12/23/2025 - 16:45:01: [SM] Call stack trace:
L 12/23/2025 - 16:45:01: [SM]   [0] KillTimer
L 12/23/2025 - 16:45:01: [SM]   [1] Line 53, C:\Users\Moises\Downloads\Compressed\sourcemod-1.11.0-git6968-windows\addons\sourcemod\scripting\l4d2_playerjoining_v2.sp::OnClientDisconnect
L 12/23/2025 - 16:45:01: [SM] Exception reported: Invalid timer handle c800044b (error 1)
L 12/23/2025 - 16:45:01: [SM] Blaming: l4d2_playerjoining_v2.smx
L 12/23/2025 - 16:45:01: [SM] Call stack trace:
L 12/23/2025 - 16:45:01: [SM]   [0] KillTimer
L 12/23/2025 - 16:45:01: [SM]   [1] Line 53, C:\Users\Moises\Downloads\Compressed\sourcemod-1.11.0-git6968-windows\addons\sourcemod\scripting\l4d2_playerjoining_v2.sp::OnClientDisconnect
L 12/23/2025 - 16:45:04: [SM] Exception reported: Invalid convar handle 0 (error 4)
L 12/23/2025 - 16:45:04: [SM] Blaming: ÒankrunFixhealth.smx
L 12/23/2025 - 16:45:04: [SM] Call stack trace:
L 12/23/2025 - 16:45:04: [SM]   [0] GetConVarString
L 12/23/2025 - 16:45:04: [SM]   [1] Line 138, C:\Users\Moises\Downloads\Compressed\sourcemod-1.11.0-git6968-windows\addons\sourcemod\scripting\ÒankrunFixhealth.sp::IsTankRunActive
L 12/23/2025 - 16:45:04: [SM]   [2] Line 36, C:\Users\Moises\Downloads\Compressed\sourcemod-1.11.0-git6968-windows\addons\sourcemod\scripting\ÒankrunFixhealth.sp::Timer_PeriodicCheck
L 12/23/2025 - 16:45:13: [SM] Exception reported: Invalid timer handle c800044b (error 1)
L 12/23/2025 - 16:45:13: [SM] Blaming: l4d2_playerjoining_v2.smx
L 12/23/2025 - 16:45:13: [SM] Call stack trace:
L 12/23/2025 - 16:45:13: [SM]   [0] KillTimer
L 12/23/2025 - 16:45:13: [SM]   [1] Line 53, C:\Users\Moises\Downloads\Compressed\sourcemod-1.11.0-git6968-windows\addons\sourcemod\scripting\l4d2_playerjoining_v2.sp::OnClientDisconnect
L 12/23/2025 - 16:45:14: [SM] Exception reported: Invalid convar handle 0 (error 4)
L 12/23/2025 - 16:45:14: [SM] Blaming: ÒankrunFixhealth.smx
L 12/23/2025 - 16:45:14: [SM] Call stack trace:
L 12/23/2025 - 16:45:14: [SM]   [0] GetConVarString
L 12/23/2025 - 16:45:14: [SM]   [1] Line 138, C:\Users\Moises\Downloads\Compressed\sourcemod-1.11.0-git6968-windows\addons\sourcemod\scripting\ÒankrunFixhealth.sp::IsTankRunActive
L 12/23/2025 - 16:45:14: [SM]   [2] Line 36, C:\Users\Moises\Downloads\Compressed\sourcemod-1.11.0-git6968-windows\addons\sourcemod\scripting\ÒankrunFixhealth.sp::Timer_PeriodicCheck
L 12/23/2025 - 16:45:14: [SM] Exception reported: Invalid timer handle c800044b (error 1)
L 12/23/2025 - 16:45:14: [SM] Blaming: l4d2_playerjoining_v2.smx
L 12/23/2025 - 16:45:14: [SM] Call stack trace:
L 12/23/2025 - 16:45:14: [SM]   [0] KillTimer
L 12/23/2025 - 16:45:14: [SM]   [1] Line 53, C:\Users\Moises\Downloads\Compressed\sourcemod-1.11.0-git6968-windows\addons\sourcemod\scripting\l4d2_playerjoining_v2.sp::OnClientDisconnect
L 12/23/2025 - 16:45:17: [SM] Exception reported: Invalid timer handle 7ba00494 (error 1)
L 12/23/2025 - 16:45:17: [SM] Blaming: l4d2_playerjoining_v2.smx
L 12/23/2025 - 16:45:17: [SM] Call stack trace:
L 12/23/2025 - 16:45:17: [SM]   [0] KillTimer
L 12/23/2025 - 16:45:17: [SM]   [1] Line 53, C:\Users\Moises\Downloads\Compressed\sourcemod-1.11.0-git6968-windows\addons\sourcemod\scripting\l4d2_playerjoining_v2.sp::OnClientDisconnect
L 12/23/2025 - 16:45:24: [SM] Exception reported: Invalid convar handle 0 (error 4)
L 12/23/2025 - 16:45:24: [SM] Blaming: ÒankrunFixhealth.smx
L 12/23/2025 - 16:45:24: [SM] Call stack trace:
L 12/23/2025 - 16:45:24: [SM]   [0] GetConVarString
L 12/23/2025 - 16:45:24: [SM]   [1] Line 138, C:\Users\Moises\Downloads\Compressed\sourcemod-1.11.0-git6968-windows\addons\sourcemod\scripting\ÒankrunFixhealth.sp::IsTankRunActive
L 12/23/2025 - 16:45:24: [SM]   [2] Line 36, C:\Users\Moises\Downloads\Compressed\sourcemod-1.11.0-git6968-windows\addons\sourcemod\scripting\ÒankrunFixhealth.sp::Timer_PeriodicCheck
L 12/23/2025 - 16:45:34: [SM] Exception reported: Invalid convar handle 0 (error 4)
L 12/23/2025 - 16:45:34: [SM] Blaming: ÒankrunFixhealth.smx
L 12/23/2025 - 16:45:34: [SM] Call stack trace:
L 12/23/2025 - 16:45:34: [SM]   [0] GetConVarString
L 12/23/2025 - 16:45:34: [SM]   [1] Line 138, C:\Users\Moises\Downloads\Compressed\sourcemod-1.11.0-git6968-windows\addons\sourcemod\scripting\ÒankrunFixhealth.sp::IsTankRunActive
L 12/23/2025 - 16:45:34: [SM]   [2] Line 36, C:\Users\Moises\Downloads\Compressed\sourcemod-1.11.0-git6968-windows\addons\sourcemod\scripting\ÒankrunFixhealth.sp::Timer_PeriodicCheck
L 12/23/2025 - 16:45:44: [SM] Exception reported: Invalid convar handle 0 (error 4)
L 12/23/2025 - 16:45:44: [SM] Blaming: ÒankrunFixhealth.smx
L 12/23/2025 - 16:45:44: [SM] Call stack trace:
L 12/23/2025 - 16:45:44: [SM]   [0] GetConVarString
L 12/23/2025 - 16:45:44: [SM]   [1] Line 138, C:\Users\Moises\Downloads\Compressed\sourcemod-1.11.0-git6968-windows\addons\sourcemod\scripting\ÒankrunFixhealth.sp::IsTankRunActive
L 12/23/2025 - 16:45:44: [SM]   [2] Line 36, C:\Users\Moises\Downloads\Compressed\sourcemod-1.11.0-git6968-windows\addons\sourcemod\scripting\ÒankrunFixhealth.sp::Timer_PeriodicCheck
L 12/23/2025 - 16:45:54: [SM] Exception reported: Invalid convar handle 0 (error 4)
L 12/23/2025 - 16:45:54: [SM] Blaming: ÒankrunFixhealth.smx
L 12/23/2025 - 16:45:54: [SM] Call stack trace:
L 12/23/2025 - 16:45:54: [SM]   [0] GetConVarString
L 12/23/2025 - 16:45:54: [SM]   [1] Line 138, C:\Users\Moises\Downloads\Compressed\sourcemod-1.11.0-git6968-windows\addons\sourcemod\scripting\ÒankrunFixhealth.sp::IsTankRunActive
L 12/23/2025 - 16:45:54: [SM]   [2] Line 36, C:\Users\Moises\Downloads\Compressed\sourcemod-1.11.0-git6968-windows\addons\sourcemod\scripting\ÒankrunFixhealth.sp::Timer_PeriodicCheck
L 12/23/2025 - 16:46:04: [SM] Exception reported: Invalid convar handle 0 (error 4)
L 12/23/2025 - 16:46:04: [SM] Blaming: ÒankrunFixhealth.smx
L 12/23/2025 - 16:46:04: [SM] Call stack trace:
L 12/23/2025 - 16:46:04: [SM]   [0] GetConVarString
L 12/23/2025 - 16:46:04: [SM]   [1] Line 138, C:\Users\Moises\Downloads\Compressed\sourcemod-1.11.0-git6968-windows\addons\sourcemod\scripting\ÒankrunFixhealth.sp::IsTankRunActive
L 12/23/2025 - 16:46:04: [SM]   [2] Line 36, C:\Users\Moises\Downloads\Compressed\sourcemod-1.11.0-git6968-windows\addons\sourcemod\scripting\ÒankrunFixhealth.sp::Timer_PeriodicCheck
L 12/23/2025 - 16:46:14: [SM] Exception reported: Invalid convar handle 0 (error 4)
L 12/23/2025 - 16:46:14: [SM] Blaming: ÒankrunFixhealth.smx
L 12/23/2025 - 16:46:14: [SM] Call stack trace:
L 12/23/2025 - 16:46:14: [SM]   [0] GetConVarString
L 12/23/2025 - 16:46:14: [SM]   [1] Line 138, C:\Users\Moises\Downloads\Compressed\sourcemod-1.11.0-git6968-windows\addons\sourcemod\scripting\ÒankrunFixhealth.sp::IsTankRunActive
L 12/23/2025 - 16:46:14: [SM]   [2] Line 36, C:\Users\Moises\Downloads\Compressed\sourcemod-1.11.0-git6968-windows\addons\sourcemod\scripting\ÒankrunFixhealth.sp::Timer_PeriodicCheck
L 12/23/2025 - 16:46:24: [SM] Exception reported: Invalid convar handle 0 (error 4)
L 12/23/2025 - 16:46:24: [SM] Blaming: ÒankrunFixhealth.smx
L 12/23/2025 - 16:46:24: [SM] Call stack trace:
L 12/23/2025 - 16:46:24: [SM]   [0] GetConVarString
L 12/23/2025 - 16:46:24: [SM]   [1] Line 138, C:\Users\Moises\Downloads\Compressed\sourcemod-1.11.0-git6968-windows\addons\sourcemod\scripting\ÒankrunFixhealth.sp::IsTankRunActive
L 12/23/2025 - 16:46:24: [SM]   [2] Line 36, C:\Users\Moises\Downloads\Compressed\sourcemod-1.11.0-git6968-windows\addons\sourcemod\scripting\ÒankrunFixhealth.sp::Timer_PeriodicCheck
L 12/23/2025 - 16:46:26: [SM] Exception reported: Invalid convar handle 0 (error 4)
L 12/23/2025 - 16:46:26: [SM] Blaming: ÒankrunFixhealth.smx
L 12/23/2025 - 16:46:26: [SM] Call stack trace:
L 12/23/2025 - 16:46:26: [SM]   [0] GetConVarString
L 12/23/2025 - 16:46:26: [SM]   [1] Line 138, C:\Users\Moises\Downloads\Compressed\sourcemod-1.11.0-git6968-windows\addons\sourcemod\scripting\ÒankrunFixhealth.sp::IsTankRunActive
L 12/23/2025 - 16:46:26: [SM]   [2] Line 79, C:\Users\Moises\Downloads\Compressed\sourcemod-1.11.0-git6968-windows\addons\sourcemod\scripting\ÒankrunFixhealth.sp::Event_PlayerDeath
L 12/23/2025 - 16:46:33: [SM] Exception reported: Invalid timer handle ec900478 (error 1)
L 12/23/2025 - 16:46:33: [SM] Blaming: l4d2_playerjoining_v2.smx
L 12/23/2025 - 16:46:33: [SM] Call stack trace:
L 12/23/2025 - 16:46:33: [SM]   [0] KillTimer
L 12/23/2025 - 16:46:33: [SM]   [1] Line 53, C:\Users\Moises\Downloads\Compressed\sourcemod-1.11.0-git6968-windows\addons\sourcemod\scripting\l4d2_playerjoining_v2.sp::OnClientDisconnect
L 12/23/2025 - 16:46:34: [SM] Exception reported: Invalid convar handle 0 (error 4)
L 12/23/2025 - 16:46:34: [SM] Blaming: ÒankrunFixhealth.smx
L 12/23/2025 - 16:46:34: [SM] Call stack trace:
L 12/23/2025 - 16:46:34: [SM]   [0] GetConVarString
L 12/23/2025 - 16:46:34: [SM]   [1] Line 138, C:\Users\Moises\Downloads\Compressed\sourcemod-1.11.0-git6968-windows\addons\sourcemod\scripting\ÒankrunFixhealth.sp::IsTankRunActive
L 12/23/2025 - 16:46:34: [SM]   [2] Line 36, C:\Users\Moises\Downloads\Compressed\sourcemod-1.11.0-git6968-windows\addons\sourcemod\scripting\ÒankrunFixhealth.sp::Timer_PeriodicCheck
L 12/23/2025 - 16:46:41: [SM] Exception reported: Invalid timer handle ec900478 (error 1)
L 12/23/2025 - 16:46:41: [SM] Blaming: l4d2_playerjoining_v2.smx
L 12/23/2025 - 16:46:41: [SM] Call stack trace:
L 12/23/2025 - 16:46:41: [SM]   [0] KillTimer
L 12/23/2025 - 16:46:41: [SM]   [1] Line 53, C:\Users\Moises\Downloads\Compressed\sourcemod-1.11.0-git6968-windows\addons\sourcemod\scripting\l4d2_playerjoining_v2.sp::OnClientDisconnect
L 12/23/2025 - 16:46:44: [SM] Exception reported: Invalid convar handle 0 (error 4)
L 12/23/2025 - 16:46:44: [SM] Blaming: ÒankrunFixhealth.smx
L 12/23/2025 - 16:46:44: [SM] Call stack trace:
L 12/23/2025 - 16:46:44: [SM]   [0] GetConVarString
L 12/23/2025 - 16:46:44: [SM]   [1] Line 138, C:\Users\Moises\Downloads\Compressed\sourcemod-1.11.0-git6968-windows\addons\sourcemod\scripting\ÒankrunFixhealth.sp::IsTankRunActive
L 12/23/2025 - 16:46:44: [SM]   [2] Line 36, C:\Users\Moises\Downloads\Compressed\sourcemod-1.11.0-git6968-windows\addons\sourcemod\scripting\ÒankrunFixhealth.sp::Timer_PeriodicCheck
L 12/23/2025 - 16:46:54: [SM] Exception reported: Invalid convar handle 0 (error 4)
L 12/23/2025 - 16:46:54: [SM] Blaming: ÒankrunFixhealth.smx
L 12/23/2025 - 16:46:54: [SM] Call stack trace:
L 12/23/2025 - 16:46:54: [SM]   [0] GetConVarString
L 12/23/2025 - 16:46:54: [SM]   [1] Line 138, C:\Users\Moises\Downloads\Compressed\sourcemod-1.11.0-git6968-windows\addons\sourcemod\scripting\ÒankrunFixhealth.sp::IsTankRunActive
L 12/23/2025 - 16:46:54: [SM]   [2] Line 36, C:\Users\Moises\Downloads\Compressed\sourcemod-1.11.0-git6968-windows\addons\sourcemod\scripting\ÒankrunFixhealth.sp::Timer_PeriodicCheck
L 12/23/2025 - 16:47:04: [SM] Exception reported: Invalid convar handle 0 (error 4)
L 12/23/2025 - 16:47:04: [SM] Blaming: ÒankrunFixhealth.smx
L 12/23/2025 - 16:47:04: [SM] Call stack trace:
L 12/23/2025 - 16:47:04: [SM]   [0] GetConVarString
L 12/23/2025 - 16:47:04: [SM]   [1] Line 138, C:\Users\Moises\Downloads\Compressed\sourcemod-1.11.0-git6968-windows\addons\sourcemod\scripting\ÒankrunFixhealth.sp::IsTankRunActive
L 12/23/2025 - 16:47:04: [SM]   [2] Line 36, C:\Users\Moises\Downloads\Compressed\sourcemod-1.11.0-git6968-windows\addons\sourcemod\scripting\ÒankrunFixhealth.sp::Timer_PeriodicCheck
L 12/23/2025 - 16:47:11: [SM] Exception reported: Invalid convar handle 0 (error 4)
L 12/23/2025 - 16:47:11: [SM] Blaming: ÒankrunFixhealth.smx
L 12/23/2025 - 16:47:11: [SM] Call stack trace:
L 12/23/2025 - 16:47:11: [SM]   [0] GetConVarString
L 12/23/2025 - 16:47:11: [SM]   [1] Line 138, C:\Users\Moises\Downloads\Compressed\sourcemod-1.11.0-git6968-windows\addons\sourcemod\scripting\ÒankrunFixhealth.sp::IsTankRunActive
L 12/23/2025 - 16:47:11: [SM]   [2] Line 79, C:\Users\Moises\Downloads\Compressed\sourcemod-1.11.0-git6968-windows\addons\sourcemod\scripting\ÒankrunFixhealth.sp::Event_PlayerDeath
L 12/23/2025 - 16:47:11: [SM] Exception reported: Invalid convar handle 0 (error 4)
L 12/23/2025 - 16:47:11: [SM] Blaming: ÒankrunFixhealth.smx
L 12/23/2025 - 16:47:11: [SM] Call stack trace:
L 12/23/2025 - 16:47:11: [SM]   [0] GetConVarString
L 12/23/2025 - 16:47:11: [SM]   [1] Line 138, C:\Users\Moises\Downloads\Compressed\sourcemod-1.11.0-git6968-windows\addons\sourcemod\scripting\ÒankrunFixhealth.sp::IsTankRunActive
L 12/23/2025 - 16:47:12: [SM]   [2] Line 79, C:\Users\Moises\Downloads\Compressed\sourcemod-1.11.0-git6968-windows\addons\sourcemod\scripting\ÒankrunFixhealth.sp::Event_PlayerDeath
L 12/23/2025 - 16:47:14: [SM] Exception reported: Invalid convar handle 0 (error 4)
L 12/23/2025 - 16:47:14: [SM] Blaming: ÒankrunFixhealth.smx
L 12/23/2025 - 16:47:14: [SM] Call stack trace:
L 12/23/2025 - 16:47:14: [SM]   [0] GetConVarString
L 12/23/2025 - 16:47:14: [SM]   [1] Line 138, C:\Users\Moises\Downloads\Compressed\sourcemod-1.11.0-git6968-windows\addons\sourcemod\scripting\ÒankrunFixhealth.sp::IsTankRunActive
L 12/23/2025 - 16:47:14: [SM]   [2] Line 36, C:\Users\Moises\Downloads\Compressed\sourcemod-1.11.0-git6968-windows\addons\sourcemod\scripting\ÒankrunFixhealth.sp::Timer_PeriodicCheck
L 12/23/2025 - 16:47:17: [SM] Exception reported: Invalid convar handle 0 (error 4)
L 12/23/2025 - 16:47:17: [SM] Blaming: ÒankrunFixhealth.smx
L 12/23/2025 - 16:47:17: [SM] Call stack trace:
L 12/23/2025 - 16:47:17: [SM]   [0] GetConVarString
L 12/23/2025 - 16:47:17: [SM]   [1] Line 138, C:\Users\Moises\Downloads\Compressed\sourcemod-1.11.0-git6968-windows\addons\sourcemod\scripting\ÒankrunFixhealth.sp::IsTankRunActive
L 12/23/2025 - 16:47:17: [SM]   [2] Line 71, C:\Users\Moises\Downloads\Compressed\sourcemod-1.11.0-git6968-windows\addons\sourcemod\scripting\ÒankrunFixhealth.sp::Event_MapTransition
L 12/23/2025 - 16:47:19: [SM] Exception reported: Invalid timer handle 8f100479 (error 3)
L 12/23/2025 - 16:47:19: [SM] Blaming: l4d2_playerjoining_v2.smx
L 12/23/2025 - 16:47:19: [SM] Call stack trace:
L 12/23/2025 - 16:47:19: [SM]   [0] KillTimer
L 12/23/2025 - 16:47:19: [SM]   [1] Line 53, C:\Users\Moises\Downloads\Compressed\sourcemod-1.11.0-git6968-windows\addons\sourcemod\scripting\l4d2_playerjoining_v2.sp::OnClientDisconnect
L 12/23/2025 - 16:47:19: [SM] Exception reported: Invalid timer handle a7700479 (error 3)
L 12/23/2025 - 16:47:19: [SM] Blaming: l4d2_playerjoining_v2.smx
L 12/23/2025 - 16:47:19: [SM] Call stack trace:
L 12/23/2025 - 16:47:19: [SM]   [0] KillTimer
L 12/23/2025 - 16:47:19: [SM]   [1] Line 53, C:\Users\Moises\Downloads\Compressed\sourcemod-1.11.0-git6968-windows\addons\sourcemod\scripting\l4d2_playerjoining_v2.sp::OnClientDisconnect
L 12/23/2025 - 16:47:24: [SM] Exception reported: Invalid convar handle 0 (error 4)
L 12/23/2025 - 16:47:24: [SM] Blaming: ÒankrunFixhealth.smx
L 12/23/2025 - 16:47:24: [SM] Call stack trace:
L 12/23/2025 - 16:47:24: [SM]   [0] GetConVarString
L 12/23/2025 - 16:47:24: [SM]   [1] Line 138, C:\Users\Moises\Downloads\Compressed\sourcemod-1.11.0-git6968-windows\addons\sourcemod\scripting\ÒankrunFixhealth.sp::IsTankRunActive
L 12/23/2025 - 16:47:24: [SM]   [2] Line 36, C:\Users\Moises\Downloads\Compressed\sourcemod-1.11.0-git6968-windows\addons\sourcemod\scripting\ÒankrunFixhealth.sp::Timer_PeriodicCheck
L 12/23/2025 - 16:47:25: [SM] Exception reported: Invalid timer handle 7ba00494 (error 1)
L 12/23/2025 - 16:47:25: [SM] Blaming: l4d2_playerjoining_v2.smx
L 12/23/2025 - 16:47:25: [SM] Call stack trace:
L 12/23/2025 - 16:47:25: [SM]   [0] KillTimer
L 12/23/2025 - 16:47:25: [SM]   [1] Line 53, C:\Users\Moises\Downloads\Compressed\sourcemod-1.11.0-git6968-windows\addons\sourcemod\scripting\l4d2_playerjoining_v2.sp::OnClientDisconnect
L 12/23/2025 - 16:47:25: [SM] Exception reported: Invalid timer handle c800044b (error 3)
L 12/23/2025 - 16:47:25: [SM] Blaming: l4d2_playerjoining_v2.smx
L 12/23/2025 - 16:47:25: [SM] Call stack trace:
L 12/23/2025 - 16:47:25: [SM]   [0] KillTimer
L 12/23/2025 - 16:47:25: [SM]   [1] Line 53, C:\Users\Moises\Downloads\Compressed\sourcemod-1.11.0-git6968-windows\addons\sourcemod\scripting\l4d2_playerjoining_v2.sp::OnClientDisconnect
L 12/23/2025 - 16:47:25: [SM] Exception reported: Invalid timer handle ec900478 (error 1)
L 12/23/2025 - 16:47:25: [SM] Blaming: l4d2_playerjoining_v2.smx
L 12/23/2025 - 16:47:25: [SM] Call stack trace:
L 12/23/2025 - 16:47:25: [SM]   [0] KillTimer
L 12/23/2025 - 16:47:25: [SM]   [1] Line 53, C:\Users\Moises\Downloads\Compressed\sourcemod-1.11.0-git6968-windows\addons\sourcemod\scripting\l4d2_playerjoining_v2.sp::OnClientDisconnect
L 12/23/2025 - 16:47:25: [SM] Exception reported: Invalid timer handle da500496 (error 1)
L 12/23/2025 - 16:47:25: [SM] Blaming: l4d2_playerjoining_v2.smx
L 12/23/2025 - 16:47:25: [SM] Call stack trace:
L 12/23/2025 - 16:47:25: [SM]   [0] KillTimer
L 12/23/2025 - 16:47:25: [SM]   [1] Line 53, C:\Users\Moises\Downloads\Compressed\sourcemod-1.11.0-git6968-windows\addons\sourcemod\scripting\l4d2_playerjoining_v2.sp::OnClientDisconnect
L 12/23/2025 - 16:47:27: Error log file session closed.
L 12/23/2025 - 16:47:27: SourceMod error session started
L 12/23/2025 - 16:47:27: Info (map "c4m2_sugarmill_a") (file "d:\steamlibrary\steamapps\common\left 4 dead 2\left4dead2\addons\sourcemod\logs\errors_20251223.log")
L 12/23/2025 - 16:47:27: [SM] Fatal error encountered parsing translation file "l4d_nth.phrases.txt"
L 12/23/2025 - 16:47:27: [SM] Error (line 0, column 0): Stream failed to open
L 12/23/2025 - 16:47:27: [SM] Fatal error encountered parsing translation file "chargersteering.phrases.txt"
L 12/23/2025 - 16:47:27: [SM] Error (line 0, column 0): Stream failed to open
L 12/23/2025 - 16:47:27: [SM] Fatal error encountered parsing translation file "l4dmultislots.phrases.txt"
L 12/23/2025 - 16:47:27: [SM] Error (line 0, column 0): Stream failed to open
L 12/23/2025 - 16:47:27: [SM] Fatal error encountered parsing translation file "lilac.phrases.txt"
L 12/23/2025 - 16:47:27: [SM] Error (line 0, column 0): Stream failed to open
L 12/23/2025 - 16:47:30: [SM] Exception reported: Invalid convar handle 0 (error 4)
L 12/23/2025 - 16:47:30: [SM] Blaming: ÒankrunFixhealth.smx
L 12/23/2025 - 16:47:30: [SM] Call stack trace:
L 12/23/2025 - 16:47:30: [SM]   [0] GetConVarString
L 12/23/2025 - 16:47:30: [SM]   [1] Line 138, C:\Users\Moises\Downloads\Compressed\sourcemod-1.11.0-git6968-windows\addons\sourcemod\scripting\ÒankrunFixhealth.sp::IsTankRunActive
L 12/23/2025 - 16:47:30: [SM]   [2] Line 54, C:\Users\Moises\Downloads\Compressed\sourcemod-1.11.0-git6968-windows\addons\sourcemod\scripting\ÒankrunFixhealth.sp::Event_RoundStart
L 12/23/2025 - 16:47:30: [l4d2_publicity.smx] [Publicity] No se encontraron mensajes en el archivo de configuraci√≥n
L 12/23/2025 - 16:47:40: [SM] Exception reported: Invalid convar handle 0 (error 4)
L 12/23/2025 - 16:47:40: [SM] Blaming: ÒankrunFixhealth.smx
L 12/23/2025 - 16:47:40: [SM] Call stack trace:
L 12/23/2025 - 16:47:40: [SM]   [0] GetConVarString
L 12/23/2025 - 16:47:40: [SM]   [1] Line 138, C:\Users\Moises\Downloads\Compressed\sourcemod-1.11.0-git6968-windows\addons\sourcemod\scripting\ÒankrunFixhealth.sp::IsTankRunActive
L 12/23/2025 - 16:47:40: [SM]   [2] Line 36, C:\Users\Moises\Downloads\Compressed\sourcemod-1.11.0-git6968-windows\addons\sourcemod\scripting\ÒankrunFixhealth.sp::Timer_PeriodicCheck
L 12/23/2025 - 16:47:50: [SM] Exception reported: Invalid convar handle 0 (error 4)
L 12/23/2025 - 16:47:50: [SM] Blaming: ÒankrunFixhealth.smx
L 12/23/2025 - 16:47:50: [SM] Call stack trace:
L 12/23/2025 - 16:47:50: [SM]   [0] GetConVarString
L 12/23/2025 - 16:47:50: [SM]   [1] Line 138, C:\Users\Moises\Downloads\Compressed\sourcemod-1.11.0-git6968-windows\addons\sourcemod\scripting\ÒankrunFixhealth.sp::IsTankRunActive
L 12/23/2025 - 16:47:50: [SM]   [2] Line 36, C:\Users\Moises\Downloads\Compressed\sourcemod-1.11.0-git6968-windows\addons\sourcemod\scripting\ÒankrunFixhealth.sp::Timer_PeriodicCheck
L 12/23/2025 - 16:48:01: [SM] Exception reported: Invalid timer handle ec900478 (error 3)
L 12/23/2025 - 16:48:01: [SM] Blaming: l4d2_playerjoining_v2.smx
L 12/23/2025 - 16:48:01: [SM] Call stack trace:
L 12/23/2025 - 16:48:01: [SM]   [0] KillTimer
L 12/23/2025 - 16:48:01: [SM]   [1] Line 53, C:\Users\Moises\Downloads\Compressed\sourcemod-1.11.0-git6968-windows\addons\sourcemod\scripting\l4d2_playerjoining_v2.sp::OnClientDisconnect
L 12/23/2025 - 16:48:01: [SM] Exception reported: Invalid timer handle 7ba00494 (error 1)
L 12/23/2025 - 16:48:01: [SM] Blaming: l4d2_playerjoining_v2.smx
L 12/23/2025 - 16:48:01: [SM] Call stack trace:
L 12/23/2025 - 16:48:01: [SM]   [0] KillTimer
L 12/23/2025 - 16:48:01: [SM]   [1] Line 53, C:\Users\Moises\Downloads\Compressed\sourcemod-1.11.0-git6968-windows\addons\sourcemod\scripting\l4d2_playerjoining_v2.sp::OnClientDisconnect
L 12/23/2025 - 16:48:02: [SM] Exception reported: Invalid timer handle a7700479 (error 1)
L 12/23/2025 - 16:48:02: [SM] Blaming: l4d2_playerjoining_v2.smx
L 12/23/2025 - 16:48:02: [SM] Call stack trace:
L 12/23/2025 - 16:48:02: [SM]   [0] KillTimer
L 12/23/2025 - 16:48:02: [SM]   [1] Line 53, C:\Users\Moises\Downloads\Compressed\sourcemod-1.11.0-git6968-windows\addons\sourcemod\scripting\l4d2_playerjoining_v2.sp::OnClientDisconnect
L 12/23/2025 - 16:48:02: [SM] Exception reported: Invalid timer handle 8f100479 (error 3)
L 12/23/2025 - 16:48:02: [SM] Blaming: l4d2_playerjoining_v2.smx
L 12/23/2025 - 16:48:02: [SM] Call stack trace:
L 12/23/2025 - 16:48:02: [SM]   [0] KillTimer
L 12/23/2025 - 16:48:02: [SM]   [1] Line 53, C:\Users\Moises\Downloads\Compressed\sourcemod-1.11.0-git6968-windows\addons\sourcemod\scripting\l4d2_playerjoining_v2.sp::OnClientDisconnect
L 12/23/2025 - 16:48:03: [SM] Exception reported: Invalid convar handle 0 (error 4)
L 12/23/2025 - 16:48:03: [SM] Blaming: ÒankrunFixhealth.smx
L 12/23/2025 - 16:48:03: [SM] Call stack trace:
L 12/23/2025 - 16:48:03: [SM]   [0] GetConVarString
L 12/23/2025 - 16:48:03: [SM]   [1] Line 138, C:\Users\Moises\Downloads\Compressed\sourcemod-1.11.0-git6968-windows\addons\sourcemod\scripting\ÒankrunFixhealth.sp::IsTankRunActive
L 12/23/2025 - 16:48:03: [SM]   [2] Line 36, C:\Users\Moises\Downloads\Compressed\sourcemod-1.11.0-git6968-windows\addons\sourcemod\scripting\ÒankrunFixhealth.sp::Timer_PeriodicCheck
L 12/23/2025 - 16:48:14: [SM] Exception reported: Invalid convar handle 0 (error 4)
L 12/23/2025 - 16:48:14: [SM] Blaming: ÒankrunFixhealth.smx
L 12/23/2025 - 16:48:14: [SM] Call stack trace:
L 12/23/2025 - 16:48:14: [SM]   [0] GetConVarString
L 12/23/2025 - 16:48:14: [SM]   [1] Line 138, C:\Users\Moises\Downloads\Compressed\sourcemod-1.11.0-git6968-windows\addons\sourcemod\scripting\ÒankrunFixhealth.sp::IsTankRunActive
L 12/23/2025 - 16:48:14: [SM]   [2] Line 36, C:\Users\Moises\Downloads\Compressed\sourcemod-1.11.0-git6968-windows\addons\sourcemod\scripting\ÒankrunFixhealth.sp::Timer_PeriodicCheck
L 12/23/2025 - 16:48:24: [SM] Exception reported: Invalid convar handle 0 (error 4)
L 12/23/2025 - 16:48:24: [SM] Blaming: ÒankrunFixhealth.smx
L 12/23/2025 - 16:48:24: [SM] Call stack trace:
L 12/23/2025 - 16:48:24: [SM]   [0] GetConVarString
L 12/23/2025 - 16:48:24: [SM]   [1] Line 138, C:\Users\Moises\Downloads\Compressed\sourcemod-1.11.0-git6968-windows\addons\sourcemod\scripting\ÒankrunFixhealth.sp::IsTankRunActive
L 12/23/2025 - 16:48:24: [SM]   [2] Line 36, C:\Users\Moises\Downloads\Compressed\sourcemod-1.11.0-git6968-windows\addons\sourcemod\scripting\ÒankrunFixhealth.sp::Timer_PeriodicCheck
L 12/23/2025 - 16:48:26: [SM] Exception reported: Invalid timer handle c800044b (error 1)
L 12/23/2025 - 16:48:26: [SM] Blaming: l4d2_playerjoining_v2.smx
L 12/23/2025 - 16:48:26: [SM] Call stack trace:
L 12/23/2025 - 16:48:26: [SM]   [0] KillTimer
L 12/23/2025 - 16:48:26: [SM]   [1] Line 53, C:\Users\Moises\Downloads\Compressed\sourcemod-1.11.0-git6968-windows\addons\sourcemod\scripting\l4d2_playerjoining_v2.sp::OnClientDisconnect
L 12/23/2025 - 16:48:34: [SM] Exception reported: Invalid convar handle 0 (error 4)
L 12/23/2025 - 16:48:34: [SM] Blaming: ÒankrunFixhealth.smx
L 12/23/2025 - 16:48:34: [SM] Call stack trace:
L 12/23/2025 - 16:48:34: [SM]   [0] GetConVarString
L 12/23/2025 - 16:48:34: [SM]   [1] Line 138, C:\Users\Moises\Downloads\Compressed\sourcemod-1.11.0-git6968-windows\addons\sourcemod\scripting\ÒankrunFixhealth.sp::IsTankRunActive
L 12/23/2025 - 16:48:34: [SM]   [2] Line 36, C:\Users\Moises\Downloads\Compressed\sourcemod-1.11.0-git6968-windows\addons\sourcemod\scripting\ÒankrunFixhealth.sp::Timer_PeriodicCheck
L 12/23/2025 - 16:48:44: [SM] Exception reported: Invalid convar handle 0 (error 4)
L 12/23/2025 - 16:48:44: [SM] Blaming: ÒankrunFixhealth.smx
L 12/23/2025 - 16:48:44: [SM] Call stack trace:
L 12/23/2025 - 16:48:44: [SM]   [0] GetConVarString
L 12/23/2025 - 16:48:44: [SM]   [1] Line 138, C:\Users\Moises\Downloads\Compressed\sourcemod-1.11.0-git6968-windows\addons\sourcemod\scripting\ÒankrunFixhealth.sp::IsTankRunActive
L 12/23/2025 - 16:48:44: [SM]   [2] Line 36, C:\Users\Moises\Downloads\Compressed\sourcemod-1.11.0-git6968-windows\addons\sourcemod\scripting\ÒankrunFixhealth.sp::Timer_PeriodicCheck
L 12/23/2025 - 16:48:54: [SM] Exception reported: Invalid convar handle 0 (error 4)
L 12/23/2025 - 16:48:54: [SM] Blaming: ÒankrunFixhealth.smx
L 12/23/2025 - 16:48:54: [SM] Call stack trace:
L 12/23/2025 - 16:48:54: [SM]   [0] GetConVarString
L 12/23/2025 - 16:48:54: [SM]   [1] Line 138, C:\Users\Moises\Downloads\Compressed\sourcemod-1.11.0-git6968-windows\addons\sourcemod\scripting\ÒankrunFixhealth.sp::IsTankRunActive
L 12/23/2025 - 16:48:54: [SM]   [2] Line 36, C:\Users\Moises\Downloads\Compressed\sourcemod-1.11.0-git6968-windows\addons\sourcemod\scripting\ÒankrunFixhealth.sp::Timer_PeriodicCheck
L 12/23/2025 - 16:49:04: [SM] Exception reported: Invalid convar handle 0 (error 4)
L 12/23/2025 - 16:49:04: [SM] Blaming: ÒankrunFixhealth.smx
L 12/23/2025 - 16:49:04: [SM] Call stack trace:
L 12/23/2025 - 16:49:04: [SM]   [0] GetConVarString
L 12/23/2025 - 16:49:04: [SM]   [1] Line 138, C:\Users\Moises\Downloads\Compressed\sourcemod-1.11.0-git6968-windows\addons\sourcemod\scripting\ÒankrunFixhealth.sp::IsTankRunActive
L 12/23/2025 - 16:49:04: [SM]   [2] Line 36, C:\Users\Moises\Downloads\Compressed\sourcemod-1.11.0-git6968-windows\addons\sourcemod\scripting\ÒankrunFixhealth.sp::Timer_PeriodicCheck
L 12/23/2025 - 16:49:14: [SM] Exception reported: Invalid convar handle 0 (error 4)
L 12/23/2025 - 16:49:14: [SM] Blaming: ÒankrunFixhealth.smx
L 12/23/2025 - 16:49:14: [SM] Call stack trace:
L 12/23/2025 - 16:49:14: [SM]   [0] GetConVarString
L 12/23/2025 - 16:49:14: [SM]   [1] Line 138, C:\Users\Moises\Downloads\Compressed\sourcemod-1.11.0-git6968-windows\addons\sourcemod\scripting\ÒankrunFixhealth.sp::IsTankRunActive
L 12/23/2025 - 16:49:14: [SM]   [2] Line 36, C:\Users\Moises\Downloads\Compressed\sourcemod-1.11.0-git6968-windows\addons\sourcemod\scripting\ÒankrunFixhealth.sp::Timer_PeriodicCheck
L 12/23/2025 - 16:49:20: [SM] Exception reported: Invalid convar handle 0 (error 4)
L 12/23/2025 - 16:49:20: [SM] Blaming: ÒankrunFixhealth.smx
L 12/23/2025 - 16:49:20: [SM] Call stack trace:
L 12/23/2025 - 16:49:20: [SM]   [0] GetConVarString
L 12/23/2025 - 16:49:20: [SM]   [1] Line 138, C:\Users\Moises\Downloads\Compressed\sourcemod-1.11.0-git6968-windows\addons\sourcemod\scripting\ÒankrunFixhealth.sp::IsTankRunActive
L 12/23/2025 - 16:49:20: [SM]   [2] Line 79, C:\Users\Moises\Downloads\Compressed\sourcemod-1.11.0-git6968-windows\addons\sourcemod\scripting\ÒankrunFixhealth.sp::Event_PlayerDeath
L 12/23/2025 - 16:49:24: [SM] Exception reported: Invalid convar handle 0 (error 4)
L 12/23/2025 - 16:49:24: [SM] Blaming: ÒankrunFixhealth.smx
L 12/23/2025 - 16:49:24: [SM] Call stack trace:
L 12/23/2025 - 16:49:24: [SM]   [0] GetConVarString
L 12/23/2025 - 16:49:24: [SM]   [1] Line 138, C:\Users\Moises\Downloads\Compressed\sourcemod-1.11.0-git6968-windows\addons\sourcemod\scripting\ÒankrunFixhealth.sp::IsTankRunActive
L 12/23/2025 - 16:49:24: [SM]   [2] Line 36, C:\Users\Moises\Downloads\Compressed\sourcemod-1.11.0-git6968-windows\addons\sourcemod\scripting\ÒankrunFixhealth.sp::Timer_PeriodicCheck
L 12/23/2025 - 16:49:27: [SM] Exception reported: Invalid timer handle 7ba00494 (error 1)
L 12/23/2025 - 16:49:27: [SM] Blaming: l4d2_playerjoining_v2.smx
L 12/23/2025 - 16:49:27: [SM] Call stack trace:
L 12/23/2025 - 16:49:27: [SM]   [0] KillTimer
L 12/23/2025 - 16:49:27: [SM]   [1] Line 53, C:\Users\Moises\Downloads\Compressed\sourcemod-1.11.0-git6968-windows\addons\sourcemod\scripting\l4d2_playerjoining_v2.sp::OnClientDisconnect
L 12/23/2025 - 16:49:34: [SM] Exception reported: Invalid convar handle 0 (error 4)
L 12/23/2025 - 16:49:34: [SM] Blaming: ÒankrunFixhealth.smx
L 12/23/2025 - 16:49:34: [SM] Call stack trace:
L 12/23/2025 - 16:49:34: [SM]   [0] GetConVarString
L 12/23/2025 - 16:49:34: [SM]   [1] Line 138, C:\Users\Moises\Downloads\Compressed\sourcemod-1.11.0-git6968-windows\addons\sourcemod\scripting\ÒankrunFixhealth.sp::IsTankRunActive
L 12/23/2025 - 16:49:34: [SM]   [2] Line 36, C:\Users\Moises\Downloads\Compressed\sourcemod-1.11.0-git6968-windows\addons\sourcemod\scripting\ÒankrunFixhealth.sp::Timer_PeriodicCheck
L 12/23/2025 - 16:49:44: [SM] Exception reported: Invalid convar handle 0 (error 4)
L 12/23/2025 - 16:49:44: [SM] Blaming: ÒankrunFixhealth.smx
L 12/23/2025 - 16:49:44: [SM] Call stack trace:
L 12/23/2025 - 16:49:44: [SM]   [0] GetConVarString
L 12/23/2025 - 16:49:44: [SM]   [1] Line 138, C:\Users\Moises\Downloads\Compressed\sourcemod-1.11.0-git6968-windows\addons\sourcemod\scripting\ÒankrunFixhealth.sp::IsTankRunActive
L 12/23/2025 - 16:49:44: [SM]   [2] Line 79, C:\Users\Moises\Downloads\Compressed\sourcemod-1.11.0-git6968-windows\addons\sourcemod\scripting\ÒankrunFixhealth.sp::Event_PlayerDeath
L 12/23/2025 - 16:49:44: [SM] Exception reported: Invalid convar handle 0 (error 4)
L 12/23/2025 - 16:49:44: [SM] Blaming: ÒankrunFixhealth.smx
L 12/23/2025 - 16:49:44: [SM] Call stack trace:
L 12/23/2025 - 16:49:44: [SM]   [0] GetConVarString
L 12/23/2025 - 16:49:44: [SM]   [1] Line 138, C:\Users\Moises\Downloads\Compressed\sourcemod-1.11.0-git6968-windows\addons\sourcemod\scripting\ÒankrunFixhealth.sp::IsTankRunActive
L 12/23/2025 - 16:49:44: [SM]   [2] Line 36, C:\Users\Moises\Downloads\Compressed\sourcemod-1.11.0-git6968-windows\addons\sourcemod\scripting\ÒankrunFixhealth.sp::Timer_PeriodicCheck
L 12/23/2025 - 16:49:51: [SM] Exception reported: Invalid timer handle c800044b (error 3)
L 12/23/2025 - 16:49:51: [SM] Blaming: l4d2_playerjoining_v2.smx
L 12/23/2025 - 16:49:51: [SM] Call stack trace:
L 12/23/2025 - 16:49:51: [SM]   [0] KillTimer
L 12/23/2025 - 16:49:51: [SM]   [1] Line 53, C:\Users\Moises\Downloads\Compressed\sourcemod-1.11.0-git6968-windows\addons\sourcemod\scripting\l4d2_playerjoining_v2.sp::OnClientDisconnect
L 12/23/2025 - 16:49:54: [SM] Exception reported: Invalid convar handle 0 (error 4)
L 12/23/2025 - 16:49:54: [SM] Blaming: ÒankrunFixhealth.smx
L 12/23/2025 - 16:49:54: [SM] Call stack trace:
L 12/23/2025 - 16:49:54: [SM]   [0] GetConVarString
L 12/23/2025 - 16:49:54: [SM]   [1] Line 138, C:\Users\Moises\Downloads\Compressed\sourcemod-1.11.0-git6968-windows\addons\sourcemod\scripting\ÒankrunFixhealth.sp::IsTankRunActive
L 12/23/2025 - 16:49:54: [SM]   [2] Line 36, C:\Users\Moises\Downloads\Compressed\sourcemod-1.11.0-git6968-windows\addons\sourcemod\scripting\ÒankrunFixhealth.sp::Timer_PeriodicCheck
L 12/23/2025 - 16:50:04: [SM] Exception reported: Invalid convar handle 0 (error 4)
L 12/23/2025 - 16:50:04: [SM] Blaming: ÒankrunFixhealth.smx
L 12/23/2025 - 16:50:04: [SM] Call stack trace:
L 12/23/2025 - 16:50:04: [SM]   [0] GetConVarString
L 12/23/2025 - 16:50:04: [SM]   [1] Line 138, C:\Users\Moises\Downloads\Compressed\sourcemod-1.11.0-git6968-windows\addons\sourcemod\scripting\ÒankrunFixhealth.sp::IsTankRunActive
L 12/23/2025 - 16:50:04: [SM]   [2] Line 36, C:\Users\Moises\Downloads\Compressed\sourcemod-1.11.0-git6968-windows\addons\sourcemod\scripting\ÒankrunFixhealth.sp::Timer_PeriodicCheck
L 12/23/2025 - 16:50:14: [SM] Exception reported: Invalid convar handle 0 (error 4)
L 12/23/2025 - 16:50:14: [SM] Blaming: ÒankrunFixhealth.smx
L 12/23/2025 - 16:50:14: [SM] Call stack trace:
L 12/23/2025 - 16:50:14: [SM]   [0] GetConVarString
L 12/23/2025 - 16:50:14: [SM]   [1] Line 138, C:\Users\Moises\Downloads\Compressed\sourcemod-1.11.0-git6968-windows\addons\sourcemod\scripting\ÒankrunFixhealth.sp::IsTankRunActive
L 12/23/2025 - 16:50:14: [SM]   [2] Line 36, C:\Users\Moises\Downloads\Compressed\sourcemod-1.11.0-git6968-windows\addons\sourcemod\scripting\ÒankrunFixhealth.sp::Timer_PeriodicCheck
L 12/23/2025 - 16:50:24: [SM] Exception reported: Invalid convar handle 0 (error 4)
L 12/23/2025 - 16:50:24: [SM] Blaming: ÒankrunFixhealth.smx
L 12/23/2025 - 16:50:24: [SM] Call stack trace:
L 12/23/2025 - 16:50:24: [SM]   [0] GetConVarString
L 12/23/2025 - 16:50:24: [SM]   [1] Line 138, C:\Users\Moises\Downloads\Compressed\sourcemod-1.11.0-git6968-windows\addons\sourcemod\scripting\ÒankrunFixhealth.sp::IsTankRunActive
L 12/23/2025 - 16:50:24: [SM]   [2] Line 36, C:\Users\Moises\Downloads\Compressed\sourcemod-1.11.0-git6968-windows\addons\sourcemod\scripting\ÒankrunFixhealth.sp::Timer_PeriodicCheck
L 12/23/2025 - 16:50:34: [SM] Exception reported: Invalid convar handle 0 (error 4)
L 12/23/2025 - 16:50:34: [SM] Blaming: ÒankrunFixhealth.smx
L 12/23/2025 - 16:50:34: [SM] Call stack trace:
L 12/23/2025 - 16:50:34: [SM]   [0] GetConVarString
L 12/23/2025 - 16:50:34: [SM]   [1] Line 138, C:\Users\Moises\Downloads\Compressed\sourcemod-1.11.0-git6968-windows\addons\sourcemod\scripting\ÒankrunFixhealth.sp::IsTankRunActive
L 12/23/2025 - 16:50:34: [SM]   [2] Line 36, C:\Users\Moises\Downloads\Compressed\sourcemod-1.11.0-git6968-windows\addons\sourcemod\scripting\ÒankrunFixhealth.sp::Timer_PeriodicCheck
L 12/23/2025 - 16:50:42: [SM] Exception reported: Invalid convar handle 0 (error 4)
L 12/23/2025 - 16:50:42: [SM] Blaming: ÒankrunFixhealth.smx
L 12/23/2025 - 16:50:42: [SM] Call stack trace:
L 12/23/2025 - 16:50:42: [SM]   [0] GetConVarString
L 12/23/2025 - 16:50:42: [SM]   [1] Line 138, C:\Users\Moises\Downloads\Compressed\sourcemod-1.11.0-git6968-windows\addons\sourcemod\scripting\ÒankrunFixhealth.sp::IsTankRunActive
L 12/23/2025 - 16:50:42: [SM]   [2] Line 79, C:\Users\Moises\Downloads\Compressed\sourcemod-1.11.0-git6968-windows\addons\sourcemod\scripting\ÒankrunFixhealth.sp::Event_PlayerDeath
L 12/23/2025 - 16:50:44: [SM] Exception reported: Invalid convar handle 0 (error 4)
L 12/23/2025 - 16:50:44: [SM] Blaming: ÒankrunFixhealth.smx
L 12/23/2025 - 16:50:44: [SM] Call stack trace:
L 12/23/2025 - 16:50:44: [SM]   [0] GetConVarString
L 12/23/2025 - 16:50:44: [SM]   [1] Line 138, C:\Users\Moises\Downloads\Compressed\sourcemod-1.11.0-git6968-windows\addons\sourcemod\scripting\ÒankrunFixhealth.sp::IsTankRunActive
L 12/23/2025 - 16:50:44: [SM]   [2] Line 36, C:\Users\Moises\Downloads\Compressed\sourcemod-1.11.0-git6968-windows\addons\sourcemod\scripting\ÒankrunFixhealth.sp::Timer_PeriodicCheck
L 12/23/2025 - 16:50:49: [SM] Exception reported: Invalid timer handle 7ba00494 (error 1)
L 12/23/2025 - 16:50:49: [SM] Blaming: l4d2_playerjoining_v2.smx
L 12/23/2025 - 16:50:49: [SM] Call stack trace:
L 12/23/2025 - 16:50:49: [SM]   [0] KillTimer
L 12/23/2025 - 16:50:49: [SM]   [1] Line 53, C:\Users\Moises\Downloads\Compressed\sourcemod-1.11.0-git6968-windows\addons\sourcemod\scripting\l4d2_playerjoining_v2.sp::OnClientDisconnect
L 12/23/2025 - 16:50:50: [SM] Exception reported: Invalid convar handle 0 (error 4)
L 12/23/2025 - 16:50:50: [SM] Blaming: ÒankrunFixhealth.smx
L 12/23/2025 - 16:50:50: [SM] Call stack trace:
L 12/23/2025 - 16:50:50: [SM]   [0] GetConVarString
L 12/23/2025 - 16:50:50: [SM]   [1] Line 138, C:\Users\Moises\Downloads\Compressed\sourcemod-1.11.0-git6968-windows\addons\sourcemod\scripting\ÒankrunFixhealth.sp::IsTankRunActive
L 12/23/2025 - 16:50:50: [SM]   [2] Line 79, C:\Users\Moises\Downloads\Compressed\sourcemod-1.11.0-git6968-windows\addons\sourcemod\scripting\ÒankrunFixhealth.sp::Event_PlayerDeath
L 12/23/2025 - 16:50:52: [SM] Exception reported: Language phrase "Please wait to be revived or rescued" not found (arg 6)
L 12/23/2025 - 16:50:52: [SM] Blaming: l4dmultislots.smx
L 12/23/2025 - 16:50:52: [SM] Call stack trace:
L 12/23/2025 - 16:50:52: [SM]   [0] PrintToChat
L 12/23/2025 - 16:50:52: [SM]   [1] Line 953, d:\Github\Private-Work\L4D2-Êèí‰ª∂\scripting_1.11\l4dmultislots.sp::Timer_SpecCheck
L 12/23/2025 - 16:50:54: [SM] Exception reported: Invalid convar handle 0 (error 4)
L 12/23/2025 - 16:50:54: [SM] Blaming: ÒankrunFixhealth.smx
L 12/23/2025 - 16:50:54: [SM] Call stack trace:
L 12/23/2025 - 16:50:54: [SM]   [0] GetConVarString
L 12/23/2025 - 16:50:54: [SM]   [1] Line 138, C:\Users\Moises\Downloads\Compressed\sourcemod-1.11.0-git6968-windows\addons\sourcemod\scripting\ÒankrunFixhealth.sp::IsTankRunActive
L 12/23/2025 - 16:50:54: [SM]   [2] Line 36, C:\Users\Moises\Downloads\Compressed\sourcemod-1.11.0-git6968-windows\addons\sourcemod\scripting\ÒankrunFixhealth.sp::Timer_PeriodicCheck
L 12/23/2025 - 16:51:04: [SM] Exception reported: Invalid convar handle 0 (error 4)
L 12/23/2025 - 16:51:04: [SM] Blaming: ÒankrunFixhealth.smx
L 12/23/2025 - 16:51:04: [SM] Call stack trace:
L 12/23/2025 - 16:51:04: [SM]   [0] GetConVarString
L 12/23/2025 - 16:51:04: [SM]   [1] Line 138, C:\Users\Moises\Downloads\Compressed\sourcemod-1.11.0-git6968-windows\addons\sourcemod\scripting\ÒankrunFixhealth.sp::IsTankRunActive
L 12/23/2025 - 16:51:04: [SM]   [2] Line 36, C:\Users\Moises\Downloads\Compressed\sourcemod-1.11.0-git6968-windows\addons\sourcemod\scripting\ÒankrunFixhealth.sp::Timer_PeriodicCheck
L 12/23/2025 - 16:51:10: [SM] Exception reported: Invalid convar handle 0 (error 4)
L 12/23/2025 - 16:51:10: [SM] Blaming: ÒankrunFixhealth.smx
L 12/23/2025 - 16:51:10: [SM] Call stack trace:
L 12/23/2025 - 16:51:10: [SM]   [0] GetConVarString
L 12/23/2025 - 16:51:10: [SM]   [1] Line 138, C:\Users\Moises\Downloads\Compressed\sourcemod-1.11.0-git6968-windows\addons\sourcemod\scripting\ÒankrunFixhealth.sp::IsTankRunActive
L 12/23/2025 - 16:51:10: [SM]   [2] Line 71, C:\Users\Moises\Downloads\Compressed\sourcemod-1.11.0-git6968-windows\addons\sourcemod\scripting\ÒankrunFixhealth.sp::Event_MapTransition
L 12/23/2025 - 16:51:14: [SM] Exception reported: Invalid convar handle 0 (error 4)
L 12/23/2025 - 16:51:14: [SM] Blaming: ÒankrunFixhealth.smx
L 12/23/2025 - 16:51:14: [SM] Call stack trace:
L 12/23/2025 - 16:51:14: [SM]   [0] GetConVarString
L 12/23/2025 - 16:51:14: [SM]   [1] Line 138, C:\Users\Moises\Downloads\Compressed\sourcemod-1.11.0-git6968-windows\addons\sourcemod\scripting\ÒankrunFixhealth.sp::IsTankRunActive
L 12/23/2025 - 16:51:14: [SM]   [2] Line 36, C:\Users\Moises\Downloads\Compressed\sourcemod-1.11.0-git6968-windows\addons\sourcemod\scripting\ÒankrunFixhealth.sp::Timer_PeriodicCheck
L 12/23/2025 - 16:51:19: [SM] Exception reported: Invalid timer handle 7ba00494 (error 1)
L 12/23/2025 - 16:51:19: [SM] Blaming: l4d2_playerjoining_v2.smx
L 12/23/2025 - 16:51:19: [SM] Call stack trace:
L 12/23/2025 - 16:51:19: [SM]   [0] KillTimer
L 12/23/2025 - 16:51:19: [SM]   [1] Line 53, C:\Users\Moises\Downloads\Compressed\sourcemod-1.11.0-git6968-windows\addons\sourcemod\scripting\l4d2_playerjoining_v2.sp::OnClientDisconnect
L 12/23/2025 - 16:51:19: [SM] Exception reported: Invalid timer handle c800044b (error 3)
L 12/23/2025 - 16:51:19: [SM] Blaming: l4d2_playerjoining_v2.smx
L 12/23/2025 - 16:51:19: [SM] Call stack trace:
L 12/23/2025 - 16:51:19: [SM]   [0] KillTimer
L 12/23/2025 - 16:51:19: [SM]   [1] Line 53, C:\Users\Moises\Downloads\Compressed\sourcemod-1.11.0-git6968-windows\addons\sourcemod\scripting\l4d2_playerjoining_v2.sp::OnClientDisconnect
L 12/23/2025 - 16:51:19: [SM] Exception reported: Invalid timer handle ec900478 (error 3)
L 12/23/2025 - 16:51:19: [SM] Blaming: l4d2_playerjoining_v2.smx
L 12/23/2025 - 16:51:19: [SM] Call stack trace:
L 12/23/2025 - 16:51:19: [SM]   [0] KillTimer
L 12/23/2025 - 16:51:19: [SM]   [1] Line 53, C:\Users\Moises\Downloads\Compressed\sourcemod-1.11.0-git6968-windows\addons\sourcemod\scripting\l4d2_playerjoining_v2.sp::OnClientDisconnect
L 12/23/2025 - 16:51:19: [SM] Exception reported: Invalid timer handle 8f100479 (error 3)
L 12/23/2025 - 16:51:19: [SM] Blaming: l4d2_playerjoining_v2.smx
L 12/23/2025 - 16:51:19: [SM] Call stack trace:
L 12/23/2025 - 16:51:19: [SM]   [0] KillTimer
L 12/23/2025 - 16:51:19: [SM]   [1] Line 53, C:\Users\Moises\Downloads\Compressed\sourcemod-1.11.0-git6968-windows\addons\sourcemod\scripting\l4d2_playerjoining_v2.sp::OnClientDisconnect
L 12/23/2025 - 16:51:19: [SM] Exception reported: Invalid timer handle a7700479 (error 3)
L 12/23/2025 - 16:51:19: [SM] Blaming: l4d2_playerjoining_v2.smx
L 12/23/2025 - 16:51:19: [SM] Call stack trace:
L 12/23/2025 - 16:51:19: [SM]   [0] KillTimer
L 12/23/2025 - 16:51:19: [SM]   [1] Line 53, C:\Users\Moises\Downloads\Compressed\sourcemod-1.11.0-git6968-windows\addons\sourcemod\scripting\l4d2_playerjoining_v2.sp::OnClientDisconnect
L 12/23/2025 - 16:51:20: Error log file session closed.
L 12/23/2025 - 16:51:20: SourceMod error session started
L 12/23/2025 - 16:51:20: Info (map "c4m3_sugarmill_b") (file "d:\steamlibrary\steamapps\common\left 4 dead 2\left4dead2\addons\sourcemod\logs\errors_20251223.log")
L 12/23/2025 - 16:51:20: [SM] Fatal error encountered parsing translation file "l4d_nth.phrases.txt"
L 12/23/2025 - 16:51:20: [SM] Error (line 0, column 0): Stream failed to open
L 12/23/2025 - 16:51:20: [SM] Fatal error encountered parsing translation file "chargersteering.phrases.txt"
L 12/23/2025 - 16:51:20: [SM] Error (line 0, column 0): Stream failed to open
L 12/23/2025 - 16:51:20: [SM] Fatal error encountered parsing translation file "l4dmultislots.phrases.txt"
L 12/23/2025 - 16:51:20: [SM] Error (line 0, column 0): Stream failed to open
L 12/23/2025 - 16:51:20: [SM] Fatal error encountered parsing translation file "lilac.phrases.txt"
L 12/23/2025 - 16:51:20: [SM] Error (line 0, column 0): Stream failed to open
L 12/23/2025 - 16:51:22: [SM] Exception reported: Invalid convar handle 0 (error 4)
L 12/23/2025 - 16:51:22: [SM] Blaming: ÒankrunFixhealth.smx
L 12/23/2025 - 16:51:22: [SM] Call stack trace:
L 12/23/2025 - 16:51:22: [SM]   [0] GetConVarString
L 12/23/2025 - 16:51:22: [SM]   [1] Line 138, C:\Users\Moises\Downloads\Compressed\sourcemod-1.11.0-git6968-windows\addons\sourcemod\scripting\ÒankrunFixhealth.sp::IsTankRunActive
L 12/23/2025 - 16:51:22: [SM]   [2] Line 54, C:\Users\Moises\Downloads\Compressed\sourcemod-1.11.0-git6968-windows\addons\sourcemod\scripting\ÒankrunFixhealth.sp::Event_RoundStart
L 12/23/2025 - 16:51:22: [l4d2_publicity.smx] [Publicity] No se encontraron mensajes en el archivo de configuraci√≥n
L 12/23/2025 - 16:51:29: [SM] Exception reported: Invalid convar handle 0 (error 4)
L 12/23/2025 - 16:51:29: [SM] Blaming: ÒankrunFixhealth.smx
L 12/23/2025 - 16:51:29: [SM] Call stack trace:
L 12/23/2025 - 16:51:29: [SM]   [0] GetConVarString
L 12/23/2025 - 16:51:29: [SM]   [1] Line 138, C:\Users\Moises\Downloads\Compressed\sourcemod-1.11.0-git6968-windows\addons\sourcemod\scripting\ÒankrunFixhealth.sp::IsTankRunActive
L 12/23/2025 - 16:51:29: [SM]   [2] Line 36, C:\Users\Moises\Downloads\Compressed\sourcemod-1.11.0-git6968-windows\addons\sourcemod\scripting\ÒankrunFixhealth.sp::Timer_PeriodicCheck
L 12/23/2025 - 16:51:39: [SM] Exception reported: Invalid convar handle 0 (error 4)
L 12/23/2025 - 16:51:39: [SM] Blaming: ÒankrunFixhealth.smx
L 12/23/2025 - 16:51:39: [SM] Call stack trace:
L 12/23/2025 - 16:51:39: [SM]   [0] GetConVarString
L 12/23/2025 - 16:51:39: [SM]   [1] Line 138, C:\Users\Moises\Downloads\Compressed\sourcemod-1.11.0-git6968-windows\addons\sourcemod\scripting\ÒankrunFixhealth.sp::IsTankRunActive
L 12/23/2025 - 16:51:39: [SM]   [2] Line 36, C:\Users\Moises\Downloads\Compressed\sourcemod-1.11.0-git6968-windows\addons\sourcemod\scripting\ÒankrunFixhealth.sp::Timer_PeriodicCheck
L 12/23/2025 - 16:51:46: [SM] Exception reported: Invalid timer handle a7700479 (error 3)
L 12/23/2025 - 16:51:46: [SM] Blaming: l4d2_playerjoining_v2.smx
L 12/23/2025 - 16:51:46: [SM] Call stack trace:
L 12/23/2025 - 16:51:46: [SM]   [0] KillTimer
L 12/23/2025 - 16:51:46: [SM]   [1] Line 53, C:\Users\Moises\Downloads\Compressed\sourcemod-1.11.0-git6968-windows\addons\sourcemod\scripting\l4d2_playerjoining_v2.sp::OnClientDisconnect
L 12/23/2025 - 16:51:46: [SM] Exception reported: Invalid timer handle da500496 (error 1)
L 12/23/2025 - 16:51:46: [SM] Blaming: l4d2_playerjoining_v2.smx
L 12/23/2025 - 16:51:46: [SM] Call stack trace:
L 12/23/2025 - 16:51:46: [SM]   [0] KillTimer
L 12/23/2025 - 16:51:46: [SM]   [1] Line 53, C:\Users\Moises\Downloads\Compressed\sourcemod-1.11.0-git6968-windows\addons\sourcemod\scripting\l4d2_playerjoining_v2.sp::OnClientDisconnect
L 12/23/2025 - 16:51:49: [SM] Exception reported: Invalid convar handle 0 (error 4)
L 12/23/2025 - 16:51:49: [SM] Blaming: ÒankrunFixhealth.smx
L 12/23/2025 - 16:51:49: [SM] Call stack trace:
L 12/23/2025 - 16:51:49: [SM]   [0] GetConVarString
L 12/23/2025 - 16:51:49: [SM]   [1] Line 138, C:\Users\Moises\Downloads\Compressed\sourcemod-1.11.0-git6968-windows\addons\sourcemod\scripting\ÒankrunFixhealth.sp::IsTankRunActive
L 12/23/2025 - 16:51:49: [SM]   [2] Line 36, C:\Users\Moises\Downloads\Compressed\sourcemod-1.11.0-git6968-windows\addons\sourcemod\scripting\ÒankrunFixhealth.sp::Timer_PeriodicCheck
L 12/23/2025 - 16:51:53: [SM] Exception reported: Invalid timer handle ec900478 (error 1)
L 12/23/2025 - 16:51:53: [SM] Blaming: l4d2_playerjoining_v2.smx
L 12/23/2025 - 16:51:53: [SM] Call stack trace:
L 12/23/2025 - 16:51:53: [SM]   [0] KillTimer
L 12/23/2025 - 16:51:53: [SM]   [1] Line 53, C:\Users\Moises\Downloads\Compressed\sourcemod-1.11.0-git6968-windows\addons\sourcemod\scripting\l4d2_playerjoining_v2.sp::OnClientDisconnect
L 12/23/2025 - 16:51:54: [SM] Exception reported: Invalid timer handle 7ba00494 (error 3)
L 12/23/2025 - 16:51:54: [SM] Blaming: l4d2_playerjoining_v2.smx
L 12/23/2025 - 16:51:54: [SM] Call stack trace:
L 12/23/2025 - 16:51:54: [SM]   [0] KillTimer
L 12/23/2025 - 16:51:54: [SM]   [1] Line 53, C:\Users\Moises\Downloads\Compressed\sourcemod-1.11.0-git6968-windows\addons\sourcemod\scripting\l4d2_playerjoining_v2.sp::OnClientDisconnect
L 12/23/2025 - 16:51:55: [SM] Exception reported: Invalid timer handle 8f100479 (error 3)
L 12/23/2025 - 16:51:55: [SM] Blaming: l4d2_playerjoining_v2.smx
L 12/23/2025 - 16:51:55: [SM] Call stack trace:
L 12/23/2025 - 16:51:55: [SM]   [0] KillTimer
L 12/23/2025 - 16:51:55: [SM]   [1] Line 53, C:\Users\Moises\Downloads\Compressed\sourcemod-1.11.0-git6968-windows\addons\sourcemod\scripting\l4d2_playerjoining_v2.sp::OnClientDisconnect
L 12/23/2025 - 16:52:02: [SM] Exception reported: Invalid convar handle 0 (error 4)
L 12/23/2025 - 16:52:02: [SM] Blaming: ÒankrunFixhealth.smx
L 12/23/2025 - 16:52:02: [SM] Call stack trace:
L 12/23/2025 - 16:52:02: [SM]   [0] GetConVarString
L 12/23/2025 - 16:52:02: [SM]   [1] Line 138, C:\Users\Moises\Downloads\Compressed\sourcemod-1.11.0-git6968-windows\addons\sourcemod\scripting\ÒankrunFixhealth.sp::IsTankRunActive
L 12/23/2025 - 16:52:02: [SM]   [2] Line 36, C:\Users\Moises\Downloads\Compressed\sourcemod-1.11.0-git6968-windows\addons\sourcemod\scripting\ÒankrunFixhealth.sp::Timer_PeriodicCheck
L 12/23/2025 - 16:52:12: [SM] Exception reported: Invalid convar handle 0 (error 4)
L 12/23/2025 - 16:52:12: [SM] Blaming: ÒankrunFixhealth.smx
L 12/23/2025 - 16:52:12: [SM] Call stack trace:
L 12/23/2025 - 16:52:12: [SM]   [0] GetConVarString
L 12/23/2025 - 16:52:12: [SM]   [1] Line 138, C:\Users\Moises\Downloads\Compressed\sourcemod-1.11.0-git6968-windows\addons\sourcemod\scripting\ÒankrunFixhealth.sp::IsTankRunActive
L 12/23/2025 - 16:52:12: [SM]   [2] Line 36, C:\Users\Moises\Downloads\Compressed\sourcemod-1.11.0-git6968-windows\addons\sourcemod\scripting\ÒankrunFixhealth.sp::Timer_PeriodicCheck
L 12/23/2025 - 16:52:22: [SM] Exception reported: Invalid convar handle 0 (error 4)
L 12/23/2025 - 16:52:22: [SM] Blaming: ÒankrunFixhealth.smx
L 12/23/2025 - 16:52:22: [SM] Call stack trace:
L 12/23/2025 - 16:52:22: [SM]   [0] GetConVarString
L 12/23/2025 - 16:52:22: [SM]   [1] Line 138, C:\Users\Moises\Downloads\Compressed\sourcemod-1.11.0-git6968-windows\addons\sourcemod\scripting\ÒankrunFixhealth.sp::IsTankRunActive
L 12/23/2025 - 16:52:22: [SM]   [2] Line 36, C:\Users\Moises\Downloads\Compressed\sourcemod-1.11.0-git6968-windows\addons\sourcemod\scripting\ÒankrunFixhealth.sp::Timer_PeriodicCheck
L 12/23/2025 - 16:52:32: [SM] Exception reported: Invalid convar handle 0 (error 4)
L 12/23/2025 - 16:52:32: [SM] Blaming: ÒankrunFixhealth.smx
L 12/23/2025 - 16:52:32: [SM] Call stack trace:
L 12/23/2025 - 16:52:32: [SM]   [0] GetConVarString
L 12/23/2025 - 16:52:32: [SM]   [1] Line 138, C:\Users\Moises\Downloads\Compressed\sourcemod-1.11.0-git6968-windows\addons\sourcemod\scripting\ÒankrunFixhealth.sp::IsTankRunActive
L 12/23/2025 - 16:52:32: [SM]   [2] Line 36, C:\Users\Moises\Downloads\Compressed\sourcemod-1.11.0-git6968-windows\addons\sourcemod\scripting\ÒankrunFixhealth.sp::Timer_PeriodicCheck
L 12/23/2025 - 16:52:42: [SM] Exception reported: Invalid convar handle 0 (error 4)
L 12/23/2025 - 16:52:42: [SM] Blaming: ÒankrunFixhealth.smx
L 12/23/2025 - 16:52:42: [SM] Call stack trace:
L 12/23/2025 - 16:52:42: [SM]   [0] GetConVarString
L 12/23/2025 - 16:52:42: [SM]   [1] Line 138, C:\Users\Moises\Downloads\Compressed\sourcemod-1.11.0-git6968-windows\addons\sourcemod\scripting\ÒankrunFixhealth.sp::IsTankRunActive
L 12/23/2025 - 16:52:42: [SM]   [2] Line 36, C:\Users\Moises\Downloads\Compressed\sourcemod-1.11.0-git6968-windows\addons\sourcemod\scripting\ÒankrunFixhealth.sp::Timer_PeriodicCheck
L 12/23/2025 - 16:52:52: [SM] Exception reported: Invalid convar handle 0 (error 4)
L 12/23/2025 - 16:52:52: [SM] Blaming: ÒankrunFixhealth.smx
L 12/23/2025 - 16:52:52: [SM] Call stack trace:
L 12/23/2025 - 16:52:52: [SM]   [0] GetConVarString
L 12/23/2025 - 16:52:52: [SM]   [1] Line 138, C:\Users\Moises\Downloads\Compressed\sourcemod-1.11.0-git6968-windows\addons\sourcemod\scripting\ÒankrunFixhealth.sp::IsTankRunActive
L 12/23/2025 - 16:52:52: [SM]   [2] Line 36, C:\Users\Moises\Downloads\Compressed\sourcemod-1.11.0-git6968-windows\addons\sourcemod\scripting\ÒankrunFixhealth.sp::Timer_PeriodicCheck
L 12/23/2025 - 16:53:01: [SM] Exception reported: Invalid convar handle 0 (error 4)
L 12/23/2025 - 16:53:01: [SM] Blaming: ÒankrunFixhealth.smx
L 12/23/2025 - 16:53:01: [SM] Call stack trace:
L 12/23/2025 - 16:53:01: [SM]   [0] GetConVarString
L 12/23/2025 - 16:53:01: [SM]   [1] Line 138, C:\Users\Moises\Downloads\Compressed\sourcemod-1.11.0-git6968-windows\addons\sourcemod\scripting\ÒankrunFixhealth.sp::IsTankRunActive
L 12/23/2025 - 16:53:01: [SM]   [2] Line 79, C:\Users\Moises\Downloads\Compressed\sourcemod-1.11.0-git6968-windows\addons\sourcemod\scripting\ÒankrunFixhealth.sp::Event_PlayerDeath
L 12/23/2025 - 16:53:02: [SM] Exception reported: Invalid convar handle 0 (error 4)
L 12/23/2025 - 16:53:02: [SM] Blaming: ÒankrunFixhealth.smx
L 12/23/2025 - 16:53:02: [SM] Call stack trace:
L 12/23/2025 - 16:53:02: [SM]   [0] GetConVarString
L 12/23/2025 - 16:53:02: [SM]   [1] Line 138, C:\Users\Moises\Downloads\Compressed\sourcemod-1.11.0-git6968-windows\addons\sourcemod\scripting\ÒankrunFixhealth.sp::IsTankRunActive
L 12/23/2025 - 16:53:02: [SM]   [2] Line 36, C:\Users\Moises\Downloads\Compressed\sourcemod-1.11.0-git6968-windows\addons\sourcemod\scripting\ÒankrunFixhealth.sp::Timer_PeriodicCheck
L 12/23/2025 - 16:53:03: [SM] Exception reported: Invalid convar handle 0 (error 4)
L 12/23/2025 - 16:53:03: [SM] Blaming: ÒankrunFixhealth.smx
L 12/23/2025 - 16:53:03: [SM] Call stack trace:
L 12/23/2025 - 16:53:03: [SM]   [0] GetConVarString
L 12/23/2025 - 16:53:03: [SM]   [1] Line 138, C:\Users\Moises\Downloads\Compressed\sourcemod-1.11.0-git6968-windows\addons\sourcemod\scripting\ÒankrunFixhealth.sp::IsTankRunActive
L 12/23/2025 - 16:53:03: [SM]   [2] Line 79, C:\Users\Moises\Downloads\Compressed\sourcemod-1.11.0-git6968-windows\addons\sourcemod\scripting\ÒankrunFixhealth.sp::Event_PlayerDeath
L 12/23/2025 - 16:53:03: [SM] Exception reported: Language phrase "Please wait to be revived or rescued" not found (arg 6)
L 12/23/2025 - 16:53:03: [SM] Blaming: l4dmultislots.smx
L 12/23/2025 - 16:53:03: [SM] Call stack trace:
L 12/23/2025 - 16:53:03: [SM]   [0] PrintToChat
L 12/23/2025 - 16:53:03: [SM]   [1] Line 953, d:\Github\Private-Work\L4D2-Êèí‰ª∂\scripting_1.11\l4dmultislots.sp::Timer_SpecCheck
L 12/23/2025 - 16:53:10: [SM] Exception reported: Invalid timer handle 7ba00494 (error 3)
L 12/23/2025 - 16:53:10: [SM] Blaming: l4d2_playerjoining_v2.smx
L 12/23/2025 - 16:53:10: [SM] Call stack trace:
L 12/23/2025 - 16:53:10: [SM]   [0] KillTimer
L 12/23/2025 - 16:53:10: [SM]   [1] Line 53, C:\Users\Moises\Downloads\Compressed\sourcemod-1.11.0-git6968-windows\addons\sourcemod\scripting\l4d2_playerjoining_v2.sp::OnClientDisconnect
L 12/23/2025 - 16:53:12: [SM] Exception reported: Invalid convar handle 0 (error 4)
L 12/23/2025 - 16:53:12: [SM] Blaming: ÒankrunFixhealth.smx
L 12/23/2025 - 16:53:12: [SM] Call stack trace:
L 12/23/2025 - 16:53:12: [SM]   [0] GetConVarString
L 12/23/2025 - 16:53:12: [SM]   [1] Line 138, C:\Users\Moises\Downloads\Compressed\sourcemod-1.11.0-git6968-windows\addons\sourcemod\scripting\ÒankrunFixhealth.sp::IsTankRunActive
L 12/23/2025 - 16:53:12: [SM]   [2] Line 36, C:\Users\Moises\Downloads\Compressed\sourcemod-1.11.0-git6968-windows\addons\sourcemod\scripting\ÒankrunFixhealth.sp::Timer_PeriodicCheck
L 12/23/2025 - 16:53:19: [SM] Exception reported: Invalid convar handle 0 (error 4)
L 12/23/2025 - 16:53:19: [SM] Blaming: ÒankrunFixhealth.smx
L 12/23/2025 - 16:53:19: [SM] Call stack trace:
L 12/23/2025 - 16:53:19: [SM]   [0] GetConVarString
L 12/23/2025 - 16:53:19: [SM]   [1] Line 138, C:\Users\Moises\Downloads\Compressed\sourcemod-1.11.0-git6968-windows\addons\sourcemod\scripting\ÒankrunFixhealth.sp::IsTankRunActive
L 12/23/2025 - 16:53:19: [SM]   [2] Line 79, C:\Users\Moises\Downloads\Compressed\sourcemod-1.11.0-git6968-windows\addons\sourcemod\scripting\ÒankrunFixhealth.sp::Event_PlayerDeath
L 12/23/2025 - 16:53:21: [SM] Exception reported: Invalid timer handle 7ba00494 (error 3)
L 12/23/2025 - 16:53:21: [SM] Blaming: l4d2_playerjoining_v2.smx
L 12/23/2025 - 16:53:21: [SM] Call stack trace:
L 12/23/2025 - 16:53:21: [SM]   [0] KillTimer
L 12/23/2025 - 16:53:21: [SM]   [1] Line 53, C:\Users\Moises\Downloads\Compressed\sourcemod-1.11.0-git6968-windows\addons\sourcemod\scripting\l4d2_playerjoining_v2.sp::OnClientDisconnect
L 12/23/2025 - 16:53:22: [SM] Exception reported: Invalid convar handle 0 (error 4)
L 12/23/2025 - 16:53:22: [SM] Blaming: ÒankrunFixhealth.smx
L 12/23/2025 - 16:53:22: [SM] Call stack trace:
L 12/23/2025 - 16:53:22: [SM]   [0] GetConVarString
L 12/23/2025 - 16:53:22: [SM]   [1] Line 138, C:\Users\Moises\Downloads\Compressed\sourcemod-1.11.0-git6968-windows\addons\sourcemod\scripting\ÒankrunFixhealth.sp::IsTankRunActive
L 12/23/2025 - 16:53:22: [SM]   [2] Line 79, C:\Users\Moises\Downloads\Compressed\sourcemod-1.11.0-git6968-windows\addons\sourcemod\scripting\ÒankrunFixhealth.sp::Event_PlayerDeath
L 12/23/2025 - 16:53:22: [SM] Exception reported: Invalid convar handle 0 (error 4)
L 12/23/2025 - 16:53:22: [SM] Blaming: ÒankrunFixhealth.smx
L 12/23/2025 - 16:53:22: [SM] Call stack trace:
L 12/23/2025 - 16:53:22: [SM]   [0] GetConVarString
L 12/23/2025 - 16:53:22: [SM]   [1] Line 138, C:\Users\Moises\Downloads\Compressed\sourcemod-1.11.0-git6968-windows\addons\sourcemod\scripting\ÒankrunFixhealth.sp::IsTankRunActive
L 12/23/2025 - 16:53:22: [SM]   [2] Line 36, C:\Users\Moises\Downloads\Compressed\sourcemod-1.11.0-git6968-windows\addons\sourcemod\scripting\ÒankrunFixhealth.sp::Timer_PeriodicCheck
L 12/23/2025 - 16:53:24: [SM] Exception reported: Invalid timer handle c800044b (error 1)
L 12/23/2025 - 16:53:24: [SM] Blaming: l4d2_playerjoining_v2.smx
L 12/23/2025 - 16:53:24: [SM] Call stack trace:
L 12/23/2025 - 16:53:24: [SM]   [0] KillTimer
L 12/23/2025 - 16:53:24: [SM]   [1] Line 53, C:\Users\Moises\Downloads\Compressed\sourcemod-1.11.0-git6968-windows\addons\sourcemod\scripting\l4d2_playerjoining_v2.sp::OnClientDisconnect
L 12/23/2025 - 16:53:28: [SM] Exception reported: Language phrase "Type in chat !join To join the survivors" not found (arg 6)
L 12/23/2025 - 16:53:28: [SM] Blaming: l4dmultislots.smx
L 12/23/2025 - 16:53:28: [SM] Call stack trace:
L 12/23/2025 - 16:53:28: [SM]   [0] VFormat
L 12/23/2025 - 16:53:28: [SM]   [1] Line 71, D:\Github\Private-Work\L4D2-Êèí‰ª∂\scripting_1.11\include\multicolors.inc::CPrintToChat
L 12/23/2025 - 16:53:28: [SM]   [2] Line 938, d:\Github\Private-Work\L4D2-Êèí‰ª∂\scripting_1.11\l4dmultislots.sp::Timer_SpecCheck
L 12/23/2025 - 16:53:28: [SM] Exception reported: Invalid convar handle 0 (error 4)
L 12/23/2025 - 16:53:28: [SM] Blaming: ÒankrunFixhealth.smx
L 12/23/2025 - 16:53:28: [SM] Call stack trace:
L 12/23/2025 - 16:53:28: [SM]   [0] GetConVarString
L 12/23/2025 - 16:53:28: [SM]   [1] Line 138, C:\Users\Moises\Downloads\Compressed\sourcemod-1.11.0-git6968-windows\addons\sourcemod\scripting\ÒankrunFixhealth.sp::IsTankRunActive
L 12/23/2025 - 16:53:28: [SM]   [2] Line 79, C:\Users\Moises\Downloads\Compressed\sourcemod-1.11.0-git6968-windows\addons\sourcemod\scripting\ÒankrunFixhealth.sp::Event_PlayerDeath
L 12/23/2025 - 16:53:32: [SM] Exception reported: Invalid convar handle 0 (error 4)
L 12/23/2025 - 16:53:32: [SM] Blaming: ÒankrunFixhealth.smx
L 12/23/2025 - 16:53:32: [SM] Call stack trace:
L 12/23/2025 - 16:53:32: [SM]   [0] GetConVarString
L 12/23/2025 - 16:53:32: [SM]   [1] Line 138, C:\Users\Moises\Downloads\Compressed\sourcemod-1.11.0-git6968-windows\addons\sourcemod\scripting\ÒankrunFixhealth.sp::IsTankRunActive
L 12/23/2025 - 16:53:32: [SM]   [2] Line 36, C:\Users\Moises\Downloads\Compressed\sourcemod-1.11.0-git6968-windows\addons\sourcemod\scripting\ÒankrunFixhealth.sp::Timer_PeriodicCheck
L 12/23/2025 - 16:53:35: [SM] Exception reported: Invalid timer handle ec900478 (error 1)
L 12/23/2025 - 16:53:35: [SM] Blaming: l4d2_playerjoining_v2.smx
L 12/23/2025 - 16:53:35: [SM] Call stack trace:
L 12/23/2025 - 16:53:35: [SM]   [0] KillTimer
L 12/23/2025 - 16:53:35: [SM]   [1] Line 53, C:\Users\Moises\Downloads\Compressed\sourcemod-1.11.0-git6968-windows\addons\sourcemod\scripting\l4d2_playerjoining_v2.sp::OnClientDisconnect
L 12/23/2025 - 16:53:42: [SM] Exception reported: Invalid convar handle 0 (error 4)
L 12/23/2025 - 16:53:42: [SM] Blaming: ÒankrunFixhealth.smx
L 12/23/2025 - 16:53:42: [SM] Call stack trace:
L 12/23/2025 - 16:53:42: [SM]   [0] GetConVarString
L 12/23/2025 - 16:53:42: [SM]   [1] Line 138, C:\Users\Moises\Downloads\Compressed\sourcemod-1.11.0-git6968-windows\addons\sourcemod\scripting\ÒankrunFixhealth.sp::IsTankRunActive
L 12/23/2025 - 16:53:42: [SM]   [2] Line 36, C:\Users\Moises\Downloads\Compressed\sourcemod-1.11.0-git6968-windows\addons\sourcemod\scripting\ÒankrunFixhealth.sp::Timer_PeriodicCheck
L 12/23/2025 - 16:53:49: [SM] Exception reported: Invalid convar handle 0 (error 4)
L 12/23/2025 - 16:53:49: [SM] Blaming: ÒankrunFixhealth.smx
L 12/23/2025 - 16:53:49: [SM] Call stack trace:
L 12/23/2025 - 16:53:49: [SM]   [0] GetConVarString
L 12/23/2025 - 16:53:49: [SM]   [1] Line 138, C:\Users\Moises\Downloads\Compressed\sourcemod-1.11.0-git6968-windows\addons\sourcemod\scripting\ÒankrunFixhealth.sp::IsTankRunActive
L 12/23/2025 - 16:53:49: [SM]   [2] Line 79, C:\Users\Moises\Downloads\Compressed\sourcemod-1.11.0-git6968-windows\addons\sourcemod\scripting\ÒankrunFixhealth.sp::Event_PlayerDeath
L 12/23/2025 - 16:53:52: [SM] Exception reported: Invalid convar handle 0 (error 4)
L 12/23/2025 - 16:53:52: [SM] Blaming: ÒankrunFixhealth.smx
L 12/23/2025 - 16:53:52: [SM] Call stack trace:
L 12/23/2025 - 16:53:52: [SM]   [0] GetConVarString
L 12/23/2025 - 16:53:52: [SM]   [1] Line 138, C:\Users\Moises\Downloads\Compressed\sourcemod-1.11.0-git6968-windows\addons\sourcemod\scripting\ÒankrunFixhealth.sp::IsTankRunActive
L 12/23/2025 - 16:53:52: [SM]   [2] Line 36, C:\Users\Moises\Downloads\Compressed\sourcemod-1.11.0-git6968-windows\addons\sourcemod\scripting\ÒankrunFixhealth.sp::Timer_PeriodicCheck
L 12/23/2025 - 16:53:53: [SM] Exception reported: Language phrase "Type in chat !join To join the survivors" not found (arg 6)
L 12/23/2025 - 16:53:53: [SM] Blaming: l4dmultislots.smx
L 12/23/2025 - 16:53:53: [SM] Call stack trace:
L 12/23/2025 - 16:53:53: [SM]   [0] VFormat
L 12/23/2025 - 16:53:53: [SM]   [1] Line 71, D:\Github\Private-Work\L4D2-Êèí‰ª∂\scripting_1.11\include\multicolors.inc::CPrintToChat
L 12/23/2025 - 16:53:53: [SM]   [2] Line 938, d:\Github\Private-Work\L4D2-Êèí‰ª∂\scripting_1.11\l4dmultislots.sp::Timer_SpecCheck
L 12/23/2025 - 16:53:59: [SM] Exception reported: Invalid timer handle ec900478 (error 3)
L 12/23/2025 - 16:53:59: [SM] Blaming: l4d2_playerjoining_v2.smx
L 12/23/2025 - 16:53:59: [SM] Call stack trace:
L 12/23/2025 - 16:53:59: [SM]   [0] KillTimer
L 12/23/2025 - 16:53:59: [SM]   [1] Line 53, C:\Users\Moises\Downloads\Compressed\sourcemod-1.11.0-git6968-windows\addons\sourcemod\scripting\l4d2_playerjoining_v2.sp::OnClientDisconnect
L 12/23/2025 - 16:54:00: [SM] Exception reported: Invalid convar handle 0 (error 4)
L 12/23/2025 - 16:54:00: [SM] Blaming: ÒankrunFixhealth.smx
L 12/23/2025 - 16:54:00: [SM] Call stack trace:
L 12/23/2025 - 16:54:00: [SM]   [0] GetConVarString
L 12/23/2025 - 16:54:00: [SM]   [1] Line 138, C:\Users\Moises\Downloads\Compressed\sourcemod-1.11.0-git6968-windows\addons\sourcemod\scripting\ÒankrunFixhealth.sp::IsTankRunActive
L 12/23/2025 - 16:54:00: [SM]   [2] Line 79, C:\Users\Moises\Downloads\Compressed\sourcemod-1.11.0-git6968-windows\addons\sourcemod\scripting\ÒankrunFixhealth.sp::Event_PlayerDeath
L 12/23/2025 - 16:54:02: [SM] Exception reported: Invalid convar handle 0 (error 4)
L 12/23/2025 - 16:54:02: [SM] Blaming: ÒankrunFixhealth.smx
L 12/23/2025 - 16:54:02: [SM] Call stack trace:
L 12/23/2025 - 16:54:02: [SM]   [0] GetConVarString
L 12/23/2025 - 16:54:02: [SM]   [1] Line 138, C:\Users\Moises\Downloads\Compressed\sourcemod-1.11.0-git6968-windows\addons\sourcemod\scripting\ÒankrunFixhealth.sp::IsTankRunActive
L 12/23/2025 - 16:54:02: [SM]   [2] Line 36, C:\Users\Moises\Downloads\Compressed\sourcemod-1.11.0-git6968-windows\addons\sourcemod\scripting\ÒankrunFixhealth.sp::Timer_PeriodicCheck
L 12/23/2025 - 16:54:12: [SM] Exception reported: Invalid convar handle 0 (error 4)
L 12/23/2025 - 16:54:12: [SM] Blaming: ÒankrunFixhealth.smx
L 12/23/2025 - 16:54:12: [SM] Call stack trace:
L 12/23/2025 - 16:54:12: [SM]   [0] GetConVarString
L 12/23/2025 - 16:54:12: [SM]   [1] Line 138, C:\Users\Moises\Downloads\Compressed\sourcemod-1.11.0-git6968-windows\addons\sourcemod\scripting\ÒankrunFixhealth.sp::IsTankRunActive
L 12/23/2025 - 16:54:12: [SM]   [2] Line 36, C:\Users\Moises\Downloads\Compressed\sourcemod-1.11.0-git6968-windows\addons\sourcemod\scripting\ÒankrunFixhealth.sp::Timer_PeriodicCheck
L 12/23/2025 - 16:54:18: [SM] Exception reported: Language phrase "Please wait to be revived or rescued" not found (arg 6)
L 12/23/2025 - 16:54:18: [SM] Blaming: l4dmultislots.smx
L 12/23/2025 - 16:54:18: [SM] Call stack trace:
L 12/23/2025 - 16:54:18: [SM]   [0] PrintToChat
L 12/23/2025 - 16:54:18: [SM]   [1] Line 953, d:\Github\Private-Work\L4D2-Êèí‰ª∂\scripting_1.11\l4dmultislots.sp::Timer_SpecCheck
L 12/23/2025 - 16:54:19: [SM] Exception reported: Invalid convar handle 0 (error 4)
L 12/23/2025 - 16:54:19: [SM] Blaming: ÒankrunFixhealth.smx
L 12/23/2025 - 16:54:19: [SM] Call stack trace:
L 12/23/2025 - 16:54:19: [SM]   [0] GetConVarString
L 12/23/2025 - 16:54:19: [SM]   [1] Line 138, C:\Users\Moises\Downloads\Compressed\sourcemod-1.11.0-git6968-windows\addons\sourcemod\scripting\ÒankrunFixhealth.sp::IsTankRunActive
L 12/23/2025 - 16:54:19: [SM]   [2] Line 79, C:\Users\Moises\Downloads\Compressed\sourcemod-1.11.0-git6968-windows\addons\sourcemod\scripting\ÒankrunFixhealth.sp::Event_PlayerDeath
L 12/23/2025 - 16:54:22: [SM] Exception reported: Invalid convar handle 0 (error 4)
L 12/23/2025 - 16:54:22: [SM] Blaming: ÒankrunFixhealth.smx
L 12/23/2025 - 16:54:22: [SM] Call stack trace:
L 12/23/2025 - 16:54:22: [SM]   [0] GetConVarString
L 12/23/2025 - 16:54:22: [SM]   [1] Line 138, C:\Users\Moises\Downloads\Compressed\sourcemod-1.11.0-git6968-windows\addons\sourcemod\scripting\ÒankrunFixhealth.sp::IsTankRunActive
L 12/23/2025 - 16:54:22: [SM]   [2] Line 36, C:\Users\Moises\Downloads\Compressed\sourcemod-1.11.0-git6968-windows\addons\sourcemod\scripting\ÒankrunFixhealth.sp::Timer_PeriodicCheck
L 12/23/2025 - 16:54:32: [SM] Exception reported: Invalid convar handle 0 (error 4)
L 12/23/2025 - 16:54:32: [SM] Blaming: ÒankrunFixhealth.smx
L 12/23/2025 - 16:54:32: [SM] Call stack trace:
L 12/23/2025 - 16:54:32: [SM]   [0] GetConVarString
L 12/23/2025 - 16:54:32: [SM]   [1] Line 138, C:\Users\Moises\Downloads\Compressed\sourcemod-1.11.0-git6968-windows\addons\sourcemod\scripting\ÒankrunFixhealth.sp::IsTankRunActive
L 12/23/2025 - 16:54:32: [SM]   [2] Line 36, C:\Users\Moises\Downloads\Compressed\sourcemod-1.11.0-git6968-windows\addons\sourcemod\scripting\ÒankrunFixhealth.sp::Timer_PeriodicCheck
L 12/23/2025 - 16:54:42: [SM] Exception reported: Invalid convar handle 0 (error 4)
L 12/23/2025 - 16:54:42: [SM] Blaming: ÒankrunFixhealth.smx
L 12/23/2025 - 16:54:42: [SM] Call stack trace:
L 12/23/2025 - 16:54:42: [SM]   [0] GetConVarString
L 12/23/2025 - 16:54:42: [SM]   [1] Line 138, C:\Users\Moises\Downloads\Compressed\sourcemod-1.11.0-git6968-windows\addons\sourcemod\scripting\ÒankrunFixhealth.sp::IsTankRunActive
L 12/23/2025 - 16:54:42: [SM]   [2] Line 36, C:\Users\Moises\Downloads\Compressed\sourcemod-1.11.0-git6968-windows\addons\sourcemod\scripting\ÒankrunFixhealth.sp::Timer_PeriodicCheck
L 12/23/2025 - 16:54:43: [SM] Exception reported: Language phrase "Please wait to be revived or rescued" not found (arg 6)
L 12/23/2025 - 16:54:43: [SM] Blaming: l4dmultislots.smx
L 12/23/2025 - 16:54:43: [SM] Call stack trace:
L 12/23/2025 - 16:54:43: [SM]   [0] PrintToChat
L 12/23/2025 - 16:54:43: [SM]   [1] Line 953, d:\Github\Private-Work\L4D2-Êèí‰ª∂\scripting_1.11\l4dmultislots.sp::Timer_SpecCheck
L 12/23/2025 - 16:54:52: [SM] Exception reported: Invalid convar handle 0 (error 4)
L 12/23/2025 - 16:54:52: [SM] Blaming: ÒankrunFixhealth.smx
L 12/23/2025 - 16:54:52: [SM] Call stack trace:
L 12/23/2025 - 16:54:52: [SM]   [0] GetConVarString
L 12/23/2025 - 16:54:52: [SM]   [1] Line 138, C:\Users\Moises\Downloads\Compressed\sourcemod-1.11.0-git6968-windows\addons\sourcemod\scripting\ÒankrunFixhealth.sp::IsTankRunActive
L 12/23/2025 - 16:54:52: [SM]   [2] Line 36, C:\Users\Moises\Downloads\Compressed\sourcemod-1.11.0-git6968-windows\addons\sourcemod\scripting\ÒankrunFixhealth.sp::Timer_PeriodicCheck
L 12/23/2025 - 16:55:02: [SM] Exception reported: Invalid convar handle 0 (error 4)
L 12/23/2025 - 16:55:02: [SM] Blaming: ÒankrunFixhealth.smx
L 12/23/2025 - 16:55:02: [SM] Call stack trace:
L 12/23/2025 - 16:55:02: [SM]   [0] GetConVarString
L 12/23/2025 - 16:55:02: [SM]   [1] Line 138, C:\Users\Moises\Downloads\Compressed\sourcemod-1.11.0-git6968-windows\addons\sourcemod\scripting\ÒankrunFixhealth.sp::IsTankRunActive
L 12/23/2025 - 16:55:02: [SM]   [2] Line 36, C:\Users\Moises\Downloads\Compressed\sourcemod-1.11.0-git6968-windows\addons\sourcemod\scripting\ÒankrunFixhealth.sp::Timer_PeriodicCheck
L 12/23/2025 - 16:55:08: [SM] Exception reported: Language phrase "Please wait to be revived or rescued" not found (arg 6)
L 12/23/2025 - 16:55:08: [SM] Blaming: l4dmultislots.smx
L 12/23/2025 - 16:55:08: [SM] Call stack trace:
L 12/23/2025 - 16:55:08: [SM]   [0] PrintToChat
L 12/23/2025 - 16:55:08: [SM]   [1] Line 953, d:\Github\Private-Work\L4D2-Êèí‰ª∂\scripting_1.11\l4dmultislots.sp::Timer_SpecCheck
L 12/23/2025 - 16:55:12: [SM] Exception reported: Invalid convar handle 0 (error 4)
L 12/23/2025 - 16:55:12: [SM] Blaming: ÒankrunFixhealth.smx
L 12/23/2025 - 16:55:12: [SM] Call stack trace:
L 12/23/2025 - 16:55:12: [SM]   [0] GetConVarString
L 12/23/2025 - 16:55:12: [SM]   [1] Line 138, C:\Users\Moises\Downloads\Compressed\sourcemod-1.11.0-git6968-windows\addons\sourcemod\scripting\ÒankrunFixhealth.sp::IsTankRunActive
L 12/23/2025 - 16:55:12: [SM]   [2] Line 36, C:\Users\Moises\Downloads\Compressed\sourcemod-1.11.0-git6968-windows\addons\sourcemod\scripting\ÒankrunFixhealth.sp::Timer_PeriodicCheck
L 12/23/2025 - 16:55:22: [SM] Exception reported: Invalid convar handle 0 (error 4)
L 12/23/2025 - 16:55:22: [SM] Blaming: ÒankrunFixhealth.smx
L 12/23/2025 - 16:55:22: [SM] Call stack trace:
L 12/23/2025 - 16:55:22: [SM]   [0] GetConVarString
L 12/23/2025 - 16:55:22: [SM]   [1] Line 138, C:\Users\Moises\Downloads\Compressed\sourcemod-1.11.0-git6968-windows\addons\sourcemod\scripting\ÒankrunFixhealth.sp::IsTankRunActive
L 12/23/2025 - 16:55:22: [SM]   [2] Line 36, C:\Users\Moises\Downloads\Compressed\sourcemod-1.11.0-git6968-windows\addons\sourcemod\scripting\ÒankrunFixhealth.sp::Timer_PeriodicCheck
L 12/23/2025 - 16:55:31: [SM] Exception reported: Invalid convar handle 0 (error 4)
L 12/23/2025 - 16:55:31: [SM] Blaming: ÒankrunFixhealth.smx
L 12/23/2025 - 16:55:31: [SM] Call stack trace:
L 12/23/2025 - 16:55:31: [SM]   [0] GetConVarString
L 12/23/2025 - 16:55:31: [SM]   [1] Line 138, C:\Users\Moises\Downloads\Compressed\sourcemod-1.11.0-git6968-windows\addons\sourcemod\scripting\ÒankrunFixhealth.sp::IsTankRunActive
L 12/23/2025 - 16:55:31: [SM]   [2] Line 79, C:\Users\Moises\Downloads\Compressed\sourcemod-1.11.0-git6968-windows\addons\sourcemod\scripting\ÒankrunFixhealth.sp::Event_PlayerDeath
L 12/23/2025 - 16:55:32: [SM] Exception reported: Invalid convar handle 0 (error 4)
L 12/23/2025 - 16:55:32: [SM] Blaming: ÒankrunFixhealth.smx
L 12/23/2025 - 16:55:32: [SM] Call stack trace:
L 12/23/2025 - 16:55:32: [SM]   [0] GetConVarString
L 12/23/2025 - 16:55:32: [SM]   [1] Line 138, C:\Users\Moises\Downloads\Compressed\sourcemod-1.11.0-git6968-windows\addons\sourcemod\scripting\ÒankrunFixhealth.sp::IsTankRunActive
L 12/23/2025 - 16:55:32: [SM]   [2] Line 36, C:\Users\Moises\Downloads\Compressed\sourcemod-1.11.0-git6968-windows\addons\sourcemod\scripting\ÒankrunFixhealth.sp::Timer_PeriodicCheck
L 12/23/2025 - 16:55:33: [SM] Exception reported: Language phrase "Please wait to be revived or rescued" not found (arg 6)
L 12/23/2025 - 16:55:33: [SM] Blaming: l4dmultislots.smx
L 12/23/2025 - 16:55:33: [SM] Call stack trace:
L 12/23/2025 - 16:55:33: [SM]   [0] PrintToChat
L 12/23/2025 - 16:55:33: [SM]   [1] Line 953, d:\Github\Private-Work\L4D2-Êèí‰ª∂\scripting_1.11\l4dmultislots.sp::Timer_SpecCheck
L 12/23/2025 - 16:55:37: [SM] Exception reported: Invalid convar handle 0 (error 4)
L 12/23/2025 - 16:55:37: [SM] Blaming: ÒankrunFixhealth.smx
L 12/23/2025 - 16:55:37: [SM] Call stack trace:
L 12/23/2025 - 16:55:37: [SM]   [0] GetConVarString
L 12/23/2025 - 16:55:37: [SM]   [1] Line 138, C:\Users\Moises\Downloads\Compressed\sourcemod-1.11.0-git6968-windows\addons\sourcemod\scripting\ÒankrunFixhealth.sp::IsTankRunActive
L 12/23/2025 - 16:55:37: [SM]   [2] Line 79, C:\Users\Moises\Downloads\Compressed\sourcemod-1.11.0-git6968-windows\addons\sourcemod\scripting\ÒankrunFixhealth.sp::Event_PlayerDeath
L 12/23/2025 - 16:55:41: [SM] Exception reported: Invalid convar handle 0 (error 4)
L 12/23/2025 - 16:55:41: [SM] Blaming: ÒankrunFixhealth.smx
L 12/23/2025 - 16:55:41: [SM] Call stack trace:
L 12/23/2025 - 16:55:41: [SM]   [0] GetConVarString
L 12/23/2025 - 16:55:41: [SM]   [1] Line 138, C:\Users\Moises\Downloads\Compressed\sourcemod-1.11.0-git6968-windows\addons\sourcemod\scripting\ÒankrunFixhealth.sp::IsTankRunActive
L 12/23/2025 - 16:55:41: [SM]   [2] Line 79, C:\Users\Moises\Downloads\Compressed\sourcemod-1.11.0-git6968-windows\addons\sourcemod\scripting\ÒankrunFixhealth.sp::Event_PlayerDeath
L 12/23/2025 - 16:55:42: [SM] Exception reported: Invalid convar handle 0 (error 4)
L 12/23/2025 - 16:55:42: [SM] Blaming: ÒankrunFixhealth.smx
L 12/23/2025 - 16:55:42: [SM] Call stack trace:
L 12/23/2025 - 16:55:42: [SM]   [0] GetConVarString
L 12/23/2025 - 16:55:42: [SM]   [1] Line 138, C:\Users\Moises\Downloads\Compressed\sourcemod-1.11.0-git6968-windows\addons\sourcemod\scripting\ÒankrunFixhealth.sp::IsTankRunActive
L 12/23/2025 - 16:55:42: [SM]   [2] Line 79, C:\Users\Moises\Downloads\Compressed\sourcemod-1.11.0-git6968-windows\addons\sourcemod\scripting\ÒankrunFixhealth.sp::Event_PlayerDeath
L 12/23/2025 - 16:55:42: [SM] Exception reported: Invalid convar handle 0 (error 4)
L 12/23/2025 - 16:55:42: [SM] Blaming: ÒankrunFixhealth.smx
L 12/23/2025 - 16:55:42: [SM] Call stack trace:
L 12/23/2025 - 16:55:42: [SM]   [0] GetConVarString
L 12/23/2025 - 16:55:42: [SM]   [1] Line 138, C:\Users\Moises\Downloads\Compressed\sourcemod-1.11.0-git6968-windows\addons\sourcemod\scripting\ÒankrunFixhealth.sp::IsTankRunActive
L 12/23/2025 - 16:55:42: [SM]   [2] Line 36, C:\Users\Moises\Downloads\Compressed\sourcemod-1.11.0-git6968-windows\addons\sourcemod\scripting\ÒankrunFixhealth.sp::Timer_PeriodicCheck
L 12/23/2025 - 16:55:52: [SM] Exception reported: Invalid convar handle 0 (error 4)
L 12/23/2025 - 16:55:52: [SM] Blaming: ÒankrunFixhealth.smx
L 12/23/2025 - 16:55:52: [SM] Call stack trace:
L 12/23/2025 - 16:55:52: [SM]   [0] GetConVarString
L 12/23/2025 - 16:55:52: [SM]   [1] Line 138, C:\Users\Moises\Downloads\Compressed\sourcemod-1.11.0-git6968-windows\addons\sourcemod\scripting\ÒankrunFixhealth.sp::IsTankRunActive
L 12/23/2025 - 16:55:52: [SM]   [2] Line 36, C:\Users\Moises\Downloads\Compressed\sourcemod-1.11.0-git6968-windows\addons\sourcemod\scripting\ÒankrunFixhealth.sp::Timer_PeriodicCheck
L 12/23/2025 - 16:55:56: [SM] Exception reported: Invalid convar handle 0 (error 4)
L 12/23/2025 - 16:55:56: [SM] Blaming: ÒankrunFixhealth.smx
L 12/23/2025 - 16:55:56: [SM] Call stack trace:
L 12/23/2025 - 16:55:56: [SM]   [0] GetConVarString
L 12/23/2025 - 16:55:56: [SM]   [1] Line 138, C:\Users\Moises\Downloads\Compressed\sourcemod-1.11.0-git6968-windows\addons\sourcemod\scripting\ÒankrunFixhealth.sp::IsTankRunActive
L 12/23/2025 - 16:55:56: [SM]   [2] Line 79, C:\Users\Moises\Downloads\Compressed\sourcemod-1.11.0-git6968-windows\addons\sourcemod\scripting\ÒankrunFixhealth.sp::Event_PlayerDeath
L 12/23/2025 - 16:55:58: [SM] Exception reported: Language phrase "Please wait to be revived or rescued" not found (arg 6)
L 12/23/2025 - 16:55:58: [SM] Blaming: l4dmultislots.smx
L 12/23/2025 - 16:55:58: [SM] Call stack trace:
L 12/23/2025 - 16:55:58: [SM]   [0] PrintToChat
L 12/23/2025 - 16:55:58: [SM]   [1] Line 953, d:\Github\Private-Work\L4D2-Êèí‰ª∂\scripting_1.11\l4dmultislots.sp::Timer_SpecCheck
L 12/23/2025 - 16:55:58: [SM] Exception reported: Invalid convar handle 0 (error 4)
L 12/23/2025 - 16:55:58: [SM] Blaming: ÒankrunFixhealth.smx
L 12/23/2025 - 16:55:58: [SM] Call stack trace:
L 12/23/2025 - 16:55:58: [SM]   [0] GetConVarString
L 12/23/2025 - 16:55:58: [SM]   [1] Line 138, C:\Users\Moises\Downloads\Compressed\sourcemod-1.11.0-git6968-windows\addons\sourcemod\scripting\ÒankrunFixhealth.sp::IsTankRunActive
L 12/23/2025 - 16:55:58: [SM]   [2] Line 71, C:\Users\Moises\Downloads\Compressed\sourcemod-1.11.0-git6968-windows\addons\sourcemod\scripting\ÒankrunFixhealth.sp::Event_MapTransition
L 12/23/2025 - 16:56:02: [SM] Exception reported: Invalid convar handle 0 (error 4)
L 12/23/2025 - 16:56:02: [SM] Blaming: ÒankrunFixhealth.smx
L 12/23/2025 - 16:56:02: [SM] Call stack trace:
L 12/23/2025 - 16:56:02: [SM]   [0] GetConVarString
L 12/23/2025 - 16:56:02: [SM]   [1] Line 138, C:\Users\Moises\Downloads\Compressed\sourcemod-1.11.0-git6968-windows\addons\sourcemod\scripting\ÒankrunFixhealth.sp::IsTankRunActive
L 12/23/2025 - 16:56:02: [SM]   [2] Line 36, C:\Users\Moises\Downloads\Compressed\sourcemod-1.11.0-git6968-windows\addons\sourcemod\scripting\ÒankrunFixhealth.sp::Timer_PeriodicCheck
L 12/23/2025 - 16:56:04: [SM] Exception reported: Invalid convar handle 0 (error 4)
L 12/23/2025 - 16:56:04: [SM] Blaming: ÒankrunFixhealth.smx
L 12/23/2025 - 16:56:04: [SM] Call stack trace:
L 12/23/2025 - 16:56:04: [SM]   [0] GetConVarString
L 12/23/2025 - 16:56:04: [SM]   [1] Line 138, C:\Users\Moises\Downloads\Compressed\sourcemod-1.11.0-git6968-windows\addons\sourcemod\scripting\ÒankrunFixhealth.sp::IsTankRunActive
L 12/23/2025 - 16:56:04: [SM]   [2] Line 79, C:\Users\Moises\Downloads\Compressed\sourcemod-1.11.0-git6968-windows\addons\sourcemod\scripting\ÒankrunFixhealth.sp::Event_PlayerDeath
L 12/23/2025 - 16:56:07: [SM] Exception reported: Invalid timer handle 7ba00494 (error 3)
L 12/23/2025 - 16:56:07: [SM] Blaming: l4d2_playerjoining_v2.smx
L 12/23/2025 - 16:56:07: [SM] Call stack trace:
L 12/23/2025 - 16:56:07: [SM]   [0] KillTimer
L 12/23/2025 - 16:56:07: [SM]   [1] Line 53, C:\Users\Moises\Downloads\Compressed\sourcemod-1.11.0-git6968-windows\addons\sourcemod\scripting\l4d2_playerjoining_v2.sp::OnClientDisconnect
L 12/23/2025 - 16:56:07: [SM] Exception reported: Invalid timer handle c800044b (error 3)
L 12/23/2025 - 16:56:07: [SM] Blaming: l4d2_playerjoining_v2.smx
L 12/23/2025 - 16:56:07: [SM] Call stack trace:
L 12/23/2025 - 16:56:07: [SM]   [0] KillTimer
L 12/23/2025 - 16:56:07: [SM]   [1] Line 53, C:\Users\Moises\Downloads\Compressed\sourcemod-1.11.0-git6968-windows\addons\sourcemod\scripting\l4d2_playerjoining_v2.sp::OnClientDisconnect
L 12/23/2025 - 16:56:07: [SM] Exception reported: Invalid timer handle ec900478 (error 1)
L 12/23/2025 - 16:56:07: [SM] Blaming: l4d2_playerjoining_v2.smx
L 12/23/2025 - 16:56:07: [SM] Call stack trace:
L 12/23/2025 - 16:56:07: [SM]   [0] KillTimer
L 12/23/2025 - 16:56:07: [SM]   [1] Line 53, C:\Users\Moises\Downloads\Compressed\sourcemod-1.11.0-git6968-windows\addons\sourcemod\scripting\l4d2_playerjoining_v2.sp::OnClientDisconnect
L 12/23/2025 - 16:56:07: [SM] Exception reported: Invalid timer handle 8f100479 (error 3)
L 12/23/2025 - 16:56:07: [SM] Blaming: l4d2_playerjoining_v2.smx
L 12/23/2025 - 16:56:07: [SM] Call stack trace:
L 12/23/2025 - 16:56:07: [SM]   [0] KillTimer
L 12/23/2025 - 16:56:07: [SM]   [1] Line 53, C:\Users\Moises\Downloads\Compressed\sourcemod-1.11.0-git6968-windows\addons\sourcemod\scripting\l4d2_playerjoining_v2.sp::OnClientDisconnect
L 12/23/2025 - 16:56:07: [SM] Exception reported: Invalid timer handle a7700479 (error 3)
L 12/23/2025 - 16:56:07: [SM] Blaming: l4d2_playerjoining_v2.smx
L 12/23/2025 - 16:56:07: [SM] Call stack trace:
L 12/23/2025 - 16:56:07: [SM]   [0] KillTimer
L 12/23/2025 - 16:56:07: [SM]   [1] Line 53, C:\Users\Moises\Downloads\Compressed\sourcemod-1.11.0-git6968-windows\addons\sourcemod\scripting\l4d2_playerjoining_v2.sp::OnClientDisconnect
L 12/23/2025 - 16:56:07: [SM] Exception reported: Invalid timer handle da500496 (error 1)
L 12/23/2025 - 16:56:07: [SM] Blaming: l4d2_playerjoining_v2.smx
L 12/23/2025 - 16:56:07: [SM] Call stack trace:
L 12/23/2025 - 16:56:07: [SM]   [0] KillTimer
L 12/23/2025 - 16:56:07: [SM]   [1] Line 53, C:\Users\Moises\Downloads\Compressed\sourcemod-1.11.0-git6968-windows\addons\sourcemod\scripting\l4d2_playerjoining_v2.sp::OnClientDisconnect
L 12/23/2025 - 16:56:09: Error log file session closed.
L 12/23/2025 - 16:56:09: SourceMod error session started
L 12/23/2025 - 16:56:09: Info (map "c4m4_milltown_b") (file "d:\steamlibrary\steamapps\common\left 4 dead 2\left4dead2\addons\sourcemod\logs\errors_20251223.log")
L 12/23/2025 - 16:56:09: [SM] Fatal error encountered parsing translation file "l4d_nth.phrases.txt"
L 12/23/2025 - 16:56:09: [SM] Error (line 0, column 0): Stream failed to open
L 12/23/2025 - 16:56:09: [SM] Fatal error encountered parsing translation file "chargersteering.phrases.txt"
L 12/23/2025 - 16:56:09: [SM] Error (line 0, column 0): Stream failed to open
L 12/23/2025 - 16:56:09: [SM] Fatal error encountered parsing translation file "l4dmultislots.phrases.txt"
L 12/23/2025 - 16:56:09: [SM] Error (line 0, column 0): Stream failed to open
L 12/23/2025 - 16:56:09: [SM] Fatal error encountered parsing translation file "lilac.phrases.txt"
L 12/23/2025 - 16:56:09: [SM] Error (line 0, column 0): Stream failed to open
L 12/23/2025 - 16:56:11: [SM] Exception reported: Invalid convar handle 0 (error 4)
L 12/23/2025 - 16:56:11: [SM] Blaming: ÒankrunFixhealth.smx
L 12/23/2025 - 16:56:11: [SM] Call stack trace:
L 12/23/2025 - 16:56:11: [SM]   [0] GetConVarString
L 12/23/2025 - 16:56:11: [SM]   [1] Line 138, C:\Users\Moises\Downloads\Compressed\sourcemod-1.11.0-git6968-windows\addons\sourcemod\scripting\ÒankrunFixhealth.sp::IsTankRunActive
L 12/23/2025 - 16:56:11: [SM]   [2] Line 54, C:\Users\Moises\Downloads\Compressed\sourcemod-1.11.0-git6968-windows\addons\sourcemod\scripting\ÒankrunFixhealth.sp::Event_RoundStart
L 12/23/2025 - 16:56:11: [l4d2_publicity.smx] [Publicity] No se encontraron mensajes en el archivo de configuraci√≥n
L 12/23/2025 - 16:56:19: [SM] Exception reported: Invalid convar handle 0 (error 4)
L 12/23/2025 - 16:56:19: [SM] Blaming: ÒankrunFixhealth.smx
L 12/23/2025 - 16:56:19: [SM] Call stack trace:
L 12/23/2025 - 16:56:19: [SM]   [0] GetConVarString
L 12/23/2025 - 16:56:19: [SM]   [1] Line 138, C:\Users\Moises\Downloads\Compressed\sourcemod-1.11.0-git6968-windows\addons\sourcemod\scripting\ÒankrunFixhealth.sp::IsTankRunActive
L 12/23/2025 - 16:56:19: [SM]   [2] Line 36, C:\Users\Moises\Downloads\Compressed\sourcemod-1.11.0-git6968-windows\addons\sourcemod\scripting\ÒankrunFixhealth.sp::Timer_PeriodicCheck
L 12/23/2025 - 16:56:30: [SM] Exception reported: Invalid timer handle 8f100479 (error 3)
L 12/23/2025 - 16:56:30: [SM] Blaming: l4d2_playerjoining_v2.smx
L 12/23/2025 - 16:56:30: [SM] Call stack trace:
L 12/23/2025 - 16:56:30: [SM]   [0] KillTimer
L 12/23/2025 - 16:56:30: [SM]   [1] Line 53, C:\Users\Moises\Downloads\Compressed\sourcemod-1.11.0-git6968-windows\addons\sourcemod\scripting\l4d2_playerjoining_v2.sp::OnClientDisconnect
L 12/23/2025 - 16:56:32: [SM] Exception reported: Invalid convar handle 0 (error 4)
L 12/23/2025 - 16:56:32: [SM] Blaming: ÒankrunFixhealth.smx
L 12/23/2025 - 16:56:32: [SM] Call stack trace:
L 12/23/2025 - 16:56:32: [SM]   [0] GetConVarString
L 12/23/2025 - 16:56:32: [SM]   [1] Line 138, C:\Users\Moises\Downloads\Compressed\sourcemod-1.11.0-git6968-windows\addons\sourcemod\scripting\ÒankrunFixhealth.sp::IsTankRunActive
L 12/23/2025 - 16:56:32: [SM]   [2] Line 36, C:\Users\Moises\Downloads\Compressed\sourcemod-1.11.0-git6968-windows\addons\sourcemod\scripting\ÒankrunFixhealth.sp::Timer_PeriodicCheck
L 12/23/2025 - 16:56:35: [SM] Exception reported: Invalid timer handle c800044b (error 3)
L 12/23/2025 - 16:56:35: [SM] Blaming: l4d2_playerjoining_v2.smx
L 12/23/2025 - 16:56:35: [SM] Call stack trace:
L 12/23/2025 - 16:56:35: [SM]   [0] KillTimer
L 12/23/2025 - 16:56:35: [SM]   [1] Line 53, C:\Users\Moises\Downloads\Compressed\sourcemod-1.11.0-git6968-windows\addons\sourcemod\scripting\l4d2_playerjoining_v2.sp::OnClientDisconnect
L 12/23/2025 - 16:56:36: [SM] Exception reported: Invalid timer handle a7700479 (error 3)
L 12/23/2025 - 16:56:36: [SM] Blaming: l4d2_playerjoining_v2.smx
L 12/23/2025 - 16:56:36: [SM] Call stack trace:
L 12/23/2025 - 16:56:36: [SM]   [0] KillTimer
L 12/23/2025 - 16:56:36: [SM]   [1] Line 53, C:\Users\Moises\Downloads\Compressed\sourcemod-1.11.0-git6968-windows\addons\sourcemod\scripting\l4d2_playerjoining_v2.sp::OnClientDisconnect
L 12/23/2025 - 16:56:37: [SM] Exception reported: Invalid timer handle ec900478 (error 1)
L 12/23/2025 - 16:56:37: [SM] Blaming: l4d2_playerjoining_v2.smx
L 12/23/2025 - 16:56:37: [SM] Call stack trace:
L 12/23/2025 - 16:56:37: [SM]   [0] KillTimer
L 12/23/2025 - 16:56:37: [SM]   [1] Line 53, C:\Users\Moises\Downloads\Compressed\sourcemod-1.11.0-git6968-windows\addons\sourcemod\scripting\l4d2_playerjoining_v2.sp::OnClientDisconnect
L 12/23/2025 - 16:56:42: [SM] Exception reported: Invalid convar handle 0 (error 4)
L 12/23/2025 - 16:56:42: [SM] Blaming: ÒankrunFixhealth.smx
L 12/23/2025 - 16:56:42: [SM] Call stack trace:
L 12/23/2025 - 16:56:42: [SM]   [0] GetConVarString
L 12/23/2025 - 16:56:42: [SM]   [1] Line 138, C:\Users\Moises\Downloads\Compressed\sourcemod-1.11.0-git6968-windows\addons\sourcemod\scripting\ÒankrunFixhealth.sp::IsTankRunActive
L 12/23/2025 - 16:56:42: [SM]   [2] Line 36, C:\Users\Moises\Downloads\Compressed\sourcemod-1.11.0-git6968-windows\addons\sourcemod\scripting\ÒankrunFixhealth.sp::Timer_PeriodicCheck
L 12/23/2025 - 16:56:52: [SM] Exception reported: Invalid convar handle 0 (error 4)
L 12/23/2025 - 16:56:52: [SM] Blaming: ÒankrunFixhealth.smx
L 12/23/2025 - 16:56:52: [SM] Call stack trace:
L 12/23/2025 - 16:56:52: [SM]   [0] GetConVarString
L 12/23/2025 - 16:56:52: [SM]   [1] Line 138, C:\Users\Moises\Downloads\Compressed\sourcemod-1.11.0-git6968-windows\addons\sourcemod\scripting\ÒankrunFixhealth.sp::IsTankRunActive
L 12/23/2025 - 16:56:52: [SM]   [2] Line 36, C:\Users\Moises\Downloads\Compressed\sourcemod-1.11.0-git6968-windows\addons\sourcemod\scripting\ÒankrunFixhealth.sp::Timer_PeriodicCheck
L 12/23/2025 - 16:57:02: [SM] Exception reported: Invalid convar handle 0 (error 4)
L 12/23/2025 - 16:57:02: [SM] Blaming: ÒankrunFixhealth.smx
L 12/23/2025 - 16:57:02: [SM] Call stack trace:
L 12/23/2025 - 16:57:02: [SM]   [0] GetConVarString
L 12/23/2025 - 16:57:02: [SM]   [1] Line 138, C:\Users\Moises\Downloads\Compressed\sourcemod-1.11.0-git6968-windows\addons\sourcemod\scripting\ÒankrunFixhealth.sp::IsTankRunActive
L 12/23/2025 - 16:57:02: [SM]   [2] Line 36, C:\Users\Moises\Downloads\Compressed\sourcemod-1.11.0-git6968-windows\addons\sourcemod\scripting\ÒankrunFixhealth.sp::Timer_PeriodicCheck
L 12/23/2025 - 16:57:12: [SM] Exception reported: Invalid convar handle 0 (error 4)
L 12/23/2025 - 16:57:12: [SM] Blaming: ÒankrunFixhealth.smx
L 12/23/2025 - 16:57:12: [SM] Call stack trace:
L 12/23/2025 - 16:57:12: [SM]   [0] GetConVarString
L 12/23/2025 - 16:57:12: [SM]   [1] Line 138, C:\Users\Moises\Downloads\Compressed\sourcemod-1.11.0-git6968-windows\addons\sourcemod\scripting\ÒankrunFixhealth.sp::IsTankRunActive
L 12/23/2025 - 16:57:12: [SM]   [2] Line 36, C:\Users\Moises\Downloads\Compressed\sourcemod-1.11.0-git6968-windows\addons\sourcemod\scripting\ÒankrunFixhealth.sp::Timer_PeriodicCheck
L 12/23/2025 - 16:57:22: [SM] Exception reported: Invalid convar handle 0 (error 4)
L 12/23/2025 - 16:57:22: [SM] Blaming: ÒankrunFixhealth.smx
L 12/23/2025 - 16:57:22: [SM] Call stack trace:
L 12/23/2025 - 16:57:22: [SM]   [0] GetConVarString
L 12/23/2025 - 16:57:22: [SM]   [1] Line 138, C:\Users\Moises\Downloads\Compressed\sourcemod-1.11.0-git6968-windows\addons\sourcemod\scripting\ÒankrunFixhealth.sp::IsTankRunActive
L 12/23/2025 - 16:57:22: [SM]   [2] Line 36, C:\Users\Moises\Downloads\Compressed\sourcemod-1.11.0-git6968-windows\addons\sourcemod\scripting\ÒankrunFixhealth.sp::Timer_PeriodicCheck
L 12/23/2025 - 16:57:32: [SM] Exception reported: Invalid convar handle 0 (error 4)
L 12/23/2025 - 16:57:32: [SM] Blaming: ÒankrunFixhealth.smx
L 12/23/2025 - 16:57:32: [SM] Call stack trace:
L 12/23/2025 - 16:57:32: [SM]   [0] GetConVarString
L 12/23/2025 - 16:57:32: [SM]   [1] Line 138, C:\Users\Moises\Downloads\Compressed\sourcemod-1.11.0-git6968-windows\addons\sourcemod\scripting\ÒankrunFixhealth.sp::IsTankRunActive
L 12/23/2025 - 16:57:32: [SM]   [2] Line 36, C:\Users\Moises\Downloads\Compressed\sourcemod-1.11.0-git6968-windows\addons\sourcemod\scripting\ÒankrunFixhealth.sp::Timer_PeriodicCheck
L 12/23/2025 - 16:57:33: [SM] Exception reported: Invalid timer handle 7ba00494 (error 3)
L 12/23/2025 - 16:57:33: [SM] Blaming: l4d2_playerjoining_v2.smx
L 12/23/2025 - 16:57:33: [SM] Call stack trace:
L 12/23/2025 - 16:57:33: [SM]   [0] KillTimer
L 12/23/2025 - 16:57:33: [SM]   [1] Line 53, C:\Users\Moises\Downloads\Compressed\sourcemod-1.11.0-git6968-windows\addons\sourcemod\scripting\l4d2_playerjoining_v2.sp::OnClientDisconnect
L 12/23/2025 - 16:57:42: [SM] Exception reported: Invalid convar handle 0 (error 4)
L 12/23/2025 - 16:57:42: [SM] Blaming: ÒankrunFixhealth.smx
L 12/23/2025 - 16:57:42: [SM] Call stack trace:
L 12/23/2025 - 16:57:42: [SM]   [0] GetConVarString
L 12/23/2025 - 16:57:42: [SM]   [1] Line 138, C:\Users\Moises\Downloads\Compressed\sourcemod-1.11.0-git6968-windows\addons\sourcemod\scripting\ÒankrunFixhealth.sp::IsTankRunActive
L 12/23/2025 - 16:57:42: [SM]   [2] Line 36, C:\Users\Moises\Downloads\Compressed\sourcemod-1.11.0-git6968-windows\addons\sourcemod\scripting\ÒankrunFixhealth.sp::Timer_PeriodicCheck
L 12/23/2025 - 16:57:52: [SM] Exception reported: Invalid convar handle 0 (error 4)
L 12/23/2025 - 16:57:52: [SM] Blaming: ÒankrunFixhealth.smx
L 12/23/2025 - 16:57:52: [SM] Call stack trace:
L 12/23/2025 - 16:57:52: [SM]   [0] GetConVarString
L 12/23/2025 - 16:57:52: [SM]   [1] Line 138, C:\Users\Moises\Downloads\Compressed\sourcemod-1.11.0-git6968-windows\addons\sourcemod\scripting\ÒankrunFixhealth.sp::IsTankRunActive
L 12/23/2025 - 16:57:52: [SM]   [2] Line 36, C:\Users\Moises\Downloads\Compressed\sourcemod-1.11.0-git6968-windows\addons\sourcemod\scripting\ÒankrunFixhealth.sp::Timer_PeriodicCheck
L 12/23/2025 - 16:58:02: [SM] Exception reported: Invalid convar handle 0 (error 4)
L 12/23/2025 - 16:58:02: [SM] Blaming: ÒankrunFixhealth.smx
L 12/23/2025 - 16:58:02: [SM] Call stack trace:
L 12/23/2025 - 16:58:02: [SM]   [0] GetConVarString
L 12/23/2025 - 16:58:02: [SM]   [1] Line 138, C:\Users\Moises\Downloads\Compressed\sourcemod-1.11.0-git6968-windows\addons\sourcemod\scripting\ÒankrunFixhealth.sp::IsTankRunActive
L 12/23/2025 - 16:58:02: [SM]   [2] Line 36, C:\Users\Moises\Downloads\Compressed\sourcemod-1.11.0-git6968-windows\addons\sourcemod\scripting\ÒankrunFixhealth.sp::Timer_PeriodicCheck
L 12/23/2025 - 16:58:10: [SM] Exception reported: Invalid convar handle 0 (error 4)
L 12/23/2025 - 16:58:10: [SM] Blaming: ÒankrunFixhealth.smx
L 12/23/2025 - 16:58:10: [SM] Call stack trace:
L 12/23/2025 - 16:58:10: [SM]   [0] GetConVarString
L 12/23/2025 - 16:58:10: [SM]   [1] Line 138, C:\Users\Moises\Downloads\Compressed\sourcemod-1.11.0-git6968-windows\addons\sourcemod\scripting\ÒankrunFixhealth.sp::IsTankRunActive
L 12/23/2025 - 16:58:10: [SM]   [2] Line 79, C:\Users\Moises\Downloads\Compressed\sourcemod-1.11.0-git6968-windows\addons\sourcemod\scripting\ÒankrunFixhealth.sp::Event_PlayerDeath
L 12/23/2025 - 16:58:12: [SM] Exception reported: Invalid convar handle 0 (error 4)
L 12/23/2025 - 16:58:12: [SM] Blaming: ÒankrunFixhealth.smx
L 12/23/2025 - 16:58:12: [SM] Call stack trace:
L 12/23/2025 - 16:58:12: [SM]   [0] GetConVarString
L 12/23/2025 - 16:58:12: [SM]   [1] Line 138, C:\Users\Moises\Downloads\Compressed\sourcemod-1.11.0-git6968-windows\addons\sourcemod\scripting\ÒankrunFixhealth.sp::IsTankRunActive
L 12/23/2025 - 16:58:12: [SM]   [2] Line 36, C:\Users\Moises\Downloads\Compressed\sourcemod-1.11.0-git6968-windows\addons\sourcemod\scripting\ÒankrunFixhealth.sp::Timer_PeriodicCheck
L 12/23/2025 - 16:58:17: [SM] Exception reported: Invalid timer handle c800044b (error 3)
L 12/23/2025 - 16:58:17: [SM] Blaming: l4d2_playerjoining_v2.smx
L 12/23/2025 - 16:58:17: [SM] Call stack trace:
L 12/23/2025 - 16:58:17: [SM]   [0] KillTimer
L 12/23/2025 - 16:58:17: [SM]   [1] Line 53, C:\Users\Moises\Downloads\Compressed\sourcemod-1.11.0-git6968-windows\addons\sourcemod\scripting\l4d2_playerjoining_v2.sp::OnClientDisconnect
L 12/23/2025 - 16:58:22: [SM] Exception reported: Invalid convar handle 0 (error 4)
L 12/23/2025 - 16:58:22: [SM] Blaming: ÒankrunFixhealth.smx
L 12/23/2025 - 16:58:22: [SM] Call stack trace:
L 12/23/2025 - 16:58:22: [SM]   [0] GetConVarString
L 12/23/2025 - 16:58:22: [SM]   [1] Line 138, C:\Users\Moises\Downloads\Compressed\sourcemod-1.11.0-git6968-windows\addons\sourcemod\scripting\ÒankrunFixhealth.sp::IsTankRunActive
L 12/23/2025 - 16:58:22: [SM]   [2] Line 36, C:\Users\Moises\Downloads\Compressed\sourcemod-1.11.0-git6968-windows\addons\sourcemod\scripting\ÒankrunFixhealth.sp::Timer_PeriodicCheck
L 12/23/2025 - 16:58:32: [SM] Exception reported: Invalid convar handle 0 (error 4)
L 12/23/2025 - 16:58:32: [SM] Blaming: ÒankrunFixhealth.smx
L 12/23/2025 - 16:58:32: [SM] Call stack trace:
L 12/23/2025 - 16:58:32: [SM]   [0] GetConVarString
L 12/23/2025 - 16:58:32: [SM]   [1] Line 138, C:\Users\Moises\Downloads\Compressed\sourcemod-1.11.0-git6968-windows\addons\sourcemod\scripting\ÒankrunFixhealth.sp::IsTankRunActive
L 12/23/2025 - 16:58:32: [SM]   [2] Line 36, C:\Users\Moises\Downloads\Compressed\sourcemod-1.11.0-git6968-windows\addons\sourcemod\scripting\ÒankrunFixhealth.sp::Timer_PeriodicCheck
L 12/23/2025 - 16:58:42: [SM] Exception reported: Invalid convar handle 0 (error 4)
L 12/23/2025 - 16:58:42: [SM] Blaming: ÒankrunFixhealth.smx
L 12/23/2025 - 16:58:42: [SM] Call stack trace:
L 12/23/2025 - 16:58:42: [SM]   [0] GetConVarString
L 12/23/2025 - 16:58:42: [SM]   [1] Line 138, C:\Users\Moises\Downloads\Compressed\sourcemod-1.11.0-git6968-windows\addons\sourcemod\scripting\ÒankrunFixhealth.sp::IsTankRunActive
L 12/23/2025 - 16:58:42: [SM]   [2] Line 79, C:\Users\Moises\Downloads\Compressed\sourcemod-1.11.0-git6968-windows\addons\sourcemod\scripting\ÒankrunFixhealth.sp::Event_PlayerDeath
L 12/23/2025 - 16:58:42: [SM] Exception reported: Invalid convar handle 0 (error 4)
L 12/23/2025 - 16:58:42: [SM] Blaming: ÒankrunFixhealth.smx
L 12/23/2025 - 16:58:42: [SM] Call stack trace:
L 12/23/2025 - 16:58:42: [SM]   [0] GetConVarString
L 12/23/2025 - 16:58:42: [SM]   [1] Line 138, C:\Users\Moises\Downloads\Compressed\sourcemod-1.11.0-git6968-windows\addons\sourcemod\scripting\ÒankrunFixhealth.sp::IsTankRunActive
L 12/23/2025 - 16:58:42: [SM]   [2] Line 36, C:\Users\Moises\Downloads\Compressed\sourcemod-1.11.0-git6968-windows\addons\sourcemod\scripting\ÒankrunFixhealth.sp::Timer_PeriodicCheck
L 12/23/2025 - 16:58:52: [SM] Exception reported: Invalid convar handle 0 (error 4)
L 12/23/2025 - 16:58:52: [SM] Blaming: ÒankrunFixhealth.smx
L 12/23/2025 - 16:58:52: [SM] Call stack trace:
L 12/23/2025 - 16:58:52: [SM]   [0] GetConVarString
L 12/23/2025 - 16:58:52: [SM]   [1] Line 138, C:\Users\Moises\Downloads\Compressed\sourcemod-1.11.0-git6968-windows\addons\sourcemod\scripting\ÒankrunFixhealth.sp::IsTankRunActive
L 12/23/2025 - 16:58:52: [SM]   [2] Line 36, C:\Users\Moises\Downloads\Compressed\sourcemod-1.11.0-git6968-windows\addons\sourcemod\scripting\ÒankrunFixhealth.sp::Timer_PeriodicCheck
L 12/23/2025 - 16:58:57: [SM] Exception reported: Invalid convar handle 0 (error 4)
L 12/23/2025 - 16:58:57: [SM] Blaming: ÒankrunFixhealth.smx
L 12/23/2025 - 16:58:57: [SM] Call stack trace:
L 12/23/2025 - 16:58:57: [SM]   [0] GetConVarString
L 12/23/2025 - 16:58:57: [SM]   [1] Line 138, C:\Users\Moises\Downloads\Compressed\sourcemod-1.11.0-git6968-windows\addons\sourcemod\scripting\ÒankrunFixhealth.sp::IsTankRunActive
L 12/23/2025 - 16:58:57: [SM]   [2] Line 79, C:\Users\Moises\Downloads\Compressed\sourcemod-1.11.0-git6968-windows\addons\sourcemod\scripting\ÒankrunFixhealth.sp::Event_PlayerDeath
L 12/23/2025 - 16:58:59: [SM] Exception reported: Language phrase "Please wait to be revived or rescued" not found (arg 6)
L 12/23/2025 - 16:58:59: [SM] Blaming: l4dmultislots.smx
L 12/23/2025 - 16:58:59: [SM] Call stack trace:
L 12/23/2025 - 16:58:59: [SM]   [0] PrintToChat
L 12/23/2025 - 16:58:59: [SM]   [1] Line 953, d:\Github\Private-Work\L4D2-Êèí‰ª∂\scripting_1.11\l4dmultislots.sp::Timer_SpecCheck
L 12/23/2025 - 16:59:02: [SM] Exception reported: Invalid convar handle 0 (error 4)
L 12/23/2025 - 16:59:02: [SM] Blaming: ÒankrunFixhealth.smx
L 12/23/2025 - 16:59:02: [SM] Call stack trace:
L 12/23/2025 - 16:59:02: [SM]   [0] GetConVarString
L 12/23/2025 - 16:59:02: [SM]   [1] Line 138, C:\Users\Moises\Downloads\Compressed\sourcemod-1.11.0-git6968-windows\addons\sourcemod\scripting\ÒankrunFixhealth.sp::IsTankRunActive
L 12/23/2025 - 16:59:02: [SM]   [2] Line 36, C:\Users\Moises\Downloads\Compressed\sourcemod-1.11.0-git6968-windows\addons\sourcemod\scripting\ÒankrunFixhealth.sp::Timer_PeriodicCheck
L 12/23/2025 - 16:59:12: [SM] Exception reported: Invalid convar handle 0 (error 4)
L 12/23/2025 - 16:59:12: [SM] Blaming: ÒankrunFixhealth.smx
L 12/23/2025 - 16:59:12: [SM] Call stack trace:
L 12/23/2025 - 16:59:12: [SM]   [0] GetConVarString
L 12/23/2025 - 16:59:12: [SM]   [1] Line 138, C:\Users\Moises\Downloads\Compressed\sourcemod-1.11.0-git6968-windows\addons\sourcemod\scripting\ÒankrunFixhealth.sp::IsTankRunActive
L 12/23/2025 - 16:59:12: [SM]   [2] Line 36, C:\Users\Moises\Downloads\Compressed\sourcemod-1.11.0-git6968-windows\addons\sourcemod\scripting\ÒankrunFixhealth.sp::Timer_PeriodicCheck
L 12/23/2025 - 16:59:16: [SM] Exception reported: Invalid timer handle a7700479 (error 3)
L 12/23/2025 - 16:59:16: [SM] Blaming: l4d2_playerjoining_v2.smx
L 12/23/2025 - 16:59:16: [SM] Call stack trace:
L 12/23/2025 - 16:59:16: [SM]   [0] KillTimer
L 12/23/2025 - 16:59:16: [SM]   [1] Line 53, C:\Users\Moises\Downloads\Compressed\sourcemod-1.11.0-git6968-windows\addons\sourcemod\scripting\l4d2_playerjoining_v2.sp::OnClientDisconnect
L 12/23/2025 - 16:59:22: [SM] Exception reported: Invalid convar handle 0 (error 4)
L 12/23/2025 - 16:59:22: [SM] Blaming: ÒankrunFixhealth.smx
L 12/23/2025 - 16:59:22: [SM] Call stack trace:
L 12/23/2025 - 16:59:22: [SM]   [0] GetConVarString
L 12/23/2025 - 16:59:22: [SM]   [1] Line 138, C:\Users\Moises\Downloads\Compressed\sourcemod-1.11.0-git6968-windows\addons\sourcemod\scripting\ÒankrunFixhealth.sp::IsTankRunActive
L 12/23/2025 - 16:59:22: [SM]   [2] Line 36, C:\Users\Moises\Downloads\Compressed\sourcemod-1.11.0-git6968-windows\addons\sourcemod\scripting\ÒankrunFixhealth.sp::Timer_PeriodicCheck
L 12/23/2025 - 16:59:24: [SM] Exception reported: Language phrase "Please wait to be revived or rescued" not found (arg 6)
L 12/23/2025 - 16:59:24: [SM] Blaming: l4dmultislots.smx
L 12/23/2025 - 16:59:24: [SM] Call stack trace:
L 12/23/2025 - 16:59:24: [SM]   [0] PrintToChat
L 12/23/2025 - 16:59:24: [SM]   [1] Line 953, d:\Github\Private-Work\L4D2-Êèí‰ª∂\scripting_1.11\l4dmultislots.sp::Timer_SpecCheck
L 12/23/2025 - 16:59:32: [SM] Exception reported: Invalid convar handle 0 (error 4)
L 12/23/2025 - 16:59:32: [SM] Blaming: ÒankrunFixhealth.smx
L 12/23/2025 - 16:59:32: [SM] Call stack trace:
L 12/23/2025 - 16:59:32: [SM]   [0] GetConVarString
L 12/23/2025 - 16:59:32: [SM]   [1] Line 138, C:\Users\Moises\Downloads\Compressed\sourcemod-1.11.0-git6968-windows\addons\sourcemod\scripting\ÒankrunFixhealth.sp::IsTankRunActive
L 12/23/2025 - 16:59:32: [SM]   [2] Line 36, C:\Users\Moises\Downloads\Compressed\sourcemod-1.11.0-git6968-windows\addons\sourcemod\scripting\ÒankrunFixhealth.sp::Timer_PeriodicCheck
L 12/23/2025 - 16:59:42: [SM] Exception reported: Invalid convar handle 0 (error 4)
L 12/23/2025 - 16:59:42: [SM] Blaming: ÒankrunFixhealth.smx
L 12/23/2025 - 16:59:42: [SM] Call stack trace:
L 12/23/2025 - 16:59:42: [SM]   [0] GetConVarString
L 12/23/2025 - 16:59:42: [SM]   [1] Line 138, C:\Users\Moises\Downloads\Compressed\sourcemod-1.11.0-git6968-windows\addons\sourcemod\scripting\ÒankrunFixhealth.sp::IsTankRunActive
L 12/23/2025 - 16:59:42: [SM]   [2] Line 71, C:\Users\Moises\Downloads\Compressed\sourcemod-1.11.0-git6968-windows\addons\sourcemod\scripting\ÒankrunFixhealth.sp::Event_MapTransition
L 12/23/2025 - 16:59:42: [SM] Exception reported: Invalid convar handle 0 (error 4)
L 12/23/2025 - 16:59:42: [SM] Blaming: ÒankrunFixhealth.smx
L 12/23/2025 - 16:59:42: [SM] Call stack trace:
L 12/23/2025 - 16:59:42: [SM]   [0] GetConVarString
L 12/23/2025 - 16:59:42: [SM]   [1] Line 138, C:\Users\Moises\Downloads\Compressed\sourcemod-1.11.0-git6968-windows\addons\sourcemod\scripting\ÒankrunFixhealth.sp::IsTankRunActive
L 12/23/2025 - 16:59:42: [SM]   [2] Line 36, C:\Users\Moises\Downloads\Compressed\sourcemod-1.11.0-git6968-windows\addons\sourcemod\scripting\ÒankrunFixhealth.sp::Timer_PeriodicCheck
L 12/23/2025 - 16:59:51: [SM] Exception reported: Invalid timer handle 7ba00494 (error 3)
L 12/23/2025 - 16:59:51: [SM] Blaming: l4d2_playerjoining_v2.smx
L 12/23/2025 - 16:59:51: [SM] Call stack trace:
L 12/23/2025 - 16:59:51: [SM]   [0] KillTimer
L 12/23/2025 - 16:59:51: [SM]   [1] Line 53, C:\Users\Moises\Downloads\Compressed\sourcemod-1.11.0-git6968-windows\addons\sourcemod\scripting\l4d2_playerjoining_v2.sp::OnClientDisconnect
L 12/23/2025 - 16:59:51: [SM] Exception reported: Invalid timer handle c800044b (error 3)
L 12/23/2025 - 16:59:51: [SM] Blaming: l4d2_playerjoining_v2.smx
L 12/23/2025 - 16:59:51: [SM] Call stack trace:
L 12/23/2025 - 16:59:51: [SM]   [0] KillTimer
L 12/23/2025 - 16:59:51: [SM]   [1] Line 53, C:\Users\Moises\Downloads\Compressed\sourcemod-1.11.0-git6968-windows\addons\sourcemod\scripting\l4d2_playerjoining_v2.sp::OnClientDisconnect
L 12/23/2025 - 16:59:51: [SM] Exception reported: Invalid timer handle ec900478 (error 3)
L 12/23/2025 - 16:59:51: [SM] Blaming: l4d2_playerjoining_v2.smx
L 12/23/2025 - 16:59:51: [SM] Call stack trace:
L 12/23/2025 - 16:59:51: [SM]   [0] KillTimer
L 12/23/2025 - 16:59:51: [SM]   [1] Line 53, C:\Users\Moises\Downloads\Compressed\sourcemod-1.11.0-git6968-windows\addons\sourcemod\scripting\l4d2_playerjoining_v2.sp::OnClientDisconnect
L 12/23/2025 - 16:59:51: [SM] Exception reported: Invalid timer handle 8f100479 (error 3)
L 12/23/2025 - 16:59:51: [SM] Blaming: l4d2_playerjoining_v2.smx
L 12/23/2025 - 16:59:51: [SM] Call stack trace:
L 12/23/2025 - 16:59:51: [SM]   [0] KillTimer
L 12/23/2025 - 16:59:51: [SM]   [1] Line 53, C:\Users\Moises\Downloads\Compressed\sourcemod-1.11.0-git6968-windows\addons\sourcemod\scripting\l4d2_playerjoining_v2.sp::OnClientDisconnect
L 12/23/2025 - 16:59:51: [SM] Exception reported: Invalid timer handle 8f1004a4 (error 3)
L 12/23/2025 - 16:59:51: [SM] Blaming: l4d2_playerjoining_v2.smx
L 12/23/2025 - 16:59:51: [SM] Call stack trace:
L 12/23/2025 - 16:59:51: [SM]   [0] KillTimer
L 12/23/2025 - 16:59:51: [SM]   [1] Line 53, C:\Users\Moises\Downloads\Compressed\sourcemod-1.11.0-git6968-windows\addons\sourcemod\scripting\l4d2_playerjoining_v2.sp::OnClientDisconnect
L 12/23/2025 - 16:59:51: [SM] Exception reported: Invalid timer handle a7700479 (error 3)
L 12/23/2025 - 16:59:51: [SM] Blaming: l4d2_playerjoining_v2.smx
L 12/23/2025 - 16:59:51: [SM] Call stack trace:
L 12/23/2025 - 16:59:51: [SM]   [0] KillTimer
L 12/23/2025 - 16:59:51: [SM]   [1] Line 53, C:\Users\Moises\Downloads\Compressed\sourcemod-1.11.0-git6968-windows\addons\sourcemod\scripting\l4d2_playerjoining_v2.sp::OnClientDisconnect
L 12/23/2025 - 16:59:53: Error log file session closed.
L 12/23/2025 - 16:59:53: SourceMod error session started
L 12/23/2025 - 16:59:53: Info (map "c4m5_milltown_escape") (file "d:\steamlibrary\steamapps\common\left 4 dead 2\left4dead2\addons\sourcemod\logs\errors_20251223.log")
L 12/23/2025 - 16:59:53: [SM] Fatal error encountered parsing translation file "l4d_nth.phrases.txt"
L 12/23/2025 - 16:59:53: [SM] Error (line 0, column 0): Stream failed to open
L 12/23/2025 - 16:59:53: [SM] Fatal error encountered parsing translation file "chargersteering.phrases.txt"
L 12/23/2025 - 16:59:53: [SM] Error (line 0, column 0): Stream failed to open
L 12/23/2025 - 16:59:53: [SM] Fatal error encountered parsing translation file "l4dmultislots.phrases.txt"
L 12/23/2025 - 16:59:53: [SM] Error (line 0, column 0): Stream failed to open
L 12/23/2025 - 16:59:53: [SM] Fatal error encountered parsing translation file "lilac.phrases.txt"
L 12/23/2025 - 16:59:53: [SM] Error (line 0, column 0): Stream failed to open
L 12/23/2025 - 16:59:54: [SM] Exception reported: Invalid convar handle 0 (error 4)
L 12/23/2025 - 16:59:54: [SM] Blaming: ÒankrunFixhealth.smx
L 12/23/2025 - 16:59:54: [SM] Call stack trace:
L 12/23/2025 - 16:59:54: [SM]   [0] GetConVarString
L 12/23/2025 - 16:59:54: [SM]   [1] Line 138, C:\Users\Moises\Downloads\Compressed\sourcemod-1.11.0-git6968-windows\addons\sourcemod\scripting\ÒankrunFixhealth.sp::IsTankRunActive
L 12/23/2025 - 16:59:54: [SM]   [2] Line 54, C:\Users\Moises\Downloads\Compressed\sourcemod-1.11.0-git6968-windows\addons\sourcemod\scripting\ÒankrunFixhealth.sp::Event_RoundStart
L 12/23/2025 - 16:59:54: [l4d2_publicity.smx] [Publicity] No se encontraron mensajes en el archivo de configuraci√≥n
L 12/23/2025 - 16:59:58: [SM] Exception reported: Invalid convar handle 0 (error 4)
L 12/23/2025 - 16:59:58: [SM] Blaming: ÒankrunFixhealth.smx
L 12/23/2025 - 16:59:58: [SM] Call stack trace:
L 12/23/2025 - 16:59:58: [SM]   [0] GetConVarString
L 12/23/2025 - 16:59:58: [SM]   [1] Line 138, C:\Users\Moises\Downloads\Compressed\sourcemod-1.11.0-git6968-windows\addons\sourcemod\scripting\ÒankrunFixhealth.sp::IsTankRunActive
L 12/23/2025 - 16:59:58: [SM]   [2] Line 36, C:\Users\Moises\Downloads\Compressed\sourcemod-1.11.0-git6968-windows\addons\sourcemod\scripting\ÒankrunFixhealth.sp::Timer_PeriodicCheck
L 12/23/2025 - 17:00:11: [SM] Exception reported: Invalid convar handle 0 (error 4)
L 12/23/2025 - 17:00:11: [SM] Blaming: ÒankrunFixhealth.smx
L 12/23/2025 - 17:00:11: [SM] Call stack trace:
L 12/23/2025 - 17:00:11: [SM]   [0] GetConVarString
L 12/23/2025 - 17:00:11: [SM]   [1] Line 138, C:\Users\Moises\Downloads\Compressed\sourcemod-1.11.0-git6968-windows\addons\sourcemod\scripting\ÒankrunFixhealth.sp::IsTankRunActive
L 12/23/2025 - 17:00:11: [SM]   [2] Line 36, C:\Users\Moises\Downloads\Compressed\sourcemod-1.11.0-git6968-windows\addons\sourcemod\scripting\ÒankrunFixhealth.sp::Timer_PeriodicCheck
L 12/23/2025 - 17:00:16: [SM] Exception reported: Invalid timer handle c800044b (error 3)
L 12/23/2025 - 17:00:16: [SM] Blaming: l4d2_playerjoining_v2.smx
L 12/23/2025 - 17:00:16: [SM] Call stack trace:
L 12/23/2025 - 17:00:16: [SM]   [0] KillTimer
L 12/23/2025 - 17:00:16: [SM]   [1] Line 53, C:\Users\Moises\Downloads\Compressed\sourcemod-1.11.0-git6968-windows\addons\sourcemod\scripting\l4d2_playerjoining_v2.sp::OnClientDisconnect
L 12/23/2025 - 17:00:18: [SM] Exception reported: Invalid timer handle ec900478 (error 1)
L 12/23/2025 - 17:00:18: [SM] Blaming: l4d2_playerjoining_v2.smx
L 12/23/2025 - 17:00:18: [SM] Call stack trace:
L 12/23/2025 - 17:00:18: [SM]   [0] KillTimer
L 12/23/2025 - 17:00:18: [SM]   [1] Line 53, C:\Users\Moises\Downloads\Compressed\sourcemod-1.11.0-git6968-windows\addons\sourcemod\scripting\l4d2_playerjoining_v2.sp::OnClientDisconnect
L 12/23/2025 - 17:00:22: [SM] Exception reported: Invalid convar handle 0 (error 4)
L 12/23/2025 - 17:00:22: [SM] Blaming: ÒankrunFixhealth.smx
L 12/23/2025 - 17:00:22: [SM] Call stack trace:
L 12/23/2025 - 17:00:22: [SM]   [0] GetConVarString
L 12/23/2025 - 17:00:22: [SM]   [1] Line 138, C:\Users\Moises\Downloads\Compressed\sourcemod-1.11.0-git6968-windows\addons\sourcemod\scripting\ÒankrunFixhealth.sp::IsTankRunActive
L 12/23/2025 - 17:00:22: [SM]   [2] Line 36, C:\Users\Moises\Downloads\Compressed\sourcemod-1.11.0-git6968-windows\addons\sourcemod\scripting\ÒankrunFixhealth.sp::Timer_PeriodicCheck
L 12/23/2025 - 17:00:32: [SM] Exception reported: Invalid convar handle 0 (error 4)
L 12/23/2025 - 17:00:32: [SM] Blaming: ÒankrunFixhealth.smx
L 12/23/2025 - 17:00:32: [SM] Call stack trace:
L 12/23/2025 - 17:00:32: [SM]   [0] GetConVarString
L 12/23/2025 - 17:00:32: [SM]   [1] Line 138, C:\Users\Moises\Downloads\Compressed\sourcemod-1.11.0-git6968-windows\addons\sourcemod\scripting\ÒankrunFixhealth.sp::IsTankRunActive
L 12/23/2025 - 17:00:32: [SM]   [2] Line 36, C:\Users\Moises\Downloads\Compressed\sourcemod-1.11.0-git6968-windows\addons\sourcemod\scripting\ÒankrunFixhealth.sp::Timer_PeriodicCheck
L 12/23/2025 - 17:00:42: [SM] Exception reported: Invalid convar handle 0 (error 4)
L 12/23/2025 - 17:00:42: [SM] Blaming: ÒankrunFixhealth.smx
L 12/23/2025 - 17:00:42: [SM] Call stack trace:
L 12/23/2025 - 17:00:42: [SM]   [0] GetConVarString
L 12/23/2025 - 17:00:42: [SM]   [1] Line 138, C:\Users\Moises\Downloads\Compressed\sourcemod-1.11.0-git6968-windows\addons\sourcemod\scripting\ÒankrunFixhealth.sp::IsTankRunActive
L 12/23/2025 - 17:00:42: [SM]   [2] Line 36, C:\Users\Moises\Downloads\Compressed\sourcemod-1.11.0-git6968-windows\addons\sourcemod\scripting\ÒankrunFixhealth.sp::Timer_PeriodicCheck
L 12/23/2025 - 17:00:52: [SM] Exception reported: Invalid convar handle 0 (error 4)
L 12/23/2025 - 17:00:52: [SM] Blaming: ÒankrunFixhealth.smx
L 12/23/2025 - 17:00:52: [SM] Call stack trace:
L 12/23/2025 - 17:00:52: [SM]   [0] GetConVarString
L 12/23/2025 - 17:00:52: [SM]   [1] Line 138, C:\Users\Moises\Downloads\Compressed\sourcemod-1.11.0-git6968-windows\addons\sourcemod\scripting\ÒankrunFixhealth.sp::IsTankRunActive
L 12/23/2025 - 17:00:52: [SM]   [2] Line 36, C:\Users\Moises\Downloads\Compressed\sourcemod-1.11.0-git6968-windows\addons\sourcemod\scripting\ÒankrunFixhealth.sp::Timer_PeriodicCheck
L 12/23/2025 - 17:01:02: [SM] Exception reported: Invalid convar handle 0 (error 4)
L 12/23/2025 - 17:01:02: [SM] Blaming: ÒankrunFixhealth.smx
L 12/23/2025 - 17:01:02: [SM] Call stack trace:
L 12/23/2025 - 17:01:02: [SM]   [0] GetConVarString
L 12/23/2025 - 17:01:02: [SM]   [1] Line 138, C:\Users\Moises\Downloads\Compressed\sourcemod-1.11.0-git6968-windows\addons\sourcemod\scripting\ÒankrunFixhealth.sp::IsTankRunActive
L 12/23/2025 - 17:01:02: [SM]   [2] Line 36, C:\Users\Moises\Downloads\Compressed\sourcemod-1.11.0-git6968-windows\addons\sourcemod\scripting\ÒankrunFixhealth.sp::Timer_PeriodicCheck
L 12/23/2025 - 17:01:12: [SM] Exception reported: Invalid convar handle 0 (error 4)
L 12/23/2025 - 17:01:12: [SM] Blaming: ÒankrunFixhealth.smx
L 12/23/2025 - 17:01:12: [SM] Call stack trace:
L 12/23/2025 - 17:01:12: [SM]   [0] GetConVarString
L 12/23/2025 - 17:01:12: [SM]   [1] Line 138, C:\Users\Moises\Downloads\Compressed\sourcemod-1.11.0-git6968-windows\addons\sourcemod\scripting\ÒankrunFixhealth.sp::IsTankRunActive
L 12/23/2025 - 17:01:12: [SM]   [2] Line 36, C:\Users\Moises\Downloads\Compressed\sourcemod-1.11.0-git6968-windows\addons\sourcemod\scripting\ÒankrunFixhealth.sp::Timer_PeriodicCheck
L 12/23/2025 - 17:01:22: [SM] Exception reported: Invalid convar handle 0 (error 4)
L 12/23/2025 - 17:01:22: [SM] Blaming: ÒankrunFixhealth.smx
L 12/23/2025 - 17:01:22: [SM] Call stack trace:
L 12/23/2025 - 17:01:22: [SM]   [0] GetConVarString
L 12/23/2025 - 17:01:22: [SM]   [1] Line 138, C:\Users\Moises\Downloads\Compressed\sourcemod-1.11.0-git6968-windows\addons\sourcemod\scripting\ÒankrunFixhealth.sp::IsTankRunActive
L 12/23/2025 - 17:01:22: [SM]   [2] Line 36, C:\Users\Moises\Downloads\Compressed\sourcemod-1.11.0-git6968-windows\addons\sourcemod\scripting\ÒankrunFixhealth.sp::Timer_PeriodicCheck
L 12/23/2025 - 17:01:32: [SM] Exception reported: Invalid convar handle 0 (error 4)
L 12/23/2025 - 17:01:32: [SM] Blaming: ÒankrunFixhealth.smx
L 12/23/2025 - 17:01:32: [SM] Call stack trace:
L 12/23/2025 - 17:01:32: [SM]   [0] GetConVarString
L 12/23/2025 - 17:01:32: [SM]   [1] Line 138, C:\Users\Moises\Downloads\Compressed\sourcemod-1.11.0-git6968-windows\addons\sourcemod\scripting\ÒankrunFixhealth.sp::IsTankRunActive
L 12/23/2025 - 17:01:32: [SM]   [2] Line 36, C:\Users\Moises\Downloads\Compressed\sourcemod-1.11.0-git6968-windows\addons\sourcemod\scripting\ÒankrunFixhealth.sp::Timer_PeriodicCheck
L 12/23/2025 - 17:01:42: [SM] Exception reported: Invalid convar handle 0 (error 4)
L 12/23/2025 - 17:01:42: [SM] Blaming: ÒankrunFixhealth.smx
L 12/23/2025 - 17:01:42: [SM] Call stack trace:
L 12/23/2025 - 17:01:42: [SM]   [0] GetConVarString
L 12/23/2025 - 17:01:42: [SM]   [1] Line 138, C:\Users\Moises\Downloads\Compressed\sourcemod-1.11.0-git6968-windows\addons\sourcemod\scripting\ÒankrunFixhealth.sp::IsTankRunActive
L 12/23/2025 - 17:01:42: [SM]   [2] Line 36, C:\Users\Moises\Downloads\Compressed\sourcemod-1.11.0-git6968-windows\addons\sourcemod\scripting\ÒankrunFixhealth.sp::Timer_PeriodicCheck
L 12/23/2025 - 17:01:52: [SM] Exception reported: Invalid convar handle 0 (error 4)
L 12/23/2025 - 17:01:52: [SM] Blaming: ÒankrunFixhealth.smx
L 12/23/2025 - 17:01:52: [SM] Call stack trace:
L 12/23/2025 - 17:01:52: [SM]   [0] GetConVarString
L 12/23/2025 - 17:01:52: [SM]   [1] Line 138, C:\Users\Moises\Downloads\Compressed\sourcemod-1.11.0-git6968-windows\addons\sourcemod\scripting\ÒankrunFixhealth.sp::IsTankRunActive
L 12/23/2025 - 17:01:52: [SM]   [2] Line 36, C:\Users\Moises\Downloads\Compressed\sourcemod-1.11.0-git6968-windows\addons\sourcemod\scripting\ÒankrunFixhealth.sp::Timer_PeriodicCheck
L 12/23/2025 - 17:02:02: [SM] Exception reported: Invalid convar handle 0 (error 4)
L 12/23/2025 - 17:02:02: [SM] Blaming: ÒankrunFixhealth.smx
L 12/23/2025 - 17:02:02: [SM] Call stack trace:
L 12/23/2025 - 17:02:02: [SM]   [0] GetConVarString
L 12/23/2025 - 17:02:02: [SM]   [1] Line 138, C:\Users\Moises\Downloads\Compressed\sourcemod-1.11.0-git6968-windows\addons\sourcemod\scripting\ÒankrunFixhealth.sp::IsTankRunActive
L 12/23/2025 - 17:02:02: [SM]   [2] Line 36, C:\Users\Moises\Downloads\Compressed\sourcemod-1.11.0-git6968-windows\addons\sourcemod\scripting\ÒankrunFixhealth.sp::Timer_PeriodicCheck
L 12/23/2025 - 17:02:12: [SM] Exception reported: Invalid convar handle 0 (error 4)
L 12/23/2025 - 17:02:12: [SM] Blaming: ÒankrunFixhealth.smx
L 12/23/2025 - 17:02:12: [SM] Call stack trace:
L 12/23/2025 - 17:02:12: [SM]   [0] GetConVarString
L 12/23/2025 - 17:02:12: [SM]   [1] Line 138, C:\Users\Moises\Downloads\Compressed\sourcemod-1.11.0-git6968-windows\addons\sourcemod\scripting\ÒankrunFixhealth.sp::IsTankRunActive
L 12/23/2025 - 17:02:12: [SM]   [2] Line 36, C:\Users\Moises\Downloads\Compressed\sourcemod-1.11.0-git6968-windows\addons\sourcemod\scripting\ÒankrunFixhealth.sp::Timer_PeriodicCheck
L 12/23/2025 - 17:02:12: [SM] Exception reported: Invalid timer handle 7ba00494 (error 1)
L 12/23/2025 - 17:02:12: [SM] Blaming: l4d2_playerjoining_v2.smx
L 12/23/2025 - 17:02:12: [SM] Call stack trace:
L 12/23/2025 - 17:02:12: [SM]   [0] KillTimer
L 12/23/2025 - 17:02:12: [SM]   [1] Line 53, C:\Users\Moises\Downloads\Compressed\sourcemod-1.11.0-git6968-windows\addons\sourcemod\scripting\l4d2_playerjoining_v2.sp::OnClientDisconnect
L 12/23/2025 - 17:02:22: [SM] Exception reported: Invalid convar handle 0 (error 4)
L 12/23/2025 - 17:02:22: [SM] Blaming: ÒankrunFixhealth.smx
L 12/23/2025 - 17:02:22: [SM] Call stack trace:
L 12/23/2025 - 17:02:22: [SM]   [0] GetConVarString
L 12/23/2025 - 17:02:22: [SM]   [1] Line 138, C:\Users\Moises\Downloads\Compressed\sourcemod-1.11.0-git6968-windows\addons\sourcemod\scripting\ÒankrunFixhealth.sp::IsTankRunActive
L 12/23/2025 - 17:02:22: [SM]   [2] Line 36, C:\Users\Moises\Downloads\Compressed\sourcemod-1.11.0-git6968-windows\addons\sourcemod\scripting\ÒankrunFixhealth.sp::Timer_PeriodicCheck
L 12/23/2025 - 17:02:28: [SM] Exception reported: Invalid convar handle 0 (error 4)
L 12/23/2025 - 17:02:28: [SM] Blaming: ÒankrunFixhealth.smx
L 12/23/2025 - 17:02:28: [SM] Call stack trace:
L 12/23/2025 - 17:02:28: [SM]   [0] GetConVarString
L 12/23/2025 - 17:02:28: [SM]   [1] Line 138, C:\Users\Moises\Downloads\Compressed\sourcemod-1.11.0-git6968-windows\addons\sourcemod\scripting\ÒankrunFixhealth.sp::IsTankRunActive
L 12/23/2025 - 17:02:28: [SM]   [2] Line 79, C:\Users\Moises\Downloads\Compressed\sourcemod-1.11.0-git6968-windows\addons\sourcemod\scripting\ÒankrunFixhealth.sp::Event_PlayerDeath
L 12/23/2025 - 17:02:32: [SM] Exception reported: Invalid convar handle 0 (error 4)
L 12/23/2025 - 17:02:32: [SM] Blaming: ÒankrunFixhealth.smx
L 12/23/2025 - 17:02:32: [SM] Call stack trace:
L 12/23/2025 - 17:02:32: [SM]   [0] GetConVarString
L 12/23/2025 - 17:02:32: [SM]   [1] Line 138, C:\Users\Moises\Downloads\Compressed\sourcemod-1.11.0-git6968-windows\addons\sourcemod\scripting\ÒankrunFixhealth.sp::IsTankRunActive
L 12/23/2025 - 17:02:32: [SM]   [2] Line 36, C:\Users\Moises\Downloads\Compressed\sourcemod-1.11.0-git6968-windows\addons\sourcemod\scripting\ÒankrunFixhealth.sp::Timer_PeriodicCheck
L 12/23/2025 - 17:02:35: [SM] Exception reported: Invalid timer handle 7ba00494 (error 3)
L 12/23/2025 - 17:02:35: [SM] Blaming: l4d2_playerjoining_v2.smx
L 12/23/2025 - 17:02:35: [SM] Call stack trace:
L 12/23/2025 - 17:02:35: [SM]   [0] KillTimer
L 12/23/2025 - 17:02:35: [SM]   [1] Line 53, C:\Users\Moises\Downloads\Compressed\sourcemod-1.11.0-git6968-windows\addons\sourcemod\scripting\l4d2_playerjoining_v2.sp::OnClientDisconnect
L 12/23/2025 - 17:02:42: [SM] Exception reported: Invalid convar handle 0 (error 4)
L 12/23/2025 - 17:02:42: [SM] Blaming: ÒankrunFixhealth.smx
L 12/23/2025 - 17:02:42: [SM] Call stack trace:
L 12/23/2025 - 17:02:42: [SM]   [0] GetConVarString
L 12/23/2025 - 17:02:42: [SM]   [1] Line 138, C:\Users\Moises\Downloads\Compressed\sourcemod-1.11.0-git6968-windows\addons\sourcemod\scripting\ÒankrunFixhealth.sp::IsTankRunActive
L 12/23/2025 - 17:02:42: [SM]   [2] Line 36, C:\Users\Moises\Downloads\Compressed\sourcemod-1.11.0-git6968-windows\addons\sourcemod\scripting\ÒankrunFixhealth.sp::Timer_PeriodicCheck
L 12/23/2025 - 17:02:43: [SM] Exception reported: Invalid convar handle 0 (error 4)
L 12/23/2025 - 17:02:43: [SM] Blaming: ÒankrunFixhealth.smx
L 12/23/2025 - 17:02:43: [SM] Call stack trace:
L 12/23/2025 - 17:02:43: [SM]   [0] GetConVarString
L 12/23/2025 - 17:02:43: [SM]   [1] Line 138, C:\Users\Moises\Downloads\Compressed\sourcemod-1.11.0-git6968-windows\addons\sourcemod\scripting\ÒankrunFixhealth.sp::IsTankRunActive
L 12/23/2025 - 17:02:43: [SM]   [2] Line 79, C:\Users\Moises\Downloads\Compressed\sourcemod-1.11.0-git6968-windows\addons\sourcemod\scripting\ÒankrunFixhealth.sp::Event_PlayerDeath
L 12/23/2025 - 17:02:50: [SM] Exception reported: Invalid timer handle c800044b (error 3)
L 12/23/2025 - 17:02:50: [SM] Blaming: l4d2_playerjoining_v2.smx
L 12/23/2025 - 17:02:50: [SM] Call stack trace:
L 12/23/2025 - 17:02:50: [SM]   [0] KillTimer
L 12/23/2025 - 17:02:50: [SM]   [1] Line 53, C:\Users\Moises\Downloads\Compressed\sourcemod-1.11.0-git6968-windows\addons\sourcemod\scripting\l4d2_playerjoining_v2.sp::OnClientDisconnect
L 12/23/2025 - 17:02:52: [SM] Exception reported: Invalid convar handle 0 (error 4)
L 12/23/2025 - 17:02:52: [SM] Blaming: ÒankrunFixhealth.smx
L 12/23/2025 - 17:02:52: [SM] Call stack trace:
L 12/23/2025 - 17:02:52: [SM]   [0] GetConVarString
L 12/23/2025 - 17:02:52: [SM]   [1] Line 138, C:\Users\Moises\Downloads\Compressed\sourcemod-1.11.0-git6968-windows\addons\sourcemod\scripting\ÒankrunFixhealth.sp::IsTankRunActive
L 12/23/2025 - 17:02:52: [SM]   [2] Line 36, C:\Users\Moises\Downloads\Compressed\sourcemod-1.11.0-git6968-windows\addons\sourcemod\scripting\ÒankrunFixhealth.sp::Timer_PeriodicCheck
L 12/23/2025 - 17:03:02: [SM] Exception reported: Invalid convar handle 0 (error 4)
L 12/23/2025 - 17:03:02: [SM] Blaming: ÒankrunFixhealth.smx
L 12/23/2025 - 17:03:02: [SM] Call stack trace:
L 12/23/2025 - 17:03:02: [SM]   [0] GetConVarString
L 12/23/2025 - 17:03:02: [SM]   [1] Line 138, C:\Users\Moises\Downloads\Compressed\sourcemod-1.11.0-git6968-windows\addons\sourcemod\scripting\ÒankrunFixhealth.sp::IsTankRunActive
L 12/23/2025 - 17:03:02: [SM]   [2] Line 36, C:\Users\Moises\Downloads\Compressed\sourcemod-1.11.0-git6968-windows\addons\sourcemod\scripting\ÒankrunFixhealth.sp::Timer_PeriodicCheck
L 12/23/2025 - 17:03:12: [SM] Exception reported: Invalid convar handle 0 (error 4)
L 12/23/2025 - 17:03:12: [SM] Blaming: ÒankrunFixhealth.smx
L 12/23/2025 - 17:03:12: [SM] Call stack trace:
L 12/23/2025 - 17:03:12: [SM]   [0] GetConVarString
L 12/23/2025 - 17:03:12: [SM]   [1] Line 138, C:\Users\Moises\Downloads\Compressed\sourcemod-1.11.0-git6968-windows\addons\sourcemod\scripting\ÒankrunFixhealth.sp::IsTankRunActive
L 12/23/2025 - 17:03:12: [SM]   [2] Line 36, C:\Users\Moises\Downloads\Compressed\sourcemod-1.11.0-git6968-windows\addons\sourcemod\scripting\ÒankrunFixhealth.sp::Timer_PeriodicCheck
L 12/23/2025 - 17:03:22: [SM] Exception reported: Invalid convar handle 0 (error 4)
L 12/23/2025 - 17:03:22: [SM] Blaming: ÒankrunFixhealth.smx
L 12/23/2025 - 17:03:22: [SM] Call stack trace:
L 12/23/2025 - 17:03:22: [SM]   [0] GetConVarString
L 12/23/2025 - 17:03:22: [SM]   [1] Line 138, C:\Users\Moises\Downloads\Compressed\sourcemod-1.11.0-git6968-windows\addons\sourcemod\scripting\ÒankrunFixhealth.sp::IsTankRunActive
L 12/23/2025 - 17:03:22: [SM]   [2] Line 36, C:\Users\Moises\Downloads\Compressed\sourcemod-1.11.0-git6968-windows\addons\sourcemod\scripting\ÒankrunFixhealth.sp::Timer_PeriodicCheck
L 12/23/2025 - 17:03:26: [SM] Exception reported: Invalid convar handle 0 (error 4)
L 12/23/2025 - 17:03:26: [SM] Blaming: ÒankrunFixhealth.smx
L 12/23/2025 - 17:03:26: [SM] Call stack trace:
L 12/23/2025 - 17:03:26: [SM]   [0] GetConVarString
L 12/23/2025 - 17:03:26: [SM]   [1] Line 138, C:\Users\Moises\Downloads\Compressed\sourcemod-1.11.0-git6968-windows\addons\sourcemod\scripting\ÒankrunFixhealth.sp::IsTankRunActive
L 12/23/2025 - 17:03:26: [SM]   [2] Line 79, C:\Users\Moises\Downloads\Compressed\sourcemod-1.11.0-git6968-windows\addons\sourcemod\scripting\ÒankrunFixhealth.sp::Event_PlayerDeath
L 12/23/2025 - 17:03:32: [SM] Exception reported: Invalid convar handle 0 (error 4)
L 12/23/2025 - 17:03:32: [SM] Blaming: ÒankrunFixhealth.smx
L 12/23/2025 - 17:03:32: [SM] Call stack trace:
L 12/23/2025 - 17:03:32: [SM]   [0] GetConVarString
L 12/23/2025 - 17:03:32: [SM]   [1] Line 138, C:\Users\Moises\Downloads\Compressed\sourcemod-1.11.0-git6968-windows\addons\sourcemod\scripting\ÒankrunFixhealth.sp::IsTankRunActive
L 12/23/2025 - 17:03:32: [SM]   [2] Line 36, C:\Users\Moises\Downloads\Compressed\sourcemod-1.11.0-git6968-windows\addons\sourcemod\scripting\ÒankrunFixhealth.sp::Timer_PeriodicCheck
L 12/23/2025 - 17:03:33: [SM] Exception reported: Invalid timer handle 7ba00494 (error 1)
L 12/23/2025 - 17:03:33: [SM] Blaming: l4d2_playerjoining_v2.smx
L 12/23/2025 - 17:03:33: [SM] Call stack trace:
L 12/23/2025 - 17:03:33: [SM]   [0] KillTimer
L 12/23/2025 - 17:03:33: [SM]   [1] Line 53, C:\Users\Moises\Downloads\Compressed\sourcemod-1.11.0-git6968-windows\addons\sourcemod\scripting\l4d2_playerjoining_v2.sp::OnClientDisconnect
L 12/23/2025 - 17:03:38: [SM] Exception reported: Invalid convar handle 0 (error 4)
L 12/23/2025 - 17:03:38: [SM] Blaming: ÒankrunFixhealth.smx
L 12/23/2025 - 17:03:38: [SM] Call stack trace:
L 12/23/2025 - 17:03:38: [SM]   [0] GetConVarString
L 12/23/2025 - 17:03:38: [SM]   [1] Line 138, C:\Users\Moises\Downloads\Compressed\sourcemod-1.11.0-git6968-windows\addons\sourcemod\scripting\ÒankrunFixhealth.sp::IsTankRunActive
L 12/23/2025 - 17:03:38: [SM]   [2] Line 79, C:\Users\Moises\Downloads\Compressed\sourcemod-1.11.0-git6968-windows\addons\sourcemod\scripting\ÒankrunFixhealth.sp::Event_PlayerDeath
L 12/23/2025 - 17:03:38: [SM] Exception reported: Invalid timer handle 7ba00494 (error 1)
L 12/23/2025 - 17:03:38: [SM] Blaming: l4d2_playerjoining_v2.smx
L 12/23/2025 - 17:03:38: [SM] Call stack trace:
L 12/23/2025 - 17:03:38: [SM]   [0] KillTimer
L 12/23/2025 - 17:03:38: [SM]   [1] Line 53, C:\Users\Moises\Downloads\Compressed\sourcemod-1.11.0-git6968-windows\addons\sourcemod\scripting\l4d2_playerjoining_v2.sp::OnClientDisconnect
L 12/23/2025 - 17:03:42: [SM] Exception reported: Invalid convar handle 0 (error 4)
L 12/23/2025 - 17:03:42: [SM] Blaming: ÒankrunFixhealth.smx
L 12/23/2025 - 17:03:42: [SM] Call stack trace:
L 12/23/2025 - 17:03:42: [SM]   [0] GetConVarString
L 12/23/2025 - 17:03:42: [SM]   [1] Line 138, C:\Users\Moises\Downloads\Compressed\sourcemod-1.11.0-git6968-windows\addons\sourcemod\scripting\ÒankrunFixhealth.sp::IsTankRunActive
L 12/23/2025 - 17:03:42: [SM]   [2] Line 36, C:\Users\Moises\Downloads\Compressed\sourcemod-1.11.0-git6968-windows\addons\sourcemod\scripting\ÒankrunFixhealth.sp::Timer_PeriodicCheck
L 12/23/2025 - 17:03:44: [SM] Exception reported: Invalid timer handle 7ba00494 (error 3)
L 12/23/2025 - 17:03:44: [SM] Blaming: l4d2_playerjoining_v2.smx
L 12/23/2025 - 17:03:44: [SM] Call stack trace:
L 12/23/2025 - 17:03:44: [SM]   [0] KillTimer
L 12/23/2025 - 17:03:44: [SM]   [1] Line 53, C:\Users\Moises\Downloads\Compressed\sourcemod-1.11.0-git6968-windows\addons\sourcemod\scripting\l4d2_playerjoining_v2.sp::OnClientDisconnect
L 12/23/2025 - 17:03:45: [SM] Exception reported: Invalid timer handle c800044b (error 3)
L 12/23/2025 - 17:03:45: [SM] Blaming: l4d2_playerjoining_v2.smx
L 12/23/2025 - 17:03:45: [SM] Call stack trace:
L 12/23/2025 - 17:03:45: [SM]   [0] KillTimer
L 12/23/2025 - 17:03:45: [SM]   [1] Line 53, C:\Users\Moises\Downloads\Compressed\sourcemod-1.11.0-git6968-windows\addons\sourcemod\scripting\l4d2_playerjoining_v2.sp::OnClientDisconnect
L 12/23/2025 - 17:03:52: [SM] Exception reported: Invalid convar handle 0 (error 4)
L 12/23/2025 - 17:03:52: [SM] Blaming: ÒankrunFixhealth.smx
L 12/23/2025 - 17:03:52: [SM] Call stack trace:
L 12/23/2025 - 17:03:52: [SM]   [0] GetConVarString
L 12/23/2025 - 17:03:52: [SM]   [1] Line 138, C:\Users\Moises\Downloads\Compressed\sourcemod-1.11.0-git6968-windows\addons\sourcemod\scripting\ÒankrunFixhealth.sp::IsTankRunActive
L 12/23/2025 - 17:03:52: [SM]   [2] Line 36, C:\Users\Moises\Downloads\Compressed\sourcemod-1.11.0-git6968-windows\addons\sourcemod\scripting\ÒankrunFixhealth.sp::Timer_PeriodicCheck
L 12/23/2025 - 17:04:00: [SM] Exception reported: Invalid convar handle 0 (error 4)
L 12/23/2025 - 17:04:00: [SM] Blaming: ÒankrunFixhealth.smx
L 12/23/2025 - 17:04:00: [SM] Call stack trace:
L 12/23/2025 - 17:04:00: [SM]   [0] GetConVarString
L 12/23/2025 - 17:04:00: [SM]   [1] Line 138, C:\Users\Moises\Downloads\Compressed\sourcemod-1.11.0-git6968-windows\addons\sourcemod\scripting\ÒankrunFixhealth.sp::IsTankRunActive
L 12/23/2025 - 17:04:00: [SM]   [2] Line 79, C:\Users\Moises\Downloads\Compressed\sourcemod-1.11.0-git6968-windows\addons\sourcemod\scripting\ÒankrunFixhealth.sp::Event_PlayerDeath
L 12/23/2025 - 17:04:02: [SM] Exception reported: Invalid convar handle 0 (error 4)
L 12/23/2025 - 17:04:02: [SM] Blaming: ÒankrunFixhealth.smx
L 12/23/2025 - 17:04:02: [SM] Call stack trace:
L 12/23/2025 - 17:04:02: [SM]   [0] GetConVarString
L 12/23/2025 - 17:04:02: [SM]   [1] Line 138, C:\Users\Moises\Downloads\Compressed\sourcemod-1.11.0-git6968-windows\addons\sourcemod\scripting\ÒankrunFixhealth.sp::IsTankRunActive
L 12/23/2025 - 17:04:02: [SM]   [2] Line 36, C:\Users\Moises\Downloads\Compressed\sourcemod-1.11.0-git6968-windows\addons\sourcemod\scripting\ÒankrunFixhealth.sp::Timer_PeriodicCheck
L 12/23/2025 - 17:04:07: [SM] Exception reported: Invalid timer handle 8f100479 (error 3)
L 12/23/2025 - 17:04:07: [SM] Blaming: l4d2_playerjoining_v2.smx
L 12/23/2025 - 17:04:07: [SM] Call stack trace:
L 12/23/2025 - 17:04:07: [SM]   [0] KillTimer
L 12/23/2025 - 17:04:07: [SM]   [1] Line 53, C:\Users\Moises\Downloads\Compressed\sourcemod-1.11.0-git6968-windows\addons\sourcemod\scripting\l4d2_playerjoining_v2.sp::OnClientDisconnect
L 12/23/2025 - 17:04:12: [SM] Exception reported: Invalid convar handle 0 (error 4)
L 12/23/2025 - 17:04:12: [SM] Blaming: ÒankrunFixhealth.smx
L 12/23/2025 - 17:04:12: [SM] Call stack trace:
L 12/23/2025 - 17:04:12: [SM]   [0] GetConVarString
L 12/23/2025 - 17:04:12: [SM]   [1] Line 138, C:\Users\Moises\Downloads\Compressed\sourcemod-1.11.0-git6968-windows\addons\sourcemod\scripting\ÒankrunFixhealth.sp::IsTankRunActive
L 12/23/2025 - 17:04:12: [SM]   [2] Line 36, C:\Users\Moises\Downloads\Compressed\sourcemod-1.11.0-git6968-windows\addons\sourcemod\scripting\ÒankrunFixhealth.sp::Timer_PeriodicCheck
L 12/23/2025 - 17:04:22: [SM] Exception reported: Invalid convar handle 0 (error 4)
L 12/23/2025 - 17:04:22: [SM] Blaming: ÒankrunFixhealth.smx
L 12/23/2025 - 17:04:22: [SM] Call stack trace:
L 12/23/2025 - 17:04:22: [SM]   [0] GetConVarString
L 12/23/2025 - 17:04:22: [SM]   [1] Line 138, C:\Users\Moises\Downloads\Compressed\sourcemod-1.11.0-git6968-windows\addons\sourcemod\scripting\ÒankrunFixhealth.sp::IsTankRunActive
L 12/23/2025 - 17:04:22: [SM]   [2] Line 36, C:\Users\Moises\Downloads\Compressed\sourcemod-1.11.0-git6968-windows\addons\sourcemod\scripting\ÒankrunFixhealth.sp::Timer_PeriodicCheck
L 12/23/2025 - 17:04:30: [SM] Exception reported: Invalid convar handle 0 (error 4)
L 12/23/2025 - 17:04:30: [SM] Blaming: ÒankrunFixhealth.smx
L 12/23/2025 - 17:04:30: [SM] Call stack trace:
L 12/23/2025 - 17:04:30: [SM]   [0] GetConVarString
L 12/23/2025 - 17:04:30: [SM]   [1] Line 138, C:\Users\Moises\Downloads\Compressed\sourcemod-1.11.0-git6968-windows\addons\sourcemod\scripting\ÒankrunFixhealth.sp::IsTankRunActive
L 12/23/2025 - 17:04:30: [SM]   [2] Line 79, C:\Users\Moises\Downloads\Compressed\sourcemod-1.11.0-git6968-windows\addons\sourcemod\scripting\ÒankrunFixhealth.sp::Event_PlayerDeath
L 12/23/2025 - 17:04:32: [SM] Exception reported: Invalid convar handle 0 (error 4)
L 12/23/2025 - 17:04:32: [SM] Blaming: ÒankrunFixhealth.smx
L 12/23/2025 - 17:04:32: [SM] Call stack trace:
L 12/23/2025 - 17:04:32: [SM]   [0] GetConVarString
L 12/23/2025 - 17:04:32: [SM]   [1] Line 138, C:\Users\Moises\Downloads\Compressed\sourcemod-1.11.0-git6968-windows\addons\sourcemod\scripting\ÒankrunFixhealth.sp::IsTankRunActive
L 12/23/2025 - 17:04:32: [SM]   [2] Line 36, C:\Users\Moises\Downloads\Compressed\sourcemod-1.11.0-git6968-windows\addons\sourcemod\scripting\ÒankrunFixhealth.sp::Timer_PeriodicCheck
L 12/23/2025 - 17:04:37: [SM] Exception reported: Invalid timer handle 8f1004a4 (error 3)
L 12/23/2025 - 17:04:37: [SM] Blaming: l4d2_playerjoining_v2.smx
L 12/23/2025 - 17:04:37: [SM] Call stack trace:
L 12/23/2025 - 17:04:37: [SM]   [0] KillTimer
L 12/23/2025 - 17:04:37: [SM]   [1] Line 53, C:\Users\Moises\Downloads\Compressed\sourcemod-1.11.0-git6968-windows\addons\sourcemod\scripting\l4d2_playerjoining_v2.sp::OnClientDisconnect
L 12/23/2025 - 17:04:42: [SM] Exception reported: Invalid convar handle 0 (error 4)
L 12/23/2025 - 17:04:42: [SM] Blaming: ÒankrunFixhealth.smx
L 12/23/2025 - 17:04:42: [SM] Call stack trace:
L 12/23/2025 - 17:04:42: [SM]   [0] GetConVarString
L 12/23/2025 - 17:04:42: [SM]   [1] Line 138, C:\Users\Moises\Downloads\Compressed\sourcemod-1.11.0-git6968-windows\addons\sourcemod\scripting\ÒankrunFixhealth.sp::IsTankRunActive
L 12/23/2025 - 17:04:42: [SM]   [2] Line 36, C:\Users\Moises\Downloads\Compressed\sourcemod-1.11.0-git6968-windows\addons\sourcemod\scripting\ÒankrunFixhealth.sp::Timer_PeriodicCheck
L 12/23/2025 - 17:04:52: [SM] Exception reported: Invalid convar handle 0 (error 4)
L 12/23/2025 - 17:04:52: [SM] Blaming: ÒankrunFixhealth.smx
L 12/23/2025 - 17:04:52: [SM] Call stack trace:
L 12/23/2025 - 17:04:52: [SM]   [0] GetConVarString
L 12/23/2025 - 17:04:52: [SM]   [1] Line 138, C:\Users\Moises\Downloads\Compressed\sourcemod-1.11.0-git6968-windows\addons\sourcemod\scripting\ÒankrunFixhealth.sp::IsTankRunActive
L 12/23/2025 - 17:04:52: [SM]   [2] Line 36, C:\Users\Moises\Downloads\Compressed\sourcemod-1.11.0-git6968-windows\addons\sourcemod\scripting\ÒankrunFixhealth.sp::Timer_PeriodicCheck
L 12/23/2025 - 17:04:55: [SM] Exception reported: Invalid convar handle 0 (error 4)
L 12/23/2025 - 17:04:55: [SM] Blaming: ÒankrunFixhealth.smx
L 12/23/2025 - 17:04:55: [SM] Call stack trace:
L 12/23/2025 - 17:04:55: [SM]   [0] GetConVarString
L 12/23/2025 - 17:04:55: [SM]   [1] Line 138, C:\Users\Moises\Downloads\Compressed\sourcemod-1.11.0-git6968-windows\addons\sourcemod\scripting\ÒankrunFixhealth.sp::IsTankRunActive
L 12/23/2025 - 17:04:55: [SM]   [2] Line 79, C:\Users\Moises\Downloads\Compressed\sourcemod-1.11.0-git6968-windows\addons\sourcemod\scripting\ÒankrunFixhealth.sp::Event_PlayerDeath
L 12/23/2025 - 17:05:02: [SM] Exception reported: Invalid convar handle 0 (error 4)
L 12/23/2025 - 17:05:02: [SM] Blaming: ÒankrunFixhealth.smx
L 12/23/2025 - 17:05:02: [SM] Call stack trace:
L 12/23/2025 - 17:05:02: [SM]   [0] GetConVarString
L 12/23/2025 - 17:05:02: [SM]   [1] Line 138, C:\Users\Moises\Downloads\Compressed\sourcemod-1.11.0-git6968-windows\addons\sourcemod\scripting\ÒankrunFixhealth.sp::IsTankRunActive
L 12/23/2025 - 17:05:02: [SM]   [2] Line 36, C:\Users\Moises\Downloads\Compressed\sourcemod-1.11.0-git6968-windows\addons\sourcemod\scripting\ÒankrunFixhealth.sp::Timer_PeriodicCheck
L 12/23/2025 - 17:05:02: [SM] Exception reported: Invalid timer handle 7ba00494 (error 3)
L 12/23/2025 - 17:05:02: [SM] Blaming: l4d2_playerjoining_v2.smx
L 12/23/2025 - 17:05:02: [SM] Call stack trace:
L 12/23/2025 - 17:05:02: [SM]   [0] KillTimer
L 12/23/2025 - 17:05:02: [SM]   [1] Line 53, C:\Users\Moises\Downloads\Compressed\sourcemod-1.11.0-git6968-windows\addons\sourcemod\scripting\l4d2_playerjoining_v2.sp::OnClientDisconnect
L 12/23/2025 - 17:05:12: [SM] Exception reported: Invalid convar handle 0 (error 4)
L 12/23/2025 - 17:05:12: [SM] Blaming: ÒankrunFixhealth.smx
L 12/23/2025 - 17:05:12: [SM] Call stack trace:
L 12/23/2025 - 17:05:12: [SM]   [0] GetConVarString
L 12/23/2025 - 17:05:12: [SM]   [1] Line 138, C:\Users\Moises\Downloads\Compressed\sourcemod-1.11.0-git6968-windows\addons\sourcemod\scripting\ÒankrunFixhealth.sp::IsTankRunActive
L 12/23/2025 - 17:05:12: [SM]   [2] Line 36, C:\Users\Moises\Downloads\Compressed\sourcemod-1.11.0-git6968-windows\addons\sourcemod\scripting\ÒankrunFixhealth.sp::Timer_PeriodicCheck
L 12/23/2025 - 17:05:22: [SM] Exception reported: Invalid convar handle 0 (error 4)
L 12/23/2025 - 17:05:22: [SM] Blaming: ÒankrunFixhealth.smx
L 12/23/2025 - 17:05:22: [SM] Call stack trace:
L 12/23/2025 - 17:05:22: [SM]   [0] GetConVarString
L 12/23/2025 - 17:05:22: [SM]   [1] Line 138, C:\Users\Moises\Downloads\Compressed\sourcemod-1.11.0-git6968-windows\addons\sourcemod\scripting\ÒankrunFixhealth.sp::IsTankRunActive
L 12/23/2025 - 17:05:22: [SM]   [2] Line 36, C:\Users\Moises\Downloads\Compressed\sourcemod-1.11.0-git6968-windows\addons\sourcemod\scripting\ÒankrunFixhealth.sp::Timer_PeriodicCheck
L 12/23/2025 - 17:05:32: [SM] Exception reported: Invalid convar handle 0 (error 4)
L 12/23/2025 - 17:05:32: [SM] Blaming: ÒankrunFixhealth.smx
L 12/23/2025 - 17:05:32: [SM] Call stack trace:
L 12/23/2025 - 17:05:32: [SM]   [0] GetConVarString
L 12/23/2025 - 17:05:32: [SM]   [1] Line 138, C:\Users\Moises\Downloads\Compressed\sourcemod-1.11.0-git6968-windows\addons\sourcemod\scripting\ÒankrunFixhealth.sp::IsTankRunActive
L 12/23/2025 - 17:05:32: [SM]   [2] Line 36, C:\Users\Moises\Downloads\Compressed\sourcemod-1.11.0-git6968-windows\addons\sourcemod\scripting\ÒankrunFixhealth.sp::Timer_PeriodicCheck
L 12/23/2025 - 17:05:38: [SM] Exception reported: Invalid convar handle 0 (error 4)
L 12/23/2025 - 17:05:38: [SM] Blaming: ÒankrunFixhealth.smx
L 12/23/2025 - 17:05:38: [SM] Call stack trace:
L 12/23/2025 - 17:05:38: [SM]   [0] GetConVarString
L 12/23/2025 - 17:05:38: [SM]   [1] Line 138, C:\Users\Moises\Downloads\Compressed\sourcemod-1.11.0-git6968-windows\addons\sourcemod\scripting\ÒankrunFixhealth.sp::IsTankRunActive
L 12/23/2025 - 17:05:38: [SM]   [2] Line 79, C:\Users\Moises\Downloads\Compressed\sourcemod-1.11.0-git6968-windows\addons\sourcemod\scripting\ÒankrunFixhealth.sp::Event_PlayerDeath
L 12/23/2025 - 17:05:39: [SM] Exception reported: Invalid timer handle da500496 (error 1)
L 12/23/2025 - 17:05:39: [SM] Blaming: l4d2_playerjoining_v2.smx
L 12/23/2025 - 17:05:39: [SM] Call stack trace:
L 12/23/2025 - 17:05:39: [SM]   [0] KillTimer
L 12/23/2025 - 17:05:39: [SM]   [1] Line 53, C:\Users\Moises\Downloads\Compressed\sourcemod-1.11.0-git6968-windows\addons\sourcemod\scripting\l4d2_playerjoining_v2.sp::OnClientDisconnect
L 12/23/2025 - 17:05:42: [SM] Exception reported: Invalid convar handle 0 (error 4)
L 12/23/2025 - 17:05:42: [SM] Blaming: ÒankrunFixhealth.smx
L 12/23/2025 - 17:05:42: [SM] Call stack trace:
L 12/23/2025 - 17:05:42: [SM]   [0] GetConVarString
L 12/23/2025 - 17:05:42: [SM]   [1] Line 138, C:\Users\Moises\Downloads\Compressed\sourcemod-1.11.0-git6968-windows\addons\sourcemod\scripting\ÒankrunFixhealth.sp::IsTankRunActive
L 12/23/2025 - 17:05:42: [SM]   [2] Line 36, C:\Users\Moises\Downloads\Compressed\sourcemod-1.11.0-git6968-windows\addons\sourcemod\scripting\ÒankrunFixhealth.sp::Timer_PeriodicCheck
L 12/23/2025 - 17:05:50: [SM] Exception reported: Invalid convar handle 0 (error 4)
L 12/23/2025 - 17:05:50: [SM] Blaming: ÒankrunFixhealth.smx
L 12/23/2025 - 17:05:50: [SM] Call stack trace:
L 12/23/2025 - 17:05:50: [SM]   [0] GetConVarString
L 12/23/2025 - 17:05:50: [SM]   [1] Line 138, C:\Users\Moises\Downloads\Compressed\sourcemod-1.11.0-git6968-windows\addons\sourcemod\scripting\ÒankrunFixhealth.sp::IsTankRunActive
L 12/23/2025 - 17:05:50: [SM]   [2] Line 79, C:\Users\Moises\Downloads\Compressed\sourcemod-1.11.0-git6968-windows\addons\sourcemod\scripting\ÒankrunFixhealth.sp::Event_PlayerDeath
L 12/23/2025 - 17:05:52: [SM] Exception reported: Invalid convar handle 0 (error 4)
L 12/23/2025 - 17:05:52: [SM] Blaming: ÒankrunFixhealth.smx
L 12/23/2025 - 17:05:52: [SM] Call stack trace:
L 12/23/2025 - 17:05:52: [SM]   [0] GetConVarString
L 12/23/2025 - 17:05:52: [SM]   [1] Line 138, C:\Users\Moises\Downloads\Compressed\sourcemod-1.11.0-git6968-windows\addons\sourcemod\scripting\ÒankrunFixhealth.sp::IsTankRunActive
L 12/23/2025 - 17:05:52: [SM]   [2] Line 36, C:\Users\Moises\Downloads\Compressed\sourcemod-1.11.0-git6968-windows\addons\sourcemod\scripting\ÒankrunFixhealth.sp::Timer_PeriodicCheck
L 12/23/2025 - 17:05:53: [SM] Exception reported: Invalid convar handle 0 (error 4)
L 12/23/2025 - 17:05:53: [SM] Blaming: ÒankrunFixhealth.smx
L 12/23/2025 - 17:05:53: [SM] Call stack trace:
L 12/23/2025 - 17:05:53: [SM]   [0] GetConVarString
L 12/23/2025 - 17:05:53: [SM]   [1] Line 138, C:\Users\Moises\Downloads\Compressed\sourcemod-1.11.0-git6968-windows\addons\sourcemod\scripting\ÒankrunFixhealth.sp::IsTankRunActive
L 12/23/2025 - 17:05:53: [SM]   [2] Line 79, C:\Users\Moises\Downloads\Compressed\sourcemod-1.11.0-git6968-windows\addons\sourcemod\scripting\ÒankrunFixhealth.sp::Event_PlayerDeath
L 12/23/2025 - 17:06:00: [SM] Exception reported: Invalid timer handle 72a00479 (error 3)
L 12/23/2025 - 17:06:00: [SM] Blaming: l4d2_playerjoining_v2.smx
L 12/23/2025 - 17:06:00: [SM] Call stack trace:
L 12/23/2025 - 17:06:00: [SM]   [0] KillTimer
L 12/23/2025 - 17:06:00: [SM]   [1] Line 53, C:\Users\Moises\Downloads\Compressed\sourcemod-1.11.0-git6968-windows\addons\sourcemod\scripting\l4d2_playerjoining_v2.sp::OnClientDisconnect
L 12/23/2025 - 17:06:02: [SM] Exception reported: Invalid convar handle 0 (error 4)
L 12/23/2025 - 17:06:02: [SM] Blaming: ÒankrunFixhealth.smx
L 12/23/2025 - 17:06:02: [SM] Call stack trace:
L 12/23/2025 - 17:06:02: [SM]   [0] GetConVarString
L 12/23/2025 - 17:06:02: [SM]   [1] Line 138, C:\Users\Moises\Downloads\Compressed\sourcemod-1.11.0-git6968-windows\addons\sourcemod\scripting\ÒankrunFixhealth.sp::IsTankRunActive
L 12/23/2025 - 17:06:02: [SM]   [2] Line 36, C:\Users\Moises\Downloads\Compressed\sourcemod-1.11.0-git6968-windows\addons\sourcemod\scripting\ÒankrunFixhealth.sp::Timer_PeriodicCheck
L 12/23/2025 - 17:06:03: [SM] Exception reported: Language phrase "Please wait to be revived or rescued" not found (arg 6)
L 12/23/2025 - 17:06:03: [SM] Blaming: l4dmultislots.smx
L 12/23/2025 - 17:06:03: [SM] Call stack trace:
L 12/23/2025 - 17:06:03: [SM]   [0] PrintToChat
L 12/23/2025 - 17:06:03: [SM]   [1] Line 953, d:\Github\Private-Work\L4D2-Êèí‰ª∂\scripting_1.11\l4dmultislots.sp::Timer_SpecCheck
L 12/23/2025 - 17:06:07: [SM] Exception reported: Invalid convar handle 0 (error 4)
L 12/23/2025 - 17:06:07: [SM] Blaming: ÒankrunFixhealth.smx
L 12/23/2025 - 17:06:07: [SM] Call stack trace:
L 12/23/2025 - 17:06:07: [SM]   [0] GetConVarString
L 12/23/2025 - 17:06:07: [SM]   [1] Line 138, C:\Users\Moises\Downloads\Compressed\sourcemod-1.11.0-git6968-windows\addons\sourcemod\scripting\ÒankrunFixhealth.sp::IsTankRunActive
L 12/23/2025 - 17:06:07: [SM]   [2] Line 79, C:\Users\Moises\Downloads\Compressed\sourcemod-1.11.0-git6968-windows\addons\sourcemod\scripting\ÒankrunFixhealth.sp::Event_PlayerDeath
L 12/23/2025 - 17:06:12: [SM] Exception reported: Invalid convar handle 0 (error 4)
L 12/23/2025 - 17:06:12: [SM] Blaming: ÒankrunFixhealth.smx
L 12/23/2025 - 17:06:12: [SM] Call stack trace:
L 12/23/2025 - 17:06:12: [SM]   [0] GetConVarString
L 12/23/2025 - 17:06:12: [SM]   [1] Line 138, C:\Users\Moises\Downloads\Compressed\sourcemod-1.11.0-git6968-windows\addons\sourcemod\scripting\ÒankrunFixhealth.sp::IsTankRunActive
L 12/23/2025 - 17:06:12: [SM]   [2] Line 36, C:\Users\Moises\Downloads\Compressed\sourcemod-1.11.0-git6968-windows\addons\sourcemod\scripting\ÒankrunFixhealth.sp::Timer_PeriodicCheck
L 12/23/2025 - 17:06:14: [SM] Exception reported: Invalid timer handle 8f100479 (error 3)
L 12/23/2025 - 17:06:14: [SM] Blaming: l4d2_playerjoining_v2.smx
L 12/23/2025 - 17:06:14: [SM] Call stack trace:
L 12/23/2025 - 17:06:14: [SM]   [0] KillTimer
L 12/23/2025 - 17:06:14: [SM]   [1] Line 53, C:\Users\Moises\Downloads\Compressed\sourcemod-1.11.0-git6968-windows\addons\sourcemod\scripting\l4d2_playerjoining_v2.sp::OnClientDisconnect
L 12/23/2025 - 17:06:20: [SM] Exception reported: Invalid convar handle 0 (error 4)
L 12/23/2025 - 17:06:20: [SM] Blaming: ÒankrunFixhealth.smx
L 12/23/2025 - 17:06:20: [SM] Call stack trace:
L 12/23/2025 - 17:06:20: [SM]   [0] GetConVarString
L 12/23/2025 - 17:06:20: [SM]   [1] Line 138, C:\Users\Moises\Downloads\Compressed\sourcemod-1.11.0-git6968-windows\addons\sourcemod\scripting\ÒankrunFixhealth.sp::IsTankRunActive
L 12/23/2025 - 17:06:20: [SM]   [2] Line 79, C:\Users\Moises\Downloads\Compressed\sourcemod-1.11.0-git6968-windows\addons\sourcemod\scripting\ÒankrunFixhealth.sp::Event_PlayerDeath
L 12/23/2025 - 17:06:22: [SM] Exception reported: Invalid convar handle 0 (error 4)
L 12/23/2025 - 17:06:22: [SM] Blaming: ÒankrunFixhealth.smx
L 12/23/2025 - 17:06:22: [SM] Call stack trace:
L 12/23/2025 - 17:06:22: [SM]   [0] GetConVarString
L 12/23/2025 - 17:06:22: [SM]   [1] Line 138, C:\Users\Moises\Downloads\Compressed\sourcemod-1.11.0-git6968-windows\addons\sourcemod\scripting\ÒankrunFixhealth.sp::IsTankRunActive
L 12/23/2025 - 17:06:22: [SM]   [2] Line 36, C:\Users\Moises\Downloads\Compressed\sourcemod-1.11.0-git6968-windows\addons\sourcemod\scripting\ÒankrunFixhealth.sp::Timer_PeriodicCheck
L 12/23/2025 - 17:06:22: [SM] Exception reported: Invalid convar handle 0 (error 4)
L 12/23/2025 - 17:06:22: [SM] Blaming: ÒankrunFixhealth.smx
L 12/23/2025 - 17:06:22: [SM] Call stack trace:
L 12/23/2025 - 17:06:22: [SM]   [0] GetConVarString
L 12/23/2025 - 17:06:22: [SM]   [1] Line 138, C:\Users\Moises\Downloads\Compressed\sourcemod-1.11.0-git6968-windows\addons\sourcemod\scripting\ÒankrunFixhealth.sp::IsTankRunActive
L 12/23/2025 - 17:06:22: [SM]   [2] Line 79, C:\Users\Moises\Downloads\Compressed\sourcemod-1.11.0-git6968-windows\addons\sourcemod\scripting\ÒankrunFixhealth.sp::Event_PlayerDeath
L 12/23/2025 - 17:06:27: [SM] Exception reported: Invalid timer handle 72a00479 (error 3)
L 12/23/2025 - 17:06:27: [SM] Blaming: l4d2_playerjoining_v2.smx
L 12/23/2025 - 17:06:27: [SM] Call stack trace:
L 12/23/2025 - 17:06:27: [SM]   [0] KillTimer
L 12/23/2025 - 17:06:27: [SM]   [1] Line 53, C:\Users\Moises\Downloads\Compressed\sourcemod-1.11.0-git6968-windows\addons\sourcemod\scripting\l4d2_playerjoining_v2.sp::OnClientDisconnect
L 12/23/2025 - 17:06:28: [SM] Exception reported: Language phrase "Please wait to be revived or rescued" not found (arg 6)
L 12/23/2025 - 17:06:28: [SM] Blaming: l4dmultislots.smx
L 12/23/2025 - 17:06:28: [SM] Call stack trace:
L 12/23/2025 - 17:06:28: [SM]   [0] PrintToChat
L 12/23/2025 - 17:06:28: [SM]   [1] Line 953, d:\Github\Private-Work\L4D2-Êèí‰ª∂\scripting_1.11\l4dmultislots.sp::Timer_SpecCheck
L 12/23/2025 - 17:06:29: [SM] Exception reported: Invalid timer handle 8f1004a4 (error 3)
L 12/23/2025 - 17:06:29: [SM] Blaming: l4d2_playerjoining_v2.smx
L 12/23/2025 - 17:06:29: [SM] Call stack trace:
L 12/23/2025 - 17:06:29: [SM]   [0] KillTimer
L 12/23/2025 - 17:06:29: [SM]   [1] Line 53, C:\Users\Moises\Downloads\Compressed\sourcemod-1.11.0-git6968-windows\addons\sourcemod\scripting\l4d2_playerjoining_v2.sp::OnClientDisconnect
L 12/23/2025 - 17:06:32: [SM] Exception reported: Invalid convar handle 0 (error 4)
L 12/23/2025 - 17:06:32: [SM] Blaming: ÒankrunFixhealth.smx
L 12/23/2025 - 17:06:32: [SM] Call stack trace:
L 12/23/2025 - 17:06:32: [SM]   [0] GetConVarString
L 12/23/2025 - 17:06:32: [SM]   [1] Line 138, C:\Users\Moises\Downloads\Compressed\sourcemod-1.11.0-git6968-windows\addons\sourcemod\scripting\ÒankrunFixhealth.sp::IsTankRunActive
L 12/23/2025 - 17:06:32: [SM]   [2] Line 36, C:\Users\Moises\Downloads\Compressed\sourcemod-1.11.0-git6968-windows\addons\sourcemod\scripting\ÒankrunFixhealth.sp::Timer_PeriodicCheck
L 12/23/2025 - 17:06:38: [SM] Exception reported: Invalid convar handle 0 (error 4)
L 12/23/2025 - 17:06:38: [SM] Blaming: ÒankrunFixhealth.smx
L 12/23/2025 - 17:06:38: [SM] Call stack trace:
L 12/23/2025 - 17:06:38: [SM]   [0] GetConVarString
L 12/23/2025 - 17:06:38: [SM]   [1] Line 138, C:\Users\Moises\Downloads\Compressed\sourcemod-1.11.0-git6968-windows\addons\sourcemod\scripting\ÒankrunFixhealth.sp::IsTankRunActive
L 12/23/2025 - 17:06:38: [SM]   [2] Line 79, C:\Users\Moises\Downloads\Compressed\sourcemod-1.11.0-git6968-windows\addons\sourcemod\scripting\ÒankrunFixhealth.sp::Event_PlayerDeath
L 12/23/2025 - 17:06:42: [SM] Exception reported: Invalid convar handle 0 (error 4)
L 12/23/2025 - 17:06:42: [SM] Blaming: ÒankrunFixhealth.smx
L 12/23/2025 - 17:06:42: [SM] Call stack trace:
L 12/23/2025 - 17:06:42: [SM]   [0] GetConVarString
L 12/23/2025 - 17:06:42: [SM]   [1] Line 138, C:\Users\Moises\Downloads\Compressed\sourcemod-1.11.0-git6968-windows\addons\sourcemod\scripting\ÒankrunFixhealth.sp::IsTankRunActive
L 12/23/2025 - 17:06:42: [SM]   [2] Line 36, C:\Users\Moises\Downloads\Compressed\sourcemod-1.11.0-git6968-windows\addons\sourcemod\scripting\ÒankrunFixhealth.sp::Timer_PeriodicCheck
L 12/23/2025 - 17:06:52: [SM] Exception reported: Invalid convar handle 0 (error 4)
L 12/23/2025 - 17:06:52: [SM] Blaming: ÒankrunFixhealth.smx
L 12/23/2025 - 17:06:52: [SM] Call stack trace:
L 12/23/2025 - 17:06:52: [SM]   [0] GetConVarString
L 12/23/2025 - 17:06:52: [SM]   [1] Line 138, C:\Users\Moises\Downloads\Compressed\sourcemod-1.11.0-git6968-windows\addons\sourcemod\scripting\ÒankrunFixhealth.sp::IsTankRunActive
L 12/23/2025 - 17:06:52: [SM]   [2] Line 36, C:\Users\Moises\Downloads\Compressed\sourcemod-1.11.0-git6968-windows\addons\sourcemod\scripting\ÒankrunFixhealth.sp::Timer_PeriodicCheck
L 12/23/2025 - 17:06:53: [SM] Exception reported: Language phrase "Please wait to be revived or rescued" not found (arg 6)
L 12/23/2025 - 17:06:53: [SM] Blaming: l4dmultislots.smx
L 12/23/2025 - 17:06:53: [SM] Call stack trace:
L 12/23/2025 - 17:06:53: [SM]   [0] PrintToChat
L 12/23/2025 - 17:06:53: [SM]   [1] Line 953, d:\Github\Private-Work\L4D2-Êèí‰ª∂\scripting_1.11\l4dmultislots.sp::Timer_SpecCheck
L 12/23/2025 - 17:06:56: [SM] Exception reported: Invalid convar handle 0 (error 4)
L 12/23/2025 - 17:06:56: [SM] Blaming: ÒankrunFixhealth.smx
L 12/23/2025 - 17:06:56: [SM] Call stack trace:
L 12/23/2025 - 17:06:56: [SM]   [0] GetConVarString
L 12/23/2025 - 17:06:56: [SM]   [1] Line 138, C:\Users\Moises\Downloads\Compressed\sourcemod-1.11.0-git6968-windows\addons\sourcemod\scripting\ÒankrunFixhealth.sp::IsTankRunActive
L 12/23/2025 - 17:06:56: [SM]   [2] Line 79, C:\Users\Moises\Downloads\Compressed\sourcemod-1.11.0-git6968-windows\addons\sourcemod\scripting\ÒankrunFixhealth.sp::Event_PlayerDeath
L 12/23/2025 - 17:07:02: [SM] Exception reported: Invalid convar handle 0 (error 4)
L 12/23/2025 - 17:07:02: [SM] Blaming: ÒankrunFixhealth.smx
L 12/23/2025 - 17:07:02: [SM] Call stack trace:
L 12/23/2025 - 17:07:02: [SM]   [0] GetConVarString
L 12/23/2025 - 17:07:02: [SM]   [1] Line 138, C:\Users\Moises\Downloads\Compressed\sourcemod-1.11.0-git6968-windows\addons\sourcemod\scripting\ÒankrunFixhealth.sp::IsTankRunActive
L 12/23/2025 - 17:07:02: [SM]   [2] Line 36, C:\Users\Moises\Downloads\Compressed\sourcemod-1.11.0-git6968-windows\addons\sourcemod\scripting\ÒankrunFixhealth.sp::Timer_PeriodicCheck
L 12/23/2025 - 17:07:03: [SM] Exception reported: Invalid timer handle da500496 (error 1)
L 12/23/2025 - 17:07:03: [SM] Blaming: l4d2_playerjoining_v2.smx
L 12/23/2025 - 17:07:03: [SM] Call stack trace:
L 12/23/2025 - 17:07:03: [SM]   [0] KillTimer
L 12/23/2025 - 17:07:03: [SM]   [1] Line 53, C:\Users\Moises\Downloads\Compressed\sourcemod-1.11.0-git6968-windows\addons\sourcemod\scripting\l4d2_playerjoining_v2.sp::OnClientDisconnect
L 12/23/2025 - 17:07:12: [SM] Exception reported: Invalid convar handle 0 (error 4)
L 12/23/2025 - 17:07:12: [SM] Blaming: ÒankrunFixhealth.smx
L 12/23/2025 - 17:07:12: [SM] Call stack trace:
L 12/23/2025 - 17:07:12: [SM]   [0] GetConVarString
L 12/23/2025 - 17:07:12: [SM]   [1] Line 138, C:\Users\Moises\Downloads\Compressed\sourcemod-1.11.0-git6968-windows\addons\sourcemod\scripting\ÒankrunFixhealth.sp::IsTankRunActive
L 12/23/2025 - 17:07:12: [SM]   [2] Line 36, C:\Users\Moises\Downloads\Compressed\sourcemod-1.11.0-git6968-windows\addons\sourcemod\scripting\ÒankrunFixhealth.sp::Timer_PeriodicCheck
L 12/23/2025 - 17:07:18: [SM] Exception reported: Language phrase "Please wait to be revived or rescued" not found (arg 6)
L 12/23/2025 - 17:07:18: [SM] Blaming: l4dmultislots.smx
L 12/23/2025 - 17:07:18: [SM] Call stack trace:
L 12/23/2025 - 17:07:18: [SM]   [0] PrintToChat
L 12/23/2025 - 17:07:18: [SM]   [1] Line 953, d:\Github\Private-Work\L4D2-Êèí‰ª∂\scripting_1.11\l4dmultislots.sp::Timer_SpecCheck
L 12/23/2025 - 17:07:22: [SM] Exception reported: Invalid convar handle 0 (error 4)
L 12/23/2025 - 17:07:22: [SM] Blaming: ÒankrunFixhealth.smx
L 12/23/2025 - 17:07:22: [SM] Call stack trace:
L 12/23/2025 - 17:07:22: [SM]   [0] GetConVarString
L 12/23/2025 - 17:07:22: [SM]   [1] Line 138, C:\Users\Moises\Downloads\Compressed\sourcemod-1.11.0-git6968-windows\addons\sourcemod\scripting\ÒankrunFixhealth.sp::IsTankRunActive
L 12/23/2025 - 17:07:22: [SM]   [2] Line 36, C:\Users\Moises\Downloads\Compressed\sourcemod-1.11.0-git6968-windows\addons\sourcemod\scripting\ÒankrunFixhealth.sp::Timer_PeriodicCheck
L 12/23/2025 - 17:07:29: [SM] Exception reported: Invalid timer handle 8f1004a4 (error 3)
L 12/23/2025 - 17:07:29: [SM] Blaming: l4d2_playerjoining_v2.smx
L 12/23/2025 - 17:07:29: [SM] Call stack trace:
L 12/23/2025 - 17:07:29: [SM]   [0] KillTimer
L 12/23/2025 - 17:07:29: [SM]   [1] Line 53, C:\Users\Moises\Downloads\Compressed\sourcemod-1.11.0-git6968-windows\addons\sourcemod\scripting\l4d2_playerjoining_v2.sp::OnClientDisconnect
L 12/23/2025 - 17:07:29: [SM] Exception reported: Invalid convar handle 0 (error 4)
L 12/23/2025 - 17:07:29: [SM] Blaming: ÒankrunFixhealth.smx
L 12/23/2025 - 17:07:29: [SM] Call stack trace:
L 12/23/2025 - 17:07:29: [SM]   [0] GetConVarString
L 12/23/2025 - 17:07:29: [SM]   [1] Line 138, C:\Users\Moises\Downloads\Compressed\sourcemod-1.11.0-git6968-windows\addons\sourcemod\scripting\ÒankrunFixhealth.sp::IsTankRunActive
L 12/23/2025 - 17:07:29: [SM]   [2] Line 79, C:\Users\Moises\Downloads\Compressed\sourcemod-1.11.0-git6968-windows\addons\sourcemod\scripting\ÒankrunFixhealth.sp::Event_PlayerDeath
L 12/23/2025 - 17:07:32: [SM] Exception reported: Invalid convar handle 0 (error 4)
L 12/23/2025 - 17:07:32: [SM] Blaming: ÒankrunFixhealth.smx
L 12/23/2025 - 17:07:32: [SM] Call stack trace:
L 12/23/2025 - 17:07:32: [SM]   [0] GetConVarString
L 12/23/2025 - 17:07:32: [SM]   [1] Line 138, C:\Users\Moises\Downloads\Compressed\sourcemod-1.11.0-git6968-windows\addons\sourcemod\scripting\ÒankrunFixhealth.sp::IsTankRunActive
L 12/23/2025 - 17:07:32: [SM]   [2] Line 36, C:\Users\Moises\Downloads\Compressed\sourcemod-1.11.0-git6968-windows\addons\sourcemod\scripting\ÒankrunFixhealth.sp::Timer_PeriodicCheck
L 12/23/2025 - 17:07:33: [SM] Exception reported: Invalid convar handle 0 (error 4)
L 12/23/2025 - 17:07:33: [SM] Blaming: ÒankrunFixhealth.smx
L 12/23/2025 - 17:07:33: [SM] Call stack trace:
L 12/23/2025 - 17:07:33: [SM]   [0] GetConVarString
L 12/23/2025 - 17:07:33: [SM]   [1] Line 138, C:\Users\Moises\Downloads\Compressed\sourcemod-1.11.0-git6968-windows\addons\sourcemod\scripting\ÒankrunFixhealth.sp::IsTankRunActive
L 12/23/2025 - 17:07:33: [SM]   [2] Line 79, C:\Users\Moises\Downloads\Compressed\sourcemod-1.11.0-git6968-windows\addons\sourcemod\scripting\ÒankrunFixhealth.sp::Event_PlayerDeath
L 12/23/2025 - 17:07:33: [SM] Exception reported: Language phrase "No Any Dead Survivor" not found (arg 6)
L 12/23/2025 - 17:07:33: [SM] Blaming: l4d_sm_respawn.smx
L 12/23/2025 - 17:07:33: [SM] Call stack trace:
L 12/23/2025 - 17:07:33: [SM]   [0] FormatEx
L 12/23/2025 - 17:07:33: [SM]   [1] Line 202, d:\Github\Private-Work\L4D2-Êèí‰ª∂\scripting_1.11\l4d_sm_respawn.sp::MenuClientsToSpawn
L 12/23/2025 - 17:07:33: [SM]   [2] Line 239, d:\Github\Private-Work\L4D2-Êèí‰ª∂\scripting_1.11\l4d_sm_respawn.sp::MenuHandler_MenuList
L 12/23/2025 - 17:07:39: [SM] Exception reported: Invalid convar handle 0 (error 4)
L 12/23/2025 - 17:07:39: [SM] Blaming: ÒankrunFixhealth.smx
L 12/23/2025 - 17:07:39: [SM] Call stack trace:
L 12/23/2025 - 17:07:39: [SM]   [0] GetConVarString
L 12/23/2025 - 17:07:39: [SM]   [1] Line 138, C:\Users\Moises\Downloads\Compressed\sourcemod-1.11.0-git6968-windows\addons\sourcemod\scripting\ÒankrunFixhealth.sp::IsTankRunActive
L 12/23/2025 - 17:07:39: [SM]   [2] Line 79, C:\Users\Moises\Downloads\Compressed\sourcemod-1.11.0-git6968-windows\addons\sourcemod\scripting\ÒankrunFixhealth.sp::Event_PlayerDeath
L 12/23/2025 - 17:07:40: [SM] Exception reported: Invalid timer handle a7700479 (error 3)
L 12/23/2025 - 17:07:40: [SM] Blaming: l4d2_playerjoining_v2.smx
L 12/23/2025 - 17:07:40: [SM] Call stack trace:
L 12/23/2025 - 17:07:40: [SM]   [0] KillTimer
L 12/23/2025 - 17:07:40: [SM]   [1] Line 53, C:\Users\Moises\Downloads\Compressed\sourcemod-1.11.0-git6968-windows\addons\sourcemod\scripting\l4d2_playerjoining_v2.sp::OnClientDisconnect
L 12/23/2025 - 17:07:42: [SM] Exception reported: Invalid convar handle 0 (error 4)
L 12/23/2025 - 17:07:42: [SM] Blaming: ÒankrunFixhealth.smx
L 12/23/2025 - 17:07:42: [SM] Call stack trace:
L 12/23/2025 - 17:07:42: [SM]   [0] GetConVarString
L 12/23/2025 - 17:07:42: [SM]   [1] Line 138, C:\Users\Moises\Downloads\Compressed\sourcemod-1.11.0-git6968-windows\addons\sourcemod\scripting\ÒankrunFixhealth.sp::IsTankRunActive
L 12/23/2025 - 17:07:42: [SM]   [2] Line 36, C:\Users\Moises\Downloads\Compressed\sourcemod-1.11.0-git6968-windows\addons\sourcemod\scripting\ÒankrunFixhealth.sp::Timer_PeriodicCheck
L 12/23/2025 - 17:07:46: [SM] Exception reported: Invalid timer handle c800044b (error 3)
L 12/23/2025 - 17:07:46: [SM] Blaming: l4d2_playerjoining_v2.smx
L 12/23/2025 - 17:07:46: [SM] Call stack trace:
L 12/23/2025 - 17:07:46: [SM]   [0] KillTimer
L 12/23/2025 - 17:07:46: [SM]   [1] Line 53, C:\Users\Moises\Downloads\Compressed\sourcemod-1.11.0-git6968-windows\addons\sourcemod\scripting\l4d2_playerjoining_v2.sp::OnClientDisconnect
L 12/23/2025 - 17:07:51: [SM] Exception reported: Invalid convar handle 0 (error 4)
L 12/23/2025 - 17:07:51: [SM] Blaming: ÒankrunFixhealth.smx
L 12/23/2025 - 17:07:51: [SM] Call stack trace:
L 12/23/2025 - 17:07:51: [SM]   [0] GetConVarString
L 12/23/2025 - 17:07:51: [SM]   [1] Line 138, C:\Users\Moises\Downloads\Compressed\sourcemod-1.11.0-git6968-windows\addons\sourcemod\scripting\ÒankrunFixhealth.sp::IsTankRunActive
L 12/23/2025 - 17:07:51: [SM]   [2] Line 79, C:\Users\Moises\Downloads\Compressed\sourcemod-1.11.0-git6968-windows\addons\sourcemod\scripting\ÒankrunFixhealth.sp::Event_PlayerDeath
L 12/23/2025 - 17:07:52: [SM] Exception reported: Invalid convar handle 0 (error 4)
L 12/23/2025 - 17:07:52: [SM] Blaming: ÒankrunFixhealth.smx
L 12/23/2025 - 17:07:52: [SM] Call stack trace:
L 12/23/2025 - 17:07:52: [SM]   [0] GetConVarString
L 12/23/2025 - 17:07:52: [SM]   [1] Line 138, C:\Users\Moises\Downloads\Compressed\sourcemod-1.11.0-git6968-windows\addons\sourcemod\scripting\ÒankrunFixhealth.sp::IsTankRunActive
L 12/23/2025 - 17:07:52: [SM]   [2] Line 36, C:\Users\Moises\Downloads\Compressed\sourcemod-1.11.0-git6968-windows\addons\sourcemod\scripting\ÒankrunFixhealth.sp::Timer_PeriodicCheck
L 12/23/2025 - 17:07:54: [SM] Exception reported: Invalid convar handle 0 (error 4)
L 12/23/2025 - 17:07:54: [SM] Blaming: ÒankrunFixhealth.smx
L 12/23/2025 - 17:07:54: [SM] Call stack trace:
L 12/23/2025 - 17:07:54: [SM]   [0] GetConVarString
L 12/23/2025 - 17:07:54: [SM]   [1] Line 138, C:\Users\Moises\Downloads\Compressed\sourcemod-1.11.0-git6968-windows\addons\sourcemod\scripting\ÒankrunFixhealth.sp::IsTankRunActive
L 12/23/2025 - 17:07:54: [SM]   [2] Line 79, C:\Users\Moises\Downloads\Compressed\sourcemod-1.11.0-git6968-windows\addons\sourcemod\scripting\ÒankrunFixhealth.sp::Event_PlayerDeath
L 12/23/2025 - 17:07:58: [SM] Exception reported: Invalid timer handle 8f100479 (error 3)
L 12/23/2025 - 17:07:58: [SM] Blaming: l4d2_playerjoining_v2.smx
L 12/23/2025 - 17:07:58: [SM] Call stack trace:
L 12/23/2025 - 17:07:58: [SM]   [0] KillTimer
L 12/23/2025 - 17:07:58: [SM]   [1] Line 53, C:\Users\Moises\Downloads\Compressed\sourcemod-1.11.0-git6968-windows\addons\sourcemod\scripting\l4d2_playerjoining_v2.sp::OnClientDisconnect
L 12/23/2025 - 17:08:01: [SM] Exception reported: Invalid timer handle 72a00479 (error 3)
L 12/23/2025 - 17:08:01: [SM] Blaming: l4d2_playerjoining_v2.smx
L 12/23/2025 - 17:08:01: [SM] Call stack trace:
L 12/23/2025 - 17:08:01: [SM]   [0] KillTimer
L 12/23/2025 - 17:08:01: [SM]   [1] Line 53, C:\Users\Moises\Downloads\Compressed\sourcemod-1.11.0-git6968-windows\addons\sourcemod\scripting\l4d2_playerjoining_v2.sp::OnClientDisconnect
L 12/23/2025 - 17:08:02: [SM] Exception reported: Invalid convar handle 0 (error 4)
L 12/23/2025 - 17:08:02: [SM] Blaming: ÒankrunFixhealth.smx
L 12/23/2025 - 17:08:02: [SM] Call stack trace:
L 12/23/2025 - 17:08:02: [SM]   [0] GetConVarString
L 12/23/2025 - 17:08:02: [SM]   [1] Line 138, C:\Users\Moises\Downloads\Compressed\sourcemod-1.11.0-git6968-windows\addons\sourcemod\scripting\ÒankrunFixhealth.sp::IsTankRunActive
L 12/23/2025 - 17:08:02: [SM]   [2] Line 36, C:\Users\Moises\Downloads\Compressed\sourcemod-1.11.0-git6968-windows\addons\sourcemod\scripting\ÒankrunFixhealth.sp::Timer_PeriodicCheck
L 12/23/2025 - 17:08:06: [SM] Exception reported: Invalid convar handle 0 (error 4)
L 12/23/2025 - 17:08:06: [SM] Blaming: ÒankrunFixhealth.smx
L 12/23/2025 - 17:08:06: [SM] Call stack trace:
L 12/23/2025 - 17:08:06: [SM]   [0] GetConVarString
L 12/23/2025 - 17:08:06: [SM]   [1] Line 138, C:\Users\Moises\Downloads\Compressed\sourcemod-1.11.0-git6968-windows\addons\sourcemod\scripting\ÒankrunFixhealth.sp::IsTankRunActive
L 12/23/2025 - 17:08:06: [SM]   [2] Line 79, C:\Users\Moises\Downloads\Compressed\sourcemod-1.11.0-git6968-windows\addons\sourcemod\scripting\ÒankrunFixhealth.sp::Event_PlayerDeath
L 12/23/2025 - 17:08:12: [SM] Exception reported: Invalid convar handle 0 (error 4)
L 12/23/2025 - 17:08:12: [SM] Blaming: ÒankrunFixhealth.smx
L 12/23/2025 - 17:08:12: [SM] Call stack trace:
L 12/23/2025 - 17:08:12: [SM]   [0] GetConVarString
L 12/23/2025 - 17:08:12: [SM]   [1] Line 138, C:\Users\Moises\Downloads\Compressed\sourcemod-1.11.0-git6968-windows\addons\sourcemod\scripting\ÒankrunFixhealth.sp::IsTankRunActive
L 12/23/2025 - 17:08:12: [SM]   [2] Line 36, C:\Users\Moises\Downloads\Compressed\sourcemod-1.11.0-git6968-windows\addons\sourcemod\scripting\ÒankrunFixhealth.sp::Timer_PeriodicCheck
L 12/23/2025 - 17:08:13: [SM] Exception reported: Invalid timer handle ed200480 (error 1)
L 12/23/2025 - 17:08:13: [SM] Blaming: l4d2_playerjoining_v2.smx
L 12/23/2025 - 17:08:13: [SM] Call stack trace:
L 12/23/2025 - 17:08:13: [SM]   [0] KillTimer
L 12/23/2025 - 17:08:13: [SM]   [1] Line 53, C:\Users\Moises\Downloads\Compressed\sourcemod-1.11.0-git6968-windows\addons\sourcemod\scripting\l4d2_playerjoining_v2.sp::OnClientDisconnect
L 12/23/2025 - 17:08:22: [SM] Exception reported: Invalid convar handle 0 (error 4)
L 12/23/2025 - 17:08:22: [SM] Blaming: ÒankrunFixhealth.smx
L 12/23/2025 - 17:08:22: [SM] Call stack trace:
L 12/23/2025 - 17:08:22: [SM]   [0] GetConVarString
L 12/23/2025 - 17:08:22: [SM]   [1] Line 138, C:\Users\Moises\Downloads\Compressed\sourcemod-1.11.0-git6968-windows\addons\sourcemod\scripting\ÒankrunFixhealth.sp::IsTankRunActive
L 12/23/2025 - 17:08:22: [SM]   [2] Line 36, C:\Users\Moises\Downloads\Compressed\sourcemod-1.11.0-git6968-windows\addons\sourcemod\scripting\ÒankrunFixhealth.sp::Timer_PeriodicCheck
L 12/23/2025 - 17:08:32: [SM] Exception reported: Invalid convar handle 0 (error 4)
L 12/23/2025 - 17:08:32: [SM] Blaming: ÒankrunFixhealth.smx
L 12/23/2025 - 17:08:32: [SM] Call stack trace:
L 12/23/2025 - 17:08:32: [SM]   [0] GetConVarString
L 12/23/2025 - 17:08:32: [SM]   [1] Line 138, C:\Users\Moises\Downloads\Compressed\sourcemod-1.11.0-git6968-windows\addons\sourcemod\scripting\ÒankrunFixhealth.sp::IsTankRunActive
L 12/23/2025 - 17:08:32: [SM]   [2] Line 36, C:\Users\Moises\Downloads\Compressed\sourcemod-1.11.0-git6968-windows\addons\sourcemod\scripting\ÒankrunFixhealth.sp::Timer_PeriodicCheck
L 12/23/2025 - 17:08:34: [SM] Exception reported: Invalid convar handle 0 (error 4)
L 12/23/2025 - 17:08:34: [SM] Blaming: ÒankrunFixhealth.smx
L 12/23/2025 - 17:08:34: [SM] Call stack trace:
L 12/23/2025 - 17:08:34: [SM]   [0] GetConVarString
L 12/23/2025 - 17:08:34: [SM]   [1] Line 138, C:\Users\Moises\Downloads\Compressed\sourcemod-1.11.0-git6968-windows\addons\sourcemod\scripting\ÒankrunFixhealth.sp::IsTankRunActive
L 12/23/2025 - 17:08:34: [SM]   [2] Line 79, C:\Users\Moises\Downloads\Compressed\sourcemod-1.11.0-git6968-windows\addons\sourcemod\scripting\ÒankrunFixhealth.sp::Event_PlayerDeath
L 12/23/2025 - 17:08:34: [SM] Exception reported: Invalid convar handle 0 (error 4)
L 12/23/2025 - 17:08:34: [SM] Blaming: ÒankrunFixhealth.smx
L 12/23/2025 - 17:08:34: [SM] Call stack trace:
L 12/23/2025 - 17:08:34: [SM]   [0] GetConVarString
L 12/23/2025 - 17:08:34: [SM]   [1] Line 138, C:\Users\Moises\Downloads\Compressed\sourcemod-1.11.0-git6968-windows\addons\sourcemod\scripting\ÒankrunFixhealth.sp::IsTankRunActive
L 12/23/2025 - 17:08:34: [SM]   [2] Line 79, C:\Users\Moises\Downloads\Compressed\sourcemod-1.11.0-git6968-windows\addons\sourcemod\scripting\ÒankrunFixhealth.sp::Event_PlayerDeath
L 12/23/2025 - 17:08:41: [SM] Exception reported: Invalid timer handle 8f1004a4 (error 3)
L 12/23/2025 - 17:08:41: [SM] Blaming: l4d2_playerjoining_v2.smx
L 12/23/2025 - 17:08:41: [SM] Call stack trace:
L 12/23/2025 - 17:08:41: [SM]   [0] KillTimer
L 12/23/2025 - 17:08:41: [SM]   [1] Line 53, C:\Users\Moises\Downloads\Compressed\sourcemod-1.11.0-git6968-windows\addons\sourcemod\scripting\l4d2_playerjoining_v2.sp::OnClientDisconnect
L 12/23/2025 - 17:08:41: [SM] Exception reported: Invalid timer handle c800044b (error 3)
L 12/23/2025 - 17:08:41: [SM] Blaming: l4d2_playerjoining_v2.smx
L 12/23/2025 - 17:08:41: [SM] Call stack trace:
L 12/23/2025 - 17:08:41: [SM]   [0] KillTimer
L 12/23/2025 - 17:08:41: [SM]   [1] Line 53, C:\Users\Moises\Downloads\Compressed\sourcemod-1.11.0-git6968-windows\addons\sourcemod\scripting\l4d2_playerjoining_v2.sp::OnClientDisconnect
L 12/23/2025 - 17:08:42: [SM] Exception reported: Invalid convar handle 0 (error 4)
L 12/23/2025 - 17:08:42: [SM] Blaming: ÒankrunFixhealth.smx
L 12/23/2025 - 17:08:42: [SM] Call stack trace:
L 12/23/2025 - 17:08:42: [SM]   [0] GetConVarString
L 12/23/2025 - 17:08:42: [SM]   [1] Line 138, C:\Users\Moises\Downloads\Compressed\sourcemod-1.11.0-git6968-windows\addons\sourcemod\scripting\ÒankrunFixhealth.sp::IsTankRunActive
L 12/23/2025 - 17:08:42: [SM]   [2] Line 36, C:\Users\Moises\Downloads\Compressed\sourcemod-1.11.0-git6968-windows\addons\sourcemod\scripting\ÒankrunFixhealth.sp::Timer_PeriodicCheck
L 12/23/2025 - 17:08:45: [SM] Exception reported: Invalid convar handle 0 (error 4)
L 12/23/2025 - 17:08:45: [SM] Blaming: ÒankrunFixhealth.smx
L 12/23/2025 - 17:08:45: [SM] Call stack trace:
L 12/23/2025 - 17:08:45: [SM]   [0] GetConVarString
L 12/23/2025 - 17:08:45: [SM]   [1] Line 138, C:\Users\Moises\Downloads\Compressed\sourcemod-1.11.0-git6968-windows\addons\sourcemod\scripting\ÒankrunFixhealth.sp::IsTankRunActive
L 12/23/2025 - 17:08:45: [SM]   [2] Line 79, C:\Users\Moises\Downloads\Compressed\sourcemod-1.11.0-git6968-windows\addons\sourcemod\scripting\ÒankrunFixhealth.sp::Event_PlayerDeath
L 12/23/2025 - 17:08:50: [SM] Exception reported: Invalid convar handle 0 (error 4)
L 12/23/2025 - 17:08:50: [SM] Blaming: ÒankrunFixhealth.smx
L 12/23/2025 - 17:08:50: [SM] Call stack trace:
L 12/23/2025 - 17:08:50: [SM]   [0] GetConVarString
L 12/23/2025 - 17:08:50: [SM]   [1] Line 138, C:\Users\Moises\Downloads\Compressed\sourcemod-1.11.0-git6968-windows\addons\sourcemod\scripting\ÒankrunFixhealth.sp::IsTankRunActive
L 12/23/2025 - 17:08:50: [SM]   [2] Line 79, C:\Users\Moises\Downloads\Compressed\sourcemod-1.11.0-git6968-windows\addons\sourcemod\scripting\ÒankrunFixhealth.sp::Event_PlayerDeath
L 12/23/2025 - 17:08:52: [SM] Exception reported: Invalid timer handle 72a00479 (error 3)
L 12/23/2025 - 17:08:52: [SM] Blaming: l4d2_playerjoining_v2.smx
L 12/23/2025 - 17:08:52: [SM] Call stack trace:
L 12/23/2025 - 17:08:52: [SM]   [0] KillTimer
L 12/23/2025 - 17:08:52: [SM]   [1] Line 53, C:\Users\Moises\Downloads\Compressed\sourcemod-1.11.0-git6968-windows\addons\sourcemod\scripting\l4d2_playerjoining_v2.sp::OnClientDisconnect
L 12/23/2025 - 17:08:52: [SM] Exception reported: Invalid convar handle 0 (error 4)
L 12/23/2025 - 17:08:52: [SM] Blaming: ÒankrunFixhealth.smx
L 12/23/2025 - 17:08:52: [SM] Call stack trace:
L 12/23/2025 - 17:08:52: [SM]   [0] GetConVarString
L 12/23/2025 - 17:08:52: [SM]   [1] Line 138, C:\Users\Moises\Downloads\Compressed\sourcemod-1.11.0-git6968-windows\addons\sourcemod\scripting\ÒankrunFixhealth.sp::IsTankRunActive
L 12/23/2025 - 17:08:52: [SM]   [2] Line 36, C:\Users\Moises\Downloads\Compressed\sourcemod-1.11.0-git6968-windows\addons\sourcemod\scripting\ÒankrunFixhealth.sp::Timer_PeriodicCheck
L 12/23/2025 - 17:08:57: Error log file session closed.
L 12/23/2025 - 17:08:57: SourceMod error session started
L 12/23/2025 - 17:08:57: Info (map "c5m1_waterfront") (file "d:\steamlibrary\steamapps\common\left 4 dead 2\left4dead2\addons\sourcemod\logs\errors_20251223.log")
L 12/23/2025 - 17:08:57: [SM] Fatal error encountered parsing translation file "l4d_nth.phrases.txt"
L 12/23/2025 - 17:08:57: [SM] Error (line 0, column 0): Stream failed to open
L 12/23/2025 - 17:08:57: [SM] Fatal error encountered parsing translation file "chargersteering.phrases.txt"
L 12/23/2025 - 17:08:57: [SM] Error (line 0, column 0): Stream failed to open
L 12/23/2025 - 17:08:57: [SM] Fatal error encountered parsing translation file "l4dmultislots.phrases.txt"
L 12/23/2025 - 17:08:57: [SM] Error (line 0, column 0): Stream failed to open
L 12/23/2025 - 17:08:57: [SM] Fatal error encountered parsing translation file "lilac.phrases.txt"
L 12/23/2025 - 17:08:57: [SM] Error (line 0, column 0): Stream failed to open
L 12/23/2025 - 17:08:59: [SM] Exception reported: Invalid convar handle 0 (error 4)
L 12/23/2025 - 17:08:59: [SM] Blaming: ÒankrunFixhealth.smx
L 12/23/2025 - 17:08:59: [SM] Call stack trace:
L 12/23/2025 - 17:08:59: [SM]   [0] GetConVarString
L 12/23/2025 - 17:08:59: [SM]   [1] Line 138, C:\Users\Moises\Downloads\Compressed\sourcemod-1.11.0-git6968-windows\addons\sourcemod\scripting\ÒankrunFixhealth.sp::IsTankRunActive
L 12/23/2025 - 17:08:59: [SM]   [2] Line 54, C:\Users\Moises\Downloads\Compressed\sourcemod-1.11.0-git6968-windows\addons\sourcemod\scripting\ÒankrunFixhealth.sp::Event_RoundStart
L 12/23/2025 - 17:08:59: [l4d2_publicity.smx] [Publicity] No se encontraron mensajes en el archivo de configuraci√≥n
L 12/23/2025 - 17:09:08: [SM] Exception reported: Invalid convar handle 0 (error 4)
L 12/23/2025 - 17:09:08: [SM] Blaming: ÒankrunFixhealth.smx
L 12/23/2025 - 17:09:08: [SM] Call stack trace:
L 12/23/2025 - 17:09:08: [SM]   [0] GetConVarString
L 12/23/2025 - 17:09:08: [SM]   [1] Line 138, C:\Users\Moises\Downloads\Compressed\sourcemod-1.11.0-git6968-windows\addons\sourcemod\scripting\ÒankrunFixhealth.sp::IsTankRunActive
L 12/23/2025 - 17:09:08: [SM]   [2] Line 36, C:\Users\Moises\Downloads\Compressed\sourcemod-1.11.0-git6968-windows\addons\sourcemod\scripting\ÒankrunFixhealth.sp::Timer_PeriodicCheck
L 12/23/2025 - 17:09:18: [SM] Exception reported: Invalid convar handle 0 (error 4)
L 12/23/2025 - 17:09:18: [SM] Blaming: ÒankrunFixhealth.smx
L 12/23/2025 - 17:09:18: [SM] Call stack trace:
L 12/23/2025 - 17:09:18: [SM]   [0] GetConVarString
L 12/23/2025 - 17:09:18: [SM]   [1] Line 138, C:\Users\Moises\Downloads\Compressed\sourcemod-1.11.0-git6968-windows\addons\sourcemod\scripting\ÒankrunFixhealth.sp::IsTankRunActive
L 12/23/2025 - 17:09:18: [SM]   [2] Line 36, C:\Users\Moises\Downloads\Compressed\sourcemod-1.11.0-git6968-windows\addons\sourcemod\scripting\ÒankrunFixhealth.sp::Timer_PeriodicCheck
L 12/23/2025 - 17:09:29: [SM] Exception reported: Invalid timer handle c800044b (error 3)
L 12/23/2025 - 17:09:29: [SM] Blaming: l4d2_playerjoining_v2.smx
L 12/23/2025 - 17:09:29: [SM] Call stack trace:
L 12/23/2025 - 17:09:29: [SM]   [0] KillTimer
L 12/23/2025 - 17:09:29: [SM]   [1] Line 53, C:\Users\Moises\Downloads\Compressed\sourcemod-1.11.0-git6968-windows\addons\sourcemod\scripting\l4d2_playerjoining_v2.sp::OnClientDisconnect
L 12/23/2025 - 17:09:29: [SM] Exception reported: Invalid timer handle 72a00479 (error 3)
L 12/23/2025 - 17:09:29: [SM] Blaming: l4d2_playerjoining_v2.smx
L 12/23/2025 - 17:09:29: [SM] Call stack trace:
L 12/23/2025 - 17:09:29: [SM]   [0] KillTimer
L 12/23/2025 - 17:09:29: [SM]   [1] Line 53, C:\Users\Moises\Downloads\Compressed\sourcemod-1.11.0-git6968-windows\addons\sourcemod\scripting\l4d2_playerjoining_v2.sp::OnClientDisconnect
L 12/23/2025 - 17:09:30: [SM] Exception reported: Invalid convar handle 0 (error 4)
L 12/23/2025 - 17:09:30: [SM] Blaming: ÒankrunFixhealth.smx
L 12/23/2025 - 17:09:30: [SM] Call stack trace:
L 12/23/2025 - 17:09:30: [SM]   [0] GetConVarString
L 12/23/2025 - 17:09:30: [SM]   [1] Line 138, C:\Users\Moises\Downloads\Compressed\sourcemod-1.11.0-git6968-windows\addons\sourcemod\scripting\ÒankrunFixhealth.sp::IsTankRunActive
L 12/23/2025 - 17:09:30: [SM]   [2] Line 36, C:\Users\Moises\Downloads\Compressed\sourcemod-1.11.0-git6968-windows\addons\sourcemod\scripting\ÒankrunFixhealth.sp::Timer_PeriodicCheck
L 12/23/2025 - 17:09:33: [SM] Exception reported: Invalid timer handle 8f100479 (error 3)
L 12/23/2025 - 17:09:33: [SM] Blaming: l4d2_playerjoining_v2.smx
L 12/23/2025 - 17:09:33: [SM] Call stack trace:
L 12/23/2025 - 17:09:33: [SM]   [0] KillTimer
L 12/23/2025 - 17:09:33: [SM]   [1] Line 53, C:\Users\Moises\Downloads\Compressed\sourcemod-1.11.0-git6968-windows\addons\sourcemod\scripting\l4d2_playerjoining_v2.sp::OnClientDisconnect
L 12/23/2025 - 17:09:37: [SM] Exception reported: Invalid timer handle c800044b (error 3)
L 12/23/2025 - 17:09:37: [SM] Blaming: l4d2_playerjoining_v2.smx
L 12/23/2025 - 17:09:37: [SM] Call stack trace:
L 12/23/2025 - 17:09:37: [SM]   [0] KillTimer
L 12/23/2025 - 17:09:37: [SM]   [1] Line 53, C:\Users\Moises\Downloads\Compressed\sourcemod-1.11.0-git6968-windows\addons\sourcemod\scripting\l4d2_playerjoining_v2.sp::OnClientDisconnect
L 12/23/2025 - 17:09:41: [SM] Exception reported: Invalid convar handle 0 (error 4)
L 12/23/2025 - 17:09:41: [SM] Blaming: ÒankrunFixhealth.smx
L 12/23/2025 - 17:09:41: [SM] Call stack trace:
L 12/23/2025 - 17:09:41: [SM]   [0] GetConVarString
L 12/23/2025 - 17:09:41: [SM]   [1] Line 138, C:\Users\Moises\Downloads\Compressed\sourcemod-1.11.0-git6968-windows\addons\sourcemod\scripting\ÒankrunFixhealth.sp::IsTankRunActive
L 12/23/2025 - 17:09:41: [SM]   [2] Line 36, C:\Users\Moises\Downloads\Compressed\sourcemod-1.11.0-git6968-windows\addons\sourcemod\scripting\ÒankrunFixhealth.sp::Timer_PeriodicCheck
L 12/23/2025 - 17:09:43: [SM] Exception reported: Invalid timer handle c800044b (error 3)
L 12/23/2025 - 17:09:43: [SM] Blaming: l4d2_playerjoining_v2.smx
L 12/23/2025 - 17:09:43: [SM] Call stack trace:
L 12/23/2025 - 17:09:43: [SM]   [0] KillTimer
L 12/23/2025 - 17:09:43: [SM]   [1] Line 53, C:\Users\Moises\Downloads\Compressed\sourcemod-1.11.0-git6968-windows\addons\sourcemod\scripting\l4d2_playerjoining_v2.sp::OnClientDisconnect
L 12/23/2025 - 17:09:51: [SM] Exception reported: Invalid convar handle 0 (error 4)
L 12/23/2025 - 17:09:51: [SM] Blaming: ÒankrunFixhealth.smx
L 12/23/2025 - 17:09:51: [SM] Call stack trace:
L 12/23/2025 - 17:09:51: [SM]   [0] GetConVarString
L 12/23/2025 - 17:09:51: [SM]   [1] Line 138, C:\Users\Moises\Downloads\Compressed\sourcemod-1.11.0-git6968-windows\addons\sourcemod\scripting\ÒankrunFixhealth.sp::IsTankRunActive
L 12/23/2025 - 17:09:51: [SM]   [2] Line 36, C:\Users\Moises\Downloads\Compressed\sourcemod-1.11.0-git6968-windows\addons\sourcemod\scripting\ÒankrunFixhealth.sp::Timer_PeriodicCheck
L 12/23/2025 - 17:10:01: [SM] Exception reported: Invalid convar handle 0 (error 4)
L 12/23/2025 - 17:10:01: [SM] Blaming: ÒankrunFixhealth.smx
L 12/23/2025 - 17:10:01: [SM] Call stack trace:
L 12/23/2025 - 17:10:01: [SM]   [0] GetConVarString
L 12/23/2025 - 17:10:01: [SM]   [1] Line 138, C:\Users\Moises\Downloads\Compressed\sourcemod-1.11.0-git6968-windows\addons\sourcemod\scripting\ÒankrunFixhealth.sp::IsTankRunActive
L 12/23/2025 - 17:10:01: [SM]   [2] Line 36, C:\Users\Moises\Downloads\Compressed\sourcemod-1.11.0-git6968-windows\addons\sourcemod\scripting\ÒankrunFixhealth.sp::Timer_PeriodicCheck
L 12/23/2025 - 17:10:11: [SM] Exception reported: Invalid convar handle 0 (error 4)
L 12/23/2025 - 17:10:11: [SM] Blaming: ÒankrunFixhealth.smx
L 12/23/2025 - 17:10:11: [SM] Call stack trace:
L 12/23/2025 - 17:10:11: [SM]   [0] GetConVarString
L 12/23/2025 - 17:10:11: [SM]   [1] Line 138, C:\Users\Moises\Downloads\Compressed\sourcemod-1.11.0-git6968-windows\addons\sourcemod\scripting\ÒankrunFixhealth.sp::IsTankRunActive
L 12/23/2025 - 17:10:11: [SM]   [2] Line 36, C:\Users\Moises\Downloads\Compressed\sourcemod-1.11.0-git6968-windows\addons\sourcemod\scripting\ÒankrunFixhealth.sp::Timer_PeriodicCheck
L 12/23/2025 - 17:10:21: [SM] Exception reported: Invalid convar handle 0 (error 4)
L 12/23/2025 - 17:10:21: [SM] Blaming: ÒankrunFixhealth.smx
L 12/23/2025 - 17:10:21: [SM] Call stack trace:
L 12/23/2025 - 17:10:21: [SM]   [0] GetConVarString
L 12/23/2025 - 17:10:21: [SM]   [1] Line 138, C:\Users\Moises\Downloads\Compressed\sourcemod-1.11.0-git6968-windows\addons\sourcemod\scripting\ÒankrunFixhealth.sp::IsTankRunActive
L 12/23/2025 - 17:10:21: [SM]   [2] Line 36, C:\Users\Moises\Downloads\Compressed\sourcemod-1.11.0-git6968-windows\addons\sourcemod\scripting\ÒankrunFixhealth.sp::Timer_PeriodicCheck
L 12/23/2025 - 17:10:26: [SM] Exception reported: Invalid Handle 0 (error 4)
L 12/23/2025 - 17:10:26: [SM] Blaming: l4dafkfix.smx
L 12/23/2025 - 17:10:26: [SM] Call stack trace:
L 12/23/2025 - 17:10:26: [SM]   [0] SDKCall
L 12/23/2025 - 17:10:26: [SM]   [1] Line 235, /home/forums/content/files/4/8/2/4/5/73422.attach::TakeOverBot
L 12/23/2025 - 17:10:26: [SM]   [2] Line 148, /home/forums/content/files/4/8/2/4/5/73422.attach::Event_PlayerDeath
L 12/23/2025 - 17:10:26: [SM] Exception reported: Invalid convar handle 0 (error 4)
L 12/23/2025 - 17:10:26: [SM] Blaming: ÒankrunFixhealth.smx
L 12/23/2025 - 17:10:26: [SM] Call stack trace:
L 12/23/2025 - 17:10:26: [SM]   [0] GetConVarString
L 12/23/2025 - 17:10:26: [SM]   [1] Line 138, C:\Users\Moises\Downloads\Compressed\sourcemod-1.11.0-git6968-windows\addons\sourcemod\scripting\ÒankrunFixhealth.sp::IsTankRunActive
L 12/23/2025 - 17:10:26: [SM]   [2] Line 79, C:\Users\Moises\Downloads\Compressed\sourcemod-1.11.0-git6968-windows\addons\sourcemod\scripting\ÒankrunFixhealth.sp::Event_PlayerDeath
L 12/23/2025 - 17:10:31: [SM] Exception reported: Invalid convar handle 0 (error 4)
L 12/23/2025 - 17:10:31: [SM] Blaming: ÒankrunFixhealth.smx
L 12/23/2025 - 17:10:31: [SM] Call stack trace:
L 12/23/2025 - 17:10:31: [SM]   [0] GetConVarString
L 12/23/2025 - 17:10:31: [SM]   [1] Line 138, C:\Users\Moises\Downloads\Compressed\sourcemod-1.11.0-git6968-windows\addons\sourcemod\scripting\ÒankrunFixhealth.sp::IsTankRunActive
L 12/23/2025 - 17:10:31: [SM]   [2] Line 36, C:\Users\Moises\Downloads\Compressed\sourcemod-1.11.0-git6968-windows\addons\sourcemod\scripting\ÒankrunFixhealth.sp::Timer_PeriodicCheck
L 12/23/2025 - 17:10:37: [SM] Exception reported: Invalid timer handle 8f100479 (error 3)
L 12/23/2025 - 17:10:37: [SM] Blaming: l4d2_playerjoining_v2.smx
L 12/23/2025 - 17:10:37: [SM] Call stack trace:
L 12/23/2025 - 17:10:37: [SM]   [0] KillTimer
L 12/23/2025 - 17:10:37: [SM]   [1] Line 53, C:\Users\Moises\Downloads\Compressed\sourcemod-1.11.0-git6968-windows\addons\sourcemod\scripting\l4d2_playerjoining_v2.sp::OnClientDisconnect
L 12/23/2025 - 17:10:41: [SM] Exception reported: Invalid convar handle 0 (error 4)
L 12/23/2025 - 17:10:41: [SM] Blaming: ÒankrunFixhealth.smx
L 12/23/2025 - 17:10:41: [SM] Call stack trace:
L 12/23/2025 - 17:10:41: [SM]   [0] GetConVarString
L 12/23/2025 - 17:10:41: [SM]   [1] Line 138, C:\Users\Moises\Downloads\Compressed\sourcemod-1.11.0-git6968-windows\addons\sourcemod\scripting\ÒankrunFixhealth.sp::IsTankRunActive
L 12/23/2025 - 17:10:41: [SM]   [2] Line 36, C:\Users\Moises\Downloads\Compressed\sourcemod-1.11.0-git6968-windows\addons\sourcemod\scripting\ÒankrunFixhealth.sp::Timer_PeriodicCheck
L 12/23/2025 - 17:10:42: [SM] Exception reported: Language phrase "Type in chat !join To join the survivors" not found (arg 6)
L 12/23/2025 - 17:10:42: [SM] Blaming: l4dmultislots.smx
L 12/23/2025 - 17:10:42: [SM] Call stack trace:
L 12/23/2025 - 17:10:42: [SM]   [0] VFormat
L 12/23/2025 - 17:10:42: [SM]   [1] Line 71, D:\Github\Private-Work\L4D2-Êèí‰ª∂\scripting_1.11\include\multicolors.inc::CPrintToChat
L 12/23/2025 - 17:10:42: [SM]   [2] Line 938, d:\Github\Private-Work\L4D2-Êèí‰ª∂\scripting_1.11\l4dmultislots.sp::Timer_SpecCheck
L 12/23/2025 - 17:10:51: [SM] Exception reported: Invalid convar handle 0 (error 4)
L 12/23/2025 - 17:10:51: [SM] Blaming: ÒankrunFixhealth.smx
L 12/23/2025 - 17:10:51: [SM] Call stack trace:
L 12/23/2025 - 17:10:51: [SM]   [0] GetConVarString
L 12/23/2025 - 17:10:51: [SM]   [1] Line 138, C:\Users\Moises\Downloads\Compressed\sourcemod-1.11.0-git6968-windows\addons\sourcemod\scripting\ÒankrunFixhealth.sp::IsTankRunActive
L 12/23/2025 - 17:10:51: [SM]   [2] Line 36, C:\Users\Moises\Downloads\Compressed\sourcemod-1.11.0-git6968-windows\addons\sourcemod\scripting\ÒankrunFixhealth.sp::Timer_PeriodicCheck
L 12/23/2025 - 17:10:55: [SM] Exception reported: Invalid convar handle 0 (error 4)
L 12/23/2025 - 17:10:55: [SM] Blaming: ÒankrunFixhealth.smx
L 12/23/2025 - 17:10:55: [SM] Call stack trace:
L 12/23/2025 - 17:10:55: [SM]   [0] GetConVarString
L 12/23/2025 - 17:10:55: [SM]   [1] Line 138, C:\Users\Moises\Downloads\Compressed\sourcemod-1.11.0-git6968-windows\addons\sourcemod\scripting\ÒankrunFixhealth.sp::IsTankRunActive
L 12/23/2025 - 17:10:55: [SM]   [2] Line 79, C:\Users\Moises\Downloads\Compressed\sourcemod-1.11.0-git6968-windows\addons\sourcemod\scripting\ÒankrunFixhealth.sp::Event_PlayerDeath
L 12/23/2025 - 17:10:57: [SM] Exception reported: Invalid convar handle 0 (error 4)
L 12/23/2025 - 17:10:57: [SM] Blaming: ÒankrunFixhealth.smx
L 12/23/2025 - 17:10:57: [SM] Call stack trace:
L 12/23/2025 - 17:10:57: [SM]   [0] GetConVarString
L 12/23/2025 - 17:10:57: [SM]   [1] Line 138, C:\Users\Moises\Downloads\Compressed\sourcemod-1.11.0-git6968-windows\addons\sourcemod\scripting\ÒankrunFixhealth.sp::IsTankRunActive
L 12/23/2025 - 17:10:57: [SM]   [2] Line 71, C:\Users\Moises\Downloads\Compressed\sourcemod-1.11.0-git6968-windows\addons\sourcemod\scripting\ÒankrunFixhealth.sp::Event_MapTransition
L 12/23/2025 - 17:10:57: [SM] Exception reported: Invalid convar handle 0 (error 4)
L 12/23/2025 - 17:10:57: [SM] Blaming: ÒankrunFixhealth.smx
L 12/23/2025 - 17:10:57: [SM] Call stack trace:
L 12/23/2025 - 17:10:57: [SM]   [0] GetConVarString
L 12/23/2025 - 17:10:57: [SM]   [1] Line 138, C:\Users\Moises\Downloads\Compressed\sourcemod-1.11.0-git6968-windows\addons\sourcemod\scripting\ÒankrunFixhealth.sp::IsTankRunActive
L 12/23/2025 - 17:10:57: [SM]   [2] Line 79, C:\Users\Moises\Downloads\Compressed\sourcemod-1.11.0-git6968-windows\addons\sourcemod\scripting\ÒankrunFixhealth.sp::Event_PlayerDeath
L 12/23/2025 - 17:11:01: [SM] Exception reported: Invalid convar handle 0 (error 4)
L 12/23/2025 - 17:11:01: [SM] Blaming: ÒankrunFixhealth.smx
L 12/23/2025 - 17:11:01: [SM] Call stack trace:
L 12/23/2025 - 17:11:01: [SM]   [0] GetConVarString
L 12/23/2025 - 17:11:01: [SM]   [1] Line 138, C:\Users\Moises\Downloads\Compressed\sourcemod-1.11.0-git6968-windows\addons\sourcemod\scripting\ÒankrunFixhealth.sp::IsTankRunActive
L 12/23/2025 - 17:11:01: [SM]   [2] Line 36, C:\Users\Moises\Downloads\Compressed\sourcemod-1.11.0-git6968-windows\addons\sourcemod\scripting\ÒankrunFixhealth.sp::Timer_PeriodicCheck
L 12/23/2025 - 17:11:04: [SM] Exception reported: Invalid convar handle 0 (error 4)
L 12/23/2025 - 17:11:04: [SM] Blaming: ÒankrunFixhealth.smx
L 12/23/2025 - 17:11:04: [SM] Call stack trace:
L 12/23/2025 - 17:11:04: [SM]   [0] GetConVarString
L 12/23/2025 - 17:11:04: [SM]   [1] Line 138, C:\Users\Moises\Downloads\Compressed\sourcemod-1.11.0-git6968-windows\addons\sourcemod\scripting\ÒankrunFixhealth.sp::IsTankRunActive
L 12/23/2025 - 17:11:04: [SM]   [2] Line 79, C:\Users\Moises\Downloads\Compressed\sourcemod-1.11.0-git6968-windows\addons\sourcemod\scripting\ÒankrunFixhealth.sp::Event_PlayerDeath
L 12/23/2025 - 17:11:04: [SM] Exception reported: Invalid timer handle 72a00479 (error 3)
L 12/23/2025 - 17:11:04: [SM] Blaming: l4d2_playerjoining_v2.smx
L 12/23/2025 - 17:11:04: [SM] Call stack trace:
L 12/23/2025 - 17:11:04: [SM]   [0] KillTimer
L 12/23/2025 - 17:11:04: [SM]   [1] Line 53, C:\Users\Moises\Downloads\Compressed\sourcemod-1.11.0-git6968-windows\addons\sourcemod\scripting\l4d2_playerjoining_v2.sp::OnClientDisconnect
L 12/23/2025 - 17:11:06: [SM] Exception reported: Invalid timer handle c800044b (error 3)
L 12/23/2025 - 17:11:06: [SM] Blaming: l4d2_playerjoining_v2.smx
L 12/23/2025 - 17:11:06: [SM] Call stack trace:
L 12/23/2025 - 17:11:06: [SM]   [0] KillTimer
L 12/23/2025 - 17:11:06: [SM]   [1] Line 53, C:\Users\Moises\Downloads\Compressed\sourcemod-1.11.0-git6968-windows\addons\sourcemod\scripting\l4d2_playerjoining_v2.sp::OnClientDisconnect
L 12/23/2025 - 17:11:06: [SM] Exception reported: Invalid timer handle 8f1004a4 (error 3)
L 12/23/2025 - 17:11:06: [SM] Blaming: l4d2_playerjoining_v2.smx
L 12/23/2025 - 17:11:06: [SM] Call stack trace:
L 12/23/2025 - 17:11:06: [SM]   [0] KillTimer
L 12/23/2025 - 17:11:06: [SM]   [1] Line 53, C:\Users\Moises\Downloads\Compressed\sourcemod-1.11.0-git6968-windows\addons\sourcemod\scripting\l4d2_playerjoining_v2.sp::OnClientDisconnect
L 12/23/2025 - 17:11:08: Error log file session closed.
L 12/23/2025 - 17:11:08: SourceMod error session started
L 12/23/2025 - 17:11:08: Info (map "c5m2_park") (file "d:\steamlibrary\steamapps\common\left 4 dead 2\left4dead2\addons\sourcemod\logs\errors_20251223.log")
L 12/23/2025 - 17:11:08: [SM] Fatal error encountered parsing translation file "l4d_nth.phrases.txt"
L 12/23/2025 - 17:11:08: [SM] Error (line 0, column 0): Stream failed to open
L 12/23/2025 - 17:11:08: [SM] Fatal error encountered parsing translation file "chargersteering.phrases.txt"
L 12/23/2025 - 17:11:08: [SM] Error (line 0, column 0): Stream failed to open
L 12/23/2025 - 17:11:08: [SM] Fatal error encountered parsing translation file "l4dmultislots.phrases.txt"
L 12/23/2025 - 17:11:08: [SM] Error (line 0, column 0): Stream failed to open
L 12/23/2025 - 17:11:08: [SM] Fatal error encountered parsing translation file "lilac.phrases.txt"
L 12/23/2025 - 17:11:08: [SM] Error (line 0, column 0): Stream failed to open
L 12/23/2025 - 17:11:09: [SM] Exception reported: Invalid convar handle 0 (error 4)
L 12/23/2025 - 17:11:09: [SM] Blaming: ÒankrunFixhealth.smx
L 12/23/2025 - 17:11:09: [SM] Call stack trace:
L 12/23/2025 - 17:11:09: [SM]   [0] GetConVarString
L 12/23/2025 - 17:11:09: [SM]   [1] Line 138, C:\Users\Moises\Downloads\Compressed\sourcemod-1.11.0-git6968-windows\addons\sourcemod\scripting\ÒankrunFixhealth.sp::IsTankRunActive
L 12/23/2025 - 17:11:09: [SM]   [2] Line 54, C:\Users\Moises\Downloads\Compressed\sourcemod-1.11.0-git6968-windows\addons\sourcemod\scripting\ÒankrunFixhealth.sp::Event_RoundStart
L 12/23/2025 - 17:11:09: [l4d2_publicity.smx] [Publicity] No se encontraron mensajes en el archivo de configuraci√≥n
L 12/23/2025 - 17:11:16: [SM] Exception reported: Invalid convar handle 0 (error 4)
L 12/23/2025 - 17:11:16: [SM] Blaming: ÒankrunFixhealth.smx
L 12/23/2025 - 17:11:16: [SM] Call stack trace:
L 12/23/2025 - 17:11:16: [SM]   [0] GetConVarString
L 12/23/2025 - 17:11:16: [SM]   [1] Line 138, C:\Users\Moises\Downloads\Compressed\sourcemod-1.11.0-git6968-windows\addons\sourcemod\scripting\ÒankrunFixhealth.sp::IsTankRunActive
L 12/23/2025 - 17:11:17: [SM]   [2] Line 36, C:\Users\Moises\Downloads\Compressed\sourcemod-1.11.0-git6968-windows\addons\sourcemod\scripting\ÒankrunFixhealth.sp::Timer_PeriodicCheck
L 12/23/2025 - 17:11:26: [SM] Exception reported: Invalid convar handle 0 (error 4)
L 12/23/2025 - 17:11:26: [SM] Blaming: ÒankrunFixhealth.smx
L 12/23/2025 - 17:11:27: [SM] Call stack trace:
L 12/23/2025 - 17:11:27: [SM]   [0] GetConVarString
L 12/23/2025 - 17:11:27: [SM]   [1] Line 138, C:\Users\Moises\Downloads\Compressed\sourcemod-1.11.0-git6968-windows\addons\sourcemod\scripting\ÒankrunFixhealth.sp::IsTankRunActive
L 12/23/2025 - 17:11:27: [SM]   [2] Line 36, C:\Users\Moises\Downloads\Compressed\sourcemod-1.11.0-git6968-windows\addons\sourcemod\scripting\ÒankrunFixhealth.sp::Timer_PeriodicCheck
L 12/23/2025 - 17:11:34: [SM] Exception reported: Invalid timer handle 8f100479 (error 3)
L 12/23/2025 - 17:11:34: [SM] Blaming: l4d2_playerjoining_v2.smx
L 12/23/2025 - 17:11:34: [SM] Call stack trace:
L 12/23/2025 - 17:11:34: [SM]   [0] KillTimer
L 12/23/2025 - 17:11:34: [SM]   [1] Line 53, C:\Users\Moises\Downloads\Compressed\sourcemod-1.11.0-git6968-windows\addons\sourcemod\scripting\l4d2_playerjoining_v2.sp::OnClientDisconnect
L 12/23/2025 - 17:11:34: [SM] Exception reported: Invalid timer handle 8f1004a4 (error 1)
L 12/23/2025 - 17:11:34: [SM] Blaming: l4d2_playerjoining_v2.smx
L 12/23/2025 - 17:11:34: [SM] Call stack trace:
L 12/23/2025 - 17:11:34: [SM]   [0] KillTimer
L 12/23/2025 - 17:11:34: [SM]   [1] Line 53, C:\Users\Moises\Downloads\Compressed\sourcemod-1.11.0-git6968-windows\addons\sourcemod\scripting\l4d2_playerjoining_v2.sp::OnClientDisconnect
L 12/23/2025 - 17:11:39: [SM] Exception reported: Invalid convar handle 0 (error 4)
L 12/23/2025 - 17:11:39: [SM] Blaming: ÒankrunFixhealth.smx
L 12/23/2025 - 17:11:39: [SM] Call stack trace:
L 12/23/2025 - 17:11:39: [SM]   [0] GetConVarString
L 12/23/2025 - 17:11:39: [SM]   [1] Line 138, C:\Users\Moises\Downloads\Compressed\sourcemod-1.11.0-git6968-windows\addons\sourcemod\scripting\ÒankrunFixhealth.sp::IsTankRunActive
L 12/23/2025 - 17:11:39: [SM]   [2] Line 36, C:\Users\Moises\Downloads\Compressed\sourcemod-1.11.0-git6968-windows\addons\sourcemod\scripting\ÒankrunFixhealth.sp::Timer_PeriodicCheck
L 12/23/2025 - 17:11:41: [SM] Exception reported: Invalid timer handle c800044b (error 3)
L 12/23/2025 - 17:11:41: [SM] Blaming: l4d2_playerjoining_v2.smx
L 12/23/2025 - 17:11:41: [SM] Call stack trace:
L 12/23/2025 - 17:11:41: [SM]   [0] KillTimer
L 12/23/2025 - 17:11:41: [SM]   [1] Line 53, C:\Users\Moises\Downloads\Compressed\sourcemod-1.11.0-git6968-windows\addons\sourcemod\scripting\l4d2_playerjoining_v2.sp::OnClientDisconnect
L 12/23/2025 - 17:11:41: [SM] Exception reported: Invalid timer handle 72a00479 (error 1)
L 12/23/2025 - 17:11:41: [SM] Blaming: l4d2_playerjoining_v2.smx
L 12/23/2025 - 17:11:41: [SM] Call stack trace:
L 12/23/2025 - 17:11:41: [SM]   [0] KillTimer
L 12/23/2025 - 17:11:41: [SM]   [1] Line 53, C:\Users\Moises\Downloads\Compressed\sourcemod-1.11.0-git6968-windows\addons\sourcemod\scripting\l4d2_playerjoining_v2.sp::OnClientDisconnect
L 12/23/2025 - 17:11:41: [SM] Exception reported: Invalid timer handle a7700479 (error 1)
L 12/23/2025 - 17:11:41: [SM] Blaming: l4d2_playerjoining_v2.smx
L 12/23/2025 - 17:11:41: [SM] Call stack trace:
L 12/23/2025 - 17:11:41: [SM]   [0] KillTimer
L 12/23/2025 - 17:11:41: [SM]   [1] Line 53, C:\Users\Moises\Downloads\Compressed\sourcemod-1.11.0-git6968-windows\addons\sourcemod\scripting\l4d2_playerjoining_v2.sp::OnClientDisconnect
L 12/23/2025 - 17:11:49: [SM] Exception reported: Invalid timer handle c800044b (error 3)
L 12/23/2025 - 17:11:49: [SM] Blaming: l4d2_playerjoining_v2.smx
L 12/23/2025 - 17:11:49: [SM] Call stack trace:
L 12/23/2025 - 17:11:49: [SM]   [0] KillTimer
L 12/23/2025 - 17:11:49: [SM]   [1] Line 53, C:\Users\Moises\Downloads\Compressed\sourcemod-1.11.0-git6968-windows\addons\sourcemod\scripting\l4d2_playerjoining_v2.sp::OnClientDisconnect
L 12/23/2025 - 17:11:50: [SM] Exception reported: Invalid convar handle 0 (error 4)
L 12/23/2025 - 17:11:50: [SM] Blaming: ÒankrunFixhealth.smx
L 12/23/2025 - 17:11:50: [SM] Call stack trace:
L 12/23/2025 - 17:11:50: [SM]   [0] GetConVarString
L 12/23/2025 - 17:11:50: [SM]   [1] Line 138, C:\Users\Moises\Downloads\Compressed\sourcemod-1.11.0-git6968-windows\addons\sourcemod\scripting\ÒankrunFixhealth.sp::IsTankRunActive
L 12/23/2025 - 17:11:50: [SM]   [2] Line 36, C:\Users\Moises\Downloads\Compressed\sourcemod-1.11.0-git6968-windows\addons\sourcemod\scripting\ÒankrunFixhealth.sp::Timer_PeriodicCheck
L 12/23/2025 - 17:11:52: [SM] Exception reported: Invalid convar handle 0 (error 4)
L 12/23/2025 - 17:11:52: [SM] Blaming: ÒankrunFixhealth.smx
L 12/23/2025 - 17:11:52: [SM] Call stack trace:
L 12/23/2025 - 17:11:52: [SM]   [0] GetConVarString
L 12/23/2025 - 17:11:52: [SM]   [1] Line 138, C:\Users\Moises\Downloads\Compressed\sourcemod-1.11.0-git6968-windows\addons\sourcemod\scripting\ÒankrunFixhealth.sp::IsTankRunActive
L 12/23/2025 - 17:11:52: [SM]   [2] Line 79, C:\Users\Moises\Downloads\Compressed\sourcemod-1.11.0-git6968-windows\addons\sourcemod\scripting\ÒankrunFixhealth.sp::Event_PlayerDeath
L 12/23/2025 - 17:11:59: [SM] Exception reported: Invalid timer handle 72a00479 (error 1)
L 12/23/2025 - 17:11:59: [SM] Blaming: l4d2_playerjoining_v2.smx
L 12/23/2025 - 17:11:59: [SM] Call stack trace:
L 12/23/2025 - 17:11:59: [SM]   [0] KillTimer
L 12/23/2025 - 17:11:59: [SM]   [1] Line 53, C:\Users\Moises\Downloads\Compressed\sourcemod-1.11.0-git6968-windows\addons\sourcemod\scripting\l4d2_playerjoining_v2.sp::OnClientDisconnect
L 12/23/2025 - 17:12:00: [SM] Exception reported: Invalid convar handle 0 (error 4)
L 12/23/2025 - 17:12:00: [SM] Blaming: ÒankrunFixhealth.smx
L 12/23/2025 - 17:12:00: [SM] Call stack trace:
L 12/23/2025 - 17:12:00: [SM]   [0] GetConVarString
L 12/23/2025 - 17:12:00: [SM]   [1] Line 138, C:\Users\Moises\Downloads\Compressed\sourcemod-1.11.0-git6968-windows\addons\sourcemod\scripting\ÒankrunFixhealth.sp::IsTankRunActive
L 12/23/2025 - 17:12:00: [SM]   [2] Line 36, C:\Users\Moises\Downloads\Compressed\sourcemod-1.11.0-git6968-windows\addons\sourcemod\scripting\ÒankrunFixhealth.sp::Timer_PeriodicCheck
L 12/23/2025 - 17:12:10: [SM] Exception reported: Invalid convar handle 0 (error 4)
L 12/23/2025 - 17:12:10: [SM] Blaming: ÒankrunFixhealth.smx
L 12/23/2025 - 17:12:10: [SM] Call stack trace:
L 12/23/2025 - 17:12:10: [SM]   [0] GetConVarString
L 12/23/2025 - 17:12:10: [SM]   [1] Line 138, C:\Users\Moises\Downloads\Compressed\sourcemod-1.11.0-git6968-windows\addons\sourcemod\scripting\ÒankrunFixhealth.sp::IsTankRunActive
L 12/23/2025 - 17:12:10: [SM]   [2] Line 36, C:\Users\Moises\Downloads\Compressed\sourcemod-1.11.0-git6968-windows\addons\sourcemod\scripting\ÒankrunFixhealth.sp::Timer_PeriodicCheck
L 12/23/2025 - 17:12:20: [SM] Exception reported: Invalid convar handle 0 (error 4)
L 12/23/2025 - 17:12:20: [SM] Blaming: ÒankrunFixhealth.smx
L 12/23/2025 - 17:12:20: [SM] Call stack trace:
L 12/23/2025 - 17:12:20: [SM]   [0] GetConVarString
L 12/23/2025 - 17:12:20: [SM]   [1] Line 138, C:\Users\Moises\Downloads\Compressed\sourcemod-1.11.0-git6968-windows\addons\sourcemod\scripting\ÒankrunFixhealth.sp::IsTankRunActive
L 12/23/2025 - 17:12:20: [SM]   [2] Line 36, C:\Users\Moises\Downloads\Compressed\sourcemod-1.11.0-git6968-windows\addons\sourcemod\scripting\ÒankrunFixhealth.sp::Timer_PeriodicCheck
L 12/23/2025 - 17:12:30: [SM] Exception reported: Invalid convar handle 0 (error 4)
L 12/23/2025 - 17:12:30: [SM] Blaming: ÒankrunFixhealth.smx
L 12/23/2025 - 17:12:30: [SM] Call stack trace:
L 12/23/2025 - 17:12:30: [SM]   [0] GetConVarString
L 12/23/2025 - 17:12:30: [SM]   [1] Line 138, C:\Users\Moises\Downloads\Compressed\sourcemod-1.11.0-git6968-windows\addons\sourcemod\scripting\ÒankrunFixhealth.sp::IsTankRunActive
L 12/23/2025 - 17:12:30: [SM]   [2] Line 36, C:\Users\Moises\Downloads\Compressed\sourcemod-1.11.0-git6968-windows\addons\sourcemod\scripting\ÒankrunFixhealth.sp::Timer_PeriodicCheck
L 12/23/2025 - 17:12:40: [SM] Exception reported: Invalid convar handle 0 (error 4)
L 12/23/2025 - 17:12:40: [SM] Blaming: ÒankrunFixhealth.smx
L 12/23/2025 - 17:12:40: [SM] Call stack trace:
L 12/23/2025 - 17:12:40: [SM]   [0] GetConVarString
L 12/23/2025 - 17:12:40: [SM]   [1] Line 138, C:\Users\Moises\Downloads\Compressed\sourcemod-1.11.0-git6968-windows\addons\sourcemod\scripting\ÒankrunFixhealth.sp::IsTankRunActive
L 12/23/2025 - 17:12:40: [SM]   [2] Line 36, C:\Users\Moises\Downloads\Compressed\sourcemod-1.11.0-git6968-windows\addons\sourcemod\scripting\ÒankrunFixhealth.sp::Timer_PeriodicCheck
L 12/23/2025 - 17:12:41: [SM] Exception reported: Invalid convar handle 0 (error 4)
L 12/23/2025 - 17:12:41: [SM] Blaming: ÒankrunFixhealth.smx
L 12/23/2025 - 17:12:41: [SM] Call stack trace:
L 12/23/2025 - 17:12:41: [SM]   [0] GetConVarString
L 12/23/2025 - 17:12:41: [SM]   [1] Line 138, C:\Users\Moises\Downloads\Compressed\sourcemod-1.11.0-git6968-windows\addons\sourcemod\scripting\ÒankrunFixhealth.sp::IsTankRunActive
L 12/23/2025 - 17:12:41: [SM]   [2] Line 79, C:\Users\Moises\Downloads\Compressed\sourcemod-1.11.0-git6968-windows\addons\sourcemod\scripting\ÒankrunFixhealth.sp::Event_PlayerDeath
L 12/23/2025 - 17:12:48: [SM] Exception reported: Invalid timer handle c800044b (error 3)
L 12/23/2025 - 17:12:48: [SM] Blaming: l4d2_playerjoining_v2.smx
L 12/23/2025 - 17:12:48: [SM] Call stack trace:
L 12/23/2025 - 17:12:48: [SM]   [0] KillTimer
L 12/23/2025 - 17:12:48: [SM]   [1] Line 53, C:\Users\Moises\Downloads\Compressed\sourcemod-1.11.0-git6968-windows\addons\sourcemod\scripting\l4d2_playerjoining_v2.sp::OnClientDisconnect
L 12/23/2025 - 17:12:50: [SM] Exception reported: Invalid convar handle 0 (error 4)
L 12/23/2025 - 17:12:50: [SM] Blaming: ÒankrunFixhealth.smx
L 12/23/2025 - 17:12:50: [SM] Call stack trace:
L 12/23/2025 - 17:12:50: [SM]   [0] GetConVarString
L 12/23/2025 - 17:12:50: [SM]   [1] Line 138, C:\Users\Moises\Downloads\Compressed\sourcemod-1.11.0-git6968-windows\addons\sourcemod\scripting\ÒankrunFixhealth.sp::IsTankRunActive
L 12/23/2025 - 17:12:50: [SM]   [2] Line 36, C:\Users\Moises\Downloads\Compressed\sourcemod-1.11.0-git6968-windows\addons\sourcemod\scripting\ÒankrunFixhealth.sp::Timer_PeriodicCheck
L 12/23/2025 - 17:12:51: [SM] Exception reported: Language phrase "Type in chat !join To join the survivors" not found (arg 6)
L 12/23/2025 - 17:12:51: [SM] Blaming: l4dmultislots.smx
L 12/23/2025 - 17:12:51: [SM] Call stack trace:
L 12/23/2025 - 17:12:51: [SM]   [0] VFormat
L 12/23/2025 - 17:12:51: [SM]   [1] Line 71, D:\Github\Private-Work\L4D2-Êèí‰ª∂\scripting_1.11\include\multicolors.inc::CPrintToChat
L 12/23/2025 - 17:12:51: [SM]   [2] Line 938, d:\Github\Private-Work\L4D2-Êèí‰ª∂\scripting_1.11\l4dmultislots.sp::Timer_SpecCheck
L 12/23/2025 - 17:13:00: [SM] Exception reported: Invalid convar handle 0 (error 4)
L 12/23/2025 - 17:13:00: [SM] Blaming: ÒankrunFixhealth.smx
L 12/23/2025 - 17:13:00: [SM] Call stack trace:
L 12/23/2025 - 17:13:00: [SM]   [0] GetConVarString
L 12/23/2025 - 17:13:00: [SM]   [1] Line 138, C:\Users\Moises\Downloads\Compressed\sourcemod-1.11.0-git6968-windows\addons\sourcemod\scripting\ÒankrunFixhealth.sp::IsTankRunActive
L 12/23/2025 - 17:13:00: [SM]   [2] Line 36, C:\Users\Moises\Downloads\Compressed\sourcemod-1.11.0-git6968-windows\addons\sourcemod\scripting\ÒankrunFixhealth.sp::Timer_PeriodicCheck
L 12/23/2025 - 17:13:08: [SM] Exception reported: Invalid convar handle 0 (error 4)
L 12/23/2025 - 17:13:08: [SM] Blaming: ÒankrunFixhealth.smx
L 12/23/2025 - 17:13:08: [SM] Call stack trace:
L 12/23/2025 - 17:13:08: [SM]   [0] GetConVarString
L 12/23/2025 - 17:13:08: [SM]   [1] Line 138, C:\Users\Moises\Downloads\Compressed\sourcemod-1.11.0-git6968-windows\addons\sourcemod\scripting\ÒankrunFixhealth.sp::IsTankRunActive
L 12/23/2025 - 17:13:08: [SM]   [2] Line 79, C:\Users\Moises\Downloads\Compressed\sourcemod-1.11.0-git6968-windows\addons\sourcemod\scripting\ÒankrunFixhealth.sp::Event_PlayerDeath
L 12/23/2025 - 17:13:10: [SM] Exception reported: Invalid convar handle 0 (error 4)
L 12/23/2025 - 17:13:10: [SM] Blaming: ÒankrunFixhealth.smx
L 12/23/2025 - 17:13:10: [SM] Call stack trace:
L 12/23/2025 - 17:13:10: [SM]   [0] GetConVarString
L 12/23/2025 - 17:13:10: [SM]   [1] Line 138, C:\Users\Moises\Downloads\Compressed\sourcemod-1.11.0-git6968-windows\addons\sourcemod\scripting\ÒankrunFixhealth.sp::IsTankRunActive
L 12/23/2025 - 17:13:10: [SM]   [2] Line 36, C:\Users\Moises\Downloads\Compressed\sourcemod-1.11.0-git6968-windows\addons\sourcemod\scripting\ÒankrunFixhealth.sp::Timer_PeriodicCheck
L 12/23/2025 - 17:13:15: [SM] Exception reported: Invalid timer handle 72a00479 (error 1)
L 12/23/2025 - 17:13:15: [SM] Blaming: l4d2_playerjoining_v2.smx
L 12/23/2025 - 17:13:15: [SM] Call stack trace:
L 12/23/2025 - 17:13:15: [SM]   [0] KillTimer
L 12/23/2025 - 17:13:15: [SM]   [1] Line 53, C:\Users\Moises\Downloads\Compressed\sourcemod-1.11.0-git6968-windows\addons\sourcemod\scripting\l4d2_playerjoining_v2.sp::OnClientDisconnect
L 12/23/2025 - 17:13:16: [SM] Exception reported: Language phrase "Type in chat !join To join the survivors" not found (arg 6)
L 12/23/2025 - 17:13:16: [SM] Blaming: l4dmultislots.smx
L 12/23/2025 - 17:13:16: [SM] Call stack trace:
L 12/23/2025 - 17:13:16: [SM]   [0] VFormat
L 12/23/2025 - 17:13:16: [SM]   [1] Line 71, D:\Github\Private-Work\L4D2-Êèí‰ª∂\scripting_1.11\include\multicolors.inc::CPrintToChat
L 12/23/2025 - 17:13:16: [SM]   [2] Line 938, d:\Github\Private-Work\L4D2-Êèí‰ª∂\scripting_1.11\l4dmultislots.sp::Timer_SpecCheck
L 12/23/2025 - 17:13:20: [SM] Exception reported: Invalid convar handle 0 (error 4)
L 12/23/2025 - 17:13:20: [SM] Blaming: ÒankrunFixhealth.smx
L 12/23/2025 - 17:13:20: [SM] Call stack trace:
L 12/23/2025 - 17:13:20: [SM]   [0] GetConVarString
L 12/23/2025 - 17:13:20: [SM]   [1] Line 138, C:\Users\Moises\Downloads\Compressed\sourcemod-1.11.0-git6968-windows\addons\sourcemod\scripting\ÒankrunFixhealth.sp::IsTankRunActive
L 12/23/2025 - 17:13:20: [SM]   [2] Line 36, C:\Users\Moises\Downloads\Compressed\sourcemod-1.11.0-git6968-windows\addons\sourcemod\scripting\ÒankrunFixhealth.sp::Timer_PeriodicCheck
L 12/23/2025 - 17:13:20: [SM] Exception reported: Invalid convar handle 0 (error 4)
L 12/23/2025 - 17:13:20: [SM] Blaming: ÒankrunFixhealth.smx
L 12/23/2025 - 17:13:20: [SM] Call stack trace:
L 12/23/2025 - 17:13:20: [SM]   [0] GetConVarString
L 12/23/2025 - 17:13:20: [SM]   [1] Line 138, C:\Users\Moises\Downloads\Compressed\sourcemod-1.11.0-git6968-windows\addons\sourcemod\scripting\ÒankrunFixhealth.sp::IsTankRunActive
L 12/23/2025 - 17:13:20: [SM]   [2] Line 79, C:\Users\Moises\Downloads\Compressed\sourcemod-1.11.0-git6968-windows\addons\sourcemod\scripting\ÒankrunFixhealth.sp::Event_PlayerDeath
L 12/23/2025 - 17:13:30: [SM] Exception reported: Invalid convar handle 0 (error 4)
L 12/23/2025 - 17:13:30: [SM] Blaming: ÒankrunFixhealth.smx
L 12/23/2025 - 17:13:30: [SM] Call stack trace:
L 12/23/2025 - 17:13:30: [SM]   [0] GetConVarString
L 12/23/2025 - 17:13:30: [SM]   [1] Line 138, C:\Users\Moises\Downloads\Compressed\sourcemod-1.11.0-git6968-windows\addons\sourcemod\scripting\ÒankrunFixhealth.sp::IsTankRunActive
L 12/23/2025 - 17:13:30: [SM]   [2] Line 36, C:\Users\Moises\Downloads\Compressed\sourcemod-1.11.0-git6968-windows\addons\sourcemod\scripting\ÒankrunFixhealth.sp::Timer_PeriodicCheck
L 12/23/2025 - 17:13:40: [SM] Exception reported: Invalid convar handle 0 (error 4)
L 12/23/2025 - 17:13:40: [SM] Blaming: ÒankrunFixhealth.smx
L 12/23/2025 - 17:13:40: [SM] Call stack trace:
L 12/23/2025 - 17:13:40: [SM]   [0] GetConVarString
L 12/23/2025 - 17:13:40: [SM]   [1] Line 138, C:\Users\Moises\Downloads\Compressed\sourcemod-1.11.0-git6968-windows\addons\sourcemod\scripting\ÒankrunFixhealth.sp::IsTankRunActive
L 12/23/2025 - 17:13:40: [SM]   [2] Line 36, C:\Users\Moises\Downloads\Compressed\sourcemod-1.11.0-git6968-windows\addons\sourcemod\scripting\ÒankrunFixhealth.sp::Timer_PeriodicCheck
L 12/23/2025 - 17:13:41: [SM] Exception reported: Language phrase "Type in chat !join To join the survivors" not found (arg 6)
L 12/23/2025 - 17:13:41: [SM] Blaming: l4dmultislots.smx
L 12/23/2025 - 17:13:41: [SM] Call stack trace:
L 12/23/2025 - 17:13:41: [SM]   [0] VFormat
L 12/23/2025 - 17:13:41: [SM]   [1] Line 71, D:\Github\Private-Work\L4D2-Êèí‰ª∂\scripting_1.11\include\multicolors.inc::CPrintToChat
L 12/23/2025 - 17:13:41: [SM]   [2] Line 938, d:\Github\Private-Work\L4D2-Êèí‰ª∂\scripting_1.11\l4dmultislots.sp::Timer_SpecCheck
L 12/23/2025 - 17:13:50: [SM] Exception reported: Invalid convar handle 0 (error 4)
L 12/23/2025 - 17:13:50: [SM] Blaming: ÒankrunFixhealth.smx
L 12/23/2025 - 17:13:50: [SM] Call stack trace:
L 12/23/2025 - 17:13:50: [SM]   [0] GetConVarString
L 12/23/2025 - 17:13:50: [SM]   [1] Line 138, C:\Users\Moises\Downloads\Compressed\sourcemod-1.11.0-git6968-windows\addons\sourcemod\scripting\ÒankrunFixhealth.sp::IsTankRunActive
L 12/23/2025 - 17:13:50: [SM]   [2] Line 36, C:\Users\Moises\Downloads\Compressed\sourcemod-1.11.0-git6968-windows\addons\sourcemod\scripting\ÒankrunFixhealth.sp::Timer_PeriodicCheck
L 12/23/2025 - 17:13:54: [SM] Exception reported: Invalid convar handle 0 (error 4)
L 12/23/2025 - 17:13:54: [SM] Blaming: ÒankrunFixhealth.smx
L 12/23/2025 - 17:13:54: [SM] Call stack trace:
L 12/23/2025 - 17:13:54: [SM]   [0] GetConVarString
L 12/23/2025 - 17:13:54: [SM]   [1] Line 138, C:\Users\Moises\Downloads\Compressed\sourcemod-1.11.0-git6968-windows\addons\sourcemod\scripting\ÒankrunFixhealth.sp::IsTankRunActive
L 12/23/2025 - 17:13:54: [SM]   [2] Line 79, C:\Users\Moises\Downloads\Compressed\sourcemod-1.11.0-git6968-windows\addons\sourcemod\scripting\ÒankrunFixhealth.sp::Event_PlayerDeath
L 12/23/2025 - 17:14:00: [SM] Exception reported: Invalid convar handle 0 (error 4)
L 12/23/2025 - 17:14:00: [SM] Blaming: ÒankrunFixhealth.smx
L 12/23/2025 - 17:14:00: [SM] Call stack trace:
L 12/23/2025 - 17:14:00: [SM]   [0] GetConVarString
L 12/23/2025 - 17:14:00: [SM]   [1] Line 138, C:\Users\Moises\Downloads\Compressed\sourcemod-1.11.0-git6968-windows\addons\sourcemod\scripting\ÒankrunFixhealth.sp::IsTankRunActive
L 12/23/2025 - 17:14:00: [SM]   [2] Line 36, C:\Users\Moises\Downloads\Compressed\sourcemod-1.11.0-git6968-windows\addons\sourcemod\scripting\ÒankrunFixhealth.sp::Timer_PeriodicCheck
L 12/23/2025 - 17:14:06: [SM] Exception reported: Language phrase "Type in chat !join To join the survivors" not found (arg 6)
L 12/23/2025 - 17:14:06: [SM] Blaming: l4dmultislots.smx
L 12/23/2025 - 17:14:06: [SM] Call stack trace:
L 12/23/2025 - 17:14:06: [SM]   [0] VFormat
L 12/23/2025 - 17:14:06: [SM]   [1] Line 71, D:\Github\Private-Work\L4D2-Êèí‰ª∂\scripting_1.11\include\multicolors.inc::CPrintToChat
L 12/23/2025 - 17:14:06: [SM]   [2] Line 938, d:\Github\Private-Work\L4D2-Êèí‰ª∂\scripting_1.11\l4dmultislots.sp::Timer_SpecCheck
L 12/23/2025 - 17:14:10: [SM] Exception reported: Invalid convar handle 0 (error 4)
L 12/23/2025 - 17:14:10: [SM] Blaming: ÒankrunFixhealth.smx
L 12/23/2025 - 17:14:10: [SM] Call stack trace:
L 12/23/2025 - 17:14:10: [SM]   [0] GetConVarString
L 12/23/2025 - 17:14:10: [SM]   [1] Line 138, C:\Users\Moises\Downloads\Compressed\sourcemod-1.11.0-git6968-windows\addons\sourcemod\scripting\ÒankrunFixhealth.sp::IsTankRunActive
L 12/23/2025 - 17:14:10: [SM]   [2] Line 36, C:\Users\Moises\Downloads\Compressed\sourcemod-1.11.0-git6968-windows\addons\sourcemod\scripting\ÒankrunFixhealth.sp::Timer_PeriodicCheck
L 12/23/2025 - 17:14:19: [SM] Exception reported: Invalid convar handle 0 (error 4)
L 12/23/2025 - 17:14:19: [SM] Blaming: ÒankrunFixhealth.smx
L 12/23/2025 - 17:14:19: [SM] Call stack trace:
L 12/23/2025 - 17:14:19: [SM]   [0] GetConVarString
L 12/23/2025 - 17:14:19: [SM]   [1] Line 138, C:\Users\Moises\Downloads\Compressed\sourcemod-1.11.0-git6968-windows\addons\sourcemod\scripting\ÒankrunFixhealth.sp::IsTankRunActive
L 12/23/2025 - 17:14:19: [SM]   [2] Line 79, C:\Users\Moises\Downloads\Compressed\sourcemod-1.11.0-git6968-windows\addons\sourcemod\scripting\ÒankrunFixhealth.sp::Event_PlayerDeath
L 12/23/2025 - 17:14:20: [SM] Exception reported: Invalid convar handle 0 (error 4)
L 12/23/2025 - 17:14:20: [SM] Blaming: ÒankrunFixhealth.smx
L 12/23/2025 - 17:14:20: [SM] Call stack trace:
L 12/23/2025 - 17:14:20: [SM]   [0] GetConVarString
L 12/23/2025 - 17:14:20: [SM]   [1] Line 138, C:\Users\Moises\Downloads\Compressed\sourcemod-1.11.0-git6968-windows\addons\sourcemod\scripting\ÒankrunFixhealth.sp::IsTankRunActive
L 12/23/2025 - 17:14:20: [SM]   [2] Line 36, C:\Users\Moises\Downloads\Compressed\sourcemod-1.11.0-git6968-windows\addons\sourcemod\scripting\ÒankrunFixhealth.sp::Timer_PeriodicCheck
L 12/23/2025 - 17:14:26: [SM] Exception reported: Invalid timer handle c800044b (error 3)
L 12/23/2025 - 17:14:26: [SM] Blaming: l4d2_playerjoining_v2.smx
L 12/23/2025 - 17:14:26: [SM] Call stack trace:
L 12/23/2025 - 17:14:26: [SM]   [0] KillTimer
L 12/23/2025 - 17:14:26: [SM]   [1] Line 53, C:\Users\Moises\Downloads\Compressed\sourcemod-1.11.0-git6968-windows\addons\sourcemod\scripting\l4d2_playerjoining_v2.sp::OnClientDisconnect
L 12/23/2025 - 17:14:30: [SM] Exception reported: Invalid convar handle 0 (error 4)
L 12/23/2025 - 17:14:30: [SM] Blaming: ÒankrunFixhealth.smx
L 12/23/2025 - 17:14:30: [SM] Call stack trace:
L 12/23/2025 - 17:14:30: [SM]   [0] GetConVarString
L 12/23/2025 - 17:14:30: [SM]   [1] Line 138, C:\Users\Moises\Downloads\Compressed\sourcemod-1.11.0-git6968-windows\addons\sourcemod\scripting\ÒankrunFixhealth.sp::IsTankRunActive
L 12/23/2025 - 17:14:30: [SM]   [2] Line 36, C:\Users\Moises\Downloads\Compressed\sourcemod-1.11.0-git6968-windows\addons\sourcemod\scripting\ÒankrunFixhealth.sp::Timer_PeriodicCheck
L 12/23/2025 - 17:14:31: [SM] Exception reported: Language phrase "Type in chat !join To join the survivors" not found (arg 6)
L 12/23/2025 - 17:14:31: [SM] Blaming: l4dmultislots.smx
L 12/23/2025 - 17:14:31: [SM] Call stack trace:
L 12/23/2025 - 17:14:31: [SM]   [0] VFormat
L 12/23/2025 - 17:14:31: [SM]   [1] Line 71, D:\Github\Private-Work\L4D2-Êèí‰ª∂\scripting_1.11\include\multicolors.inc::CPrintToChat
L 12/23/2025 - 17:14:31: [SM]   [2] Line 938, d:\Github\Private-Work\L4D2-Êèí‰ª∂\scripting_1.11\l4dmultislots.sp::Timer_SpecCheck
L 12/23/2025 - 17:14:40: [SM] Exception reported: Invalid convar handle 0 (error 4)
L 12/23/2025 - 17:14:40: [SM] Blaming: ÒankrunFixhealth.smx
L 12/23/2025 - 17:14:40: [SM] Call stack trace:
L 12/23/2025 - 17:14:40: [SM]   [0] GetConVarString
L 12/23/2025 - 17:14:40: [SM]   [1] Line 138, C:\Users\Moises\Downloads\Compressed\sourcemod-1.11.0-git6968-windows\addons\sourcemod\scripting\ÒankrunFixhealth.sp::IsTankRunActive
L 12/23/2025 - 17:14:40: [SM]   [2] Line 36, C:\Users\Moises\Downloads\Compressed\sourcemod-1.11.0-git6968-windows\addons\sourcemod\scripting\ÒankrunFixhealth.sp::Timer_PeriodicCheck
L 12/23/2025 - 17:14:50: [SM] Exception reported: Invalid convar handle 0 (error 4)
L 12/23/2025 - 17:14:50: [SM] Blaming: ÒankrunFixhealth.smx
L 12/23/2025 - 17:14:50: [SM] Call stack trace:
L 12/23/2025 - 17:14:50: [SM]   [0] GetConVarString
L 12/23/2025 - 17:14:50: [SM]   [1] Line 138, C:\Users\Moises\Downloads\Compressed\sourcemod-1.11.0-git6968-windows\addons\sourcemod\scripting\ÒankrunFixhealth.sp::IsTankRunActive
L 12/23/2025 - 17:14:50: [SM]   [2] Line 36, C:\Users\Moises\Downloads\Compressed\sourcemod-1.11.0-git6968-windows\addons\sourcemod\scripting\ÒankrunFixhealth.sp::Timer_PeriodicCheck
L 12/23/2025 - 17:14:56: [SM] Exception reported: Language phrase "Type in chat !join To join the survivors" not found (arg 6)
L 12/23/2025 - 17:14:56: [SM] Blaming: l4dmultislots.smx
L 12/23/2025 - 17:14:56: [SM] Call stack trace:
L 12/23/2025 - 17:14:56: [SM]   [0] VFormat
L 12/23/2025 - 17:14:56: [SM]   [1] Line 71, D:\Github\Private-Work\L4D2-Êèí‰ª∂\scripting_1.11\include\multicolors.inc::CPrintToChat
L 12/23/2025 - 17:14:56: [SM]   [2] Line 938, d:\Github\Private-Work\L4D2-Êèí‰ª∂\scripting_1.11\l4dmultislots.sp::Timer_SpecCheck
L 12/23/2025 - 17:14:59: [SM] Exception reported: Invalid convar handle 0 (error 4)
L 12/23/2025 - 17:14:59: [SM] Blaming: ÒankrunFixhealth.smx
L 12/23/2025 - 17:14:59: [SM] Call stack trace:
L 12/23/2025 - 17:14:59: [SM]   [0] GetConVarString
L 12/23/2025 - 17:14:59: [SM]   [1] Line 138, C:\Users\Moises\Downloads\Compressed\sourcemod-1.11.0-git6968-windows\addons\sourcemod\scripting\ÒankrunFixhealth.sp::IsTankRunActive
L 12/23/2025 - 17:14:59: [SM]   [2] Line 79, C:\Users\Moises\Downloads\Compressed\sourcemod-1.11.0-git6968-windows\addons\sourcemod\scripting\ÒankrunFixhealth.sp::Event_PlayerDeath
L 12/23/2025 - 17:15:00: [SM] Exception reported: Invalid convar handle 0 (error 4)
L 12/23/2025 - 17:15:00: [SM] Blaming: ÒankrunFixhealth.smx
L 12/23/2025 - 17:15:00: [SM] Call stack trace:
L 12/23/2025 - 17:15:00: [SM]   [0] GetConVarString
L 12/23/2025 - 17:15:00: [SM]   [1] Line 138, C:\Users\Moises\Downloads\Compressed\sourcemod-1.11.0-git6968-windows\addons\sourcemod\scripting\ÒankrunFixhealth.sp::IsTankRunActive
L 12/23/2025 - 17:15:00: [SM]   [2] Line 36, C:\Users\Moises\Downloads\Compressed\sourcemod-1.11.0-git6968-windows\addons\sourcemod\scripting\ÒankrunFixhealth.sp::Timer_PeriodicCheck
L 12/23/2025 - 17:15:08: [SM] Exception reported: Invalid convar handle 0 (error 4)
L 12/23/2025 - 17:15:08: [SM] Blaming: ÒankrunFixhealth.smx
L 12/23/2025 - 17:15:08: [SM] Call stack trace:
L 12/23/2025 - 17:15:08: [SM]   [0] GetConVarString
L 12/23/2025 - 17:15:08: [SM]   [1] Line 138, C:\Users\Moises\Downloads\Compressed\sourcemod-1.11.0-git6968-windows\addons\sourcemod\scripting\ÒankrunFixhealth.sp::IsTankRunActive
L 12/23/2025 - 17:15:08: [SM]   [2] Line 79, C:\Users\Moises\Downloads\Compressed\sourcemod-1.11.0-git6968-windows\addons\sourcemod\scripting\ÒankrunFixhealth.sp::Event_PlayerDeath
L 12/23/2025 - 17:15:10: [SM] Exception reported: Invalid convar handle 0 (error 4)
L 12/23/2025 - 17:15:10: [SM] Blaming: ÒankrunFixhealth.smx
L 12/23/2025 - 17:15:10: [SM] Call stack trace:
L 12/23/2025 - 17:15:10: [SM]   [0] GetConVarString
L 12/23/2025 - 17:15:10: [SM]   [1] Line 138, C:\Users\Moises\Downloads\Compressed\sourcemod-1.11.0-git6968-windows\addons\sourcemod\scripting\ÒankrunFixhealth.sp::IsTankRunActive
L 12/23/2025 - 17:15:10: [SM]   [2] Line 36, C:\Users\Moises\Downloads\Compressed\sourcemod-1.11.0-git6968-windows\addons\sourcemod\scripting\ÒankrunFixhealth.sp::Timer_PeriodicCheck
L 12/23/2025 - 17:15:14: [SM] Exception reported: Invalid convar handle 0 (error 4)
L 12/23/2025 - 17:15:14: [SM] Blaming: ÒankrunFixhealth.smx
L 12/23/2025 - 17:15:14: [SM] Call stack trace:
L 12/23/2025 - 17:15:14: [SM]   [0] GetConVarString
L 12/23/2025 - 17:15:14: [SM]   [1] Line 138, C:\Users\Moises\Downloads\Compressed\sourcemod-1.11.0-git6968-windows\addons\sourcemod\scripting\ÒankrunFixhealth.sp::IsTankRunActive
L 12/23/2025 - 17:15:14: [SM]   [2] Line 79, C:\Users\Moises\Downloads\Compressed\sourcemod-1.11.0-git6968-windows\addons\sourcemod\scripting\ÒankrunFixhealth.sp::Event_PlayerDeath
L 12/23/2025 - 17:15:15: [SM] Exception reported: Invalid convar handle 0 (error 4)
L 12/23/2025 - 17:15:15: [SM] Blaming: ÒankrunFixhealth.smx
L 12/23/2025 - 17:15:15: [SM] Call stack trace:
L 12/23/2025 - 17:15:15: [SM]   [0] GetConVarString
L 12/23/2025 - 17:15:15: [SM]   [1] Line 138, C:\Users\Moises\Downloads\Compressed\sourcemod-1.11.0-git6968-windows\addons\sourcemod\scripting\ÒankrunFixhealth.sp::IsTankRunActive
L 12/23/2025 - 17:15:15: [SM]   [2] Line 79, C:\Users\Moises\Downloads\Compressed\sourcemod-1.11.0-git6968-windows\addons\sourcemod\scripting\ÒankrunFixhealth.sp::Event_PlayerDeath
L 12/23/2025 - 17:15:20: [SM] Exception reported: Invalid convar handle 0 (error 4)
L 12/23/2025 - 17:15:20: [SM] Blaming: ÒankrunFixhealth.smx
L 12/23/2025 - 17:15:20: [SM] Call stack trace:
L 12/23/2025 - 17:15:20: [SM]   [0] GetConVarString
L 12/23/2025 - 17:15:20: [SM]   [1] Line 138, C:\Users\Moises\Downloads\Compressed\sourcemod-1.11.0-git6968-windows\addons\sourcemod\scripting\ÒankrunFixhealth.sp::IsTankRunActive
L 12/23/2025 - 17:15:20: [SM]   [2] Line 36, C:\Users\Moises\Downloads\Compressed\sourcemod-1.11.0-git6968-windows\addons\sourcemod\scripting\ÒankrunFixhealth.sp::Timer_PeriodicCheck
L 12/23/2025 - 17:15:21: [SM] Exception reported: Language phrase "Type in chat !join To join the survivors" not found (arg 6)
L 12/23/2025 - 17:15:21: [SM] Blaming: l4dmultislots.smx
L 12/23/2025 - 17:15:21: [SM] Call stack trace:
L 12/23/2025 - 17:15:21: [SM]   [0] VFormat
L 12/23/2025 - 17:15:21: [SM]   [1] Line 71, D:\Github\Private-Work\L4D2-Êèí‰ª∂\scripting_1.11\include\multicolors.inc::CPrintToChat
L 12/23/2025 - 17:15:21: [SM]   [2] Line 938, d:\Github\Private-Work\L4D2-Êèí‰ª∂\scripting_1.11\l4dmultislots.sp::Timer_SpecCheck
L 12/23/2025 - 17:15:26: [SM] Exception reported: Invalid convar handle 0 (error 4)
L 12/23/2025 - 17:15:26: [SM] Blaming: ÒankrunFixhealth.smx
L 12/23/2025 - 17:15:26: [SM] Call stack trace:
L 12/23/2025 - 17:15:26: [SM]   [0] GetConVarString
L 12/23/2025 - 17:15:26: [SM]   [1] Line 138, C:\Users\Moises\Downloads\Compressed\sourcemod-1.11.0-git6968-windows\addons\sourcemod\scripting\ÒankrunFixhealth.sp::IsTankRunActive
L 12/23/2025 - 17:15:26: [SM]   [2] Line 79, C:\Users\Moises\Downloads\Compressed\sourcemod-1.11.0-git6968-windows\addons\sourcemod\scripting\ÒankrunFixhealth.sp::Event_PlayerDeath
L 12/23/2025 - 17:15:30: [SM] Exception reported: Invalid convar handle 0 (error 4)
L 12/23/2025 - 17:15:30: [SM] Blaming: ÒankrunFixhealth.smx
L 12/23/2025 - 17:15:30: [SM] Call stack trace:
L 12/23/2025 - 17:15:30: [SM]   [0] GetConVarString
L 12/23/2025 - 17:15:30: [SM]   [1] Line 138, C:\Users\Moises\Downloads\Compressed\sourcemod-1.11.0-git6968-windows\addons\sourcemod\scripting\ÒankrunFixhealth.sp::IsTankRunActive
L 12/23/2025 - 17:15:30: [SM]   [2] Line 36, C:\Users\Moises\Downloads\Compressed\sourcemod-1.11.0-git6968-windows\addons\sourcemod\scripting\ÒankrunFixhealth.sp::Timer_PeriodicCheck
L 12/23/2025 - 17:15:33: [SM] Exception reported: Invalid timer handle da500496 (error 1)
L 12/23/2025 - 17:15:33: [SM] Blaming: l4d2_playerjoining_v2.smx
L 12/23/2025 - 17:15:33: [SM] Call stack trace:
L 12/23/2025 - 17:15:33: [SM]   [0] KillTimer
L 12/23/2025 - 17:15:33: [SM]   [1] Line 53, C:\Users\Moises\Downloads\Compressed\sourcemod-1.11.0-git6968-windows\addons\sourcemod\scripting\l4d2_playerjoining_v2.sp::OnClientDisconnect
L 12/23/2025 - 17:15:36: [SM] Exception reported: Invalid convar handle 0 (error 4)
L 12/23/2025 - 17:15:36: [SM] Blaming: ÒankrunFixhealth.smx
L 12/23/2025 - 17:15:36: [SM] Call stack trace:
L 12/23/2025 - 17:15:36: [SM]   [0] GetConVarString
L 12/23/2025 - 17:15:36: [SM]   [1] Line 138, C:\Users\Moises\Downloads\Compressed\sourcemod-1.11.0-git6968-windows\addons\sourcemod\scripting\ÒankrunFixhealth.sp::IsTankRunActive
L 12/23/2025 - 17:15:36: [SM]   [2] Line 79, C:\Users\Moises\Downloads\Compressed\sourcemod-1.11.0-git6968-windows\addons\sourcemod\scripting\ÒankrunFixhealth.sp::Event_PlayerDeath
L 12/23/2025 - 17:15:37: [SM] Exception reported: Invalid convar handle 0 (error 4)
L 12/23/2025 - 17:15:37: [SM] Blaming: ÒankrunFixhealth.smx
L 12/23/2025 - 17:15:37: [SM] Call stack trace:
L 12/23/2025 - 17:15:37: [SM]   [0] GetConVarString
L 12/23/2025 - 17:15:37: [SM]   [1] Line 138, C:\Users\Moises\Downloads\Compressed\sourcemod-1.11.0-git6968-windows\addons\sourcemod\scripting\ÒankrunFixhealth.sp::IsTankRunActive
L 12/23/2025 - 17:15:37: [SM]   [2] Line 91, C:\Users\Moises\Downloads\Compressed\sourcemod-1.11.0-git6968-windows\addons\sourcemod\scripting\ÒankrunFixhealth.sp::Event_MissionLost
L 12/23/2025 - 17:15:40: [SM] Exception reported: Invalid convar handle 0 (error 4)
L 12/23/2025 - 17:15:40: [SM] Blaming: ÒankrunFixhealth.smx
L 12/23/2025 - 17:15:40: [SM] Call stack trace:
L 12/23/2025 - 17:15:40: [SM]   [0] GetConVarString
L 12/23/2025 - 17:15:40: [SM]   [1] Line 138, C:\Users\Moises\Downloads\Compressed\sourcemod-1.11.0-git6968-windows\addons\sourcemod\scripting\ÒankrunFixhealth.sp::IsTankRunActive
L 12/23/2025 - 17:15:40: [SM]   [2] Line 36, C:\Users\Moises\Downloads\Compressed\sourcemod-1.11.0-git6968-windows\addons\sourcemod\scripting\ÒankrunFixhealth.sp::Timer_PeriodicCheck
L 12/23/2025 - 17:15:44: [SM] Exception reported: Invalid convar handle 0 (error 4)
L 12/23/2025 - 17:15:44: [SM] Blaming: ÒankrunFixhealth.smx
L 12/23/2025 - 17:15:44: [SM] Call stack trace:
L 12/23/2025 - 17:15:44: [SM]   [0] GetConVarString
L 12/23/2025 - 17:15:44: [SM]   [1] Line 138, C:\Users\Moises\Downloads\Compressed\sourcemod-1.11.0-git6968-windows\addons\sourcemod\scripting\ÒankrunFixhealth.sp::IsTankRunActive
L 12/23/2025 - 17:15:44: [SM]   [2] Line 54, C:\Users\Moises\Downloads\Compressed\sourcemod-1.11.0-git6968-windows\addons\sourcemod\scripting\ÒankrunFixhealth.sp::Event_RoundStart
L 12/23/2025 - 17:15:44: [SM] Exception reported: Invalid timer handle 72a00479 (error 1)
L 12/23/2025 - 17:15:44: [SM] Blaming: l4d2_playerjoining_v2.smx
L 12/23/2025 - 17:15:44: [SM] Call stack trace:
L 12/23/2025 - 17:15:44: [SM]   [0] KillTimer
L 12/23/2025 - 17:15:44: [SM]   [1] Line 53, C:\Users\Moises\Downloads\Compressed\sourcemod-1.11.0-git6968-windows\addons\sourcemod\scripting\l4d2_playerjoining_v2.sp::OnClientDisconnect
L 12/23/2025 - 17:15:44: [SM] Exception reported: Invalid timer handle 8f100479 (error 1)
L 12/23/2025 - 17:15:44: [SM] Blaming: l4d2_playerjoining_v2.smx
L 12/23/2025 - 17:15:44: [SM] Call stack trace:
L 12/23/2025 - 17:15:44: [SM]   [0] KillTimer
L 12/23/2025 - 17:15:44: [SM]   [1] Line 53, C:\Users\Moises\Downloads\Compressed\sourcemod-1.11.0-git6968-windows\addons\sourcemod\scripting\l4d2_playerjoining_v2.sp::OnClientDisconnect
L 12/23/2025 - 17:15:44: [SM] Exception reported: Invalid timer handle 8f1004a4 (error 1)
L 12/23/2025 - 17:15:44: [SM] Blaming: l4d2_playerjoining_v2.smx
L 12/23/2025 - 17:15:44: [SM] Call stack trace:
L 12/23/2025 - 17:15:44: [SM]   [0] KillTimer
L 12/23/2025 - 17:15:44: [SM]   [1] Line 53, C:\Users\Moises\Downloads\Compressed\sourcemod-1.11.0-git6968-windows\addons\sourcemod\scripting\l4d2_playerjoining_v2.sp::OnClientDisconnect
L 12/23/2025 - 17:15:44: [SM] Exception reported: Invalid timer handle a7700479 (error 1)
L 12/23/2025 - 17:15:44: [SM] Blaming: l4d2_playerjoining_v2.smx
L 12/23/2025 - 17:15:44: [SM] Call stack trace:
L 12/23/2025 - 17:15:44: [SM]   [0] KillTimer
L 12/23/2025 - 17:15:44: [SM]   [1] Line 53, C:\Users\Moises\Downloads\Compressed\sourcemod-1.11.0-git6968-windows\addons\sourcemod\scripting\l4d2_playerjoining_v2.sp::OnClientDisconnect
L 12/23/2025 - 17:15:44: [SM] Exception reported: Invalid timer handle c800044b (error 1)
L 12/23/2025 - 17:15:44: [SM] Blaming: l4d2_playerjoining_v2.smx
L 12/23/2025 - 17:15:44: [SM] Call stack trace:
L 12/23/2025 - 17:15:44: [SM]   [0] KillTimer
L 12/23/2025 - 17:15:44: [SM]   [1] Line 53, C:\Users\Moises\Downloads\Compressed\sourcemod-1.11.0-git6968-windows\addons\sourcemod\scripting\l4d2_playerjoining_v2.sp::OnClientDisconnect
L 12/23/2025 - 17:15:50: [SM] Exception reported: Invalid convar handle 0 (error 4)
L 12/23/2025 - 17:15:50: [SM] Blaming: ÒankrunFixhealth.smx
L 12/23/2025 - 17:15:50: [SM] Call stack trace:
L 12/23/2025 - 17:15:50: [SM]   [0] GetConVarString
L 12/23/2025 - 17:15:50: [SM]   [1] Line 138, C:\Users\Moises\Downloads\Compressed\sourcemod-1.11.0-git6968-windows\addons\sourcemod\scripting\ÒankrunFixhealth.sp::IsTankRunActive
L 12/23/2025 - 17:15:50: [SM]   [2] Line 36, C:\Users\Moises\Downloads\Compressed\sourcemod-1.11.0-git6968-windows\addons\sourcemod\scripting\ÒankrunFixhealth.sp::Timer_PeriodicCheck
L 12/23/2025 - 17:16:00: [SM] Exception reported: Invalid convar handle 0 (error 4)
L 12/23/2025 - 17:16:00: [SM] Blaming: ÒankrunFixhealth.smx
L 12/23/2025 - 17:16:00: [SM] Call stack trace:
L 12/23/2025 - 17:16:00: [SM]   [0] GetConVarString
L 12/23/2025 - 17:16:00: [SM]   [1] Line 138, C:\Users\Moises\Downloads\Compressed\sourcemod-1.11.0-git6968-windows\addons\sourcemod\scripting\ÒankrunFixhealth.sp::IsTankRunActive
L 12/23/2025 - 17:16:00: [SM]   [2] Line 36, C:\Users\Moises\Downloads\Compressed\sourcemod-1.11.0-git6968-windows\addons\sourcemod\scripting\ÒankrunFixhealth.sp::Timer_PeriodicCheck
L 12/23/2025 - 17:16:10: [SM] Exception reported: Invalid convar handle 0 (error 4)
L 12/23/2025 - 17:16:10: [SM] Blaming: ÒankrunFixhealth.smx
L 12/23/2025 - 17:16:10: [SM] Call stack trace:
L 12/23/2025 - 17:16:10: [SM]   [0] GetConVarString
L 12/23/2025 - 17:16:10: [SM]   [1] Line 138, C:\Users\Moises\Downloads\Compressed\sourcemod-1.11.0-git6968-windows\addons\sourcemod\scripting\ÒankrunFixhealth.sp::IsTankRunActive
L 12/23/2025 - 17:16:10: [SM]   [2] Line 36, C:\Users\Moises\Downloads\Compressed\sourcemod-1.11.0-git6968-windows\addons\sourcemod\scripting\ÒankrunFixhealth.sp::Timer_PeriodicCheck
L 12/23/2025 - 17:16:20: [SM] Exception reported: Invalid convar handle 0 (error 4)
L 12/23/2025 - 17:16:20: [SM] Blaming: ÒankrunFixhealth.smx
L 12/23/2025 - 17:16:20: [SM] Call stack trace:
L 12/23/2025 - 17:16:20: [SM]   [0] GetConVarString
L 12/23/2025 - 17:16:20: [SM]   [1] Line 138, C:\Users\Moises\Downloads\Compressed\sourcemod-1.11.0-git6968-windows\addons\sourcemod\scripting\ÒankrunFixhealth.sp::IsTankRunActive
L 12/23/2025 - 17:16:20: [SM]   [2] Line 36, C:\Users\Moises\Downloads\Compressed\sourcemod-1.11.0-git6968-windows\addons\sourcemod\scripting\ÒankrunFixhealth.sp::Timer_PeriodicCheck
L 12/23/2025 - 17:16:30: [SM] Exception reported: Invalid convar handle 0 (error 4)
L 12/23/2025 - 17:16:30: [SM] Blaming: ÒankrunFixhealth.smx
L 12/23/2025 - 17:16:30: [SM] Call stack trace:
L 12/23/2025 - 17:16:30: [SM]   [0] GetConVarString
L 12/23/2025 - 17:16:30: [SM]   [1] Line 138, C:\Users\Moises\Downloads\Compressed\sourcemod-1.11.0-git6968-windows\addons\sourcemod\scripting\ÒankrunFixhealth.sp::IsTankRunActive
L 12/23/2025 - 17:16:30: [SM]   [2] Line 36, C:\Users\Moises\Downloads\Compressed\sourcemod-1.11.0-git6968-windows\addons\sourcemod\scripting\ÒankrunFixhealth.sp::Timer_PeriodicCheck
L 12/23/2025 - 17:16:40: [SM] Exception reported: Invalid convar handle 0 (error 4)
L 12/23/2025 - 17:16:40: [SM] Blaming: ÒankrunFixhealth.smx
L 12/23/2025 - 17:16:40: [SM] Call stack trace:
L 12/23/2025 - 17:16:40: [SM]   [0] GetConVarString
L 12/23/2025 - 17:16:40: [SM]   [1] Line 138, C:\Users\Moises\Downloads\Compressed\sourcemod-1.11.0-git6968-windows\addons\sourcemod\scripting\ÒankrunFixhealth.sp::IsTankRunActive
L 12/23/2025 - 17:16:40: [SM]   [2] Line 36, C:\Users\Moises\Downloads\Compressed\sourcemod-1.11.0-git6968-windows\addons\sourcemod\scripting\ÒankrunFixhealth.sp::Timer_PeriodicCheck
L 12/23/2025 - 17:16:50: [SM] Exception reported: Invalid convar handle 0 (error 4)
L 12/23/2025 - 17:16:50: [SM] Blaming: ÒankrunFixhealth.smx
L 12/23/2025 - 17:16:50: [SM] Call stack trace:
L 12/23/2025 - 17:16:50: [SM]   [0] GetConVarString
L 12/23/2025 - 17:16:50: [SM]   [1] Line 138, C:\Users\Moises\Downloads\Compressed\sourcemod-1.11.0-git6968-windows\addons\sourcemod\scripting\ÒankrunFixhealth.sp::IsTankRunActive
L 12/23/2025 - 17:16:50: [SM]   [2] Line 36, C:\Users\Moises\Downloads\Compressed\sourcemod-1.11.0-git6968-windows\addons\sourcemod\scripting\ÒankrunFixhealth.sp::Timer_PeriodicCheck
L 12/23/2025 - 17:17:00: [SM] Exception reported: Invalid convar handle 0 (error 4)
L 12/23/2025 - 17:17:00: [SM] Blaming: ÒankrunFixhealth.smx
L 12/23/2025 - 17:17:00: [SM] Call stack trace:
L 12/23/2025 - 17:17:00: [SM]   [0] GetConVarString
L 12/23/2025 - 17:17:00: [SM]   [1] Line 138, C:\Users\Moises\Downloads\Compressed\sourcemod-1.11.0-git6968-windows\addons\sourcemod\scripting\ÒankrunFixhealth.sp::IsTankRunActive
L 12/23/2025 - 17:17:00: [SM]   [2] Line 36, C:\Users\Moises\Downloads\Compressed\sourcemod-1.11.0-git6968-windows\addons\sourcemod\scripting\ÒankrunFixhealth.sp::Timer_PeriodicCheck
L 12/23/2025 - 17:17:04: [SM] Exception reported: Invalid convar handle 0 (error 4)
L 12/23/2025 - 17:17:04: [SM] Blaming: ÒankrunFixhealth.smx
L 12/23/2025 - 17:17:04: [SM] Call stack trace:
L 12/23/2025 - 17:17:04: [SM]   [0] GetConVarString
L 12/23/2025 - 17:17:04: [SM]   [1] Line 138, C:\Users\Moises\Downloads\Compressed\sourcemod-1.11.0-git6968-windows\addons\sourcemod\scripting\ÒankrunFixhealth.sp::IsTankRunActive
L 12/23/2025 - 17:17:04: [SM]   [2] Line 79, C:\Users\Moises\Downloads\Compressed\sourcemod-1.11.0-git6968-windows\addons\sourcemod\scripting\ÒankrunFixhealth.sp::Event_PlayerDeath
L 12/23/2025 - 17:17:06: [SM] Exception reported: Invalid convar handle 0 (error 4)
L 12/23/2025 - 17:17:06: [SM] Blaming: ÒankrunFixhealth.smx
L 12/23/2025 - 17:17:06: [SM] Call stack trace:
L 12/23/2025 - 17:17:06: [SM]   [0] GetConVarString
L 12/23/2025 - 17:17:06: [SM]   [1] Line 138, C:\Users\Moises\Downloads\Compressed\sourcemod-1.11.0-git6968-windows\addons\sourcemod\scripting\ÒankrunFixhealth.sp::IsTankRunActive
L 12/23/2025 - 17:17:06: [SM]   [2] Line 79, C:\Users\Moises\Downloads\Compressed\sourcemod-1.11.0-git6968-windows\addons\sourcemod\scripting\ÒankrunFixhealth.sp::Event_PlayerDeath
L 12/23/2025 - 17:17:10: [SM] Exception reported: Invalid convar handle 0 (error 4)
L 12/23/2025 - 17:17:10: [SM] Blaming: ÒankrunFixhealth.smx
L 12/23/2025 - 17:17:10: [SM] Call stack trace:
L 12/23/2025 - 17:17:10: [SM]   [0] GetConVarString
L 12/23/2025 - 17:17:10: [SM]   [1] Line 138, C:\Users\Moises\Downloads\Compressed\sourcemod-1.11.0-git6968-windows\addons\sourcemod\scripting\ÒankrunFixhealth.sp::IsTankRunActive
L 12/23/2025 - 17:17:10: [SM]   [2] Line 36, C:\Users\Moises\Downloads\Compressed\sourcemod-1.11.0-git6968-windows\addons\sourcemod\scripting\ÒankrunFixhealth.sp::Timer_PeriodicCheck
L 12/23/2025 - 17:17:11: [SM] Exception reported: Invalid timer handle 72a00479 (error 3)
L 12/23/2025 - 17:17:11: [SM] Blaming: l4d2_playerjoining_v2.smx
L 12/23/2025 - 17:17:11: [SM] Call stack trace:
L 12/23/2025 - 17:17:11: [SM]   [0] KillTimer
L 12/23/2025 - 17:17:11: [SM]   [1] Line 53, C:\Users\Moises\Downloads\Compressed\sourcemod-1.11.0-git6968-windows\addons\sourcemod\scripting\l4d2_playerjoining_v2.sp::OnClientDisconnect
L 12/23/2025 - 17:17:18: [SM] Exception reported: Invalid convar handle 0 (error 4)
L 12/23/2025 - 17:17:18: [SM] Blaming: ÒankrunFixhealth.smx
L 12/23/2025 - 17:17:18: [SM] Call stack trace:
L 12/23/2025 - 17:17:18: [SM]   [0] GetConVarString
L 12/23/2025 - 17:17:19: [SM]   [1] Line 138, C:\Users\Moises\Downloads\Compressed\sourcemod-1.11.0-git6968-windows\addons\sourcemod\scripting\ÒankrunFixhealth.sp::IsTankRunActive
L 12/23/2025 - 17:17:19: [SM]   [2] Line 79, C:\Users\Moises\Downloads\Compressed\sourcemod-1.11.0-git6968-windows\addons\sourcemod\scripting\ÒankrunFixhealth.sp::Event_PlayerDeath
L 12/23/2025 - 17:17:20: [SM] Exception reported: Invalid convar handle 0 (error 4)
L 12/23/2025 - 17:17:20: [SM] Blaming: ÒankrunFixhealth.smx
L 12/23/2025 - 17:17:20: [SM] Call stack trace:
L 12/23/2025 - 17:17:20: [SM]   [0] GetConVarString
L 12/23/2025 - 17:17:20: [SM]   [1] Line 138, C:\Users\Moises\Downloads\Compressed\sourcemod-1.11.0-git6968-windows\addons\sourcemod\scripting\ÒankrunFixhealth.sp::IsTankRunActive
L 12/23/2025 - 17:17:20: [SM]   [2] Line 36, C:\Users\Moises\Downloads\Compressed\sourcemod-1.11.0-git6968-windows\addons\sourcemod\scripting\ÒankrunFixhealth.sp::Timer_PeriodicCheck
L 12/23/2025 - 17:17:24: [SM] Exception reported: Language phrase "Please wait to be revived or rescued" not found (arg 6)
L 12/23/2025 - 17:17:24: [SM] Blaming: l4dmultislots.smx
L 12/23/2025 - 17:17:24: [SM] Call stack trace:
L 12/23/2025 - 17:17:24: [SM]   [0] PrintToChat
L 12/23/2025 - 17:17:24: [SM]   [1] Line 953, d:\Github\Private-Work\L4D2-Êèí‰ª∂\scripting_1.11\l4dmultislots.sp::Timer_SpecCheck
L 12/23/2025 - 17:17:30: [SM] Exception reported: Invalid convar handle 0 (error 4)
L 12/23/2025 - 17:17:30: [SM] Blaming: ÒankrunFixhealth.smx
L 12/23/2025 - 17:17:30: [SM] Call stack trace:
L 12/23/2025 - 17:17:30: [SM]   [0] GetConVarString
L 12/23/2025 - 17:17:30: [SM]   [1] Line 138, C:\Users\Moises\Downloads\Compressed\sourcemod-1.11.0-git6968-windows\addons\sourcemod\scripting\ÒankrunFixhealth.sp::IsTankRunActive
L 12/23/2025 - 17:17:30: [SM]   [2] Line 79, C:\Users\Moises\Downloads\Compressed\sourcemod-1.11.0-git6968-windows\addons\sourcemod\scripting\ÒankrunFixhealth.sp::Event_PlayerDeath
L 12/23/2025 - 17:17:30: [SM] Exception reported: Invalid convar handle 0 (error 4)
L 12/23/2025 - 17:17:30: [SM] Blaming: ÒankrunFixhealth.smx
L 12/23/2025 - 17:17:30: [SM] Call stack trace:
L 12/23/2025 - 17:17:30: [SM]   [0] GetConVarString
L 12/23/2025 - 17:17:30: [SM]   [1] Line 138, C:\Users\Moises\Downloads\Compressed\sourcemod-1.11.0-git6968-windows\addons\sourcemod\scripting\ÒankrunFixhealth.sp::IsTankRunActive
L 12/23/2025 - 17:17:30: [SM]   [2] Line 36, C:\Users\Moises\Downloads\Compressed\sourcemod-1.11.0-git6968-windows\addons\sourcemod\scripting\ÒankrunFixhealth.sp::Timer_PeriodicCheck
L 12/23/2025 - 17:17:40: [SM] Exception reported: Invalid convar handle 0 (error 4)
L 12/23/2025 - 17:17:40: [SM] Blaming: ÒankrunFixhealth.smx
L 12/23/2025 - 17:17:40: [SM] Call stack trace:
L 12/23/2025 - 17:17:40: [SM]   [0] GetConVarString
L 12/23/2025 - 17:17:40: [SM]   [1] Line 138, C:\Users\Moises\Downloads\Compressed\sourcemod-1.11.0-git6968-windows\addons\sourcemod\scripting\ÒankrunFixhealth.sp::IsTankRunActive
L 12/23/2025 - 17:17:40: [SM]   [2] Line 36, C:\Users\Moises\Downloads\Compressed\sourcemod-1.11.0-git6968-windows\addons\sourcemod\scripting\ÒankrunFixhealth.sp::Timer_PeriodicCheck
L 12/23/2025 - 17:17:49: [SM] Exception reported: Language phrase "Please wait to be revived or rescued" not found (arg 6)
L 12/23/2025 - 17:17:49: [SM] Blaming: l4dmultislots.smx
L 12/23/2025 - 17:17:49: [SM] Call stack trace:
L 12/23/2025 - 17:17:49: [SM]   [0] PrintToChat
L 12/23/2025 - 17:17:49: [SM]   [1] Line 953, d:\Github\Private-Work\L4D2-Êèí‰ª∂\scripting_1.11\l4dmultislots.sp::Timer_SpecCheck
L 12/23/2025 - 17:17:50: [SM] Exception reported: Invalid convar handle 0 (error 4)
L 12/23/2025 - 17:17:50: [SM] Blaming: ÒankrunFixhealth.smx
L 12/23/2025 - 17:17:50: [SM] Call stack trace:
L 12/23/2025 - 17:17:50: [SM]   [0] GetConVarString
L 12/23/2025 - 17:17:50: [SM]   [1] Line 138, C:\Users\Moises\Downloads\Compressed\sourcemod-1.11.0-git6968-windows\addons\sourcemod\scripting\ÒankrunFixhealth.sp::IsTankRunActive
L 12/23/2025 - 17:17:50: [SM]   [2] Line 36, C:\Users\Moises\Downloads\Compressed\sourcemod-1.11.0-git6968-windows\addons\sourcemod\scripting\ÒankrunFixhealth.sp::Timer_PeriodicCheck
L 12/23/2025 - 17:18:00: [SM] Exception reported: Invalid convar handle 0 (error 4)
L 12/23/2025 - 17:18:00: [SM] Blaming: ÒankrunFixhealth.smx
L 12/23/2025 - 17:18:00: [SM] Call stack trace:
L 12/23/2025 - 17:18:00: [SM]   [0] GetConVarString
L 12/23/2025 - 17:18:00: [SM]   [1] Line 138, C:\Users\Moises\Downloads\Compressed\sourcemod-1.11.0-git6968-windows\addons\sourcemod\scripting\ÒankrunFixhealth.sp::IsTankRunActive
L 12/23/2025 - 17:18:00: [SM]   [2] Line 36, C:\Users\Moises\Downloads\Compressed\sourcemod-1.11.0-git6968-windows\addons\sourcemod\scripting\ÒankrunFixhealth.sp::Timer_PeriodicCheck
L 12/23/2025 - 17:18:08: [SM] Exception reported: Invalid convar handle 0 (error 4)
L 12/23/2025 - 17:18:08: [SM] Blaming: ÒankrunFixhealth.smx
L 12/23/2025 - 17:18:08: [SM] Call stack trace:
L 12/23/2025 - 17:18:08: [SM]   [0] GetConVarString
L 12/23/2025 - 17:18:08: [SM]   [1] Line 138, C:\Users\Moises\Downloads\Compressed\sourcemod-1.11.0-git6968-windows\addons\sourcemod\scripting\ÒankrunFixhealth.sp::IsTankRunActive
L 12/23/2025 - 17:18:08: [SM]   [2] Line 79, C:\Users\Moises\Downloads\Compressed\sourcemod-1.11.0-git6968-windows\addons\sourcemod\scripting\ÒankrunFixhealth.sp::Event_PlayerDeath
L 12/23/2025 - 17:18:10: [SM] Exception reported: Invalid convar handle 0 (error 4)
L 12/23/2025 - 17:18:10: [SM] Blaming: ÒankrunFixhealth.smx
L 12/23/2025 - 17:18:10: [SM] Call stack trace:
L 12/23/2025 - 17:18:10: [SM]   [0] GetConVarString
L 12/23/2025 - 17:18:10: [SM]   [1] Line 138, C:\Users\Moises\Downloads\Compressed\sourcemod-1.11.0-git6968-windows\addons\sourcemod\scripting\ÒankrunFixhealth.sp::IsTankRunActive
L 12/23/2025 - 17:18:10: [SM]   [2] Line 36, C:\Users\Moises\Downloads\Compressed\sourcemod-1.11.0-git6968-windows\addons\sourcemod\scripting\ÒankrunFixhealth.sp::Timer_PeriodicCheck
L 12/23/2025 - 17:18:11: [SM] Exception reported: Invalid convar handle 0 (error 4)
L 12/23/2025 - 17:18:11: [SM] Blaming: ÒankrunFixhealth.smx
L 12/23/2025 - 17:18:11: [SM] Call stack trace:
L 12/23/2025 - 17:18:11: [SM]   [0] GetConVarString
L 12/23/2025 - 17:18:11: [SM]   [1] Line 138, C:\Users\Moises\Downloads\Compressed\sourcemod-1.11.0-git6968-windows\addons\sourcemod\scripting\ÒankrunFixhealth.sp::IsTankRunActive
L 12/23/2025 - 17:18:11: [SM]   [2] Line 79, C:\Users\Moises\Downloads\Compressed\sourcemod-1.11.0-git6968-windows\addons\sourcemod\scripting\ÒankrunFixhealth.sp::Event_PlayerDeath
L 12/23/2025 - 17:18:14: [SM] Exception reported: Language phrase "Please wait to be revived or rescued" not found (arg 6)
L 12/23/2025 - 17:18:14: [SM] Blaming: l4dmultislots.smx
L 12/23/2025 - 17:18:14: [SM] Call stack trace:
L 12/23/2025 - 17:18:14: [SM]   [0] PrintToChat
L 12/23/2025 - 17:18:14: [SM]   [1] Line 953, d:\Github\Private-Work\L4D2-Êèí‰ª∂\scripting_1.11\l4dmultislots.sp::Timer_SpecCheck
L 12/23/2025 - 17:18:15: [SM] Exception reported: Invalid timer handle ab6004d2 (error 1)
L 12/23/2025 - 17:18:15: [SM] Blaming: l4d2_playerjoining_v2.smx
L 12/23/2025 - 17:18:15: [SM] Call stack trace:
L 12/23/2025 - 17:18:15: [SM]   [0] KillTimer
L 12/23/2025 - 17:18:15: [SM]   [1] Line 53, C:\Users\Moises\Downloads\Compressed\sourcemod-1.11.0-git6968-windows\addons\sourcemod\scripting\l4d2_playerjoining_v2.sp::OnClientDisconnect
L 12/23/2025 - 17:18:18: [SM] Exception reported: Invalid timer handle 8f1004a4 (error 3)
L 12/23/2025 - 17:18:18: [SM] Blaming: l4d2_playerjoining_v2.smx
L 12/23/2025 - 17:18:18: [SM] Call stack trace:
L 12/23/2025 - 17:18:18: [SM]   [0] KillTimer
L 12/23/2025 - 17:18:18: [SM]   [1] Line 53, C:\Users\Moises\Downloads\Compressed\sourcemod-1.11.0-git6968-windows\addons\sourcemod\scripting\l4d2_playerjoining_v2.sp::OnClientDisconnect
L 12/23/2025 - 17:18:19: [SM] Exception reported: Invalid convar handle 0 (error 4)
L 12/23/2025 - 17:18:19: [SM] Blaming: ÒankrunFixhealth.smx
L 12/23/2025 - 17:18:19: [SM] Call stack trace:
L 12/23/2025 - 17:18:19: [SM]   [0] GetConVarString
L 12/23/2025 - 17:18:19: [SM]   [1] Line 138, C:\Users\Moises\Downloads\Compressed\sourcemod-1.11.0-git6968-windows\addons\sourcemod\scripting\ÒankrunFixhealth.sp::IsTankRunActive
L 12/23/2025 - 17:18:19: [SM]   [2] Line 79, C:\Users\Moises\Downloads\Compressed\sourcemod-1.11.0-git6968-windows\addons\sourcemod\scripting\ÒankrunFixhealth.sp::Event_PlayerDeath
L 12/23/2025 - 17:18:20: [SM] Exception reported: Invalid convar handle 0 (error 4)
L 12/23/2025 - 17:18:20: [SM] Blaming: ÒankrunFixhealth.smx
L 12/23/2025 - 17:18:20: [SM] Call stack trace:
L 12/23/2025 - 17:18:20: [SM]   [0] GetConVarString
L 12/23/2025 - 17:18:20: [SM]   [1] Line 138, C:\Users\Moises\Downloads\Compressed\sourcemod-1.11.0-git6968-windows\addons\sourcemod\scripting\ÒankrunFixhealth.sp::IsTankRunActive
L 12/23/2025 - 17:18:20: [SM]   [2] Line 36, C:\Users\Moises\Downloads\Compressed\sourcemod-1.11.0-git6968-windows\addons\sourcemod\scripting\ÒankrunFixhealth.sp::Timer_PeriodicCheck
L 12/23/2025 - 17:18:26: [SM] Exception reported: Invalid timer handle a7700479 (error 3)
L 12/23/2025 - 17:18:26: [SM] Blaming: l4d2_playerjoining_v2.smx
L 12/23/2025 - 17:18:26: [SM] Call stack trace:
L 12/23/2025 - 17:18:26: [SM]   [0] KillTimer
L 12/23/2025 - 17:18:26: [SM]   [1] Line 53, C:\Users\Moises\Downloads\Compressed\sourcemod-1.11.0-git6968-windows\addons\sourcemod\scripting\l4d2_playerjoining_v2.sp::OnClientDisconnect
L 12/23/2025 - 17:18:30: [SM] Exception reported: Invalid convar handle 0 (error 4)
L 12/23/2025 - 17:18:30: [SM] Blaming: ÒankrunFixhealth.smx
L 12/23/2025 - 17:18:30: [SM] Call stack trace:
L 12/23/2025 - 17:18:30: [SM]   [0] GetConVarString
L 12/23/2025 - 17:18:30: [SM]   [1] Line 138, C:\Users\Moises\Downloads\Compressed\sourcemod-1.11.0-git6968-windows\addons\sourcemod\scripting\ÒankrunFixhealth.sp::IsTankRunActive
L 12/23/2025 - 17:18:30: [SM]   [2] Line 36, C:\Users\Moises\Downloads\Compressed\sourcemod-1.11.0-git6968-windows\addons\sourcemod\scripting\ÒankrunFixhealth.sp::Timer_PeriodicCheck
L 12/23/2025 - 17:18:31: [SM] Exception reported: Invalid convar handle 0 (error 4)
L 12/23/2025 - 17:18:31: [SM] Blaming: ÒankrunFixhealth.smx
L 12/23/2025 - 17:18:31: [SM] Call stack trace:
L 12/23/2025 - 17:18:31: [SM]   [0] GetConVarString
L 12/23/2025 - 17:18:31: [SM]   [1] Line 138, C:\Users\Moises\Downloads\Compressed\sourcemod-1.11.0-git6968-windows\addons\sourcemod\scripting\ÒankrunFixhealth.sp::IsTankRunActive
L 12/23/2025 - 17:18:31: [SM]   [2] Line 79, C:\Users\Moises\Downloads\Compressed\sourcemod-1.11.0-git6968-windows\addons\sourcemod\scripting\ÒankrunFixhealth.sp::Event_PlayerDeath
L 12/23/2025 - 17:18:32: [SM] Exception reported: Invalid convar handle 0 (error 4)
L 12/23/2025 - 17:18:32: [SM] Blaming: ÒankrunFixhealth.smx
L 12/23/2025 - 17:18:32: [SM] Call stack trace:
L 12/23/2025 - 17:18:32: [SM]   [0] GetConVarString
L 12/23/2025 - 17:18:32: [SM]   [1] Line 138, C:\Users\Moises\Downloads\Compressed\sourcemod-1.11.0-git6968-windows\addons\sourcemod\scripting\ÒankrunFixhealth.sp::IsTankRunActive
L 12/23/2025 - 17:18:32: [SM]   [2] Line 79, C:\Users\Moises\Downloads\Compressed\sourcemod-1.11.0-git6968-windows\addons\sourcemod\scripting\ÒankrunFixhealth.sp::Event_PlayerDeath
L 12/23/2025 - 17:18:38: [SM] Exception reported: Invalid timer handle 8f100479 (error 3)
L 12/23/2025 - 17:18:38: [SM] Blaming: l4d2_playerjoining_v2.smx
L 12/23/2025 - 17:18:38: [SM] Call stack trace:
L 12/23/2025 - 17:18:38: [SM]   [0] KillTimer
L 12/23/2025 - 17:18:38: [SM]   [1] Line 53, C:\Users\Moises\Downloads\Compressed\sourcemod-1.11.0-git6968-windows\addons\sourcemod\scripting\l4d2_playerjoining_v2.sp::OnClientDisconnect
L 12/23/2025 - 17:18:39: [SM] Exception reported: Invalid timer handle 72a00479 (error 3)
L 12/23/2025 - 17:18:39: [SM] Blaming: l4d2_playerjoining_v2.smx
L 12/23/2025 - 17:18:39: [SM] Call stack trace:
L 12/23/2025 - 17:18:39: [SM]   [0] KillTimer
L 12/23/2025 - 17:18:39: [SM]   [1] Line 53, C:\Users\Moises\Downloads\Compressed\sourcemod-1.11.0-git6968-windows\addons\sourcemod\scripting\l4d2_playerjoining_v2.sp::OnClientDisconnect
L 12/23/2025 - 17:18:39: [SM] Exception reported: Language phrase "Please wait to be revived or rescued" not found (arg 6)
L 12/23/2025 - 17:18:39: [SM] Blaming: l4dmultislots.smx
L 12/23/2025 - 17:18:39: [SM] Call stack trace:
L 12/23/2025 - 17:18:39: [SM]   [0] PrintToChat
L 12/23/2025 - 17:18:39: [SM]   [1] Line 953, d:\Github\Private-Work\L4D2-Êèí‰ª∂\scripting_1.11\l4dmultislots.sp::Timer_SpecCheck
L 12/23/2025 - 17:18:40: [SM] Exception reported: Invalid convar handle 0 (error 4)
L 12/23/2025 - 17:18:40: [SM] Blaming: ÒankrunFixhealth.smx
L 12/23/2025 - 17:18:40: [SM] Call stack trace:
L 12/23/2025 - 17:18:40: [SM]   [0] GetConVarString
L 12/23/2025 - 17:18:40: [SM]   [1] Line 138, C:\Users\Moises\Downloads\Compressed\sourcemod-1.11.0-git6968-windows\addons\sourcemod\scripting\ÒankrunFixhealth.sp::IsTankRunActive
L 12/23/2025 - 17:18:40: [SM]   [2] Line 36, C:\Users\Moises\Downloads\Compressed\sourcemod-1.11.0-git6968-windows\addons\sourcemod\scripting\ÒankrunFixhealth.sp::Timer_PeriodicCheck
L 12/23/2025 - 17:18:50: [SM] Exception reported: Invalid convar handle 0 (error 4)
L 12/23/2025 - 17:18:50: [SM] Blaming: ÒankrunFixhealth.smx
L 12/23/2025 - 17:18:50: [SM] Call stack trace:
L 12/23/2025 - 17:18:50: [SM]   [0] GetConVarString
L 12/23/2025 - 17:18:50: [SM]   [1] Line 138, C:\Users\Moises\Downloads\Compressed\sourcemod-1.11.0-git6968-windows\addons\sourcemod\scripting\ÒankrunFixhealth.sp::IsTankRunActive
L 12/23/2025 - 17:18:50: [SM]   [2] Line 36, C:\Users\Moises\Downloads\Compressed\sourcemod-1.11.0-git6968-windows\addons\sourcemod\scripting\ÒankrunFixhealth.sp::Timer_PeriodicCheck
L 12/23/2025 - 17:19:00: [SM] Exception reported: Invalid convar handle 0 (error 4)
L 12/23/2025 - 17:19:00: [SM] Blaming: ÒankrunFixhealth.smx
L 12/23/2025 - 17:19:00: [SM] Call stack trace:
L 12/23/2025 - 17:19:00: [SM]   [0] GetConVarString
L 12/23/2025 - 17:19:00: [SM]   [1] Line 138, C:\Users\Moises\Downloads\Compressed\sourcemod-1.11.0-git6968-windows\addons\sourcemod\scripting\ÒankrunFixhealth.sp::IsTankRunActive
L 12/23/2025 - 17:19:00: [SM]   [2] Line 36, C:\Users\Moises\Downloads\Compressed\sourcemod-1.11.0-git6968-windows\addons\sourcemod\scripting\ÒankrunFixhealth.sp::Timer_PeriodicCheck
L 12/23/2025 - 17:19:02: [SM] Exception reported: Invalid convar handle 0 (error 4)
L 12/23/2025 - 17:19:02: [SM] Blaming: ÒankrunFixhealth.smx
L 12/23/2025 - 17:19:02: [SM] Call stack trace:
L 12/23/2025 - 17:19:02: [SM]   [0] GetConVarString
L 12/23/2025 - 17:19:02: [SM]   [1] Line 138, C:\Users\Moises\Downloads\Compressed\sourcemod-1.11.0-git6968-windows\addons\sourcemod\scripting\ÒankrunFixhealth.sp::IsTankRunActive
L 12/23/2025 - 17:19:02: [SM]   [2] Line 71, C:\Users\Moises\Downloads\Compressed\sourcemod-1.11.0-git6968-windows\addons\sourcemod\scripting\ÒankrunFixhealth.sp::Event_MapTransition
L 12/23/2025 - 17:19:10: [SM] Exception reported: Invalid convar handle 0 (error 4)
L 12/23/2025 - 17:19:10: [SM] Blaming: ÒankrunFixhealth.smx
L 12/23/2025 - 17:19:10: [SM] Call stack trace:
L 12/23/2025 - 17:19:10: [SM]   [0] GetConVarString
L 12/23/2025 - 17:19:10: [SM]   [1] Line 138, C:\Users\Moises\Downloads\Compressed\sourcemod-1.11.0-git6968-windows\addons\sourcemod\scripting\ÒankrunFixhealth.sp::IsTankRunActive
L 12/23/2025 - 17:19:10: [SM]   [2] Line 36, C:\Users\Moises\Downloads\Compressed\sourcemod-1.11.0-git6968-windows\addons\sourcemod\scripting\ÒankrunFixhealth.sp::Timer_PeriodicCheck
L 12/23/2025 - 17:19:10: [SM] Exception reported: Invalid timer handle ab6004d2 (error 1)
L 12/23/2025 - 17:19:10: [SM] Blaming: l4d2_playerjoining_v2.smx
L 12/23/2025 - 17:19:10: [SM] Call stack trace:
L 12/23/2025 - 17:19:10: [SM]   [0] KillTimer
L 12/23/2025 - 17:19:10: [SM]   [1] Line 53, C:\Users\Moises\Downloads\Compressed\sourcemod-1.11.0-git6968-windows\addons\sourcemod\scripting\l4d2_playerjoining_v2.sp::OnClientDisconnect
L 12/23/2025 - 17:19:10: [SM] Exception reported: Invalid timer handle c800044b (error 3)
L 12/23/2025 - 17:19:10: [SM] Blaming: l4d2_playerjoining_v2.smx
L 12/23/2025 - 17:19:10: [SM] Call stack trace:
L 12/23/2025 - 17:19:10: [SM]   [0] KillTimer
L 12/23/2025 - 17:19:10: [SM]   [1] Line 53, C:\Users\Moises\Downloads\Compressed\sourcemod-1.11.0-git6968-windows\addons\sourcemod\scripting\l4d2_playerjoining_v2.sp::OnClientDisconnect
L 12/23/2025 - 17:19:10: [SM] Exception reported: Invalid timer handle 72a00479 (error 3)
L 12/23/2025 - 17:19:10: [SM] Blaming: l4d2_playerjoining_v2.smx
L 12/23/2025 - 17:19:10: [SM] Call stack trace:
L 12/23/2025 - 17:19:10: [SM]   [0] KillTimer
L 12/23/2025 - 17:19:10: [SM]   [1] Line 53, C:\Users\Moises\Downloads\Compressed\sourcemod-1.11.0-git6968-windows\addons\sourcemod\scripting\l4d2_playerjoining_v2.sp::OnClientDisconnect
L 12/23/2025 - 17:19:10: [SM] Exception reported: Invalid timer handle da500496 (error 1)
L 12/23/2025 - 17:19:10: [SM] Blaming: l4d2_playerjoining_v2.smx
L 12/23/2025 - 17:19:10: [SM] Call stack trace:
L 12/23/2025 - 17:19:10: [SM]   [0] KillTimer
L 12/23/2025 - 17:19:10: [SM]   [1] Line 53, C:\Users\Moises\Downloads\Compressed\sourcemod-1.11.0-git6968-windows\addons\sourcemod\scripting\l4d2_playerjoining_v2.sp::OnClientDisconnect
L 12/23/2025 - 17:19:12: Error log file session closed.
L 12/23/2025 - 17:19:12: SourceMod error session started
L 12/23/2025 - 17:19:12: Info (map "c5m3_cemetery") (file "d:\steamlibrary\steamapps\common\left 4 dead 2\left4dead2\addons\sourcemod\logs\errors_20251223.log")
L 12/23/2025 - 17:19:12: [SM] Fatal error encountered parsing translation file "l4d_nth.phrases.txt"
L 12/23/2025 - 17:19:12: [SM] Error (line 0, column 0): Stream failed to open
L 12/23/2025 - 17:19:12: [SM] Fatal error encountered parsing translation file "chargersteering.phrases.txt"
L 12/23/2025 - 17:19:12: [SM] Error (line 0, column 0): Stream failed to open
L 12/23/2025 - 17:19:12: [SM] Fatal error encountered parsing translation file "l4dmultislots.phrases.txt"
L 12/23/2025 - 17:19:12: [SM] Error (line 0, column 0): Stream failed to open
L 12/23/2025 - 17:19:12: [SM] Fatal error encountered parsing translation file "lilac.phrases.txt"
L 12/23/2025 - 17:19:12: [SM] Error (line 0, column 0): Stream failed to open
L 12/23/2025 - 17:19:14: [SM] Exception reported: Invalid convar handle 0 (error 4)
L 12/23/2025 - 17:19:14: [SM] Blaming: ÒankrunFixhealth.smx
L 12/23/2025 - 17:19:14: [SM] Call stack trace:
L 12/23/2025 - 17:19:14: [SM]   [0] GetConVarString
L 12/23/2025 - 17:19:14: [SM]   [1] Line 138, C:\Users\Moises\Downloads\Compressed\sourcemod-1.11.0-git6968-windows\addons\sourcemod\scripting\ÒankrunFixhealth.sp::IsTankRunActive
L 12/23/2025 - 17:19:14: [SM]   [2] Line 54, C:\Users\Moises\Downloads\Compressed\sourcemod-1.11.0-git6968-windows\addons\sourcemod\scripting\ÒankrunFixhealth.sp::Event_RoundStart
L 12/23/2025 - 17:19:14: [l4d2_publicity.smx] [Publicity] No se encontraron mensajes en el archivo de configuraci√≥n
L 12/23/2025 - 17:19:26: [SM] Exception reported: Invalid convar handle 0 (error 4)
L 12/23/2025 - 17:19:26: [SM] Blaming: ÒankrunFixhealth.smx
L 12/23/2025 - 17:19:26: [SM] Call stack trace:
L 12/23/2025 - 17:19:26: [SM]   [0] GetConVarString
L 12/23/2025 - 17:19:26: [SM]   [1] Line 138, C:\Users\Moises\Downloads\Compressed\sourcemod-1.11.0-git6968-windows\addons\sourcemod\scripting\ÒankrunFixhealth.sp::IsTankRunActive
L 12/23/2025 - 17:19:26: [SM]   [2] Line 36, C:\Users\Moises\Downloads\Compressed\sourcemod-1.11.0-git6968-windows\addons\sourcemod\scripting\ÒankrunFixhealth.sp::Timer_PeriodicCheck
L 12/23/2025 - 17:19:36: [SM] Exception reported: Invalid convar handle 0 (error 4)
L 12/23/2025 - 17:19:36: [SM] Blaming: ÒankrunFixhealth.smx
L 12/23/2025 - 17:19:36: [SM] Call stack trace:
L 12/23/2025 - 17:19:36: [SM]   [0] GetConVarString
L 12/23/2025 - 17:19:36: [SM]   [1] Line 138, C:\Users\Moises\Downloads\Compressed\sourcemod-1.11.0-git6968-windows\addons\sourcemod\scripting\ÒankrunFixhealth.sp::IsTankRunActive
L 12/23/2025 - 17:19:36: [SM]   [2] Line 36, C:\Users\Moises\Downloads\Compressed\sourcemod-1.11.0-git6968-windows\addons\sourcemod\scripting\ÒankrunFixhealth.sp::Timer_PeriodicCheck
L 12/23/2025 - 17:19:38: [SM] Exception reported: Invalid timer handle 8f100479 (error 3)
L 12/23/2025 - 17:19:38: [SM] Blaming: l4d2_playerjoining_v2.smx
L 12/23/2025 - 17:19:38: [SM] Call stack trace:
L 12/23/2025 - 17:19:38: [SM]   [0] KillTimer
L 12/23/2025 - 17:19:38: [SM]   [1] Line 53, C:\Users\Moises\Downloads\Compressed\sourcemod-1.11.0-git6968-windows\addons\sourcemod\scripting\l4d2_playerjoining_v2.sp::OnClientDisconnect
L 12/23/2025 - 17:19:38: [SM] Exception reported: Invalid timer handle 72a00479 (error 3)
L 12/23/2025 - 17:19:38: [SM] Blaming: l4d2_playerjoining_v2.smx
L 12/23/2025 - 17:19:38: [SM] Call stack trace:
L 12/23/2025 - 17:19:38: [SM]   [0] KillTimer
L 12/23/2025 - 17:19:38: [SM]   [1] Line 53, C:\Users\Moises\Downloads\Compressed\sourcemod-1.11.0-git6968-windows\addons\sourcemod\scripting\l4d2_playerjoining_v2.sp::OnClientDisconnect
L 12/23/2025 - 17:19:39: [SM] Exception reported: Invalid timer handle 8f1004a4 (error 3)
L 12/23/2025 - 17:19:39: [SM] Blaming: l4d2_playerjoining_v2.smx
L 12/23/2025 - 17:19:39: [SM] Call stack trace:
L 12/23/2025 - 17:19:39: [SM]   [0] KillTimer
L 12/23/2025 - 17:19:39: [SM]   [1] Line 53, C:\Users\Moises\Downloads\Compressed\sourcemod-1.11.0-git6968-windows\addons\sourcemod\scripting\l4d2_playerjoining_v2.sp::OnClientDisconnect
L 12/23/2025 - 17:19:46: [SM] Exception reported: Invalid timer handle a7700479 (error 3)
L 12/23/2025 - 17:19:46: [SM] Blaming: l4d2_playerjoining_v2.smx
L 12/23/2025 - 17:19:46: [SM] Call stack trace:
L 12/23/2025 - 17:19:46: [SM]   [0] KillTimer
L 12/23/2025 - 17:19:46: [SM]   [1] Line 53, C:\Users\Moises\Downloads\Compressed\sourcemod-1.11.0-git6968-windows\addons\sourcemod\scripting\l4d2_playerjoining_v2.sp::OnClientDisconnect
L 12/23/2025 - 17:19:46: [SM] Exception reported: Invalid timer handle c800044b (error 3)
L 12/23/2025 - 17:19:46: [SM] Blaming: l4d2_playerjoining_v2.smx
L 12/23/2025 - 17:19:46: [SM] Call stack trace:
L 12/23/2025 - 17:19:46: [SM]   [0] KillTimer
L 12/23/2025 - 17:19:46: [SM]   [1] Line 53, C:\Users\Moises\Downloads\Compressed\sourcemod-1.11.0-git6968-windows\addons\sourcemod\scripting\l4d2_playerjoining_v2.sp::OnClientDisconnect
L 12/23/2025 - 17:19:46: [SM] Exception reported: Invalid timer handle ab6004d2 (error 1)
L 12/23/2025 - 17:19:46: [SM] Blaming: l4d2_playerjoining_v2.smx
L 12/23/2025 - 17:19:46: [SM] Call stack trace:
L 12/23/2025 - 17:19:46: [SM]   [0] KillTimer
L 12/23/2025 - 17:19:46: [SM]   [1] Line 53, C:\Users\Moises\Downloads\Compressed\sourcemod-1.11.0-git6968-windows\addons\sourcemod\scripting\l4d2_playerjoining_v2.sp::OnClientDisconnect
L 12/23/2025 - 17:19:49: [SM] Exception reported: Invalid convar handle 0 (error 4)
L 12/23/2025 - 17:19:49: [SM] Blaming: ÒankrunFixhealth.smx
L 12/23/2025 - 17:19:49: [SM] Call stack trace:
L 12/23/2025 - 17:19:49: [SM]   [0] GetConVarString
L 12/23/2025 - 17:19:49: [SM]   [1] Line 138, C:\Users\Moises\Downloads\Compressed\sourcemod-1.11.0-git6968-windows\addons\sourcemod\scripting\ÒankrunFixhealth.sp::IsTankRunActive
L 12/23/2025 - 17:19:49: [SM]   [2] Line 36, C:\Users\Moises\Downloads\Compressed\sourcemod-1.11.0-git6968-windows\addons\sourcemod\scripting\ÒankrunFixhealth.sp::Timer_PeriodicCheck
L 12/23/2025 - 17:19:59: [SM] Exception reported: Invalid convar handle 0 (error 4)
L 12/23/2025 - 17:19:59: [SM] Blaming: ÒankrunFixhealth.smx
L 12/23/2025 - 17:19:59: [SM] Call stack trace:
L 12/23/2025 - 17:19:59: [SM]   [0] GetConVarString
L 12/23/2025 - 17:19:59: [SM]   [1] Line 138, C:\Users\Moises\Downloads\Compressed\sourcemod-1.11.0-git6968-windows\addons\sourcemod\scripting\ÒankrunFixhealth.sp::IsTankRunActive
L 12/23/2025 - 17:19:59: [SM]   [2] Line 36, C:\Users\Moises\Downloads\Compressed\sourcemod-1.11.0-git6968-windows\addons\sourcemod\scripting\ÒankrunFixhealth.sp::Timer_PeriodicCheck
L 12/23/2025 - 17:20:09: [SM] Exception reported: Invalid convar handle 0 (error 4)
L 12/23/2025 - 17:20:09: [SM] Blaming: ÒankrunFixhealth.smx
L 12/23/2025 - 17:20:09: [SM] Call stack trace:
L 12/23/2025 - 17:20:09: [SM]   [0] GetConVarString
L 12/23/2025 - 17:20:09: [SM]   [1] Line 138, C:\Users\Moises\Downloads\Compressed\sourcemod-1.11.0-git6968-windows\addons\sourcemod\scripting\ÒankrunFixhealth.sp::IsTankRunActive
L 12/23/2025 - 17:20:09: [SM]   [2] Line 36, C:\Users\Moises\Downloads\Compressed\sourcemod-1.11.0-git6968-windows\addons\sourcemod\scripting\ÒankrunFixhealth.sp::Timer_PeriodicCheck
L 12/23/2025 - 17:20:19: [SM] Exception reported: Invalid convar handle 0 (error 4)
L 12/23/2025 - 17:20:19: [SM] Blaming: ÒankrunFixhealth.smx
L 12/23/2025 - 17:20:19: [SM] Call stack trace:
L 12/23/2025 - 17:20:19: [SM]   [0] GetConVarString
L 12/23/2025 - 17:20:19: [SM]   [1] Line 138, C:\Users\Moises\Downloads\Compressed\sourcemod-1.11.0-git6968-windows\addons\sourcemod\scripting\ÒankrunFixhealth.sp::IsTankRunActive
L 12/23/2025 - 17:20:19: [SM]   [2] Line 36, C:\Users\Moises\Downloads\Compressed\sourcemod-1.11.0-git6968-windows\addons\sourcemod\scripting\ÒankrunFixhealth.sp::Timer_PeriodicCheck
L 12/23/2025 - 17:20:22: [SM] Exception reported: Invalid convar handle 0 (error 4)
L 12/23/2025 - 17:20:22: [SM] Blaming: ÒankrunFixhealth.smx
L 12/23/2025 - 17:20:22: [SM] Call stack trace:
L 12/23/2025 - 17:20:22: [SM]   [0] GetConVarString
L 12/23/2025 - 17:20:22: [SM]   [1] Line 138, C:\Users\Moises\Downloads\Compressed\sourcemod-1.11.0-git6968-windows\addons\sourcemod\scripting\ÒankrunFixhealth.sp::IsTankRunActive
L 12/23/2025 - 17:20:22: [SM]   [2] Line 79, C:\Users\Moises\Downloads\Compressed\sourcemod-1.11.0-git6968-windows\addons\sourcemod\scripting\ÒankrunFixhealth.sp::Event_PlayerDeath
L 12/23/2025 - 17:20:29: [SM] Exception reported: Invalid timer handle ab6004d2 (error 1)
L 12/23/2025 - 17:20:29: [SM] Blaming: l4d2_playerjoining_v2.smx
L 12/23/2025 - 17:20:29: [SM] Call stack trace:
L 12/23/2025 - 17:20:29: [SM]   [0] KillTimer
L 12/23/2025 - 17:20:29: [SM]   [1] Line 53, C:\Users\Moises\Downloads\Compressed\sourcemod-1.11.0-git6968-windows\addons\sourcemod\scripting\l4d2_playerjoining_v2.sp::OnClientDisconnect
L 12/23/2025 - 17:20:29: [SM] Exception reported: Invalid convar handle 0 (error 4)
L 12/23/2025 - 17:20:29: [SM] Blaming: ÒankrunFixhealth.smx
L 12/23/2025 - 17:20:29: [SM] Call stack trace:
L 12/23/2025 - 17:20:29: [SM]   [0] GetConVarString
L 12/23/2025 - 17:20:29: [SM]   [1] Line 138, C:\Users\Moises\Downloads\Compressed\sourcemod-1.11.0-git6968-windows\addons\sourcemod\scripting\ÒankrunFixhealth.sp::IsTankRunActive
L 12/23/2025 - 17:20:29: [SM]   [2] Line 36, C:\Users\Moises\Downloads\Compressed\sourcemod-1.11.0-git6968-windows\addons\sourcemod\scripting\ÒankrunFixhealth.sp::Timer_PeriodicCheck
L 12/23/2025 - 17:20:36: [SM] Exception reported: Invalid timer handle ab6004d2 (error 1)
L 12/23/2025 - 17:20:36: [SM] Blaming: l4d2_playerjoining_v2.smx
L 12/23/2025 - 17:20:36: [SM] Call stack trace:
L 12/23/2025 - 17:20:36: [SM]   [0] KillTimer
L 12/23/2025 - 17:20:36: [SM]   [1] Line 53, C:\Users\Moises\Downloads\Compressed\sourcemod-1.11.0-git6968-windows\addons\sourcemod\scripting\l4d2_playerjoining_v2.sp::OnClientDisconnect
L 12/23/2025 - 17:20:39: [SM] Exception reported: Invalid convar handle 0 (error 4)
L 12/23/2025 - 17:20:39: [SM] Blaming: ÒankrunFixhealth.smx
L 12/23/2025 - 17:20:39: [SM] Call stack trace:
L 12/23/2025 - 17:20:39: [SM]   [0] GetConVarString
L 12/23/2025 - 17:20:39: [SM]   [1] Line 138, C:\Users\Moises\Downloads\Compressed\sourcemod-1.11.0-git6968-windows\addons\sourcemod\scripting\ÒankrunFixhealth.sp::IsTankRunActive
L 12/23/2025 - 17:20:39: [SM]   [2] Line 36, C:\Users\Moises\Downloads\Compressed\sourcemod-1.11.0-git6968-windows\addons\sourcemod\scripting\ÒankrunFixhealth.sp::Timer_PeriodicCheck
L 12/23/2025 - 17:20:49: [SM] Exception reported: Invalid convar handle 0 (error 4)
L 12/23/2025 - 17:20:49: [SM] Blaming: ÒankrunFixhealth.smx
L 12/23/2025 - 17:20:49: [SM] Call stack trace:
L 12/23/2025 - 17:20:49: [SM]   [0] GetConVarString
L 12/23/2025 - 17:20:49: [SM]   [1] Line 138, C:\Users\Moises\Downloads\Compressed\sourcemod-1.11.0-git6968-windows\addons\sourcemod\scripting\ÒankrunFixhealth.sp::IsTankRunActive
L 12/23/2025 - 17:20:49: [SM]   [2] Line 36, C:\Users\Moises\Downloads\Compressed\sourcemod-1.11.0-git6968-windows\addons\sourcemod\scripting\ÒankrunFixhealth.sp::Timer_PeriodicCheck
L 12/23/2025 - 17:20:59: [SM] Exception reported: Invalid convar handle 0 (error 4)
L 12/23/2025 - 17:20:59: [SM] Blaming: ÒankrunFixhealth.smx
L 12/23/2025 - 17:20:59: [SM] Call stack trace:
L 12/23/2025 - 17:20:59: [SM]   [0] GetConVarString
L 12/23/2025 - 17:20:59: [SM]   [1] Line 138, C:\Users\Moises\Downloads\Compressed\sourcemod-1.11.0-git6968-windows\addons\sourcemod\scripting\ÒankrunFixhealth.sp::IsTankRunActive
L 12/23/2025 - 17:20:59: [SM]   [2] Line 36, C:\Users\Moises\Downloads\Compressed\sourcemod-1.11.0-git6968-windows\addons\sourcemod\scripting\ÒankrunFixhealth.sp::Timer_PeriodicCheck
L 12/23/2025 - 17:21:05: [SM] Exception reported: Invalid convar handle 0 (error 4)
L 12/23/2025 - 17:21:05: [SM] Blaming: ÒankrunFixhealth.smx
L 12/23/2025 - 17:21:05: [SM] Call stack trace:
L 12/23/2025 - 17:21:05: [SM]   [0] GetConVarString
L 12/23/2025 - 17:21:05: [SM]   [1] Line 138, C:\Users\Moises\Downloads\Compressed\sourcemod-1.11.0-git6968-windows\addons\sourcemod\scripting\ÒankrunFixhealth.sp::IsTankRunActive
L 12/23/2025 - 17:21:05: [SM]   [2] Line 79, C:\Users\Moises\Downloads\Compressed\sourcemod-1.11.0-git6968-windows\addons\sourcemod\scripting\ÒankrunFixhealth.sp::Event_PlayerDeath
L 12/23/2025 - 17:21:05: [SM] Exception reported: Invalid convar handle 0 (error 4)
L 12/23/2025 - 17:21:05: [SM] Blaming: ÒankrunFixhealth.smx
L 12/23/2025 - 17:21:05: [SM] Call stack trace:
L 12/23/2025 - 17:21:05: [SM]   [0] GetConVarString
L 12/23/2025 - 17:21:05: [SM]   [1] Line 138, C:\Users\Moises\Downloads\Compressed\sourcemod-1.11.0-git6968-windows\addons\sourcemod\scripting\ÒankrunFixhealth.sp::IsTankRunActive
L 12/23/2025 - 17:21:05: [SM]   [2] Line 79, C:\Users\Moises\Downloads\Compressed\sourcemod-1.11.0-git6968-windows\addons\sourcemod\scripting\ÒankrunFixhealth.sp::Event_PlayerDeath
L 12/23/2025 - 17:21:09: [SM] Exception reported: Invalid convar handle 0 (error 4)
L 12/23/2025 - 17:21:09: [SM] Blaming: ÒankrunFixhealth.smx
L 12/23/2025 - 17:21:09: [SM] Call stack trace:
L 12/23/2025 - 17:21:09: [SM]   [0] GetConVarString
L 12/23/2025 - 17:21:09: [SM]   [1] Line 138, C:\Users\Moises\Downloads\Compressed\sourcemod-1.11.0-git6968-windows\addons\sourcemod\scripting\ÒankrunFixhealth.sp::IsTankRunActive
L 12/23/2025 - 17:21:09: [SM]   [2] Line 36, C:\Users\Moises\Downloads\Compressed\sourcemod-1.11.0-git6968-windows\addons\sourcemod\scripting\ÒankrunFixhealth.sp::Timer_PeriodicCheck
L 12/23/2025 - 17:21:15: [SM] Exception reported: Invalid convar handle 0 (error 4)
L 12/23/2025 - 17:21:15: [SM] Blaming: ÒankrunFixhealth.smx
L 12/23/2025 - 17:21:15: [SM] Call stack trace:
L 12/23/2025 - 17:21:15: [SM]   [0] GetConVarString
L 12/23/2025 - 17:21:15: [SM]   [1] Line 138, C:\Users\Moises\Downloads\Compressed\sourcemod-1.11.0-git6968-windows\addons\sourcemod\scripting\ÒankrunFixhealth.sp::IsTankRunActive
L 12/23/2025 - 17:21:15: [SM]   [2] Line 79, C:\Users\Moises\Downloads\Compressed\sourcemod-1.11.0-git6968-windows\addons\sourcemod\scripting\ÒankrunFixhealth.sp::Event_PlayerDeath
L 12/23/2025 - 17:21:17: [SM] Exception reported: Language phrase "Please wait to be revived or rescued" not found (arg 6)
L 12/23/2025 - 17:21:17: [SM] Blaming: l4dmultislots.smx
L 12/23/2025 - 17:21:17: [SM] Call stack trace:
L 12/23/2025 - 17:21:17: [SM]   [0] PrintToChat
L 12/23/2025 - 17:21:17: [SM]   [1] Line 953, d:\Github\Private-Work\L4D2-Êèí‰ª∂\scripting_1.11\l4dmultislots.sp::Timer_SpecCheck
L 12/23/2025 - 17:21:19: [SM] Exception reported: Invalid convar handle 0 (error 4)
L 12/23/2025 - 17:21:19: [SM] Blaming: ÒankrunFixhealth.smx
L 12/23/2025 - 17:21:19: [SM] Call stack trace:
L 12/23/2025 - 17:21:19: [SM]   [0] GetConVarString
L 12/23/2025 - 17:21:19: [SM]   [1] Line 138, C:\Users\Moises\Downloads\Compressed\sourcemod-1.11.0-git6968-windows\addons\sourcemod\scripting\ÒankrunFixhealth.sp::IsTankRunActive
L 12/23/2025 - 17:21:19: [SM]   [2] Line 79, C:\Users\Moises\Downloads\Compressed\sourcemod-1.11.0-git6968-windows\addons\sourcemod\scripting\ÒankrunFixhealth.sp::Event_PlayerDeath
L 12/23/2025 - 17:21:19: [SM] Exception reported: Invalid convar handle 0 (error 4)
L 12/23/2025 - 17:21:19: [SM] Blaming: ÒankrunFixhealth.smx
L 12/23/2025 - 17:21:19: [SM] Call stack trace:
L 12/23/2025 - 17:21:19: [SM]   [0] GetConVarString
L 12/23/2025 - 17:21:19: [SM]   [1] Line 138, C:\Users\Moises\Downloads\Compressed\sourcemod-1.11.0-git6968-windows\addons\sourcemod\scripting\ÒankrunFixhealth.sp::IsTankRunActive
L 12/23/2025 - 17:21:19: [SM]   [2] Line 36, C:\Users\Moises\Downloads\Compressed\sourcemod-1.11.0-git6968-windows\addons\sourcemod\scripting\ÒankrunFixhealth.sp::Timer_PeriodicCheck
L 12/23/2025 - 17:21:26: [SM] Exception reported: Invalid timer handle ab6004d2 (error 1)
L 12/23/2025 - 17:21:26: [SM] Blaming: l4d2_playerjoining_v2.smx
L 12/23/2025 - 17:21:26: [SM] Call stack trace:
L 12/23/2025 - 17:21:26: [SM]   [0] KillTimer
L 12/23/2025 - 17:21:26: [SM]   [1] Line 53, C:\Users\Moises\Downloads\Compressed\sourcemod-1.11.0-git6968-windows\addons\sourcemod\scripting\l4d2_playerjoining_v2.sp::OnClientDisconnect
L 12/23/2025 - 17:21:26: [SM] Exception reported: Invalid timer handle 8f1004a4 (error 3)
L 12/23/2025 - 17:21:26: [SM] Blaming: l4d2_playerjoining_v2.smx
L 12/23/2025 - 17:21:26: [SM] Call stack trace:
L 12/23/2025 - 17:21:26: [SM]   [0] KillTimer
L 12/23/2025 - 17:21:26: [SM]   [1] Line 53, C:\Users\Moises\Downloads\Compressed\sourcemod-1.11.0-git6968-windows\addons\sourcemod\scripting\l4d2_playerjoining_v2.sp::OnClientDisconnect
L 12/23/2025 - 17:21:28: [SM] Exception reported: Invalid convar handle 0 (error 4)
L 12/23/2025 - 17:21:28: [SM] Blaming: ÒankrunFixhealth.smx
L 12/23/2025 - 17:21:28: [SM] Call stack trace:
L 12/23/2025 - 17:21:28: [SM]   [0] GetConVarString
L 12/23/2025 - 17:21:28: [SM]   [1] Line 138, C:\Users\Moises\Downloads\Compressed\sourcemod-1.11.0-git6968-windows\addons\sourcemod\scripting\ÒankrunFixhealth.sp::IsTankRunActive
L 12/23/2025 - 17:21:28: [SM]   [2] Line 79, C:\Users\Moises\Downloads\Compressed\sourcemod-1.11.0-git6968-windows\addons\sourcemod\scripting\ÒankrunFixhealth.sp::Event_PlayerDeath
L 12/23/2025 - 17:21:29: [SM] Exception reported: Invalid convar handle 0 (error 4)
L 12/23/2025 - 17:21:29: [SM] Blaming: ÒankrunFixhealth.smx
L 12/23/2025 - 17:21:29: [SM] Call stack trace:
L 12/23/2025 - 17:21:29: [SM]   [0] GetConVarString
L 12/23/2025 - 17:21:29: [SM]   [1] Line 138, C:\Users\Moises\Downloads\Compressed\sourcemod-1.11.0-git6968-windows\addons\sourcemod\scripting\ÒankrunFixhealth.sp::IsTankRunActive
L 12/23/2025 - 17:21:29: [SM]   [2] Line 36, C:\Users\Moises\Downloads\Compressed\sourcemod-1.11.0-git6968-windows\addons\sourcemod\scripting\ÒankrunFixhealth.sp::Timer_PeriodicCheck
L 12/23/2025 - 17:21:37: [SM] Exception reported: Invalid convar handle 0 (error 4)
L 12/23/2025 - 17:21:37: [SM] Blaming: ÒankrunFixhealth.smx
L 12/23/2025 - 17:21:37: [SM] Call stack trace:
L 12/23/2025 - 17:21:37: [SM]   [0] GetConVarString
L 12/23/2025 - 17:21:37: [SM]   [1] Line 138, C:\Users\Moises\Downloads\Compressed\sourcemod-1.11.0-git6968-windows\addons\sourcemod\scripting\ÒankrunFixhealth.sp::IsTankRunActive
L 12/23/2025 - 17:21:37: [SM]   [2] Line 79, C:\Users\Moises\Downloads\Compressed\sourcemod-1.11.0-git6968-windows\addons\sourcemod\scripting\ÒankrunFixhealth.sp::Event_PlayerDeath
L 12/23/2025 - 17:21:39: [SM] Exception reported: Invalid convar handle 0 (error 4)
L 12/23/2025 - 17:21:39: [SM] Blaming: ÒankrunFixhealth.smx
L 12/23/2025 - 17:21:39: [SM] Call stack trace:
L 12/23/2025 - 17:21:39: [SM]   [0] GetConVarString
L 12/23/2025 - 17:21:39: [SM]   [1] Line 138, C:\Users\Moises\Downloads\Compressed\sourcemod-1.11.0-git6968-windows\addons\sourcemod\scripting\ÒankrunFixhealth.sp::IsTankRunActive
L 12/23/2025 - 17:21:39: [SM]   [2] Line 36, C:\Users\Moises\Downloads\Compressed\sourcemod-1.11.0-git6968-windows\addons\sourcemod\scripting\ÒankrunFixhealth.sp::Timer_PeriodicCheck
L 12/23/2025 - 17:21:42: [SM] Exception reported: Language phrase "Please wait to be revived or rescued" not found (arg 6)
L 12/23/2025 - 17:21:42: [SM] Blaming: l4dmultislots.smx
L 12/23/2025 - 17:21:42: [SM] Call stack trace:
L 12/23/2025 - 17:21:42: [SM]   [0] PrintToChat
L 12/23/2025 - 17:21:42: [SM]   [1] Line 953, d:\Github\Private-Work\L4D2-Êèí‰ª∂\scripting_1.11\l4dmultislots.sp::Timer_SpecCheck
L 12/23/2025 - 17:21:43: [SM] Exception reported: Invalid convar handle 0 (error 4)
L 12/23/2025 - 17:21:43: [SM] Blaming: ÒankrunFixhealth.smx
L 12/23/2025 - 17:21:43: [SM] Call stack trace:
L 12/23/2025 - 17:21:43: [SM]   [0] GetConVarString
L 12/23/2025 - 17:21:43: [SM]   [1] Line 138, C:\Users\Moises\Downloads\Compressed\sourcemod-1.11.0-git6968-windows\addons\sourcemod\scripting\ÒankrunFixhealth.sp::IsTankRunActive
L 12/23/2025 - 17:21:43: [SM]   [2] Line 79, C:\Users\Moises\Downloads\Compressed\sourcemod-1.11.0-git6968-windows\addons\sourcemod\scripting\ÒankrunFixhealth.sp::Event_PlayerDeath
L 12/23/2025 - 17:21:44: [SM] Exception reported: Invalid convar handle 0 (error 4)
L 12/23/2025 - 17:21:44: [SM] Blaming: ÒankrunFixhealth.smx
L 12/23/2025 - 17:21:44: [SM] Call stack trace:
L 12/23/2025 - 17:21:44: [SM]   [0] GetConVarString
L 12/23/2025 - 17:21:44: [SM]   [1] Line 138, C:\Users\Moises\Downloads\Compressed\sourcemod-1.11.0-git6968-windows\addons\sourcemod\scripting\ÒankrunFixhealth.sp::IsTankRunActive
L 12/23/2025 - 17:21:44: [SM]   [2] Line 91, C:\Users\Moises\Downloads\Compressed\sourcemod-1.11.0-git6968-windows\addons\sourcemod\scripting\ÒankrunFixhealth.sp::Event_MissionLost
L 12/23/2025 - 17:21:49: [SM] Exception reported: Invalid convar handle 0 (error 4)
L 12/23/2025 - 17:21:49: [SM] Blaming: ÒankrunFixhealth.smx
L 12/23/2025 - 17:21:49: [SM] Call stack trace:
L 12/23/2025 - 17:21:49: [SM]   [0] GetConVarString
L 12/23/2025 - 17:21:49: [SM]   [1] Line 138, C:\Users\Moises\Downloads\Compressed\sourcemod-1.11.0-git6968-windows\addons\sourcemod\scripting\ÒankrunFixhealth.sp::IsTankRunActive
L 12/23/2025 - 17:21:49: [SM]   [2] Line 36, C:\Users\Moises\Downloads\Compressed\sourcemod-1.11.0-git6968-windows\addons\sourcemod\scripting\ÒankrunFixhealth.sp::Timer_PeriodicCheck
L 12/23/2025 - 17:21:51: [SM] Exception reported: Invalid convar handle 0 (error 4)
L 12/23/2025 - 17:21:51: [SM] Blaming: ÒankrunFixhealth.smx
L 12/23/2025 - 17:21:51: [SM] Call stack trace:
L 12/23/2025 - 17:21:51: [SM]   [0] GetConVarString
L 12/23/2025 - 17:21:51: [SM]   [1] Line 138, C:\Users\Moises\Downloads\Compressed\sourcemod-1.11.0-git6968-windows\addons\sourcemod\scripting\ÒankrunFixhealth.sp::IsTankRunActive
L 12/23/2025 - 17:21:51: [SM]   [2] Line 54, C:\Users\Moises\Downloads\Compressed\sourcemod-1.11.0-git6968-windows\addons\sourcemod\scripting\ÒankrunFixhealth.sp::Event_RoundStart
L 12/23/2025 - 17:21:51: [SM] Exception reported: Invalid timer handle c800044b (error 1)
L 12/23/2025 - 17:21:51: [SM] Blaming: l4d2_playerjoining_v2.smx
L 12/23/2025 - 17:21:51: [SM] Call stack trace:
L 12/23/2025 - 17:21:51: [SM]   [0] KillTimer
L 12/23/2025 - 17:21:51: [SM]   [1] Line 53, C:\Users\Moises\Downloads\Compressed\sourcemod-1.11.0-git6968-windows\addons\sourcemod\scripting\l4d2_playerjoining_v2.sp::OnClientDisconnect
L 12/23/2025 - 17:21:51: [SM] Exception reported: Invalid timer handle 8f100479 (error 1)
L 12/23/2025 - 17:21:51: [SM] Blaming: l4d2_playerjoining_v2.smx
L 12/23/2025 - 17:21:51: [SM] Call stack trace:
L 12/23/2025 - 17:21:51: [SM]   [0] KillTimer
L 12/23/2025 - 17:21:51: [SM]   [1] Line 53, C:\Users\Moises\Downloads\Compressed\sourcemod-1.11.0-git6968-windows\addons\sourcemod\scripting\l4d2_playerjoining_v2.sp::OnClientDisconnect
L 12/23/2025 - 17:21:51: [SM] Exception reported: Invalid timer handle 1ac004d1 (error 1)
L 12/23/2025 - 17:21:51: [SM] Blaming: l4d2_playerjoining_v2.smx
L 12/23/2025 - 17:21:51: [SM] Call stack trace:
L 12/23/2025 - 17:21:51: [SM]   [0] KillTimer
L 12/23/2025 - 17:21:51: [SM]   [1] Line 53, C:\Users\Moises\Downloads\Compressed\sourcemod-1.11.0-git6968-windows\addons\sourcemod\scripting\l4d2_playerjoining_v2.sp::OnClientDisconnect
L 12/23/2025 - 17:21:51: [SM] Exception reported: Invalid timer handle 72a00479 (error 1)
L 12/23/2025 - 17:21:51: [SM] Blaming: l4d2_playerjoining_v2.smx
L 12/23/2025 - 17:21:51: [SM] Call stack trace:
L 12/23/2025 - 17:21:51: [SM]   [0] KillTimer
L 12/23/2025 - 17:21:51: [SM]   [1] Line 53, C:\Users\Moises\Downloads\Compressed\sourcemod-1.11.0-git6968-windows\addons\sourcemod\scripting\l4d2_playerjoining_v2.sp::OnClientDisconnect
L 12/23/2025 - 17:21:59: [SM] Exception reported: Invalid convar handle 0 (error 4)
L 12/23/2025 - 17:21:59: [SM] Blaming: ÒankrunFixhealth.smx
L 12/23/2025 - 17:21:59: [SM] Call stack trace:
L 12/23/2025 - 17:21:59: [SM]   [0] GetConVarString
L 12/23/2025 - 17:21:59: [SM]   [1] Line 138, C:\Users\Moises\Downloads\Compressed\sourcemod-1.11.0-git6968-windows\addons\sourcemod\scripting\ÒankrunFixhealth.sp::IsTankRunActive
L 12/23/2025 - 17:22:00: [SM]   [2] Line 36, C:\Users\Moises\Downloads\Compressed\sourcemod-1.11.0-git6968-windows\addons\sourcemod\scripting\ÒankrunFixhealth.sp::Timer_PeriodicCheck
L 12/23/2025 - 17:22:09: [SM] Exception reported: Invalid convar handle 0 (error 4)
L 12/23/2025 - 17:22:09: [SM] Blaming: ÒankrunFixhealth.smx
L 12/23/2025 - 17:22:09: [SM] Call stack trace:
L 12/23/2025 - 17:22:09: [SM]   [0] GetConVarString
L 12/23/2025 - 17:22:09: [SM]   [1] Line 138, C:\Users\Moises\Downloads\Compressed\sourcemod-1.11.0-git6968-windows\addons\sourcemod\scripting\ÒankrunFixhealth.sp::IsTankRunActive
L 12/23/2025 - 17:22:10: [SM]   [2] Line 36, C:\Users\Moises\Downloads\Compressed\sourcemod-1.11.0-git6968-windows\addons\sourcemod\scripting\ÒankrunFixhealth.sp::Timer_PeriodicCheck
L 12/23/2025 - 17:22:16: [SM] Exception reported: Language phrase "Type in chat !join To join the survivors" not found (arg 6)
L 12/23/2025 - 17:22:16: [SM] Blaming: l4dmultislots.smx
L 12/23/2025 - 17:22:16: [SM] Call stack trace:
L 12/23/2025 - 17:22:16: [SM]   [0] VFormat
L 12/23/2025 - 17:22:16: [SM]   [1] Line 71, D:\Github\Private-Work\L4D2-Êèí‰ª∂\scripting_1.11\include\multicolors.inc::CPrintToChat
L 12/23/2025 - 17:22:16: [SM]   [2] Line 938, d:\Github\Private-Work\L4D2-Êèí‰ª∂\scripting_1.11\l4dmultislots.sp::Timer_SpecCheck
L 12/23/2025 - 17:22:19: [SM] Exception reported: Invalid convar handle 0 (error 4)
L 12/23/2025 - 17:22:19: [SM] Blaming: ÒankrunFixhealth.smx
L 12/23/2025 - 17:22:19: [SM] Call stack trace:
L 12/23/2025 - 17:22:19: [SM]   [0] GetConVarString
L 12/23/2025 - 17:22:19: [SM]   [1] Line 138, C:\Users\Moises\Downloads\Compressed\sourcemod-1.11.0-git6968-windows\addons\sourcemod\scripting\ÒankrunFixhealth.sp::IsTankRunActive
L 12/23/2025 - 17:22:20: [SM]   [2] Line 36, C:\Users\Moises\Downloads\Compressed\sourcemod-1.11.0-git6968-windows\addons\sourcemod\scripting\ÒankrunFixhealth.sp::Timer_PeriodicCheck
L 12/23/2025 - 17:22:29: [SM] Exception reported: Invalid convar handle 0 (error 4)
L 12/23/2025 - 17:22:29: [SM] Blaming: ÒankrunFixhealth.smx
L 12/23/2025 - 17:22:29: [SM] Call stack trace:
L 12/23/2025 - 17:22:29: [SM]   [0] GetConVarString
L 12/23/2025 - 17:22:30: [SM]   [1] Line 138, C:\Users\Moises\Downloads\Compressed\sourcemod-1.11.0-git6968-windows\addons\sourcemod\scripting\ÒankrunFixhealth.sp::IsTankRunActive
L 12/23/2025 - 17:22:30: [SM]   [2] Line 36, C:\Users\Moises\Downloads\Compressed\sourcemod-1.11.0-git6968-windows\addons\sourcemod\scripting\ÒankrunFixhealth.sp::Timer_PeriodicCheck
L 12/23/2025 - 17:22:35: [SM] Exception reported: Invalid timer handle c800044b (error 3)
L 12/23/2025 - 17:22:35: [SM] Blaming: l4d2_playerjoining_v2.smx
L 12/23/2025 - 17:22:35: [SM] Call stack trace:
L 12/23/2025 - 17:22:35: [SM]   [0] KillTimer
L 12/23/2025 - 17:22:35: [SM]   [1] Line 53, C:\Users\Moises\Downloads\Compressed\sourcemod-1.11.0-git6968-windows\addons\sourcemod\scripting\l4d2_playerjoining_v2.sp::OnClientDisconnect
L 12/23/2025 - 17:22:39: [SM] Exception reported: Invalid convar handle 0 (error 4)
L 12/23/2025 - 17:22:39: [SM] Blaming: ÒankrunFixhealth.smx
L 12/23/2025 - 17:22:39: [SM] Call stack trace:
L 12/23/2025 - 17:22:39: [SM]   [0] GetConVarString
L 12/23/2025 - 17:22:40: [SM]   [1] Line 138, C:\Users\Moises\Downloads\Compressed\sourcemod-1.11.0-git6968-windows\addons\sourcemod\scripting\ÒankrunFixhealth.sp::IsTankRunActive
L 12/23/2025 - 17:22:40: [SM]   [2] Line 36, C:\Users\Moises\Downloads\Compressed\sourcemod-1.11.0-git6968-windows\addons\sourcemod\scripting\ÒankrunFixhealth.sp::Timer_PeriodicCheck
L 12/23/2025 - 17:22:46: [SM] Exception reported: Invalid timer handle 8f100479 (error 3)
L 12/23/2025 - 17:22:46: [SM] Blaming: l4d2_playerjoining_v2.smx
L 12/23/2025 - 17:22:46: [SM] Call stack trace:
L 12/23/2025 - 17:22:46: [SM]   [0] KillTimer
L 12/23/2025 - 17:22:46: [SM]   [1] Line 53, C:\Users\Moises\Downloads\Compressed\sourcemod-1.11.0-git6968-windows\addons\sourcemod\scripting\l4d2_playerjoining_v2.sp::OnClientDisconnect
L 12/23/2025 - 17:22:49: [SM] Exception reported: Invalid convar handle 0 (error 4)
L 12/23/2025 - 17:22:49: [SM] Blaming: ÒankrunFixhealth.smx
L 12/23/2025 - 17:22:49: [SM] Call stack trace:
L 12/23/2025 - 17:22:49: [SM]   [0] GetConVarString
L 12/23/2025 - 17:22:49: [SM]   [1] Line 138, C:\Users\Moises\Downloads\Compressed\sourcemod-1.11.0-git6968-windows\addons\sourcemod\scripting\ÒankrunFixhealth.sp::IsTankRunActive
L 12/23/2025 - 17:22:50: [SM]   [2] Line 36, C:\Users\Moises\Downloads\Compressed\sourcemod-1.11.0-git6968-windows\addons\sourcemod\scripting\ÒankrunFixhealth.sp::Timer_PeriodicCheck
L 12/23/2025 - 17:22:59: [SM] Exception reported: Invalid convar handle 0 (error 4)
L 12/23/2025 - 17:22:59: [SM] Blaming: ÒankrunFixhealth.smx
L 12/23/2025 - 17:22:59: [SM] Call stack trace:
L 12/23/2025 - 17:22:59: [SM]   [0] GetConVarString
L 12/23/2025 - 17:23:00: [SM]   [1] Line 138, C:\Users\Moises\Downloads\Compressed\sourcemod-1.11.0-git6968-windows\addons\sourcemod\scripting\ÒankrunFixhealth.sp::IsTankRunActive
L 12/23/2025 - 17:23:00: [SM]   [2] Line 36, C:\Users\Moises\Downloads\Compressed\sourcemod-1.11.0-git6968-windows\addons\sourcemod\scripting\ÒankrunFixhealth.sp::Timer_PeriodicCheck
L 12/23/2025 - 17:23:03: [SM] Exception reported: Invalid convar handle 0 (error 4)
L 12/23/2025 - 17:23:03: [SM] Blaming: ÒankrunFixhealth.smx
L 12/23/2025 - 17:23:04: [SM] Call stack trace:
L 12/23/2025 - 17:23:04: [SM]   [0] GetConVarString
L 12/23/2025 - 17:23:04: [SM]   [1] Line 138, C:\Users\Moises\Downloads\Compressed\sourcemod-1.11.0-git6968-windows\addons\sourcemod\scripting\ÒankrunFixhealth.sp::IsTankRunActive
L 12/23/2025 - 17:23:04: [SM]   [2] Line 79, C:\Users\Moises\Downloads\Compressed\sourcemod-1.11.0-git6968-windows\addons\sourcemod\scripting\ÒankrunFixhealth.sp::Event_PlayerDeath
L 12/23/2025 - 17:23:06: [SM] Exception reported: Language phrase "Please wait to be revived or rescued" not found (arg 6)
L 12/23/2025 - 17:23:06: [SM] Blaming: l4dmultislots.smx
L 12/23/2025 - 17:23:06: [SM] Call stack trace:
L 12/23/2025 - 17:23:06: [SM]   [0] PrintToChat
L 12/23/2025 - 17:23:06: [SM]   [1] Line 953, d:\Github\Private-Work\L4D2-Êèí‰ª∂\scripting_1.11\l4dmultislots.sp::Timer_SpecCheck
L 12/23/2025 - 17:23:09: [SM] Exception reported: Invalid convar handle 0 (error 4)
L 12/23/2025 - 17:23:09: [SM] Blaming: ÒankrunFixhealth.smx
L 12/23/2025 - 17:23:09: [SM] Call stack trace:
L 12/23/2025 - 17:23:09: [SM]   [0] GetConVarString
L 12/23/2025 - 17:23:09: [SM]   [1] Line 138, C:\Users\Moises\Downloads\Compressed\sourcemod-1.11.0-git6968-windows\addons\sourcemod\scripting\ÒankrunFixhealth.sp::IsTankRunActive
L 12/23/2025 - 17:23:10: [SM]   [2] Line 36, C:\Users\Moises\Downloads\Compressed\sourcemod-1.11.0-git6968-windows\addons\sourcemod\scripting\ÒankrunFixhealth.sp::Timer_PeriodicCheck
L 12/23/2025 - 17:23:19: [SM] Exception reported: Invalid convar handle 0 (error 4)
L 12/23/2025 - 17:23:19: [SM] Blaming: ÒankrunFixhealth.smx
L 12/23/2025 - 17:23:19: [SM] Call stack trace:
L 12/23/2025 - 17:23:19: [SM]   [0] GetConVarString
L 12/23/2025 - 17:23:20: [SM]   [1] Line 138, C:\Users\Moises\Downloads\Compressed\sourcemod-1.11.0-git6968-windows\addons\sourcemod\scripting\ÒankrunFixhealth.sp::IsTankRunActive
L 12/23/2025 - 17:23:20: [SM]   [2] Line 36, C:\Users\Moises\Downloads\Compressed\sourcemod-1.11.0-git6968-windows\addons\sourcemod\scripting\ÒankrunFixhealth.sp::Timer_PeriodicCheck
L 12/23/2025 - 17:23:29: [SM] Exception reported: Invalid convar handle 0 (error 4)
L 12/23/2025 - 17:23:29: [SM] Blaming: ÒankrunFixhealth.smx
L 12/23/2025 - 17:23:29: [SM] Call stack trace:
L 12/23/2025 - 17:23:29: [SM]   [0] GetConVarString
L 12/23/2025 - 17:23:30: [SM]   [1] Line 138, C:\Users\Moises\Downloads\Compressed\sourcemod-1.11.0-git6968-windows\addons\sourcemod\scripting\ÒankrunFixhealth.sp::IsTankRunActive
L 12/23/2025 - 17:23:30: [SM]   [2] Line 36, C:\Users\Moises\Downloads\Compressed\sourcemod-1.11.0-git6968-windows\addons\sourcemod\scripting\ÒankrunFixhealth.sp::Timer_PeriodicCheck
L 12/23/2025 - 17:23:31: [SM] Exception reported: Language phrase "Please wait to be revived or rescued" not found (arg 6)
L 12/23/2025 - 17:23:31: [SM] Blaming: l4dmultislots.smx
L 12/23/2025 - 17:23:31: [SM] Call stack trace:
L 12/23/2025 - 17:23:31: [SM]   [0] PrintToChat
L 12/23/2025 - 17:23:31: [SM]   [1] Line 953, d:\Github\Private-Work\L4D2-Êèí‰ª∂\scripting_1.11\l4dmultislots.sp::Timer_SpecCheck
L 12/23/2025 - 17:23:31: [SM] Exception reported: Invalid timer handle a7700479 (error 1)
L 12/23/2025 - 17:23:31: [SM] Blaming: l4d2_playerjoining_v2.smx
L 12/23/2025 - 17:23:31: [SM] Call stack trace:
L 12/23/2025 - 17:23:31: [SM]   [0] KillTimer
L 12/23/2025 - 17:23:31: [SM]   [1] Line 53, C:\Users\Moises\Downloads\Compressed\sourcemod-1.11.0-git6968-windows\addons\sourcemod\scripting\l4d2_playerjoining_v2.sp::OnClientDisconnect
L 12/23/2025 - 17:23:34: [SM] Exception reported: Invalid convar handle 0 (error 4)
L 12/23/2025 - 17:23:34: [SM] Blaming: ÒankrunFixhealth.smx
L 12/23/2025 - 17:23:34: [SM] Call stack trace:
L 12/23/2025 - 17:23:34: [SM]   [0] GetConVarString
L 12/23/2025 - 17:23:34: [SM]   [1] Line 138, C:\Users\Moises\Downloads\Compressed\sourcemod-1.11.0-git6968-windows\addons\sourcemod\scripting\ÒankrunFixhealth.sp::IsTankRunActive
L 12/23/2025 - 17:23:34: [SM]   [2] Line 79, C:\Users\Moises\Downloads\Compressed\sourcemod-1.11.0-git6968-windows\addons\sourcemod\scripting\ÒankrunFixhealth.sp::Event_PlayerDeath
L 12/23/2025 - 17:23:37: [SM] Exception reported: Invalid convar handle 0 (error 4)
L 12/23/2025 - 17:23:37: [SM] Blaming: ÒankrunFixhealth.smx
L 12/23/2025 - 17:23:37: [SM] Call stack trace:
L 12/23/2025 - 17:23:37: [SM]   [0] GetConVarString
L 12/23/2025 - 17:23:37: [SM]   [1] Line 138, C:\Users\Moises\Downloads\Compressed\sourcemod-1.11.0-git6968-windows\addons\sourcemod\scripting\ÒankrunFixhealth.sp::IsTankRunActive
L 12/23/2025 - 17:23:37: [SM]   [2] Line 79, C:\Users\Moises\Downloads\Compressed\sourcemod-1.11.0-git6968-windows\addons\sourcemod\scripting\ÒankrunFixhealth.sp::Event_PlayerDeath
L 12/23/2025 - 17:23:39: [SM] Exception reported: Invalid convar handle 0 (error 4)
L 12/23/2025 - 17:23:39: [SM] Blaming: ÒankrunFixhealth.smx
L 12/23/2025 - 17:23:39: [SM] Call stack trace:
L 12/23/2025 - 17:23:40: [SM]   [0] GetConVarString
L 12/23/2025 - 17:23:40: [SM]   [1] Line 138, C:\Users\Moises\Downloads\Compressed\sourcemod-1.11.0-git6968-windows\addons\sourcemod\scripting\ÒankrunFixhealth.sp::IsTankRunActive
L 12/23/2025 - 17:23:40: [SM]   [2] Line 36, C:\Users\Moises\Downloads\Compressed\sourcemod-1.11.0-git6968-windows\addons\sourcemod\scripting\ÒankrunFixhealth.sp::Timer_PeriodicCheck
L 12/23/2025 - 17:23:41: [SM] Exception reported: Invalid timer handle a7700479 (error 1)
L 12/23/2025 - 17:23:41: [SM] Blaming: l4d2_playerjoining_v2.smx
L 12/23/2025 - 17:23:41: [SM] Call stack trace:
L 12/23/2025 - 17:23:41: [SM]   [0] KillTimer
L 12/23/2025 - 17:23:41: [SM]   [1] Line 53, C:\Users\Moises\Downloads\Compressed\sourcemod-1.11.0-git6968-windows\addons\sourcemod\scripting\l4d2_playerjoining_v2.sp::OnClientDisconnect
L 12/23/2025 - 17:23:42: [SM] Exception reported: Invalid convar handle 0 (error 4)
L 12/23/2025 - 17:23:42: [SM] Blaming: ÒankrunFixhealth.smx
L 12/23/2025 - 17:23:42: [SM] Call stack trace:
L 12/23/2025 - 17:23:42: [SM]   [0] GetConVarString
L 12/23/2025 - 17:23:42: [SM]   [1] Line 138, C:\Users\Moises\Downloads\Compressed\sourcemod-1.11.0-git6968-windows\addons\sourcemod\scripting\ÒankrunFixhealth.sp::IsTankRunActive
L 12/23/2025 - 17:23:42: [SM]   [2] Line 79, C:\Users\Moises\Downloads\Compressed\sourcemod-1.11.0-git6968-windows\addons\sourcemod\scripting\ÒankrunFixhealth.sp::Event_PlayerDeath
L 12/23/2025 - 17:23:49: [SM] Exception reported: Invalid convar handle 0 (error 4)
L 12/23/2025 - 17:23:49: [SM] Blaming: ÒankrunFixhealth.smx
L 12/23/2025 - 17:23:49: [SM] Call stack trace:
L 12/23/2025 - 17:23:49: [SM]   [0] GetConVarString
L 12/23/2025 - 17:23:50: [SM]   [1] Line 138, C:\Users\Moises\Downloads\Compressed\sourcemod-1.11.0-git6968-windows\addons\sourcemod\scripting\ÒankrunFixhealth.sp::IsTankRunActive
L 12/23/2025 - 17:23:50: [SM]   [2] Line 36, C:\Users\Moises\Downloads\Compressed\sourcemod-1.11.0-git6968-windows\addons\sourcemod\scripting\ÒankrunFixhealth.sp::Timer_PeriodicCheck
L 12/23/2025 - 17:23:50: [SM] Exception reported: Invalid convar handle 0 (error 4)
L 12/23/2025 - 17:23:50: [SM] Blaming: ÒankrunFixhealth.smx
L 12/23/2025 - 17:23:50: [SM] Call stack trace:
L 12/23/2025 - 17:23:50: [SM]   [0] GetConVarString
L 12/23/2025 - 17:23:50: [SM]   [1] Line 138, C:\Users\Moises\Downloads\Compressed\sourcemod-1.11.0-git6968-windows\addons\sourcemod\scripting\ÒankrunFixhealth.sp::IsTankRunActive
L 12/23/2025 - 17:23:50: [SM]   [2] Line 79, C:\Users\Moises\Downloads\Compressed\sourcemod-1.11.0-git6968-windows\addons\sourcemod\scripting\ÒankrunFixhealth.sp::Event_PlayerDeath
L 12/23/2025 - 17:23:50: [SM] Exception reported: Invalid convar handle 0 (error 4)
L 12/23/2025 - 17:23:50: [SM] Blaming: ÒankrunFixhealth.smx
L 12/23/2025 - 17:23:50: [SM] Call stack trace:
L 12/23/2025 - 17:23:50: [SM]   [0] GetConVarString
L 12/23/2025 - 17:23:50: [SM]   [1] Line 138, C:\Users\Moises\Downloads\Compressed\sourcemod-1.11.0-git6968-windows\addons\sourcemod\scripting\ÒankrunFixhealth.sp::IsTankRunActive
L 12/23/2025 - 17:23:50: [SM]   [2] Line 79, C:\Users\Moises\Downloads\Compressed\sourcemod-1.11.0-git6968-windows\addons\sourcemod\scripting\ÒankrunFixhealth.sp::Event_PlayerDeath
L 12/23/2025 - 17:23:56: [SM] Exception reported: Language phrase "Please wait to be revived or rescued" not found (arg 6)
L 12/23/2025 - 17:23:56: [SM] Blaming: l4dmultislots.smx
L 12/23/2025 - 17:23:56: [SM] Call stack trace:
L 12/23/2025 - 17:23:56: [SM]   [0] PrintToChat
L 12/23/2025 - 17:23:56: [SM]   [1] Line 953, d:\Github\Private-Work\L4D2-Êèí‰ª∂\scripting_1.11\l4dmultislots.sp::Timer_SpecCheck
L 12/23/2025 - 17:23:59: [SM] Exception reported: Invalid convar handle 0 (error 4)
L 12/23/2025 - 17:23:59: [SM] Blaming: ÒankrunFixhealth.smx
L 12/23/2025 - 17:23:59: [SM] Call stack trace:
L 12/23/2025 - 17:23:59: [SM]   [0] GetConVarString
L 12/23/2025 - 17:24:00: [SM]   [1] Line 138, C:\Users\Moises\Downloads\Compressed\sourcemod-1.11.0-git6968-windows\addons\sourcemod\scripting\ÒankrunFixhealth.sp::IsTankRunActive
L 12/23/2025 - 17:24:00: [SM]   [2] Line 36, C:\Users\Moises\Downloads\Compressed\sourcemod-1.11.0-git6968-windows\addons\sourcemod\scripting\ÒankrunFixhealth.sp::Timer_PeriodicCheck
L 12/23/2025 - 17:24:09: [SM] Exception reported: Invalid convar handle 0 (error 4)
L 12/23/2025 - 17:24:09: [SM] Blaming: ÒankrunFixhealth.smx
L 12/23/2025 - 17:24:09: [SM] Call stack trace:
L 12/23/2025 - 17:24:09: [SM]   [0] GetConVarString
L 12/23/2025 - 17:24:09: [SM]   [1] Line 138, C:\Users\Moises\Downloads\Compressed\sourcemod-1.11.0-git6968-windows\addons\sourcemod\scripting\ÒankrunFixhealth.sp::IsTankRunActive
L 12/23/2025 - 17:24:10: [SM]   [2] Line 36, C:\Users\Moises\Downloads\Compressed\sourcemod-1.11.0-git6968-windows\addons\sourcemod\scripting\ÒankrunFixhealth.sp::Timer_PeriodicCheck
L 12/23/2025 - 17:24:19: [SM] Exception reported: Invalid convar handle 0 (error 4)
L 12/23/2025 - 17:24:19: [SM] Blaming: ÒankrunFixhealth.smx
L 12/23/2025 - 17:24:19: [SM] Call stack trace:
L 12/23/2025 - 17:24:19: [SM]   [0] GetConVarString
L 12/23/2025 - 17:24:19: [SM]   [1] Line 138, C:\Users\Moises\Downloads\Compressed\sourcemod-1.11.0-git6968-windows\addons\sourcemod\scripting\ÒankrunFixhealth.sp::IsTankRunActive
L 12/23/2025 - 17:24:20: [SM]   [2] Line 36, C:\Users\Moises\Downloads\Compressed\sourcemod-1.11.0-git6968-windows\addons\sourcemod\scripting\ÒankrunFixhealth.sp::Timer_PeriodicCheck
L 12/23/2025 - 17:24:21: [SM] Exception reported: Language phrase "Please wait to be revived or rescued" not found (arg 6)
L 12/23/2025 - 17:24:21: [SM] Blaming: l4dmultislots.smx
L 12/23/2025 - 17:24:21: [SM] Call stack trace:
L 12/23/2025 - 17:24:21: [SM]   [0] PrintToChat
L 12/23/2025 - 17:24:21: [SM]   [1] Line 953, d:\Github\Private-Work\L4D2-Êèí‰ª∂\scripting_1.11\l4dmultislots.sp::Timer_SpecCheck
L 12/23/2025 - 17:24:29: [SM] Exception reported: Invalid convar handle 0 (error 4)
L 12/23/2025 - 17:24:29: [SM] Blaming: ÒankrunFixhealth.smx
L 12/23/2025 - 17:24:29: [SM] Call stack trace:
L 12/23/2025 - 17:24:30: [SM]   [0] GetConVarString
L 12/23/2025 - 17:24:30: [SM]   [1] Line 138, C:\Users\Moises\Downloads\Compressed\sourcemod-1.11.0-git6968-windows\addons\sourcemod\scripting\ÒankrunFixhealth.sp::IsTankRunActive
L 12/23/2025 - 17:24:30: [SM]   [2] Line 36, C:\Users\Moises\Downloads\Compressed\sourcemod-1.11.0-git6968-windows\addons\sourcemod\scripting\ÒankrunFixhealth.sp::Timer_PeriodicCheck
L 12/23/2025 - 17:24:36: [SM] Exception reported: Invalid convar handle 0 (error 4)
L 12/23/2025 - 17:24:36: [SM] Blaming: ÒankrunFixhealth.smx
L 12/23/2025 - 17:24:36: [SM] Call stack trace:
L 12/23/2025 - 17:24:36: [SM]   [0] GetConVarString
L 12/23/2025 - 17:24:36: [SM]   [1] Line 138, C:\Users\Moises\Downloads\Compressed\sourcemod-1.11.0-git6968-windows\addons\sourcemod\scripting\ÒankrunFixhealth.sp::IsTankRunActive
L 12/23/2025 - 17:24:36: [SM]   [2] Line 79, C:\Users\Moises\Downloads\Compressed\sourcemod-1.11.0-git6968-windows\addons\sourcemod\scripting\ÒankrunFixhealth.sp::Event_PlayerDeath
L 12/23/2025 - 17:24:39: [SM] Exception reported: Invalid convar handle 0 (error 4)
L 12/23/2025 - 17:24:39: [SM] Blaming: ÒankrunFixhealth.smx
L 12/23/2025 - 17:24:39: [SM] Call stack trace:
L 12/23/2025 - 17:24:39: [SM]   [0] GetConVarString
L 12/23/2025 - 17:24:39: [SM]   [1] Line 138, C:\Users\Moises\Downloads\Compressed\sourcemod-1.11.0-git6968-windows\addons\sourcemod\scripting\ÒankrunFixhealth.sp::IsTankRunActive
L 12/23/2025 - 17:24:39: [SM]   [2] Line 79, C:\Users\Moises\Downloads\Compressed\sourcemod-1.11.0-git6968-windows\addons\sourcemod\scripting\ÒankrunFixhealth.sp::Event_PlayerDeath
L 12/23/2025 - 17:24:39: [SM] Exception reported: Invalid convar handle 0 (error 4)
L 12/23/2025 - 17:24:39: [SM] Blaming: ÒankrunFixhealth.smx
L 12/23/2025 - 17:24:39: [SM] Call stack trace:
L 12/23/2025 - 17:24:39: [SM]   [0] GetConVarString
L 12/23/2025 - 17:24:40: [SM]   [1] Line 138, C:\Users\Moises\Downloads\Compressed\sourcemod-1.11.0-git6968-windows\addons\sourcemod\scripting\ÒankrunFixhealth.sp::IsTankRunActive
L 12/23/2025 - 17:24:40: [SM]   [2] Line 36, C:\Users\Moises\Downloads\Compressed\sourcemod-1.11.0-git6968-windows\addons\sourcemod\scripting\ÒankrunFixhealth.sp::Timer_PeriodicCheck
L 12/23/2025 - 17:24:40: [SM] Exception reported: Invalid convar handle 0 (error 4)
L 12/23/2025 - 17:24:40: [SM] Blaming: ÒankrunFixhealth.smx
L 12/23/2025 - 17:24:40: [SM] Call stack trace:
L 12/23/2025 - 17:24:40: [SM]   [0] GetConVarString
L 12/23/2025 - 17:24:40: [SM]   [1] Line 138, C:\Users\Moises\Downloads\Compressed\sourcemod-1.11.0-git6968-windows\addons\sourcemod\scripting\ÒankrunFixhealth.sp::IsTankRunActive
L 12/23/2025 - 17:24:40: [SM]   [2] Line 91, C:\Users\Moises\Downloads\Compressed\sourcemod-1.11.0-git6968-windows\addons\sourcemod\scripting\ÒankrunFixhealth.sp::Event_MissionLost
L 12/23/2025 - 17:24:43: [SM] Exception reported: Invalid timer handle 8f100479 (error 3)
L 12/23/2025 - 17:24:43: [SM] Blaming: l4d2_playerjoining_v2.smx
L 12/23/2025 - 17:24:43: [SM] Call stack trace:
L 12/23/2025 - 17:24:43: [SM]   [0] KillTimer
L 12/23/2025 - 17:24:43: [SM]   [1] Line 53, C:\Users\Moises\Downloads\Compressed\sourcemod-1.11.0-git6968-windows\addons\sourcemod\scripting\l4d2_playerjoining_v2.sp::OnClientDisconnect
L 12/23/2025 - 17:24:47: [SM] Exception reported: Invalid convar handle 0 (error 4)
L 12/23/2025 - 17:24:47: [SM] Blaming: ÒankrunFixhealth.smx
L 12/23/2025 - 17:24:47: [SM] Call stack trace:
L 12/23/2025 - 17:24:47: [SM]   [0] GetConVarString
L 12/23/2025 - 17:24:47: [SM]   [1] Line 138, C:\Users\Moises\Downloads\Compressed\sourcemod-1.11.0-git6968-windows\addons\sourcemod\scripting\ÒankrunFixhealth.sp::IsTankRunActive
L 12/23/2025 - 17:24:47: [SM]   [2] Line 54, C:\Users\Moises\Downloads\Compressed\sourcemod-1.11.0-git6968-windows\addons\sourcemod\scripting\ÒankrunFixhealth.sp::Event_RoundStart
L 12/23/2025 - 17:24:47: [SM] Exception reported: Invalid timer handle 1ac004d1 (error 1)
L 12/23/2025 - 17:24:47: [SM] Blaming: l4d2_playerjoining_v2.smx
L 12/23/2025 - 17:24:47: [SM] Call stack trace:
L 12/23/2025 - 17:24:47: [SM]   [0] KillTimer
L 12/23/2025 - 17:24:47: [SM]   [1] Line 53, C:\Users\Moises\Downloads\Compressed\sourcemod-1.11.0-git6968-windows\addons\sourcemod\scripting\l4d2_playerjoining_v2.sp::OnClientDisconnect
L 12/23/2025 - 17:24:47: [SM] Exception reported: Invalid timer handle c800044b (error 1)
L 12/23/2025 - 17:24:47: [SM] Blaming: l4d2_playerjoining_v2.smx
L 12/23/2025 - 17:24:47: [SM] Call stack trace:
L 12/23/2025 - 17:24:47: [SM]   [0] KillTimer
L 12/23/2025 - 17:24:47: [SM]   [1] Line 53, C:\Users\Moises\Downloads\Compressed\sourcemod-1.11.0-git6968-windows\addons\sourcemod\scripting\l4d2_playerjoining_v2.sp::OnClientDisconnect
L 12/23/2025 - 17:24:47: [SM] Exception reported: Invalid timer handle 72a00479 (error 1)
L 12/23/2025 - 17:24:47: [SM] Blaming: l4d2_playerjoining_v2.smx
L 12/23/2025 - 17:24:47: [SM] Call stack trace:
L 12/23/2025 - 17:24:47: [SM]   [0] KillTimer
L 12/23/2025 - 17:24:47: [SM]   [1] Line 53, C:\Users\Moises\Downloads\Compressed\sourcemod-1.11.0-git6968-windows\addons\sourcemod\scripting\l4d2_playerjoining_v2.sp::OnClientDisconnect
L 12/23/2025 - 17:24:47: [SM] Exception reported: Invalid timer handle 6cb004bd (error 1)
L 12/23/2025 - 17:24:47: [SM] Blaming: l4d2_playerjoining_v2.smx
L 12/23/2025 - 17:24:47: [SM] Call stack trace:
L 12/23/2025 - 17:24:47: [SM]   [0] KillTimer
L 12/23/2025 - 17:24:47: [SM]   [1] Line 53, C:\Users\Moises\Downloads\Compressed\sourcemod-1.11.0-git6968-windows\addons\sourcemod\scripting\l4d2_playerjoining_v2.sp::OnClientDisconnect
L 12/23/2025 - 17:24:47: [SM] Exception reported: Invalid timer handle da500496 (error 1)
L 12/23/2025 - 17:24:47: [SM] Blaming: l4d2_playerjoining_v2.smx
L 12/23/2025 - 17:24:47: [SM] Call stack trace:
L 12/23/2025 - 17:24:47: [SM]   [0] KillTimer
L 12/23/2025 - 17:24:47: [SM]   [1] Line 53, C:\Users\Moises\Downloads\Compressed\sourcemod-1.11.0-git6968-windows\addons\sourcemod\scripting\l4d2_playerjoining_v2.sp::OnClientDisconnect
L 12/23/2025 - 17:24:47: [SM] Exception reported: Invalid timer handle a7700479 (error 1)
L 12/23/2025 - 17:24:47: [SM] Blaming: l4d2_playerjoining_v2.smx
L 12/23/2025 - 17:24:47: [SM] Call stack trace:
L 12/23/2025 - 17:24:47: [SM]   [0] KillTimer
L 12/23/2025 - 17:24:47: [SM]   [1] Line 53, C:\Users\Moises\Downloads\Compressed\sourcemod-1.11.0-git6968-windows\addons\sourcemod\scripting\l4d2_playerjoining_v2.sp::OnClientDisconnect
L 12/23/2025 - 17:24:50: [SM] Exception reported: Invalid convar handle 0 (error 4)
L 12/23/2025 - 17:24:50: [SM] Blaming: ÒankrunFixhealth.smx
L 12/23/2025 - 17:24:50: [SM] Call stack trace:
L 12/23/2025 - 17:24:50: [SM]   [0] GetConVarString
L 12/23/2025 - 17:24:50: [SM]   [1] Line 138, C:\Users\Moises\Downloads\Compressed\sourcemod-1.11.0-git6968-windows\addons\sourcemod\scripting\ÒankrunFixhealth.sp::IsTankRunActive
L 12/23/2025 - 17:24:50: [SM]   [2] Line 36, C:\Users\Moises\Downloads\Compressed\sourcemod-1.11.0-git6968-windows\addons\sourcemod\scripting\ÒankrunFixhealth.sp::Timer_PeriodicCheck
L 12/23/2025 - 17:25:00: [SM] Exception reported: Invalid convar handle 0 (error 4)
L 12/23/2025 - 17:25:00: [SM] Blaming: ÒankrunFixhealth.smx
L 12/23/2025 - 17:25:00: [SM] Call stack trace:
L 12/23/2025 - 17:25:00: [SM]   [0] GetConVarString
L 12/23/2025 - 17:25:00: [SM]   [1] Line 138, C:\Users\Moises\Downloads\Compressed\sourcemod-1.11.0-git6968-windows\addons\sourcemod\scripting\ÒankrunFixhealth.sp::IsTankRunActive
L 12/23/2025 - 17:25:00: [SM]   [2] Line 36, C:\Users\Moises\Downloads\Compressed\sourcemod-1.11.0-git6968-windows\addons\sourcemod\scripting\ÒankrunFixhealth.sp::Timer_PeriodicCheck
L 12/23/2025 - 17:25:03: [SM] Exception reported: Invalid convar handle 0 (error 4)
L 12/23/2025 - 17:25:03: [SM] Blaming: ÒankrunFixhealth.smx
L 12/23/2025 - 17:25:03: [SM] Call stack trace:
L 12/23/2025 - 17:25:03: [SM]   [0] GetConVarString
L 12/23/2025 - 17:25:03: [SM]   [1] Line 138, C:\Users\Moises\Downloads\Compressed\sourcemod-1.11.0-git6968-windows\addons\sourcemod\scripting\ÒankrunFixhealth.sp::IsTankRunActive
L 12/23/2025 - 17:25:03: [SM]   [2] Line 79, C:\Users\Moises\Downloads\Compressed\sourcemod-1.11.0-git6968-windows\addons\sourcemod\scripting\ÒankrunFixhealth.sp::Event_PlayerDeath
L 12/23/2025 - 17:25:03: [SM] Exception reported: Invalid convar handle 0 (error 4)
L 12/23/2025 - 17:25:03: [SM] Blaming: ÒankrunFixhealth.smx
L 12/23/2025 - 17:25:03: [SM] Call stack trace:
L 12/23/2025 - 17:25:03: [SM]   [0] GetConVarString
L 12/23/2025 - 17:25:03: [SM]   [1] Line 138, C:\Users\Moises\Downloads\Compressed\sourcemod-1.11.0-git6968-windows\addons\sourcemod\scripting\ÒankrunFixhealth.sp::IsTankRunActive
L 12/23/2025 - 17:25:03: [SM]   [2] Line 79, C:\Users\Moises\Downloads\Compressed\sourcemod-1.11.0-git6968-windows\addons\sourcemod\scripting\ÒankrunFixhealth.sp::Event_PlayerDeath
L 12/23/2025 - 17:25:10: [SM] Exception reported: Invalid convar handle 0 (error 4)
L 12/23/2025 - 17:25:10: [SM] Blaming: ÒankrunFixhealth.smx
L 12/23/2025 - 17:25:10: [SM] Call stack trace:
L 12/23/2025 - 17:25:10: [SM]   [0] GetConVarString
L 12/23/2025 - 17:25:10: [SM]   [1] Line 138, C:\Users\Moises\Downloads\Compressed\sourcemod-1.11.0-git6968-windows\addons\sourcemod\scripting\ÒankrunFixhealth.sp::IsTankRunActive
L 12/23/2025 - 17:25:10: [SM]   [2] Line 36, C:\Users\Moises\Downloads\Compressed\sourcemod-1.11.0-git6968-windows\addons\sourcemod\scripting\ÒankrunFixhealth.sp::Timer_PeriodicCheck
L 12/23/2025 - 17:25:12: [SM] Exception reported: Language phrase "Please wait to be revived or rescued" not found (arg 6)
L 12/23/2025 - 17:25:12: [SM] Blaming: l4dmultislots.smx
L 12/23/2025 - 17:25:12: [SM] Call stack trace:
L 12/23/2025 - 17:25:12: [SM]   [0] PrintToChat
L 12/23/2025 - 17:25:12: [SM]   [1] Line 953, d:\Github\Private-Work\L4D2-Êèí‰ª∂\scripting_1.11\l4dmultislots.sp::Timer_SpecCheck
L 12/23/2025 - 17:25:20: [SM] Exception reported: Invalid convar handle 0 (error 4)
L 12/23/2025 - 17:25:20: [SM] Blaming: ÒankrunFixhealth.smx
L 12/23/2025 - 17:25:20: [SM] Call stack trace:
L 12/23/2025 - 17:25:20: [SM]   [0] GetConVarString
L 12/23/2025 - 17:25:20: [SM]   [1] Line 138, C:\Users\Moises\Downloads\Compressed\sourcemod-1.11.0-git6968-windows\addons\sourcemod\scripting\ÒankrunFixhealth.sp::IsTankRunActive
L 12/23/2025 - 17:25:20: [SM]   [2] Line 36, C:\Users\Moises\Downloads\Compressed\sourcemod-1.11.0-git6968-windows\addons\sourcemod\scripting\ÒankrunFixhealth.sp::Timer_PeriodicCheck
L 12/23/2025 - 17:25:30: [SM] Exception reported: Invalid convar handle 0 (error 4)
L 12/23/2025 - 17:25:30: [SM] Blaming: ÒankrunFixhealth.smx
L 12/23/2025 - 17:25:30: [SM] Call stack trace:
L 12/23/2025 - 17:25:30: [SM]   [0] GetConVarString
L 12/23/2025 - 17:25:30: [SM]   [1] Line 138, C:\Users\Moises\Downloads\Compressed\sourcemod-1.11.0-git6968-windows\addons\sourcemod\scripting\ÒankrunFixhealth.sp::IsTankRunActive
L 12/23/2025 - 17:25:30: [SM]   [2] Line 36, C:\Users\Moises\Downloads\Compressed\sourcemod-1.11.0-git6968-windows\addons\sourcemod\scripting\ÒankrunFixhealth.sp::Timer_PeriodicCheck
L 12/23/2025 - 17:25:37: [SM] Exception reported: Language phrase "Please wait to be revived or rescued" not found (arg 6)
L 12/23/2025 - 17:25:37: [SM] Blaming: l4dmultislots.smx
L 12/23/2025 - 17:25:37: [SM] Call stack trace:
L 12/23/2025 - 17:25:37: [SM]   [0] PrintToChat
L 12/23/2025 - 17:25:37: [SM]   [1] Line 953, d:\Github\Private-Work\L4D2-Êèí‰ª∂\scripting_1.11\l4dmultislots.sp::Timer_SpecCheck
L 12/23/2025 - 17:25:38: [SM] Exception reported: Invalid convar handle 0 (error 4)
L 12/23/2025 - 17:25:38: [SM] Blaming: ÒankrunFixhealth.smx
L 12/23/2025 - 17:25:38: [SM] Call stack trace:
L 12/23/2025 - 17:25:38: [SM]   [0] GetConVarString
L 12/23/2025 - 17:25:38: [SM]   [1] Line 138, C:\Users\Moises\Downloads\Compressed\sourcemod-1.11.0-git6968-windows\addons\sourcemod\scripting\ÒankrunFixhealth.sp::IsTankRunActive
L 12/23/2025 - 17:25:38: [SM]   [2] Line 79, C:\Users\Moises\Downloads\Compressed\sourcemod-1.11.0-git6968-windows\addons\sourcemod\scripting\ÒankrunFixhealth.sp::Event_PlayerDeath
L 12/23/2025 - 17:25:40: [SM] Exception reported: Invalid convar handle 0 (error 4)
L 12/23/2025 - 17:25:40: [SM] Blaming: ÒankrunFixhealth.smx
L 12/23/2025 - 17:25:40: [SM] Call stack trace:
L 12/23/2025 - 17:25:40: [SM]   [0] GetConVarString
L 12/23/2025 - 17:25:40: [SM]   [1] Line 138, C:\Users\Moises\Downloads\Compressed\sourcemod-1.11.0-git6968-windows\addons\sourcemod\scripting\ÒankrunFixhealth.sp::IsTankRunActive
L 12/23/2025 - 17:25:40: [SM]   [2] Line 36, C:\Users\Moises\Downloads\Compressed\sourcemod-1.11.0-git6968-windows\addons\sourcemod\scripting\ÒankrunFixhealth.sp::Timer_PeriodicCheck
L 12/23/2025 - 17:25:45: [SM] Exception reported: Invalid timer handle 1ac004d1 (error 1)
L 12/23/2025 - 17:25:45: [SM] Blaming: l4d2_playerjoining_v2.smx
L 12/23/2025 - 17:25:45: [SM] Call stack trace:
L 12/23/2025 - 17:25:45: [SM]   [0] KillTimer
L 12/23/2025 - 17:25:45: [SM]   [1] Line 53, C:\Users\Moises\Downloads\Compressed\sourcemod-1.11.0-git6968-windows\addons\sourcemod\scripting\l4d2_playerjoining_v2.sp::OnClientDisconnect
L 12/23/2025 - 17:25:50: [SM] Exception reported: Invalid convar handle 0 (error 4)
L 12/23/2025 - 17:25:50: [SM] Blaming: ÒankrunFixhealth.smx
L 12/23/2025 - 17:25:50: [SM] Call stack trace:
L 12/23/2025 - 17:25:50: [SM]   [0] GetConVarString
L 12/23/2025 - 17:25:50: [SM]   [1] Line 138, C:\Users\Moises\Downloads\Compressed\sourcemod-1.11.0-git6968-windows\addons\sourcemod\scripting\ÒankrunFixhealth.sp::IsTankRunActive
L 12/23/2025 - 17:25:50: [SM]   [2] Line 36, C:\Users\Moises\Downloads\Compressed\sourcemod-1.11.0-git6968-windows\addons\sourcemod\scripting\ÒankrunFixhealth.sp::Timer_PeriodicCheck
L 12/23/2025 - 17:26:00: [SM] Exception reported: Invalid convar handle 0 (error 4)
L 12/23/2025 - 17:26:00: [SM] Blaming: ÒankrunFixhealth.smx
L 12/23/2025 - 17:26:00: [SM] Call stack trace:
L 12/23/2025 - 17:26:00: [SM]   [0] GetConVarString
L 12/23/2025 - 17:26:00: [SM]   [1] Line 138, C:\Users\Moises\Downloads\Compressed\sourcemod-1.11.0-git6968-windows\addons\sourcemod\scripting\ÒankrunFixhealth.sp::IsTankRunActive
L 12/23/2025 - 17:26:00: [SM]   [2] Line 36, C:\Users\Moises\Downloads\Compressed\sourcemod-1.11.0-git6968-windows\addons\sourcemod\scripting\ÒankrunFixhealth.sp::Timer_PeriodicCheck
L 12/23/2025 - 17:26:02: [SM] Exception reported: Language phrase "Please wait to be revived or rescued" not found (arg 6)
L 12/23/2025 - 17:26:02: [SM] Blaming: l4dmultislots.smx
L 12/23/2025 - 17:26:02: [SM] Call stack trace:
L 12/23/2025 - 17:26:02: [SM]   [0] PrintToChat
L 12/23/2025 - 17:26:02: [SM]   [1] Line 953, d:\Github\Private-Work\L4D2-Êèí‰ª∂\scripting_1.11\l4dmultislots.sp::Timer_SpecCheck
L 12/23/2025 - 17:26:10: [SM] Exception reported: Invalid convar handle 0 (error 4)
L 12/23/2025 - 17:26:10: [SM] Blaming: ÒankrunFixhealth.smx
L 12/23/2025 - 17:26:10: [SM] Call stack trace:
L 12/23/2025 - 17:26:10: [SM]   [0] GetConVarString
L 12/23/2025 - 17:26:10: [SM]   [1] Line 138, C:\Users\Moises\Downloads\Compressed\sourcemod-1.11.0-git6968-windows\addons\sourcemod\scripting\ÒankrunFixhealth.sp::IsTankRunActive
L 12/23/2025 - 17:26:10: [SM]   [2] Line 36, C:\Users\Moises\Downloads\Compressed\sourcemod-1.11.0-git6968-windows\addons\sourcemod\scripting\ÒankrunFixhealth.sp::Timer_PeriodicCheck
L 12/23/2025 - 17:26:20: [SM] Exception reported: Invalid convar handle 0 (error 4)
L 12/23/2025 - 17:26:20: [SM] Blaming: ÒankrunFixhealth.smx
L 12/23/2025 - 17:26:20: [SM] Call stack trace:
L 12/23/2025 - 17:26:20: [SM]   [0] GetConVarString
L 12/23/2025 - 17:26:20: [SM]   [1] Line 138, C:\Users\Moises\Downloads\Compressed\sourcemod-1.11.0-git6968-windows\addons\sourcemod\scripting\ÒankrunFixhealth.sp::IsTankRunActive
L 12/23/2025 - 17:26:20: [SM]   [2] Line 36, C:\Users\Moises\Downloads\Compressed\sourcemod-1.11.0-git6968-windows\addons\sourcemod\scripting\ÒankrunFixhealth.sp::Timer_PeriodicCheck
L 12/23/2025 - 17:26:26: [SM] Exception reported: Invalid timer handle a7700479 (error 3)
L 12/23/2025 - 17:26:26: [SM] Blaming: l4d2_playerjoining_v2.smx
L 12/23/2025 - 17:26:26: [SM] Call stack trace:
L 12/23/2025 - 17:26:26: [SM]   [0] KillTimer
L 12/23/2025 - 17:26:26: [SM]   [1] Line 53, C:\Users\Moises\Downloads\Compressed\sourcemod-1.11.0-git6968-windows\addons\sourcemod\scripting\l4d2_playerjoining_v2.sp::OnClientDisconnect
L 12/23/2025 - 17:26:27: [SM] Exception reported: Language phrase "Please wait to be revived or rescued" not found (arg 6)
L 12/23/2025 - 17:26:27: [SM] Blaming: l4dmultislots.smx
L 12/23/2025 - 17:26:27: [SM] Call stack trace:
L 12/23/2025 - 17:26:27: [SM]   [0] PrintToChat
L 12/23/2025 - 17:26:27: [SM]   [1] Line 953, d:\Github\Private-Work\L4D2-Êèí‰ª∂\scripting_1.11\l4dmultislots.sp::Timer_SpecCheck
L 12/23/2025 - 17:26:30: [SM] Exception reported: Invalid convar handle 0 (error 4)
L 12/23/2025 - 17:26:30: [SM] Blaming: ÒankrunFixhealth.smx
L 12/23/2025 - 17:26:30: [SM] Call stack trace:
L 12/23/2025 - 17:26:30: [SM]   [0] GetConVarString
L 12/23/2025 - 17:26:30: [SM]   [1] Line 138, C:\Users\Moises\Downloads\Compressed\sourcemod-1.11.0-git6968-windows\addons\sourcemod\scripting\ÒankrunFixhealth.sp::IsTankRunActive
L 12/23/2025 - 17:26:30: [SM]   [2] Line 36, C:\Users\Moises\Downloads\Compressed\sourcemod-1.11.0-git6968-windows\addons\sourcemod\scripting\ÒankrunFixhealth.sp::Timer_PeriodicCheck
L 12/23/2025 - 17:26:35: [SM] Exception reported: Invalid convar handle 0 (error 4)
L 12/23/2025 - 17:26:35: [SM] Blaming: ÒankrunFixhealth.smx
L 12/23/2025 - 17:26:35: [SM] Call stack trace:
L 12/23/2025 - 17:26:35: [SM]   [0] GetConVarString
L 12/23/2025 - 17:26:35: [SM]   [1] Line 138, C:\Users\Moises\Downloads\Compressed\sourcemod-1.11.0-git6968-windows\addons\sourcemod\scripting\ÒankrunFixhealth.sp::IsTankRunActive
L 12/23/2025 - 17:26:35: [SM]   [2] Line 79, C:\Users\Moises\Downloads\Compressed\sourcemod-1.11.0-git6968-windows\addons\sourcemod\scripting\ÒankrunFixhealth.sp::Event_PlayerDeath
L 12/23/2025 - 17:26:40: [SM] Exception reported: Invalid convar handle 0 (error 4)
L 12/23/2025 - 17:26:40: [SM] Blaming: ÒankrunFixhealth.smx
L 12/23/2025 - 17:26:40: [SM] Call stack trace:
L 12/23/2025 - 17:26:40: [SM]   [0] GetConVarString
L 12/23/2025 - 17:26:40: [SM]   [1] Line 138, C:\Users\Moises\Downloads\Compressed\sourcemod-1.11.0-git6968-windows\addons\sourcemod\scripting\ÒankrunFixhealth.sp::IsTankRunActive
L 12/23/2025 - 17:26:40: [SM]   [2] Line 36, C:\Users\Moises\Downloads\Compressed\sourcemod-1.11.0-git6968-windows\addons\sourcemod\scripting\ÒankrunFixhealth.sp::Timer_PeriodicCheck
L 12/23/2025 - 17:26:45: [SM] Exception reported: Invalid convar handle 0 (error 4)
L 12/23/2025 - 17:26:45: [SM] Blaming: ÒankrunFixhealth.smx
L 12/23/2025 - 17:26:45: [SM] Call stack trace:
L 12/23/2025 - 17:26:45: [SM]   [0] GetConVarString
L 12/23/2025 - 17:26:45: [SM]   [1] Line 138, C:\Users\Moises\Downloads\Compressed\sourcemod-1.11.0-git6968-windows\addons\sourcemod\scripting\ÒankrunFixhealth.sp::IsTankRunActive
L 12/23/2025 - 17:26:45: [SM]   [2] Line 79, C:\Users\Moises\Downloads\Compressed\sourcemod-1.11.0-git6968-windows\addons\sourcemod\scripting\ÒankrunFixhealth.sp::Event_PlayerDeath
L 12/23/2025 - 17:26:50: [SM] Exception reported: Invalid convar handle 0 (error 4)
L 12/23/2025 - 17:26:50: [SM] Blaming: ÒankrunFixhealth.smx
L 12/23/2025 - 17:26:50: [SM] Call stack trace:
L 12/23/2025 - 17:26:50: [SM]   [0] GetConVarString
L 12/23/2025 - 17:26:50: [SM]   [1] Line 138, C:\Users\Moises\Downloads\Compressed\sourcemod-1.11.0-git6968-windows\addons\sourcemod\scripting\ÒankrunFixhealth.sp::IsTankRunActive
L 12/23/2025 - 17:26:50: [SM]   [2] Line 36, C:\Users\Moises\Downloads\Compressed\sourcemod-1.11.0-git6968-windows\addons\sourcemod\scripting\ÒankrunFixhealth.sp::Timer_PeriodicCheck
L 12/23/2025 - 17:26:52: [SM] Exception reported: Language phrase "Please wait to be revived or rescued" not found (arg 6)
L 12/23/2025 - 17:26:52: [SM] Blaming: l4dmultislots.smx
L 12/23/2025 - 17:26:52: [SM] Call stack trace:
L 12/23/2025 - 17:26:52: [SM]   [0] PrintToChat
L 12/23/2025 - 17:26:52: [SM]   [1] Line 953, d:\Github\Private-Work\L4D2-Êèí‰ª∂\scripting_1.11\l4dmultislots.sp::Timer_SpecCheck
L 12/23/2025 - 17:26:55: [SM] Exception reported: Invalid convar handle 0 (error 4)
L 12/23/2025 - 17:26:55: [SM] Blaming: ÒankrunFixhealth.smx
L 12/23/2025 - 17:26:55: [SM] Call stack trace:
L 12/23/2025 - 17:26:55: [SM]   [0] GetConVarString
L 12/23/2025 - 17:26:55: [SM]   [1] Line 138, C:\Users\Moises\Downloads\Compressed\sourcemod-1.11.0-git6968-windows\addons\sourcemod\scripting\ÒankrunFixhealth.sp::IsTankRunActive
L 12/23/2025 - 17:26:55: [SM]   [2] Line 79, C:\Users\Moises\Downloads\Compressed\sourcemod-1.11.0-git6968-windows\addons\sourcemod\scripting\ÒankrunFixhealth.sp::Event_PlayerDeath
L 12/23/2025 - 17:27:00: [SM] Exception reported: Invalid convar handle 0 (error 4)
L 12/23/2025 - 17:27:00: [SM] Blaming: ÒankrunFixhealth.smx
L 12/23/2025 - 17:27:00: [SM] Call stack trace:
L 12/23/2025 - 17:27:00: [SM]   [0] GetConVarString
L 12/23/2025 - 17:27:00: [SM]   [1] Line 138, C:\Users\Moises\Downloads\Compressed\sourcemod-1.11.0-git6968-windows\addons\sourcemod\scripting\ÒankrunFixhealth.sp::IsTankRunActive
L 12/23/2025 - 17:27:00: [SM]   [2] Line 36, C:\Users\Moises\Downloads\Compressed\sourcemod-1.11.0-git6968-windows\addons\sourcemod\scripting\ÒankrunFixhealth.sp::Timer_PeriodicCheck
L 12/23/2025 - 17:27:10: [SM] Exception reported: Invalid convar handle 0 (error 4)
L 12/23/2025 - 17:27:10: [SM] Blaming: ÒankrunFixhealth.smx
L 12/23/2025 - 17:27:10: [SM] Call stack trace:
L 12/23/2025 - 17:27:10: [SM]   [0] GetConVarString
L 12/23/2025 - 17:27:10: [SM]   [1] Line 138, C:\Users\Moises\Downloads\Compressed\sourcemod-1.11.0-git6968-windows\addons\sourcemod\scripting\ÒankrunFixhealth.sp::IsTankRunActive
L 12/23/2025 - 17:27:10: [SM]   [2] Line 36, C:\Users\Moises\Downloads\Compressed\sourcemod-1.11.0-git6968-windows\addons\sourcemod\scripting\ÒankrunFixhealth.sp::Timer_PeriodicCheck
L 12/23/2025 - 17:27:17: [SM] Exception reported: Language phrase "Please wait to be revived or rescued" not found (arg 6)
L 12/23/2025 - 17:27:17: [SM] Blaming: l4dmultislots.smx
L 12/23/2025 - 17:27:17: [SM] Call stack trace:
L 12/23/2025 - 17:27:17: [SM]   [0] PrintToChat
L 12/23/2025 - 17:27:17: [SM]   [1] Line 953, d:\Github\Private-Work\L4D2-Êèí‰ª∂\scripting_1.11\l4dmultislots.sp::Timer_SpecCheck
L 12/23/2025 - 17:27:20: [SM] Exception reported: Invalid convar handle 0 (error 4)
L 12/23/2025 - 17:27:20: [SM] Blaming: ÒankrunFixhealth.smx
L 12/23/2025 - 17:27:20: [SM] Call stack trace:
L 12/23/2025 - 17:27:20: [SM]   [0] GetConVarString
L 12/23/2025 - 17:27:20: [SM]   [1] Line 138, C:\Users\Moises\Downloads\Compressed\sourcemod-1.11.0-git6968-windows\addons\sourcemod\scripting\ÒankrunFixhealth.sp::IsTankRunActive
L 12/23/2025 - 17:27:20: [SM]   [2] Line 36, C:\Users\Moises\Downloads\Compressed\sourcemod-1.11.0-git6968-windows\addons\sourcemod\scripting\ÒankrunFixhealth.sp::Timer_PeriodicCheck
L 12/23/2025 - 17:27:22: [SM] Exception reported: Invalid convar handle 0 (error 4)
L 12/23/2025 - 17:27:22: [SM] Blaming: ÒankrunFixhealth.smx
L 12/23/2025 - 17:27:22: [SM] Call stack trace:
L 12/23/2025 - 17:27:22: [SM]   [0] GetConVarString
L 12/23/2025 - 17:27:22: [SM]   [1] Line 138, C:\Users\Moises\Downloads\Compressed\sourcemod-1.11.0-git6968-windows\addons\sourcemod\scripting\ÒankrunFixhealth.sp::IsTankRunActive
L 12/23/2025 - 17:27:22: [SM]   [2] Line 79, C:\Users\Moises\Downloads\Compressed\sourcemod-1.11.0-git6968-windows\addons\sourcemod\scripting\ÒankrunFixhealth.sp::Event_PlayerDeath
L 12/23/2025 - 17:27:29: [SM] Exception reported: Invalid timer handle 6cb004bd (error 3)
L 12/23/2025 - 17:27:29: [SM] Blaming: l4d2_playerjoining_v2.smx
L 12/23/2025 - 17:27:29: [SM] Call stack trace:
L 12/23/2025 - 17:27:29: [SM]   [0] KillTimer
L 12/23/2025 - 17:27:29: [SM]   [1] Line 53, C:\Users\Moises\Downloads\Compressed\sourcemod-1.11.0-git6968-windows\addons\sourcemod\scripting\l4d2_playerjoining_v2.sp::OnClientDisconnect
L 12/23/2025 - 17:27:30: [SM] Exception reported: Invalid convar handle 0 (error 4)
L 12/23/2025 - 17:27:30: [SM] Blaming: ÒankrunFixhealth.smx
L 12/23/2025 - 17:27:30: [SM] Call stack trace:
L 12/23/2025 - 17:27:30: [SM]   [0] GetConVarString
L 12/23/2025 - 17:27:30: [SM]   [1] Line 138, C:\Users\Moises\Downloads\Compressed\sourcemod-1.11.0-git6968-windows\addons\sourcemod\scripting\ÒankrunFixhealth.sp::IsTankRunActive
L 12/23/2025 - 17:27:30: [SM]   [2] Line 36, C:\Users\Moises\Downloads\Compressed\sourcemod-1.11.0-git6968-windows\addons\sourcemod\scripting\ÒankrunFixhealth.sp::Timer_PeriodicCheck
L 12/23/2025 - 17:27:40: [SM] Exception reported: Invalid convar handle 0 (error 4)
L 12/23/2025 - 17:27:40: [SM] Blaming: ÒankrunFixhealth.smx
L 12/23/2025 - 17:27:40: [SM] Call stack trace:
L 12/23/2025 - 17:27:40: [SM]   [0] GetConVarString
L 12/23/2025 - 17:27:40: [SM]   [1] Line 138, C:\Users\Moises\Downloads\Compressed\sourcemod-1.11.0-git6968-windows\addons\sourcemod\scripting\ÒankrunFixhealth.sp::IsTankRunActive
L 12/23/2025 - 17:27:40: [SM]   [2] Line 36, C:\Users\Moises\Downloads\Compressed\sourcemod-1.11.0-git6968-windows\addons\sourcemod\scripting\ÒankrunFixhealth.sp::Timer_PeriodicCheck
L 12/23/2025 - 17:27:42: [SM] Exception reported: Invalid convar handle 0 (error 4)
L 12/23/2025 - 17:27:42: [SM] Blaming: ÒankrunFixhealth.smx
L 12/23/2025 - 17:27:42: [SM] Call stack trace:
L 12/23/2025 - 17:27:42: [SM]   [0] GetConVarString
L 12/23/2025 - 17:27:42: [SM]   [1] Line 138, C:\Users\Moises\Downloads\Compressed\sourcemod-1.11.0-git6968-windows\addons\sourcemod\scripting\ÒankrunFixhealth.sp::IsTankRunActive
L 12/23/2025 - 17:27:42: [SM]   [2] Line 79, C:\Users\Moises\Downloads\Compressed\sourcemod-1.11.0-git6968-windows\addons\sourcemod\scripting\ÒankrunFixhealth.sp::Event_PlayerDeath
L 12/23/2025 - 17:27:42: [SM] Exception reported: Language phrase "Please wait to be revived or rescued" not found (arg 6)
L 12/23/2025 - 17:27:42: [SM] Blaming: l4dmultislots.smx
L 12/23/2025 - 17:27:42: [SM] Call stack trace:
L 12/23/2025 - 17:27:42: [SM]   [0] PrintToChat
L 12/23/2025 - 17:27:42: [SM]   [1] Line 953, d:\Github\Private-Work\L4D2-Êèí‰ª∂\scripting_1.11\l4dmultislots.sp::Timer_SpecCheck
L 12/23/2025 - 17:27:50: [SM] Exception reported: Invalid convar handle 0 (error 4)
L 12/23/2025 - 17:27:50: [SM] Blaming: ÒankrunFixhealth.smx
L 12/23/2025 - 17:27:50: [SM] Call stack trace:
L 12/23/2025 - 17:27:50: [SM]   [0] GetConVarString
L 12/23/2025 - 17:27:50: [SM]   [1] Line 138, C:\Users\Moises\Downloads\Compressed\sourcemod-1.11.0-git6968-windows\addons\sourcemod\scripting\ÒankrunFixhealth.sp::IsTankRunActive
L 12/23/2025 - 17:27:50: [SM]   [2] Line 36, C:\Users\Moises\Downloads\Compressed\sourcemod-1.11.0-git6968-windows\addons\sourcemod\scripting\ÒankrunFixhealth.sp::Timer_PeriodicCheck
L 12/23/2025 - 17:27:56: [SM] Exception reported: Invalid convar handle 0 (error 4)
L 12/23/2025 - 17:27:56: [SM] Blaming: ÒankrunFixhealth.smx
L 12/23/2025 - 17:27:56: [SM] Call stack trace:
L 12/23/2025 - 17:27:56: [SM]   [0] GetConVarString
L 12/23/2025 - 17:27:56: [SM]   [1] Line 138, C:\Users\Moises\Downloads\Compressed\sourcemod-1.11.0-git6968-windows\addons\sourcemod\scripting\ÒankrunFixhealth.sp::IsTankRunActive
L 12/23/2025 - 17:27:56: [SM]   [2] Line 79, C:\Users\Moises\Downloads\Compressed\sourcemod-1.11.0-git6968-windows\addons\sourcemod\scripting\ÒankrunFixhealth.sp::Event_PlayerDeath
L 12/23/2025 - 17:27:58: [SM] Exception reported: Invalid convar handle 0 (error 4)
L 12/23/2025 - 17:27:58: [SM] Blaming: ÒankrunFixhealth.smx
L 12/23/2025 - 17:27:58: [SM] Call stack trace:
L 12/23/2025 - 17:27:58: [SM]   [0] GetConVarString
L 12/23/2025 - 17:27:58: [SM]   [1] Line 138, C:\Users\Moises\Downloads\Compressed\sourcemod-1.11.0-git6968-windows\addons\sourcemod\scripting\ÒankrunFixhealth.sp::IsTankRunActive
L 12/23/2025 - 17:27:58: [SM]   [2] Line 79, C:\Users\Moises\Downloads\Compressed\sourcemod-1.11.0-git6968-windows\addons\sourcemod\scripting\ÒankrunFixhealth.sp::Event_PlayerDeath
L 12/23/2025 - 17:28:00: [SM] Exception reported: Invalid convar handle 0 (error 4)
L 12/23/2025 - 17:28:00: [SM] Blaming: ÒankrunFixhealth.smx
L 12/23/2025 - 17:28:00: [SM] Call stack trace:
L 12/23/2025 - 17:28:00: [SM]   [0] GetConVarString
L 12/23/2025 - 17:28:00: [SM]   [1] Line 138, C:\Users\Moises\Downloads\Compressed\sourcemod-1.11.0-git6968-windows\addons\sourcemod\scripting\ÒankrunFixhealth.sp::IsTankRunActive
L 12/23/2025 - 17:28:00: [SM]   [2] Line 36, C:\Users\Moises\Downloads\Compressed\sourcemod-1.11.0-git6968-windows\addons\sourcemod\scripting\ÒankrunFixhealth.sp::Timer_PeriodicCheck
L 12/23/2025 - 17:28:05: [SM] Exception reported: Invalid convar handle 0 (error 4)
L 12/23/2025 - 17:28:05: [SM] Blaming: ÒankrunFixhealth.smx
L 12/23/2025 - 17:28:05: [SM] Call stack trace:
L 12/23/2025 - 17:28:05: [SM]   [0] GetConVarString
L 12/23/2025 - 17:28:05: [SM]   [1] Line 138, C:\Users\Moises\Downloads\Compressed\sourcemod-1.11.0-git6968-windows\addons\sourcemod\scripting\ÒankrunFixhealth.sp::IsTankRunActive
L 12/23/2025 - 17:28:05: [SM]   [2] Line 79, C:\Users\Moises\Downloads\Compressed\sourcemod-1.11.0-git6968-windows\addons\sourcemod\scripting\ÒankrunFixhealth.sp::Event_PlayerDeath
L 12/23/2025 - 17:28:05: [SM] Exception reported: Invalid timer handle 1ac004d1 (error 1)
L 12/23/2025 - 17:28:05: [SM] Blaming: l4d2_playerjoining_v2.smx
L 12/23/2025 - 17:28:05: [SM] Call stack trace:
L 12/23/2025 - 17:28:05: [SM]   [0] KillTimer
L 12/23/2025 - 17:28:05: [SM]   [1] Line 53, C:\Users\Moises\Downloads\Compressed\sourcemod-1.11.0-git6968-windows\addons\sourcemod\scripting\l4d2_playerjoining_v2.sp::OnClientDisconnect
L 12/23/2025 - 17:28:07: [SM] Exception reported: Language phrase "Please wait to be revived or rescued" not found (arg 6)
L 12/23/2025 - 17:28:07: [SM] Blaming: l4dmultislots.smx
L 12/23/2025 - 17:28:07: [SM] Call stack trace:
L 12/23/2025 - 17:28:07: [SM]   [0] PrintToChat
L 12/23/2025 - 17:28:07: [SM]   [1] Line 953, d:\Github\Private-Work\L4D2-Êèí‰ª∂\scripting_1.11\l4dmultislots.sp::Timer_SpecCheck
L 12/23/2025 - 17:28:10: [SM] Exception reported: Invalid convar handle 0 (error 4)
L 12/23/2025 - 17:28:10: [SM] Blaming: ÒankrunFixhealth.smx
L 12/23/2025 - 17:28:10: [SM] Call stack trace:
L 12/23/2025 - 17:28:10: [SM]   [0] GetConVarString
L 12/23/2025 - 17:28:10: [SM]   [1] Line 138, C:\Users\Moises\Downloads\Compressed\sourcemod-1.11.0-git6968-windows\addons\sourcemod\scripting\ÒankrunFixhealth.sp::IsTankRunActive
L 12/23/2025 - 17:28:10: [SM]   [2] Line 36, C:\Users\Moises\Downloads\Compressed\sourcemod-1.11.0-git6968-windows\addons\sourcemod\scripting\ÒankrunFixhealth.sp::Timer_PeriodicCheck
L 12/23/2025 - 17:28:11: [SM] Exception reported: Invalid convar handle 0 (error 4)
L 12/23/2025 - 17:28:11: [SM] Blaming: ÒankrunFixhealth.smx
L 12/23/2025 - 17:28:11: [SM] Call stack trace:
L 12/23/2025 - 17:28:11: [SM]   [0] GetConVarString
L 12/23/2025 - 17:28:11: [SM]   [1] Line 138, C:\Users\Moises\Downloads\Compressed\sourcemod-1.11.0-git6968-windows\addons\sourcemod\scripting\ÒankrunFixhealth.sp::IsTankRunActive
L 12/23/2025 - 17:28:11: [SM]   [2] Line 79, C:\Users\Moises\Downloads\Compressed\sourcemod-1.11.0-git6968-windows\addons\sourcemod\scripting\ÒankrunFixhealth.sp::Event_PlayerDeath
L 12/23/2025 - 17:28:18: [SM] Exception reported: Invalid timer handle 6cb004bd (error 3)
L 12/23/2025 - 17:28:18: [SM] Blaming: l4d2_playerjoining_v2.smx
L 12/23/2025 - 17:28:18: [SM] Call stack trace:
L 12/23/2025 - 17:28:18: [SM]   [0] KillTimer
L 12/23/2025 - 17:28:18: [SM]   [1] Line 53, C:\Users\Moises\Downloads\Compressed\sourcemod-1.11.0-git6968-windows\addons\sourcemod\scripting\l4d2_playerjoining_v2.sp::OnClientDisconnect
L 12/23/2025 - 17:28:19: [SM] Exception reported: Invalid convar handle 0 (error 4)
L 12/23/2025 - 17:28:19: [SM] Blaming: ÒankrunFixhealth.smx
L 12/23/2025 - 17:28:19: [SM] Call stack trace:
L 12/23/2025 - 17:28:19: [SM]   [0] GetConVarString
L 12/23/2025 - 17:28:19: [SM]   [1] Line 138, C:\Users\Moises\Downloads\Compressed\sourcemod-1.11.0-git6968-windows\addons\sourcemod\scripting\ÒankrunFixhealth.sp::IsTankRunActive
L 12/23/2025 - 17:28:19: [SM]   [2] Line 71, C:\Users\Moises\Downloads\Compressed\sourcemod-1.11.0-git6968-windows\addons\sourcemod\scripting\ÒankrunFixhealth.sp::Event_MapTransition
L 12/23/2025 - 17:28:20: [SM] Exception reported: Invalid convar handle 0 (error 4)
L 12/23/2025 - 17:28:20: [SM] Blaming: ÒankrunFixhealth.smx
L 12/23/2025 - 17:28:20: [SM] Call stack trace:
L 12/23/2025 - 17:28:20: [SM]   [0] GetConVarString
L 12/23/2025 - 17:28:20: [SM]   [1] Line 138, C:\Users\Moises\Downloads\Compressed\sourcemod-1.11.0-git6968-windows\addons\sourcemod\scripting\ÒankrunFixhealth.sp::IsTankRunActive
L 12/23/2025 - 17:28:20: [SM]   [2] Line 36, C:\Users\Moises\Downloads\Compressed\sourcemod-1.11.0-git6968-windows\addons\sourcemod\scripting\ÒankrunFixhealth.sp::Timer_PeriodicCheck
L 12/23/2025 - 17:28:27: [SM] Exception reported: Invalid timer handle 1ac004d1 (error 1)
L 12/23/2025 - 17:28:27: [SM] Blaming: l4d2_playerjoining_v2.smx
L 12/23/2025 - 17:28:27: [SM] Call stack trace:
L 12/23/2025 - 17:28:27: [SM]   [0] KillTimer
L 12/23/2025 - 17:28:27: [SM]   [1] Line 53, C:\Users\Moises\Downloads\Compressed\sourcemod-1.11.0-git6968-windows\addons\sourcemod\scripting\l4d2_playerjoining_v2.sp::OnClientDisconnect
L 12/23/2025 - 17:28:27: [SM] Exception reported: Invalid timer handle c800044b (error 3)
L 12/23/2025 - 17:28:27: [SM] Blaming: l4d2_playerjoining_v2.smx
L 12/23/2025 - 17:28:27: [SM] Call stack trace:
L 12/23/2025 - 17:28:27: [SM]   [0] KillTimer
L 12/23/2025 - 17:28:27: [SM]   [1] Line 53, C:\Users\Moises\Downloads\Compressed\sourcemod-1.11.0-git6968-windows\addons\sourcemod\scripting\l4d2_playerjoining_v2.sp::OnClientDisconnect
L 12/23/2025 - 17:28:27: [SM] Exception reported: Invalid timer handle 8f100479 (error 3)
L 12/23/2025 - 17:28:27: [SM] Blaming: l4d2_playerjoining_v2.smx
L 12/23/2025 - 17:28:27: [SM] Call stack trace:
L 12/23/2025 - 17:28:27: [SM]   [0] KillTimer
L 12/23/2025 - 17:28:27: [SM]   [1] Line 53, C:\Users\Moises\Downloads\Compressed\sourcemod-1.11.0-git6968-windows\addons\sourcemod\scripting\l4d2_playerjoining_v2.sp::OnClientDisconnect
L 12/23/2025 - 17:28:27: [SM] Exception reported: Invalid timer handle a7700479 (error 3)
L 12/23/2025 - 17:28:27: [SM] Blaming: l4d2_playerjoining_v2.smx
L 12/23/2025 - 17:28:27: [SM] Call stack trace:
L 12/23/2025 - 17:28:27: [SM]   [0] KillTimer
L 12/23/2025 - 17:28:27: [SM]   [1] Line 53, C:\Users\Moises\Downloads\Compressed\sourcemod-1.11.0-git6968-windows\addons\sourcemod\scripting\l4d2_playerjoining_v2.sp::OnClientDisconnect
L 12/23/2025 - 17:28:27: [SM] Exception reported: Invalid timer handle da500496 (error 1)
L 12/23/2025 - 17:28:27: [SM] Blaming: l4d2_playerjoining_v2.smx
L 12/23/2025 - 17:28:27: [SM] Call stack trace:
L 12/23/2025 - 17:28:27: [SM]   [0] KillTimer
L 12/23/2025 - 17:28:27: [SM]   [1] Line 53, C:\Users\Moises\Downloads\Compressed\sourcemod-1.11.0-git6968-windows\addons\sourcemod\scripting\l4d2_playerjoining_v2.sp::OnClientDisconnect
L 12/23/2025 - 17:28:29: Error log file session closed.
L 12/23/2025 - 17:28:29: SourceMod error session started
L 12/23/2025 - 17:28:29: Info (map "c5m4_quarter") (file "d:\steamlibrary\steamapps\common\left 4 dead 2\left4dead2\addons\sourcemod\logs\errors_20251223.log")
L 12/23/2025 - 17:28:29: [SM] Fatal error encountered parsing translation file "l4d_nth.phrases.txt"
L 12/23/2025 - 17:28:29: [SM] Error (line 0, column 0): Stream failed to open
L 12/23/2025 - 17:28:29: [SM] Fatal error encountered parsing translation file "chargersteering.phrases.txt"
L 12/23/2025 - 17:28:29: [SM] Error (line 0, column 0): Stream failed to open
L 12/23/2025 - 17:28:29: [SM] Fatal error encountered parsing translation file "l4dmultislots.phrases.txt"
L 12/23/2025 - 17:28:29: [SM] Error (line 0, column 0): Stream failed to open
L 12/23/2025 - 17:28:29: [SM] Fatal error encountered parsing translation file "lilac.phrases.txt"
L 12/23/2025 - 17:28:29: [SM] Error (line 0, column 0): Stream failed to open
L 12/23/2025 - 17:28:31: [SM] Exception reported: Invalid convar handle 0 (error 4)
L 12/23/2025 - 17:28:31: [SM] Blaming: ÒankrunFixhealth.smx
L 12/23/2025 - 17:28:31: [SM] Call stack trace:
L 12/23/2025 - 17:28:31: [SM]   [0] GetConVarString
L 12/23/2025 - 17:28:31: [SM]   [1] Line 138, C:\Users\Moises\Downloads\Compressed\sourcemod-1.11.0-git6968-windows\addons\sourcemod\scripting\ÒankrunFixhealth.sp::IsTankRunActive
L 12/23/2025 - 17:28:31: [SM]   [2] Line 54, C:\Users\Moises\Downloads\Compressed\sourcemod-1.11.0-git6968-windows\addons\sourcemod\scripting\ÒankrunFixhealth.sp::Event_RoundStart
L 12/23/2025 - 17:28:31: [l4d2_publicity.smx] [Publicity] No se encontraron mensajes en el archivo de configuraci√≥n
L 12/23/2025 - 17:28:35: [SM] Exception reported: Invalid convar handle 0 (error 4)
L 12/23/2025 - 17:28:35: [SM] Blaming: ÒankrunFixhealth.smx
L 12/23/2025 - 17:28:35: [SM] Call stack trace:
L 12/23/2025 - 17:28:35: [SM]   [0] GetConVarString
L 12/23/2025 - 17:28:35: [SM]   [1] Line 138, C:\Users\Moises\Downloads\Compressed\sourcemod-1.11.0-git6968-windows\addons\sourcemod\scripting\ÒankrunFixhealth.sp::IsTankRunActive
L 12/23/2025 - 17:28:35: [SM]   [2] Line 36, C:\Users\Moises\Downloads\Compressed\sourcemod-1.11.0-git6968-windows\addons\sourcemod\scripting\ÒankrunFixhealth.sp::Timer_PeriodicCheck
L 12/23/2025 - 17:28:45: [SM] Exception reported: Invalid convar handle 0 (error 4)
L 12/23/2025 - 17:28:45: [SM] Blaming: ÒankrunFixhealth.smx
L 12/23/2025 - 17:28:45: [SM] Call stack trace:
L 12/23/2025 - 17:28:45: [SM]   [0] GetConVarString
L 12/23/2025 - 17:28:45: [SM]   [1] Line 138, C:\Users\Moises\Downloads\Compressed\sourcemod-1.11.0-git6968-windows\addons\sourcemod\scripting\ÒankrunFixhealth.sp::IsTankRunActive
L 12/23/2025 - 17:28:45: [SM]   [2] Line 36, C:\Users\Moises\Downloads\Compressed\sourcemod-1.11.0-git6968-windows\addons\sourcemod\scripting\ÒankrunFixhealth.sp::Timer_PeriodicCheck
L 12/23/2025 - 17:28:55: [SM] Exception reported: Invalid timer handle a7700479 (error 3)
L 12/23/2025 - 17:28:55: [SM] Blaming: l4d2_playerjoining_v2.smx
L 12/23/2025 - 17:28:55: [SM] Call stack trace:
L 12/23/2025 - 17:28:55: [SM]   [0] KillTimer
L 12/23/2025 - 17:28:55: [SM]   [1] Line 53, C:\Users\Moises\Downloads\Compressed\sourcemod-1.11.0-git6968-windows\addons\sourcemod\scripting\l4d2_playerjoining_v2.sp::OnClientDisconnect
L 12/23/2025 - 17:28:55: [SM] Exception reported: Invalid convar handle 0 (error 4)
L 12/23/2025 - 17:28:55: [SM] Blaming: ÒankrunFixhealth.smx
L 12/23/2025 - 17:28:55: [SM] Call stack trace:
L 12/23/2025 - 17:28:55: [SM]   [0] GetConVarString
L 12/23/2025 - 17:28:55: [SM]   [1] Line 138, C:\Users\Moises\Downloads\Compressed\sourcemod-1.11.0-git6968-windows\addons\sourcemod\scripting\ÒankrunFixhealth.sp::IsTankRunActive
L 12/23/2025 - 17:28:55: [SM]   [2] Line 36, C:\Users\Moises\Downloads\Compressed\sourcemod-1.11.0-git6968-windows\addons\sourcemod\scripting\ÒankrunFixhealth.sp::Timer_PeriodicCheck
L 12/23/2025 - 17:28:56: [SM] Exception reported: Invalid timer handle da500496 (error 1)
L 12/23/2025 - 17:28:56: [SM] Blaming: l4d2_playerjoining_v2.smx
L 12/23/2025 - 17:28:56: [SM] Call stack trace:
L 12/23/2025 - 17:28:56: [SM]   [0] KillTimer
L 12/23/2025 - 17:28:56: [SM]   [1] Line 53, C:\Users\Moises\Downloads\Compressed\sourcemod-1.11.0-git6968-windows\addons\sourcemod\scripting\l4d2_playerjoining_v2.sp::OnClientDisconnect
L 12/23/2025 - 17:29:03: [SM] Exception reported: Invalid timer handle c800044b (error 1)
L 12/23/2025 - 17:29:03: [SM] Blaming: l4d2_playerjoining_v2.smx
L 12/23/2025 - 17:29:03: [SM] Call stack trace:
L 12/23/2025 - 17:29:03: [SM]   [0] KillTimer
L 12/23/2025 - 17:29:03: [SM]   [1] Line 53, C:\Users\Moises\Downloads\Compressed\sourcemod-1.11.0-git6968-windows\addons\sourcemod\scripting\l4d2_playerjoining_v2.sp::OnClientDisconnect
L 12/23/2025 - 17:29:03: [SM] Exception reported: Invalid timer handle 1ac004d1 (error 1)
L 12/23/2025 - 17:29:03: [SM] Blaming: l4d2_playerjoining_v2.smx
L 12/23/2025 - 17:29:03: [SM] Call stack trace:
L 12/23/2025 - 17:29:03: [SM]   [0] KillTimer
L 12/23/2025 - 17:29:03: [SM]   [1] Line 53, C:\Users\Moises\Downloads\Compressed\sourcemod-1.11.0-git6968-windows\addons\sourcemod\scripting\l4d2_playerjoining_v2.sp::OnClientDisconnect
L 12/23/2025 - 17:29:03: [SM] Exception reported: Invalid timer handle 8f100479 (error 1)
L 12/23/2025 - 17:29:03: [SM] Blaming: l4d2_playerjoining_v2.smx
L 12/23/2025 - 17:29:03: [SM] Call stack trace:
L 12/23/2025 - 17:29:03: [SM]   [0] KillTimer
L 12/23/2025 - 17:29:03: [SM]   [1] Line 53, C:\Users\Moises\Downloads\Compressed\sourcemod-1.11.0-git6968-windows\addons\sourcemod\scripting\l4d2_playerjoining_v2.sp::OnClientDisconnect
L 12/23/2025 - 17:29:09: [SM] Exception reported: Invalid convar handle 0 (error 4)
L 12/23/2025 - 17:29:09: [SM] Blaming: ÒankrunFixhealth.smx
L 12/23/2025 - 17:29:09: [SM] Call stack trace:
L 12/23/2025 - 17:29:09: [SM]   [0] GetConVarString
L 12/23/2025 - 17:29:09: [SM]   [1] Line 138, C:\Users\Moises\Downloads\Compressed\sourcemod-1.11.0-git6968-windows\addons\sourcemod\scripting\ÒankrunFixhealth.sp::IsTankRunActive
L 12/23/2025 - 17:29:09: [SM]   [2] Line 36, C:\Users\Moises\Downloads\Compressed\sourcemod-1.11.0-git6968-windows\addons\sourcemod\scripting\ÒankrunFixhealth.sp::Timer_PeriodicCheck
L 12/23/2025 - 17:29:19: [SM] Exception reported: Invalid convar handle 0 (error 4)
L 12/23/2025 - 17:29:19: [SM] Blaming: ÒankrunFixhealth.smx
L 12/23/2025 - 17:29:19: [SM] Call stack trace:
L 12/23/2025 - 17:29:19: [SM]   [0] GetConVarString
L 12/23/2025 - 17:29:19: [SM]   [1] Line 138, C:\Users\Moises\Downloads\Compressed\sourcemod-1.11.0-git6968-windows\addons\sourcemod\scripting\ÒankrunFixhealth.sp::IsTankRunActive
L 12/23/2025 - 17:29:19: [SM]   [2] Line 36, C:\Users\Moises\Downloads\Compressed\sourcemod-1.11.0-git6968-windows\addons\sourcemod\scripting\ÒankrunFixhealth.sp::Timer_PeriodicCheck
L 12/23/2025 - 17:29:29: [SM] Exception reported: Invalid convar handle 0 (error 4)
L 12/23/2025 - 17:29:29: [SM] Blaming: ÒankrunFixhealth.smx
L 12/23/2025 - 17:29:29: [SM] Call stack trace:
L 12/23/2025 - 17:29:29: [SM]   [0] GetConVarString
L 12/23/2025 - 17:29:29: [SM]   [1] Line 138, C:\Users\Moises\Downloads\Compressed\sourcemod-1.11.0-git6968-windows\addons\sourcemod\scripting\ÒankrunFixhealth.sp::IsTankRunActive
L 12/23/2025 - 17:29:29: [SM]   [2] Line 36, C:\Users\Moises\Downloads\Compressed\sourcemod-1.11.0-git6968-windows\addons\sourcemod\scripting\ÒankrunFixhealth.sp::Timer_PeriodicCheck
L 12/23/2025 - 17:29:39: [SM] Exception reported: Invalid convar handle 0 (error 4)
L 12/23/2025 - 17:29:39: [SM] Blaming: ÒankrunFixhealth.smx
L 12/23/2025 - 17:29:39: [SM] Call stack trace:
L 12/23/2025 - 17:29:39: [SM]   [0] GetConVarString
L 12/23/2025 - 17:29:39: [SM]   [1] Line 138, C:\Users\Moises\Downloads\Compressed\sourcemod-1.11.0-git6968-windows\addons\sourcemod\scripting\ÒankrunFixhealth.sp::IsTankRunActive
L 12/23/2025 - 17:29:39: [SM]   [2] Line 36, C:\Users\Moises\Downloads\Compressed\sourcemod-1.11.0-git6968-windows\addons\sourcemod\scripting\ÒankrunFixhealth.sp::Timer_PeriodicCheck
L 12/23/2025 - 17:29:41: [SM] Exception reported: Invalid timer handle 6cb004bd (error 1)
L 12/23/2025 - 17:29:41: [SM] Blaming: l4d2_playerjoining_v2.smx
L 12/23/2025 - 17:29:41: [SM] Call stack trace:
L 12/23/2025 - 17:29:41: [SM]   [0] KillTimer
L 12/23/2025 - 17:29:41: [SM]   [1] Line 53, C:\Users\Moises\Downloads\Compressed\sourcemod-1.11.0-git6968-windows\addons\sourcemod\scripting\l4d2_playerjoining_v2.sp::OnClientDisconnect
L 12/23/2025 - 17:29:49: [SM] Exception reported: Invalid convar handle 0 (error 4)
L 12/23/2025 - 17:29:49: [SM] Blaming: ÒankrunFixhealth.smx
L 12/23/2025 - 17:29:49: [SM] Call stack trace:
L 12/23/2025 - 17:29:49: [SM]   [0] GetConVarString
L 12/23/2025 - 17:29:49: [SM]   [1] Line 138, C:\Users\Moises\Downloads\Compressed\sourcemod-1.11.0-git6968-windows\addons\sourcemod\scripting\ÒankrunFixhealth.sp::IsTankRunActive
L 12/23/2025 - 17:29:49: [SM]   [2] Line 36, C:\Users\Moises\Downloads\Compressed\sourcemod-1.11.0-git6968-windows\addons\sourcemod\scripting\ÒankrunFixhealth.sp::Timer_PeriodicCheck
L 12/23/2025 - 17:29:59: [SM] Exception reported: Invalid convar handle 0 (error 4)
L 12/23/2025 - 17:29:59: [SM] Blaming: ÒankrunFixhealth.smx
L 12/23/2025 - 17:29:59: [SM] Call stack trace:
L 12/23/2025 - 17:29:59: [SM]   [0] GetConVarString
L 12/23/2025 - 17:29:59: [SM]   [1] Line 138, C:\Users\Moises\Downloads\Compressed\sourcemod-1.11.0-git6968-windows\addons\sourcemod\scripting\ÒankrunFixhealth.sp::IsTankRunActive
L 12/23/2025 - 17:29:59: [SM]   [2] Line 36, C:\Users\Moises\Downloads\Compressed\sourcemod-1.11.0-git6968-windows\addons\sourcemod\scripting\ÒankrunFixhealth.sp::Timer_PeriodicCheck
L 12/23/2025 - 17:30:09: [SM] Exception reported: Invalid convar handle 0 (error 4)
L 12/23/2025 - 17:30:09: [SM] Blaming: ÒankrunFixhealth.smx
L 12/23/2025 - 17:30:09: [SM] Call stack trace:
L 12/23/2025 - 17:30:09: [SM]   [0] GetConVarString
L 12/23/2025 - 17:30:09: [SM]   [1] Line 138, C:\Users\Moises\Downloads\Compressed\sourcemod-1.11.0-git6968-windows\addons\sourcemod\scripting\ÒankrunFixhealth.sp::IsTankRunActive
L 12/23/2025 - 17:30:09: [SM]   [2] Line 36, C:\Users\Moises\Downloads\Compressed\sourcemod-1.11.0-git6968-windows\addons\sourcemod\scripting\ÒankrunFixhealth.sp::Timer_PeriodicCheck
L 12/23/2025 - 17:30:12: [SM] Exception reported: Invalid convar handle 0 (error 4)
L 12/23/2025 - 17:30:12: [SM] Blaming: ÒankrunFixhealth.smx
L 12/23/2025 - 17:30:12: [SM] Call stack trace:
L 12/23/2025 - 17:30:12: [SM]   [0] GetConVarString
L 12/23/2025 - 17:30:12: [SM]   [1] Line 138, C:\Users\Moises\Downloads\Compressed\sourcemod-1.11.0-git6968-windows\addons\sourcemod\scripting\ÒankrunFixhealth.sp::IsTankRunActive
L 12/23/2025 - 17:30:12: [SM]   [2] Line 79, C:\Users\Moises\Downloads\Compressed\sourcemod-1.11.0-git6968-windows\addons\sourcemod\scripting\ÒankrunFixhealth.sp::Event_PlayerDeath
L 12/23/2025 - 17:30:19: [SM] Exception reported: Invalid convar handle 0 (error 4)
L 12/23/2025 - 17:30:19: [SM] Blaming: ÒankrunFixhealth.smx
L 12/23/2025 - 17:30:19: [SM] Call stack trace:
L 12/23/2025 - 17:30:19: [SM]   [0] GetConVarString
L 12/23/2025 - 17:30:19: [SM]   [1] Line 138, C:\Users\Moises\Downloads\Compressed\sourcemod-1.11.0-git6968-windows\addons\sourcemod\scripting\ÒankrunFixhealth.sp::IsTankRunActive
L 12/23/2025 - 17:30:19: [SM]   [2] Line 36, C:\Users\Moises\Downloads\Compressed\sourcemod-1.11.0-git6968-windows\addons\sourcemod\scripting\ÒankrunFixhealth.sp::Timer_PeriodicCheck
L 12/23/2025 - 17:30:29: [SM] Exception reported: Invalid convar handle 0 (error 4)
L 12/23/2025 - 17:30:29: [SM] Blaming: ÒankrunFixhealth.smx
L 12/23/2025 - 17:30:29: [SM] Call stack trace:
L 12/23/2025 - 17:30:29: [SM]   [0] GetConVarString
L 12/23/2025 - 17:30:29: [SM]   [1] Line 138, C:\Users\Moises\Downloads\Compressed\sourcemod-1.11.0-git6968-windows\addons\sourcemod\scripting\ÒankrunFixhealth.sp::IsTankRunActive
L 12/23/2025 - 17:30:29: [SM]   [2] Line 36, C:\Users\Moises\Downloads\Compressed\sourcemod-1.11.0-git6968-windows\addons\sourcemod\scripting\ÒankrunFixhealth.sp::Timer_PeriodicCheck
L 12/23/2025 - 17:30:36: [SM] Exception reported: Language phrase "Please wait to be revived or rescued" not found (arg 6)
L 12/23/2025 - 17:30:36: [SM] Blaming: l4dmultislots.smx
L 12/23/2025 - 17:30:36: [SM] Call stack trace:
L 12/23/2025 - 17:30:36: [SM]   [0] PrintToChat
L 12/23/2025 - 17:30:36: [SM]   [1] Line 953, d:\Github\Private-Work\L4D2-Êèí‰ª∂\scripting_1.11\l4dmultislots.sp::Timer_SpecCheck
L 12/23/2025 - 17:30:39: [SM] Exception reported: Invalid convar handle 0 (error 4)
L 12/23/2025 - 17:30:39: [SM] Blaming: ÒankrunFixhealth.smx
L 12/23/2025 - 17:30:39: [SM] Call stack trace:
L 12/23/2025 - 17:30:39: [SM]   [0] GetConVarString
L 12/23/2025 - 17:30:39: [SM]   [1] Line 138, C:\Users\Moises\Downloads\Compressed\sourcemod-1.11.0-git6968-windows\addons\sourcemod\scripting\ÒankrunFixhealth.sp::IsTankRunActive
L 12/23/2025 - 17:30:39: [SM]   [2] Line 36, C:\Users\Moises\Downloads\Compressed\sourcemod-1.11.0-git6968-windows\addons\sourcemod\scripting\ÒankrunFixhealth.sp::Timer_PeriodicCheck
L 12/23/2025 - 17:30:40: [SM] Exception reported: Invalid convar handle 0 (error 4)
L 12/23/2025 - 17:30:40: [SM] Blaming: ÒankrunFixhealth.smx
L 12/23/2025 - 17:30:40: [SM] Call stack trace:
L 12/23/2025 - 17:30:40: [SM]   [0] GetConVarString
L 12/23/2025 - 17:30:40: [SM]   [1] Line 138, C:\Users\Moises\Downloads\Compressed\sourcemod-1.11.0-git6968-windows\addons\sourcemod\scripting\ÒankrunFixhealth.sp::IsTankRunActive
L 12/23/2025 - 17:30:40: [SM]   [2] Line 79, C:\Users\Moises\Downloads\Compressed\sourcemod-1.11.0-git6968-windows\addons\sourcemod\scripting\ÒankrunFixhealth.sp::Event_PlayerDeath
L 12/23/2025 - 17:30:47: [SM] Exception reported: Invalid timer handle 1ac004d1 (error 3)
L 12/23/2025 - 17:30:47: [SM] Blaming: l4d2_playerjoining_v2.smx
L 12/23/2025 - 17:30:47: [SM] Call stack trace:
L 12/23/2025 - 17:30:47: [SM]   [0] KillTimer
L 12/23/2025 - 17:30:47: [SM]   [1] Line 53, C:\Users\Moises\Downloads\Compressed\sourcemod-1.11.0-git6968-windows\addons\sourcemod\scripting\l4d2_playerjoining_v2.sp::OnClientDisconnect
L 12/23/2025 - 17:30:49: [SM] Exception reported: Invalid convar handle 0 (error 4)
L 12/23/2025 - 17:30:49: [SM] Blaming: ÒankrunFixhealth.smx
L 12/23/2025 - 17:30:49: [SM] Call stack trace:
L 12/23/2025 - 17:30:49: [SM]   [0] GetConVarString
L 12/23/2025 - 17:30:49: [SM]   [1] Line 138, C:\Users\Moises\Downloads\Compressed\sourcemod-1.11.0-git6968-windows\addons\sourcemod\scripting\ÒankrunFixhealth.sp::IsTankRunActive
L 12/23/2025 - 17:30:49: [SM]   [2] Line 36, C:\Users\Moises\Downloads\Compressed\sourcemod-1.11.0-git6968-windows\addons\sourcemod\scripting\ÒankrunFixhealth.sp::Timer_PeriodicCheck
L 12/23/2025 - 17:30:59: [SM] Exception reported: Invalid convar handle 0 (error 4)
L 12/23/2025 - 17:30:59: [SM] Blaming: ÒankrunFixhealth.smx
L 12/23/2025 - 17:30:59: [SM] Call stack trace:
L 12/23/2025 - 17:30:59: [SM]   [0] GetConVarString
L 12/23/2025 - 17:30:59: [SM]   [1] Line 138, C:\Users\Moises\Downloads\Compressed\sourcemod-1.11.0-git6968-windows\addons\sourcemod\scripting\ÒankrunFixhealth.sp::IsTankRunActive
L 12/23/2025 - 17:30:59: [SM]   [2] Line 36, C:\Users\Moises\Downloads\Compressed\sourcemod-1.11.0-git6968-windows\addons\sourcemod\scripting\ÒankrunFixhealth.sp::Timer_PeriodicCheck
L 12/23/2025 - 17:31:01: [SM] Exception reported: Language phrase "Please wait to be revived or rescued" not found (arg 6)
L 12/23/2025 - 17:31:01: [SM] Blaming: l4dmultislots.smx
L 12/23/2025 - 17:31:01: [SM] Call stack trace:
L 12/23/2025 - 17:31:01: [SM]   [0] PrintToChat
L 12/23/2025 - 17:31:01: [SM]   [1] Line 953, d:\Github\Private-Work\L4D2-Êèí‰ª∂\scripting_1.11\l4dmultislots.sp::Timer_SpecCheck
L 12/23/2025 - 17:31:09: [SM] Exception reported: Invalid convar handle 0 (error 4)
L 12/23/2025 - 17:31:09: [SM] Blaming: ÒankrunFixhealth.smx
L 12/23/2025 - 17:31:09: [SM] Call stack trace:
L 12/23/2025 - 17:31:09: [SM]   [0] GetConVarString
L 12/23/2025 - 17:31:09: [SM]   [1] Line 138, C:\Users\Moises\Downloads\Compressed\sourcemod-1.11.0-git6968-windows\addons\sourcemod\scripting\ÒankrunFixhealth.sp::IsTankRunActive
L 12/23/2025 - 17:31:09: [SM]   [2] Line 36, C:\Users\Moises\Downloads\Compressed\sourcemod-1.11.0-git6968-windows\addons\sourcemod\scripting\ÒankrunFixhealth.sp::Timer_PeriodicCheck
L 12/23/2025 - 17:31:19: [SM] Exception reported: Invalid convar handle 0 (error 4)
L 12/23/2025 - 17:31:19: [SM] Blaming: ÒankrunFixhealth.smx
L 12/23/2025 - 17:31:19: [SM] Call stack trace:
L 12/23/2025 - 17:31:19: [SM]   [0] GetConVarString
L 12/23/2025 - 17:31:19: [SM]   [1] Line 138, C:\Users\Moises\Downloads\Compressed\sourcemod-1.11.0-git6968-windows\addons\sourcemod\scripting\ÒankrunFixhealth.sp::IsTankRunActive
L 12/23/2025 - 17:31:19: [SM]   [2] Line 36, C:\Users\Moises\Downloads\Compressed\sourcemod-1.11.0-git6968-windows\addons\sourcemod\scripting\ÒankrunFixhealth.sp::Timer_PeriodicCheck
L 12/23/2025 - 17:31:29: [SM] Exception reported: Invalid convar handle 0 (error 4)
L 12/23/2025 - 17:31:29: [SM] Blaming: ÒankrunFixhealth.smx
L 12/23/2025 - 17:31:29: [SM] Call stack trace:
L 12/23/2025 - 17:31:29: [SM]   [0] GetConVarString
L 12/23/2025 - 17:31:29: [SM]   [1] Line 138, C:\Users\Moises\Downloads\Compressed\sourcemod-1.11.0-git6968-windows\addons\sourcemod\scripting\ÒankrunFixhealth.sp::IsTankRunActive
L 12/23/2025 - 17:31:29: [SM]   [2] Line 36, C:\Users\Moises\Downloads\Compressed\sourcemod-1.11.0-git6968-windows\addons\sourcemod\scripting\ÒankrunFixhealth.sp::Timer_PeriodicCheck
L 12/23/2025 - 17:31:32: [SM] Exception reported: Invalid convar handle 0 (error 4)
L 12/23/2025 - 17:31:32: [SM] Blaming: ÒankrunFixhealth.smx
L 12/23/2025 - 17:31:32: [SM] Call stack trace:
L 12/23/2025 - 17:31:32: [SM]   [0] GetConVarString
L 12/23/2025 - 17:31:32: [SM]   [1] Line 138, C:\Users\Moises\Downloads\Compressed\sourcemod-1.11.0-git6968-windows\addons\sourcemod\scripting\ÒankrunFixhealth.sp::IsTankRunActive
L 12/23/2025 - 17:31:32: [SM]   [2] Line 79, C:\Users\Moises\Downloads\Compressed\sourcemod-1.11.0-git6968-windows\addons\sourcemod\scripting\ÒankrunFixhealth.sp::Event_PlayerDeath
L 12/23/2025 - 17:31:39: [SM] Exception reported: Invalid timer handle c800044b (error 3)
L 12/23/2025 - 17:31:39: [SM] Blaming: l4d2_playerjoining_v2.smx
L 12/23/2025 - 17:31:39: [SM] Call stack trace:
L 12/23/2025 - 17:31:39: [SM]   [0] KillTimer
L 12/23/2025 - 17:31:39: [SM]   [1] Line 53, C:\Users\Moises\Downloads\Compressed\sourcemod-1.11.0-git6968-windows\addons\sourcemod\scripting\l4d2_playerjoining_v2.sp::OnClientDisconnect
L 12/23/2025 - 17:31:39: [SM] Exception reported: Invalid convar handle 0 (error 4)
L 12/23/2025 - 17:31:39: [SM] Blaming: ÒankrunFixhealth.smx
L 12/23/2025 - 17:31:39: [SM] Call stack trace:
L 12/23/2025 - 17:31:39: [SM]   [0] GetConVarString
L 12/23/2025 - 17:31:39: [SM]   [1] Line 138, C:\Users\Moises\Downloads\Compressed\sourcemod-1.11.0-git6968-windows\addons\sourcemod\scripting\ÒankrunFixhealth.sp::IsTankRunActive
L 12/23/2025 - 17:31:39: [SM]   [2] Line 36, C:\Users\Moises\Downloads\Compressed\sourcemod-1.11.0-git6968-windows\addons\sourcemod\scripting\ÒankrunFixhealth.sp::Timer_PeriodicCheck
L 12/23/2025 - 17:31:49: [SM] Exception reported: Invalid convar handle 0 (error 4)
L 12/23/2025 - 17:31:49: [SM] Blaming: ÒankrunFixhealth.smx
L 12/23/2025 - 17:31:49: [SM] Call stack trace:
L 12/23/2025 - 17:31:49: [SM]   [0] GetConVarString
L 12/23/2025 - 17:31:49: [SM]   [1] Line 138, C:\Users\Moises\Downloads\Compressed\sourcemod-1.11.0-git6968-windows\addons\sourcemod\scripting\ÒankrunFixhealth.sp::IsTankRunActive
L 12/23/2025 - 17:31:49: [SM]   [2] Line 36, C:\Users\Moises\Downloads\Compressed\sourcemod-1.11.0-git6968-windows\addons\sourcemod\scripting\ÒankrunFixhealth.sp::Timer_PeriodicCheck
L 12/23/2025 - 17:31:59: [SM] Exception reported: Invalid convar handle 0 (error 4)
L 12/23/2025 - 17:31:59: [SM] Blaming: ÒankrunFixhealth.smx
L 12/23/2025 - 17:31:59: [SM] Call stack trace:
L 12/23/2025 - 17:31:59: [SM]   [0] GetConVarString
L 12/23/2025 - 17:31:59: [SM]   [1] Line 138, C:\Users\Moises\Downloads\Compressed\sourcemod-1.11.0-git6968-windows\addons\sourcemod\scripting\ÒankrunFixhealth.sp::IsTankRunActive
L 12/23/2025 - 17:31:59: [SM]   [2] Line 36, C:\Users\Moises\Downloads\Compressed\sourcemod-1.11.0-git6968-windows\addons\sourcemod\scripting\ÒankrunFixhealth.sp::Timer_PeriodicCheck
L 12/23/2025 - 17:32:09: [SM] Exception reported: Invalid convar handle 0 (error 4)
L 12/23/2025 - 17:32:09: [SM] Blaming: ÒankrunFixhealth.smx
L 12/23/2025 - 17:32:09: [SM] Call stack trace:
L 12/23/2025 - 17:32:09: [SM]   [0] GetConVarString
L 12/23/2025 - 17:32:09: [SM]   [1] Line 138, C:\Users\Moises\Downloads\Compressed\sourcemod-1.11.0-git6968-windows\addons\sourcemod\scripting\ÒankrunFixhealth.sp::IsTankRunActive
L 12/23/2025 - 17:32:09: [SM]   [2] Line 36, C:\Users\Moises\Downloads\Compressed\sourcemod-1.11.0-git6968-windows\addons\sourcemod\scripting\ÒankrunFixhealth.sp::Timer_PeriodicCheck
L 12/23/2025 - 17:32:19: [SM] Exception reported: Invalid convar handle 0 (error 4)
L 12/23/2025 - 17:32:19: [SM] Blaming: ÒankrunFixhealth.smx
L 12/23/2025 - 17:32:19: [SM] Call stack trace:
L 12/23/2025 - 17:32:19: [SM]   [0] GetConVarString
L 12/23/2025 - 17:32:19: [SM]   [1] Line 138, C:\Users\Moises\Downloads\Compressed\sourcemod-1.11.0-git6968-windows\addons\sourcemod\scripting\ÒankrunFixhealth.sp::IsTankRunActive
L 12/23/2025 - 17:32:19: [SM]   [2] Line 36, C:\Users\Moises\Downloads\Compressed\sourcemod-1.11.0-git6968-windows\addons\sourcemod\scripting\ÒankrunFixhealth.sp::Timer_PeriodicCheck
L 12/23/2025 - 17:32:20: [SM] Exception reported: Invalid convar handle 0 (error 4)
L 12/23/2025 - 17:32:20: [SM] Blaming: ÒankrunFixhealth.smx
L 12/23/2025 - 17:32:20: [SM] Call stack trace:
L 12/23/2025 - 17:32:20: [SM]   [0] GetConVarString
L 12/23/2025 - 17:32:20: [SM]   [1] Line 138, C:\Users\Moises\Downloads\Compressed\sourcemod-1.11.0-git6968-windows\addons\sourcemod\scripting\ÒankrunFixhealth.sp::IsTankRunActive
L 12/23/2025 - 17:32:20: [SM]   [2] Line 79, C:\Users\Moises\Downloads\Compressed\sourcemod-1.11.0-git6968-windows\addons\sourcemod\scripting\ÒankrunFixhealth.sp::Event_PlayerDeath
L 12/23/2025 - 17:32:20: [SM] Exception reported: Invalid convar handle 0 (error 4)
L 12/23/2025 - 17:32:20: [SM] Blaming: ÒankrunFixhealth.smx
L 12/23/2025 - 17:32:20: [SM] Call stack trace:
L 12/23/2025 - 17:32:20: [SM]   [0] GetConVarString
L 12/23/2025 - 17:32:20: [SM]   [1] Line 138, C:\Users\Moises\Downloads\Compressed\sourcemod-1.11.0-git6968-windows\addons\sourcemod\scripting\ÒankrunFixhealth.sp::IsTankRunActive
L 12/23/2025 - 17:32:20: [SM]   [2] Line 79, C:\Users\Moises\Downloads\Compressed\sourcemod-1.11.0-git6968-windows\addons\sourcemod\scripting\ÒankrunFixhealth.sp::Event_PlayerDeath
L 12/23/2025 - 17:32:27: [SM] Exception reported: Invalid timer handle a7700479 (error 3)
L 12/23/2025 - 17:32:27: [SM] Blaming: l4d2_playerjoining_v2.smx
L 12/23/2025 - 17:32:27: [SM] Call stack trace:
L 12/23/2025 - 17:32:27: [SM]   [0] KillTimer
L 12/23/2025 - 17:32:27: [SM]   [1] Line 53, C:\Users\Moises\Downloads\Compressed\sourcemod-1.11.0-git6968-windows\addons\sourcemod\scripting\l4d2_playerjoining_v2.sp::OnClientDisconnect
L 12/23/2025 - 17:32:27: [SM] Exception reported: Invalid timer handle c800044b (error 3)
L 12/23/2025 - 17:32:27: [SM] Blaming: l4d2_playerjoining_v2.smx
L 12/23/2025 - 17:32:27: [SM] Call stack trace:
L 12/23/2025 - 17:32:27: [SM]   [0] KillTimer
L 12/23/2025 - 17:32:27: [SM]   [1] Line 53, C:\Users\Moises\Downloads\Compressed\sourcemod-1.11.0-git6968-windows\addons\sourcemod\scripting\l4d2_playerjoining_v2.sp::OnClientDisconnect
L 12/23/2025 - 17:32:29: [SM] Exception reported: Invalid convar handle 0 (error 4)
L 12/23/2025 - 17:32:29: [SM] Blaming: ÒankrunFixhealth.smx
L 12/23/2025 - 17:32:29: [SM] Call stack trace:
L 12/23/2025 - 17:32:29: [SM]   [0] GetConVarString
L 12/23/2025 - 17:32:29: [SM]   [1] Line 138, C:\Users\Moises\Downloads\Compressed\sourcemod-1.11.0-git6968-windows\addons\sourcemod\scripting\ÒankrunFixhealth.sp::IsTankRunActive
L 12/23/2025 - 17:32:29: [SM]   [2] Line 36, C:\Users\Moises\Downloads\Compressed\sourcemod-1.11.0-git6968-windows\addons\sourcemod\scripting\ÒankrunFixhealth.sp::Timer_PeriodicCheck
L 12/23/2025 - 17:32:38: [SM] Exception reported: Invalid convar handle 0 (error 4)
L 12/23/2025 - 17:32:38: [SM] Blaming: ÒankrunFixhealth.smx
L 12/23/2025 - 17:32:38: [SM] Call stack trace:
L 12/23/2025 - 17:32:38: [SM]   [0] GetConVarString
L 12/23/2025 - 17:32:38: [SM]   [1] Line 138, C:\Users\Moises\Downloads\Compressed\sourcemod-1.11.0-git6968-windows\addons\sourcemod\scripting\ÒankrunFixhealth.sp::IsTankRunActive
L 12/23/2025 - 17:32:38: [SM]   [2] Line 79, C:\Users\Moises\Downloads\Compressed\sourcemod-1.11.0-git6968-windows\addons\sourcemod\scripting\ÒankrunFixhealth.sp::Event_PlayerDeath
L 12/23/2025 - 17:32:39: [SM] Exception reported: Invalid convar handle 0 (error 4)
L 12/23/2025 - 17:32:39: [SM] Blaming: ÒankrunFixhealth.smx
L 12/23/2025 - 17:32:39: [SM] Call stack trace:
L 12/23/2025 - 17:32:39: [SM]   [0] GetConVarString
L 12/23/2025 - 17:32:39: [SM]   [1] Line 138, C:\Users\Moises\Downloads\Compressed\sourcemod-1.11.0-git6968-windows\addons\sourcemod\scripting\ÒankrunFixhealth.sp::IsTankRunActive
L 12/23/2025 - 17:32:39: [SM]   [2] Line 36, C:\Users\Moises\Downloads\Compressed\sourcemod-1.11.0-git6968-windows\addons\sourcemod\scripting\ÒankrunFixhealth.sp::Timer_PeriodicCheck
L 12/23/2025 - 17:32:45: [SM] Exception reported: Invalid timer handle 8f100479 (error 3)
L 12/23/2025 - 17:32:45: [SM] Blaming: l4d2_playerjoining_v2.smx
L 12/23/2025 - 17:32:45: [SM] Call stack trace:
L 12/23/2025 - 17:32:45: [SM]   [0] KillTimer
L 12/23/2025 - 17:32:45: [SM]   [1] Line 53, C:\Users\Moises\Downloads\Compressed\sourcemod-1.11.0-git6968-windows\addons\sourcemod\scripting\l4d2_playerjoining_v2.sp::OnClientDisconnect
L 12/23/2025 - 17:32:49: [SM] Exception reported: Invalid convar handle 0 (error 4)
L 12/23/2025 - 17:32:49: [SM] Blaming: ÒankrunFixhealth.smx
L 12/23/2025 - 17:32:49: [SM] Call stack trace:
L 12/23/2025 - 17:32:49: [SM]   [0] GetConVarString
L 12/23/2025 - 17:32:49: [SM]   [1] Line 138, C:\Users\Moises\Downloads\Compressed\sourcemod-1.11.0-git6968-windows\addons\sourcemod\scripting\ÒankrunFixhealth.sp::IsTankRunActive
L 12/23/2025 - 17:32:49: [SM]   [2] Line 36, C:\Users\Moises\Downloads\Compressed\sourcemod-1.11.0-git6968-windows\addons\sourcemod\scripting\ÒankrunFixhealth.sp::Timer_PeriodicCheck
L 12/23/2025 - 17:32:51: [SM] Exception reported: Invalid convar handle 0 (error 4)
L 12/23/2025 - 17:32:51: [SM] Blaming: ÒankrunFixhealth.smx
L 12/23/2025 - 17:32:51: [SM] Call stack trace:
L 12/23/2025 - 17:32:51: [SM]   [0] GetConVarString
L 12/23/2025 - 17:32:51: [SM]   [1] Line 138, C:\Users\Moises\Downloads\Compressed\sourcemod-1.11.0-git6968-windows\addons\sourcemod\scripting\ÒankrunFixhealth.sp::IsTankRunActive
L 12/23/2025 - 17:32:51: [SM]   [2] Line 71, C:\Users\Moises\Downloads\Compressed\sourcemod-1.11.0-git6968-windows\addons\sourcemod\scripting\ÒankrunFixhealth.sp::Event_MapTransition
L 12/23/2025 - 17:32:59: [SM] Exception reported: Invalid convar handle 0 (error 4)
L 12/23/2025 - 17:32:59: [SM] Blaming: ÒankrunFixhealth.smx
L 12/23/2025 - 17:32:59: [SM] Call stack trace:
L 12/23/2025 - 17:32:59: [SM]   [0] GetConVarString
L 12/23/2025 - 17:32:59: [SM]   [1] Line 138, C:\Users\Moises\Downloads\Compressed\sourcemod-1.11.0-git6968-windows\addons\sourcemod\scripting\ÒankrunFixhealth.sp::IsTankRunActive
L 12/23/2025 - 17:32:59: [SM]   [2] Line 36, C:\Users\Moises\Downloads\Compressed\sourcemod-1.11.0-git6968-windows\addons\sourcemod\scripting\ÒankrunFixhealth.sp::Timer_PeriodicCheck
L 12/23/2025 - 17:32:59: [SM] Exception reported: Invalid timer handle 1ac004d1 (error 3)
L 12/23/2025 - 17:32:59: [SM] Blaming: l4d2_playerjoining_v2.smx
L 12/23/2025 - 17:32:59: [SM] Call stack trace:
L 12/23/2025 - 17:32:59: [SM]   [0] KillTimer
L 12/23/2025 - 17:32:59: [SM]   [1] Line 53, C:\Users\Moises\Downloads\Compressed\sourcemod-1.11.0-git6968-windows\addons\sourcemod\scripting\l4d2_playerjoining_v2.sp::OnClientDisconnect
L 12/23/2025 - 17:32:59: [SM] Exception reported: Invalid timer handle c800044b (error 3)
L 12/23/2025 - 17:32:59: [SM] Blaming: l4d2_playerjoining_v2.smx
L 12/23/2025 - 17:32:59: [SM] Call stack trace:
L 12/23/2025 - 17:32:59: [SM]   [0] KillTimer
L 12/23/2025 - 17:32:59: [SM]   [1] Line 53, C:\Users\Moises\Downloads\Compressed\sourcemod-1.11.0-git6968-windows\addons\sourcemod\scripting\l4d2_playerjoining_v2.sp::OnClientDisconnect
L 12/23/2025 - 17:32:59: [SM] Exception reported: Invalid timer handle 6cb004bd (error 3)
L 12/23/2025 - 17:32:59: [SM] Blaming: l4d2_playerjoining_v2.smx
L 12/23/2025 - 17:32:59: [SM] Call stack trace:
L 12/23/2025 - 17:32:59: [SM]   [0] KillTimer
L 12/23/2025 - 17:32:59: [SM]   [1] Line 53, C:\Users\Moises\Downloads\Compressed\sourcemod-1.11.0-git6968-windows\addons\sourcemod\scripting\l4d2_playerjoining_v2.sp::OnClientDisconnect
L 12/23/2025 - 17:32:59: [SM] Exception reported: Invalid timer handle da500496 (error 1)
L 12/23/2025 - 17:32:59: [SM] Blaming: l4d2_playerjoining_v2.smx
L 12/23/2025 - 17:32:59: [SM] Call stack trace:
L 12/23/2025 - 17:32:59: [SM]   [0] KillTimer
L 12/23/2025 - 17:32:59: [SM]   [1] Line 53, C:\Users\Moises\Downloads\Compressed\sourcemod-1.11.0-git6968-windows\addons\sourcemod\scripting\l4d2_playerjoining_v2.sp::OnClientDisconnect
L 12/23/2025 - 17:33:01: Error log file session closed.
L 12/23/2025 - 17:33:01: SourceMod error session started
L 12/23/2025 - 17:33:01: Info (map "c5m5_bridge") (file "d:\steamlibrary\steamapps\common\left 4 dead 2\left4dead2\addons\sourcemod\logs\errors_20251223.log")
L 12/23/2025 - 17:33:01: [SM] Fatal error encountered parsing translation file "l4d_nth.phrases.txt"
L 12/23/2025 - 17:33:01: [SM] Error (line 0, column 0): Stream failed to open
L 12/23/2025 - 17:33:01: [SM] Fatal error encountered parsing translation file "chargersteering.phrases.txt"
L 12/23/2025 - 17:33:01: [SM] Error (line 0, column 0): Stream failed to open
L 12/23/2025 - 17:33:01: [SM] Fatal error encountered parsing translation file "l4dmultislots.phrases.txt"
L 12/23/2025 - 17:33:01: [SM] Error (line 0, column 0): Stream failed to open
L 12/23/2025 - 17:33:01: [SM] Fatal error encountered parsing translation file "lilac.phrases.txt"
L 12/23/2025 - 17:33:01: [SM] Error (line 0, column 0): Stream failed to open
L 12/23/2025 - 17:33:04: [SM] Exception reported: Invalid convar handle 0 (error 4)
L 12/23/2025 - 17:33:04: [SM] Blaming: ÒankrunFixhealth.smx
L 12/23/2025 - 17:33:04: [SM] Call stack trace:
L 12/23/2025 - 17:33:04: [SM]   [0] GetConVarString
L 12/23/2025 - 17:33:04: [SM]   [1] Line 138, C:\Users\Moises\Downloads\Compressed\sourcemod-1.11.0-git6968-windows\addons\sourcemod\scripting\ÒankrunFixhealth.sp::IsTankRunActive
L 12/23/2025 - 17:33:04: [SM]   [2] Line 54, C:\Users\Moises\Downloads\Compressed\sourcemod-1.11.0-git6968-windows\addons\sourcemod\scripting\ÒankrunFixhealth.sp::Event_RoundStart
L 12/23/2025 - 17:33:04: [l4d2_publicity.smx] [Publicity] No se encontraron mensajes en el archivo de configuraci√≥n
L 12/23/2025 - 17:33:15: [SM] Exception reported: Invalid convar handle 0 (error 4)
L 12/23/2025 - 17:33:15: [SM] Blaming: ÒankrunFixhealth.smx
L 12/23/2025 - 17:33:15: [SM] Call stack trace:
L 12/23/2025 - 17:33:15: [SM]   [0] GetConVarString
L 12/23/2025 - 17:33:15: [SM]   [1] Line 138, C:\Users\Moises\Downloads\Compressed\sourcemod-1.11.0-git6968-windows\addons\sourcemod\scripting\ÒankrunFixhealth.sp::IsTankRunActive
L 12/23/2025 - 17:33:15: [SM]   [2] Line 36, C:\Users\Moises\Downloads\Compressed\sourcemod-1.11.0-git6968-windows\addons\sourcemod\scripting\ÒankrunFixhealth.sp::Timer_PeriodicCheck
L 12/23/2025 - 17:33:25: [SM] Exception reported: Invalid convar handle 0 (error 4)
L 12/23/2025 - 17:33:25: [SM] Blaming: ÒankrunFixhealth.smx
L 12/23/2025 - 17:33:25: [SM] Call stack trace:
L 12/23/2025 - 17:33:25: [SM]   [0] GetConVarString
L 12/23/2025 - 17:33:25: [SM]   [1] Line 138, C:\Users\Moises\Downloads\Compressed\sourcemod-1.11.0-git6968-windows\addons\sourcemod\scripting\ÒankrunFixhealth.sp::IsTankRunActive
L 12/23/2025 - 17:33:25: [SM]   [2] Line 36, C:\Users\Moises\Downloads\Compressed\sourcemod-1.11.0-git6968-windows\addons\sourcemod\scripting\ÒankrunFixhealth.sp::Timer_PeriodicCheck
L 12/23/2025 - 17:33:27: [SM] Exception reported: Invalid timer handle da500496 (error 1)
L 12/23/2025 - 17:33:27: [SM] Blaming: l4d2_playerjoining_v2.smx
L 12/23/2025 - 17:33:27: [SM] Call stack trace:
L 12/23/2025 - 17:33:27: [SM]   [0] KillTimer
L 12/23/2025 - 17:33:27: [SM]   [1] Line 53, C:\Users\Moises\Downloads\Compressed\sourcemod-1.11.0-git6968-windows\addons\sourcemod\scripting\l4d2_playerjoining_v2.sp::OnClientDisconnect
L 12/23/2025 - 17:33:28: [SM] Exception reported: Invalid timer handle a7700479 (error 3)
L 12/23/2025 - 17:33:28: [SM] Blaming: l4d2_playerjoining_v2.smx
L 12/23/2025 - 17:33:28: [SM] Call stack trace:
L 12/23/2025 - 17:33:28: [SM]   [0] KillTimer
L 12/23/2025 - 17:33:28: [SM]   [1] Line 53, C:\Users\Moises\Downloads\Compressed\sourcemod-1.11.0-git6968-windows\addons\sourcemod\scripting\l4d2_playerjoining_v2.sp::OnClientDisconnect
L 12/23/2025 - 17:33:35: [SM] Exception reported: Invalid timer handle 1ac004d1 (error 3)
L 12/23/2025 - 17:33:35: [SM] Blaming: l4d2_playerjoining_v2.smx
L 12/23/2025 - 17:33:35: [SM] Call stack trace:
L 12/23/2025 - 17:33:35: [SM]   [0] KillTimer
L 12/23/2025 - 17:33:35: [SM]   [1] Line 53, C:\Users\Moises\Downloads\Compressed\sourcemod-1.11.0-git6968-windows\addons\sourcemod\scripting\l4d2_playerjoining_v2.sp::OnClientDisconnect
L 12/23/2025 - 17:33:35: [SM] Exception reported: Invalid timer handle c800044b (error 3)
L 12/23/2025 - 17:33:35: [SM] Blaming: l4d2_playerjoining_v2.smx
L 12/23/2025 - 17:33:35: [SM] Call stack trace:
L 12/23/2025 - 17:33:35: [SM]   [0] KillTimer
L 12/23/2025 - 17:33:35: [SM]   [1] Line 53, C:\Users\Moises\Downloads\Compressed\sourcemod-1.11.0-git6968-windows\addons\sourcemod\scripting\l4d2_playerjoining_v2.sp::OnClientDisconnect
L 12/23/2025 - 17:33:36: [SM] Exception reported: Invalid timer handle 8f100479 (error 3)
L 12/23/2025 - 17:33:36: [SM] Blaming: l4d2_playerjoining_v2.smx
L 12/23/2025 - 17:33:36: [SM] Call stack trace:
L 12/23/2025 - 17:33:36: [SM]   [0] KillTimer
L 12/23/2025 - 17:33:36: [SM]   [1] Line 53, C:\Users\Moises\Downloads\Compressed\sourcemod-1.11.0-git6968-windows\addons\sourcemod\scripting\l4d2_playerjoining_v2.sp::OnClientDisconnect
L 12/23/2025 - 17:33:39: [SM] Exception reported: Invalid convar handle 0 (error 4)
L 12/23/2025 - 17:33:39: [SM] Blaming: ÒankrunFixhealth.smx
L 12/23/2025 - 17:33:39: [SM] Call stack trace:
L 12/23/2025 - 17:33:39: [SM]   [0] GetConVarString
L 12/23/2025 - 17:33:39: [SM]   [1] Line 138, C:\Users\Moises\Downloads\Compressed\sourcemod-1.11.0-git6968-windows\addons\sourcemod\scripting\ÒankrunFixhealth.sp::IsTankRunActive
L 12/23/2025 - 17:33:39: [SM]   [2] Line 36, C:\Users\Moises\Downloads\Compressed\sourcemod-1.11.0-git6968-windows\addons\sourcemod\scripting\ÒankrunFixhealth.sp::Timer_PeriodicCheck
L 12/23/2025 - 17:33:49: [SM] Exception reported: Invalid convar handle 0 (error 4)
L 12/23/2025 - 17:33:49: [SM] Blaming: ÒankrunFixhealth.smx
L 12/23/2025 - 17:33:49: [SM] Call stack trace:
L 12/23/2025 - 17:33:49: [SM]   [0] GetConVarString
L 12/23/2025 - 17:33:49: [SM]   [1] Line 138, C:\Users\Moises\Downloads\Compressed\sourcemod-1.11.0-git6968-windows\addons\sourcemod\scripting\ÒankrunFixhealth.sp::IsTankRunActive
L 12/23/2025 - 17:33:49: [SM]   [2] Line 36, C:\Users\Moises\Downloads\Compressed\sourcemod-1.11.0-git6968-windows\addons\sourcemod\scripting\ÒankrunFixhealth.sp::Timer_PeriodicCheck
L 12/23/2025 - 17:33:59: [SM] Exception reported: Invalid convar handle 0 (error 4)
L 12/23/2025 - 17:33:59: [SM] Blaming: ÒankrunFixhealth.smx
L 12/23/2025 - 17:33:59: [SM] Call stack trace:
L 12/23/2025 - 17:33:59: [SM]   [0] GetConVarString
L 12/23/2025 - 17:33:59: [SM]   [1] Line 138, C:\Users\Moises\Downloads\Compressed\sourcemod-1.11.0-git6968-windows\addons\sourcemod\scripting\ÒankrunFixhealth.sp::IsTankRunActive
L 12/23/2025 - 17:33:59: [SM]   [2] Line 36, C:\Users\Moises\Downloads\Compressed\sourcemod-1.11.0-git6968-windows\addons\sourcemod\scripting\ÒankrunFixhealth.sp::Timer_PeriodicCheck
L 12/23/2025 - 17:34:09: [SM] Exception reported: Invalid convar handle 0 (error 4)
L 12/23/2025 - 17:34:09: [SM] Blaming: ÒankrunFixhealth.smx
L 12/23/2025 - 17:34:09: [SM] Call stack trace:
L 12/23/2025 - 17:34:09: [SM]   [0] GetConVarString
L 12/23/2025 - 17:34:09: [SM]   [1] Line 138, C:\Users\Moises\Downloads\Compressed\sourcemod-1.11.0-git6968-windows\addons\sourcemod\scripting\ÒankrunFixhealth.sp::IsTankRunActive
L 12/23/2025 - 17:34:09: [SM]   [2] Line 36, C:\Users\Moises\Downloads\Compressed\sourcemod-1.11.0-git6968-windows\addons\sourcemod\scripting\ÒankrunFixhealth.sp::Timer_PeriodicCheck
L 12/23/2025 - 17:34:17: [SM] Exception reported: Invalid timer handle 6cb004bd (error 3)
L 12/23/2025 - 17:34:17: [SM] Blaming: l4d2_playerjoining_v2.smx
L 12/23/2025 - 17:34:17: [SM] Call stack trace:
L 12/23/2025 - 17:34:17: [SM]   [0] KillTimer
L 12/23/2025 - 17:34:17: [SM]   [1] Line 53, C:\Users\Moises\Downloads\Compressed\sourcemod-1.11.0-git6968-windows\addons\sourcemod\scripting\l4d2_playerjoining_v2.sp::OnClientDisconnect
L 12/23/2025 - 17:34:19: [SM] Exception reported: Invalid convar handle 0 (error 4)
L 12/23/2025 - 17:34:19: [SM] Blaming: ÒankrunFixhealth.smx
L 12/23/2025 - 17:34:19: [SM] Call stack trace:
L 12/23/2025 - 17:34:19: [SM]   [0] GetConVarString
L 12/23/2025 - 17:34:19: [SM]   [1] Line 138, C:\Users\Moises\Downloads\Compressed\sourcemod-1.11.0-git6968-windows\addons\sourcemod\scripting\ÒankrunFixhealth.sp::IsTankRunActive
L 12/23/2025 - 17:34:19: [SM]   [2] Line 36, C:\Users\Moises\Downloads\Compressed\sourcemod-1.11.0-git6968-windows\addons\sourcemod\scripting\ÒankrunFixhealth.sp::Timer_PeriodicCheck
L 12/23/2025 - 17:34:29: [SM] Exception reported: Invalid convar handle 0 (error 4)
L 12/23/2025 - 17:34:29: [SM] Blaming: ÒankrunFixhealth.smx
L 12/23/2025 - 17:34:29: [SM] Call stack trace:
L 12/23/2025 - 17:34:29: [SM]   [0] GetConVarString
L 12/23/2025 - 17:34:29: [SM]   [1] Line 138, C:\Users\Moises\Downloads\Compressed\sourcemod-1.11.0-git6968-windows\addons\sourcemod\scripting\ÒankrunFixhealth.sp::IsTankRunActive
L 12/23/2025 - 17:34:29: [SM]   [2] Line 36, C:\Users\Moises\Downloads\Compressed\sourcemod-1.11.0-git6968-windows\addons\sourcemod\scripting\ÒankrunFixhealth.sp::Timer_PeriodicCheck
L 12/23/2025 - 17:34:39: [SM] Exception reported: Invalid convar handle 0 (error 4)
L 12/23/2025 - 17:34:39: [SM] Blaming: ÒankrunFixhealth.smx
L 12/23/2025 - 17:34:39: [SM] Call stack trace:
L 12/23/2025 - 17:34:39: [SM]   [0] GetConVarString
L 12/23/2025 - 17:34:39: [SM]   [1] Line 138, C:\Users\Moises\Downloads\Compressed\sourcemod-1.11.0-git6968-windows\addons\sourcemod\scripting\ÒankrunFixhealth.sp::IsTankRunActive
L 12/23/2025 - 17:34:39: [SM]   [2] Line 36, C:\Users\Moises\Downloads\Compressed\sourcemod-1.11.0-git6968-windows\addons\sourcemod\scripting\ÒankrunFixhealth.sp::Timer_PeriodicCheck
L 12/23/2025 - 17:34:49: [SM] Exception reported: Invalid convar handle 0 (error 4)
L 12/23/2025 - 17:34:49: [SM] Blaming: ÒankrunFixhealth.smx
L 12/23/2025 - 17:34:49: [SM] Call stack trace:
L 12/23/2025 - 17:34:49: [SM]   [0] GetConVarString
L 12/23/2025 - 17:34:49: [SM]   [1] Line 138, C:\Users\Moises\Downloads\Compressed\sourcemod-1.11.0-git6968-windows\addons\sourcemod\scripting\ÒankrunFixhealth.sp::IsTankRunActive
L 12/23/2025 - 17:34:49: [SM]   [2] Line 36, C:\Users\Moises\Downloads\Compressed\sourcemod-1.11.0-git6968-windows\addons\sourcemod\scripting\ÒankrunFixhealth.sp::Timer_PeriodicCheck
L 12/23/2025 - 17:34:59: [SM] Exception reported: Invalid convar handle 0 (error 4)
L 12/23/2025 - 17:34:59: [SM] Blaming: ÒankrunFixhealth.smx
L 12/23/2025 - 17:34:59: [SM] Call stack trace:
L 12/23/2025 - 17:34:59: [SM]   [0] GetConVarString
L 12/23/2025 - 17:34:59: [SM]   [1] Line 138, C:\Users\Moises\Downloads\Compressed\sourcemod-1.11.0-git6968-windows\addons\sourcemod\scripting\ÒankrunFixhealth.sp::IsTankRunActive
L 12/23/2025 - 17:34:59: [SM]   [2] Line 36, C:\Users\Moises\Downloads\Compressed\sourcemod-1.11.0-git6968-windows\addons\sourcemod\scripting\ÒankrunFixhealth.sp::Timer_PeriodicCheck
L 12/23/2025 - 17:35:09: [SM] Exception reported: Invalid convar handle 0 (error 4)
L 12/23/2025 - 17:35:09: [SM] Blaming: ÒankrunFixhealth.smx
L 12/23/2025 - 17:35:09: [SM] Call stack trace:
L 12/23/2025 - 17:35:09: [SM]   [0] GetConVarString
L 12/23/2025 - 17:35:09: [SM]   [1] Line 138, C:\Users\Moises\Downloads\Compressed\sourcemod-1.11.0-git6968-windows\addons\sourcemod\scripting\ÒankrunFixhealth.sp::IsTankRunActive
L 12/23/2025 - 17:35:09: [SM]   [2] Line 36, C:\Users\Moises\Downloads\Compressed\sourcemod-1.11.0-git6968-windows\addons\sourcemod\scripting\ÒankrunFixhealth.sp::Timer_PeriodicCheck
L 12/23/2025 - 17:35:19: [SM] Exception reported: Invalid convar handle 0 (error 4)
L 12/23/2025 - 17:35:19: [SM] Blaming: ÒankrunFixhealth.smx
L 12/23/2025 - 17:35:19: [SM] Call stack trace:
L 12/23/2025 - 17:35:19: [SM]   [0] GetConVarString
L 12/23/2025 - 17:35:19: [SM]   [1] Line 138, C:\Users\Moises\Downloads\Compressed\sourcemod-1.11.0-git6968-windows\addons\sourcemod\scripting\ÒankrunFixhealth.sp::IsTankRunActive
L 12/23/2025 - 17:35:19: [SM]   [2] Line 36, C:\Users\Moises\Downloads\Compressed\sourcemod-1.11.0-git6968-windows\addons\sourcemod\scripting\ÒankrunFixhealth.sp::Timer_PeriodicCheck
L 12/23/2025 - 17:35:20: [SM] Exception reported: Invalid convar handle 0 (error 4)
L 12/23/2025 - 17:35:20: [SM] Blaming: ÒankrunFixhealth.smx
L 12/23/2025 - 17:35:20: [SM] Call stack trace:
L 12/23/2025 - 17:35:20: [SM]   [0] GetConVarString
L 12/23/2025 - 17:35:20: [SM]   [1] Line 138, C:\Users\Moises\Downloads\Compressed\sourcemod-1.11.0-git6968-windows\addons\sourcemod\scripting\ÒankrunFixhealth.sp::IsTankRunActive
L 12/23/2025 - 17:35:20: [SM]   [2] Line 79, C:\Users\Moises\Downloads\Compressed\sourcemod-1.11.0-git6968-windows\addons\sourcemod\scripting\ÒankrunFixhealth.sp::Event_PlayerDeath
L 12/23/2025 - 17:35:27: [SM] Exception reported: Invalid timer handle c800044b (error 3)
L 12/23/2025 - 17:35:27: [SM] Blaming: l4d2_playerjoining_v2.smx
L 12/23/2025 - 17:35:27: [SM] Call stack trace:
L 12/23/2025 - 17:35:27: [SM]   [0] KillTimer
L 12/23/2025 - 17:35:27: [SM]   [1] Line 53, C:\Users\Moises\Downloads\Compressed\sourcemod-1.11.0-git6968-windows\addons\sourcemod\scripting\l4d2_playerjoining_v2.sp::OnClientDisconnect
L 12/23/2025 - 17:35:29: [SM] Exception reported: Invalid convar handle 0 (error 4)
L 12/23/2025 - 17:35:29: [SM] Blaming: ÒankrunFixhealth.smx
L 12/23/2025 - 17:35:29: [SM] Call stack trace:
L 12/23/2025 - 17:35:29: [SM]   [0] GetConVarString
L 12/23/2025 - 17:35:29: [SM]   [1] Line 138, C:\Users\Moises\Downloads\Compressed\sourcemod-1.11.0-git6968-windows\addons\sourcemod\scripting\ÒankrunFixhealth.sp::IsTankRunActive
L 12/23/2025 - 17:35:29: [SM]   [2] Line 36, C:\Users\Moises\Downloads\Compressed\sourcemod-1.11.0-git6968-windows\addons\sourcemod\scripting\ÒankrunFixhealth.sp::Timer_PeriodicCheck
L 12/23/2025 - 17:35:36: [SM] Exception reported: Invalid convar handle 0 (error 4)
L 12/23/2025 - 17:35:36: [SM] Blaming: ÒankrunFixhealth.smx
L 12/23/2025 - 17:35:36: [SM] Call stack trace:
L 12/23/2025 - 17:35:36: [SM]   [0] GetConVarString
L 12/23/2025 - 17:35:36: [SM]   [1] Line 138, C:\Users\Moises\Downloads\Compressed\sourcemod-1.11.0-git6968-windows\addons\sourcemod\scripting\ÒankrunFixhealth.sp::IsTankRunActive
L 12/23/2025 - 17:35:36: [SM]   [2] Line 79, C:\Users\Moises\Downloads\Compressed\sourcemod-1.11.0-git6968-windows\addons\sourcemod\scripting\ÒankrunFixhealth.sp::Event_PlayerDeath
L 12/23/2025 - 17:35:39: [SM] Exception reported: Invalid convar handle 0 (error 4)
L 12/23/2025 - 17:35:39: [SM] Blaming: ÒankrunFixhealth.smx
L 12/23/2025 - 17:35:39: [SM] Call stack trace:
L 12/23/2025 - 17:35:39: [SM]   [0] GetConVarString
L 12/23/2025 - 17:35:39: [SM]   [1] Line 138, C:\Users\Moises\Downloads\Compressed\sourcemod-1.11.0-git6968-windows\addons\sourcemod\scripting\ÒankrunFixhealth.sp::IsTankRunActive
L 12/23/2025 - 17:35:39: [SM]   [2] Line 36, C:\Users\Moises\Downloads\Compressed\sourcemod-1.11.0-git6968-windows\addons\sourcemod\scripting\ÒankrunFixhealth.sp::Timer_PeriodicCheck
L 12/23/2025 - 17:35:46: [SM] Exception reported: Invalid convar handle 0 (error 4)
L 12/23/2025 - 17:35:46: [SM] Blaming: ÒankrunFixhealth.smx
L 12/23/2025 - 17:35:46: [SM] Call stack trace:
L 12/23/2025 - 17:35:46: [SM]   [0] GetConVarString
L 12/23/2025 - 17:35:46: [SM]   [1] Line 138, C:\Users\Moises\Downloads\Compressed\sourcemod-1.11.0-git6968-windows\addons\sourcemod\scripting\ÒankrunFixhealth.sp::IsTankRunActive
L 12/23/2025 - 17:35:46: [SM]   [2] Line 79, C:\Users\Moises\Downloads\Compressed\sourcemod-1.11.0-git6968-windows\addons\sourcemod\scripting\ÒankrunFixhealth.sp::Event_PlayerDeath
L 12/23/2025 - 17:35:49: [SM] Exception reported: Invalid convar handle 0 (error 4)
L 12/23/2025 - 17:35:49: [SM] Blaming: ÒankrunFixhealth.smx
L 12/23/2025 - 17:35:49: [SM] Call stack trace:
L 12/23/2025 - 17:35:49: [SM]   [0] GetConVarString
L 12/23/2025 - 17:35:49: [SM]   [1] Line 138, C:\Users\Moises\Downloads\Compressed\sourcemod-1.11.0-git6968-windows\addons\sourcemod\scripting\ÒankrunFixhealth.sp::IsTankRunActive
L 12/23/2025 - 17:35:49: [SM]   [2] Line 36, C:\Users\Moises\Downloads\Compressed\sourcemod-1.11.0-git6968-windows\addons\sourcemod\scripting\ÒankrunFixhealth.sp::Timer_PeriodicCheck
L 12/23/2025 - 17:35:53: [SM] Exception reported: Invalid timer handle 1ac004d1 (error 3)
L 12/23/2025 - 17:35:53: [SM] Blaming: l4d2_playerjoining_v2.smx
L 12/23/2025 - 17:35:53: [SM] Call stack trace:
L 12/23/2025 - 17:35:53: [SM]   [0] KillTimer
L 12/23/2025 - 17:35:53: [SM]   [1] Line 53, C:\Users\Moises\Downloads\Compressed\sourcemod-1.11.0-git6968-windows\addons\sourcemod\scripting\l4d2_playerjoining_v2.sp::OnClientDisconnect
L 12/23/2025 - 17:35:57: [SM] Exception reported: Invalid convar handle 0 (error 4)
L 12/23/2025 - 17:35:57: [SM] Blaming: ÒankrunFixhealth.smx
L 12/23/2025 - 17:35:57: [SM] Call stack trace:
L 12/23/2025 - 17:35:57: [SM]   [0] GetConVarString
L 12/23/2025 - 17:35:57: [SM]   [1] Line 138, C:\Users\Moises\Downloads\Compressed\sourcemod-1.11.0-git6968-windows\addons\sourcemod\scripting\ÒankrunFixhealth.sp::IsTankRunActive
L 12/23/2025 - 17:35:57: [SM]   [2] Line 79, C:\Users\Moises\Downloads\Compressed\sourcemod-1.11.0-git6968-windows\addons\sourcemod\scripting\ÒankrunFixhealth.sp::Event_PlayerDeath
L 12/23/2025 - 17:35:59: [SM] Exception reported: Invalid convar handle 0 (error 4)
L 12/23/2025 - 17:35:59: [SM] Blaming: ÒankrunFixhealth.smx
L 12/23/2025 - 17:35:59: [SM] Call stack trace:
L 12/23/2025 - 17:35:59: [SM]   [0] GetConVarString
L 12/23/2025 - 17:35:59: [SM]   [1] Line 138, C:\Users\Moises\Downloads\Compressed\sourcemod-1.11.0-git6968-windows\addons\sourcemod\scripting\ÒankrunFixhealth.sp::IsTankRunActive
L 12/23/2025 - 17:35:59: [SM]   [2] Line 36, C:\Users\Moises\Downloads\Compressed\sourcemod-1.11.0-git6968-windows\addons\sourcemod\scripting\ÒankrunFixhealth.sp::Timer_PeriodicCheck
L 12/23/2025 - 17:35:59: [SM] Exception reported: Language phrase "Please wait to be revived or rescued" not found (arg 6)
L 12/23/2025 - 17:35:59: [SM] Blaming: l4dmultislots.smx
L 12/23/2025 - 17:35:59: [SM] Call stack trace:
L 12/23/2025 - 17:35:59: [SM]   [0] PrintToChat
L 12/23/2025 - 17:35:59: [SM]   [1] Line 953, d:\Github\Private-Work\L4D2-Êèí‰ª∂\scripting_1.11\l4dmultislots.sp::Timer_SpecCheck
L 12/23/2025 - 17:36:09: [SM] Exception reported: Invalid convar handle 0 (error 4)
L 12/23/2025 - 17:36:09: [SM] Blaming: ÒankrunFixhealth.smx
L 12/23/2025 - 17:36:09: [SM] Call stack trace:
L 12/23/2025 - 17:36:09: [SM]   [0] GetConVarString
L 12/23/2025 - 17:36:09: [SM]   [1] Line 138, C:\Users\Moises\Downloads\Compressed\sourcemod-1.11.0-git6968-windows\addons\sourcemod\scripting\ÒankrunFixhealth.sp::IsTankRunActive
L 12/23/2025 - 17:36:09: [SM]   [2] Line 36, C:\Users\Moises\Downloads\Compressed\sourcemod-1.11.0-git6968-windows\addons\sourcemod\scripting\ÒankrunFixhealth.sp::Timer_PeriodicCheck
L 12/23/2025 - 17:36:13: [SM] Exception reported: Invalid convar handle 0 (error 4)
L 12/23/2025 - 17:36:13: [SM] Blaming: ÒankrunFixhealth.smx
L 12/23/2025 - 17:36:13: [SM] Call stack trace:
L 12/23/2025 - 17:36:13: [SM]   [0] GetConVarString
L 12/23/2025 - 17:36:13: [SM]   [1] Line 138, C:\Users\Moises\Downloads\Compressed\sourcemod-1.11.0-git6968-windows\addons\sourcemod\scripting\ÒankrunFixhealth.sp::IsTankRunActive
L 12/23/2025 - 17:36:13: [SM]   [2] Line 79, C:\Users\Moises\Downloads\Compressed\sourcemod-1.11.0-git6968-windows\addons\sourcemod\scripting\ÒankrunFixhealth.sp::Event_PlayerDeath
L 12/23/2025 - 17:36:16: [SM] Exception reported: Invalid convar handle 0 (error 4)
L 12/23/2025 - 17:36:16: [SM] Blaming: ÒankrunFixhealth.smx
L 12/23/2025 - 17:36:16: [SM] Call stack trace:
L 12/23/2025 - 17:36:16: [SM]   [0] GetConVarString
L 12/23/2025 - 17:36:16: [SM]   [1] Line 138, C:\Users\Moises\Downloads\Compressed\sourcemod-1.11.0-git6968-windows\addons\sourcemod\scripting\ÒankrunFixhealth.sp::IsTankRunActive
L 12/23/2025 - 17:36:16: [SM]   [2] Line 79, C:\Users\Moises\Downloads\Compressed\sourcemod-1.11.0-git6968-windows\addons\sourcemod\scripting\ÒankrunFixhealth.sp::Event_PlayerDeath
L 12/23/2025 - 17:36:19: [SM] Exception reported: Invalid convar handle 0 (error 4)
L 12/23/2025 - 17:36:19: [SM] Blaming: ÒankrunFixhealth.smx
L 12/23/2025 - 17:36:19: [SM] Call stack trace:
L 12/23/2025 - 17:36:19: [SM]   [0] GetConVarString
L 12/23/2025 - 17:36:19: [SM]   [1] Line 138, C:\Users\Moises\Downloads\Compressed\sourcemod-1.11.0-git6968-windows\addons\sourcemod\scripting\ÒankrunFixhealth.sp::IsTankRunActive
L 12/23/2025 - 17:36:19: [SM]   [2] Line 36, C:\Users\Moises\Downloads\Compressed\sourcemod-1.11.0-git6968-windows\addons\sourcemod\scripting\ÒankrunFixhealth.sp::Timer_PeriodicCheck
L 12/23/2025 - 17:36:22: [SM] Exception reported: Invalid convar handle 0 (error 4)
L 12/23/2025 - 17:36:22: [SM] Blaming: ÒankrunFixhealth.smx
L 12/23/2025 - 17:36:22: [SM] Call stack trace:
L 12/23/2025 - 17:36:22: [SM]   [0] GetConVarString
L 12/23/2025 - 17:36:22: [SM]   [1] Line 138, C:\Users\Moises\Downloads\Compressed\sourcemod-1.11.0-git6968-windows\addons\sourcemod\scripting\ÒankrunFixhealth.sp::IsTankRunActive
L 12/23/2025 - 17:36:22: [SM]   [2] Line 79, C:\Users\Moises\Downloads\Compressed\sourcemod-1.11.0-git6968-windows\addons\sourcemod\scripting\ÒankrunFixhealth.sp::Event_PlayerDeath
L 12/23/2025 - 17:36:24: [SM] Exception reported: Language phrase "Please wait to be revived or rescued" not found (arg 6)
L 12/23/2025 - 17:36:24: [SM] Blaming: l4dmultislots.smx
L 12/23/2025 - 17:36:24: [SM] Call stack trace:
L 12/23/2025 - 17:36:24: [SM]   [0] PrintToChat
L 12/23/2025 - 17:36:24: [SM]   [1] Line 953, d:\Github\Private-Work\L4D2-Êèí‰ª∂\scripting_1.11\l4dmultislots.sp::Timer_SpecCheck
L 12/23/2025 - 17:36:25: [SM] Exception reported: Invalid convar handle 0 (error 4)
L 12/23/2025 - 17:36:25: [SM] Blaming: ÒankrunFixhealth.smx
L 12/23/2025 - 17:36:25: [SM] Call stack trace:
L 12/23/2025 - 17:36:25: [SM]   [0] GetConVarString
L 12/23/2025 - 17:36:25: [SM]   [1] Line 138, C:\Users\Moises\Downloads\Compressed\sourcemod-1.11.0-git6968-windows\addons\sourcemod\scripting\ÒankrunFixhealth.sp::IsTankRunActive
L 12/23/2025 - 17:36:25: [SM]   [2] Line 79, C:\Users\Moises\Downloads\Compressed\sourcemod-1.11.0-git6968-windows\addons\sourcemod\scripting\ÒankrunFixhealth.sp::Event_PlayerDeath
L 12/23/2025 - 17:36:29: [SM] Exception reported: Invalid convar handle 0 (error 4)
L 12/23/2025 - 17:36:29: [SM] Blaming: ÒankrunFixhealth.smx
L 12/23/2025 - 17:36:29: [SM] Call stack trace:
L 12/23/2025 - 17:36:29: [SM]   [0] GetConVarString
L 12/23/2025 - 17:36:29: [SM]   [1] Line 138, C:\Users\Moises\Downloads\Compressed\sourcemod-1.11.0-git6968-windows\addons\sourcemod\scripting\ÒankrunFixhealth.sp::IsTankRunActive
L 12/23/2025 - 17:36:29: [SM]   [2] Line 36, C:\Users\Moises\Downloads\Compressed\sourcemod-1.11.0-git6968-windows\addons\sourcemod\scripting\ÒankrunFixhealth.sp::Timer_PeriodicCheck
L 12/23/2025 - 17:36:31: [SM] Exception reported: Invalid convar handle 0 (error 4)
L 12/23/2025 - 17:36:31: [SM] Blaming: ÒankrunFixhealth.smx
L 12/23/2025 - 17:36:31: [SM] Call stack trace:
L 12/23/2025 - 17:36:31: [SM]   [0] GetConVarString
L 12/23/2025 - 17:36:31: [SM]   [1] Line 138, C:\Users\Moises\Downloads\Compressed\sourcemod-1.11.0-git6968-windows\addons\sourcemod\scripting\ÒankrunFixhealth.sp::IsTankRunActive
L 12/23/2025 - 17:36:31: [SM]   [2] Line 79, C:\Users\Moises\Downloads\Compressed\sourcemod-1.11.0-git6968-windows\addons\sourcemod\scripting\ÒankrunFixhealth.sp::Event_PlayerDeath
L 12/23/2025 - 17:36:34: [SM] Exception reported: Invalid convar handle 0 (error 4)
L 12/23/2025 - 17:36:34: [SM] Blaming: ÒankrunFixhealth.smx
L 12/23/2025 - 17:36:34: [SM] Call stack trace:
L 12/23/2025 - 17:36:34: [SM]   [0] GetConVarString
L 12/23/2025 - 17:36:34: [SM]   [1] Line 138, C:\Users\Moises\Downloads\Compressed\sourcemod-1.11.0-git6968-windows\addons\sourcemod\scripting\ÒankrunFixhealth.sp::IsTankRunActive
L 12/23/2025 - 17:36:34: [SM]   [2] Line 79, C:\Users\Moises\Downloads\Compressed\sourcemod-1.11.0-git6968-windows\addons\sourcemod\scripting\ÒankrunFixhealth.sp::Event_PlayerDeath
L 12/23/2025 - 17:36:36: [SM] Exception reported: Invalid convar handle 0 (error 4)
L 12/23/2025 - 17:36:36: [SM] Blaming: ÒankrunFixhealth.smx
L 12/23/2025 - 17:36:36: [SM] Call stack trace:
L 12/23/2025 - 17:36:36: [SM]   [0] GetConVarString
L 12/23/2025 - 17:36:36: [SM]   [1] Line 138, C:\Users\Moises\Downloads\Compressed\sourcemod-1.11.0-git6968-windows\addons\sourcemod\scripting\ÒankrunFixhealth.sp::IsTankRunActive
L 12/23/2025 - 17:36:36: [SM]   [2] Line 79, C:\Users\Moises\Downloads\Compressed\sourcemod-1.11.0-git6968-windows\addons\sourcemod\scripting\ÒankrunFixhealth.sp::Event_PlayerDeath
L 12/23/2025 - 17:36:38: [SM] Exception reported: Invalid timer handle 8f100479 (error 3)
L 12/23/2025 - 17:36:38: [SM] Blaming: l4d2_playerjoining_v2.smx
L 12/23/2025 - 17:36:38: [SM] Call stack trace:
L 12/23/2025 - 17:36:38: [SM]   [0] KillTimer
L 12/23/2025 - 17:36:38: [SM]   [1] Line 53, C:\Users\Moises\Downloads\Compressed\sourcemod-1.11.0-git6968-windows\addons\sourcemod\scripting\l4d2_playerjoining_v2.sp::OnClientDisconnect
L 12/23/2025 - 17:36:39: [SM] Exception reported: Invalid convar handle 0 (error 4)
L 12/23/2025 - 17:36:39: [SM] Blaming: ÒankrunFixhealth.smx
L 12/23/2025 - 17:36:39: [SM] Call stack trace:
L 12/23/2025 - 17:36:39: [SM]   [0] GetConVarString
L 12/23/2025 - 17:36:39: [SM]   [1] Line 138, C:\Users\Moises\Downloads\Compressed\sourcemod-1.11.0-git6968-windows\addons\sourcemod\scripting\ÒankrunFixhealth.sp::IsTankRunActive
L 12/23/2025 - 17:36:39: [SM]   [2] Line 36, C:\Users\Moises\Downloads\Compressed\sourcemod-1.11.0-git6968-windows\addons\sourcemod\scripting\ÒankrunFixhealth.sp::Timer_PeriodicCheck
L 12/23/2025 - 17:36:43: [SM] Exception reported: Invalid timer handle 1ac004d1 (error 3)
L 12/23/2025 - 17:36:43: [SM] Blaming: l4d2_playerjoining_v2.smx
L 12/23/2025 - 17:36:43: [SM] Call stack trace:
L 12/23/2025 - 17:36:43: [SM]   [0] KillTimer
L 12/23/2025 - 17:36:43: [SM]   [1] Line 53, C:\Users\Moises\Downloads\Compressed\sourcemod-1.11.0-git6968-windows\addons\sourcemod\scripting\l4d2_playerjoining_v2.sp::OnClientDisconnect
L 12/23/2025 - 17:36:44: [SM] Exception reported: Invalid convar handle 0 (error 4)
L 12/23/2025 - 17:36:44: [SM] Blaming: ÒankrunFixhealth.smx
L 12/23/2025 - 17:36:44: [SM] Call stack trace:
L 12/23/2025 - 17:36:44: [SM]   [0] GetConVarString
L 12/23/2025 - 17:36:44: [SM]   [1] Line 138, C:\Users\Moises\Downloads\Compressed\sourcemod-1.11.0-git6968-windows\addons\sourcemod\scripting\ÒankrunFixhealth.sp::IsTankRunActive
L 12/23/2025 - 17:36:44: [SM]   [2] Line 79, C:\Users\Moises\Downloads\Compressed\sourcemod-1.11.0-git6968-windows\addons\sourcemod\scripting\ÒankrunFixhealth.sp::Event_PlayerDeath
L 12/23/2025 - 17:36:49: [SM] Exception reported: Invalid convar handle 0 (error 4)
L 12/23/2025 - 17:36:49: [SM] Blaming: ÒankrunFixhealth.smx
L 12/23/2025 - 17:36:49: [SM] Call stack trace:
L 12/23/2025 - 17:36:49: [SM]   [0] GetConVarString
L 12/23/2025 - 17:36:49: [SM]   [1] Line 138, C:\Users\Moises\Downloads\Compressed\sourcemod-1.11.0-git6968-windows\addons\sourcemod\scripting\ÒankrunFixhealth.sp::IsTankRunActive
L 12/23/2025 - 17:36:49: [SM]   [2] Line 36, C:\Users\Moises\Downloads\Compressed\sourcemod-1.11.0-git6968-windows\addons\sourcemod\scripting\ÒankrunFixhealth.sp::Timer_PeriodicCheck
L 12/23/2025 - 17:36:51: [SM] Exception reported: Invalid timer handle c800044b (error 3)
L 12/23/2025 - 17:36:51: [SM] Blaming: l4d2_playerjoining_v2.smx
L 12/23/2025 - 17:36:51: [SM] Call stack trace:
L 12/23/2025 - 17:36:51: [SM]   [0] KillTimer
L 12/23/2025 - 17:36:51: [SM]   [1] Line 53, C:\Users\Moises\Downloads\Compressed\sourcemod-1.11.0-git6968-windows\addons\sourcemod\scripting\l4d2_playerjoining_v2.sp::OnClientDisconnect
L 12/23/2025 - 17:36:56: [SM] Exception reported: Invalid convar handle 0 (error 4)
L 12/23/2025 - 17:36:56: [SM] Blaming: ÒankrunFixhealth.smx
L 12/23/2025 - 17:36:56: [SM] Call stack trace:
L 12/23/2025 - 17:36:56: [SM]   [0] GetConVarString
L 12/23/2025 - 17:36:56: [SM]   [1] Line 138, C:\Users\Moises\Downloads\Compressed\sourcemod-1.11.0-git6968-windows\addons\sourcemod\scripting\ÒankrunFixhealth.sp::IsTankRunActive
L 12/23/2025 - 17:36:56: [SM]   [2] Line 79, C:\Users\Moises\Downloads\Compressed\sourcemod-1.11.0-git6968-windows\addons\sourcemod\scripting\ÒankrunFixhealth.sp::Event_PlayerDeath
L 12/23/2025 - 17:36:57: [SM] Exception reported: Invalid convar handle 0 (error 4)
L 12/23/2025 - 17:36:57: [SM] Blaming: ÒankrunFixhealth.smx
L 12/23/2025 - 17:36:57: [SM] Call stack trace:
L 12/23/2025 - 17:36:57: [SM]   [0] GetConVarString
L 12/23/2025 - 17:36:57: [SM]   [1] Line 138, C:\Users\Moises\Downloads\Compressed\sourcemod-1.11.0-git6968-windows\addons\sourcemod\scripting\ÒankrunFixhealth.sp::IsTankRunActive
L 12/23/2025 - 17:36:57: [SM]   [2] Line 79, C:\Users\Moises\Downloads\Compressed\sourcemod-1.11.0-git6968-windows\addons\sourcemod\scripting\ÒankrunFixhealth.sp::Event_PlayerDeath
L 12/23/2025 - 17:36:59: [SM] Exception reported: Invalid convar handle 0 (error 4)
L 12/23/2025 - 17:36:59: [SM] Blaming: ÒankrunFixhealth.smx
L 12/23/2025 - 17:36:59: [SM] Call stack trace:
L 12/23/2025 - 17:36:59: [SM]   [0] GetConVarString
L 12/23/2025 - 17:36:59: [SM]   [1] Line 138, C:\Users\Moises\Downloads\Compressed\sourcemod-1.11.0-git6968-windows\addons\sourcemod\scripting\ÒankrunFixhealth.sp::IsTankRunActive
L 12/23/2025 - 17:36:59: [SM]   [2] Line 36, C:\Users\Moises\Downloads\Compressed\sourcemod-1.11.0-git6968-windows\addons\sourcemod\scripting\ÒankrunFixhealth.sp::Timer_PeriodicCheck
L 12/23/2025 - 17:37:01: [SM] Exception reported: Invalid timer handle 1ac004d1 (error 3)
L 12/23/2025 - 17:37:01: [SM] Blaming: l4d2_playerjoining_v2.smx
L 12/23/2025 - 17:37:01: [SM] Call stack trace:
L 12/23/2025 - 17:37:01: [SM]   [0] KillTimer
L 12/23/2025 - 17:37:01: [SM]   [1] Line 53, C:\Users\Moises\Downloads\Compressed\sourcemod-1.11.0-git6968-windows\addons\sourcemod\scripting\l4d2_playerjoining_v2.sp::OnClientDisconnect
L 12/23/2025 - 17:37:01: [SM] Exception reported: Invalid timer handle 8f100479 (error 3)
L 12/23/2025 - 17:37:01: [SM] Blaming: l4d2_playerjoining_v2.smx
L 12/23/2025 - 17:37:01: [SM] Call stack trace:
L 12/23/2025 - 17:37:01: [SM]   [0] KillTimer
L 12/23/2025 - 17:37:01: [SM]   [1] Line 53, C:\Users\Moises\Downloads\Compressed\sourcemod-1.11.0-git6968-windows\addons\sourcemod\scripting\l4d2_playerjoining_v2.sp::OnClientDisconnect
L 12/23/2025 - 17:37:01: [SM] Exception reported: Invalid timer handle 6cb004bd (error 3)
L 12/23/2025 - 17:37:01: [SM] Blaming: l4d2_playerjoining_v2.smx
L 12/23/2025 - 17:37:01: [SM] Call stack trace:
L 12/23/2025 - 17:37:01: [SM]   [0] KillTimer
L 12/23/2025 - 17:37:02: [SM]   [1] Line 53, C:\Users\Moises\Downloads\Compressed\sourcemod-1.11.0-git6968-windows\addons\sourcemod\scripting\l4d2_playerjoining_v2.sp::OnClientDisconnect
L 12/23/2025 - 17:37:05: Error log file session closed.
