L 12/29/2025 - 18:38:56: SourceMod error session started
L 12/29/2025 - 18:38:56: Info (map "bwm1_climb") (file "d:\steamlibrary\steamapps\common\left 4 dead 2\left4dead2\addons\sourcemod\logs\errors_20251229.log")
L 12/29/2025 - 18:38:56: [SM] Failed to load plugin "cannounce.smx": Get a dedicated server. This plugin does not work on Listen servers..
L 12/29/2025 - 18:38:57: [SM] Failed to load plugin "LMCL4D1CDeathHandler.smx": Plugin only supports Left 4 Dead.
L 12/29/2025 - 18:38:57: [SM] Failed to load plugin "LMCL4D1SetTransmit.smx": Plugin only supports Left 4 Dead.
L 12/29/2025 - 18:38:57: [SM] Failed to load plugin "LMC_L4D1_Menu_Choosing.smx": Plugin only supports Left 4 Dead.
L 12/29/2025 - 18:38:57: [SM] Failed to load plugin "LMC_L4D1_RandomSpawns.smx": Plugin only supports Left 4 Dead.
L 12/29/2025 - 18:38:57: [SM] Failed to load plugin "nextmap.smx": Nextmap is incompatible with this game.
L 12/29/2025 - 18:38:57: [SM] Failed to load plugin "[L4D2] Left4dhooks.smx": 
====================
This plugin replaces Left4Downtown. Delete the extension to run.
====================.
L 12/29/2025 - 18:38:57: [SM] Fatal error encountered parsing translation file "l4d_nth.phrases.txt"
L 12/29/2025 - 18:38:57: [SM] Error (line 0, column 0): Stream failed to open
L 12/29/2025 - 18:38:57: [SM] Fatal error encountered parsing translation file "chargersteering.phrases.txt"
L 12/29/2025 - 18:38:57: [SM] Error (line 0, column 0): Stream failed to open
L 12/29/2025 - 18:38:57: [l4d2_publicity.smx] [Publicity] No se encontraron mensajes en el archivo de configuraci√≥n
L 12/29/2025 - 18:38:57: [SM] Fatal error encountered parsing translation file "l4dmultislots.phrases.txt"
L 12/29/2025 - 18:38:57: [SM] Error (line 0, column 0): Stream failed to open
L 12/29/2025 - 18:38:58: [SM] Fatal error encountered parsing translation file "lilac.phrases.txt"
L 12/29/2025 - 18:38:58: [SM] Error (line 0, column 0): Stream failed to open
L 12/29/2025 - 18:39:03: [SM] Exception reported: Invalid convar handle 0 (error 4)
L 12/29/2025 - 18:39:03: [SM] Blaming: ÒankrunFixhealth.smx
L 12/29/2025 - 18:39:03: [SM] Call stack trace:
L 12/29/2025 - 18:39:03: [SM]   [0] GetConVarString
L 12/29/2025 - 18:39:03: [SM]   [1] Line 138, C:\Users\Moises\Downloads\Compressed\sourcemod-1.11.0-git6968-windows\addons\sourcemod\scripting\ÒankrunFixhealth.sp::IsTankRunActive
L 12/29/2025 - 18:39:03: [SM]   [2] Line 54, C:\Users\Moises\Downloads\Compressed\sourcemod-1.11.0-git6968-windows\addons\sourcemod\scripting\ÒankrunFixhealth.sp::Event_RoundStart
L 12/29/2025 - 18:39:04: [l4d2_publicity.smx] [Publicity] No se encontraron mensajes en el archivo de configuraci√≥n
L 12/29/2025 - 18:39:18: [SM] Exception reported: Invalid convar handle 0 (error 4)
L 12/29/2025 - 18:39:18: [SM] Blaming: ÒankrunFixhealth.smx
L 12/29/2025 - 18:39:18: [SM] Call stack trace:
L 12/29/2025 - 18:39:18: [SM]   [0] GetConVarString
L 12/29/2025 - 18:39:18: [SM]   [1] Line 138, C:\Users\Moises\Downloads\Compressed\sourcemod-1.11.0-git6968-windows\addons\sourcemod\scripting\ÒankrunFixhealth.sp::IsTankRunActive
L 12/29/2025 - 18:39:18: [SM]   [2] Line 36, C:\Users\Moises\Downloads\Compressed\sourcemod-1.11.0-git6968-windows\addons\sourcemod\scripting\ÒankrunFixhealth.sp::Timer_PeriodicCheck
L 12/29/2025 - 18:39:31: [SM] Exception reported: Invalid convar handle 0 (error 4)
L 12/29/2025 - 18:39:31: [SM] Blaming: ÒankrunFixhealth.smx
L 12/29/2025 - 18:39:31: [SM] Call stack trace:
L 12/29/2025 - 18:39:31: [SM]   [0] GetConVarString
L 12/29/2025 - 18:39:31: [SM]   [1] Line 138, C:\Users\Moises\Downloads\Compressed\sourcemod-1.11.0-git6968-windows\addons\sourcemod\scripting\ÒankrunFixhealth.sp::IsTankRunActive
L 12/29/2025 - 18:39:31: [SM]   [2] Line 36, C:\Users\Moises\Downloads\Compressed\sourcemod-1.11.0-git6968-windows\addons\sourcemod\scripting\ÒankrunFixhealth.sp::Timer_PeriodicCheck
L 12/29/2025 - 18:39:41: [SM] Exception reported: Invalid convar handle 0 (error 4)
L 12/29/2025 - 18:39:41: [SM] Blaming: ÒankrunFixhealth.smx
L 12/29/2025 - 18:39:41: [SM] Call stack trace:
L 12/29/2025 - 18:39:41: [SM]   [0] GetConVarString
L 12/29/2025 - 18:39:41: [SM]   [1] Line 138, C:\Users\Moises\Downloads\Compressed\sourcemod-1.11.0-git6968-windows\addons\sourcemod\scripting\ÒankrunFixhealth.sp::IsTankRunActive
L 12/29/2025 - 18:39:41: [SM]   [2] Line 36, C:\Users\Moises\Downloads\Compressed\sourcemod-1.11.0-git6968-windows\addons\sourcemod\scripting\ÒankrunFixhealth.sp::Timer_PeriodicCheck
L 12/29/2025 - 18:39:51: [SM] Exception reported: Invalid convar handle 0 (error 4)
L 12/29/2025 - 18:39:51: [SM] Blaming: ÒankrunFixhealth.smx
L 12/29/2025 - 18:39:51: [SM] Call stack trace:
L 12/29/2025 - 18:39:51: [SM]   [0] GetConVarString
L 12/29/2025 - 18:39:51: [SM]   [1] Line 138, C:\Users\Moises\Downloads\Compressed\sourcemod-1.11.0-git6968-windows\addons\sourcemod\scripting\ÒankrunFixhealth.sp::IsTankRunActive
L 12/29/2025 - 18:39:51: [SM]   [2] Line 36, C:\Users\Moises\Downloads\Compressed\sourcemod-1.11.0-git6968-windows\addons\sourcemod\scripting\ÒankrunFixhealth.sp::Timer_PeriodicCheck
L 12/29/2025 - 18:40:01: [SM] Exception reported: Invalid convar handle 0 (error 4)
L 12/29/2025 - 18:40:01: [SM] Blaming: ÒankrunFixhealth.smx
L 12/29/2025 - 18:40:01: [SM] Call stack trace:
L 12/29/2025 - 18:40:01: [SM]   [0] GetConVarString
L 12/29/2025 - 18:40:01: [SM]   [1] Line 138, C:\Users\Moises\Downloads\Compressed\sourcemod-1.11.0-git6968-windows\addons\sourcemod\scripting\ÒankrunFixhealth.sp::IsTankRunActive
L 12/29/2025 - 18:40:01: [SM]   [2] Line 36, C:\Users\Moises\Downloads\Compressed\sourcemod-1.11.0-git6968-windows\addons\sourcemod\scripting\ÒankrunFixhealth.sp::Timer_PeriodicCheck
L 12/29/2025 - 18:40:11: [SM] Exception reported: Invalid convar handle 0 (error 4)
L 12/29/2025 - 18:40:11: [SM] Blaming: ÒankrunFixhealth.smx
L 12/29/2025 - 18:40:11: [SM] Call stack trace:
L 12/29/2025 - 18:40:11: [SM]   [0] GetConVarString
L 12/29/2025 - 18:40:11: [SM]   [1] Line 138, C:\Users\Moises\Downloads\Compressed\sourcemod-1.11.0-git6968-windows\addons\sourcemod\scripting\ÒankrunFixhealth.sp::IsTankRunActive
L 12/29/2025 - 18:40:11: [SM]   [2] Line 36, C:\Users\Moises\Downloads\Compressed\sourcemod-1.11.0-git6968-windows\addons\sourcemod\scripting\ÒankrunFixhealth.sp::Timer_PeriodicCheck
L 12/29/2025 - 18:40:24: Error log file session closed.
L 12/29/2025 - 18:40:24: SourceMod error session started
L 12/29/2025 - 18:40:24: Info (map "c1m1_hotel") (file "d:\steamlibrary\steamapps\common\left 4 dead 2\left4dead2\addons\sourcemod\logs\errors_20251229.log")
L 12/29/2025 - 18:40:24: [SM] Fatal error encountered parsing translation file "l4d_nth.phrases.txt"
L 12/29/2025 - 18:40:24: [SM] Error (line 0, column 0): Stream failed to open
L 12/29/2025 - 18:40:24: [SM] Fatal error encountered parsing translation file "chargersteering.phrases.txt"
L 12/29/2025 - 18:40:24: [SM] Error (line 0, column 0): Stream failed to open
L 12/29/2025 - 18:40:24: [SM] Fatal error encountered parsing translation file "l4dmultislots.phrases.txt"
L 12/29/2025 - 18:40:24: [SM] Error (line 0, column 0): Stream failed to open
L 12/29/2025 - 18:40:24: [SM] Fatal error encountered parsing translation file "lilac.phrases.txt"
L 12/29/2025 - 18:40:24: [SM] Error (line 0, column 0): Stream failed to open
L 12/29/2025 - 18:40:26: [SM] Exception reported: Invalid convar handle 0 (error 4)
L 12/29/2025 - 18:40:26: [SM] Blaming: ÒankrunFixhealth.smx
L 12/29/2025 - 18:40:26: [SM] Call stack trace:
L 12/29/2025 - 18:40:26: [SM]   [0] GetConVarString
L 12/29/2025 - 18:40:26: [SM]   [1] Line 138, C:\Users\Moises\Downloads\Compressed\sourcemod-1.11.0-git6968-windows\addons\sourcemod\scripting\ÒankrunFixhealth.sp::IsTankRunActive
L 12/29/2025 - 18:40:26: [SM]   [2] Line 54, C:\Users\Moises\Downloads\Compressed\sourcemod-1.11.0-git6968-windows\addons\sourcemod\scripting\ÒankrunFixhealth.sp::Event_RoundStart
L 12/29/2025 - 18:40:26: [l4d2_publicity.smx] [Publicity] No se encontraron mensajes en el archivo de configuraci√≥n
L 12/29/2025 - 18:40:35: [SM] Exception reported: Invalid convar handle 0 (error 4)
L 12/29/2025 - 18:40:35: [SM] Blaming: ÒankrunFixhealth.smx
L 12/29/2025 - 18:40:35: [SM] Call stack trace:
L 12/29/2025 - 18:40:35: [SM]   [0] GetConVarString
L 12/29/2025 - 18:40:35: [SM]   [1] Line 138, C:\Users\Moises\Downloads\Compressed\sourcemod-1.11.0-git6968-windows\addons\sourcemod\scripting\ÒankrunFixhealth.sp::IsTankRunActive
L 12/29/2025 - 18:40:35: [SM]   [2] Line 36, C:\Users\Moises\Downloads\Compressed\sourcemod-1.11.0-git6968-windows\addons\sourcemod\scripting\ÒankrunFixhealth.sp::Timer_PeriodicCheck
L 12/29/2025 - 18:40:45: [SM] Exception reported: Invalid convar handle 0 (error 4)
L 12/29/2025 - 18:40:45: [SM] Blaming: ÒankrunFixhealth.smx
L 12/29/2025 - 18:40:45: [SM] Call stack trace:
L 12/29/2025 - 18:40:45: [SM]   [0] GetConVarString
L 12/29/2025 - 18:40:45: [SM]   [1] Line 138, C:\Users\Moises\Downloads\Compressed\sourcemod-1.11.0-git6968-windows\addons\sourcemod\scripting\ÒankrunFixhealth.sp::IsTankRunActive
L 12/29/2025 - 18:40:45: [SM]   [2] Line 36, C:\Users\Moises\Downloads\Compressed\sourcemod-1.11.0-git6968-windows\addons\sourcemod\scripting\ÒankrunFixhealth.sp::Timer_PeriodicCheck
L 12/29/2025 - 18:40:57: [SM] Exception reported: Invalid convar handle 0 (error 4)
L 12/29/2025 - 18:40:57: [SM] Blaming: ÒankrunFixhealth.smx
L 12/29/2025 - 18:40:57: [SM] Call stack trace:
L 12/29/2025 - 18:40:57: [SM]   [0] GetConVarString
L 12/29/2025 - 18:40:57: [SM]   [1] Line 138, C:\Users\Moises\Downloads\Compressed\sourcemod-1.11.0-git6968-windows\addons\sourcemod\scripting\ÒankrunFixhealth.sp::IsTankRunActive
L 12/29/2025 - 18:40:57: [SM]   [2] Line 36, C:\Users\Moises\Downloads\Compressed\sourcemod-1.11.0-git6968-windows\addons\sourcemod\scripting\ÒankrunFixhealth.sp::Timer_PeriodicCheck
L 12/29/2025 - 18:41:08: [SM] Exception reported: Invalid convar handle 0 (error 4)
L 12/29/2025 - 18:41:08: [SM] Blaming: ÒankrunFixhealth.smx
L 12/29/2025 - 18:41:08: [SM] Call stack trace:
L 12/29/2025 - 18:41:08: [SM]   [0] GetConVarString
L 12/29/2025 - 18:41:08: [SM]   [1] Line 138, C:\Users\Moises\Downloads\Compressed\sourcemod-1.11.0-git6968-windows\addons\sourcemod\scripting\ÒankrunFixhealth.sp::IsTankRunActive
L 12/29/2025 - 18:41:08: [SM]   [2] Line 36, C:\Users\Moises\Downloads\Compressed\sourcemod-1.11.0-git6968-windows\addons\sourcemod\scripting\ÒankrunFixhealth.sp::Timer_PeriodicCheck
L 12/29/2025 - 18:41:18: [SM] Exception reported: Invalid convar handle 0 (error 4)
L 12/29/2025 - 18:41:18: [SM] Blaming: ÒankrunFixhealth.smx
L 12/29/2025 - 18:41:18: [SM] Call stack trace:
L 12/29/2025 - 18:41:18: [SM]   [0] GetConVarString
L 12/29/2025 - 18:41:18: [SM]   [1] Line 138, C:\Users\Moises\Downloads\Compressed\sourcemod-1.11.0-git6968-windows\addons\sourcemod\scripting\ÒankrunFixhealth.sp::IsTankRunActive
L 12/29/2025 - 18:41:18: [SM]   [2] Line 36, C:\Users\Moises\Downloads\Compressed\sourcemod-1.11.0-git6968-windows\addons\sourcemod\scripting\ÒankrunFixhealth.sp::Timer_PeriodicCheck
L 12/29/2025 - 18:41:28: [SM] Exception reported: Invalid convar handle 0 (error 4)
L 12/29/2025 - 18:41:28: [SM] Blaming: ÒankrunFixhealth.smx
L 12/29/2025 - 18:41:28: [SM] Call stack trace:
L 12/29/2025 - 18:41:28: [SM]   [0] GetConVarString
L 12/29/2025 - 18:41:28: [SM]   [1] Line 138, C:\Users\Moises\Downloads\Compressed\sourcemod-1.11.0-git6968-windows\addons\sourcemod\scripting\ÒankrunFixhealth.sp::IsTankRunActive
L 12/29/2025 - 18:41:28: [SM]   [2] Line 36, C:\Users\Moises\Downloads\Compressed\sourcemod-1.11.0-git6968-windows\addons\sourcemod\scripting\ÒankrunFixhealth.sp::Timer_PeriodicCheck
L 12/29/2025 - 18:41:36: [SM] Exception reported: Invalid convar handle 0 (error 4)
L 12/29/2025 - 18:41:36: [SM] Blaming: ÒankrunFixhealth.smx
L 12/29/2025 - 18:41:36: [SM] Call stack trace:
L 12/29/2025 - 18:41:36: [SM]   [0] GetConVarString
L 12/29/2025 - 18:41:36: [SM]   [1] Line 138, C:\Users\Moises\Downloads\Compressed\sourcemod-1.11.0-git6968-windows\addons\sourcemod\scripting\ÒankrunFixhealth.sp::IsTankRunActive
L 12/29/2025 - 18:41:36: [SM]   [2] Line 79, C:\Users\Moises\Downloads\Compressed\sourcemod-1.11.0-git6968-windows\addons\sourcemod\scripting\ÒankrunFixhealth.sp::Event_PlayerDeath
L 12/29/2025 - 18:41:36: [SM] Exception reported: Invalid convar handle 0 (error 4)
L 12/29/2025 - 18:41:36: [SM] Blaming: ÒankrunFixhealth.smx
L 12/29/2025 - 18:41:36: [SM] Call stack trace:
L 12/29/2025 - 18:41:36: [SM]   [0] GetConVarString
L 12/29/2025 - 18:41:36: [SM]   [1] Line 138, C:\Users\Moises\Downloads\Compressed\sourcemod-1.11.0-git6968-windows\addons\sourcemod\scripting\ÒankrunFixhealth.sp::IsTankRunActive
L 12/29/2025 - 18:41:36: [SM]   [2] Line 79, C:\Users\Moises\Downloads\Compressed\sourcemod-1.11.0-git6968-windows\addons\sourcemod\scripting\ÒankrunFixhealth.sp::Event_PlayerDeath
L 12/29/2025 - 18:41:37: [SM] Exception reported: Invalid convar handle 0 (error 4)
L 12/29/2025 - 18:41:37: [SM] Blaming: ÒankrunFixhealth.smx
L 12/29/2025 - 18:41:37: [SM] Call stack trace:
L 12/29/2025 - 18:41:37: [SM]   [0] GetConVarString
L 12/29/2025 - 18:41:37: [SM]   [1] Line 138, C:\Users\Moises\Downloads\Compressed\sourcemod-1.11.0-git6968-windows\addons\sourcemod\scripting\ÒankrunFixhealth.sp::IsTankRunActive
L 12/29/2025 - 18:41:37: [SM]   [2] Line 79, C:\Users\Moises\Downloads\Compressed\sourcemod-1.11.0-git6968-windows\addons\sourcemod\scripting\ÒankrunFixhealth.sp::Event_PlayerDeath
L 12/29/2025 - 18:41:38: [SM] Exception reported: Invalid convar handle 0 (error 4)
L 12/29/2025 - 18:41:38: [SM] Blaming: ÒankrunFixhealth.smx
L 12/29/2025 - 18:41:38: [SM] Call stack trace:
L 12/29/2025 - 18:41:38: [SM]   [0] GetConVarString
L 12/29/2025 - 18:41:38: [SM]   [1] Line 138, C:\Users\Moises\Downloads\Compressed\sourcemod-1.11.0-git6968-windows\addons\sourcemod\scripting\ÒankrunFixhealth.sp::IsTankRunActive
L 12/29/2025 - 18:41:38: [SM]   [2] Line 36, C:\Users\Moises\Downloads\Compressed\sourcemod-1.11.0-git6968-windows\addons\sourcemod\scripting\ÒankrunFixhealth.sp::Timer_PeriodicCheck
L 12/29/2025 - 18:41:48: [SM] Exception reported: Invalid convar handle 0 (error 4)
L 12/29/2025 - 18:41:48: [SM] Blaming: ÒankrunFixhealth.smx
L 12/29/2025 - 18:41:48: [SM] Call stack trace:
L 12/29/2025 - 18:41:48: [SM]   [0] GetConVarString
L 12/29/2025 - 18:41:48: [SM]   [1] Line 138, C:\Users\Moises\Downloads\Compressed\sourcemod-1.11.0-git6968-windows\addons\sourcemod\scripting\ÒankrunFixhealth.sp::IsTankRunActive
L 12/29/2025 - 18:41:48: [SM]   [2] Line 79, C:\Users\Moises\Downloads\Compressed\sourcemod-1.11.0-git6968-windows\addons\sourcemod\scripting\ÒankrunFixhealth.sp::Event_PlayerDeath
L 12/29/2025 - 18:41:48: [SM] Exception reported: Invalid convar handle 0 (error 4)
L 12/29/2025 - 18:41:48: [SM] Blaming: ÒankrunFixhealth.smx
L 12/29/2025 - 18:41:48: [SM] Call stack trace:
L 12/29/2025 - 18:41:48: [SM]   [0] GetConVarString
L 12/29/2025 - 18:41:48: [SM]   [1] Line 138, C:\Users\Moises\Downloads\Compressed\sourcemod-1.11.0-git6968-windows\addons\sourcemod\scripting\ÒankrunFixhealth.sp::IsTankRunActive
L 12/29/2025 - 18:41:48: [SM]   [2] Line 36, C:\Users\Moises\Downloads\Compressed\sourcemod-1.11.0-git6968-windows\addons\sourcemod\scripting\ÒankrunFixhealth.sp::Timer_PeriodicCheck
L 12/29/2025 - 18:41:48: [SM] Exception reported: Language phrase "Please wait to be revived or rescued" not found (arg 6)
L 12/29/2025 - 18:41:48: [SM] Blaming: l4dmultislots.smx
L 12/29/2025 - 18:41:48: [SM] Call stack trace:
L 12/29/2025 - 18:41:48: [SM]   [0] PrintToChat
L 12/29/2025 - 18:41:48: [SM]   [1] Line 953, d:\Github\Private-Work\L4D2-Êèí‰ª∂\scripting_1.11\l4dmultislots.sp::Timer_SpecCheck
L 12/29/2025 - 18:41:48: [SM] Exception reported: Invalid convar handle 0 (error 4)
L 12/29/2025 - 18:41:48: [SM] Blaming: ÒankrunFixhealth.smx
L 12/29/2025 - 18:41:48: [SM] Call stack trace:
L 12/29/2025 - 18:41:48: [SM]   [0] GetConVarString
L 12/29/2025 - 18:41:48: [SM]   [1] Line 138, C:\Users\Moises\Downloads\Compressed\sourcemod-1.11.0-git6968-windows\addons\sourcemod\scripting\ÒankrunFixhealth.sp::IsTankRunActive
L 12/29/2025 - 18:41:48: [SM]   [2] Line 91, C:\Users\Moises\Downloads\Compressed\sourcemod-1.11.0-git6968-windows\addons\sourcemod\scripting\ÒankrunFixhealth.sp::Event_MissionLost
L 12/29/2025 - 18:41:49: [SM] Exception reported: Invalid convar handle 0 (error 4)
L 12/29/2025 - 18:41:49: [SM] Blaming: ÒankrunFixhealth.smx
L 12/29/2025 - 18:41:49: [SM] Call stack trace:
L 12/29/2025 - 18:41:49: [SM]   [0] GetConVarString
L 12/29/2025 - 18:41:49: [SM]   [1] Line 138, C:\Users\Moises\Downloads\Compressed\sourcemod-1.11.0-git6968-windows\addons\sourcemod\scripting\ÒankrunFixhealth.sp::IsTankRunActive
L 12/29/2025 - 18:41:49: [SM]   [2] Line 79, C:\Users\Moises\Downloads\Compressed\sourcemod-1.11.0-git6968-windows\addons\sourcemod\scripting\ÒankrunFixhealth.sp::Event_PlayerDeath
L 12/29/2025 - 18:41:55: [SM] Exception reported: Invalid convar handle 0 (error 4)
L 12/29/2025 - 18:41:55: [SM] Blaming: ÒankrunFixhealth.smx
L 12/29/2025 - 18:41:55: [SM] Call stack trace:
L 12/29/2025 - 18:41:55: [SM]   [0] GetConVarString
L 12/29/2025 - 18:41:55: [SM]   [1] Line 138, C:\Users\Moises\Downloads\Compressed\sourcemod-1.11.0-git6968-windows\addons\sourcemod\scripting\ÒankrunFixhealth.sp::IsTankRunActive
L 12/29/2025 - 18:41:55: [SM]   [2] Line 54, C:\Users\Moises\Downloads\Compressed\sourcemod-1.11.0-git6968-windows\addons\sourcemod\scripting\ÒankrunFixhealth.sp::Event_RoundStart
L 12/29/2025 - 18:41:55: [SM] Exception reported: Invalid timer handle 2ae00442 (error 1)
L 12/29/2025 - 18:41:55: [SM] Blaming: l4d2_playerjoining_v2.smx
L 12/29/2025 - 18:41:55: [SM] Call stack trace:
L 12/29/2025 - 18:41:55: [SM]   [0] KillTimer
L 12/29/2025 - 18:41:55: [SM]   [1] Line 53, C:\Users\Moises\Downloads\Compressed\sourcemod-1.11.0-git6968-windows\addons\sourcemod\scripting\l4d2_playerjoining_v2.sp::OnClientDisconnect
L 12/29/2025 - 18:41:58: [SM] Exception reported: Invalid convar handle 0 (error 4)
L 12/29/2025 - 18:41:58: [SM] Blaming: ÒankrunFixhealth.smx
L 12/29/2025 - 18:41:58: [SM] Call stack trace:
L 12/29/2025 - 18:41:58: [SM]   [0] GetConVarString
L 12/29/2025 - 18:41:58: [SM]   [1] Line 138, C:\Users\Moises\Downloads\Compressed\sourcemod-1.11.0-git6968-windows\addons\sourcemod\scripting\ÒankrunFixhealth.sp::IsTankRunActive
L 12/29/2025 - 18:41:58: [SM]   [2] Line 36, C:\Users\Moises\Downloads\Compressed\sourcemod-1.11.0-git6968-windows\addons\sourcemod\scripting\ÒankrunFixhealth.sp::Timer_PeriodicCheck
L 12/29/2025 - 18:42:08: [SM] Exception reported: Invalid convar handle 0 (error 4)
L 12/29/2025 - 18:42:08: [SM] Blaming: ÒankrunFixhealth.smx
L 12/29/2025 - 18:42:08: [SM] Call stack trace:
L 12/29/2025 - 18:42:08: [SM]   [0] GetConVarString
L 12/29/2025 - 18:42:08: [SM]   [1] Line 138, C:\Users\Moises\Downloads\Compressed\sourcemod-1.11.0-git6968-windows\addons\sourcemod\scripting\ÒankrunFixhealth.sp::IsTankRunActive
L 12/29/2025 - 18:42:08: [SM]   [2] Line 36, C:\Users\Moises\Downloads\Compressed\sourcemod-1.11.0-git6968-windows\addons\sourcemod\scripting\ÒankrunFixhealth.sp::Timer_PeriodicCheck
L 12/29/2025 - 18:42:18: [SM] Exception reported: Invalid convar handle 0 (error 4)
L 12/29/2025 - 18:42:18: [SM] Blaming: ÒankrunFixhealth.smx
L 12/29/2025 - 18:42:18: [SM] Call stack trace:
L 12/29/2025 - 18:42:18: [SM]   [0] GetConVarString
L 12/29/2025 - 18:42:18: [SM]   [1] Line 138, C:\Users\Moises\Downloads\Compressed\sourcemod-1.11.0-git6968-windows\addons\sourcemod\scripting\ÒankrunFixhealth.sp::IsTankRunActive
L 12/29/2025 - 18:42:18: [SM]   [2] Line 36, C:\Users\Moises\Downloads\Compressed\sourcemod-1.11.0-git6968-windows\addons\sourcemod\scripting\ÒankrunFixhealth.sp::Timer_PeriodicCheck
L 12/29/2025 - 18:42:28: [SM] Exception reported: Invalid convar handle 0 (error 4)
L 12/29/2025 - 18:42:28: [SM] Blaming: ÒankrunFixhealth.smx
L 12/29/2025 - 18:42:28: [SM] Call stack trace:
L 12/29/2025 - 18:42:28: [SM]   [0] GetConVarString
L 12/29/2025 - 18:42:28: [SM]   [1] Line 138, C:\Users\Moises\Downloads\Compressed\sourcemod-1.11.0-git6968-windows\addons\sourcemod\scripting\ÒankrunFixhealth.sp::IsTankRunActive
L 12/29/2025 - 18:42:28: [SM]   [2] Line 36, C:\Users\Moises\Downloads\Compressed\sourcemod-1.11.0-git6968-windows\addons\sourcemod\scripting\ÒankrunFixhealth.sp::Timer_PeriodicCheck
L 12/29/2025 - 18:42:38: [SM] Exception reported: Invalid convar handle 0 (error 4)
L 12/29/2025 - 18:42:38: [SM] Blaming: ÒankrunFixhealth.smx
L 12/29/2025 - 18:42:38: [SM] Call stack trace:
L 12/29/2025 - 18:42:38: [SM]   [0] GetConVarString
L 12/29/2025 - 18:42:38: [SM]   [1] Line 138, C:\Users\Moises\Downloads\Compressed\sourcemod-1.11.0-git6968-windows\addons\sourcemod\scripting\ÒankrunFixhealth.sp::IsTankRunActive
L 12/29/2025 - 18:42:38: [SM]   [2] Line 36, C:\Users\Moises\Downloads\Compressed\sourcemod-1.11.0-git6968-windows\addons\sourcemod\scripting\ÒankrunFixhealth.sp::Timer_PeriodicCheck
L 12/29/2025 - 18:42:48: [SM] Exception reported: Invalid convar handle 0 (error 4)
L 12/29/2025 - 18:42:48: [SM] Blaming: ÒankrunFixhealth.smx
L 12/29/2025 - 18:42:48: [SM] Call stack trace:
L 12/29/2025 - 18:42:48: [SM]   [0] GetConVarString
L 12/29/2025 - 18:42:48: [SM]   [1] Line 138, C:\Users\Moises\Downloads\Compressed\sourcemod-1.11.0-git6968-windows\addons\sourcemod\scripting\ÒankrunFixhealth.sp::IsTankRunActive
L 12/29/2025 - 18:42:48: [SM]   [2] Line 36, C:\Users\Moises\Downloads\Compressed\sourcemod-1.11.0-git6968-windows\addons\sourcemod\scripting\ÒankrunFixhealth.sp::Timer_PeriodicCheck
L 12/29/2025 - 18:42:51: [SM] Exception reported: Invalid convar handle 0 (error 4)
L 12/29/2025 - 18:42:51: [SM] Blaming: ÒankrunFixhealth.smx
L 12/29/2025 - 18:42:51: [SM] Call stack trace:
L 12/29/2025 - 18:42:51: [SM]   [0] GetConVarString
L 12/29/2025 - 18:42:51: [SM]   [1] Line 138, C:\Users\Moises\Downloads\Compressed\sourcemod-1.11.0-git6968-windows\addons\sourcemod\scripting\ÒankrunFixhealth.sp::IsTankRunActive
L 12/29/2025 - 18:42:51: [SM]   [2] Line 79, C:\Users\Moises\Downloads\Compressed\sourcemod-1.11.0-git6968-windows\addons\sourcemod\scripting\ÒankrunFixhealth.sp::Event_PlayerDeath
L 12/29/2025 - 18:42:58: [SM] Exception reported: Invalid convar handle 0 (error 4)
L 12/29/2025 - 18:42:58: [SM] Blaming: ÒankrunFixhealth.smx
L 12/29/2025 - 18:42:58: [SM] Call stack trace:
L 12/29/2025 - 18:42:58: [SM]   [0] GetConVarString
L 12/29/2025 - 18:42:58: [SM]   [1] Line 138, C:\Users\Moises\Downloads\Compressed\sourcemod-1.11.0-git6968-windows\addons\sourcemod\scripting\ÒankrunFixhealth.sp::IsTankRunActive
L 12/29/2025 - 18:42:58: [SM]   [2] Line 36, C:\Users\Moises\Downloads\Compressed\sourcemod-1.11.0-git6968-windows\addons\sourcemod\scripting\ÒankrunFixhealth.sp::Timer_PeriodicCheck
L 12/29/2025 - 18:43:08: [SM] Exception reported: Invalid convar handle 0 (error 4)
L 12/29/2025 - 18:43:08: [SM] Blaming: ÒankrunFixhealth.smx
L 12/29/2025 - 18:43:08: [SM] Call stack trace:
L 12/29/2025 - 18:43:08: [SM]   [0] GetConVarString
L 12/29/2025 - 18:43:08: [SM]   [1] Line 138, C:\Users\Moises\Downloads\Compressed\sourcemod-1.11.0-git6968-windows\addons\sourcemod\scripting\ÒankrunFixhealth.sp::IsTankRunActive
L 12/29/2025 - 18:43:08: [SM]   [2] Line 36, C:\Users\Moises\Downloads\Compressed\sourcemod-1.11.0-git6968-windows\addons\sourcemod\scripting\ÒankrunFixhealth.sp::Timer_PeriodicCheck
L 12/29/2025 - 18:43:18: [SM] Exception reported: Invalid convar handle 0 (error 4)
L 12/29/2025 - 18:43:18: [SM] Blaming: ÒankrunFixhealth.smx
L 12/29/2025 - 18:43:18: [SM] Call stack trace:
L 12/29/2025 - 18:43:18: [SM]   [0] GetConVarString
L 12/29/2025 - 18:43:18: [SM]   [1] Line 138, C:\Users\Moises\Downloads\Compressed\sourcemod-1.11.0-git6968-windows\addons\sourcemod\scripting\ÒankrunFixhealth.sp::IsTankRunActive
L 12/29/2025 - 18:43:18: [SM]   [2] Line 79, C:\Users\Moises\Downloads\Compressed\sourcemod-1.11.0-git6968-windows\addons\sourcemod\scripting\ÒankrunFixhealth.sp::Event_PlayerDeath
L 12/29/2025 - 18:43:18: [SM] Exception reported: Invalid convar handle 0 (error 4)
L 12/29/2025 - 18:43:18: [SM] Blaming: ÒankrunFixhealth.smx
L 12/29/2025 - 18:43:18: [SM] Call stack trace:
L 12/29/2025 - 18:43:18: [SM]   [0] GetConVarString
L 12/29/2025 - 18:43:18: [SM]   [1] Line 138, C:\Users\Moises\Downloads\Compressed\sourcemod-1.11.0-git6968-windows\addons\sourcemod\scripting\ÒankrunFixhealth.sp::IsTankRunActive
L 12/29/2025 - 18:43:18: [SM]   [2] Line 36, C:\Users\Moises\Downloads\Compressed\sourcemod-1.11.0-git6968-windows\addons\sourcemod\scripting\ÒankrunFixhealth.sp::Timer_PeriodicCheck
L 12/29/2025 - 18:43:23: [SM] Exception reported: Invalid convar handle 0 (error 4)
L 12/29/2025 - 18:43:23: [SM] Blaming: ÒankrunFixhealth.smx
L 12/29/2025 - 18:43:23: [SM] Call stack trace:
L 12/29/2025 - 18:43:23: [SM]   [0] GetConVarString
L 12/29/2025 - 18:43:23: [SM]   [1] Line 138, C:\Users\Moises\Downloads\Compressed\sourcemod-1.11.0-git6968-windows\addons\sourcemod\scripting\ÒankrunFixhealth.sp::IsTankRunActive
L 12/29/2025 - 18:43:23: [SM]   [2] Line 79, C:\Users\Moises\Downloads\Compressed\sourcemod-1.11.0-git6968-windows\addons\sourcemod\scripting\ÒankrunFixhealth.sp::Event_PlayerDeath
L 12/29/2025 - 18:43:25: [SM] Exception reported: Invalid timer handle 2ae00442 (error 3)
L 12/29/2025 - 18:43:25: [SM] Blaming: l4d2_playerjoining_v2.smx
L 12/29/2025 - 18:43:25: [SM] Call stack trace:
L 12/29/2025 - 18:43:25: [SM]   [0] KillTimer
L 12/29/2025 - 18:43:25: [SM]   [1] Line 53, C:\Users\Moises\Downloads\Compressed\sourcemod-1.11.0-git6968-windows\addons\sourcemod\scripting\l4d2_playerjoining_v2.sp::OnClientDisconnect
L 12/29/2025 - 18:43:28: [SM] Exception reported: Invalid convar handle 0 (error 4)
L 12/29/2025 - 18:43:28: [SM] Blaming: ÒankrunFixhealth.smx
L 12/29/2025 - 18:43:28: [SM] Call stack trace:
L 12/29/2025 - 18:43:28: [SM]   [0] GetConVarString
L 12/29/2025 - 18:43:28: [SM]   [1] Line 138, C:\Users\Moises\Downloads\Compressed\sourcemod-1.11.0-git6968-windows\addons\sourcemod\scripting\ÒankrunFixhealth.sp::IsTankRunActive
L 12/29/2025 - 18:43:28: [SM]   [2] Line 36, C:\Users\Moises\Downloads\Compressed\sourcemod-1.11.0-git6968-windows\addons\sourcemod\scripting\ÒankrunFixhealth.sp::Timer_PeriodicCheck
L 12/29/2025 - 18:43:31: [SM] Exception reported: Invalid convar handle 0 (error 4)
L 12/29/2025 - 18:43:31: [SM] Blaming: ÒankrunFixhealth.smx
L 12/29/2025 - 18:43:31: [SM] Call stack trace:
L 12/29/2025 - 18:43:31: [SM]   [0] GetConVarString
L 12/29/2025 - 18:43:31: [SM]   [1] Line 138, C:\Users\Moises\Downloads\Compressed\sourcemod-1.11.0-git6968-windows\addons\sourcemod\scripting\ÒankrunFixhealth.sp::IsTankRunActive
L 12/29/2025 - 18:43:31: [SM]   [2] Line 79, C:\Users\Moises\Downloads\Compressed\sourcemod-1.11.0-git6968-windows\addons\sourcemod\scripting\ÒankrunFixhealth.sp::Event_PlayerDeath
L 12/29/2025 - 18:43:34: [SM] Exception reported: Invalid convar handle 0 (error 4)
L 12/29/2025 - 18:43:34: [SM] Blaming: ÒankrunFixhealth.smx
L 12/29/2025 - 18:43:34: [SM] Call stack trace:
L 12/29/2025 - 18:43:34: [SM]   [0] GetConVarString
L 12/29/2025 - 18:43:34: [SM]   [1] Line 138, C:\Users\Moises\Downloads\Compressed\sourcemod-1.11.0-git6968-windows\addons\sourcemod\scripting\ÒankrunFixhealth.sp::IsTankRunActive
L 12/29/2025 - 18:43:34: [SM]   [2] Line 79, C:\Users\Moises\Downloads\Compressed\sourcemod-1.11.0-git6968-windows\addons\sourcemod\scripting\ÒankrunFixhealth.sp::Event_PlayerDeath
L 12/29/2025 - 18:43:35: [SM] Exception reported: Language phrase "Please wait to be revived or rescued" not found (arg 6)
L 12/29/2025 - 18:43:35: [SM] Blaming: l4dmultislots.smx
L 12/29/2025 - 18:43:35: [SM] Call stack trace:
L 12/29/2025 - 18:43:35: [SM]   [0] PrintToChat
L 12/29/2025 - 18:43:35: [SM]   [1] Line 953, d:\Github\Private-Work\L4D2-Êèí‰ª∂\scripting_1.11\l4dmultislots.sp::Timer_SpecCheck
L 12/29/2025 - 18:43:38: [SM] Exception reported: Invalid convar handle 0 (error 4)
L 12/29/2025 - 18:43:38: [SM] Blaming: ÒankrunFixhealth.smx
L 12/29/2025 - 18:43:38: [SM] Call stack trace:
L 12/29/2025 - 18:43:38: [SM]   [0] GetConVarString
L 12/29/2025 - 18:43:38: [SM]   [1] Line 138, C:\Users\Moises\Downloads\Compressed\sourcemod-1.11.0-git6968-windows\addons\sourcemod\scripting\ÒankrunFixhealth.sp::IsTankRunActive
L 12/29/2025 - 18:43:38: [SM]   [2] Line 36, C:\Users\Moises\Downloads\Compressed\sourcemod-1.11.0-git6968-windows\addons\sourcemod\scripting\ÒankrunFixhealth.sp::Timer_PeriodicCheck
L 12/29/2025 - 18:43:39: [SM] Exception reported: Invalid convar handle 0 (error 4)
L 12/29/2025 - 18:43:39: [SM] Blaming: ÒankrunFixhealth.smx
L 12/29/2025 - 18:43:39: [SM] Call stack trace:
L 12/29/2025 - 18:43:39: [SM]   [0] GetConVarString
L 12/29/2025 - 18:43:39: [SM]   [1] Line 138, C:\Users\Moises\Downloads\Compressed\sourcemod-1.11.0-git6968-windows\addons\sourcemod\scripting\ÒankrunFixhealth.sp::IsTankRunActive
L 12/29/2025 - 18:43:40: [SM]   [2] Line 79, C:\Users\Moises\Downloads\Compressed\sourcemod-1.11.0-git6968-windows\addons\sourcemod\scripting\ÒankrunFixhealth.sp::Event_PlayerDeath
L 12/29/2025 - 18:43:47: [SM] Exception reported: Invalid timer handle 2ae00442 (error 3)
L 12/29/2025 - 18:43:47: [SM] Blaming: l4d2_playerjoining_v2.smx
L 12/29/2025 - 18:43:47: [SM] Call stack trace:
L 12/29/2025 - 18:43:47: [SM]   [0] KillTimer
L 12/29/2025 - 18:43:47: [SM]   [1] Line 53, C:\Users\Moises\Downloads\Compressed\sourcemod-1.11.0-git6968-windows\addons\sourcemod\scripting\l4d2_playerjoining_v2.sp::OnClientDisconnect
L 12/29/2025 - 18:43:48: [SM] Exception reported: Invalid convar handle 0 (error 4)
L 12/29/2025 - 18:43:48: [SM] Blaming: ÒankrunFixhealth.smx
L 12/29/2025 - 18:43:48: [SM] Call stack trace:
L 12/29/2025 - 18:43:48: [SM]   [0] GetConVarString
L 12/29/2025 - 18:43:48: [SM]   [1] Line 138, C:\Users\Moises\Downloads\Compressed\sourcemod-1.11.0-git6968-windows\addons\sourcemod\scripting\ÒankrunFixhealth.sp::IsTankRunActive
L 12/29/2025 - 18:43:48: [SM]   [2] Line 36, C:\Users\Moises\Downloads\Compressed\sourcemod-1.11.0-git6968-windows\addons\sourcemod\scripting\ÒankrunFixhealth.sp::Timer_PeriodicCheck
L 12/29/2025 - 18:43:53: [SM] Exception reported: Invalid convar handle 0 (error 4)
L 12/29/2025 - 18:43:53: [SM] Blaming: ÒankrunFixhealth.smx
L 12/29/2025 - 18:43:53: [SM] Call stack trace:
L 12/29/2025 - 18:43:53: [SM]   [0] GetConVarString
L 12/29/2025 - 18:43:53: [SM]   [1] Line 138, C:\Users\Moises\Downloads\Compressed\sourcemod-1.11.0-git6968-windows\addons\sourcemod\scripting\ÒankrunFixhealth.sp::IsTankRunActive
L 12/29/2025 - 18:43:53: [SM]   [2] Line 79, C:\Users\Moises\Downloads\Compressed\sourcemod-1.11.0-git6968-windows\addons\sourcemod\scripting\ÒankrunFixhealth.sp::Event_PlayerDeath
L 12/29/2025 - 18:43:58: [SM] Exception reported: Invalid convar handle 0 (error 4)
L 12/29/2025 - 18:43:58: [SM] Blaming: ÒankrunFixhealth.smx
L 12/29/2025 - 18:43:58: [SM] Call stack trace:
L 12/29/2025 - 18:43:58: [SM]   [0] GetConVarString
L 12/29/2025 - 18:43:58: [SM]   [1] Line 138, C:\Users\Moises\Downloads\Compressed\sourcemod-1.11.0-git6968-windows\addons\sourcemod\scripting\ÒankrunFixhealth.sp::IsTankRunActive
L 12/29/2025 - 18:43:58: [SM]   [2] Line 36, C:\Users\Moises\Downloads\Compressed\sourcemod-1.11.0-git6968-windows\addons\sourcemod\scripting\ÒankrunFixhealth.sp::Timer_PeriodicCheck
L 12/29/2025 - 18:43:59: [SM] Exception reported: Invalid convar handle 0 (error 4)
L 12/29/2025 - 18:43:59: [SM] Blaming: ÒankrunFixhealth.smx
L 12/29/2025 - 18:43:59: [SM] Call stack trace:
L 12/29/2025 - 18:43:59: [SM]   [0] GetConVarString
L 12/29/2025 - 18:43:59: [SM]   [1] Line 138, C:\Users\Moises\Downloads\Compressed\sourcemod-1.11.0-git6968-windows\addons\sourcemod\scripting\ÒankrunFixhealth.sp::IsTankRunActive
L 12/29/2025 - 18:43:59: [SM]   [2] Line 79, C:\Users\Moises\Downloads\Compressed\sourcemod-1.11.0-git6968-windows\addons\sourcemod\scripting\ÒankrunFixhealth.sp::Event_PlayerDeath
L 12/29/2025 - 18:44:00: [SM] Exception reported: Language phrase "Please wait to be revived or rescued" not found (arg 6)
L 12/29/2025 - 18:44:00: [SM] Blaming: l4dmultislots.smx
L 12/29/2025 - 18:44:00: [SM] Call stack trace:
L 12/29/2025 - 18:44:00: [SM]   [0] PrintToChat
L 12/29/2025 - 18:44:00: [SM]   [1] Line 953, d:\Github\Private-Work\L4D2-Êèí‰ª∂\scripting_1.11\l4dmultislots.sp::Timer_SpecCheck
L 12/29/2025 - 18:44:06: [SM] Exception reported: Invalid timer handle 2ae00442 (error 3)
L 12/29/2025 - 18:44:06: [SM] Blaming: l4d2_playerjoining_v2.smx
L 12/29/2025 - 18:44:07: [SM] Call stack trace:
L 12/29/2025 - 18:44:07: [SM]   [0] KillTimer
L 12/29/2025 - 18:44:07: [SM]   [1] Line 53, C:\Users\Moises\Downloads\Compressed\sourcemod-1.11.0-git6968-windows\addons\sourcemod\scripting\l4d2_playerjoining_v2.sp::OnClientDisconnect
L 12/29/2025 - 18:44:08: [SM] Exception reported: Invalid convar handle 0 (error 4)
L 12/29/2025 - 18:44:08: [SM] Blaming: ÒankrunFixhealth.smx
L 12/29/2025 - 18:44:08: [SM] Call stack trace:
L 12/29/2025 - 18:44:08: [SM]   [0] GetConVarString
L 12/29/2025 - 18:44:08: [SM]   [1] Line 138, C:\Users\Moises\Downloads\Compressed\sourcemod-1.11.0-git6968-windows\addons\sourcemod\scripting\ÒankrunFixhealth.sp::IsTankRunActive
L 12/29/2025 - 18:44:08: [SM]   [2] Line 36, C:\Users\Moises\Downloads\Compressed\sourcemod-1.11.0-git6968-windows\addons\sourcemod\scripting\ÒankrunFixhealth.sp::Timer_PeriodicCheck
L 12/29/2025 - 18:44:18: [SM] Exception reported: Invalid convar handle 0 (error 4)
L 12/29/2025 - 18:44:18: [SM] Blaming: ÒankrunFixhealth.smx
L 12/29/2025 - 18:44:18: [SM] Call stack trace:
L 12/29/2025 - 18:44:18: [SM]   [0] GetConVarString
L 12/29/2025 - 18:44:18: [SM]   [1] Line 138, C:\Users\Moises\Downloads\Compressed\sourcemod-1.11.0-git6968-windows\addons\sourcemod\scripting\ÒankrunFixhealth.sp::IsTankRunActive
L 12/29/2025 - 18:44:18: [SM]   [2] Line 36, C:\Users\Moises\Downloads\Compressed\sourcemod-1.11.0-git6968-windows\addons\sourcemod\scripting\ÒankrunFixhealth.sp::Timer_PeriodicCheck
L 12/29/2025 - 18:44:28: [SM] Exception reported: Invalid convar handle 0 (error 4)
L 12/29/2025 - 18:44:28: [SM] Blaming: ÒankrunFixhealth.smx
L 12/29/2025 - 18:44:28: [SM] Call stack trace:
L 12/29/2025 - 18:44:28: [SM]   [0] GetConVarString
L 12/29/2025 - 18:44:28: [SM]   [1] Line 138, C:\Users\Moises\Downloads\Compressed\sourcemod-1.11.0-git6968-windows\addons\sourcemod\scripting\ÒankrunFixhealth.sp::IsTankRunActive
L 12/29/2025 - 18:44:28: [SM]   [2] Line 36, C:\Users\Moises\Downloads\Compressed\sourcemod-1.11.0-git6968-windows\addons\sourcemod\scripting\ÒankrunFixhealth.sp::Timer_PeriodicCheck
L 12/29/2025 - 18:44:38: [SM] Exception reported: Invalid convar handle 0 (error 4)
L 12/29/2025 - 18:44:38: [SM] Blaming: ÒankrunFixhealth.smx
L 12/29/2025 - 18:44:38: [SM] Call stack trace:
L 12/29/2025 - 18:44:38: [SM]   [0] GetConVarString
L 12/29/2025 - 18:44:38: [SM]   [1] Line 138, C:\Users\Moises\Downloads\Compressed\sourcemod-1.11.0-git6968-windows\addons\sourcemod\scripting\ÒankrunFixhealth.sp::IsTankRunActive
L 12/29/2025 - 18:44:38: [SM]   [2] Line 36, C:\Users\Moises\Downloads\Compressed\sourcemod-1.11.0-git6968-windows\addons\sourcemod\scripting\ÒankrunFixhealth.sp::Timer_PeriodicCheck
L 12/29/2025 - 18:44:47: [SM] Exception reported: Invalid convar handle 0 (error 4)
L 12/29/2025 - 18:44:47: [SM] Blaming: ÒankrunFixhealth.smx
L 12/29/2025 - 18:44:47: [SM] Call stack trace:
L 12/29/2025 - 18:44:47: [SM]   [0] GetConVarString
L 12/29/2025 - 18:44:47: [SM]   [1] Line 138, C:\Users\Moises\Downloads\Compressed\sourcemod-1.11.0-git6968-windows\addons\sourcemod\scripting\ÒankrunFixhealth.sp::IsTankRunActive
L 12/29/2025 - 18:44:47: [SM]   [2] Line 79, C:\Users\Moises\Downloads\Compressed\sourcemod-1.11.0-git6968-windows\addons\sourcemod\scripting\ÒankrunFixhealth.sp::Event_PlayerDeath
L 12/29/2025 - 18:44:48: [SM] Exception reported: Invalid convar handle 0 (error 4)
L 12/29/2025 - 18:44:48: [SM] Blaming: ÒankrunFixhealth.smx
L 12/29/2025 - 18:44:48: [SM] Call stack trace:
L 12/29/2025 - 18:44:48: [SM]   [0] GetConVarString
L 12/29/2025 - 18:44:48: [SM]   [1] Line 138, C:\Users\Moises\Downloads\Compressed\sourcemod-1.11.0-git6968-windows\addons\sourcemod\scripting\ÒankrunFixhealth.sp::IsTankRunActive
L 12/29/2025 - 18:44:48: [SM]   [2] Line 36, C:\Users\Moises\Downloads\Compressed\sourcemod-1.11.0-git6968-windows\addons\sourcemod\scripting\ÒankrunFixhealth.sp::Timer_PeriodicCheck
L 12/29/2025 - 18:44:49: [SM] Exception reported: Invalid convar handle 0 (error 4)
L 12/29/2025 - 18:44:49: [SM] Blaming: ÒankrunFixhealth.smx
L 12/29/2025 - 18:44:49: [SM] Call stack trace:
L 12/29/2025 - 18:44:49: [SM]   [0] GetConVarString
L 12/29/2025 - 18:44:49: [SM]   [1] Line 138, C:\Users\Moises\Downloads\Compressed\sourcemod-1.11.0-git6968-windows\addons\sourcemod\scripting\ÒankrunFixhealth.sp::IsTankRunActive
L 12/29/2025 - 18:44:49: [SM]   [2] Line 79, C:\Users\Moises\Downloads\Compressed\sourcemod-1.11.0-git6968-windows\addons\sourcemod\scripting\ÒankrunFixhealth.sp::Event_PlayerDeath
L 12/29/2025 - 18:44:50: [SM] Exception reported: Language phrase "Please wait to be revived or rescued" not found (arg 6)
L 12/29/2025 - 18:44:50: [SM] Blaming: l4dmultislots.smx
L 12/29/2025 - 18:44:50: [SM] Call stack trace:
L 12/29/2025 - 18:44:50: [SM]   [0] PrintToChat
L 12/29/2025 - 18:44:50: [SM]   [1] Line 953, d:\Github\Private-Work\L4D2-Êèí‰ª∂\scripting_1.11\l4dmultislots.sp::Timer_SpecCheck
L 12/29/2025 - 18:44:56: [SM] Exception reported: Invalid timer handle 2ae00442 (error 1)
L 12/29/2025 - 18:44:56: [SM] Blaming: l4d2_playerjoining_v2.smx
L 12/29/2025 - 18:44:56: [SM] Call stack trace:
L 12/29/2025 - 18:44:56: [SM]   [0] KillTimer
L 12/29/2025 - 18:44:56: [SM]   [1] Line 53, C:\Users\Moises\Downloads\Compressed\sourcemod-1.11.0-git6968-windows\addons\sourcemod\scripting\l4d2_playerjoining_v2.sp::OnClientDisconnect
L 12/29/2025 - 18:44:58: [SM] Exception reported: Invalid convar handle 0 (error 4)
L 12/29/2025 - 18:44:58: [SM] Blaming: ÒankrunFixhealth.smx
L 12/29/2025 - 18:44:58: [SM] Call stack trace:
L 12/29/2025 - 18:44:58: [SM]   [0] GetConVarString
L 12/29/2025 - 18:44:58: [SM]   [1] Line 138, C:\Users\Moises\Downloads\Compressed\sourcemod-1.11.0-git6968-windows\addons\sourcemod\scripting\ÒankrunFixhealth.sp::IsTankRunActive
L 12/29/2025 - 18:44:58: [SM]   [2] Line 36, C:\Users\Moises\Downloads\Compressed\sourcemod-1.11.0-git6968-windows\addons\sourcemod\scripting\ÒankrunFixhealth.sp::Timer_PeriodicCheck
L 12/29/2025 - 18:45:08: [SM] Exception reported: Invalid convar handle 0 (error 4)
L 12/29/2025 - 18:45:08: [SM] Blaming: ÒankrunFixhealth.smx
L 12/29/2025 - 18:45:08: [SM] Call stack trace:
L 12/29/2025 - 18:45:08: [SM]   [0] GetConVarString
L 12/29/2025 - 18:45:08: [SM]   [1] Line 138, C:\Users\Moises\Downloads\Compressed\sourcemod-1.11.0-git6968-windows\addons\sourcemod\scripting\ÒankrunFixhealth.sp::IsTankRunActive
L 12/29/2025 - 18:45:08: [SM]   [2] Line 36, C:\Users\Moises\Downloads\Compressed\sourcemod-1.11.0-git6968-windows\addons\sourcemod\scripting\ÒankrunFixhealth.sp::Timer_PeriodicCheck
L 12/29/2025 - 18:45:14: [SM] Exception reported: Invalid convar handle 0 (error 4)
L 12/29/2025 - 18:45:14: [SM] Blaming: ÒankrunFixhealth.smx
L 12/29/2025 - 18:45:14: [SM] Call stack trace:
L 12/29/2025 - 18:45:14: [SM]   [0] GetConVarString
L 12/29/2025 - 18:45:14: [SM]   [1] Line 138, C:\Users\Moises\Downloads\Compressed\sourcemod-1.11.0-git6968-windows\addons\sourcemod\scripting\ÒankrunFixhealth.sp::IsTankRunActive
L 12/29/2025 - 18:45:14: [SM]   [2] Line 79, C:\Users\Moises\Downloads\Compressed\sourcemod-1.11.0-git6968-windows\addons\sourcemod\scripting\ÒankrunFixhealth.sp::Event_PlayerDeath
L 12/29/2025 - 18:45:15: [SM] Exception reported: Language phrase "Please wait to be revived or rescued" not found (arg 6)
L 12/29/2025 - 18:45:15: [SM] Blaming: l4dmultislots.smx
L 12/29/2025 - 18:45:15: [SM] Call stack trace:
L 12/29/2025 - 18:45:15: [SM]   [0] PrintToChat
L 12/29/2025 - 18:45:15: [SM]   [1] Line 953, d:\Github\Private-Work\L4D2-Êèí‰ª∂\scripting_1.11\l4dmultislots.sp::Timer_SpecCheck
L 12/29/2025 - 18:45:18: [SM] Exception reported: Invalid convar handle 0 (error 4)
L 12/29/2025 - 18:45:18: [SM] Blaming: ÒankrunFixhealth.smx
L 12/29/2025 - 18:45:18: [SM] Call stack trace:
L 12/29/2025 - 18:45:18: [SM]   [0] GetConVarString
L 12/29/2025 - 18:45:18: [SM]   [1] Line 138, C:\Users\Moises\Downloads\Compressed\sourcemod-1.11.0-git6968-windows\addons\sourcemod\scripting\ÒankrunFixhealth.sp::IsTankRunActive
L 12/29/2025 - 18:45:18: [SM]   [2] Line 36, C:\Users\Moises\Downloads\Compressed\sourcemod-1.11.0-git6968-windows\addons\sourcemod\scripting\ÒankrunFixhealth.sp::Timer_PeriodicCheck
L 12/29/2025 - 18:45:20: [SM] Exception reported: Invalid convar handle 0 (error 4)
L 12/29/2025 - 18:45:20: [SM] Blaming: ÒankrunFixhealth.smx
L 12/29/2025 - 18:45:20: [SM] Call stack trace:
L 12/29/2025 - 18:45:20: [SM]   [0] GetConVarString
L 12/29/2025 - 18:45:20: [SM]   [1] Line 138, C:\Users\Moises\Downloads\Compressed\sourcemod-1.11.0-git6968-windows\addons\sourcemod\scripting\ÒankrunFixhealth.sp::IsTankRunActive
L 12/29/2025 - 18:45:20: [SM]   [2] Line 71, C:\Users\Moises\Downloads\Compressed\sourcemod-1.11.0-git6968-windows\addons\sourcemod\scripting\ÒankrunFixhealth.sp::Event_MapTransition
L 12/29/2025 - 18:45:20: [SM] Exception reported: Invalid convar handle 0 (error 4)
L 12/29/2025 - 18:45:20: [SM] Blaming: ÒankrunFixhealth.smx
L 12/29/2025 - 18:45:20: [SM] Call stack trace:
L 12/29/2025 - 18:45:20: [SM]   [0] GetConVarString
L 12/29/2025 - 18:45:20: [SM]   [1] Line 138, C:\Users\Moises\Downloads\Compressed\sourcemod-1.11.0-git6968-windows\addons\sourcemod\scripting\ÒankrunFixhealth.sp::IsTankRunActive
L 12/29/2025 - 18:45:20: [SM]   [2] Line 79, C:\Users\Moises\Downloads\Compressed\sourcemod-1.11.0-git6968-windows\addons\sourcemod\scripting\ÒankrunFixhealth.sp::Event_PlayerDeath
L 12/29/2025 - 18:45:28: [SM] Exception reported: Invalid convar handle 0 (error 4)
L 12/29/2025 - 18:45:28: [SM] Blaming: ÒankrunFixhealth.smx
L 12/29/2025 - 18:45:28: [SM] Call stack trace:
L 12/29/2025 - 18:45:28: [SM]   [0] GetConVarString
L 12/29/2025 - 18:45:28: [SM]   [1] Line 138, C:\Users\Moises\Downloads\Compressed\sourcemod-1.11.0-git6968-windows\addons\sourcemod\scripting\ÒankrunFixhealth.sp::IsTankRunActive
L 12/29/2025 - 18:45:28: [SM]   [2] Line 36, C:\Users\Moises\Downloads\Compressed\sourcemod-1.11.0-git6968-windows\addons\sourcemod\scripting\ÒankrunFixhealth.sp::Timer_PeriodicCheck
L 12/29/2025 - 18:45:28: [SM] Exception reported: Invalid timer handle 2ae00442 (error 3)
L 12/29/2025 - 18:45:28: [SM] Blaming: l4d2_playerjoining_v2.smx
L 12/29/2025 - 18:45:28: [SM] Call stack trace:
L 12/29/2025 - 18:45:28: [SM]   [0] KillTimer
L 12/29/2025 - 18:45:28: [SM]   [1] Line 53, C:\Users\Moises\Downloads\Compressed\sourcemod-1.11.0-git6968-windows\addons\sourcemod\scripting\l4d2_playerjoining_v2.sp::OnClientDisconnect
L 12/29/2025 - 18:45:31: Error log file session closed.
L 12/29/2025 - 18:45:31: SourceMod error session started
L 12/29/2025 - 18:45:31: Info (map "c1m2_streets") (file "d:\steamlibrary\steamapps\common\left 4 dead 2\left4dead2\addons\sourcemod\logs\errors_20251229.log")
L 12/29/2025 - 18:45:31: [SM] Fatal error encountered parsing translation file "l4d_nth.phrases.txt"
L 12/29/2025 - 18:45:31: [SM] Error (line 0, column 0): Stream failed to open
L 12/29/2025 - 18:45:31: [SM] Fatal error encountered parsing translation file "chargersteering.phrases.txt"
L 12/29/2025 - 18:45:31: [SM] Error (line 0, column 0): Stream failed to open
L 12/29/2025 - 18:45:31: [SM] Fatal error encountered parsing translation file "l4dmultislots.phrases.txt"
L 12/29/2025 - 18:45:31: [SM] Error (line 0, column 0): Stream failed to open
L 12/29/2025 - 18:45:31: [SM] Fatal error encountered parsing translation file "lilac.phrases.txt"
L 12/29/2025 - 18:45:31: [SM] Error (line 0, column 0): Stream failed to open
L 12/29/2025 - 18:45:34: [SM] Exception reported: Invalid convar handle 0 (error 4)
L 12/29/2025 - 18:45:34: [SM] Blaming: ÒankrunFixhealth.smx
L 12/29/2025 - 18:45:34: [SM] Call stack trace:
L 12/29/2025 - 18:45:34: [SM]   [0] GetConVarString
L 12/29/2025 - 18:45:34: [SM]   [1] Line 138, C:\Users\Moises\Downloads\Compressed\sourcemod-1.11.0-git6968-windows\addons\sourcemod\scripting\ÒankrunFixhealth.sp::IsTankRunActive
L 12/29/2025 - 18:45:34: [SM]   [2] Line 54, C:\Users\Moises\Downloads\Compressed\sourcemod-1.11.0-git6968-windows\addons\sourcemod\scripting\ÒankrunFixhealth.sp::Event_RoundStart
L 12/29/2025 - 18:45:34: [l4d2_publicity.smx] [Publicity] No se encontraron mensajes en el archivo de configuraci√≥n
L 12/29/2025 - 18:45:45: [SM] Exception reported: Invalid convar handle 0 (error 4)
L 12/29/2025 - 18:45:45: [SM] Blaming: ÒankrunFixhealth.smx
L 12/29/2025 - 18:45:45: [SM] Call stack trace:
L 12/29/2025 - 18:45:45: [SM]   [0] GetConVarString
L 12/29/2025 - 18:45:45: [SM]   [1] Line 138, C:\Users\Moises\Downloads\Compressed\sourcemod-1.11.0-git6968-windows\addons\sourcemod\scripting\ÒankrunFixhealth.sp::IsTankRunActive
L 12/29/2025 - 18:45:45: [SM]   [2] Line 36, C:\Users\Moises\Downloads\Compressed\sourcemod-1.11.0-git6968-windows\addons\sourcemod\scripting\ÒankrunFixhealth.sp::Timer_PeriodicCheck
L 12/29/2025 - 18:45:55: [SM] Exception reported: Invalid convar handle 0 (error 4)
L 12/29/2025 - 18:45:55: [SM] Blaming: ÒankrunFixhealth.smx
L 12/29/2025 - 18:45:55: [SM] Call stack trace:
L 12/29/2025 - 18:45:55: [SM]   [0] GetConVarString
L 12/29/2025 - 18:45:55: [SM]   [1] Line 138, C:\Users\Moises\Downloads\Compressed\sourcemod-1.11.0-git6968-windows\addons\sourcemod\scripting\ÒankrunFixhealth.sp::IsTankRunActive
L 12/29/2025 - 18:45:55: [SM]   [2] Line 36, C:\Users\Moises\Downloads\Compressed\sourcemod-1.11.0-git6968-windows\addons\sourcemod\scripting\ÒankrunFixhealth.sp::Timer_PeriodicCheck
L 12/29/2025 - 18:46:08: [SM] Exception reported: Invalid convar handle 0 (error 4)
L 12/29/2025 - 18:46:08: [SM] Blaming: ÒankrunFixhealth.smx
L 12/29/2025 - 18:46:08: [SM] Call stack trace:
L 12/29/2025 - 18:46:08: [SM]   [0] GetConVarString
L 12/29/2025 - 18:46:08: [SM]   [1] Line 138, C:\Users\Moises\Downloads\Compressed\sourcemod-1.11.0-git6968-windows\addons\sourcemod\scripting\ÒankrunFixhealth.sp::IsTankRunActive
L 12/29/2025 - 18:46:08: [SM]   [2] Line 36, C:\Users\Moises\Downloads\Compressed\sourcemod-1.11.0-git6968-windows\addons\sourcemod\scripting\ÒankrunFixhealth.sp::Timer_PeriodicCheck
L 12/29/2025 - 18:46:18: [SM] Exception reported: Invalid convar handle 0 (error 4)
L 12/29/2025 - 18:46:18: [SM] Blaming: ÒankrunFixhealth.smx
L 12/29/2025 - 18:46:18: [SM] Call stack trace:
L 12/29/2025 - 18:46:18: [SM]   [0] GetConVarString
L 12/29/2025 - 18:46:18: [SM]   [1] Line 138, C:\Users\Moises\Downloads\Compressed\sourcemod-1.11.0-git6968-windows\addons\sourcemod\scripting\ÒankrunFixhealth.sp::IsTankRunActive
L 12/29/2025 - 18:46:18: [SM]   [2] Line 36, C:\Users\Moises\Downloads\Compressed\sourcemod-1.11.0-git6968-windows\addons\sourcemod\scripting\ÒankrunFixhealth.sp::Timer_PeriodicCheck
L 12/29/2025 - 18:46:28: [SM] Exception reported: Invalid convar handle 0 (error 4)
L 12/29/2025 - 18:46:28: [SM] Blaming: ÒankrunFixhealth.smx
L 12/29/2025 - 18:46:28: [SM] Call stack trace:
L 12/29/2025 - 18:46:28: [SM]   [0] GetConVarString
L 12/29/2025 - 18:46:28: [SM]   [1] Line 138, C:\Users\Moises\Downloads\Compressed\sourcemod-1.11.0-git6968-windows\addons\sourcemod\scripting\ÒankrunFixhealth.sp::IsTankRunActive
L 12/29/2025 - 18:46:28: [SM]   [2] Line 36, C:\Users\Moises\Downloads\Compressed\sourcemod-1.11.0-git6968-windows\addons\sourcemod\scripting\ÒankrunFixhealth.sp::Timer_PeriodicCheck
L 12/29/2025 - 18:46:38: [SM] Exception reported: Invalid convar handle 0 (error 4)
L 12/29/2025 - 18:46:38: [SM] Blaming: ÒankrunFixhealth.smx
L 12/29/2025 - 18:46:38: [SM] Call stack trace:
L 12/29/2025 - 18:46:38: [SM]   [0] GetConVarString
L 12/29/2025 - 18:46:38: [SM]   [1] Line 138, C:\Users\Moises\Downloads\Compressed\sourcemod-1.11.0-git6968-windows\addons\sourcemod\scripting\ÒankrunFixhealth.sp::IsTankRunActive
L 12/29/2025 - 18:46:38: [SM]   [2] Line 36, C:\Users\Moises\Downloads\Compressed\sourcemod-1.11.0-git6968-windows\addons\sourcemod\scripting\ÒankrunFixhealth.sp::Timer_PeriodicCheck
L 12/29/2025 - 18:46:48: [SM] Exception reported: Invalid convar handle 0 (error 4)
L 12/29/2025 - 18:46:48: [SM] Blaming: ÒankrunFixhealth.smx
L 12/29/2025 - 18:46:48: [SM] Call stack trace:
L 12/29/2025 - 18:46:48: [SM]   [0] GetConVarString
L 12/29/2025 - 18:46:48: [SM]   [1] Line 138, C:\Users\Moises\Downloads\Compressed\sourcemod-1.11.0-git6968-windows\addons\sourcemod\scripting\ÒankrunFixhealth.sp::IsTankRunActive
L 12/29/2025 - 18:46:48: [SM]   [2] Line 36, C:\Users\Moises\Downloads\Compressed\sourcemod-1.11.0-git6968-windows\addons\sourcemod\scripting\ÒankrunFixhealth.sp::Timer_PeriodicCheck
L 12/29/2025 - 18:46:48: [SM] Exception reported: Invalid timer handle 2ae00442 (error 3)
L 12/29/2025 - 18:46:48: [SM] Blaming: l4d2_playerjoining_v2.smx
L 12/29/2025 - 18:46:49: [SM] Call stack trace:
L 12/29/2025 - 18:46:49: [SM]   [0] KillTimer
L 12/29/2025 - 18:46:49: [SM]   [1] Line 53, C:\Users\Moises\Downloads\Compressed\sourcemod-1.11.0-git6968-windows\addons\sourcemod\scripting\l4d2_playerjoining_v2.sp::OnClientDisconnect
L 12/29/2025 - 18:46:49: [SM] Exception reported: Invalid convar handle 0 (error 4)
L 12/29/2025 - 18:46:49: [SM] Blaming: ÒankrunFixhealth.smx
L 12/29/2025 - 18:46:49: [SM] Call stack trace:
L 12/29/2025 - 18:46:49: [SM]   [0] GetConVarString
L 12/29/2025 - 18:46:49: [SM]   [1] Line 138, C:\Users\Moises\Downloads\Compressed\sourcemod-1.11.0-git6968-windows\addons\sourcemod\scripting\ÒankrunFixhealth.sp::IsTankRunActive
L 12/29/2025 - 18:46:49: [SM]   [2] Line 79, C:\Users\Moises\Downloads\Compressed\sourcemod-1.11.0-git6968-windows\addons\sourcemod\scripting\ÒankrunFixhealth.sp::Event_PlayerDeath
L 12/29/2025 - 18:46:49: [SM] Exception reported: Invalid convar handle 0 (error 4)
L 12/29/2025 - 18:46:49: [SM] Blaming: ÒankrunFixhealth.smx
L 12/29/2025 - 18:46:49: [SM] Call stack trace:
L 12/29/2025 - 18:46:49: [SM]   [0] GetConVarString
L 12/29/2025 - 18:46:49: [SM]   [1] Line 138, C:\Users\Moises\Downloads\Compressed\sourcemod-1.11.0-git6968-windows\addons\sourcemod\scripting\ÒankrunFixhealth.sp::IsTankRunActive
L 12/29/2025 - 18:46:49: [SM]   [2] Line 79, C:\Users\Moises\Downloads\Compressed\sourcemod-1.11.0-git6968-windows\addons\sourcemod\scripting\ÒankrunFixhealth.sp::Event_PlayerDeath
L 12/29/2025 - 18:46:58: [SM] Exception reported: Invalid convar handle 0 (error 4)
L 12/29/2025 - 18:46:58: [SM] Blaming: ÒankrunFixhealth.smx
L 12/29/2025 - 18:46:58: [SM] Call stack trace:
L 12/29/2025 - 18:46:58: [SM]   [0] GetConVarString
L 12/29/2025 - 18:46:58: [SM]   [1] Line 138, C:\Users\Moises\Downloads\Compressed\sourcemod-1.11.0-git6968-windows\addons\sourcemod\scripting\ÒankrunFixhealth.sp::IsTankRunActive
L 12/29/2025 - 18:46:58: [SM]   [2] Line 36, C:\Users\Moises\Downloads\Compressed\sourcemod-1.11.0-git6968-windows\addons\sourcemod\scripting\ÒankrunFixhealth.sp::Timer_PeriodicCheck
L 12/29/2025 - 18:47:08: [SM] Exception reported: Invalid convar handle 0 (error 4)
L 12/29/2025 - 18:47:08: [SM] Blaming: ÒankrunFixhealth.smx
L 12/29/2025 - 18:47:08: [SM] Call stack trace:
L 12/29/2025 - 18:47:08: [SM]   [0] GetConVarString
L 12/29/2025 - 18:47:08: [SM]   [1] Line 138, C:\Users\Moises\Downloads\Compressed\sourcemod-1.11.0-git6968-windows\addons\sourcemod\scripting\ÒankrunFixhealth.sp::IsTankRunActive
L 12/29/2025 - 18:47:08: [SM]   [2] Line 36, C:\Users\Moises\Downloads\Compressed\sourcemod-1.11.0-git6968-windows\addons\sourcemod\scripting\ÒankrunFixhealth.sp::Timer_PeriodicCheck
L 12/29/2025 - 18:47:13: [SM] Exception reported: Language phrase "Type in chat !join To join the survivors" not found (arg 6)
L 12/29/2025 - 18:47:13: [SM] Blaming: l4dmultislots.smx
L 12/29/2025 - 18:47:13: [SM] Call stack trace:
L 12/29/2025 - 18:47:13: [SM]   [0] VFormat
L 12/29/2025 - 18:47:13: [SM]   [1] Line 71, D:\Github\Private-Work\L4D2-Êèí‰ª∂\scripting_1.11\include\multicolors.inc::CPrintToChat
L 12/29/2025 - 18:47:13: [SM]   [2] Line 938, d:\Github\Private-Work\L4D2-Êèí‰ª∂\scripting_1.11\l4dmultislots.sp::Timer_SpecCheck
L 12/29/2025 - 18:47:18: [SM] Exception reported: Invalid convar handle 0 (error 4)
L 12/29/2025 - 18:47:18: [SM] Blaming: ÒankrunFixhealth.smx
L 12/29/2025 - 18:47:18: [SM] Call stack trace:
L 12/29/2025 - 18:47:18: [SM]   [0] GetConVarString
L 12/29/2025 - 18:47:18: [SM]   [1] Line 138, C:\Users\Moises\Downloads\Compressed\sourcemod-1.11.0-git6968-windows\addons\sourcemod\scripting\ÒankrunFixhealth.sp::IsTankRunActive
L 12/29/2025 - 18:47:18: [SM]   [2] Line 36, C:\Users\Moises\Downloads\Compressed\sourcemod-1.11.0-git6968-windows\addons\sourcemod\scripting\ÒankrunFixhealth.sp::Timer_PeriodicCheck
L 12/29/2025 - 18:47:28: [SM] Exception reported: Invalid convar handle 0 (error 4)
L 12/29/2025 - 18:47:28: [SM] Blaming: ÒankrunFixhealth.smx
L 12/29/2025 - 18:47:28: [SM] Call stack trace:
L 12/29/2025 - 18:47:28: [SM]   [0] GetConVarString
L 12/29/2025 - 18:47:28: [SM]   [1] Line 138, C:\Users\Moises\Downloads\Compressed\sourcemod-1.11.0-git6968-windows\addons\sourcemod\scripting\ÒankrunFixhealth.sp::IsTankRunActive
L 12/29/2025 - 18:47:28: [SM]   [2] Line 36, C:\Users\Moises\Downloads\Compressed\sourcemod-1.11.0-git6968-windows\addons\sourcemod\scripting\ÒankrunFixhealth.sp::Timer_PeriodicCheck
L 12/29/2025 - 18:47:38: [SM] Exception reported: Language phrase "Please wait to be revived or rescued" not found (arg 6)
L 12/29/2025 - 18:47:38: [SM] Blaming: l4dmultislots.smx
L 12/29/2025 - 18:47:38: [SM] Call stack trace:
L 12/29/2025 - 18:47:38: [SM]   [0] PrintToChat
L 12/29/2025 - 18:47:38: [SM]   [1] Line 953, d:\Github\Private-Work\L4D2-Êèí‰ª∂\scripting_1.11\l4dmultislots.sp::Timer_SpecCheck
L 12/29/2025 - 18:47:38: [SM] Exception reported: Invalid convar handle 0 (error 4)
L 12/29/2025 - 18:47:38: [SM] Blaming: ÒankrunFixhealth.smx
L 12/29/2025 - 18:47:38: [SM] Call stack trace:
L 12/29/2025 - 18:47:38: [SM]   [0] GetConVarString
L 12/29/2025 - 18:47:38: [SM]   [1] Line 138, C:\Users\Moises\Downloads\Compressed\sourcemod-1.11.0-git6968-windows\addons\sourcemod\scripting\ÒankrunFixhealth.sp::IsTankRunActive
L 12/29/2025 - 18:47:38: [SM]   [2] Line 36, C:\Users\Moises\Downloads\Compressed\sourcemod-1.11.0-git6968-windows\addons\sourcemod\scripting\ÒankrunFixhealth.sp::Timer_PeriodicCheck
L 12/29/2025 - 18:47:42: [SM] Exception reported: Invalid convar handle 0 (error 4)
L 12/29/2025 - 18:47:42: [SM] Blaming: ÒankrunFixhealth.smx
L 12/29/2025 - 18:47:42: [SM] Call stack trace:
L 12/29/2025 - 18:47:42: [SM]   [0] GetConVarString
L 12/29/2025 - 18:47:42: [SM]   [1] Line 138, C:\Users\Moises\Downloads\Compressed\sourcemod-1.11.0-git6968-windows\addons\sourcemod\scripting\ÒankrunFixhealth.sp::IsTankRunActive
L 12/29/2025 - 18:47:42: [SM]   [2] Line 79, C:\Users\Moises\Downloads\Compressed\sourcemod-1.11.0-git6968-windows\addons\sourcemod\scripting\ÒankrunFixhealth.sp::Event_PlayerDeath
L 12/29/2025 - 18:47:48: [SM] Exception reported: Invalid convar handle 0 (error 4)
L 12/29/2025 - 18:47:48: [SM] Blaming: ÒankrunFixhealth.smx
L 12/29/2025 - 18:47:48: [SM] Call stack trace:
L 12/29/2025 - 18:47:48: [SM]   [0] GetConVarString
L 12/29/2025 - 18:47:48: [SM]   [1] Line 138, C:\Users\Moises\Downloads\Compressed\sourcemod-1.11.0-git6968-windows\addons\sourcemod\scripting\ÒankrunFixhealth.sp::IsTankRunActive
L 12/29/2025 - 18:47:48: [SM]   [2] Line 36, C:\Users\Moises\Downloads\Compressed\sourcemod-1.11.0-git6968-windows\addons\sourcemod\scripting\ÒankrunFixhealth.sp::Timer_PeriodicCheck
L 12/29/2025 - 18:47:58: [SM] Exception reported: Invalid convar handle 0 (error 4)
L 12/29/2025 - 18:47:58: [SM] Blaming: ÒankrunFixhealth.smx
L 12/29/2025 - 18:47:58: [SM] Call stack trace:
L 12/29/2025 - 18:47:58: [SM]   [0] GetConVarString
L 12/29/2025 - 18:47:58: [SM]   [1] Line 138, C:\Users\Moises\Downloads\Compressed\sourcemod-1.11.0-git6968-windows\addons\sourcemod\scripting\ÒankrunFixhealth.sp::IsTankRunActive
L 12/29/2025 - 18:47:58: [SM]   [2] Line 36, C:\Users\Moises\Downloads\Compressed\sourcemod-1.11.0-git6968-windows\addons\sourcemod\scripting\ÒankrunFixhealth.sp::Timer_PeriodicCheck
L 12/29/2025 - 18:48:03: [SM] Exception reported: Language phrase "Please wait to be revived or rescued" not found (arg 6)
L 12/29/2025 - 18:48:03: [SM] Blaming: l4dmultislots.smx
L 12/29/2025 - 18:48:03: [SM] Call stack trace:
L 12/29/2025 - 18:48:03: [SM]   [0] PrintToChat
L 12/29/2025 - 18:48:03: [SM]   [1] Line 953, d:\Github\Private-Work\L4D2-Êèí‰ª∂\scripting_1.11\l4dmultislots.sp::Timer_SpecCheck
L 12/29/2025 - 18:48:08: [SM] Exception reported: Invalid convar handle 0 (error 4)
L 12/29/2025 - 18:48:08: [SM] Blaming: ÒankrunFixhealth.smx
L 12/29/2025 - 18:48:08: [SM] Call stack trace:
L 12/29/2025 - 18:48:08: [SM]   [0] GetConVarString
L 12/29/2025 - 18:48:08: [SM]   [1] Line 138, C:\Users\Moises\Downloads\Compressed\sourcemod-1.11.0-git6968-windows\addons\sourcemod\scripting\ÒankrunFixhealth.sp::IsTankRunActive
L 12/29/2025 - 18:48:08: [SM]   [2] Line 36, C:\Users\Moises\Downloads\Compressed\sourcemod-1.11.0-git6968-windows\addons\sourcemod\scripting\ÒankrunFixhealth.sp::Timer_PeriodicCheck
L 12/29/2025 - 18:48:18: [SM] Exception reported: Invalid convar handle 0 (error 4)
L 12/29/2025 - 18:48:18: [SM] Blaming: ÒankrunFixhealth.smx
L 12/29/2025 - 18:48:18: [SM] Call stack trace:
L 12/29/2025 - 18:48:18: [SM]   [0] GetConVarString
L 12/29/2025 - 18:48:18: [SM]   [1] Line 138, C:\Users\Moises\Downloads\Compressed\sourcemod-1.11.0-git6968-windows\addons\sourcemod\scripting\ÒankrunFixhealth.sp::IsTankRunActive
L 12/29/2025 - 18:48:18: [SM]   [2] Line 36, C:\Users\Moises\Downloads\Compressed\sourcemod-1.11.0-git6968-windows\addons\sourcemod\scripting\ÒankrunFixhealth.sp::Timer_PeriodicCheck
L 12/29/2025 - 18:48:28: [SM] Exception reported: Invalid convar handle 0 (error 4)
L 12/29/2025 - 18:48:28: [SM] Blaming: ÒankrunFixhealth.smx
L 12/29/2025 - 18:48:28: [SM] Call stack trace:
L 12/29/2025 - 18:48:28: [SM]   [0] GetConVarString
L 12/29/2025 - 18:48:28: [SM]   [1] Line 138, C:\Users\Moises\Downloads\Compressed\sourcemod-1.11.0-git6968-windows\addons\sourcemod\scripting\ÒankrunFixhealth.sp::IsTankRunActive
L 12/29/2025 - 18:48:28: [SM]   [2] Line 79, C:\Users\Moises\Downloads\Compressed\sourcemod-1.11.0-git6968-windows\addons\sourcemod\scripting\ÒankrunFixhealth.sp::Event_PlayerDeath
L 12/29/2025 - 18:48:28: [SM] Exception reported: Language phrase "Please wait to be revived or rescued" not found (arg 6)
L 12/29/2025 - 18:48:28: [SM] Blaming: l4dmultislots.smx
L 12/29/2025 - 18:48:28: [SM] Call stack trace:
L 12/29/2025 - 18:48:28: [SM]   [0] PrintToChat
L 12/29/2025 - 18:48:28: [SM]   [1] Line 953, d:\Github\Private-Work\L4D2-Êèí‰ª∂\scripting_1.11\l4dmultislots.sp::Timer_SpecCheck
L 12/29/2025 - 18:48:28: [SM] Exception reported: Invalid convar handle 0 (error 4)
L 12/29/2025 - 18:48:28: [SM] Blaming: ÒankrunFixhealth.smx
L 12/29/2025 - 18:48:28: [SM] Call stack trace:
L 12/29/2025 - 18:48:28: [SM]   [0] GetConVarString
L 12/29/2025 - 18:48:28: [SM]   [1] Line 138, C:\Users\Moises\Downloads\Compressed\sourcemod-1.11.0-git6968-windows\addons\sourcemod\scripting\ÒankrunFixhealth.sp::IsTankRunActive
L 12/29/2025 - 18:48:28: [SM]   [2] Line 36, C:\Users\Moises\Downloads\Compressed\sourcemod-1.11.0-git6968-windows\addons\sourcemod\scripting\ÒankrunFixhealth.sp::Timer_PeriodicCheck
L 12/29/2025 - 18:48:36: [SM] Exception reported: Invalid convar handle 0 (error 4)
L 12/29/2025 - 18:48:36: [SM] Blaming: ÒankrunFixhealth.smx
L 12/29/2025 - 18:48:36: [SM] Call stack trace:
L 12/29/2025 - 18:48:36: [SM]   [0] GetConVarString
L 12/29/2025 - 18:48:36: [SM]   [1] Line 138, C:\Users\Moises\Downloads\Compressed\sourcemod-1.11.0-git6968-windows\addons\sourcemod\scripting\ÒankrunFixhealth.sp::IsTankRunActive
L 12/29/2025 - 18:48:36: [SM]   [2] Line 79, C:\Users\Moises\Downloads\Compressed\sourcemod-1.11.0-git6968-windows\addons\sourcemod\scripting\ÒankrunFixhealth.sp::Event_PlayerDeath
L 12/29/2025 - 18:48:38: [SM] Exception reported: Invalid convar handle 0 (error 4)
L 12/29/2025 - 18:48:38: [SM] Blaming: ÒankrunFixhealth.smx
L 12/29/2025 - 18:48:38: [SM] Call stack trace:
L 12/29/2025 - 18:48:38: [SM]   [0] GetConVarString
L 12/29/2025 - 18:48:38: [SM]   [1] Line 138, C:\Users\Moises\Downloads\Compressed\sourcemod-1.11.0-git6968-windows\addons\sourcemod\scripting\ÒankrunFixhealth.sp::IsTankRunActive
L 12/29/2025 - 18:48:38: [SM]   [2] Line 36, C:\Users\Moises\Downloads\Compressed\sourcemod-1.11.0-git6968-windows\addons\sourcemod\scripting\ÒankrunFixhealth.sp::Timer_PeriodicCheck
L 12/29/2025 - 18:48:48: [SM] Exception reported: Invalid convar handle 0 (error 4)
L 12/29/2025 - 18:48:48: [SM] Blaming: ÒankrunFixhealth.smx
L 12/29/2025 - 18:48:48: [SM] Call stack trace:
L 12/29/2025 - 18:48:48: [SM]   [0] GetConVarString
L 12/29/2025 - 18:48:48: [SM]   [1] Line 138, C:\Users\Moises\Downloads\Compressed\sourcemod-1.11.0-git6968-windows\addons\sourcemod\scripting\ÒankrunFixhealth.sp::IsTankRunActive
L 12/29/2025 - 18:48:48: [SM]   [2] Line 36, C:\Users\Moises\Downloads\Compressed\sourcemod-1.11.0-git6968-windows\addons\sourcemod\scripting\ÒankrunFixhealth.sp::Timer_PeriodicCheck
L 12/29/2025 - 18:48:53: [SM] Exception reported: Language phrase "Please wait to be revived or rescued" not found (arg 6)
L 12/29/2025 - 18:48:53: [SM] Blaming: l4dmultislots.smx
L 12/29/2025 - 18:48:53: [SM] Call stack trace:
L 12/29/2025 - 18:48:53: [SM]   [0] PrintToChat
L 12/29/2025 - 18:48:53: [SM]   [1] Line 953, d:\Github\Private-Work\L4D2-Êèí‰ª∂\scripting_1.11\l4dmultislots.sp::Timer_SpecCheck
L 12/29/2025 - 18:48:58: [SM] Exception reported: Invalid convar handle 0 (error 4)
L 12/29/2025 - 18:48:58: [SM] Blaming: ÒankrunFixhealth.smx
L 12/29/2025 - 18:48:58: [SM] Call stack trace:
L 12/29/2025 - 18:48:58: [SM]   [0] GetConVarString
L 12/29/2025 - 18:48:58: [SM]   [1] Line 138, C:\Users\Moises\Downloads\Compressed\sourcemod-1.11.0-git6968-windows\addons\sourcemod\scripting\ÒankrunFixhealth.sp::IsTankRunActive
L 12/29/2025 - 18:48:58: [SM]   [2] Line 36, C:\Users\Moises\Downloads\Compressed\sourcemod-1.11.0-git6968-windows\addons\sourcemod\scripting\ÒankrunFixhealth.sp::Timer_PeriodicCheck
L 12/29/2025 - 18:49:06: [SM] Exception reported: Invalid convar handle 0 (error 4)
L 12/29/2025 - 18:49:06: [SM] Blaming: ÒankrunFixhealth.smx
L 12/29/2025 - 18:49:06: [SM] Call stack trace:
L 12/29/2025 - 18:49:06: [SM]   [0] GetConVarString
L 12/29/2025 - 18:49:06: [SM]   [1] Line 138, C:\Users\Moises\Downloads\Compressed\sourcemod-1.11.0-git6968-windows\addons\sourcemod\scripting\ÒankrunFixhealth.sp::IsTankRunActive
L 12/29/2025 - 18:49:06: [SM]   [2] Line 79, C:\Users\Moises\Downloads\Compressed\sourcemod-1.11.0-git6968-windows\addons\sourcemod\scripting\ÒankrunFixhealth.sp::Event_PlayerDeath
L 12/29/2025 - 18:49:08: [SM] Exception reported: Invalid convar handle 0 (error 4)
L 12/29/2025 - 18:49:08: [SM] Blaming: ÒankrunFixhealth.smx
L 12/29/2025 - 18:49:08: [SM] Call stack trace:
L 12/29/2025 - 18:49:08: [SM]   [0] GetConVarString
L 12/29/2025 - 18:49:08: [SM]   [1] Line 138, C:\Users\Moises\Downloads\Compressed\sourcemod-1.11.0-git6968-windows\addons\sourcemod\scripting\ÒankrunFixhealth.sp::IsTankRunActive
L 12/29/2025 - 18:49:08: [SM]   [2] Line 36, C:\Users\Moises\Downloads\Compressed\sourcemod-1.11.0-git6968-windows\addons\sourcemod\scripting\ÒankrunFixhealth.sp::Timer_PeriodicCheck
L 12/29/2025 - 18:49:18: [SM] Exception reported: Language phrase "Please wait to be revived or rescued" not found (arg 6)
L 12/29/2025 - 18:49:18: [SM] Blaming: l4dmultislots.smx
L 12/29/2025 - 18:49:18: [SM] Call stack trace:
L 12/29/2025 - 18:49:18: [SM]   [0] PrintToChat
L 12/29/2025 - 18:49:18: [SM]   [1] Line 953, d:\Github\Private-Work\L4D2-Êèí‰ª∂\scripting_1.11\l4dmultislots.sp::Timer_SpecCheck
L 12/29/2025 - 18:49:18: [SM] Exception reported: Invalid convar handle 0 (error 4)
L 12/29/2025 - 18:49:18: [SM] Blaming: ÒankrunFixhealth.smx
L 12/29/2025 - 18:49:18: [SM] Call stack trace:
L 12/29/2025 - 18:49:18: [SM]   [0] GetConVarString
L 12/29/2025 - 18:49:18: [SM]   [1] Line 138, C:\Users\Moises\Downloads\Compressed\sourcemod-1.11.0-git6968-windows\addons\sourcemod\scripting\ÒankrunFixhealth.sp::IsTankRunActive
L 12/29/2025 - 18:49:18: [SM]   [2] Line 36, C:\Users\Moises\Downloads\Compressed\sourcemod-1.11.0-git6968-windows\addons\sourcemod\scripting\ÒankrunFixhealth.sp::Timer_PeriodicCheck
L 12/29/2025 - 18:49:28: [SM] Exception reported: Invalid convar handle 0 (error 4)
L 12/29/2025 - 18:49:28: [SM] Blaming: ÒankrunFixhealth.smx
L 12/29/2025 - 18:49:28: [SM] Call stack trace:
L 12/29/2025 - 18:49:28: [SM]   [0] GetConVarString
L 12/29/2025 - 18:49:28: [SM]   [1] Line 138, C:\Users\Moises\Downloads\Compressed\sourcemod-1.11.0-git6968-windows\addons\sourcemod\scripting\ÒankrunFixhealth.sp::IsTankRunActive
L 12/29/2025 - 18:49:28: [SM]   [2] Line 36, C:\Users\Moises\Downloads\Compressed\sourcemod-1.11.0-git6968-windows\addons\sourcemod\scripting\ÒankrunFixhealth.sp::Timer_PeriodicCheck
L 12/29/2025 - 18:49:38: [SM] Exception reported: Invalid convar handle 0 (error 4)
L 12/29/2025 - 18:49:38: [SM] Blaming: ÒankrunFixhealth.smx
L 12/29/2025 - 18:49:38: [SM] Call stack trace:
L 12/29/2025 - 18:49:38: [SM]   [0] GetConVarString
L 12/29/2025 - 18:49:38: [SM]   [1] Line 138, C:\Users\Moises\Downloads\Compressed\sourcemod-1.11.0-git6968-windows\addons\sourcemod\scripting\ÒankrunFixhealth.sp::IsTankRunActive
L 12/29/2025 - 18:49:38: [SM]   [2] Line 36, C:\Users\Moises\Downloads\Compressed\sourcemod-1.11.0-git6968-windows\addons\sourcemod\scripting\ÒankrunFixhealth.sp::Timer_PeriodicCheck
L 12/29/2025 - 18:49:48: [SM] Exception reported: Invalid convar handle 0 (error 4)
L 12/29/2025 - 18:49:48: [SM] Blaming: ÒankrunFixhealth.smx
L 12/29/2025 - 18:49:48: [SM] Call stack trace:
L 12/29/2025 - 18:49:48: [SM]   [0] GetConVarString
L 12/29/2025 - 18:49:48: [SM]   [1] Line 138, C:\Users\Moises\Downloads\Compressed\sourcemod-1.11.0-git6968-windows\addons\sourcemod\scripting\ÒankrunFixhealth.sp::IsTankRunActive
L 12/29/2025 - 18:49:48: [SM]   [2] Line 36, C:\Users\Moises\Downloads\Compressed\sourcemod-1.11.0-git6968-windows\addons\sourcemod\scripting\ÒankrunFixhealth.sp::Timer_PeriodicCheck
L 12/29/2025 - 18:49:56: [SM] Exception reported: Invalid convar handle 0 (error 4)
L 12/29/2025 - 18:49:56: [SM] Blaming: ÒankrunFixhealth.smx
L 12/29/2025 - 18:49:56: [SM] Call stack trace:
L 12/29/2025 - 18:49:56: [SM]   [0] GetConVarString
L 12/29/2025 - 18:49:56: [SM]   [1] Line 138, C:\Users\Moises\Downloads\Compressed\sourcemod-1.11.0-git6968-windows\addons\sourcemod\scripting\ÒankrunFixhealth.sp::IsTankRunActive
L 12/29/2025 - 18:49:56: [SM]   [2] Line 79, C:\Users\Moises\Downloads\Compressed\sourcemod-1.11.0-git6968-windows\addons\sourcemod\scripting\ÒankrunFixhealth.sp::Event_PlayerDeath
L 12/29/2025 - 18:49:58: [SM] Exception reported: Invalid convar handle 0 (error 4)
L 12/29/2025 - 18:49:58: [SM] Blaming: ÒankrunFixhealth.smx
L 12/29/2025 - 18:49:58: [SM] Call stack trace:
L 12/29/2025 - 18:49:58: [SM]   [0] GetConVarString
L 12/29/2025 - 18:49:58: [SM]   [1] Line 138, C:\Users\Moises\Downloads\Compressed\sourcemod-1.11.0-git6968-windows\addons\sourcemod\scripting\ÒankrunFixhealth.sp::IsTankRunActive
L 12/29/2025 - 18:49:58: [SM]   [2] Line 36, C:\Users\Moises\Downloads\Compressed\sourcemod-1.11.0-git6968-windows\addons\sourcemod\scripting\ÒankrunFixhealth.sp::Timer_PeriodicCheck
L 12/29/2025 - 18:50:04: [SM] Exception reported: Invalid convar handle 0 (error 4)
L 12/29/2025 - 18:50:04: [SM] Blaming: ÒankrunFixhealth.smx
L 12/29/2025 - 18:50:04: [SM] Call stack trace:
L 12/29/2025 - 18:50:04: [SM]   [0] GetConVarString
L 12/29/2025 - 18:50:04: [SM]   [1] Line 138, C:\Users\Moises\Downloads\Compressed\sourcemod-1.11.0-git6968-windows\addons\sourcemod\scripting\ÒankrunFixhealth.sp::IsTankRunActive
L 12/29/2025 - 18:50:04: [SM]   [2] Line 79, C:\Users\Moises\Downloads\Compressed\sourcemod-1.11.0-git6968-windows\addons\sourcemod\scripting\ÒankrunFixhealth.sp::Event_PlayerDeath
L 12/29/2025 - 18:50:08: [SM] Exception reported: Language phrase "Please wait to be revived or rescued" not found (arg 6)
L 12/29/2025 - 18:50:08: [SM] Blaming: l4dmultislots.smx
L 12/29/2025 - 18:50:08: [SM] Call stack trace:
L 12/29/2025 - 18:50:08: [SM]   [0] PrintToChat
L 12/29/2025 - 18:50:08: [SM]   [1] Line 953, d:\Github\Private-Work\L4D2-Êèí‰ª∂\scripting_1.11\l4dmultislots.sp::Timer_SpecCheck
L 12/29/2025 - 18:50:08: [SM] Exception reported: Invalid convar handle 0 (error 4)
L 12/29/2025 - 18:50:08: [SM] Blaming: ÒankrunFixhealth.smx
L 12/29/2025 - 18:50:08: [SM] Call stack trace:
L 12/29/2025 - 18:50:08: [SM]   [0] GetConVarString
L 12/29/2025 - 18:50:08: [SM]   [1] Line 138, C:\Users\Moises\Downloads\Compressed\sourcemod-1.11.0-git6968-windows\addons\sourcemod\scripting\ÒankrunFixhealth.sp::IsTankRunActive
L 12/29/2025 - 18:50:08: [SM]   [2] Line 36, C:\Users\Moises\Downloads\Compressed\sourcemod-1.11.0-git6968-windows\addons\sourcemod\scripting\ÒankrunFixhealth.sp::Timer_PeriodicCheck
L 12/29/2025 - 18:50:18: [SM] Exception reported: Invalid convar handle 0 (error 4)
L 12/29/2025 - 18:50:18: [SM] Blaming: ÒankrunFixhealth.smx
L 12/29/2025 - 18:50:18: [SM] Call stack trace:
L 12/29/2025 - 18:50:18: [SM]   [0] GetConVarString
L 12/29/2025 - 18:50:18: [SM]   [1] Line 138, C:\Users\Moises\Downloads\Compressed\sourcemod-1.11.0-git6968-windows\addons\sourcemod\scripting\ÒankrunFixhealth.sp::IsTankRunActive
L 12/29/2025 - 18:50:18: [SM]   [2] Line 36, C:\Users\Moises\Downloads\Compressed\sourcemod-1.11.0-git6968-windows\addons\sourcemod\scripting\ÒankrunFixhealth.sp::Timer_PeriodicCheck
L 12/29/2025 - 18:50:28: [SM] Exception reported: Invalid convar handle 0 (error 4)
L 12/29/2025 - 18:50:28: [SM] Blaming: ÒankrunFixhealth.smx
L 12/29/2025 - 18:50:28: [SM] Call stack trace:
L 12/29/2025 - 18:50:28: [SM]   [0] GetConVarString
L 12/29/2025 - 18:50:28: [SM]   [1] Line 138, C:\Users\Moises\Downloads\Compressed\sourcemod-1.11.0-git6968-windows\addons\sourcemod\scripting\ÒankrunFixhealth.sp::IsTankRunActive
L 12/29/2025 - 18:50:28: [SM]   [2] Line 36, C:\Users\Moises\Downloads\Compressed\sourcemod-1.11.0-git6968-windows\addons\sourcemod\scripting\ÒankrunFixhealth.sp::Timer_PeriodicCheck
L 12/29/2025 - 18:50:38: [SM] Exception reported: Invalid convar handle 0 (error 4)
L 12/29/2025 - 18:50:38: [SM] Blaming: ÒankrunFixhealth.smx
L 12/29/2025 - 18:50:38: [SM] Call stack trace:
L 12/29/2025 - 18:50:38: [SM]   [0] GetConVarString
L 12/29/2025 - 18:50:38: [SM]   [1] Line 138, C:\Users\Moises\Downloads\Compressed\sourcemod-1.11.0-git6968-windows\addons\sourcemod\scripting\ÒankrunFixhealth.sp::IsTankRunActive
L 12/29/2025 - 18:50:38: [SM]   [2] Line 36, C:\Users\Moises\Downloads\Compressed\sourcemod-1.11.0-git6968-windows\addons\sourcemod\scripting\ÒankrunFixhealth.sp::Timer_PeriodicCheck
L 12/29/2025 - 18:50:40: [SM] Exception reported: Invalid timer handle 77d0044a (error 3)
L 12/29/2025 - 18:50:40: [SM] Blaming: l4d2_playerjoining_v2.smx
L 12/29/2025 - 18:50:40: [SM] Call stack trace:
L 12/29/2025 - 18:50:40: [SM]   [0] KillTimer
L 12/29/2025 - 18:50:40: [SM]   [1] Line 53, C:\Users\Moises\Downloads\Compressed\sourcemod-1.11.0-git6968-windows\addons\sourcemod\scripting\l4d2_playerjoining_v2.sp::OnClientDisconnect
L 12/29/2025 - 18:50:45: [SM] Exception reported: Invalid timer handle 2b40043b (error 1)
L 12/29/2025 - 18:50:45: [SM] Blaming: l4d2_playerjoining_v2.smx
L 12/29/2025 - 18:50:45: [SM] Call stack trace:
L 12/29/2025 - 18:50:45: [SM]   [0] KillTimer
L 12/29/2025 - 18:50:45: [SM]   [1] Line 53, C:\Users\Moises\Downloads\Compressed\sourcemod-1.11.0-git6968-windows\addons\sourcemod\scripting\l4d2_playerjoining_v2.sp::OnClientDisconnect
L 12/29/2025 - 18:50:48: [SM] Exception reported: Invalid convar handle 0 (error 4)
L 12/29/2025 - 18:50:48: [SM] Blaming: ÒankrunFixhealth.smx
L 12/29/2025 - 18:50:48: [SM] Call stack trace:
L 12/29/2025 - 18:50:48: [SM]   [0] GetConVarString
L 12/29/2025 - 18:50:48: [SM]   [1] Line 138, C:\Users\Moises\Downloads\Compressed\sourcemod-1.11.0-git6968-windows\addons\sourcemod\scripting\ÒankrunFixhealth.sp::IsTankRunActive
L 12/29/2025 - 18:50:48: [SM]   [2] Line 79, C:\Users\Moises\Downloads\Compressed\sourcemod-1.11.0-git6968-windows\addons\sourcemod\scripting\ÒankrunFixhealth.sp::Event_PlayerDeath
L 12/29/2025 - 18:50:48: [SM] Exception reported: Invalid convar handle 0 (error 4)
L 12/29/2025 - 18:50:48: [SM] Blaming: ÒankrunFixhealth.smx
L 12/29/2025 - 18:50:48: [SM] Call stack trace:
L 12/29/2025 - 18:50:48: [SM]   [0] GetConVarString
L 12/29/2025 - 18:50:48: [SM]   [1] Line 138, C:\Users\Moises\Downloads\Compressed\sourcemod-1.11.0-git6968-windows\addons\sourcemod\scripting\ÒankrunFixhealth.sp::IsTankRunActive
L 12/29/2025 - 18:50:48: [SM]   [2] Line 36, C:\Users\Moises\Downloads\Compressed\sourcemod-1.11.0-git6968-windows\addons\sourcemod\scripting\ÒankrunFixhealth.sp::Timer_PeriodicCheck
L 12/29/2025 - 18:50:56: [SM] Exception reported: Invalid timer handle 2b40043b (error 3)
L 12/29/2025 - 18:50:56: [SM] Blaming: l4d2_playerjoining_v2.smx
L 12/29/2025 - 18:50:56: [SM] Call stack trace:
L 12/29/2025 - 18:50:56: [SM]   [0] KillTimer
L 12/29/2025 - 18:50:56: [SM]   [1] Line 53, C:\Users\Moises\Downloads\Compressed\sourcemod-1.11.0-git6968-windows\addons\sourcemod\scripting\l4d2_playerjoining_v2.sp::OnClientDisconnect
L 12/29/2025 - 18:50:58: [SM] Exception reported: Invalid convar handle 0 (error 4)
L 12/29/2025 - 18:50:58: [SM] Blaming: ÒankrunFixhealth.smx
L 12/29/2025 - 18:50:58: [SM] Call stack trace:
L 12/29/2025 - 18:50:58: [SM]   [0] GetConVarString
L 12/29/2025 - 18:50:58: [SM]   [1] Line 138, C:\Users\Moises\Downloads\Compressed\sourcemod-1.11.0-git6968-windows\addons\sourcemod\scripting\ÒankrunFixhealth.sp::IsTankRunActive
L 12/29/2025 - 18:50:58: [SM]   [2] Line 36, C:\Users\Moises\Downloads\Compressed\sourcemod-1.11.0-git6968-windows\addons\sourcemod\scripting\ÒankrunFixhealth.sp::Timer_PeriodicCheck
L 12/29/2025 - 18:51:03: [SM] Exception reported: Invalid convar handle 0 (error 4)
L 12/29/2025 - 18:51:03: [SM] Blaming: ÒankrunFixhealth.smx
L 12/29/2025 - 18:51:03: [SM] Call stack trace:
L 12/29/2025 - 18:51:03: [SM]   [0] GetConVarString
L 12/29/2025 - 18:51:03: [SM]   [1] Line 138, C:\Users\Moises\Downloads\Compressed\sourcemod-1.11.0-git6968-windows\addons\sourcemod\scripting\ÒankrunFixhealth.sp::IsTankRunActive
L 12/29/2025 - 18:51:03: [SM]   [2] Line 79, C:\Users\Moises\Downloads\Compressed\sourcemod-1.11.0-git6968-windows\addons\sourcemod\scripting\ÒankrunFixhealth.sp::Event_PlayerDeath
L 12/29/2025 - 18:51:08: [SM] Exception reported: Invalid convar handle 0 (error 4)
L 12/29/2025 - 18:51:08: [SM] Blaming: ÒankrunFixhealth.smx
L 12/29/2025 - 18:51:08: [SM] Call stack trace:
L 12/29/2025 - 18:51:08: [SM]   [0] GetConVarString
L 12/29/2025 - 18:51:08: [SM]   [1] Line 138, C:\Users\Moises\Downloads\Compressed\sourcemod-1.11.0-git6968-windows\addons\sourcemod\scripting\ÒankrunFixhealth.sp::IsTankRunActive
L 12/29/2025 - 18:51:08: [SM]   [2] Line 36, C:\Users\Moises\Downloads\Compressed\sourcemod-1.11.0-git6968-windows\addons\sourcemod\scripting\ÒankrunFixhealth.sp::Timer_PeriodicCheck
L 12/29/2025 - 18:51:18: [SM] Exception reported: Invalid convar handle 0 (error 4)
L 12/29/2025 - 18:51:18: [SM] Blaming: ÒankrunFixhealth.smx
L 12/29/2025 - 18:51:18: [SM] Call stack trace:
L 12/29/2025 - 18:51:18: [SM]   [0] GetConVarString
L 12/29/2025 - 18:51:18: [SM]   [1] Line 138, C:\Users\Moises\Downloads\Compressed\sourcemod-1.11.0-git6968-windows\addons\sourcemod\scripting\ÒankrunFixhealth.sp::IsTankRunActive
L 12/29/2025 - 18:51:18: [SM]   [2] Line 36, C:\Users\Moises\Downloads\Compressed\sourcemod-1.11.0-git6968-windows\addons\sourcemod\scripting\ÒankrunFixhealth.sp::Timer_PeriodicCheck
L 12/29/2025 - 18:51:23: [SM] Exception reported: Language phrase "Please wait to be revived or rescued" not found (arg 6)
L 12/29/2025 - 18:51:23: [SM] Blaming: l4dmultislots.smx
L 12/29/2025 - 18:51:23: [SM] Call stack trace:
L 12/29/2025 - 18:51:23: [SM]   [0] PrintToChat
L 12/29/2025 - 18:51:23: [SM]   [1] Line 953, d:\Github\Private-Work\L4D2-Êèí‰ª∂\scripting_1.11\l4dmultislots.sp::Timer_SpecCheck
L 12/29/2025 - 18:51:28: [SM] Exception reported: Invalid convar handle 0 (error 4)
L 12/29/2025 - 18:51:28: [SM] Blaming: ÒankrunFixhealth.smx
L 12/29/2025 - 18:51:28: [SM] Call stack trace:
L 12/29/2025 - 18:51:28: [SM]   [0] GetConVarString
L 12/29/2025 - 18:51:28: [SM]   [1] Line 138, C:\Users\Moises\Downloads\Compressed\sourcemod-1.11.0-git6968-windows\addons\sourcemod\scripting\ÒankrunFixhealth.sp::IsTankRunActive
L 12/29/2025 - 18:51:28: [SM]   [2] Line 36, C:\Users\Moises\Downloads\Compressed\sourcemod-1.11.0-git6968-windows\addons\sourcemod\scripting\ÒankrunFixhealth.sp::Timer_PeriodicCheck
L 12/29/2025 - 18:51:38: [SM] Exception reported: Invalid convar handle 0 (error 4)
L 12/29/2025 - 18:51:38: [SM] Blaming: ÒankrunFixhealth.smx
L 12/29/2025 - 18:51:38: [SM] Call stack trace:
L 12/29/2025 - 18:51:38: [SM]   [0] GetConVarString
L 12/29/2025 - 18:51:38: [SM]   [1] Line 138, C:\Users\Moises\Downloads\Compressed\sourcemod-1.11.0-git6968-windows\addons\sourcemod\scripting\ÒankrunFixhealth.sp::IsTankRunActive
L 12/29/2025 - 18:51:38: [SM]   [2] Line 36, C:\Users\Moises\Downloads\Compressed\sourcemod-1.11.0-git6968-windows\addons\sourcemod\scripting\ÒankrunFixhealth.sp::Timer_PeriodicCheck
L 12/29/2025 - 18:51:48: [SM] Exception reported: Language phrase "Please wait to be revived or rescued" not found (arg 6)
L 12/29/2025 - 18:51:48: [SM] Blaming: l4dmultislots.smx
L 12/29/2025 - 18:51:48: [SM] Call stack trace:
L 12/29/2025 - 18:51:48: [SM]   [0] PrintToChat
L 12/29/2025 - 18:51:48: [SM]   [1] Line 953, d:\Github\Private-Work\L4D2-Êèí‰ª∂\scripting_1.11\l4dmultislots.sp::Timer_SpecCheck
L 12/29/2025 - 18:51:48: [SM] Exception reported: Invalid convar handle 0 (error 4)
L 12/29/2025 - 18:51:48: [SM] Blaming: ÒankrunFixhealth.smx
L 12/29/2025 - 18:51:48: [SM] Call stack trace:
L 12/29/2025 - 18:51:48: [SM]   [0] GetConVarString
L 12/29/2025 - 18:51:48: [SM]   [1] Line 138, C:\Users\Moises\Downloads\Compressed\sourcemod-1.11.0-git6968-windows\addons\sourcemod\scripting\ÒankrunFixhealth.sp::IsTankRunActive
L 12/29/2025 - 18:51:48: [SM]   [2] Line 36, C:\Users\Moises\Downloads\Compressed\sourcemod-1.11.0-git6968-windows\addons\sourcemod\scripting\ÒankrunFixhealth.sp::Timer_PeriodicCheck
L 12/29/2025 - 18:51:58: [SM] Exception reported: Invalid convar handle 0 (error 4)
L 12/29/2025 - 18:51:58: [SM] Blaming: ÒankrunFixhealth.smx
L 12/29/2025 - 18:51:58: [SM] Call stack trace:
L 12/29/2025 - 18:51:58: [SM]   [0] GetConVarString
L 12/29/2025 - 18:51:58: [SM]   [1] Line 138, C:\Users\Moises\Downloads\Compressed\sourcemod-1.11.0-git6968-windows\addons\sourcemod\scripting\ÒankrunFixhealth.sp::IsTankRunActive
L 12/29/2025 - 18:51:58: [SM]   [2] Line 36, C:\Users\Moises\Downloads\Compressed\sourcemod-1.11.0-git6968-windows\addons\sourcemod\scripting\ÒankrunFixhealth.sp::Timer_PeriodicCheck
L 12/29/2025 - 18:52:08: [SM] Exception reported: Invalid convar handle 0 (error 4)
L 12/29/2025 - 18:52:08: [SM] Blaming: ÒankrunFixhealth.smx
L 12/29/2025 - 18:52:08: [SM] Call stack trace:
L 12/29/2025 - 18:52:08: [SM]   [0] GetConVarString
L 12/29/2025 - 18:52:08: [SM]   [1] Line 138, C:\Users\Moises\Downloads\Compressed\sourcemod-1.11.0-git6968-windows\addons\sourcemod\scripting\ÒankrunFixhealth.sp::IsTankRunActive
L 12/29/2025 - 18:52:08: [SM]   [2] Line 36, C:\Users\Moises\Downloads\Compressed\sourcemod-1.11.0-git6968-windows\addons\sourcemod\scripting\ÒankrunFixhealth.sp::Timer_PeriodicCheck
L 12/29/2025 - 18:52:13: [SM] Exception reported: Language phrase "Please wait to be revived or rescued" not found (arg 6)
L 12/29/2025 - 18:52:13: [SM] Blaming: l4dmultislots.smx
L 12/29/2025 - 18:52:13: [SM] Call stack trace:
L 12/29/2025 - 18:52:13: [SM]   [0] PrintToChat
L 12/29/2025 - 18:52:13: [SM]   [1] Line 953, d:\Github\Private-Work\L4D2-Êèí‰ª∂\scripting_1.11\l4dmultislots.sp::Timer_SpecCheck
L 12/29/2025 - 18:52:18: [SM] Exception reported: Invalid convar handle 0 (error 4)
L 12/29/2025 - 18:52:18: [SM] Blaming: ÒankrunFixhealth.smx
L 12/29/2025 - 18:52:18: [SM] Call stack trace:
L 12/29/2025 - 18:52:18: [SM]   [0] GetConVarString
L 12/29/2025 - 18:52:18: [SM]   [1] Line 138, C:\Users\Moises\Downloads\Compressed\sourcemod-1.11.0-git6968-windows\addons\sourcemod\scripting\ÒankrunFixhealth.sp::IsTankRunActive
L 12/29/2025 - 18:52:18: [SM]   [2] Line 36, C:\Users\Moises\Downloads\Compressed\sourcemod-1.11.0-git6968-windows\addons\sourcemod\scripting\ÒankrunFixhealth.sp::Timer_PeriodicCheck
L 12/29/2025 - 18:52:28: [SM] Exception reported: Invalid convar handle 0 (error 4)
L 12/29/2025 - 18:52:28: [SM] Blaming: ÒankrunFixhealth.smx
L 12/29/2025 - 18:52:28: [SM] Call stack trace:
L 12/29/2025 - 18:52:28: [SM]   [0] GetConVarString
L 12/29/2025 - 18:52:28: [SM]   [1] Line 138, C:\Users\Moises\Downloads\Compressed\sourcemod-1.11.0-git6968-windows\addons\sourcemod\scripting\ÒankrunFixhealth.sp::IsTankRunActive
L 12/29/2025 - 18:52:28: [SM]   [2] Line 79, C:\Users\Moises\Downloads\Compressed\sourcemod-1.11.0-git6968-windows\addons\sourcemod\scripting\ÒankrunFixhealth.sp::Event_PlayerDeath
L 12/29/2025 - 18:52:28: [SM] Exception reported: Invalid convar handle 0 (error 4)
L 12/29/2025 - 18:52:28: [SM] Blaming: ÒankrunFixhealth.smx
L 12/29/2025 - 18:52:28: [SM] Call stack trace:
L 12/29/2025 - 18:52:28: [SM]   [0] GetConVarString
L 12/29/2025 - 18:52:28: [SM]   [1] Line 138, C:\Users\Moises\Downloads\Compressed\sourcemod-1.11.0-git6968-windows\addons\sourcemod\scripting\ÒankrunFixhealth.sp::IsTankRunActive
L 12/29/2025 - 18:52:28: [SM]   [2] Line 36, C:\Users\Moises\Downloads\Compressed\sourcemod-1.11.0-git6968-windows\addons\sourcemod\scripting\ÒankrunFixhealth.sp::Timer_PeriodicCheck
L 12/29/2025 - 18:52:38: [SM] Exception reported: Language phrase "Please wait to be revived or rescued" not found (arg 6)
L 12/29/2025 - 18:52:38: [SM] Blaming: l4dmultislots.smx
L 12/29/2025 - 18:52:38: [SM] Call stack trace:
L 12/29/2025 - 18:52:38: [SM]   [0] PrintToChat
L 12/29/2025 - 18:52:38: [SM]   [1] Line 953, d:\Github\Private-Work\L4D2-Êèí‰ª∂\scripting_1.11\l4dmultislots.sp::Timer_SpecCheck
L 12/29/2025 - 18:52:38: [SM] Exception reported: Invalid convar handle 0 (error 4)
L 12/29/2025 - 18:52:38: [SM] Blaming: ÒankrunFixhealth.smx
L 12/29/2025 - 18:52:38: [SM] Call stack trace:
L 12/29/2025 - 18:52:38: [SM]   [0] GetConVarString
L 12/29/2025 - 18:52:38: [SM]   [1] Line 138, C:\Users\Moises\Downloads\Compressed\sourcemod-1.11.0-git6968-windows\addons\sourcemod\scripting\ÒankrunFixhealth.sp::IsTankRunActive
L 12/29/2025 - 18:52:38: [SM]   [2] Line 36, C:\Users\Moises\Downloads\Compressed\sourcemod-1.11.0-git6968-windows\addons\sourcemod\scripting\ÒankrunFixhealth.sp::Timer_PeriodicCheck
L 12/29/2025 - 18:52:41: [SM] Exception reported: Invalid convar handle 0 (error 4)
L 12/29/2025 - 18:52:41: [SM] Blaming: ÒankrunFixhealth.smx
L 12/29/2025 - 18:52:41: [SM] Call stack trace:
L 12/29/2025 - 18:52:41: [SM]   [0] GetConVarString
L 12/29/2025 - 18:52:41: [SM]   [1] Line 138, C:\Users\Moises\Downloads\Compressed\sourcemod-1.11.0-git6968-windows\addons\sourcemod\scripting\ÒankrunFixhealth.sp::IsTankRunActive
L 12/29/2025 - 18:52:41: [SM]   [2] Line 79, C:\Users\Moises\Downloads\Compressed\sourcemod-1.11.0-git6968-windows\addons\sourcemod\scripting\ÒankrunFixhealth.sp::Event_PlayerDeath
L 12/29/2025 - 18:52:46: [SM] Exception reported: Invalid timer handle 77d0044a (error 1)
L 12/29/2025 - 18:52:46: [SM] Blaming: l4d2_playerjoining_v2.smx
L 12/29/2025 - 18:52:46: [SM] Call stack trace:
L 12/29/2025 - 18:52:46: [SM]   [0] KillTimer
L 12/29/2025 - 18:52:46: [SM]   [1] Line 53, C:\Users\Moises\Downloads\Compressed\sourcemod-1.11.0-git6968-windows\addons\sourcemod\scripting\l4d2_playerjoining_v2.sp::OnClientDisconnect
L 12/29/2025 - 18:52:47: [SM] Exception reported: Invalid convar handle 0 (error 4)
L 12/29/2025 - 18:52:47: [SM] Blaming: ÒankrunFixhealth.smx
L 12/29/2025 - 18:52:47: [SM] Call stack trace:
L 12/29/2025 - 18:52:47: [SM]   [0] GetConVarString
L 12/29/2025 - 18:52:47: [SM]   [1] Line 138, C:\Users\Moises\Downloads\Compressed\sourcemod-1.11.0-git6968-windows\addons\sourcemod\scripting\ÒankrunFixhealth.sp::IsTankRunActive
L 12/29/2025 - 18:52:47: [SM]   [2] Line 79, C:\Users\Moises\Downloads\Compressed\sourcemod-1.11.0-git6968-windows\addons\sourcemod\scripting\ÒankrunFixhealth.sp::Event_PlayerDeath
L 12/29/2025 - 18:52:48: [SM] Exception reported: Invalid convar handle 0 (error 4)
L 12/29/2025 - 18:52:48: [SM] Blaming: ÒankrunFixhealth.smx
L 12/29/2025 - 18:52:48: [SM] Call stack trace:
L 12/29/2025 - 18:52:48: [SM]   [0] GetConVarString
L 12/29/2025 - 18:52:48: [SM]   [1] Line 138, C:\Users\Moises\Downloads\Compressed\sourcemod-1.11.0-git6968-windows\addons\sourcemod\scripting\ÒankrunFixhealth.sp::IsTankRunActive
L 12/29/2025 - 18:52:48: [SM]   [2] Line 36, C:\Users\Moises\Downloads\Compressed\sourcemod-1.11.0-git6968-windows\addons\sourcemod\scripting\ÒankrunFixhealth.sp::Timer_PeriodicCheck
L 12/29/2025 - 18:52:57: [SM] Exception reported: Invalid convar handle 0 (error 4)
L 12/29/2025 - 18:52:57: [SM] Blaming: ÒankrunFixhealth.smx
L 12/29/2025 - 18:52:57: [SM] Call stack trace:
L 12/29/2025 - 18:52:57: [SM]   [0] GetConVarString
L 12/29/2025 - 18:52:57: [SM]   [1] Line 138, C:\Users\Moises\Downloads\Compressed\sourcemod-1.11.0-git6968-windows\addons\sourcemod\scripting\ÒankrunFixhealth.sp::IsTankRunActive
L 12/29/2025 - 18:52:57: [SM]   [2] Line 79, C:\Users\Moises\Downloads\Compressed\sourcemod-1.11.0-git6968-windows\addons\sourcemod\scripting\ÒankrunFixhealth.sp::Event_PlayerDeath
L 12/29/2025 - 18:52:58: [SM] Exception reported: Invalid convar handle 0 (error 4)
L 12/29/2025 - 18:52:58: [SM] Blaming: ÒankrunFixhealth.smx
L 12/29/2025 - 18:52:58: [SM] Call stack trace:
L 12/29/2025 - 18:52:58: [SM]   [0] GetConVarString
L 12/29/2025 - 18:52:58: [SM]   [1] Line 138, C:\Users\Moises\Downloads\Compressed\sourcemod-1.11.0-git6968-windows\addons\sourcemod\scripting\ÒankrunFixhealth.sp::IsTankRunActive
L 12/29/2025 - 18:52:58: [SM]   [2] Line 36, C:\Users\Moises\Downloads\Compressed\sourcemod-1.11.0-git6968-windows\addons\sourcemod\scripting\ÒankrunFixhealth.sp::Timer_PeriodicCheck
L 12/29/2025 - 18:53:03: [SM] Exception reported: Language phrase "Please wait to be revived or rescued" not found (arg 6)
L 12/29/2025 - 18:53:03: [SM] Blaming: l4dmultislots.smx
L 12/29/2025 - 18:53:03: [SM] Call stack trace:
L 12/29/2025 - 18:53:03: [SM]   [0] PrintToChat
L 12/29/2025 - 18:53:03: [SM]   [1] Line 953, d:\Github\Private-Work\L4D2-Êèí‰ª∂\scripting_1.11\l4dmultislots.sp::Timer_SpecCheck
L 12/29/2025 - 18:53:05: [SM] Exception reported: Invalid convar handle 0 (error 4)
L 12/29/2025 - 18:53:05: [SM] Blaming: ÒankrunFixhealth.smx
L 12/29/2025 - 18:53:05: [SM] Call stack trace:
L 12/29/2025 - 18:53:05: [SM]   [0] GetConVarString
L 12/29/2025 - 18:53:05: [SM]   [1] Line 138, C:\Users\Moises\Downloads\Compressed\sourcemod-1.11.0-git6968-windows\addons\sourcemod\scripting\ÒankrunFixhealth.sp::IsTankRunActive
L 12/29/2025 - 18:53:05: [SM]   [2] Line 79, C:\Users\Moises\Downloads\Compressed\sourcemod-1.11.0-git6968-windows\addons\sourcemod\scripting\ÒankrunFixhealth.sp::Event_PlayerDeath
L 12/29/2025 - 18:53:06: [SM] Exception reported: Invalid convar handle 0 (error 4)
L 12/29/2025 - 18:53:06: [SM] Blaming: ÒankrunFixhealth.smx
L 12/29/2025 - 18:53:06: [SM] Call stack trace:
L 12/29/2025 - 18:53:06: [SM]   [0] GetConVarString
L 12/29/2025 - 18:53:06: [SM]   [1] Line 138, C:\Users\Moises\Downloads\Compressed\sourcemod-1.11.0-git6968-windows\addons\sourcemod\scripting\ÒankrunFixhealth.sp::IsTankRunActive
L 12/29/2025 - 18:53:06: [SM]   [2] Line 91, C:\Users\Moises\Downloads\Compressed\sourcemod-1.11.0-git6968-windows\addons\sourcemod\scripting\ÒankrunFixhealth.sp::Event_MissionLost
L 12/29/2025 - 18:53:08: [SM] Exception reported: Invalid convar handle 0 (error 4)
L 12/29/2025 - 18:53:08: [SM] Blaming: ÒankrunFixhealth.smx
L 12/29/2025 - 18:53:08: [SM] Call stack trace:
L 12/29/2025 - 18:53:08: [SM]   [0] GetConVarString
L 12/29/2025 - 18:53:08: [SM]   [1] Line 138, C:\Users\Moises\Downloads\Compressed\sourcemod-1.11.0-git6968-windows\addons\sourcemod\scripting\ÒankrunFixhealth.sp::IsTankRunActive
L 12/29/2025 - 18:53:08: [SM]   [2] Line 36, C:\Users\Moises\Downloads\Compressed\sourcemod-1.11.0-git6968-windows\addons\sourcemod\scripting\ÒankrunFixhealth.sp::Timer_PeriodicCheck
L 12/29/2025 - 18:53:13: [SM] Exception reported: Invalid convar handle 0 (error 4)
L 12/29/2025 - 18:53:13: [SM] Blaming: ÒankrunFixhealth.smx
L 12/29/2025 - 18:53:13: [SM] Call stack trace:
L 12/29/2025 - 18:53:13: [SM]   [0] GetConVarString
L 12/29/2025 - 18:53:13: [SM]   [1] Line 138, C:\Users\Moises\Downloads\Compressed\sourcemod-1.11.0-git6968-windows\addons\sourcemod\scripting\ÒankrunFixhealth.sp::IsTankRunActive
L 12/29/2025 - 18:53:13: [SM]   [2] Line 79, C:\Users\Moises\Downloads\Compressed\sourcemod-1.11.0-git6968-windows\addons\sourcemod\scripting\ÒankrunFixhealth.sp::Event_PlayerDeath
L 12/29/2025 - 18:53:13: [SM] Exception reported: Invalid convar handle 0 (error 4)
L 12/29/2025 - 18:53:13: [SM] Blaming: ÒankrunFixhealth.smx
L 12/29/2025 - 18:53:13: [SM] Call stack trace:
L 12/29/2025 - 18:53:13: [SM]   [0] GetConVarString
L 12/29/2025 - 18:53:13: [SM]   [1] Line 138, C:\Users\Moises\Downloads\Compressed\sourcemod-1.11.0-git6968-windows\addons\sourcemod\scripting\ÒankrunFixhealth.sp::IsTankRunActive
L 12/29/2025 - 18:53:13: [SM]   [2] Line 54, C:\Users\Moises\Downloads\Compressed\sourcemod-1.11.0-git6968-windows\addons\sourcemod\scripting\ÒankrunFixhealth.sp::Event_RoundStart
L 12/29/2025 - 18:53:13: [SM] Exception reported: Invalid timer handle 2ae00442 (error 1)
L 12/29/2025 - 18:53:13: [SM] Blaming: l4d2_playerjoining_v2.smx
L 12/29/2025 - 18:53:13: [SM] Call stack trace:
L 12/29/2025 - 18:53:13: [SM]   [0] KillTimer
L 12/29/2025 - 18:53:13: [SM]   [1] Line 53, C:\Users\Moises\Downloads\Compressed\sourcemod-1.11.0-git6968-windows\addons\sourcemod\scripting\l4d2_playerjoining_v2.sp::OnClientDisconnect
L 12/29/2025 - 18:53:13: [SM] Exception reported: Invalid timer handle f8000442 (error 1)
L 12/29/2025 - 18:53:13: [SM] Blaming: l4d2_playerjoining_v2.smx
L 12/29/2025 - 18:53:13: [SM] Call stack trace:
L 12/29/2025 - 18:53:13: [SM]   [0] KillTimer
L 12/29/2025 - 18:53:13: [SM]   [1] Line 53, C:\Users\Moises\Downloads\Compressed\sourcemod-1.11.0-git6968-windows\addons\sourcemod\scripting\l4d2_playerjoining_v2.sp::OnClientDisconnect
L 12/29/2025 - 18:53:18: [SM] Exception reported: Invalid convar handle 0 (error 4)
L 12/29/2025 - 18:53:18: [SM] Blaming: ÒankrunFixhealth.smx
L 12/29/2025 - 18:53:18: [SM] Call stack trace:
L 12/29/2025 - 18:53:18: [SM]   [0] GetConVarString
L 12/29/2025 - 18:53:18: [SM]   [1] Line 138, C:\Users\Moises\Downloads\Compressed\sourcemod-1.11.0-git6968-windows\addons\sourcemod\scripting\ÒankrunFixhealth.sp::IsTankRunActive
L 12/29/2025 - 18:53:18: [SM]   [2] Line 36, C:\Users\Moises\Downloads\Compressed\sourcemod-1.11.0-git6968-windows\addons\sourcemod\scripting\ÒankrunFixhealth.sp::Timer_PeriodicCheck
L 12/29/2025 - 18:53:28: [SM] Exception reported: Invalid convar handle 0 (error 4)
L 12/29/2025 - 18:53:28: [SM] Blaming: ÒankrunFixhealth.smx
L 12/29/2025 - 18:53:28: [SM] Call stack trace:
L 12/29/2025 - 18:53:28: [SM]   [0] GetConVarString
L 12/29/2025 - 18:53:28: [SM]   [1] Line 138, C:\Users\Moises\Downloads\Compressed\sourcemod-1.11.0-git6968-windows\addons\sourcemod\scripting\ÒankrunFixhealth.sp::IsTankRunActive
L 12/29/2025 - 18:53:28: [SM]   [2] Line 36, C:\Users\Moises\Downloads\Compressed\sourcemod-1.11.0-git6968-windows\addons\sourcemod\scripting\ÒankrunFixhealth.sp::Timer_PeriodicCheck
L 12/29/2025 - 18:53:38: [SM] Exception reported: Invalid convar handle 0 (error 4)
L 12/29/2025 - 18:53:38: [SM] Blaming: ÒankrunFixhealth.smx
L 12/29/2025 - 18:53:38: [SM] Call stack trace:
L 12/29/2025 - 18:53:38: [SM]   [0] GetConVarString
L 12/29/2025 - 18:53:38: [SM]   [1] Line 138, C:\Users\Moises\Downloads\Compressed\sourcemod-1.11.0-git6968-windows\addons\sourcemod\scripting\ÒankrunFixhealth.sp::IsTankRunActive
L 12/29/2025 - 18:53:38: [SM]   [2] Line 36, C:\Users\Moises\Downloads\Compressed\sourcemod-1.11.0-git6968-windows\addons\sourcemod\scripting\ÒankrunFixhealth.sp::Timer_PeriodicCheck
L 12/29/2025 - 18:53:48: [SM] Exception reported: Invalid convar handle 0 (error 4)
L 12/29/2025 - 18:53:48: [SM] Blaming: ÒankrunFixhealth.smx
L 12/29/2025 - 18:53:48: [SM] Call stack trace:
L 12/29/2025 - 18:53:48: [SM]   [0] GetConVarString
L 12/29/2025 - 18:53:48: [SM]   [1] Line 138, C:\Users\Moises\Downloads\Compressed\sourcemod-1.11.0-git6968-windows\addons\sourcemod\scripting\ÒankrunFixhealth.sp::IsTankRunActive
L 12/29/2025 - 18:53:48: [SM]   [2] Line 36, C:\Users\Moises\Downloads\Compressed\sourcemod-1.11.0-git6968-windows\addons\sourcemod\scripting\ÒankrunFixhealth.sp::Timer_PeriodicCheck
L 12/29/2025 - 18:53:52: [SM] Exception reported: Invalid convar handle 0 (error 4)
L 12/29/2025 - 18:53:52: [SM] Blaming: ÒankrunFixhealth.smx
L 12/29/2025 - 18:53:52: [SM] Call stack trace:
L 12/29/2025 - 18:53:52: [SM]   [0] GetConVarString
L 12/29/2025 - 18:53:52: [SM]   [1] Line 138, C:\Users\Moises\Downloads\Compressed\sourcemod-1.11.0-git6968-windows\addons\sourcemod\scripting\ÒankrunFixhealth.sp::IsTankRunActive
L 12/29/2025 - 18:53:52: [SM]   [2] Line 79, C:\Users\Moises\Downloads\Compressed\sourcemod-1.11.0-git6968-windows\addons\sourcemod\scripting\ÒankrunFixhealth.sp::Event_PlayerDeath
L 12/29/2025 - 18:53:57: [SM] Exception reported: Invalid convar handle 0 (error 4)
L 12/29/2025 - 18:53:57: [SM] Blaming: ÒankrunFixhealth.smx
L 12/29/2025 - 18:53:57: [SM] Call stack trace:
L 12/29/2025 - 18:53:57: [SM]   [0] GetConVarString
L 12/29/2025 - 18:53:57: [SM]   [1] Line 138, C:\Users\Moises\Downloads\Compressed\sourcemod-1.11.0-git6968-windows\addons\sourcemod\scripting\ÒankrunFixhealth.sp::IsTankRunActive
L 12/29/2025 - 18:53:57: [SM]   [2] Line 79, C:\Users\Moises\Downloads\Compressed\sourcemod-1.11.0-git6968-windows\addons\sourcemod\scripting\ÒankrunFixhealth.sp::Event_PlayerDeath
L 12/29/2025 - 18:53:58: [SM] Exception reported: Invalid convar handle 0 (error 4)
L 12/29/2025 - 18:53:58: [SM] Blaming: ÒankrunFixhealth.smx
L 12/29/2025 - 18:53:58: [SM] Call stack trace:
L 12/29/2025 - 18:53:58: [SM]   [0] GetConVarString
L 12/29/2025 - 18:53:58: [SM]   [1] Line 138, C:\Users\Moises\Downloads\Compressed\sourcemod-1.11.0-git6968-windows\addons\sourcemod\scripting\ÒankrunFixhealth.sp::IsTankRunActive
L 12/29/2025 - 18:53:58: [SM]   [2] Line 36, C:\Users\Moises\Downloads\Compressed\sourcemod-1.11.0-git6968-windows\addons\sourcemod\scripting\ÒankrunFixhealth.sp::Timer_PeriodicCheck
L 12/29/2025 - 18:54:03: [SM] Exception reported: Language phrase "Please wait to be revived or rescued" not found (arg 6)
L 12/29/2025 - 18:54:03: [SM] Blaming: l4dmultislots.smx
L 12/29/2025 - 18:54:03: [SM] Call stack trace:
L 12/29/2025 - 18:54:03: [SM]   [0] PrintToChat
L 12/29/2025 - 18:54:03: [SM]   [1] Line 953, d:\Github\Private-Work\L4D2-Êèí‰ª∂\scripting_1.11\l4dmultislots.sp::Timer_SpecCheck
L 12/29/2025 - 18:54:04: [SM] Exception reported: Invalid timer handle 2ae00442 (error 3)
L 12/29/2025 - 18:54:04: [SM] Blaming: l4d2_playerjoining_v2.smx
L 12/29/2025 - 18:54:04: [SM] Call stack trace:
L 12/29/2025 - 18:54:04: [SM]   [0] KillTimer
L 12/29/2025 - 18:54:04: [SM]   [1] Line 53, C:\Users\Moises\Downloads\Compressed\sourcemod-1.11.0-git6968-windows\addons\sourcemod\scripting\l4d2_playerjoining_v2.sp::OnClientDisconnect
L 12/29/2025 - 18:54:08: [SM] Exception reported: Invalid convar handle 0 (error 4)
L 12/29/2025 - 18:54:08: [SM] Blaming: ÒankrunFixhealth.smx
L 12/29/2025 - 18:54:08: [SM] Call stack trace:
L 12/29/2025 - 18:54:08: [SM]   [0] GetConVarString
L 12/29/2025 - 18:54:08: [SM]   [1] Line 138, C:\Users\Moises\Downloads\Compressed\sourcemod-1.11.0-git6968-windows\addons\sourcemod\scripting\ÒankrunFixhealth.sp::IsTankRunActive
L 12/29/2025 - 18:54:08: [SM]   [2] Line 36, C:\Users\Moises\Downloads\Compressed\sourcemod-1.11.0-git6968-windows\addons\sourcemod\scripting\ÒankrunFixhealth.sp::Timer_PeriodicCheck
L 12/29/2025 - 18:54:15: [SM] Exception reported: Invalid convar handle 0 (error 4)
L 12/29/2025 - 18:54:15: [SM] Blaming: ÒankrunFixhealth.smx
L 12/29/2025 - 18:54:15: [SM] Call stack trace:
L 12/29/2025 - 18:54:15: [SM]   [0] GetConVarString
L 12/29/2025 - 18:54:15: [SM]   [1] Line 138, C:\Users\Moises\Downloads\Compressed\sourcemod-1.11.0-git6968-windows\addons\sourcemod\scripting\ÒankrunFixhealth.sp::IsTankRunActive
L 12/29/2025 - 18:54:15: [SM]   [2] Line 79, C:\Users\Moises\Downloads\Compressed\sourcemod-1.11.0-git6968-windows\addons\sourcemod\scripting\ÒankrunFixhealth.sp::Event_PlayerDeath
L 12/29/2025 - 18:54:18: [SM] Exception reported: Invalid convar handle 0 (error 4)
L 12/29/2025 - 18:54:18: [SM] Blaming: ÒankrunFixhealth.smx
L 12/29/2025 - 18:54:18: [SM] Call stack trace:
L 12/29/2025 - 18:54:18: [SM]   [0] GetConVarString
L 12/29/2025 - 18:54:18: [SM]   [1] Line 138, C:\Users\Moises\Downloads\Compressed\sourcemod-1.11.0-git6968-windows\addons\sourcemod\scripting\ÒankrunFixhealth.sp::IsTankRunActive
L 12/29/2025 - 18:54:18: [SM]   [2] Line 36, C:\Users\Moises\Downloads\Compressed\sourcemod-1.11.0-git6968-windows\addons\sourcemod\scripting\ÒankrunFixhealth.sp::Timer_PeriodicCheck
L 12/29/2025 - 18:54:23: [SM] Exception reported: Invalid convar handle 0 (error 4)
L 12/29/2025 - 18:54:23: [SM] Blaming: ÒankrunFixhealth.smx
L 12/29/2025 - 18:54:23: [SM] Call stack trace:
L 12/29/2025 - 18:54:23: [SM]   [0] GetConVarString
L 12/29/2025 - 18:54:23: [SM]   [1] Line 138, C:\Users\Moises\Downloads\Compressed\sourcemod-1.11.0-git6968-windows\addons\sourcemod\scripting\ÒankrunFixhealth.sp::IsTankRunActive
L 12/29/2025 - 18:54:23: [SM]   [2] Line 79, C:\Users\Moises\Downloads\Compressed\sourcemod-1.11.0-git6968-windows\addons\sourcemod\scripting\ÒankrunFixhealth.sp::Event_PlayerDeath
L 12/29/2025 - 18:54:28: [SM] Exception reported: Invalid convar handle 0 (error 4)
L 12/29/2025 - 18:54:28: [SM] Blaming: ÒankrunFixhealth.smx
L 12/29/2025 - 18:54:28: [SM] Call stack trace:
L 12/29/2025 - 18:54:28: [SM]   [0] GetConVarString
L 12/29/2025 - 18:54:28: [SM]   [1] Line 138, C:\Users\Moises\Downloads\Compressed\sourcemod-1.11.0-git6968-windows\addons\sourcemod\scripting\ÒankrunFixhealth.sp::IsTankRunActive
L 12/29/2025 - 18:54:28: [SM]   [2] Line 79, C:\Users\Moises\Downloads\Compressed\sourcemod-1.11.0-git6968-windows\addons\sourcemod\scripting\ÒankrunFixhealth.sp::Event_PlayerDeath
L 12/29/2025 - 18:54:28: [SM] Exception reported: Language phrase "Please wait to be revived or rescued" not found (arg 6)
L 12/29/2025 - 18:54:28: [SM] Blaming: l4dmultislots.smx
L 12/29/2025 - 18:54:28: [SM] Call stack trace:
L 12/29/2025 - 18:54:28: [SM]   [0] PrintToChat
L 12/29/2025 - 18:54:28: [SM]   [1] Line 953, d:\Github\Private-Work\L4D2-Êèí‰ª∂\scripting_1.11\l4dmultislots.sp::Timer_SpecCheck
L 12/29/2025 - 18:54:28: [SM] Exception reported: Invalid convar handle 0 (error 4)
L 12/29/2025 - 18:54:28: [SM] Blaming: ÒankrunFixhealth.smx
L 12/29/2025 - 18:54:28: [SM] Call stack trace:
L 12/29/2025 - 18:54:28: [SM]   [0] GetConVarString
L 12/29/2025 - 18:54:28: [SM]   [1] Line 138, C:\Users\Moises\Downloads\Compressed\sourcemod-1.11.0-git6968-windows\addons\sourcemod\scripting\ÒankrunFixhealth.sp::IsTankRunActive
L 12/29/2025 - 18:54:28: [SM]   [2] Line 36, C:\Users\Moises\Downloads\Compressed\sourcemod-1.11.0-git6968-windows\addons\sourcemod\scripting\ÒankrunFixhealth.sp::Timer_PeriodicCheck
L 12/29/2025 - 18:54:29: [SM] Exception reported: Invalid convar handle 0 (error 4)
L 12/29/2025 - 18:54:29: [SM] Blaming: ÒankrunFixhealth.smx
L 12/29/2025 - 18:54:29: [SM] Call stack trace:
L 12/29/2025 - 18:54:29: [SM]   [0] GetConVarString
L 12/29/2025 - 18:54:29: [SM]   [1] Line 138, C:\Users\Moises\Downloads\Compressed\sourcemod-1.11.0-git6968-windows\addons\sourcemod\scripting\ÒankrunFixhealth.sp::IsTankRunActive
L 12/29/2025 - 18:54:29: [SM]   [2] Line 91, C:\Users\Moises\Downloads\Compressed\sourcemod-1.11.0-git6968-windows\addons\sourcemod\scripting\ÒankrunFixhealth.sp::Event_MissionLost
L 12/29/2025 - 18:54:36: [SM] Exception reported: Invalid convar handle 0 (error 4)
L 12/29/2025 - 18:54:36: [SM] Blaming: ÒankrunFixhealth.smx
L 12/29/2025 - 18:54:36: [SM] Call stack trace:
L 12/29/2025 - 18:54:36: [SM]   [0] GetConVarString
L 12/29/2025 - 18:54:36: [SM]   [1] Line 138, C:\Users\Moises\Downloads\Compressed\sourcemod-1.11.0-git6968-windows\addons\sourcemod\scripting\ÒankrunFixhealth.sp::IsTankRunActive
L 12/29/2025 - 18:54:36: [SM]   [2] Line 54, C:\Users\Moises\Downloads\Compressed\sourcemod-1.11.0-git6968-windows\addons\sourcemod\scripting\ÒankrunFixhealth.sp::Event_RoundStart
L 12/29/2025 - 18:54:36: [SM] Exception reported: Invalid timer handle 2ae00442 (error 1)
L 12/29/2025 - 18:54:36: [SM] Blaming: l4d2_playerjoining_v2.smx
L 12/29/2025 - 18:54:36: [SM] Call stack trace:
L 12/29/2025 - 18:54:36: [SM]   [0] KillTimer
L 12/29/2025 - 18:54:36: [SM]   [1] Line 53, C:\Users\Moises\Downloads\Compressed\sourcemod-1.11.0-git6968-windows\addons\sourcemod\scripting\l4d2_playerjoining_v2.sp::OnClientDisconnect
L 12/29/2025 - 18:54:36: [SM] Exception reported: Invalid timer handle 77d0044a (error 1)
L 12/29/2025 - 18:54:36: [SM] Blaming: l4d2_playerjoining_v2.smx
L 12/29/2025 - 18:54:36: [SM] Call stack trace:
L 12/29/2025 - 18:54:36: [SM]   [0] KillTimer
L 12/29/2025 - 18:54:36: [SM]   [1] Line 53, C:\Users\Moises\Downloads\Compressed\sourcemod-1.11.0-git6968-windows\addons\sourcemod\scripting\l4d2_playerjoining_v2.sp::OnClientDisconnect
L 12/29/2025 - 18:54:36: [SM] Exception reported: Invalid timer handle f8000442 (error 1)
L 12/29/2025 - 18:54:36: [SM] Blaming: l4d2_playerjoining_v2.smx
L 12/29/2025 - 18:54:36: [SM] Call stack trace:
L 12/29/2025 - 18:54:36: [SM]   [0] KillTimer
L 12/29/2025 - 18:54:36: [SM]   [1] Line 53, C:\Users\Moises\Downloads\Compressed\sourcemod-1.11.0-git6968-windows\addons\sourcemod\scripting\l4d2_playerjoining_v2.sp::OnClientDisconnect
L 12/29/2025 - 18:54:38: [SM] Exception reported: Invalid convar handle 0 (error 4)
L 12/29/2025 - 18:54:38: [SM] Blaming: ÒankrunFixhealth.smx
L 12/29/2025 - 18:54:38: [SM] Call stack trace:
L 12/29/2025 - 18:54:38: [SM]   [0] GetConVarString
L 12/29/2025 - 18:54:38: [SM]   [1] Line 138, C:\Users\Moises\Downloads\Compressed\sourcemod-1.11.0-git6968-windows\addons\sourcemod\scripting\ÒankrunFixhealth.sp::IsTankRunActive
L 12/29/2025 - 18:54:38: [SM]   [2] Line 36, C:\Users\Moises\Downloads\Compressed\sourcemod-1.11.0-git6968-windows\addons\sourcemod\scripting\ÒankrunFixhealth.sp::Timer_PeriodicCheck
L 12/29/2025 - 18:54:48: [SM] Exception reported: Invalid convar handle 0 (error 4)
L 12/29/2025 - 18:54:48: [SM] Blaming: ÒankrunFixhealth.smx
L 12/29/2025 - 18:54:48: [SM] Call stack trace:
L 12/29/2025 - 18:54:48: [SM]   [0] GetConVarString
L 12/29/2025 - 18:54:48: [SM]   [1] Line 138, C:\Users\Moises\Downloads\Compressed\sourcemod-1.11.0-git6968-windows\addons\sourcemod\scripting\ÒankrunFixhealth.sp::IsTankRunActive
L 12/29/2025 - 18:54:48: [SM]   [2] Line 36, C:\Users\Moises\Downloads\Compressed\sourcemod-1.11.0-git6968-windows\addons\sourcemod\scripting\ÒankrunFixhealth.sp::Timer_PeriodicCheck
L 12/29/2025 - 18:54:58: [SM] Exception reported: Invalid convar handle 0 (error 4)
L 12/29/2025 - 18:54:58: [SM] Blaming: ÒankrunFixhealth.smx
L 12/29/2025 - 18:54:58: [SM] Call stack trace:
L 12/29/2025 - 18:54:58: [SM]   [0] GetConVarString
L 12/29/2025 - 18:54:58: [SM]   [1] Line 138, C:\Users\Moises\Downloads\Compressed\sourcemod-1.11.0-git6968-windows\addons\sourcemod\scripting\ÒankrunFixhealth.sp::IsTankRunActive
L 12/29/2025 - 18:54:58: [SM]   [2] Line 36, C:\Users\Moises\Downloads\Compressed\sourcemod-1.11.0-git6968-windows\addons\sourcemod\scripting\ÒankrunFixhealth.sp::Timer_PeriodicCheck
L 12/29/2025 - 18:55:08: [SM] Exception reported: Invalid convar handle 0 (error 4)
L 12/29/2025 - 18:55:08: [SM] Blaming: ÒankrunFixhealth.smx
L 12/29/2025 - 18:55:08: [SM] Call stack trace:
L 12/29/2025 - 18:55:08: [SM]   [0] GetConVarString
L 12/29/2025 - 18:55:08: [SM]   [1] Line 138, C:\Users\Moises\Downloads\Compressed\sourcemod-1.11.0-git6968-windows\addons\sourcemod\scripting\ÒankrunFixhealth.sp::IsTankRunActive
L 12/29/2025 - 18:55:08: [SM]   [2] Line 36, C:\Users\Moises\Downloads\Compressed\sourcemod-1.11.0-git6968-windows\addons\sourcemod\scripting\ÒankrunFixhealth.sp::Timer_PeriodicCheck
L 12/29/2025 - 18:55:18: [SM] Exception reported: Invalid convar handle 0 (error 4)
L 12/29/2025 - 18:55:18: [SM] Blaming: ÒankrunFixhealth.smx
L 12/29/2025 - 18:55:18: [SM] Call stack trace:
L 12/29/2025 - 18:55:18: [SM]   [0] GetConVarString
L 12/29/2025 - 18:55:18: [SM]   [1] Line 138, C:\Users\Moises\Downloads\Compressed\sourcemod-1.11.0-git6968-windows\addons\sourcemod\scripting\ÒankrunFixhealth.sp::IsTankRunActive
L 12/29/2025 - 18:55:18: [SM]   [2] Line 36, C:\Users\Moises\Downloads\Compressed\sourcemod-1.11.0-git6968-windows\addons\sourcemod\scripting\ÒankrunFixhealth.sp::Timer_PeriodicCheck
L 12/29/2025 - 18:55:24: [SM] Exception reported: Invalid convar handle 0 (error 4)
L 12/29/2025 - 18:55:24: [SM] Blaming: ÒankrunFixhealth.smx
L 12/29/2025 - 18:55:24: [SM] Call stack trace:
L 12/29/2025 - 18:55:24: [SM]   [0] GetConVarString
L 12/29/2025 - 18:55:24: [SM]   [1] Line 138, C:\Users\Moises\Downloads\Compressed\sourcemod-1.11.0-git6968-windows\addons\sourcemod\scripting\ÒankrunFixhealth.sp::IsTankRunActive
L 12/29/2025 - 18:55:24: [SM]   [2] Line 79, C:\Users\Moises\Downloads\Compressed\sourcemod-1.11.0-git6968-windows\addons\sourcemod\scripting\ÒankrunFixhealth.sp::Event_PlayerDeath
L 12/29/2025 - 18:55:28: [SM] Exception reported: Invalid convar handle 0 (error 4)
L 12/29/2025 - 18:55:28: [SM] Blaming: ÒankrunFixhealth.smx
L 12/29/2025 - 18:55:28: [SM] Call stack trace:
L 12/29/2025 - 18:55:28: [SM]   [0] GetConVarString
L 12/29/2025 - 18:55:28: [SM]   [1] Line 138, C:\Users\Moises\Downloads\Compressed\sourcemod-1.11.0-git6968-windows\addons\sourcemod\scripting\ÒankrunFixhealth.sp::IsTankRunActive
L 12/29/2025 - 18:55:28: [SM]   [2] Line 36, C:\Users\Moises\Downloads\Compressed\sourcemod-1.11.0-git6968-windows\addons\sourcemod\scripting\ÒankrunFixhealth.sp::Timer_PeriodicCheck
L 12/29/2025 - 18:55:31: [SM] Exception reported: Invalid timer handle 2ae00442 (error 3)
L 12/29/2025 - 18:55:31: [SM] Blaming: l4d2_playerjoining_v2.smx
L 12/29/2025 - 18:55:31: [SM] Call stack trace:
L 12/29/2025 - 18:55:31: [SM]   [0] KillTimer
L 12/29/2025 - 18:55:31: [SM]   [1] Line 53, C:\Users\Moises\Downloads\Compressed\sourcemod-1.11.0-git6968-windows\addons\sourcemod\scripting\l4d2_playerjoining_v2.sp::OnClientDisconnect
L 12/29/2025 - 18:55:38: [SM] Exception reported: Invalid convar handle 0 (error 4)
L 12/29/2025 - 18:55:38: [SM] Blaming: ÒankrunFixhealth.smx
L 12/29/2025 - 18:55:38: [SM] Call stack trace:
L 12/29/2025 - 18:55:38: [SM]   [0] GetConVarString
L 12/29/2025 - 18:55:38: [SM]   [1] Line 138, C:\Users\Moises\Downloads\Compressed\sourcemod-1.11.0-git6968-windows\addons\sourcemod\scripting\ÒankrunFixhealth.sp::IsTankRunActive
L 12/29/2025 - 18:55:38: [SM]   [2] Line 36, C:\Users\Moises\Downloads\Compressed\sourcemod-1.11.0-git6968-windows\addons\sourcemod\scripting\ÒankrunFixhealth.sp::Timer_PeriodicCheck
L 12/29/2025 - 18:55:48: [SM] Exception reported: Invalid convar handle 0 (error 4)
L 12/29/2025 - 18:55:48: [SM] Blaming: ÒankrunFixhealth.smx
L 12/29/2025 - 18:55:48: [SM] Call stack trace:
L 12/29/2025 - 18:55:48: [SM]   [0] GetConVarString
L 12/29/2025 - 18:55:48: [SM]   [1] Line 138, C:\Users\Moises\Downloads\Compressed\sourcemod-1.11.0-git6968-windows\addons\sourcemod\scripting\ÒankrunFixhealth.sp::IsTankRunActive
L 12/29/2025 - 18:55:48: [SM]   [2] Line 36, C:\Users\Moises\Downloads\Compressed\sourcemod-1.11.0-git6968-windows\addons\sourcemod\scripting\ÒankrunFixhealth.sp::Timer_PeriodicCheck
L 12/29/2025 - 18:55:58: [SM] Exception reported: Invalid convar handle 0 (error 4)
L 12/29/2025 - 18:55:58: [SM] Blaming: ÒankrunFixhealth.smx
L 12/29/2025 - 18:55:58: [SM] Call stack trace:
L 12/29/2025 - 18:55:58: [SM]   [0] GetConVarString
L 12/29/2025 - 18:55:58: [SM]   [1] Line 138, C:\Users\Moises\Downloads\Compressed\sourcemod-1.11.0-git6968-windows\addons\sourcemod\scripting\ÒankrunFixhealth.sp::IsTankRunActive
L 12/29/2025 - 18:55:58: [SM]   [2] Line 36, C:\Users\Moises\Downloads\Compressed\sourcemod-1.11.0-git6968-windows\addons\sourcemod\scripting\ÒankrunFixhealth.sp::Timer_PeriodicCheck
L 12/29/2025 - 18:56:08: [SM] Exception reported: Invalid convar handle 0 (error 4)
L 12/29/2025 - 18:56:08: [SM] Blaming: ÒankrunFixhealth.smx
L 12/29/2025 - 18:56:08: [SM] Call stack trace:
L 12/29/2025 - 18:56:08: [SM]   [0] GetConVarString
L 12/29/2025 - 18:56:08: [SM]   [1] Line 138, C:\Users\Moises\Downloads\Compressed\sourcemod-1.11.0-git6968-windows\addons\sourcemod\scripting\ÒankrunFixhealth.sp::IsTankRunActive
L 12/29/2025 - 18:56:08: [SM]   [2] Line 36, C:\Users\Moises\Downloads\Compressed\sourcemod-1.11.0-git6968-windows\addons\sourcemod\scripting\ÒankrunFixhealth.sp::Timer_PeriodicCheck
L 12/29/2025 - 18:56:14: [SM] Exception reported: Invalid convar handle 0 (error 4)
L 12/29/2025 - 18:56:14: [SM] Blaming: ÒankrunFixhealth.smx
L 12/29/2025 - 18:56:14: [SM] Call stack trace:
L 12/29/2025 - 18:56:14: [SM]   [0] GetConVarString
L 12/29/2025 - 18:56:14: [SM]   [1] Line 138, C:\Users\Moises\Downloads\Compressed\sourcemod-1.11.0-git6968-windows\addons\sourcemod\scripting\ÒankrunFixhealth.sp::IsTankRunActive
L 12/29/2025 - 18:56:14: [SM]   [2] Line 79, C:\Users\Moises\Downloads\Compressed\sourcemod-1.11.0-git6968-windows\addons\sourcemod\scripting\ÒankrunFixhealth.sp::Event_PlayerDeath
L 12/29/2025 - 18:56:18: [SM] Exception reported: Invalid convar handle 0 (error 4)
L 12/29/2025 - 18:56:18: [SM] Blaming: ÒankrunFixhealth.smx
L 12/29/2025 - 18:56:18: [SM] Call stack trace:
L 12/29/2025 - 18:56:18: [SM]   [0] GetConVarString
L 12/29/2025 - 18:56:18: [SM]   [1] Line 138, C:\Users\Moises\Downloads\Compressed\sourcemod-1.11.0-git6968-windows\addons\sourcemod\scripting\ÒankrunFixhealth.sp::IsTankRunActive
L 12/29/2025 - 18:56:18: [SM]   [2] Line 36, C:\Users\Moises\Downloads\Compressed\sourcemod-1.11.0-git6968-windows\addons\sourcemod\scripting\ÒankrunFixhealth.sp::Timer_PeriodicCheck
L 12/29/2025 - 18:56:21: [SM] Exception reported: Invalid timer handle f8000442 (error 3)
L 12/29/2025 - 18:56:21: [SM] Blaming: l4d2_playerjoining_v2.smx
L 12/29/2025 - 18:56:21: [SM] Call stack trace:
L 12/29/2025 - 18:56:21: [SM]   [0] KillTimer
L 12/29/2025 - 18:56:21: [SM]   [1] Line 53, C:\Users\Moises\Downloads\Compressed\sourcemod-1.11.0-git6968-windows\addons\sourcemod\scripting\l4d2_playerjoining_v2.sp::OnClientDisconnect
L 12/29/2025 - 18:56:28: [SM] Exception reported: Invalid convar handle 0 (error 4)
L 12/29/2025 - 18:56:28: [SM] Blaming: ÒankrunFixhealth.smx
L 12/29/2025 - 18:56:28: [SM] Call stack trace:
L 12/29/2025 - 18:56:28: [SM]   [0] GetConVarString
L 12/29/2025 - 18:56:28: [SM]   [1] Line 138, C:\Users\Moises\Downloads\Compressed\sourcemod-1.11.0-git6968-windows\addons\sourcemod\scripting\ÒankrunFixhealth.sp::IsTankRunActive
L 12/29/2025 - 18:56:28: [SM]   [2] Line 36, C:\Users\Moises\Downloads\Compressed\sourcemod-1.11.0-git6968-windows\addons\sourcemod\scripting\ÒankrunFixhealth.sp::Timer_PeriodicCheck
L 12/29/2025 - 18:56:38: [SM] Exception reported: Invalid convar handle 0 (error 4)
L 12/29/2025 - 18:56:38: [SM] Blaming: ÒankrunFixhealth.smx
L 12/29/2025 - 18:56:38: [SM] Call stack trace:
L 12/29/2025 - 18:56:38: [SM]   [0] GetConVarString
L 12/29/2025 - 18:56:38: [SM]   [1] Line 138, C:\Users\Moises\Downloads\Compressed\sourcemod-1.11.0-git6968-windows\addons\sourcemod\scripting\ÒankrunFixhealth.sp::IsTankRunActive
L 12/29/2025 - 18:56:38: [SM]   [2] Line 36, C:\Users\Moises\Downloads\Compressed\sourcemod-1.11.0-git6968-windows\addons\sourcemod\scripting\ÒankrunFixhealth.sp::Timer_PeriodicCheck
L 12/29/2025 - 18:56:43: [SM] Exception reported: Invalid convar handle 0 (error 4)
L 12/29/2025 - 18:56:43: [SM] Blaming: ÒankrunFixhealth.smx
L 12/29/2025 - 18:56:43: [SM] Call stack trace:
L 12/29/2025 - 18:56:43: [SM]   [0] GetConVarString
L 12/29/2025 - 18:56:43: [SM]   [1] Line 138, C:\Users\Moises\Downloads\Compressed\sourcemod-1.11.0-git6968-windows\addons\sourcemod\scripting\ÒankrunFixhealth.sp::IsTankRunActive
L 12/29/2025 - 18:56:43: [SM]   [2] Line 79, C:\Users\Moises\Downloads\Compressed\sourcemod-1.11.0-git6968-windows\addons\sourcemod\scripting\ÒankrunFixhealth.sp::Event_PlayerDeath
L 12/29/2025 - 18:56:48: [SM] Exception reported: Invalid convar handle 0 (error 4)
L 12/29/2025 - 18:56:48: [SM] Blaming: ÒankrunFixhealth.smx
L 12/29/2025 - 18:56:48: [SM] Call stack trace:
L 12/29/2025 - 18:56:48: [SM]   [0] GetConVarString
L 12/29/2025 - 18:56:48: [SM]   [1] Line 138, C:\Users\Moises\Downloads\Compressed\sourcemod-1.11.0-git6968-windows\addons\sourcemod\scripting\ÒankrunFixhealth.sp::IsTankRunActive
L 12/29/2025 - 18:56:48: [SM]   [2] Line 36, C:\Users\Moises\Downloads\Compressed\sourcemod-1.11.0-git6968-windows\addons\sourcemod\scripting\ÒankrunFixhealth.sp::Timer_PeriodicCheck
L 12/29/2025 - 18:56:58: [SM] Exception reported: Invalid convar handle 0 (error 4)
L 12/29/2025 - 18:56:58: [SM] Blaming: ÒankrunFixhealth.smx
L 12/29/2025 - 18:56:58: [SM] Call stack trace:
L 12/29/2025 - 18:56:58: [SM]   [0] GetConVarString
L 12/29/2025 - 18:56:58: [SM]   [1] Line 138, C:\Users\Moises\Downloads\Compressed\sourcemod-1.11.0-git6968-windows\addons\sourcemod\scripting\ÒankrunFixhealth.sp::IsTankRunActive
L 12/29/2025 - 18:56:58: [SM]   [2] Line 36, C:\Users\Moises\Downloads\Compressed\sourcemod-1.11.0-git6968-windows\addons\sourcemod\scripting\ÒankrunFixhealth.sp::Timer_PeriodicCheck
L 12/29/2025 - 18:57:08: [SM] Exception reported: Invalid convar handle 0 (error 4)
L 12/29/2025 - 18:57:08: [SM] Blaming: ÒankrunFixhealth.smx
L 12/29/2025 - 18:57:08: [SM] Call stack trace:
L 12/29/2025 - 18:57:08: [SM]   [0] GetConVarString
L 12/29/2025 - 18:57:08: [SM]   [1] Line 138, C:\Users\Moises\Downloads\Compressed\sourcemod-1.11.0-git6968-windows\addons\sourcemod\scripting\ÒankrunFixhealth.sp::IsTankRunActive
L 12/29/2025 - 18:57:08: [SM]   [2] Line 36, C:\Users\Moises\Downloads\Compressed\sourcemod-1.11.0-git6968-windows\addons\sourcemod\scripting\ÒankrunFixhealth.sp::Timer_PeriodicCheck
L 12/29/2025 - 18:57:15: [SM] Exception reported: Invalid convar handle 0 (error 4)
L 12/29/2025 - 18:57:15: [SM] Blaming: ÒankrunFixhealth.smx
L 12/29/2025 - 18:57:15: [SM] Call stack trace:
L 12/29/2025 - 18:57:15: [SM]   [0] GetConVarString
L 12/29/2025 - 18:57:15: [SM]   [1] Line 138, C:\Users\Moises\Downloads\Compressed\sourcemod-1.11.0-git6968-windows\addons\sourcemod\scripting\ÒankrunFixhealth.sp::IsTankRunActive
L 12/29/2025 - 18:57:15: [SM]   [2] Line 79, C:\Users\Moises\Downloads\Compressed\sourcemod-1.11.0-git6968-windows\addons\sourcemod\scripting\ÒankrunFixhealth.sp::Event_PlayerDeath
L 12/29/2025 - 18:57:18: [SM] Exception reported: Invalid convar handle 0 (error 4)
L 12/29/2025 - 18:57:18: [SM] Blaming: ÒankrunFixhealth.smx
L 12/29/2025 - 18:57:18: [SM] Call stack trace:
L 12/29/2025 - 18:57:18: [SM]   [0] GetConVarString
L 12/29/2025 - 18:57:18: [SM]   [1] Line 138, C:\Users\Moises\Downloads\Compressed\sourcemod-1.11.0-git6968-windows\addons\sourcemod\scripting\ÒankrunFixhealth.sp::IsTankRunActive
L 12/29/2025 - 18:57:18: [SM]   [2] Line 79, C:\Users\Moises\Downloads\Compressed\sourcemod-1.11.0-git6968-windows\addons\sourcemod\scripting\ÒankrunFixhealth.sp::Event_PlayerDeath
L 12/29/2025 - 18:57:18: [SM] Exception reported: Invalid convar handle 0 (error 4)
L 12/29/2025 - 18:57:18: [SM] Blaming: ÒankrunFixhealth.smx
L 12/29/2025 - 18:57:18: [SM] Call stack trace:
L 12/29/2025 - 18:57:18: [SM]   [0] GetConVarString
L 12/29/2025 - 18:57:18: [SM]   [1] Line 138, C:\Users\Moises\Downloads\Compressed\sourcemod-1.11.0-git6968-windows\addons\sourcemod\scripting\ÒankrunFixhealth.sp::IsTankRunActive
L 12/29/2025 - 18:57:18: [SM]   [2] Line 36, C:\Users\Moises\Downloads\Compressed\sourcemod-1.11.0-git6968-windows\addons\sourcemod\scripting\ÒankrunFixhealth.sp::Timer_PeriodicCheck
L 12/29/2025 - 18:57:25: [SM] Exception reported: Invalid timer handle f8000442 (error 1)
L 12/29/2025 - 18:57:25: [SM] Blaming: l4d2_playerjoining_v2.smx
L 12/29/2025 - 18:57:25: [SM] Call stack trace:
L 12/29/2025 - 18:57:25: [SM]   [0] KillTimer
L 12/29/2025 - 18:57:25: [SM]   [1] Line 53, C:\Users\Moises\Downloads\Compressed\sourcemod-1.11.0-git6968-windows\addons\sourcemod\scripting\l4d2_playerjoining_v2.sp::OnClientDisconnect
L 12/29/2025 - 18:57:28: [SM] Exception reported: Invalid convar handle 0 (error 4)
L 12/29/2025 - 18:57:28: [SM] Blaming: ÒankrunFixhealth.smx
L 12/29/2025 - 18:57:28: [SM] Call stack trace:
L 12/29/2025 - 18:57:28: [SM]   [0] GetConVarString
L 12/29/2025 - 18:57:28: [SM]   [1] Line 138, C:\Users\Moises\Downloads\Compressed\sourcemod-1.11.0-git6968-windows\addons\sourcemod\scripting\ÒankrunFixhealth.sp::IsTankRunActive
L 12/29/2025 - 18:57:28: [SM]   [2] Line 36, C:\Users\Moises\Downloads\Compressed\sourcemod-1.11.0-git6968-windows\addons\sourcemod\scripting\ÒankrunFixhealth.sp::Timer_PeriodicCheck
L 12/29/2025 - 18:57:31: [SM] Exception reported: Language phrase "Please wait to be revived or rescued" not found (arg 6)
L 12/29/2025 - 18:57:31: [SM] Blaming: l4dmultislots.smx
L 12/29/2025 - 18:57:31: [SM] Call stack trace:
L 12/29/2025 - 18:57:31: [SM]   [0] PrintToChat
L 12/29/2025 - 18:57:31: [SM]   [1] Line 953, d:\Github\Private-Work\L4D2-Êèí‰ª∂\scripting_1.11\l4dmultislots.sp::Timer_SpecCheck
L 12/29/2025 - 18:57:33: [SM] Exception reported: Invalid convar handle 0 (error 4)
L 12/29/2025 - 18:57:33: [SM] Blaming: ÒankrunFixhealth.smx
L 12/29/2025 - 18:57:33: [SM] Call stack trace:
L 12/29/2025 - 18:57:33: [SM]   [0] GetConVarString
L 12/29/2025 - 18:57:33: [SM]   [1] Line 138, C:\Users\Moises\Downloads\Compressed\sourcemod-1.11.0-git6968-windows\addons\sourcemod\scripting\ÒankrunFixhealth.sp::IsTankRunActive
L 12/29/2025 - 18:57:33: [SM]   [2] Line 79, C:\Users\Moises\Downloads\Compressed\sourcemod-1.11.0-git6968-windows\addons\sourcemod\scripting\ÒankrunFixhealth.sp::Event_PlayerDeath
L 12/29/2025 - 18:57:38: [SM] Exception reported: Invalid convar handle 0 (error 4)
L 12/29/2025 - 18:57:38: [SM] Blaming: ÒankrunFixhealth.smx
L 12/29/2025 - 18:57:38: [SM] Call stack trace:
L 12/29/2025 - 18:57:38: [SM]   [0] GetConVarString
L 12/29/2025 - 18:57:38: [SM]   [1] Line 138, C:\Users\Moises\Downloads\Compressed\sourcemod-1.11.0-git6968-windows\addons\sourcemod\scripting\ÒankrunFixhealth.sp::IsTankRunActive
L 12/29/2025 - 18:57:38: [SM]   [2] Line 36, C:\Users\Moises\Downloads\Compressed\sourcemod-1.11.0-git6968-windows\addons\sourcemod\scripting\ÒankrunFixhealth.sp::Timer_PeriodicCheck
L 12/29/2025 - 18:57:40: [SM] Exception reported: Invalid timer handle 77d0044a (error 3)
L 12/29/2025 - 18:57:40: [SM] Blaming: l4d2_playerjoining_v2.smx
L 12/29/2025 - 18:57:40: [SM] Call stack trace:
L 12/29/2025 - 18:57:40: [SM]   [0] KillTimer
L 12/29/2025 - 18:57:40: [SM]   [1] Line 53, C:\Users\Moises\Downloads\Compressed\sourcemod-1.11.0-git6968-windows\addons\sourcemod\scripting\l4d2_playerjoining_v2.sp::OnClientDisconnect
L 12/29/2025 - 18:57:44: [SM] Exception reported: Invalid convar handle 0 (error 4)
L 12/29/2025 - 18:57:44: [SM] Blaming: ÒankrunFixhealth.smx
L 12/29/2025 - 18:57:44: [SM] Call stack trace:
L 12/29/2025 - 18:57:44: [SM]   [0] GetConVarString
L 12/29/2025 - 18:57:44: [SM]   [1] Line 138, C:\Users\Moises\Downloads\Compressed\sourcemod-1.11.0-git6968-windows\addons\sourcemod\scripting\ÒankrunFixhealth.sp::IsTankRunActive
L 12/29/2025 - 18:57:44: [SM]   [2] Line 79, C:\Users\Moises\Downloads\Compressed\sourcemod-1.11.0-git6968-windows\addons\sourcemod\scripting\ÒankrunFixhealth.sp::Event_PlayerDeath
L 12/29/2025 - 18:57:47: [SM] Exception reported: Invalid convar handle 0 (error 4)
L 12/29/2025 - 18:57:47: [SM] Blaming: ÒankrunFixhealth.smx
L 12/29/2025 - 18:57:47: [SM] Call stack trace:
L 12/29/2025 - 18:57:47: [SM]   [0] GetConVarString
L 12/29/2025 - 18:57:47: [SM]   [1] Line 138, C:\Users\Moises\Downloads\Compressed\sourcemod-1.11.0-git6968-windows\addons\sourcemod\scripting\ÒankrunFixhealth.sp::IsTankRunActive
L 12/29/2025 - 18:57:47: [SM]   [2] Line 79, C:\Users\Moises\Downloads\Compressed\sourcemod-1.11.0-git6968-windows\addons\sourcemod\scripting\ÒankrunFixhealth.sp::Event_PlayerDeath
L 12/29/2025 - 18:57:48: [SM] Exception reported: Invalid convar handle 0 (error 4)
L 12/29/2025 - 18:57:48: [SM] Blaming: ÒankrunFixhealth.smx
L 12/29/2025 - 18:57:48: [SM] Call stack trace:
L 12/29/2025 - 18:57:48: [SM]   [0] GetConVarString
L 12/29/2025 - 18:57:48: [SM]   [1] Line 138, C:\Users\Moises\Downloads\Compressed\sourcemod-1.11.0-git6968-windows\addons\sourcemod\scripting\ÒankrunFixhealth.sp::IsTankRunActive
L 12/29/2025 - 18:57:48: [SM]   [2] Line 36, C:\Users\Moises\Downloads\Compressed\sourcemod-1.11.0-git6968-windows\addons\sourcemod\scripting\ÒankrunFixhealth.sp::Timer_PeriodicCheck
L 12/29/2025 - 18:57:56: [SM] Exception reported: Language phrase "Please wait to be revived or rescued" not found (arg 6)
L 12/29/2025 - 18:57:56: [SM] Blaming: l4dmultislots.smx
L 12/29/2025 - 18:57:56: [SM] Call stack trace:
L 12/29/2025 - 18:57:56: [SM]   [0] PrintToChat
L 12/29/2025 - 18:57:56: [SM]   [1] Line 953, d:\Github\Private-Work\L4D2-Êèí‰ª∂\scripting_1.11\l4dmultislots.sp::Timer_SpecCheck
L 12/29/2025 - 18:57:58: [SM] Exception reported: Invalid convar handle 0 (error 4)
L 12/29/2025 - 18:57:58: [SM] Blaming: ÒankrunFixhealth.smx
L 12/29/2025 - 18:57:58: [SM] Call stack trace:
L 12/29/2025 - 18:57:58: [SM]   [0] GetConVarString
L 12/29/2025 - 18:57:58: [SM]   [1] Line 138, C:\Users\Moises\Downloads\Compressed\sourcemod-1.11.0-git6968-windows\addons\sourcemod\scripting\ÒankrunFixhealth.sp::IsTankRunActive
L 12/29/2025 - 18:57:58: [SM]   [2] Line 36, C:\Users\Moises\Downloads\Compressed\sourcemod-1.11.0-git6968-windows\addons\sourcemod\scripting\ÒankrunFixhealth.sp::Timer_PeriodicCheck
L 12/29/2025 - 18:58:06: [SM] Exception reported: Invalid timer handle 77d0044a (error 3)
L 12/29/2025 - 18:58:06: [SM] Blaming: l4d2_playerjoining_v2.smx
L 12/29/2025 - 18:58:06: [SM] Call stack trace:
L 12/29/2025 - 18:58:06: [SM]   [0] KillTimer
L 12/29/2025 - 18:58:06: [SM]   [1] Line 53, C:\Users\Moises\Downloads\Compressed\sourcemod-1.11.0-git6968-windows\addons\sourcemod\scripting\l4d2_playerjoining_v2.sp::OnClientDisconnect
L 12/29/2025 - 18:58:08: [SM] Exception reported: Invalid convar handle 0 (error 4)
L 12/29/2025 - 18:58:08: [SM] Blaming: ÒankrunFixhealth.smx
L 12/29/2025 - 18:58:08: [SM] Call stack trace:
L 12/29/2025 - 18:58:08: [SM]   [0] GetConVarString
L 12/29/2025 - 18:58:08: [SM]   [1] Line 138, C:\Users\Moises\Downloads\Compressed\sourcemod-1.11.0-git6968-windows\addons\sourcemod\scripting\ÒankrunFixhealth.sp::IsTankRunActive
L 12/29/2025 - 18:58:08: [SM]   [2] Line 36, C:\Users\Moises\Downloads\Compressed\sourcemod-1.11.0-git6968-windows\addons\sourcemod\scripting\ÒankrunFixhealth.sp::Timer_PeriodicCheck
L 12/29/2025 - 18:58:09: [SM] Exception reported: Invalid convar handle 0 (error 4)
L 12/29/2025 - 18:58:09: [SM] Blaming: ÒankrunFixhealth.smx
L 12/29/2025 - 18:58:09: [SM] Call stack trace:
L 12/29/2025 - 18:58:09: [SM]   [0] GetConVarString
L 12/29/2025 - 18:58:09: [SM]   [1] Line 138, C:\Users\Moises\Downloads\Compressed\sourcemod-1.11.0-git6968-windows\addons\sourcemod\scripting\ÒankrunFixhealth.sp::IsTankRunActive
L 12/29/2025 - 18:58:09: [SM]   [2] Line 79, C:\Users\Moises\Downloads\Compressed\sourcemod-1.11.0-git6968-windows\addons\sourcemod\scripting\ÒankrunFixhealth.sp::Event_PlayerDeath
L 12/29/2025 - 18:58:18: [SM] Exception reported: Invalid convar handle 0 (error 4)
L 12/29/2025 - 18:58:18: [SM] Blaming: ÒankrunFixhealth.smx
L 12/29/2025 - 18:58:18: [SM] Call stack trace:
L 12/29/2025 - 18:58:18: [SM]   [0] GetConVarString
L 12/29/2025 - 18:58:18: [SM]   [1] Line 138, C:\Users\Moises\Downloads\Compressed\sourcemod-1.11.0-git6968-windows\addons\sourcemod\scripting\ÒankrunFixhealth.sp::IsTankRunActive
L 12/29/2025 - 18:58:18: [SM]   [2] Line 36, C:\Users\Moises\Downloads\Compressed\sourcemod-1.11.0-git6968-windows\addons\sourcemod\scripting\ÒankrunFixhealth.sp::Timer_PeriodicCheck
L 12/29/2025 - 18:58:21: [SM] Exception reported: Language phrase "Please wait to be revived or rescued" not found (arg 6)
L 12/29/2025 - 18:58:21: [SM] Blaming: l4dmultislots.smx
L 12/29/2025 - 18:58:21: [SM] Call stack trace:
L 12/29/2025 - 18:58:21: [SM]   [0] PrintToChat
L 12/29/2025 - 18:58:21: [SM]   [1] Line 953, d:\Github\Private-Work\L4D2-Êèí‰ª∂\scripting_1.11\l4dmultislots.sp::Timer_SpecCheck
L 12/29/2025 - 18:58:28: [SM] Exception reported: Invalid convar handle 0 (error 4)
L 12/29/2025 - 18:58:28: [SM] Blaming: ÒankrunFixhealth.smx
L 12/29/2025 - 18:58:28: [SM] Call stack trace:
L 12/29/2025 - 18:58:28: [SM]   [0] GetConVarString
L 12/29/2025 - 18:58:28: [SM]   [1] Line 138, C:\Users\Moises\Downloads\Compressed\sourcemod-1.11.0-git6968-windows\addons\sourcemod\scripting\ÒankrunFixhealth.sp::IsTankRunActive
L 12/29/2025 - 18:58:28: [SM]   [2] Line 36, C:\Users\Moises\Downloads\Compressed\sourcemod-1.11.0-git6968-windows\addons\sourcemod\scripting\ÒankrunFixhealth.sp::Timer_PeriodicCheck
L 12/29/2025 - 18:58:38: [SM] Exception reported: Invalid convar handle 0 (error 4)
L 12/29/2025 - 18:58:38: [SM] Blaming: ÒankrunFixhealth.smx
L 12/29/2025 - 18:58:38: [SM] Call stack trace:
L 12/29/2025 - 18:58:38: [SM]   [0] GetConVarString
L 12/29/2025 - 18:58:38: [SM]   [1] Line 138, C:\Users\Moises\Downloads\Compressed\sourcemod-1.11.0-git6968-windows\addons\sourcemod\scripting\ÒankrunFixhealth.sp::IsTankRunActive
L 12/29/2025 - 18:58:38: [SM]   [2] Line 36, C:\Users\Moises\Downloads\Compressed\sourcemod-1.11.0-git6968-windows\addons\sourcemod\scripting\ÒankrunFixhealth.sp::Timer_PeriodicCheck
L 12/29/2025 - 18:58:42: [SM] Exception reported: Invalid convar handle 0 (error 4)
L 12/29/2025 - 18:58:42: [SM] Blaming: ÒankrunFixhealth.smx
L 12/29/2025 - 18:58:42: [SM] Call stack trace:
L 12/29/2025 - 18:58:42: [SM]   [0] GetConVarString
L 12/29/2025 - 18:58:42: [SM]   [1] Line 138, C:\Users\Moises\Downloads\Compressed\sourcemod-1.11.0-git6968-windows\addons\sourcemod\scripting\ÒankrunFixhealth.sp::IsTankRunActive
L 12/29/2025 - 18:58:42: [SM]   [2] Line 79, C:\Users\Moises\Downloads\Compressed\sourcemod-1.11.0-git6968-windows\addons\sourcemod\scripting\ÒankrunFixhealth.sp::Event_PlayerDeath
L 12/29/2025 - 18:58:46: [SM] Exception reported: Language phrase "Please wait to be revived or rescued" not found (arg 6)
L 12/29/2025 - 18:58:46: [SM] Blaming: l4dmultislots.smx
L 12/29/2025 - 18:58:46: [SM] Call stack trace:
L 12/29/2025 - 18:58:46: [SM]   [0] PrintToChat
L 12/29/2025 - 18:58:46: [SM]   [1] Line 953, d:\Github\Private-Work\L4D2-Êèí‰ª∂\scripting_1.11\l4dmultislots.sp::Timer_SpecCheck
L 12/29/2025 - 18:58:48: [SM] Exception reported: Invalid convar handle 0 (error 4)
L 12/29/2025 - 18:58:48: [SM] Blaming: ÒankrunFixhealth.smx
L 12/29/2025 - 18:58:48: [SM] Call stack trace:
L 12/29/2025 - 18:58:48: [SM]   [0] GetConVarString
L 12/29/2025 - 18:58:48: [SM]   [1] Line 138, C:\Users\Moises\Downloads\Compressed\sourcemod-1.11.0-git6968-windows\addons\sourcemod\scripting\ÒankrunFixhealth.sp::IsTankRunActive
L 12/29/2025 - 18:58:48: [SM]   [2] Line 36, C:\Users\Moises\Downloads\Compressed\sourcemod-1.11.0-git6968-windows\addons\sourcemod\scripting\ÒankrunFixhealth.sp::Timer_PeriodicCheck
L 12/29/2025 - 18:58:53: [SM] Exception reported: Invalid convar handle 0 (error 4)
L 12/29/2025 - 18:58:53: [SM] Blaming: ÒankrunFixhealth.smx
L 12/29/2025 - 18:58:53: [SM] Call stack trace:
L 12/29/2025 - 18:58:53: [SM]   [0] GetConVarString
L 12/29/2025 - 18:58:53: [SM]   [1] Line 138, C:\Users\Moises\Downloads\Compressed\sourcemod-1.11.0-git6968-windows\addons\sourcemod\scripting\ÒankrunFixhealth.sp::IsTankRunActive
L 12/29/2025 - 18:58:53: [SM]   [2] Line 79, C:\Users\Moises\Downloads\Compressed\sourcemod-1.11.0-git6968-windows\addons\sourcemod\scripting\ÒankrunFixhealth.sp::Event_PlayerDeath
L 12/29/2025 - 18:58:58: [SM] Exception reported: Invalid convar handle 0 (error 4)
L 12/29/2025 - 18:58:58: [SM] Blaming: ÒankrunFixhealth.smx
L 12/29/2025 - 18:58:58: [SM] Call stack trace:
L 12/29/2025 - 18:58:58: [SM]   [0] GetConVarString
L 12/29/2025 - 18:58:58: [SM]   [1] Line 138, C:\Users\Moises\Downloads\Compressed\sourcemod-1.11.0-git6968-windows\addons\sourcemod\scripting\ÒankrunFixhealth.sp::IsTankRunActive
L 12/29/2025 - 18:58:58: [SM]   [2] Line 36, C:\Users\Moises\Downloads\Compressed\sourcemod-1.11.0-git6968-windows\addons\sourcemod\scripting\ÒankrunFixhealth.sp::Timer_PeriodicCheck
L 12/29/2025 - 18:59:08: [SM] Exception reported: Invalid convar handle 0 (error 4)
L 12/29/2025 - 18:59:08: [SM] Blaming: ÒankrunFixhealth.smx
L 12/29/2025 - 18:59:08: [SM] Call stack trace:
L 12/29/2025 - 18:59:08: [SM]   [0] GetConVarString
L 12/29/2025 - 18:59:08: [SM]   [1] Line 138, C:\Users\Moises\Downloads\Compressed\sourcemod-1.11.0-git6968-windows\addons\sourcemod\scripting\ÒankrunFixhealth.sp::IsTankRunActive
L 12/29/2025 - 18:59:08: [SM]   [2] Line 79, C:\Users\Moises\Downloads\Compressed\sourcemod-1.11.0-git6968-windows\addons\sourcemod\scripting\ÒankrunFixhealth.sp::Event_PlayerDeath
L 12/29/2025 - 18:59:08: [SM] Exception reported: Invalid convar handle 0 (error 4)
L 12/29/2025 - 18:59:08: [SM] Blaming: ÒankrunFixhealth.smx
L 12/29/2025 - 18:59:08: [SM] Call stack trace:
L 12/29/2025 - 18:59:08: [SM]   [0] GetConVarString
L 12/29/2025 - 18:59:08: [SM]   [1] Line 138, C:\Users\Moises\Downloads\Compressed\sourcemod-1.11.0-git6968-windows\addons\sourcemod\scripting\ÒankrunFixhealth.sp::IsTankRunActive
L 12/29/2025 - 18:59:08: [SM]   [2] Line 36, C:\Users\Moises\Downloads\Compressed\sourcemod-1.11.0-git6968-windows\addons\sourcemod\scripting\ÒankrunFixhealth.sp::Timer_PeriodicCheck
L 12/29/2025 - 18:59:11: [SM] Exception reported: Language phrase "Please wait to be revived or rescued" not found (arg 6)
L 12/29/2025 - 18:59:11: [SM] Blaming: l4dmultislots.smx
L 12/29/2025 - 18:59:11: [SM] Call stack trace:
L 12/29/2025 - 18:59:11: [SM]   [0] PrintToChat
L 12/29/2025 - 18:59:11: [SM]   [1] Line 953, d:\Github\Private-Work\L4D2-Êèí‰ª∂\scripting_1.11\l4dmultislots.sp::Timer_SpecCheck
L 12/29/2025 - 18:59:15: [SM] Exception reported: Invalid timer handle 2ae00442 (error 1)
L 12/29/2025 - 18:59:15: [SM] Blaming: l4d2_playerjoining_v2.smx
L 12/29/2025 - 18:59:15: [SM] Call stack trace:
L 12/29/2025 - 18:59:15: [SM]   [0] KillTimer
L 12/29/2025 - 18:59:15: [SM]   [1] Line 53, C:\Users\Moises\Downloads\Compressed\sourcemod-1.11.0-git6968-windows\addons\sourcemod\scripting\l4d2_playerjoining_v2.sp::OnClientDisconnect
L 12/29/2025 - 18:59:18: [SM] Exception reported: Invalid convar handle 0 (error 4)
L 12/29/2025 - 18:59:18: [SM] Blaming: ÒankrunFixhealth.smx
L 12/29/2025 - 18:59:18: [SM] Call stack trace:
L 12/29/2025 - 18:59:18: [SM]   [0] GetConVarString
L 12/29/2025 - 18:59:18: [SM]   [1] Line 138, C:\Users\Moises\Downloads\Compressed\sourcemod-1.11.0-git6968-windows\addons\sourcemod\scripting\ÒankrunFixhealth.sp::IsTankRunActive
L 12/29/2025 - 18:59:18: [SM]   [2] Line 36, C:\Users\Moises\Downloads\Compressed\sourcemod-1.11.0-git6968-windows\addons\sourcemod\scripting\ÒankrunFixhealth.sp::Timer_PeriodicCheck
L 12/29/2025 - 18:59:25: [SM] Exception reported: Invalid convar handle 0 (error 4)
L 12/29/2025 - 18:59:25: [SM] Blaming: ÒankrunFixhealth.smx
L 12/29/2025 - 18:59:25: [SM] Call stack trace:
L 12/29/2025 - 18:59:25: [SM]   [0] GetConVarString
L 12/29/2025 - 18:59:25: [SM]   [1] Line 138, C:\Users\Moises\Downloads\Compressed\sourcemod-1.11.0-git6968-windows\addons\sourcemod\scripting\ÒankrunFixhealth.sp::IsTankRunActive
L 12/29/2025 - 18:59:25: [SM]   [2] Line 79, C:\Users\Moises\Downloads\Compressed\sourcemod-1.11.0-git6968-windows\addons\sourcemod\scripting\ÒankrunFixhealth.sp::Event_PlayerDeath
L 12/29/2025 - 18:59:26: [SM] Exception reported: Invalid convar handle 0 (error 4)
L 12/29/2025 - 18:59:26: [SM] Blaming: ÒankrunFixhealth.smx
L 12/29/2025 - 18:59:26: [SM] Call stack trace:
L 12/29/2025 - 18:59:26: [SM]   [0] GetConVarString
L 12/29/2025 - 18:59:26: [SM]   [1] Line 138, C:\Users\Moises\Downloads\Compressed\sourcemod-1.11.0-git6968-windows\addons\sourcemod\scripting\ÒankrunFixhealth.sp::IsTankRunActive
L 12/29/2025 - 18:59:26: [SM]   [2] Line 79, C:\Users\Moises\Downloads\Compressed\sourcemod-1.11.0-git6968-windows\addons\sourcemod\scripting\ÒankrunFixhealth.sp::Event_PlayerDeath
L 12/29/2025 - 18:59:27: [SM] Exception reported: Invalid convar handle 0 (error 4)
L 12/29/2025 - 18:59:27: [SM] Blaming: ÒankrunFixhealth.smx
L 12/29/2025 - 18:59:27: [SM] Call stack trace:
L 12/29/2025 - 18:59:27: [SM]   [0] GetConVarString
L 12/29/2025 - 18:59:27: [SM]   [1] Line 138, C:\Users\Moises\Downloads\Compressed\sourcemod-1.11.0-git6968-windows\addons\sourcemod\scripting\ÒankrunFixhealth.sp::IsTankRunActive
L 12/29/2025 - 18:59:27: [SM]   [2] Line 79, C:\Users\Moises\Downloads\Compressed\sourcemod-1.11.0-git6968-windows\addons\sourcemod\scripting\ÒankrunFixhealth.sp::Event_PlayerDeath
L 12/29/2025 - 18:59:28: [SM] Exception reported: Invalid convar handle 0 (error 4)
L 12/29/2025 - 18:59:28: [SM] Blaming: ÒankrunFixhealth.smx
L 12/29/2025 - 18:59:28: [SM] Call stack trace:
L 12/29/2025 - 18:59:28: [SM]   [0] GetConVarString
L 12/29/2025 - 18:59:28: [SM]   [1] Line 138, C:\Users\Moises\Downloads\Compressed\sourcemod-1.11.0-git6968-windows\addons\sourcemod\scripting\ÒankrunFixhealth.sp::IsTankRunActive
L 12/29/2025 - 18:59:28: [SM]   [2] Line 36, C:\Users\Moises\Downloads\Compressed\sourcemod-1.11.0-git6968-windows\addons\sourcemod\scripting\ÒankrunFixhealth.sp::Timer_PeriodicCheck
L 12/29/2025 - 18:59:32: [SM] Exception reported: Invalid timer handle f8000442 (error 1)
L 12/29/2025 - 18:59:32: [SM] Blaming: l4d2_playerjoining_v2.smx
L 12/29/2025 - 18:59:32: [SM] Call stack trace:
L 12/29/2025 - 18:59:32: [SM]   [0] KillTimer
L 12/29/2025 - 18:59:32: [SM]   [1] Line 53, C:\Users\Moises\Downloads\Compressed\sourcemod-1.11.0-git6968-windows\addons\sourcemod\scripting\l4d2_playerjoining_v2.sp::OnClientDisconnect
L 12/29/2025 - 18:59:34: [SM] Exception reported: Invalid timer handle 77d0044a (error 3)
L 12/29/2025 - 18:59:34: [SM] Blaming: l4d2_playerjoining_v2.smx
L 12/29/2025 - 18:59:34: [SM] Call stack trace:
L 12/29/2025 - 18:59:34: [SM]   [0] KillTimer
L 12/29/2025 - 18:59:34: [SM]   [1] Line 53, C:\Users\Moises\Downloads\Compressed\sourcemod-1.11.0-git6968-windows\addons\sourcemod\scripting\l4d2_playerjoining_v2.sp::OnClientDisconnect
L 12/29/2025 - 18:59:36: [SM] Exception reported: Language phrase "Please wait to be revived or rescued" not found (arg 6)
L 12/29/2025 - 18:59:36: [SM] Blaming: l4dmultislots.smx
L 12/29/2025 - 18:59:36: [SM] Call stack trace:
L 12/29/2025 - 18:59:36: [SM]   [0] PrintToChat
L 12/29/2025 - 18:59:36: [SM]   [1] Line 953, d:\Github\Private-Work\L4D2-Êèí‰ª∂\scripting_1.11\l4dmultislots.sp::Timer_SpecCheck
L 12/29/2025 - 18:59:38: [SM] Exception reported: Invalid convar handle 0 (error 4)
L 12/29/2025 - 18:59:38: [SM] Blaming: ÒankrunFixhealth.smx
L 12/29/2025 - 18:59:38: [SM] Call stack trace:
L 12/29/2025 - 18:59:38: [SM]   [0] GetConVarString
L 12/29/2025 - 18:59:38: [SM]   [1] Line 138, C:\Users\Moises\Downloads\Compressed\sourcemod-1.11.0-git6968-windows\addons\sourcemod\scripting\ÒankrunFixhealth.sp::IsTankRunActive
L 12/29/2025 - 18:59:38: [SM]   [2] Line 36, C:\Users\Moises\Downloads\Compressed\sourcemod-1.11.0-git6968-windows\addons\sourcemod\scripting\ÒankrunFixhealth.sp::Timer_PeriodicCheck
L 12/29/2025 - 18:59:45: [SM] Exception reported: Invalid convar handle 0 (error 4)
L 12/29/2025 - 18:59:45: [SM] Blaming: ÒankrunFixhealth.smx
L 12/29/2025 - 18:59:45: [SM] Call stack trace:
L 12/29/2025 - 18:59:45: [SM]   [0] GetConVarString
L 12/29/2025 - 18:59:45: [SM]   [1] Line 138, C:\Users\Moises\Downloads\Compressed\sourcemod-1.11.0-git6968-windows\addons\sourcemod\scripting\ÒankrunFixhealth.sp::IsTankRunActive
L 12/29/2025 - 18:59:45: [SM]   [2] Line 71, C:\Users\Moises\Downloads\Compressed\sourcemod-1.11.0-git6968-windows\addons\sourcemod\scripting\ÒankrunFixhealth.sp::Event_MapTransition
L 12/29/2025 - 18:59:48: [SM] Exception reported: Invalid convar handle 0 (error 4)
L 12/29/2025 - 18:59:48: [SM] Blaming: ÒankrunFixhealth.smx
L 12/29/2025 - 18:59:48: [SM] Call stack trace:
L 12/29/2025 - 18:59:48: [SM]   [0] GetConVarString
L 12/29/2025 - 18:59:48: [SM]   [1] Line 138, C:\Users\Moises\Downloads\Compressed\sourcemod-1.11.0-git6968-windows\addons\sourcemod\scripting\ÒankrunFixhealth.sp::IsTankRunActive
L 12/29/2025 - 18:59:48: [SM]   [2] Line 36, C:\Users\Moises\Downloads\Compressed\sourcemod-1.11.0-git6968-windows\addons\sourcemod\scripting\ÒankrunFixhealth.sp::Timer_PeriodicCheck
L 12/29/2025 - 18:59:53: [SM] Exception reported: Invalid timer handle 2ae00442 (error 1)
L 12/29/2025 - 18:59:53: [SM] Blaming: l4d2_playerjoining_v2.smx
L 12/29/2025 - 18:59:53: [SM] Call stack trace:
L 12/29/2025 - 18:59:53: [SM]   [0] KillTimer
L 12/29/2025 - 18:59:53: [SM]   [1] Line 53, C:\Users\Moises\Downloads\Compressed\sourcemod-1.11.0-git6968-windows\addons\sourcemod\scripting\l4d2_playerjoining_v2.sp::OnClientDisconnect
L 12/29/2025 - 18:59:53: [SM] Exception reported: Invalid timer handle f8000442 (error 1)
L 12/29/2025 - 18:59:53: [SM] Blaming: l4d2_playerjoining_v2.smx
L 12/29/2025 - 18:59:53: [SM] Call stack trace:
L 12/29/2025 - 18:59:53: [SM]   [0] KillTimer
L 12/29/2025 - 18:59:53: [SM]   [1] Line 53, C:\Users\Moises\Downloads\Compressed\sourcemod-1.11.0-git6968-windows\addons\sourcemod\scripting\l4d2_playerjoining_v2.sp::OnClientDisconnect
L 12/29/2025 - 18:59:56: Error log file session closed.
L 12/29/2025 - 18:59:56: SourceMod error session started
L 12/29/2025 - 18:59:56: Info (map "c1m3_mall") (file "d:\steamlibrary\steamapps\common\left 4 dead 2\left4dead2\addons\sourcemod\logs\errors_20251229.log")
L 12/29/2025 - 18:59:56: [SM] Fatal error encountered parsing translation file "l4d_nth.phrases.txt"
L 12/29/2025 - 18:59:56: [SM] Error (line 0, column 0): Stream failed to open
L 12/29/2025 - 18:59:56: [SM] Fatal error encountered parsing translation file "chargersteering.phrases.txt"
L 12/29/2025 - 18:59:56: [SM] Error (line 0, column 0): Stream failed to open
L 12/29/2025 - 18:59:56: [SM] Fatal error encountered parsing translation file "l4dmultislots.phrases.txt"
L 12/29/2025 - 18:59:56: [SM] Error (line 0, column 0): Stream failed to open
L 12/29/2025 - 18:59:56: [SM] Fatal error encountered parsing translation file "lilac.phrases.txt"
L 12/29/2025 - 18:59:56: [SM] Error (line 0, column 0): Stream failed to open
L 12/29/2025 - 18:59:58: [SM] Exception reported: Invalid convar handle 0 (error 4)
L 12/29/2025 - 18:59:58: [SM] Blaming: ÒankrunFixhealth.smx
L 12/29/2025 - 18:59:58: [SM] Call stack trace:
L 12/29/2025 - 18:59:58: [SM]   [0] GetConVarString
L 12/29/2025 - 18:59:58: [SM]   [1] Line 138, C:\Users\Moises\Downloads\Compressed\sourcemod-1.11.0-git6968-windows\addons\sourcemod\scripting\ÒankrunFixhealth.sp::IsTankRunActive
L 12/29/2025 - 18:59:58: [SM]   [2] Line 54, C:\Users\Moises\Downloads\Compressed\sourcemod-1.11.0-git6968-windows\addons\sourcemod\scripting\ÒankrunFixhealth.sp::Event_RoundStart
L 12/29/2025 - 18:59:58: [l4d2_publicity.smx] [Publicity] No se encontraron mensajes en el archivo de configuraci√≥n
L 12/29/2025 - 19:00:05: [SM] Exception reported: Invalid convar handle 0 (error 4)
L 12/29/2025 - 19:00:05: [SM] Blaming: ÒankrunFixhealth.smx
L 12/29/2025 - 19:00:05: [SM] Call stack trace:
L 12/29/2025 - 19:00:05: [SM]   [0] GetConVarString
L 12/29/2025 - 19:00:05: [SM]   [1] Line 138, C:\Users\Moises\Downloads\Compressed\sourcemod-1.11.0-git6968-windows\addons\sourcemod\scripting\ÒankrunFixhealth.sp::IsTankRunActive
L 12/29/2025 - 19:00:05: [SM]   [2] Line 36, C:\Users\Moises\Downloads\Compressed\sourcemod-1.11.0-git6968-windows\addons\sourcemod\scripting\ÒankrunFixhealth.sp::Timer_PeriodicCheck
L 12/29/2025 - 19:00:15: [SM] Exception reported: Invalid convar handle 0 (error 4)
L 12/29/2025 - 19:00:15: [SM] Blaming: ÒankrunFixhealth.smx
L 12/29/2025 - 19:00:15: [SM] Call stack trace:
L 12/29/2025 - 19:00:15: [SM]   [0] GetConVarString
L 12/29/2025 - 19:00:15: [SM]   [1] Line 138, C:\Users\Moises\Downloads\Compressed\sourcemod-1.11.0-git6968-windows\addons\sourcemod\scripting\ÒankrunFixhealth.sp::IsTankRunActive
L 12/29/2025 - 19:00:15: [SM]   [2] Line 36, C:\Users\Moises\Downloads\Compressed\sourcemod-1.11.0-git6968-windows\addons\sourcemod\scripting\ÒankrunFixhealth.sp::Timer_PeriodicCheck
L 12/29/2025 - 19:00:28: [SM] Exception reported: Invalid timer handle 77d0044a (error 3)
L 12/29/2025 - 19:00:28: [SM] Blaming: l4d2_playerjoining_v2.smx
L 12/29/2025 - 19:00:28: [SM] Call stack trace:
L 12/29/2025 - 19:00:28: [SM]   [0] KillTimer
L 12/29/2025 - 19:00:28: [SM]   [1] Line 53, C:\Users\Moises\Downloads\Compressed\sourcemod-1.11.0-git6968-windows\addons\sourcemod\scripting\l4d2_playerjoining_v2.sp::OnClientDisconnect
L 12/29/2025 - 19:00:28: [SM] Exception reported: Invalid convar handle 0 (error 4)
L 12/29/2025 - 19:00:28: [SM] Blaming: ÒankrunFixhealth.smx
L 12/29/2025 - 19:00:28: [SM] Call stack trace:
L 12/29/2025 - 19:00:28: [SM]   [0] GetConVarString
L 12/29/2025 - 19:00:28: [SM]   [1] Line 138, C:\Users\Moises\Downloads\Compressed\sourcemod-1.11.0-git6968-windows\addons\sourcemod\scripting\ÒankrunFixhealth.sp::IsTankRunActive
L 12/29/2025 - 19:00:28: [SM]   [2] Line 36, C:\Users\Moises\Downloads\Compressed\sourcemod-1.11.0-git6968-windows\addons\sourcemod\scripting\ÒankrunFixhealth.sp::Timer_PeriodicCheck
L 12/29/2025 - 19:00:30: [SM] Exception reported: Invalid timer handle f8000442 (error 1)
L 12/29/2025 - 19:00:30: [SM] Blaming: l4d2_playerjoining_v2.smx
L 12/29/2025 - 19:00:30: [SM] Call stack trace:
L 12/29/2025 - 19:00:30: [SM]   [0] KillTimer
L 12/29/2025 - 19:00:30: [SM]   [1] Line 53, C:\Users\Moises\Downloads\Compressed\sourcemod-1.11.0-git6968-windows\addons\sourcemod\scripting\l4d2_playerjoining_v2.sp::OnClientDisconnect
L 12/29/2025 - 19:00:38: [SM] Exception reported: Invalid convar handle 0 (error 4)
L 12/29/2025 - 19:00:38: [SM] Blaming: ÒankrunFixhealth.smx
L 12/29/2025 - 19:00:38: [SM] Call stack trace:
L 12/29/2025 - 19:00:38: [SM]   [0] GetConVarString
L 12/29/2025 - 19:00:38: [SM]   [1] Line 138, C:\Users\Moises\Downloads\Compressed\sourcemod-1.11.0-git6968-windows\addons\sourcemod\scripting\ÒankrunFixhealth.sp::IsTankRunActive
L 12/29/2025 - 19:00:38: [SM]   [2] Line 36, C:\Users\Moises\Downloads\Compressed\sourcemod-1.11.0-git6968-windows\addons\sourcemod\scripting\ÒankrunFixhealth.sp::Timer_PeriodicCheck
L 12/29/2025 - 19:00:48: [SM] Exception reported: Invalid convar handle 0 (error 4)
L 12/29/2025 - 19:00:48: [SM] Blaming: ÒankrunFixhealth.smx
L 12/29/2025 - 19:00:48: [SM] Call stack trace:
L 12/29/2025 - 19:00:48: [SM]   [0] GetConVarString
L 12/29/2025 - 19:00:48: [SM]   [1] Line 138, C:\Users\Moises\Downloads\Compressed\sourcemod-1.11.0-git6968-windows\addons\sourcemod\scripting\ÒankrunFixhealth.sp::IsTankRunActive
L 12/29/2025 - 19:00:48: [SM]   [2] Line 36, C:\Users\Moises\Downloads\Compressed\sourcemod-1.11.0-git6968-windows\addons\sourcemod\scripting\ÒankrunFixhealth.sp::Timer_PeriodicCheck
L 12/29/2025 - 19:00:49: [SM] Exception reported: Language phrase "Type in chat !join To join the survivors" not found (arg 6)
L 12/29/2025 - 19:00:49: [SM] Blaming: l4dmultislots.smx
L 12/29/2025 - 19:00:49: [SM] Call stack trace:
L 12/29/2025 - 19:00:49: [SM]   [0] VFormat
L 12/29/2025 - 19:00:49: [SM]   [1] Line 71, D:\Github\Private-Work\L4D2-Êèí‰ª∂\scripting_1.11\include\multicolors.inc::CPrintToChat
L 12/29/2025 - 19:00:49: [SM]   [2] Line 938, d:\Github\Private-Work\L4D2-Êèí‰ª∂\scripting_1.11\l4dmultislots.sp::Timer_SpecCheck
L 12/29/2025 - 19:00:57: [SM] Exception reported: Invalid timer handle 77d0044a (error 3)
L 12/29/2025 - 19:00:57: [SM] Blaming: l4d2_playerjoining_v2.smx
L 12/29/2025 - 19:00:57: [SM] Call stack trace:
L 12/29/2025 - 19:00:57: [SM]   [0] KillTimer
L 12/29/2025 - 19:00:57: [SM]   [1] Line 53, C:\Users\Moises\Downloads\Compressed\sourcemod-1.11.0-git6968-windows\addons\sourcemod\scripting\l4d2_playerjoining_v2.sp::OnClientDisconnect
L 12/29/2025 - 19:00:58: [SM] Exception reported: Invalid convar handle 0 (error 4)
L 12/29/2025 - 19:00:58: [SM] Blaming: ÒankrunFixhealth.smx
L 12/29/2025 - 19:00:58: [SM] Call stack trace:
L 12/29/2025 - 19:00:58: [SM]   [0] GetConVarString
L 12/29/2025 - 19:00:58: [SM]   [1] Line 138, C:\Users\Moises\Downloads\Compressed\sourcemod-1.11.0-git6968-windows\addons\sourcemod\scripting\ÒankrunFixhealth.sp::IsTankRunActive
L 12/29/2025 - 19:00:58: [SM]   [2] Line 36, C:\Users\Moises\Downloads\Compressed\sourcemod-1.11.0-git6968-windows\addons\sourcemod\scripting\ÒankrunFixhealth.sp::Timer_PeriodicCheck
L 12/29/2025 - 19:01:08: [SM] Exception reported: Invalid convar handle 0 (error 4)
L 12/29/2025 - 19:01:08: [SM] Blaming: ÒankrunFixhealth.smx
L 12/29/2025 - 19:01:08: [SM] Call stack trace:
L 12/29/2025 - 19:01:08: [SM]   [0] GetConVarString
L 12/29/2025 - 19:01:08: [SM]   [1] Line 138, C:\Users\Moises\Downloads\Compressed\sourcemod-1.11.0-git6968-windows\addons\sourcemod\scripting\ÒankrunFixhealth.sp::IsTankRunActive
L 12/29/2025 - 19:01:08: [SM]   [2] Line 36, C:\Users\Moises\Downloads\Compressed\sourcemod-1.11.0-git6968-windows\addons\sourcemod\scripting\ÒankrunFixhealth.sp::Timer_PeriodicCheck
L 12/29/2025 - 19:01:10: [SM] Exception reported: Invalid convar handle 0 (error 4)
L 12/29/2025 - 19:01:10: [SM] Blaming: ÒankrunFixhealth.smx
L 12/29/2025 - 19:01:10: [SM] Call stack trace:
L 12/29/2025 - 19:01:10: [SM]   [0] GetConVarString
L 12/29/2025 - 19:01:10: [SM]   [1] Line 138, C:\Users\Moises\Downloads\Compressed\sourcemod-1.11.0-git6968-windows\addons\sourcemod\scripting\ÒankrunFixhealth.sp::IsTankRunActive
L 12/29/2025 - 19:01:10: [SM]   [2] Line 79, C:\Users\Moises\Downloads\Compressed\sourcemod-1.11.0-git6968-windows\addons\sourcemod\scripting\ÒankrunFixhealth.sp::Event_PlayerDeath
L 12/29/2025 - 19:01:14: [SM] Exception reported: Language phrase "Please wait to be revived or rescued" not found (arg 6)
L 12/29/2025 - 19:01:14: [SM] Blaming: l4dmultislots.smx
L 12/29/2025 - 19:01:14: [SM] Call stack trace:
L 12/29/2025 - 19:01:14: [SM]   [0] PrintToChat
L 12/29/2025 - 19:01:14: [SM]   [1] Line 953, d:\Github\Private-Work\L4D2-Êèí‰ª∂\scripting_1.11\l4dmultislots.sp::Timer_SpecCheck
L 12/29/2025 - 19:01:18: [SM] Exception reported: Invalid convar handle 0 (error 4)
L 12/29/2025 - 19:01:18: [SM] Blaming: ÒankrunFixhealth.smx
L 12/29/2025 - 19:01:18: [SM] Call stack trace:
L 12/29/2025 - 19:01:18: [SM]   [0] GetConVarString
L 12/29/2025 - 19:01:18: [SM]   [1] Line 138, C:\Users\Moises\Downloads\Compressed\sourcemod-1.11.0-git6968-windows\addons\sourcemod\scripting\ÒankrunFixhealth.sp::IsTankRunActive
L 12/29/2025 - 19:01:18: [SM]   [2] Line 36, C:\Users\Moises\Downloads\Compressed\sourcemod-1.11.0-git6968-windows\addons\sourcemod\scripting\ÒankrunFixhealth.sp::Timer_PeriodicCheck
L 12/29/2025 - 19:01:28: [SM] Exception reported: Invalid convar handle 0 (error 4)
L 12/29/2025 - 19:01:28: [SM] Blaming: ÒankrunFixhealth.smx
L 12/29/2025 - 19:01:28: [SM] Call stack trace:
L 12/29/2025 - 19:01:28: [SM]   [0] GetConVarString
L 12/29/2025 - 19:01:28: [SM]   [1] Line 138, C:\Users\Moises\Downloads\Compressed\sourcemod-1.11.0-git6968-windows\addons\sourcemod\scripting\ÒankrunFixhealth.sp::IsTankRunActive
L 12/29/2025 - 19:01:28: [SM]   [2] Line 36, C:\Users\Moises\Downloads\Compressed\sourcemod-1.11.0-git6968-windows\addons\sourcemod\scripting\ÒankrunFixhealth.sp::Timer_PeriodicCheck
L 12/29/2025 - 19:01:38: [SM] Exception reported: Invalid convar handle 0 (error 4)
L 12/29/2025 - 19:01:38: [SM] Blaming: ÒankrunFixhealth.smx
L 12/29/2025 - 19:01:38: [SM] Call stack trace:
L 12/29/2025 - 19:01:38: [SM]   [0] GetConVarString
L 12/29/2025 - 19:01:38: [SM]   [1] Line 138, C:\Users\Moises\Downloads\Compressed\sourcemod-1.11.0-git6968-windows\addons\sourcemod\scripting\ÒankrunFixhealth.sp::IsTankRunActive
L 12/29/2025 - 19:01:38: [SM]   [2] Line 36, C:\Users\Moises\Downloads\Compressed\sourcemod-1.11.0-git6968-windows\addons\sourcemod\scripting\ÒankrunFixhealth.sp::Timer_PeriodicCheck
L 12/29/2025 - 19:01:39: [SM] Exception reported: Language phrase "Please wait to be revived or rescued" not found (arg 6)
L 12/29/2025 - 19:01:39: [SM] Blaming: l4dmultislots.smx
L 12/29/2025 - 19:01:39: [SM] Call stack trace:
L 12/29/2025 - 19:01:39: [SM]   [0] PrintToChat
L 12/29/2025 - 19:01:39: [SM]   [1] Line 953, d:\Github\Private-Work\L4D2-Êèí‰ª∂\scripting_1.11\l4dmultislots.sp::Timer_SpecCheck
L 12/29/2025 - 19:01:48: [SM] Exception reported: Invalid convar handle 0 (error 4)
L 12/29/2025 - 19:01:48: [SM] Blaming: ÒankrunFixhealth.smx
L 12/29/2025 - 19:01:48: [SM] Call stack trace:
L 12/29/2025 - 19:01:48: [SM]   [0] GetConVarString
L 12/29/2025 - 19:01:48: [SM]   [1] Line 138, C:\Users\Moises\Downloads\Compressed\sourcemod-1.11.0-git6968-windows\addons\sourcemod\scripting\ÒankrunFixhealth.sp::IsTankRunActive
L 12/29/2025 - 19:01:48: [SM]   [2] Line 36, C:\Users\Moises\Downloads\Compressed\sourcemod-1.11.0-git6968-windows\addons\sourcemod\scripting\ÒankrunFixhealth.sp::Timer_PeriodicCheck
L 12/29/2025 - 19:01:58: [SM] Exception reported: Invalid convar handle 0 (error 4)
L 12/29/2025 - 19:01:58: [SM] Blaming: ÒankrunFixhealth.smx
L 12/29/2025 - 19:01:58: [SM] Call stack trace:
L 12/29/2025 - 19:01:58: [SM]   [0] GetConVarString
L 12/29/2025 - 19:01:58: [SM]   [1] Line 138, C:\Users\Moises\Downloads\Compressed\sourcemod-1.11.0-git6968-windows\addons\sourcemod\scripting\ÒankrunFixhealth.sp::IsTankRunActive
L 12/29/2025 - 19:01:58: [SM]   [2] Line 36, C:\Users\Moises\Downloads\Compressed\sourcemod-1.11.0-git6968-windows\addons\sourcemod\scripting\ÒankrunFixhealth.sp::Timer_PeriodicCheck
L 12/29/2025 - 19:02:03: [SM] Exception reported: Invalid convar handle 0 (error 4)
L 12/29/2025 - 19:02:03: [SM] Blaming: ÒankrunFixhealth.smx
L 12/29/2025 - 19:02:03: [SM] Call stack trace:
L 12/29/2025 - 19:02:03: [SM]   [0] GetConVarString
L 12/29/2025 - 19:02:03: [SM]   [1] Line 138, C:\Users\Moises\Downloads\Compressed\sourcemod-1.11.0-git6968-windows\addons\sourcemod\scripting\ÒankrunFixhealth.sp::IsTankRunActive
L 12/29/2025 - 19:02:03: [SM]   [2] Line 79, C:\Users\Moises\Downloads\Compressed\sourcemod-1.11.0-git6968-windows\addons\sourcemod\scripting\ÒankrunFixhealth.sp::Event_PlayerDeath
L 12/29/2025 - 19:02:04: [SM] Exception reported: Language phrase "Please wait to be revived or rescued" not found (arg 6)
L 12/29/2025 - 19:02:04: [SM] Blaming: l4dmultislots.smx
L 12/29/2025 - 19:02:04: [SM] Call stack trace:
L 12/29/2025 - 19:02:04: [SM]   [0] PrintToChat
L 12/29/2025 - 19:02:04: [SM]   [1] Line 953, d:\Github\Private-Work\L4D2-Êèí‰ª∂\scripting_1.11\l4dmultislots.sp::Timer_SpecCheck
L 12/29/2025 - 19:02:04: [SM] Exception reported: Invalid convar handle 0 (error 4)
L 12/29/2025 - 19:02:04: [SM] Blaming: ÒankrunFixhealth.smx
L 12/29/2025 - 19:02:04: [SM] Call stack trace:
L 12/29/2025 - 19:02:04: [SM]   [0] GetConVarString
L 12/29/2025 - 19:02:04: [SM]   [1] Line 138, C:\Users\Moises\Downloads\Compressed\sourcemod-1.11.0-git6968-windows\addons\sourcemod\scripting\ÒankrunFixhealth.sp::IsTankRunActive
L 12/29/2025 - 19:02:04: [SM]   [2] Line 79, C:\Users\Moises\Downloads\Compressed\sourcemod-1.11.0-git6968-windows\addons\sourcemod\scripting\ÒankrunFixhealth.sp::Event_PlayerDeath
L 12/29/2025 - 19:02:08: [SM] Exception reported: Invalid convar handle 0 (error 4)
L 12/29/2025 - 19:02:08: [SM] Blaming: ÒankrunFixhealth.smx
L 12/29/2025 - 19:02:08: [SM] Call stack trace:
L 12/29/2025 - 19:02:08: [SM]   [0] GetConVarString
L 12/29/2025 - 19:02:08: [SM]   [1] Line 138, C:\Users\Moises\Downloads\Compressed\sourcemod-1.11.0-git6968-windows\addons\sourcemod\scripting\ÒankrunFixhealth.sp::IsTankRunActive
L 12/29/2025 - 19:02:08: [SM]   [2] Line 36, C:\Users\Moises\Downloads\Compressed\sourcemod-1.11.0-git6968-windows\addons\sourcemod\scripting\ÒankrunFixhealth.sp::Timer_PeriodicCheck
L 12/29/2025 - 19:02:10: [SM] Exception reported: Invalid timer handle f8000442 (error 1)
L 12/29/2025 - 19:02:10: [SM] Blaming: l4d2_playerjoining_v2.smx
L 12/29/2025 - 19:02:10: [SM] Call stack trace:
L 12/29/2025 - 19:02:10: [SM]   [0] KillTimer
L 12/29/2025 - 19:02:10: [SM]   [1] Line 53, C:\Users\Moises\Downloads\Compressed\sourcemod-1.11.0-git6968-windows\addons\sourcemod\scripting\l4d2_playerjoining_v2.sp::OnClientDisconnect
L 12/29/2025 - 19:02:15: [SM] Exception reported: Invalid convar handle 0 (error 4)
L 12/29/2025 - 19:02:15: [SM] Blaming: ÒankrunFixhealth.smx
L 12/29/2025 - 19:02:15: [SM] Call stack trace:
L 12/29/2025 - 19:02:15: [SM]   [0] GetConVarString
L 12/29/2025 - 19:02:15: [SM]   [1] Line 138, C:\Users\Moises\Downloads\Compressed\sourcemod-1.11.0-git6968-windows\addons\sourcemod\scripting\ÒankrunFixhealth.sp::IsTankRunActive
L 12/29/2025 - 19:02:15: [SM]   [2] Line 79, C:\Users\Moises\Downloads\Compressed\sourcemod-1.11.0-git6968-windows\addons\sourcemod\scripting\ÒankrunFixhealth.sp::Event_PlayerDeath
L 12/29/2025 - 19:02:18: [SM] Exception reported: Invalid convar handle 0 (error 4)
L 12/29/2025 - 19:02:18: [SM] Blaming: ÒankrunFixhealth.smx
L 12/29/2025 - 19:02:18: [SM] Call stack trace:
L 12/29/2025 - 19:02:18: [SM]   [0] GetConVarString
L 12/29/2025 - 19:02:18: [SM]   [1] Line 138, C:\Users\Moises\Downloads\Compressed\sourcemod-1.11.0-git6968-windows\addons\sourcemod\scripting\ÒankrunFixhealth.sp::IsTankRunActive
L 12/29/2025 - 19:02:18: [SM]   [2] Line 36, C:\Users\Moises\Downloads\Compressed\sourcemod-1.11.0-git6968-windows\addons\sourcemod\scripting\ÒankrunFixhealth.sp::Timer_PeriodicCheck
L 12/29/2025 - 19:02:23: [SM] Exception reported: Invalid convar handle 0 (error 4)
L 12/29/2025 - 19:02:23: [SM] Blaming: ÒankrunFixhealth.smx
L 12/29/2025 - 19:02:23: [SM] Call stack trace:
L 12/29/2025 - 19:02:23: [SM]   [0] GetConVarString
L 12/29/2025 - 19:02:23: [SM]   [1] Line 138, C:\Users\Moises\Downloads\Compressed\sourcemod-1.11.0-git6968-windows\addons\sourcemod\scripting\ÒankrunFixhealth.sp::IsTankRunActive
L 12/29/2025 - 19:02:23: [SM]   [2] Line 79, C:\Users\Moises\Downloads\Compressed\sourcemod-1.11.0-git6968-windows\addons\sourcemod\scripting\ÒankrunFixhealth.sp::Event_PlayerDeath
L 12/29/2025 - 19:02:23: [SM] Exception reported: Invalid convar handle 0 (error 4)
L 12/29/2025 - 19:02:23: [SM] Blaming: ÒankrunFixhealth.smx
L 12/29/2025 - 19:02:23: [SM] Call stack trace:
L 12/29/2025 - 19:02:23: [SM]   [0] GetConVarString
L 12/29/2025 - 19:02:23: [SM]   [1] Line 138, C:\Users\Moises\Downloads\Compressed\sourcemod-1.11.0-git6968-windows\addons\sourcemod\scripting\ÒankrunFixhealth.sp::IsTankRunActive
L 12/29/2025 - 19:02:23: [SM]   [2] Line 79, C:\Users\Moises\Downloads\Compressed\sourcemod-1.11.0-git6968-windows\addons\sourcemod\scripting\ÒankrunFixhealth.sp::Event_PlayerDeath
L 12/29/2025 - 19:02:28: [SM] Exception reported: Invalid convar handle 0 (error 4)
L 12/29/2025 - 19:02:28: [SM] Blaming: ÒankrunFixhealth.smx
L 12/29/2025 - 19:02:28: [SM] Call stack trace:
L 12/29/2025 - 19:02:28: [SM]   [0] GetConVarString
L 12/29/2025 - 19:02:28: [SM]   [1] Line 138, C:\Users\Moises\Downloads\Compressed\sourcemod-1.11.0-git6968-windows\addons\sourcemod\scripting\ÒankrunFixhealth.sp::IsTankRunActive
L 12/29/2025 - 19:02:28: [SM]   [2] Line 36, C:\Users\Moises\Downloads\Compressed\sourcemod-1.11.0-git6968-windows\addons\sourcemod\scripting\ÒankrunFixhealth.sp::Timer_PeriodicCheck
L 12/29/2025 - 19:02:29: [SM] Exception reported: Language phrase "Please wait to be revived or rescued" not found (arg 6)
L 12/29/2025 - 19:02:29: [SM] Blaming: l4dmultislots.smx
L 12/29/2025 - 19:02:29: [SM] Call stack trace:
L 12/29/2025 - 19:02:29: [SM]   [0] PrintToChat
L 12/29/2025 - 19:02:29: [SM]   [1] Line 953, d:\Github\Private-Work\L4D2-Êèí‰ª∂\scripting_1.11\l4dmultislots.sp::Timer_SpecCheck
L 12/29/2025 - 19:02:30: [SM] Exception reported: Invalid timer handle 77d0044a (error 3)
L 12/29/2025 - 19:02:30: [SM] Blaming: l4d2_playerjoining_v2.smx
L 12/29/2025 - 19:02:30: [SM] Call stack trace:
L 12/29/2025 - 19:02:30: [SM]   [0] KillTimer
L 12/29/2025 - 19:02:30: [SM]   [1] Line 53, C:\Users\Moises\Downloads\Compressed\sourcemod-1.11.0-git6968-windows\addons\sourcemod\scripting\l4d2_playerjoining_v2.sp::OnClientDisconnect
L 12/29/2025 - 19:02:31: [SM] Exception reported: Invalid convar handle 0 (error 4)
L 12/29/2025 - 19:02:31: [SM] Blaming: ÒankrunFixhealth.smx
L 12/29/2025 - 19:02:31: [SM] Call stack trace:
L 12/29/2025 - 19:02:31: [SM]   [0] GetConVarString
L 12/29/2025 - 19:02:31: [SM]   [1] Line 138, C:\Users\Moises\Downloads\Compressed\sourcemod-1.11.0-git6968-windows\addons\sourcemod\scripting\ÒankrunFixhealth.sp::IsTankRunActive
L 12/29/2025 - 19:02:31: [SM]   [2] Line 79, C:\Users\Moises\Downloads\Compressed\sourcemod-1.11.0-git6968-windows\addons\sourcemod\scripting\ÒankrunFixhealth.sp::Event_PlayerDeath
L 12/29/2025 - 19:02:34: [SM] Exception reported: Invalid timer handle 77d0044a (error 3)
L 12/29/2025 - 19:02:34: [SM] Blaming: l4d2_playerjoining_v2.smx
L 12/29/2025 - 19:02:34: [SM] Call stack trace:
L 12/29/2025 - 19:02:34: [SM]   [0] KillTimer
L 12/29/2025 - 19:02:34: [SM]   [1] Line 53, C:\Users\Moises\Downloads\Compressed\sourcemod-1.11.0-git6968-windows\addons\sourcemod\scripting\l4d2_playerjoining_v2.sp::OnClientDisconnect
L 12/29/2025 - 19:02:38: [SM] Exception reported: Invalid convar handle 0 (error 4)
L 12/29/2025 - 19:02:38: [SM] Blaming: ÒankrunFixhealth.smx
L 12/29/2025 - 19:02:38: [SM] Call stack trace:
L 12/29/2025 - 19:02:38: [SM]   [0] GetConVarString
L 12/29/2025 - 19:02:38: [SM]   [1] Line 138, C:\Users\Moises\Downloads\Compressed\sourcemod-1.11.0-git6968-windows\addons\sourcemod\scripting\ÒankrunFixhealth.sp::IsTankRunActive
L 12/29/2025 - 19:02:38: [SM]   [2] Line 36, C:\Users\Moises\Downloads\Compressed\sourcemod-1.11.0-git6968-windows\addons\sourcemod\scripting\ÒankrunFixhealth.sp::Timer_PeriodicCheck
L 12/29/2025 - 19:02:42: [SM] Exception reported: Invalid convar handle 0 (error 4)
L 12/29/2025 - 19:02:42: [SM] Blaming: ÒankrunFixhealth.smx
L 12/29/2025 - 19:02:42: [SM] Call stack trace:
L 12/29/2025 - 19:02:42: [SM]   [0] GetConVarString
L 12/29/2025 - 19:02:42: [SM]   [1] Line 138, C:\Users\Moises\Downloads\Compressed\sourcemod-1.11.0-git6968-windows\addons\sourcemod\scripting\ÒankrunFixhealth.sp::IsTankRunActive
L 12/29/2025 - 19:02:42: [SM]   [2] Line 79, C:\Users\Moises\Downloads\Compressed\sourcemod-1.11.0-git6968-windows\addons\sourcemod\scripting\ÒankrunFixhealth.sp::Event_PlayerDeath
L 12/29/2025 - 19:02:48: [SM] Exception reported: Invalid convar handle 0 (error 4)
L 12/29/2025 - 19:02:48: [SM] Blaming: ÒankrunFixhealth.smx
L 12/29/2025 - 19:02:48: [SM] Call stack trace:
L 12/29/2025 - 19:02:48: [SM]   [0] GetConVarString
L 12/29/2025 - 19:02:48: [SM]   [1] Line 138, C:\Users\Moises\Downloads\Compressed\sourcemod-1.11.0-git6968-windows\addons\sourcemod\scripting\ÒankrunFixhealth.sp::IsTankRunActive
L 12/29/2025 - 19:02:48: [SM]   [2] Line 36, C:\Users\Moises\Downloads\Compressed\sourcemod-1.11.0-git6968-windows\addons\sourcemod\scripting\ÒankrunFixhealth.sp::Timer_PeriodicCheck
L 12/29/2025 - 19:02:54: [SM] Exception reported: Language phrase "Please wait to be revived or rescued" not found (arg 6)
L 12/29/2025 - 19:02:54: [SM] Blaming: l4dmultislots.smx
L 12/29/2025 - 19:02:54: [SM] Call stack trace:
L 12/29/2025 - 19:02:54: [SM]   [0] PrintToChat
L 12/29/2025 - 19:02:54: [SM]   [1] Line 953, d:\Github\Private-Work\L4D2-Êèí‰ª∂\scripting_1.11\l4dmultislots.sp::Timer_SpecCheck
L 12/29/2025 - 19:02:58: [SM] Exception reported: Invalid convar handle 0 (error 4)
L 12/29/2025 - 19:02:58: [SM] Blaming: ÒankrunFixhealth.smx
L 12/29/2025 - 19:02:58: [SM] Call stack trace:
L 12/29/2025 - 19:02:58: [SM]   [0] GetConVarString
L 12/29/2025 - 19:02:58: [SM]   [1] Line 138, C:\Users\Moises\Downloads\Compressed\sourcemod-1.11.0-git6968-windows\addons\sourcemod\scripting\ÒankrunFixhealth.sp::IsTankRunActive
L 12/29/2025 - 19:02:58: [SM]   [2] Line 36, C:\Users\Moises\Downloads\Compressed\sourcemod-1.11.0-git6968-windows\addons\sourcemod\scripting\ÒankrunFixhealth.sp::Timer_PeriodicCheck
L 12/29/2025 - 19:03:04: [SM] Exception reported: Invalid convar handle 0 (error 4)
L 12/29/2025 - 19:03:04: [SM] Blaming: ÒankrunFixhealth.smx
L 12/29/2025 - 19:03:04: [SM] Call stack trace:
L 12/29/2025 - 19:03:04: [SM]   [0] GetConVarString
L 12/29/2025 - 19:03:04: [SM]   [1] Line 138, C:\Users\Moises\Downloads\Compressed\sourcemod-1.11.0-git6968-windows\addons\sourcemod\scripting\ÒankrunFixhealth.sp::IsTankRunActive
L 12/29/2025 - 19:03:04: [SM]   [2] Line 79, C:\Users\Moises\Downloads\Compressed\sourcemod-1.11.0-git6968-windows\addons\sourcemod\scripting\ÒankrunFixhealth.sp::Event_PlayerDeath
L 12/29/2025 - 19:03:08: [SM] Exception reported: Invalid convar handle 0 (error 4)
L 12/29/2025 - 19:03:08: [SM] Blaming: ÒankrunFixhealth.smx
L 12/29/2025 - 19:03:08: [SM] Call stack trace:
L 12/29/2025 - 19:03:08: [SM]   [0] GetConVarString
L 12/29/2025 - 19:03:08: [SM]   [1] Line 138, C:\Users\Moises\Downloads\Compressed\sourcemod-1.11.0-git6968-windows\addons\sourcemod\scripting\ÒankrunFixhealth.sp::IsTankRunActive
L 12/29/2025 - 19:03:08: [SM]   [2] Line 36, C:\Users\Moises\Downloads\Compressed\sourcemod-1.11.0-git6968-windows\addons\sourcemod\scripting\ÒankrunFixhealth.sp::Timer_PeriodicCheck
L 12/29/2025 - 19:03:10: [SM] Exception reported: Invalid convar handle 0 (error 4)
L 12/29/2025 - 19:03:10: [SM] Blaming: ÒankrunFixhealth.smx
L 12/29/2025 - 19:03:10: [SM] Call stack trace:
L 12/29/2025 - 19:03:10: [SM]   [0] GetConVarString
L 12/29/2025 - 19:03:10: [SM]   [1] Line 138, C:\Users\Moises\Downloads\Compressed\sourcemod-1.11.0-git6968-windows\addons\sourcemod\scripting\ÒankrunFixhealth.sp::IsTankRunActive
L 12/29/2025 - 19:03:10: [SM]   [2] Line 79, C:\Users\Moises\Downloads\Compressed\sourcemod-1.11.0-git6968-windows\addons\sourcemod\scripting\ÒankrunFixhealth.sp::Event_PlayerDeath
L 12/29/2025 - 19:03:18: [SM] Exception reported: Invalid convar handle 0 (error 4)
L 12/29/2025 - 19:03:18: [SM] Blaming: ÒankrunFixhealth.smx
L 12/29/2025 - 19:03:18: [SM] Call stack trace:
L 12/29/2025 - 19:03:18: [SM]   [0] GetConVarString
L 12/29/2025 - 19:03:18: [SM]   [1] Line 138, C:\Users\Moises\Downloads\Compressed\sourcemod-1.11.0-git6968-windows\addons\sourcemod\scripting\ÒankrunFixhealth.sp::IsTankRunActive
L 12/29/2025 - 19:03:18: [SM]   [2] Line 36, C:\Users\Moises\Downloads\Compressed\sourcemod-1.11.0-git6968-windows\addons\sourcemod\scripting\ÒankrunFixhealth.sp::Timer_PeriodicCheck
L 12/29/2025 - 19:03:19: [SM] Exception reported: Language phrase "Please wait to be revived or rescued" not found (arg 6)
L 12/29/2025 - 19:03:19: [SM] Blaming: l4dmultislots.smx
L 12/29/2025 - 19:03:19: [SM] Call stack trace:
L 12/29/2025 - 19:03:19: [SM]   [0] PrintToChat
L 12/29/2025 - 19:03:19: [SM]   [1] Line 953, d:\Github\Private-Work\L4D2-Êèí‰ª∂\scripting_1.11\l4dmultislots.sp::Timer_SpecCheck
L 12/29/2025 - 19:03:28: [SM] Exception reported: Invalid convar handle 0 (error 4)
L 12/29/2025 - 19:03:28: [SM] Blaming: ÒankrunFixhealth.smx
L 12/29/2025 - 19:03:28: [SM] Call stack trace:
L 12/29/2025 - 19:03:28: [SM]   [0] GetConVarString
L 12/29/2025 - 19:03:28: [SM]   [1] Line 138, C:\Users\Moises\Downloads\Compressed\sourcemod-1.11.0-git6968-windows\addons\sourcemod\scripting\ÒankrunFixhealth.sp::IsTankRunActive
L 12/29/2025 - 19:03:28: [SM]   [2] Line 36, C:\Users\Moises\Downloads\Compressed\sourcemod-1.11.0-git6968-windows\addons\sourcemod\scripting\ÒankrunFixhealth.sp::Timer_PeriodicCheck
L 12/29/2025 - 19:03:36: [SM] Exception reported: Invalid convar handle 0 (error 4)
L 12/29/2025 - 19:03:36: [SM] Blaming: ÒankrunFixhealth.smx
L 12/29/2025 - 19:03:36: [SM] Call stack trace:
L 12/29/2025 - 19:03:36: [SM]   [0] GetConVarString
L 12/29/2025 - 19:03:36: [SM]   [1] Line 138, C:\Users\Moises\Downloads\Compressed\sourcemod-1.11.0-git6968-windows\addons\sourcemod\scripting\ÒankrunFixhealth.sp::IsTankRunActive
L 12/29/2025 - 19:03:36: [SM]   [2] Line 79, C:\Users\Moises\Downloads\Compressed\sourcemod-1.11.0-git6968-windows\addons\sourcemod\scripting\ÒankrunFixhealth.sp::Event_PlayerDeath
L 12/29/2025 - 19:03:36: [SM] Exception reported: Invalid convar handle 0 (error 4)
L 12/29/2025 - 19:03:36: [SM] Blaming: ÒankrunFixhealth.smx
L 12/29/2025 - 19:03:36: [SM] Call stack trace:
L 12/29/2025 - 19:03:36: [SM]   [0] GetConVarString
L 12/29/2025 - 19:03:36: [SM]   [1] Line 138, C:\Users\Moises\Downloads\Compressed\sourcemod-1.11.0-git6968-windows\addons\sourcemod\scripting\ÒankrunFixhealth.sp::IsTankRunActive
L 12/29/2025 - 19:03:36: [SM]   [2] Line 79, C:\Users\Moises\Downloads\Compressed\sourcemod-1.11.0-git6968-windows\addons\sourcemod\scripting\ÒankrunFixhealth.sp::Event_PlayerDeath
L 12/29/2025 - 19:03:38: [SM] Exception reported: Invalid convar handle 0 (error 4)
L 12/29/2025 - 19:03:38: [SM] Blaming: ÒankrunFixhealth.smx
L 12/29/2025 - 19:03:38: [SM] Call stack trace:
L 12/29/2025 - 19:03:38: [SM]   [0] GetConVarString
L 12/29/2025 - 19:03:38: [SM]   [1] Line 138, C:\Users\Moises\Downloads\Compressed\sourcemod-1.11.0-git6968-windows\addons\sourcemod\scripting\ÒankrunFixhealth.sp::IsTankRunActive
L 12/29/2025 - 19:03:38: [SM]   [2] Line 79, C:\Users\Moises\Downloads\Compressed\sourcemod-1.11.0-git6968-windows\addons\sourcemod\scripting\ÒankrunFixhealth.sp::Event_PlayerDeath
L 12/29/2025 - 19:03:38: [SM] Exception reported: Invalid convar handle 0 (error 4)
L 12/29/2025 - 19:03:38: [SM] Blaming: ÒankrunFixhealth.smx
L 12/29/2025 - 19:03:38: [SM] Call stack trace:
L 12/29/2025 - 19:03:38: [SM]   [0] GetConVarString
L 12/29/2025 - 19:03:38: [SM]   [1] Line 138, C:\Users\Moises\Downloads\Compressed\sourcemod-1.11.0-git6968-windows\addons\sourcemod\scripting\ÒankrunFixhealth.sp::IsTankRunActive
L 12/29/2025 - 19:03:38: [SM]   [2] Line 91, C:\Users\Moises\Downloads\Compressed\sourcemod-1.11.0-git6968-windows\addons\sourcemod\scripting\ÒankrunFixhealth.sp::Event_MissionLost
L 12/29/2025 - 19:03:38: [SM] Exception reported: Invalid convar handle 0 (error 4)
L 12/29/2025 - 19:03:38: [SM] Blaming: ÒankrunFixhealth.smx
L 12/29/2025 - 19:03:38: [SM] Call stack trace:
L 12/29/2025 - 19:03:38: [SM]   [0] GetConVarString
L 12/29/2025 - 19:03:38: [SM]   [1] Line 138, C:\Users\Moises\Downloads\Compressed\sourcemod-1.11.0-git6968-windows\addons\sourcemod\scripting\ÒankrunFixhealth.sp::IsTankRunActive
L 12/29/2025 - 19:03:38: [SM]   [2] Line 36, C:\Users\Moises\Downloads\Compressed\sourcemod-1.11.0-git6968-windows\addons\sourcemod\scripting\ÒankrunFixhealth.sp::Timer_PeriodicCheck
L 12/29/2025 - 19:03:43: [SM] Exception reported: Invalid timer handle 77d0044a (error 3)
L 12/29/2025 - 19:03:43: [SM] Blaming: l4d2_playerjoining_v2.smx
L 12/29/2025 - 19:03:43: [SM] Call stack trace:
L 12/29/2025 - 19:03:43: [SM]   [0] KillTimer
L 12/29/2025 - 19:03:43: [SM]   [1] Line 53, C:\Users\Moises\Downloads\Compressed\sourcemod-1.11.0-git6968-windows\addons\sourcemod\scripting\l4d2_playerjoining_v2.sp::OnClientDisconnect
L 12/29/2025 - 19:03:45: [SM] Exception reported: Invalid convar handle 0 (error 4)
L 12/29/2025 - 19:03:45: [SM] Blaming: ÒankrunFixhealth.smx
L 12/29/2025 - 19:03:45: [SM] Call stack trace:
L 12/29/2025 - 19:03:45: [SM]   [0] GetConVarString
L 12/29/2025 - 19:03:45: [SM]   [1] Line 138, C:\Users\Moises\Downloads\Compressed\sourcemod-1.11.0-git6968-windows\addons\sourcemod\scripting\ÒankrunFixhealth.sp::IsTankRunActive
L 12/29/2025 - 19:03:45: [SM]   [2] Line 54, C:\Users\Moises\Downloads\Compressed\sourcemod-1.11.0-git6968-windows\addons\sourcemod\scripting\ÒankrunFixhealth.sp::Event_RoundStart
L 12/29/2025 - 19:03:45: [SM] Exception reported: Invalid timer handle f8000442 (error 1)
L 12/29/2025 - 19:03:45: [SM] Blaming: l4d2_playerjoining_v2.smx
L 12/29/2025 - 19:03:45: [SM] Call stack trace:
L 12/29/2025 - 19:03:45: [SM]   [0] KillTimer
L 12/29/2025 - 19:03:45: [SM]   [1] Line 53, C:\Users\Moises\Downloads\Compressed\sourcemod-1.11.0-git6968-windows\addons\sourcemod\scripting\l4d2_playerjoining_v2.sp::OnClientDisconnect
L 12/29/2025 - 19:03:49: [SM] Exception reported: Invalid convar handle 0 (error 4)
L 12/29/2025 - 19:03:49: [SM] Blaming: ÒankrunFixhealth.smx
L 12/29/2025 - 19:03:49: [SM] Call stack trace:
L 12/29/2025 - 19:03:49: [SM]   [0] GetConVarString
L 12/29/2025 - 19:03:49: [SM]   [1] Line 138, C:\Users\Moises\Downloads\Compressed\sourcemod-1.11.0-git6968-windows\addons\sourcemod\scripting\ÒankrunFixhealth.sp::IsTankRunActive
L 12/29/2025 - 19:03:49: [SM]   [2] Line 36, C:\Users\Moises\Downloads\Compressed\sourcemod-1.11.0-git6968-windows\addons\sourcemod\scripting\ÒankrunFixhealth.sp::Timer_PeriodicCheck
L 12/29/2025 - 19:03:59: [SM] Exception reported: Invalid convar handle 0 (error 4)
L 12/29/2025 - 19:03:59: [SM] Blaming: ÒankrunFixhealth.smx
L 12/29/2025 - 19:03:59: [SM] Call stack trace:
L 12/29/2025 - 19:03:59: [SM]   [0] GetConVarString
L 12/29/2025 - 19:03:59: [SM]   [1] Line 138, C:\Users\Moises\Downloads\Compressed\sourcemod-1.11.0-git6968-windows\addons\sourcemod\scripting\ÒankrunFixhealth.sp::IsTankRunActive
L 12/29/2025 - 19:03:59: [SM]   [2] Line 36, C:\Users\Moises\Downloads\Compressed\sourcemod-1.11.0-git6968-windows\addons\sourcemod\scripting\ÒankrunFixhealth.sp::Timer_PeriodicCheck
L 12/29/2025 - 19:04:09: [SM] Exception reported: Invalid convar handle 0 (error 4)
L 12/29/2025 - 19:04:09: [SM] Blaming: ÒankrunFixhealth.smx
L 12/29/2025 - 19:04:09: [SM] Call stack trace:
L 12/29/2025 - 19:04:09: [SM]   [0] GetConVarString
L 12/29/2025 - 19:04:09: [SM]   [1] Line 138, C:\Users\Moises\Downloads\Compressed\sourcemod-1.11.0-git6968-windows\addons\sourcemod\scripting\ÒankrunFixhealth.sp::IsTankRunActive
L 12/29/2025 - 19:04:09: [SM]   [2] Line 36, C:\Users\Moises\Downloads\Compressed\sourcemod-1.11.0-git6968-windows\addons\sourcemod\scripting\ÒankrunFixhealth.sp::Timer_PeriodicCheck
L 12/29/2025 - 19:04:11: [SM] Exception reported: Invalid convar handle 0 (error 4)
L 12/29/2025 - 19:04:11: [SM] Blaming: ÒankrunFixhealth.smx
L 12/29/2025 - 19:04:11: [SM] Call stack trace:
L 12/29/2025 - 19:04:11: [SM]   [0] GetConVarString
L 12/29/2025 - 19:04:11: [SM]   [1] Line 138, C:\Users\Moises\Downloads\Compressed\sourcemod-1.11.0-git6968-windows\addons\sourcemod\scripting\ÒankrunFixhealth.sp::IsTankRunActive
L 12/29/2025 - 19:04:11: [SM]   [2] Line 79, C:\Users\Moises\Downloads\Compressed\sourcemod-1.11.0-git6968-windows\addons\sourcemod\scripting\ÒankrunFixhealth.sp::Event_PlayerDeath
L 12/29/2025 - 19:04:11: [SM] Exception reported: Language phrase "Please wait to be revived or rescued" not found (arg 6)
L 12/29/2025 - 19:04:11: [SM] Blaming: l4dmultislots.smx
L 12/29/2025 - 19:04:11: [SM] Call stack trace:
L 12/29/2025 - 19:04:11: [SM]   [0] PrintToChat
L 12/29/2025 - 19:04:11: [SM]   [1] Line 953, d:\Github\Private-Work\L4D2-Êèí‰ª∂\scripting_1.11\l4dmultislots.sp::Timer_SpecCheck
L 12/29/2025 - 19:04:18: [SM] Exception reported: Invalid convar handle 0 (error 4)
L 12/29/2025 - 19:04:18: [SM] Blaming: ÒankrunFixhealth.smx
L 12/29/2025 - 19:04:18: [SM] Call stack trace:
L 12/29/2025 - 19:04:18: [SM]   [0] GetConVarString
L 12/29/2025 - 19:04:18: [SM]   [1] Line 138, C:\Users\Moises\Downloads\Compressed\sourcemod-1.11.0-git6968-windows\addons\sourcemod\scripting\ÒankrunFixhealth.sp::IsTankRunActive
L 12/29/2025 - 19:04:18: [SM]   [2] Line 79, C:\Users\Moises\Downloads\Compressed\sourcemod-1.11.0-git6968-windows\addons\sourcemod\scripting\ÒankrunFixhealth.sp::Event_PlayerDeath
L 12/29/2025 - 19:04:19: [SM] Exception reported: Invalid convar handle 0 (error 4)
L 12/29/2025 - 19:04:19: [SM] Blaming: ÒankrunFixhealth.smx
L 12/29/2025 - 19:04:19: [SM] Call stack trace:
L 12/29/2025 - 19:04:19: [SM]   [0] GetConVarString
L 12/29/2025 - 19:04:19: [SM]   [1] Line 138, C:\Users\Moises\Downloads\Compressed\sourcemod-1.11.0-git6968-windows\addons\sourcemod\scripting\ÒankrunFixhealth.sp::IsTankRunActive
L 12/29/2025 - 19:04:19: [SM]   [2] Line 36, C:\Users\Moises\Downloads\Compressed\sourcemod-1.11.0-git6968-windows\addons\sourcemod\scripting\ÒankrunFixhealth.sp::Timer_PeriodicCheck
L 12/29/2025 - 19:04:24: [SM] Exception reported: Invalid convar handle 0 (error 4)
L 12/29/2025 - 19:04:24: [SM] Blaming: ÒankrunFixhealth.smx
L 12/29/2025 - 19:04:24: [SM] Call stack trace:
L 12/29/2025 - 19:04:24: [SM]   [0] GetConVarString
L 12/29/2025 - 19:04:24: [SM]   [1] Line 138, C:\Users\Moises\Downloads\Compressed\sourcemod-1.11.0-git6968-windows\addons\sourcemod\scripting\ÒankrunFixhealth.sp::IsTankRunActive
L 12/29/2025 - 19:04:24: [SM]   [2] Line 79, C:\Users\Moises\Downloads\Compressed\sourcemod-1.11.0-git6968-windows\addons\sourcemod\scripting\ÒankrunFixhealth.sp::Event_PlayerDeath
L 12/29/2025 - 19:04:29: [SM] Exception reported: Invalid convar handle 0 (error 4)
L 12/29/2025 - 19:04:29: [SM] Blaming: ÒankrunFixhealth.smx
L 12/29/2025 - 19:04:29: [SM] Call stack trace:
L 12/29/2025 - 19:04:29: [SM]   [0] GetConVarString
L 12/29/2025 - 19:04:29: [SM]   [1] Line 138, C:\Users\Moises\Downloads\Compressed\sourcemod-1.11.0-git6968-windows\addons\sourcemod\scripting\ÒankrunFixhealth.sp::IsTankRunActive
L 12/29/2025 - 19:04:29: [SM]   [2] Line 36, C:\Users\Moises\Downloads\Compressed\sourcemod-1.11.0-git6968-windows\addons\sourcemod\scripting\ÒankrunFixhealth.sp::Timer_PeriodicCheck
L 12/29/2025 - 19:04:32: [SM] Exception reported: Invalid convar handle 0 (error 4)
L 12/29/2025 - 19:04:32: [SM] Blaming: ÒankrunFixhealth.smx
L 12/29/2025 - 19:04:32: [SM] Call stack trace:
L 12/29/2025 - 19:04:32: [SM]   [0] GetConVarString
L 12/29/2025 - 19:04:32: [SM]   [1] Line 138, C:\Users\Moises\Downloads\Compressed\sourcemod-1.11.0-git6968-windows\addons\sourcemod\scripting\ÒankrunFixhealth.sp::IsTankRunActive
L 12/29/2025 - 19:04:32: [SM]   [2] Line 79, C:\Users\Moises\Downloads\Compressed\sourcemod-1.11.0-git6968-windows\addons\sourcemod\scripting\ÒankrunFixhealth.sp::Event_PlayerDeath
L 12/29/2025 - 19:04:36: [SM] Exception reported: Language phrase "Please wait to be revived or rescued" not found (arg 6)
L 12/29/2025 - 19:04:36: [SM] Blaming: l4dmultislots.smx
L 12/29/2025 - 19:04:36: [SM] Call stack trace:
L 12/29/2025 - 19:04:36: [SM]   [0] PrintToChat
L 12/29/2025 - 19:04:36: [SM]   [1] Line 953, d:\Github\Private-Work\L4D2-Êèí‰ª∂\scripting_1.11\l4dmultislots.sp::Timer_SpecCheck
L 12/29/2025 - 19:04:39: [SM] Exception reported: Invalid convar handle 0 (error 4)
L 12/29/2025 - 19:04:39: [SM] Blaming: ÒankrunFixhealth.smx
L 12/29/2025 - 19:04:39: [SM] Call stack trace:
L 12/29/2025 - 19:04:39: [SM]   [0] GetConVarString
L 12/29/2025 - 19:04:39: [SM]   [1] Line 138, C:\Users\Moises\Downloads\Compressed\sourcemod-1.11.0-git6968-windows\addons\sourcemod\scripting\ÒankrunFixhealth.sp::IsTankRunActive
L 12/29/2025 - 19:04:39: [SM]   [2] Line 36, C:\Users\Moises\Downloads\Compressed\sourcemod-1.11.0-git6968-windows\addons\sourcemod\scripting\ÒankrunFixhealth.sp::Timer_PeriodicCheck
L 12/29/2025 - 19:04:49: [SM] Exception reported: Invalid convar handle 0 (error 4)
L 12/29/2025 - 19:04:49: [SM] Blaming: ÒankrunFixhealth.smx
L 12/29/2025 - 19:04:49: [SM] Call stack trace:
L 12/29/2025 - 19:04:49: [SM]   [0] GetConVarString
L 12/29/2025 - 19:04:49: [SM]   [1] Line 138, C:\Users\Moises\Downloads\Compressed\sourcemod-1.11.0-git6968-windows\addons\sourcemod\scripting\ÒankrunFixhealth.sp::IsTankRunActive
L 12/29/2025 - 19:04:49: [SM]   [2] Line 36, C:\Users\Moises\Downloads\Compressed\sourcemod-1.11.0-git6968-windows\addons\sourcemod\scripting\ÒankrunFixhealth.sp::Timer_PeriodicCheck
L 12/29/2025 - 19:04:49: [SM] Exception reported: Invalid convar handle 0 (error 4)
L 12/29/2025 - 19:04:49: [SM] Blaming: ÒankrunFixhealth.smx
L 12/29/2025 - 19:04:49: [SM] Call stack trace:
L 12/29/2025 - 19:04:49: [SM]   [0] GetConVarString
L 12/29/2025 - 19:04:49: [SM]   [1] Line 138, C:\Users\Moises\Downloads\Compressed\sourcemod-1.11.0-git6968-windows\addons\sourcemod\scripting\ÒankrunFixhealth.sp::IsTankRunActive
L 12/29/2025 - 19:04:49: [SM]   [2] Line 79, C:\Users\Moises\Downloads\Compressed\sourcemod-1.11.0-git6968-windows\addons\sourcemod\scripting\ÒankrunFixhealth.sp::Event_PlayerDeath
L 12/29/2025 - 19:04:51: [SM] Exception reported: Invalid convar handle 0 (error 4)
L 12/29/2025 - 19:04:52: [SM] Blaming: ÒankrunFixhealth.smx
L 12/29/2025 - 19:04:52: [SM] Call stack trace:
L 12/29/2025 - 19:04:52: [SM]   [0] GetConVarString
L 12/29/2025 - 19:04:52: [SM]   [1] Line 138, C:\Users\Moises\Downloads\Compressed\sourcemod-1.11.0-git6968-windows\addons\sourcemod\scripting\ÒankrunFixhealth.sp::IsTankRunActive
L 12/29/2025 - 19:04:52: [SM]   [2] Line 79, C:\Users\Moises\Downloads\Compressed\sourcemod-1.11.0-git6968-windows\addons\sourcemod\scripting\ÒankrunFixhealth.sp::Event_PlayerDeath
L 12/29/2025 - 19:04:57: [SM] Exception reported: Invalid timer handle f8000442 (error 3)
L 12/29/2025 - 19:04:57: [SM] Blaming: l4d2_playerjoining_v2.smx
L 12/29/2025 - 19:04:57: [SM] Call stack trace:
L 12/29/2025 - 19:04:57: [SM]   [0] KillTimer
L 12/29/2025 - 19:04:57: [SM]   [1] Line 53, C:\Users\Moises\Downloads\Compressed\sourcemod-1.11.0-git6968-windows\addons\sourcemod\scripting\l4d2_playerjoining_v2.sp::OnClientDisconnect
L 12/29/2025 - 19:04:59: [SM] Exception reported: Invalid convar handle 0 (error 4)
L 12/29/2025 - 19:04:59: [SM] Blaming: ÒankrunFixhealth.smx
L 12/29/2025 - 19:04:59: [SM] Call stack trace:
L 12/29/2025 - 19:04:59: [SM]   [0] GetConVarString
L 12/29/2025 - 19:04:59: [SM]   [1] Line 138, C:\Users\Moises\Downloads\Compressed\sourcemod-1.11.0-git6968-windows\addons\sourcemod\scripting\ÒankrunFixhealth.sp::IsTankRunActive
L 12/29/2025 - 19:04:59: [SM]   [2] Line 36, C:\Users\Moises\Downloads\Compressed\sourcemod-1.11.0-git6968-windows\addons\sourcemod\scripting\ÒankrunFixhealth.sp::Timer_PeriodicCheck
L 12/29/2025 - 19:04:59: [SM] Exception reported: Invalid timer handle 77d0044a (error 3)
L 12/29/2025 - 19:04:59: [SM] Blaming: l4d2_playerjoining_v2.smx
L 12/29/2025 - 19:04:59: [SM] Call stack trace:
L 12/29/2025 - 19:04:59: [SM]   [0] KillTimer
L 12/29/2025 - 19:04:59: [SM]   [1] Line 53, C:\Users\Moises\Downloads\Compressed\sourcemod-1.11.0-git6968-windows\addons\sourcemod\scripting\l4d2_playerjoining_v2.sp::OnClientDisconnect
L 12/29/2025 - 19:05:01: [SM] Exception reported: Language phrase "Please wait to be revived or rescued" not found (arg 6)
L 12/29/2025 - 19:05:01: [SM] Blaming: l4dmultislots.smx
L 12/29/2025 - 19:05:01: [SM] Call stack trace:
L 12/29/2025 - 19:05:01: [SM]   [0] PrintToChat
L 12/29/2025 - 19:05:01: [SM]   [1] Line 953, d:\Github\Private-Work\L4D2-Êèí‰ª∂\scripting_1.11\l4dmultislots.sp::Timer_SpecCheck
L 12/29/2025 - 19:05:09: [SM] Exception reported: Invalid convar handle 0 (error 4)
L 12/29/2025 - 19:05:09: [SM] Blaming: ÒankrunFixhealth.smx
L 12/29/2025 - 19:05:09: [SM] Call stack trace:
L 12/29/2025 - 19:05:09: [SM]   [0] GetConVarString
L 12/29/2025 - 19:05:09: [SM]   [1] Line 138, C:\Users\Moises\Downloads\Compressed\sourcemod-1.11.0-git6968-windows\addons\sourcemod\scripting\ÒankrunFixhealth.sp::IsTankRunActive
L 12/29/2025 - 19:05:09: [SM]   [2] Line 36, C:\Users\Moises\Downloads\Compressed\sourcemod-1.11.0-git6968-windows\addons\sourcemod\scripting\ÒankrunFixhealth.sp::Timer_PeriodicCheck
L 12/29/2025 - 19:05:19: [SM] Exception reported: Invalid convar handle 0 (error 4)
L 12/29/2025 - 19:05:19: [SM] Blaming: ÒankrunFixhealth.smx
L 12/29/2025 - 19:05:19: [SM] Call stack trace:
L 12/29/2025 - 19:05:19: [SM]   [0] GetConVarString
L 12/29/2025 - 19:05:19: [SM]   [1] Line 138, C:\Users\Moises\Downloads\Compressed\sourcemod-1.11.0-git6968-windows\addons\sourcemod\scripting\ÒankrunFixhealth.sp::IsTankRunActive
L 12/29/2025 - 19:05:19: [SM]   [2] Line 36, C:\Users\Moises\Downloads\Compressed\sourcemod-1.11.0-git6968-windows\addons\sourcemod\scripting\ÒankrunFixhealth.sp::Timer_PeriodicCheck
L 12/29/2025 - 19:05:26: [SM] Exception reported: Language phrase "Please wait to be revived or rescued" not found (arg 6)
L 12/29/2025 - 19:05:26: [SM] Blaming: l4dmultislots.smx
L 12/29/2025 - 19:05:26: [SM] Call stack trace:
L 12/29/2025 - 19:05:26: [SM]   [0] PrintToChat
L 12/29/2025 - 19:05:26: [SM]   [1] Line 953, d:\Github\Private-Work\L4D2-Êèí‰ª∂\scripting_1.11\l4dmultislots.sp::Timer_SpecCheck
L 12/29/2025 - 19:05:29: [SM] Exception reported: Invalid convar handle 0 (error 4)
L 12/29/2025 - 19:05:29: [SM] Blaming: ÒankrunFixhealth.smx
L 12/29/2025 - 19:05:29: [SM] Call stack trace:
L 12/29/2025 - 19:05:29: [SM]   [0] GetConVarString
L 12/29/2025 - 19:05:29: [SM]   [1] Line 138, C:\Users\Moises\Downloads\Compressed\sourcemod-1.11.0-git6968-windows\addons\sourcemod\scripting\ÒankrunFixhealth.sp::IsTankRunActive
L 12/29/2025 - 19:05:29: [SM]   [2] Line 36, C:\Users\Moises\Downloads\Compressed\sourcemod-1.11.0-git6968-windows\addons\sourcemod\scripting\ÒankrunFixhealth.sp::Timer_PeriodicCheck
L 12/29/2025 - 19:05:30: [SM] Exception reported: Invalid convar handle 0 (error 4)
L 12/29/2025 - 19:05:30: [SM] Blaming: ÒankrunFixhealth.smx
L 12/29/2025 - 19:05:30: [SM] Call stack trace:
L 12/29/2025 - 19:05:30: [SM]   [0] GetConVarString
L 12/29/2025 - 19:05:30: [SM]   [1] Line 138, C:\Users\Moises\Downloads\Compressed\sourcemod-1.11.0-git6968-windows\addons\sourcemod\scripting\ÒankrunFixhealth.sp::IsTankRunActive
L 12/29/2025 - 19:05:30: [SM]   [2] Line 79, C:\Users\Moises\Downloads\Compressed\sourcemod-1.11.0-git6968-windows\addons\sourcemod\scripting\ÒankrunFixhealth.sp::Event_PlayerDeath
L 12/29/2025 - 19:05:31: [SM] Exception reported: Invalid convar handle 0 (error 4)
L 12/29/2025 - 19:05:31: [SM] Blaming: ÒankrunFixhealth.smx
L 12/29/2025 - 19:05:31: [SM] Call stack trace:
L 12/29/2025 - 19:05:31: [SM]   [0] GetConVarString
L 12/29/2025 - 19:05:31: [SM]   [1] Line 138, C:\Users\Moises\Downloads\Compressed\sourcemod-1.11.0-git6968-windows\addons\sourcemod\scripting\ÒankrunFixhealth.sp::IsTankRunActive
L 12/29/2025 - 19:05:31: [SM]   [2] Line 79, C:\Users\Moises\Downloads\Compressed\sourcemod-1.11.0-git6968-windows\addons\sourcemod\scripting\ÒankrunFixhealth.sp::Event_PlayerDeath
L 12/29/2025 - 19:05:39: [SM] Exception reported: Invalid convar handle 0 (error 4)
L 12/29/2025 - 19:05:39: [SM] Blaming: ÒankrunFixhealth.smx
L 12/29/2025 - 19:05:39: [SM] Call stack trace:
L 12/29/2025 - 19:05:39: [SM]   [0] GetConVarString
L 12/29/2025 - 19:05:39: [SM]   [1] Line 138, C:\Users\Moises\Downloads\Compressed\sourcemod-1.11.0-git6968-windows\addons\sourcemod\scripting\ÒankrunFixhealth.sp::IsTankRunActive
L 12/29/2025 - 19:05:39: [SM]   [2] Line 36, C:\Users\Moises\Downloads\Compressed\sourcemod-1.11.0-git6968-windows\addons\sourcemod\scripting\ÒankrunFixhealth.sp::Timer_PeriodicCheck
L 12/29/2025 - 19:05:43: [SM] Exception reported: Invalid convar handle 0 (error 4)
L 12/29/2025 - 19:05:43: [SM] Blaming: ÒankrunFixhealth.smx
L 12/29/2025 - 19:05:43: [SM] Call stack trace:
L 12/29/2025 - 19:05:43: [SM]   [0] GetConVarString
L 12/29/2025 - 19:05:43: [SM]   [1] Line 138, C:\Users\Moises\Downloads\Compressed\sourcemod-1.11.0-git6968-windows\addons\sourcemod\scripting\ÒankrunFixhealth.sp::IsTankRunActive
L 12/29/2025 - 19:05:43: [SM]   [2] Line 79, C:\Users\Moises\Downloads\Compressed\sourcemod-1.11.0-git6968-windows\addons\sourcemod\scripting\ÒankrunFixhealth.sp::Event_PlayerDeath
L 12/29/2025 - 19:05:49: [SM] Exception reported: Invalid convar handle 0 (error 4)
L 12/29/2025 - 19:05:49: [SM] Blaming: ÒankrunFixhealth.smx
L 12/29/2025 - 19:05:49: [SM] Call stack trace:
L 12/29/2025 - 19:05:49: [SM]   [0] GetConVarString
L 12/29/2025 - 19:05:49: [SM]   [1] Line 138, C:\Users\Moises\Downloads\Compressed\sourcemod-1.11.0-git6968-windows\addons\sourcemod\scripting\ÒankrunFixhealth.sp::IsTankRunActive
L 12/29/2025 - 19:05:49: [SM]   [2] Line 36, C:\Users\Moises\Downloads\Compressed\sourcemod-1.11.0-git6968-windows\addons\sourcemod\scripting\ÒankrunFixhealth.sp::Timer_PeriodicCheck
L 12/29/2025 - 19:05:50: [SM] Exception reported: Invalid convar handle 0 (error 4)
L 12/29/2025 - 19:05:50: [SM] Blaming: ÒankrunFixhealth.smx
L 12/29/2025 - 19:05:50: [SM] Call stack trace:
L 12/29/2025 - 19:05:50: [SM]   [0] GetConVarString
L 12/29/2025 - 19:05:50: [SM]   [1] Line 138, C:\Users\Moises\Downloads\Compressed\sourcemod-1.11.0-git6968-windows\addons\sourcemod\scripting\ÒankrunFixhealth.sp::IsTankRunActive
L 12/29/2025 - 19:05:50: [SM]   [2] Line 79, C:\Users\Moises\Downloads\Compressed\sourcemod-1.11.0-git6968-windows\addons\sourcemod\scripting\ÒankrunFixhealth.sp::Event_PlayerDeath
L 12/29/2025 - 19:05:51: [SM] Exception reported: Language phrase "Please wait to be revived or rescued" not found (arg 6)
L 12/29/2025 - 19:05:51: [SM] Blaming: l4dmultislots.smx
L 12/29/2025 - 19:05:51: [SM] Call stack trace:
L 12/29/2025 - 19:05:51: [SM]   [0] PrintToChat
L 12/29/2025 - 19:05:51: [SM]   [1] Line 953, d:\Github\Private-Work\L4D2-Êèí‰ª∂\scripting_1.11\l4dmultislots.sp::Timer_SpecCheck
L 12/29/2025 - 19:05:59: [SM] Exception reported: Invalid convar handle 0 (error 4)
L 12/29/2025 - 19:05:59: [SM] Blaming: ÒankrunFixhealth.smx
L 12/29/2025 - 19:05:59: [SM] Call stack trace:
L 12/29/2025 - 19:05:59: [SM]   [0] GetConVarString
L 12/29/2025 - 19:05:59: [SM]   [1] Line 138, C:\Users\Moises\Downloads\Compressed\sourcemod-1.11.0-git6968-windows\addons\sourcemod\scripting\ÒankrunFixhealth.sp::IsTankRunActive
L 12/29/2025 - 19:05:59: [SM]   [2] Line 36, C:\Users\Moises\Downloads\Compressed\sourcemod-1.11.0-git6968-windows\addons\sourcemod\scripting\ÒankrunFixhealth.sp::Timer_PeriodicCheck
L 12/29/2025 - 19:06:00: [SM] Exception reported: Invalid convar handle 0 (error 4)
L 12/29/2025 - 19:06:00: [SM] Blaming: ÒankrunFixhealth.smx
L 12/29/2025 - 19:06:00: [SM] Call stack trace:
L 12/29/2025 - 19:06:00: [SM]   [0] GetConVarString
L 12/29/2025 - 19:06:00: [SM]   [1] Line 138, C:\Users\Moises\Downloads\Compressed\sourcemod-1.11.0-git6968-windows\addons\sourcemod\scripting\ÒankrunFixhealth.sp::IsTankRunActive
L 12/29/2025 - 19:06:00: [SM]   [2] Line 79, C:\Users\Moises\Downloads\Compressed\sourcemod-1.11.0-git6968-windows\addons\sourcemod\scripting\ÒankrunFixhealth.sp::Event_PlayerDeath
L 12/29/2025 - 19:06:04: [SM] Exception reported: Invalid convar handle 0 (error 4)
L 12/29/2025 - 19:06:04: [SM] Blaming: ÒankrunFixhealth.smx
L 12/29/2025 - 19:06:04: [SM] Call stack trace:
L 12/29/2025 - 19:06:04: [SM]   [0] GetConVarString
L 12/29/2025 - 19:06:04: [SM]   [1] Line 138, C:\Users\Moises\Downloads\Compressed\sourcemod-1.11.0-git6968-windows\addons\sourcemod\scripting\ÒankrunFixhealth.sp::IsTankRunActive
L 12/29/2025 - 19:06:04: [SM]   [2] Line 79, C:\Users\Moises\Downloads\Compressed\sourcemod-1.11.0-git6968-windows\addons\sourcemod\scripting\ÒankrunFixhealth.sp::Event_PlayerDeath
L 12/29/2025 - 19:06:09: [SM] Exception reported: Invalid convar handle 0 (error 4)
L 12/29/2025 - 19:06:09: [SM] Blaming: ÒankrunFixhealth.smx
L 12/29/2025 - 19:06:09: [SM] Call stack trace:
L 12/29/2025 - 19:06:09: [SM]   [0] GetConVarString
L 12/29/2025 - 19:06:09: [SM]   [1] Line 138, C:\Users\Moises\Downloads\Compressed\sourcemod-1.11.0-git6968-windows\addons\sourcemod\scripting\ÒankrunFixhealth.sp::IsTankRunActive
L 12/29/2025 - 19:06:09: [SM]   [2] Line 36, C:\Users\Moises\Downloads\Compressed\sourcemod-1.11.0-git6968-windows\addons\sourcemod\scripting\ÒankrunFixhealth.sp::Timer_PeriodicCheck
L 12/29/2025 - 19:06:11: [SM] Exception reported: Invalid timer handle f8000442 (error 3)
L 12/29/2025 - 19:06:11: [SM] Blaming: l4d2_playerjoining_v2.smx
L 12/29/2025 - 19:06:11: [SM] Call stack trace:
L 12/29/2025 - 19:06:11: [SM]   [0] KillTimer
L 12/29/2025 - 19:06:11: [SM]   [1] Line 53, C:\Users\Moises\Downloads\Compressed\sourcemod-1.11.0-git6968-windows\addons\sourcemod\scripting\l4d2_playerjoining_v2.sp::OnClientDisconnect
L 12/29/2025 - 19:06:16: [SM] Exception reported: Language phrase "Please wait to be revived or rescued" not found (arg 6)
L 12/29/2025 - 19:06:16: [SM] Blaming: l4dmultislots.smx
L 12/29/2025 - 19:06:16: [SM] Call stack trace:
L 12/29/2025 - 19:06:16: [SM]   [0] PrintToChat
L 12/29/2025 - 19:06:16: [SM]   [1] Line 953, d:\Github\Private-Work\L4D2-Êèí‰ª∂\scripting_1.11\l4dmultislots.sp::Timer_SpecCheck
L 12/29/2025 - 19:06:19: [SM] Exception reported: Invalid convar handle 0 (error 4)
L 12/29/2025 - 19:06:19: [SM] Blaming: ÒankrunFixhealth.smx
L 12/29/2025 - 19:06:19: [SM] Call stack trace:
L 12/29/2025 - 19:06:19: [SM]   [0] GetConVarString
L 12/29/2025 - 19:06:19: [SM]   [1] Line 138, C:\Users\Moises\Downloads\Compressed\sourcemod-1.11.0-git6968-windows\addons\sourcemod\scripting\ÒankrunFixhealth.sp::IsTankRunActive
L 12/29/2025 - 19:06:19: [SM]   [2] Line 36, C:\Users\Moises\Downloads\Compressed\sourcemod-1.11.0-git6968-windows\addons\sourcemod\scripting\ÒankrunFixhealth.sp::Timer_PeriodicCheck
L 12/29/2025 - 19:06:29: [SM] Exception reported: Invalid convar handle 0 (error 4)
L 12/29/2025 - 19:06:29: [SM] Blaming: ÒankrunFixhealth.smx
L 12/29/2025 - 19:06:29: [SM] Call stack trace:
L 12/29/2025 - 19:06:29: [SM]   [0] GetConVarString
L 12/29/2025 - 19:06:29: [SM]   [1] Line 138, C:\Users\Moises\Downloads\Compressed\sourcemod-1.11.0-git6968-windows\addons\sourcemod\scripting\ÒankrunFixhealth.sp::IsTankRunActive
L 12/29/2025 - 19:06:29: [SM]   [2] Line 36, C:\Users\Moises\Downloads\Compressed\sourcemod-1.11.0-git6968-windows\addons\sourcemod\scripting\ÒankrunFixhealth.sp::Timer_PeriodicCheck
L 12/29/2025 - 19:06:30: [SM] Exception reported: Invalid convar handle 0 (error 4)
L 12/29/2025 - 19:06:30: [SM] Blaming: ÒankrunFixhealth.smx
L 12/29/2025 - 19:06:30: [SM] Call stack trace:
L 12/29/2025 - 19:06:30: [SM]   [0] GetConVarString
L 12/29/2025 - 19:06:30: [SM]   [1] Line 138, C:\Users\Moises\Downloads\Compressed\sourcemod-1.11.0-git6968-windows\addons\sourcemod\scripting\ÒankrunFixhealth.sp::IsTankRunActive
L 12/29/2025 - 19:06:30: [SM]   [2] Line 79, C:\Users\Moises\Downloads\Compressed\sourcemod-1.11.0-git6968-windows\addons\sourcemod\scripting\ÒankrunFixhealth.sp::Event_PlayerDeath
L 12/29/2025 - 19:06:30: [SM] Exception reported: Invalid convar handle 0 (error 4)
L 12/29/2025 - 19:06:30: [SM] Blaming: ÒankrunFixhealth.smx
L 12/29/2025 - 19:06:30: [SM] Call stack trace:
L 12/29/2025 - 19:06:30: [SM]   [0] GetConVarString
L 12/29/2025 - 19:06:30: [SM]   [1] Line 138, C:\Users\Moises\Downloads\Compressed\sourcemod-1.11.0-git6968-windows\addons\sourcemod\scripting\ÒankrunFixhealth.sp::IsTankRunActive
L 12/29/2025 - 19:06:30: [SM]   [2] Line 79, C:\Users\Moises\Downloads\Compressed\sourcemod-1.11.0-git6968-windows\addons\sourcemod\scripting\ÒankrunFixhealth.sp::Event_PlayerDeath
L 12/29/2025 - 19:06:37: [SM] Exception reported: Invalid timer handle 77d0044a (error 3)
L 12/29/2025 - 19:06:37: [SM] Blaming: l4d2_playerjoining_v2.smx
L 12/29/2025 - 19:06:37: [SM] Call stack trace:
L 12/29/2025 - 19:06:37: [SM]   [0] KillTimer
L 12/29/2025 - 19:06:37: [SM]   [1] Line 53, C:\Users\Moises\Downloads\Compressed\sourcemod-1.11.0-git6968-windows\addons\sourcemod\scripting\l4d2_playerjoining_v2.sp::OnClientDisconnect
L 12/29/2025 - 19:06:39: [SM] Exception reported: Invalid convar handle 0 (error 4)
L 12/29/2025 - 19:06:39: [SM] Blaming: ÒankrunFixhealth.smx
L 12/29/2025 - 19:06:39: [SM] Call stack trace:
L 12/29/2025 - 19:06:39: [SM]   [0] GetConVarString
L 12/29/2025 - 19:06:39: [SM]   [1] Line 138, C:\Users\Moises\Downloads\Compressed\sourcemod-1.11.0-git6968-windows\addons\sourcemod\scripting\ÒankrunFixhealth.sp::IsTankRunActive
L 12/29/2025 - 19:06:39: [SM]   [2] Line 36, C:\Users\Moises\Downloads\Compressed\sourcemod-1.11.0-git6968-windows\addons\sourcemod\scripting\ÒankrunFixhealth.sp::Timer_PeriodicCheck
L 12/29/2025 - 19:06:41: [SM] Exception reported: Language phrase "Please wait to be revived or rescued" not found (arg 6)
L 12/29/2025 - 19:06:41: [SM] Blaming: l4dmultislots.smx
L 12/29/2025 - 19:06:41: [SM] Call stack trace:
L 12/29/2025 - 19:06:41: [SM]   [0] PrintToChat
L 12/29/2025 - 19:06:41: [SM]   [1] Line 953, d:\Github\Private-Work\L4D2-Êèí‰ª∂\scripting_1.11\l4dmultislots.sp::Timer_SpecCheck
L 12/29/2025 - 19:06:49: [SM] Exception reported: Invalid convar handle 0 (error 4)
L 12/29/2025 - 19:06:49: [SM] Blaming: ÒankrunFixhealth.smx
L 12/29/2025 - 19:06:49: [SM] Call stack trace:
L 12/29/2025 - 19:06:49: [SM]   [0] GetConVarString
L 12/29/2025 - 19:06:49: [SM]   [1] Line 138, C:\Users\Moises\Downloads\Compressed\sourcemod-1.11.0-git6968-windows\addons\sourcemod\scripting\ÒankrunFixhealth.sp::IsTankRunActive
L 12/29/2025 - 19:06:49: [SM]   [2] Line 36, C:\Users\Moises\Downloads\Compressed\sourcemod-1.11.0-git6968-windows\addons\sourcemod\scripting\ÒankrunFixhealth.sp::Timer_PeriodicCheck
L 12/29/2025 - 19:06:49: [SM] Exception reported: Invalid convar handle 0 (error 4)
L 12/29/2025 - 19:06:49: [SM] Blaming: ÒankrunFixhealth.smx
L 12/29/2025 - 19:06:49: [SM] Call stack trace:
L 12/29/2025 - 19:06:49: [SM]   [0] GetConVarString
L 12/29/2025 - 19:06:49: [SM]   [1] Line 138, C:\Users\Moises\Downloads\Compressed\sourcemod-1.11.0-git6968-windows\addons\sourcemod\scripting\ÒankrunFixhealth.sp::IsTankRunActive
L 12/29/2025 - 19:06:49: [SM]   [2] Line 79, C:\Users\Moises\Downloads\Compressed\sourcemod-1.11.0-git6968-windows\addons\sourcemod\scripting\ÒankrunFixhealth.sp::Event_PlayerDeath
L 12/29/2025 - 19:06:56: [SM] Exception reported: Invalid timer handle f8000442 (error 3)
L 12/29/2025 - 19:06:56: [SM] Blaming: l4d2_playerjoining_v2.smx
L 12/29/2025 - 19:06:56: [SM] Call stack trace:
L 12/29/2025 - 19:06:56: [SM]   [0] KillTimer
L 12/29/2025 - 19:06:56: [SM]   [1] Line 53, C:\Users\Moises\Downloads\Compressed\sourcemod-1.11.0-git6968-windows\addons\sourcemod\scripting\l4d2_playerjoining_v2.sp::OnClientDisconnect
L 12/29/2025 - 19:06:59: [SM] Exception reported: Invalid convar handle 0 (error 4)
L 12/29/2025 - 19:06:59: [SM] Blaming: ÒankrunFixhealth.smx
L 12/29/2025 - 19:06:59: [SM] Call stack trace:
L 12/29/2025 - 19:06:59: [SM]   [0] GetConVarString
L 12/29/2025 - 19:06:59: [SM]   [1] Line 138, C:\Users\Moises\Downloads\Compressed\sourcemod-1.11.0-git6968-windows\addons\sourcemod\scripting\ÒankrunFixhealth.sp::IsTankRunActive
L 12/29/2025 - 19:06:59: [SM]   [2] Line 36, C:\Users\Moises\Downloads\Compressed\sourcemod-1.11.0-git6968-windows\addons\sourcemod\scripting\ÒankrunFixhealth.sp::Timer_PeriodicCheck
L 12/29/2025 - 19:07:03: [SM] Exception reported: Invalid convar handle 0 (error 4)
L 12/29/2025 - 19:07:03: [SM] Blaming: ÒankrunFixhealth.smx
L 12/29/2025 - 19:07:03: [SM] Call stack trace:
L 12/29/2025 - 19:07:03: [SM]   [0] GetConVarString
L 12/29/2025 - 19:07:03: [SM]   [1] Line 138, C:\Users\Moises\Downloads\Compressed\sourcemod-1.11.0-git6968-windows\addons\sourcemod\scripting\ÒankrunFixhealth.sp::IsTankRunActive
L 12/29/2025 - 19:07:03: [SM]   [2] Line 79, C:\Users\Moises\Downloads\Compressed\sourcemod-1.11.0-git6968-windows\addons\sourcemod\scripting\ÒankrunFixhealth.sp::Event_PlayerDeath
L 12/29/2025 - 19:07:06: [SM] Exception reported: Language phrase "Please wait to be revived or rescued" not found (arg 6)
L 12/29/2025 - 19:07:06: [SM] Blaming: l4dmultislots.smx
L 12/29/2025 - 19:07:06: [SM] Call stack trace:
L 12/29/2025 - 19:07:06: [SM]   [0] PrintToChat
L 12/29/2025 - 19:07:06: [SM]   [1] Line 953, d:\Github\Private-Work\L4D2-Êèí‰ª∂\scripting_1.11\l4dmultislots.sp::Timer_SpecCheck
L 12/29/2025 - 19:07:09: [SM] Exception reported: Invalid convar handle 0 (error 4)
L 12/29/2025 - 19:07:09: [SM] Blaming: ÒankrunFixhealth.smx
L 12/29/2025 - 19:07:09: [SM] Call stack trace:
L 12/29/2025 - 19:07:09: [SM]   [0] GetConVarString
L 12/29/2025 - 19:07:09: [SM]   [1] Line 138, C:\Users\Moises\Downloads\Compressed\sourcemod-1.11.0-git6968-windows\addons\sourcemod\scripting\ÒankrunFixhealth.sp::IsTankRunActive
L 12/29/2025 - 19:07:09: [SM]   [2] Line 36, C:\Users\Moises\Downloads\Compressed\sourcemod-1.11.0-git6968-windows\addons\sourcemod\scripting\ÒankrunFixhealth.sp::Timer_PeriodicCheck
L 12/29/2025 - 19:07:19: [SM] Exception reported: Invalid convar handle 0 (error 4)
L 12/29/2025 - 19:07:19: [SM] Blaming: ÒankrunFixhealth.smx
L 12/29/2025 - 19:07:19: [SM] Call stack trace:
L 12/29/2025 - 19:07:19: [SM]   [0] GetConVarString
L 12/29/2025 - 19:07:19: [SM]   [1] Line 138, C:\Users\Moises\Downloads\Compressed\sourcemod-1.11.0-git6968-windows\addons\sourcemod\scripting\ÒankrunFixhealth.sp::IsTankRunActive
L 12/29/2025 - 19:07:19: [SM]   [2] Line 36, C:\Users\Moises\Downloads\Compressed\sourcemod-1.11.0-git6968-windows\addons\sourcemod\scripting\ÒankrunFixhealth.sp::Timer_PeriodicCheck
L 12/29/2025 - 19:07:21: [SM] Exception reported: Invalid convar handle 0 (error 4)
L 12/29/2025 - 19:07:21: [SM] Blaming: ÒankrunFixhealth.smx
L 12/29/2025 - 19:07:21: [SM] Call stack trace:
L 12/29/2025 - 19:07:21: [SM]   [0] GetConVarString
L 12/29/2025 - 19:07:21: [SM]   [1] Line 138, C:\Users\Moises\Downloads\Compressed\sourcemod-1.11.0-git6968-windows\addons\sourcemod\scripting\ÒankrunFixhealth.sp::IsTankRunActive
L 12/29/2025 - 19:07:21: [SM]   [2] Line 79, C:\Users\Moises\Downloads\Compressed\sourcemod-1.11.0-git6968-windows\addons\sourcemod\scripting\ÒankrunFixhealth.sp::Event_PlayerDeath
L 12/29/2025 - 19:07:22: [SM] Exception reported: Invalid convar handle 0 (error 4)
L 12/29/2025 - 19:07:22: [SM] Blaming: ÒankrunFixhealth.smx
L 12/29/2025 - 19:07:22: [SM] Call stack trace:
L 12/29/2025 - 19:07:22: [SM]   [0] GetConVarString
L 12/29/2025 - 19:07:22: [SM]   [1] Line 138, C:\Users\Moises\Downloads\Compressed\sourcemod-1.11.0-git6968-windows\addons\sourcemod\scripting\ÒankrunFixhealth.sp::IsTankRunActive
L 12/29/2025 - 19:07:22: [SM]   [2] Line 71, C:\Users\Moises\Downloads\Compressed\sourcemod-1.11.0-git6968-windows\addons\sourcemod\scripting\ÒankrunFixhealth.sp::Event_MapTransition
L 12/29/2025 - 19:07:22: [SM] Exception reported: Invalid convar handle 0 (error 4)
L 12/29/2025 - 19:07:22: [SM] Blaming: ÒankrunFixhealth.smx
L 12/29/2025 - 19:07:22: [SM] Call stack trace:
L 12/29/2025 - 19:07:22: [SM]   [0] GetConVarString
L 12/29/2025 - 19:07:22: [SM]   [1] Line 138, C:\Users\Moises\Downloads\Compressed\sourcemod-1.11.0-git6968-windows\addons\sourcemod\scripting\ÒankrunFixhealth.sp::IsTankRunActive
L 12/29/2025 - 19:07:22: [SM]   [2] Line 79, C:\Users\Moises\Downloads\Compressed\sourcemod-1.11.0-git6968-windows\addons\sourcemod\scripting\ÒankrunFixhealth.sp::Event_PlayerDeath
L 12/29/2025 - 19:07:22: [SM] Exception reported: Invalid convar handle 0 (error 4)
L 12/29/2025 - 19:07:22: [SM] Blaming: ÒankrunFixhealth.smx
L 12/29/2025 - 19:07:22: [SM] Call stack trace:
L 12/29/2025 - 19:07:22: [SM]   [0] GetConVarString
L 12/29/2025 - 19:07:22: [SM]   [1] Line 138, C:\Users\Moises\Downloads\Compressed\sourcemod-1.11.0-git6968-windows\addons\sourcemod\scripting\ÒankrunFixhealth.sp::IsTankRunActive
L 12/29/2025 - 19:07:22: [SM]   [2] Line 79, C:\Users\Moises\Downloads\Compressed\sourcemod-1.11.0-git6968-windows\addons\sourcemod\scripting\ÒankrunFixhealth.sp::Event_PlayerDeath
L 12/29/2025 - 19:07:29: [SM] Exception reported: Invalid convar handle 0 (error 4)
L 12/29/2025 - 19:07:29: [SM] Blaming: ÒankrunFixhealth.smx
L 12/29/2025 - 19:07:29: [SM] Call stack trace:
L 12/29/2025 - 19:07:29: [SM]   [0] GetConVarString
L 12/29/2025 - 19:07:29: [SM]   [1] Line 138, C:\Users\Moises\Downloads\Compressed\sourcemod-1.11.0-git6968-windows\addons\sourcemod\scripting\ÒankrunFixhealth.sp::IsTankRunActive
L 12/29/2025 - 19:07:29: [SM]   [2] Line 36, C:\Users\Moises\Downloads\Compressed\sourcemod-1.11.0-git6968-windows\addons\sourcemod\scripting\ÒankrunFixhealth.sp::Timer_PeriodicCheck
L 12/29/2025 - 19:07:29: [SM] Exception reported: Invalid timer handle f8000442 (error 3)
L 12/29/2025 - 19:07:29: [SM] Blaming: l4d2_playerjoining_v2.smx
L 12/29/2025 - 19:07:29: [SM] Call stack trace:
L 12/29/2025 - 19:07:29: [SM]   [0] KillTimer
L 12/29/2025 - 19:07:29: [SM]   [1] Line 53, C:\Users\Moises\Downloads\Compressed\sourcemod-1.11.0-git6968-windows\addons\sourcemod\scripting\l4d2_playerjoining_v2.sp::OnClientDisconnect
L 12/29/2025 - 19:07:31: [SM] Exception reported: Invalid timer handle 77d0044a (error 3)
L 12/29/2025 - 19:07:31: [SM] Blaming: l4d2_playerjoining_v2.smx
L 12/29/2025 - 19:07:31: [SM] Call stack trace:
L 12/29/2025 - 19:07:31: [SM]   [0] KillTimer
L 12/29/2025 - 19:07:31: [SM]   [1] Line 53, C:\Users\Moises\Downloads\Compressed\sourcemod-1.11.0-git6968-windows\addons\sourcemod\scripting\l4d2_playerjoining_v2.sp::OnClientDisconnect
L 12/29/2025 - 19:07:31: [SM] Exception reported: Invalid timer handle c1000499 (error 1)
L 12/29/2025 - 19:07:31: [SM] Blaming: l4d2_playerjoining_v2.smx
L 12/29/2025 - 19:07:31: [SM] Call stack trace:
L 12/29/2025 - 19:07:31: [SM]   [0] KillTimer
L 12/29/2025 - 19:07:31: [SM]   [1] Line 53, C:\Users\Moises\Downloads\Compressed\sourcemod-1.11.0-git6968-windows\addons\sourcemod\scripting\l4d2_playerjoining_v2.sp::OnClientDisconnect
L 12/29/2025 - 19:07:32: Error log file session closed.
L 12/29/2025 - 19:07:32: SourceMod error session started
L 12/29/2025 - 19:07:32: Info (map "c1m4_atrium") (file "d:\steamlibrary\steamapps\common\left 4 dead 2\left4dead2\addons\sourcemod\logs\errors_20251229.log")
L 12/29/2025 - 19:07:32: [SM] Fatal error encountered parsing translation file "l4d_nth.phrases.txt"
L 12/29/2025 - 19:07:32: [SM] Error (line 0, column 0): Stream failed to open
L 12/29/2025 - 19:07:32: [SM] Fatal error encountered parsing translation file "chargersteering.phrases.txt"
L 12/29/2025 - 19:07:32: [SM] Error (line 0, column 0): Stream failed to open
L 12/29/2025 - 19:07:32: [SM] Fatal error encountered parsing translation file "l4dmultislots.phrases.txt"
L 12/29/2025 - 19:07:32: [SM] Error (line 0, column 0): Stream failed to open
L 12/29/2025 - 19:07:32: [SM] Fatal error encountered parsing translation file "lilac.phrases.txt"
L 12/29/2025 - 19:07:32: [SM] Error (line 0, column 0): Stream failed to open
L 12/29/2025 - 19:07:34: [SM] Exception reported: Invalid convar handle 0 (error 4)
L 12/29/2025 - 19:07:34: [SM] Blaming: ÒankrunFixhealth.smx
L 12/29/2025 - 19:07:34: [SM] Call stack trace:
L 12/29/2025 - 19:07:34: [SM]   [0] GetConVarString
L 12/29/2025 - 19:07:34: [SM]   [1] Line 138, C:\Users\Moises\Downloads\Compressed\sourcemod-1.11.0-git6968-windows\addons\sourcemod\scripting\ÒankrunFixhealth.sp::IsTankRunActive
L 12/29/2025 - 19:07:34: [SM]   [2] Line 54, C:\Users\Moises\Downloads\Compressed\sourcemod-1.11.0-git6968-windows\addons\sourcemod\scripting\ÒankrunFixhealth.sp::Event_RoundStart
L 12/29/2025 - 19:07:34: [l4d2_publicity.smx] [Publicity] No se encontraron mensajes en el archivo de configuraci√≥n
L 12/29/2025 - 19:07:44: [SM] Exception reported: Invalid convar handle 0 (error 4)
L 12/29/2025 - 19:07:44: [SM] Blaming: ÒankrunFixhealth.smx
L 12/29/2025 - 19:07:44: [SM] Call stack trace:
L 12/29/2025 - 19:07:44: [SM]   [0] GetConVarString
L 12/29/2025 - 19:07:44: [SM]   [1] Line 138, C:\Users\Moises\Downloads\Compressed\sourcemod-1.11.0-git6968-windows\addons\sourcemod\scripting\ÒankrunFixhealth.sp::IsTankRunActive
L 12/29/2025 - 19:07:44: [SM]   [2] Line 36, C:\Users\Moises\Downloads\Compressed\sourcemod-1.11.0-git6968-windows\addons\sourcemod\scripting\ÒankrunFixhealth.sp::Timer_PeriodicCheck
L 12/29/2025 - 19:07:54: [SM] Exception reported: Invalid convar handle 0 (error 4)
L 12/29/2025 - 19:07:54: [SM] Blaming: ÒankrunFixhealth.smx
L 12/29/2025 - 19:07:54: [SM] Call stack trace:
L 12/29/2025 - 19:07:54: [SM]   [0] GetConVarString
L 12/29/2025 - 19:07:54: [SM]   [1] Line 138, C:\Users\Moises\Downloads\Compressed\sourcemod-1.11.0-git6968-windows\addons\sourcemod\scripting\ÒankrunFixhealth.sp::IsTankRunActive
L 12/29/2025 - 19:07:54: [SM]   [2] Line 36, C:\Users\Moises\Downloads\Compressed\sourcemod-1.11.0-git6968-windows\addons\sourcemod\scripting\ÒankrunFixhealth.sp::Timer_PeriodicCheck
L 12/29/2025 - 19:08:05: [SM] Exception reported: Invalid timer handle c1000499 (error 3)
L 12/29/2025 - 19:08:05: [SM] Blaming: l4d2_playerjoining_v2.smx
L 12/29/2025 - 19:08:05: [SM] Call stack trace:
L 12/29/2025 - 19:08:05: [SM]   [0] KillTimer
L 12/29/2025 - 19:08:05: [SM]   [1] Line 53, C:\Users\Moises\Downloads\Compressed\sourcemod-1.11.0-git6968-windows\addons\sourcemod\scripting\l4d2_playerjoining_v2.sp::OnClientDisconnect
L 12/29/2025 - 19:08:07: [SM] Exception reported: Invalid convar handle 0 (error 4)
L 12/29/2025 - 19:08:07: [SM] Blaming: ÒankrunFixhealth.smx
L 12/29/2025 - 19:08:07: [SM] Call stack trace:
L 12/29/2025 - 19:08:07: [SM]   [0] GetConVarString
L 12/29/2025 - 19:08:07: [SM]   [1] Line 138, C:\Users\Moises\Downloads\Compressed\sourcemod-1.11.0-git6968-windows\addons\sourcemod\scripting\ÒankrunFixhealth.sp::IsTankRunActive
L 12/29/2025 - 19:08:07: [SM]   [2] Line 36, C:\Users\Moises\Downloads\Compressed\sourcemod-1.11.0-git6968-windows\addons\sourcemod\scripting\ÒankrunFixhealth.sp::Timer_PeriodicCheck
L 12/29/2025 - 19:08:17: [SM] Exception reported: Invalid convar handle 0 (error 4)
L 12/29/2025 - 19:08:17: [SM] Blaming: ÒankrunFixhealth.smx
L 12/29/2025 - 19:08:17: [SM] Call stack trace:
L 12/29/2025 - 19:08:17: [SM]   [0] GetConVarString
L 12/29/2025 - 19:08:17: [SM]   [1] Line 138, C:\Users\Moises\Downloads\Compressed\sourcemod-1.11.0-git6968-windows\addons\sourcemod\scripting\ÒankrunFixhealth.sp::IsTankRunActive
L 12/29/2025 - 19:08:17: [SM]   [2] Line 36, C:\Users\Moises\Downloads\Compressed\sourcemod-1.11.0-git6968-windows\addons\sourcemod\scripting\ÒankrunFixhealth.sp::Timer_PeriodicCheck
L 12/29/2025 - 19:08:27: [SM] Exception reported: Invalid convar handle 0 (error 4)
L 12/29/2025 - 19:08:27: [SM] Blaming: ÒankrunFixhealth.smx
L 12/29/2025 - 19:08:27: [SM] Call stack trace:
L 12/29/2025 - 19:08:27: [SM]   [0] GetConVarString
L 12/29/2025 - 19:08:27: [SM]   [1] Line 138, C:\Users\Moises\Downloads\Compressed\sourcemod-1.11.0-git6968-windows\addons\sourcemod\scripting\ÒankrunFixhealth.sp::IsTankRunActive
L 12/29/2025 - 19:08:27: [SM]   [2] Line 36, C:\Users\Moises\Downloads\Compressed\sourcemod-1.11.0-git6968-windows\addons\sourcemod\scripting\ÒankrunFixhealth.sp::Timer_PeriodicCheck
L 12/29/2025 - 19:08:31: [SM] Exception reported: Invalid convar handle 0 (error 4)
L 12/29/2025 - 19:08:31: [SM] Blaming: ÒankrunFixhealth.smx
L 12/29/2025 - 19:08:31: [SM] Call stack trace:
L 12/29/2025 - 19:08:31: [SM]   [0] GetConVarString
L 12/29/2025 - 19:08:31: [SM]   [1] Line 138, C:\Users\Moises\Downloads\Compressed\sourcemod-1.11.0-git6968-windows\addons\sourcemod\scripting\ÒankrunFixhealth.sp::IsTankRunActive
L 12/29/2025 - 19:08:31: [SM]   [2] Line 79, C:\Users\Moises\Downloads\Compressed\sourcemod-1.11.0-git6968-windows\addons\sourcemod\scripting\ÒankrunFixhealth.sp::Event_PlayerDeath
L 12/29/2025 - 19:08:33: [SM] Exception reported: Invalid convar handle 0 (error 4)
L 12/29/2025 - 19:08:33: [SM] Blaming: ÒankrunFixhealth.smx
L 12/29/2025 - 19:08:33: [SM] Call stack trace:
L 12/29/2025 - 19:08:33: [SM]   [0] GetConVarString
L 12/29/2025 - 19:08:33: [SM]   [1] Line 138, C:\Users\Moises\Downloads\Compressed\sourcemod-1.11.0-git6968-windows\addons\sourcemod\scripting\ÒankrunFixhealth.sp::IsTankRunActive
L 12/29/2025 - 19:08:33: [SM]   [2] Line 79, C:\Users\Moises\Downloads\Compressed\sourcemod-1.11.0-git6968-windows\addons\sourcemod\scripting\ÒankrunFixhealth.sp::Event_PlayerDeath
L 12/29/2025 - 19:08:37: [SM] Exception reported: Invalid convar handle 0 (error 4)
L 12/29/2025 - 19:08:37: [SM] Blaming: ÒankrunFixhealth.smx
L 12/29/2025 - 19:08:37: [SM] Call stack trace:
L 12/29/2025 - 19:08:37: [SM]   [0] GetConVarString
L 12/29/2025 - 19:08:37: [SM]   [1] Line 138, C:\Users\Moises\Downloads\Compressed\sourcemod-1.11.0-git6968-windows\addons\sourcemod\scripting\ÒankrunFixhealth.sp::IsTankRunActive
L 12/29/2025 - 19:08:37: [SM]   [2] Line 36, C:\Users\Moises\Downloads\Compressed\sourcemod-1.11.0-git6968-windows\addons\sourcemod\scripting\ÒankrunFixhealth.sp::Timer_PeriodicCheck
L 12/29/2025 - 19:08:47: [SM] Exception reported: Invalid convar handle 0 (error 4)
L 12/29/2025 - 19:08:47: [SM] Blaming: ÒankrunFixhealth.smx
L 12/29/2025 - 19:08:47: [SM] Call stack trace:
L 12/29/2025 - 19:08:47: [SM]   [0] GetConVarString
L 12/29/2025 - 19:08:47: [SM]   [1] Line 138, C:\Users\Moises\Downloads\Compressed\sourcemod-1.11.0-git6968-windows\addons\sourcemod\scripting\ÒankrunFixhealth.sp::IsTankRunActive
L 12/29/2025 - 19:08:47: [SM]   [2] Line 36, C:\Users\Moises\Downloads\Compressed\sourcemod-1.11.0-git6968-windows\addons\sourcemod\scripting\ÒankrunFixhealth.sp::Timer_PeriodicCheck
L 12/29/2025 - 19:08:50: [SM] Exception reported: Language phrase "Please wait to be revived or rescued" not found (arg 6)
L 12/29/2025 - 19:08:50: [SM] Blaming: l4dmultislots.smx
L 12/29/2025 - 19:08:50: [SM] Call stack trace:
L 12/29/2025 - 19:08:50: [SM]   [0] PrintToChat
L 12/29/2025 - 19:08:50: [SM]   [1] Line 953, d:\Github\Private-Work\L4D2-Êèí‰ª∂\scripting_1.11\l4dmultislots.sp::Timer_SpecCheck
L 12/29/2025 - 19:08:57: [SM] Exception reported: Invalid convar handle 0 (error 4)
L 12/29/2025 - 19:08:57: [SM] Blaming: ÒankrunFixhealth.smx
L 12/29/2025 - 19:08:57: [SM] Call stack trace:
L 12/29/2025 - 19:08:57: [SM]   [0] GetConVarString
L 12/29/2025 - 19:08:57: [SM]   [1] Line 138, C:\Users\Moises\Downloads\Compressed\sourcemod-1.11.0-git6968-windows\addons\sourcemod\scripting\ÒankrunFixhealth.sp::IsTankRunActive
L 12/29/2025 - 19:08:57: [SM]   [2] Line 36, C:\Users\Moises\Downloads\Compressed\sourcemod-1.11.0-git6968-windows\addons\sourcemod\scripting\ÒankrunFixhealth.sp::Timer_PeriodicCheck
L 12/29/2025 - 19:09:07: [SM] Exception reported: Invalid convar handle 0 (error 4)
L 12/29/2025 - 19:09:07: [SM] Blaming: ÒankrunFixhealth.smx
L 12/29/2025 - 19:09:07: [SM] Call stack trace:
L 12/29/2025 - 19:09:07: [SM]   [0] GetConVarString
L 12/29/2025 - 19:09:07: [SM]   [1] Line 138, C:\Users\Moises\Downloads\Compressed\sourcemod-1.11.0-git6968-windows\addons\sourcemod\scripting\ÒankrunFixhealth.sp::IsTankRunActive
L 12/29/2025 - 19:09:07: [SM]   [2] Line 36, C:\Users\Moises\Downloads\Compressed\sourcemod-1.11.0-git6968-windows\addons\sourcemod\scripting\ÒankrunFixhealth.sp::Timer_PeriodicCheck
L 12/29/2025 - 19:09:09: [SM] Exception reported: Invalid convar handle 0 (error 4)
L 12/29/2025 - 19:09:09: [SM] Blaming: ÒankrunFixhealth.smx
L 12/29/2025 - 19:09:09: [SM] Call stack trace:
L 12/29/2025 - 19:09:09: [SM]   [0] GetConVarString
L 12/29/2025 - 19:09:09: [SM]   [1] Line 138, C:\Users\Moises\Downloads\Compressed\sourcemod-1.11.0-git6968-windows\addons\sourcemod\scripting\ÒankrunFixhealth.sp::IsTankRunActive
L 12/29/2025 - 19:09:09: [SM]   [2] Line 79, C:\Users\Moises\Downloads\Compressed\sourcemod-1.11.0-git6968-windows\addons\sourcemod\scripting\ÒankrunFixhealth.sp::Event_PlayerDeath
L 12/29/2025 - 19:09:15: [SM] Exception reported: Language phrase "Please wait to be revived or rescued" not found (arg 6)
L 12/29/2025 - 19:09:15: [SM] Blaming: l4dmultislots.smx
L 12/29/2025 - 19:09:15: [SM] Call stack trace:
L 12/29/2025 - 19:09:15: [SM]   [0] PrintToChat
L 12/29/2025 - 19:09:15: [SM]   [1] Line 953, d:\Github\Private-Work\L4D2-Êèí‰ª∂\scripting_1.11\l4dmultislots.sp::Timer_SpecCheck
L 12/29/2025 - 19:09:17: [SM] Exception reported: Invalid convar handle 0 (error 4)
L 12/29/2025 - 19:09:17: [SM] Blaming: ÒankrunFixhealth.smx
L 12/29/2025 - 19:09:17: [SM] Call stack trace:
L 12/29/2025 - 19:09:17: [SM]   [0] GetConVarString
L 12/29/2025 - 19:09:17: [SM]   [1] Line 138, C:\Users\Moises\Downloads\Compressed\sourcemod-1.11.0-git6968-windows\addons\sourcemod\scripting\ÒankrunFixhealth.sp::IsTankRunActive
L 12/29/2025 - 19:09:17: [SM]   [2] Line 36, C:\Users\Moises\Downloads\Compressed\sourcemod-1.11.0-git6968-windows\addons\sourcemod\scripting\ÒankrunFixhealth.sp::Timer_PeriodicCheck
L 12/29/2025 - 19:09:27: [SM] Exception reported: Invalid convar handle 0 (error 4)
L 12/29/2025 - 19:09:27: [SM] Blaming: ÒankrunFixhealth.smx
L 12/29/2025 - 19:09:27: [SM] Call stack trace:
L 12/29/2025 - 19:09:27: [SM]   [0] GetConVarString
L 12/29/2025 - 19:09:27: [SM]   [1] Line 138, C:\Users\Moises\Downloads\Compressed\sourcemod-1.11.0-git6968-windows\addons\sourcemod\scripting\ÒankrunFixhealth.sp::IsTankRunActive
L 12/29/2025 - 19:09:27: [SM]   [2] Line 36, C:\Users\Moises\Downloads\Compressed\sourcemod-1.11.0-git6968-windows\addons\sourcemod\scripting\ÒankrunFixhealth.sp::Timer_PeriodicCheck
L 12/29/2025 - 19:09:37: [SM] Exception reported: Invalid convar handle 0 (error 4)
L 12/29/2025 - 19:09:37: [SM] Blaming: ÒankrunFixhealth.smx
L 12/29/2025 - 19:09:37: [SM] Call stack trace:
L 12/29/2025 - 19:09:37: [SM]   [0] GetConVarString
L 12/29/2025 - 19:09:37: [SM]   [1] Line 138, C:\Users\Moises\Downloads\Compressed\sourcemod-1.11.0-git6968-windows\addons\sourcemod\scripting\ÒankrunFixhealth.sp::IsTankRunActive
L 12/29/2025 - 19:09:37: [SM]   [2] Line 36, C:\Users\Moises\Downloads\Compressed\sourcemod-1.11.0-git6968-windows\addons\sourcemod\scripting\ÒankrunFixhealth.sp::Timer_PeriodicCheck
L 12/29/2025 - 19:09:40: [SM] Exception reported: Language phrase "Please wait to be revived or rescued" not found (arg 6)
L 12/29/2025 - 19:09:40: [SM] Blaming: l4dmultislots.smx
L 12/29/2025 - 19:09:40: [SM] Call stack trace:
L 12/29/2025 - 19:09:40: [SM]   [0] PrintToChat
L 12/29/2025 - 19:09:40: [SM]   [1] Line 953, d:\Github\Private-Work\L4D2-Êèí‰ª∂\scripting_1.11\l4dmultislots.sp::Timer_SpecCheck
L 12/29/2025 - 19:09:47: [SM] Exception reported: Invalid convar handle 0 (error 4)
L 12/29/2025 - 19:09:47: [SM] Blaming: ÒankrunFixhealth.smx
L 12/29/2025 - 19:09:47: [SM] Call stack trace:
L 12/29/2025 - 19:09:47: [SM]   [0] GetConVarString
L 12/29/2025 - 19:09:47: [SM]   [1] Line 138, C:\Users\Moises\Downloads\Compressed\sourcemod-1.11.0-git6968-windows\addons\sourcemod\scripting\ÒankrunFixhealth.sp::IsTankRunActive
L 12/29/2025 - 19:09:47: [SM]   [2] Line 36, C:\Users\Moises\Downloads\Compressed\sourcemod-1.11.0-git6968-windows\addons\sourcemod\scripting\ÒankrunFixhealth.sp::Timer_PeriodicCheck
L 12/29/2025 - 19:09:57: [SM] Exception reported: Invalid convar handle 0 (error 4)
L 12/29/2025 - 19:09:57: [SM] Blaming: ÒankrunFixhealth.smx
L 12/29/2025 - 19:09:57: [SM] Call stack trace:
L 12/29/2025 - 19:09:57: [SM]   [0] GetConVarString
L 12/29/2025 - 19:09:57: [SM]   [1] Line 138, C:\Users\Moises\Downloads\Compressed\sourcemod-1.11.0-git6968-windows\addons\sourcemod\scripting\ÒankrunFixhealth.sp::IsTankRunActive
L 12/29/2025 - 19:09:57: [SM]   [2] Line 36, C:\Users\Moises\Downloads\Compressed\sourcemod-1.11.0-git6968-windows\addons\sourcemod\scripting\ÒankrunFixhealth.sp::Timer_PeriodicCheck
L 12/29/2025 - 19:10:05: [SM] Exception reported: Language phrase "Please wait to be revived or rescued" not found (arg 6)
L 12/29/2025 - 19:10:05: [SM] Blaming: l4dmultislots.smx
L 12/29/2025 - 19:10:05: [SM] Call stack trace:
L 12/29/2025 - 19:10:05: [SM]   [0] PrintToChat
L 12/29/2025 - 19:10:05: [SM]   [1] Line 953, d:\Github\Private-Work\L4D2-Êèí‰ª∂\scripting_1.11\l4dmultislots.sp::Timer_SpecCheck
L 12/29/2025 - 19:10:07: [SM] Exception reported: Invalid convar handle 0 (error 4)
L 12/29/2025 - 19:10:07: [SM] Blaming: ÒankrunFixhealth.smx
L 12/29/2025 - 19:10:07: [SM] Call stack trace:
L 12/29/2025 - 19:10:07: [SM]   [0] GetConVarString
L 12/29/2025 - 19:10:07: [SM]   [1] Line 138, C:\Users\Moises\Downloads\Compressed\sourcemod-1.11.0-git6968-windows\addons\sourcemod\scripting\ÒankrunFixhealth.sp::IsTankRunActive
L 12/29/2025 - 19:10:07: [SM]   [2] Line 36, C:\Users\Moises\Downloads\Compressed\sourcemod-1.11.0-git6968-windows\addons\sourcemod\scripting\ÒankrunFixhealth.sp::Timer_PeriodicCheck
L 12/29/2025 - 19:10:17: [SM] Exception reported: Invalid convar handle 0 (error 4)
L 12/29/2025 - 19:10:17: [SM] Blaming: ÒankrunFixhealth.smx
L 12/29/2025 - 19:10:17: [SM] Call stack trace:
L 12/29/2025 - 19:10:17: [SM]   [0] GetConVarString
L 12/29/2025 - 19:10:17: [SM]   [1] Line 138, C:\Users\Moises\Downloads\Compressed\sourcemod-1.11.0-git6968-windows\addons\sourcemod\scripting\ÒankrunFixhealth.sp::IsTankRunActive
L 12/29/2025 - 19:10:17: [SM]   [2] Line 36, C:\Users\Moises\Downloads\Compressed\sourcemod-1.11.0-git6968-windows\addons\sourcemod\scripting\ÒankrunFixhealth.sp::Timer_PeriodicCheck
L 12/29/2025 - 19:10:27: [SM] Exception reported: Invalid convar handle 0 (error 4)
L 12/29/2025 - 19:10:27: [SM] Blaming: ÒankrunFixhealth.smx
L 12/29/2025 - 19:10:27: [SM] Call stack trace:
L 12/29/2025 - 19:10:27: [SM]   [0] GetConVarString
L 12/29/2025 - 19:10:27: [SM]   [1] Line 138, C:\Users\Moises\Downloads\Compressed\sourcemod-1.11.0-git6968-windows\addons\sourcemod\scripting\ÒankrunFixhealth.sp::IsTankRunActive
L 12/29/2025 - 19:10:27: [SM]   [2] Line 79, C:\Users\Moises\Downloads\Compressed\sourcemod-1.11.0-git6968-windows\addons\sourcemod\scripting\ÒankrunFixhealth.sp::Event_PlayerDeath
L 12/29/2025 - 19:10:27: [SM] Exception reported: Invalid convar handle 0 (error 4)
L 12/29/2025 - 19:10:27: [SM] Blaming: ÒankrunFixhealth.smx
L 12/29/2025 - 19:10:27: [SM] Call stack trace:
L 12/29/2025 - 19:10:27: [SM]   [0] GetConVarString
L 12/29/2025 - 19:10:27: [SM]   [1] Line 138, C:\Users\Moises\Downloads\Compressed\sourcemod-1.11.0-git6968-windows\addons\sourcemod\scripting\ÒankrunFixhealth.sp::IsTankRunActive
L 12/29/2025 - 19:10:27: [SM]   [2] Line 36, C:\Users\Moises\Downloads\Compressed\sourcemod-1.11.0-git6968-windows\addons\sourcemod\scripting\ÒankrunFixhealth.sp::Timer_PeriodicCheck
L 12/29/2025 - 19:10:30: [SM] Exception reported: Language phrase "Please wait to be revived or rescued" not found (arg 6)
L 12/29/2025 - 19:10:30: [SM] Blaming: l4dmultislots.smx
L 12/29/2025 - 19:10:30: [SM] Call stack trace:
L 12/29/2025 - 19:10:30: [SM]   [0] PrintToChat
L 12/29/2025 - 19:10:30: [SM]   [1] Line 953, d:\Github\Private-Work\L4D2-Êèí‰ª∂\scripting_1.11\l4dmultislots.sp::Timer_SpecCheck
L 12/29/2025 - 19:10:37: [SM] Exception reported: Invalid convar handle 0 (error 4)
L 12/29/2025 - 19:10:37: [SM] Blaming: ÒankrunFixhealth.smx
L 12/29/2025 - 19:10:37: [SM] Call stack trace:
L 12/29/2025 - 19:10:37: [SM]   [0] GetConVarString
L 12/29/2025 - 19:10:37: [SM]   [1] Line 138, C:\Users\Moises\Downloads\Compressed\sourcemod-1.11.0-git6968-windows\addons\sourcemod\scripting\ÒankrunFixhealth.sp::IsTankRunActive
L 12/29/2025 - 19:10:37: [SM]   [2] Line 36, C:\Users\Moises\Downloads\Compressed\sourcemod-1.11.0-git6968-windows\addons\sourcemod\scripting\ÒankrunFixhealth.sp::Timer_PeriodicCheck
L 12/29/2025 - 19:10:47: [SM] Exception reported: Invalid convar handle 0 (error 4)
L 12/29/2025 - 19:10:47: [SM] Blaming: ÒankrunFixhealth.smx
L 12/29/2025 - 19:10:47: [SM] Call stack trace:
L 12/29/2025 - 19:10:47: [SM]   [0] GetConVarString
L 12/29/2025 - 19:10:47: [SM]   [1] Line 138, C:\Users\Moises\Downloads\Compressed\sourcemod-1.11.0-git6968-windows\addons\sourcemod\scripting\ÒankrunFixhealth.sp::IsTankRunActive
L 12/29/2025 - 19:10:47: [SM]   [2] Line 36, C:\Users\Moises\Downloads\Compressed\sourcemod-1.11.0-git6968-windows\addons\sourcemod\scripting\ÒankrunFixhealth.sp::Timer_PeriodicCheck
L 12/29/2025 - 19:10:55: [SM] Exception reported: Language phrase "Please wait to be revived or rescued" not found (arg 6)
L 12/29/2025 - 19:10:55: [SM] Blaming: l4dmultislots.smx
L 12/29/2025 - 19:10:55: [SM] Call stack trace:
L 12/29/2025 - 19:10:55: [SM]   [0] PrintToChat
L 12/29/2025 - 19:10:55: [SM]   [1] Line 953, d:\Github\Private-Work\L4D2-Êèí‰ª∂\scripting_1.11\l4dmultislots.sp::Timer_SpecCheck
L 12/29/2025 - 19:10:57: [SM] Exception reported: Invalid convar handle 0 (error 4)
L 12/29/2025 - 19:10:57: [SM] Blaming: ÒankrunFixhealth.smx
L 12/29/2025 - 19:10:57: [SM] Call stack trace:
L 12/29/2025 - 19:10:57: [SM]   [0] GetConVarString
L 12/29/2025 - 19:10:57: [SM]   [1] Line 138, C:\Users\Moises\Downloads\Compressed\sourcemod-1.11.0-git6968-windows\addons\sourcemod\scripting\ÒankrunFixhealth.sp::IsTankRunActive
L 12/29/2025 - 19:10:57: [SM]   [2] Line 36, C:\Users\Moises\Downloads\Compressed\sourcemod-1.11.0-git6968-windows\addons\sourcemod\scripting\ÒankrunFixhealth.sp::Timer_PeriodicCheck
L 12/29/2025 - 19:11:02: [SM] Exception reported: Invalid convar handle 0 (error 4)
L 12/29/2025 - 19:11:02: [SM] Blaming: ÒankrunFixhealth.smx
L 12/29/2025 - 19:11:02: [SM] Call stack trace:
L 12/29/2025 - 19:11:02: [SM]   [0] GetConVarString
L 12/29/2025 - 19:11:02: [SM]   [1] Line 138, C:\Users\Moises\Downloads\Compressed\sourcemod-1.11.0-git6968-windows\addons\sourcemod\scripting\ÒankrunFixhealth.sp::IsTankRunActive
L 12/29/2025 - 19:11:02: [SM]   [2] Line 79, C:\Users\Moises\Downloads\Compressed\sourcemod-1.11.0-git6968-windows\addons\sourcemod\scripting\ÒankrunFixhealth.sp::Event_PlayerDeath
L 12/29/2025 - 19:11:03: [SM] Exception reported: Invalid convar handle 0 (error 4)
L 12/29/2025 - 19:11:03: [SM] Blaming: ÒankrunFixhealth.smx
L 12/29/2025 - 19:11:03: [SM] Call stack trace:
L 12/29/2025 - 19:11:03: [SM]   [0] GetConVarString
L 12/29/2025 - 19:11:03: [SM]   [1] Line 138, C:\Users\Moises\Downloads\Compressed\sourcemod-1.11.0-git6968-windows\addons\sourcemod\scripting\ÒankrunFixhealth.sp::IsTankRunActive
L 12/29/2025 - 19:11:03: [SM]   [2] Line 79, C:\Users\Moises\Downloads\Compressed\sourcemod-1.11.0-git6968-windows\addons\sourcemod\scripting\ÒankrunFixhealth.sp::Event_PlayerDeath
L 12/29/2025 - 19:11:03: [SM] Exception reported: Invalid convar handle 0 (error 4)
L 12/29/2025 - 19:11:03: [SM] Blaming: ÒankrunFixhealth.smx
L 12/29/2025 - 19:11:03: [SM] Call stack trace:
L 12/29/2025 - 19:11:03: [SM]   [0] GetConVarString
L 12/29/2025 - 19:11:03: [SM]   [1] Line 138, C:\Users\Moises\Downloads\Compressed\sourcemod-1.11.0-git6968-windows\addons\sourcemod\scripting\ÒankrunFixhealth.sp::IsTankRunActive
L 12/29/2025 - 19:11:03: [SM]   [2] Line 79, C:\Users\Moises\Downloads\Compressed\sourcemod-1.11.0-git6968-windows\addons\sourcemod\scripting\ÒankrunFixhealth.sp::Event_PlayerDeath
L 12/29/2025 - 19:11:07: [SM] Exception reported: Invalid convar handle 0 (error 4)
L 12/29/2025 - 19:11:07: [SM] Blaming: ÒankrunFixhealth.smx
L 12/29/2025 - 19:11:07: [SM] Call stack trace:
L 12/29/2025 - 19:11:07: [SM]   [0] GetConVarString
L 12/29/2025 - 19:11:07: [SM]   [1] Line 138, C:\Users\Moises\Downloads\Compressed\sourcemod-1.11.0-git6968-windows\addons\sourcemod\scripting\ÒankrunFixhealth.sp::IsTankRunActive
L 12/29/2025 - 19:11:07: [SM]   [2] Line 36, C:\Users\Moises\Downloads\Compressed\sourcemod-1.11.0-git6968-windows\addons\sourcemod\scripting\ÒankrunFixhealth.sp::Timer_PeriodicCheck
L 12/29/2025 - 19:11:10: [SM] Exception reported: Invalid convar handle 0 (error 4)
L 12/29/2025 - 19:11:10: [SM] Blaming: ÒankrunFixhealth.smx
L 12/29/2025 - 19:11:10: [SM] Call stack trace:
L 12/29/2025 - 19:11:10: [SM]   [0] GetConVarString
L 12/29/2025 - 19:11:10: [SM]   [1] Line 138, C:\Users\Moises\Downloads\Compressed\sourcemod-1.11.0-git6968-windows\addons\sourcemod\scripting\ÒankrunFixhealth.sp::IsTankRunActive
L 12/29/2025 - 19:11:10: [SM]   [2] Line 79, C:\Users\Moises\Downloads\Compressed\sourcemod-1.11.0-git6968-windows\addons\sourcemod\scripting\ÒankrunFixhealth.sp::Event_PlayerDeath
L 12/29/2025 - 19:11:14: [SM] Exception reported: Invalid convar handle 0 (error 4)
L 12/29/2025 - 19:11:14: [SM] Blaming: ÒankrunFixhealth.smx
L 12/29/2025 - 19:11:14: [SM] Call stack trace:
L 12/29/2025 - 19:11:14: [SM]   [0] GetConVarString
L 12/29/2025 - 19:11:14: [SM]   [1] Line 138, C:\Users\Moises\Downloads\Compressed\sourcemod-1.11.0-git6968-windows\addons\sourcemod\scripting\ÒankrunFixhealth.sp::IsTankRunActive
L 12/29/2025 - 19:11:14: [SM]   [2] Line 79, C:\Users\Moises\Downloads\Compressed\sourcemod-1.11.0-git6968-windows\addons\sourcemod\scripting\ÒankrunFixhealth.sp::Event_PlayerDeath
L 12/29/2025 - 19:11:17: [SM] Exception reported: Invalid convar handle 0 (error 4)
L 12/29/2025 - 19:11:17: [SM] Blaming: ÒankrunFixhealth.smx
L 12/29/2025 - 19:11:17: [SM] Call stack trace:
L 12/29/2025 - 19:11:17: [SM]   [0] GetConVarString
L 12/29/2025 - 19:11:17: [SM]   [1] Line 138, C:\Users\Moises\Downloads\Compressed\sourcemod-1.11.0-git6968-windows\addons\sourcemod\scripting\ÒankrunFixhealth.sp::IsTankRunActive
L 12/29/2025 - 19:11:17: [SM]   [2] Line 36, C:\Users\Moises\Downloads\Compressed\sourcemod-1.11.0-git6968-windows\addons\sourcemod\scripting\ÒankrunFixhealth.sp::Timer_PeriodicCheck
L 12/29/2025 - 19:11:17: [SM] Exception reported: Invalid timer handle c1000499 (error 3)
L 12/29/2025 - 19:11:17: [SM] Blaming: l4d2_playerjoining_v2.smx
L 12/29/2025 - 19:11:18: [SM] Call stack trace:
L 12/29/2025 - 19:11:18: [SM]   [0] KillTimer
L 12/29/2025 - 19:11:18: [SM]   [1] Line 53, C:\Users\Moises\Downloads\Compressed\sourcemod-1.11.0-git6968-windows\addons\sourcemod\scripting\l4d2_playerjoining_v2.sp::OnClientDisconnect
L 12/29/2025 - 19:11:18: [SM] Exception reported: Invalid convar handle 0 (error 4)
L 12/29/2025 - 19:11:18: [SM] Blaming: ÒankrunFixhealth.smx
L 12/29/2025 - 19:11:18: [SM] Call stack trace:
L 12/29/2025 - 19:11:18: [SM]   [0] GetConVarString
L 12/29/2025 - 19:11:18: [SM]   [1] Line 138, C:\Users\Moises\Downloads\Compressed\sourcemod-1.11.0-git6968-windows\addons\sourcemod\scripting\ÒankrunFixhealth.sp::IsTankRunActive
L 12/29/2025 - 19:11:18: [SM]   [2] Line 79, C:\Users\Moises\Downloads\Compressed\sourcemod-1.11.0-git6968-windows\addons\sourcemod\scripting\ÒankrunFixhealth.sp::Event_PlayerDeath
L 12/29/2025 - 19:11:20: [SM] Exception reported: Language phrase "Please wait to be revived or rescued" not found (arg 6)
L 12/29/2025 - 19:11:20: [SM] Blaming: l4dmultislots.smx
L 12/29/2025 - 19:11:20: [SM] Call stack trace:
L 12/29/2025 - 19:11:20: [SM]   [0] PrintToChat
L 12/29/2025 - 19:11:20: [SM]   [1] Line 953, d:\Github\Private-Work\L4D2-Êèí‰ª∂\scripting_1.11\l4dmultislots.sp::Timer_SpecCheck
L 12/29/2025 - 19:11:27: [SM] Exception reported: Invalid convar handle 0 (error 4)
L 12/29/2025 - 19:11:27: [SM] Blaming: ÒankrunFixhealth.smx
L 12/29/2025 - 19:11:27: [SM] Call stack trace:
L 12/29/2025 - 19:11:27: [SM]   [0] GetConVarString
L 12/29/2025 - 19:11:27: [SM]   [1] Line 138, C:\Users\Moises\Downloads\Compressed\sourcemod-1.11.0-git6968-windows\addons\sourcemod\scripting\ÒankrunFixhealth.sp::IsTankRunActive
L 12/29/2025 - 19:11:27: [SM]   [2] Line 36, C:\Users\Moises\Downloads\Compressed\sourcemod-1.11.0-git6968-windows\addons\sourcemod\scripting\ÒankrunFixhealth.sp::Timer_PeriodicCheck
L 12/29/2025 - 19:11:37: [SM] Exception reported: Invalid convar handle 0 (error 4)
L 12/29/2025 - 19:11:37: [SM] Blaming: ÒankrunFixhealth.smx
L 12/29/2025 - 19:11:37: [SM] Call stack trace:
L 12/29/2025 - 19:11:37: [SM]   [0] GetConVarString
L 12/29/2025 - 19:11:37: [SM]   [1] Line 138, C:\Users\Moises\Downloads\Compressed\sourcemod-1.11.0-git6968-windows\addons\sourcemod\scripting\ÒankrunFixhealth.sp::IsTankRunActive
L 12/29/2025 - 19:11:37: [SM]   [2] Line 36, C:\Users\Moises\Downloads\Compressed\sourcemod-1.11.0-git6968-windows\addons\sourcemod\scripting\ÒankrunFixhealth.sp::Timer_PeriodicCheck
L 12/29/2025 - 19:11:45: [SM] Exception reported: Language phrase "Please wait to be revived or rescued" not found (arg 6)
L 12/29/2025 - 19:11:45: [SM] Blaming: l4dmultislots.smx
L 12/29/2025 - 19:11:45: [SM] Call stack trace:
L 12/29/2025 - 19:11:45: [SM]   [0] PrintToChat
L 12/29/2025 - 19:11:45: [SM]   [1] Line 953, d:\Github\Private-Work\L4D2-Êèí‰ª∂\scripting_1.11\l4dmultislots.sp::Timer_SpecCheck
L 12/29/2025 - 19:11:47: [SM] Exception reported: Invalid convar handle 0 (error 4)
L 12/29/2025 - 19:11:47: [SM] Blaming: ÒankrunFixhealth.smx
L 12/29/2025 - 19:11:47: [SM] Call stack trace:
L 12/29/2025 - 19:11:47: [SM]   [0] GetConVarString
L 12/29/2025 - 19:11:47: [SM]   [1] Line 138, C:\Users\Moises\Downloads\Compressed\sourcemod-1.11.0-git6968-windows\addons\sourcemod\scripting\ÒankrunFixhealth.sp::IsTankRunActive
L 12/29/2025 - 19:11:47: [SM]   [2] Line 36, C:\Users\Moises\Downloads\Compressed\sourcemod-1.11.0-git6968-windows\addons\sourcemod\scripting\ÒankrunFixhealth.sp::Timer_PeriodicCheck
L 12/29/2025 - 19:11:49: [SM] Exception reported: Invalid convar handle 0 (error 4)
L 12/29/2025 - 19:11:49: [SM] Blaming: ÒankrunFixhealth.smx
L 12/29/2025 - 19:11:49: [SM] Call stack trace:
L 12/29/2025 - 19:11:49: [SM]   [0] GetConVarString
L 12/29/2025 - 19:11:49: [SM]   [1] Line 138, C:\Users\Moises\Downloads\Compressed\sourcemod-1.11.0-git6968-windows\addons\sourcemod\scripting\ÒankrunFixhealth.sp::IsTankRunActive
L 12/29/2025 - 19:11:49: [SM]   [2] Line 79, C:\Users\Moises\Downloads\Compressed\sourcemod-1.11.0-git6968-windows\addons\sourcemod\scripting\ÒankrunFixhealth.sp::Event_PlayerDeath
L 12/29/2025 - 19:11:55: [SM] Exception reported: Language phrase "No Any Dead Survivor" not found (arg 6)
L 12/29/2025 - 19:11:55: [SM] Blaming: l4d_sm_respawn.smx
L 12/29/2025 - 19:11:55: [SM] Call stack trace:
L 12/29/2025 - 19:11:55: [SM]   [0] FormatEx
L 12/29/2025 - 19:11:55: [SM]   [1] Line 202, d:\Github\Private-Work\L4D2-Êèí‰ª∂\scripting_1.11\l4d_sm_respawn.sp::MenuClientsToSpawn
L 12/29/2025 - 19:11:55: [SM]   [2] Line 239, d:\Github\Private-Work\L4D2-Êèí‰ª∂\scripting_1.11\l4d_sm_respawn.sp::MenuHandler_MenuList
L 12/29/2025 - 19:11:57: [SM] Exception reported: Invalid convar handle 0 (error 4)
L 12/29/2025 - 19:11:57: [SM] Blaming: ÒankrunFixhealth.smx
L 12/29/2025 - 19:11:57: [SM] Call stack trace:
L 12/29/2025 - 19:11:57: [SM]   [0] GetConVarString
L 12/29/2025 - 19:11:57: [SM]   [1] Line 138, C:\Users\Moises\Downloads\Compressed\sourcemod-1.11.0-git6968-windows\addons\sourcemod\scripting\ÒankrunFixhealth.sp::IsTankRunActive
L 12/29/2025 - 19:11:57: [SM]   [2] Line 36, C:\Users\Moises\Downloads\Compressed\sourcemod-1.11.0-git6968-windows\addons\sourcemod\scripting\ÒankrunFixhealth.sp::Timer_PeriodicCheck
L 12/29/2025 - 19:12:07: [SM] Exception reported: Invalid convar handle 0 (error 4)
L 12/29/2025 - 19:12:07: [SM] Blaming: ÒankrunFixhealth.smx
L 12/29/2025 - 19:12:07: [SM] Call stack trace:
L 12/29/2025 - 19:12:07: [SM]   [0] GetConVarString
L 12/29/2025 - 19:12:07: [SM]   [1] Line 138, C:\Users\Moises\Downloads\Compressed\sourcemod-1.11.0-git6968-windows\addons\sourcemod\scripting\ÒankrunFixhealth.sp::IsTankRunActive
L 12/29/2025 - 19:12:07: [SM]   [2] Line 79, C:\Users\Moises\Downloads\Compressed\sourcemod-1.11.0-git6968-windows\addons\sourcemod\scripting\ÒankrunFixhealth.sp::Event_PlayerDeath
L 12/29/2025 - 19:12:07: [SM] Exception reported: Invalid convar handle 0 (error 4)
L 12/29/2025 - 19:12:07: [SM] Blaming: ÒankrunFixhealth.smx
L 12/29/2025 - 19:12:07: [SM] Call stack trace:
L 12/29/2025 - 19:12:07: [SM]   [0] GetConVarString
L 12/29/2025 - 19:12:07: [SM]   [1] Line 138, C:\Users\Moises\Downloads\Compressed\sourcemod-1.11.0-git6968-windows\addons\sourcemod\scripting\ÒankrunFixhealth.sp::IsTankRunActive
L 12/29/2025 - 19:12:07: [SM]   [2] Line 79, C:\Users\Moises\Downloads\Compressed\sourcemod-1.11.0-git6968-windows\addons\sourcemod\scripting\ÒankrunFixhealth.sp::Event_PlayerDeath
L 12/29/2025 - 19:12:07: [SM] Exception reported: Invalid convar handle 0 (error 4)
L 12/29/2025 - 19:12:07: [SM] Blaming: ÒankrunFixhealth.smx
L 12/29/2025 - 19:12:07: [SM] Call stack trace:
L 12/29/2025 - 19:12:07: [SM]   [0] GetConVarString
L 12/29/2025 - 19:12:07: [SM]   [1] Line 138, C:\Users\Moises\Downloads\Compressed\sourcemod-1.11.0-git6968-windows\addons\sourcemod\scripting\ÒankrunFixhealth.sp::IsTankRunActive
L 12/29/2025 - 19:12:07: [SM]   [2] Line 36, C:\Users\Moises\Downloads\Compressed\sourcemod-1.11.0-git6968-windows\addons\sourcemod\scripting\ÒankrunFixhealth.sp::Timer_PeriodicCheck
L 12/29/2025 - 19:12:17: [SM] Exception reported: Invalid convar handle 0 (error 4)
L 12/29/2025 - 19:12:17: [SM] Blaming: ÒankrunFixhealth.smx
L 12/29/2025 - 19:12:17: [SM] Call stack trace:
L 12/29/2025 - 19:12:17: [SM]   [0] GetConVarString
L 12/29/2025 - 19:12:17: [SM]   [1] Line 138, C:\Users\Moises\Downloads\Compressed\sourcemod-1.11.0-git6968-windows\addons\sourcemod\scripting\ÒankrunFixhealth.sp::IsTankRunActive
L 12/29/2025 - 19:12:17: [SM]   [2] Line 36, C:\Users\Moises\Downloads\Compressed\sourcemod-1.11.0-git6968-windows\addons\sourcemod\scripting\ÒankrunFixhealth.sp::Timer_PeriodicCheck
L 12/29/2025 - 19:12:27: [SM] Exception reported: Invalid convar handle 0 (error 4)
L 12/29/2025 - 19:12:27: [SM] Blaming: ÒankrunFixhealth.smx
L 12/29/2025 - 19:12:27: [SM] Call stack trace:
L 12/29/2025 - 19:12:27: [SM]   [0] GetConVarString
L 12/29/2025 - 19:12:27: [SM]   [1] Line 138, C:\Users\Moises\Downloads\Compressed\sourcemod-1.11.0-git6968-windows\addons\sourcemod\scripting\ÒankrunFixhealth.sp::IsTankRunActive
L 12/29/2025 - 19:12:27: [SM]   [2] Line 36, C:\Users\Moises\Downloads\Compressed\sourcemod-1.11.0-git6968-windows\addons\sourcemod\scripting\ÒankrunFixhealth.sp::Timer_PeriodicCheck
L 12/29/2025 - 19:12:37: [SM] Exception reported: Invalid convar handle 0 (error 4)
L 12/29/2025 - 19:12:37: [SM] Blaming: ÒankrunFixhealth.smx
L 12/29/2025 - 19:12:37: [SM] Call stack trace:
L 12/29/2025 - 19:12:37: [SM]   [0] GetConVarString
L 12/29/2025 - 19:12:37: [SM]   [1] Line 138, C:\Users\Moises\Downloads\Compressed\sourcemod-1.11.0-git6968-windows\addons\sourcemod\scripting\ÒankrunFixhealth.sp::IsTankRunActive
L 12/29/2025 - 19:12:37: [SM]   [2] Line 36, C:\Users\Moises\Downloads\Compressed\sourcemod-1.11.0-git6968-windows\addons\sourcemod\scripting\ÒankrunFixhealth.sp::Timer_PeriodicCheck
L 12/29/2025 - 19:12:42: [SM] Exception reported: Invalid convar handle 0 (error 4)
L 12/29/2025 - 19:12:42: [SM] Blaming: ÒankrunFixhealth.smx
L 12/29/2025 - 19:12:42: [SM] Call stack trace:
L 12/29/2025 - 19:12:42: [SM]   [0] GetConVarString
L 12/29/2025 - 19:12:42: [SM]   [1] Line 138, C:\Users\Moises\Downloads\Compressed\sourcemod-1.11.0-git6968-windows\addons\sourcemod\scripting\ÒankrunFixhealth.sp::IsTankRunActive
L 12/29/2025 - 19:12:42: [SM]   [2] Line 79, C:\Users\Moises\Downloads\Compressed\sourcemod-1.11.0-git6968-windows\addons\sourcemod\scripting\ÒankrunFixhealth.sp::Event_PlayerDeath
L 12/29/2025 - 19:12:43: [SM] Exception reported: Invalid convar handle 0 (error 4)
L 12/29/2025 - 19:12:43: [SM] Blaming: ÒankrunFixhealth.smx
L 12/29/2025 - 19:12:43: [SM] Call stack trace:
L 12/29/2025 - 19:12:43: [SM]   [0] GetConVarString
L 12/29/2025 - 19:12:43: [SM]   [1] Line 138, C:\Users\Moises\Downloads\Compressed\sourcemod-1.11.0-git6968-windows\addons\sourcemod\scripting\ÒankrunFixhealth.sp::IsTankRunActive
L 12/29/2025 - 19:12:43: [SM]   [2] Line 79, C:\Users\Moises\Downloads\Compressed\sourcemod-1.11.0-git6968-windows\addons\sourcemod\scripting\ÒankrunFixhealth.sp::Event_PlayerDeath
L 12/29/2025 - 19:12:47: [SM] Exception reported: Invalid convar handle 0 (error 4)
L 12/29/2025 - 19:12:47: [SM] Blaming: ÒankrunFixhealth.smx
L 12/29/2025 - 19:12:47: [SM] Call stack trace:
L 12/29/2025 - 19:12:47: [SM]   [0] GetConVarString
L 12/29/2025 - 19:12:47: [SM]   [1] Line 138, C:\Users\Moises\Downloads\Compressed\sourcemod-1.11.0-git6968-windows\addons\sourcemod\scripting\ÒankrunFixhealth.sp::IsTankRunActive
L 12/29/2025 - 19:12:47: [SM]   [2] Line 36, C:\Users\Moises\Downloads\Compressed\sourcemod-1.11.0-git6968-windows\addons\sourcemod\scripting\ÒankrunFixhealth.sp::Timer_PeriodicCheck
L 12/29/2025 - 19:12:50: [SM] Exception reported: Invalid timer handle c1000499 (error 3)
L 12/29/2025 - 19:12:50: [SM] Blaming: l4d2_playerjoining_v2.smx
L 12/29/2025 - 19:12:50: [SM] Call stack trace:
L 12/29/2025 - 19:12:50: [SM]   [0] KillTimer
L 12/29/2025 - 19:12:50: [SM]   [1] Line 53, C:\Users\Moises\Downloads\Compressed\sourcemod-1.11.0-git6968-windows\addons\sourcemod\scripting\l4d2_playerjoining_v2.sp::OnClientDisconnect
L 12/29/2025 - 19:12:53: [SM] Exception reported: Invalid convar handle 0 (error 4)
L 12/29/2025 - 19:12:53: [SM] Blaming: ÒankrunFixhealth.smx
L 12/29/2025 - 19:12:53: [SM] Call stack trace:
L 12/29/2025 - 19:12:53: [SM]   [0] GetConVarString
L 12/29/2025 - 19:12:53: [SM]   [1] Line 138, C:\Users\Moises\Downloads\Compressed\sourcemod-1.11.0-git6968-windows\addons\sourcemod\scripting\ÒankrunFixhealth.sp::IsTankRunActive
L 12/29/2025 - 19:12:53: [SM]   [2] Line 79, C:\Users\Moises\Downloads\Compressed\sourcemod-1.11.0-git6968-windows\addons\sourcemod\scripting\ÒankrunFixhealth.sp::Event_PlayerDeath
L 12/29/2025 - 19:12:57: [SM] Exception reported: Invalid convar handle 0 (error 4)
L 12/29/2025 - 19:12:57: [SM] Blaming: ÒankrunFixhealth.smx
L 12/29/2025 - 19:12:57: [SM] Call stack trace:
L 12/29/2025 - 19:12:57: [SM]   [0] GetConVarString
L 12/29/2025 - 19:12:57: [SM]   [1] Line 138, C:\Users\Moises\Downloads\Compressed\sourcemod-1.11.0-git6968-windows\addons\sourcemod\scripting\ÒankrunFixhealth.sp::IsTankRunActive
L 12/29/2025 - 19:12:57: [SM]   [2] Line 36, C:\Users\Moises\Downloads\Compressed\sourcemod-1.11.0-git6968-windows\addons\sourcemod\scripting\ÒankrunFixhealth.sp::Timer_PeriodicCheck
L 12/29/2025 - 19:13:00: [SM] Exception reported: Language phrase "Please wait to be revived or rescued" not found (arg 6)
L 12/29/2025 - 19:13:00: [SM] Blaming: l4dmultislots.smx
L 12/29/2025 - 19:13:00: [SM] Call stack trace:
L 12/29/2025 - 19:13:00: [SM]   [0] PrintToChat
L 12/29/2025 - 19:13:00: [SM]   [1] Line 953, d:\Github\Private-Work\L4D2-Êèí‰ª∂\scripting_1.11\l4dmultislots.sp::Timer_SpecCheck
L 12/29/2025 - 19:13:06: [SM] Exception reported: Invalid convar handle 0 (error 4)
L 12/29/2025 - 19:13:06: [SM] Blaming: ÒankrunFixhealth.smx
L 12/29/2025 - 19:13:06: [SM] Call stack trace:
L 12/29/2025 - 19:13:06: [SM]   [0] GetConVarString
L 12/29/2025 - 19:13:06: [SM]   [1] Line 138, C:\Users\Moises\Downloads\Compressed\sourcemod-1.11.0-git6968-windows\addons\sourcemod\scripting\ÒankrunFixhealth.sp::IsTankRunActive
L 12/29/2025 - 19:13:06: [SM]   [2] Line 79, C:\Users\Moises\Downloads\Compressed\sourcemod-1.11.0-git6968-windows\addons\sourcemod\scripting\ÒankrunFixhealth.sp::Event_PlayerDeath
L 12/29/2025 - 19:13:07: [SM] Exception reported: Invalid convar handle 0 (error 4)
L 12/29/2025 - 19:13:07: [SM] Blaming: ÒankrunFixhealth.smx
L 12/29/2025 - 19:13:07: [SM] Call stack trace:
L 12/29/2025 - 19:13:07: [SM]   [0] GetConVarString
L 12/29/2025 - 19:13:07: [SM]   [1] Line 138, C:\Users\Moises\Downloads\Compressed\sourcemod-1.11.0-git6968-windows\addons\sourcemod\scripting\ÒankrunFixhealth.sp::IsTankRunActive
L 12/29/2025 - 19:13:07: [SM]   [2] Line 36, C:\Users\Moises\Downloads\Compressed\sourcemod-1.11.0-git6968-windows\addons\sourcemod\scripting\ÒankrunFixhealth.sp::Timer_PeriodicCheck
L 12/29/2025 - 19:13:17: [SM] Exception reported: Invalid convar handle 0 (error 4)
L 12/29/2025 - 19:13:17: [SM] Blaming: ÒankrunFixhealth.smx
L 12/29/2025 - 19:13:17: [SM] Call stack trace:
L 12/29/2025 - 19:13:17: [SM]   [0] GetConVarString
L 12/29/2025 - 19:13:17: [SM]   [1] Line 138, C:\Users\Moises\Downloads\Compressed\sourcemod-1.11.0-git6968-windows\addons\sourcemod\scripting\ÒankrunFixhealth.sp::IsTankRunActive
L 12/29/2025 - 19:13:17: [SM]   [2] Line 36, C:\Users\Moises\Downloads\Compressed\sourcemod-1.11.0-git6968-windows\addons\sourcemod\scripting\ÒankrunFixhealth.sp::Timer_PeriodicCheck
L 12/29/2025 - 19:13:25: [SM] Exception reported: Language phrase "Please wait to be revived or rescued" not found (arg 6)
L 12/29/2025 - 19:13:25: [SM] Blaming: l4dmultislots.smx
L 12/29/2025 - 19:13:25: [SM] Call stack trace:
L 12/29/2025 - 19:13:25: [SM]   [0] PrintToChat
L 12/29/2025 - 19:13:25: [SM]   [1] Line 953, d:\Github\Private-Work\L4D2-Êèí‰ª∂\scripting_1.11\l4dmultislots.sp::Timer_SpecCheck
L 12/29/2025 - 19:13:27: [SM] Exception reported: Invalid convar handle 0 (error 4)
L 12/29/2025 - 19:13:27: [SM] Blaming: ÒankrunFixhealth.smx
L 12/29/2025 - 19:13:27: [SM] Call stack trace:
L 12/29/2025 - 19:13:27: [SM]   [0] GetConVarString
L 12/29/2025 - 19:13:27: [SM]   [1] Line 138, C:\Users\Moises\Downloads\Compressed\sourcemod-1.11.0-git6968-windows\addons\sourcemod\scripting\ÒankrunFixhealth.sp::IsTankRunActive
L 12/29/2025 - 19:13:27: [SM]   [2] Line 36, C:\Users\Moises\Downloads\Compressed\sourcemod-1.11.0-git6968-windows\addons\sourcemod\scripting\ÒankrunFixhealth.sp::Timer_PeriodicCheck
L 12/29/2025 - 19:13:37: [SM] Exception reported: Invalid convar handle 0 (error 4)
L 12/29/2025 - 19:13:37: [SM] Blaming: ÒankrunFixhealth.smx
L 12/29/2025 - 19:13:37: [SM] Call stack trace:
L 12/29/2025 - 19:13:37: [SM]   [0] GetConVarString
L 12/29/2025 - 19:13:37: [SM]   [1] Line 138, C:\Users\Moises\Downloads\Compressed\sourcemod-1.11.0-git6968-windows\addons\sourcemod\scripting\ÒankrunFixhealth.sp::IsTankRunActive
L 12/29/2025 - 19:13:37: [SM]   [2] Line 36, C:\Users\Moises\Downloads\Compressed\sourcemod-1.11.0-git6968-windows\addons\sourcemod\scripting\ÒankrunFixhealth.sp::Timer_PeriodicCheck
L 12/29/2025 - 19:13:47: [SM] Exception reported: Invalid convar handle 0 (error 4)
L 12/29/2025 - 19:13:47: [SM] Blaming: ÒankrunFixhealth.smx
L 12/29/2025 - 19:13:47: [SM] Call stack trace:
L 12/29/2025 - 19:13:47: [SM]   [0] GetConVarString
L 12/29/2025 - 19:13:47: [SM]   [1] Line 138, C:\Users\Moises\Downloads\Compressed\sourcemod-1.11.0-git6968-windows\addons\sourcemod\scripting\ÒankrunFixhealth.sp::IsTankRunActive
L 12/29/2025 - 19:13:47: [SM]   [2] Line 36, C:\Users\Moises\Downloads\Compressed\sourcemod-1.11.0-git6968-windows\addons\sourcemod\scripting\ÒankrunFixhealth.sp::Timer_PeriodicCheck
L 12/29/2025 - 19:13:50: [SM] Exception reported: Language phrase "Please wait to be revived or rescued" not found (arg 6)
L 12/29/2025 - 19:13:50: [SM] Blaming: l4dmultislots.smx
L 12/29/2025 - 19:13:50: [SM] Call stack trace:
L 12/29/2025 - 19:13:50: [SM]   [0] PrintToChat
L 12/29/2025 - 19:13:50: [SM]   [1] Line 953, d:\Github\Private-Work\L4D2-Êèí‰ª∂\scripting_1.11\l4dmultislots.sp::Timer_SpecCheck
L 12/29/2025 - 19:13:57: [SM] Exception reported: Invalid convar handle 0 (error 4)
L 12/29/2025 - 19:13:57: [SM] Blaming: ÒankrunFixhealth.smx
L 12/29/2025 - 19:13:57: [SM] Call stack trace:
L 12/29/2025 - 19:13:57: [SM]   [0] GetConVarString
L 12/29/2025 - 19:13:57: [SM]   [1] Line 138, C:\Users\Moises\Downloads\Compressed\sourcemod-1.11.0-git6968-windows\addons\sourcemod\scripting\ÒankrunFixhealth.sp::IsTankRunActive
L 12/29/2025 - 19:13:57: [SM]   [2] Line 36, C:\Users\Moises\Downloads\Compressed\sourcemod-1.11.0-git6968-windows\addons\sourcemod\scripting\ÒankrunFixhealth.sp::Timer_PeriodicCheck
L 12/29/2025 - 19:14:07: [SM] Exception reported: Invalid convar handle 0 (error 4)
L 12/29/2025 - 19:14:07: [SM] Blaming: ÒankrunFixhealth.smx
L 12/29/2025 - 19:14:07: [SM] Call stack trace:
L 12/29/2025 - 19:14:07: [SM]   [0] GetConVarString
L 12/29/2025 - 19:14:07: [SM]   [1] Line 138, C:\Users\Moises\Downloads\Compressed\sourcemod-1.11.0-git6968-windows\addons\sourcemod\scripting\ÒankrunFixhealth.sp::IsTankRunActive
L 12/29/2025 - 19:14:07: [SM]   [2] Line 36, C:\Users\Moises\Downloads\Compressed\sourcemod-1.11.0-git6968-windows\addons\sourcemod\scripting\ÒankrunFixhealth.sp::Timer_PeriodicCheck
L 12/29/2025 - 19:14:12: [SM] Exception reported: Invalid convar handle 0 (error 4)
L 12/29/2025 - 19:14:12: [SM] Blaming: ÒankrunFixhealth.smx
L 12/29/2025 - 19:14:12: [SM] Call stack trace:
L 12/29/2025 - 19:14:12: [SM]   [0] GetConVarString
L 12/29/2025 - 19:14:12: [SM]   [1] Line 138, C:\Users\Moises\Downloads\Compressed\sourcemod-1.11.0-git6968-windows\addons\sourcemod\scripting\ÒankrunFixhealth.sp::IsTankRunActive
L 12/29/2025 - 19:14:12: [SM]   [2] Line 79, C:\Users\Moises\Downloads\Compressed\sourcemod-1.11.0-git6968-windows\addons\sourcemod\scripting\ÒankrunFixhealth.sp::Event_PlayerDeath
L 12/29/2025 - 19:14:15: [SM] Exception reported: Language phrase "Please wait to be revived or rescued" not found (arg 6)
L 12/29/2025 - 19:14:15: [SM] Blaming: l4dmultislots.smx
L 12/29/2025 - 19:14:15: [SM] Call stack trace:
L 12/29/2025 - 19:14:15: [SM]   [0] PrintToChat
L 12/29/2025 - 19:14:15: [SM]   [1] Line 953, d:\Github\Private-Work\L4D2-Êèí‰ª∂\scripting_1.11\l4dmultislots.sp::Timer_SpecCheck
L 12/29/2025 - 19:14:17: [SM] Exception reported: Invalid convar handle 0 (error 4)
L 12/29/2025 - 19:14:17: [SM] Blaming: ÒankrunFixhealth.smx
L 12/29/2025 - 19:14:17: [SM] Call stack trace:
L 12/29/2025 - 19:14:17: [SM]   [0] GetConVarString
L 12/29/2025 - 19:14:17: [SM]   [1] Line 138, C:\Users\Moises\Downloads\Compressed\sourcemod-1.11.0-git6968-windows\addons\sourcemod\scripting\ÒankrunFixhealth.sp::IsTankRunActive
L 12/29/2025 - 19:14:17: [SM]   [2] Line 36, C:\Users\Moises\Downloads\Compressed\sourcemod-1.11.0-git6968-windows\addons\sourcemod\scripting\ÒankrunFixhealth.sp::Timer_PeriodicCheck
L 12/29/2025 - 19:14:27: [SM] Exception reported: Invalid convar handle 0 (error 4)
L 12/29/2025 - 19:14:27: [SM] Blaming: ÒankrunFixhealth.smx
L 12/29/2025 - 19:14:27: [SM] Call stack trace:
L 12/29/2025 - 19:14:27: [SM]   [0] GetConVarString
L 12/29/2025 - 19:14:27: [SM]   [1] Line 138, C:\Users\Moises\Downloads\Compressed\sourcemod-1.11.0-git6968-windows\addons\sourcemod\scripting\ÒankrunFixhealth.sp::IsTankRunActive
L 12/29/2025 - 19:14:27: [SM]   [2] Line 36, C:\Users\Moises\Downloads\Compressed\sourcemod-1.11.0-git6968-windows\addons\sourcemod\scripting\ÒankrunFixhealth.sp::Timer_PeriodicCheck
L 12/29/2025 - 19:14:28: [SM] Exception reported: Invalid convar handle 0 (error 4)
L 12/29/2025 - 19:14:28: [SM] Blaming: ÒankrunFixhealth.smx
L 12/29/2025 - 19:14:28: [SM] Call stack trace:
L 12/29/2025 - 19:14:28: [SM]   [0] GetConVarString
L 12/29/2025 - 19:14:28: [SM]   [1] Line 138, C:\Users\Moises\Downloads\Compressed\sourcemod-1.11.0-git6968-windows\addons\sourcemod\scripting\ÒankrunFixhealth.sp::IsTankRunActive
L 12/29/2025 - 19:14:28: [SM]   [2] Line 79, C:\Users\Moises\Downloads\Compressed\sourcemod-1.11.0-git6968-windows\addons\sourcemod\scripting\ÒankrunFixhealth.sp::Event_PlayerDeath
L 12/29/2025 - 19:14:29: [SM] Exception reported: Invalid convar handle 0 (error 4)
L 12/29/2025 - 19:14:29: [SM] Blaming: ÒankrunFixhealth.smx
L 12/29/2025 - 19:14:29: [SM] Call stack trace:
L 12/29/2025 - 19:14:29: [SM]   [0] GetConVarString
L 12/29/2025 - 19:14:29: [SM]   [1] Line 138, C:\Users\Moises\Downloads\Compressed\sourcemod-1.11.0-git6968-windows\addons\sourcemod\scripting\ÒankrunFixhealth.sp::IsTankRunActive
L 12/29/2025 - 19:14:29: [SM]   [2] Line 79, C:\Users\Moises\Downloads\Compressed\sourcemod-1.11.0-git6968-windows\addons\sourcemod\scripting\ÒankrunFixhealth.sp::Event_PlayerDeath
L 12/29/2025 - 19:14:30: [SM] Exception reported: Invalid convar handle 0 (error 4)
L 12/29/2025 - 19:14:30: [SM] Blaming: ÒankrunFixhealth.smx
L 12/29/2025 - 19:14:30: [SM] Call stack trace:
L 12/29/2025 - 19:14:30: [SM]   [0] GetConVarString
L 12/29/2025 - 19:14:30: [SM]   [1] Line 138, C:\Users\Moises\Downloads\Compressed\sourcemod-1.11.0-git6968-windows\addons\sourcemod\scripting\ÒankrunFixhealth.sp::IsTankRunActive
L 12/29/2025 - 19:14:30: [SM]   [2] Line 79, C:\Users\Moises\Downloads\Compressed\sourcemod-1.11.0-git6968-windows\addons\sourcemod\scripting\ÒankrunFixhealth.sp::Event_PlayerDeath
L 12/29/2025 - 19:14:37: [SM] Exception reported: Invalid convar handle 0 (error 4)
L 12/29/2025 - 19:14:37: [SM] Blaming: ÒankrunFixhealth.smx
L 12/29/2025 - 19:14:37: [SM] Call stack trace:
L 12/29/2025 - 19:14:37: [SM]   [0] GetConVarString
L 12/29/2025 - 19:14:37: [SM]   [1] Line 138, C:\Users\Moises\Downloads\Compressed\sourcemod-1.11.0-git6968-windows\addons\sourcemod\scripting\ÒankrunFixhealth.sp::IsTankRunActive
L 12/29/2025 - 19:14:37: [SM]   [2] Line 36, C:\Users\Moises\Downloads\Compressed\sourcemod-1.11.0-git6968-windows\addons\sourcemod\scripting\ÒankrunFixhealth.sp::Timer_PeriodicCheck
L 12/29/2025 - 19:14:40: [SM] Exception reported: Language phrase "Please wait to be revived or rescued" not found (arg 6)
L 12/29/2025 - 19:14:40: [SM] Blaming: l4dmultislots.smx
L 12/29/2025 - 19:14:40: [SM] Call stack trace:
L 12/29/2025 - 19:14:40: [SM]   [0] PrintToChat
L 12/29/2025 - 19:14:40: [SM]   [1] Line 953, d:\Github\Private-Work\L4D2-Êèí‰ª∂\scripting_1.11\l4dmultislots.sp::Timer_SpecCheck
L 12/29/2025 - 19:14:47: [SM] Exception reported: Invalid convar handle 0 (error 4)
L 12/29/2025 - 19:14:47: [SM] Blaming: ÒankrunFixhealth.smx
L 12/29/2025 - 19:14:47: [SM] Call stack trace:
L 12/29/2025 - 19:14:47: [SM]   [0] GetConVarString
L 12/29/2025 - 19:14:47: [SM]   [1] Line 138, C:\Users\Moises\Downloads\Compressed\sourcemod-1.11.0-git6968-windows\addons\sourcemod\scripting\ÒankrunFixhealth.sp::IsTankRunActive
L 12/29/2025 - 19:14:47: [SM]   [2] Line 36, C:\Users\Moises\Downloads\Compressed\sourcemod-1.11.0-git6968-windows\addons\sourcemod\scripting\ÒankrunFixhealth.sp::Timer_PeriodicCheck
L 12/29/2025 - 19:14:53: [SM] Exception reported: Invalid convar handle 0 (error 4)
L 12/29/2025 - 19:14:53: [SM] Blaming: ÒankrunFixhealth.smx
L 12/29/2025 - 19:14:53: [SM] Call stack trace:
L 12/29/2025 - 19:14:53: [SM]   [0] GetConVarString
L 12/29/2025 - 19:14:53: [SM]   [1] Line 138, C:\Users\Moises\Downloads\Compressed\sourcemod-1.11.0-git6968-windows\addons\sourcemod\scripting\ÒankrunFixhealth.sp::IsTankRunActive
L 12/29/2025 - 19:14:53: [SM]   [2] Line 79, C:\Users\Moises\Downloads\Compressed\sourcemod-1.11.0-git6968-windows\addons\sourcemod\scripting\ÒankrunFixhealth.sp::Event_PlayerDeath
L 12/29/2025 - 19:14:57: [SM] Exception reported: Invalid convar handle 0 (error 4)
L 12/29/2025 - 19:14:57: [SM] Blaming: ÒankrunFixhealth.smx
L 12/29/2025 - 19:14:57: [SM] Call stack trace:
L 12/29/2025 - 19:14:57: [SM]   [0] GetConVarString
L 12/29/2025 - 19:14:57: [SM]   [1] Line 138, C:\Users\Moises\Downloads\Compressed\sourcemod-1.11.0-git6968-windows\addons\sourcemod\scripting\ÒankrunFixhealth.sp::IsTankRunActive
L 12/29/2025 - 19:14:57: [SM]   [2] Line 36, C:\Users\Moises\Downloads\Compressed\sourcemod-1.11.0-git6968-windows\addons\sourcemod\scripting\ÒankrunFixhealth.sp::Timer_PeriodicCheck
L 12/29/2025 - 19:14:58: [SM] Exception reported: Invalid convar handle 0 (error 4)
L 12/29/2025 - 19:14:58: [SM] Blaming: ÒankrunFixhealth.smx
L 12/29/2025 - 19:14:59: [SM] Call stack trace:
L 12/29/2025 - 19:14:59: [SM]   [0] GetConVarString
L 12/29/2025 - 19:14:59: [SM]   [1] Line 138, C:\Users\Moises\Downloads\Compressed\sourcemod-1.11.0-git6968-windows\addons\sourcemod\scripting\ÒankrunFixhealth.sp::IsTankRunActive
L 12/29/2025 - 19:14:59: [SM]   [2] Line 79, C:\Users\Moises\Downloads\Compressed\sourcemod-1.11.0-git6968-windows\addons\sourcemod\scripting\ÒankrunFixhealth.sp::Event_PlayerDeath
L 12/29/2025 - 19:15:05: [SM] Exception reported: Language phrase "Please wait to be revived or rescued" not found (arg 6)
L 12/29/2025 - 19:15:05: [SM] Blaming: l4dmultislots.smx
L 12/29/2025 - 19:15:05: [SM] Call stack trace:
L 12/29/2025 - 19:15:05: [SM]   [0] PrintToChat
L 12/29/2025 - 19:15:05: [SM]   [1] Line 953, d:\Github\Private-Work\L4D2-Êèí‰ª∂\scripting_1.11\l4dmultislots.sp::Timer_SpecCheck
L 12/29/2025 - 19:15:05: [SM] Exception reported: Invalid convar handle 0 (error 4)
L 12/29/2025 - 19:15:05: [SM] Blaming: ÒankrunFixhealth.smx
L 12/29/2025 - 19:15:05: [SM] Call stack trace:
L 12/29/2025 - 19:15:05: [SM]   [0] GetConVarString
L 12/29/2025 - 19:15:05: [SM]   [1] Line 138, C:\Users\Moises\Downloads\Compressed\sourcemod-1.11.0-git6968-windows\addons\sourcemod\scripting\ÒankrunFixhealth.sp::IsTankRunActive
L 12/29/2025 - 19:15:05: [SM]   [2] Line 79, C:\Users\Moises\Downloads\Compressed\sourcemod-1.11.0-git6968-windows\addons\sourcemod\scripting\ÒankrunFixhealth.sp::Event_PlayerDeath
L 12/29/2025 - 19:15:07: [SM] Exception reported: Invalid convar handle 0 (error 4)
L 12/29/2025 - 19:15:07: [SM] Blaming: ÒankrunFixhealth.smx
L 12/29/2025 - 19:15:07: [SM] Call stack trace:
L 12/29/2025 - 19:15:07: [SM]   [0] GetConVarString
L 12/29/2025 - 19:15:07: [SM]   [1] Line 138, C:\Users\Moises\Downloads\Compressed\sourcemod-1.11.0-git6968-windows\addons\sourcemod\scripting\ÒankrunFixhealth.sp::IsTankRunActive
L 12/29/2025 - 19:15:07: [SM]   [2] Line 36, C:\Users\Moises\Downloads\Compressed\sourcemod-1.11.0-git6968-windows\addons\sourcemod\scripting\ÒankrunFixhealth.sp::Timer_PeriodicCheck
L 12/29/2025 - 19:15:10: [SM] Exception reported: Invalid convar handle 0 (error 4)
L 12/29/2025 - 19:15:10: [SM] Blaming: ÒankrunFixhealth.smx
L 12/29/2025 - 19:15:10: [SM] Call stack trace:
L 12/29/2025 - 19:15:11: [SM]   [0] GetConVarString
L 12/29/2025 - 19:15:11: [SM]   [1] Line 138, C:\Users\Moises\Downloads\Compressed\sourcemod-1.11.0-git6968-windows\addons\sourcemod\scripting\ÒankrunFixhealth.sp::IsTankRunActive
L 12/29/2025 - 19:15:11: [SM]   [2] Line 79, C:\Users\Moises\Downloads\Compressed\sourcemod-1.11.0-git6968-windows\addons\sourcemod\scripting\ÒankrunFixhealth.sp::Event_PlayerDeath
L 12/29/2025 - 19:15:11: [SM] Exception reported: Invalid convar handle 0 (error 4)
L 12/29/2025 - 19:15:11: [SM] Blaming: ÒankrunFixhealth.smx
L 12/29/2025 - 19:15:11: [SM] Call stack trace:
L 12/29/2025 - 19:15:11: [SM]   [0] GetConVarString
L 12/29/2025 - 19:15:11: [SM]   [1] Line 138, C:\Users\Moises\Downloads\Compressed\sourcemod-1.11.0-git6968-windows\addons\sourcemod\scripting\ÒankrunFixhealth.sp::IsTankRunActive
L 12/29/2025 - 19:15:11: [SM]   [2] Line 79, C:\Users\Moises\Downloads\Compressed\sourcemod-1.11.0-git6968-windows\addons\sourcemod\scripting\ÒankrunFixhealth.sp::Event_PlayerDeath
L 12/29/2025 - 19:15:16: [SM] Exception reported: Language phrase "No Any Dead Survivor" not found (arg 6)
L 12/29/2025 - 19:15:16: [SM] Blaming: l4d_sm_respawn.smx
L 12/29/2025 - 19:15:16: [SM] Call stack trace:
L 12/29/2025 - 19:15:16: [SM]   [0] FormatEx
L 12/29/2025 - 19:15:16: [SM]   [1] Line 202, d:\Github\Private-Work\L4D2-Êèí‰ª∂\scripting_1.11\l4d_sm_respawn.sp::MenuClientsToSpawn
L 12/29/2025 - 19:15:16: [SM]   [2] Line 239, d:\Github\Private-Work\L4D2-Êèí‰ª∂\scripting_1.11\l4d_sm_respawn.sp::MenuHandler_MenuList
L 12/29/2025 - 19:15:17: [SM] Exception reported: Invalid convar handle 0 (error 4)
L 12/29/2025 - 19:15:17: [SM] Blaming: ÒankrunFixhealth.smx
L 12/29/2025 - 19:15:17: [SM] Call stack trace:
L 12/29/2025 - 19:15:17: [SM]   [0] GetConVarString
L 12/29/2025 - 19:15:17: [SM]   [1] Line 138, C:\Users\Moises\Downloads\Compressed\sourcemod-1.11.0-git6968-windows\addons\sourcemod\scripting\ÒankrunFixhealth.sp::IsTankRunActive
L 12/29/2025 - 19:15:17: [SM]   [2] Line 79, C:\Users\Moises\Downloads\Compressed\sourcemod-1.11.0-git6968-windows\addons\sourcemod\scripting\ÒankrunFixhealth.sp::Event_PlayerDeath
L 12/29/2025 - 19:15:17: [SM] Exception reported: Invalid convar handle 0 (error 4)
L 12/29/2025 - 19:15:17: [SM] Blaming: ÒankrunFixhealth.smx
L 12/29/2025 - 19:15:17: [SM] Call stack trace:
L 12/29/2025 - 19:15:17: [SM]   [0] GetConVarString
L 12/29/2025 - 19:15:17: [SM]   [1] Line 138, C:\Users\Moises\Downloads\Compressed\sourcemod-1.11.0-git6968-windows\addons\sourcemod\scripting\ÒankrunFixhealth.sp::IsTankRunActive
L 12/29/2025 - 19:15:17: [SM]   [2] Line 36, C:\Users\Moises\Downloads\Compressed\sourcemod-1.11.0-git6968-windows\addons\sourcemod\scripting\ÒankrunFixhealth.sp::Timer_PeriodicCheck
L 12/29/2025 - 19:15:18: [SM] Exception reported: Invalid timer handle f4c0047d (error 3)
L 12/29/2025 - 19:15:18: [SM] Blaming: l4d2_playerjoining_v2.smx
L 12/29/2025 - 19:15:18: [SM] Call stack trace:
L 12/29/2025 - 19:15:18: [SM]   [0] KillTimer
L 12/29/2025 - 19:15:18: [SM]   [1] Line 53, C:\Users\Moises\Downloads\Compressed\sourcemod-1.11.0-git6968-windows\addons\sourcemod\scripting\l4d2_playerjoining_v2.sp::OnClientDisconnect
L 12/29/2025 - 19:15:21: [SM] Exception reported: Invalid convar handle 0 (error 4)
L 12/29/2025 - 19:15:21: [SM] Blaming: ÒankrunFixhealth.smx
L 12/29/2025 - 19:15:21: [SM] Call stack trace:
L 12/29/2025 - 19:15:21: [SM]   [0] GetConVarString
L 12/29/2025 - 19:15:21: [SM]   [1] Line 138, C:\Users\Moises\Downloads\Compressed\sourcemod-1.11.0-git6968-windows\addons\sourcemod\scripting\ÒankrunFixhealth.sp::IsTankRunActive
L 12/29/2025 - 19:15:21: [SM]   [2] Line 79, C:\Users\Moises\Downloads\Compressed\sourcemod-1.11.0-git6968-windows\addons\sourcemod\scripting\ÒankrunFixhealth.sp::Event_PlayerDeath
L 12/29/2025 - 19:15:21: [SM] Exception reported: Invalid convar handle 0 (error 4)
L 12/29/2025 - 19:15:21: [SM] Blaming: ÒankrunFixhealth.smx
L 12/29/2025 - 19:15:21: [SM] Call stack trace:
L 12/29/2025 - 19:15:21: [SM]   [0] GetConVarString
L 12/29/2025 - 19:15:21: [SM]   [1] Line 138, C:\Users\Moises\Downloads\Compressed\sourcemod-1.11.0-git6968-windows\addons\sourcemod\scripting\ÒankrunFixhealth.sp::IsTankRunActive
L 12/29/2025 - 19:15:21: [SM]   [2] Line 79, C:\Users\Moises\Downloads\Compressed\sourcemod-1.11.0-git6968-windows\addons\sourcemod\scripting\ÒankrunFixhealth.sp::Event_PlayerDeath
L 12/29/2025 - 19:15:27: [SM] Exception reported: Invalid convar handle 0 (error 4)
L 12/29/2025 - 19:15:27: [SM] Blaming: ÒankrunFixhealth.smx
L 12/29/2025 - 19:15:27: [SM] Call stack trace:
L 12/29/2025 - 19:15:27: [SM]   [0] GetConVarString
L 12/29/2025 - 19:15:27: [SM]   [1] Line 138, C:\Users\Moises\Downloads\Compressed\sourcemod-1.11.0-git6968-windows\addons\sourcemod\scripting\ÒankrunFixhealth.sp::IsTankRunActive
L 12/29/2025 - 19:15:27: [SM]   [2] Line 36, C:\Users\Moises\Downloads\Compressed\sourcemod-1.11.0-git6968-windows\addons\sourcemod\scripting\ÒankrunFixhealth.sp::Timer_PeriodicCheck
L 12/29/2025 - 19:15:37: [SM] Exception reported: Invalid convar handle 0 (error 4)
L 12/29/2025 - 19:15:37: [SM] Blaming: ÒankrunFixhealth.smx
L 12/29/2025 - 19:15:37: [SM] Call stack trace:
L 12/29/2025 - 19:15:37: [SM]   [0] GetConVarString
L 12/29/2025 - 19:15:37: [SM]   [1] Line 138, C:\Users\Moises\Downloads\Compressed\sourcemod-1.11.0-git6968-windows\addons\sourcemod\scripting\ÒankrunFixhealth.sp::IsTankRunActive
L 12/29/2025 - 19:15:37: [SM]   [2] Line 36, C:\Users\Moises\Downloads\Compressed\sourcemod-1.11.0-git6968-windows\addons\sourcemod\scripting\ÒankrunFixhealth.sp::Timer_PeriodicCheck
L 12/29/2025 - 19:15:47: [SM] Exception reported: Invalid convar handle 0 (error 4)
L 12/29/2025 - 19:15:47: [SM] Blaming: ÒankrunFixhealth.smx
L 12/29/2025 - 19:15:47: [SM] Call stack trace:
L 12/29/2025 - 19:15:47: [SM]   [0] GetConVarString
L 12/29/2025 - 19:15:47: [SM]   [1] Line 138, C:\Users\Moises\Downloads\Compressed\sourcemod-1.11.0-git6968-windows\addons\sourcemod\scripting\ÒankrunFixhealth.sp::IsTankRunActive
L 12/29/2025 - 19:15:47: [SM]   [2] Line 36, C:\Users\Moises\Downloads\Compressed\sourcemod-1.11.0-git6968-windows\addons\sourcemod\scripting\ÒankrunFixhealth.sp::Timer_PeriodicCheck
L 12/29/2025 - 19:15:57: [SM] Exception reported: Invalid convar handle 0 (error 4)
L 12/29/2025 - 19:15:57: [SM] Blaming: ÒankrunFixhealth.smx
L 12/29/2025 - 19:15:57: [SM] Call stack trace:
L 12/29/2025 - 19:15:57: [SM]   [0] GetConVarString
L 12/29/2025 - 19:15:57: [SM]   [1] Line 138, C:\Users\Moises\Downloads\Compressed\sourcemod-1.11.0-git6968-windows\addons\sourcemod\scripting\ÒankrunFixhealth.sp::IsTankRunActive
L 12/29/2025 - 19:15:57: [SM]   [2] Line 36, C:\Users\Moises\Downloads\Compressed\sourcemod-1.11.0-git6968-windows\addons\sourcemod\scripting\ÒankrunFixhealth.sp::Timer_PeriodicCheck
L 12/29/2025 - 19:16:07: [SM] Exception reported: Invalid convar handle 0 (error 4)
L 12/29/2025 - 19:16:07: [SM] Blaming: ÒankrunFixhealth.smx
L 12/29/2025 - 19:16:07: [SM] Call stack trace:
L 12/29/2025 - 19:16:07: [SM]   [0] GetConVarString
L 12/29/2025 - 19:16:07: [SM]   [1] Line 138, C:\Users\Moises\Downloads\Compressed\sourcemod-1.11.0-git6968-windows\addons\sourcemod\scripting\ÒankrunFixhealth.sp::IsTankRunActive
L 12/29/2025 - 19:16:07: [SM]   [2] Line 36, C:\Users\Moises\Downloads\Compressed\sourcemod-1.11.0-git6968-windows\addons\sourcemod\scripting\ÒankrunFixhealth.sp::Timer_PeriodicCheck
L 12/29/2025 - 19:16:17: [SM] Exception reported: Invalid convar handle 0 (error 4)
L 12/29/2025 - 19:16:17: [SM] Blaming: ÒankrunFixhealth.smx
L 12/29/2025 - 19:16:17: [SM] Call stack trace:
L 12/29/2025 - 19:16:17: [SM]   [0] GetConVarString
L 12/29/2025 - 19:16:17: [SM]   [1] Line 138, C:\Users\Moises\Downloads\Compressed\sourcemod-1.11.0-git6968-windows\addons\sourcemod\scripting\ÒankrunFixhealth.sp::IsTankRunActive
L 12/29/2025 - 19:16:17: [SM]   [2] Line 36, C:\Users\Moises\Downloads\Compressed\sourcemod-1.11.0-git6968-windows\addons\sourcemod\scripting\ÒankrunFixhealth.sp::Timer_PeriodicCheck
L 12/29/2025 - 19:16:21: [SM] Exception reported: Invalid convar handle 0 (error 4)
L 12/29/2025 - 19:16:21: [SM] Blaming: ÒankrunFixhealth.smx
L 12/29/2025 - 19:16:21: [SM] Call stack trace:
L 12/29/2025 - 19:16:21: [SM]   [0] GetConVarString
L 12/29/2025 - 19:16:21: [SM]   [1] Line 138, C:\Users\Moises\Downloads\Compressed\sourcemod-1.11.0-git6968-windows\addons\sourcemod\scripting\ÒankrunFixhealth.sp::IsTankRunActive
L 12/29/2025 - 19:16:21: [SM]   [2] Line 79, C:\Users\Moises\Downloads\Compressed\sourcemod-1.11.0-git6968-windows\addons\sourcemod\scripting\ÒankrunFixhealth.sp::Event_PlayerDeath
L 12/29/2025 - 19:16:25: [SM] Exception reported: Invalid convar handle 0 (error 4)
L 12/29/2025 - 19:16:25: [SM] Blaming: ÒankrunFixhealth.smx
L 12/29/2025 - 19:16:25: [SM] Call stack trace:
L 12/29/2025 - 19:16:25: [SM]   [0] GetConVarString
L 12/29/2025 - 19:16:25: [SM]   [1] Line 138, C:\Users\Moises\Downloads\Compressed\sourcemod-1.11.0-git6968-windows\addons\sourcemod\scripting\ÒankrunFixhealth.sp::IsTankRunActive
L 12/29/2025 - 19:16:25: [SM]   [2] Line 79, C:\Users\Moises\Downloads\Compressed\sourcemod-1.11.0-git6968-windows\addons\sourcemod\scripting\ÒankrunFixhealth.sp::Event_PlayerDeath
L 12/29/2025 - 19:16:27: [SM] Exception reported: Invalid convar handle 0 (error 4)
L 12/29/2025 - 19:16:27: [SM] Blaming: ÒankrunFixhealth.smx
L 12/29/2025 - 19:16:27: [SM] Call stack trace:
L 12/29/2025 - 19:16:27: [SM]   [0] GetConVarString
L 12/29/2025 - 19:16:27: [SM]   [1] Line 138, C:\Users\Moises\Downloads\Compressed\sourcemod-1.11.0-git6968-windows\addons\sourcemod\scripting\ÒankrunFixhealth.sp::IsTankRunActive
L 12/29/2025 - 19:16:27: [SM]   [2] Line 36, C:\Users\Moises\Downloads\Compressed\sourcemod-1.11.0-git6968-windows\addons\sourcemod\scripting\ÒankrunFixhealth.sp::Timer_PeriodicCheck
L 12/29/2025 - 19:16:32: [SM] Exception reported: Invalid timer handle e6a0048d (error 3)
L 12/29/2025 - 19:16:32: [SM] Blaming: l4d2_playerjoining_v2.smx
L 12/29/2025 - 19:16:32: [SM] Call stack trace:
L 12/29/2025 - 19:16:32: [SM]   [0] KillTimer
L 12/29/2025 - 19:16:32: [SM]   [1] Line 53, C:\Users\Moises\Downloads\Compressed\sourcemod-1.11.0-git6968-windows\addons\sourcemod\scripting\l4d2_playerjoining_v2.sp::OnClientDisconnect
L 12/29/2025 - 19:16:37: [SM] Exception reported: Invalid convar handle 0 (error 4)
L 12/29/2025 - 19:16:37: [SM] Blaming: ÒankrunFixhealth.smx
L 12/29/2025 - 19:16:37: [SM] Call stack trace:
L 12/29/2025 - 19:16:37: [SM]   [0] GetConVarString
L 12/29/2025 - 19:16:37: [SM]   [1] Line 138, C:\Users\Moises\Downloads\Compressed\sourcemod-1.11.0-git6968-windows\addons\sourcemod\scripting\ÒankrunFixhealth.sp::IsTankRunActive
L 12/29/2025 - 19:16:37: [SM]   [2] Line 36, C:\Users\Moises\Downloads\Compressed\sourcemod-1.11.0-git6968-windows\addons\sourcemod\scripting\ÒankrunFixhealth.sp::Timer_PeriodicCheck
L 12/29/2025 - 19:16:47: [SM] Exception reported: Invalid convar handle 0 (error 4)
L 12/29/2025 - 19:16:47: [SM] Blaming: ÒankrunFixhealth.smx
L 12/29/2025 - 19:16:47: [SM] Call stack trace:
L 12/29/2025 - 19:16:47: [SM]   [0] GetConVarString
L 12/29/2025 - 19:16:47: [SM]   [1] Line 138, C:\Users\Moises\Downloads\Compressed\sourcemod-1.11.0-git6968-windows\addons\sourcemod\scripting\ÒankrunFixhealth.sp::IsTankRunActive
L 12/29/2025 - 19:16:47: [SM]   [2] Line 36, C:\Users\Moises\Downloads\Compressed\sourcemod-1.11.0-git6968-windows\addons\sourcemod\scripting\ÒankrunFixhealth.sp::Timer_PeriodicCheck
L 12/29/2025 - 19:16:57: [SM] Exception reported: Invalid convar handle 0 (error 4)
L 12/29/2025 - 19:16:57: [SM] Blaming: ÒankrunFixhealth.smx
L 12/29/2025 - 19:16:57: [SM] Call stack trace:
L 12/29/2025 - 19:16:57: [SM]   [0] GetConVarString
L 12/29/2025 - 19:16:57: [SM]   [1] Line 138, C:\Users\Moises\Downloads\Compressed\sourcemod-1.11.0-git6968-windows\addons\sourcemod\scripting\ÒankrunFixhealth.sp::IsTankRunActive
L 12/29/2025 - 19:16:57: [SM]   [2] Line 36, C:\Users\Moises\Downloads\Compressed\sourcemod-1.11.0-git6968-windows\addons\sourcemod\scripting\ÒankrunFixhealth.sp::Timer_PeriodicCheck
L 12/29/2025 - 19:17:02: [SM] Exception reported: Invalid timer handle f4c0047d (error 1)
L 12/29/2025 - 19:17:02: [SM] Blaming: l4d2_playerjoining_v2.smx
L 12/29/2025 - 19:17:02: [SM] Call stack trace:
L 12/29/2025 - 19:17:02: [SM]   [0] KillTimer
L 12/29/2025 - 19:17:02: [SM]   [1] Line 53, C:\Users\Moises\Downloads\Compressed\sourcemod-1.11.0-git6968-windows\addons\sourcemod\scripting\l4d2_playerjoining_v2.sp::OnClientDisconnect
L 12/29/2025 - 19:17:02: [SM] Exception reported: Invalid timer handle e6a0048d (error 3)
L 12/29/2025 - 19:17:02: [SM] Blaming: l4d2_playerjoining_v2.smx
L 12/29/2025 - 19:17:02: [SM] Call stack trace:
L 12/29/2025 - 19:17:02: [SM]   [0] KillTimer
L 12/29/2025 - 19:17:02: [SM]   [1] Line 53, C:\Users\Moises\Downloads\Compressed\sourcemod-1.11.0-git6968-windows\addons\sourcemod\scripting\l4d2_playerjoining_v2.sp::OnClientDisconnect
L 12/29/2025 - 19:17:02: [SM] Exception reported: Invalid timer handle c1000499 (error 3)
L 12/29/2025 - 19:17:02: [SM] Blaming: l4d2_playerjoining_v2.smx
L 12/29/2025 - 19:17:02: [SM] Call stack trace:
L 12/29/2025 - 19:17:02: [SM]   [0] KillTimer
L 12/29/2025 - 19:17:02: [SM]   [1] Line 53, C:\Users\Moises\Downloads\Compressed\sourcemod-1.11.0-git6968-windows\addons\sourcemod\scripting\l4d2_playerjoining_v2.sp::OnClientDisconnect
L 12/29/2025 - 19:17:05: Error log file session closed.
L 12/29/2025 - 19:17:05: SourceMod error session started
L 12/29/2025 - 19:17:05: Info (map "c2m1_highway") (file "d:\steamlibrary\steamapps\common\left 4 dead 2\left4dead2\addons\sourcemod\logs\errors_20251229.log")
L 12/29/2025 - 19:17:05: [SM] Fatal error encountered parsing translation file "l4d_nth.phrases.txt"
L 12/29/2025 - 19:17:05: [SM] Error (line 0, column 0): Stream failed to open
L 12/29/2025 - 19:17:05: [SM] Fatal error encountered parsing translation file "chargersteering.phrases.txt"
L 12/29/2025 - 19:17:05: [SM] Error (line 0, column 0): Stream failed to open
L 12/29/2025 - 19:17:05: [SM] Fatal error encountered parsing translation file "l4dmultislots.phrases.txt"
L 12/29/2025 - 19:17:05: [SM] Error (line 0, column 0): Stream failed to open
L 12/29/2025 - 19:17:05: [SM] Fatal error encountered parsing translation file "lilac.phrases.txt"
L 12/29/2025 - 19:17:05: [SM] Error (line 0, column 0): Stream failed to open
L 12/29/2025 - 19:17:07: [SM] Exception reported: Invalid convar handle 0 (error 4)
L 12/29/2025 - 19:17:07: [SM] Blaming: ÒankrunFixhealth.smx
L 12/29/2025 - 19:17:07: [SM] Call stack trace:
L 12/29/2025 - 19:17:07: [SM]   [0] GetConVarString
L 12/29/2025 - 19:17:07: [SM]   [1] Line 138, C:\Users\Moises\Downloads\Compressed\sourcemod-1.11.0-git6968-windows\addons\sourcemod\scripting\ÒankrunFixhealth.sp::IsTankRunActive
L 12/29/2025 - 19:17:07: [SM]   [2] Line 54, C:\Users\Moises\Downloads\Compressed\sourcemod-1.11.0-git6968-windows\addons\sourcemod\scripting\ÒankrunFixhealth.sp::Event_RoundStart
L 12/29/2025 - 19:17:07: [l4d2_publicity.smx] [Publicity] No se encontraron mensajes en el archivo de configuraci√≥n
L 12/29/2025 - 19:17:14: [SM] Exception reported: Invalid convar handle 0 (error 4)
L 12/29/2025 - 19:17:14: [SM] Blaming: ÒankrunFixhealth.smx
L 12/29/2025 - 19:17:14: [SM] Call stack trace:
L 12/29/2025 - 19:17:14: [SM]   [0] GetConVarString
L 12/29/2025 - 19:17:14: [SM]   [1] Line 138, C:\Users\Moises\Downloads\Compressed\sourcemod-1.11.0-git6968-windows\addons\sourcemod\scripting\ÒankrunFixhealth.sp::IsTankRunActive
L 12/29/2025 - 19:17:14: [SM]   [2] Line 36, C:\Users\Moises\Downloads\Compressed\sourcemod-1.11.0-git6968-windows\addons\sourcemod\scripting\ÒankrunFixhealth.sp::Timer_PeriodicCheck
L 12/29/2025 - 19:17:24: [SM] Exception reported: Invalid convar handle 0 (error 4)
L 12/29/2025 - 19:17:24: [SM] Blaming: ÒankrunFixhealth.smx
L 12/29/2025 - 19:17:24: [SM] Call stack trace:
L 12/29/2025 - 19:17:24: [SM]   [0] GetConVarString
L 12/29/2025 - 19:17:24: [SM]   [1] Line 138, C:\Users\Moises\Downloads\Compressed\sourcemod-1.11.0-git6968-windows\addons\sourcemod\scripting\ÒankrunFixhealth.sp::IsTankRunActive
L 12/29/2025 - 19:17:24: [SM]   [2] Line 36, C:\Users\Moises\Downloads\Compressed\sourcemod-1.11.0-git6968-windows\addons\sourcemod\scripting\ÒankrunFixhealth.sp::Timer_PeriodicCheck
L 12/29/2025 - 19:17:33: [SM] Exception reported: Invalid timer handle f4c0047d (error 1)
L 12/29/2025 - 19:17:33: [SM] Blaming: l4d2_playerjoining_v2.smx
L 12/29/2025 - 19:17:33: [SM] Call stack trace:
L 12/29/2025 - 19:17:33: [SM]   [0] KillTimer
L 12/29/2025 - 19:17:33: [SM]   [1] Line 53, C:\Users\Moises\Downloads\Compressed\sourcemod-1.11.0-git6968-windows\addons\sourcemod\scripting\l4d2_playerjoining_v2.sp::OnClientDisconnect
L 12/29/2025 - 19:17:36: [SM] Exception reported: Invalid convar handle 0 (error 4)
L 12/29/2025 - 19:17:36: [SM] Blaming: ÒankrunFixhealth.smx
L 12/29/2025 - 19:17:36: [SM] Call stack trace:
L 12/29/2025 - 19:17:36: [SM]   [0] GetConVarString
L 12/29/2025 - 19:17:36: [SM]   [1] Line 138, C:\Users\Moises\Downloads\Compressed\sourcemod-1.11.0-git6968-windows\addons\sourcemod\scripting\ÒankrunFixhealth.sp::IsTankRunActive
L 12/29/2025 - 19:17:36: [SM]   [2] Line 36, C:\Users\Moises\Downloads\Compressed\sourcemod-1.11.0-git6968-windows\addons\sourcemod\scripting\ÒankrunFixhealth.sp::Timer_PeriodicCheck
L 12/29/2025 - 19:17:38: [SM] Exception reported: Invalid timer handle e6a0048d (error 1)
L 12/29/2025 - 19:17:38: [SM] Blaming: l4d2_playerjoining_v2.smx
L 12/29/2025 - 19:17:38: [SM] Call stack trace:
L 12/29/2025 - 19:17:38: [SM]   [0] KillTimer
L 12/29/2025 - 19:17:38: [SM]   [1] Line 53, C:\Users\Moises\Downloads\Compressed\sourcemod-1.11.0-git6968-windows\addons\sourcemod\scripting\l4d2_playerjoining_v2.sp::OnClientDisconnect
L 12/29/2025 - 19:17:46: [SM] Exception reported: Invalid timer handle f4c0047d (error 1)
L 12/29/2025 - 19:17:46: [SM] Blaming: l4d2_playerjoining_v2.smx
L 12/29/2025 - 19:17:46: [SM] Call stack trace:
L 12/29/2025 - 19:17:46: [SM]   [0] KillTimer
L 12/29/2025 - 19:17:46: [SM]   [1] Line 53, C:\Users\Moises\Downloads\Compressed\sourcemod-1.11.0-git6968-windows\addons\sourcemod\scripting\l4d2_playerjoining_v2.sp::OnClientDisconnect
L 12/29/2025 - 19:17:47: [SM] Exception reported: Invalid convar handle 0 (error 4)
L 12/29/2025 - 19:17:47: [SM] Blaming: ÒankrunFixhealth.smx
L 12/29/2025 - 19:17:47: [SM] Call stack trace:
L 12/29/2025 - 19:17:47: [SM]   [0] GetConVarString
L 12/29/2025 - 19:17:47: [SM]   [1] Line 138, C:\Users\Moises\Downloads\Compressed\sourcemod-1.11.0-git6968-windows\addons\sourcemod\scripting\ÒankrunFixhealth.sp::IsTankRunActive
L 12/29/2025 - 19:17:47: [SM]   [2] Line 36, C:\Users\Moises\Downloads\Compressed\sourcemod-1.11.0-git6968-windows\addons\sourcemod\scripting\ÒankrunFixhealth.sp::Timer_PeriodicCheck
L 12/29/2025 - 19:17:50: [SM] Exception reported: Invalid convar handle 0 (error 4)
L 12/29/2025 - 19:17:50: [SM] Blaming: ÒankrunFixhealth.smx
L 12/29/2025 - 19:17:50: [SM] Call stack trace:
L 12/29/2025 - 19:17:50: [SM]   [0] GetConVarString
L 12/29/2025 - 19:17:50: [SM]   [1] Line 138, C:\Users\Moises\Downloads\Compressed\sourcemod-1.11.0-git6968-windows\addons\sourcemod\scripting\ÒankrunFixhealth.sp::IsTankRunActive
L 12/29/2025 - 19:17:50: [SM]   [2] Line 79, C:\Users\Moises\Downloads\Compressed\sourcemod-1.11.0-git6968-windows\addons\sourcemod\scripting\ÒankrunFixhealth.sp::Event_PlayerDeath
L 12/29/2025 - 19:17:51: [SM] Exception reported: Invalid timer handle f4c0047d (error 1)
L 12/29/2025 - 19:17:51: [SM] Blaming: l4d2_playerjoining_v2.smx
L 12/29/2025 - 19:17:51: [SM] Call stack trace:
L 12/29/2025 - 19:17:51: [SM]   [0] KillTimer
L 12/29/2025 - 19:17:51: [SM]   [1] Line 53, C:\Users\Moises\Downloads\Compressed\sourcemod-1.11.0-git6968-windows\addons\sourcemod\scripting\l4d2_playerjoining_v2.sp::OnClientDisconnect
L 12/29/2025 - 19:17:57: [SM] Exception reported: Invalid convar handle 0 (error 4)
L 12/29/2025 - 19:17:57: [SM] Blaming: ÒankrunFixhealth.smx
L 12/29/2025 - 19:17:57: [SM] Call stack trace:
L 12/29/2025 - 19:17:57: [SM]   [0] GetConVarString
L 12/29/2025 - 19:17:57: [SM]   [1] Line 138, C:\Users\Moises\Downloads\Compressed\sourcemod-1.11.0-git6968-windows\addons\sourcemod\scripting\ÒankrunFixhealth.sp::IsTankRunActive
L 12/29/2025 - 19:17:57: [SM]   [2] Line 36, C:\Users\Moises\Downloads\Compressed\sourcemod-1.11.0-git6968-windows\addons\sourcemod\scripting\ÒankrunFixhealth.sp::Timer_PeriodicCheck
L 12/29/2025 - 19:18:01: [SM] Exception reported: Language phrase "Please wait to be revived or rescued" not found (arg 6)
L 12/29/2025 - 19:18:01: [SM] Blaming: l4dmultislots.smx
L 12/29/2025 - 19:18:01: [SM] Call stack trace:
L 12/29/2025 - 19:18:01: [SM]   [0] PrintToChat
L 12/29/2025 - 19:18:01: [SM]   [1] Line 953, d:\Github\Private-Work\L4D2-Êèí‰ª∂\scripting_1.11\l4dmultislots.sp::Timer_SpecCheck
L 12/29/2025 - 19:18:07: [SM] Exception reported: Invalid convar handle 0 (error 4)
L 12/29/2025 - 19:18:07: [SM] Blaming: ÒankrunFixhealth.smx
L 12/29/2025 - 19:18:07: [SM] Call stack trace:
L 12/29/2025 - 19:18:07: [SM]   [0] GetConVarString
L 12/29/2025 - 19:18:07: [SM]   [1] Line 138, C:\Users\Moises\Downloads\Compressed\sourcemod-1.11.0-git6968-windows\addons\sourcemod\scripting\ÒankrunFixhealth.sp::IsTankRunActive
L 12/29/2025 - 19:18:07: [SM]   [2] Line 36, C:\Users\Moises\Downloads\Compressed\sourcemod-1.11.0-git6968-windows\addons\sourcemod\scripting\ÒankrunFixhealth.sp::Timer_PeriodicCheck
L 12/29/2025 - 19:18:17: [SM] Exception reported: Invalid convar handle 0 (error 4)
L 12/29/2025 - 19:18:17: [SM] Blaming: ÒankrunFixhealth.smx
L 12/29/2025 - 19:18:17: [SM] Call stack trace:
L 12/29/2025 - 19:18:17: [SM]   [0] GetConVarString
L 12/29/2025 - 19:18:17: [SM]   [1] Line 138, C:\Users\Moises\Downloads\Compressed\sourcemod-1.11.0-git6968-windows\addons\sourcemod\scripting\ÒankrunFixhealth.sp::IsTankRunActive
L 12/29/2025 - 19:18:17: [SM]   [2] Line 36, C:\Users\Moises\Downloads\Compressed\sourcemod-1.11.0-git6968-windows\addons\sourcemod\scripting\ÒankrunFixhealth.sp::Timer_PeriodicCheck
L 12/29/2025 - 19:18:26: [SM] Exception reported: Language phrase "Please wait to be revived or rescued" not found (arg 6)
L 12/29/2025 - 19:18:26: [SM] Blaming: l4dmultislots.smx
L 12/29/2025 - 19:18:26: [SM] Call stack trace:
L 12/29/2025 - 19:18:26: [SM]   [0] PrintToChat
L 12/29/2025 - 19:18:26: [SM]   [1] Line 953, d:\Github\Private-Work\L4D2-Êèí‰ª∂\scripting_1.11\l4dmultislots.sp::Timer_SpecCheck
L 12/29/2025 - 19:18:27: [SM] Exception reported: Invalid convar handle 0 (error 4)
L 12/29/2025 - 19:18:27: [SM] Blaming: ÒankrunFixhealth.smx
L 12/29/2025 - 19:18:27: [SM] Call stack trace:
L 12/29/2025 - 19:18:27: [SM]   [0] GetConVarString
L 12/29/2025 - 19:18:27: [SM]   [1] Line 138, C:\Users\Moises\Downloads\Compressed\sourcemod-1.11.0-git6968-windows\addons\sourcemod\scripting\ÒankrunFixhealth.sp::IsTankRunActive
L 12/29/2025 - 19:18:27: [SM]   [2] Line 36, C:\Users\Moises\Downloads\Compressed\sourcemod-1.11.0-git6968-windows\addons\sourcemod\scripting\ÒankrunFixhealth.sp::Timer_PeriodicCheck
L 12/29/2025 - 19:18:37: [SM] Exception reported: Invalid convar handle 0 (error 4)
L 12/29/2025 - 19:18:37: [SM] Blaming: ÒankrunFixhealth.smx
L 12/29/2025 - 19:18:37: [SM] Call stack trace:
L 12/29/2025 - 19:18:37: [SM]   [0] GetConVarString
L 12/29/2025 - 19:18:37: [SM]   [1] Line 138, C:\Users\Moises\Downloads\Compressed\sourcemod-1.11.0-git6968-windows\addons\sourcemod\scripting\ÒankrunFixhealth.sp::IsTankRunActive
L 12/29/2025 - 19:18:37: [SM]   [2] Line 36, C:\Users\Moises\Downloads\Compressed\sourcemod-1.11.0-git6968-windows\addons\sourcemod\scripting\ÒankrunFixhealth.sp::Timer_PeriodicCheck
L 12/29/2025 - 19:18:47: [SM] Exception reported: Invalid convar handle 0 (error 4)
L 12/29/2025 - 19:18:47: [SM] Blaming: ÒankrunFixhealth.smx
L 12/29/2025 - 19:18:47: [SM] Call stack trace:
L 12/29/2025 - 19:18:47: [SM]   [0] GetConVarString
L 12/29/2025 - 19:18:47: [SM]   [1] Line 138, C:\Users\Moises\Downloads\Compressed\sourcemod-1.11.0-git6968-windows\addons\sourcemod\scripting\ÒankrunFixhealth.sp::IsTankRunActive
L 12/29/2025 - 19:18:47: [SM]   [2] Line 36, C:\Users\Moises\Downloads\Compressed\sourcemod-1.11.0-git6968-windows\addons\sourcemod\scripting\ÒankrunFixhealth.sp::Timer_PeriodicCheck
L 12/29/2025 - 19:18:51: [SM] Exception reported: Language phrase "Please wait to be revived or rescued" not found (arg 6)
L 12/29/2025 - 19:18:51: [SM] Blaming: l4dmultislots.smx
L 12/29/2025 - 19:18:51: [SM] Call stack trace:
L 12/29/2025 - 19:18:51: [SM]   [0] PrintToChat
L 12/29/2025 - 19:18:51: [SM]   [1] Line 953, d:\Github\Private-Work\L4D2-Êèí‰ª∂\scripting_1.11\l4dmultislots.sp::Timer_SpecCheck
L 12/29/2025 - 19:18:57: [SM] Exception reported: Invalid convar handle 0 (error 4)
L 12/29/2025 - 19:18:57: [SM] Blaming: ÒankrunFixhealth.smx
L 12/29/2025 - 19:18:57: [SM] Call stack trace:
L 12/29/2025 - 19:18:57: [SM]   [0] GetConVarString
L 12/29/2025 - 19:18:57: [SM]   [1] Line 138, C:\Users\Moises\Downloads\Compressed\sourcemod-1.11.0-git6968-windows\addons\sourcemod\scripting\ÒankrunFixhealth.sp::IsTankRunActive
L 12/29/2025 - 19:18:57: [SM]   [2] Line 36, C:\Users\Moises\Downloads\Compressed\sourcemod-1.11.0-git6968-windows\addons\sourcemod\scripting\ÒankrunFixhealth.sp::Timer_PeriodicCheck
L 12/29/2025 - 19:19:07: [SM] Exception reported: Invalid convar handle 0 (error 4)
L 12/29/2025 - 19:19:07: [SM] Blaming: ÒankrunFixhealth.smx
L 12/29/2025 - 19:19:07: [SM] Call stack trace:
L 12/29/2025 - 19:19:07: [SM]   [0] GetConVarString
L 12/29/2025 - 19:19:07: [SM]   [1] Line 138, C:\Users\Moises\Downloads\Compressed\sourcemod-1.11.0-git6968-windows\addons\sourcemod\scripting\ÒankrunFixhealth.sp::IsTankRunActive
L 12/29/2025 - 19:19:07: [SM]   [2] Line 36, C:\Users\Moises\Downloads\Compressed\sourcemod-1.11.0-git6968-windows\addons\sourcemod\scripting\ÒankrunFixhealth.sp::Timer_PeriodicCheck
L 12/29/2025 - 19:19:08: [SM] Exception reported: Invalid convar handle 0 (error 4)
L 12/29/2025 - 19:19:08: [SM] Blaming: ÒankrunFixhealth.smx
L 12/29/2025 - 19:19:08: [SM] Call stack trace:
L 12/29/2025 - 19:19:08: [SM]   [0] GetConVarString
L 12/29/2025 - 19:19:08: [SM]   [1] Line 138, C:\Users\Moises\Downloads\Compressed\sourcemod-1.11.0-git6968-windows\addons\sourcemod\scripting\ÒankrunFixhealth.sp::IsTankRunActive
L 12/29/2025 - 19:19:08: [SM]   [2] Line 79, C:\Users\Moises\Downloads\Compressed\sourcemod-1.11.0-git6968-windows\addons\sourcemod\scripting\ÒankrunFixhealth.sp::Event_PlayerDeath
L 12/29/2025 - 19:19:16: [SM] Exception reported: Language phrase "Please wait to be revived or rescued" not found (arg 6)
L 12/29/2025 - 19:19:16: [SM] Blaming: l4dmultislots.smx
L 12/29/2025 - 19:19:16: [SM] Call stack trace:
L 12/29/2025 - 19:19:16: [SM]   [0] PrintToChat
L 12/29/2025 - 19:19:16: [SM]   [1] Line 953, d:\Github\Private-Work\L4D2-Êèí‰ª∂\scripting_1.11\l4dmultislots.sp::Timer_SpecCheck
L 12/29/2025 - 19:19:17: [SM] Exception reported: Invalid convar handle 0 (error 4)
L 12/29/2025 - 19:19:17: [SM] Blaming: ÒankrunFixhealth.smx
L 12/29/2025 - 19:19:17: [SM] Call stack trace:
L 12/29/2025 - 19:19:17: [SM]   [0] GetConVarString
L 12/29/2025 - 19:19:17: [SM]   [1] Line 138, C:\Users\Moises\Downloads\Compressed\sourcemod-1.11.0-git6968-windows\addons\sourcemod\scripting\ÒankrunFixhealth.sp::IsTankRunActive
L 12/29/2025 - 19:19:17: [SM]   [2] Line 36, C:\Users\Moises\Downloads\Compressed\sourcemod-1.11.0-git6968-windows\addons\sourcemod\scripting\ÒankrunFixhealth.sp::Timer_PeriodicCheck
L 12/29/2025 - 19:19:20: [SM] Exception reported: Invalid convar handle 0 (error 4)
L 12/29/2025 - 19:19:20: [SM] Blaming: ÒankrunFixhealth.smx
L 12/29/2025 - 19:19:20: [SM] Call stack trace:
L 12/29/2025 - 19:19:20: [SM]   [0] GetConVarString
L 12/29/2025 - 19:19:20: [SM]   [1] Line 138, C:\Users\Moises\Downloads\Compressed\sourcemod-1.11.0-git6968-windows\addons\sourcemod\scripting\ÒankrunFixhealth.sp::IsTankRunActive
L 12/29/2025 - 19:19:20: [SM]   [2] Line 79, C:\Users\Moises\Downloads\Compressed\sourcemod-1.11.0-git6968-windows\addons\sourcemod\scripting\ÒankrunFixhealth.sp::Event_PlayerDeath
L 12/29/2025 - 19:19:27: [SM] Exception reported: Invalid convar handle 0 (error 4)
L 12/29/2025 - 19:19:27: [SM] Blaming: ÒankrunFixhealth.smx
L 12/29/2025 - 19:19:27: [SM] Call stack trace:
L 12/29/2025 - 19:19:27: [SM]   [0] GetConVarString
L 12/29/2025 - 19:19:27: [SM]   [1] Line 138, C:\Users\Moises\Downloads\Compressed\sourcemod-1.11.0-git6968-windows\addons\sourcemod\scripting\ÒankrunFixhealth.sp::IsTankRunActive
L 12/29/2025 - 19:19:27: [SM]   [2] Line 36, C:\Users\Moises\Downloads\Compressed\sourcemod-1.11.0-git6968-windows\addons\sourcemod\scripting\ÒankrunFixhealth.sp::Timer_PeriodicCheck
L 12/29/2025 - 19:19:27: [SM] Exception reported: Invalid timer handle e6a0048d (error 3)
L 12/29/2025 - 19:19:27: [SM] Blaming: l4d2_playerjoining_v2.smx
L 12/29/2025 - 19:19:27: [SM] Call stack trace:
L 12/29/2025 - 19:19:27: [SM]   [0] KillTimer
L 12/29/2025 - 19:19:27: [SM]   [1] Line 53, C:\Users\Moises\Downloads\Compressed\sourcemod-1.11.0-git6968-windows\addons\sourcemod\scripting\l4d2_playerjoining_v2.sp::OnClientDisconnect
L 12/29/2025 - 19:19:37: [SM] Exception reported: Invalid convar handle 0 (error 4)
L 12/29/2025 - 19:19:37: [SM] Blaming: ÒankrunFixhealth.smx
L 12/29/2025 - 19:19:37: [SM] Call stack trace:
L 12/29/2025 - 19:19:37: [SM]   [0] GetConVarString
L 12/29/2025 - 19:19:37: [SM]   [1] Line 138, C:\Users\Moises\Downloads\Compressed\sourcemod-1.11.0-git6968-windows\addons\sourcemod\scripting\ÒankrunFixhealth.sp::IsTankRunActive
L 12/29/2025 - 19:19:37: [SM]   [2] Line 36, C:\Users\Moises\Downloads\Compressed\sourcemod-1.11.0-git6968-windows\addons\sourcemod\scripting\ÒankrunFixhealth.sp::Timer_PeriodicCheck
L 12/29/2025 - 19:19:41: [SM] Exception reported: Language phrase "Please wait to be revived or rescued" not found (arg 6)
L 12/29/2025 - 19:19:41: [SM] Blaming: l4dmultislots.smx
L 12/29/2025 - 19:19:41: [SM] Call stack trace:
L 12/29/2025 - 19:19:41: [SM]   [0] PrintToChat
L 12/29/2025 - 19:19:41: [SM]   [1] Line 953, d:\Github\Private-Work\L4D2-Êèí‰ª∂\scripting_1.11\l4dmultislots.sp::Timer_SpecCheck
L 12/29/2025 - 19:19:47: [SM] Exception reported: Invalid convar handle 0 (error 4)
L 12/29/2025 - 19:19:47: [SM] Blaming: ÒankrunFixhealth.smx
L 12/29/2025 - 19:19:47: [SM] Call stack trace:
L 12/29/2025 - 19:19:47: [SM]   [0] GetConVarString
L 12/29/2025 - 19:19:47: [SM]   [1] Line 138, C:\Users\Moises\Downloads\Compressed\sourcemod-1.11.0-git6968-windows\addons\sourcemod\scripting\ÒankrunFixhealth.sp::IsTankRunActive
L 12/29/2025 - 19:19:47: [SM]   [2] Line 36, C:\Users\Moises\Downloads\Compressed\sourcemod-1.11.0-git6968-windows\addons\sourcemod\scripting\ÒankrunFixhealth.sp::Timer_PeriodicCheck
L 12/29/2025 - 19:19:49: [SM] Exception reported: Invalid convar handle 0 (error 4)
L 12/29/2025 - 19:19:49: [SM] Blaming: ÒankrunFixhealth.smx
L 12/29/2025 - 19:19:49: [SM] Call stack trace:
L 12/29/2025 - 19:19:49: [SM]   [0] GetConVarString
L 12/29/2025 - 19:19:49: [SM]   [1] Line 138, C:\Users\Moises\Downloads\Compressed\sourcemod-1.11.0-git6968-windows\addons\sourcemod\scripting\ÒankrunFixhealth.sp::IsTankRunActive
L 12/29/2025 - 19:19:49: [SM]   [2] Line 79, C:\Users\Moises\Downloads\Compressed\sourcemod-1.11.0-git6968-windows\addons\sourcemod\scripting\ÒankrunFixhealth.sp::Event_PlayerDeath
L 12/29/2025 - 19:19:57: [SM] Exception reported: Invalid convar handle 0 (error 4)
L 12/29/2025 - 19:19:57: [SM] Blaming: ÒankrunFixhealth.smx
L 12/29/2025 - 19:19:57: [SM] Call stack trace:
L 12/29/2025 - 19:19:57: [SM]   [0] GetConVarString
L 12/29/2025 - 19:19:57: [SM]   [1] Line 138, C:\Users\Moises\Downloads\Compressed\sourcemod-1.11.0-git6968-windows\addons\sourcemod\scripting\ÒankrunFixhealth.sp::IsTankRunActive
L 12/29/2025 - 19:19:57: [SM]   [2] Line 36, C:\Users\Moises\Downloads\Compressed\sourcemod-1.11.0-git6968-windows\addons\sourcemod\scripting\ÒankrunFixhealth.sp::Timer_PeriodicCheck
L 12/29/2025 - 19:20:04: [SM] Exception reported: Invalid convar handle 0 (error 4)
L 12/29/2025 - 19:20:04: [SM] Blaming: ÒankrunFixhealth.smx
L 12/29/2025 - 19:20:04: [SM] Call stack trace:
L 12/29/2025 - 19:20:04: [SM]   [0] GetConVarString
L 12/29/2025 - 19:20:04: [SM]   [1] Line 138, C:\Users\Moises\Downloads\Compressed\sourcemod-1.11.0-git6968-windows\addons\sourcemod\scripting\ÒankrunFixhealth.sp::IsTankRunActive
L 12/29/2025 - 19:20:04: [SM]   [2] Line 79, C:\Users\Moises\Downloads\Compressed\sourcemod-1.11.0-git6968-windows\addons\sourcemod\scripting\ÒankrunFixhealth.sp::Event_PlayerDeath
L 12/29/2025 - 19:20:04: [SM] Exception reported: Invalid convar handle 0 (error 4)
L 12/29/2025 - 19:20:04: [SM] Blaming: ÒankrunFixhealth.smx
L 12/29/2025 - 19:20:04: [SM] Call stack trace:
L 12/29/2025 - 19:20:04: [SM]   [0] GetConVarString
L 12/29/2025 - 19:20:04: [SM]   [1] Line 138, C:\Users\Moises\Downloads\Compressed\sourcemod-1.11.0-git6968-windows\addons\sourcemod\scripting\ÒankrunFixhealth.sp::IsTankRunActive
L 12/29/2025 - 19:20:04: [SM]   [2] Line 79, C:\Users\Moises\Downloads\Compressed\sourcemod-1.11.0-git6968-windows\addons\sourcemod\scripting\ÒankrunFixhealth.sp::Event_PlayerDeath
L 12/29/2025 - 19:20:06: [SM] Exception reported: Language phrase "Please wait to be revived or rescued" not found (arg 6)
L 12/29/2025 - 19:20:06: [SM] Blaming: l4dmultislots.smx
L 12/29/2025 - 19:20:06: [SM] Call stack trace:
L 12/29/2025 - 19:20:06: [SM]   [0] PrintToChat
L 12/29/2025 - 19:20:06: [SM]   [1] Line 953, d:\Github\Private-Work\L4D2-Êèí‰ª∂\scripting_1.11\l4dmultislots.sp::Timer_SpecCheck
L 12/29/2025 - 19:20:07: [SM] Exception reported: Invalid convar handle 0 (error 4)
L 12/29/2025 - 19:20:07: [SM] Blaming: ÒankrunFixhealth.smx
L 12/29/2025 - 19:20:07: [SM] Call stack trace:
L 12/29/2025 - 19:20:07: [SM]   [0] GetConVarString
L 12/29/2025 - 19:20:07: [SM]   [1] Line 138, C:\Users\Moises\Downloads\Compressed\sourcemod-1.11.0-git6968-windows\addons\sourcemod\scripting\ÒankrunFixhealth.sp::IsTankRunActive
L 12/29/2025 - 19:20:07: [SM]   [2] Line 36, C:\Users\Moises\Downloads\Compressed\sourcemod-1.11.0-git6968-windows\addons\sourcemod\scripting\ÒankrunFixhealth.sp::Timer_PeriodicCheck
L 12/29/2025 - 19:20:11: [SM] Exception reported: Invalid timer handle f4c0047d (error 1)
L 12/29/2025 - 19:20:11: [SM] Blaming: l4d2_playerjoining_v2.smx
L 12/29/2025 - 19:20:11: [SM] Call stack trace:
L 12/29/2025 - 19:20:11: [SM]   [0] KillTimer
L 12/29/2025 - 19:20:11: [SM]   [1] Line 53, C:\Users\Moises\Downloads\Compressed\sourcemod-1.11.0-git6968-windows\addons\sourcemod\scripting\l4d2_playerjoining_v2.sp::OnClientDisconnect
L 12/29/2025 - 19:20:17: [SM] Exception reported: Invalid convar handle 0 (error 4)
L 12/29/2025 - 19:20:17: [SM] Blaming: ÒankrunFixhealth.smx
L 12/29/2025 - 19:20:17: [SM] Call stack trace:
L 12/29/2025 - 19:20:17: [SM]   [0] GetConVarString
L 12/29/2025 - 19:20:17: [SM]   [1] Line 138, C:\Users\Moises\Downloads\Compressed\sourcemod-1.11.0-git6968-windows\addons\sourcemod\scripting\ÒankrunFixhealth.sp::IsTankRunActive
L 12/29/2025 - 19:20:17: [SM]   [2] Line 36, C:\Users\Moises\Downloads\Compressed\sourcemod-1.11.0-git6968-windows\addons\sourcemod\scripting\ÒankrunFixhealth.sp::Timer_PeriodicCheck
L 12/29/2025 - 19:20:27: [SM] Exception reported: Invalid convar handle 0 (error 4)
L 12/29/2025 - 19:20:27: [SM] Blaming: ÒankrunFixhealth.smx
L 12/29/2025 - 19:20:27: [SM] Call stack trace:
L 12/29/2025 - 19:20:27: [SM]   [0] GetConVarString
L 12/29/2025 - 19:20:27: [SM]   [1] Line 138, C:\Users\Moises\Downloads\Compressed\sourcemod-1.11.0-git6968-windows\addons\sourcemod\scripting\ÒankrunFixhealth.sp::IsTankRunActive
L 12/29/2025 - 19:20:27: [SM]   [2] Line 36, C:\Users\Moises\Downloads\Compressed\sourcemod-1.11.0-git6968-windows\addons\sourcemod\scripting\ÒankrunFixhealth.sp::Timer_PeriodicCheck
L 12/29/2025 - 19:20:31: [SM] Exception reported: Language phrase "Please wait to be revived or rescued" not found (arg 6)
L 12/29/2025 - 19:20:31: [SM] Blaming: l4dmultislots.smx
L 12/29/2025 - 19:20:31: [SM] Call stack trace:
L 12/29/2025 - 19:20:31: [SM]   [0] PrintToChat
L 12/29/2025 - 19:20:31: [SM]   [1] Line 953, d:\Github\Private-Work\L4D2-Êèí‰ª∂\scripting_1.11\l4dmultislots.sp::Timer_SpecCheck
L 12/29/2025 - 19:20:32: [SM] Exception reported: Invalid convar handle 0 (error 4)
L 12/29/2025 - 19:20:32: [SM] Blaming: ÒankrunFixhealth.smx
L 12/29/2025 - 19:20:32: [SM] Call stack trace:
L 12/29/2025 - 19:20:32: [SM]   [0] GetConVarString
L 12/29/2025 - 19:20:32: [SM]   [1] Line 138, C:\Users\Moises\Downloads\Compressed\sourcemod-1.11.0-git6968-windows\addons\sourcemod\scripting\ÒankrunFixhealth.sp::IsTankRunActive
L 12/29/2025 - 19:20:32: [SM]   [2] Line 79, C:\Users\Moises\Downloads\Compressed\sourcemod-1.11.0-git6968-windows\addons\sourcemod\scripting\ÒankrunFixhealth.sp::Event_PlayerDeath
L 12/29/2025 - 19:20:37: [SM] Exception reported: Invalid convar handle 0 (error 4)
L 12/29/2025 - 19:20:37: [SM] Blaming: ÒankrunFixhealth.smx
L 12/29/2025 - 19:20:37: [SM] Call stack trace:
L 12/29/2025 - 19:20:37: [SM]   [0] GetConVarString
L 12/29/2025 - 19:20:37: [SM]   [1] Line 138, C:\Users\Moises\Downloads\Compressed\sourcemod-1.11.0-git6968-windows\addons\sourcemod\scripting\ÒankrunFixhealth.sp::IsTankRunActive
L 12/29/2025 - 19:20:37: [SM]   [2] Line 36, C:\Users\Moises\Downloads\Compressed\sourcemod-1.11.0-git6968-windows\addons\sourcemod\scripting\ÒankrunFixhealth.sp::Timer_PeriodicCheck
L 12/29/2025 - 19:20:47: [SM] Exception reported: Invalid convar handle 0 (error 4)
L 12/29/2025 - 19:20:47: [SM] Blaming: ÒankrunFixhealth.smx
L 12/29/2025 - 19:20:47: [SM] Call stack trace:
L 12/29/2025 - 19:20:47: [SM]   [0] GetConVarString
L 12/29/2025 - 19:20:47: [SM]   [1] Line 138, C:\Users\Moises\Downloads\Compressed\sourcemod-1.11.0-git6968-windows\addons\sourcemod\scripting\ÒankrunFixhealth.sp::IsTankRunActive
L 12/29/2025 - 19:20:47: [SM]   [2] Line 79, C:\Users\Moises\Downloads\Compressed\sourcemod-1.11.0-git6968-windows\addons\sourcemod\scripting\ÒankrunFixhealth.sp::Event_PlayerDeath
L 12/29/2025 - 19:20:47: [SM] Exception reported: Invalid convar handle 0 (error 4)
L 12/29/2025 - 19:20:47: [SM] Blaming: ÒankrunFixhealth.smx
L 12/29/2025 - 19:20:47: [SM] Call stack trace:
L 12/29/2025 - 19:20:47: [SM]   [0] GetConVarString
L 12/29/2025 - 19:20:47: [SM]   [1] Line 138, C:\Users\Moises\Downloads\Compressed\sourcemod-1.11.0-git6968-windows\addons\sourcemod\scripting\ÒankrunFixhealth.sp::IsTankRunActive
L 12/29/2025 - 19:20:47: [SM]   [2] Line 36, C:\Users\Moises\Downloads\Compressed\sourcemod-1.11.0-git6968-windows\addons\sourcemod\scripting\ÒankrunFixhealth.sp::Timer_PeriodicCheck
L 12/29/2025 - 19:20:48: [SM] Exception reported: Invalid convar handle 0 (error 4)
L 12/29/2025 - 19:20:48: [SM] Blaming: ÒankrunFixhealth.smx
L 12/29/2025 - 19:20:48: [SM] Call stack trace:
L 12/29/2025 - 19:20:48: [SM]   [0] GetConVarString
L 12/29/2025 - 19:20:48: [SM]   [1] Line 138, C:\Users\Moises\Downloads\Compressed\sourcemod-1.11.0-git6968-windows\addons\sourcemod\scripting\ÒankrunFixhealth.sp::IsTankRunActive
L 12/29/2025 - 19:20:48: [SM]   [2] Line 79, C:\Users\Moises\Downloads\Compressed\sourcemod-1.11.0-git6968-windows\addons\sourcemod\scripting\ÒankrunFixhealth.sp::Event_PlayerDeath
L 12/29/2025 - 19:20:56: [SM] Exception reported: Language phrase "Please wait to be revived or rescued" not found (arg 6)
L 12/29/2025 - 19:20:56: [SM] Blaming: l4dmultislots.smx
L 12/29/2025 - 19:20:56: [SM] Call stack trace:
L 12/29/2025 - 19:20:56: [SM]   [0] PrintToChat
L 12/29/2025 - 19:20:56: [SM]   [1] Line 953, d:\Github\Private-Work\L4D2-Êèí‰ª∂\scripting_1.11\l4dmultislots.sp::Timer_SpecCheck
L 12/29/2025 - 19:20:57: [SM] Exception reported: Invalid convar handle 0 (error 4)
L 12/29/2025 - 19:20:57: [SM] Blaming: ÒankrunFixhealth.smx
L 12/29/2025 - 19:20:57: [SM] Call stack trace:
L 12/29/2025 - 19:20:57: [SM]   [0] GetConVarString
L 12/29/2025 - 19:20:57: [SM]   [1] Line 138, C:\Users\Moises\Downloads\Compressed\sourcemod-1.11.0-git6968-windows\addons\sourcemod\scripting\ÒankrunFixhealth.sp::IsTankRunActive
L 12/29/2025 - 19:20:57: [SM]   [2] Line 36, C:\Users\Moises\Downloads\Compressed\sourcemod-1.11.0-git6968-windows\addons\sourcemod\scripting\ÒankrunFixhealth.sp::Timer_PeriodicCheck
L 12/29/2025 - 19:21:05: [SM] Exception reported: Invalid convar handle 0 (error 4)
L 12/29/2025 - 19:21:05: [SM] Blaming: ÒankrunFixhealth.smx
L 12/29/2025 - 19:21:05: [SM] Call stack trace:
L 12/29/2025 - 19:21:05: [SM]   [0] GetConVarString
L 12/29/2025 - 19:21:05: [SM]   [1] Line 138, C:\Users\Moises\Downloads\Compressed\sourcemod-1.11.0-git6968-windows\addons\sourcemod\scripting\ÒankrunFixhealth.sp::IsTankRunActive
L 12/29/2025 - 19:21:05: [SM]   [2] Line 79, C:\Users\Moises\Downloads\Compressed\sourcemod-1.11.0-git6968-windows\addons\sourcemod\scripting\ÒankrunFixhealth.sp::Event_PlayerDeath
L 12/29/2025 - 19:21:07: [SM] Exception reported: Invalid convar handle 0 (error 4)
L 12/29/2025 - 19:21:07: [SM] Blaming: ÒankrunFixhealth.smx
L 12/29/2025 - 19:21:07: [SM] Call stack trace:
L 12/29/2025 - 19:21:07: [SM]   [0] GetConVarString
L 12/29/2025 - 19:21:07: [SM]   [1] Line 138, C:\Users\Moises\Downloads\Compressed\sourcemod-1.11.0-git6968-windows\addons\sourcemod\scripting\ÒankrunFixhealth.sp::IsTankRunActive
L 12/29/2025 - 19:21:07: [SM]   [2] Line 36, C:\Users\Moises\Downloads\Compressed\sourcemod-1.11.0-git6968-windows\addons\sourcemod\scripting\ÒankrunFixhealth.sp::Timer_PeriodicCheck
L 12/29/2025 - 19:21:17: [SM] Exception reported: Invalid convar handle 0 (error 4)
L 12/29/2025 - 19:21:17: [SM] Blaming: ÒankrunFixhealth.smx
L 12/29/2025 - 19:21:17: [SM] Call stack trace:
L 12/29/2025 - 19:21:17: [SM]   [0] GetConVarString
L 12/29/2025 - 19:21:17: [SM]   [1] Line 138, C:\Users\Moises\Downloads\Compressed\sourcemod-1.11.0-git6968-windows\addons\sourcemod\scripting\ÒankrunFixhealth.sp::IsTankRunActive
L 12/29/2025 - 19:21:17: [SM]   [2] Line 36, C:\Users\Moises\Downloads\Compressed\sourcemod-1.11.0-git6968-windows\addons\sourcemod\scripting\ÒankrunFixhealth.sp::Timer_PeriodicCheck
L 12/29/2025 - 19:21:19: [SM] Exception reported: Invalid convar handle 0 (error 4)
L 12/29/2025 - 19:21:19: [SM] Blaming: ÒankrunFixhealth.smx
L 12/29/2025 - 19:21:19: [SM] Call stack trace:
L 12/29/2025 - 19:21:19: [SM]   [0] GetConVarString
L 12/29/2025 - 19:21:19: [SM]   [1] Line 138, C:\Users\Moises\Downloads\Compressed\sourcemod-1.11.0-git6968-windows\addons\sourcemod\scripting\ÒankrunFixhealth.sp::IsTankRunActive
L 12/29/2025 - 19:21:19: [SM]   [2] Line 79, C:\Users\Moises\Downloads\Compressed\sourcemod-1.11.0-git6968-windows\addons\sourcemod\scripting\ÒankrunFixhealth.sp::Event_PlayerDeath
L 12/29/2025 - 19:21:21: [SM] Exception reported: Language phrase "Please wait to be revived or rescued" not found (arg 6)
L 12/29/2025 - 19:21:21: [SM] Blaming: l4dmultislots.smx
L 12/29/2025 - 19:21:21: [SM] Call stack trace:
L 12/29/2025 - 19:21:21: [SM]   [0] PrintToChat
L 12/29/2025 - 19:21:21: [SM]   [1] Line 953, d:\Github\Private-Work\L4D2-Êèí‰ª∂\scripting_1.11\l4dmultislots.sp::Timer_SpecCheck
L 12/29/2025 - 19:21:25: [SM] Exception reported: Invalid Handle 0 (error 4)
L 12/29/2025 - 19:21:25: [SM] Blaming: l4dafkfix.smx
L 12/29/2025 - 19:21:25: [SM] Call stack trace:
L 12/29/2025 - 19:21:25: [SM]   [0] SDKCall
L 12/29/2025 - 19:21:25: [SM]   [1] Line 235, /home/forums/content/files/4/8/2/4/5/73422.attach::TakeOverBot
L 12/29/2025 - 19:21:25: [SM]   [2] Line 148, /home/forums/content/files/4/8/2/4/5/73422.attach::Event_PlayerDeath
L 12/29/2025 - 19:21:25: [SM] Exception reported: Invalid convar handle 0 (error 4)
L 12/29/2025 - 19:21:25: [SM] Blaming: ÒankrunFixhealth.smx
L 12/29/2025 - 19:21:25: [SM] Call stack trace:
L 12/29/2025 - 19:21:25: [SM]   [0] GetConVarString
L 12/29/2025 - 19:21:25: [SM]   [1] Line 138, C:\Users\Moises\Downloads\Compressed\sourcemod-1.11.0-git6968-windows\addons\sourcemod\scripting\ÒankrunFixhealth.sp::IsTankRunActive
L 12/29/2025 - 19:21:25: [SM]   [2] Line 79, C:\Users\Moises\Downloads\Compressed\sourcemod-1.11.0-git6968-windows\addons\sourcemod\scripting\ÒankrunFixhealth.sp::Event_PlayerDeath
L 12/29/2025 - 19:21:26: [SM] Exception reported: Invalid convar handle 0 (error 4)
L 12/29/2025 - 19:21:26: [SM] Blaming: ÒankrunFixhealth.smx
L 12/29/2025 - 19:21:26: [SM] Call stack trace:
L 12/29/2025 - 19:21:26: [SM]   [0] GetConVarString
L 12/29/2025 - 19:21:26: [SM]   [1] Line 138, C:\Users\Moises\Downloads\Compressed\sourcemod-1.11.0-git6968-windows\addons\sourcemod\scripting\ÒankrunFixhealth.sp::IsTankRunActive
L 12/29/2025 - 19:21:26: [SM]   [2] Line 71, C:\Users\Moises\Downloads\Compressed\sourcemod-1.11.0-git6968-windows\addons\sourcemod\scripting\ÒankrunFixhealth.sp::Event_MapTransition
L 12/29/2025 - 19:21:27: [SM] Exception reported: Invalid convar handle 0 (error 4)
L 12/29/2025 - 19:21:27: [SM] Blaming: ÒankrunFixhealth.smx
L 12/29/2025 - 19:21:27: [SM] Call stack trace:
L 12/29/2025 - 19:21:27: [SM]   [0] GetConVarString
L 12/29/2025 - 19:21:27: [SM]   [1] Line 138, C:\Users\Moises\Downloads\Compressed\sourcemod-1.11.0-git6968-windows\addons\sourcemod\scripting\ÒankrunFixhealth.sp::IsTankRunActive
L 12/29/2025 - 19:21:27: [SM]   [2] Line 36, C:\Users\Moises\Downloads\Compressed\sourcemod-1.11.0-git6968-windows\addons\sourcemod\scripting\ÒankrunFixhealth.sp::Timer_PeriodicCheck
L 12/29/2025 - 19:21:34: [SM] Exception reported: Invalid timer handle 5cf00456 (error 3)
L 12/29/2025 - 19:21:34: [SM] Blaming: l4d2_playerjoining_v2.smx
L 12/29/2025 - 19:21:34: [SM] Call stack trace:
L 12/29/2025 - 19:21:34: [SM]   [0] KillTimer
L 12/29/2025 - 19:21:34: [SM]   [1] Line 53, C:\Users\Moises\Downloads\Compressed\sourcemod-1.11.0-git6968-windows\addons\sourcemod\scripting\l4d2_playerjoining_v2.sp::OnClientDisconnect
L 12/29/2025 - 19:21:34: [SM] Exception reported: Invalid timer handle f4c0047d (error 1)
L 12/29/2025 - 19:21:34: [SM] Blaming: l4d2_playerjoining_v2.smx
L 12/29/2025 - 19:21:34: [SM] Call stack trace:
L 12/29/2025 - 19:21:34: [SM]   [0] KillTimer
L 12/29/2025 - 19:21:34: [SM]   [1] Line 53, C:\Users\Moises\Downloads\Compressed\sourcemod-1.11.0-git6968-windows\addons\sourcemod\scripting\l4d2_playerjoining_v2.sp::OnClientDisconnect
L 12/29/2025 - 19:21:34: [SM] Exception reported: Invalid timer handle e6a0048d (error 3)
L 12/29/2025 - 19:21:34: [SM] Blaming: l4d2_playerjoining_v2.smx
L 12/29/2025 - 19:21:34: [SM] Call stack trace:
L 12/29/2025 - 19:21:34: [SM]   [0] KillTimer
L 12/29/2025 - 19:21:34: [SM]   [1] Line 53, C:\Users\Moises\Downloads\Compressed\sourcemod-1.11.0-git6968-windows\addons\sourcemod\scripting\l4d2_playerjoining_v2.sp::OnClientDisconnect
L 12/29/2025 - 19:21:34: [SM] Exception reported: Invalid timer handle c1000499 (error 3)
L 12/29/2025 - 19:21:34: [SM] Blaming: l4d2_playerjoining_v2.smx
L 12/29/2025 - 19:21:34: [SM] Call stack trace:
L 12/29/2025 - 19:21:34: [SM]   [0] KillTimer
L 12/29/2025 - 19:21:34: [SM]   [1] Line 53, C:\Users\Moises\Downloads\Compressed\sourcemod-1.11.0-git6968-windows\addons\sourcemod\scripting\l4d2_playerjoining_v2.sp::OnClientDisconnect
L 12/29/2025 - 19:21:37: Error log file session closed.
L 12/29/2025 - 19:21:37: SourceMod error session started
L 12/29/2025 - 19:21:37: Info (map "c2m2_fairgrounds") (file "d:\steamlibrary\steamapps\common\left 4 dead 2\left4dead2\addons\sourcemod\logs\errors_20251229.log")
L 12/29/2025 - 19:21:37: [SM] Fatal error encountered parsing translation file "l4d_nth.phrases.txt"
L 12/29/2025 - 19:21:37: [SM] Error (line 0, column 0): Stream failed to open
L 12/29/2025 - 19:21:37: [SM] Fatal error encountered parsing translation file "chargersteering.phrases.txt"
L 12/29/2025 - 19:21:37: [SM] Error (line 0, column 0): Stream failed to open
L 12/29/2025 - 19:21:37: [SM] Fatal error encountered parsing translation file "l4dmultislots.phrases.txt"
L 12/29/2025 - 19:21:37: [SM] Error (line 0, column 0): Stream failed to open
L 12/29/2025 - 19:21:37: [SM] Fatal error encountered parsing translation file "lilac.phrases.txt"
L 12/29/2025 - 19:21:37: [SM] Error (line 0, column 0): Stream failed to open
L 12/29/2025 - 19:21:38: [SM] Exception reported: Invalid convar handle 0 (error 4)
L 12/29/2025 - 19:21:39: [SM] Blaming: ÒankrunFixhealth.smx
L 12/29/2025 - 19:21:39: [SM] Call stack trace:
L 12/29/2025 - 19:21:39: [SM]   [0] GetConVarString
L 12/29/2025 - 19:21:39: [SM]   [1] Line 138, C:\Users\Moises\Downloads\Compressed\sourcemod-1.11.0-git6968-windows\addons\sourcemod\scripting\ÒankrunFixhealth.sp::IsTankRunActive
L 12/29/2025 - 19:21:39: [SM]   [2] Line 54, C:\Users\Moises\Downloads\Compressed\sourcemod-1.11.0-git6968-windows\addons\sourcemod\scripting\ÒankrunFixhealth.sp::Event_RoundStart
L 12/29/2025 - 19:21:39: [l4d2_publicity.smx] [Publicity] No se encontraron mensajes en el archivo de configuraci√≥n
L 12/29/2025 - 19:21:43: [SM] Exception reported: Invalid convar handle 0 (error 4)
L 12/29/2025 - 19:21:43: [SM] Blaming: ÒankrunFixhealth.smx
L 12/29/2025 - 19:21:43: [SM] Call stack trace:
L 12/29/2025 - 19:21:43: [SM]   [0] GetConVarString
L 12/29/2025 - 19:21:43: [SM]   [1] Line 138, C:\Users\Moises\Downloads\Compressed\sourcemod-1.11.0-git6968-windows\addons\sourcemod\scripting\ÒankrunFixhealth.sp::IsTankRunActive
L 12/29/2025 - 19:21:43: [SM]   [2] Line 36, C:\Users\Moises\Downloads\Compressed\sourcemod-1.11.0-git6968-windows\addons\sourcemod\scripting\ÒankrunFixhealth.sp::Timer_PeriodicCheck
L 12/29/2025 - 19:21:56: [SM] Exception reported: Invalid convar handle 0 (error 4)
L 12/29/2025 - 19:21:56: [SM] Blaming: ÒankrunFixhealth.smx
L 12/29/2025 - 19:21:56: [SM] Call stack trace:
L 12/29/2025 - 19:21:56: [SM]   [0] GetConVarString
L 12/29/2025 - 19:21:56: [SM]   [1] Line 138, C:\Users\Moises\Downloads\Compressed\sourcemod-1.11.0-git6968-windows\addons\sourcemod\scripting\ÒankrunFixhealth.sp::IsTankRunActive
L 12/29/2025 - 19:21:56: [SM]   [2] Line 36, C:\Users\Moises\Downloads\Compressed\sourcemod-1.11.0-git6968-windows\addons\sourcemod\scripting\ÒankrunFixhealth.sp::Timer_PeriodicCheck
L 12/29/2025 - 19:22:00: [SM] Exception reported: Invalid timer handle 5cf00456 (error 3)
L 12/29/2025 - 19:22:00: [SM] Blaming: l4d2_playerjoining_v2.smx
L 12/29/2025 - 19:22:00: [SM] Call stack trace:
L 12/29/2025 - 19:22:00: [SM]   [0] KillTimer
L 12/29/2025 - 19:22:00: [SM]   [1] Line 53, C:\Users\Moises\Downloads\Compressed\sourcemod-1.11.0-git6968-windows\addons\sourcemod\scripting\l4d2_playerjoining_v2.sp::OnClientDisconnect
L 12/29/2025 - 19:22:05: [SM] Exception reported: Invalid timer handle f4c0047d (error 1)
L 12/29/2025 - 19:22:05: [SM] Blaming: l4d2_playerjoining_v2.smx
L 12/29/2025 - 19:22:05: [SM] Call stack trace:
L 12/29/2025 - 19:22:05: [SM]   [0] KillTimer
L 12/29/2025 - 19:22:05: [SM]   [1] Line 53, C:\Users\Moises\Downloads\Compressed\sourcemod-1.11.0-git6968-windows\addons\sourcemod\scripting\l4d2_playerjoining_v2.sp::OnClientDisconnect
L 12/29/2025 - 19:22:07: [SM] Exception reported: Invalid convar handle 0 (error 4)
L 12/29/2025 - 19:22:07: [SM] Blaming: ÒankrunFixhealth.smx
L 12/29/2025 - 19:22:07: [SM] Call stack trace:
L 12/29/2025 - 19:22:07: [SM]   [0] GetConVarString
L 12/29/2025 - 19:22:07: [SM]   [1] Line 138, C:\Users\Moises\Downloads\Compressed\sourcemod-1.11.0-git6968-windows\addons\sourcemod\scripting\ÒankrunFixhealth.sp::IsTankRunActive
L 12/29/2025 - 19:22:07: [SM]   [2] Line 36, C:\Users\Moises\Downloads\Compressed\sourcemod-1.11.0-git6968-windows\addons\sourcemod\scripting\ÒankrunFixhealth.sp::Timer_PeriodicCheck
L 12/29/2025 - 19:22:17: [SM] Exception reported: Invalid convar handle 0 (error 4)
L 12/29/2025 - 19:22:17: [SM] Blaming: ÒankrunFixhealth.smx
L 12/29/2025 - 19:22:17: [SM] Call stack trace:
L 12/29/2025 - 19:22:17: [SM]   [0] GetConVarString
L 12/29/2025 - 19:22:17: [SM]   [1] Line 138, C:\Users\Moises\Downloads\Compressed\sourcemod-1.11.0-git6968-windows\addons\sourcemod\scripting\ÒankrunFixhealth.sp::IsTankRunActive
L 12/29/2025 - 19:22:17: [SM]   [2] Line 36, C:\Users\Moises\Downloads\Compressed\sourcemod-1.11.0-git6968-windows\addons\sourcemod\scripting\ÒankrunFixhealth.sp::Timer_PeriodicCheck
L 12/29/2025 - 19:22:21: [SM] Exception reported: Language phrase "Type in chat !join To join the survivors" not found (arg 6)
L 12/29/2025 - 19:22:21: [SM] Blaming: l4dmultislots.smx
L 12/29/2025 - 19:22:21: [SM] Call stack trace:
L 12/29/2025 - 19:22:21: [SM]   [0] VFormat
L 12/29/2025 - 19:22:21: [SM]   [1] Line 71, D:\Github\Private-Work\L4D2-Êèí‰ª∂\scripting_1.11\include\multicolors.inc::CPrintToChat
L 12/29/2025 - 19:22:21: [SM]   [2] Line 938, d:\Github\Private-Work\L4D2-Êèí‰ª∂\scripting_1.11\l4dmultislots.sp::Timer_SpecCheck
L 12/29/2025 - 19:22:27: [SM] Exception reported: Invalid convar handle 0 (error 4)
L 12/29/2025 - 19:22:27: [SM] Blaming: ÒankrunFixhealth.smx
L 12/29/2025 - 19:22:27: [SM] Call stack trace:
L 12/29/2025 - 19:22:27: [SM]   [0] GetConVarString
L 12/29/2025 - 19:22:27: [SM]   [1] Line 138, C:\Users\Moises\Downloads\Compressed\sourcemod-1.11.0-git6968-windows\addons\sourcemod\scripting\ÒankrunFixhealth.sp::IsTankRunActive
L 12/29/2025 - 19:22:27: [SM]   [2] Line 36, C:\Users\Moises\Downloads\Compressed\sourcemod-1.11.0-git6968-windows\addons\sourcemod\scripting\ÒankrunFixhealth.sp::Timer_PeriodicCheck
L 12/29/2025 - 19:22:37: [SM] Exception reported: Invalid convar handle 0 (error 4)
L 12/29/2025 - 19:22:37: [SM] Blaming: ÒankrunFixhealth.smx
L 12/29/2025 - 19:22:37: [SM] Call stack trace:
L 12/29/2025 - 19:22:37: [SM]   [0] GetConVarString
L 12/29/2025 - 19:22:37: [SM]   [1] Line 138, C:\Users\Moises\Downloads\Compressed\sourcemod-1.11.0-git6968-windows\addons\sourcemod\scripting\ÒankrunFixhealth.sp::IsTankRunActive
L 12/29/2025 - 19:22:37: [SM]   [2] Line 36, C:\Users\Moises\Downloads\Compressed\sourcemod-1.11.0-git6968-windows\addons\sourcemod\scripting\ÒankrunFixhealth.sp::Timer_PeriodicCheck
L 12/29/2025 - 19:22:47: [SM] Exception reported: Invalid convar handle 0 (error 4)
L 12/29/2025 - 19:22:47: [SM] Blaming: ÒankrunFixhealth.smx
L 12/29/2025 - 19:22:47: [SM] Call stack trace:
L 12/29/2025 - 19:22:47: [SM]   [0] GetConVarString
L 12/29/2025 - 19:22:47: [SM]   [1] Line 138, C:\Users\Moises\Downloads\Compressed\sourcemod-1.11.0-git6968-windows\addons\sourcemod\scripting\ÒankrunFixhealth.sp::IsTankRunActive
L 12/29/2025 - 19:22:47: [SM]   [2] Line 36, C:\Users\Moises\Downloads\Compressed\sourcemod-1.11.0-git6968-windows\addons\sourcemod\scripting\ÒankrunFixhealth.sp::Timer_PeriodicCheck
L 12/29/2025 - 19:22:57: [SM] Exception reported: Invalid convar handle 0 (error 4)
L 12/29/2025 - 19:22:57: [SM] Blaming: ÒankrunFixhealth.smx
L 12/29/2025 - 19:22:57: [SM] Call stack trace:
L 12/29/2025 - 19:22:57: [SM]   [0] GetConVarString
L 12/29/2025 - 19:22:57: [SM]   [1] Line 138, C:\Users\Moises\Downloads\Compressed\sourcemod-1.11.0-git6968-windows\addons\sourcemod\scripting\ÒankrunFixhealth.sp::IsTankRunActive
L 12/29/2025 - 19:22:57: [SM]   [2] Line 36, C:\Users\Moises\Downloads\Compressed\sourcemod-1.11.0-git6968-windows\addons\sourcemod\scripting\ÒankrunFixhealth.sp::Timer_PeriodicCheck
L 12/29/2025 - 19:23:07: [SM] Exception reported: Invalid convar handle 0 (error 4)
L 12/29/2025 - 19:23:07: [SM] Blaming: ÒankrunFixhealth.smx
L 12/29/2025 - 19:23:07: [SM] Call stack trace:
L 12/29/2025 - 19:23:07: [SM]   [0] GetConVarString
L 12/29/2025 - 19:23:07: [SM]   [1] Line 138, C:\Users\Moises\Downloads\Compressed\sourcemod-1.11.0-git6968-windows\addons\sourcemod\scripting\ÒankrunFixhealth.sp::IsTankRunActive
L 12/29/2025 - 19:23:07: [SM]   [2] Line 36, C:\Users\Moises\Downloads\Compressed\sourcemod-1.11.0-git6968-windows\addons\sourcemod\scripting\ÒankrunFixhealth.sp::Timer_PeriodicCheck
L 12/29/2025 - 19:23:12: [SM] Exception reported: Invalid timer handle c1000499 (error 3)
L 12/29/2025 - 19:23:12: [SM] Blaming: l4d2_playerjoining_v2.smx
L 12/29/2025 - 19:23:12: [SM] Call stack trace:
L 12/29/2025 - 19:23:12: [SM]   [0] KillTimer
L 12/29/2025 - 19:23:12: [SM]   [1] Line 53, C:\Users\Moises\Downloads\Compressed\sourcemod-1.11.0-git6968-windows\addons\sourcemod\scripting\l4d2_playerjoining_v2.sp::OnClientDisconnect
L 12/29/2025 - 19:23:13: [SM] Exception reported: Invalid convar handle 0 (error 4)
L 12/29/2025 - 19:23:13: [SM] Blaming: ÒankrunFixhealth.smx
L 12/29/2025 - 19:23:13: [SM] Call stack trace:
L 12/29/2025 - 19:23:13: [SM]   [0] GetConVarString
L 12/29/2025 - 19:23:13: [SM]   [1] Line 138, C:\Users\Moises\Downloads\Compressed\sourcemod-1.11.0-git6968-windows\addons\sourcemod\scripting\ÒankrunFixhealth.sp::IsTankRunActive
L 12/29/2025 - 19:23:13: [SM]   [2] Line 79, C:\Users\Moises\Downloads\Compressed\sourcemod-1.11.0-git6968-windows\addons\sourcemod\scripting\ÒankrunFixhealth.sp::Event_PlayerDeath
L 12/29/2025 - 19:23:17: [SM] Exception reported: Invalid convar handle 0 (error 4)
L 12/29/2025 - 19:23:17: [SM] Blaming: ÒankrunFixhealth.smx
L 12/29/2025 - 19:23:17: [SM] Call stack trace:
L 12/29/2025 - 19:23:17: [SM]   [0] GetConVarString
L 12/29/2025 - 19:23:17: [SM]   [1] Line 138, C:\Users\Moises\Downloads\Compressed\sourcemod-1.11.0-git6968-windows\addons\sourcemod\scripting\ÒankrunFixhealth.sp::IsTankRunActive
L 12/29/2025 - 19:23:17: [SM]   [2] Line 36, C:\Users\Moises\Downloads\Compressed\sourcemod-1.11.0-git6968-windows\addons\sourcemod\scripting\ÒankrunFixhealth.sp::Timer_PeriodicCheck
L 12/29/2025 - 19:23:27: [SM] Exception reported: Invalid convar handle 0 (error 4)
L 12/29/2025 - 19:23:27: [SM] Blaming: ÒankrunFixhealth.smx
L 12/29/2025 - 19:23:27: [SM] Call stack trace:
L 12/29/2025 - 19:23:27: [SM]   [0] GetConVarString
L 12/29/2025 - 19:23:27: [SM]   [1] Line 138, C:\Users\Moises\Downloads\Compressed\sourcemod-1.11.0-git6968-windows\addons\sourcemod\scripting\ÒankrunFixhealth.sp::IsTankRunActive
L 12/29/2025 - 19:23:27: [SM]   [2] Line 36, C:\Users\Moises\Downloads\Compressed\sourcemod-1.11.0-git6968-windows\addons\sourcemod\scripting\ÒankrunFixhealth.sp::Timer_PeriodicCheck
L 12/29/2025 - 19:23:37: [SM] Exception reported: Invalid convar handle 0 (error 4)
L 12/29/2025 - 19:23:37: [SM] Blaming: ÒankrunFixhealth.smx
L 12/29/2025 - 19:23:37: [SM] Call stack trace:
L 12/29/2025 - 19:23:37: [SM]   [0] GetConVarString
L 12/29/2025 - 19:23:37: [SM]   [1] Line 138, C:\Users\Moises\Downloads\Compressed\sourcemod-1.11.0-git6968-windows\addons\sourcemod\scripting\ÒankrunFixhealth.sp::IsTankRunActive
L 12/29/2025 - 19:23:37: [SM]   [2] Line 36, C:\Users\Moises\Downloads\Compressed\sourcemod-1.11.0-git6968-windows\addons\sourcemod\scripting\ÒankrunFixhealth.sp::Timer_PeriodicCheck
L 12/29/2025 - 19:23:45: [SM] Exception reported: Invalid convar handle 0 (error 4)
L 12/29/2025 - 19:23:45: [SM] Blaming: ÒankrunFixhealth.smx
L 12/29/2025 - 19:23:45: [SM] Call stack trace:
L 12/29/2025 - 19:23:45: [SM]   [0] GetConVarString
L 12/29/2025 - 19:23:45: [SM]   [1] Line 138, C:\Users\Moises\Downloads\Compressed\sourcemod-1.11.0-git6968-windows\addons\sourcemod\scripting\ÒankrunFixhealth.sp::IsTankRunActive
L 12/29/2025 - 19:23:45: [SM]   [2] Line 79, C:\Users\Moises\Downloads\Compressed\sourcemod-1.11.0-git6968-windows\addons\sourcemod\scripting\ÒankrunFixhealth.sp::Event_PlayerDeath
L 12/29/2025 - 19:23:47: [SM] Exception reported: Invalid convar handle 0 (error 4)
L 12/29/2025 - 19:23:47: [SM] Blaming: ÒankrunFixhealth.smx
L 12/29/2025 - 19:23:47: [SM] Call stack trace:
L 12/29/2025 - 19:23:47: [SM]   [0] GetConVarString
L 12/29/2025 - 19:23:47: [SM]   [1] Line 138, C:\Users\Moises\Downloads\Compressed\sourcemod-1.11.0-git6968-windows\addons\sourcemod\scripting\ÒankrunFixhealth.sp::IsTankRunActive
L 12/29/2025 - 19:23:47: [SM]   [2] Line 36, C:\Users\Moises\Downloads\Compressed\sourcemod-1.11.0-git6968-windows\addons\sourcemod\scripting\ÒankrunFixhealth.sp::Timer_PeriodicCheck
L 12/29/2025 - 19:23:52: [SM] Exception reported: Invalid timer handle f4c0047d (error 1)
L 12/29/2025 - 19:23:52: [SM] Blaming: l4d2_playerjoining_v2.smx
L 12/29/2025 - 19:23:52: [SM] Call stack trace:
L 12/29/2025 - 19:23:52: [SM]   [0] KillTimer
L 12/29/2025 - 19:23:52: [SM]   [1] Line 53, C:\Users\Moises\Downloads\Compressed\sourcemod-1.11.0-git6968-windows\addons\sourcemod\scripting\l4d2_playerjoining_v2.sp::OnClientDisconnect
L 12/29/2025 - 19:23:57: [SM] Exception reported: Invalid convar handle 0 (error 4)
L 12/29/2025 - 19:23:57: [SM] Blaming: ÒankrunFixhealth.smx
L 12/29/2025 - 19:23:57: [SM] Call stack trace:
L 12/29/2025 - 19:23:57: [SM]   [0] GetConVarString
L 12/29/2025 - 19:23:57: [SM]   [1] Line 138, C:\Users\Moises\Downloads\Compressed\sourcemod-1.11.0-git6968-windows\addons\sourcemod\scripting\ÒankrunFixhealth.sp::IsTankRunActive
L 12/29/2025 - 19:23:57: [SM]   [2] Line 36, C:\Users\Moises\Downloads\Compressed\sourcemod-1.11.0-git6968-windows\addons\sourcemod\scripting\ÒankrunFixhealth.sp::Timer_PeriodicCheck
L 12/29/2025 - 19:24:07: [SM] Exception reported: Invalid convar handle 0 (error 4)
L 12/29/2025 - 19:24:07: [SM] Blaming: ÒankrunFixhealth.smx
L 12/29/2025 - 19:24:07: [SM] Call stack trace:
L 12/29/2025 - 19:24:07: [SM]   [0] GetConVarString
L 12/29/2025 - 19:24:07: [SM]   [1] Line 138, C:\Users\Moises\Downloads\Compressed\sourcemod-1.11.0-git6968-windows\addons\sourcemod\scripting\ÒankrunFixhealth.sp::IsTankRunActive
L 12/29/2025 - 19:24:07: [SM]   [2] Line 36, C:\Users\Moises\Downloads\Compressed\sourcemod-1.11.0-git6968-windows\addons\sourcemod\scripting\ÒankrunFixhealth.sp::Timer_PeriodicCheck
L 12/29/2025 - 19:24:17: [SM] Exception reported: Invalid convar handle 0 (error 4)
L 12/29/2025 - 19:24:17: [SM] Blaming: ÒankrunFixhealth.smx
L 12/29/2025 - 19:24:17: [SM] Call stack trace:
L 12/29/2025 - 19:24:17: [SM]   [0] GetConVarString
L 12/29/2025 - 19:24:17: [SM]   [1] Line 138, C:\Users\Moises\Downloads\Compressed\sourcemod-1.11.0-git6968-windows\addons\sourcemod\scripting\ÒankrunFixhealth.sp::IsTankRunActive
L 12/29/2025 - 19:24:17: [SM]   [2] Line 36, C:\Users\Moises\Downloads\Compressed\sourcemod-1.11.0-git6968-windows\addons\sourcemod\scripting\ÒankrunFixhealth.sp::Timer_PeriodicCheck
L 12/29/2025 - 19:24:25: [SM] Exception reported: Invalid convar handle 0 (error 4)
L 12/29/2025 - 19:24:25: [SM] Blaming: ÒankrunFixhealth.smx
L 12/29/2025 - 19:24:25: [SM] Call stack trace:
L 12/29/2025 - 19:24:25: [SM]   [0] GetConVarString
L 12/29/2025 - 19:24:25: [SM]   [1] Line 138, C:\Users\Moises\Downloads\Compressed\sourcemod-1.11.0-git6968-windows\addons\sourcemod\scripting\ÒankrunFixhealth.sp::IsTankRunActive
L 12/29/2025 - 19:24:25: [SM]   [2] Line 79, C:\Users\Moises\Downloads\Compressed\sourcemod-1.11.0-git6968-windows\addons\sourcemod\scripting\ÒankrunFixhealth.sp::Event_PlayerDeath
L 12/29/2025 - 19:24:27: [SM] Exception reported: Invalid convar handle 0 (error 4)
L 12/29/2025 - 19:24:27: [SM] Blaming: ÒankrunFixhealth.smx
L 12/29/2025 - 19:24:27: [SM] Call stack trace:
L 12/29/2025 - 19:24:27: [SM]   [0] GetConVarString
L 12/29/2025 - 19:24:27: [SM]   [1] Line 138, C:\Users\Moises\Downloads\Compressed\sourcemod-1.11.0-git6968-windows\addons\sourcemod\scripting\ÒankrunFixhealth.sp::IsTankRunActive
L 12/29/2025 - 19:24:27: [SM]   [2] Line 36, C:\Users\Moises\Downloads\Compressed\sourcemod-1.11.0-git6968-windows\addons\sourcemod\scripting\ÒankrunFixhealth.sp::Timer_PeriodicCheck
L 12/29/2025 - 19:24:37: [SM] Exception reported: Invalid convar handle 0 (error 4)
L 12/29/2025 - 19:24:37: [SM] Blaming: ÒankrunFixhealth.smx
L 12/29/2025 - 19:24:37: [SM] Call stack trace:
L 12/29/2025 - 19:24:37: [SM]   [0] GetConVarString
L 12/29/2025 - 19:24:37: [SM]   [1] Line 138, C:\Users\Moises\Downloads\Compressed\sourcemod-1.11.0-git6968-windows\addons\sourcemod\scripting\ÒankrunFixhealth.sp::IsTankRunActive
L 12/29/2025 - 19:24:37: [SM]   [2] Line 36, C:\Users\Moises\Downloads\Compressed\sourcemod-1.11.0-git6968-windows\addons\sourcemod\scripting\ÒankrunFixhealth.sp::Timer_PeriodicCheck
L 12/29/2025 - 19:24:47: [SM] Exception reported: Invalid convar handle 0 (error 4)
L 12/29/2025 - 19:24:47: [SM] Blaming: ÒankrunFixhealth.smx
L 12/29/2025 - 19:24:47: [SM] Call stack trace:
L 12/29/2025 - 19:24:47: [SM]   [0] GetConVarString
L 12/29/2025 - 19:24:47: [SM]   [1] Line 138, C:\Users\Moises\Downloads\Compressed\sourcemod-1.11.0-git6968-windows\addons\sourcemod\scripting\ÒankrunFixhealth.sp::IsTankRunActive
L 12/29/2025 - 19:24:47: [SM]   [2] Line 36, C:\Users\Moises\Downloads\Compressed\sourcemod-1.11.0-git6968-windows\addons\sourcemod\scripting\ÒankrunFixhealth.sp::Timer_PeriodicCheck
L 12/29/2025 - 19:24:57: [SM] Exception reported: Invalid convar handle 0 (error 4)
L 12/29/2025 - 19:24:57: [SM] Blaming: ÒankrunFixhealth.smx
L 12/29/2025 - 19:24:57: [SM] Call stack trace:
L 12/29/2025 - 19:24:57: [SM]   [0] GetConVarString
L 12/29/2025 - 19:24:57: [SM]   [1] Line 138, C:\Users\Moises\Downloads\Compressed\sourcemod-1.11.0-git6968-windows\addons\sourcemod\scripting\ÒankrunFixhealth.sp::IsTankRunActive
L 12/29/2025 - 19:24:57: [SM]   [2] Line 36, C:\Users\Moises\Downloads\Compressed\sourcemod-1.11.0-git6968-windows\addons\sourcemod\scripting\ÒankrunFixhealth.sp::Timer_PeriodicCheck
L 12/29/2025 - 19:25:02: [SM] Exception reported: Invalid convar handle 0 (error 4)
L 12/29/2025 - 19:25:02: [SM] Blaming: ÒankrunFixhealth.smx
L 12/29/2025 - 19:25:02: [SM] Call stack trace:
L 12/29/2025 - 19:25:02: [SM]   [0] GetConVarString
L 12/29/2025 - 19:25:02: [SM]   [1] Line 138, C:\Users\Moises\Downloads\Compressed\sourcemod-1.11.0-git6968-windows\addons\sourcemod\scripting\ÒankrunFixhealth.sp::IsTankRunActive
L 12/29/2025 - 19:25:02: [SM]   [2] Line 79, C:\Users\Moises\Downloads\Compressed\sourcemod-1.11.0-git6968-windows\addons\sourcemod\scripting\ÒankrunFixhealth.sp::Event_PlayerDeath
L 12/29/2025 - 19:25:07: [SM] Exception reported: Invalid convar handle 0 (error 4)
L 12/29/2025 - 19:25:07: [SM] Blaming: ÒankrunFixhealth.smx
L 12/29/2025 - 19:25:07: [SM] Call stack trace:
L 12/29/2025 - 19:25:07: [SM]   [0] GetConVarString
L 12/29/2025 - 19:25:07: [SM]   [1] Line 138, C:\Users\Moises\Downloads\Compressed\sourcemod-1.11.0-git6968-windows\addons\sourcemod\scripting\ÒankrunFixhealth.sp::IsTankRunActive
L 12/29/2025 - 19:25:07: [SM]   [2] Line 36, C:\Users\Moises\Downloads\Compressed\sourcemod-1.11.0-git6968-windows\addons\sourcemod\scripting\ÒankrunFixhealth.sp::Timer_PeriodicCheck
L 12/29/2025 - 19:25:07: [SM] Exception reported: Invalid convar handle 0 (error 4)
L 12/29/2025 - 19:25:07: [SM] Blaming: ÒankrunFixhealth.smx
L 12/29/2025 - 19:25:07: [SM] Call stack trace:
L 12/29/2025 - 19:25:07: [SM]   [0] GetConVarString
L 12/29/2025 - 19:25:07: [SM]   [1] Line 138, C:\Users\Moises\Downloads\Compressed\sourcemod-1.11.0-git6968-windows\addons\sourcemod\scripting\ÒankrunFixhealth.sp::IsTankRunActive
L 12/29/2025 - 19:25:07: [SM]   [2] Line 79, C:\Users\Moises\Downloads\Compressed\sourcemod-1.11.0-git6968-windows\addons\sourcemod\scripting\ÒankrunFixhealth.sp::Event_PlayerDeath
L 12/29/2025 - 19:25:12: [SM] Exception reported: Invalid convar handle 0 (error 4)
L 12/29/2025 - 19:25:12: [SM] Blaming: ÒankrunFixhealth.smx
L 12/29/2025 - 19:25:12: [SM] Call stack trace:
L 12/29/2025 - 19:25:12: [SM]   [0] GetConVarString
L 12/29/2025 - 19:25:12: [SM]   [1] Line 138, C:\Users\Moises\Downloads\Compressed\sourcemod-1.11.0-git6968-windows\addons\sourcemod\scripting\ÒankrunFixhealth.sp::IsTankRunActive
L 12/29/2025 - 19:25:12: [SM]   [2] Line 79, C:\Users\Moises\Downloads\Compressed\sourcemod-1.11.0-git6968-windows\addons\sourcemod\scripting\ÒankrunFixhealth.sp::Event_PlayerDeath
L 12/29/2025 - 19:25:14: [SM] Exception reported: Invalid timer handle c1000499 (error 3)
L 12/29/2025 - 19:25:14: [SM] Blaming: l4d2_playerjoining_v2.smx
L 12/29/2025 - 19:25:14: [SM] Call stack trace:
L 12/29/2025 - 19:25:14: [SM]   [0] KillTimer
L 12/29/2025 - 19:25:14: [SM]   [1] Line 53, C:\Users\Moises\Downloads\Compressed\sourcemod-1.11.0-git6968-windows\addons\sourcemod\scripting\l4d2_playerjoining_v2.sp::OnClientDisconnect
L 12/29/2025 - 19:25:15: [SM] Exception reported: Invalid convar handle 0 (error 4)
L 12/29/2025 - 19:25:15: [SM] Blaming: ÒankrunFixhealth.smx
L 12/29/2025 - 19:25:15: [SM] Call stack trace:
L 12/29/2025 - 19:25:15: [SM]   [0] GetConVarString
L 12/29/2025 - 19:25:15: [SM]   [1] Line 138, C:\Users\Moises\Downloads\Compressed\sourcemod-1.11.0-git6968-windows\addons\sourcemod\scripting\ÒankrunFixhealth.sp::IsTankRunActive
L 12/29/2025 - 19:25:15: [SM]   [2] Line 79, C:\Users\Moises\Downloads\Compressed\sourcemod-1.11.0-git6968-windows\addons\sourcemod\scripting\ÒankrunFixhealth.sp::Event_PlayerDeath
L 12/29/2025 - 19:25:17: [SM] Exception reported: Invalid convar handle 0 (error 4)
L 12/29/2025 - 19:25:17: [SM] Blaming: ÒankrunFixhealth.smx
L 12/29/2025 - 19:25:17: [SM] Call stack trace:
L 12/29/2025 - 19:25:17: [SM]   [0] GetConVarString
L 12/29/2025 - 19:25:17: [SM]   [1] Line 138, C:\Users\Moises\Downloads\Compressed\sourcemod-1.11.0-git6968-windows\addons\sourcemod\scripting\ÒankrunFixhealth.sp::IsTankRunActive
L 12/29/2025 - 19:25:17: [SM]   [2] Line 36, C:\Users\Moises\Downloads\Compressed\sourcemod-1.11.0-git6968-windows\addons\sourcemod\scripting\ÒankrunFixhealth.sp::Timer_PeriodicCheck
L 12/29/2025 - 19:25:19: [SM] Exception reported: Invalid timer handle e6a0048d (error 3)
L 12/29/2025 - 19:25:19: [SM] Blaming: l4d2_playerjoining_v2.smx
L 12/29/2025 - 19:25:19: [SM] Call stack trace:
L 12/29/2025 - 19:25:19: [SM]   [0] KillTimer
L 12/29/2025 - 19:25:19: [SM]   [1] Line 53, C:\Users\Moises\Downloads\Compressed\sourcemod-1.11.0-git6968-windows\addons\sourcemod\scripting\l4d2_playerjoining_v2.sp::OnClientDisconnect
L 12/29/2025 - 19:25:27: [SM] Exception reported: Invalid convar handle 0 (error 4)
L 12/29/2025 - 19:25:27: [SM] Blaming: ÒankrunFixhealth.smx
L 12/29/2025 - 19:25:27: [SM] Call stack trace:
L 12/29/2025 - 19:25:27: [SM]   [0] GetConVarString
L 12/29/2025 - 19:25:27: [SM]   [1] Line 138, C:\Users\Moises\Downloads\Compressed\sourcemod-1.11.0-git6968-windows\addons\sourcemod\scripting\ÒankrunFixhealth.sp::IsTankRunActive
L 12/29/2025 - 19:25:27: [SM]   [2] Line 36, C:\Users\Moises\Downloads\Compressed\sourcemod-1.11.0-git6968-windows\addons\sourcemod\scripting\ÒankrunFixhealth.sp::Timer_PeriodicCheck
L 12/29/2025 - 19:25:34: [SM] Exception reported: Invalid convar handle 0 (error 4)
L 12/29/2025 - 19:25:34: [SM] Blaming: ÒankrunFixhealth.smx
L 12/29/2025 - 19:25:34: [SM] Call stack trace:
L 12/29/2025 - 19:25:34: [SM]   [0] GetConVarString
L 12/29/2025 - 19:25:34: [SM]   [1] Line 138, C:\Users\Moises\Downloads\Compressed\sourcemod-1.11.0-git6968-windows\addons\sourcemod\scripting\ÒankrunFixhealth.sp::IsTankRunActive
L 12/29/2025 - 19:25:34: [SM]   [2] Line 79, C:\Users\Moises\Downloads\Compressed\sourcemod-1.11.0-git6968-windows\addons\sourcemod\scripting\ÒankrunFixhealth.sp::Event_PlayerDeath
L 12/29/2025 - 19:25:37: [SM] Exception reported: Invalid convar handle 0 (error 4)
L 12/29/2025 - 19:25:37: [SM] Blaming: ÒankrunFixhealth.smx
L 12/29/2025 - 19:25:37: [SM] Call stack trace:
L 12/29/2025 - 19:25:37: [SM]   [0] GetConVarString
L 12/29/2025 - 19:25:37: [SM]   [1] Line 138, C:\Users\Moises\Downloads\Compressed\sourcemod-1.11.0-git6968-windows\addons\sourcemod\scripting\ÒankrunFixhealth.sp::IsTankRunActive
L 12/29/2025 - 19:25:37: [SM]   [2] Line 36, C:\Users\Moises\Downloads\Compressed\sourcemod-1.11.0-git6968-windows\addons\sourcemod\scripting\ÒankrunFixhealth.sp::Timer_PeriodicCheck
L 12/29/2025 - 19:25:39: [SM] Exception reported: Invalid convar handle 0 (error 4)
L 12/29/2025 - 19:25:39: [SM] Blaming: ÒankrunFixhealth.smx
L 12/29/2025 - 19:25:39: [SM] Call stack trace:
L 12/29/2025 - 19:25:39: [SM]   [0] GetConVarString
L 12/29/2025 - 19:25:39: [SM]   [1] Line 138, C:\Users\Moises\Downloads\Compressed\sourcemod-1.11.0-git6968-windows\addons\sourcemod\scripting\ÒankrunFixhealth.sp::IsTankRunActive
L 12/29/2025 - 19:25:39: [SM]   [2] Line 79, C:\Users\Moises\Downloads\Compressed\sourcemod-1.11.0-git6968-windows\addons\sourcemod\scripting\ÒankrunFixhealth.sp::Event_PlayerDeath
L 12/29/2025 - 19:25:41: [SM] Exception reported: Invalid convar handle 0 (error 4)
L 12/29/2025 - 19:25:41: [SM] Blaming: ÒankrunFixhealth.smx
L 12/29/2025 - 19:25:41: [SM] Call stack trace:
L 12/29/2025 - 19:25:41: [SM]   [0] GetConVarString
L 12/29/2025 - 19:25:41: [SM]   [1] Line 138, C:\Users\Moises\Downloads\Compressed\sourcemod-1.11.0-git6968-windows\addons\sourcemod\scripting\ÒankrunFixhealth.sp::IsTankRunActive
L 12/29/2025 - 19:25:41: [SM]   [2] Line 79, C:\Users\Moises\Downloads\Compressed\sourcemod-1.11.0-git6968-windows\addons\sourcemod\scripting\ÒankrunFixhealth.sp::Event_PlayerDeath
L 12/29/2025 - 19:25:41: [SM] Exception reported: Invalid convar handle 0 (error 4)
L 12/29/2025 - 19:25:41: [SM] Blaming: ÒankrunFixhealth.smx
L 12/29/2025 - 19:25:41: [SM] Call stack trace:
L 12/29/2025 - 19:25:41: [SM]   [0] GetConVarString
L 12/29/2025 - 19:25:41: [SM]   [1] Line 138, C:\Users\Moises\Downloads\Compressed\sourcemod-1.11.0-git6968-windows\addons\sourcemod\scripting\ÒankrunFixhealth.sp::IsTankRunActive
L 12/29/2025 - 19:25:41: [SM]   [2] Line 79, C:\Users\Moises\Downloads\Compressed\sourcemod-1.11.0-git6968-windows\addons\sourcemod\scripting\ÒankrunFixhealth.sp::Event_PlayerDeath
L 12/29/2025 - 19:25:41: [SM] Exception reported: Language phrase "Type in chat !join To join the survivors" not found (arg 6)
L 12/29/2025 - 19:25:41: [SM] Blaming: l4dmultislots.smx
L 12/29/2025 - 19:25:41: [SM] Call stack trace:
L 12/29/2025 - 19:25:41: [SM]   [0] VFormat
L 12/29/2025 - 19:25:41: [SM]   [1] Line 71, D:\Github\Private-Work\L4D2-Êèí‰ª∂\scripting_1.11\include\multicolors.inc::CPrintToChat
L 12/29/2025 - 19:25:41: [SM]   [2] Line 938, d:\Github\Private-Work\L4D2-Êèí‰ª∂\scripting_1.11\l4dmultislots.sp::Timer_SpecCheck
L 12/29/2025 - 19:25:46: [SM] Exception reported: Invalid timer handle 9670045a (error 1)
L 12/29/2025 - 19:25:46: [SM] Blaming: l4d2_playerjoining_v2.smx
L 12/29/2025 - 19:25:46: [SM] Call stack trace:
L 12/29/2025 - 19:25:46: [SM]   [0] KillTimer
L 12/29/2025 - 19:25:46: [SM]   [1] Line 53, C:\Users\Moises\Downloads\Compressed\sourcemod-1.11.0-git6968-windows\addons\sourcemod\scripting\l4d2_playerjoining_v2.sp::OnClientDisconnect
L 12/29/2025 - 19:25:46: [SM] Exception reported: Invalid convar handle 0 (error 4)
L 12/29/2025 - 19:25:46: [SM] Blaming: ÒankrunFixhealth.smx
L 12/29/2025 - 19:25:46: [SM] Call stack trace:
L 12/29/2025 - 19:25:46: [SM]   [0] GetConVarString
L 12/29/2025 - 19:25:46: [SM]   [1] Line 138, C:\Users\Moises\Downloads\Compressed\sourcemod-1.11.0-git6968-windows\addons\sourcemod\scripting\ÒankrunFixhealth.sp::IsTankRunActive
L 12/29/2025 - 19:25:46: [SM]   [2] Line 79, C:\Users\Moises\Downloads\Compressed\sourcemod-1.11.0-git6968-windows\addons\sourcemod\scripting\ÒankrunFixhealth.sp::Event_PlayerDeath
L 12/29/2025 - 19:25:47: [SM] Exception reported: Invalid convar handle 0 (error 4)
L 12/29/2025 - 19:25:47: [SM] Blaming: ÒankrunFixhealth.smx
L 12/29/2025 - 19:25:47: [SM] Call stack trace:
L 12/29/2025 - 19:25:47: [SM]   [0] GetConVarString
L 12/29/2025 - 19:25:47: [SM]   [1] Line 138, C:\Users\Moises\Downloads\Compressed\sourcemod-1.11.0-git6968-windows\addons\sourcemod\scripting\ÒankrunFixhealth.sp::IsTankRunActive
L 12/29/2025 - 19:25:47: [SM]   [2] Line 36, C:\Users\Moises\Downloads\Compressed\sourcemod-1.11.0-git6968-windows\addons\sourcemod\scripting\ÒankrunFixhealth.sp::Timer_PeriodicCheck
L 12/29/2025 - 19:25:51: [SM] Exception reported: Invalid convar handle 0 (error 4)
L 12/29/2025 - 19:25:51: [SM] Blaming: ÒankrunFixhealth.smx
L 12/29/2025 - 19:25:51: [SM] Call stack trace:
L 12/29/2025 - 19:25:51: [SM]   [0] GetConVarString
L 12/29/2025 - 19:25:51: [SM]   [1] Line 138, C:\Users\Moises\Downloads\Compressed\sourcemod-1.11.0-git6968-windows\addons\sourcemod\scripting\ÒankrunFixhealth.sp::IsTankRunActive
L 12/29/2025 - 19:25:51: [SM]   [2] Line 79, C:\Users\Moises\Downloads\Compressed\sourcemod-1.11.0-git6968-windows\addons\sourcemod\scripting\ÒankrunFixhealth.sp::Event_PlayerDeath
L 12/29/2025 - 19:25:57: [SM] Exception reported: Invalid convar handle 0 (error 4)
L 12/29/2025 - 19:25:57: [SM] Blaming: ÒankrunFixhealth.smx
L 12/29/2025 - 19:25:57: [SM] Call stack trace:
L 12/29/2025 - 19:25:57: [SM]   [0] GetConVarString
L 12/29/2025 - 19:25:57: [SM]   [1] Line 138, C:\Users\Moises\Downloads\Compressed\sourcemod-1.11.0-git6968-windows\addons\sourcemod\scripting\ÒankrunFixhealth.sp::IsTankRunActive
L 12/29/2025 - 19:25:57: [SM]   [2] Line 36, C:\Users\Moises\Downloads\Compressed\sourcemod-1.11.0-git6968-windows\addons\sourcemod\scripting\ÒankrunFixhealth.sp::Timer_PeriodicCheck
L 12/29/2025 - 19:26:00: [SM] Exception reported: Invalid convar handle 0 (error 4)
L 12/29/2025 - 19:26:00: [SM] Blaming: ÒankrunFixhealth.smx
L 12/29/2025 - 19:26:00: [SM] Call stack trace:
L 12/29/2025 - 19:26:00: [SM]   [0] GetConVarString
L 12/29/2025 - 19:26:00: [SM]   [1] Line 138, C:\Users\Moises\Downloads\Compressed\sourcemod-1.11.0-git6968-windows\addons\sourcemod\scripting\ÒankrunFixhealth.sp::IsTankRunActive
L 12/29/2025 - 19:26:00: [SM]   [2] Line 79, C:\Users\Moises\Downloads\Compressed\sourcemod-1.11.0-git6968-windows\addons\sourcemod\scripting\ÒankrunFixhealth.sp::Event_PlayerDeath
L 12/29/2025 - 19:26:06: [SM] Exception reported: Language phrase "Type in chat !join To join the survivors" not found (arg 6)
L 12/29/2025 - 19:26:06: [SM] Blaming: l4dmultislots.smx
L 12/29/2025 - 19:26:06: [SM] Call stack trace:
L 12/29/2025 - 19:26:06: [SM]   [0] VFormat
L 12/29/2025 - 19:26:06: [SM]   [1] Line 71, D:\Github\Private-Work\L4D2-Êèí‰ª∂\scripting_1.11\include\multicolors.inc::CPrintToChat
L 12/29/2025 - 19:26:06: [SM]   [2] Line 938, d:\Github\Private-Work\L4D2-Êèí‰ª∂\scripting_1.11\l4dmultislots.sp::Timer_SpecCheck
L 12/29/2025 - 19:26:07: [SM] Exception reported: Invalid convar handle 0 (error 4)
L 12/29/2025 - 19:26:07: [SM] Blaming: ÒankrunFixhealth.smx
L 12/29/2025 - 19:26:07: [SM] Call stack trace:
L 12/29/2025 - 19:26:07: [SM]   [0] GetConVarString
L 12/29/2025 - 19:26:07: [SM]   [1] Line 138, C:\Users\Moises\Downloads\Compressed\sourcemod-1.11.0-git6968-windows\addons\sourcemod\scripting\ÒankrunFixhealth.sp::IsTankRunActive
L 12/29/2025 - 19:26:07: [SM]   [2] Line 36, C:\Users\Moises\Downloads\Compressed\sourcemod-1.11.0-git6968-windows\addons\sourcemod\scripting\ÒankrunFixhealth.sp::Timer_PeriodicCheck
L 12/29/2025 - 19:26:08: [SM] Exception reported: Invalid convar handle 0 (error 4)
L 12/29/2025 - 19:26:08: [SM] Blaming: ÒankrunFixhealth.smx
L 12/29/2025 - 19:26:08: [SM] Call stack trace:
L 12/29/2025 - 19:26:08: [SM]   [0] GetConVarString
L 12/29/2025 - 19:26:08: [SM]   [1] Line 138, C:\Users\Moises\Downloads\Compressed\sourcemod-1.11.0-git6968-windows\addons\sourcemod\scripting\ÒankrunFixhealth.sp::IsTankRunActive
L 12/29/2025 - 19:26:08: [SM]   [2] Line 79, C:\Users\Moises\Downloads\Compressed\sourcemod-1.11.0-git6968-windows\addons\sourcemod\scripting\ÒankrunFixhealth.sp::Event_PlayerDeath
L 12/29/2025 - 19:26:09: [SM] Exception reported: Invalid convar handle 0 (error 4)
L 12/29/2025 - 19:26:09: [SM] Blaming: ÒankrunFixhealth.smx
L 12/29/2025 - 19:26:09: [SM] Call stack trace:
L 12/29/2025 - 19:26:09: [SM]   [0] GetConVarString
L 12/29/2025 - 19:26:09: [SM]   [1] Line 138, C:\Users\Moises\Downloads\Compressed\sourcemod-1.11.0-git6968-windows\addons\sourcemod\scripting\ÒankrunFixhealth.sp::IsTankRunActive
L 12/29/2025 - 19:26:09: [SM]   [2] Line 79, C:\Users\Moises\Downloads\Compressed\sourcemod-1.11.0-git6968-windows\addons\sourcemod\scripting\ÒankrunFixhealth.sp::Event_PlayerDeath
L 12/29/2025 - 19:26:13: [SM] Exception reported: Invalid convar handle 0 (error 4)
L 12/29/2025 - 19:26:13: [SM] Blaming: ÒankrunFixhealth.smx
L 12/29/2025 - 19:26:13: [SM] Call stack trace:
L 12/29/2025 - 19:26:13: [SM]   [0] GetConVarString
L 12/29/2025 - 19:26:13: [SM]   [1] Line 138, C:\Users\Moises\Downloads\Compressed\sourcemod-1.11.0-git6968-windows\addons\sourcemod\scripting\ÒankrunFixhealth.sp::IsTankRunActive
L 12/29/2025 - 19:26:13: [SM]   [2] Line 79, C:\Users\Moises\Downloads\Compressed\sourcemod-1.11.0-git6968-windows\addons\sourcemod\scripting\ÒankrunFixhealth.sp::Event_PlayerDeath
L 12/29/2025 - 19:26:16: [SM] Exception reported: Invalid timer handle f4c0047d (error 1)
L 12/29/2025 - 19:26:16: [SM] Blaming: l4d2_playerjoining_v2.smx
L 12/29/2025 - 19:26:16: [SM] Call stack trace:
L 12/29/2025 - 19:26:16: [SM]   [0] KillTimer
L 12/29/2025 - 19:26:16: [SM]   [1] Line 53, C:\Users\Moises\Downloads\Compressed\sourcemod-1.11.0-git6968-windows\addons\sourcemod\scripting\l4d2_playerjoining_v2.sp::OnClientDisconnect
L 12/29/2025 - 19:26:17: [SM] Exception reported: Invalid convar handle 0 (error 4)
L 12/29/2025 - 19:26:17: [SM] Blaming: ÒankrunFixhealth.smx
L 12/29/2025 - 19:26:17: [SM] Call stack trace:
L 12/29/2025 - 19:26:17: [SM]   [0] GetConVarString
L 12/29/2025 - 19:26:17: [SM]   [1] Line 138, C:\Users\Moises\Downloads\Compressed\sourcemod-1.11.0-git6968-windows\addons\sourcemod\scripting\ÒankrunFixhealth.sp::IsTankRunActive
L 12/29/2025 - 19:26:17: [SM]   [2] Line 36, C:\Users\Moises\Downloads\Compressed\sourcemod-1.11.0-git6968-windows\addons\sourcemod\scripting\ÒankrunFixhealth.sp::Timer_PeriodicCheck
L 12/29/2025 - 19:26:20: [SM] Exception reported: Invalid timer handle a45004a4 (error 3)
L 12/29/2025 - 19:26:20: [SM] Blaming: l4d2_playerjoining_v2.smx
L 12/29/2025 - 19:26:20: [SM] Call stack trace:
L 12/29/2025 - 19:26:20: [SM]   [0] KillTimer
L 12/29/2025 - 19:26:20: [SM]   [1] Line 53, C:\Users\Moises\Downloads\Compressed\sourcemod-1.11.0-git6968-windows\addons\sourcemod\scripting\l4d2_playerjoining_v2.sp::OnClientDisconnect
L 12/29/2025 - 19:26:20: [SM] Exception reported: Invalid convar handle 0 (error 4)
L 12/29/2025 - 19:26:20: [SM] Blaming: ÒankrunFixhealth.smx
L 12/29/2025 - 19:26:20: [SM] Call stack trace:
L 12/29/2025 - 19:26:20: [SM]   [0] GetConVarString
L 12/29/2025 - 19:26:20: [SM]   [1] Line 138, C:\Users\Moises\Downloads\Compressed\sourcemod-1.11.0-git6968-windows\addons\sourcemod\scripting\ÒankrunFixhealth.sp::IsTankRunActive
L 12/29/2025 - 19:26:20: [SM]   [2] Line 79, C:\Users\Moises\Downloads\Compressed\sourcemod-1.11.0-git6968-windows\addons\sourcemod\scripting\ÒankrunFixhealth.sp::Event_PlayerDeath
L 12/29/2025 - 19:26:22: [SM] Exception reported: Invalid timer handle a45004a4 (error 3)
L 12/29/2025 - 19:26:22: [SM] Blaming: l4d2_playerjoining_v2.smx
L 12/29/2025 - 19:26:22: [SM] Call stack trace:
L 12/29/2025 - 19:26:22: [SM]   [0] KillTimer
L 12/29/2025 - 19:26:22: [SM]   [1] Line 53, C:\Users\Moises\Downloads\Compressed\sourcemod-1.11.0-git6968-windows\addons\sourcemod\scripting\l4d2_playerjoining_v2.sp::OnClientDisconnect
L 12/29/2025 - 19:26:27: [SM] Exception reported: Invalid convar handle 0 (error 4)
L 12/29/2025 - 19:26:27: [SM] Blaming: ÒankrunFixhealth.smx
L 12/29/2025 - 19:26:27: [SM] Call stack trace:
L 12/29/2025 - 19:26:27: [SM]   [0] GetConVarString
L 12/29/2025 - 19:26:27: [SM]   [1] Line 138, C:\Users\Moises\Downloads\Compressed\sourcemod-1.11.0-git6968-windows\addons\sourcemod\scripting\ÒankrunFixhealth.sp::IsTankRunActive
L 12/29/2025 - 19:26:27: [SM]   [2] Line 36, C:\Users\Moises\Downloads\Compressed\sourcemod-1.11.0-git6968-windows\addons\sourcemod\scripting\ÒankrunFixhealth.sp::Timer_PeriodicCheck
L 12/29/2025 - 19:26:31: [SM] Exception reported: Language phrase "Please wait to be revived or rescued" not found (arg 6)
L 12/29/2025 - 19:26:31: [SM] Blaming: l4dmultislots.smx
L 12/29/2025 - 19:26:31: [SM] Call stack trace:
L 12/29/2025 - 19:26:31: [SM]   [0] PrintToChat
L 12/29/2025 - 19:26:31: [SM]   [1] Line 953, d:\Github\Private-Work\L4D2-Êèí‰ª∂\scripting_1.11\l4dmultislots.sp::Timer_SpecCheck
L 12/29/2025 - 19:26:37: [SM] Exception reported: Invalid convar handle 0 (error 4)
L 12/29/2025 - 19:26:37: [SM] Blaming: ÒankrunFixhealth.smx
L 12/29/2025 - 19:26:37: [SM] Call stack trace:
L 12/29/2025 - 19:26:37: [SM]   [0] GetConVarString
L 12/29/2025 - 19:26:37: [SM]   [1] Line 138, C:\Users\Moises\Downloads\Compressed\sourcemod-1.11.0-git6968-windows\addons\sourcemod\scripting\ÒankrunFixhealth.sp::IsTankRunActive
L 12/29/2025 - 19:26:37: [SM]   [2] Line 36, C:\Users\Moises\Downloads\Compressed\sourcemod-1.11.0-git6968-windows\addons\sourcemod\scripting\ÒankrunFixhealth.sp::Timer_PeriodicCheck
L 12/29/2025 - 19:26:47: [SM] Exception reported: Invalid convar handle 0 (error 4)
L 12/29/2025 - 19:26:47: [SM] Blaming: ÒankrunFixhealth.smx
L 12/29/2025 - 19:26:47: [SM] Call stack trace:
L 12/29/2025 - 19:26:47: [SM]   [0] GetConVarString
L 12/29/2025 - 19:26:47: [SM]   [1] Line 138, C:\Users\Moises\Downloads\Compressed\sourcemod-1.11.0-git6968-windows\addons\sourcemod\scripting\ÒankrunFixhealth.sp::IsTankRunActive
L 12/29/2025 - 19:26:47: [SM]   [2] Line 36, C:\Users\Moises\Downloads\Compressed\sourcemod-1.11.0-git6968-windows\addons\sourcemod\scripting\ÒankrunFixhealth.sp::Timer_PeriodicCheck
L 12/29/2025 - 19:26:56: [SM] Exception reported: Language phrase "Please wait to be revived or rescued" not found (arg 6)
L 12/29/2025 - 19:26:56: [SM] Blaming: l4dmultislots.smx
L 12/29/2025 - 19:26:56: [SM] Call stack trace:
L 12/29/2025 - 19:26:56: [SM]   [0] PrintToChat
L 12/29/2025 - 19:26:56: [SM]   [1] Line 953, d:\Github\Private-Work\L4D2-Êèí‰ª∂\scripting_1.11\l4dmultislots.sp::Timer_SpecCheck
L 12/29/2025 - 19:26:57: [SM] Exception reported: Invalid convar handle 0 (error 4)
L 12/29/2025 - 19:26:57: [SM] Blaming: ÒankrunFixhealth.smx
L 12/29/2025 - 19:26:57: [SM] Call stack trace:
L 12/29/2025 - 19:26:57: [SM]   [0] GetConVarString
L 12/29/2025 - 19:26:57: [SM]   [1] Line 138, C:\Users\Moises\Downloads\Compressed\sourcemod-1.11.0-git6968-windows\addons\sourcemod\scripting\ÒankrunFixhealth.sp::IsTankRunActive
L 12/29/2025 - 19:26:57: [SM]   [2] Line 36, C:\Users\Moises\Downloads\Compressed\sourcemod-1.11.0-git6968-windows\addons\sourcemod\scripting\ÒankrunFixhealth.sp::Timer_PeriodicCheck
L 12/29/2025 - 19:27:00: [SM] Exception reported: Invalid convar handle 0 (error 4)
L 12/29/2025 - 19:27:00: [SM] Blaming: ÒankrunFixhealth.smx
L 12/29/2025 - 19:27:00: [SM] Call stack trace:
L 12/29/2025 - 19:27:00: [SM]   [0] GetConVarString
L 12/29/2025 - 19:27:00: [SM]   [1] Line 138, C:\Users\Moises\Downloads\Compressed\sourcemod-1.11.0-git6968-windows\addons\sourcemod\scripting\ÒankrunFixhealth.sp::IsTankRunActive
L 12/29/2025 - 19:27:00: [SM]   [2] Line 79, C:\Users\Moises\Downloads\Compressed\sourcemod-1.11.0-git6968-windows\addons\sourcemod\scripting\ÒankrunFixhealth.sp::Event_PlayerDeath
L 12/29/2025 - 19:27:07: [SM] Exception reported: Invalid convar handle 0 (error 4)
L 12/29/2025 - 19:27:07: [SM] Blaming: ÒankrunFixhealth.smx
L 12/29/2025 - 19:27:07: [SM] Call stack trace:
L 12/29/2025 - 19:27:07: [SM]   [0] GetConVarString
L 12/29/2025 - 19:27:07: [SM]   [1] Line 138, C:\Users\Moises\Downloads\Compressed\sourcemod-1.11.0-git6968-windows\addons\sourcemod\scripting\ÒankrunFixhealth.sp::IsTankRunActive
L 12/29/2025 - 19:27:07: [SM]   [2] Line 36, C:\Users\Moises\Downloads\Compressed\sourcemod-1.11.0-git6968-windows\addons\sourcemod\scripting\ÒankrunFixhealth.sp::Timer_PeriodicCheck
L 12/29/2025 - 19:27:07: [SM] Exception reported: Invalid timer handle f4c0047d (error 1)
L 12/29/2025 - 19:27:07: [SM] Blaming: l4d2_playerjoining_v2.smx
L 12/29/2025 - 19:27:07: [SM] Call stack trace:
L 12/29/2025 - 19:27:07: [SM]   [0] KillTimer
L 12/29/2025 - 19:27:07: [SM]   [1] Line 53, C:\Users\Moises\Downloads\Compressed\sourcemod-1.11.0-git6968-windows\addons\sourcemod\scripting\l4d2_playerjoining_v2.sp::OnClientDisconnect
L 12/29/2025 - 19:27:15: [SM] Exception reported: Invalid convar handle 0 (error 4)
L 12/29/2025 - 19:27:15: [SM] Blaming: ÒankrunFixhealth.smx
L 12/29/2025 - 19:27:15: [SM] Call stack trace:
L 12/29/2025 - 19:27:15: [SM]   [0] GetConVarString
L 12/29/2025 - 19:27:15: [SM]   [1] Line 138, C:\Users\Moises\Downloads\Compressed\sourcemod-1.11.0-git6968-windows\addons\sourcemod\scripting\ÒankrunFixhealth.sp::IsTankRunActive
L 12/29/2025 - 19:27:15: [SM]   [2] Line 79, C:\Users\Moises\Downloads\Compressed\sourcemod-1.11.0-git6968-windows\addons\sourcemod\scripting\ÒankrunFixhealth.sp::Event_PlayerDeath
L 12/29/2025 - 19:27:17: [SM] Exception reported: Invalid convar handle 0 (error 4)
L 12/29/2025 - 19:27:17: [SM] Blaming: ÒankrunFixhealth.smx
L 12/29/2025 - 19:27:17: [SM] Call stack trace:
L 12/29/2025 - 19:27:17: [SM]   [0] GetConVarString
L 12/29/2025 - 19:27:17: [SM]   [1] Line 138, C:\Users\Moises\Downloads\Compressed\sourcemod-1.11.0-git6968-windows\addons\sourcemod\scripting\ÒankrunFixhealth.sp::IsTankRunActive
L 12/29/2025 - 19:27:17: [SM]   [2] Line 36, C:\Users\Moises\Downloads\Compressed\sourcemod-1.11.0-git6968-windows\addons\sourcemod\scripting\ÒankrunFixhealth.sp::Timer_PeriodicCheck
L 12/29/2025 - 19:27:19: [SM] Exception reported: Invalid convar handle 0 (error 4)
L 12/29/2025 - 19:27:19: [SM] Blaming: ÒankrunFixhealth.smx
L 12/29/2025 - 19:27:19: [SM] Call stack trace:
L 12/29/2025 - 19:27:19: [SM]   [0] GetConVarString
L 12/29/2025 - 19:27:19: [SM]   [1] Line 138, C:\Users\Moises\Downloads\Compressed\sourcemod-1.11.0-git6968-windows\addons\sourcemod\scripting\ÒankrunFixhealth.sp::IsTankRunActive
L 12/29/2025 - 19:27:19: [SM]   [2] Line 91, C:\Users\Moises\Downloads\Compressed\sourcemod-1.11.0-git6968-windows\addons\sourcemod\scripting\ÒankrunFixhealth.sp::Event_MissionLost
L 12/29/2025 - 19:27:26: [SM] Exception reported: Invalid convar handle 0 (error 4)
L 12/29/2025 - 19:27:26: [SM] Blaming: ÒankrunFixhealth.smx
L 12/29/2025 - 19:27:26: [SM] Call stack trace:
L 12/29/2025 - 19:27:26: [SM]   [0] GetConVarString
L 12/29/2025 - 19:27:26: [SM]   [1] Line 138, C:\Users\Moises\Downloads\Compressed\sourcemod-1.11.0-git6968-windows\addons\sourcemod\scripting\ÒankrunFixhealth.sp::IsTankRunActive
L 12/29/2025 - 19:27:26: [SM]   [2] Line 54, C:\Users\Moises\Downloads\Compressed\sourcemod-1.11.0-git6968-windows\addons\sourcemod\scripting\ÒankrunFixhealth.sp::Event_RoundStart
L 12/29/2025 - 19:27:26: [SM] Exception reported: Invalid timer handle a45004a4 (error 1)
L 12/29/2025 - 19:27:26: [SM] Blaming: l4d2_playerjoining_v2.smx
L 12/29/2025 - 19:27:26: [SM] Call stack trace:
L 12/29/2025 - 19:27:26: [SM]   [0] KillTimer
L 12/29/2025 - 19:27:26: [SM]   [1] Line 53, C:\Users\Moises\Downloads\Compressed\sourcemod-1.11.0-git6968-windows\addons\sourcemod\scripting\l4d2_playerjoining_v2.sp::OnClientDisconnect
L 12/29/2025 - 19:27:26: [SM] Exception reported: Invalid timer handle f4c0047d (error 1)
L 12/29/2025 - 19:27:26: [SM] Blaming: l4d2_playerjoining_v2.smx
L 12/29/2025 - 19:27:26: [SM] Call stack trace:
L 12/29/2025 - 19:27:26: [SM]   [0] KillTimer
L 12/29/2025 - 19:27:26: [SM]   [1] Line 53, C:\Users\Moises\Downloads\Compressed\sourcemod-1.11.0-git6968-windows\addons\sourcemod\scripting\l4d2_playerjoining_v2.sp::OnClientDisconnect
L 12/29/2025 - 19:27:27: [SM] Exception reported: Invalid convar handle 0 (error 4)
L 12/29/2025 - 19:27:27: [SM] Blaming: ÒankrunFixhealth.smx
L 12/29/2025 - 19:27:27: [SM] Call stack trace:
L 12/29/2025 - 19:27:27: [SM]   [0] GetConVarString
L 12/29/2025 - 19:27:27: [SM]   [1] Line 138, C:\Users\Moises\Downloads\Compressed\sourcemod-1.11.0-git6968-windows\addons\sourcemod\scripting\ÒankrunFixhealth.sp::IsTankRunActive
L 12/29/2025 - 19:27:27: [SM]   [2] Line 36, C:\Users\Moises\Downloads\Compressed\sourcemod-1.11.0-git6968-windows\addons\sourcemod\scripting\ÒankrunFixhealth.sp::Timer_PeriodicCheck
L 12/29/2025 - 19:27:37: [SM] Exception reported: Invalid convar handle 0 (error 4)
L 12/29/2025 - 19:27:37: [SM] Blaming: ÒankrunFixhealth.smx
L 12/29/2025 - 19:27:37: [SM] Call stack trace:
L 12/29/2025 - 19:27:37: [SM]   [0] GetConVarString
L 12/29/2025 - 19:27:37: [SM]   [1] Line 138, C:\Users\Moises\Downloads\Compressed\sourcemod-1.11.0-git6968-windows\addons\sourcemod\scripting\ÒankrunFixhealth.sp::IsTankRunActive
L 12/29/2025 - 19:27:37: [SM]   [2] Line 36, C:\Users\Moises\Downloads\Compressed\sourcemod-1.11.0-git6968-windows\addons\sourcemod\scripting\ÒankrunFixhealth.sp::Timer_PeriodicCheck
L 12/29/2025 - 19:27:47: [SM] Exception reported: Invalid convar handle 0 (error 4)
L 12/29/2025 - 19:27:47: [SM] Blaming: ÒankrunFixhealth.smx
L 12/29/2025 - 19:27:47: [SM] Call stack trace:
L 12/29/2025 - 19:27:47: [SM]   [0] GetConVarString
L 12/29/2025 - 19:27:47: [SM]   [1] Line 138, C:\Users\Moises\Downloads\Compressed\sourcemod-1.11.0-git6968-windows\addons\sourcemod\scripting\ÒankrunFixhealth.sp::IsTankRunActive
L 12/29/2025 - 19:27:47: [SM]   [2] Line 36, C:\Users\Moises\Downloads\Compressed\sourcemod-1.11.0-git6968-windows\addons\sourcemod\scripting\ÒankrunFixhealth.sp::Timer_PeriodicCheck
L 12/29/2025 - 19:27:57: [SM] Exception reported: Invalid convar handle 0 (error 4)
L 12/29/2025 - 19:27:57: [SM] Blaming: ÒankrunFixhealth.smx
L 12/29/2025 - 19:27:57: [SM] Call stack trace:
L 12/29/2025 - 19:27:57: [SM]   [0] GetConVarString
L 12/29/2025 - 19:27:57: [SM]   [1] Line 138, C:\Users\Moises\Downloads\Compressed\sourcemod-1.11.0-git6968-windows\addons\sourcemod\scripting\ÒankrunFixhealth.sp::IsTankRunActive
L 12/29/2025 - 19:27:57: [SM]   [2] Line 36, C:\Users\Moises\Downloads\Compressed\sourcemod-1.11.0-git6968-windows\addons\sourcemod\scripting\ÒankrunFixhealth.sp::Timer_PeriodicCheck
L 12/29/2025 - 19:28:04: [SM] Exception reported: Invalid convar handle 0 (error 4)
L 12/29/2025 - 19:28:04: [SM] Blaming: ÒankrunFixhealth.smx
L 12/29/2025 - 19:28:04: [SM] Call stack trace:
L 12/29/2025 - 19:28:04: [SM]   [0] GetConVarString
L 12/29/2025 - 19:28:04: [SM]   [1] Line 138, C:\Users\Moises\Downloads\Compressed\sourcemod-1.11.0-git6968-windows\addons\sourcemod\scripting\ÒankrunFixhealth.sp::IsTankRunActive
L 12/29/2025 - 19:28:04: [SM]   [2] Line 79, C:\Users\Moises\Downloads\Compressed\sourcemod-1.11.0-git6968-windows\addons\sourcemod\scripting\ÒankrunFixhealth.sp::Event_PlayerDeath
L 12/29/2025 - 19:28:07: [SM] Exception reported: Invalid convar handle 0 (error 4)
L 12/29/2025 - 19:28:07: [SM] Blaming: ÒankrunFixhealth.smx
L 12/29/2025 - 19:28:07: [SM] Call stack trace:
L 12/29/2025 - 19:28:07: [SM]   [0] GetConVarString
L 12/29/2025 - 19:28:07: [SM]   [1] Line 138, C:\Users\Moises\Downloads\Compressed\sourcemod-1.11.0-git6968-windows\addons\sourcemod\scripting\ÒankrunFixhealth.sp::IsTankRunActive
L 12/29/2025 - 19:28:07: [SM]   [2] Line 36, C:\Users\Moises\Downloads\Compressed\sourcemod-1.11.0-git6968-windows\addons\sourcemod\scripting\ÒankrunFixhealth.sp::Timer_PeriodicCheck
L 12/29/2025 - 19:28:16: [SM] Exception reported: Language phrase "Please wait to be revived or rescued" not found (arg 6)
L 12/29/2025 - 19:28:16: [SM] Blaming: l4dmultislots.smx
L 12/29/2025 - 19:28:16: [SM] Call stack trace:
L 12/29/2025 - 19:28:16: [SM]   [0] PrintToChat
L 12/29/2025 - 19:28:16: [SM]   [1] Line 953, d:\Github\Private-Work\L4D2-Êèí‰ª∂\scripting_1.11\l4dmultislots.sp::Timer_SpecCheck
L 12/29/2025 - 19:28:17: [SM] Exception reported: Invalid convar handle 0 (error 4)
L 12/29/2025 - 19:28:17: [SM] Blaming: ÒankrunFixhealth.smx
L 12/29/2025 - 19:28:17: [SM] Call stack trace:
L 12/29/2025 - 19:28:17: [SM]   [0] GetConVarString
L 12/29/2025 - 19:28:17: [SM]   [1] Line 138, C:\Users\Moises\Downloads\Compressed\sourcemod-1.11.0-git6968-windows\addons\sourcemod\scripting\ÒankrunFixhealth.sp::IsTankRunActive
L 12/29/2025 - 19:28:17: [SM]   [2] Line 36, C:\Users\Moises\Downloads\Compressed\sourcemod-1.11.0-git6968-windows\addons\sourcemod\scripting\ÒankrunFixhealth.sp::Timer_PeriodicCheck
L 12/29/2025 - 19:28:27: [SM] Exception reported: Invalid convar handle 0 (error 4)
L 12/29/2025 - 19:28:27: [SM] Blaming: ÒankrunFixhealth.smx
L 12/29/2025 - 19:28:27: [SM] Call stack trace:
L 12/29/2025 - 19:28:27: [SM]   [0] GetConVarString
L 12/29/2025 - 19:28:27: [SM]   [1] Line 138, C:\Users\Moises\Downloads\Compressed\sourcemod-1.11.0-git6968-windows\addons\sourcemod\scripting\ÒankrunFixhealth.sp::IsTankRunActive
L 12/29/2025 - 19:28:27: [SM]   [2] Line 36, C:\Users\Moises\Downloads\Compressed\sourcemod-1.11.0-git6968-windows\addons\sourcemod\scripting\ÒankrunFixhealth.sp::Timer_PeriodicCheck
L 12/29/2025 - 19:28:28: [SM] Exception reported: Invalid convar handle 0 (error 4)
L 12/29/2025 - 19:28:28: [SM] Blaming: ÒankrunFixhealth.smx
L 12/29/2025 - 19:28:28: [SM] Call stack trace:
L 12/29/2025 - 19:28:28: [SM]   [0] GetConVarString
L 12/29/2025 - 19:28:28: [SM]   [1] Line 138, C:\Users\Moises\Downloads\Compressed\sourcemod-1.11.0-git6968-windows\addons\sourcemod\scripting\ÒankrunFixhealth.sp::IsTankRunActive
L 12/29/2025 - 19:28:28: [SM]   [2] Line 79, C:\Users\Moises\Downloads\Compressed\sourcemod-1.11.0-git6968-windows\addons\sourcemod\scripting\ÒankrunFixhealth.sp::Event_PlayerDeath
L 12/29/2025 - 19:28:35: [SM] Exception reported: Invalid timer handle 3900043f (error 1)
L 12/29/2025 - 19:28:35: [SM] Blaming: l4d2_playerjoining_v2.smx
L 12/29/2025 - 19:28:35: [SM] Call stack trace:
L 12/29/2025 - 19:28:35: [SM]   [0] KillTimer
L 12/29/2025 - 19:28:35: [SM]   [1] Line 53, C:\Users\Moises\Downloads\Compressed\sourcemod-1.11.0-git6968-windows\addons\sourcemod\scripting\l4d2_playerjoining_v2.sp::OnClientDisconnect
L 12/29/2025 - 19:28:37: [SM] Exception reported: Invalid convar handle 0 (error 4)
L 12/29/2025 - 19:28:37: [SM] Blaming: ÒankrunFixhealth.smx
L 12/29/2025 - 19:28:37: [SM] Call stack trace:
L 12/29/2025 - 19:28:37: [SM]   [0] GetConVarString
L 12/29/2025 - 19:28:37: [SM]   [1] Line 138, C:\Users\Moises\Downloads\Compressed\sourcemod-1.11.0-git6968-windows\addons\sourcemod\scripting\ÒankrunFixhealth.sp::IsTankRunActive
L 12/29/2025 - 19:28:37: [SM]   [2] Line 36, C:\Users\Moises\Downloads\Compressed\sourcemod-1.11.0-git6968-windows\addons\sourcemod\scripting\ÒankrunFixhealth.sp::Timer_PeriodicCheck
L 12/29/2025 - 19:28:41: [SM] Exception reported: Language phrase "Please wait to be revived or rescued" not found (arg 6)
L 12/29/2025 - 19:28:41: [SM] Blaming: l4dmultislots.smx
L 12/29/2025 - 19:28:41: [SM] Call stack trace:
L 12/29/2025 - 19:28:41: [SM]   [0] PrintToChat
L 12/29/2025 - 19:28:41: [SM]   [1] Line 953, d:\Github\Private-Work\L4D2-Êèí‰ª∂\scripting_1.11\l4dmultislots.sp::Timer_SpecCheck
L 12/29/2025 - 19:28:47: [SM] Exception reported: Invalid convar handle 0 (error 4)
L 12/29/2025 - 19:28:47: [SM] Blaming: ÒankrunFixhealth.smx
L 12/29/2025 - 19:28:47: [SM] Call stack trace:
L 12/29/2025 - 19:28:47: [SM]   [0] GetConVarString
L 12/29/2025 - 19:28:47: [SM]   [1] Line 138, C:\Users\Moises\Downloads\Compressed\sourcemod-1.11.0-git6968-windows\addons\sourcemod\scripting\ÒankrunFixhealth.sp::IsTankRunActive
L 12/29/2025 - 19:28:47: [SM]   [2] Line 36, C:\Users\Moises\Downloads\Compressed\sourcemod-1.11.0-git6968-windows\addons\sourcemod\scripting\ÒankrunFixhealth.sp::Timer_PeriodicCheck
L 12/29/2025 - 19:28:49: [SM] Exception reported: Invalid convar handle 0 (error 4)
L 12/29/2025 - 19:28:49: [SM] Blaming: ÒankrunFixhealth.smx
L 12/29/2025 - 19:28:49: [SM] Call stack trace:
L 12/29/2025 - 19:28:49: [SM]   [0] GetConVarString
L 12/29/2025 - 19:28:49: [SM]   [1] Line 138, C:\Users\Moises\Downloads\Compressed\sourcemod-1.11.0-git6968-windows\addons\sourcemod\scripting\ÒankrunFixhealth.sp::IsTankRunActive
L 12/29/2025 - 19:28:49: [SM]   [2] Line 79, C:\Users\Moises\Downloads\Compressed\sourcemod-1.11.0-git6968-windows\addons\sourcemod\scripting\ÒankrunFixhealth.sp::Event_PlayerDeath
L 12/29/2025 - 19:28:52: [SM] Exception reported: Invalid timer handle 3900043f (error 1)
L 12/29/2025 - 19:28:52: [SM] Blaming: l4d2_playerjoining_v2.smx
L 12/29/2025 - 19:28:52: [SM] Call stack trace:
L 12/29/2025 - 19:28:52: [SM]   [0] KillTimer
L 12/29/2025 - 19:28:52: [SM]   [1] Line 53, C:\Users\Moises\Downloads\Compressed\sourcemod-1.11.0-git6968-windows\addons\sourcemod\scripting\l4d2_playerjoining_v2.sp::OnClientDisconnect
L 12/29/2025 - 19:28:52: [SM] Exception reported: Invalid convar handle 0 (error 4)
L 12/29/2025 - 19:28:52: [SM] Blaming: ÒankrunFixhealth.smx
L 12/29/2025 - 19:28:52: [SM] Call stack trace:
L 12/29/2025 - 19:28:52: [SM]   [0] GetConVarString
L 12/29/2025 - 19:28:52: [SM]   [1] Line 138, C:\Users\Moises\Downloads\Compressed\sourcemod-1.11.0-git6968-windows\addons\sourcemod\scripting\ÒankrunFixhealth.sp::IsTankRunActive
L 12/29/2025 - 19:28:52: [SM]   [2] Line 79, C:\Users\Moises\Downloads\Compressed\sourcemod-1.11.0-git6968-windows\addons\sourcemod\scripting\ÒankrunFixhealth.sp::Event_PlayerDeath
L 12/29/2025 - 19:28:56: [SM] Exception reported: Invalid timer handle f4c0047d (error 1)
L 12/29/2025 - 19:28:56: [SM] Blaming: l4d2_playerjoining_v2.smx
L 12/29/2025 - 19:28:56: [SM] Call stack trace:
L 12/29/2025 - 19:28:56: [SM]   [0] KillTimer
L 12/29/2025 - 19:28:56: [SM]   [1] Line 53, C:\Users\Moises\Downloads\Compressed\sourcemod-1.11.0-git6968-windows\addons\sourcemod\scripting\l4d2_playerjoining_v2.sp::OnClientDisconnect
L 12/29/2025 - 19:28:57: [SM] Exception reported: Invalid convar handle 0 (error 4)
L 12/29/2025 - 19:28:57: [SM] Blaming: ÒankrunFixhealth.smx
L 12/29/2025 - 19:28:57: [SM] Call stack trace:
L 12/29/2025 - 19:28:57: [SM]   [0] GetConVarString
L 12/29/2025 - 19:28:57: [SM]   [1] Line 138, C:\Users\Moises\Downloads\Compressed\sourcemod-1.11.0-git6968-windows\addons\sourcemod\scripting\ÒankrunFixhealth.sp::IsTankRunActive
L 12/29/2025 - 19:28:57: [SM]   [2] Line 36, C:\Users\Moises\Downloads\Compressed\sourcemod-1.11.0-git6968-windows\addons\sourcemod\scripting\ÒankrunFixhealth.sp::Timer_PeriodicCheck
L 12/29/2025 - 19:29:06: [SM] Exception reported: Language phrase "Please wait to be revived or rescued" not found (arg 6)
L 12/29/2025 - 19:29:06: [SM] Blaming: l4dmultislots.smx
L 12/29/2025 - 19:29:06: [SM] Call stack trace:
L 12/29/2025 - 19:29:06: [SM]   [0] PrintToChat
L 12/29/2025 - 19:29:06: [SM]   [1] Line 953, d:\Github\Private-Work\L4D2-Êèí‰ª∂\scripting_1.11\l4dmultislots.sp::Timer_SpecCheck
L 12/29/2025 - 19:29:07: [SM] Exception reported: Invalid convar handle 0 (error 4)
L 12/29/2025 - 19:29:07: [SM] Blaming: ÒankrunFixhealth.smx
L 12/29/2025 - 19:29:07: [SM] Call stack trace:
L 12/29/2025 - 19:29:07: [SM]   [0] GetConVarString
L 12/29/2025 - 19:29:07: [SM]   [1] Line 138, C:\Users\Moises\Downloads\Compressed\sourcemod-1.11.0-git6968-windows\addons\sourcemod\scripting\ÒankrunFixhealth.sp::IsTankRunActive
L 12/29/2025 - 19:29:07: [SM]   [2] Line 36, C:\Users\Moises\Downloads\Compressed\sourcemod-1.11.0-git6968-windows\addons\sourcemod\scripting\ÒankrunFixhealth.sp::Timer_PeriodicCheck
L 12/29/2025 - 19:29:17: [SM] Exception reported: Invalid convar handle 0 (error 4)
L 12/29/2025 - 19:29:17: [SM] Blaming: ÒankrunFixhealth.smx
L 12/29/2025 - 19:29:17: [SM] Call stack trace:
L 12/29/2025 - 19:29:17: [SM]   [0] GetConVarString
L 12/29/2025 - 19:29:17: [SM]   [1] Line 138, C:\Users\Moises\Downloads\Compressed\sourcemod-1.11.0-git6968-windows\addons\sourcemod\scripting\ÒankrunFixhealth.sp::IsTankRunActive
L 12/29/2025 - 19:29:17: [SM]   [2] Line 36, C:\Users\Moises\Downloads\Compressed\sourcemod-1.11.0-git6968-windows\addons\sourcemod\scripting\ÒankrunFixhealth.sp::Timer_PeriodicCheck
L 12/29/2025 - 19:29:27: [SM] Exception reported: Invalid convar handle 0 (error 4)
L 12/29/2025 - 19:29:27: [SM] Blaming: ÒankrunFixhealth.smx
L 12/29/2025 - 19:29:27: [SM] Call stack trace:
L 12/29/2025 - 19:29:27: [SM]   [0] GetConVarString
L 12/29/2025 - 19:29:27: [SM]   [1] Line 138, C:\Users\Moises\Downloads\Compressed\sourcemod-1.11.0-git6968-windows\addons\sourcemod\scripting\ÒankrunFixhealth.sp::IsTankRunActive
L 12/29/2025 - 19:29:27: [SM]   [2] Line 36, C:\Users\Moises\Downloads\Compressed\sourcemod-1.11.0-git6968-windows\addons\sourcemod\scripting\ÒankrunFixhealth.sp::Timer_PeriodicCheck
L 12/29/2025 - 19:29:37: [SM] Exception reported: Invalid convar handle 0 (error 4)
L 12/29/2025 - 19:29:37: [SM] Blaming: ÒankrunFixhealth.smx
L 12/29/2025 - 19:29:37: [SM] Call stack trace:
L 12/29/2025 - 19:29:37: [SM]   [0] GetConVarString
L 12/29/2025 - 19:29:37: [SM]   [1] Line 138, C:\Users\Moises\Downloads\Compressed\sourcemod-1.11.0-git6968-windows\addons\sourcemod\scripting\ÒankrunFixhealth.sp::IsTankRunActive
L 12/29/2025 - 19:29:37: [SM]   [2] Line 36, C:\Users\Moises\Downloads\Compressed\sourcemod-1.11.0-git6968-windows\addons\sourcemod\scripting\ÒankrunFixhealth.sp::Timer_PeriodicCheck
L 12/29/2025 - 19:29:47: [SM] Exception reported: Invalid convar handle 0 (error 4)
L 12/29/2025 - 19:29:47: [SM] Blaming: ÒankrunFixhealth.smx
L 12/29/2025 - 19:29:47: [SM] Call stack trace:
L 12/29/2025 - 19:29:47: [SM]   [0] GetConVarString
L 12/29/2025 - 19:29:47: [SM]   [1] Line 138, C:\Users\Moises\Downloads\Compressed\sourcemod-1.11.0-git6968-windows\addons\sourcemod\scripting\ÒankrunFixhealth.sp::IsTankRunActive
L 12/29/2025 - 19:29:47: [SM]   [2] Line 36, C:\Users\Moises\Downloads\Compressed\sourcemod-1.11.0-git6968-windows\addons\sourcemod\scripting\ÒankrunFixhealth.sp::Timer_PeriodicCheck
L 12/29/2025 - 19:29:57: [SM] Exception reported: Invalid convar handle 0 (error 4)
L 12/29/2025 - 19:29:57: [SM] Blaming: ÒankrunFixhealth.smx
L 12/29/2025 - 19:29:57: [SM] Call stack trace:
L 12/29/2025 - 19:29:57: [SM]   [0] GetConVarString
L 12/29/2025 - 19:29:57: [SM]   [1] Line 138, C:\Users\Moises\Downloads\Compressed\sourcemod-1.11.0-git6968-windows\addons\sourcemod\scripting\ÒankrunFixhealth.sp::IsTankRunActive
L 12/29/2025 - 19:29:57: [SM]   [2] Line 36, C:\Users\Moises\Downloads\Compressed\sourcemod-1.11.0-git6968-windows\addons\sourcemod\scripting\ÒankrunFixhealth.sp::Timer_PeriodicCheck
L 12/29/2025 - 19:29:57: [SM] Exception reported: Invalid convar handle 0 (error 4)
L 12/29/2025 - 19:29:57: [SM] Blaming: ÒankrunFixhealth.smx
L 12/29/2025 - 19:29:57: [SM] Call stack trace:
L 12/29/2025 - 19:29:57: [SM]   [0] GetConVarString
L 12/29/2025 - 19:29:57: [SM]   [1] Line 138, C:\Users\Moises\Downloads\Compressed\sourcemod-1.11.0-git6968-windows\addons\sourcemod\scripting\ÒankrunFixhealth.sp::IsTankRunActive
L 12/29/2025 - 19:29:57: [SM]   [2] Line 79, C:\Users\Moises\Downloads\Compressed\sourcemod-1.11.0-git6968-windows\addons\sourcemod\scripting\ÒankrunFixhealth.sp::Event_PlayerDeath
L 12/29/2025 - 19:30:07: [SM] Exception reported: Invalid convar handle 0 (error 4)
L 12/29/2025 - 19:30:07: [SM] Blaming: ÒankrunFixhealth.smx
L 12/29/2025 - 19:30:07: [SM] Call stack trace:
L 12/29/2025 - 19:30:07: [SM]   [0] GetConVarString
L 12/29/2025 - 19:30:07: [SM]   [1] Line 138, C:\Users\Moises\Downloads\Compressed\sourcemod-1.11.0-git6968-windows\addons\sourcemod\scripting\ÒankrunFixhealth.sp::IsTankRunActive
L 12/29/2025 - 19:30:07: [SM]   [2] Line 36, C:\Users\Moises\Downloads\Compressed\sourcemod-1.11.0-git6968-windows\addons\sourcemod\scripting\ÒankrunFixhealth.sp::Timer_PeriodicCheck
L 12/29/2025 - 19:30:17: [SM] Exception reported: Invalid convar handle 0 (error 4)
L 12/29/2025 - 19:30:17: [SM] Blaming: ÒankrunFixhealth.smx
L 12/29/2025 - 19:30:17: [SM] Call stack trace:
L 12/29/2025 - 19:30:17: [SM]   [0] GetConVarString
L 12/29/2025 - 19:30:17: [SM]   [1] Line 138, C:\Users\Moises\Downloads\Compressed\sourcemod-1.11.0-git6968-windows\addons\sourcemod\scripting\ÒankrunFixhealth.sp::IsTankRunActive
L 12/29/2025 - 19:30:17: [SM]   [2] Line 36, C:\Users\Moises\Downloads\Compressed\sourcemod-1.11.0-git6968-windows\addons\sourcemod\scripting\ÒankrunFixhealth.sp::Timer_PeriodicCheck
L 12/29/2025 - 19:30:21: [SM] Exception reported: Language phrase "Please wait to be revived or rescued" not found (arg 6)
L 12/29/2025 - 19:30:21: [SM] Blaming: l4dmultislots.smx
L 12/29/2025 - 19:30:21: [SM] Call stack trace:
L 12/29/2025 - 19:30:21: [SM]   [0] PrintToChat
L 12/29/2025 - 19:30:21: [SM]   [1] Line 953, d:\Github\Private-Work\L4D2-Êèí‰ª∂\scripting_1.11\l4dmultislots.sp::Timer_SpecCheck
L 12/29/2025 - 19:30:27: [SM] Exception reported: Invalid convar handle 0 (error 4)
L 12/29/2025 - 19:30:27: [SM] Blaming: ÒankrunFixhealth.smx
L 12/29/2025 - 19:30:27: [SM] Call stack trace:
L 12/29/2025 - 19:30:27: [SM]   [0] GetConVarString
L 12/29/2025 - 19:30:27: [SM]   [1] Line 138, C:\Users\Moises\Downloads\Compressed\sourcemod-1.11.0-git6968-windows\addons\sourcemod\scripting\ÒankrunFixhealth.sp::IsTankRunActive
L 12/29/2025 - 19:30:27: [SM]   [2] Line 36, C:\Users\Moises\Downloads\Compressed\sourcemod-1.11.0-git6968-windows\addons\sourcemod\scripting\ÒankrunFixhealth.sp::Timer_PeriodicCheck
L 12/29/2025 - 19:30:37: [SM] Exception reported: Invalid convar handle 0 (error 4)
L 12/29/2025 - 19:30:37: [SM] Blaming: ÒankrunFixhealth.smx
L 12/29/2025 - 19:30:37: [SM] Call stack trace:
L 12/29/2025 - 19:30:37: [SM]   [0] GetConVarString
L 12/29/2025 - 19:30:37: [SM]   [1] Line 138, C:\Users\Moises\Downloads\Compressed\sourcemod-1.11.0-git6968-windows\addons\sourcemod\scripting\ÒankrunFixhealth.sp::IsTankRunActive
L 12/29/2025 - 19:30:37: [SM]   [2] Line 36, C:\Users\Moises\Downloads\Compressed\sourcemod-1.11.0-git6968-windows\addons\sourcemod\scripting\ÒankrunFixhealth.sp::Timer_PeriodicCheck
L 12/29/2025 - 19:30:46: [SM] Exception reported: Language phrase "Please wait to be revived or rescued" not found (arg 6)
L 12/29/2025 - 19:30:46: [SM] Blaming: l4dmultislots.smx
L 12/29/2025 - 19:30:46: [SM] Call stack trace:
L 12/29/2025 - 19:30:46: [SM]   [0] PrintToChat
L 12/29/2025 - 19:30:46: [SM]   [1] Line 953, d:\Github\Private-Work\L4D2-Êèí‰ª∂\scripting_1.11\l4dmultislots.sp::Timer_SpecCheck
L 12/29/2025 - 19:30:47: [SM] Exception reported: Invalid convar handle 0 (error 4)
L 12/29/2025 - 19:30:47: [SM] Blaming: ÒankrunFixhealth.smx
L 12/29/2025 - 19:30:47: [SM] Call stack trace:
L 12/29/2025 - 19:30:47: [SM]   [0] GetConVarString
L 12/29/2025 - 19:30:47: [SM]   [1] Line 138, C:\Users\Moises\Downloads\Compressed\sourcemod-1.11.0-git6968-windows\addons\sourcemod\scripting\ÒankrunFixhealth.sp::IsTankRunActive
L 12/29/2025 - 19:30:47: [SM]   [2] Line 36, C:\Users\Moises\Downloads\Compressed\sourcemod-1.11.0-git6968-windows\addons\sourcemod\scripting\ÒankrunFixhealth.sp::Timer_PeriodicCheck
L 12/29/2025 - 19:30:57: [SM] Exception reported: Invalid convar handle 0 (error 4)
L 12/29/2025 - 19:30:57: [SM] Blaming: ÒankrunFixhealth.smx
L 12/29/2025 - 19:30:57: [SM] Call stack trace:
L 12/29/2025 - 19:30:57: [SM]   [0] GetConVarString
L 12/29/2025 - 19:30:57: [SM]   [1] Line 138, C:\Users\Moises\Downloads\Compressed\sourcemod-1.11.0-git6968-windows\addons\sourcemod\scripting\ÒankrunFixhealth.sp::IsTankRunActive
L 12/29/2025 - 19:30:57: [SM]   [2] Line 36, C:\Users\Moises\Downloads\Compressed\sourcemod-1.11.0-git6968-windows\addons\sourcemod\scripting\ÒankrunFixhealth.sp::Timer_PeriodicCheck
L 12/29/2025 - 19:31:06: [SM] Exception reported: Invalid convar handle 0 (error 4)
L 12/29/2025 - 19:31:06: [SM] Blaming: ÒankrunFixhealth.smx
L 12/29/2025 - 19:31:06: [SM] Call stack trace:
L 12/29/2025 - 19:31:06: [SM]   [0] GetConVarString
L 12/29/2025 - 19:31:06: [SM]   [1] Line 138, C:\Users\Moises\Downloads\Compressed\sourcemod-1.11.0-git6968-windows\addons\sourcemod\scripting\ÒankrunFixhealth.sp::IsTankRunActive
L 12/29/2025 - 19:31:06: [SM]   [2] Line 79, C:\Users\Moises\Downloads\Compressed\sourcemod-1.11.0-git6968-windows\addons\sourcemod\scripting\ÒankrunFixhealth.sp::Event_PlayerDeath
L 12/29/2025 - 19:31:07: [SM] Exception reported: Invalid convar handle 0 (error 4)
L 12/29/2025 - 19:31:07: [SM] Blaming: ÒankrunFixhealth.smx
L 12/29/2025 - 19:31:07: [SM] Call stack trace:
L 12/29/2025 - 19:31:07: [SM]   [0] GetConVarString
L 12/29/2025 - 19:31:07: [SM]   [1] Line 138, C:\Users\Moises\Downloads\Compressed\sourcemod-1.11.0-git6968-windows\addons\sourcemod\scripting\ÒankrunFixhealth.sp::IsTankRunActive
L 12/29/2025 - 19:31:07: [SM]   [2] Line 36, C:\Users\Moises\Downloads\Compressed\sourcemod-1.11.0-git6968-windows\addons\sourcemod\scripting\ÒankrunFixhealth.sp::Timer_PeriodicCheck
L 12/29/2025 - 19:31:10: [SM] Exception reported: Invalid convar handle 0 (error 4)
L 12/29/2025 - 19:31:10: [SM] Blaming: ÒankrunFixhealth.smx
L 12/29/2025 - 19:31:10: [SM] Call stack trace:
L 12/29/2025 - 19:31:10: [SM]   [0] GetConVarString
L 12/29/2025 - 19:31:10: [SM]   [1] Line 138, C:\Users\Moises\Downloads\Compressed\sourcemod-1.11.0-git6968-windows\addons\sourcemod\scripting\ÒankrunFixhealth.sp::IsTankRunActive
L 12/29/2025 - 19:31:10: [SM]   [2] Line 79, C:\Users\Moises\Downloads\Compressed\sourcemod-1.11.0-git6968-windows\addons\sourcemod\scripting\ÒankrunFixhealth.sp::Event_PlayerDeath
L 12/29/2025 - 19:31:11: [SM] Exception reported: Language phrase "Please wait to be revived or rescued" not found (arg 6)
L 12/29/2025 - 19:31:11: [SM] Blaming: l4dmultislots.smx
L 12/29/2025 - 19:31:11: [SM] Call stack trace:
L 12/29/2025 - 19:31:11: [SM]   [0] PrintToChat
L 12/29/2025 - 19:31:11: [SM]   [1] Line 953, d:\Github\Private-Work\L4D2-Êèí‰ª∂\scripting_1.11\l4dmultislots.sp::Timer_SpecCheck
L 12/29/2025 - 19:31:17: [SM] Exception reported: Invalid convar handle 0 (error 4)
L 12/29/2025 - 19:31:17: [SM] Blaming: ÒankrunFixhealth.smx
L 12/29/2025 - 19:31:17: [SM] Call stack trace:
L 12/29/2025 - 19:31:17: [SM]   [0] GetConVarString
L 12/29/2025 - 19:31:17: [SM]   [1] Line 138, C:\Users\Moises\Downloads\Compressed\sourcemod-1.11.0-git6968-windows\addons\sourcemod\scripting\ÒankrunFixhealth.sp::IsTankRunActive
L 12/29/2025 - 19:31:17: [SM]   [2] Line 36, C:\Users\Moises\Downloads\Compressed\sourcemod-1.11.0-git6968-windows\addons\sourcemod\scripting\ÒankrunFixhealth.sp::Timer_PeriodicCheck
L 12/29/2025 - 19:31:27: [SM] Exception reported: Invalid convar handle 0 (error 4)
L 12/29/2025 - 19:31:27: [SM] Blaming: ÒankrunFixhealth.smx
L 12/29/2025 - 19:31:27: [SM] Call stack trace:
L 12/29/2025 - 19:31:27: [SM]   [0] GetConVarString
L 12/29/2025 - 19:31:27: [SM]   [1] Line 138, C:\Users\Moises\Downloads\Compressed\sourcemod-1.11.0-git6968-windows\addons\sourcemod\scripting\ÒankrunFixhealth.sp::IsTankRunActive
L 12/29/2025 - 19:31:27: [SM]   [2] Line 36, C:\Users\Moises\Downloads\Compressed\sourcemod-1.11.0-git6968-windows\addons\sourcemod\scripting\ÒankrunFixhealth.sp::Timer_PeriodicCheck
L 12/29/2025 - 19:31:34: [SM] Exception reported: Invalid convar handle 0 (error 4)
L 12/29/2025 - 19:31:35: [SM] Blaming: ÒankrunFixhealth.smx
L 12/29/2025 - 19:31:35: [SM] Call stack trace:
L 12/29/2025 - 19:31:35: [SM]   [0] GetConVarString
L 12/29/2025 - 19:31:35: [SM]   [1] Line 138, C:\Users\Moises\Downloads\Compressed\sourcemod-1.11.0-git6968-windows\addons\sourcemod\scripting\ÒankrunFixhealth.sp::IsTankRunActive
L 12/29/2025 - 19:31:35: [SM]   [2] Line 79, C:\Users\Moises\Downloads\Compressed\sourcemod-1.11.0-git6968-windows\addons\sourcemod\scripting\ÒankrunFixhealth.sp::Event_PlayerDeath
L 12/29/2025 - 19:31:36: [SM] Exception reported: Language phrase "Please wait to be revived or rescued" not found (arg 6)
L 12/29/2025 - 19:31:36: [SM] Blaming: l4dmultislots.smx
L 12/29/2025 - 19:31:36: [SM] Call stack trace:
L 12/29/2025 - 19:31:36: [SM]   [0] PrintToChat
L 12/29/2025 - 19:31:36: [SM]   [1] Line 953, d:\Github\Private-Work\L4D2-Êèí‰ª∂\scripting_1.11\l4dmultislots.sp::Timer_SpecCheck
L 12/29/2025 - 19:31:37: [SM] Exception reported: Invalid convar handle 0 (error 4)
L 12/29/2025 - 19:31:37: [SM] Blaming: ÒankrunFixhealth.smx
L 12/29/2025 - 19:31:37: [SM] Call stack trace:
L 12/29/2025 - 19:31:37: [SM]   [0] GetConVarString
L 12/29/2025 - 19:31:37: [SM]   [1] Line 138, C:\Users\Moises\Downloads\Compressed\sourcemod-1.11.0-git6968-windows\addons\sourcemod\scripting\ÒankrunFixhealth.sp::IsTankRunActive
L 12/29/2025 - 19:31:37: [SM]   [2] Line 36, C:\Users\Moises\Downloads\Compressed\sourcemod-1.11.0-git6968-windows\addons\sourcemod\scripting\ÒankrunFixhealth.sp::Timer_PeriodicCheck
L 12/29/2025 - 19:31:47: [SM] Exception reported: Invalid convar handle 0 (error 4)
L 12/29/2025 - 19:31:47: [SM] Blaming: ÒankrunFixhealth.smx
L 12/29/2025 - 19:31:47: [SM] Call stack trace:
L 12/29/2025 - 19:31:47: [SM]   [0] GetConVarString
L 12/29/2025 - 19:31:47: [SM]   [1] Line 138, C:\Users\Moises\Downloads\Compressed\sourcemod-1.11.0-git6968-windows\addons\sourcemod\scripting\ÒankrunFixhealth.sp::IsTankRunActive
L 12/29/2025 - 19:31:47: [SM]   [2] Line 36, C:\Users\Moises\Downloads\Compressed\sourcemod-1.11.0-git6968-windows\addons\sourcemod\scripting\ÒankrunFixhealth.sp::Timer_PeriodicCheck
L 12/29/2025 - 19:31:57: [SM] Exception reported: Invalid convar handle 0 (error 4)
L 12/29/2025 - 19:31:57: [SM] Blaming: ÒankrunFixhealth.smx
L 12/29/2025 - 19:31:57: [SM] Call stack trace:
L 12/29/2025 - 19:31:57: [SM]   [0] GetConVarString
L 12/29/2025 - 19:31:57: [SM]   [1] Line 138, C:\Users\Moises\Downloads\Compressed\sourcemod-1.11.0-git6968-windows\addons\sourcemod\scripting\ÒankrunFixhealth.sp::IsTankRunActive
L 12/29/2025 - 19:31:57: [SM]   [2] Line 36, C:\Users\Moises\Downloads\Compressed\sourcemod-1.11.0-git6968-windows\addons\sourcemod\scripting\ÒankrunFixhealth.sp::Timer_PeriodicCheck
L 12/29/2025 - 19:32:01: [SM] Exception reported: Language phrase "Please wait to be revived or rescued" not found (arg 6)
L 12/29/2025 - 19:32:01: [SM] Blaming: l4dmultislots.smx
L 12/29/2025 - 19:32:01: [SM] Call stack trace:
L 12/29/2025 - 19:32:01: [SM]   [0] PrintToChat
L 12/29/2025 - 19:32:01: [SM]   [1] Line 953, d:\Github\Private-Work\L4D2-Êèí‰ª∂\scripting_1.11\l4dmultislots.sp::Timer_SpecCheck
L 12/29/2025 - 19:32:07: [SM] Exception reported: Invalid convar handle 0 (error 4)
L 12/29/2025 - 19:32:07: [SM] Blaming: ÒankrunFixhealth.smx
L 12/29/2025 - 19:32:07: [SM] Call stack trace:
L 12/29/2025 - 19:32:07: [SM]   [0] GetConVarString
L 12/29/2025 - 19:32:07: [SM]   [1] Line 138, C:\Users\Moises\Downloads\Compressed\sourcemod-1.11.0-git6968-windows\addons\sourcemod\scripting\ÒankrunFixhealth.sp::IsTankRunActive
L 12/29/2025 - 19:32:07: [SM]   [2] Line 36, C:\Users\Moises\Downloads\Compressed\sourcemod-1.11.0-git6968-windows\addons\sourcemod\scripting\ÒankrunFixhealth.sp::Timer_PeriodicCheck
L 12/29/2025 - 19:32:10: [SM] Exception reported: Invalid convar handle 0 (error 4)
L 12/29/2025 - 19:32:10: [SM] Blaming: ÒankrunFixhealth.smx
L 12/29/2025 - 19:32:10: [SM] Call stack trace:
L 12/29/2025 - 19:32:10: [SM]   [0] GetConVarString
L 12/29/2025 - 19:32:10: [SM]   [1] Line 138, C:\Users\Moises\Downloads\Compressed\sourcemod-1.11.0-git6968-windows\addons\sourcemod\scripting\ÒankrunFixhealth.sp::IsTankRunActive
L 12/29/2025 - 19:32:10: [SM]   [2] Line 79, C:\Users\Moises\Downloads\Compressed\sourcemod-1.11.0-git6968-windows\addons\sourcemod\scripting\ÒankrunFixhealth.sp::Event_PlayerDeath
L 12/29/2025 - 19:32:17: [SM] Exception reported: Invalid convar handle 0 (error 4)
L 12/29/2025 - 19:32:17: [SM] Blaming: ÒankrunFixhealth.smx
L 12/29/2025 - 19:32:17: [SM] Call stack trace:
L 12/29/2025 - 19:32:17: [SM]   [0] GetConVarString
L 12/29/2025 - 19:32:17: [SM]   [1] Line 138, C:\Users\Moises\Downloads\Compressed\sourcemod-1.11.0-git6968-windows\addons\sourcemod\scripting\ÒankrunFixhealth.sp::IsTankRunActive
L 12/29/2025 - 19:32:17: [SM]   [2] Line 36, C:\Users\Moises\Downloads\Compressed\sourcemod-1.11.0-git6968-windows\addons\sourcemod\scripting\ÒankrunFixhealth.sp::Timer_PeriodicCheck
L 12/29/2025 - 19:32:23: [SM] Exception reported: Invalid convar handle 0 (error 4)
L 12/29/2025 - 19:32:23: [SM] Blaming: ÒankrunFixhealth.smx
L 12/29/2025 - 19:32:23: [SM] Call stack trace:
L 12/29/2025 - 19:32:23: [SM]   [0] GetConVarString
L 12/29/2025 - 19:32:23: [SM]   [1] Line 138, C:\Users\Moises\Downloads\Compressed\sourcemod-1.11.0-git6968-windows\addons\sourcemod\scripting\ÒankrunFixhealth.sp::IsTankRunActive
L 12/29/2025 - 19:32:23: [SM]   [2] Line 79, C:\Users\Moises\Downloads\Compressed\sourcemod-1.11.0-git6968-windows\addons\sourcemod\scripting\ÒankrunFixhealth.sp::Event_PlayerDeath
L 12/29/2025 - 19:32:26: [SM] Exception reported: Language phrase "Please wait to be revived or rescued" not found (arg 6)
L 12/29/2025 - 19:32:26: [SM] Blaming: l4dmultislots.smx
L 12/29/2025 - 19:32:26: [SM] Call stack trace:
L 12/29/2025 - 19:32:26: [SM]   [0] PrintToChat
L 12/29/2025 - 19:32:26: [SM]   [1] Line 953, d:\Github\Private-Work\L4D2-Êèí‰ª∂\scripting_1.11\l4dmultislots.sp::Timer_SpecCheck
L 12/29/2025 - 19:32:27: [SM] Exception reported: Invalid convar handle 0 (error 4)
L 12/29/2025 - 19:32:27: [SM] Blaming: ÒankrunFixhealth.smx
L 12/29/2025 - 19:32:27: [SM] Call stack trace:
L 12/29/2025 - 19:32:27: [SM]   [0] GetConVarString
L 12/29/2025 - 19:32:27: [SM]   [1] Line 138, C:\Users\Moises\Downloads\Compressed\sourcemod-1.11.0-git6968-windows\addons\sourcemod\scripting\ÒankrunFixhealth.sp::IsTankRunActive
L 12/29/2025 - 19:32:27: [SM]   [2] Line 36, C:\Users\Moises\Downloads\Compressed\sourcemod-1.11.0-git6968-windows\addons\sourcemod\scripting\ÒankrunFixhealth.sp::Timer_PeriodicCheck
L 12/29/2025 - 19:32:34: [SM] Exception reported: Invalid convar handle 0 (error 4)
L 12/29/2025 - 19:32:34: [SM] Blaming: ÒankrunFixhealth.smx
L 12/29/2025 - 19:32:34: [SM] Call stack trace:
L 12/29/2025 - 19:32:34: [SM]   [0] GetConVarString
L 12/29/2025 - 19:32:34: [SM]   [1] Line 138, C:\Users\Moises\Downloads\Compressed\sourcemod-1.11.0-git6968-windows\addons\sourcemod\scripting\ÒankrunFixhealth.sp::IsTankRunActive
L 12/29/2025 - 19:32:34: [SM]   [2] Line 79, C:\Users\Moises\Downloads\Compressed\sourcemod-1.11.0-git6968-windows\addons\sourcemod\scripting\ÒankrunFixhealth.sp::Event_PlayerDeath
L 12/29/2025 - 19:32:37: [SM] Exception reported: Invalid convar handle 0 (error 4)
L 12/29/2025 - 19:32:37: [SM] Blaming: ÒankrunFixhealth.smx
L 12/29/2025 - 19:32:37: [SM] Call stack trace:
L 12/29/2025 - 19:32:37: [SM]   [0] GetConVarString
L 12/29/2025 - 19:32:37: [SM]   [1] Line 138, C:\Users\Moises\Downloads\Compressed\sourcemod-1.11.0-git6968-windows\addons\sourcemod\scripting\ÒankrunFixhealth.sp::IsTankRunActive
L 12/29/2025 - 19:32:37: [SM]   [2] Line 36, C:\Users\Moises\Downloads\Compressed\sourcemod-1.11.0-git6968-windows\addons\sourcemod\scripting\ÒankrunFixhealth.sp::Timer_PeriodicCheck
L 12/29/2025 - 19:32:47: [SM] Exception reported: Invalid convar handle 0 (error 4)
L 12/29/2025 - 19:32:47: [SM] Blaming: ÒankrunFixhealth.smx
L 12/29/2025 - 19:32:47: [SM] Call stack trace:
L 12/29/2025 - 19:32:47: [SM]   [0] GetConVarString
L 12/29/2025 - 19:32:47: [SM]   [1] Line 138, C:\Users\Moises\Downloads\Compressed\sourcemod-1.11.0-git6968-windows\addons\sourcemod\scripting\ÒankrunFixhealth.sp::IsTankRunActive
L 12/29/2025 - 19:32:47: [SM]   [2] Line 36, C:\Users\Moises\Downloads\Compressed\sourcemod-1.11.0-git6968-windows\addons\sourcemod\scripting\ÒankrunFixhealth.sp::Timer_PeriodicCheck
L 12/29/2025 - 19:32:51: [SM] Exception reported: Language phrase "Please wait to be revived or rescued" not found (arg 6)
L 12/29/2025 - 19:32:51: [SM] Blaming: l4dmultislots.smx
L 12/29/2025 - 19:32:51: [SM] Call stack trace:
L 12/29/2025 - 19:32:51: [SM]   [0] PrintToChat
L 12/29/2025 - 19:32:51: [SM]   [1] Line 953, d:\Github\Private-Work\L4D2-Êèí‰ª∂\scripting_1.11\l4dmultislots.sp::Timer_SpecCheck
L 12/29/2025 - 19:32:57: [SM] Exception reported: Invalid convar handle 0 (error 4)
L 12/29/2025 - 19:32:57: [SM] Blaming: ÒankrunFixhealth.smx
L 12/29/2025 - 19:32:57: [SM] Call stack trace:
L 12/29/2025 - 19:32:57: [SM]   [0] GetConVarString
L 12/29/2025 - 19:32:57: [SM]   [1] Line 138, C:\Users\Moises\Downloads\Compressed\sourcemod-1.11.0-git6968-windows\addons\sourcemod\scripting\ÒankrunFixhealth.sp::IsTankRunActive
L 12/29/2025 - 19:32:57: [SM]   [2] Line 36, C:\Users\Moises\Downloads\Compressed\sourcemod-1.11.0-git6968-windows\addons\sourcemod\scripting\ÒankrunFixhealth.sp::Timer_PeriodicCheck
L 12/29/2025 - 19:32:57: [SM] Exception reported: Invalid convar handle 0 (error 4)
L 12/29/2025 - 19:32:57: [SM] Blaming: ÒankrunFixhealth.smx
L 12/29/2025 - 19:32:57: [SM] Call stack trace:
L 12/29/2025 - 19:32:57: [SM]   [0] GetConVarString
L 12/29/2025 - 19:32:57: [SM]   [1] Line 138, C:\Users\Moises\Downloads\Compressed\sourcemod-1.11.0-git6968-windows\addons\sourcemod\scripting\ÒankrunFixhealth.sp::IsTankRunActive
L 12/29/2025 - 19:32:57: [SM]   [2] Line 79, C:\Users\Moises\Downloads\Compressed\sourcemod-1.11.0-git6968-windows\addons\sourcemod\scripting\ÒankrunFixhealth.sp::Event_PlayerDeath
L 12/29/2025 - 19:33:00: [SM] Exception reported: Invalid convar handle 0 (error 4)
L 12/29/2025 - 19:33:00: [SM] Blaming: ÒankrunFixhealth.smx
L 12/29/2025 - 19:33:00: [SM] Call stack trace:
L 12/29/2025 - 19:33:00: [SM]   [0] GetConVarString
L 12/29/2025 - 19:33:00: [SM]   [1] Line 138, C:\Users\Moises\Downloads\Compressed\sourcemod-1.11.0-git6968-windows\addons\sourcemod\scripting\ÒankrunFixhealth.sp::IsTankRunActive
L 12/29/2025 - 19:33:00: [SM]   [2] Line 79, C:\Users\Moises\Downloads\Compressed\sourcemod-1.11.0-git6968-windows\addons\sourcemod\scripting\ÒankrunFixhealth.sp::Event_PlayerDeath
L 12/29/2025 - 19:33:02: [SM] Exception reported: Invalid convar handle 0 (error 4)
L 12/29/2025 - 19:33:02: [SM] Blaming: ÒankrunFixhealth.smx
L 12/29/2025 - 19:33:02: [SM] Call stack trace:
L 12/29/2025 - 19:33:02: [SM]   [0] GetConVarString
L 12/29/2025 - 19:33:02: [SM]   [1] Line 138, C:\Users\Moises\Downloads\Compressed\sourcemod-1.11.0-git6968-windows\addons\sourcemod\scripting\ÒankrunFixhealth.sp::IsTankRunActive
L 12/29/2025 - 19:33:02: [SM]   [2] Line 79, C:\Users\Moises\Downloads\Compressed\sourcemod-1.11.0-git6968-windows\addons\sourcemod\scripting\ÒankrunFixhealth.sp::Event_PlayerDeath
L 12/29/2025 - 19:33:04: [SM] Exception reported: Invalid timer handle f4c0047d (error 1)
L 12/29/2025 - 19:33:04: [SM] Blaming: l4d2_playerjoining_v2.smx
L 12/29/2025 - 19:33:04: [SM] Call stack trace:
L 12/29/2025 - 19:33:04: [SM]   [0] KillTimer
L 12/29/2025 - 19:33:04: [SM]   [1] Line 53, C:\Users\Moises\Downloads\Compressed\sourcemod-1.11.0-git6968-windows\addons\sourcemod\scripting\l4d2_playerjoining_v2.sp::OnClientDisconnect
L 12/29/2025 - 19:33:07: [SM] Exception reported: Invalid timer handle 9670045a (error 1)
L 12/29/2025 - 19:33:07: [SM] Blaming: l4d2_playerjoining_v2.smx
L 12/29/2025 - 19:33:07: [SM] Call stack trace:
L 12/29/2025 - 19:33:07: [SM]   [0] KillTimer
L 12/29/2025 - 19:33:07: [SM]   [1] Line 53, C:\Users\Moises\Downloads\Compressed\sourcemod-1.11.0-git6968-windows\addons\sourcemod\scripting\l4d2_playerjoining_v2.sp::OnClientDisconnect
L 12/29/2025 - 19:33:07: [SM] Exception reported: Invalid convar handle 0 (error 4)
L 12/29/2025 - 19:33:07: [SM] Blaming: ÒankrunFixhealth.smx
L 12/29/2025 - 19:33:07: [SM] Call stack trace:
L 12/29/2025 - 19:33:07: [SM]   [0] GetConVarString
L 12/29/2025 - 19:33:07: [SM]   [1] Line 138, C:\Users\Moises\Downloads\Compressed\sourcemod-1.11.0-git6968-windows\addons\sourcemod\scripting\ÒankrunFixhealth.sp::IsTankRunActive
L 12/29/2025 - 19:33:07: [SM]   [2] Line 36, C:\Users\Moises\Downloads\Compressed\sourcemod-1.11.0-git6968-windows\addons\sourcemod\scripting\ÒankrunFixhealth.sp::Timer_PeriodicCheck
L 12/29/2025 - 19:33:09: [SM] Exception reported: Invalid timer handle c1000499 (error 3)
L 12/29/2025 - 19:33:09: [SM] Blaming: l4d2_playerjoining_v2.smx
L 12/29/2025 - 19:33:09: [SM] Call stack trace:
L 12/29/2025 - 19:33:09: [SM]   [0] KillTimer
L 12/29/2025 - 19:33:09: [SM]   [1] Line 53, C:\Users\Moises\Downloads\Compressed\sourcemod-1.11.0-git6968-windows\addons\sourcemod\scripting\l4d2_playerjoining_v2.sp::OnClientDisconnect
L 12/29/2025 - 19:33:10: [SM] Exception reported: Invalid convar handle 0 (error 4)
L 12/29/2025 - 19:33:10: [SM] Blaming: ÒankrunFixhealth.smx
L 12/29/2025 - 19:33:10: [SM] Call stack trace:
L 12/29/2025 - 19:33:10: [SM]   [0] GetConVarString
L 12/29/2025 - 19:33:10: [SM]   [1] Line 138, C:\Users\Moises\Downloads\Compressed\sourcemod-1.11.0-git6968-windows\addons\sourcemod\scripting\ÒankrunFixhealth.sp::IsTankRunActive
L 12/29/2025 - 19:33:10: [SM]   [2] Line 79, C:\Users\Moises\Downloads\Compressed\sourcemod-1.11.0-git6968-windows\addons\sourcemod\scripting\ÒankrunFixhealth.sp::Event_PlayerDeath
L 12/29/2025 - 19:33:16: [SM] Exception reported: Language phrase "Please wait to be revived or rescued" not found (arg 6)
L 12/29/2025 - 19:33:16: [SM] Blaming: l4dmultislots.smx
L 12/29/2025 - 19:33:16: [SM] Call stack trace:
L 12/29/2025 - 19:33:16: [SM]   [0] PrintToChat
L 12/29/2025 - 19:33:16: [SM]   [1] Line 953, d:\Github\Private-Work\L4D2-Êèí‰ª∂\scripting_1.11\l4dmultislots.sp::Timer_SpecCheck
L 12/29/2025 - 19:33:17: [SM] Exception reported: Invalid convar handle 0 (error 4)
L 12/29/2025 - 19:33:17: [SM] Blaming: ÒankrunFixhealth.smx
L 12/29/2025 - 19:33:17: [SM] Call stack trace:
L 12/29/2025 - 19:33:17: [SM]   [0] GetConVarString
L 12/29/2025 - 19:33:17: [SM]   [1] Line 138, C:\Users\Moises\Downloads\Compressed\sourcemod-1.11.0-git6968-windows\addons\sourcemod\scripting\ÒankrunFixhealth.sp::IsTankRunActive
L 12/29/2025 - 19:33:17: [SM]   [2] Line 36, C:\Users\Moises\Downloads\Compressed\sourcemod-1.11.0-git6968-windows\addons\sourcemod\scripting\ÒankrunFixhealth.sp::Timer_PeriodicCheck
L 12/29/2025 - 19:33:22: [SM] Exception reported: Language phrase "No Any Dead Survivor" not found (arg 6)
L 12/29/2025 - 19:33:22: [SM] Blaming: l4d_sm_respawn.smx
L 12/29/2025 - 19:33:22: [SM] Call stack trace:
L 12/29/2025 - 19:33:22: [SM]   [0] FormatEx
L 12/29/2025 - 19:33:22: [SM]   [1] Line 202, d:\Github\Private-Work\L4D2-Êèí‰ª∂\scripting_1.11\l4d_sm_respawn.sp::MenuClientsToSpawn
L 12/29/2025 - 19:33:22: [SM]   [2] Line 239, d:\Github\Private-Work\L4D2-Êèí‰ª∂\scripting_1.11\l4d_sm_respawn.sp::MenuHandler_MenuList
L 12/29/2025 - 19:33:27: [SM] Exception reported: Invalid convar handle 0 (error 4)
L 12/29/2025 - 19:33:27: [SM] Blaming: ÒankrunFixhealth.smx
L 12/29/2025 - 19:33:27: [SM] Call stack trace:
L 12/29/2025 - 19:33:27: [SM]   [0] GetConVarString
L 12/29/2025 - 19:33:27: [SM]   [1] Line 138, C:\Users\Moises\Downloads\Compressed\sourcemod-1.11.0-git6968-windows\addons\sourcemod\scripting\ÒankrunFixhealth.sp::IsTankRunActive
L 12/29/2025 - 19:33:27: [SM]   [2] Line 36, C:\Users\Moises\Downloads\Compressed\sourcemod-1.11.0-git6968-windows\addons\sourcemod\scripting\ÒankrunFixhealth.sp::Timer_PeriodicCheck
L 12/29/2025 - 19:33:37: [SM] Exception reported: Invalid convar handle 0 (error 4)
L 12/29/2025 - 19:33:37: [SM] Blaming: ÒankrunFixhealth.smx
L 12/29/2025 - 19:33:37: [SM] Call stack trace:
L 12/29/2025 - 19:33:37: [SM]   [0] GetConVarString
L 12/29/2025 - 19:33:37: [SM]   [1] Line 138, C:\Users\Moises\Downloads\Compressed\sourcemod-1.11.0-git6968-windows\addons\sourcemod\scripting\ÒankrunFixhealth.sp::IsTankRunActive
L 12/29/2025 - 19:33:37: [SM]   [2] Line 36, C:\Users\Moises\Downloads\Compressed\sourcemod-1.11.0-git6968-windows\addons\sourcemod\scripting\ÒankrunFixhealth.sp::Timer_PeriodicCheck
L 12/29/2025 - 19:33:47: [SM] Exception reported: Language phrase "Not enough player slots" not found (arg 5)
L 12/29/2025 - 19:33:47: [SM] Blaming: all4dead2.smx
L 12/29/2025 - 19:33:47: [SM] Call stack trace:
L 12/29/2025 - 19:33:47: [SM]   [0] VFormat
L 12/29/2025 - 19:33:47: [SM]   [1] Line 71, D:\Github\Private-Work\L4D2-Êèí‰ª∂\scripting_1.11\include\multicolors.inc::CPrintToChat
L 12/29/2025 - 19:33:47: [SM]   [2] Line 484, d:\Github\Private-Work\L4D2-Êèí‰ª∂\scripting_1.11\all4dead2.sp::Do_SpawnInfected
L 12/29/2025 - 19:33:47: [SM]   [3] Line 314, d:\Github\Private-Work\L4D2-Êèí‰ª∂\scripting_1.11\all4dead2.sp::Menu_SpawnSInfectedHandler
L 12/29/2025 - 19:33:47: [SM] Exception reported: Invalid convar handle 0 (error 4)
L 12/29/2025 - 19:33:47: [SM] Blaming: ÒankrunFixhealth.smx
L 12/29/2025 - 19:33:47: [SM] Call stack trace:
L 12/29/2025 - 19:33:47: [SM]   [0] GetConVarString
L 12/29/2025 - 19:33:47: [SM]   [1] Line 138, C:\Users\Moises\Downloads\Compressed\sourcemod-1.11.0-git6968-windows\addons\sourcemod\scripting\ÒankrunFixhealth.sp::IsTankRunActive
L 12/29/2025 - 19:33:47: [SM]   [2] Line 36, C:\Users\Moises\Downloads\Compressed\sourcemod-1.11.0-git6968-windows\addons\sourcemod\scripting\ÒankrunFixhealth.sp::Timer_PeriodicCheck
L 12/29/2025 - 19:33:50: [SM] Exception reported: Invalid Handle 0 (error 4)
L 12/29/2025 - 19:33:50: [SM] Blaming: l4dafkfix.smx
L 12/29/2025 - 19:33:50: [SM] Call stack trace:
L 12/29/2025 - 19:33:50: [SM]   [0] SDKCall
L 12/29/2025 - 19:33:50: [SM]   [1] Line 235, /home/forums/content/files/4/8/2/4/5/73422.attach::TakeOverBot
L 12/29/2025 - 19:33:50: [SM]   [2] Line 148, /home/forums/content/files/4/8/2/4/5/73422.attach::Event_PlayerDeath
L 12/29/2025 - 19:33:50: [SM] Exception reported: Invalid convar handle 0 (error 4)
L 12/29/2025 - 19:33:50: [SM] Blaming: ÒankrunFixhealth.smx
L 12/29/2025 - 19:33:50: [SM] Call stack trace:
L 12/29/2025 - 19:33:50: [SM]   [0] GetConVarString
L 12/29/2025 - 19:33:50: [SM]   [1] Line 138, C:\Users\Moises\Downloads\Compressed\sourcemod-1.11.0-git6968-windows\addons\sourcemod\scripting\ÒankrunFixhealth.sp::IsTankRunActive
L 12/29/2025 - 19:33:50: [SM]   [2] Line 79, C:\Users\Moises\Downloads\Compressed\sourcemod-1.11.0-git6968-windows\addons\sourcemod\scripting\ÒankrunFixhealth.sp::Event_PlayerDeath
L 12/29/2025 - 19:33:57: [SM] Exception reported: Invalid convar handle 0 (error 4)
L 12/29/2025 - 19:33:57: [SM] Blaming: ÒankrunFixhealth.smx
L 12/29/2025 - 19:33:57: [SM] Call stack trace:
L 12/29/2025 - 19:33:57: [SM]   [0] GetConVarString
L 12/29/2025 - 19:33:57: [SM]   [1] Line 138, C:\Users\Moises\Downloads\Compressed\sourcemod-1.11.0-git6968-windows\addons\sourcemod\scripting\ÒankrunFixhealth.sp::IsTankRunActive
L 12/29/2025 - 19:33:57: [SM]   [2] Line 36, C:\Users\Moises\Downloads\Compressed\sourcemod-1.11.0-git6968-windows\addons\sourcemod\scripting\ÒankrunFixhealth.sp::Timer_PeriodicCheck
L 12/29/2025 - 19:34:00: [SM] Exception reported: Invalid convar handle 0 (error 4)
L 12/29/2025 - 19:34:00: [SM] Blaming: ÒankrunFixhealth.smx
L 12/29/2025 - 19:34:00: [SM] Call stack trace:
L 12/29/2025 - 19:34:00: [SM]   [0] GetConVarString
L 12/29/2025 - 19:34:00: [SM]   [1] Line 138, C:\Users\Moises\Downloads\Compressed\sourcemod-1.11.0-git6968-windows\addons\sourcemod\scripting\ÒankrunFixhealth.sp::IsTankRunActive
L 12/29/2025 - 19:34:00: [SM]   [2] Line 71, C:\Users\Moises\Downloads\Compressed\sourcemod-1.11.0-git6968-windows\addons\sourcemod\scripting\ÒankrunFixhealth.sp::Event_MapTransition
L 12/29/2025 - 19:34:02: [SM] Exception reported: Invalid convar handle 0 (error 4)
L 12/29/2025 - 19:34:02: [SM] Blaming: ÒankrunFixhealth.smx
L 12/29/2025 - 19:34:02: [SM] Call stack trace:
L 12/29/2025 - 19:34:02: [SM]   [0] GetConVarString
L 12/29/2025 - 19:34:02: [SM]   [1] Line 138, C:\Users\Moises\Downloads\Compressed\sourcemod-1.11.0-git6968-windows\addons\sourcemod\scripting\ÒankrunFixhealth.sp::IsTankRunActive
L 12/29/2025 - 19:34:02: [SM]   [2] Line 79, C:\Users\Moises\Downloads\Compressed\sourcemod-1.11.0-git6968-windows\addons\sourcemod\scripting\ÒankrunFixhealth.sp::Event_PlayerDeath
L 12/29/2025 - 19:34:02: [SM] Exception reported: Invalid convar handle 0 (error 4)
L 12/29/2025 - 19:34:02: [SM] Blaming: ÒankrunFixhealth.smx
L 12/29/2025 - 19:34:02: [SM] Call stack trace:
L 12/29/2025 - 19:34:02: [SM]   [0] GetConVarString
L 12/29/2025 - 19:34:02: [SM]   [1] Line 138, C:\Users\Moises\Downloads\Compressed\sourcemod-1.11.0-git6968-windows\addons\sourcemod\scripting\ÒankrunFixhealth.sp::IsTankRunActive
L 12/29/2025 - 19:34:02: [SM]   [2] Line 79, C:\Users\Moises\Downloads\Compressed\sourcemod-1.11.0-git6968-windows\addons\sourcemod\scripting\ÒankrunFixhealth.sp::Event_PlayerDeath
L 12/29/2025 - 19:34:02: [SM] Exception reported: Invalid convar handle 0 (error 4)
L 12/29/2025 - 19:34:02: [SM] Blaming: ÒankrunFixhealth.smx
L 12/29/2025 - 19:34:02: [SM] Call stack trace:
L 12/29/2025 - 19:34:02: [SM]   [0] GetConVarString
L 12/29/2025 - 19:34:02: [SM]   [1] Line 138, C:\Users\Moises\Downloads\Compressed\sourcemod-1.11.0-git6968-windows\addons\sourcemod\scripting\ÒankrunFixhealth.sp::IsTankRunActive
L 12/29/2025 - 19:34:02: [SM]   [2] Line 79, C:\Users\Moises\Downloads\Compressed\sourcemod-1.11.0-git6968-windows\addons\sourcemod\scripting\ÒankrunFixhealth.sp::Event_PlayerDeath
L 12/29/2025 - 19:34:02: [SM] Exception reported: Invalid convar handle 0 (error 4)
L 12/29/2025 - 19:34:02: [SM] Blaming: ÒankrunFixhealth.smx
L 12/29/2025 - 19:34:02: [SM] Call stack trace:
L 12/29/2025 - 19:34:02: [SM]   [0] GetConVarString
L 12/29/2025 - 19:34:02: [SM]   [1] Line 138, C:\Users\Moises\Downloads\Compressed\sourcemod-1.11.0-git6968-windows\addons\sourcemod\scripting\ÒankrunFixhealth.sp::IsTankRunActive
L 12/29/2025 - 19:34:02: [SM]   [2] Line 79, C:\Users\Moises\Downloads\Compressed\sourcemod-1.11.0-git6968-windows\addons\sourcemod\scripting\ÒankrunFixhealth.sp::Event_PlayerDeath
L 12/29/2025 - 19:34:02: [SM] Exception reported: Invalid convar handle 0 (error 4)
L 12/29/2025 - 19:34:02: [SM] Blaming: ÒankrunFixhealth.smx
L 12/29/2025 - 19:34:02: [SM] Call stack trace:
L 12/29/2025 - 19:34:02: [SM]   [0] GetConVarString
L 12/29/2025 - 19:34:02: [SM]   [1] Line 138, C:\Users\Moises\Downloads\Compressed\sourcemod-1.11.0-git6968-windows\addons\sourcemod\scripting\ÒankrunFixhealth.sp::IsTankRunActive
L 12/29/2025 - 19:34:02: [SM]   [2] Line 79, C:\Users\Moises\Downloads\Compressed\sourcemod-1.11.0-git6968-windows\addons\sourcemod\scripting\ÒankrunFixhealth.sp::Event_PlayerDeath
L 12/29/2025 - 19:34:05: [SM] Exception reported: Invalid convar handle 0 (error 4)
L 12/29/2025 - 19:34:05: [SM] Blaming: ÒankrunFixhealth.smx
L 12/29/2025 - 19:34:05: [SM] Call stack trace:
L 12/29/2025 - 19:34:05: [SM]   [0] GetConVarString
L 12/29/2025 - 19:34:05: [SM]   [1] Line 138, C:\Users\Moises\Downloads\Compressed\sourcemod-1.11.0-git6968-windows\addons\sourcemod\scripting\ÒankrunFixhealth.sp::IsTankRunActive
L 12/29/2025 - 19:34:05: [SM]   [2] Line 79, C:\Users\Moises\Downloads\Compressed\sourcemod-1.11.0-git6968-windows\addons\sourcemod\scripting\ÒankrunFixhealth.sp::Event_PlayerDeath
L 12/29/2025 - 19:34:07: [SM] Exception reported: Invalid convar handle 0 (error 4)
L 12/29/2025 - 19:34:07: [SM] Blaming: ÒankrunFixhealth.smx
L 12/29/2025 - 19:34:07: [SM] Call stack trace:
L 12/29/2025 - 19:34:07: [SM]   [0] GetConVarString
L 12/29/2025 - 19:34:07: [SM]   [1] Line 138, C:\Users\Moises\Downloads\Compressed\sourcemod-1.11.0-git6968-windows\addons\sourcemod\scripting\ÒankrunFixhealth.sp::IsTankRunActive
L 12/29/2025 - 19:34:07: [SM]   [2] Line 36, C:\Users\Moises\Downloads\Compressed\sourcemod-1.11.0-git6968-windows\addons\sourcemod\scripting\ÒankrunFixhealth.sp::Timer_PeriodicCheck
L 12/29/2025 - 19:34:08: [SM] Exception reported: Invalid timer handle 3900043f (error 1)
L 12/29/2025 - 19:34:08: [SM] Blaming: l4d2_playerjoining_v2.smx
L 12/29/2025 - 19:34:08: [SM] Call stack trace:
L 12/29/2025 - 19:34:08: [SM]   [0] KillTimer
L 12/29/2025 - 19:34:08: [SM]   [1] Line 53, C:\Users\Moises\Downloads\Compressed\sourcemod-1.11.0-git6968-windows\addons\sourcemod\scripting\l4d2_playerjoining_v2.sp::OnClientDisconnect
L 12/29/2025 - 19:34:08: [SM] Exception reported: Invalid timer handle f4c0047d (error 1)
L 12/29/2025 - 19:34:08: [SM] Blaming: l4d2_playerjoining_v2.smx
L 12/29/2025 - 19:34:08: [SM] Call stack trace:
L 12/29/2025 - 19:34:08: [SM]   [0] KillTimer
L 12/29/2025 - 19:34:08: [SM]   [1] Line 53, C:\Users\Moises\Downloads\Compressed\sourcemod-1.11.0-git6968-windows\addons\sourcemod\scripting\l4d2_playerjoining_v2.sp::OnClientDisconnect
L 12/29/2025 - 19:34:08: [SM] Exception reported: Invalid timer handle 4ab00447 (error 1)
L 12/29/2025 - 19:34:08: [SM] Blaming: l4d2_playerjoining_v2.smx
L 12/29/2025 - 19:34:08: [SM] Call stack trace:
L 12/29/2025 - 19:34:08: [SM]   [0] KillTimer
L 12/29/2025 - 19:34:08: [SM]   [1] Line 53, C:\Users\Moises\Downloads\Compressed\sourcemod-1.11.0-git6968-windows\addons\sourcemod\scripting\l4d2_playerjoining_v2.sp::OnClientDisconnect
L 12/29/2025 - 19:34:08: [SM] Exception reported: Invalid timer handle c1000499 (error 3)
L 12/29/2025 - 19:34:08: [SM] Blaming: l4d2_playerjoining_v2.smx
L 12/29/2025 - 19:34:08: [SM] Call stack trace:
L 12/29/2025 - 19:34:08: [SM]   [0] KillTimer
L 12/29/2025 - 19:34:08: [SM]   [1] Line 53, C:\Users\Moises\Downloads\Compressed\sourcemod-1.11.0-git6968-windows\addons\sourcemod\scripting\l4d2_playerjoining_v2.sp::OnClientDisconnect
L 12/29/2025 - 19:34:08: [SM] Exception reported: Invalid timer handle 9670045a (error 1)
L 12/29/2025 - 19:34:08: [SM] Blaming: l4d2_playerjoining_v2.smx
L 12/29/2025 - 19:34:08: [SM] Call stack trace:
L 12/29/2025 - 19:34:08: [SM]   [0] KillTimer
L 12/29/2025 - 19:34:08: [SM]   [1] Line 53, C:\Users\Moises\Downloads\Compressed\sourcemod-1.11.0-git6968-windows\addons\sourcemod\scripting\l4d2_playerjoining_v2.sp::OnClientDisconnect
L 12/29/2025 - 19:34:10: Error log file session closed.
L 12/29/2025 - 19:34:11: SourceMod error session started
L 12/29/2025 - 19:34:11: Info (map "c2m3_coaster") (file "d:\steamlibrary\steamapps\common\left 4 dead 2\left4dead2\addons\sourcemod\logs\errors_20251229.log")
L 12/29/2025 - 19:34:11: [SM] Fatal error encountered parsing translation file "l4d_nth.phrases.txt"
L 12/29/2025 - 19:34:11: [SM] Error (line 0, column 0): Stream failed to open
L 12/29/2025 - 19:34:11: [SM] Fatal error encountered parsing translation file "chargersteering.phrases.txt"
L 12/29/2025 - 19:34:11: [SM] Error (line 0, column 0): Stream failed to open
L 12/29/2025 - 19:34:11: [SM] Fatal error encountered parsing translation file "l4dmultislots.phrases.txt"
L 12/29/2025 - 19:34:11: [SM] Error (line 0, column 0): Stream failed to open
L 12/29/2025 - 19:34:11: [SM] Fatal error encountered parsing translation file "lilac.phrases.txt"
L 12/29/2025 - 19:34:11: [SM] Error (line 0, column 0): Stream failed to open
L 12/29/2025 - 19:34:12: [SM] Exception reported: Invalid convar handle 0 (error 4)
L 12/29/2025 - 19:34:12: [SM] Blaming: ÒankrunFixhealth.smx
L 12/29/2025 - 19:34:12: [SM] Call stack trace:
L 12/29/2025 - 19:34:12: [SM]   [0] GetConVarString
L 12/29/2025 - 19:34:12: [SM]   [1] Line 138, C:\Users\Moises\Downloads\Compressed\sourcemod-1.11.0-git6968-windows\addons\sourcemod\scripting\ÒankrunFixhealth.sp::IsTankRunActive
L 12/29/2025 - 19:34:12: [SM]   [2] Line 54, C:\Users\Moises\Downloads\Compressed\sourcemod-1.11.0-git6968-windows\addons\sourcemod\scripting\ÒankrunFixhealth.sp::Event_RoundStart
L 12/29/2025 - 19:34:13: [l4d2_publicity.smx] [Publicity] No se encontraron mensajes en el archivo de configuraci√≥n
L 12/29/2025 - 19:34:23: [SM] Exception reported: Invalid convar handle 0 (error 4)
L 12/29/2025 - 19:34:23: [SM] Blaming: ÒankrunFixhealth.smx
L 12/29/2025 - 19:34:23: [SM] Call stack trace:
L 12/29/2025 - 19:34:23: [SM]   [0] GetConVarString
L 12/29/2025 - 19:34:23: [SM]   [1] Line 138, C:\Users\Moises\Downloads\Compressed\sourcemod-1.11.0-git6968-windows\addons\sourcemod\scripting\ÒankrunFixhealth.sp::IsTankRunActive
L 12/29/2025 - 19:34:23: [SM]   [2] Line 36, C:\Users\Moises\Downloads\Compressed\sourcemod-1.11.0-git6968-windows\addons\sourcemod\scripting\ÒankrunFixhealth.sp::Timer_PeriodicCheck
L 12/29/2025 - 19:34:31: [SM] Exception reported: Invalid timer handle 3900043f (error 1)
L 12/29/2025 - 19:34:31: [SM] Blaming: l4d2_playerjoining_v2.smx
L 12/29/2025 - 19:34:31: [SM] Call stack trace:
L 12/29/2025 - 19:34:31: [SM]   [0] KillTimer
L 12/29/2025 - 19:34:31: [SM]   [1] Line 53, C:\Users\Moises\Downloads\Compressed\sourcemod-1.11.0-git6968-windows\addons\sourcemod\scripting\l4d2_playerjoining_v2.sp::OnClientDisconnect
L 12/29/2025 - 19:34:33: [SM] Exception reported: Invalid timer handle f4c0047d (error 1)
L 12/29/2025 - 19:34:33: [SM] Blaming: l4d2_playerjoining_v2.smx
L 12/29/2025 - 19:34:33: [SM] Call stack trace:
L 12/29/2025 - 19:34:33: [SM]   [0] KillTimer
L 12/29/2025 - 19:34:33: [SM]   [1] Line 53, C:\Users\Moises\Downloads\Compressed\sourcemod-1.11.0-git6968-windows\addons\sourcemod\scripting\l4d2_playerjoining_v2.sp::OnClientDisconnect
L 12/29/2025 - 19:34:36: [SM] Exception reported: Invalid convar handle 0 (error 4)
L 12/29/2025 - 19:34:36: [SM] Blaming: ÒankrunFixhealth.smx
L 12/29/2025 - 19:34:36: [SM] Call stack trace:
L 12/29/2025 - 19:34:36: [SM]   [0] GetConVarString
L 12/29/2025 - 19:34:36: [SM]   [1] Line 138, C:\Users\Moises\Downloads\Compressed\sourcemod-1.11.0-git6968-windows\addons\sourcemod\scripting\ÒankrunFixhealth.sp::IsTankRunActive
L 12/29/2025 - 19:34:36: [SM]   [2] Line 36, C:\Users\Moises\Downloads\Compressed\sourcemod-1.11.0-git6968-windows\addons\sourcemod\scripting\ÒankrunFixhealth.sp::Timer_PeriodicCheck
L 12/29/2025 - 19:34:46: [SM] Exception reported: Invalid convar handle 0 (error 4)
L 12/29/2025 - 19:34:46: [SM] Blaming: ÒankrunFixhealth.smx
L 12/29/2025 - 19:34:46: [SM] Call stack trace:
L 12/29/2025 - 19:34:46: [SM]   [0] GetConVarString
L 12/29/2025 - 19:34:46: [SM]   [1] Line 138, C:\Users\Moises\Downloads\Compressed\sourcemod-1.11.0-git6968-windows\addons\sourcemod\scripting\ÒankrunFixhealth.sp::IsTankRunActive
L 12/29/2025 - 19:34:46: [SM]   [2] Line 36, C:\Users\Moises\Downloads\Compressed\sourcemod-1.11.0-git6968-windows\addons\sourcemod\scripting\ÒankrunFixhealth.sp::Timer_PeriodicCheck
L 12/29/2025 - 19:34:55: [SM] Exception reported: Language phrase "Type in chat !join To join the survivors" not found (arg 6)
L 12/29/2025 - 19:34:55: [SM] Blaming: l4dmultislots.smx
L 12/29/2025 - 19:34:55: [SM] Call stack trace:
L 12/29/2025 - 19:34:55: [SM]   [0] VFormat
L 12/29/2025 - 19:34:55: [SM]   [1] Line 71, D:\Github\Private-Work\L4D2-Êèí‰ª∂\scripting_1.11\include\multicolors.inc::CPrintToChat
L 12/29/2025 - 19:34:55: [SM]   [2] Line 938, d:\Github\Private-Work\L4D2-Êèí‰ª∂\scripting_1.11\l4dmultislots.sp::Timer_SpecCheck
L 12/29/2025 - 19:34:56: [SM] Exception reported: Invalid convar handle 0 (error 4)
L 12/29/2025 - 19:34:56: [SM] Blaming: ÒankrunFixhealth.smx
L 12/29/2025 - 19:34:56: [SM] Call stack trace:
L 12/29/2025 - 19:34:56: [SM]   [0] GetConVarString
L 12/29/2025 - 19:34:56: [SM]   [1] Line 138, C:\Users\Moises\Downloads\Compressed\sourcemod-1.11.0-git6968-windows\addons\sourcemod\scripting\ÒankrunFixhealth.sp::IsTankRunActive
L 12/29/2025 - 19:34:56: [SM]   [2] Line 36, C:\Users\Moises\Downloads\Compressed\sourcemod-1.11.0-git6968-windows\addons\sourcemod\scripting\ÒankrunFixhealth.sp::Timer_PeriodicCheck
L 12/29/2025 - 19:35:06: [SM] Exception reported: Invalid convar handle 0 (error 4)
L 12/29/2025 - 19:35:06: [SM] Blaming: ÒankrunFixhealth.smx
L 12/29/2025 - 19:35:06: [SM] Call stack trace:
L 12/29/2025 - 19:35:06: [SM]   [0] GetConVarString
L 12/29/2025 - 19:35:06: [SM]   [1] Line 138, C:\Users\Moises\Downloads\Compressed\sourcemod-1.11.0-git6968-windows\addons\sourcemod\scripting\ÒankrunFixhealth.sp::IsTankRunActive
L 12/29/2025 - 19:35:06: [SM]   [2] Line 36, C:\Users\Moises\Downloads\Compressed\sourcemod-1.11.0-git6968-windows\addons\sourcemod\scripting\ÒankrunFixhealth.sp::Timer_PeriodicCheck
L 12/29/2025 - 19:35:07: [SM] Exception reported: Invalid convar handle 0 (error 4)
L 12/29/2025 - 19:35:07: [SM] Blaming: ÒankrunFixhealth.smx
L 12/29/2025 - 19:35:07: [SM] Call stack trace:
L 12/29/2025 - 19:35:07: [SM]   [0] GetConVarString
L 12/29/2025 - 19:35:07: [SM]   [1] Line 138, C:\Users\Moises\Downloads\Compressed\sourcemod-1.11.0-git6968-windows\addons\sourcemod\scripting\ÒankrunFixhealth.sp::IsTankRunActive
L 12/29/2025 - 19:35:07: [SM]   [2] Line 79, C:\Users\Moises\Downloads\Compressed\sourcemod-1.11.0-git6968-windows\addons\sourcemod\scripting\ÒankrunFixhealth.sp::Event_PlayerDeath
L 12/29/2025 - 19:35:16: [SM] Exception reported: Invalid convar handle 0 (error 4)
L 12/29/2025 - 19:35:16: [SM] Blaming: ÒankrunFixhealth.smx
L 12/29/2025 - 19:35:16: [SM] Call stack trace:
L 12/29/2025 - 19:35:16: [SM]   [0] GetConVarString
L 12/29/2025 - 19:35:16: [SM]   [1] Line 138, C:\Users\Moises\Downloads\Compressed\sourcemod-1.11.0-git6968-windows\addons\sourcemod\scripting\ÒankrunFixhealth.sp::IsTankRunActive
L 12/29/2025 - 19:35:16: [SM]   [2] Line 36, C:\Users\Moises\Downloads\Compressed\sourcemod-1.11.0-git6968-windows\addons\sourcemod\scripting\ÒankrunFixhealth.sp::Timer_PeriodicCheck
L 12/29/2025 - 19:35:20: [SM] Exception reported: Language phrase "Type in chat !join To join the survivors" not found (arg 6)
L 12/29/2025 - 19:35:20: [SM] Blaming: l4dmultislots.smx
L 12/29/2025 - 19:35:20: [SM] Call stack trace:
L 12/29/2025 - 19:35:20: [SM]   [0] VFormat
L 12/29/2025 - 19:35:20: [SM]   [1] Line 71, D:\Github\Private-Work\L4D2-Êèí‰ª∂\scripting_1.11\include\multicolors.inc::CPrintToChat
L 12/29/2025 - 19:35:20: [SM]   [2] Line 938, d:\Github\Private-Work\L4D2-Êèí‰ª∂\scripting_1.11\l4dmultislots.sp::Timer_SpecCheck
L 12/29/2025 - 19:35:26: [SM] Exception reported: Invalid convar handle 0 (error 4)
L 12/29/2025 - 19:35:26: [SM] Blaming: ÒankrunFixhealth.smx
L 12/29/2025 - 19:35:26: [SM] Call stack trace:
L 12/29/2025 - 19:35:26: [SM]   [0] GetConVarString
L 12/29/2025 - 19:35:26: [SM]   [1] Line 138, C:\Users\Moises\Downloads\Compressed\sourcemod-1.11.0-git6968-windows\addons\sourcemod\scripting\ÒankrunFixhealth.sp::IsTankRunActive
L 12/29/2025 - 19:35:26: [SM]   [2] Line 36, C:\Users\Moises\Downloads\Compressed\sourcemod-1.11.0-git6968-windows\addons\sourcemod\scripting\ÒankrunFixhealth.sp::Timer_PeriodicCheck
L 12/29/2025 - 19:35:36: [SM] Exception reported: Invalid convar handle 0 (error 4)
L 12/29/2025 - 19:35:36: [SM] Blaming: ÒankrunFixhealth.smx
L 12/29/2025 - 19:35:36: [SM] Call stack trace:
L 12/29/2025 - 19:35:36: [SM]   [0] GetConVarString
L 12/29/2025 - 19:35:36: [SM]   [1] Line 138, C:\Users\Moises\Downloads\Compressed\sourcemod-1.11.0-git6968-windows\addons\sourcemod\scripting\ÒankrunFixhealth.sp::IsTankRunActive
L 12/29/2025 - 19:35:36: [SM]   [2] Line 36, C:\Users\Moises\Downloads\Compressed\sourcemod-1.11.0-git6968-windows\addons\sourcemod\scripting\ÒankrunFixhealth.sp::Timer_PeriodicCheck
L 12/29/2025 - 19:35:45: [SM] Exception reported: Language phrase "Type in chat !join To join the survivors" not found (arg 6)
L 12/29/2025 - 19:35:45: [SM] Blaming: l4dmultislots.smx
L 12/29/2025 - 19:35:45: [SM] Call stack trace:
L 12/29/2025 - 19:35:45: [SM]   [0] VFormat
L 12/29/2025 - 19:35:45: [SM]   [1] Line 71, D:\Github\Private-Work\L4D2-Êèí‰ª∂\scripting_1.11\include\multicolors.inc::CPrintToChat
L 12/29/2025 - 19:35:45: [SM]   [2] Line 938, d:\Github\Private-Work\L4D2-Êèí‰ª∂\scripting_1.11\l4dmultislots.sp::Timer_SpecCheck
L 12/29/2025 - 19:35:46: [SM] Exception reported: Invalid convar handle 0 (error 4)
L 12/29/2025 - 19:35:46: [SM] Blaming: ÒankrunFixhealth.smx
L 12/29/2025 - 19:35:46: [SM] Call stack trace:
L 12/29/2025 - 19:35:46: [SM]   [0] GetConVarString
L 12/29/2025 - 19:35:46: [SM]   [1] Line 138, C:\Users\Moises\Downloads\Compressed\sourcemod-1.11.0-git6968-windows\addons\sourcemod\scripting\ÒankrunFixhealth.sp::IsTankRunActive
L 12/29/2025 - 19:35:46: [SM]   [2] Line 36, C:\Users\Moises\Downloads\Compressed\sourcemod-1.11.0-git6968-windows\addons\sourcemod\scripting\ÒankrunFixhealth.sp::Timer_PeriodicCheck
L 12/29/2025 - 19:35:54: [SM] Exception reported: Invalid convar handle 0 (error 4)
L 12/29/2025 - 19:35:54: [SM] Blaming: ÒankrunFixhealth.smx
L 12/29/2025 - 19:35:54: [SM] Call stack trace:
L 12/29/2025 - 19:35:54: [SM]   [0] GetConVarString
L 12/29/2025 - 19:35:54: [SM]   [1] Line 138, C:\Users\Moises\Downloads\Compressed\sourcemod-1.11.0-git6968-windows\addons\sourcemod\scripting\ÒankrunFixhealth.sp::IsTankRunActive
L 12/29/2025 - 19:35:54: [SM]   [2] Line 79, C:\Users\Moises\Downloads\Compressed\sourcemod-1.11.0-git6968-windows\addons\sourcemod\scripting\ÒankrunFixhealth.sp::Event_PlayerDeath
L 12/29/2025 - 19:35:54: [SM] Exception reported: Invalid convar handle 0 (error 4)
L 12/29/2025 - 19:35:54: [SM] Blaming: ÒankrunFixhealth.smx
L 12/29/2025 - 19:35:54: [SM] Call stack trace:
L 12/29/2025 - 19:35:54: [SM]   [0] GetConVarString
L 12/29/2025 - 19:35:54: [SM]   [1] Line 138, C:\Users\Moises\Downloads\Compressed\sourcemod-1.11.0-git6968-windows\addons\sourcemod\scripting\ÒankrunFixhealth.sp::IsTankRunActive
L 12/29/2025 - 19:35:54: [SM]   [2] Line 79, C:\Users\Moises\Downloads\Compressed\sourcemod-1.11.0-git6968-windows\addons\sourcemod\scripting\ÒankrunFixhealth.sp::Event_PlayerDeath
L 12/29/2025 - 19:35:56: [SM] Exception reported: Invalid convar handle 0 (error 4)
L 12/29/2025 - 19:35:56: [SM] Blaming: ÒankrunFixhealth.smx
L 12/29/2025 - 19:35:56: [SM] Call stack trace:
L 12/29/2025 - 19:35:56: [SM]   [0] GetConVarString
L 12/29/2025 - 19:35:56: [SM]   [1] Line 138, C:\Users\Moises\Downloads\Compressed\sourcemod-1.11.0-git6968-windows\addons\sourcemod\scripting\ÒankrunFixhealth.sp::IsTankRunActive
L 12/29/2025 - 19:35:56: [SM]   [2] Line 36, C:\Users\Moises\Downloads\Compressed\sourcemod-1.11.0-git6968-windows\addons\sourcemod\scripting\ÒankrunFixhealth.sp::Timer_PeriodicCheck
L 12/29/2025 - 19:36:06: [SM] Exception reported: Invalid convar handle 0 (error 4)
L 12/29/2025 - 19:36:06: [SM] Blaming: ÒankrunFixhealth.smx
L 12/29/2025 - 19:36:06: [SM] Call stack trace:
L 12/29/2025 - 19:36:06: [SM]   [0] GetConVarString
L 12/29/2025 - 19:36:06: [SM]   [1] Line 138, C:\Users\Moises\Downloads\Compressed\sourcemod-1.11.0-git6968-windows\addons\sourcemod\scripting\ÒankrunFixhealth.sp::IsTankRunActive
L 12/29/2025 - 19:36:06: [SM]   [2] Line 36, C:\Users\Moises\Downloads\Compressed\sourcemod-1.11.0-git6968-windows\addons\sourcemod\scripting\ÒankrunFixhealth.sp::Timer_PeriodicCheck
L 12/29/2025 - 19:36:10: [SM] Exception reported: Language phrase "Type in chat !join To join the survivors" not found (arg 6)
L 12/29/2025 - 19:36:10: [SM] Blaming: l4dmultislots.smx
L 12/29/2025 - 19:36:10: [SM] Call stack trace:
L 12/29/2025 - 19:36:10: [SM]   [0] VFormat
L 12/29/2025 - 19:36:10: [SM]   [1] Line 71, D:\Github\Private-Work\L4D2-Êèí‰ª∂\scripting_1.11\include\multicolors.inc::CPrintToChat
L 12/29/2025 - 19:36:10: [SM]   [2] Line 938, d:\Github\Private-Work\L4D2-Êèí‰ª∂\scripting_1.11\l4dmultislots.sp::Timer_SpecCheck
L 12/29/2025 - 19:36:16: [SM] Exception reported: Invalid convar handle 0 (error 4)
L 12/29/2025 - 19:36:16: [SM] Blaming: ÒankrunFixhealth.smx
L 12/29/2025 - 19:36:16: [SM] Call stack trace:
L 12/29/2025 - 19:36:16: [SM]   [0] GetConVarString
L 12/29/2025 - 19:36:16: [SM]   [1] Line 138, C:\Users\Moises\Downloads\Compressed\sourcemod-1.11.0-git6968-windows\addons\sourcemod\scripting\ÒankrunFixhealth.sp::IsTankRunActive
L 12/29/2025 - 19:36:16: [SM]   [2] Line 36, C:\Users\Moises\Downloads\Compressed\sourcemod-1.11.0-git6968-windows\addons\sourcemod\scripting\ÒankrunFixhealth.sp::Timer_PeriodicCheck
L 12/29/2025 - 19:36:21: [SM] Exception reported: Invalid convar handle 0 (error 4)
L 12/29/2025 - 19:36:21: [SM] Blaming: ÒankrunFixhealth.smx
L 12/29/2025 - 19:36:21: [SM] Call stack trace:
L 12/29/2025 - 19:36:21: [SM]   [0] GetConVarString
L 12/29/2025 - 19:36:21: [SM]   [1] Line 138, C:\Users\Moises\Downloads\Compressed\sourcemod-1.11.0-git6968-windows\addons\sourcemod\scripting\ÒankrunFixhealth.sp::IsTankRunActive
L 12/29/2025 - 19:36:21: [SM]   [2] Line 79, C:\Users\Moises\Downloads\Compressed\sourcemod-1.11.0-git6968-windows\addons\sourcemod\scripting\ÒankrunFixhealth.sp::Event_PlayerDeath
L 12/29/2025 - 19:36:21: [SM] Exception reported: Invalid convar handle 0 (error 4)
L 12/29/2025 - 19:36:21: [SM] Blaming: ÒankrunFixhealth.smx
L 12/29/2025 - 19:36:21: [SM] Call stack trace:
L 12/29/2025 - 19:36:21: [SM]   [0] GetConVarString
L 12/29/2025 - 19:36:21: [SM]   [1] Line 138, C:\Users\Moises\Downloads\Compressed\sourcemod-1.11.0-git6968-windows\addons\sourcemod\scripting\ÒankrunFixhealth.sp::IsTankRunActive
L 12/29/2025 - 19:36:21: [SM]   [2] Line 79, C:\Users\Moises\Downloads\Compressed\sourcemod-1.11.0-git6968-windows\addons\sourcemod\scripting\ÒankrunFixhealth.sp::Event_PlayerDeath
L 12/29/2025 - 19:36:24: [SM] Exception reported: Invalid convar handle 0 (error 4)
L 12/29/2025 - 19:36:24: [SM] Blaming: ÒankrunFixhealth.smx
L 12/29/2025 - 19:36:24: [SM] Call stack trace:
L 12/29/2025 - 19:36:24: [SM]   [0] GetConVarString
L 12/29/2025 - 19:36:24: [SM]   [1] Line 138, C:\Users\Moises\Downloads\Compressed\sourcemod-1.11.0-git6968-windows\addons\sourcemod\scripting\ÒankrunFixhealth.sp::IsTankRunActive
L 12/29/2025 - 19:36:24: [SM]   [2] Line 79, C:\Users\Moises\Downloads\Compressed\sourcemod-1.11.0-git6968-windows\addons\sourcemod\scripting\ÒankrunFixhealth.sp::Event_PlayerDeath
L 12/29/2025 - 19:36:25: [SM] Exception reported: Invalid convar handle 0 (error 4)
L 12/29/2025 - 19:36:25: [SM] Blaming: ÒankrunFixhealth.smx
L 12/29/2025 - 19:36:25: [SM] Call stack trace:
L 12/29/2025 - 19:36:25: [SM]   [0] GetConVarString
L 12/29/2025 - 19:36:25: [SM]   [1] Line 138, C:\Users\Moises\Downloads\Compressed\sourcemod-1.11.0-git6968-windows\addons\sourcemod\scripting\ÒankrunFixhealth.sp::IsTankRunActive
L 12/29/2025 - 19:36:25: [SM]   [2] Line 79, C:\Users\Moises\Downloads\Compressed\sourcemod-1.11.0-git6968-windows\addons\sourcemod\scripting\ÒankrunFixhealth.sp::Event_PlayerDeath
L 12/29/2025 - 19:36:26: [SM] Exception reported: Invalid convar handle 0 (error 4)
L 12/29/2025 - 19:36:26: [SM] Blaming: ÒankrunFixhealth.smx
L 12/29/2025 - 19:36:26: [SM] Call stack trace:
L 12/29/2025 - 19:36:26: [SM]   [0] GetConVarString
L 12/29/2025 - 19:36:26: [SM]   [1] Line 138, C:\Users\Moises\Downloads\Compressed\sourcemod-1.11.0-git6968-windows\addons\sourcemod\scripting\ÒankrunFixhealth.sp::IsTankRunActive
L 12/29/2025 - 19:36:26: [SM]   [2] Line 79, C:\Users\Moises\Downloads\Compressed\sourcemod-1.11.0-git6968-windows\addons\sourcemod\scripting\ÒankrunFixhealth.sp::Event_PlayerDeath
L 12/29/2025 - 19:36:26: [SM] Exception reported: Invalid convar handle 0 (error 4)
L 12/29/2025 - 19:36:26: [SM] Blaming: ÒankrunFixhealth.smx
L 12/29/2025 - 19:36:26: [SM] Call stack trace:
L 12/29/2025 - 19:36:26: [SM]   [0] GetConVarString
L 12/29/2025 - 19:36:26: [SM]   [1] Line 138, C:\Users\Moises\Downloads\Compressed\sourcemod-1.11.0-git6968-windows\addons\sourcemod\scripting\ÒankrunFixhealth.sp::IsTankRunActive
L 12/29/2025 - 19:36:26: [SM]   [2] Line 36, C:\Users\Moises\Downloads\Compressed\sourcemod-1.11.0-git6968-windows\addons\sourcemod\scripting\ÒankrunFixhealth.sp::Timer_PeriodicCheck
L 12/29/2025 - 19:36:28: [SM] Exception reported: Invalid timer handle 3900043f (error 3)
L 12/29/2025 - 19:36:28: [SM] Blaming: l4d2_playerjoining_v2.smx
L 12/29/2025 - 19:36:28: [SM] Call stack trace:
L 12/29/2025 - 19:36:28: [SM]   [0] KillTimer
L 12/29/2025 - 19:36:28: [SM]   [1] Line 53, C:\Users\Moises\Downloads\Compressed\sourcemod-1.11.0-git6968-windows\addons\sourcemod\scripting\l4d2_playerjoining_v2.sp::OnClientDisconnect
L 12/29/2025 - 19:36:28: [SM] Exception reported: Invalid timer handle c1000499 (error 3)
L 12/29/2025 - 19:36:28: [SM] Blaming: l4d2_playerjoining_v2.smx
L 12/29/2025 - 19:36:28: [SM] Call stack trace:
L 12/29/2025 - 19:36:28: [SM]   [0] KillTimer
L 12/29/2025 - 19:36:28: [SM]   [1] Line 53, C:\Users\Moises\Downloads\Compressed\sourcemod-1.11.0-git6968-windows\addons\sourcemod\scripting\l4d2_playerjoining_v2.sp::OnClientDisconnect
L 12/29/2025 - 19:36:32: [SM] Exception reported: Invalid timer handle 4ab00447 (error 3)
L 12/29/2025 - 19:36:32: [SM] Blaming: l4d2_playerjoining_v2.smx
L 12/29/2025 - 19:36:32: [SM] Call stack trace:
L 12/29/2025 - 19:36:32: [SM]   [0] KillTimer
L 12/29/2025 - 19:36:32: [SM]   [1] Line 53, C:\Users\Moises\Downloads\Compressed\sourcemod-1.11.0-git6968-windows\addons\sourcemod\scripting\l4d2_playerjoining_v2.sp::OnClientDisconnect
L 12/29/2025 - 19:36:33: [SM] Exception reported: Invalid timer handle f4c0047d (error 1)
L 12/29/2025 - 19:36:33: [SM] Blaming: l4d2_playerjoining_v2.smx
L 12/29/2025 - 19:36:33: [SM] Call stack trace:
L 12/29/2025 - 19:36:33: [SM]   [0] KillTimer
L 12/29/2025 - 19:36:33: [SM]   [1] Line 53, C:\Users\Moises\Downloads\Compressed\sourcemod-1.11.0-git6968-windows\addons\sourcemod\scripting\l4d2_playerjoining_v2.sp::OnClientDisconnect
L 12/29/2025 - 19:36:35: [SM] Exception reported: Language phrase "Type in chat !join To join the survivors" not found (arg 6)
L 12/29/2025 - 19:36:35: [SM] Blaming: l4dmultislots.smx
L 12/29/2025 - 19:36:35: [SM] Call stack trace:
L 12/29/2025 - 19:36:35: [SM]   [0] VFormat
L 12/29/2025 - 19:36:35: [SM]   [1] Line 71, D:\Github\Private-Work\L4D2-Êèí‰ª∂\scripting_1.11\include\multicolors.inc::CPrintToChat
L 12/29/2025 - 19:36:35: [SM]   [2] Line 938, d:\Github\Private-Work\L4D2-Êèí‰ª∂\scripting_1.11\l4dmultislots.sp::Timer_SpecCheck
L 12/29/2025 - 19:36:36: [SM] Exception reported: Invalid convar handle 0 (error 4)
L 12/29/2025 - 19:36:36: [SM] Blaming: ÒankrunFixhealth.smx
L 12/29/2025 - 19:36:36: [SM] Call stack trace:
L 12/29/2025 - 19:36:36: [SM]   [0] GetConVarString
L 12/29/2025 - 19:36:36: [SM]   [1] Line 138, C:\Users\Moises\Downloads\Compressed\sourcemod-1.11.0-git6968-windows\addons\sourcemod\scripting\ÒankrunFixhealth.sp::IsTankRunActive
L 12/29/2025 - 19:36:36: [SM]   [2] Line 36, C:\Users\Moises\Downloads\Compressed\sourcemod-1.11.0-git6968-windows\addons\sourcemod\scripting\ÒankrunFixhealth.sp::Timer_PeriodicCheck
L 12/29/2025 - 19:36:46: [SM] Exception reported: Invalid convar handle 0 (error 4)
L 12/29/2025 - 19:36:46: [SM] Blaming: ÒankrunFixhealth.smx
L 12/29/2025 - 19:36:46: [SM] Call stack trace:
L 12/29/2025 - 19:36:46: [SM]   [0] GetConVarString
L 12/29/2025 - 19:36:46: [SM]   [1] Line 138, C:\Users\Moises\Downloads\Compressed\sourcemod-1.11.0-git6968-windows\addons\sourcemod\scripting\ÒankrunFixhealth.sp::IsTankRunActive
L 12/29/2025 - 19:36:46: [SM]   [2] Line 79, C:\Users\Moises\Downloads\Compressed\sourcemod-1.11.0-git6968-windows\addons\sourcemod\scripting\ÒankrunFixhealth.sp::Event_PlayerDeath
L 12/29/2025 - 19:36:46: [SM] Exception reported: Invalid convar handle 0 (error 4)
L 12/29/2025 - 19:36:46: [SM] Blaming: ÒankrunFixhealth.smx
L 12/29/2025 - 19:36:46: [SM] Call stack trace:
L 12/29/2025 - 19:36:46: [SM]   [0] GetConVarString
L 12/29/2025 - 19:36:46: [SM]   [1] Line 138, C:\Users\Moises\Downloads\Compressed\sourcemod-1.11.0-git6968-windows\addons\sourcemod\scripting\ÒankrunFixhealth.sp::IsTankRunActive
L 12/29/2025 - 19:36:46: [SM]   [2] Line 36, C:\Users\Moises\Downloads\Compressed\sourcemod-1.11.0-git6968-windows\addons\sourcemod\scripting\ÒankrunFixhealth.sp::Timer_PeriodicCheck
L 12/29/2025 - 19:36:56: [SM] Exception reported: Invalid convar handle 0 (error 4)
L 12/29/2025 - 19:36:56: [SM] Blaming: ÒankrunFixhealth.smx
L 12/29/2025 - 19:36:56: [SM] Call stack trace:
L 12/29/2025 - 19:36:56: [SM]   [0] GetConVarString
L 12/29/2025 - 19:36:56: [SM]   [1] Line 138, C:\Users\Moises\Downloads\Compressed\sourcemod-1.11.0-git6968-windows\addons\sourcemod\scripting\ÒankrunFixhealth.sp::IsTankRunActive
L 12/29/2025 - 19:36:56: [SM]   [2] Line 36, C:\Users\Moises\Downloads\Compressed\sourcemod-1.11.0-git6968-windows\addons\sourcemod\scripting\ÒankrunFixhealth.sp::Timer_PeriodicCheck
L 12/29/2025 - 19:37:00: [SM] Exception reported: Language phrase "Type in chat !join To join the survivors" not found (arg 6)
L 12/29/2025 - 19:37:00: [SM] Blaming: l4dmultislots.smx
L 12/29/2025 - 19:37:00: [SM] Call stack trace:
L 12/29/2025 - 19:37:00: [SM]   [0] VFormat
L 12/29/2025 - 19:37:00: [SM]   [1] Line 71, D:\Github\Private-Work\L4D2-Êèí‰ª∂\scripting_1.11\include\multicolors.inc::CPrintToChat
L 12/29/2025 - 19:37:00: [SM]   [2] Line 938, d:\Github\Private-Work\L4D2-Êèí‰ª∂\scripting_1.11\l4dmultislots.sp::Timer_SpecCheck
L 12/29/2025 - 19:37:02: [SM] Exception reported: Invalid convar handle 0 (error 4)
L 12/29/2025 - 19:37:02: [SM] Blaming: ÒankrunFixhealth.smx
L 12/29/2025 - 19:37:02: [SM] Call stack trace:
L 12/29/2025 - 19:37:02: [SM]   [0] GetConVarString
L 12/29/2025 - 19:37:02: [SM]   [1] Line 138, C:\Users\Moises\Downloads\Compressed\sourcemod-1.11.0-git6968-windows\addons\sourcemod\scripting\ÒankrunFixhealth.sp::IsTankRunActive
L 12/29/2025 - 19:37:02: [SM]   [2] Line 79, C:\Users\Moises\Downloads\Compressed\sourcemod-1.11.0-git6968-windows\addons\sourcemod\scripting\ÒankrunFixhealth.sp::Event_PlayerDeath
L 12/29/2025 - 19:37:06: [SM] Exception reported: Invalid convar handle 0 (error 4)
L 12/29/2025 - 19:37:06: [SM] Blaming: ÒankrunFixhealth.smx
L 12/29/2025 - 19:37:06: [SM] Call stack trace:
L 12/29/2025 - 19:37:06: [SM]   [0] GetConVarString
L 12/29/2025 - 19:37:06: [SM]   [1] Line 138, C:\Users\Moises\Downloads\Compressed\sourcemod-1.11.0-git6968-windows\addons\sourcemod\scripting\ÒankrunFixhealth.sp::IsTankRunActive
L 12/29/2025 - 19:37:06: [SM]   [2] Line 36, C:\Users\Moises\Downloads\Compressed\sourcemod-1.11.0-git6968-windows\addons\sourcemod\scripting\ÒankrunFixhealth.sp::Timer_PeriodicCheck
L 12/29/2025 - 19:37:07: [SM] Exception reported: Invalid convar handle 0 (error 4)
L 12/29/2025 - 19:37:07: [SM] Blaming: ÒankrunFixhealth.smx
L 12/29/2025 - 19:37:07: [SM] Call stack trace:
L 12/29/2025 - 19:37:07: [SM]   [0] GetConVarString
L 12/29/2025 - 19:37:07: [SM]   [1] Line 138, C:\Users\Moises\Downloads\Compressed\sourcemod-1.11.0-git6968-windows\addons\sourcemod\scripting\ÒankrunFixhealth.sp::IsTankRunActive
L 12/29/2025 - 19:37:07: [SM]   [2] Line 79, C:\Users\Moises\Downloads\Compressed\sourcemod-1.11.0-git6968-windows\addons\sourcemod\scripting\ÒankrunFixhealth.sp::Event_PlayerDeath
L 12/29/2025 - 19:37:16: [SM] Exception reported: Invalid convar handle 0 (error 4)
L 12/29/2025 - 19:37:16: [SM] Blaming: ÒankrunFixhealth.smx
L 12/29/2025 - 19:37:16: [SM] Call stack trace:
L 12/29/2025 - 19:37:16: [SM]   [0] GetConVarString
L 12/29/2025 - 19:37:16: [SM]   [1] Line 138, C:\Users\Moises\Downloads\Compressed\sourcemod-1.11.0-git6968-windows\addons\sourcemod\scripting\ÒankrunFixhealth.sp::IsTankRunActive
L 12/29/2025 - 19:37:16: [SM]   [2] Line 36, C:\Users\Moises\Downloads\Compressed\sourcemod-1.11.0-git6968-windows\addons\sourcemod\scripting\ÒankrunFixhealth.sp::Timer_PeriodicCheck
L 12/29/2025 - 19:37:18: [SM] Exception reported: Invalid timer handle 4ab00447 (error 1)
L 12/29/2025 - 19:37:18: [SM] Blaming: l4d2_playerjoining_v2.smx
L 12/29/2025 - 19:37:18: [SM] Call stack trace:
L 12/29/2025 - 19:37:18: [SM]   [0] KillTimer
L 12/29/2025 - 19:37:18: [SM]   [1] Line 53, C:\Users\Moises\Downloads\Compressed\sourcemod-1.11.0-git6968-windows\addons\sourcemod\scripting\l4d2_playerjoining_v2.sp::OnClientDisconnect
L 12/29/2025 - 19:37:25: [SM] Exception reported: Language phrase "Type in chat !join To join the survivors" not found (arg 6)
L 12/29/2025 - 19:37:25: [SM] Blaming: l4dmultislots.smx
L 12/29/2025 - 19:37:25: [SM] Call stack trace:
L 12/29/2025 - 19:37:25: [SM]   [0] VFormat
L 12/29/2025 - 19:37:25: [SM]   [1] Line 71, D:\Github\Private-Work\L4D2-Êèí‰ª∂\scripting_1.11\include\multicolors.inc::CPrintToChat
L 12/29/2025 - 19:37:25: [SM]   [2] Line 938, d:\Github\Private-Work\L4D2-Êèí‰ª∂\scripting_1.11\l4dmultislots.sp::Timer_SpecCheck
L 12/29/2025 - 19:37:26: [SM] Exception reported: Invalid convar handle 0 (error 4)
L 12/29/2025 - 19:37:26: [SM] Blaming: ÒankrunFixhealth.smx
L 12/29/2025 - 19:37:26: [SM] Call stack trace:
L 12/29/2025 - 19:37:26: [SM]   [0] GetConVarString
L 12/29/2025 - 19:37:26: [SM]   [1] Line 138, C:\Users\Moises\Downloads\Compressed\sourcemod-1.11.0-git6968-windows\addons\sourcemod\scripting\ÒankrunFixhealth.sp::IsTankRunActive
L 12/29/2025 - 19:37:26: [SM]   [2] Line 36, C:\Users\Moises\Downloads\Compressed\sourcemod-1.11.0-git6968-windows\addons\sourcemod\scripting\ÒankrunFixhealth.sp::Timer_PeriodicCheck
L 12/29/2025 - 19:37:32: [SM] Exception reported: Invalid convar handle 0 (error 4)
L 12/29/2025 - 19:37:32: [SM] Blaming: ÒankrunFixhealth.smx
L 12/29/2025 - 19:37:32: [SM] Call stack trace:
L 12/29/2025 - 19:37:32: [SM]   [0] GetConVarString
L 12/29/2025 - 19:37:32: [SM]   [1] Line 138, C:\Users\Moises\Downloads\Compressed\sourcemod-1.11.0-git6968-windows\addons\sourcemod\scripting\ÒankrunFixhealth.sp::IsTankRunActive
L 12/29/2025 - 19:37:32: [SM]   [2] Line 79, C:\Users\Moises\Downloads\Compressed\sourcemod-1.11.0-git6968-windows\addons\sourcemod\scripting\ÒankrunFixhealth.sp::Event_PlayerDeath
L 12/29/2025 - 19:37:36: [SM] Exception reported: Invalid convar handle 0 (error 4)
L 12/29/2025 - 19:37:36: [SM] Blaming: ÒankrunFixhealth.smx
L 12/29/2025 - 19:37:36: [SM] Call stack trace:
L 12/29/2025 - 19:37:36: [SM]   [0] GetConVarString
L 12/29/2025 - 19:37:36: [SM]   [1] Line 138, C:\Users\Moises\Downloads\Compressed\sourcemod-1.11.0-git6968-windows\addons\sourcemod\scripting\ÒankrunFixhealth.sp::IsTankRunActive
L 12/29/2025 - 19:37:36: [SM]   [2] Line 36, C:\Users\Moises\Downloads\Compressed\sourcemod-1.11.0-git6968-windows\addons\sourcemod\scripting\ÒankrunFixhealth.sp::Timer_PeriodicCheck
L 12/29/2025 - 19:37:42: [SM] Exception reported: Invalid convar handle 0 (error 4)
L 12/29/2025 - 19:37:42: [SM] Blaming: ÒankrunFixhealth.smx
L 12/29/2025 - 19:37:42: [SM] Call stack trace:
L 12/29/2025 - 19:37:42: [SM]   [0] GetConVarString
L 12/29/2025 - 19:37:42: [SM]   [1] Line 138, C:\Users\Moises\Downloads\Compressed\sourcemod-1.11.0-git6968-windows\addons\sourcemod\scripting\ÒankrunFixhealth.sp::IsTankRunActive
L 12/29/2025 - 19:37:42: [SM]   [2] Line 79, C:\Users\Moises\Downloads\Compressed\sourcemod-1.11.0-git6968-windows\addons\sourcemod\scripting\ÒankrunFixhealth.sp::Event_PlayerDeath
L 12/29/2025 - 19:37:42: [SM] Exception reported: Invalid convar handle 0 (error 4)
L 12/29/2025 - 19:37:42: [SM] Blaming: ÒankrunFixhealth.smx
L 12/29/2025 - 19:37:42: [SM] Call stack trace:
L 12/29/2025 - 19:37:42: [SM]   [0] GetConVarString
L 12/29/2025 - 19:37:42: [SM]   [1] Line 138, C:\Users\Moises\Downloads\Compressed\sourcemod-1.11.0-git6968-windows\addons\sourcemod\scripting\ÒankrunFixhealth.sp::IsTankRunActive
L 12/29/2025 - 19:37:42: [SM]   [2] Line 79, C:\Users\Moises\Downloads\Compressed\sourcemod-1.11.0-git6968-windows\addons\sourcemod\scripting\ÒankrunFixhealth.sp::Event_PlayerDeath
L 12/29/2025 - 19:37:46: [SM] Exception reported: Invalid convar handle 0 (error 4)
L 12/29/2025 - 19:37:46: [SM] Blaming: ÒankrunFixhealth.smx
L 12/29/2025 - 19:37:46: [SM] Call stack trace:
L 12/29/2025 - 19:37:46: [SM]   [0] GetConVarString
L 12/29/2025 - 19:37:46: [SM]   [1] Line 138, C:\Users\Moises\Downloads\Compressed\sourcemod-1.11.0-git6968-windows\addons\sourcemod\scripting\ÒankrunFixhealth.sp::IsTankRunActive
L 12/29/2025 - 19:37:46: [SM]   [2] Line 79, C:\Users\Moises\Downloads\Compressed\sourcemod-1.11.0-git6968-windows\addons\sourcemod\scripting\ÒankrunFixhealth.sp::Event_PlayerDeath
L 12/29/2025 - 19:37:46: [SM] Exception reported: Invalid convar handle 0 (error 4)
L 12/29/2025 - 19:37:46: [SM] Blaming: ÒankrunFixhealth.smx
L 12/29/2025 - 19:37:46: [SM] Call stack trace:
L 12/29/2025 - 19:37:46: [SM]   [0] GetConVarString
L 12/29/2025 - 19:37:46: [SM]   [1] Line 138, C:\Users\Moises\Downloads\Compressed\sourcemod-1.11.0-git6968-windows\addons\sourcemod\scripting\ÒankrunFixhealth.sp::IsTankRunActive
L 12/29/2025 - 19:37:46: [SM]   [2] Line 36, C:\Users\Moises\Downloads\Compressed\sourcemod-1.11.0-git6968-windows\addons\sourcemod\scripting\ÒankrunFixhealth.sp::Timer_PeriodicCheck
L 12/29/2025 - 19:37:47: [SM] Exception reported: Invalid convar handle 0 (error 4)
L 12/29/2025 - 19:37:47: [SM] Blaming: ÒankrunFixhealth.smx
L 12/29/2025 - 19:37:47: [SM] Call stack trace:
L 12/29/2025 - 19:37:47: [SM]   [0] GetConVarString
L 12/29/2025 - 19:37:47: [SM]   [1] Line 138, C:\Users\Moises\Downloads\Compressed\sourcemod-1.11.0-git6968-windows\addons\sourcemod\scripting\ÒankrunFixhealth.sp::IsTankRunActive
L 12/29/2025 - 19:37:47: [SM]   [2] Line 79, C:\Users\Moises\Downloads\Compressed\sourcemod-1.11.0-git6968-windows\addons\sourcemod\scripting\ÒankrunFixhealth.sp::Event_PlayerDeath
L 12/29/2025 - 19:37:47: [SM]   [4] SDKHooks_TakeDamage
L 12/29/2025 - 19:37:47: [SM]   [5] Line 348, D:\SteamLibrary\steamapps\common\Left 4 Dead 2\left4dead2\addons\sourcemod\scripting\l4d_tank_props_rock_v2.sp::SurvivorReaction
L 12/29/2025 - 19:37:47: [SM]   [6] Line 287, D:\SteamLibrary\steamapps\common\Left 4 Dead 2\left4dead2\addons\sourcemod\scripting\l4d_tank_props_rock_v2.sp::MiniExplosion
L 12/29/2025 - 19:37:47: [SM]   [7] Line 371, D:\SteamLibrary\steamapps\common\Left 4 Dead 2\left4dead2\addons\sourcemod\scripting\l4d_tank_props_rock_v2.sp::Player_Hurt
L 12/29/2025 - 19:37:48: [SM] Exception reported: Invalid convar handle 0 (error 4)
L 12/29/2025 - 19:37:48: [SM] Blaming: ÒankrunFixhealth.smx
L 12/29/2025 - 19:37:48: [SM] Call stack trace:
L 12/29/2025 - 19:37:48: [SM]   [0] GetConVarString
L 12/29/2025 - 19:37:48: [SM]   [1] Line 138, C:\Users\Moises\Downloads\Compressed\sourcemod-1.11.0-git6968-windows\addons\sourcemod\scripting\ÒankrunFixhealth.sp::IsTankRunActive
L 12/29/2025 - 19:37:48: [SM]   [2] Line 91, C:\Users\Moises\Downloads\Compressed\sourcemod-1.11.0-git6968-windows\addons\sourcemod\scripting\ÒankrunFixhealth.sp::Event_MissionLost
L 12/29/2025 - 19:37:49: [SM] Exception reported: Invalid timer handle 3900043f (error 3)
L 12/29/2025 - 19:37:49: [SM] Blaming: l4d2_playerjoining_v2.smx
L 12/29/2025 - 19:37:49: [SM] Call stack trace:
L 12/29/2025 - 19:37:49: [SM]   [0] KillTimer
L 12/29/2025 - 19:37:49: [SM]   [1] Line 53, C:\Users\Moises\Downloads\Compressed\sourcemod-1.11.0-git6968-windows\addons\sourcemod\scripting\l4d2_playerjoining_v2.sp::OnClientDisconnect
L 12/29/2025 - 19:37:53: [SM] Exception reported: Invalid timer handle f4c0047d (error 1)
L 12/29/2025 - 19:37:53: [SM] Blaming: l4d2_playerjoining_v2.smx
L 12/29/2025 - 19:37:53: [SM] Call stack trace:
L 12/29/2025 - 19:37:53: [SM]   [0] KillTimer
L 12/29/2025 - 19:37:53: [SM]   [1] Line 53, C:\Users\Moises\Downloads\Compressed\sourcemod-1.11.0-git6968-windows\addons\sourcemod\scripting\l4d2_playerjoining_v2.sp::OnClientDisconnect
L 12/29/2025 - 19:37:55: [SM] Exception reported: Invalid convar handle 0 (error 4)
L 12/29/2025 - 19:37:55: [SM] Blaming: ÒankrunFixhealth.smx
L 12/29/2025 - 19:37:55: [SM] Call stack trace:
L 12/29/2025 - 19:37:55: [SM]   [0] GetConVarString
L 12/29/2025 - 19:37:55: [SM]   [1] Line 138, C:\Users\Moises\Downloads\Compressed\sourcemod-1.11.0-git6968-windows\addons\sourcemod\scripting\ÒankrunFixhealth.sp::IsTankRunActive
L 12/29/2025 - 19:37:55: [SM]   [2] Line 54, C:\Users\Moises\Downloads\Compressed\sourcemod-1.11.0-git6968-windows\addons\sourcemod\scripting\ÒankrunFixhealth.sp::Event_RoundStart
L 12/29/2025 - 19:37:55: [SM] Exception reported: Invalid timer handle c1000499 (error 1)
L 12/29/2025 - 19:37:55: [SM] Blaming: l4d2_playerjoining_v2.smx
L 12/29/2025 - 19:37:55: [SM] Call stack trace:
L 12/29/2025 - 19:37:55: [SM]   [0] KillTimer
L 12/29/2025 - 19:37:55: [SM]   [1] Line 53, C:\Users\Moises\Downloads\Compressed\sourcemod-1.11.0-git6968-windows\addons\sourcemod\scripting\l4d2_playerjoining_v2.sp::OnClientDisconnect
L 12/29/2025 - 19:37:55: [SM] Exception reported: Invalid timer handle 4ab00447 (error 1)
L 12/29/2025 - 19:37:55: [SM] Blaming: l4d2_playerjoining_v2.smx
L 12/29/2025 - 19:37:55: [SM] Call stack trace:
L 12/29/2025 - 19:37:55: [SM]   [0] KillTimer
L 12/29/2025 - 19:37:55: [SM]   [1] Line 53, C:\Users\Moises\Downloads\Compressed\sourcemod-1.11.0-git6968-windows\addons\sourcemod\scripting\l4d2_playerjoining_v2.sp::OnClientDisconnect
L 12/29/2025 - 19:37:56: [SM] Exception reported: Invalid convar handle 0 (error 4)
L 12/29/2025 - 19:37:56: [SM] Blaming: ÒankrunFixhealth.smx
L 12/29/2025 - 19:37:56: [SM] Call stack trace:
L 12/29/2025 - 19:37:56: [SM]   [0] GetConVarString
L 12/29/2025 - 19:37:56: [SM]   [1] Line 138, C:\Users\Moises\Downloads\Compressed\sourcemod-1.11.0-git6968-windows\addons\sourcemod\scripting\ÒankrunFixhealth.sp::IsTankRunActive
L 12/29/2025 - 19:37:56: [SM]   [2] Line 36, C:\Users\Moises\Downloads\Compressed\sourcemod-1.11.0-git6968-windows\addons\sourcemod\scripting\ÒankrunFixhealth.sp::Timer_PeriodicCheck
L 12/29/2025 - 19:38:06: [SM] Exception reported: Invalid convar handle 0 (error 4)
L 12/29/2025 - 19:38:06: [SM] Blaming: ÒankrunFixhealth.smx
L 12/29/2025 - 19:38:06: [SM] Call stack trace:
L 12/29/2025 - 19:38:06: [SM]   [0] GetConVarString
L 12/29/2025 - 19:38:06: [SM]   [1] Line 138, C:\Users\Moises\Downloads\Compressed\sourcemod-1.11.0-git6968-windows\addons\sourcemod\scripting\ÒankrunFixhealth.sp::IsTankRunActive
L 12/29/2025 - 19:38:06: [SM]   [2] Line 36, C:\Users\Moises\Downloads\Compressed\sourcemod-1.11.0-git6968-windows\addons\sourcemod\scripting\ÒankrunFixhealth.sp::Timer_PeriodicCheck
L 12/29/2025 - 19:38:16: [SM] Exception reported: Invalid convar handle 0 (error 4)
L 12/29/2025 - 19:38:16: [SM] Blaming: ÒankrunFixhealth.smx
L 12/29/2025 - 19:38:16: [SM] Call stack trace:
L 12/29/2025 - 19:38:16: [SM]   [0] GetConVarString
L 12/29/2025 - 19:38:16: [SM]   [1] Line 138, C:\Users\Moises\Downloads\Compressed\sourcemod-1.11.0-git6968-windows\addons\sourcemod\scripting\ÒankrunFixhealth.sp::IsTankRunActive
L 12/29/2025 - 19:38:16: [SM]   [2] Line 36, C:\Users\Moises\Downloads\Compressed\sourcemod-1.11.0-git6968-windows\addons\sourcemod\scripting\ÒankrunFixhealth.sp::Timer_PeriodicCheck
L 12/29/2025 - 19:38:20: [SM] Exception reported: Language phrase "Type in chat !join To join the survivors" not found (arg 6)
L 12/29/2025 - 19:38:20: [SM] Blaming: l4dmultislots.smx
L 12/29/2025 - 19:38:20: [SM] Call stack trace:
L 12/29/2025 - 19:38:20: [SM]   [0] VFormat
L 12/29/2025 - 19:38:20: [SM]   [1] Line 71, D:\Github\Private-Work\L4D2-Êèí‰ª∂\scripting_1.11\include\multicolors.inc::CPrintToChat
L 12/29/2025 - 19:38:20: [SM]   [2] Line 938, d:\Github\Private-Work\L4D2-Êèí‰ª∂\scripting_1.11\l4dmultislots.sp::Timer_SpecCheck
L 12/29/2025 - 19:38:26: [SM] Exception reported: Invalid convar handle 0 (error 4)
L 12/29/2025 - 19:38:26: [SM] Blaming: ÒankrunFixhealth.smx
L 12/29/2025 - 19:38:26: [SM] Call stack trace:
L 12/29/2025 - 19:38:26: [SM]   [0] GetConVarString
L 12/29/2025 - 19:38:26: [SM]   [1] Line 138, C:\Users\Moises\Downloads\Compressed\sourcemod-1.11.0-git6968-windows\addons\sourcemod\scripting\ÒankrunFixhealth.sp::IsTankRunActive
L 12/29/2025 - 19:38:26: [SM]   [2] Line 36, C:\Users\Moises\Downloads\Compressed\sourcemod-1.11.0-git6968-windows\addons\sourcemod\scripting\ÒankrunFixhealth.sp::Timer_PeriodicCheck
L 12/29/2025 - 19:38:36: [SM] Exception reported: Invalid convar handle 0 (error 4)
L 12/29/2025 - 19:38:36: [SM] Blaming: ÒankrunFixhealth.smx
L 12/29/2025 - 19:38:36: [SM] Call stack trace:
L 12/29/2025 - 19:38:36: [SM]   [0] GetConVarString
L 12/29/2025 - 19:38:36: [SM]   [1] Line 138, C:\Users\Moises\Downloads\Compressed\sourcemod-1.11.0-git6968-windows\addons\sourcemod\scripting\ÒankrunFixhealth.sp::IsTankRunActive
L 12/29/2025 - 19:38:36: [SM]   [2] Line 36, C:\Users\Moises\Downloads\Compressed\sourcemod-1.11.0-git6968-windows\addons\sourcemod\scripting\ÒankrunFixhealth.sp::Timer_PeriodicCheck
L 12/29/2025 - 19:38:40: [SM] Exception reported: Invalid convar handle 0 (error 4)
L 12/29/2025 - 19:38:40: [SM] Blaming: ÒankrunFixhealth.smx
L 12/29/2025 - 19:38:40: [SM] Call stack trace:
L 12/29/2025 - 19:38:40: [SM]   [0] GetConVarString
L 12/29/2025 - 19:38:40: [SM]   [1] Line 138, C:\Users\Moises\Downloads\Compressed\sourcemod-1.11.0-git6968-windows\addons\sourcemod\scripting\ÒankrunFixhealth.sp::IsTankRunActive
L 12/29/2025 - 19:38:40: [SM]   [2] Line 79, C:\Users\Moises\Downloads\Compressed\sourcemod-1.11.0-git6968-windows\addons\sourcemod\scripting\ÒankrunFixhealth.sp::Event_PlayerDeath
L 12/29/2025 - 19:38:45: [SM] Exception reported: Language phrase "Type in chat !join To join the survivors" not found (arg 6)
L 12/29/2025 - 19:38:45: [SM] Blaming: l4dmultislots.smx
L 12/29/2025 - 19:38:45: [SM] Call stack trace:
L 12/29/2025 - 19:38:45: [SM]   [0] VFormat
L 12/29/2025 - 19:38:45: [SM]   [1] Line 71, D:\Github\Private-Work\L4D2-Êèí‰ª∂\scripting_1.11\include\multicolors.inc::CPrintToChat
L 12/29/2025 - 19:38:45: [SM]   [2] Line 938, d:\Github\Private-Work\L4D2-Êèí‰ª∂\scripting_1.11\l4dmultislots.sp::Timer_SpecCheck
L 12/29/2025 - 19:38:46: [SM] Exception reported: Invalid convar handle 0 (error 4)
L 12/29/2025 - 19:38:46: [SM] Blaming: ÒankrunFixhealth.smx
L 12/29/2025 - 19:38:46: [SM] Call stack trace:
L 12/29/2025 - 19:38:46: [SM]   [0] GetConVarString
L 12/29/2025 - 19:38:46: [SM]   [1] Line 138, C:\Users\Moises\Downloads\Compressed\sourcemod-1.11.0-git6968-windows\addons\sourcemod\scripting\ÒankrunFixhealth.sp::IsTankRunActive
L 12/29/2025 - 19:38:46: [SM]   [2] Line 36, C:\Users\Moises\Downloads\Compressed\sourcemod-1.11.0-git6968-windows\addons\sourcemod\scripting\ÒankrunFixhealth.sp::Timer_PeriodicCheck
L 12/29/2025 - 19:38:47: [SM] Exception reported: Invalid timer handle 3900043f (error 3)
L 12/29/2025 - 19:38:47: [SM] Blaming: l4d2_playerjoining_v2.smx
L 12/29/2025 - 19:38:47: [SM] Call stack trace:
L 12/29/2025 - 19:38:47: [SM]   [0] KillTimer
L 12/29/2025 - 19:38:47: [SM]   [1] Line 53, C:\Users\Moises\Downloads\Compressed\sourcemod-1.11.0-git6968-windows\addons\sourcemod\scripting\l4d2_playerjoining_v2.sp::OnClientDisconnect
L 12/29/2025 - 19:38:56: [SM] Exception reported: Invalid convar handle 0 (error 4)
L 12/29/2025 - 19:38:56: [SM] Blaming: ÒankrunFixhealth.smx
L 12/29/2025 - 19:38:56: [SM] Call stack trace:
L 12/29/2025 - 19:38:56: [SM]   [0] GetConVarString
L 12/29/2025 - 19:38:56: [SM]   [1] Line 138, C:\Users\Moises\Downloads\Compressed\sourcemod-1.11.0-git6968-windows\addons\sourcemod\scripting\ÒankrunFixhealth.sp::IsTankRunActive
L 12/29/2025 - 19:38:56: [SM]   [2] Line 36, C:\Users\Moises\Downloads\Compressed\sourcemod-1.11.0-git6968-windows\addons\sourcemod\scripting\ÒankrunFixhealth.sp::Timer_PeriodicCheck
L 12/29/2025 - 19:39:03: [SM] Exception reported: Invalid convar handle 0 (error 4)
L 12/29/2025 - 19:39:03: [SM] Blaming: ÒankrunFixhealth.smx
L 12/29/2025 - 19:39:03: [SM] Call stack trace:
L 12/29/2025 - 19:39:03: [SM]   [0] GetConVarString
L 12/29/2025 - 19:39:03: [SM]   [1] Line 138, C:\Users\Moises\Downloads\Compressed\sourcemod-1.11.0-git6968-windows\addons\sourcemod\scripting\ÒankrunFixhealth.sp::IsTankRunActive
L 12/29/2025 - 19:39:03: [SM]   [2] Line 79, C:\Users\Moises\Downloads\Compressed\sourcemod-1.11.0-git6968-windows\addons\sourcemod\scripting\ÒankrunFixhealth.sp::Event_PlayerDeath
L 12/29/2025 - 19:39:06: [SM] Exception reported: Invalid convar handle 0 (error 4)
L 12/29/2025 - 19:39:06: [SM] Blaming: ÒankrunFixhealth.smx
L 12/29/2025 - 19:39:06: [SM] Call stack trace:
L 12/29/2025 - 19:39:06: [SM]   [0] GetConVarString
L 12/29/2025 - 19:39:06: [SM]   [1] Line 138, C:\Users\Moises\Downloads\Compressed\sourcemod-1.11.0-git6968-windows\addons\sourcemod\scripting\ÒankrunFixhealth.sp::IsTankRunActive
L 12/29/2025 - 19:39:06: [SM]   [2] Line 36, C:\Users\Moises\Downloads\Compressed\sourcemod-1.11.0-git6968-windows\addons\sourcemod\scripting\ÒankrunFixhealth.sp::Timer_PeriodicCheck
L 12/29/2025 - 19:39:10: [SM] Exception reported: Language phrase "Type in chat !join To join the survivors" not found (arg 6)
L 12/29/2025 - 19:39:10: [SM] Blaming: l4dmultislots.smx
L 12/29/2025 - 19:39:10: [SM] Call stack trace:
L 12/29/2025 - 19:39:10: [SM]   [0] VFormat
L 12/29/2025 - 19:39:10: [SM]   [1] Line 71, D:\Github\Private-Work\L4D2-Êèí‰ª∂\scripting_1.11\include\multicolors.inc::CPrintToChat
L 12/29/2025 - 19:39:10: [SM]   [2] Line 938, d:\Github\Private-Work\L4D2-Êèí‰ª∂\scripting_1.11\l4dmultislots.sp::Timer_SpecCheck
L 12/29/2025 - 19:39:15: [SM] Exception reported: Invalid convar handle 0 (error 4)
L 12/29/2025 - 19:39:15: [SM] Blaming: ÒankrunFixhealth.smx
L 12/29/2025 - 19:39:15: [SM] Call stack trace:
L 12/29/2025 - 19:39:15: [SM]   [0] GetConVarString
L 12/29/2025 - 19:39:15: [SM]   [1] Line 138, C:\Users\Moises\Downloads\Compressed\sourcemod-1.11.0-git6968-windows\addons\sourcemod\scripting\ÒankrunFixhealth.sp::IsTankRunActive
L 12/29/2025 - 19:39:15: [SM]   [2] Line 79, C:\Users\Moises\Downloads\Compressed\sourcemod-1.11.0-git6968-windows\addons\sourcemod\scripting\ÒankrunFixhealth.sp::Event_PlayerDeath
L 12/29/2025 - 19:39:16: [SM] Exception reported: Invalid convar handle 0 (error 4)
L 12/29/2025 - 19:39:16: [SM] Blaming: ÒankrunFixhealth.smx
L 12/29/2025 - 19:39:16: [SM] Call stack trace:
L 12/29/2025 - 19:39:16: [SM]   [0] GetConVarString
L 12/29/2025 - 19:39:16: [SM]   [1] Line 138, C:\Users\Moises\Downloads\Compressed\sourcemod-1.11.0-git6968-windows\addons\sourcemod\scripting\ÒankrunFixhealth.sp::IsTankRunActive
L 12/29/2025 - 19:39:16: [SM]   [2] Line 36, C:\Users\Moises\Downloads\Compressed\sourcemod-1.11.0-git6968-windows\addons\sourcemod\scripting\ÒankrunFixhealth.sp::Timer_PeriodicCheck
L 12/29/2025 - 19:39:26: [SM] Exception reported: Invalid convar handle 0 (error 4)
L 12/29/2025 - 19:39:26: [SM] Blaming: ÒankrunFixhealth.smx
L 12/29/2025 - 19:39:26: [SM] Call stack trace:
L 12/29/2025 - 19:39:26: [SM]   [0] GetConVarString
L 12/29/2025 - 19:39:26: [SM]   [1] Line 138, C:\Users\Moises\Downloads\Compressed\sourcemod-1.11.0-git6968-windows\addons\sourcemod\scripting\ÒankrunFixhealth.sp::IsTankRunActive
L 12/29/2025 - 19:39:26: [SM]   [2] Line 36, C:\Users\Moises\Downloads\Compressed\sourcemod-1.11.0-git6968-windows\addons\sourcemod\scripting\ÒankrunFixhealth.sp::Timer_PeriodicCheck
L 12/29/2025 - 19:39:35: [SM] Exception reported: Invalid convar handle 0 (error 4)
L 12/29/2025 - 19:39:35: [SM] Blaming: ÒankrunFixhealth.smx
L 12/29/2025 - 19:39:35: [SM] Call stack trace:
L 12/29/2025 - 19:39:35: [SM]   [0] GetConVarString
L 12/29/2025 - 19:39:35: [SM]   [1] Line 138, C:\Users\Moises\Downloads\Compressed\sourcemod-1.11.0-git6968-windows\addons\sourcemod\scripting\ÒankrunFixhealth.sp::IsTankRunActive
L 12/29/2025 - 19:39:35: [SM]   [2] Line 79, C:\Users\Moises\Downloads\Compressed\sourcemod-1.11.0-git6968-windows\addons\sourcemod\scripting\ÒankrunFixhealth.sp::Event_PlayerDeath
L 12/29/2025 - 19:39:35: [SM] Exception reported: Language phrase "Type in chat !join To join the survivors" not found (arg 6)
L 12/29/2025 - 19:39:35: [SM] Blaming: l4dmultislots.smx
L 12/29/2025 - 19:39:35: [SM] Call stack trace:
L 12/29/2025 - 19:39:35: [SM]   [0] VFormat
L 12/29/2025 - 19:39:35: [SM]   [1] Line 71, D:\Github\Private-Work\L4D2-Êèí‰ª∂\scripting_1.11\include\multicolors.inc::CPrintToChat
L 12/29/2025 - 19:39:35: [SM]   [2] Line 938, d:\Github\Private-Work\L4D2-Êèí‰ª∂\scripting_1.11\l4dmultislots.sp::Timer_SpecCheck
L 12/29/2025 - 19:39:36: [SM] Exception reported: Invalid convar handle 0 (error 4)
L 12/29/2025 - 19:39:36: [SM] Blaming: ÒankrunFixhealth.smx
L 12/29/2025 - 19:39:36: [SM] Call stack trace:
L 12/29/2025 - 19:39:36: [SM]   [0] GetConVarString
L 12/29/2025 - 19:39:36: [SM]   [1] Line 138, C:\Users\Moises\Downloads\Compressed\sourcemod-1.11.0-git6968-windows\addons\sourcemod\scripting\ÒankrunFixhealth.sp::IsTankRunActive
L 12/29/2025 - 19:39:36: [SM]   [2] Line 36, C:\Users\Moises\Downloads\Compressed\sourcemod-1.11.0-git6968-windows\addons\sourcemod\scripting\ÒankrunFixhealth.sp::Timer_PeriodicCheck
L 12/29/2025 - 19:39:46: [SM] Exception reported: Invalid convar handle 0 (error 4)
L 12/29/2025 - 19:39:46: [SM] Blaming: ÒankrunFixhealth.smx
L 12/29/2025 - 19:39:46: [SM] Call stack trace:
L 12/29/2025 - 19:39:46: [SM]   [0] GetConVarString
L 12/29/2025 - 19:39:46: [SM]   [1] Line 138, C:\Users\Moises\Downloads\Compressed\sourcemod-1.11.0-git6968-windows\addons\sourcemod\scripting\ÒankrunFixhealth.sp::IsTankRunActive
L 12/29/2025 - 19:39:46: [SM]   [2] Line 36, C:\Users\Moises\Downloads\Compressed\sourcemod-1.11.0-git6968-windows\addons\sourcemod\scripting\ÒankrunFixhealth.sp::Timer_PeriodicCheck
L 12/29/2025 - 19:39:56: [SM] Exception reported: Invalid convar handle 0 (error 4)
L 12/29/2025 - 19:39:56: [SM] Blaming: ÒankrunFixhealth.smx
L 12/29/2025 - 19:39:56: [SM] Call stack trace:
L 12/29/2025 - 19:39:56: [SM]   [0] GetConVarString
L 12/29/2025 - 19:39:56: [SM]   [1] Line 138, C:\Users\Moises\Downloads\Compressed\sourcemod-1.11.0-git6968-windows\addons\sourcemod\scripting\ÒankrunFixhealth.sp::IsTankRunActive
L 12/29/2025 - 19:39:56: [SM]   [2] Line 36, C:\Users\Moises\Downloads\Compressed\sourcemod-1.11.0-git6968-windows\addons\sourcemod\scripting\ÒankrunFixhealth.sp::Timer_PeriodicCheck
L 12/29/2025 - 19:40:00: [SM] Exception reported: Language phrase "Type in chat !join To join the survivors" not found (arg 6)
L 12/29/2025 - 19:40:00: [SM] Blaming: l4dmultislots.smx
L 12/29/2025 - 19:40:00: [SM] Call stack trace:
L 12/29/2025 - 19:40:00: [SM]   [0] VFormat
L 12/29/2025 - 19:40:00: [SM]   [1] Line 71, D:\Github\Private-Work\L4D2-Êèí‰ª∂\scripting_1.11\include\multicolors.inc::CPrintToChat
L 12/29/2025 - 19:40:00: [SM]   [2] Line 938, d:\Github\Private-Work\L4D2-Êèí‰ª∂\scripting_1.11\l4dmultislots.sp::Timer_SpecCheck
L 12/29/2025 - 19:40:06: [SM] Exception reported: Invalid convar handle 0 (error 4)
L 12/29/2025 - 19:40:06: [SM] Blaming: ÒankrunFixhealth.smx
L 12/29/2025 - 19:40:06: [SM] Call stack trace:
L 12/29/2025 - 19:40:06: [SM]   [0] GetConVarString
L 12/29/2025 - 19:40:06: [SM]   [1] Line 138, C:\Users\Moises\Downloads\Compressed\sourcemod-1.11.0-git6968-windows\addons\sourcemod\scripting\ÒankrunFixhealth.sp::IsTankRunActive
L 12/29/2025 - 19:40:06: [SM]   [2] Line 36, C:\Users\Moises\Downloads\Compressed\sourcemod-1.11.0-git6968-windows\addons\sourcemod\scripting\ÒankrunFixhealth.sp::Timer_PeriodicCheck
L 12/29/2025 - 19:40:16: [SM] Exception reported: Invalid convar handle 0 (error 4)
L 12/29/2025 - 19:40:16: [SM] Blaming: ÒankrunFixhealth.smx
L 12/29/2025 - 19:40:16: [SM] Call stack trace:
L 12/29/2025 - 19:40:16: [SM]   [0] GetConVarString
L 12/29/2025 - 19:40:16: [SM]   [1] Line 138, C:\Users\Moises\Downloads\Compressed\sourcemod-1.11.0-git6968-windows\addons\sourcemod\scripting\ÒankrunFixhealth.sp::IsTankRunActive
L 12/29/2025 - 19:40:16: [SM]   [2] Line 36, C:\Users\Moises\Downloads\Compressed\sourcemod-1.11.0-git6968-windows\addons\sourcemod\scripting\ÒankrunFixhealth.sp::Timer_PeriodicCheck
L 12/29/2025 - 19:40:23: [SM] Exception reported: Invalid convar handle 0 (error 4)
L 12/29/2025 - 19:40:23: [SM] Blaming: ÒankrunFixhealth.smx
L 12/29/2025 - 19:40:23: [SM] Call stack trace:
L 12/29/2025 - 19:40:23: [SM]   [0] GetConVarString
L 12/29/2025 - 19:40:23: [SM]   [1] Line 138, C:\Users\Moises\Downloads\Compressed\sourcemod-1.11.0-git6968-windows\addons\sourcemod\scripting\ÒankrunFixhealth.sp::IsTankRunActive
L 12/29/2025 - 19:40:23: [SM]   [2] Line 79, C:\Users\Moises\Downloads\Compressed\sourcemod-1.11.0-git6968-windows\addons\sourcemod\scripting\ÒankrunFixhealth.sp::Event_PlayerDeath
L 12/29/2025 - 19:40:25: [SM] Exception reported: Language phrase "Type in chat !join To join the survivors" not found (arg 6)
L 12/29/2025 - 19:40:25: [SM] Blaming: l4dmultislots.smx
L 12/29/2025 - 19:40:25: [SM] Call stack trace:
L 12/29/2025 - 19:40:25: [SM]   [0] VFormat
L 12/29/2025 - 19:40:25: [SM]   [1] Line 71, D:\Github\Private-Work\L4D2-Êèí‰ª∂\scripting_1.11\include\multicolors.inc::CPrintToChat
L 12/29/2025 - 19:40:25: [SM]   [2] Line 938, d:\Github\Private-Work\L4D2-Êèí‰ª∂\scripting_1.11\l4dmultislots.sp::Timer_SpecCheck
L 12/29/2025 - 19:40:26: [SM] Exception reported: Invalid convar handle 0 (error 4)
L 12/29/2025 - 19:40:26: [SM] Blaming: ÒankrunFixhealth.smx
L 12/29/2025 - 19:40:26: [SM] Call stack trace:
L 12/29/2025 - 19:40:26: [SM]   [0] GetConVarString
L 12/29/2025 - 19:40:26: [SM]   [1] Line 138, C:\Users\Moises\Downloads\Compressed\sourcemod-1.11.0-git6968-windows\addons\sourcemod\scripting\ÒankrunFixhealth.sp::IsTankRunActive
L 12/29/2025 - 19:40:26: [SM]   [2] Line 36, C:\Users\Moises\Downloads\Compressed\sourcemod-1.11.0-git6968-windows\addons\sourcemod\scripting\ÒankrunFixhealth.sp::Timer_PeriodicCheck
L 12/29/2025 - 19:40:32: [SM] Exception reported: Invalid convar handle 0 (error 4)
L 12/29/2025 - 19:40:32: [SM] Blaming: ÒankrunFixhealth.smx
L 12/29/2025 - 19:40:32: [SM] Call stack trace:
L 12/29/2025 - 19:40:32: [SM]   [0] GetConVarString
L 12/29/2025 - 19:40:32: [SM]   [1] Line 138, C:\Users\Moises\Downloads\Compressed\sourcemod-1.11.0-git6968-windows\addons\sourcemod\scripting\ÒankrunFixhealth.sp::IsTankRunActive
L 12/29/2025 - 19:40:32: [SM]   [2] Line 79, C:\Users\Moises\Downloads\Compressed\sourcemod-1.11.0-git6968-windows\addons\sourcemod\scripting\ÒankrunFixhealth.sp::Event_PlayerDeath
L 12/29/2025 - 19:40:36: [SM] Exception reported: Invalid convar handle 0 (error 4)
L 12/29/2025 - 19:40:36: [SM] Blaming: ÒankrunFixhealth.smx
L 12/29/2025 - 19:40:36: [SM] Call stack trace:
L 12/29/2025 - 19:40:36: [SM]   [0] GetConVarString
L 12/29/2025 - 19:40:36: [SM]   [1] Line 138, C:\Users\Moises\Downloads\Compressed\sourcemod-1.11.0-git6968-windows\addons\sourcemod\scripting\ÒankrunFixhealth.sp::IsTankRunActive
L 12/29/2025 - 19:40:36: [SM]   [2] Line 36, C:\Users\Moises\Downloads\Compressed\sourcemod-1.11.0-git6968-windows\addons\sourcemod\scripting\ÒankrunFixhealth.sp::Timer_PeriodicCheck
L 12/29/2025 - 19:40:37: [SM] Exception reported: Invalid convar handle 0 (error 4)
L 12/29/2025 - 19:40:37: [SM] Blaming: ÒankrunFixhealth.smx
L 12/29/2025 - 19:40:37: [SM] Call stack trace:
L 12/29/2025 - 19:40:37: [SM]   [0] GetConVarString
L 12/29/2025 - 19:40:37: [SM]   [1] Line 138, C:\Users\Moises\Downloads\Compressed\sourcemod-1.11.0-git6968-windows\addons\sourcemod\scripting\ÒankrunFixhealth.sp::IsTankRunActive
L 12/29/2025 - 19:40:37: [SM]   [2] Line 79, C:\Users\Moises\Downloads\Compressed\sourcemod-1.11.0-git6968-windows\addons\sourcemod\scripting\ÒankrunFixhealth.sp::Event_PlayerDeath
L 12/29/2025 - 19:40:44: [SM] Exception reported: Invalid timer handle c1000499 (error 3)
L 12/29/2025 - 19:40:44: [SM] Blaming: l4d2_playerjoining_v2.smx
L 12/29/2025 - 19:40:44: [SM] Call stack trace:
L 12/29/2025 - 19:40:44: [SM]   [0] KillTimer
L 12/29/2025 - 19:40:44: [SM]   [1] Line 53, C:\Users\Moises\Downloads\Compressed\sourcemod-1.11.0-git6968-windows\addons\sourcemod\scripting\l4d2_playerjoining_v2.sp::OnClientDisconnect
L 12/29/2025 - 19:40:46: [SM] Exception reported: Invalid convar handle 0 (error 4)
L 12/29/2025 - 19:40:46: [SM] Blaming: ÒankrunFixhealth.smx
L 12/29/2025 - 19:40:46: [SM] Call stack trace:
L 12/29/2025 - 19:40:46: [SM]   [0] GetConVarString
L 12/29/2025 - 19:40:46: [SM]   [1] Line 138, C:\Users\Moises\Downloads\Compressed\sourcemod-1.11.0-git6968-windows\addons\sourcemod\scripting\ÒankrunFixhealth.sp::IsTankRunActive
L 12/29/2025 - 19:40:46: [SM]   [2] Line 36, C:\Users\Moises\Downloads\Compressed\sourcemod-1.11.0-git6968-windows\addons\sourcemod\scripting\ÒankrunFixhealth.sp::Timer_PeriodicCheck
L 12/29/2025 - 19:40:50: [SM] Exception reported: Language phrase "Type in chat !join To join the survivors" not found (arg 6)
L 12/29/2025 - 19:40:50: [SM] Blaming: l4dmultislots.smx
L 12/29/2025 - 19:40:50: [SM] Call stack trace:
L 12/29/2025 - 19:40:50: [SM]   [0] VFormat
L 12/29/2025 - 19:40:50: [SM]   [1] Line 71, D:\Github\Private-Work\L4D2-Êèí‰ª∂\scripting_1.11\include\multicolors.inc::CPrintToChat
L 12/29/2025 - 19:40:50: [SM]   [2] Line 938, d:\Github\Private-Work\L4D2-Êèí‰ª∂\scripting_1.11\l4dmultislots.sp::Timer_SpecCheck
L 12/29/2025 - 19:40:56: [SM] Exception reported: Invalid convar handle 0 (error 4)
L 12/29/2025 - 19:40:56: [SM] Blaming: ÒankrunFixhealth.smx
L 12/29/2025 - 19:40:56: [SM] Call stack trace:
L 12/29/2025 - 19:40:56: [SM]   [0] GetConVarString
L 12/29/2025 - 19:40:56: [SM]   [1] Line 138, C:\Users\Moises\Downloads\Compressed\sourcemod-1.11.0-git6968-windows\addons\sourcemod\scripting\ÒankrunFixhealth.sp::IsTankRunActive
L 12/29/2025 - 19:40:56: [SM]   [2] Line 36, C:\Users\Moises\Downloads\Compressed\sourcemod-1.11.0-git6968-windows\addons\sourcemod\scripting\ÒankrunFixhealth.sp::Timer_PeriodicCheck
L 12/29/2025 - 19:41:06: [SM] Exception reported: Invalid convar handle 0 (error 4)
L 12/29/2025 - 19:41:06: [SM] Blaming: ÒankrunFixhealth.smx
L 12/29/2025 - 19:41:06: [SM] Call stack trace:
L 12/29/2025 - 19:41:06: [SM]   [0] GetConVarString
L 12/29/2025 - 19:41:06: [SM]   [1] Line 138, C:\Users\Moises\Downloads\Compressed\sourcemod-1.11.0-git6968-windows\addons\sourcemod\scripting\ÒankrunFixhealth.sp::IsTankRunActive
L 12/29/2025 - 19:41:06: [SM]   [2] Line 36, C:\Users\Moises\Downloads\Compressed\sourcemod-1.11.0-git6968-windows\addons\sourcemod\scripting\ÒankrunFixhealth.sp::Timer_PeriodicCheck
L 12/29/2025 - 19:41:15: [SM] Exception reported: Language phrase "Type in chat !join To join the survivors" not found (arg 6)
L 12/29/2025 - 19:41:15: [SM] Blaming: l4dmultislots.smx
L 12/29/2025 - 19:41:15: [SM] Call stack trace:
L 12/29/2025 - 19:41:15: [SM]   [0] VFormat
L 12/29/2025 - 19:41:15: [SM]   [1] Line 71, D:\Github\Private-Work\L4D2-Êèí‰ª∂\scripting_1.11\include\multicolors.inc::CPrintToChat
L 12/29/2025 - 19:41:15: [SM]   [2] Line 938, d:\Github\Private-Work\L4D2-Êèí‰ª∂\scripting_1.11\l4dmultislots.sp::Timer_SpecCheck
L 12/29/2025 - 19:41:16: [SM] Exception reported: Invalid convar handle 0 (error 4)
L 12/29/2025 - 19:41:16: [SM] Blaming: ÒankrunFixhealth.smx
L 12/29/2025 - 19:41:16: [SM] Call stack trace:
L 12/29/2025 - 19:41:16: [SM]   [0] GetConVarString
L 12/29/2025 - 19:41:16: [SM]   [1] Line 138, C:\Users\Moises\Downloads\Compressed\sourcemod-1.11.0-git6968-windows\addons\sourcemod\scripting\ÒankrunFixhealth.sp::IsTankRunActive
L 12/29/2025 - 19:41:16: [SM]   [2] Line 36, C:\Users\Moises\Downloads\Compressed\sourcemod-1.11.0-git6968-windows\addons\sourcemod\scripting\ÒankrunFixhealth.sp::Timer_PeriodicCheck
L 12/29/2025 - 19:41:26: [SM] Exception reported: Invalid convar handle 0 (error 4)
L 12/29/2025 - 19:41:26: [SM] Blaming: ÒankrunFixhealth.smx
L 12/29/2025 - 19:41:26: [SM] Call stack trace:
L 12/29/2025 - 19:41:26: [SM]   [0] GetConVarString
L 12/29/2025 - 19:41:26: [SM]   [1] Line 138, C:\Users\Moises\Downloads\Compressed\sourcemod-1.11.0-git6968-windows\addons\sourcemod\scripting\ÒankrunFixhealth.sp::IsTankRunActive
L 12/29/2025 - 19:41:26: [SM]   [2] Line 36, C:\Users\Moises\Downloads\Compressed\sourcemod-1.11.0-git6968-windows\addons\sourcemod\scripting\ÒankrunFixhealth.sp::Timer_PeriodicCheck
L 12/29/2025 - 19:41:30: [SM] Exception reported: Invalid convar handle 0 (error 4)
L 12/29/2025 - 19:41:30: [SM] Blaming: ÒankrunFixhealth.smx
L 12/29/2025 - 19:41:30: [SM] Call stack trace:
L 12/29/2025 - 19:41:30: [SM]   [0] GetConVarString
L 12/29/2025 - 19:41:30: [SM]   [1] Line 138, C:\Users\Moises\Downloads\Compressed\sourcemod-1.11.0-git6968-windows\addons\sourcemod\scripting\ÒankrunFixhealth.sp::IsTankRunActive
L 12/29/2025 - 19:41:30: [SM]   [2] Line 71, C:\Users\Moises\Downloads\Compressed\sourcemod-1.11.0-git6968-windows\addons\sourcemod\scripting\ÒankrunFixhealth.sp::Event_MapTransition
L 12/29/2025 - 19:41:36: [SM] Exception reported: Invalid convar handle 0 (error 4)
L 12/29/2025 - 19:41:36: [SM] Blaming: ÒankrunFixhealth.smx
L 12/29/2025 - 19:41:36: [SM] Call stack trace:
L 12/29/2025 - 19:41:36: [SM]   [0] GetConVarString
L 12/29/2025 - 19:41:36: [SM]   [1] Line 138, C:\Users\Moises\Downloads\Compressed\sourcemod-1.11.0-git6968-windows\addons\sourcemod\scripting\ÒankrunFixhealth.sp::IsTankRunActive
L 12/29/2025 - 19:41:36: [SM]   [2] Line 36, C:\Users\Moises\Downloads\Compressed\sourcemod-1.11.0-git6968-windows\addons\sourcemod\scripting\ÒankrunFixhealth.sp::Timer_PeriodicCheck
L 12/29/2025 - 19:41:39: [SM] Exception reported: Invalid timer handle 3900043f (error 3)
L 12/29/2025 - 19:41:39: [SM] Blaming: l4d2_playerjoining_v2.smx
L 12/29/2025 - 19:41:39: [SM] Call stack trace:
L 12/29/2025 - 19:41:39: [SM]   [0] KillTimer
L 12/29/2025 - 19:41:39: [SM]   [1] Line 53, C:\Users\Moises\Downloads\Compressed\sourcemod-1.11.0-git6968-windows\addons\sourcemod\scripting\l4d2_playerjoining_v2.sp::OnClientDisconnect
L 12/29/2025 - 19:41:39: [SM] Exception reported: Invalid timer handle f4c0047d (error 1)
L 12/29/2025 - 19:41:39: [SM] Blaming: l4d2_playerjoining_v2.smx
L 12/29/2025 - 19:41:39: [SM] Call stack trace:
L 12/29/2025 - 19:41:39: [SM]   [0] KillTimer
L 12/29/2025 - 19:41:39: [SM]   [1] Line 53, C:\Users\Moises\Downloads\Compressed\sourcemod-1.11.0-git6968-windows\addons\sourcemod\scripting\l4d2_playerjoining_v2.sp::OnClientDisconnect
L 12/29/2025 - 19:41:39: [SM] Exception reported: Invalid timer handle 4ab00447 (error 3)
L 12/29/2025 - 19:41:39: [SM] Blaming: l4d2_playerjoining_v2.smx
L 12/29/2025 - 19:41:39: [SM] Call stack trace:
L 12/29/2025 - 19:41:39: [SM]   [0] KillTimer
L 12/29/2025 - 19:41:39: [SM]   [1] Line 53, C:\Users\Moises\Downloads\Compressed\sourcemod-1.11.0-git6968-windows\addons\sourcemod\scripting\l4d2_playerjoining_v2.sp::OnClientDisconnect
L 12/29/2025 - 19:41:39: [SM] Exception reported: Invalid timer handle c1000499 (error 3)
L 12/29/2025 - 19:41:39: [SM] Blaming: l4d2_playerjoining_v2.smx
L 12/29/2025 - 19:41:39: [SM] Call stack trace:
L 12/29/2025 - 19:41:39: [SM]   [0] KillTimer
L 12/29/2025 - 19:41:39: [SM]   [1] Line 53, C:\Users\Moises\Downloads\Compressed\sourcemod-1.11.0-git6968-windows\addons\sourcemod\scripting\l4d2_playerjoining_v2.sp::OnClientDisconnect
L 12/29/2025 - 19:41:39: [SM] Exception reported: Invalid timer handle 9670045a (error 1)
L 12/29/2025 - 19:41:39: [SM] Blaming: l4d2_playerjoining_v2.smx
L 12/29/2025 - 19:41:39: [SM] Call stack trace:
L 12/29/2025 - 19:41:39: [SM]   [0] KillTimer
L 12/29/2025 - 19:41:39: [SM]   [1] Line 53, C:\Users\Moises\Downloads\Compressed\sourcemod-1.11.0-git6968-windows\addons\sourcemod\scripting\l4d2_playerjoining_v2.sp::OnClientDisconnect
L 12/29/2025 - 19:41:41: Error log file session closed.
L 12/29/2025 - 19:41:41: SourceMod error session started
L 12/29/2025 - 19:41:41: Info (map "c2m4_barns") (file "d:\steamlibrary\steamapps\common\left 4 dead 2\left4dead2\addons\sourcemod\logs\errors_20251229.log")
L 12/29/2025 - 19:41:41: [SM] Fatal error encountered parsing translation file "l4d_nth.phrases.txt"
L 12/29/2025 - 19:41:41: [SM] Error (line 0, column 0): Stream failed to open
L 12/29/2025 - 19:41:41: [SM] Fatal error encountered parsing translation file "chargersteering.phrases.txt"
L 12/29/2025 - 19:41:41: [SM] Error (line 0, column 0): Stream failed to open
L 12/29/2025 - 19:41:41: [SM] Fatal error encountered parsing translation file "l4dmultislots.phrases.txt"
L 12/29/2025 - 19:41:41: [SM] Error (line 0, column 0): Stream failed to open
L 12/29/2025 - 19:41:41: [SM] Fatal error encountered parsing translation file "lilac.phrases.txt"
L 12/29/2025 - 19:41:41: [SM] Error (line 0, column 0): Stream failed to open
L 12/29/2025 - 19:41:43: [SM] Exception reported: Invalid convar handle 0 (error 4)
L 12/29/2025 - 19:41:43: [SM] Blaming: ÒankrunFixhealth.smx
L 12/29/2025 - 19:41:43: [SM] Call stack trace:
L 12/29/2025 - 19:41:43: [SM]   [0] GetConVarString
L 12/29/2025 - 19:41:43: [SM]   [1] Line 138, C:\Users\Moises\Downloads\Compressed\sourcemod-1.11.0-git6968-windows\addons\sourcemod\scripting\ÒankrunFixhealth.sp::IsTankRunActive
L 12/29/2025 - 19:41:43: [SM]   [2] Line 54, C:\Users\Moises\Downloads\Compressed\sourcemod-1.11.0-git6968-windows\addons\sourcemod\scripting\ÒankrunFixhealth.sp::Event_RoundStart
L 12/29/2025 - 19:41:43: [l4d2_publicity.smx] [Publicity] No se encontraron mensajes en el archivo de configuraci√≥n
L 12/29/2025 - 19:41:52: [SM] Exception reported: Invalid convar handle 0 (error 4)
L 12/29/2025 - 19:41:52: [SM] Blaming: ÒankrunFixhealth.smx
L 12/29/2025 - 19:41:52: [SM] Call stack trace:
L 12/29/2025 - 19:41:52: [SM]   [0] GetConVarString
L 12/29/2025 - 19:41:52: [SM]   [1] Line 138, C:\Users\Moises\Downloads\Compressed\sourcemod-1.11.0-git6968-windows\addons\sourcemod\scripting\ÒankrunFixhealth.sp::IsTankRunActive
L 12/29/2025 - 19:41:52: [SM]   [2] Line 36, C:\Users\Moises\Downloads\Compressed\sourcemod-1.11.0-git6968-windows\addons\sourcemod\scripting\ÒankrunFixhealth.sp::Timer_PeriodicCheck
L 12/29/2025 - 19:42:02: [SM] Exception reported: Invalid convar handle 0 (error 4)
L 12/29/2025 - 19:42:02: [SM] Blaming: ÒankrunFixhealth.smx
L 12/29/2025 - 19:42:02: [SM] Call stack trace:
L 12/29/2025 - 19:42:02: [SM]   [0] GetConVarString
L 12/29/2025 - 19:42:02: [SM]   [1] Line 138, C:\Users\Moises\Downloads\Compressed\sourcemod-1.11.0-git6968-windows\addons\sourcemod\scripting\ÒankrunFixhealth.sp::IsTankRunActive
L 12/29/2025 - 19:42:02: [SM]   [2] Line 36, C:\Users\Moises\Downloads\Compressed\sourcemod-1.11.0-git6968-windows\addons\sourcemod\scripting\ÒankrunFixhealth.sp::Timer_PeriodicCheck
L 12/29/2025 - 19:42:13: [SM] Exception reported: Invalid timer handle 4ab00447 (error 1)
L 12/29/2025 - 19:42:13: [SM] Blaming: l4d2_playerjoining_v2.smx
L 12/29/2025 - 19:42:13: [SM] Call stack trace:
L 12/29/2025 - 19:42:13: [SM]   [0] KillTimer
L 12/29/2025 - 19:42:13: [SM]   [1] Line 53, C:\Users\Moises\Downloads\Compressed\sourcemod-1.11.0-git6968-windows\addons\sourcemod\scripting\l4d2_playerjoining_v2.sp::OnClientDisconnect
L 12/29/2025 - 19:42:15: [SM] Exception reported: Invalid convar handle 0 (error 4)
L 12/29/2025 - 19:42:15: [SM] Blaming: ÒankrunFixhealth.smx
L 12/29/2025 - 19:42:15: [SM] Call stack trace:
L 12/29/2025 - 19:42:15: [SM]   [0] GetConVarString
L 12/29/2025 - 19:42:15: [SM]   [1] Line 138, C:\Users\Moises\Downloads\Compressed\sourcemod-1.11.0-git6968-windows\addons\sourcemod\scripting\ÒankrunFixhealth.sp::IsTankRunActive
L 12/29/2025 - 19:42:15: [SM]   [2] Line 36, C:\Users\Moises\Downloads\Compressed\sourcemod-1.11.0-git6968-windows\addons\sourcemod\scripting\ÒankrunFixhealth.sp::Timer_PeriodicCheck
L 12/29/2025 - 19:42:15: [SM] Exception reported: Invalid timer handle f4c0047d (error 1)
L 12/29/2025 - 19:42:15: [SM] Blaming: l4d2_playerjoining_v2.smx
L 12/29/2025 - 19:42:15: [SM] Call stack trace:
L 12/29/2025 - 19:42:15: [SM]   [0] KillTimer
L 12/29/2025 - 19:42:15: [SM]   [1] Line 53, C:\Users\Moises\Downloads\Compressed\sourcemod-1.11.0-git6968-windows\addons\sourcemod\scripting\l4d2_playerjoining_v2.sp::OnClientDisconnect
L 12/29/2025 - 19:42:18: [SM] Exception reported: Invalid timer handle c1000499 (error 1)
L 12/29/2025 - 19:42:18: [SM] Blaming: l4d2_playerjoining_v2.smx
L 12/29/2025 - 19:42:18: [SM] Call stack trace:
L 12/29/2025 - 19:42:18: [SM]   [0] KillTimer
L 12/29/2025 - 19:42:18: [SM]   [1] Line 53, C:\Users\Moises\Downloads\Compressed\sourcemod-1.11.0-git6968-windows\addons\sourcemod\scripting\l4d2_playerjoining_v2.sp::OnClientDisconnect
L 12/29/2025 - 19:42:26: [SM] Exception reported: Invalid convar handle 0 (error 4)
L 12/29/2025 - 19:42:26: [SM] Blaming: ÒankrunFixhealth.smx
L 12/29/2025 - 19:42:26: [SM] Call stack trace:
L 12/29/2025 - 19:42:26: [SM]   [0] GetConVarString
L 12/29/2025 - 19:42:26: [SM]   [1] Line 138, C:\Users\Moises\Downloads\Compressed\sourcemod-1.11.0-git6968-windows\addons\sourcemod\scripting\ÒankrunFixhealth.sp::IsTankRunActive
L 12/29/2025 - 19:42:26: [SM]   [2] Line 36, C:\Users\Moises\Downloads\Compressed\sourcemod-1.11.0-git6968-windows\addons\sourcemod\scripting\ÒankrunFixhealth.sp::Timer_PeriodicCheck
L 12/29/2025 - 19:42:33: [SM] Exception reported: Invalid timer handle f4c0047d (error 1)
L 12/29/2025 - 19:42:33: [SM] Blaming: l4d2_playerjoining_v2.smx
L 12/29/2025 - 19:42:33: [SM] Call stack trace:
L 12/29/2025 - 19:42:33: [SM]   [0] KillTimer
L 12/29/2025 - 19:42:33: [SM]   [1] Line 53, C:\Users\Moises\Downloads\Compressed\sourcemod-1.11.0-git6968-windows\addons\sourcemod\scripting\l4d2_playerjoining_v2.sp::OnClientDisconnect
L 12/29/2025 - 19:42:33: [SM] Exception reported: Invalid convar handle 0 (error 4)
L 12/29/2025 - 19:42:33: [SM] Blaming: ÒankrunFixhealth.smx
L 12/29/2025 - 19:42:33: [SM] Call stack trace:
L 12/29/2025 - 19:42:33: [SM]   [0] GetConVarString
L 12/29/2025 - 19:42:33: [SM]   [1] Line 138, C:\Users\Moises\Downloads\Compressed\sourcemod-1.11.0-git6968-windows\addons\sourcemod\scripting\ÒankrunFixhealth.sp::IsTankRunActive
L 12/29/2025 - 19:42:33: [SM]   [2] Line 79, C:\Users\Moises\Downloads\Compressed\sourcemod-1.11.0-git6968-windows\addons\sourcemod\scripting\ÒankrunFixhealth.sp::Event_PlayerDeath
L 12/29/2025 - 19:42:34: [SM] Exception reported: Invalid convar handle 0 (error 4)
L 12/29/2025 - 19:42:34: [SM] Blaming: ÒankrunFixhealth.smx
L 12/29/2025 - 19:42:34: [SM] Call stack trace:
L 12/29/2025 - 19:42:34: [SM]   [0] GetConVarString
L 12/29/2025 - 19:42:34: [SM]   [1] Line 138, C:\Users\Moises\Downloads\Compressed\sourcemod-1.11.0-git6968-windows\addons\sourcemod\scripting\ÒankrunFixhealth.sp::IsTankRunActive
L 12/29/2025 - 19:42:34: [SM]   [2] Line 79, C:\Users\Moises\Downloads\Compressed\sourcemod-1.11.0-git6968-windows\addons\sourcemod\scripting\ÒankrunFixhealth.sp::Event_PlayerDeath
L 12/29/2025 - 19:42:35: [SM] Exception reported: Language phrase "Type in chat !join To join the survivors" not found (arg 6)
L 12/29/2025 - 19:42:35: [SM] Blaming: l4dmultislots.smx
L 12/29/2025 - 19:42:35: [SM] Call stack trace:
L 12/29/2025 - 19:42:35: [SM]   [0] VFormat
L 12/29/2025 - 19:42:35: [SM]   [1] Line 71, D:\Github\Private-Work\L4D2-Êèí‰ª∂\scripting_1.11\include\multicolors.inc::CPrintToChat
L 12/29/2025 - 19:42:35: [SM]   [2] Line 938, d:\Github\Private-Work\L4D2-Êèí‰ª∂\scripting_1.11\l4dmultislots.sp::Timer_SpecCheck
L 12/29/2025 - 19:42:36: [SM] Exception reported: Invalid convar handle 0 (error 4)
L 12/29/2025 - 19:42:36: [SM] Blaming: ÒankrunFixhealth.smx
L 12/29/2025 - 19:42:36: [SM] Call stack trace:
L 12/29/2025 - 19:42:36: [SM]   [0] GetConVarString
L 12/29/2025 - 19:42:36: [SM]   [1] Line 138, C:\Users\Moises\Downloads\Compressed\sourcemod-1.11.0-git6968-windows\addons\sourcemod\scripting\ÒankrunFixhealth.sp::IsTankRunActive
L 12/29/2025 - 19:42:36: [SM]   [2] Line 36, C:\Users\Moises\Downloads\Compressed\sourcemod-1.11.0-git6968-windows\addons\sourcemod\scripting\ÒankrunFixhealth.sp::Timer_PeriodicCheck
L 12/29/2025 - 19:42:44: [SM] Exception reported: Invalid timer handle f4c0047d (error 1)
L 12/29/2025 - 19:42:44: [SM] Blaming: l4d2_playerjoining_v2.smx
L 12/29/2025 - 19:42:44: [SM] Call stack trace:
L 12/29/2025 - 19:42:44: [SM]   [0] KillTimer
L 12/29/2025 - 19:42:44: [SM]   [1] Line 53, C:\Users\Moises\Downloads\Compressed\sourcemod-1.11.0-git6968-windows\addons\sourcemod\scripting\l4d2_playerjoining_v2.sp::OnClientDisconnect
L 12/29/2025 - 19:42:46: [SM] Exception reported: Invalid convar handle 0 (error 4)
L 12/29/2025 - 19:42:46: [SM] Blaming: ÒankrunFixhealth.smx
L 12/29/2025 - 19:42:46: [SM] Call stack trace:
L 12/29/2025 - 19:42:46: [SM]   [0] GetConVarString
L 12/29/2025 - 19:42:46: [SM]   [1] Line 138, C:\Users\Moises\Downloads\Compressed\sourcemod-1.11.0-git6968-windows\addons\sourcemod\scripting\ÒankrunFixhealth.sp::IsTankRunActive
L 12/29/2025 - 19:42:46: [SM]   [2] Line 36, C:\Users\Moises\Downloads\Compressed\sourcemod-1.11.0-git6968-windows\addons\sourcemod\scripting\ÒankrunFixhealth.sp::Timer_PeriodicCheck
L 12/29/2025 - 19:42:56: [SM] Exception reported: Invalid convar handle 0 (error 4)
L 12/29/2025 - 19:42:56: [SM] Blaming: ÒankrunFixhealth.smx
L 12/29/2025 - 19:42:56: [SM] Call stack trace:
L 12/29/2025 - 19:42:56: [SM]   [0] GetConVarString
L 12/29/2025 - 19:42:56: [SM]   [1] Line 138, C:\Users\Moises\Downloads\Compressed\sourcemod-1.11.0-git6968-windows\addons\sourcemod\scripting\ÒankrunFixhealth.sp::IsTankRunActive
L 12/29/2025 - 19:42:56: [SM]   [2] Line 36, C:\Users\Moises\Downloads\Compressed\sourcemod-1.11.0-git6968-windows\addons\sourcemod\scripting\ÒankrunFixhealth.sp::Timer_PeriodicCheck
L 12/29/2025 - 19:43:00: [SM] Exception reported: Language phrase "Type in chat !join To join the survivors" not found (arg 6)
L 12/29/2025 - 19:43:00: [SM] Blaming: l4dmultislots.smx
L 12/29/2025 - 19:43:00: [SM] Call stack trace:
L 12/29/2025 - 19:43:00: [SM]   [0] VFormat
L 12/29/2025 - 19:43:00: [SM]   [1] Line 71, D:\Github\Private-Work\L4D2-Êèí‰ª∂\scripting_1.11\include\multicolors.inc::CPrintToChat
L 12/29/2025 - 19:43:00: [SM]   [2] Line 938, d:\Github\Private-Work\L4D2-Êèí‰ª∂\scripting_1.11\l4dmultislots.sp::Timer_SpecCheck
L 12/29/2025 - 19:43:05: [SM] Exception reported: Invalid convar handle 0 (error 4)
L 12/29/2025 - 19:43:05: [SM] Blaming: ÒankrunFixhealth.smx
L 12/29/2025 - 19:43:05: [SM] Call stack trace:
L 12/29/2025 - 19:43:05: [SM]   [0] GetConVarString
L 12/29/2025 - 19:43:05: [SM]   [1] Line 138, C:\Users\Moises\Downloads\Compressed\sourcemod-1.11.0-git6968-windows\addons\sourcemod\scripting\ÒankrunFixhealth.sp::IsTankRunActive
L 12/29/2025 - 19:43:05: [SM]   [2] Line 79, C:\Users\Moises\Downloads\Compressed\sourcemod-1.11.0-git6968-windows\addons\sourcemod\scripting\ÒankrunFixhealth.sp::Event_PlayerDeath
L 12/29/2025 - 19:43:06: [SM] Exception reported: Invalid convar handle 0 (error 4)
L 12/29/2025 - 19:43:06: [SM] Blaming: ÒankrunFixhealth.smx
L 12/29/2025 - 19:43:06: [SM] Call stack trace:
L 12/29/2025 - 19:43:06: [SM]   [0] GetConVarString
L 12/29/2025 - 19:43:06: [SM]   [1] Line 138, C:\Users\Moises\Downloads\Compressed\sourcemod-1.11.0-git6968-windows\addons\sourcemod\scripting\ÒankrunFixhealth.sp::IsTankRunActive
L 12/29/2025 - 19:43:06: [SM]   [2] Line 36, C:\Users\Moises\Downloads\Compressed\sourcemod-1.11.0-git6968-windows\addons\sourcemod\scripting\ÒankrunFixhealth.sp::Timer_PeriodicCheck
L 12/29/2025 - 19:43:16: [SM] Exception reported: Invalid convar handle 0 (error 4)
L 12/29/2025 - 19:43:16: [SM] Blaming: ÒankrunFixhealth.smx
L 12/29/2025 - 19:43:16: [SM] Call stack trace:
L 12/29/2025 - 19:43:16: [SM]   [0] GetConVarString
L 12/29/2025 - 19:43:16: [SM]   [1] Line 138, C:\Users\Moises\Downloads\Compressed\sourcemod-1.11.0-git6968-windows\addons\sourcemod\scripting\ÒankrunFixhealth.sp::IsTankRunActive
L 12/29/2025 - 19:43:16: [SM]   [2] Line 36, C:\Users\Moises\Downloads\Compressed\sourcemod-1.11.0-git6968-windows\addons\sourcemod\scripting\ÒankrunFixhealth.sp::Timer_PeriodicCheck
L 12/29/2025 - 19:43:25: [SM] Exception reported: Language phrase "Type in chat !join To join the survivors" not found (arg 6)
L 12/29/2025 - 19:43:25: [SM] Blaming: l4dmultislots.smx
L 12/29/2025 - 19:43:25: [SM] Call stack trace:
L 12/29/2025 - 19:43:25: [SM]   [0] VFormat
L 12/29/2025 - 19:43:25: [SM]   [1] Line 71, D:\Github\Private-Work\L4D2-Êèí‰ª∂\scripting_1.11\include\multicolors.inc::CPrintToChat
L 12/29/2025 - 19:43:25: [SM]   [2] Line 938, d:\Github\Private-Work\L4D2-Êèí‰ª∂\scripting_1.11\l4dmultislots.sp::Timer_SpecCheck
L 12/29/2025 - 19:43:26: [SM] Exception reported: Invalid convar handle 0 (error 4)
L 12/29/2025 - 19:43:26: [SM] Blaming: ÒankrunFixhealth.smx
L 12/29/2025 - 19:43:26: [SM] Call stack trace:
L 12/29/2025 - 19:43:26: [SM]   [0] GetConVarString
L 12/29/2025 - 19:43:26: [SM]   [1] Line 138, C:\Users\Moises\Downloads\Compressed\sourcemod-1.11.0-git6968-windows\addons\sourcemod\scripting\ÒankrunFixhealth.sp::IsTankRunActive
L 12/29/2025 - 19:43:26: [SM]   [2] Line 36, C:\Users\Moises\Downloads\Compressed\sourcemod-1.11.0-git6968-windows\addons\sourcemod\scripting\ÒankrunFixhealth.sp::Timer_PeriodicCheck
L 12/29/2025 - 19:43:36: [SM] Exception reported: Invalid convar handle 0 (error 4)
L 12/29/2025 - 19:43:36: [SM] Blaming: ÒankrunFixhealth.smx
L 12/29/2025 - 19:43:36: [SM] Call stack trace:
L 12/29/2025 - 19:43:36: [SM]   [0] GetConVarString
L 12/29/2025 - 19:43:36: [SM]   [1] Line 138, C:\Users\Moises\Downloads\Compressed\sourcemod-1.11.0-git6968-windows\addons\sourcemod\scripting\ÒankrunFixhealth.sp::IsTankRunActive
L 12/29/2025 - 19:43:36: [SM]   [2] Line 36, C:\Users\Moises\Downloads\Compressed\sourcemod-1.11.0-git6968-windows\addons\sourcemod\scripting\ÒankrunFixhealth.sp::Timer_PeriodicCheck
L 12/29/2025 - 19:43:43: [SM] Exception reported: Invalid convar handle 0 (error 4)
L 12/29/2025 - 19:43:43: [SM] Blaming: ÒankrunFixhealth.smx
L 12/29/2025 - 19:43:43: [SM] Call stack trace:
L 12/29/2025 - 19:43:43: [SM]   [0] GetConVarString
L 12/29/2025 - 19:43:43: [SM]   [1] Line 138, C:\Users\Moises\Downloads\Compressed\sourcemod-1.11.0-git6968-windows\addons\sourcemod\scripting\ÒankrunFixhealth.sp::IsTankRunActive
L 12/29/2025 - 19:43:43: [SM]   [2] Line 79, C:\Users\Moises\Downloads\Compressed\sourcemod-1.11.0-git6968-windows\addons\sourcemod\scripting\ÒankrunFixhealth.sp::Event_PlayerDeath
L 12/29/2025 - 19:43:46: [SM] Exception reported: Invalid convar handle 0 (error 4)
L 12/29/2025 - 19:43:46: [SM] Blaming: ÒankrunFixhealth.smx
L 12/29/2025 - 19:43:46: [SM] Call stack trace:
L 12/29/2025 - 19:43:46: [SM]   [0] GetConVarString
L 12/29/2025 - 19:43:46: [SM]   [1] Line 138, C:\Users\Moises\Downloads\Compressed\sourcemod-1.11.0-git6968-windows\addons\sourcemod\scripting\ÒankrunFixhealth.sp::IsTankRunActive
L 12/29/2025 - 19:43:46: [SM]   [2] Line 36, C:\Users\Moises\Downloads\Compressed\sourcemod-1.11.0-git6968-windows\addons\sourcemod\scripting\ÒankrunFixhealth.sp::Timer_PeriodicCheck
L 12/29/2025 - 19:43:50: [SM] Exception reported: Language phrase "Type in chat !join To join the survivors" not found (arg 6)
L 12/29/2025 - 19:43:50: [SM] Blaming: l4dmultislots.smx
L 12/29/2025 - 19:43:50: [SM] Call stack trace:
L 12/29/2025 - 19:43:50: [SM]   [0] VFormat
L 12/29/2025 - 19:43:50: [SM]   [1] Line 71, D:\Github\Private-Work\L4D2-Êèí‰ª∂\scripting_1.11\include\multicolors.inc::CPrintToChat
L 12/29/2025 - 19:43:50: [SM]   [2] Line 938, d:\Github\Private-Work\L4D2-Êèí‰ª∂\scripting_1.11\l4dmultislots.sp::Timer_SpecCheck
L 12/29/2025 - 19:43:56: [SM] Exception reported: Invalid convar handle 0 (error 4)
L 12/29/2025 - 19:43:56: [SM] Blaming: ÒankrunFixhealth.smx
L 12/29/2025 - 19:43:56: [SM] Call stack trace:
L 12/29/2025 - 19:43:56: [SM]   [0] GetConVarString
L 12/29/2025 - 19:43:56: [SM]   [1] Line 138, C:\Users\Moises\Downloads\Compressed\sourcemod-1.11.0-git6968-windows\addons\sourcemod\scripting\ÒankrunFixhealth.sp::IsTankRunActive
L 12/29/2025 - 19:43:56: [SM]   [2] Line 36, C:\Users\Moises\Downloads\Compressed\sourcemod-1.11.0-git6968-windows\addons\sourcemod\scripting\ÒankrunFixhealth.sp::Timer_PeriodicCheck
L 12/29/2025 - 19:44:05: [SM] Exception reported: Invalid convar handle 0 (error 4)
L 12/29/2025 - 19:44:05: [SM] Blaming: ÒankrunFixhealth.smx
L 12/29/2025 - 19:44:05: [SM] Call stack trace:
L 12/29/2025 - 19:44:05: [SM]   [0] GetConVarString
L 12/29/2025 - 19:44:05: [SM]   [1] Line 138, C:\Users\Moises\Downloads\Compressed\sourcemod-1.11.0-git6968-windows\addons\sourcemod\scripting\ÒankrunFixhealth.sp::IsTankRunActive
L 12/29/2025 - 19:44:05: [SM]   [2] Line 79, C:\Users\Moises\Downloads\Compressed\sourcemod-1.11.0-git6968-windows\addons\sourcemod\scripting\ÒankrunFixhealth.sp::Event_PlayerDeath
L 12/29/2025 - 19:44:06: [SM] Exception reported: Invalid convar handle 0 (error 4)
L 12/29/2025 - 19:44:06: [SM] Blaming: ÒankrunFixhealth.smx
L 12/29/2025 - 19:44:06: [SM] Call stack trace:
L 12/29/2025 - 19:44:06: [SM]   [0] GetConVarString
L 12/29/2025 - 19:44:06: [SM]   [1] Line 138, C:\Users\Moises\Downloads\Compressed\sourcemod-1.11.0-git6968-windows\addons\sourcemod\scripting\ÒankrunFixhealth.sp::IsTankRunActive
L 12/29/2025 - 19:44:06: [SM]   [2] Line 79, C:\Users\Moises\Downloads\Compressed\sourcemod-1.11.0-git6968-windows\addons\sourcemod\scripting\ÒankrunFixhealth.sp::Event_PlayerDeath
L 12/29/2025 - 19:44:06: [SM] Exception reported: Invalid convar handle 0 (error 4)
L 12/29/2025 - 19:44:06: [SM] Blaming: ÒankrunFixhealth.smx
L 12/29/2025 - 19:44:06: [SM] Call stack trace:
L 12/29/2025 - 19:44:06: [SM]   [0] GetConVarString
L 12/29/2025 - 19:44:06: [SM]   [1] Line 138, C:\Users\Moises\Downloads\Compressed\sourcemod-1.11.0-git6968-windows\addons\sourcemod\scripting\ÒankrunFixhealth.sp::IsTankRunActive
L 12/29/2025 - 19:44:06: [SM]   [2] Line 36, C:\Users\Moises\Downloads\Compressed\sourcemod-1.11.0-git6968-windows\addons\sourcemod\scripting\ÒankrunFixhealth.sp::Timer_PeriodicCheck
L 12/29/2025 - 19:44:12: [SM] Exception reported: Invalid timer handle 4ab00447 (error 1)
L 12/29/2025 - 19:44:12: [SM] Blaming: l4d2_playerjoining_v2.smx
L 12/29/2025 - 19:44:12: [SM] Call stack trace:
L 12/29/2025 - 19:44:12: [SM]   [0] KillTimer
L 12/29/2025 - 19:44:12: [SM]   [1] Line 53, C:\Users\Moises\Downloads\Compressed\sourcemod-1.11.0-git6968-windows\addons\sourcemod\scripting\l4d2_playerjoining_v2.sp::OnClientDisconnect
L 12/29/2025 - 19:44:13: [SM] Exception reported: Invalid timer handle 43900466 (error 1)
L 12/29/2025 - 19:44:13: [SM] Blaming: l4d2_playerjoining_v2.smx
L 12/29/2025 - 19:44:13: [SM] Call stack trace:
L 12/29/2025 - 19:44:13: [SM]   [0] KillTimer
L 12/29/2025 - 19:44:13: [SM]   [1] Line 53, C:\Users\Moises\Downloads\Compressed\sourcemod-1.11.0-git6968-windows\addons\sourcemod\scripting\l4d2_playerjoining_v2.sp::OnClientDisconnect
L 12/29/2025 - 19:44:15: [SM] Exception reported: Language phrase "Type in chat !join To join the survivors" not found (arg 6)
L 12/29/2025 - 19:44:15: [SM] Blaming: l4dmultislots.smx
L 12/29/2025 - 19:44:15: [SM] Call stack trace:
L 12/29/2025 - 19:44:15: [SM]   [0] VFormat
L 12/29/2025 - 19:44:15: [SM]   [1] Line 71, D:\Github\Private-Work\L4D2-Êèí‰ª∂\scripting_1.11\include\multicolors.inc::CPrintToChat
L 12/29/2025 - 19:44:15: [SM]   [2] Line 938, d:\Github\Private-Work\L4D2-Êèí‰ª∂\scripting_1.11\l4dmultislots.sp::Timer_SpecCheck
L 12/29/2025 - 19:44:16: [SM] Exception reported: Invalid convar handle 0 (error 4)
L 12/29/2025 - 19:44:16: [SM] Blaming: ÒankrunFixhealth.smx
L 12/29/2025 - 19:44:16: [SM] Call stack trace:
L 12/29/2025 - 19:44:16: [SM]   [0] GetConVarString
L 12/29/2025 - 19:44:16: [SM]   [1] Line 138, C:\Users\Moises\Downloads\Compressed\sourcemod-1.11.0-git6968-windows\addons\sourcemod\scripting\ÒankrunFixhealth.sp::IsTankRunActive
L 12/29/2025 - 19:44:16: [SM]   [2] Line 36, C:\Users\Moises\Downloads\Compressed\sourcemod-1.11.0-git6968-windows\addons\sourcemod\scripting\ÒankrunFixhealth.sp::Timer_PeriodicCheck
L 12/29/2025 - 19:44:26: [SM] Exception reported: Invalid convar handle 0 (error 4)
L 12/29/2025 - 19:44:26: [SM] Blaming: ÒankrunFixhealth.smx
L 12/29/2025 - 19:44:26: [SM] Call stack trace:
L 12/29/2025 - 19:44:26: [SM]   [0] GetConVarString
L 12/29/2025 - 19:44:26: [SM]   [1] Line 138, C:\Users\Moises\Downloads\Compressed\sourcemod-1.11.0-git6968-windows\addons\sourcemod\scripting\ÒankrunFixhealth.sp::IsTankRunActive
L 12/29/2025 - 19:44:26: [SM]   [2] Line 36, C:\Users\Moises\Downloads\Compressed\sourcemod-1.11.0-git6968-windows\addons\sourcemod\scripting\ÒankrunFixhealth.sp::Timer_PeriodicCheck
L 12/29/2025 - 19:44:26: [SM] Exception reported: Invalid timer handle c1000499 (error 3)
L 12/29/2025 - 19:44:26: [SM] Blaming: l4d2_playerjoining_v2.smx
L 12/29/2025 - 19:44:26: [SM] Call stack trace:
L 12/29/2025 - 19:44:26: [SM]   [0] KillTimer
L 12/29/2025 - 19:44:26: [SM]   [1] Line 53, C:\Users\Moises\Downloads\Compressed\sourcemod-1.11.0-git6968-windows\addons\sourcemod\scripting\l4d2_playerjoining_v2.sp::OnClientDisconnect
L 12/29/2025 - 19:44:36: [SM] Exception reported: Invalid convar handle 0 (error 4)
L 12/29/2025 - 19:44:36: [SM] Blaming: ÒankrunFixhealth.smx
L 12/29/2025 - 19:44:36: [SM] Call stack trace:
L 12/29/2025 - 19:44:36: [SM]   [0] GetConVarString
L 12/29/2025 - 19:44:36: [SM]   [1] Line 138, C:\Users\Moises\Downloads\Compressed\sourcemod-1.11.0-git6968-windows\addons\sourcemod\scripting\ÒankrunFixhealth.sp::IsTankRunActive
L 12/29/2025 - 19:44:36: [SM]   [2] Line 36, C:\Users\Moises\Downloads\Compressed\sourcemod-1.11.0-git6968-windows\addons\sourcemod\scripting\ÒankrunFixhealth.sp::Timer_PeriodicCheck
L 12/29/2025 - 19:44:37: [SM] Exception reported: Invalid convar handle 0 (error 4)
L 12/29/2025 - 19:44:37: [SM] Blaming: ÒankrunFixhealth.smx
L 12/29/2025 - 19:44:37: [SM] Call stack trace:
L 12/29/2025 - 19:44:37: [SM]   [0] GetConVarString
L 12/29/2025 - 19:44:37: [SM]   [1] Line 138, C:\Users\Moises\Downloads\Compressed\sourcemod-1.11.0-git6968-windows\addons\sourcemod\scripting\ÒankrunFixhealth.sp::IsTankRunActive
L 12/29/2025 - 19:44:37: [SM]   [2] Line 79, C:\Users\Moises\Downloads\Compressed\sourcemod-1.11.0-git6968-windows\addons\sourcemod\scripting\ÒankrunFixhealth.sp::Event_PlayerDeath
L 12/29/2025 - 19:44:38: [SM] Exception reported: Invalid convar handle 0 (error 4)
L 12/29/2025 - 19:44:38: [SM] Blaming: ÒankrunFixhealth.smx
L 12/29/2025 - 19:44:38: [SM] Call stack trace:
L 12/29/2025 - 19:44:38: [SM]   [0] GetConVarString
L 12/29/2025 - 19:44:38: [SM]   [1] Line 138, C:\Users\Moises\Downloads\Compressed\sourcemod-1.11.0-git6968-windows\addons\sourcemod\scripting\ÒankrunFixhealth.sp::IsTankRunActive
L 12/29/2025 - 19:44:38: [SM]   [2] Line 79, C:\Users\Moises\Downloads\Compressed\sourcemod-1.11.0-git6968-windows\addons\sourcemod\scripting\ÒankrunFixhealth.sp::Event_PlayerDeath
L 12/29/2025 - 19:44:40: [SM] Exception reported: Language phrase "Type in chat !join To join the survivors" not found (arg 6)
L 12/29/2025 - 19:44:40: [SM] Blaming: l4dmultislots.smx
L 12/29/2025 - 19:44:40: [SM] Call stack trace:
L 12/29/2025 - 19:44:40: [SM]   [0] VFormat
L 12/29/2025 - 19:44:40: [SM]   [1] Line 71, D:\Github\Private-Work\L4D2-Êèí‰ª∂\scripting_1.11\include\multicolors.inc::CPrintToChat
L 12/29/2025 - 19:44:40: [SM]   [2] Line 938, d:\Github\Private-Work\L4D2-Êèí‰ª∂\scripting_1.11\l4dmultislots.sp::Timer_SpecCheck
L 12/29/2025 - 19:44:42: [SM] Exception reported: Invalid convar handle 0 (error 4)
L 12/29/2025 - 19:44:42: [SM] Blaming: ÒankrunFixhealth.smx
L 12/29/2025 - 19:44:42: [SM] Call stack trace:
L 12/29/2025 - 19:44:42: [SM]   [0] GetConVarString
L 12/29/2025 - 19:44:42: [SM]   [1] Line 138, C:\Users\Moises\Downloads\Compressed\sourcemod-1.11.0-git6968-windows\addons\sourcemod\scripting\ÒankrunFixhealth.sp::IsTankRunActive
L 12/29/2025 - 19:44:42: [SM]   [2] Line 79, C:\Users\Moises\Downloads\Compressed\sourcemod-1.11.0-git6968-windows\addons\sourcemod\scripting\ÒankrunFixhealth.sp::Event_PlayerDeath
L 12/29/2025 - 19:44:46: [SM] Exception reported: Invalid convar handle 0 (error 4)
L 12/29/2025 - 19:44:46: [SM] Blaming: ÒankrunFixhealth.smx
L 12/29/2025 - 19:44:46: [SM] Call stack trace:
L 12/29/2025 - 19:44:46: [SM]   [0] GetConVarString
L 12/29/2025 - 19:44:46: [SM]   [1] Line 138, C:\Users\Moises\Downloads\Compressed\sourcemod-1.11.0-git6968-windows\addons\sourcemod\scripting\ÒankrunFixhealth.sp::IsTankRunActive
L 12/29/2025 - 19:44:46: [SM]   [2] Line 36, C:\Users\Moises\Downloads\Compressed\sourcemod-1.11.0-git6968-windows\addons\sourcemod\scripting\ÒankrunFixhealth.sp::Timer_PeriodicCheck
L 12/29/2025 - 19:44:53: [SM] Exception reported: Invalid convar handle 0 (error 4)
L 12/29/2025 - 19:44:53: [SM] Blaming: ÒankrunFixhealth.smx
L 12/29/2025 - 19:44:53: [SM] Call stack trace:
L 12/29/2025 - 19:44:53: [SM]   [0] GetConVarString
L 12/29/2025 - 19:44:53: [SM]   [1] Line 138, C:\Users\Moises\Downloads\Compressed\sourcemod-1.11.0-git6968-windows\addons\sourcemod\scripting\ÒankrunFixhealth.sp::IsTankRunActive
L 12/29/2025 - 19:44:53: [SM]   [2] Line 79, C:\Users\Moises\Downloads\Compressed\sourcemod-1.11.0-git6968-windows\addons\sourcemod\scripting\ÒankrunFixhealth.sp::Event_PlayerDeath
L 12/29/2025 - 19:44:56: [SM] Exception reported: Invalid convar handle 0 (error 4)
L 12/29/2025 - 19:44:56: [SM] Blaming: ÒankrunFixhealth.smx
L 12/29/2025 - 19:44:56: [SM] Call stack trace:
L 12/29/2025 - 19:44:56: [SM]   [0] GetConVarString
L 12/29/2025 - 19:44:56: [SM]   [1] Line 138, C:\Users\Moises\Downloads\Compressed\sourcemod-1.11.0-git6968-windows\addons\sourcemod\scripting\ÒankrunFixhealth.sp::IsTankRunActive
L 12/29/2025 - 19:44:56: [SM]   [2] Line 36, C:\Users\Moises\Downloads\Compressed\sourcemod-1.11.0-git6968-windows\addons\sourcemod\scripting\ÒankrunFixhealth.sp::Timer_PeriodicCheck
L 12/29/2025 - 19:45:05: [SM] Exception reported: Language phrase "Type in chat !join To join the survivors" not found (arg 6)
L 12/29/2025 - 19:45:05: [SM] Blaming: l4dmultislots.smx
L 12/29/2025 - 19:45:05: [SM] Call stack trace:
L 12/29/2025 - 19:45:05: [SM]   [0] VFormat
L 12/29/2025 - 19:45:05: [SM]   [1] Line 71, D:\Github\Private-Work\L4D2-Êèí‰ª∂\scripting_1.11\include\multicolors.inc::CPrintToChat
L 12/29/2025 - 19:45:05: [SM]   [2] Line 938, d:\Github\Private-Work\L4D2-Êèí‰ª∂\scripting_1.11\l4dmultislots.sp::Timer_SpecCheck
L 12/29/2025 - 19:45:06: [SM] Exception reported: Invalid convar handle 0 (error 4)
L 12/29/2025 - 19:45:06: [SM] Blaming: ÒankrunFixhealth.smx
L 12/29/2025 - 19:45:06: [SM] Call stack trace:
L 12/29/2025 - 19:45:06: [SM]   [0] GetConVarString
L 12/29/2025 - 19:45:06: [SM]   [1] Line 138, C:\Users\Moises\Downloads\Compressed\sourcemod-1.11.0-git6968-windows\addons\sourcemod\scripting\ÒankrunFixhealth.sp::IsTankRunActive
L 12/29/2025 - 19:45:06: [SM]   [2] Line 36, C:\Users\Moises\Downloads\Compressed\sourcemod-1.11.0-git6968-windows\addons\sourcemod\scripting\ÒankrunFixhealth.sp::Timer_PeriodicCheck
L 12/29/2025 - 19:45:08: [SM] Exception reported: Invalid convar handle 0 (error 4)
L 12/29/2025 - 19:45:08: [SM] Blaming: ÒankrunFixhealth.smx
L 12/29/2025 - 19:45:08: [SM] Call stack trace:
L 12/29/2025 - 19:45:08: [SM]   [0] GetConVarString
L 12/29/2025 - 19:45:08: [SM]   [1] Line 138, C:\Users\Moises\Downloads\Compressed\sourcemod-1.11.0-git6968-windows\addons\sourcemod\scripting\ÒankrunFixhealth.sp::IsTankRunActive
L 12/29/2025 - 19:45:08: [SM]   [2] Line 79, C:\Users\Moises\Downloads\Compressed\sourcemod-1.11.0-git6968-windows\addons\sourcemod\scripting\ÒankrunFixhealth.sp::Event_PlayerDeath
L 12/29/2025 - 19:45:15: [SM] Exception reported: Invalid timer handle 43900466 (error 3)
L 12/29/2025 - 19:45:15: [SM] Blaming: l4d2_playerjoining_v2.smx
L 12/29/2025 - 19:45:15: [SM] Call stack trace:
L 12/29/2025 - 19:45:15: [SM]   [0] KillTimer
L 12/29/2025 - 19:45:15: [SM]   [1] Line 53, C:\Users\Moises\Downloads\Compressed\sourcemod-1.11.0-git6968-windows\addons\sourcemod\scripting\l4d2_playerjoining_v2.sp::OnClientDisconnect
L 12/29/2025 - 19:45:16: [SM] Exception reported: Invalid convar handle 0 (error 4)
L 12/29/2025 - 19:45:16: [SM] Blaming: ÒankrunFixhealth.smx
L 12/29/2025 - 19:45:16: [SM] Call stack trace:
L 12/29/2025 - 19:45:16: [SM]   [0] GetConVarString
L 12/29/2025 - 19:45:16: [SM]   [1] Line 138, C:\Users\Moises\Downloads\Compressed\sourcemod-1.11.0-git6968-windows\addons\sourcemod\scripting\ÒankrunFixhealth.sp::IsTankRunActive
L 12/29/2025 - 19:45:16: [SM]   [2] Line 36, C:\Users\Moises\Downloads\Compressed\sourcemod-1.11.0-git6968-windows\addons\sourcemod\scripting\ÒankrunFixhealth.sp::Timer_PeriodicCheck
L 12/29/2025 - 19:45:26: [SM] Exception reported: Invalid convar handle 0 (error 4)
L 12/29/2025 - 19:45:26: [SM] Blaming: ÒankrunFixhealth.smx
L 12/29/2025 - 19:45:26: [SM] Call stack trace:
L 12/29/2025 - 19:45:26: [SM]   [0] GetConVarString
L 12/29/2025 - 19:45:26: [SM]   [1] Line 138, C:\Users\Moises\Downloads\Compressed\sourcemod-1.11.0-git6968-windows\addons\sourcemod\scripting\ÒankrunFixhealth.sp::IsTankRunActive
L 12/29/2025 - 19:45:26: [SM]   [2] Line 36, C:\Users\Moises\Downloads\Compressed\sourcemod-1.11.0-git6968-windows\addons\sourcemod\scripting\ÒankrunFixhealth.sp::Timer_PeriodicCheck
L 12/29/2025 - 19:45:30: [SM] Exception reported: Language phrase "Type in chat !join To join the survivors" not found (arg 6)
L 12/29/2025 - 19:45:30: [SM] Blaming: l4dmultislots.smx
L 12/29/2025 - 19:45:30: [SM] Call stack trace:
L 12/29/2025 - 19:45:30: [SM]   [0] VFormat
L 12/29/2025 - 19:45:30: [SM]   [1] Line 71, D:\Github\Private-Work\L4D2-Êèí‰ª∂\scripting_1.11\include\multicolors.inc::CPrintToChat
L 12/29/2025 - 19:45:30: [SM]   [2] Line 938, d:\Github\Private-Work\L4D2-Êèí‰ª∂\scripting_1.11\l4dmultislots.sp::Timer_SpecCheck
L 12/29/2025 - 19:45:36: [SM] Exception reported: Invalid convar handle 0 (error 4)
L 12/29/2025 - 19:45:36: [SM] Blaming: ÒankrunFixhealth.smx
L 12/29/2025 - 19:45:36: [SM] Call stack trace:
L 12/29/2025 - 19:45:36: [SM]   [0] GetConVarString
L 12/29/2025 - 19:45:36: [SM]   [1] Line 138, C:\Users\Moises\Downloads\Compressed\sourcemod-1.11.0-git6968-windows\addons\sourcemod\scripting\ÒankrunFixhealth.sp::IsTankRunActive
L 12/29/2025 - 19:45:36: [SM]   [2] Line 36, C:\Users\Moises\Downloads\Compressed\sourcemod-1.11.0-git6968-windows\addons\sourcemod\scripting\ÒankrunFixhealth.sp::Timer_PeriodicCheck
L 12/29/2025 - 19:45:43: [SM] Exception reported: Invalid convar handle 0 (error 4)
L 12/29/2025 - 19:45:43: [SM] Blaming: ÒankrunFixhealth.smx
L 12/29/2025 - 19:45:43: [SM] Call stack trace:
L 12/29/2025 - 19:45:43: [SM]   [0] GetConVarString
L 12/29/2025 - 19:45:43: [SM]   [1] Line 138, C:\Users\Moises\Downloads\Compressed\sourcemod-1.11.0-git6968-windows\addons\sourcemod\scripting\ÒankrunFixhealth.sp::IsTankRunActive
L 12/29/2025 - 19:45:43: [SM]   [2] Line 79, C:\Users\Moises\Downloads\Compressed\sourcemod-1.11.0-git6968-windows\addons\sourcemod\scripting\ÒankrunFixhealth.sp::Event_PlayerDeath
L 12/29/2025 - 19:45:46: [SM] Exception reported: Invalid convar handle 0 (error 4)
L 12/29/2025 - 19:45:46: [SM] Blaming: ÒankrunFixhealth.smx
L 12/29/2025 - 19:45:46: [SM] Call stack trace:
L 12/29/2025 - 19:45:46: [SM]   [0] GetConVarString
L 12/29/2025 - 19:45:46: [SM]   [1] Line 138, C:\Users\Moises\Downloads\Compressed\sourcemod-1.11.0-git6968-windows\addons\sourcemod\scripting\ÒankrunFixhealth.sp::IsTankRunActive
L 12/29/2025 - 19:45:46: [SM]   [2] Line 36, C:\Users\Moises\Downloads\Compressed\sourcemod-1.11.0-git6968-windows\addons\sourcemod\scripting\ÒankrunFixhealth.sp::Timer_PeriodicCheck
L 12/29/2025 - 19:45:54: [SM] Exception reported: Invalid convar handle 0 (error 4)
L 12/29/2025 - 19:45:54: [SM] Blaming: ÒankrunFixhealth.smx
L 12/29/2025 - 19:45:54: [SM] Call stack trace:
L 12/29/2025 - 19:45:54: [SM]   [0] GetConVarString
L 12/29/2025 - 19:45:54: [SM]   [1] Line 138, C:\Users\Moises\Downloads\Compressed\sourcemod-1.11.0-git6968-windows\addons\sourcemod\scripting\ÒankrunFixhealth.sp::IsTankRunActive
L 12/29/2025 - 19:45:54: [SM]   [2] Line 79, C:\Users\Moises\Downloads\Compressed\sourcemod-1.11.0-git6968-windows\addons\sourcemod\scripting\ÒankrunFixhealth.sp::Event_PlayerDeath
L 12/29/2025 - 19:45:55: [SM] Exception reported: Language phrase "Type in chat !join To join the survivors" not found (arg 6)
L 12/29/2025 - 19:45:55: [SM] Blaming: l4dmultislots.smx
L 12/29/2025 - 19:45:55: [SM] Call stack trace:
L 12/29/2025 - 19:45:55: [SM]   [0] VFormat
L 12/29/2025 - 19:45:55: [SM]   [1] Line 71, D:\Github\Private-Work\L4D2-Êèí‰ª∂\scripting_1.11\include\multicolors.inc::CPrintToChat
L 12/29/2025 - 19:45:55: [SM]   [2] Line 938, d:\Github\Private-Work\L4D2-Êèí‰ª∂\scripting_1.11\l4dmultislots.sp::Timer_SpecCheck
L 12/29/2025 - 19:45:56: [SM] Exception reported: Invalid convar handle 0 (error 4)
L 12/29/2025 - 19:45:56: [SM] Blaming: ÒankrunFixhealth.smx
L 12/29/2025 - 19:45:56: [SM] Call stack trace:
L 12/29/2025 - 19:45:56: [SM]   [0] GetConVarString
L 12/29/2025 - 19:45:56: [SM]   [1] Line 138, C:\Users\Moises\Downloads\Compressed\sourcemod-1.11.0-git6968-windows\addons\sourcemod\scripting\ÒankrunFixhealth.sp::IsTankRunActive
L 12/29/2025 - 19:45:56: [SM]   [2] Line 36, C:\Users\Moises\Downloads\Compressed\sourcemod-1.11.0-git6968-windows\addons\sourcemod\scripting\ÒankrunFixhealth.sp::Timer_PeriodicCheck
L 12/29/2025 - 19:46:01: [SM] Exception reported: Invalid timer handle 4ab00447 (error 3)
L 12/29/2025 - 19:46:01: [SM] Blaming: l4d2_playerjoining_v2.smx
L 12/29/2025 - 19:46:01: [SM] Call stack trace:
L 12/29/2025 - 19:46:01: [SM]   [0] KillTimer
L 12/29/2025 - 19:46:01: [SM]   [1] Line 53, C:\Users\Moises\Downloads\Compressed\sourcemod-1.11.0-git6968-windows\addons\sourcemod\scripting\l4d2_playerjoining_v2.sp::OnClientDisconnect
L 12/29/2025 - 19:46:06: [SM] Exception reported: Invalid convar handle 0 (error 4)
L 12/29/2025 - 19:46:06: [SM] Blaming: ÒankrunFixhealth.smx
L 12/29/2025 - 19:46:06: [SM] Call stack trace:
L 12/29/2025 - 19:46:06: [SM]   [0] GetConVarString
L 12/29/2025 - 19:46:06: [SM]   [1] Line 138, C:\Users\Moises\Downloads\Compressed\sourcemod-1.11.0-git6968-windows\addons\sourcemod\scripting\ÒankrunFixhealth.sp::IsTankRunActive
L 12/29/2025 - 19:46:06: [SM]   [2] Line 36, C:\Users\Moises\Downloads\Compressed\sourcemod-1.11.0-git6968-windows\addons\sourcemod\scripting\ÒankrunFixhealth.sp::Timer_PeriodicCheck
L 12/29/2025 - 19:46:16: [SM] Exception reported: Invalid convar handle 0 (error 4)
L 12/29/2025 - 19:46:16: [SM] Blaming: ÒankrunFixhealth.smx
L 12/29/2025 - 19:46:16: [SM] Call stack trace:
L 12/29/2025 - 19:46:16: [SM]   [0] GetConVarString
L 12/29/2025 - 19:46:16: [SM]   [1] Line 138, C:\Users\Moises\Downloads\Compressed\sourcemod-1.11.0-git6968-windows\addons\sourcemod\scripting\ÒankrunFixhealth.sp::IsTankRunActive
L 12/29/2025 - 19:46:16: [SM]   [2] Line 36, C:\Users\Moises\Downloads\Compressed\sourcemod-1.11.0-git6968-windows\addons\sourcemod\scripting\ÒankrunFixhealth.sp::Timer_PeriodicCheck
L 12/29/2025 - 19:46:19: [SM] Exception reported: Invalid convar handle 0 (error 4)
L 12/29/2025 - 19:46:19: [SM] Blaming: ÒankrunFixhealth.smx
L 12/29/2025 - 19:46:19: [SM] Call stack trace:
L 12/29/2025 - 19:46:19: [SM]   [0] GetConVarString
L 12/29/2025 - 19:46:19: [SM]   [1] Line 138, C:\Users\Moises\Downloads\Compressed\sourcemod-1.11.0-git6968-windows\addons\sourcemod\scripting\ÒankrunFixhealth.sp::IsTankRunActive
L 12/29/2025 - 19:46:19: [SM]   [2] Line 79, C:\Users\Moises\Downloads\Compressed\sourcemod-1.11.0-git6968-windows\addons\sourcemod\scripting\ÒankrunFixhealth.sp::Event_PlayerDeath
L 12/29/2025 - 19:46:19: [SM] Exception reported: Invalid convar handle 0 (error 4)
L 12/29/2025 - 19:46:19: [SM] Blaming: ÒankrunFixhealth.smx
L 12/29/2025 - 19:46:19: [SM] Call stack trace:
L 12/29/2025 - 19:46:19: [SM]   [0] GetConVarString
L 12/29/2025 - 19:46:19: [SM]   [1] Line 138, C:\Users\Moises\Downloads\Compressed\sourcemod-1.11.0-git6968-windows\addons\sourcemod\scripting\ÒankrunFixhealth.sp::IsTankRunActive
L 12/29/2025 - 19:46:19: [SM]   [2] Line 79, C:\Users\Moises\Downloads\Compressed\sourcemod-1.11.0-git6968-windows\addons\sourcemod\scripting\ÒankrunFixhealth.sp::Event_PlayerDeath
L 12/29/2025 - 19:46:20: [SM] Exception reported: Language phrase "Type in chat !join To join the survivors" not found (arg 6)
L 12/29/2025 - 19:46:20: [SM] Blaming: l4dmultislots.smx
L 12/29/2025 - 19:46:20: [SM] Call stack trace:
L 12/29/2025 - 19:46:20: [SM]   [0] VFormat
L 12/29/2025 - 19:46:20: [SM]   [1] Line 71, D:\Github\Private-Work\L4D2-Êèí‰ª∂\scripting_1.11\include\multicolors.inc::CPrintToChat
L 12/29/2025 - 19:46:20: [SM]   [2] Line 938, d:\Github\Private-Work\L4D2-Êèí‰ª∂\scripting_1.11\l4dmultislots.sp::Timer_SpecCheck
L 12/29/2025 - 19:46:23: [SM] Exception reported: Invalid convar handle 0 (error 4)
L 12/29/2025 - 19:46:23: [SM] Blaming: ÒankrunFixhealth.smx
L 12/29/2025 - 19:46:23: [SM] Call stack trace:
L 12/29/2025 - 19:46:23: [SM]   [0] GetConVarString
L 12/29/2025 - 19:46:23: [SM]   [1] Line 138, C:\Users\Moises\Downloads\Compressed\sourcemod-1.11.0-git6968-windows\addons\sourcemod\scripting\ÒankrunFixhealth.sp::IsTankRunActive
L 12/29/2025 - 19:46:23: [SM]   [2] Line 79, C:\Users\Moises\Downloads\Compressed\sourcemod-1.11.0-git6968-windows\addons\sourcemod\scripting\ÒankrunFixhealth.sp::Event_PlayerDeath
L 12/29/2025 - 19:46:26: [SM] Exception reported: Invalid convar handle 0 (error 4)
L 12/29/2025 - 19:46:26: [SM] Blaming: ÒankrunFixhealth.smx
L 12/29/2025 - 19:46:26: [SM] Call stack trace:
L 12/29/2025 - 19:46:26: [SM]   [0] GetConVarString
L 12/29/2025 - 19:46:26: [SM]   [1] Line 138, C:\Users\Moises\Downloads\Compressed\sourcemod-1.11.0-git6968-windows\addons\sourcemod\scripting\ÒankrunFixhealth.sp::IsTankRunActive
L 12/29/2025 - 19:46:26: [SM]   [2] Line 36, C:\Users\Moises\Downloads\Compressed\sourcemod-1.11.0-git6968-windows\addons\sourcemod\scripting\ÒankrunFixhealth.sp::Timer_PeriodicCheck
L 12/29/2025 - 19:46:36: [SM] Exception reported: Invalid convar handle 0 (error 4)
L 12/29/2025 - 19:46:36: [SM] Blaming: ÒankrunFixhealth.smx
L 12/29/2025 - 19:46:36: [SM] Call stack trace:
L 12/29/2025 - 19:46:36: [SM]   [0] GetConVarString
L 12/29/2025 - 19:46:36: [SM]   [1] Line 138, C:\Users\Moises\Downloads\Compressed\sourcemod-1.11.0-git6968-windows\addons\sourcemod\scripting\ÒankrunFixhealth.sp::IsTankRunActive
L 12/29/2025 - 19:46:36: [SM]   [2] Line 36, C:\Users\Moises\Downloads\Compressed\sourcemod-1.11.0-git6968-windows\addons\sourcemod\scripting\ÒankrunFixhealth.sp::Timer_PeriodicCheck
L 12/29/2025 - 19:46:37: [SM] Exception reported: Invalid convar handle 0 (error 4)
L 12/29/2025 - 19:46:37: [SM] Blaming: ÒankrunFixhealth.smx
L 12/29/2025 - 19:46:37: [SM] Call stack trace:
L 12/29/2025 - 19:46:37: [SM]   [0] GetConVarString
L 12/29/2025 - 19:46:37: [SM]   [1] Line 138, C:\Users\Moises\Downloads\Compressed\sourcemod-1.11.0-git6968-windows\addons\sourcemod\scripting\ÒankrunFixhealth.sp::IsTankRunActive
L 12/29/2025 - 19:46:37: [SM]   [2] Line 79, C:\Users\Moises\Downloads\Compressed\sourcemod-1.11.0-git6968-windows\addons\sourcemod\scripting\ÒankrunFixhealth.sp::Event_PlayerDeath
L 12/29/2025 - 19:46:45: [SM] Exception reported: Language phrase "Type in chat !join To join the survivors" not found (arg 6)
L 12/29/2025 - 19:46:45: [SM] Blaming: l4dmultislots.smx
L 12/29/2025 - 19:46:45: [SM] Call stack trace:
L 12/29/2025 - 19:46:45: [SM]   [0] VFormat
L 12/29/2025 - 19:46:45: [SM]   [1] Line 71, D:\Github\Private-Work\L4D2-Êèí‰ª∂\scripting_1.11\include\multicolors.inc::CPrintToChat
L 12/29/2025 - 19:46:45: [SM]   [2] Line 938, d:\Github\Private-Work\L4D2-Êèí‰ª∂\scripting_1.11\l4dmultislots.sp::Timer_SpecCheck
L 12/29/2025 - 19:46:46: [SM] Exception reported: Invalid convar handle 0 (error 4)
L 12/29/2025 - 19:46:46: [SM] Blaming: ÒankrunFixhealth.smx
L 12/29/2025 - 19:46:46: [SM] Call stack trace:
L 12/29/2025 - 19:46:46: [SM]   [0] GetConVarString
L 12/29/2025 - 19:46:46: [SM]   [1] Line 138, C:\Users\Moises\Downloads\Compressed\sourcemod-1.11.0-git6968-windows\addons\sourcemod\scripting\ÒankrunFixhealth.sp::IsTankRunActive
L 12/29/2025 - 19:46:46: [SM]   [2] Line 36, C:\Users\Moises\Downloads\Compressed\sourcemod-1.11.0-git6968-windows\addons\sourcemod\scripting\ÒankrunFixhealth.sp::Timer_PeriodicCheck
L 12/29/2025 - 19:46:56: [SM] Exception reported: Invalid convar handle 0 (error 4)
L 12/29/2025 - 19:46:56: [SM] Blaming: ÒankrunFixhealth.smx
L 12/29/2025 - 19:46:56: [SM] Call stack trace:
L 12/29/2025 - 19:46:56: [SM]   [0] GetConVarString
L 12/29/2025 - 19:46:56: [SM]   [1] Line 138, C:\Users\Moises\Downloads\Compressed\sourcemod-1.11.0-git6968-windows\addons\sourcemod\scripting\ÒankrunFixhealth.sp::IsTankRunActive
L 12/29/2025 - 19:46:56: [SM]   [2] Line 36, C:\Users\Moises\Downloads\Compressed\sourcemod-1.11.0-git6968-windows\addons\sourcemod\scripting\ÒankrunFixhealth.sp::Timer_PeriodicCheck
L 12/29/2025 - 19:47:06: [SM] Exception reported: Invalid convar handle 0 (error 4)
L 12/29/2025 - 19:47:06: [SM] Blaming: ÒankrunFixhealth.smx
L 12/29/2025 - 19:47:06: [SM] Call stack trace:
L 12/29/2025 - 19:47:06: [SM]   [0] GetConVarString
L 12/29/2025 - 19:47:06: [SM]   [1] Line 138, C:\Users\Moises\Downloads\Compressed\sourcemod-1.11.0-git6968-windows\addons\sourcemod\scripting\ÒankrunFixhealth.sp::IsTankRunActive
L 12/29/2025 - 19:47:06: [SM]   [2] Line 36, C:\Users\Moises\Downloads\Compressed\sourcemod-1.11.0-git6968-windows\addons\sourcemod\scripting\ÒankrunFixhealth.sp::Timer_PeriodicCheck
L 12/29/2025 - 19:47:10: [SM] Exception reported: Language phrase "Please wait to be revived or rescued" not found (arg 6)
L 12/29/2025 - 19:47:10: [SM] Blaming: l4dmultislots.smx
L 12/29/2025 - 19:47:10: [SM] Call stack trace:
L 12/29/2025 - 19:47:10: [SM]   [0] PrintToChat
L 12/29/2025 - 19:47:10: [SM]   [1] Line 953, d:\Github\Private-Work\L4D2-Êèí‰ª∂\scripting_1.11\l4dmultislots.sp::Timer_SpecCheck
L 12/29/2025 - 19:47:16: [SM] Exception reported: Invalid convar handle 0 (error 4)
L 12/29/2025 - 19:47:16: [SM] Blaming: ÒankrunFixhealth.smx
L 12/29/2025 - 19:47:16: [SM] Call stack trace:
L 12/29/2025 - 19:47:16: [SM]   [0] GetConVarString
L 12/29/2025 - 19:47:16: [SM]   [1] Line 138, C:\Users\Moises\Downloads\Compressed\sourcemod-1.11.0-git6968-windows\addons\sourcemod\scripting\ÒankrunFixhealth.sp::IsTankRunActive
L 12/29/2025 - 19:47:16: [SM]   [2] Line 36, C:\Users\Moises\Downloads\Compressed\sourcemod-1.11.0-git6968-windows\addons\sourcemod\scripting\ÒankrunFixhealth.sp::Timer_PeriodicCheck
L 12/29/2025 - 19:47:23: [SM] Exception reported: Invalid timer handle 4200497 (error 3)
L 12/29/2025 - 19:47:23: [SM] Blaming: l4d2_playerjoining_v2.smx
L 12/29/2025 - 19:47:23: [SM] Call stack trace:
L 12/29/2025 - 19:47:23: [SM]   [0] KillTimer
L 12/29/2025 - 19:47:23: [SM]   [1] Line 53, C:\Users\Moises\Downloads\Compressed\sourcemod-1.11.0-git6968-windows\addons\sourcemod\scripting\l4d2_playerjoining_v2.sp::OnClientDisconnect
L 12/29/2025 - 19:47:26: [SM] Exception reported: Invalid convar handle 0 (error 4)
L 12/29/2025 - 19:47:26: [SM] Blaming: ÒankrunFixhealth.smx
L 12/29/2025 - 19:47:26: [SM] Call stack trace:
L 12/29/2025 - 19:47:26: [SM]   [0] GetConVarString
L 12/29/2025 - 19:47:26: [SM]   [1] Line 138, C:\Users\Moises\Downloads\Compressed\sourcemod-1.11.0-git6968-windows\addons\sourcemod\scripting\ÒankrunFixhealth.sp::IsTankRunActive
L 12/29/2025 - 19:47:26: [SM]   [2] Line 36, C:\Users\Moises\Downloads\Compressed\sourcemod-1.11.0-git6968-windows\addons\sourcemod\scripting\ÒankrunFixhealth.sp::Timer_PeriodicCheck
L 12/29/2025 - 19:47:30: [SM] Exception reported: Invalid timer handle 4200497 (error 3)
L 12/29/2025 - 19:47:30: [SM] Blaming: l4d2_playerjoining_v2.smx
L 12/29/2025 - 19:47:30: [SM] Call stack trace:
L 12/29/2025 - 19:47:30: [SM]   [0] KillTimer
L 12/29/2025 - 19:47:30: [SM]   [1] Line 53, C:\Users\Moises\Downloads\Compressed\sourcemod-1.11.0-git6968-windows\addons\sourcemod\scripting\l4d2_playerjoining_v2.sp::OnClientDisconnect
L 12/29/2025 - 19:47:32: [SM] Exception reported: Invalid convar handle 0 (error 4)
L 12/29/2025 - 19:47:32: [SM] Blaming: ÒankrunFixhealth.smx
L 12/29/2025 - 19:47:32: [SM] Call stack trace:
L 12/29/2025 - 19:47:32: [SM]   [0] GetConVarString
L 12/29/2025 - 19:47:32: [SM]   [1] Line 138, C:\Users\Moises\Downloads\Compressed\sourcemod-1.11.0-git6968-windows\addons\sourcemod\scripting\ÒankrunFixhealth.sp::IsTankRunActive
L 12/29/2025 - 19:47:32: [SM]   [2] Line 79, C:\Users\Moises\Downloads\Compressed\sourcemod-1.11.0-git6968-windows\addons\sourcemod\scripting\ÒankrunFixhealth.sp::Event_PlayerDeath
L 12/29/2025 - 19:47:35: [SM] Exception reported: Language phrase "Please wait to be revived or rescued" not found (arg 6)
L 12/29/2025 - 19:47:35: [SM] Blaming: l4dmultislots.smx
L 12/29/2025 - 19:47:35: [SM] Call stack trace:
L 12/29/2025 - 19:47:35: [SM]   [0] PrintToChat
L 12/29/2025 - 19:47:35: [SM]   [1] Line 953, d:\Github\Private-Work\L4D2-Êèí‰ª∂\scripting_1.11\l4dmultislots.sp::Timer_SpecCheck
L 12/29/2025 - 19:47:36: [SM] Exception reported: Invalid convar handle 0 (error 4)
L 12/29/2025 - 19:47:36: [SM] Blaming: ÒankrunFixhealth.smx
L 12/29/2025 - 19:47:36: [SM] Call stack trace:
L 12/29/2025 - 19:47:36: [SM]   [0] GetConVarString
L 12/29/2025 - 19:47:36: [SM]   [1] Line 138, C:\Users\Moises\Downloads\Compressed\sourcemod-1.11.0-git6968-windows\addons\sourcemod\scripting\ÒankrunFixhealth.sp::IsTankRunActive
L 12/29/2025 - 19:47:36: [SM]   [2] Line 36, C:\Users\Moises\Downloads\Compressed\sourcemod-1.11.0-git6968-windows\addons\sourcemod\scripting\ÒankrunFixhealth.sp::Timer_PeriodicCheck
L 12/29/2025 - 19:47:38: [SM] Exception reported: Invalid convar handle 0 (error 4)
L 12/29/2025 - 19:47:38: [SM] Blaming: ÒankrunFixhealth.smx
L 12/29/2025 - 19:47:38: [SM] Call stack trace:
L 12/29/2025 - 19:47:38: [SM]   [0] GetConVarString
L 12/29/2025 - 19:47:38: [SM]   [1] Line 138, C:\Users\Moises\Downloads\Compressed\sourcemod-1.11.0-git6968-windows\addons\sourcemod\scripting\ÒankrunFixhealth.sp::IsTankRunActive
L 12/29/2025 - 19:47:38: [SM]   [2] Line 79, C:\Users\Moises\Downloads\Compressed\sourcemod-1.11.0-git6968-windows\addons\sourcemod\scripting\ÒankrunFixhealth.sp::Event_PlayerDeath
L 12/29/2025 - 19:47:39: [SM] Exception reported: Invalid timer handle 9670045a (error 1)
L 12/29/2025 - 19:47:39: [SM] Blaming: l4d2_playerjoining_v2.smx
L 12/29/2025 - 19:47:39: [SM] Call stack trace:
L 12/29/2025 - 19:47:39: [SM]   [0] KillTimer
L 12/29/2025 - 19:47:39: [SM]   [1] Line 53, C:\Users\Moises\Downloads\Compressed\sourcemod-1.11.0-git6968-windows\addons\sourcemod\scripting\l4d2_playerjoining_v2.sp::OnClientDisconnect
L 12/29/2025 - 19:47:42: [SM] Exception reported: Invalid convar handle 0 (error 4)
L 12/29/2025 - 19:47:42: [SM] Blaming: ÒankrunFixhealth.smx
L 12/29/2025 - 19:47:42: [SM] Call stack trace:
L 12/29/2025 - 19:47:42: [SM]   [0] GetConVarString
L 12/29/2025 - 19:47:42: [SM]   [1] Line 138, C:\Users\Moises\Downloads\Compressed\sourcemod-1.11.0-git6968-windows\addons\sourcemod\scripting\ÒankrunFixhealth.sp::IsTankRunActive
L 12/29/2025 - 19:47:42: [SM]   [2] Line 79, C:\Users\Moises\Downloads\Compressed\sourcemod-1.11.0-git6968-windows\addons\sourcemod\scripting\ÒankrunFixhealth.sp::Event_PlayerDeath
L 12/29/2025 - 19:47:43: [SM] Exception reported: Invalid convar handle 0 (error 4)
L 12/29/2025 - 19:47:43: [SM] Blaming: ÒankrunFixhealth.smx
L 12/29/2025 - 19:47:43: [SM] Call stack trace:
L 12/29/2025 - 19:47:43: [SM]   [0] GetConVarString
L 12/29/2025 - 19:47:43: [SM]   [1] Line 138, C:\Users\Moises\Downloads\Compressed\sourcemod-1.11.0-git6968-windows\addons\sourcemod\scripting\ÒankrunFixhealth.sp::IsTankRunActive
L 12/29/2025 - 19:47:43: [SM]   [2] Line 79, C:\Users\Moises\Downloads\Compressed\sourcemod-1.11.0-git6968-windows\addons\sourcemod\scripting\ÒankrunFixhealth.sp::Event_PlayerDeath
L 12/29/2025 - 19:47:45: [SM] Exception reported: Invalid timer handle f4c0047d (error 1)
L 12/29/2025 - 19:47:45: [SM] Blaming: l4d2_playerjoining_v2.smx
L 12/29/2025 - 19:47:45: [SM] Call stack trace:
L 12/29/2025 - 19:47:45: [SM]   [0] KillTimer
L 12/29/2025 - 19:47:45: [SM]   [1] Line 53, C:\Users\Moises\Downloads\Compressed\sourcemod-1.11.0-git6968-windows\addons\sourcemod\scripting\l4d2_playerjoining_v2.sp::OnClientDisconnect
L 12/29/2025 - 19:47:46: [SM] Exception reported: Invalid convar handle 0 (error 4)
L 12/29/2025 - 19:47:46: [SM] Blaming: ÒankrunFixhealth.smx
L 12/29/2025 - 19:47:46: [SM] Call stack trace:
L 12/29/2025 - 19:47:46: [SM]   [0] GetConVarString
L 12/29/2025 - 19:47:46: [SM]   [1] Line 138, C:\Users\Moises\Downloads\Compressed\sourcemod-1.11.0-git6968-windows\addons\sourcemod\scripting\ÒankrunFixhealth.sp::IsTankRunActive
L 12/29/2025 - 19:47:46: [SM]   [2] Line 36, C:\Users\Moises\Downloads\Compressed\sourcemod-1.11.0-git6968-windows\addons\sourcemod\scripting\ÒankrunFixhealth.sp::Timer_PeriodicCheck
L 12/29/2025 - 19:47:46: [SM] Exception reported: Invalid convar handle 0 (error 4)
L 12/29/2025 - 19:47:46: [SM] Blaming: ÒankrunFixhealth.smx
L 12/29/2025 - 19:47:46: [SM] Call stack trace:
L 12/29/2025 - 19:47:46: [SM]   [0] GetConVarString
L 12/29/2025 - 19:47:46: [SM]   [1] Line 138, C:\Users\Moises\Downloads\Compressed\sourcemod-1.11.0-git6968-windows\addons\sourcemod\scripting\ÒankrunFixhealth.sp::IsTankRunActive
L 12/29/2025 - 19:47:46: [SM]   [2] Line 79, C:\Users\Moises\Downloads\Compressed\sourcemod-1.11.0-git6968-windows\addons\sourcemod\scripting\ÒankrunFixhealth.sp::Event_PlayerDeath
L 12/29/2025 - 19:47:49: [SM] Exception reported: Invalid convar handle 0 (error 4)
L 12/29/2025 - 19:47:49: [SM] Blaming: ÒankrunFixhealth.smx
L 12/29/2025 - 19:47:49: [SM] Call stack trace:
L 12/29/2025 - 19:47:49: [SM]   [0] GetConVarString
L 12/29/2025 - 19:47:49: [SM]   [1] Line 138, C:\Users\Moises\Downloads\Compressed\sourcemod-1.11.0-git6968-windows\addons\sourcemod\scripting\ÒankrunFixhealth.sp::IsTankRunActive
L 12/29/2025 - 19:47:49: [SM]   [2] Line 79, C:\Users\Moises\Downloads\Compressed\sourcemod-1.11.0-git6968-windows\addons\sourcemod\scripting\ÒankrunFixhealth.sp::Event_PlayerDeath
L 12/29/2025 - 19:47:53: [SM] Exception reported: Invalid timer handle c1000499 (error 1)
L 12/29/2025 - 19:47:53: [SM] Blaming: l4d2_playerjoining_v2.smx
L 12/29/2025 - 19:47:53: [SM] Call stack trace:
L 12/29/2025 - 19:47:53: [SM]   [0] KillTimer
L 12/29/2025 - 19:47:53: [SM]   [1] Line 53, C:\Users\Moises\Downloads\Compressed\sourcemod-1.11.0-git6968-windows\addons\sourcemod\scripting\l4d2_playerjoining_v2.sp::OnClientDisconnect
L 12/29/2025 - 19:47:55: [SM] Exception reported: Language phrase "Not enough player slots" not found (arg 5)
L 12/29/2025 - 19:47:55: [SM] Blaming: all4dead2.smx
L 12/29/2025 - 19:47:55: [SM] Call stack trace:
L 12/29/2025 - 19:47:55: [SM]   [0] VFormat
L 12/29/2025 - 19:47:55: [SM]   [1] Line 71, D:\Github\Private-Work\L4D2-Êèí‰ª∂\scripting_1.11\include\multicolors.inc::CPrintToChat
L 12/29/2025 - 19:47:55: [SM]   [2] Line 484, d:\Github\Private-Work\L4D2-Êèí‰ª∂\scripting_1.11\all4dead2.sp::Do_SpawnInfected
L 12/29/2025 - 19:47:55: [SM]   [3] Line 314, d:\Github\Private-Work\L4D2-Êèí‰ª∂\scripting_1.11\all4dead2.sp::Menu_SpawnSInfectedHandler
L 12/29/2025 - 19:47:56: [SM] Exception reported: Invalid convar handle 0 (error 4)
L 12/29/2025 - 19:47:56: [SM] Blaming: ÒankrunFixhealth.smx
L 12/29/2025 - 19:47:56: [SM] Call stack trace:
L 12/29/2025 - 19:47:56: [SM]   [0] GetConVarString
L 12/29/2025 - 19:47:56: [SM]   [1] Line 138, C:\Users\Moises\Downloads\Compressed\sourcemod-1.11.0-git6968-windows\addons\sourcemod\scripting\ÒankrunFixhealth.sp::IsTankRunActive
L 12/29/2025 - 19:47:56: [SM]   [2] Line 36, C:\Users\Moises\Downloads\Compressed\sourcemod-1.11.0-git6968-windows\addons\sourcemod\scripting\ÒankrunFixhealth.sp::Timer_PeriodicCheck
L 12/29/2025 - 19:47:56: [SM] Exception reported: Invalid timer handle 4ab00447 (error 1)
L 12/29/2025 - 19:47:56: [SM] Blaming: l4d2_playerjoining_v2.smx
L 12/29/2025 - 19:47:56: [SM] Call stack trace:
L 12/29/2025 - 19:47:56: [SM]   [0] KillTimer
L 12/29/2025 - 19:47:56: [SM]   [1] Line 53, C:\Users\Moises\Downloads\Compressed\sourcemod-1.11.0-git6968-windows\addons\sourcemod\scripting\l4d2_playerjoining_v2.sp::OnClientDisconnect
L 12/29/2025 - 19:48:00: [SM] Exception reported: Language phrase "Please wait to be revived or rescued" not found (arg 6)
L 12/29/2025 - 19:48:00: [SM] Blaming: l4dmultislots.smx
L 12/29/2025 - 19:48:00: [SM] Call stack trace:
L 12/29/2025 - 19:48:00: [SM]   [0] PrintToChat
L 12/29/2025 - 19:48:00: [SM]   [1] Line 953, d:\Github\Private-Work\L4D2-Êèí‰ª∂\scripting_1.11\l4dmultislots.sp::Timer_SpecCheck
L 12/29/2025 - 19:48:06: [SM] Exception reported: Invalid convar handle 0 (error 4)
L 12/29/2025 - 19:48:06: [SM] Blaming: ÒankrunFixhealth.smx
L 12/29/2025 - 19:48:06: [SM] Call stack trace:
L 12/29/2025 - 19:48:06: [SM]   [0] GetConVarString
L 12/29/2025 - 19:48:06: [SM]   [1] Line 138, C:\Users\Moises\Downloads\Compressed\sourcemod-1.11.0-git6968-windows\addons\sourcemod\scripting\ÒankrunFixhealth.sp::IsTankRunActive
L 12/29/2025 - 19:48:06: [SM]   [2] Line 36, C:\Users\Moises\Downloads\Compressed\sourcemod-1.11.0-git6968-windows\addons\sourcemod\scripting\ÒankrunFixhealth.sp::Timer_PeriodicCheck
L 12/29/2025 - 19:48:08: [SM] Exception reported: Invalid convar handle 0 (error 4)
L 12/29/2025 - 19:48:08: [SM] Blaming: ÒankrunFixhealth.smx
L 12/29/2025 - 19:48:08: [SM] Call stack trace:
L 12/29/2025 - 19:48:08: [SM]   [0] GetConVarString
L 12/29/2025 - 19:48:08: [SM]   [1] Line 138, C:\Users\Moises\Downloads\Compressed\sourcemod-1.11.0-git6968-windows\addons\sourcemod\scripting\ÒankrunFixhealth.sp::IsTankRunActive
L 12/29/2025 - 19:48:08: [SM]   [2] Line 79, C:\Users\Moises\Downloads\Compressed\sourcemod-1.11.0-git6968-windows\addons\sourcemod\scripting\ÒankrunFixhealth.sp::Event_PlayerDeath
L 12/29/2025 - 19:48:15: [SM] Exception reported: Invalid convar handle 0 (error 4)
L 12/29/2025 - 19:48:15: [SM] Blaming: ÒankrunFixhealth.smx
L 12/29/2025 - 19:48:15: [SM] Call stack trace:
L 12/29/2025 - 19:48:15: [SM]   [0] GetConVarString
L 12/29/2025 - 19:48:15: [SM]   [1] Line 138, C:\Users\Moises\Downloads\Compressed\sourcemod-1.11.0-git6968-windows\addons\sourcemod\scripting\ÒankrunFixhealth.sp::IsTankRunActive
L 12/29/2025 - 19:48:15: [SM]   [2] Line 79, C:\Users\Moises\Downloads\Compressed\sourcemod-1.11.0-git6968-windows\addons\sourcemod\scripting\ÒankrunFixhealth.sp::Event_PlayerDeath
L 12/29/2025 - 19:48:16: [SM] Exception reported: Invalid convar handle 0 (error 4)
L 12/29/2025 - 19:48:16: [SM] Blaming: ÒankrunFixhealth.smx
L 12/29/2025 - 19:48:16: [SM] Call stack trace:
L 12/29/2025 - 19:48:16: [SM]   [0] GetConVarString
L 12/29/2025 - 19:48:16: [SM]   [1] Line 138, C:\Users\Moises\Downloads\Compressed\sourcemod-1.11.0-git6968-windows\addons\sourcemod\scripting\ÒankrunFixhealth.sp::IsTankRunActive
L 12/29/2025 - 19:48:16: [SM]   [2] Line 36, C:\Users\Moises\Downloads\Compressed\sourcemod-1.11.0-git6968-windows\addons\sourcemod\scripting\ÒankrunFixhealth.sp::Timer_PeriodicCheck
L 12/29/2025 - 19:48:17: [SM] Exception reported: Invalid convar handle 0 (error 4)
L 12/29/2025 - 19:48:17: [SM] Blaming: ÒankrunFixhealth.smx
L 12/29/2025 - 19:48:17: [SM] Call stack trace:
L 12/29/2025 - 19:48:17: [SM]   [0] GetConVarString
L 12/29/2025 - 19:48:17: [SM]   [1] Line 138, C:\Users\Moises\Downloads\Compressed\sourcemod-1.11.0-git6968-windows\addons\sourcemod\scripting\ÒankrunFixhealth.sp::IsTankRunActive
L 12/29/2025 - 19:48:17: [SM]   [2] Line 79, C:\Users\Moises\Downloads\Compressed\sourcemod-1.11.0-git6968-windows\addons\sourcemod\scripting\ÒankrunFixhealth.sp::Event_PlayerDeath
L 12/29/2025 - 19:48:24: [SM] Exception reported: Invalid convar handle 0 (error 4)
L 12/29/2025 - 19:48:24: [SM] Blaming: ÒankrunFixhealth.smx
L 12/29/2025 - 19:48:24: [SM] Call stack trace:
L 12/29/2025 - 19:48:24: [SM]   [0] GetConVarString
L 12/29/2025 - 19:48:24: [SM]   [1] Line 138, C:\Users\Moises\Downloads\Compressed\sourcemod-1.11.0-git6968-windows\addons\sourcemod\scripting\ÒankrunFixhealth.sp::IsTankRunActive
L 12/29/2025 - 19:48:24: [SM]   [2] Line 79, C:\Users\Moises\Downloads\Compressed\sourcemod-1.11.0-git6968-windows\addons\sourcemod\scripting\ÒankrunFixhealth.sp::Event_PlayerDeath
L 12/29/2025 - 19:48:24: [SM] Exception reported: Invalid convar handle 0 (error 4)
L 12/29/2025 - 19:48:24: [SM] Blaming: ÒankrunFixhealth.smx
L 12/29/2025 - 19:48:24: [SM] Call stack trace:
L 12/29/2025 - 19:48:24: [SM]   [0] GetConVarString
L 12/29/2025 - 19:48:24: [SM]   [1] Line 138, C:\Users\Moises\Downloads\Compressed\sourcemod-1.11.0-git6968-windows\addons\sourcemod\scripting\ÒankrunFixhealth.sp::IsTankRunActive
L 12/29/2025 - 19:48:24: [SM]   [2] Line 79, C:\Users\Moises\Downloads\Compressed\sourcemod-1.11.0-git6968-windows\addons\sourcemod\scripting\ÒankrunFixhealth.sp::Event_PlayerDeath
L 12/29/2025 - 19:48:24: [SM] Exception reported: Invalid timer handle 4200497 (error 3)
L 12/29/2025 - 19:48:24: [SM] Blaming: l4d2_playerjoining_v2.smx
L 12/29/2025 - 19:48:24: [SM] Call stack trace:
L 12/29/2025 - 19:48:24: [SM]   [0] KillTimer
L 12/29/2025 - 19:48:24: [SM]   [1] Line 53, C:\Users\Moises\Downloads\Compressed\sourcemod-1.11.0-git6968-windows\addons\sourcemod\scripting\l4d2_playerjoining_v2.sp::OnClientDisconnect
L 12/29/2025 - 19:48:25: [SM] Exception reported: Language phrase "Please wait to be revived or rescued" not found (arg 6)
L 12/29/2025 - 19:48:25: [SM] Blaming: l4dmultislots.smx
L 12/29/2025 - 19:48:25: [SM] Call stack trace:
L 12/29/2025 - 19:48:25: [SM]   [0] PrintToChat
L 12/29/2025 - 19:48:25: [SM]   [1] Line 953, d:\Github\Private-Work\L4D2-Êèí‰ª∂\scripting_1.11\l4dmultislots.sp::Timer_SpecCheck
L 12/29/2025 - 19:48:26: [SM] Exception reported: Invalid convar handle 0 (error 4)
L 12/29/2025 - 19:48:26: [SM] Blaming: ÒankrunFixhealth.smx
L 12/29/2025 - 19:48:26: [SM] Call stack trace:
L 12/29/2025 - 19:48:26: [SM]   [0] GetConVarString
L 12/29/2025 - 19:48:26: [SM]   [1] Line 138, C:\Users\Moises\Downloads\Compressed\sourcemod-1.11.0-git6968-windows\addons\sourcemod\scripting\ÒankrunFixhealth.sp::IsTankRunActive
L 12/29/2025 - 19:48:26: [SM]   [2] Line 36, C:\Users\Moises\Downloads\Compressed\sourcemod-1.11.0-git6968-windows\addons\sourcemod\scripting\ÒankrunFixhealth.sp::Timer_PeriodicCheck
L 12/29/2025 - 19:48:30: [SM] Exception reported: Invalid convar handle 0 (error 4)
L 12/29/2025 - 19:48:30: [SM] Blaming: ÒankrunFixhealth.smx
L 12/29/2025 - 19:48:30: [SM] Call stack trace:
L 12/29/2025 - 19:48:30: [SM]   [0] GetConVarString
L 12/29/2025 - 19:48:30: [SM]   [1] Line 138, C:\Users\Moises\Downloads\Compressed\sourcemod-1.11.0-git6968-windows\addons\sourcemod\scripting\ÒankrunFixhealth.sp::IsTankRunActive
L 12/29/2025 - 19:48:30: [SM]   [2] Line 79, C:\Users\Moises\Downloads\Compressed\sourcemod-1.11.0-git6968-windows\addons\sourcemod\scripting\ÒankrunFixhealth.sp::Event_PlayerDeath
L 12/29/2025 - 19:48:31: [SM] Exception reported: Invalid convar handle 0 (error 4)
L 12/29/2025 - 19:48:31: [SM] Blaming: ÒankrunFixhealth.smx
L 12/29/2025 - 19:48:31: [SM] Call stack trace:
L 12/29/2025 - 19:48:31: [SM]   [0] GetConVarString
L 12/29/2025 - 19:48:31: [SM]   [1] Line 138, C:\Users\Moises\Downloads\Compressed\sourcemod-1.11.0-git6968-windows\addons\sourcemod\scripting\ÒankrunFixhealth.sp::IsTankRunActive
L 12/29/2025 - 19:48:31: [SM]   [2] Line 79, C:\Users\Moises\Downloads\Compressed\sourcemod-1.11.0-git6968-windows\addons\sourcemod\scripting\ÒankrunFixhealth.sp::Event_PlayerDeath
L 12/29/2025 - 19:48:31: [SM] Exception reported: Invalid timer handle 9670045a (error 1)
L 12/29/2025 - 19:48:31: [SM] Blaming: l4d2_playerjoining_v2.smx
L 12/29/2025 - 19:48:31: [SM] Call stack trace:
L 12/29/2025 - 19:48:31: [SM]   [0] KillTimer
L 12/29/2025 - 19:48:31: [SM]   [1] Line 53, C:\Users\Moises\Downloads\Compressed\sourcemod-1.11.0-git6968-windows\addons\sourcemod\scripting\l4d2_playerjoining_v2.sp::OnClientDisconnect
L 12/29/2025 - 19:48:32: [SM] Exception reported: Invalid convar handle 0 (error 4)
L 12/29/2025 - 19:48:32: [SM] Blaming: ÒankrunFixhealth.smx
L 12/29/2025 - 19:48:32: [SM] Call stack trace:
L 12/29/2025 - 19:48:32: [SM]   [0] GetConVarString
L 12/29/2025 - 19:48:32: [SM]   [1] Line 138, C:\Users\Moises\Downloads\Compressed\sourcemod-1.11.0-git6968-windows\addons\sourcemod\scripting\ÒankrunFixhealth.sp::IsTankRunActive
L 12/29/2025 - 19:48:32: [SM]   [2] Line 79, C:\Users\Moises\Downloads\Compressed\sourcemod-1.11.0-git6968-windows\addons\sourcemod\scripting\ÒankrunFixhealth.sp::Event_PlayerDeath
L 12/29/2025 - 19:48:32: [SM] Exception reported: Invalid convar handle 0 (error 4)
L 12/29/2025 - 19:48:32: [SM] Blaming: ÒankrunFixhealth.smx
L 12/29/2025 - 19:48:32: [SM] Call stack trace:
L 12/29/2025 - 19:48:32: [SM]   [0] GetConVarString
L 12/29/2025 - 19:48:32: [SM]   [1] Line 138, C:\Users\Moises\Downloads\Compressed\sourcemod-1.11.0-git6968-windows\addons\sourcemod\scripting\ÒankrunFixhealth.sp::IsTankRunActive
L 12/29/2025 - 19:48:32: [SM]   [2] Line 91, C:\Users\Moises\Downloads\Compressed\sourcemod-1.11.0-git6968-windows\addons\sourcemod\scripting\ÒankrunFixhealth.sp::Event_MissionLost
L 12/29/2025 - 19:48:36: [SM] Exception reported: Invalid convar handle 0 (error 4)
L 12/29/2025 - 19:48:36: [SM] Blaming: ÒankrunFixhealth.smx
L 12/29/2025 - 19:48:36: [SM] Call stack trace:
L 12/29/2025 - 19:48:36: [SM]   [0] GetConVarString
L 12/29/2025 - 19:48:36: [SM]   [1] Line 138, C:\Users\Moises\Downloads\Compressed\sourcemod-1.11.0-git6968-windows\addons\sourcemod\scripting\ÒankrunFixhealth.sp::IsTankRunActive
L 12/29/2025 - 19:48:36: [SM]   [2] Line 36, C:\Users\Moises\Downloads\Compressed\sourcemod-1.11.0-git6968-windows\addons\sourcemod\scripting\ÒankrunFixhealth.sp::Timer_PeriodicCheck
L 12/29/2025 - 19:48:37: [SM] Exception reported: Invalid timer handle f4c0047d (error 1)
L 12/29/2025 - 19:48:37: [SM] Blaming: l4d2_playerjoining_v2.smx
L 12/29/2025 - 19:48:37: [SM] Call stack trace:
L 12/29/2025 - 19:48:37: [SM]   [0] KillTimer
L 12/29/2025 - 19:48:37: [SM]   [1] Line 53, C:\Users\Moises\Downloads\Compressed\sourcemod-1.11.0-git6968-windows\addons\sourcemod\scripting\l4d2_playerjoining_v2.sp::OnClientDisconnect
L 12/29/2025 - 19:48:38: [SM] Exception reported: Invalid timer handle f130046f (error 3)
L 12/29/2025 - 19:48:38: [SM] Blaming: l4d2_playerjoining_v2.smx
L 12/29/2025 - 19:48:38: [SM] Call stack trace:
L 12/29/2025 - 19:48:38: [SM]   [0] KillTimer
L 12/29/2025 - 19:48:38: [SM]   [1] Line 53, C:\Users\Moises\Downloads\Compressed\sourcemod-1.11.0-git6968-windows\addons\sourcemod\scripting\l4d2_playerjoining_v2.sp::OnClientDisconnect
L 12/29/2025 - 19:48:40: [SM] Exception reported: Invalid convar handle 0 (error 4)
L 12/29/2025 - 19:48:40: [SM] Blaming: ÒankrunFixhealth.smx
L 12/29/2025 - 19:48:40: [SM] Call stack trace:
L 12/29/2025 - 19:48:40: [SM]   [0] GetConVarString
L 12/29/2025 - 19:48:40: [SM]   [1] Line 138, C:\Users\Moises\Downloads\Compressed\sourcemod-1.11.0-git6968-windows\addons\sourcemod\scripting\ÒankrunFixhealth.sp::IsTankRunActive
L 12/29/2025 - 19:48:40: [SM]   [2] Line 54, C:\Users\Moises\Downloads\Compressed\sourcemod-1.11.0-git6968-windows\addons\sourcemod\scripting\ÒankrunFixhealth.sp::Event_RoundStart
L 12/29/2025 - 19:48:40: [SM] Exception reported: Invalid timer handle 4200497 (error 1)
L 12/29/2025 - 19:48:40: [SM] Blaming: l4d2_playerjoining_v2.smx
L 12/29/2025 - 19:48:40: [SM] Call stack trace:
L 12/29/2025 - 19:48:40: [SM]   [0] KillTimer
L 12/29/2025 - 19:48:40: [SM]   [1] Line 53, C:\Users\Moises\Downloads\Compressed\sourcemod-1.11.0-git6968-windows\addons\sourcemod\scripting\l4d2_playerjoining_v2.sp::OnClientDisconnect
L 12/29/2025 - 19:48:40: [SM] Exception reported: Invalid timer handle 43900466 (error 1)
L 12/29/2025 - 19:48:40: [SM] Blaming: l4d2_playerjoining_v2.smx
L 12/29/2025 - 19:48:40: [SM] Call stack trace:
L 12/29/2025 - 19:48:40: [SM]   [0] KillTimer
L 12/29/2025 - 19:48:40: [SM]   [1] Line 53, C:\Users\Moises\Downloads\Compressed\sourcemod-1.11.0-git6968-windows\addons\sourcemod\scripting\l4d2_playerjoining_v2.sp::OnClientDisconnect
L 12/29/2025 - 19:48:40: [SM] Exception reported: Invalid timer handle c1000499 (error 1)
L 12/29/2025 - 19:48:40: [SM] Blaming: l4d2_playerjoining_v2.smx
L 12/29/2025 - 19:48:40: [SM] Call stack trace:
L 12/29/2025 - 19:48:40: [SM]   [0] KillTimer
L 12/29/2025 - 19:48:40: [SM]   [1] Line 53, C:\Users\Moises\Downloads\Compressed\sourcemod-1.11.0-git6968-windows\addons\sourcemod\scripting\l4d2_playerjoining_v2.sp::OnClientDisconnect
L 12/29/2025 - 19:48:46: [SM] Exception reported: Invalid convar handle 0 (error 4)
L 12/29/2025 - 19:48:46: [SM] Blaming: ÒankrunFixhealth.smx
L 12/29/2025 - 19:48:46: [SM] Call stack trace:
L 12/29/2025 - 19:48:46: [SM]   [0] GetConVarString
L 12/29/2025 - 19:48:46: [SM]   [1] Line 138, C:\Users\Moises\Downloads\Compressed\sourcemod-1.11.0-git6968-windows\addons\sourcemod\scripting\ÒankrunFixhealth.sp::IsTankRunActive
L 12/29/2025 - 19:48:46: [SM]   [2] Line 36, C:\Users\Moises\Downloads\Compressed\sourcemod-1.11.0-git6968-windows\addons\sourcemod\scripting\ÒankrunFixhealth.sp::Timer_PeriodicCheck
L 12/29/2025 - 19:48:56: [SM] Exception reported: Invalid convar handle 0 (error 4)
L 12/29/2025 - 19:48:56: [SM] Blaming: ÒankrunFixhealth.smx
L 12/29/2025 - 19:48:56: [SM] Call stack trace:
L 12/29/2025 - 19:48:56: [SM]   [0] GetConVarString
L 12/29/2025 - 19:48:56: [SM]   [1] Line 138, C:\Users\Moises\Downloads\Compressed\sourcemod-1.11.0-git6968-windows\addons\sourcemod\scripting\ÒankrunFixhealth.sp::IsTankRunActive
L 12/29/2025 - 19:48:56: [SM]   [2] Line 36, C:\Users\Moises\Downloads\Compressed\sourcemod-1.11.0-git6968-windows\addons\sourcemod\scripting\ÒankrunFixhealth.sp::Timer_PeriodicCheck
L 12/29/2025 - 19:48:56: [SM] Exception reported: Invalid timer handle f4c0047d (error 1)
L 12/29/2025 - 19:48:56: [SM] Blaming: l4d2_playerjoining_v2.smx
L 12/29/2025 - 19:48:56: [SM] Call stack trace:
L 12/29/2025 - 19:48:56: [SM]   [0] KillTimer
L 12/29/2025 - 19:48:56: [SM]   [1] Line 53, C:\Users\Moises\Downloads\Compressed\sourcemod-1.11.0-git6968-windows\addons\sourcemod\scripting\l4d2_playerjoining_v2.sp::OnClientDisconnect
L 12/29/2025 - 19:49:01: [SM] Exception reported: Invalid timer handle f4c0047d (error 1)
L 12/29/2025 - 19:49:01: [SM] Blaming: l4d2_playerjoining_v2.smx
L 12/29/2025 - 19:49:01: [SM] Call stack trace:
L 12/29/2025 - 19:49:01: [SM]   [0] KillTimer
L 12/29/2025 - 19:49:01: [SM]   [1] Line 53, C:\Users\Moises\Downloads\Compressed\sourcemod-1.11.0-git6968-windows\addons\sourcemod\scripting\l4d2_playerjoining_v2.sp::OnClientDisconnect
L 12/29/2025 - 19:49:06: [SM] Exception reported: Invalid convar handle 0 (error 4)
L 12/29/2025 - 19:49:06: [SM] Blaming: ÒankrunFixhealth.smx
L 12/29/2025 - 19:49:06: [SM] Call stack trace:
L 12/29/2025 - 19:49:06: [SM]   [0] GetConVarString
L 12/29/2025 - 19:49:06: [SM]   [1] Line 138, C:\Users\Moises\Downloads\Compressed\sourcemod-1.11.0-git6968-windows\addons\sourcemod\scripting\ÒankrunFixhealth.sp::IsTankRunActive
L 12/29/2025 - 19:49:06: [SM]   [2] Line 36, C:\Users\Moises\Downloads\Compressed\sourcemod-1.11.0-git6968-windows\addons\sourcemod\scripting\ÒankrunFixhealth.sp::Timer_PeriodicCheck
L 12/29/2025 - 19:49:14: [SM] Exception reported: Invalid convar handle 0 (error 4)
L 12/29/2025 - 19:49:14: [SM] Blaming: ÒankrunFixhealth.smx
L 12/29/2025 - 19:49:14: [SM] Call stack trace:
L 12/29/2025 - 19:49:14: [SM]   [0] GetConVarString
L 12/29/2025 - 19:49:14: [SM]   [1] Line 138, C:\Users\Moises\Downloads\Compressed\sourcemod-1.11.0-git6968-windows\addons\sourcemod\scripting\ÒankrunFixhealth.sp::IsTankRunActive
L 12/29/2025 - 19:49:14: [SM]   [2] Line 79, C:\Users\Moises\Downloads\Compressed\sourcemod-1.11.0-git6968-windows\addons\sourcemod\scripting\ÒankrunFixhealth.sp::Event_PlayerDeath
L 12/29/2025 - 19:49:16: [SM] Exception reported: Invalid convar handle 0 (error 4)
L 12/29/2025 - 19:49:16: [SM] Blaming: ÒankrunFixhealth.smx
L 12/29/2025 - 19:49:16: [SM] Call stack trace:
L 12/29/2025 - 19:49:16: [SM]   [0] GetConVarString
L 12/29/2025 - 19:49:16: [SM]   [1] Line 138, C:\Users\Moises\Downloads\Compressed\sourcemod-1.11.0-git6968-windows\addons\sourcemod\scripting\ÒankrunFixhealth.sp::IsTankRunActive
L 12/29/2025 - 19:49:16: [SM]   [2] Line 36, C:\Users\Moises\Downloads\Compressed\sourcemod-1.11.0-git6968-windows\addons\sourcemod\scripting\ÒankrunFixhealth.sp::Timer_PeriodicCheck
L 12/29/2025 - 19:49:26: [SM] Exception reported: Invalid convar handle 0 (error 4)
L 12/29/2025 - 19:49:26: [SM] Blaming: ÒankrunFixhealth.smx
L 12/29/2025 - 19:49:26: [SM] Call stack trace:
L 12/29/2025 - 19:49:26: [SM]   [0] GetConVarString
L 12/29/2025 - 19:49:26: [SM]   [1] Line 138, C:\Users\Moises\Downloads\Compressed\sourcemod-1.11.0-git6968-windows\addons\sourcemod\scripting\ÒankrunFixhealth.sp::IsTankRunActive
L 12/29/2025 - 19:49:26: [SM]   [2] Line 36, C:\Users\Moises\Downloads\Compressed\sourcemod-1.11.0-git6968-windows\addons\sourcemod\scripting\ÒankrunFixhealth.sp::Timer_PeriodicCheck
L 12/29/2025 - 19:49:30: [SM] Exception reported: Language phrase "Please wait to be revived or rescued" not found (arg 6)
L 12/29/2025 - 19:49:30: [SM] Blaming: l4dmultislots.smx
L 12/29/2025 - 19:49:30: [SM] Call stack trace:
L 12/29/2025 - 19:49:30: [SM]   [0] PrintToChat
L 12/29/2025 - 19:49:30: [SM]   [1] Line 953, d:\Github\Private-Work\L4D2-Êèí‰ª∂\scripting_1.11\l4dmultislots.sp::Timer_SpecCheck
L 12/29/2025 - 19:49:36: [SM] Exception reported: Invalid convar handle 0 (error 4)
L 12/29/2025 - 19:49:36: [SM] Blaming: ÒankrunFixhealth.smx
L 12/29/2025 - 19:49:36: [SM] Call stack trace:
L 12/29/2025 - 19:49:36: [SM]   [0] GetConVarString
L 12/29/2025 - 19:49:36: [SM]   [1] Line 138, C:\Users\Moises\Downloads\Compressed\sourcemod-1.11.0-git6968-windows\addons\sourcemod\scripting\ÒankrunFixhealth.sp::IsTankRunActive
L 12/29/2025 - 19:49:36: [SM]   [2] Line 36, C:\Users\Moises\Downloads\Compressed\sourcemod-1.11.0-git6968-windows\addons\sourcemod\scripting\ÒankrunFixhealth.sp::Timer_PeriodicCheck
L 12/29/2025 - 19:49:46: [SM] Exception reported: Invalid convar handle 0 (error 4)
L 12/29/2025 - 19:49:46: [SM] Blaming: ÒankrunFixhealth.smx
L 12/29/2025 - 19:49:46: [SM] Call stack trace:
L 12/29/2025 - 19:49:46: [SM]   [0] GetConVarString
L 12/29/2025 - 19:49:46: [SM]   [1] Line 138, C:\Users\Moises\Downloads\Compressed\sourcemod-1.11.0-git6968-windows\addons\sourcemod\scripting\ÒankrunFixhealth.sp::IsTankRunActive
L 12/29/2025 - 19:49:46: [SM]   [2] Line 36, C:\Users\Moises\Downloads\Compressed\sourcemod-1.11.0-git6968-windows\addons\sourcemod\scripting\ÒankrunFixhealth.sp::Timer_PeriodicCheck
L 12/29/2025 - 19:49:55: [SM] Exception reported: Language phrase "Please wait to be revived or rescued" not found (arg 6)
L 12/29/2025 - 19:49:55: [SM] Blaming: l4dmultislots.smx
L 12/29/2025 - 19:49:55: [SM] Call stack trace:
L 12/29/2025 - 19:49:55: [SM]   [0] PrintToChat
L 12/29/2025 - 19:49:55: [SM]   [1] Line 953, d:\Github\Private-Work\L4D2-Êèí‰ª∂\scripting_1.11\l4dmultislots.sp::Timer_SpecCheck
L 12/29/2025 - 19:49:56: [SM] Exception reported: Invalid convar handle 0 (error 4)
L 12/29/2025 - 19:49:56: [SM] Blaming: ÒankrunFixhealth.smx
L 12/29/2025 - 19:49:56: [SM] Call stack trace:
L 12/29/2025 - 19:49:56: [SM]   [0] GetConVarString
L 12/29/2025 - 19:49:56: [SM]   [1] Line 138, C:\Users\Moises\Downloads\Compressed\sourcemod-1.11.0-git6968-windows\addons\sourcemod\scripting\ÒankrunFixhealth.sp::IsTankRunActive
L 12/29/2025 - 19:49:56: [SM]   [2] Line 36, C:\Users\Moises\Downloads\Compressed\sourcemod-1.11.0-git6968-windows\addons\sourcemod\scripting\ÒankrunFixhealth.sp::Timer_PeriodicCheck
L 12/29/2025 - 19:50:06: [SM] Exception reported: Invalid convar handle 0 (error 4)
L 12/29/2025 - 19:50:06: [SM] Blaming: ÒankrunFixhealth.smx
L 12/29/2025 - 19:50:06: [SM] Call stack trace:
L 12/29/2025 - 19:50:06: [SM]   [0] GetConVarString
L 12/29/2025 - 19:50:06: [SM]   [1] Line 138, C:\Users\Moises\Downloads\Compressed\sourcemod-1.11.0-git6968-windows\addons\sourcemod\scripting\ÒankrunFixhealth.sp::IsTankRunActive
L 12/29/2025 - 19:50:06: [SM]   [2] Line 36, C:\Users\Moises\Downloads\Compressed\sourcemod-1.11.0-git6968-windows\addons\sourcemod\scripting\ÒankrunFixhealth.sp::Timer_PeriodicCheck
L 12/29/2025 - 19:50:12: [SM] Exception reported: Invalid convar handle 0 (error 4)
L 12/29/2025 - 19:50:12: [SM] Blaming: ÒankrunFixhealth.smx
L 12/29/2025 - 19:50:12: [SM] Call stack trace:
L 12/29/2025 - 19:50:12: [SM]   [0] GetConVarString
L 12/29/2025 - 19:50:12: [SM]   [1] Line 138, C:\Users\Moises\Downloads\Compressed\sourcemod-1.11.0-git6968-windows\addons\sourcemod\scripting\ÒankrunFixhealth.sp::IsTankRunActive
L 12/29/2025 - 19:50:12: [SM]   [2] Line 79, C:\Users\Moises\Downloads\Compressed\sourcemod-1.11.0-git6968-windows\addons\sourcemod\scripting\ÒankrunFixhealth.sp::Event_PlayerDeath
L 12/29/2025 - 19:50:16: [SM] Exception reported: Invalid convar handle 0 (error 4)
L 12/29/2025 - 19:50:16: [SM] Blaming: ÒankrunFixhealth.smx
L 12/29/2025 - 19:50:16: [SM] Call stack trace:
L 12/29/2025 - 19:50:16: [SM]   [0] GetConVarString
L 12/29/2025 - 19:50:16: [SM]   [1] Line 138, C:\Users\Moises\Downloads\Compressed\sourcemod-1.11.0-git6968-windows\addons\sourcemod\scripting\ÒankrunFixhealth.sp::IsTankRunActive
L 12/29/2025 - 19:50:16: [SM]   [2] Line 36, C:\Users\Moises\Downloads\Compressed\sourcemod-1.11.0-git6968-windows\addons\sourcemod\scripting\ÒankrunFixhealth.sp::Timer_PeriodicCheck
L 12/29/2025 - 19:50:20: [SM] Exception reported: Language phrase "Please wait to be revived or rescued" not found (arg 6)
L 12/29/2025 - 19:50:20: [SM] Blaming: l4dmultislots.smx
L 12/29/2025 - 19:50:20: [SM] Call stack trace:
L 12/29/2025 - 19:50:20: [SM]   [0] PrintToChat
L 12/29/2025 - 19:50:20: [SM]   [1] Line 953, d:\Github\Private-Work\L4D2-Êèí‰ª∂\scripting_1.11\l4dmultislots.sp::Timer_SpecCheck
L 12/29/2025 - 19:50:26: [SM] Exception reported: Invalid convar handle 0 (error 4)
L 12/29/2025 - 19:50:26: [SM] Blaming: ÒankrunFixhealth.smx
L 12/29/2025 - 19:50:26: [SM] Call stack trace:
L 12/29/2025 - 19:50:26: [SM]   [0] GetConVarString
L 12/29/2025 - 19:50:26: [SM]   [1] Line 138, C:\Users\Moises\Downloads\Compressed\sourcemod-1.11.0-git6968-windows\addons\sourcemod\scripting\ÒankrunFixhealth.sp::IsTankRunActive
L 12/29/2025 - 19:50:26: [SM]   [2] Line 36, C:\Users\Moises\Downloads\Compressed\sourcemod-1.11.0-git6968-windows\addons\sourcemod\scripting\ÒankrunFixhealth.sp::Timer_PeriodicCheck
L 12/29/2025 - 19:50:34: [SM] Exception reported: Invalid convar handle 0 (error 4)
L 12/29/2025 - 19:50:34: [SM] Blaming: ÒankrunFixhealth.smx
L 12/29/2025 - 19:50:34: [SM] Call stack trace:
L 12/29/2025 - 19:50:34: [SM]   [0] GetConVarString
L 12/29/2025 - 19:50:34: [SM]   [1] Line 138, C:\Users\Moises\Downloads\Compressed\sourcemod-1.11.0-git6968-windows\addons\sourcemod\scripting\ÒankrunFixhealth.sp::IsTankRunActive
L 12/29/2025 - 19:50:34: [SM]   [2] Line 79, C:\Users\Moises\Downloads\Compressed\sourcemod-1.11.0-git6968-windows\addons\sourcemod\scripting\ÒankrunFixhealth.sp::Event_PlayerDeath
L 12/29/2025 - 19:50:36: [SM] Exception reported: Invalid convar handle 0 (error 4)
L 12/29/2025 - 19:50:36: [SM] Blaming: ÒankrunFixhealth.smx
L 12/29/2025 - 19:50:36: [SM] Call stack trace:
L 12/29/2025 - 19:50:36: [SM]   [0] GetConVarString
L 12/29/2025 - 19:50:36: [SM]   [1] Line 138, C:\Users\Moises\Downloads\Compressed\sourcemod-1.11.0-git6968-windows\addons\sourcemod\scripting\ÒankrunFixhealth.sp::IsTankRunActive
L 12/29/2025 - 19:50:36: [SM]   [2] Line 36, C:\Users\Moises\Downloads\Compressed\sourcemod-1.11.0-git6968-windows\addons\sourcemod\scripting\ÒankrunFixhealth.sp::Timer_PeriodicCheck
L 12/29/2025 - 19:50:43: [SM] Exception reported: Invalid convar handle 0 (error 4)
L 12/29/2025 - 19:50:43: [SM] Blaming: ÒankrunFixhealth.smx
L 12/29/2025 - 19:50:43: [SM] Call stack trace:
L 12/29/2025 - 19:50:43: [SM]   [0] GetConVarString
L 12/29/2025 - 19:50:43: [SM]   [1] Line 138, C:\Users\Moises\Downloads\Compressed\sourcemod-1.11.0-git6968-windows\addons\sourcemod\scripting\ÒankrunFixhealth.sp::IsTankRunActive
L 12/29/2025 - 19:50:43: [SM]   [2] Line 79, C:\Users\Moises\Downloads\Compressed\sourcemod-1.11.0-git6968-windows\addons\sourcemod\scripting\ÒankrunFixhealth.sp::Event_PlayerDeath
L 12/29/2025 - 19:50:45: [SM] Exception reported: Language phrase "Please wait to be revived or rescued" not found (arg 6)
L 12/29/2025 - 19:50:45: [SM] Blaming: l4dmultislots.smx
L 12/29/2025 - 19:50:45: [SM] Call stack trace:
L 12/29/2025 - 19:50:45: [SM]   [0] PrintToChat
L 12/29/2025 - 19:50:45: [SM]   [1] Line 953, d:\Github\Private-Work\L4D2-Êèí‰ª∂\scripting_1.11\l4dmultislots.sp::Timer_SpecCheck
L 12/29/2025 - 19:50:46: [SM] Exception reported: Invalid convar handle 0 (error 4)
L 12/29/2025 - 19:50:46: [SM] Blaming: ÒankrunFixhealth.smx
L 12/29/2025 - 19:50:46: [SM] Call stack trace:
L 12/29/2025 - 19:50:46: [SM]   [0] GetConVarString
L 12/29/2025 - 19:50:46: [SM]   [1] Line 138, C:\Users\Moises\Downloads\Compressed\sourcemod-1.11.0-git6968-windows\addons\sourcemod\scripting\ÒankrunFixhealth.sp::IsTankRunActive
L 12/29/2025 - 19:50:46: [SM]   [2] Line 36, C:\Users\Moises\Downloads\Compressed\sourcemod-1.11.0-git6968-windows\addons\sourcemod\scripting\ÒankrunFixhealth.sp::Timer_PeriodicCheck
L 12/29/2025 - 19:50:46: [SM] Exception reported: Invalid convar handle 0 (error 4)
L 12/29/2025 - 19:50:46: [SM] Blaming: ÒankrunFixhealth.smx
L 12/29/2025 - 19:50:46: [SM] Call stack trace:
L 12/29/2025 - 19:50:46: [SM]   [0] GetConVarString
L 12/29/2025 - 19:50:46: [SM]   [1] Line 138, C:\Users\Moises\Downloads\Compressed\sourcemod-1.11.0-git6968-windows\addons\sourcemod\scripting\ÒankrunFixhealth.sp::IsTankRunActive
L 12/29/2025 - 19:50:46: [SM]   [2] Line 79, C:\Users\Moises\Downloads\Compressed\sourcemod-1.11.0-git6968-windows\addons\sourcemod\scripting\ÒankrunFixhealth.sp::Event_PlayerDeath
L 12/29/2025 - 19:50:50: [SM] Exception reported: Invalid timer handle 4200497 (error 3)
L 12/29/2025 - 19:50:50: [SM] Blaming: l4d2_playerjoining_v2.smx
L 12/29/2025 - 19:50:50: [SM] Call stack trace:
L 12/29/2025 - 19:50:50: [SM]   [0] KillTimer
L 12/29/2025 - 19:50:50: [SM]   [1] Line 53, C:\Users\Moises\Downloads\Compressed\sourcemod-1.11.0-git6968-windows\addons\sourcemod\scripting\l4d2_playerjoining_v2.sp::OnClientDisconnect
L 12/29/2025 - 19:50:56: [SM] Exception reported: Invalid convar handle 0 (error 4)
L 12/29/2025 - 19:50:56: [SM] Blaming: ÒankrunFixhealth.smx
L 12/29/2025 - 19:50:56: [SM] Call stack trace:
L 12/29/2025 - 19:50:56: [SM]   [0] GetConVarString
L 12/29/2025 - 19:50:56: [SM]   [1] Line 138, C:\Users\Moises\Downloads\Compressed\sourcemod-1.11.0-git6968-windows\addons\sourcemod\scripting\ÒankrunFixhealth.sp::IsTankRunActive
L 12/29/2025 - 19:50:56: [SM]   [2] Line 36, C:\Users\Moises\Downloads\Compressed\sourcemod-1.11.0-git6968-windows\addons\sourcemod\scripting\ÒankrunFixhealth.sp::Timer_PeriodicCheck
L 12/29/2025 - 19:51:06: [SM] Exception reported: Invalid convar handle 0 (error 4)
L 12/29/2025 - 19:51:06: [SM] Blaming: ÒankrunFixhealth.smx
L 12/29/2025 - 19:51:06: [SM] Call stack trace:
L 12/29/2025 - 19:51:06: [SM]   [0] GetConVarString
L 12/29/2025 - 19:51:06: [SM]   [1] Line 138, C:\Users\Moises\Downloads\Compressed\sourcemod-1.11.0-git6968-windows\addons\sourcemod\scripting\ÒankrunFixhealth.sp::IsTankRunActive
L 12/29/2025 - 19:51:06: [SM]   [2] Line 36, C:\Users\Moises\Downloads\Compressed\sourcemod-1.11.0-git6968-windows\addons\sourcemod\scripting\ÒankrunFixhealth.sp::Timer_PeriodicCheck
L 12/29/2025 - 19:51:08: [SM] Exception reported: Invalid convar handle 0 (error 4)
L 12/29/2025 - 19:51:08: [SM] Blaming: ÒankrunFixhealth.smx
L 12/29/2025 - 19:51:08: [SM] Call stack trace:
L 12/29/2025 - 19:51:08: [SM]   [0] GetConVarString
L 12/29/2025 - 19:51:08: [SM]   [1] Line 138, C:\Users\Moises\Downloads\Compressed\sourcemod-1.11.0-git6968-windows\addons\sourcemod\scripting\ÒankrunFixhealth.sp::IsTankRunActive
L 12/29/2025 - 19:51:08: [SM]   [2] Line 79, C:\Users\Moises\Downloads\Compressed\sourcemod-1.11.0-git6968-windows\addons\sourcemod\scripting\ÒankrunFixhealth.sp::Event_PlayerDeath
L 12/29/2025 - 19:51:08: [SM] Exception reported: Invalid convar handle 0 (error 4)
L 12/29/2025 - 19:51:08: [SM] Blaming: ÒankrunFixhealth.smx
L 12/29/2025 - 19:51:08: [SM] Call stack trace:
L 12/29/2025 - 19:51:08: [SM]   [0] GetConVarString
L 12/29/2025 - 19:51:08: [SM]   [1] Line 138, C:\Users\Moises\Downloads\Compressed\sourcemod-1.11.0-git6968-windows\addons\sourcemod\scripting\ÒankrunFixhealth.sp::IsTankRunActive
L 12/29/2025 - 19:51:08: [SM]   [2] Line 79, C:\Users\Moises\Downloads\Compressed\sourcemod-1.11.0-git6968-windows\addons\sourcemod\scripting\ÒankrunFixhealth.sp::Event_PlayerDeath
L 12/29/2025 - 19:51:10: [SM] Exception reported: Language phrase "Please wait to be revived or rescued" not found (arg 6)
L 12/29/2025 - 19:51:10: [SM] Blaming: l4dmultislots.smx
L 12/29/2025 - 19:51:10: [SM] Call stack trace:
L 12/29/2025 - 19:51:10: [SM]   [0] PrintToChat
L 12/29/2025 - 19:51:10: [SM]   [1] Line 953, d:\Github\Private-Work\L4D2-Êèí‰ª∂\scripting_1.11\l4dmultislots.sp::Timer_SpecCheck
L 12/29/2025 - 19:51:15: [SM] Exception reported: Invalid timer handle f4c0047d (error 1)
L 12/29/2025 - 19:51:15: [SM] Blaming: l4d2_playerjoining_v2.smx
L 12/29/2025 - 19:51:15: [SM] Call stack trace:
L 12/29/2025 - 19:51:15: [SM]   [0] KillTimer
L 12/29/2025 - 19:51:15: [SM]   [1] Line 53, C:\Users\Moises\Downloads\Compressed\sourcemod-1.11.0-git6968-windows\addons\sourcemod\scripting\l4d2_playerjoining_v2.sp::OnClientDisconnect
L 12/29/2025 - 19:51:15: [SM] Exception reported: Invalid timer handle 43900466 (error 1)
L 12/29/2025 - 19:51:15: [SM] Blaming: l4d2_playerjoining_v2.smx
L 12/29/2025 - 19:51:15: [SM] Call stack trace:
L 12/29/2025 - 19:51:15: [SM]   [0] KillTimer
L 12/29/2025 - 19:51:15: [SM]   [1] Line 53, C:\Users\Moises\Downloads\Compressed\sourcemod-1.11.0-git6968-windows\addons\sourcemod\scripting\l4d2_playerjoining_v2.sp::OnClientDisconnect
L 12/29/2025 - 19:51:16: [SM] Exception reported: Invalid convar handle 0 (error 4)
L 12/29/2025 - 19:51:16: [SM] Blaming: ÒankrunFixhealth.smx
L 12/29/2025 - 19:51:16: [SM] Call stack trace:
L 12/29/2025 - 19:51:16: [SM]   [0] GetConVarString
L 12/29/2025 - 19:51:16: [SM]   [1] Line 138, C:\Users\Moises\Downloads\Compressed\sourcemod-1.11.0-git6968-windows\addons\sourcemod\scripting\ÒankrunFixhealth.sp::IsTankRunActive
L 12/29/2025 - 19:51:16: [SM]   [2] Line 36, C:\Users\Moises\Downloads\Compressed\sourcemod-1.11.0-git6968-windows\addons\sourcemod\scripting\ÒankrunFixhealth.sp::Timer_PeriodicCheck
L 12/29/2025 - 19:51:17: [SM] Exception reported: Invalid convar handle 0 (error 4)
L 12/29/2025 - 19:51:17: [SM] Blaming: ÒankrunFixhealth.smx
L 12/29/2025 - 19:51:17: [SM] Call stack trace:
L 12/29/2025 - 19:51:17: [SM]   [0] GetConVarString
L 12/29/2025 - 19:51:17: [SM]   [1] Line 138, C:\Users\Moises\Downloads\Compressed\sourcemod-1.11.0-git6968-windows\addons\sourcemod\scripting\ÒankrunFixhealth.sp::IsTankRunActive
L 12/29/2025 - 19:51:17: [SM]   [2] Line 79, C:\Users\Moises\Downloads\Compressed\sourcemod-1.11.0-git6968-windows\addons\sourcemod\scripting\ÒankrunFixhealth.sp::Event_PlayerDeath
L 12/29/2025 - 19:51:17: [SM] Exception reported: Invalid convar handle 0 (error 4)
L 12/29/2025 - 19:51:17: [SM] Blaming: ÒankrunFixhealth.smx
L 12/29/2025 - 19:51:17: [SM] Call stack trace:
L 12/29/2025 - 19:51:17: [SM]   [0] GetConVarString
L 12/29/2025 - 19:51:17: [SM]   [1] Line 138, C:\Users\Moises\Downloads\Compressed\sourcemod-1.11.0-git6968-windows\addons\sourcemod\scripting\ÒankrunFixhealth.sp::IsTankRunActive
L 12/29/2025 - 19:51:17: [SM]   [2] Line 79, C:\Users\Moises\Downloads\Compressed\sourcemod-1.11.0-git6968-windows\addons\sourcemod\scripting\ÒankrunFixhealth.sp::Event_PlayerDeath
L 12/29/2025 - 19:51:26: [SM] Exception reported: Invalid convar handle 0 (error 4)
L 12/29/2025 - 19:51:26: [SM] Blaming: ÒankrunFixhealth.smx
L 12/29/2025 - 19:51:26: [SM] Call stack trace:
L 12/29/2025 - 19:51:26: [SM]   [0] GetConVarString
L 12/29/2025 - 19:51:26: [SM]   [1] Line 138, C:\Users\Moises\Downloads\Compressed\sourcemod-1.11.0-git6968-windows\addons\sourcemod\scripting\ÒankrunFixhealth.sp::IsTankRunActive
L 12/29/2025 - 19:51:26: [SM]   [2] Line 36, C:\Users\Moises\Downloads\Compressed\sourcemod-1.11.0-git6968-windows\addons\sourcemod\scripting\ÒankrunFixhealth.sp::Timer_PeriodicCheck
L 12/29/2025 - 19:51:28: [SM] Exception reported: Invalid convar handle 0 (error 4)
L 12/29/2025 - 19:51:28: [SM] Blaming: ÒankrunFixhealth.smx
L 12/29/2025 - 19:51:28: [SM] Call stack trace:
L 12/29/2025 - 19:51:28: [SM]   [0] GetConVarString
L 12/29/2025 - 19:51:28: [SM]   [1] Line 138, C:\Users\Moises\Downloads\Compressed\sourcemod-1.11.0-git6968-windows\addons\sourcemod\scripting\ÒankrunFixhealth.sp::IsTankRunActive
L 12/29/2025 - 19:51:28: [SM]   [2] Line 79, C:\Users\Moises\Downloads\Compressed\sourcemod-1.11.0-git6968-windows\addons\sourcemod\scripting\ÒankrunFixhealth.sp::Event_PlayerDeath
L 12/29/2025 - 19:51:35: [SM] Exception reported: Language phrase "Type in chat !join To join the survivors" not found (arg 6)
L 12/29/2025 - 19:51:35: [SM] Blaming: l4dmultislots.smx
L 12/29/2025 - 19:51:35: [SM] Call stack trace:
L 12/29/2025 - 19:51:35: [SM]   [0] VFormat
L 12/29/2025 - 19:51:35: [SM]   [1] Line 71, D:\Github\Private-Work\L4D2-Êèí‰ª∂\scripting_1.11\include\multicolors.inc::CPrintToChat
L 12/29/2025 - 19:51:35: [SM]   [2] Line 938, d:\Github\Private-Work\L4D2-Êèí‰ª∂\scripting_1.11\l4dmultislots.sp::Timer_SpecCheck
L 12/29/2025 - 19:51:35: [SM] Exception reported: Invalid timer handle 43900466 (error 1)
L 12/29/2025 - 19:51:35: [SM] Blaming: l4d2_playerjoining_v2.smx
L 12/29/2025 - 19:51:35: [SM] Call stack trace:
L 12/29/2025 - 19:51:35: [SM]   [0] KillTimer
L 12/29/2025 - 19:51:35: [SM]   [1] Line 53, C:\Users\Moises\Downloads\Compressed\sourcemod-1.11.0-git6968-windows\addons\sourcemod\scripting\l4d2_playerjoining_v2.sp::OnClientDisconnect
L 12/29/2025 - 19:51:36: [SM] Exception reported: Invalid convar handle 0 (error 4)
L 12/29/2025 - 19:51:36: [SM] Blaming: ÒankrunFixhealth.smx
L 12/29/2025 - 19:51:36: [SM] Call stack trace:
L 12/29/2025 - 19:51:36: [SM]   [0] GetConVarString
L 12/29/2025 - 19:51:36: [SM]   [1] Line 138, C:\Users\Moises\Downloads\Compressed\sourcemod-1.11.0-git6968-windows\addons\sourcemod\scripting\ÒankrunFixhealth.sp::IsTankRunActive
L 12/29/2025 - 19:51:36: [SM]   [2] Line 36, C:\Users\Moises\Downloads\Compressed\sourcemod-1.11.0-git6968-windows\addons\sourcemod\scripting\ÒankrunFixhealth.sp::Timer_PeriodicCheck
L 12/29/2025 - 19:51:36: [SM] Exception reported: Invalid timer handle 43900466 (error 1)
L 12/29/2025 - 19:51:36: [SM] Blaming: l4d2_playerjoining_v2.smx
L 12/29/2025 - 19:51:36: [SM] Call stack trace:
L 12/29/2025 - 19:51:36: [SM]   [0] KillTimer
L 12/29/2025 - 19:51:36: [SM]   [1] Line 53, C:\Users\Moises\Downloads\Compressed\sourcemod-1.11.0-git6968-windows\addons\sourcemod\scripting\l4d2_playerjoining_v2.sp::OnClientDisconnect
L 12/29/2025 - 19:51:46: [SM] Exception reported: Invalid convar handle 0 (error 4)
L 12/29/2025 - 19:51:46: [SM] Blaming: ÒankrunFixhealth.smx
L 12/29/2025 - 19:51:46: [SM] Call stack trace:
L 12/29/2025 - 19:51:46: [SM]   [0] GetConVarString
L 12/29/2025 - 19:51:46: [SM]   [1] Line 138, C:\Users\Moises\Downloads\Compressed\sourcemod-1.11.0-git6968-windows\addons\sourcemod\scripting\ÒankrunFixhealth.sp::IsTankRunActive
L 12/29/2025 - 19:51:46: [SM]   [2] Line 36, C:\Users\Moises\Downloads\Compressed\sourcemod-1.11.0-git6968-windows\addons\sourcemod\scripting\ÒankrunFixhealth.sp::Timer_PeriodicCheck
L 12/29/2025 - 19:51:47: [SM] Exception reported: Invalid timer handle 43900466 (error 1)
L 12/29/2025 - 19:51:47: [SM] Blaming: l4d2_playerjoining_v2.smx
L 12/29/2025 - 19:51:47: [SM] Call stack trace:
L 12/29/2025 - 19:51:47: [SM]   [0] KillTimer
L 12/29/2025 - 19:51:47: [SM]   [1] Line 53, C:\Users\Moises\Downloads\Compressed\sourcemod-1.11.0-git6968-windows\addons\sourcemod\scripting\l4d2_playerjoining_v2.sp::OnClientDisconnect
L 12/29/2025 - 19:51:54: [SM] Exception reported: Invalid timer handle 8c700473 (error 1)
L 12/29/2025 - 19:51:54: [SM] Blaming: l4d2_playerjoining_v2.smx
L 12/29/2025 - 19:51:54: [SM] Call stack trace:
L 12/29/2025 - 19:51:54: [SM]   [0] KillTimer
L 12/29/2025 - 19:51:54: [SM]   [1] Line 53, C:\Users\Moises\Downloads\Compressed\sourcemod-1.11.0-git6968-windows\addons\sourcemod\scripting\l4d2_playerjoining_v2.sp::OnClientDisconnect
L 12/29/2025 - 19:51:54: [SM] Exception reported: Invalid convar handle 0 (error 4)
L 12/29/2025 - 19:51:54: [SM] Blaming: ÒankrunFixhealth.smx
L 12/29/2025 - 19:51:54: [SM] Call stack trace:
L 12/29/2025 - 19:51:54: [SM]   [0] GetConVarString
L 12/29/2025 - 19:51:54: [SM]   [1] Line 138, C:\Users\Moises\Downloads\Compressed\sourcemod-1.11.0-git6968-windows\addons\sourcemod\scripting\ÒankrunFixhealth.sp::IsTankRunActive
L 12/29/2025 - 19:51:54: [SM]   [2] Line 79, C:\Users\Moises\Downloads\Compressed\sourcemod-1.11.0-git6968-windows\addons\sourcemod\scripting\ÒankrunFixhealth.sp::Event_PlayerDeath
L 12/29/2025 - 19:51:56: [SM] Exception reported: Invalid convar handle 0 (error 4)
L 12/29/2025 - 19:51:56: [SM] Blaming: ÒankrunFixhealth.smx
L 12/29/2025 - 19:51:56: [SM] Call stack trace:
L 12/29/2025 - 19:51:56: [SM]   [0] GetConVarString
L 12/29/2025 - 19:51:56: [SM]   [1] Line 138, C:\Users\Moises\Downloads\Compressed\sourcemod-1.11.0-git6968-windows\addons\sourcemod\scripting\ÒankrunFixhealth.sp::IsTankRunActive
L 12/29/2025 - 19:51:56: [SM]   [2] Line 36, C:\Users\Moises\Downloads\Compressed\sourcemod-1.11.0-git6968-windows\addons\sourcemod\scripting\ÒankrunFixhealth.sp::Timer_PeriodicCheck
L 12/29/2025 - 19:52:00: [SM] Exception reported: Language phrase "Please wait to be revived or rescued" not found (arg 6)
L 12/29/2025 - 19:52:00: [SM] Blaming: l4dmultislots.smx
L 12/29/2025 - 19:52:00: [SM] Call stack trace:
L 12/29/2025 - 19:52:00: [SM]   [0] PrintToChat
L 12/29/2025 - 19:52:00: [SM]   [1] Line 953, d:\Github\Private-Work\L4D2-Êèí‰ª∂\scripting_1.11\l4dmultislots.sp::Timer_SpecCheck
L 12/29/2025 - 19:52:01: [SM] Exception reported: Invalid timer handle 4ab00447 (error 1)
L 12/29/2025 - 19:52:01: [SM] Blaming: l4d2_playerjoining_v2.smx
L 12/29/2025 - 19:52:01: [SM] Call stack trace:
L 12/29/2025 - 19:52:01: [SM]   [0] KillTimer
L 12/29/2025 - 19:52:01: [SM]   [1] Line 53, C:\Users\Moises\Downloads\Compressed\sourcemod-1.11.0-git6968-windows\addons\sourcemod\scripting\l4d2_playerjoining_v2.sp::OnClientDisconnect
L 12/29/2025 - 19:52:02: [SM] Exception reported: Invalid convar handle 0 (error 4)
L 12/29/2025 - 19:52:02: [SM] Blaming: ÒankrunFixhealth.smx
L 12/29/2025 - 19:52:02: [SM] Call stack trace:
L 12/29/2025 - 19:52:02: [SM]   [0] GetConVarString
L 12/29/2025 - 19:52:02: [SM]   [1] Line 138, C:\Users\Moises\Downloads\Compressed\sourcemod-1.11.0-git6968-windows\addons\sourcemod\scripting\ÒankrunFixhealth.sp::IsTankRunActive
L 12/29/2025 - 19:52:02: [SM]   [2] Line 79, C:\Users\Moises\Downloads\Compressed\sourcemod-1.11.0-git6968-windows\addons\sourcemod\scripting\ÒankrunFixhealth.sp::Event_PlayerDeath
L 12/29/2025 - 19:52:06: [SM] Exception reported: Invalid convar handle 0 (error 4)
L 12/29/2025 - 19:52:06: [SM] Blaming: ÒankrunFixhealth.smx
L 12/29/2025 - 19:52:06: [SM] Call stack trace:
L 12/29/2025 - 19:52:06: [SM]   [0] GetConVarString
L 12/29/2025 - 19:52:06: [SM]   [1] Line 138, C:\Users\Moises\Downloads\Compressed\sourcemod-1.11.0-git6968-windows\addons\sourcemod\scripting\ÒankrunFixhealth.sp::IsTankRunActive
L 12/29/2025 - 19:52:06: [SM]   [2] Line 36, C:\Users\Moises\Downloads\Compressed\sourcemod-1.11.0-git6968-windows\addons\sourcemod\scripting\ÒankrunFixhealth.sp::Timer_PeriodicCheck
L 12/29/2025 - 19:52:07: [SM] Exception reported: Invalid convar handle 0 (error 4)
L 12/29/2025 - 19:52:07: [SM] Blaming: ÒankrunFixhealth.smx
L 12/29/2025 - 19:52:07: [SM] Call stack trace:
L 12/29/2025 - 19:52:07: [SM]   [0] GetConVarString
L 12/29/2025 - 19:52:07: [SM]   [1] Line 138, C:\Users\Moises\Downloads\Compressed\sourcemod-1.11.0-git6968-windows\addons\sourcemod\scripting\ÒankrunFixhealth.sp::IsTankRunActive
L 12/29/2025 - 19:52:07: [SM]   [2] Line 79, C:\Users\Moises\Downloads\Compressed\sourcemod-1.11.0-git6968-windows\addons\sourcemod\scripting\ÒankrunFixhealth.sp::Event_PlayerDeath
L 12/29/2025 - 19:52:09: [SM] Exception reported: Invalid timer handle 9670045a (error 1)
L 12/29/2025 - 19:52:09: [SM] Blaming: l4d2_playerjoining_v2.smx
L 12/29/2025 - 19:52:10: [SM] Call stack trace:
L 12/29/2025 - 19:52:10: [SM]   [0] KillTimer
L 12/29/2025 - 19:52:10: [SM]   [1] Line 53, C:\Users\Moises\Downloads\Compressed\sourcemod-1.11.0-git6968-windows\addons\sourcemod\scripting\l4d2_playerjoining_v2.sp::OnClientDisconnect
L 12/29/2025 - 19:52:14: [SM] Exception reported: Invalid timer handle c1000499 (error 3)
L 12/29/2025 - 19:52:14: [SM] Blaming: l4d2_playerjoining_v2.smx
L 12/29/2025 - 19:52:14: [SM] Call stack trace:
L 12/29/2025 - 19:52:15: [SM]   [0] KillTimer
L 12/29/2025 - 19:52:15: [SM]   [1] Line 53, C:\Users\Moises\Downloads\Compressed\sourcemod-1.11.0-git6968-windows\addons\sourcemod\scripting\l4d2_playerjoining_v2.sp::OnClientDisconnect
L 12/29/2025 - 19:52:16: [SM] Exception reported: Invalid convar handle 0 (error 4)
L 12/29/2025 - 19:52:16: [SM] Blaming: ÒankrunFixhealth.smx
L 12/29/2025 - 19:52:16: [SM] Call stack trace:
L 12/29/2025 - 19:52:16: [SM]   [0] GetConVarString
L 12/29/2025 - 19:52:16: [SM]   [1] Line 138, C:\Users\Moises\Downloads\Compressed\sourcemod-1.11.0-git6968-windows\addons\sourcemod\scripting\ÒankrunFixhealth.sp::IsTankRunActive
L 12/29/2025 - 19:52:16: [SM]   [2] Line 36, C:\Users\Moises\Downloads\Compressed\sourcemod-1.11.0-git6968-windows\addons\sourcemod\scripting\ÒankrunFixhealth.sp::Timer_PeriodicCheck
L 12/29/2025 - 19:52:25: [SM] Exception reported: Language phrase "Please wait to be revived or rescued" not found (arg 6)
L 12/29/2025 - 19:52:25: [SM] Blaming: l4dmultislots.smx
L 12/29/2025 - 19:52:25: [SM] Call stack trace:
L 12/29/2025 - 19:52:25: [SM]   [0] PrintToChat
L 12/29/2025 - 19:52:25: [SM]   [1] Line 953, d:\Github\Private-Work\L4D2-Êèí‰ª∂\scripting_1.11\l4dmultislots.sp::Timer_SpecCheck
L 12/29/2025 - 19:52:26: [SM] Exception reported: Invalid convar handle 0 (error 4)
L 12/29/2025 - 19:52:26: [SM] Blaming: ÒankrunFixhealth.smx
L 12/29/2025 - 19:52:26: [SM] Call stack trace:
L 12/29/2025 - 19:52:26: [SM]   [0] GetConVarString
L 12/29/2025 - 19:52:26: [SM]   [1] Line 138, C:\Users\Moises\Downloads\Compressed\sourcemod-1.11.0-git6968-windows\addons\sourcemod\scripting\ÒankrunFixhealth.sp::IsTankRunActive
L 12/29/2025 - 19:52:26: [SM]   [2] Line 36, C:\Users\Moises\Downloads\Compressed\sourcemod-1.11.0-git6968-windows\addons\sourcemod\scripting\ÒankrunFixhealth.sp::Timer_PeriodicCheck
L 12/29/2025 - 19:52:28: [SM] Exception reported: Invalid convar handle 0 (error 4)
L 12/29/2025 - 19:52:28: [SM] Blaming: ÒankrunFixhealth.smx
L 12/29/2025 - 19:52:28: [SM] Call stack trace:
L 12/29/2025 - 19:52:28: [SM]   [0] GetConVarString
L 12/29/2025 - 19:52:28: [SM]   [1] Line 138, C:\Users\Moises\Downloads\Compressed\sourcemod-1.11.0-git6968-windows\addons\sourcemod\scripting\ÒankrunFixhealth.sp::IsTankRunActive
L 12/29/2025 - 19:52:28: [SM]   [2] Line 79, C:\Users\Moises\Downloads\Compressed\sourcemod-1.11.0-git6968-windows\addons\sourcemod\scripting\ÒankrunFixhealth.sp::Event_PlayerDeath
L 12/29/2025 - 19:52:34: [SM] Exception reported: Invalid convar handle 0 (error 4)
L 12/29/2025 - 19:52:34: [SM] Blaming: ÒankrunFixhealth.smx
L 12/29/2025 - 19:52:34: [SM] Call stack trace:
L 12/29/2025 - 19:52:34: [SM]   [0] GetConVarString
L 12/29/2025 - 19:52:34: [SM]   [1] Line 138, C:\Users\Moises\Downloads\Compressed\sourcemod-1.11.0-git6968-windows\addons\sourcemod\scripting\ÒankrunFixhealth.sp::IsTankRunActive
L 12/29/2025 - 19:52:34: [SM]   [2] Line 79, C:\Users\Moises\Downloads\Compressed\sourcemod-1.11.0-git6968-windows\addons\sourcemod\scripting\ÒankrunFixhealth.sp::Event_PlayerDeath
L 12/29/2025 - 19:52:35: [SM] Exception reported: Invalid timer handle f4c0047d (error 1)
L 12/29/2025 - 19:52:35: [SM] Blaming: l4d2_playerjoining_v2.smx
L 12/29/2025 - 19:52:35: [SM] Call stack trace:
L 12/29/2025 - 19:52:35: [SM]   [0] KillTimer
L 12/29/2025 - 19:52:35: [SM]   [1] Line 53, C:\Users\Moises\Downloads\Compressed\sourcemod-1.11.0-git6968-windows\addons\sourcemod\scripting\l4d2_playerjoining_v2.sp::OnClientDisconnect
L 12/29/2025 - 19:52:36: [SM] Exception reported: Invalid convar handle 0 (error 4)
L 12/29/2025 - 19:52:36: [SM] Blaming: ÒankrunFixhealth.smx
L 12/29/2025 - 19:52:36: [SM] Call stack trace:
L 12/29/2025 - 19:52:36: [SM]   [0] GetConVarString
L 12/29/2025 - 19:52:36: [SM]   [1] Line 138, C:\Users\Moises\Downloads\Compressed\sourcemod-1.11.0-git6968-windows\addons\sourcemod\scripting\ÒankrunFixhealth.sp::IsTankRunActive
L 12/29/2025 - 19:52:36: [SM]   [2] Line 36, C:\Users\Moises\Downloads\Compressed\sourcemod-1.11.0-git6968-windows\addons\sourcemod\scripting\ÒankrunFixhealth.sp::Timer_PeriodicCheck
L 12/29/2025 - 19:52:46: [SM] Exception reported: Invalid convar handle 0 (error 4)
L 12/29/2025 - 19:52:46: [SM] Blaming: ÒankrunFixhealth.smx
L 12/29/2025 - 19:52:46: [SM] Call stack trace:
L 12/29/2025 - 19:52:46: [SM]   [0] GetConVarString
L 12/29/2025 - 19:52:46: [SM]   [1] Line 138, C:\Users\Moises\Downloads\Compressed\sourcemod-1.11.0-git6968-windows\addons\sourcemod\scripting\ÒankrunFixhealth.sp::IsTankRunActive
L 12/29/2025 - 19:52:46: [SM]   [2] Line 36, C:\Users\Moises\Downloads\Compressed\sourcemod-1.11.0-git6968-windows\addons\sourcemod\scripting\ÒankrunFixhealth.sp::Timer_PeriodicCheck
L 12/29/2025 - 19:52:46: [SM] Exception reported: Invalid timer handle f4c0047d (error 1)
L 12/29/2025 - 19:52:46: [SM] Blaming: l4d2_playerjoining_v2.smx
L 12/29/2025 - 19:52:46: [SM] Call stack trace:
L 12/29/2025 - 19:52:46: [SM]   [0] KillTimer
L 12/29/2025 - 19:52:46: [SM]   [1] Line 53, C:\Users\Moises\Downloads\Compressed\sourcemod-1.11.0-git6968-windows\addons\sourcemod\scripting\l4d2_playerjoining_v2.sp::OnClientDisconnect
L 12/29/2025 - 19:52:50: [SM] Exception reported: Language phrase "Type in chat !join To join the survivors" not found (arg 6)
L 12/29/2025 - 19:52:50: [SM] Blaming: l4dmultislots.smx
L 12/29/2025 - 19:52:50: [SM] Call stack trace:
L 12/29/2025 - 19:52:50: [SM]   [0] VFormat
L 12/29/2025 - 19:52:50: [SM]   [1] Line 71, D:\Github\Private-Work\L4D2-Êèí‰ª∂\scripting_1.11\include\multicolors.inc::CPrintToChat
L 12/29/2025 - 19:52:50: [SM]   [2] Line 938, d:\Github\Private-Work\L4D2-Êèí‰ª∂\scripting_1.11\l4dmultislots.sp::Timer_SpecCheck
L 12/29/2025 - 19:52:56: [SM] Exception reported: Invalid convar handle 0 (error 4)
L 12/29/2025 - 19:52:56: [SM] Blaming: ÒankrunFixhealth.smx
L 12/29/2025 - 19:52:56: [SM] Call stack trace:
L 12/29/2025 - 19:52:56: [SM]   [0] GetConVarString
L 12/29/2025 - 19:52:56: [SM]   [1] Line 138, C:\Users\Moises\Downloads\Compressed\sourcemod-1.11.0-git6968-windows\addons\sourcemod\scripting\ÒankrunFixhealth.sp::IsTankRunActive
L 12/29/2025 - 19:52:56: [SM]   [2] Line 36, C:\Users\Moises\Downloads\Compressed\sourcemod-1.11.0-git6968-windows\addons\sourcemod\scripting\ÒankrunFixhealth.sp::Timer_PeriodicCheck
L 12/29/2025 - 19:52:57: [SM] Exception reported: Invalid timer handle 9670045a (error 1)
L 12/29/2025 - 19:52:57: [SM] Blaming: l4d2_playerjoining_v2.smx
L 12/29/2025 - 19:52:57: [SM] Call stack trace:
L 12/29/2025 - 19:52:57: [SM]   [0] KillTimer
L 12/29/2025 - 19:52:57: [SM]   [1] Line 53, C:\Users\Moises\Downloads\Compressed\sourcemod-1.11.0-git6968-windows\addons\sourcemod\scripting\l4d2_playerjoining_v2.sp::OnClientDisconnect
L 12/29/2025 - 19:53:06: [SM] Exception reported: Invalid convar handle 0 (error 4)
L 12/29/2025 - 19:53:06: [SM] Blaming: ÒankrunFixhealth.smx
L 12/29/2025 - 19:53:06: [SM] Call stack trace:
L 12/29/2025 - 19:53:06: [SM]   [0] GetConVarString
L 12/29/2025 - 19:53:06: [SM]   [1] Line 138, C:\Users\Moises\Downloads\Compressed\sourcemod-1.11.0-git6968-windows\addons\sourcemod\scripting\ÒankrunFixhealth.sp::IsTankRunActive
L 12/29/2025 - 19:53:06: [SM]   [2] Line 36, C:\Users\Moises\Downloads\Compressed\sourcemod-1.11.0-git6968-windows\addons\sourcemod\scripting\ÒankrunFixhealth.sp::Timer_PeriodicCheck
L 12/29/2025 - 19:53:10: [SM] Exception reported: Invalid convar handle 0 (error 4)
L 12/29/2025 - 19:53:10: [SM] Blaming: ÒankrunFixhealth.smx
L 12/29/2025 - 19:53:10: [SM] Call stack trace:
L 12/29/2025 - 19:53:10: [SM]   [0] GetConVarString
L 12/29/2025 - 19:53:10: [SM]   [1] Line 138, C:\Users\Moises\Downloads\Compressed\sourcemod-1.11.0-git6968-windows\addons\sourcemod\scripting\ÒankrunFixhealth.sp::IsTankRunActive
L 12/29/2025 - 19:53:10: [SM]   [2] Line 79, C:\Users\Moises\Downloads\Compressed\sourcemod-1.11.0-git6968-windows\addons\sourcemod\scripting\ÒankrunFixhealth.sp::Event_PlayerDeath
L 12/29/2025 - 19:53:11: [SM] Exception reported: Invalid timer handle 9670045a (error 1)
L 12/29/2025 - 19:53:11: [SM] Blaming: l4d2_playerjoining_v2.smx
L 12/29/2025 - 19:53:11: [SM] Call stack trace:
L 12/29/2025 - 19:53:11: [SM]   [0] KillTimer
L 12/29/2025 - 19:53:11: [SM]   [1] Line 53, C:\Users\Moises\Downloads\Compressed\sourcemod-1.11.0-git6968-windows\addons\sourcemod\scripting\l4d2_playerjoining_v2.sp::OnClientDisconnect
L 12/29/2025 - 19:53:15: [SM] Exception reported: Language phrase "Please wait to be revived or rescued" not found (arg 6)
L 12/29/2025 - 19:53:15: [SM] Blaming: l4dmultislots.smx
L 12/29/2025 - 19:53:15: [SM] Call stack trace:
L 12/29/2025 - 19:53:15: [SM]   [0] PrintToChat
L 12/29/2025 - 19:53:15: [SM]   [1] Line 953, d:\Github\Private-Work\L4D2-Êèí‰ª∂\scripting_1.11\l4dmultislots.sp::Timer_SpecCheck
L 12/29/2025 - 19:53:16: [SM] Exception reported: Invalid convar handle 0 (error 4)
L 12/29/2025 - 19:53:16: [SM] Blaming: ÒankrunFixhealth.smx
L 12/29/2025 - 19:53:16: [SM] Call stack trace:
L 12/29/2025 - 19:53:16: [SM]   [0] GetConVarString
L 12/29/2025 - 19:53:16: [SM]   [1] Line 138, C:\Users\Moises\Downloads\Compressed\sourcemod-1.11.0-git6968-windows\addons\sourcemod\scripting\ÒankrunFixhealth.sp::IsTankRunActive
L 12/29/2025 - 19:53:16: [SM]   [2] Line 36, C:\Users\Moises\Downloads\Compressed\sourcemod-1.11.0-git6968-windows\addons\sourcemod\scripting\ÒankrunFixhealth.sp::Timer_PeriodicCheck
L 12/29/2025 - 19:53:18: [SM] Exception reported: Invalid timer handle 9670045a (error 1)
L 12/29/2025 - 19:53:18: [SM] Blaming: l4d2_playerjoining_v2.smx
L 12/29/2025 - 19:53:18: [SM] Call stack trace:
L 12/29/2025 - 19:53:18: [SM]   [0] KillTimer
L 12/29/2025 - 19:53:18: [SM]   [1] Line 53, C:\Users\Moises\Downloads\Compressed\sourcemod-1.11.0-git6968-windows\addons\sourcemod\scripting\l4d2_playerjoining_v2.sp::OnClientDisconnect
L 12/29/2025 - 19:53:22: [SM] Exception reported: Invalid convar handle 0 (error 4)
L 12/29/2025 - 19:53:22: [SM] Blaming: ÒankrunFixhealth.smx
L 12/29/2025 - 19:53:22: [SM] Call stack trace:
L 12/29/2025 - 19:53:22: [SM]   [0] GetConVarString
L 12/29/2025 - 19:53:22: [SM]   [1] Line 138, C:\Users\Moises\Downloads\Compressed\sourcemod-1.11.0-git6968-windows\addons\sourcemod\scripting\ÒankrunFixhealth.sp::IsTankRunActive
L 12/29/2025 - 19:53:22: [SM]   [2] Line 79, C:\Users\Moises\Downloads\Compressed\sourcemod-1.11.0-git6968-windows\addons\sourcemod\scripting\ÒankrunFixhealth.sp::Event_PlayerDeath
L 12/29/2025 - 19:53:26: [SM] Exception reported: Invalid convar handle 0 (error 4)
L 12/29/2025 - 19:53:26: [SM] Blaming: ÒankrunFixhealth.smx
L 12/29/2025 - 19:53:26: [SM] Call stack trace:
L 12/29/2025 - 19:53:26: [SM]   [0] GetConVarString
L 12/29/2025 - 19:53:26: [SM]   [1] Line 138, C:\Users\Moises\Downloads\Compressed\sourcemod-1.11.0-git6968-windows\addons\sourcemod\scripting\ÒankrunFixhealth.sp::IsTankRunActive
L 12/29/2025 - 19:53:26: [SM]   [2] Line 36, C:\Users\Moises\Downloads\Compressed\sourcemod-1.11.0-git6968-windows\addons\sourcemod\scripting\ÒankrunFixhealth.sp::Timer_PeriodicCheck
L 12/29/2025 - 19:53:29: [SM] Exception reported: Invalid timer handle 9670045a (error 1)
L 12/29/2025 - 19:53:29: [SM] Blaming: l4d2_playerjoining_v2.smx
L 12/29/2025 - 19:53:29: [SM] Call stack trace:
L 12/29/2025 - 19:53:29: [SM]   [0] KillTimer
L 12/29/2025 - 19:53:29: [SM]   [1] Line 53, C:\Users\Moises\Downloads\Compressed\sourcemod-1.11.0-git6968-windows\addons\sourcemod\scripting\l4d2_playerjoining_v2.sp::OnClientDisconnect
L 12/29/2025 - 19:53:29: [SM] Exception reported: Invalid timer handle 4200497 (error 3)
L 12/29/2025 - 19:53:29: [SM] Blaming: l4d2_playerjoining_v2.smx
L 12/29/2025 - 19:53:29: [SM] Call stack trace:
L 12/29/2025 - 19:53:29: [SM]   [0] KillTimer
L 12/29/2025 - 19:53:29: [SM]   [1] Line 53, C:\Users\Moises\Downloads\Compressed\sourcemod-1.11.0-git6968-windows\addons\sourcemod\scripting\l4d2_playerjoining_v2.sp::OnClientDisconnect
L 12/29/2025 - 19:53:31: [SM] Exception reported: Invalid timer handle 4200497 (error 3)
L 12/29/2025 - 19:53:31: [SM] Blaming: l4d2_playerjoining_v2.smx
L 12/29/2025 - 19:53:31: [SM] Call stack trace:
L 12/29/2025 - 19:53:31: [SM]   [0] KillTimer
L 12/29/2025 - 19:53:31: [SM]   [1] Line 53, C:\Users\Moises\Downloads\Compressed\sourcemod-1.11.0-git6968-windows\addons\sourcemod\scripting\l4d2_playerjoining_v2.sp::OnClientDisconnect
L 12/29/2025 - 19:53:36: [SM] Exception reported: Invalid convar handle 0 (error 4)
L 12/29/2025 - 19:53:36: [SM] Blaming: ÒankrunFixhealth.smx
L 12/29/2025 - 19:53:36: [SM] Call stack trace:
L 12/29/2025 - 19:53:36: [SM]   [0] GetConVarString
L 12/29/2025 - 19:53:36: [SM]   [1] Line 138, C:\Users\Moises\Downloads\Compressed\sourcemod-1.11.0-git6968-windows\addons\sourcemod\scripting\ÒankrunFixhealth.sp::IsTankRunActive
L 12/29/2025 - 19:53:36: [SM]   [2] Line 36, C:\Users\Moises\Downloads\Compressed\sourcemod-1.11.0-git6968-windows\addons\sourcemod\scripting\ÒankrunFixhealth.sp::Timer_PeriodicCheck
L 12/29/2025 - 19:53:40: [SM] Exception reported: Language phrase "Please wait to be revived or rescued" not found (arg 6)
L 12/29/2025 - 19:53:40: [SM] Blaming: l4dmultislots.smx
L 12/29/2025 - 19:53:40: [SM] Call stack trace:
L 12/29/2025 - 19:53:40: [SM]   [0] PrintToChat
L 12/29/2025 - 19:53:40: [SM]   [1] Line 953, d:\Github\Private-Work\L4D2-Êèí‰ª∂\scripting_1.11\l4dmultislots.sp::Timer_SpecCheck
L 12/29/2025 - 19:53:41: [SM] Exception reported: Invalid convar handle 0 (error 4)
L 12/29/2025 - 19:53:41: [SM] Blaming: ÒankrunFixhealth.smx
L 12/29/2025 - 19:53:41: [SM] Call stack trace:
L 12/29/2025 - 19:53:41: [SM]   [0] GetConVarString
L 12/29/2025 - 19:53:41: [SM]   [1] Line 138, C:\Users\Moises\Downloads\Compressed\sourcemod-1.11.0-git6968-windows\addons\sourcemod\scripting\ÒankrunFixhealth.sp::IsTankRunActive
L 12/29/2025 - 19:53:41: [SM]   [2] Line 79, C:\Users\Moises\Downloads\Compressed\sourcemod-1.11.0-git6968-windows\addons\sourcemod\scripting\ÒankrunFixhealth.sp::Event_PlayerDeath
L 12/29/2025 - 19:53:46: [SM] Exception reported: Invalid convar handle 0 (error 4)
L 12/29/2025 - 19:53:46: [SM] Blaming: ÒankrunFixhealth.smx
L 12/29/2025 - 19:53:46: [SM] Call stack trace:
L 12/29/2025 - 19:53:46: [SM]   [0] GetConVarString
L 12/29/2025 - 19:53:46: [SM]   [1] Line 138, C:\Users\Moises\Downloads\Compressed\sourcemod-1.11.0-git6968-windows\addons\sourcemod\scripting\ÒankrunFixhealth.sp::IsTankRunActive
L 12/29/2025 - 19:53:46: [SM]   [2] Line 36, C:\Users\Moises\Downloads\Compressed\sourcemod-1.11.0-git6968-windows\addons\sourcemod\scripting\ÒankrunFixhealth.sp::Timer_PeriodicCheck
L 12/29/2025 - 19:53:47: [SM] Exception reported: Invalid convar handle 0 (error 4)
L 12/29/2025 - 19:53:47: [SM] Blaming: ÒankrunFixhealth.smx
L 12/29/2025 - 19:53:47: [SM] Call stack trace:
L 12/29/2025 - 19:53:47: [SM]   [0] GetConVarString
L 12/29/2025 - 19:53:47: [SM]   [1] Line 138, C:\Users\Moises\Downloads\Compressed\sourcemod-1.11.0-git6968-windows\addons\sourcemod\scripting\ÒankrunFixhealth.sp::IsTankRunActive
L 12/29/2025 - 19:53:47: [SM]   [2] Line 71, C:\Users\Moises\Downloads\Compressed\sourcemod-1.11.0-git6968-windows\addons\sourcemod\scripting\ÒankrunFixhealth.sp::Event_MapTransition
L 12/29/2025 - 19:53:50: [SM] Exception reported: Invalid timer handle 4200497 (error 3)
L 12/29/2025 - 19:53:50: [SM] Blaming: l4d2_playerjoining_v2.smx
L 12/29/2025 - 19:53:50: [SM] Call stack trace:
L 12/29/2025 - 19:53:50: [SM]   [0] KillTimer
L 12/29/2025 - 19:53:50: [SM]   [1] Line 53, C:\Users\Moises\Downloads\Compressed\sourcemod-1.11.0-git6968-windows\addons\sourcemod\scripting\l4d2_playerjoining_v2.sp::OnClientDisconnect
L 12/29/2025 - 19:53:56: [SM] Exception reported: Invalid timer handle 43900466 (error 3)
L 12/29/2025 - 19:53:56: [SM] Blaming: l4d2_playerjoining_v2.smx
L 12/29/2025 - 19:53:56: [SM] Call stack trace:
L 12/29/2025 - 19:53:56: [SM]   [0] KillTimer
L 12/29/2025 - 19:53:56: [SM]   [1] Line 53, C:\Users\Moises\Downloads\Compressed\sourcemod-1.11.0-git6968-windows\addons\sourcemod\scripting\l4d2_playerjoining_v2.sp::OnClientDisconnect
L 12/29/2025 - 19:53:56: [SM] Exception reported: Invalid timer handle f4c0047d (error 1)
L 12/29/2025 - 19:53:56: [SM] Blaming: l4d2_playerjoining_v2.smx
L 12/29/2025 - 19:53:56: [SM] Call stack trace:
L 12/29/2025 - 19:53:56: [SM]   [0] KillTimer
L 12/29/2025 - 19:53:56: [SM]   [1] Line 53, C:\Users\Moises\Downloads\Compressed\sourcemod-1.11.0-git6968-windows\addons\sourcemod\scripting\l4d2_playerjoining_v2.sp::OnClientDisconnect
L 12/29/2025 - 19:53:56: [SM] Exception reported: Invalid timer handle 4200497 (error 3)
L 12/29/2025 - 19:53:56: [SM] Blaming: l4d2_playerjoining_v2.smx
L 12/29/2025 - 19:53:56: [SM] Call stack trace:
L 12/29/2025 - 19:53:56: [SM]   [0] KillTimer
L 12/29/2025 - 19:53:56: [SM]   [1] Line 53, C:\Users\Moises\Downloads\Compressed\sourcemod-1.11.0-git6968-windows\addons\sourcemod\scripting\l4d2_playerjoining_v2.sp::OnClientDisconnect
L 12/29/2025 - 19:53:56: [SM] Exception reported: Invalid timer handle 4ab00447 (error 3)
L 12/29/2025 - 19:53:56: [SM] Blaming: l4d2_playerjoining_v2.smx
L 12/29/2025 - 19:53:56: [SM] Call stack trace:
L 12/29/2025 - 19:53:56: [SM]   [0] KillTimer
L 12/29/2025 - 19:53:56: [SM]   [1] Line 53, C:\Users\Moises\Downloads\Compressed\sourcemod-1.11.0-git6968-windows\addons\sourcemod\scripting\l4d2_playerjoining_v2.sp::OnClientDisconnect
L 12/29/2025 - 19:53:56: [SM] Exception reported: Invalid timer handle c1000499 (error 1)
L 12/29/2025 - 19:53:56: [SM] Blaming: l4d2_playerjoining_v2.smx
L 12/29/2025 - 19:53:56: [SM] Call stack trace:
L 12/29/2025 - 19:53:56: [SM]   [0] KillTimer
L 12/29/2025 - 19:53:56: [SM]   [1] Line 53, C:\Users\Moises\Downloads\Compressed\sourcemod-1.11.0-git6968-windows\addons\sourcemod\scripting\l4d2_playerjoining_v2.sp::OnClientDisconnect
L 12/29/2025 - 19:53:56: [SM] Exception reported: Invalid timer handle b3400465 (error 3)
L 12/29/2025 - 19:53:56: [SM] Blaming: l4d2_playerjoining_v2.smx
L 12/29/2025 - 19:53:56: [SM] Call stack trace:
L 12/29/2025 - 19:53:56: [SM]   [0] KillTimer
L 12/29/2025 - 19:53:56: [SM]   [1] Line 53, C:\Users\Moises\Downloads\Compressed\sourcemod-1.11.0-git6968-windows\addons\sourcemod\scripting\l4d2_playerjoining_v2.sp::OnClientDisconnect
L 12/29/2025 - 19:53:56: [SM] Exception reported: Invalid timer handle 9670045a (error 1)
L 12/29/2025 - 19:53:56: [SM] Blaming: l4d2_playerjoining_v2.smx
L 12/29/2025 - 19:53:56: [SM] Call stack trace:
L 12/29/2025 - 19:53:56: [SM]   [0] KillTimer
L 12/29/2025 - 19:53:56: [SM]   [1] Line 53, C:\Users\Moises\Downloads\Compressed\sourcemod-1.11.0-git6968-windows\addons\sourcemod\scripting\l4d2_playerjoining_v2.sp::OnClientDisconnect
L 12/29/2025 - 19:53:57: Error log file session closed.
L 12/29/2025 - 19:53:58: SourceMod error session started
L 12/29/2025 - 19:53:58: Info (map "c2m5_concert") (file "d:\steamlibrary\steamapps\common\left 4 dead 2\left4dead2\addons\sourcemod\logs\errors_20251229.log")
L 12/29/2025 - 19:53:58: [SM] Fatal error encountered parsing translation file "l4d_nth.phrases.txt"
L 12/29/2025 - 19:53:58: [SM] Error (line 0, column 0): Stream failed to open
L 12/29/2025 - 19:53:58: [SM] Fatal error encountered parsing translation file "chargersteering.phrases.txt"
L 12/29/2025 - 19:53:58: [SM] Error (line 0, column 0): Stream failed to open
L 12/29/2025 - 19:53:58: [SM] Fatal error encountered parsing translation file "l4dmultislots.phrases.txt"
L 12/29/2025 - 19:53:58: [SM] Error (line 0, column 0): Stream failed to open
L 12/29/2025 - 19:53:58: [SM] Fatal error encountered parsing translation file "lilac.phrases.txt"
L 12/29/2025 - 19:53:58: [SM] Error (line 0, column 0): Stream failed to open
L 12/29/2025 - 19:53:59: [SM] Exception reported: Invalid convar handle 0 (error 4)
L 12/29/2025 - 19:53:59: [SM] Blaming: ÒankrunFixhealth.smx
L 12/29/2025 - 19:53:59: [SM] Call stack trace:
L 12/29/2025 - 19:53:59: [SM]   [0] GetConVarString
L 12/29/2025 - 19:53:59: [SM]   [1] Line 138, C:\Users\Moises\Downloads\Compressed\sourcemod-1.11.0-git6968-windows\addons\sourcemod\scripting\ÒankrunFixhealth.sp::IsTankRunActive
L 12/29/2025 - 19:53:59: [SM]   [2] Line 54, C:\Users\Moises\Downloads\Compressed\sourcemod-1.11.0-git6968-windows\addons\sourcemod\scripting\ÒankrunFixhealth.sp::Event_RoundStart
L 12/29/2025 - 19:53:59: [l4d2_publicity.smx] [Publicity] No se encontraron mensajes en el archivo de configuraci√≥n
L 12/29/2025 - 19:54:01: [SM] Exception reported: Invalid convar handle 0 (error 4)
L 12/29/2025 - 19:54:01: [SM] Blaming: ÒankrunFixhealth.smx
L 12/29/2025 - 19:54:01: [SM] Call stack trace:
L 12/29/2025 - 19:54:01: [SM]   [0] GetConVarString
L 12/29/2025 - 19:54:01: [SM]   [1] Line 138, C:\Users\Moises\Downloads\Compressed\sourcemod-1.11.0-git6968-windows\addons\sourcemod\scripting\ÒankrunFixhealth.sp::IsTankRunActive
L 12/29/2025 - 19:54:01: [SM]   [2] Line 36, C:\Users\Moises\Downloads\Compressed\sourcemod-1.11.0-git6968-windows\addons\sourcemod\scripting\ÒankrunFixhealth.sp::Timer_PeriodicCheck
L 12/29/2025 - 19:54:11: [SM] Exception reported: Invalid convar handle 0 (error 4)
L 12/29/2025 - 19:54:11: [SM] Blaming: ÒankrunFixhealth.smx
L 12/29/2025 - 19:54:11: [SM] Call stack trace:
L 12/29/2025 - 19:54:11: [SM]   [0] GetConVarString
L 12/29/2025 - 19:54:11: [SM]   [1] Line 138, C:\Users\Moises\Downloads\Compressed\sourcemod-1.11.0-git6968-windows\addons\sourcemod\scripting\ÒankrunFixhealth.sp::IsTankRunActive
L 12/29/2025 - 19:54:11: [SM]   [2] Line 36, C:\Users\Moises\Downloads\Compressed\sourcemod-1.11.0-git6968-windows\addons\sourcemod\scripting\ÒankrunFixhealth.sp::Timer_PeriodicCheck
L 12/29/2025 - 19:54:15: [SM] Exception reported: Invalid timer handle 43900466 (error 3)
L 12/29/2025 - 19:54:15: [SM] Blaming: l4d2_playerjoining_v2.smx
L 12/29/2025 - 19:54:15: [SM] Call stack trace:
L 12/29/2025 - 19:54:15: [SM]   [0] KillTimer
L 12/29/2025 - 19:54:15: [SM]   [1] Line 53, C:\Users\Moises\Downloads\Compressed\sourcemod-1.11.0-git6968-windows\addons\sourcemod\scripting\l4d2_playerjoining_v2.sp::OnClientDisconnect
L 12/29/2025 - 19:54:24: [SM] Exception reported: Invalid convar handle 0 (error 4)
L 12/29/2025 - 19:54:24: [SM] Blaming: ÒankrunFixhealth.smx
L 12/29/2025 - 19:54:24: [SM] Call stack trace:
L 12/29/2025 - 19:54:24: [SM]   [0] GetConVarString
L 12/29/2025 - 19:54:24: [SM]   [1] Line 138, C:\Users\Moises\Downloads\Compressed\sourcemod-1.11.0-git6968-windows\addons\sourcemod\scripting\ÒankrunFixhealth.sp::IsTankRunActive
L 12/29/2025 - 19:54:24: [SM]   [2] Line 36, C:\Users\Moises\Downloads\Compressed\sourcemod-1.11.0-git6968-windows\addons\sourcemod\scripting\ÒankrunFixhealth.sp::Timer_PeriodicCheck
L 12/29/2025 - 19:54:34: [SM] Exception reported: Invalid convar handle 0 (error 4)
L 12/29/2025 - 19:54:34: [SM] Blaming: ÒankrunFixhealth.smx
L 12/29/2025 - 19:54:34: [SM] Call stack trace:
L 12/29/2025 - 19:54:34: [SM]   [0] GetConVarString
L 12/29/2025 - 19:54:34: [SM]   [1] Line 138, C:\Users\Moises\Downloads\Compressed\sourcemod-1.11.0-git6968-windows\addons\sourcemod\scripting\ÒankrunFixhealth.sp::IsTankRunActive
L 12/29/2025 - 19:54:34: [SM]   [2] Line 36, C:\Users\Moises\Downloads\Compressed\sourcemod-1.11.0-git6968-windows\addons\sourcemod\scripting\ÒankrunFixhealth.sp::Timer_PeriodicCheck
L 12/29/2025 - 19:54:34: [SM] Exception reported: Invalid timer handle f4c0047d (error 1)
L 12/29/2025 - 19:54:34: [SM] Blaming: l4d2_playerjoining_v2.smx
L 12/29/2025 - 19:54:34: [SM] Call stack trace:
L 12/29/2025 - 19:54:34: [SM]   [0] KillTimer
L 12/29/2025 - 19:54:34: [SM]   [1] Line 53, C:\Users\Moises\Downloads\Compressed\sourcemod-1.11.0-git6968-windows\addons\sourcemod\scripting\l4d2_playerjoining_v2.sp::OnClientDisconnect
L 12/29/2025 - 19:54:44: [SM] Exception reported: Invalid convar handle 0 (error 4)
L 12/29/2025 - 19:54:44: [SM] Blaming: ÒankrunFixhealth.smx
L 12/29/2025 - 19:54:44: [SM] Call stack trace:
L 12/29/2025 - 19:54:44: [SM]   [0] GetConVarString
L 12/29/2025 - 19:54:44: [SM]   [1] Line 138, C:\Users\Moises\Downloads\Compressed\sourcemod-1.11.0-git6968-windows\addons\sourcemod\scripting\ÒankrunFixhealth.sp::IsTankRunActive
L 12/29/2025 - 19:54:44: [SM]   [2] Line 36, C:\Users\Moises\Downloads\Compressed\sourcemod-1.11.0-git6968-windows\addons\sourcemod\scripting\ÒankrunFixhealth.sp::Timer_PeriodicCheck
L 12/29/2025 - 19:54:49: [SM] Exception reported: Invalid convar handle 0 (error 4)
L 12/29/2025 - 19:54:49: [SM] Blaming: ÒankrunFixhealth.smx
L 12/29/2025 - 19:54:49: [SM] Call stack trace:
L 12/29/2025 - 19:54:49: [SM]   [0] GetConVarString
L 12/29/2025 - 19:54:49: [SM]   [1] Line 138, C:\Users\Moises\Downloads\Compressed\sourcemod-1.11.0-git6968-windows\addons\sourcemod\scripting\ÒankrunFixhealth.sp::IsTankRunActive
L 12/29/2025 - 19:54:49: [SM]   [2] Line 79, C:\Users\Moises\Downloads\Compressed\sourcemod-1.11.0-git6968-windows\addons\sourcemod\scripting\ÒankrunFixhealth.sp::Event_PlayerDeath
L 12/29/2025 - 19:54:54: [SM] Exception reported: Invalid convar handle 0 (error 4)
L 12/29/2025 - 19:54:54: [SM] Blaming: ÒankrunFixhealth.smx
L 12/29/2025 - 19:54:54: [SM] Call stack trace:
L 12/29/2025 - 19:54:54: [SM]   [0] GetConVarString
L 12/29/2025 - 19:54:54: [SM]   [1] Line 138, C:\Users\Moises\Downloads\Compressed\sourcemod-1.11.0-git6968-windows\addons\sourcemod\scripting\ÒankrunFixhealth.sp::IsTankRunActive
L 12/29/2025 - 19:54:54: [SM]   [2] Line 36, C:\Users\Moises\Downloads\Compressed\sourcemod-1.11.0-git6968-windows\addons\sourcemod\scripting\ÒankrunFixhealth.sp::Timer_PeriodicCheck
L 12/29/2025 - 19:55:00: [SM] Exception reported: Invalid convar handle 0 (error 4)
L 12/29/2025 - 19:55:00: [SM] Blaming: ÒankrunFixhealth.smx
L 12/29/2025 - 19:55:00: [SM] Call stack trace:
L 12/29/2025 - 19:55:00: [SM]   [0] GetConVarString
L 12/29/2025 - 19:55:00: [SM]   [1] Line 138, C:\Users\Moises\Downloads\Compressed\sourcemod-1.11.0-git6968-windows\addons\sourcemod\scripting\ÒankrunFixhealth.sp::IsTankRunActive
L 12/29/2025 - 19:55:00: [SM]   [2] Line 79, C:\Users\Moises\Downloads\Compressed\sourcemod-1.11.0-git6968-windows\addons\sourcemod\scripting\ÒankrunFixhealth.sp::Event_PlayerDeath
L 12/29/2025 - 19:55:00: [SM] Exception reported: Invalid convar handle 0 (error 4)
L 12/29/2025 - 19:55:00: [SM] Blaming: ÒankrunFixhealth.smx
L 12/29/2025 - 19:55:00: [SM] Call stack trace:
L 12/29/2025 - 19:55:00: [SM]   [0] GetConVarString
L 12/29/2025 - 19:55:00: [SM]   [1] Line 138, C:\Users\Moises\Downloads\Compressed\sourcemod-1.11.0-git6968-windows\addons\sourcemod\scripting\ÒankrunFixhealth.sp::IsTankRunActive
L 12/29/2025 - 19:55:00: [SM]   [2] Line 79, C:\Users\Moises\Downloads\Compressed\sourcemod-1.11.0-git6968-windows\addons\sourcemod\scripting\ÒankrunFixhealth.sp::Event_PlayerDeath
L 12/29/2025 - 19:55:04: [SM] Exception reported: Invalid convar handle 0 (error 4)
L 12/29/2025 - 19:55:04: [SM] Blaming: ÒankrunFixhealth.smx
L 12/29/2025 - 19:55:04: [SM] Call stack trace:
L 12/29/2025 - 19:55:04: [SM]   [0] GetConVarString
L 12/29/2025 - 19:55:04: [SM]   [1] Line 138, C:\Users\Moises\Downloads\Compressed\sourcemod-1.11.0-git6968-windows\addons\sourcemod\scripting\ÒankrunFixhealth.sp::IsTankRunActive
L 12/29/2025 - 19:55:04: [SM]   [2] Line 36, C:\Users\Moises\Downloads\Compressed\sourcemod-1.11.0-git6968-windows\addons\sourcemod\scripting\ÒankrunFixhealth.sp::Timer_PeriodicCheck
L 12/29/2025 - 19:55:06: [SM] Exception reported: Language phrase "Please wait to be revived or rescued" not found (arg 6)
L 12/29/2025 - 19:55:06: [SM] Blaming: l4dmultislots.smx
L 12/29/2025 - 19:55:06: [SM] Call stack trace:
L 12/29/2025 - 19:55:06: [SM]   [0] PrintToChat
L 12/29/2025 - 19:55:06: [SM]   [1] Line 953, d:\Github\Private-Work\L4D2-Êèí‰ª∂\scripting_1.11\l4dmultislots.sp::Timer_SpecCheck
L 12/29/2025 - 19:55:09: [SM] Exception reported: Invalid convar handle 0 (error 4)
L 12/29/2025 - 19:55:09: [SM] Blaming: ÒankrunFixhealth.smx
L 12/29/2025 - 19:55:09: [SM] Call stack trace:
L 12/29/2025 - 19:55:09: [SM]   [0] GetConVarString
L 12/29/2025 - 19:55:09: [SM]   [1] Line 138, C:\Users\Moises\Downloads\Compressed\sourcemod-1.11.0-git6968-windows\addons\sourcemod\scripting\ÒankrunFixhealth.sp::IsTankRunActive
L 12/29/2025 - 19:55:09: [SM]   [2] Line 79, C:\Users\Moises\Downloads\Compressed\sourcemod-1.11.0-git6968-windows\addons\sourcemod\scripting\ÒankrunFixhealth.sp::Event_PlayerDeath
L 12/29/2025 - 19:55:11: [SM] Exception reported: Invalid timer handle 4ab00447 (error 3)
L 12/29/2025 - 19:55:11: [SM] Blaming: l4d2_playerjoining_v2.smx
L 12/29/2025 - 19:55:11: [SM] Call stack trace:
L 12/29/2025 - 19:55:11: [SM]   [0] KillTimer
L 12/29/2025 - 19:55:11: [SM]   [1] Line 53, C:\Users\Moises\Downloads\Compressed\sourcemod-1.11.0-git6968-windows\addons\sourcemod\scripting\l4d2_playerjoining_v2.sp::OnClientDisconnect
L 12/29/2025 - 19:55:12: [SM] Exception reported: Language phrase "No Any Dead Survivor" not found (arg 6)
L 12/29/2025 - 19:55:12: [SM] Blaming: l4d_sm_respawn.smx
L 12/29/2025 - 19:55:12: [SM] Call stack trace:
L 12/29/2025 - 19:55:12: [SM]   [0] FormatEx
L 12/29/2025 - 19:55:12: [SM]   [1] Line 202, d:\Github\Private-Work\L4D2-Êèí‰ª∂\scripting_1.11\l4d_sm_respawn.sp::MenuClientsToSpawn
L 12/29/2025 - 19:55:12: [SM]   [2] Line 239, d:\Github\Private-Work\L4D2-Êèí‰ª∂\scripting_1.11\l4d_sm_respawn.sp::MenuHandler_MenuList
L 12/29/2025 - 19:55:14: [SM] Exception reported: Invalid convar handle 0 (error 4)
L 12/29/2025 - 19:55:14: [SM] Blaming: ÒankrunFixhealth.smx
L 12/29/2025 - 19:55:14: [SM] Call stack trace:
L 12/29/2025 - 19:55:14: [SM]   [0] GetConVarString
L 12/29/2025 - 19:55:14: [SM]   [1] Line 138, C:\Users\Moises\Downloads\Compressed\sourcemod-1.11.0-git6968-windows\addons\sourcemod\scripting\ÒankrunFixhealth.sp::IsTankRunActive
L 12/29/2025 - 19:55:14: [SM]   [2] Line 36, C:\Users\Moises\Downloads\Compressed\sourcemod-1.11.0-git6968-windows\addons\sourcemod\scripting\ÒankrunFixhealth.sp::Timer_PeriodicCheck
L 12/29/2025 - 19:55:15: [SM] Exception reported: Invalid convar handle 0 (error 4)
L 12/29/2025 - 19:55:15: [SM] Blaming: ÒankrunFixhealth.smx
L 12/29/2025 - 19:55:15: [SM] Call stack trace:
L 12/29/2025 - 19:55:15: [SM]   [0] GetConVarString
L 12/29/2025 - 19:55:15: [SM]   [1] Line 138, C:\Users\Moises\Downloads\Compressed\sourcemod-1.11.0-git6968-windows\addons\sourcemod\scripting\ÒankrunFixhealth.sp::IsTankRunActive
L 12/29/2025 - 19:55:15: [SM]   [2] Line 79, C:\Users\Moises\Downloads\Compressed\sourcemod-1.11.0-git6968-windows\addons\sourcemod\scripting\ÒankrunFixhealth.sp::Event_PlayerDeath
L 12/29/2025 - 19:55:22: [SM] Exception reported: Language phrase "No Any Dead Survivor" not found (arg 6)
L 12/29/2025 - 19:55:22: [SM] Blaming: l4d_sm_respawn.smx
L 12/29/2025 - 19:55:22: [SM] Call stack trace:
L 12/29/2025 - 19:55:22: [SM]   [0] FormatEx
L 12/29/2025 - 19:55:22: [SM]   [1] Line 202, d:\Github\Private-Work\L4D2-Êèí‰ª∂\scripting_1.11\l4d_sm_respawn.sp::MenuClientsToSpawn
L 12/29/2025 - 19:55:22: [SM]   [2] Line 239, d:\Github\Private-Work\L4D2-Êèí‰ª∂\scripting_1.11\l4d_sm_respawn.sp::MenuHandler_MenuList
L 12/29/2025 - 19:55:24: [SM] Exception reported: Invalid convar handle 0 (error 4)
L 12/29/2025 - 19:55:24: [SM] Blaming: ÒankrunFixhealth.smx
L 12/29/2025 - 19:55:24: [SM] Call stack trace:
L 12/29/2025 - 19:55:24: [SM]   [0] GetConVarString
L 12/29/2025 - 19:55:24: [SM]   [1] Line 138, C:\Users\Moises\Downloads\Compressed\sourcemod-1.11.0-git6968-windows\addons\sourcemod\scripting\ÒankrunFixhealth.sp::IsTankRunActive
L 12/29/2025 - 19:55:24: [SM]   [2] Line 36, C:\Users\Moises\Downloads\Compressed\sourcemod-1.11.0-git6968-windows\addons\sourcemod\scripting\ÒankrunFixhealth.sp::Timer_PeriodicCheck
L 12/29/2025 - 19:55:34: [SM] Exception reported: Invalid convar handle 0 (error 4)
L 12/29/2025 - 19:55:34: [SM] Blaming: ÒankrunFixhealth.smx
L 12/29/2025 - 19:55:34: [SM] Call stack trace:
L 12/29/2025 - 19:55:34: [SM]   [0] GetConVarString
L 12/29/2025 - 19:55:34: [SM]   [1] Line 138, C:\Users\Moises\Downloads\Compressed\sourcemod-1.11.0-git6968-windows\addons\sourcemod\scripting\ÒankrunFixhealth.sp::IsTankRunActive
L 12/29/2025 - 19:55:34: [SM]   [2] Line 36, C:\Users\Moises\Downloads\Compressed\sourcemod-1.11.0-git6968-windows\addons\sourcemod\scripting\ÒankrunFixhealth.sp::Timer_PeriodicCheck
L 12/29/2025 - 19:55:44: [SM] Exception reported: Invalid convar handle 0 (error 4)
L 12/29/2025 - 19:55:44: [SM] Blaming: ÒankrunFixhealth.smx
L 12/29/2025 - 19:55:44: [SM] Call stack trace:
L 12/29/2025 - 19:55:44: [SM]   [0] GetConVarString
L 12/29/2025 - 19:55:44: [SM]   [1] Line 138, C:\Users\Moises\Downloads\Compressed\sourcemod-1.11.0-git6968-windows\addons\sourcemod\scripting\ÒankrunFixhealth.sp::IsTankRunActive
L 12/29/2025 - 19:55:44: [SM]   [2] Line 36, C:\Users\Moises\Downloads\Compressed\sourcemod-1.11.0-git6968-windows\addons\sourcemod\scripting\ÒankrunFixhealth.sp::Timer_PeriodicCheck
L 12/29/2025 - 19:55:54: [SM] Exception reported: Invalid convar handle 0 (error 4)
L 12/29/2025 - 19:55:54: [SM] Blaming: ÒankrunFixhealth.smx
L 12/29/2025 - 19:55:54: [SM] Call stack trace:
L 12/29/2025 - 19:55:54: [SM]   [0] GetConVarString
L 12/29/2025 - 19:55:54: [SM]   [1] Line 138, C:\Users\Moises\Downloads\Compressed\sourcemod-1.11.0-git6968-windows\addons\sourcemod\scripting\ÒankrunFixhealth.sp::IsTankRunActive
L 12/29/2025 - 19:55:54: [SM]   [2] Line 79, C:\Users\Moises\Downloads\Compressed\sourcemod-1.11.0-git6968-windows\addons\sourcemod\scripting\ÒankrunFixhealth.sp::Event_PlayerDeath
L 12/29/2025 - 19:55:54: [SM] Exception reported: Invalid convar handle 0 (error 4)
L 12/29/2025 - 19:55:54: [SM] Blaming: ÒankrunFixhealth.smx
L 12/29/2025 - 19:55:54: [SM] Call stack trace:
L 12/29/2025 - 19:55:54: [SM]   [0] GetConVarString
L 12/29/2025 - 19:55:54: [SM]   [1] Line 138, C:\Users\Moises\Downloads\Compressed\sourcemod-1.11.0-git6968-windows\addons\sourcemod\scripting\ÒankrunFixhealth.sp::IsTankRunActive
L 12/29/2025 - 19:55:54: [SM]   [2] Line 36, C:\Users\Moises\Downloads\Compressed\sourcemod-1.11.0-git6968-windows\addons\sourcemod\scripting\ÒankrunFixhealth.sp::Timer_PeriodicCheck
L 12/29/2025 - 19:56:01: [SM] Exception reported: Invalid timer handle 43900466 (error 3)
L 12/29/2025 - 19:56:01: [SM] Blaming: l4d2_playerjoining_v2.smx
L 12/29/2025 - 19:56:01: [SM] Call stack trace:
L 12/29/2025 - 19:56:01: [SM]   [0] KillTimer
L 12/29/2025 - 19:56:01: [SM]   [1] Line 53, C:\Users\Moises\Downloads\Compressed\sourcemod-1.11.0-git6968-windows\addons\sourcemod\scripting\l4d2_playerjoining_v2.sp::OnClientDisconnect
L 12/29/2025 - 19:56:04: [SM] Exception reported: Invalid convar handle 0 (error 4)
L 12/29/2025 - 19:56:04: [SM] Blaming: ÒankrunFixhealth.smx
L 12/29/2025 - 19:56:04: [SM] Call stack trace:
L 12/29/2025 - 19:56:04: [SM]   [0] GetConVarString
L 12/29/2025 - 19:56:04: [SM]   [1] Line 138, C:\Users\Moises\Downloads\Compressed\sourcemod-1.11.0-git6968-windows\addons\sourcemod\scripting\ÒankrunFixhealth.sp::IsTankRunActive
L 12/29/2025 - 19:56:04: [SM]   [2] Line 36, C:\Users\Moises\Downloads\Compressed\sourcemod-1.11.0-git6968-windows\addons\sourcemod\scripting\ÒankrunFixhealth.sp::Timer_PeriodicCheck
L 12/29/2025 - 19:56:08: [SM] Exception reported: Invalid convar handle 0 (error 4)
L 12/29/2025 - 19:56:08: [SM] Blaming: ÒankrunFixhealth.smx
L 12/29/2025 - 19:56:08: [SM] Call stack trace:
L 12/29/2025 - 19:56:08: [SM]   [0] GetConVarString
L 12/29/2025 - 19:56:08: [SM]   [1] Line 138, C:\Users\Moises\Downloads\Compressed\sourcemod-1.11.0-git6968-windows\addons\sourcemod\scripting\ÒankrunFixhealth.sp::IsTankRunActive
L 12/29/2025 - 19:56:08: [SM]   [2] Line 79, C:\Users\Moises\Downloads\Compressed\sourcemod-1.11.0-git6968-windows\addons\sourcemod\scripting\ÒankrunFixhealth.sp::Event_PlayerDeath
L 12/29/2025 - 19:56:14: [SM] Exception reported: Invalid convar handle 0 (error 4)
L 12/29/2025 - 19:56:14: [SM] Blaming: ÒankrunFixhealth.smx
L 12/29/2025 - 19:56:14: [SM] Call stack trace:
L 12/29/2025 - 19:56:14: [SM]   [0] GetConVarString
L 12/29/2025 - 19:56:14: [SM]   [1] Line 138, C:\Users\Moises\Downloads\Compressed\sourcemod-1.11.0-git6968-windows\addons\sourcemod\scripting\ÒankrunFixhealth.sp::IsTankRunActive
L 12/29/2025 - 19:56:14: [SM]   [2] Line 36, C:\Users\Moises\Downloads\Compressed\sourcemod-1.11.0-git6968-windows\addons\sourcemod\scripting\ÒankrunFixhealth.sp::Timer_PeriodicCheck
L 12/29/2025 - 19:56:15: [SM] Exception reported: Invalid timer handle c1000499 (error 3)
L 12/29/2025 - 19:56:15: [SM] Blaming: l4d2_playerjoining_v2.smx
L 12/29/2025 - 19:56:15: [SM] Call stack trace:
L 12/29/2025 - 19:56:15: [SM]   [0] KillTimer
L 12/29/2025 - 19:56:15: [SM]   [1] Line 53, C:\Users\Moises\Downloads\Compressed\sourcemod-1.11.0-git6968-windows\addons\sourcemod\scripting\l4d2_playerjoining_v2.sp::OnClientDisconnect
L 12/29/2025 - 19:56:24: [SM] Exception reported: Invalid convar handle 0 (error 4)
L 12/29/2025 - 19:56:24: [SM] Blaming: ÒankrunFixhealth.smx
L 12/29/2025 - 19:56:24: [SM] Call stack trace:
L 12/29/2025 - 19:56:24: [SM]   [0] GetConVarString
L 12/29/2025 - 19:56:24: [SM]   [1] Line 138, C:\Users\Moises\Downloads\Compressed\sourcemod-1.11.0-git6968-windows\addons\sourcemod\scripting\ÒankrunFixhealth.sp::IsTankRunActive
L 12/29/2025 - 19:56:24: [SM]   [2] Line 36, C:\Users\Moises\Downloads\Compressed\sourcemod-1.11.0-git6968-windows\addons\sourcemod\scripting\ÒankrunFixhealth.sp::Timer_PeriodicCheck
L 12/29/2025 - 19:56:34: [SM] Exception reported: Invalid convar handle 0 (error 4)
L 12/29/2025 - 19:56:34: [SM] Blaming: ÒankrunFixhealth.smx
L 12/29/2025 - 19:56:34: [SM] Call stack trace:
L 12/29/2025 - 19:56:34: [SM]   [0] GetConVarString
L 12/29/2025 - 19:56:34: [SM]   [1] Line 138, C:\Users\Moises\Downloads\Compressed\sourcemod-1.11.0-git6968-windows\addons\sourcemod\scripting\ÒankrunFixhealth.sp::IsTankRunActive
L 12/29/2025 - 19:56:34: [SM]   [2] Line 36, C:\Users\Moises\Downloads\Compressed\sourcemod-1.11.0-git6968-windows\addons\sourcemod\scripting\ÒankrunFixhealth.sp::Timer_PeriodicCheck
L 12/29/2025 - 19:56:36: [SM] Exception reported: Invalid convar handle 0 (error 4)
L 12/29/2025 - 19:56:36: [SM] Blaming: ÒankrunFixhealth.smx
L 12/29/2025 - 19:56:36: [SM] Call stack trace:
L 12/29/2025 - 19:56:36: [SM]   [0] GetConVarString
L 12/29/2025 - 19:56:36: [SM]   [1] Line 138, C:\Users\Moises\Downloads\Compressed\sourcemod-1.11.0-git6968-windows\addons\sourcemod\scripting\ÒankrunFixhealth.sp::IsTankRunActive
L 12/29/2025 - 19:56:36: [SM]   [2] Line 79, C:\Users\Moises\Downloads\Compressed\sourcemod-1.11.0-git6968-windows\addons\sourcemod\scripting\ÒankrunFixhealth.sp::Event_PlayerDeath
L 12/29/2025 - 19:56:42: [SM] Exception reported: Invalid convar handle 0 (error 4)
L 12/29/2025 - 19:56:42: [SM] Blaming: ÒankrunFixhealth.smx
L 12/29/2025 - 19:56:42: [SM] Call stack trace:
L 12/29/2025 - 19:56:42: [SM]   [0] GetConVarString
L 12/29/2025 - 19:56:42: [SM]   [1] Line 138, C:\Users\Moises\Downloads\Compressed\sourcemod-1.11.0-git6968-windows\addons\sourcemod\scripting\ÒankrunFixhealth.sp::IsTankRunActive
L 12/29/2025 - 19:56:42: [SM]   [2] Line 79, C:\Users\Moises\Downloads\Compressed\sourcemod-1.11.0-git6968-windows\addons\sourcemod\scripting\ÒankrunFixhealth.sp::Event_PlayerDeath
L 12/29/2025 - 19:56:43: [SM] Exception reported: Invalid timer handle f4c0047d (error 1)
L 12/29/2025 - 19:56:43: [SM] Blaming: l4d2_playerjoining_v2.smx
L 12/29/2025 - 19:56:43: [SM] Call stack trace:
L 12/29/2025 - 19:56:43: [SM]   [0] KillTimer
L 12/29/2025 - 19:56:43: [SM]   [1] Line 53, C:\Users\Moises\Downloads\Compressed\sourcemod-1.11.0-git6968-windows\addons\sourcemod\scripting\l4d2_playerjoining_v2.sp::OnClientDisconnect
L 12/29/2025 - 19:56:44: [SM] Exception reported: Invalid convar handle 0 (error 4)
L 12/29/2025 - 19:56:44: [SM] Blaming: ÒankrunFixhealth.smx
L 12/29/2025 - 19:56:44: [SM] Call stack trace:
L 12/29/2025 - 19:56:44: [SM]   [0] GetConVarString
L 12/29/2025 - 19:56:44: [SM]   [1] Line 138, C:\Users\Moises\Downloads\Compressed\sourcemod-1.11.0-git6968-windows\addons\sourcemod\scripting\ÒankrunFixhealth.sp::IsTankRunActive
L 12/29/2025 - 19:56:44: [SM]   [2] Line 36, C:\Users\Moises\Downloads\Compressed\sourcemod-1.11.0-git6968-windows\addons\sourcemod\scripting\ÒankrunFixhealth.sp::Timer_PeriodicCheck
L 12/29/2025 - 19:56:46: [SM] Exception reported: Language phrase "Please wait to be revived or rescued" not found (arg 6)
L 12/29/2025 - 19:56:46: [SM] Blaming: l4dmultislots.smx
L 12/29/2025 - 19:56:46: [SM] Call stack trace:
L 12/29/2025 - 19:56:46: [SM]   [0] PrintToChat
L 12/29/2025 - 19:56:46: [SM]   [1] Line 953, d:\Github\Private-Work\L4D2-Êèí‰ª∂\scripting_1.11\l4dmultislots.sp::Timer_SpecCheck
L 12/29/2025 - 19:56:50: [SM] Exception reported: Invalid convar handle 0 (error 4)
L 12/29/2025 - 19:56:50: [SM] Blaming: ÒankrunFixhealth.smx
L 12/29/2025 - 19:56:50: [SM] Call stack trace:
L 12/29/2025 - 19:56:50: [SM]   [0] GetConVarString
L 12/29/2025 - 19:56:50: [SM]   [1] Line 138, C:\Users\Moises\Downloads\Compressed\sourcemod-1.11.0-git6968-windows\addons\sourcemod\scripting\ÒankrunFixhealth.sp::IsTankRunActive
L 12/29/2025 - 19:56:50: [SM]   [2] Line 79, C:\Users\Moises\Downloads\Compressed\sourcemod-1.11.0-git6968-windows\addons\sourcemod\scripting\ÒankrunFixhealth.sp::Event_PlayerDeath
L 12/29/2025 - 19:56:50: [SM] Exception reported: Invalid convar handle 0 (error 4)
L 12/29/2025 - 19:56:50: [SM] Blaming: ÒankrunFixhealth.smx
L 12/29/2025 - 19:56:50: [SM] Call stack trace:
L 12/29/2025 - 19:56:50: [SM]   [0] GetConVarString
L 12/29/2025 - 19:56:50: [SM]   [1] Line 138, C:\Users\Moises\Downloads\Compressed\sourcemod-1.11.0-git6968-windows\addons\sourcemod\scripting\ÒankrunFixhealth.sp::IsTankRunActive
L 12/29/2025 - 19:56:50: [SM]   [2] Line 79, C:\Users\Moises\Downloads\Compressed\sourcemod-1.11.0-git6968-windows\addons\sourcemod\scripting\ÒankrunFixhealth.sp::Event_PlayerDeath
L 12/29/2025 - 19:56:51: [SM] Exception reported: Invalid convar handle 0 (error 4)
L 12/29/2025 - 19:56:51: [SM] Blaming: ÒankrunFixhealth.smx
L 12/29/2025 - 19:56:51: [SM] Call stack trace:
L 12/29/2025 - 19:56:51: [SM]   [0] GetConVarString
L 12/29/2025 - 19:56:51: [SM]   [1] Line 138, C:\Users\Moises\Downloads\Compressed\sourcemod-1.11.0-git6968-windows\addons\sourcemod\scripting\ÒankrunFixhealth.sp::IsTankRunActive
L 12/29/2025 - 19:56:51: [SM]   [2] Line 79, C:\Users\Moises\Downloads\Compressed\sourcemod-1.11.0-git6968-windows\addons\sourcemod\scripting\ÒankrunFixhealth.sp::Event_PlayerDeath
L 12/29/2025 - 19:56:54: [SM] Exception reported: Invalid convar handle 0 (error 4)
L 12/29/2025 - 19:56:54: [SM] Blaming: ÒankrunFixhealth.smx
L 12/29/2025 - 19:56:54: [SM] Call stack trace:
L 12/29/2025 - 19:56:54: [SM]   [0] GetConVarString
L 12/29/2025 - 19:56:54: [SM]   [1] Line 138, C:\Users\Moises\Downloads\Compressed\sourcemod-1.11.0-git6968-windows\addons\sourcemod\scripting\ÒankrunFixhealth.sp::IsTankRunActive
L 12/29/2025 - 19:56:54: [SM]   [2] Line 36, C:\Users\Moises\Downloads\Compressed\sourcemod-1.11.0-git6968-windows\addons\sourcemod\scripting\ÒankrunFixhealth.sp::Timer_PeriodicCheck
L 12/29/2025 - 19:56:58: [SM] Exception reported: Invalid timer handle 4f004b0 (error 3)
L 12/29/2025 - 19:56:58: [SM] Blaming: l4d2_playerjoining_v2.smx
L 12/29/2025 - 19:56:58: [SM] Call stack trace:
L 12/29/2025 - 19:56:58: [SM]   [0] KillTimer
L 12/29/2025 - 19:56:58: [SM]   [1] Line 53, C:\Users\Moises\Downloads\Compressed\sourcemod-1.11.0-git6968-windows\addons\sourcemod\scripting\l4d2_playerjoining_v2.sp::OnClientDisconnect
L 12/29/2025 - 19:57:02: [SM] Exception reported: Language phrase "No Any Dead Survivor" not found (arg 6)
L 12/29/2025 - 19:57:02: [SM] Blaming: l4d_sm_respawn.smx
L 12/29/2025 - 19:57:02: [SM] Call stack trace:
L 12/29/2025 - 19:57:02: [SM]   [0] FormatEx
L 12/29/2025 - 19:57:02: [SM]   [1] Line 202, d:\Github\Private-Work\L4D2-Êèí‰ª∂\scripting_1.11\l4d_sm_respawn.sp::MenuClientsToSpawn
L 12/29/2025 - 19:57:02: [SM]   [2] Line 239, d:\Github\Private-Work\L4D2-Êèí‰ª∂\scripting_1.11\l4d_sm_respawn.sp::MenuHandler_MenuList
L 12/29/2025 - 19:57:04: [SM] Exception reported: Invalid convar handle 0 (error 4)
L 12/29/2025 - 19:57:04: [SM] Blaming: ÒankrunFixhealth.smx
L 12/29/2025 - 19:57:04: [SM] Call stack trace:
L 12/29/2025 - 19:57:04: [SM]   [0] GetConVarString
L 12/29/2025 - 19:57:04: [SM]   [1] Line 138, C:\Users\Moises\Downloads\Compressed\sourcemod-1.11.0-git6968-windows\addons\sourcemod\scripting\ÒankrunFixhealth.sp::IsTankRunActive
L 12/29/2025 - 19:57:04: [SM]   [2] Line 36, C:\Users\Moises\Downloads\Compressed\sourcemod-1.11.0-git6968-windows\addons\sourcemod\scripting\ÒankrunFixhealth.sp::Timer_PeriodicCheck
L 12/29/2025 - 19:57:13: [SM] Exception reported: Invalid convar handle 0 (error 4)
L 12/29/2025 - 19:57:13: [SM] Blaming: ÒankrunFixhealth.smx
L 12/29/2025 - 19:57:13: [SM] Call stack trace:
L 12/29/2025 - 19:57:13: [SM]   [0] GetConVarString
L 12/29/2025 - 19:57:13: [SM]   [1] Line 138, C:\Users\Moises\Downloads\Compressed\sourcemod-1.11.0-git6968-windows\addons\sourcemod\scripting\ÒankrunFixhealth.sp::IsTankRunActive
L 12/29/2025 - 19:57:13: [SM]   [2] Line 79, C:\Users\Moises\Downloads\Compressed\sourcemod-1.11.0-git6968-windows\addons\sourcemod\scripting\ÒankrunFixhealth.sp::Event_PlayerDeath
L 12/29/2025 - 19:57:14: [SM] Exception reported: Invalid convar handle 0 (error 4)
L 12/29/2025 - 19:57:14: [SM] Blaming: ÒankrunFixhealth.smx
L 12/29/2025 - 19:57:14: [SM] Call stack trace:
L 12/29/2025 - 19:57:14: [SM]   [0] GetConVarString
L 12/29/2025 - 19:57:14: [SM]   [1] Line 138, C:\Users\Moises\Downloads\Compressed\sourcemod-1.11.0-git6968-windows\addons\sourcemod\scripting\ÒankrunFixhealth.sp::IsTankRunActive
L 12/29/2025 - 19:57:14: [SM]   [2] Line 36, C:\Users\Moises\Downloads\Compressed\sourcemod-1.11.0-git6968-windows\addons\sourcemod\scripting\ÒankrunFixhealth.sp::Timer_PeriodicCheck
L 12/29/2025 - 19:57:24: [SM] Exception reported: Invalid convar handle 0 (error 4)
L 12/29/2025 - 19:57:24: [SM] Blaming: ÒankrunFixhealth.smx
L 12/29/2025 - 19:57:24: [SM] Call stack trace:
L 12/29/2025 - 19:57:24: [SM]   [0] GetConVarString
L 12/29/2025 - 19:57:24: [SM]   [1] Line 138, C:\Users\Moises\Downloads\Compressed\sourcemod-1.11.0-git6968-windows\addons\sourcemod\scripting\ÒankrunFixhealth.sp::IsTankRunActive
L 12/29/2025 - 19:57:24: [SM]   [2] Line 36, C:\Users\Moises\Downloads\Compressed\sourcemod-1.11.0-git6968-windows\addons\sourcemod\scripting\ÒankrunFixhealth.sp::Timer_PeriodicCheck
L 12/29/2025 - 19:57:28: [SM] Exception reported: Language phrase "No Any Dead Survivor" not found (arg 6)
L 12/29/2025 - 19:57:28: [SM] Blaming: l4d_sm_respawn.smx
L 12/29/2025 - 19:57:28: [SM] Call stack trace:
L 12/29/2025 - 19:57:28: [SM]   [0] FormatEx
L 12/29/2025 - 19:57:28: [SM]   [1] Line 202, d:\Github\Private-Work\L4D2-Êèí‰ª∂\scripting_1.11\l4d_sm_respawn.sp::MenuClientsToSpawn
L 12/29/2025 - 19:57:28: [SM]   [2] Line 239, d:\Github\Private-Work\L4D2-Êèí‰ª∂\scripting_1.11\l4d_sm_respawn.sp::MenuHandler_MenuList
L 12/29/2025 - 19:57:34: [SM] Exception reported: Invalid convar handle 0 (error 4)
L 12/29/2025 - 19:57:34: [SM] Blaming: ÒankrunFixhealth.smx
L 12/29/2025 - 19:57:34: [SM] Call stack trace:
L 12/29/2025 - 19:57:34: [SM]   [0] GetConVarString
L 12/29/2025 - 19:57:34: [SM]   [1] Line 138, C:\Users\Moises\Downloads\Compressed\sourcemod-1.11.0-git6968-windows\addons\sourcemod\scripting\ÒankrunFixhealth.sp::IsTankRunActive
L 12/29/2025 - 19:57:34: [SM]   [2] Line 79, C:\Users\Moises\Downloads\Compressed\sourcemod-1.11.0-git6968-windows\addons\sourcemod\scripting\ÒankrunFixhealth.sp::Event_PlayerDeath
L 12/29/2025 - 19:57:34: [SM] Exception reported: Invalid convar handle 0 (error 4)
L 12/29/2025 - 19:57:34: [SM] Blaming: ÒankrunFixhealth.smx
L 12/29/2025 - 19:57:34: [SM] Call stack trace:
L 12/29/2025 - 19:57:34: [SM]   [0] GetConVarString
L 12/29/2025 - 19:57:34: [SM]   [1] Line 138, C:\Users\Moises\Downloads\Compressed\sourcemod-1.11.0-git6968-windows\addons\sourcemod\scripting\ÒankrunFixhealth.sp::IsTankRunActive
L 12/29/2025 - 19:57:34: [SM]   [2] Line 36, C:\Users\Moises\Downloads\Compressed\sourcemod-1.11.0-git6968-windows\addons\sourcemod\scripting\ÒankrunFixhealth.sp::Timer_PeriodicCheck
L 12/29/2025 - 19:57:41: [SM] Exception reported: Invalid timer handle 4200497 (error 3)
L 12/29/2025 - 19:57:41: [SM] Blaming: l4d2_playerjoining_v2.smx
L 12/29/2025 - 19:57:41: [SM] Call stack trace:
L 12/29/2025 - 19:57:41: [SM]   [0] KillTimer
L 12/29/2025 - 19:57:41: [SM]   [1] Line 53, C:\Users\Moises\Downloads\Compressed\sourcemod-1.11.0-git6968-windows\addons\sourcemod\scripting\l4d2_playerjoining_v2.sp::OnClientDisconnect
L 12/29/2025 - 19:57:44: [SM] Exception reported: Invalid convar handle 0 (error 4)
L 12/29/2025 - 19:57:44: [SM] Blaming: ÒankrunFixhealth.smx
L 12/29/2025 - 19:57:44: [SM] Call stack trace:
L 12/29/2025 - 19:57:44: [SM]   [0] GetConVarString
L 12/29/2025 - 19:57:44: [SM]   [1] Line 138, C:\Users\Moises\Downloads\Compressed\sourcemod-1.11.0-git6968-windows\addons\sourcemod\scripting\ÒankrunFixhealth.sp::IsTankRunActive
L 12/29/2025 - 19:57:44: [SM]   [2] Line 36, C:\Users\Moises\Downloads\Compressed\sourcemod-1.11.0-git6968-windows\addons\sourcemod\scripting\ÒankrunFixhealth.sp::Timer_PeriodicCheck
L 12/29/2025 - 19:57:54: [SM] Exception reported: Invalid convar handle 0 (error 4)
L 12/29/2025 - 19:57:54: [SM] Blaming: ÒankrunFixhealth.smx
L 12/29/2025 - 19:57:54: [SM] Call stack trace:
L 12/29/2025 - 19:57:54: [SM]   [0] GetConVarString
L 12/29/2025 - 19:57:54: [SM]   [1] Line 138, C:\Users\Moises\Downloads\Compressed\sourcemod-1.11.0-git6968-windows\addons\sourcemod\scripting\ÒankrunFixhealth.sp::IsTankRunActive
L 12/29/2025 - 19:57:54: [SM]   [2] Line 36, C:\Users\Moises\Downloads\Compressed\sourcemod-1.11.0-git6968-windows\addons\sourcemod\scripting\ÒankrunFixhealth.sp::Timer_PeriodicCheck
L 12/29/2025 - 19:58:04: [SM] Exception reported: Invalid convar handle 0 (error 4)
L 12/29/2025 - 19:58:04: [SM] Blaming: ÒankrunFixhealth.smx
L 12/29/2025 - 19:58:04: [SM] Call stack trace:
L 12/29/2025 - 19:58:04: [SM]   [0] GetConVarString
L 12/29/2025 - 19:58:04: [SM]   [1] Line 138, C:\Users\Moises\Downloads\Compressed\sourcemod-1.11.0-git6968-windows\addons\sourcemod\scripting\ÒankrunFixhealth.sp::IsTankRunActive
L 12/29/2025 - 19:58:04: [SM]   [2] Line 36, C:\Users\Moises\Downloads\Compressed\sourcemod-1.11.0-git6968-windows\addons\sourcemod\scripting\ÒankrunFixhealth.sp::Timer_PeriodicCheck
L 12/29/2025 - 19:58:11: [SM] Exception reported: Invalid timer handle 4200497 (error 3)
L 12/29/2025 - 19:58:11: [SM] Blaming: l4d2_playerjoining_v2.smx
L 12/29/2025 - 19:58:11: [SM] Call stack trace:
L 12/29/2025 - 19:58:11: [SM]   [0] KillTimer
L 12/29/2025 - 19:58:11: [SM]   [1] Line 53, C:\Users\Moises\Downloads\Compressed\sourcemod-1.11.0-git6968-windows\addons\sourcemod\scripting\l4d2_playerjoining_v2.sp::OnClientDisconnect
L 12/29/2025 - 19:58:14: [SM] Exception reported: Invalid convar handle 0 (error 4)
L 12/29/2025 - 19:58:14: [SM] Blaming: ÒankrunFixhealth.smx
L 12/29/2025 - 19:58:14: [SM] Call stack trace:
L 12/29/2025 - 19:58:14: [SM]   [0] GetConVarString
L 12/29/2025 - 19:58:14: [SM]   [1] Line 138, C:\Users\Moises\Downloads\Compressed\sourcemod-1.11.0-git6968-windows\addons\sourcemod\scripting\ÒankrunFixhealth.sp::IsTankRunActive
L 12/29/2025 - 19:58:14: [SM]   [2] Line 79, C:\Users\Moises\Downloads\Compressed\sourcemod-1.11.0-git6968-windows\addons\sourcemod\scripting\ÒankrunFixhealth.sp::Event_PlayerDeath
L 12/29/2025 - 19:58:14: [SM] Exception reported: Invalid convar handle 0 (error 4)
L 12/29/2025 - 19:58:14: [SM] Blaming: ÒankrunFixhealth.smx
L 12/29/2025 - 19:58:14: [SM] Call stack trace:
L 12/29/2025 - 19:58:14: [SM]   [0] GetConVarString
L 12/29/2025 - 19:58:14: [SM]   [1] Line 138, C:\Users\Moises\Downloads\Compressed\sourcemod-1.11.0-git6968-windows\addons\sourcemod\scripting\ÒankrunFixhealth.sp::IsTankRunActive
L 12/29/2025 - 19:58:14: [SM]   [2] Line 36, C:\Users\Moises\Downloads\Compressed\sourcemod-1.11.0-git6968-windows\addons\sourcemod\scripting\ÒankrunFixhealth.sp::Timer_PeriodicCheck
L 12/29/2025 - 19:58:18: [SM] Exception reported: Language phrase "No Any Dead Survivor" not found (arg 6)
L 12/29/2025 - 19:58:18: [SM] Blaming: l4d_sm_respawn.smx
L 12/29/2025 - 19:58:18: [SM] Call stack trace:
L 12/29/2025 - 19:58:18: [SM]   [0] FormatEx
L 12/29/2025 - 19:58:18: [SM]   [1] Line 202, d:\Github\Private-Work\L4D2-Êèí‰ª∂\scripting_1.11\l4d_sm_respawn.sp::MenuClientsToSpawn
L 12/29/2025 - 19:58:18: [SM]   [2] Line 239, d:\Github\Private-Work\L4D2-Êèí‰ª∂\scripting_1.11\l4d_sm_respawn.sp::MenuHandler_MenuList
L 12/29/2025 - 19:58:18: [SM] Exception reported: Invalid timer handle 4200497 (error 3)
L 12/29/2025 - 19:58:18: [SM] Blaming: l4d2_playerjoining_v2.smx
L 12/29/2025 - 19:58:18: [SM] Call stack trace:
L 12/29/2025 - 19:58:18: [SM]   [0] KillTimer
L 12/29/2025 - 19:58:18: [SM]   [1] Line 53, C:\Users\Moises\Downloads\Compressed\sourcemod-1.11.0-git6968-windows\addons\sourcemod\scripting\l4d2_playerjoining_v2.sp::OnClientDisconnect
L 12/29/2025 - 19:58:19: [SM] Exception reported: Invalid convar handle 0 (error 4)
L 12/29/2025 - 19:58:19: [SM] Blaming: ÒankrunFixhealth.smx
L 12/29/2025 - 19:58:19: [SM] Call stack trace:
L 12/29/2025 - 19:58:19: [SM]   [0] GetConVarString
L 12/29/2025 - 19:58:19: [SM]   [1] Line 138, C:\Users\Moises\Downloads\Compressed\sourcemod-1.11.0-git6968-windows\addons\sourcemod\scripting\ÒankrunFixhealth.sp::IsTankRunActive
L 12/29/2025 - 19:58:19: [SM]   [2] Line 79, C:\Users\Moises\Downloads\Compressed\sourcemod-1.11.0-git6968-windows\addons\sourcemod\scripting\ÒankrunFixhealth.sp::Event_PlayerDeath
L 12/29/2025 - 19:58:22: [SM] Exception reported: Language phrase "No Any Dead Survivor" not found (arg 6)
L 12/29/2025 - 19:58:22: [SM] Blaming: l4d_sm_respawn.smx
L 12/29/2025 - 19:58:22: [SM] Call stack trace:
L 12/29/2025 - 19:58:22: [SM]   [0] FormatEx
L 12/29/2025 - 19:58:22: [SM]   [1] Line 202, d:\Github\Private-Work\L4D2-Êèí‰ª∂\scripting_1.11\l4d_sm_respawn.sp::MenuClientsToSpawn
L 12/29/2025 - 19:58:22: [SM]   [2] Line 239, d:\Github\Private-Work\L4D2-Êèí‰ª∂\scripting_1.11\l4d_sm_respawn.sp::MenuHandler_MenuList
L 12/29/2025 - 19:58:24: [SM] Exception reported: Invalid convar handle 0 (error 4)
L 12/29/2025 - 19:58:24: [SM] Blaming: ÒankrunFixhealth.smx
L 12/29/2025 - 19:58:24: [SM] Call stack trace:
L 12/29/2025 - 19:58:24: [SM]   [0] GetConVarString
L 12/29/2025 - 19:58:24: [SM]   [1] Line 138, C:\Users\Moises\Downloads\Compressed\sourcemod-1.11.0-git6968-windows\addons\sourcemod\scripting\ÒankrunFixhealth.sp::IsTankRunActive
L 12/29/2025 - 19:58:24: [SM]   [2] Line 36, C:\Users\Moises\Downloads\Compressed\sourcemod-1.11.0-git6968-windows\addons\sourcemod\scripting\ÒankrunFixhealth.sp::Timer_PeriodicCheck
L 12/29/2025 - 19:58:34: [SM] Exception reported: Invalid convar handle 0 (error 4)
L 12/29/2025 - 19:58:34: [SM] Blaming: ÒankrunFixhealth.smx
L 12/29/2025 - 19:58:34: [SM] Call stack trace:
L 12/29/2025 - 19:58:34: [SM]   [0] GetConVarString
L 12/29/2025 - 19:58:34: [SM]   [1] Line 138, C:\Users\Moises\Downloads\Compressed\sourcemod-1.11.0-git6968-windows\addons\sourcemod\scripting\ÒankrunFixhealth.sp::IsTankRunActive
L 12/29/2025 - 19:58:34: [SM]   [2] Line 36, C:\Users\Moises\Downloads\Compressed\sourcemod-1.11.0-git6968-windows\addons\sourcemod\scripting\ÒankrunFixhealth.sp::Timer_PeriodicCheck
L 12/29/2025 - 19:58:35: [SM] Exception reported: Language phrase "Not enough player slots" not found (arg 5)
L 12/29/2025 - 19:58:35: [SM] Blaming: all4dead2.smx
L 12/29/2025 - 19:58:35: [SM] Call stack trace:
L 12/29/2025 - 19:58:35: [SM]   [0] VFormat
L 12/29/2025 - 19:58:35: [SM]   [1] Line 71, D:\Github\Private-Work\L4D2-Êèí‰ª∂\scripting_1.11\include\multicolors.inc::CPrintToChat
L 12/29/2025 - 19:58:35: [SM]   [2] Line 484, d:\Github\Private-Work\L4D2-Êèí‰ª∂\scripting_1.11\all4dead2.sp::Do_SpawnInfected
L 12/29/2025 - 19:58:35: [SM]   [3] Line 314, d:\Github\Private-Work\L4D2-Êèí‰ª∂\scripting_1.11\all4dead2.sp::Menu_SpawnSInfectedHandler
L 12/29/2025 - 19:58:37: [SM] Exception reported: Invalid convar handle 0 (error 4)
L 12/29/2025 - 19:58:37: [SM] Blaming: ÒankrunFixhealth.smx
L 12/29/2025 - 19:58:37: [SM] Call stack trace:
L 12/29/2025 - 19:58:37: [SM]   [0] GetConVarString
L 12/29/2025 - 19:58:37: [SM]   [1] Line 138, C:\Users\Moises\Downloads\Compressed\sourcemod-1.11.0-git6968-windows\addons\sourcemod\scripting\ÒankrunFixhealth.sp::IsTankRunActive
L 12/29/2025 - 19:58:37: [SM]   [2] Line 79, C:\Users\Moises\Downloads\Compressed\sourcemod-1.11.0-git6968-windows\addons\sourcemod\scripting\ÒankrunFixhealth.sp::Event_PlayerDeath
L 12/29/2025 - 19:58:42: [SM] Exception reported: Invalid convar handle 0 (error 4)
L 12/29/2025 - 19:58:42: [SM] Blaming: ÒankrunFixhealth.smx
L 12/29/2025 - 19:58:42: [SM] Call stack trace:
L 12/29/2025 - 19:58:42: [SM]   [0] GetConVarString
L 12/29/2025 - 19:58:42: [SM]   [1] Line 138, C:\Users\Moises\Downloads\Compressed\sourcemod-1.11.0-git6968-windows\addons\sourcemod\scripting\ÒankrunFixhealth.sp::IsTankRunActive
L 12/29/2025 - 19:58:42: [SM]   [2] Line 79, C:\Users\Moises\Downloads\Compressed\sourcemod-1.11.0-git6968-windows\addons\sourcemod\scripting\ÒankrunFixhealth.sp::Event_PlayerDeath
L 12/29/2025 - 19:58:44: [SM] Exception reported: Invalid convar handle 0 (error 4)
L 12/29/2025 - 19:58:44: [SM] Blaming: ÒankrunFixhealth.smx
L 12/29/2025 - 19:58:44: [SM] Call stack trace:
L 12/29/2025 - 19:58:44: [SM]   [0] GetConVarString
L 12/29/2025 - 19:58:44: [SM]   [1] Line 138, C:\Users\Moises\Downloads\Compressed\sourcemod-1.11.0-git6968-windows\addons\sourcemod\scripting\ÒankrunFixhealth.sp::IsTankRunActive
L 12/29/2025 - 19:58:44: [SM]   [2] Line 36, C:\Users\Moises\Downloads\Compressed\sourcemod-1.11.0-git6968-windows\addons\sourcemod\scripting\ÒankrunFixhealth.sp::Timer_PeriodicCheck
L 12/29/2025 - 19:58:45: [SM] Exception reported: Invalid convar handle 0 (error 4)
L 12/29/2025 - 19:58:45: [SM] Blaming: ÒankrunFixhealth.smx
L 12/29/2025 - 19:58:45: [SM] Call stack trace:
L 12/29/2025 - 19:58:45: [SM]   [0] GetConVarString
L 12/29/2025 - 19:58:45: [SM]   [1] Line 138, C:\Users\Moises\Downloads\Compressed\sourcemod-1.11.0-git6968-windows\addons\sourcemod\scripting\ÒankrunFixhealth.sp::IsTankRunActive
L 12/29/2025 - 19:58:45: [SM]   [2] Line 79, C:\Users\Moises\Downloads\Compressed\sourcemod-1.11.0-git6968-windows\addons\sourcemod\scripting\ÒankrunFixhealth.sp::Event_PlayerDeath
L 12/29/2025 - 19:58:45: [SM] Exception reported: Invalid convar handle 0 (error 4)
L 12/29/2025 - 19:58:45: [SM] Blaming: ÒankrunFixhealth.smx
L 12/29/2025 - 19:58:45: [SM] Call stack trace:
L 12/29/2025 - 19:58:45: [SM]   [0] GetConVarString
L 12/29/2025 - 19:58:45: [SM]   [1] Line 138, C:\Users\Moises\Downloads\Compressed\sourcemod-1.11.0-git6968-windows\addons\sourcemod\scripting\ÒankrunFixhealth.sp::IsTankRunActive
L 12/29/2025 - 19:58:45: [SM]   [2] Line 79, C:\Users\Moises\Downloads\Compressed\sourcemod-1.11.0-git6968-windows\addons\sourcemod\scripting\ÒankrunFixhealth.sp::Event_PlayerDeath
L 12/29/2025 - 19:58:45: [SM] Exception reported: Invalid convar handle 0 (error 4)
L 12/29/2025 - 19:58:45: [SM] Blaming: ÒankrunFixhealth.smx
L 12/29/2025 - 19:58:45: [SM] Call stack trace:
L 12/29/2025 - 19:58:45: [SM]   [0] GetConVarString
L 12/29/2025 - 19:58:45: [SM]   [1] Line 138, C:\Users\Moises\Downloads\Compressed\sourcemod-1.11.0-git6968-windows\addons\sourcemod\scripting\ÒankrunFixhealth.sp::IsTankRunActive
L 12/29/2025 - 19:58:45: [SM]   [2] Line 79, C:\Users\Moises\Downloads\Compressed\sourcemod-1.11.0-git6968-windows\addons\sourcemod\scripting\ÒankrunFixhealth.sp::Event_PlayerDeath
L 12/29/2025 - 19:58:49: [SM] Exception reported: Invalid timer handle 5a400432 (error 3)
L 12/29/2025 - 19:58:49: [SM] Blaming: l4d2_playerjoining_v2.smx
L 12/29/2025 - 19:58:49: [SM] Call stack trace:
L 12/29/2025 - 19:58:49: [SM]   [0] KillTimer
L 12/29/2025 - 19:58:49: [SM]   [1] Line 53, C:\Users\Moises\Downloads\Compressed\sourcemod-1.11.0-git6968-windows\addons\sourcemod\scripting\l4d2_playerjoining_v2.sp::OnClientDisconnect
L 12/29/2025 - 19:58:51: [SM] Exception reported: Language phrase "Please wait to be revived or rescued" not found (arg 6)
L 12/29/2025 - 19:58:51: [SM] Blaming: l4dmultislots.smx
L 12/29/2025 - 19:58:51: [SM] Call stack trace:
L 12/29/2025 - 19:58:51: [SM]   [0] PrintToChat
L 12/29/2025 - 19:58:51: [SM]   [1] Line 953, d:\Github\Private-Work\L4D2-Êèí‰ª∂\scripting_1.11\l4dmultislots.sp::Timer_SpecCheck
L 12/29/2025 - 19:58:52: [SM] Exception reported: Invalid timer handle 43900466 (error 3)
L 12/29/2025 - 19:58:52: [SM] Blaming: l4d2_playerjoining_v2.smx
L 12/29/2025 - 19:58:52: [SM] Call stack trace:
L 12/29/2025 - 19:58:52: [SM]   [0] KillTimer
L 12/29/2025 - 19:58:52: [SM]   [1] Line 53, C:\Users\Moises\Downloads\Compressed\sourcemod-1.11.0-git6968-windows\addons\sourcemod\scripting\l4d2_playerjoining_v2.sp::OnClientDisconnect
L 12/29/2025 - 19:58:52: [SM] Exception reported: Invalid timer handle f4c0047d (error 1)
L 12/29/2025 - 19:58:52: [SM] Blaming: l4d2_playerjoining_v2.smx
L 12/29/2025 - 19:58:52: [SM] Call stack trace:
L 12/29/2025 - 19:58:52: [SM]   [0] KillTimer
L 12/29/2025 - 19:58:52: [SM]   [1] Line 53, C:\Users\Moises\Downloads\Compressed\sourcemod-1.11.0-git6968-windows\addons\sourcemod\scripting\l4d2_playerjoining_v2.sp::OnClientDisconnect
L 12/29/2025 - 19:58:54: [SM] Exception reported: Invalid convar handle 0 (error 4)
L 12/29/2025 - 19:58:54: [SM] Blaming: ÒankrunFixhealth.smx
L 12/29/2025 - 19:58:54: [SM] Call stack trace:
L 12/29/2025 - 19:58:54: [SM]   [0] GetConVarString
L 12/29/2025 - 19:58:54: [SM]   [1] Line 138, C:\Users\Moises\Downloads\Compressed\sourcemod-1.11.0-git6968-windows\addons\sourcemod\scripting\ÒankrunFixhealth.sp::IsTankRunActive
L 12/29/2025 - 19:58:54: [SM]   [2] Line 36, C:\Users\Moises\Downloads\Compressed\sourcemod-1.11.0-git6968-windows\addons\sourcemod\scripting\ÒankrunFixhealth.sp::Timer_PeriodicCheck
L 12/29/2025 - 19:58:57: [SM] Exception reported: Invalid convar handle 0 (error 4)
L 12/29/2025 - 19:58:57: [SM] Blaming: ÒankrunFixhealth.smx
L 12/29/2025 - 19:58:57: [SM] Call stack trace:
L 12/29/2025 - 19:58:57: [SM]   [0] GetConVarString
L 12/29/2025 - 19:58:57: [SM]   [1] Line 138, C:\Users\Moises\Downloads\Compressed\sourcemod-1.11.0-git6968-windows\addons\sourcemod\scripting\ÒankrunFixhealth.sp::IsTankRunActive
L 12/29/2025 - 19:58:57: [SM]   [2] Line 79, C:\Users\Moises\Downloads\Compressed\sourcemod-1.11.0-git6968-windows\addons\sourcemod\scripting\ÒankrunFixhealth.sp::Event_PlayerDeath
L 12/29/2025 - 19:59:04: [SM] Exception reported: Invalid convar handle 0 (error 4)
L 12/29/2025 - 19:59:04: [SM] Blaming: ÒankrunFixhealth.smx
L 12/29/2025 - 19:59:04: [SM] Call stack trace:
L 12/29/2025 - 19:59:04: [SM]   [0] GetConVarString
L 12/29/2025 - 19:59:04: [SM]   [1] Line 138, C:\Users\Moises\Downloads\Compressed\sourcemod-1.11.0-git6968-windows\addons\sourcemod\scripting\ÒankrunFixhealth.sp::IsTankRunActive
L 12/29/2025 - 19:59:04: [SM]   [2] Line 36, C:\Users\Moises\Downloads\Compressed\sourcemod-1.11.0-git6968-windows\addons\sourcemod\scripting\ÒankrunFixhealth.sp::Timer_PeriodicCheck
L 12/29/2025 - 19:59:07: [SM] Exception reported: Language phrase "No Any Dead Survivor" not found (arg 6)
L 12/29/2025 - 19:59:07: [SM] Blaming: l4d_sm_respawn.smx
L 12/29/2025 - 19:59:07: [SM] Call stack trace:
L 12/29/2025 - 19:59:07: [SM]   [0] FormatEx
L 12/29/2025 - 19:59:07: [SM]   [1] Line 202, d:\Github\Private-Work\L4D2-Êèí‰ª∂\scripting_1.11\l4d_sm_respawn.sp::MenuClientsToSpawn
L 12/29/2025 - 19:59:07: [SM]   [2] Line 239, d:\Github\Private-Work\L4D2-Êèí‰ª∂\scripting_1.11\l4d_sm_respawn.sp::MenuHandler_MenuList
L 12/29/2025 - 19:59:14: [SM] Exception reported: Invalid convar handle 0 (error 4)
L 12/29/2025 - 19:59:14: [SM] Blaming: ÒankrunFixhealth.smx
L 12/29/2025 - 19:59:14: [SM] Call stack trace:
L 12/29/2025 - 19:59:14: [SM]   [0] GetConVarString
L 12/29/2025 - 19:59:14: [SM]   [1] Line 138, C:\Users\Moises\Downloads\Compressed\sourcemod-1.11.0-git6968-windows\addons\sourcemod\scripting\ÒankrunFixhealth.sp::IsTankRunActive
L 12/29/2025 - 19:59:14: [SM]   [2] Line 36, C:\Users\Moises\Downloads\Compressed\sourcemod-1.11.0-git6968-windows\addons\sourcemod\scripting\ÒankrunFixhealth.sp::Timer_PeriodicCheck
L 12/29/2025 - 19:59:15: [SM] Exception reported: Invalid timer handle 43900466 (error 3)
L 12/29/2025 - 19:59:15: [SM] Blaming: l4d2_playerjoining_v2.smx
L 12/29/2025 - 19:59:15: [SM] Call stack trace:
L 12/29/2025 - 19:59:15: [SM]   [0] KillTimer
L 12/29/2025 - 19:59:15: [SM]   [1] Line 53, C:\Users\Moises\Downloads\Compressed\sourcemod-1.11.0-git6968-windows\addons\sourcemod\scripting\l4d2_playerjoining_v2.sp::OnClientDisconnect
L 12/29/2025 - 19:59:16: [SM] Exception reported: Language phrase "Type in chat !join To join the survivors" not found (arg 6)
L 12/29/2025 - 19:59:16: [SM] Blaming: l4dmultislots.smx
L 12/29/2025 - 19:59:16: [SM] Call stack trace:
L 12/29/2025 - 19:59:16: [SM]   [0] VFormat
L 12/29/2025 - 19:59:16: [SM]   [1] Line 71, D:\Github\Private-Work\L4D2-Êèí‰ª∂\scripting_1.11\include\multicolors.inc::CPrintToChat
L 12/29/2025 - 19:59:16: [SM]   [2] Line 938, d:\Github\Private-Work\L4D2-Êèí‰ª∂\scripting_1.11\l4dmultislots.sp::Timer_SpecCheck
L 12/29/2025 - 19:59:18: [SM] Exception reported: Language phrase "Not enough player slots" not found (arg 5)
L 12/29/2025 - 19:59:18: [SM] Blaming: all4dead2.smx
L 12/29/2025 - 19:59:18: [SM] Call stack trace:
L 12/29/2025 - 19:59:18: [SM]   [0] VFormat
L 12/29/2025 - 19:59:18: [SM]   [1] Line 71, D:\Github\Private-Work\L4D2-Êèí‰ª∂\scripting_1.11\include\multicolors.inc::CPrintToChat
L 12/29/2025 - 19:59:18: [SM]   [2] Line 484, d:\Github\Private-Work\L4D2-Êèí‰ª∂\scripting_1.11\all4dead2.sp::Do_SpawnInfected
L 12/29/2025 - 19:59:18: [SM]   [3] Line 314, d:\Github\Private-Work\L4D2-Êèí‰ª∂\scripting_1.11\all4dead2.sp::Menu_SpawnSInfectedHandler
L 12/29/2025 - 19:59:22: [SM] Exception reported: Invalid convar handle 0 (error 4)
L 12/29/2025 - 19:59:22: [SM] Blaming: ÒankrunFixhealth.smx
L 12/29/2025 - 19:59:22: [SM] Call stack trace:
L 12/29/2025 - 19:59:22: [SM]   [0] GetConVarString
L 12/29/2025 - 19:59:22: [SM]   [1] Line 138, C:\Users\Moises\Downloads\Compressed\sourcemod-1.11.0-git6968-windows\addons\sourcemod\scripting\ÒankrunFixhealth.sp::IsTankRunActive
L 12/29/2025 - 19:59:22: [SM]   [2] Line 79, C:\Users\Moises\Downloads\Compressed\sourcemod-1.11.0-git6968-windows\addons\sourcemod\scripting\ÒankrunFixhealth.sp::Event_PlayerDeath
L 12/29/2025 - 19:59:22: [SM] Exception reported: Invalid convar handle 0 (error 4)
L 12/29/2025 - 19:59:22: [SM] Blaming: ÒankrunFixhealth.smx
L 12/29/2025 - 19:59:22: [SM] Call stack trace:
L 12/29/2025 - 19:59:22: [SM]   [0] GetConVarString
L 12/29/2025 - 19:59:22: [SM]   [1] Line 138, C:\Users\Moises\Downloads\Compressed\sourcemod-1.11.0-git6968-windows\addons\sourcemod\scripting\ÒankrunFixhealth.sp::IsTankRunActive
L 12/29/2025 - 19:59:22: [SM]   [2] Line 79, C:\Users\Moises\Downloads\Compressed\sourcemod-1.11.0-git6968-windows\addons\sourcemod\scripting\ÒankrunFixhealth.sp::Event_PlayerDeath
L 12/29/2025 - 19:59:24: [SM] Exception reported: Invalid convar handle 0 (error 4)
L 12/29/2025 - 19:59:24: [SM] Blaming: ÒankrunFixhealth.smx
L 12/29/2025 - 19:59:24: [SM] Call stack trace:
L 12/29/2025 - 19:59:24: [SM]   [0] GetConVarString
L 12/29/2025 - 19:59:24: [SM]   [1] Line 138, C:\Users\Moises\Downloads\Compressed\sourcemod-1.11.0-git6968-windows\addons\sourcemod\scripting\ÒankrunFixhealth.sp::IsTankRunActive
L 12/29/2025 - 19:59:24: [SM]   [2] Line 36, C:\Users\Moises\Downloads\Compressed\sourcemod-1.11.0-git6968-windows\addons\sourcemod\scripting\ÒankrunFixhealth.sp::Timer_PeriodicCheck
L 12/29/2025 - 19:59:25: [SM] Exception reported: Invalid convar handle 0 (error 4)
L 12/29/2025 - 19:59:25: [SM] Blaming: ÒankrunFixhealth.smx
L 12/29/2025 - 19:59:25: [SM] Call stack trace:
L 12/29/2025 - 19:59:25: [SM]   [0] GetConVarString
L 12/29/2025 - 19:59:25: [SM]   [1] Line 138, C:\Users\Moises\Downloads\Compressed\sourcemod-1.11.0-git6968-windows\addons\sourcemod\scripting\ÒankrunFixhealth.sp::IsTankRunActive
L 12/29/2025 - 19:59:25: [SM]   [2] Line 79, C:\Users\Moises\Downloads\Compressed\sourcemod-1.11.0-git6968-windows\addons\sourcemod\scripting\ÒankrunFixhealth.sp::Event_PlayerDeath
L 12/29/2025 - 19:59:25: [SM] Exception reported: Invalid convar handle 0 (error 4)
L 12/29/2025 - 19:59:25: [SM] Blaming: ÒankrunFixhealth.smx
L 12/29/2025 - 19:59:25: [SM] Call stack trace:
L 12/29/2025 - 19:59:25: [SM]   [0] GetConVarString
L 12/29/2025 - 19:59:25: [SM]   [1] Line 138, C:\Users\Moises\Downloads\Compressed\sourcemod-1.11.0-git6968-windows\addons\sourcemod\scripting\ÒankrunFixhealth.sp::IsTankRunActive
L 12/29/2025 - 19:59:25: [SM]   [2] Line 79, C:\Users\Moises\Downloads\Compressed\sourcemod-1.11.0-git6968-windows\addons\sourcemod\scripting\ÒankrunFixhealth.sp::Event_PlayerDeath
L 12/29/2025 - 19:59:29: [SM] Exception reported: Language phrase "Impossible to generate a bot at the moment." not found (arg 5)
L 12/29/2025 - 19:59:29: [SM] Blaming: l4dmultislots.smx
L 12/29/2025 - 19:59:29: [SM] Call stack trace:
L 12/29/2025 - 19:59:29: [SM]   [0] PrintHintText
L 12/29/2025 - 19:59:29: [SM]   [1] Line 765, d:\Github\Private-Work\L4D2-Êèí‰ª∂\scripting_1.11\l4dmultislots.sp::JoinTeam_ColdDown
L 12/29/2025 - 19:59:30: [SM] Exception reported: Invalid timer handle f4c0047d (error 1)
L 12/29/2025 - 19:59:30: [SM] Blaming: l4d2_playerjoining_v2.smx
L 12/29/2025 - 19:59:30: [SM] Call stack trace:
L 12/29/2025 - 19:59:30: [SM]   [0] KillTimer
L 12/29/2025 - 19:59:30: [SM]   [1] Line 53, C:\Users\Moises\Downloads\Compressed\sourcemod-1.11.0-git6968-windows\addons\sourcemod\scripting\l4d2_playerjoining_v2.sp::OnClientDisconnect
L 12/29/2025 - 19:59:34: [SM] Exception reported: Invalid convar handle 0 (error 4)
L 12/29/2025 - 19:59:34: [SM] Blaming: ÒankrunFixhealth.smx
L 12/29/2025 - 19:59:34: [SM] Call stack trace:
L 12/29/2025 - 19:59:34: [SM]   [0] GetConVarString
L 12/29/2025 - 19:59:34: [SM]   [1] Line 138, C:\Users\Moises\Downloads\Compressed\sourcemod-1.11.0-git6968-windows\addons\sourcemod\scripting\ÒankrunFixhealth.sp::IsTankRunActive
L 12/29/2025 - 19:59:34: [SM]   [2] Line 36, C:\Users\Moises\Downloads\Compressed\sourcemod-1.11.0-git6968-windows\addons\sourcemod\scripting\ÒankrunFixhealth.sp::Timer_PeriodicCheck
L 12/29/2025 - 19:59:38: [SM] Exception reported: Invalid timer handle f4c0047d (error 1)
L 12/29/2025 - 19:59:38: [SM] Blaming: l4d2_playerjoining_v2.smx
L 12/29/2025 - 19:59:38: [SM] Call stack trace:
L 12/29/2025 - 19:59:38: [SM]   [0] KillTimer
L 12/29/2025 - 19:59:38: [SM]   [1] Line 53, C:\Users\Moises\Downloads\Compressed\sourcemod-1.11.0-git6968-windows\addons\sourcemod\scripting\l4d2_playerjoining_v2.sp::OnClientDisconnect
L 12/29/2025 - 19:59:39: [SM] Exception reported: Language phrase "No Any Dead Survivor" not found (arg 6)
L 12/29/2025 - 19:59:39: [SM] Blaming: l4d_sm_respawn.smx
L 12/29/2025 - 19:59:39: [SM] Call stack trace:
L 12/29/2025 - 19:59:39: [SM]   [0] FormatEx
L 12/29/2025 - 19:59:39: [SM]   [1] Line 202, d:\Github\Private-Work\L4D2-Êèí‰ª∂\scripting_1.11\l4d_sm_respawn.sp::MenuClientsToSpawn
L 12/29/2025 - 19:59:39: [SM]   [2] Line 239, d:\Github\Private-Work\L4D2-Êèí‰ª∂\scripting_1.11\l4d_sm_respawn.sp::MenuHandler_MenuList
L 12/29/2025 - 19:59:41: [SM] Exception reported: Language phrase "Type in chat !join To join the survivors" not found (arg 6)
L 12/29/2025 - 19:59:41: [SM] Blaming: l4dmultislots.smx
L 12/29/2025 - 19:59:41: [SM] Call stack trace:
L 12/29/2025 - 19:59:41: [SM]   [0] VFormat
L 12/29/2025 - 19:59:41: [SM]   [1] Line 71, D:\Github\Private-Work\L4D2-Êèí‰ª∂\scripting_1.11\include\multicolors.inc::CPrintToChat
L 12/29/2025 - 19:59:41: [SM]   [2] Line 938, d:\Github\Private-Work\L4D2-Êèí‰ª∂\scripting_1.11\l4dmultislots.sp::Timer_SpecCheck
L 12/29/2025 - 19:59:44: [SM] Exception reported: Invalid convar handle 0 (error 4)
L 12/29/2025 - 19:59:44: [SM] Blaming: ÒankrunFixhealth.smx
L 12/29/2025 - 19:59:44: [SM] Call stack trace:
L 12/29/2025 - 19:59:44: [SM]   [0] GetConVarString
L 12/29/2025 - 19:59:44: [SM]   [1] Line 138, C:\Users\Moises\Downloads\Compressed\sourcemod-1.11.0-git6968-windows\addons\sourcemod\scripting\ÒankrunFixhealth.sp::IsTankRunActive
L 12/29/2025 - 19:59:44: [SM]   [2] Line 36, C:\Users\Moises\Downloads\Compressed\sourcemod-1.11.0-git6968-windows\addons\sourcemod\scripting\ÒankrunFixhealth.sp::Timer_PeriodicCheck
L 12/29/2025 - 19:59:45: [SM] Exception reported: Language phrase "No Any Dead Survivor" not found (arg 6)
L 12/29/2025 - 19:59:45: [SM] Blaming: l4d_sm_respawn.smx
L 12/29/2025 - 19:59:45: [SM] Call stack trace:
L 12/29/2025 - 19:59:45: [SM]   [0] FormatEx
L 12/29/2025 - 19:59:45: [SM]   [1] Line 202, d:\Github\Private-Work\L4D2-Êèí‰ª∂\scripting_1.11\l4d_sm_respawn.sp::MenuClientsToSpawn
L 12/29/2025 - 19:59:45: [SM]   [2] Line 170, d:\Github\Private-Work\L4D2-Êèí‰ª∂\scripting_1.11\l4d_sm_respawn.sp::AdminMenuSpawnHandler
L 12/29/2025 - 19:59:54: [SM] Exception reported: Invalid convar handle 0 (error 4)
L 12/29/2025 - 19:59:54: [SM] Blaming: ÒankrunFixhealth.smx
L 12/29/2025 - 19:59:54: [SM] Call stack trace:
L 12/29/2025 - 19:59:54: [SM]   [0] GetConVarString
L 12/29/2025 - 19:59:54: [SM]   [1] Line 138, C:\Users\Moises\Downloads\Compressed\sourcemod-1.11.0-git6968-windows\addons\sourcemod\scripting\ÒankrunFixhealth.sp::IsTankRunActive
L 12/29/2025 - 19:59:54: [SM]   [2] Line 36, C:\Users\Moises\Downloads\Compressed\sourcemod-1.11.0-git6968-windows\addons\sourcemod\scripting\ÒankrunFixhealth.sp::Timer_PeriodicCheck
L 12/29/2025 - 19:59:55: [SM] Exception reported: Language phrase "No Any Dead Survivor" not found (arg 6)
L 12/29/2025 - 19:59:55: [SM] Blaming: l4d_sm_respawn.smx
L 12/29/2025 - 19:59:55: [SM] Call stack trace:
L 12/29/2025 - 19:59:55: [SM]   [0] FormatEx
L 12/29/2025 - 19:59:55: [SM]   [1] Line 202, d:\Github\Private-Work\L4D2-Êèí‰ª∂\scripting_1.11\l4d_sm_respawn.sp::MenuClientsToSpawn
L 12/29/2025 - 19:59:55: [SM]   [2] Line 170, d:\Github\Private-Work\L4D2-Êèí‰ª∂\scripting_1.11\l4d_sm_respawn.sp::AdminMenuSpawnHandler
L 12/29/2025 - 20:00:01: [SM] Exception reported: Language phrase "Not enough player slots" not found (arg 5)
L 12/29/2025 - 20:00:01: [SM] Blaming: all4dead2.smx
L 12/29/2025 - 20:00:01: [SM] Call stack trace:
L 12/29/2025 - 20:00:01: [SM]   [0] VFormat
L 12/29/2025 - 20:00:01: [SM]   [1] Line 71, D:\Github\Private-Work\L4D2-Êèí‰ª∂\scripting_1.11\include\multicolors.inc::CPrintToChat
L 12/29/2025 - 20:00:01: [SM]   [2] Line 484, d:\Github\Private-Work\L4D2-Êèí‰ª∂\scripting_1.11\all4dead2.sp::Do_SpawnInfected
L 12/29/2025 - 20:00:01: [SM]   [3] Line 314, d:\Github\Private-Work\L4D2-Êèí‰ª∂\scripting_1.11\all4dead2.sp::Menu_SpawnSInfectedHandler
L 12/29/2025 - 20:00:04: [SM] Exception reported: Invalid convar handle 0 (error 4)
L 12/29/2025 - 20:00:04: [SM] Blaming: ÒankrunFixhealth.smx
L 12/29/2025 - 20:00:04: [SM] Call stack trace:
L 12/29/2025 - 20:00:04: [SM]   [0] GetConVarString
L 12/29/2025 - 20:00:04: [SM]   [1] Line 138, C:\Users\Moises\Downloads\Compressed\sourcemod-1.11.0-git6968-windows\addons\sourcemod\scripting\ÒankrunFixhealth.sp::IsTankRunActive
L 12/29/2025 - 20:00:04: [SM]   [2] Line 36, C:\Users\Moises\Downloads\Compressed\sourcemod-1.11.0-git6968-windows\addons\sourcemod\scripting\ÒankrunFixhealth.sp::Timer_PeriodicCheck
L 12/29/2025 - 20:00:06: [SM] Exception reported: Language phrase "Type in chat !join To join the survivors" not found (arg 6)
L 12/29/2025 - 20:00:06: [SM] Blaming: l4dmultislots.smx
L 12/29/2025 - 20:00:06: [SM] Call stack trace:
L 12/29/2025 - 20:00:06: [SM]   [0] VFormat
L 12/29/2025 - 20:00:06: [SM]   [1] Line 71, D:\Github\Private-Work\L4D2-Êèí‰ª∂\scripting_1.11\include\multicolors.inc::CPrintToChat
L 12/29/2025 - 20:00:06: [SM]   [2] Line 938, d:\Github\Private-Work\L4D2-Êèí‰ª∂\scripting_1.11\l4dmultislots.sp::Timer_SpecCheck
L 12/29/2025 - 20:00:10: [SM] Exception reported: Invalid convar handle 0 (error 4)
L 12/29/2025 - 20:00:10: [SM] Blaming: ÒankrunFixhealth.smx
L 12/29/2025 - 20:00:10: [SM] Call stack trace:
L 12/29/2025 - 20:00:10: [SM]   [0] GetConVarString
L 12/29/2025 - 20:00:10: [SM]   [1] Line 138, C:\Users\Moises\Downloads\Compressed\sourcemod-1.11.0-git6968-windows\addons\sourcemod\scripting\ÒankrunFixhealth.sp::IsTankRunActive
L 12/29/2025 - 20:00:10: [SM]   [2] Line 79, C:\Users\Moises\Downloads\Compressed\sourcemod-1.11.0-git6968-windows\addons\sourcemod\scripting\ÒankrunFixhealth.sp::Event_PlayerDeath
L 12/29/2025 - 20:00:14: [SM] Exception reported: Invalid convar handle 0 (error 4)
L 12/29/2025 - 20:00:14: [SM] Blaming: ÒankrunFixhealth.smx
L 12/29/2025 - 20:00:14: [SM] Call stack trace:
L 12/29/2025 - 20:00:14: [SM]   [0] GetConVarString
L 12/29/2025 - 20:00:14: [SM]   [1] Line 138, C:\Users\Moises\Downloads\Compressed\sourcemod-1.11.0-git6968-windows\addons\sourcemod\scripting\ÒankrunFixhealth.sp::IsTankRunActive
L 12/29/2025 - 20:00:14: [SM]   [2] Line 36, C:\Users\Moises\Downloads\Compressed\sourcemod-1.11.0-git6968-windows\addons\sourcemod\scripting\ÒankrunFixhealth.sp::Timer_PeriodicCheck
L 12/29/2025 - 20:00:17: [SM] Exception reported: Invalid timer handle c1000499 (error 3)
L 12/29/2025 - 20:00:17: [SM] Blaming: l4d2_playerjoining_v2.smx
L 12/29/2025 - 20:00:17: [SM] Call stack trace:
L 12/29/2025 - 20:00:17: [SM]   [0] KillTimer
L 12/29/2025 - 20:00:17: [SM]   [1] Line 53, C:\Users\Moises\Downloads\Compressed\sourcemod-1.11.0-git6968-windows\addons\sourcemod\scripting\l4d2_playerjoining_v2.sp::OnClientDisconnect
L 12/29/2025 - 20:00:24: [SM] Exception reported: Invalid convar handle 0 (error 4)
L 12/29/2025 - 20:00:24: [SM] Blaming: ÒankrunFixhealth.smx
L 12/29/2025 - 20:00:24: [SM] Call stack trace:
L 12/29/2025 - 20:00:24: [SM]   [0] GetConVarString
L 12/29/2025 - 20:00:24: [SM]   [1] Line 138, C:\Users\Moises\Downloads\Compressed\sourcemod-1.11.0-git6968-windows\addons\sourcemod\scripting\ÒankrunFixhealth.sp::IsTankRunActive
L 12/29/2025 - 20:00:24: [SM]   [2] Line 36, C:\Users\Moises\Downloads\Compressed\sourcemod-1.11.0-git6968-windows\addons\sourcemod\scripting\ÒankrunFixhealth.sp::Timer_PeriodicCheck
L 12/29/2025 - 20:00:31: [SM] Exception reported: Language phrase "Type in chat !join To join the survivors" not found (arg 6)
L 12/29/2025 - 20:00:31: [SM] Blaming: l4dmultislots.smx
L 12/29/2025 - 20:00:31: [SM] Call stack trace:
L 12/29/2025 - 20:00:31: [SM]   [0] VFormat
L 12/29/2025 - 20:00:31: [SM]   [1] Line 71, D:\Github\Private-Work\L4D2-Êèí‰ª∂\scripting_1.11\include\multicolors.inc::CPrintToChat
L 12/29/2025 - 20:00:31: [SM]   [2] Line 938, d:\Github\Private-Work\L4D2-Êèí‰ª∂\scripting_1.11\l4dmultislots.sp::Timer_SpecCheck
L 12/29/2025 - 20:00:34: [SM] Exception reported: Invalid convar handle 0 (error 4)
L 12/29/2025 - 20:00:34: [SM] Blaming: ÒankrunFixhealth.smx
L 12/29/2025 - 20:00:34: [SM] Call stack trace:
L 12/29/2025 - 20:00:34: [SM]   [0] GetConVarString
L 12/29/2025 - 20:00:34: [SM]   [1] Line 138, C:\Users\Moises\Downloads\Compressed\sourcemod-1.11.0-git6968-windows\addons\sourcemod\scripting\ÒankrunFixhealth.sp::IsTankRunActive
L 12/29/2025 - 20:00:34: [SM]   [2] Line 36, C:\Users\Moises\Downloads\Compressed\sourcemod-1.11.0-git6968-windows\addons\sourcemod\scripting\ÒankrunFixhealth.sp::Timer_PeriodicCheck
L 12/29/2025 - 20:00:39: [SM] Exception reported: Language phrase "Not enough player slots" not found (arg 5)
L 12/29/2025 - 20:00:39: [SM] Blaming: all4dead2.smx
L 12/29/2025 - 20:00:39: [SM] Call stack trace:
L 12/29/2025 - 20:00:39: [SM]   [0] VFormat
L 12/29/2025 - 20:00:39: [SM]   [1] Line 71, D:\Github\Private-Work\L4D2-Êèí‰ª∂\scripting_1.11\include\multicolors.inc::CPrintToChat
L 12/29/2025 - 20:00:39: [SM]   [2] Line 484, d:\Github\Private-Work\L4D2-Êèí‰ª∂\scripting_1.11\all4dead2.sp::Do_SpawnInfected
L 12/29/2025 - 20:00:39: [SM]   [3] Line 314, d:\Github\Private-Work\L4D2-Êèí‰ª∂\scripting_1.11\all4dead2.sp::Menu_SpawnSInfectedHandler
L 12/29/2025 - 20:00:44: [SM] Exception reported: Invalid convar handle 0 (error 4)
L 12/29/2025 - 20:00:44: [SM] Blaming: ÒankrunFixhealth.smx
L 12/29/2025 - 20:00:44: [SM] Call stack trace:
L 12/29/2025 - 20:00:44: [SM]   [0] GetConVarString
L 12/29/2025 - 20:00:44: [SM]   [1] Line 138, C:\Users\Moises\Downloads\Compressed\sourcemod-1.11.0-git6968-windows\addons\sourcemod\scripting\ÒankrunFixhealth.sp::IsTankRunActive
L 12/29/2025 - 20:00:44: [SM]   [2] Line 36, C:\Users\Moises\Downloads\Compressed\sourcemod-1.11.0-git6968-windows\addons\sourcemod\scripting\ÒankrunFixhealth.sp::Timer_PeriodicCheck
L 12/29/2025 - 20:00:44: [SM] Exception reported: Invalid convar handle 0 (error 4)
L 12/29/2025 - 20:00:44: [SM] Blaming: ÒankrunFixhealth.smx
L 12/29/2025 - 20:00:44: [SM] Call stack trace:
L 12/29/2025 - 20:00:44: [SM]   [0] GetConVarString
L 12/29/2025 - 20:00:44: [SM]   [1] Line 138, C:\Users\Moises\Downloads\Compressed\sourcemod-1.11.0-git6968-windows\addons\sourcemod\scripting\ÒankrunFixhealth.sp::IsTankRunActive
L 12/29/2025 - 20:00:44: [SM]   [2] Line 79, C:\Users\Moises\Downloads\Compressed\sourcemod-1.11.0-git6968-windows\addons\sourcemod\scripting\ÒankrunFixhealth.sp::Event_PlayerDeath
L 12/29/2025 - 20:00:48: [SM] Exception reported: Language phrase "Not enough player slots" not found (arg 5)
L 12/29/2025 - 20:00:48: [SM] Blaming: all4dead2.smx
L 12/29/2025 - 20:00:48: [SM] Call stack trace:
L 12/29/2025 - 20:00:48: [SM]   [0] VFormat
L 12/29/2025 - 20:00:48: [SM]   [1] Line 71, D:\Github\Private-Work\L4D2-Êèí‰ª∂\scripting_1.11\include\multicolors.inc::CPrintToChat
L 12/29/2025 - 20:00:48: [SM]   [2] Line 484, d:\Github\Private-Work\L4D2-Êèí‰ª∂\scripting_1.11\all4dead2.sp::Do_SpawnInfected
L 12/29/2025 - 20:00:48: [SM]   [3] Line 314, d:\Github\Private-Work\L4D2-Êèí‰ª∂\scripting_1.11\all4dead2.sp::Menu_SpawnSInfectedHandler
L 12/29/2025 - 20:00:53: [SM] Exception reported: Language phrase "Impossible to generate a bot at the moment." not found (arg 5)
L 12/29/2025 - 20:00:53: [SM] Blaming: l4dmultislots.smx
L 12/29/2025 - 20:00:53: [SM] Call stack trace:
L 12/29/2025 - 20:00:53: [SM]   [0] PrintHintText
L 12/29/2025 - 20:00:53: [SM]   [1] Line 765, d:\Github\Private-Work\L4D2-Êèí‰ª∂\scripting_1.11\l4dmultislots.sp::JoinTeam_ColdDown
L 12/29/2025 - 20:00:54: [SM] Exception reported: Invalid convar handle 0 (error 4)
L 12/29/2025 - 20:00:54: [SM] Blaming: ÒankrunFixhealth.smx
L 12/29/2025 - 20:00:54: [SM] Call stack trace:
L 12/29/2025 - 20:00:54: [SM]   [0] GetConVarString
L 12/29/2025 - 20:00:54: [SM]   [1] Line 138, C:\Users\Moises\Downloads\Compressed\sourcemod-1.11.0-git6968-windows\addons\sourcemod\scripting\ÒankrunFixhealth.sp::IsTankRunActive
L 12/29/2025 - 20:00:54: [SM]   [2] Line 36, C:\Users\Moises\Downloads\Compressed\sourcemod-1.11.0-git6968-windows\addons\sourcemod\scripting\ÒankrunFixhealth.sp::Timer_PeriodicCheck
L 12/29/2025 - 20:00:55: [SM] Exception reported: Invalid convar handle 0 (error 4)
L 12/29/2025 - 20:00:55: [SM] Blaming: ÒankrunFixhealth.smx
L 12/29/2025 - 20:00:55: [SM] Call stack trace:
L 12/29/2025 - 20:00:55: [SM]   [0] GetConVarString
L 12/29/2025 - 20:00:55: [SM]   [1] Line 138, C:\Users\Moises\Downloads\Compressed\sourcemod-1.11.0-git6968-windows\addons\sourcemod\scripting\ÒankrunFixhealth.sp::IsTankRunActive
L 12/29/2025 - 20:00:55: [SM]   [2] Line 79, C:\Users\Moises\Downloads\Compressed\sourcemod-1.11.0-git6968-windows\addons\sourcemod\scripting\ÒankrunFixhealth.sp::Event_PlayerDeath
L 12/29/2025 - 20:00:56: [SM] Exception reported: Language phrase "Type in chat !join To join the survivors" not found (arg 6)
L 12/29/2025 - 20:00:56: [SM] Blaming: l4dmultislots.smx
L 12/29/2025 - 20:00:56: [SM] Call stack trace:
L 12/29/2025 - 20:00:56: [SM]   [0] VFormat
L 12/29/2025 - 20:00:56: [SM]   [1] Line 71, D:\Github\Private-Work\L4D2-Êèí‰ª∂\scripting_1.11\include\multicolors.inc::CPrintToChat
L 12/29/2025 - 20:00:56: [SM]   [2] Line 938, d:\Github\Private-Work\L4D2-Êèí‰ª∂\scripting_1.11\l4dmultislots.sp::Timer_SpecCheck
L 12/29/2025 - 20:01:02: [SM] Exception reported: Language phrase "Impossible to generate a bot at the moment." not found (arg 5)
L 12/29/2025 - 20:01:02: [SM] Blaming: l4dmultislots.smx
L 12/29/2025 - 20:01:02: [SM] Call stack trace:
L 12/29/2025 - 20:01:02: [SM]   [0] PrintHintText
L 12/29/2025 - 20:01:02: [SM]   [1] Line 765, d:\Github\Private-Work\L4D2-Êèí‰ª∂\scripting_1.11\l4dmultislots.sp::JoinTeam_ColdDown
L 12/29/2025 - 20:01:02: [SM] Exception reported: Invalid convar handle 0 (error 4)
L 12/29/2025 - 20:01:02: [SM] Blaming: ÒankrunFixhealth.smx
L 12/29/2025 - 20:01:02: [SM] Call stack trace:
L 12/29/2025 - 20:01:02: [SM]   [0] GetConVarString
L 12/29/2025 - 20:01:02: [SM]   [1] Line 138, C:\Users\Moises\Downloads\Compressed\sourcemod-1.11.0-git6968-windows\addons\sourcemod\scripting\ÒankrunFixhealth.sp::IsTankRunActive
L 12/29/2025 - 20:01:02: [SM]   [2] Line 79, C:\Users\Moises\Downloads\Compressed\sourcemod-1.11.0-git6968-windows\addons\sourcemod\scripting\ÒankrunFixhealth.sp::Event_PlayerDeath
L 12/29/2025 - 20:01:02: [SM] Exception reported: Invalid convar handle 0 (error 4)
L 12/29/2025 - 20:01:02: [SM] Blaming: ÒankrunFixhealth.smx
L 12/29/2025 - 20:01:02: [SM] Call stack trace:
L 12/29/2025 - 20:01:02: [SM]   [0] GetConVarString
L 12/29/2025 - 20:01:02: [SM]   [1] Line 138, C:\Users\Moises\Downloads\Compressed\sourcemod-1.11.0-git6968-windows\addons\sourcemod\scripting\ÒankrunFixhealth.sp::IsTankRunActive
L 12/29/2025 - 20:01:02: [SM]   [2] Line 79, C:\Users\Moises\Downloads\Compressed\sourcemod-1.11.0-git6968-windows\addons\sourcemod\scripting\ÒankrunFixhealth.sp::Event_PlayerDeath
L 12/29/2025 - 20:01:02: [SM] Exception reported: Invalid convar handle 0 (error 4)
L 12/29/2025 - 20:01:02: [SM] Blaming: ÒankrunFixhealth.smx
L 12/29/2025 - 20:01:02: [SM] Call stack trace:
L 12/29/2025 - 20:01:02: [SM]   [0] GetConVarString
L 12/29/2025 - 20:01:02: [SM]   [1] Line 138, C:\Users\Moises\Downloads\Compressed\sourcemod-1.11.0-git6968-windows\addons\sourcemod\scripting\ÒankrunFixhealth.sp::IsTankRunActive
L 12/29/2025 - 20:01:02: [SM]   [2] Line 79, C:\Users\Moises\Downloads\Compressed\sourcemod-1.11.0-git6968-windows\addons\sourcemod\scripting\ÒankrunFixhealth.sp::Event_PlayerDeath
L 12/29/2025 - 20:01:03: [SM] Exception reported: Invalid convar handle 0 (error 4)
L 12/29/2025 - 20:01:03: [SM] Blaming: ÒankrunFixhealth.smx
L 12/29/2025 - 20:01:03: [SM] Call stack trace:
L 12/29/2025 - 20:01:03: [SM]   [0] GetConVarString
L 12/29/2025 - 20:01:03: [SM]   [1] Line 138, C:\Users\Moises\Downloads\Compressed\sourcemod-1.11.0-git6968-windows\addons\sourcemod\scripting\ÒankrunFixhealth.sp::IsTankRunActive
L 12/29/2025 - 20:01:03: [SM]   [2] Line 91, C:\Users\Moises\Downloads\Compressed\sourcemod-1.11.0-git6968-windows\addons\sourcemod\scripting\ÒankrunFixhealth.sp::Event_MissionLost
L 12/29/2025 - 20:01:04: [SM] Exception reported: Invalid convar handle 0 (error 4)
L 12/29/2025 - 20:01:04: [SM] Blaming: ÒankrunFixhealth.smx
L 12/29/2025 - 20:01:04: [SM] Call stack trace:
L 12/29/2025 - 20:01:04: [SM]   [0] GetConVarString
L 12/29/2025 - 20:01:04: [SM]   [1] Line 138, C:\Users\Moises\Downloads\Compressed\sourcemod-1.11.0-git6968-windows\addons\sourcemod\scripting\ÒankrunFixhealth.sp::IsTankRunActive
L 12/29/2025 - 20:01:04: [SM]   [2] Line 36, C:\Users\Moises\Downloads\Compressed\sourcemod-1.11.0-git6968-windows\addons\sourcemod\scripting\ÒankrunFixhealth.sp::Timer_PeriodicCheck
L 12/29/2025 - 20:01:09: [SM] Exception reported: Invalid timer handle a6e00488 (error 3)
L 12/29/2025 - 20:01:09: [SM] Blaming: l4d2_playerjoining_v2.smx
L 12/29/2025 - 20:01:09: [SM] Call stack trace:
L 12/29/2025 - 20:01:09: [SM]   [0] KillTimer
L 12/29/2025 - 20:01:09: [SM]   [1] Line 53, C:\Users\Moises\Downloads\Compressed\sourcemod-1.11.0-git6968-windows\addons\sourcemod\scripting\l4d2_playerjoining_v2.sp::OnClientDisconnect
L 12/29/2025 - 20:01:10: [SM] Exception reported: Invalid convar handle 0 (error 4)
L 12/29/2025 - 20:01:10: [SM] Blaming: ÒankrunFixhealth.smx
L 12/29/2025 - 20:01:10: [SM] Call stack trace:
L 12/29/2025 - 20:01:10: [SM]   [0] GetConVarString
L 12/29/2025 - 20:01:10: [SM]   [1] Line 138, C:\Users\Moises\Downloads\Compressed\sourcemod-1.11.0-git6968-windows\addons\sourcemod\scripting\ÒankrunFixhealth.sp::IsTankRunActive
L 12/29/2025 - 20:01:10: [SM]   [2] Line 54, C:\Users\Moises\Downloads\Compressed\sourcemod-1.11.0-git6968-windows\addons\sourcemod\scripting\ÒankrunFixhealth.sp::Event_RoundStart
L 12/29/2025 - 20:01:10: [SM] Exception reported: Invalid timer handle b3400465 (error 1)
L 12/29/2025 - 20:01:10: [SM] Blaming: l4d2_playerjoining_v2.smx
L 12/29/2025 - 20:01:10: [SM] Call stack trace:
L 12/29/2025 - 20:01:10: [SM]   [0] KillTimer
L 12/29/2025 - 20:01:10: [SM]   [1] Line 53, C:\Users\Moises\Downloads\Compressed\sourcemod-1.11.0-git6968-windows\addons\sourcemod\scripting\l4d2_playerjoining_v2.sp::OnClientDisconnect
L 12/29/2025 - 20:01:10: [SM] Exception reported: Invalid timer handle f130046f (error 1)
L 12/29/2025 - 20:01:10: [SM] Blaming: l4d2_playerjoining_v2.smx
L 12/29/2025 - 20:01:10: [SM] Call stack trace:
L 12/29/2025 - 20:01:10: [SM]   [0] KillTimer
L 12/29/2025 - 20:01:10: [SM]   [1] Line 53, C:\Users\Moises\Downloads\Compressed\sourcemod-1.11.0-git6968-windows\addons\sourcemod\scripting\l4d2_playerjoining_v2.sp::OnClientDisconnect
L 12/29/2025 - 20:01:10: [SM] Exception reported: Invalid timer handle 9670045a (error 1)
L 12/29/2025 - 20:01:10: [SM] Blaming: l4d2_playerjoining_v2.smx
L 12/29/2025 - 20:01:10: [SM] Call stack trace:
L 12/29/2025 - 20:01:10: [SM]   [0] KillTimer
L 12/29/2025 - 20:01:10: [SM]   [1] Line 53, C:\Users\Moises\Downloads\Compressed\sourcemod-1.11.0-git6968-windows\addons\sourcemod\scripting\l4d2_playerjoining_v2.sp::OnClientDisconnect
L 12/29/2025 - 20:01:10: [SM] Exception reported: Invalid timer handle 5a400432 (error 1)
L 12/29/2025 - 20:01:10: [SM] Blaming: l4d2_playerjoining_v2.smx
L 12/29/2025 - 20:01:10: [SM] Call stack trace:
L 12/29/2025 - 20:01:10: [SM]   [0] KillTimer
L 12/29/2025 - 20:01:10: [SM]   [1] Line 53, C:\Users\Moises\Downloads\Compressed\sourcemod-1.11.0-git6968-windows\addons\sourcemod\scripting\l4d2_playerjoining_v2.sp::OnClientDisconnect
L 12/29/2025 - 20:01:10: [SM] Exception reported: Invalid timer handle c1000499 (error 3)
L 12/29/2025 - 20:01:10: [SM] Blaming: l4d2_playerjoining_v2.smx
L 12/29/2025 - 20:01:10: [SM] Call stack trace:
L 12/29/2025 - 20:01:10: [SM]   [0] KillTimer
L 12/29/2025 - 20:01:10: [SM]   [1] Line 53, C:\Users\Moises\Downloads\Compressed\sourcemod-1.11.0-git6968-windows\addons\sourcemod\scripting\l4d2_playerjoining_v2.sp::OnClientDisconnect
L 12/29/2025 - 20:01:10: [SM] Exception reported: Invalid timer handle 4200497 (error 3)
L 12/29/2025 - 20:01:10: [SM] Blaming: l4d2_playerjoining_v2.smx
L 12/29/2025 - 20:01:10: [SM] Call stack trace:
L 12/29/2025 - 20:01:10: [SM]   [0] KillTimer
L 12/29/2025 - 20:01:10: [SM]   [1] Line 53, C:\Users\Moises\Downloads\Compressed\sourcemod-1.11.0-git6968-windows\addons\sourcemod\scripting\l4d2_playerjoining_v2.sp::OnClientDisconnect
L 12/29/2025 - 20:01:10: [SM] Exception reported: Invalid timer handle 4f004b0 (error 3)
L 12/29/2025 - 20:01:10: [SM] Blaming: l4d2_playerjoining_v2.smx
L 12/29/2025 - 20:01:10: [SM] Call stack trace:
L 12/29/2025 - 20:01:10: [SM]   [0] KillTimer
L 12/29/2025 - 20:01:10: [SM]   [1] Line 53, C:\Users\Moises\Downloads\Compressed\sourcemod-1.11.0-git6968-windows\addons\sourcemod\scripting\l4d2_playerjoining_v2.sp::OnClientDisconnect
L 12/29/2025 - 20:01:10: [SM] Exception reported: Invalid timer handle 43900466 (error 1)
L 12/29/2025 - 20:01:10: [SM] Blaming: l4d2_playerjoining_v2.smx
L 12/29/2025 - 20:01:10: [SM] Call stack trace:
L 12/29/2025 - 20:01:10: [SM]   [0] KillTimer
L 12/29/2025 - 20:01:10: [SM]   [1] Line 53, C:\Users\Moises\Downloads\Compressed\sourcemod-1.11.0-git6968-windows\addons\sourcemod\scripting\l4d2_playerjoining_v2.sp::OnClientDisconnect
L 12/29/2025 - 20:01:10: [SM] Exception reported: Invalid timer handle f4c0047d (error 1)
L 12/29/2025 - 20:01:10: [SM] Blaming: l4d2_playerjoining_v2.smx
L 12/29/2025 - 20:01:10: [SM] Call stack trace:
L 12/29/2025 - 20:01:10: [SM]   [0] KillTimer
L 12/29/2025 - 20:01:10: [SM]   [1] Line 53, C:\Users\Moises\Downloads\Compressed\sourcemod-1.11.0-git6968-windows\addons\sourcemod\scripting\l4d2_playerjoining_v2.sp::OnClientDisconnect
L 12/29/2025 - 20:01:13: [SM] Exception reported: Invalid timer handle 43900466 (error 3)
L 12/29/2025 - 20:01:13: [SM] Blaming: l4d2_playerjoining_v2.smx
L 12/29/2025 - 20:01:13: [SM] Call stack trace:
L 12/29/2025 - 20:01:13: [SM]   [0] KillTimer
L 12/29/2025 - 20:01:13: [SM]   [1] Line 53, C:\Users\Moises\Downloads\Compressed\sourcemod-1.11.0-git6968-windows\addons\sourcemod\scripting\l4d2_playerjoining_v2.sp::OnClientDisconnect
L 12/29/2025 - 20:01:14: [SM] Exception reported: Invalid convar handle 0 (error 4)
L 12/29/2025 - 20:01:14: [SM] Blaming: ÒankrunFixhealth.smx
L 12/29/2025 - 20:01:14: [SM] Call stack trace:
L 12/29/2025 - 20:01:14: [SM]   [0] GetConVarString
L 12/29/2025 - 20:01:14: [SM]   [1] Line 138, C:\Users\Moises\Downloads\Compressed\sourcemod-1.11.0-git6968-windows\addons\sourcemod\scripting\ÒankrunFixhealth.sp::IsTankRunActive
L 12/29/2025 - 20:01:14: [SM]   [2] Line 36, C:\Users\Moises\Downloads\Compressed\sourcemod-1.11.0-git6968-windows\addons\sourcemod\scripting\ÒankrunFixhealth.sp::Timer_PeriodicCheck
L 12/29/2025 - 20:01:19: [SM] Exception reported: Invalid convar handle 0 (error 4)
L 12/29/2025 - 20:01:19: [SM] Blaming: ÒankrunFixhealth.smx
L 12/29/2025 - 20:01:19: [SM] Call stack trace:
L 12/29/2025 - 20:01:19: [SM]   [0] GetConVarString
L 12/29/2025 - 20:01:19: [SM]   [1] Line 138, C:\Users\Moises\Downloads\Compressed\sourcemod-1.11.0-git6968-windows\addons\sourcemod\scripting\ÒankrunFixhealth.sp::IsTankRunActive
L 12/29/2025 - 20:01:19: [SM]   [2] Line 79, C:\Users\Moises\Downloads\Compressed\sourcemod-1.11.0-git6968-windows\addons\sourcemod\scripting\ÒankrunFixhealth.sp::Event_PlayerDeath
L 12/29/2025 - 20:01:21: [SM] Exception reported: Language phrase "Not enough player slots" not found (arg 5)
L 12/29/2025 - 20:01:21: [SM] Blaming: all4dead2.smx
L 12/29/2025 - 20:01:21: [SM] Call stack trace:
L 12/29/2025 - 20:01:21: [SM]   [0] VFormat
L 12/29/2025 - 20:01:21: [SM]   [1] Line 71, D:\Github\Private-Work\L4D2-Êèí‰ª∂\scripting_1.11\include\multicolors.inc::CPrintToChat
L 12/29/2025 - 20:01:21: [SM]   [2] Line 484, d:\Github\Private-Work\L4D2-Êèí‰ª∂\scripting_1.11\all4dead2.sp::Do_SpawnInfected
L 12/29/2025 - 20:01:21: [SM]   [3] Line 314, d:\Github\Private-Work\L4D2-Êèí‰ª∂\scripting_1.11\all4dead2.sp::Menu_SpawnSInfectedHandler
L 12/29/2025 - 20:01:23: [SM] Exception reported: Invalid convar handle 0 (error 4)
L 12/29/2025 - 20:01:23: [SM] Blaming: ÒankrunFixhealth.smx
L 12/29/2025 - 20:01:23: [SM] Call stack trace:
L 12/29/2025 - 20:01:23: [SM]   [0] GetConVarString
L 12/29/2025 - 20:01:23: [SM]   [1] Line 138, C:\Users\Moises\Downloads\Compressed\sourcemod-1.11.0-git6968-windows\addons\sourcemod\scripting\ÒankrunFixhealth.sp::IsTankRunActive
L 12/29/2025 - 20:01:23: [SM]   [2] Line 79, C:\Users\Moises\Downloads\Compressed\sourcemod-1.11.0-git6968-windows\addons\sourcemod\scripting\ÒankrunFixhealth.sp::Event_PlayerDeath
L 12/29/2025 - 20:01:24: [SM] Exception reported: Invalid convar handle 0 (error 4)
L 12/29/2025 - 20:01:24: [SM] Blaming: ÒankrunFixhealth.smx
L 12/29/2025 - 20:01:24: [SM] Call stack trace:
L 12/29/2025 - 20:01:24: [SM]   [0] GetConVarString
L 12/29/2025 - 20:01:24: [SM]   [1] Line 138, C:\Users\Moises\Downloads\Compressed\sourcemod-1.11.0-git6968-windows\addons\sourcemod\scripting\ÒankrunFixhealth.sp::IsTankRunActive
L 12/29/2025 - 20:01:24: [SM]   [2] Line 36, C:\Users\Moises\Downloads\Compressed\sourcemod-1.11.0-git6968-windows\addons\sourcemod\scripting\ÒankrunFixhealth.sp::Timer_PeriodicCheck
L 12/29/2025 - 20:01:26: [SM] Exception reported: Invalid timer handle a6e00488 (error 3)
L 12/29/2025 - 20:01:26: [SM] Blaming: l4d2_playerjoining_v2.smx
L 12/29/2025 - 20:01:26: [SM] Call stack trace:
L 12/29/2025 - 20:01:26: [SM]   [0] KillTimer
L 12/29/2025 - 20:01:26: [SM]   [1] Line 53, C:\Users\Moises\Downloads\Compressed\sourcemod-1.11.0-git6968-windows\addons\sourcemod\scripting\l4d2_playerjoining_v2.sp::OnClientDisconnect
L 12/29/2025 - 20:01:34: [SM] Exception reported: Invalid convar handle 0 (error 4)
L 12/29/2025 - 20:01:34: [SM] Blaming: ÒankrunFixhealth.smx
L 12/29/2025 - 20:01:34: [SM] Call stack trace:
L 12/29/2025 - 20:01:34: [SM]   [0] GetConVarString
L 12/29/2025 - 20:01:34: [SM]   [1] Line 138, C:\Users\Moises\Downloads\Compressed\sourcemod-1.11.0-git6968-windows\addons\sourcemod\scripting\ÒankrunFixhealth.sp::IsTankRunActive
L 12/29/2025 - 20:01:34: [SM]   [2] Line 36, C:\Users\Moises\Downloads\Compressed\sourcemod-1.11.0-git6968-windows\addons\sourcemod\scripting\ÒankrunFixhealth.sp::Timer_PeriodicCheck
L 12/29/2025 - 20:01:35: [SM] Exception reported: Language phrase "Type in chat !join To join the survivors" not found (arg 6)
L 12/29/2025 - 20:01:35: [SM] Blaming: l4dmultislots.smx
L 12/29/2025 - 20:01:35: [SM] Call stack trace:
L 12/29/2025 - 20:01:35: [SM]   [0] VFormat
L 12/29/2025 - 20:01:35: [SM]   [1] Line 71, D:\Github\Private-Work\L4D2-Êèí‰ª∂\scripting_1.11\include\multicolors.inc::CPrintToChat
L 12/29/2025 - 20:01:35: [SM]   [2] Line 938, d:\Github\Private-Work\L4D2-Êèí‰ª∂\scripting_1.11\l4dmultislots.sp::Timer_SpecCheck
L 12/29/2025 - 20:01:37: [SM] Exception reported: Invalid convar handle 0 (error 4)
L 12/29/2025 - 20:01:37: [SM] Blaming: ÒankrunFixhealth.smx
L 12/29/2025 - 20:01:37: [SM] Call stack trace:
L 12/29/2025 - 20:01:37: [SM]   [0] GetConVarString
L 12/29/2025 - 20:01:37: [SM]   [1] Line 138, C:\Users\Moises\Downloads\Compressed\sourcemod-1.11.0-git6968-windows\addons\sourcemod\scripting\ÒankrunFixhealth.sp::IsTankRunActive
L 12/29/2025 - 20:01:37: [SM]   [2] Line 79, C:\Users\Moises\Downloads\Compressed\sourcemod-1.11.0-git6968-windows\addons\sourcemod\scripting\ÒankrunFixhealth.sp::Event_PlayerDeath
L 12/29/2025 - 20:01:44: [SM] Exception reported: Invalid timer handle f130046f (error 1)
L 12/29/2025 - 20:01:44: [SM] Blaming: l4d2_playerjoining_v2.smx
L 12/29/2025 - 20:01:44: [SM] Call stack trace:
L 12/29/2025 - 20:01:44: [SM]   [0] KillTimer
L 12/29/2025 - 20:01:44: [SM]   [1] Line 53, C:\Users\Moises\Downloads\Compressed\sourcemod-1.11.0-git6968-windows\addons\sourcemod\scripting\l4d2_playerjoining_v2.sp::OnClientDisconnect
L 12/29/2025 - 20:01:44: [SM] Exception reported: Invalid convar handle 0 (error 4)
L 12/29/2025 - 20:01:44: [SM] Blaming: ÒankrunFixhealth.smx
L 12/29/2025 - 20:01:44: [SM] Call stack trace:
L 12/29/2025 - 20:01:44: [SM]   [0] GetConVarString
L 12/29/2025 - 20:01:44: [SM]   [1] Line 138, C:\Users\Moises\Downloads\Compressed\sourcemod-1.11.0-git6968-windows\addons\sourcemod\scripting\ÒankrunFixhealth.sp::IsTankRunActive
L 12/29/2025 - 20:01:44: [SM]   [2] Line 36, C:\Users\Moises\Downloads\Compressed\sourcemod-1.11.0-git6968-windows\addons\sourcemod\scripting\ÒankrunFixhealth.sp::Timer_PeriodicCheck
L 12/29/2025 - 20:01:50: [SM] Exception reported: Invalid convar handle 0 (error 4)
L 12/29/2025 - 20:01:50: [SM] Blaming: ÒankrunFixhealth.smx
L 12/29/2025 - 20:01:50: [SM] Call stack trace:
L 12/29/2025 - 20:01:50: [SM]   [0] GetConVarString
L 12/29/2025 - 20:01:50: [SM]   [1] Line 138, C:\Users\Moises\Downloads\Compressed\sourcemod-1.11.0-git6968-windows\addons\sourcemod\scripting\ÒankrunFixhealth.sp::IsTankRunActive
L 12/29/2025 - 20:01:50: [SM]   [2] Line 79, C:\Users\Moises\Downloads\Compressed\sourcemod-1.11.0-git6968-windows\addons\sourcemod\scripting\ÒankrunFixhealth.sp::Event_PlayerDeath
L 12/29/2025 - 20:01:50: [SM] Exception reported: Invalid convar handle 0 (error 4)
L 12/29/2025 - 20:01:50: [SM] Blaming: ÒankrunFixhealth.smx
L 12/29/2025 - 20:01:50: [SM] Call stack trace:
L 12/29/2025 - 20:01:50: [SM]   [0] GetConVarString
L 12/29/2025 - 20:01:50: [SM]   [1] Line 138, C:\Users\Moises\Downloads\Compressed\sourcemod-1.11.0-git6968-windows\addons\sourcemod\scripting\ÒankrunFixhealth.sp::IsTankRunActive
L 12/29/2025 - 20:01:50: [SM]   [2] Line 79, C:\Users\Moises\Downloads\Compressed\sourcemod-1.11.0-git6968-windows\addons\sourcemod\scripting\ÒankrunFixhealth.sp::Event_PlayerDeath
L 12/29/2025 - 20:01:51: [SM] Exception reported: Invalid convar handle 0 (error 4)
L 12/29/2025 - 20:01:51: [SM] Blaming: ÒankrunFixhealth.smx
L 12/29/2025 - 20:01:51: [SM] Call stack trace:
L 12/29/2025 - 20:01:51: [SM]   [0] GetConVarString
L 12/29/2025 - 20:01:51: [SM]   [1] Line 138, C:\Users\Moises\Downloads\Compressed\sourcemod-1.11.0-git6968-windows\addons\sourcemod\scripting\ÒankrunFixhealth.sp::IsTankRunActive
L 12/29/2025 - 20:01:51: [SM]   [2] Line 79, C:\Users\Moises\Downloads\Compressed\sourcemod-1.11.0-git6968-windows\addons\sourcemod\scripting\ÒankrunFixhealth.sp::Event_PlayerDeath
L 12/29/2025 - 20:01:51: [SM] Exception reported: Invalid convar handle 0 (error 4)
L 12/29/2025 - 20:01:51: [SM] Blaming: ÒankrunFixhealth.smx
L 12/29/2025 - 20:01:51: [SM] Call stack trace:
L 12/29/2025 - 20:01:51: [SM]   [0] GetConVarString
L 12/29/2025 - 20:01:51: [SM]   [1] Line 138, C:\Users\Moises\Downloads\Compressed\sourcemod-1.11.0-git6968-windows\addons\sourcemod\scripting\ÒankrunFixhealth.sp::IsTankRunActive
L 12/29/2025 - 20:01:51: [SM]   [2] Line 79, C:\Users\Moises\Downloads\Compressed\sourcemod-1.11.0-git6968-windows\addons\sourcemod\scripting\ÒankrunFixhealth.sp::Event_PlayerDeath
L 12/29/2025 - 20:01:54: [SM] Exception reported: Invalid convar handle 0 (error 4)
L 12/29/2025 - 20:01:54: [SM] Blaming: ÒankrunFixhealth.smx
L 12/29/2025 - 20:01:54: [SM] Call stack trace:
L 12/29/2025 - 20:01:54: [SM]   [0] GetConVarString
L 12/29/2025 - 20:01:54: [SM]   [1] Line 138, C:\Users\Moises\Downloads\Compressed\sourcemod-1.11.0-git6968-windows\addons\sourcemod\scripting\ÒankrunFixhealth.sp::IsTankRunActive
L 12/29/2025 - 20:01:54: [SM]   [2] Line 36, C:\Users\Moises\Downloads\Compressed\sourcemod-1.11.0-git6968-windows\addons\sourcemod\scripting\ÒankrunFixhealth.sp::Timer_PeriodicCheck
L 12/29/2025 - 20:01:57: [SM] Exception reported: Invalid convar handle 0 (error 4)
L 12/29/2025 - 20:01:57: [SM] Blaming: ÒankrunFixhealth.smx
L 12/29/2025 - 20:01:57: [SM] Call stack trace:
L 12/29/2025 - 20:01:57: [SM]   [0] GetConVarString
L 12/29/2025 - 20:01:57: [SM]   [1] Line 138, C:\Users\Moises\Downloads\Compressed\sourcemod-1.11.0-git6968-windows\addons\sourcemod\scripting\ÒankrunFixhealth.sp::IsTankRunActive
L 12/29/2025 - 20:01:57: [SM]   [2] Line 79, C:\Users\Moises\Downloads\Compressed\sourcemod-1.11.0-git6968-windows\addons\sourcemod\scripting\ÒankrunFixhealth.sp::Event_PlayerDeath
L 12/29/2025 - 20:01:57: [SM] Exception reported: Invalid convar handle 0 (error 4)
L 12/29/2025 - 20:01:57: [SM] Blaming: ÒankrunFixhealth.smx
L 12/29/2025 - 20:01:57: [SM] Call stack trace:
L 12/29/2025 - 20:01:57: [SM]   [0] GetConVarString
L 12/29/2025 - 20:01:57: [SM]   [1] Line 138, C:\Users\Moises\Downloads\Compressed\sourcemod-1.11.0-git6968-windows\addons\sourcemod\scripting\ÒankrunFixhealth.sp::IsTankRunActive
L 12/29/2025 - 20:01:57: [SM]   [2] Line 91, C:\Users\Moises\Downloads\Compressed\sourcemod-1.11.0-git6968-windows\addons\sourcemod\scripting\ÒankrunFixhealth.sp::Event_MissionLost
L 12/29/2025 - 20:01:58: [SM] Exception reported: Invalid timer handle 43900466 (error 3)
L 12/29/2025 - 20:01:58: [SM] Blaming: l4d2_playerjoining_v2.smx
L 12/29/2025 - 20:01:58: [SM] Call stack trace:
L 12/29/2025 - 20:01:58: [SM]   [0] KillTimer
L 12/29/2025 - 20:01:58: [SM]   [1] Line 53, C:\Users\Moises\Downloads\Compressed\sourcemod-1.11.0-git6968-windows\addons\sourcemod\scripting\l4d2_playerjoining_v2.sp::OnClientDisconnect
L 12/29/2025 - 20:02:02: [SM] Exception reported: Language phrase "Impossible to generate a bot at the moment." not found (arg 5)
L 12/29/2025 - 20:02:02: [SM] Blaming: l4dmultislots.smx
L 12/29/2025 - 20:02:02: [SM] Call stack trace:
L 12/29/2025 - 20:02:02: [SM]   [0] PrintHintText
L 12/29/2025 - 20:02:02: [SM]   [1] Line 765, d:\Github\Private-Work\L4D2-Êèí‰ª∂\scripting_1.11\l4dmultislots.sp::JoinTeam_ColdDown
L 12/29/2025 - 20:02:04: [SM] Exception reported: Invalid convar handle 0 (error 4)
L 12/29/2025 - 20:02:04: [SM] Blaming: ÒankrunFixhealth.smx
L 12/29/2025 - 20:02:04: [SM] Call stack trace:
L 12/29/2025 - 20:02:04: [SM]   [0] GetConVarString
L 12/29/2025 - 20:02:04: [SM]   [1] Line 138, C:\Users\Moises\Downloads\Compressed\sourcemod-1.11.0-git6968-windows\addons\sourcemod\scripting\ÒankrunFixhealth.sp::IsTankRunActive
L 12/29/2025 - 20:02:04: [SM]   [2] Line 54, C:\Users\Moises\Downloads\Compressed\sourcemod-1.11.0-git6968-windows\addons\sourcemod\scripting\ÒankrunFixhealth.sp::Event_RoundStart
L 12/29/2025 - 20:02:04: [SM] Exception reported: Invalid timer handle c1000499 (error 1)
L 12/29/2025 - 20:02:04: [SM] Blaming: l4d2_playerjoining_v2.smx
L 12/29/2025 - 20:02:04: [SM] Call stack trace:
L 12/29/2025 - 20:02:04: [SM]   [0] KillTimer
L 12/29/2025 - 20:02:04: [SM]   [1] Line 53, C:\Users\Moises\Downloads\Compressed\sourcemod-1.11.0-git6968-windows\addons\sourcemod\scripting\l4d2_playerjoining_v2.sp::OnClientDisconnect
L 12/29/2025 - 20:02:04: [SM] Exception reported: Invalid timer handle 9670045a (error 1)
L 12/29/2025 - 20:02:04: [SM] Blaming: l4d2_playerjoining_v2.smx
L 12/29/2025 - 20:02:04: [SM] Call stack trace:
L 12/29/2025 - 20:02:04: [SM]   [0] KillTimer
L 12/29/2025 - 20:02:04: [SM]   [1] Line 53, C:\Users\Moises\Downloads\Compressed\sourcemod-1.11.0-git6968-windows\addons\sourcemod\scripting\l4d2_playerjoining_v2.sp::OnClientDisconnect
L 12/29/2025 - 20:02:04: [SM] Exception reported: Invalid timer handle b3400465 (error 1)
L 12/29/2025 - 20:02:04: [SM] Blaming: l4d2_playerjoining_v2.smx
L 12/29/2025 - 20:02:04: [SM] Call stack trace:
L 12/29/2025 - 20:02:04: [SM]   [0] KillTimer
L 12/29/2025 - 20:02:04: [SM]   [1] Line 53, C:\Users\Moises\Downloads\Compressed\sourcemod-1.11.0-git6968-windows\addons\sourcemod\scripting\l4d2_playerjoining_v2.sp::OnClientDisconnect
L 12/29/2025 - 20:02:04: [SM] Exception reported: Invalid timer handle 4200497 (error 3)
L 12/29/2025 - 20:02:04: [SM] Blaming: l4d2_playerjoining_v2.smx
L 12/29/2025 - 20:02:04: [SM] Call stack trace:
L 12/29/2025 - 20:02:04: [SM]   [0] KillTimer
L 12/29/2025 - 20:02:04: [SM]   [1] Line 53, C:\Users\Moises\Downloads\Compressed\sourcemod-1.11.0-git6968-windows\addons\sourcemod\scripting\l4d2_playerjoining_v2.sp::OnClientDisconnect
L 12/29/2025 - 20:02:04: [SM] Exception reported: Invalid timer handle 4f004b0 (error 3)
L 12/29/2025 - 20:02:04: [SM] Blaming: l4d2_playerjoining_v2.smx
L 12/29/2025 - 20:02:04: [SM] Call stack trace:
L 12/29/2025 - 20:02:04: [SM]   [0] KillTimer
L 12/29/2025 - 20:02:04: [SM]   [1] Line 53, C:\Users\Moises\Downloads\Compressed\sourcemod-1.11.0-git6968-windows\addons\sourcemod\scripting\l4d2_playerjoining_v2.sp::OnClientDisconnect
L 12/29/2025 - 20:02:04: [SM] Exception reported: Invalid timer handle 5a400432 (error 3)
L 12/29/2025 - 20:02:04: [SM] Blaming: l4d2_playerjoining_v2.smx
L 12/29/2025 - 20:02:04: [SM] Call stack trace:
L 12/29/2025 - 20:02:04: [SM]   [0] KillTimer
L 12/29/2025 - 20:02:04: [SM]   [1] Line 53, C:\Users\Moises\Downloads\Compressed\sourcemod-1.11.0-git6968-windows\addons\sourcemod\scripting\l4d2_playerjoining_v2.sp::OnClientDisconnect
L 12/29/2025 - 20:02:04: [SM] Exception reported: Invalid timer handle f4c0047d (error 1)
L 12/29/2025 - 20:02:04: [SM] Blaming: l4d2_playerjoining_v2.smx
L 12/29/2025 - 20:02:04: [SM] Call stack trace:
L 12/29/2025 - 20:02:04: [SM]   [0] KillTimer
L 12/29/2025 - 20:02:04: [SM]   [1] Line 53, C:\Users\Moises\Downloads\Compressed\sourcemod-1.11.0-git6968-windows\addons\sourcemod\scripting\l4d2_playerjoining_v2.sp::OnClientDisconnect
L 12/29/2025 - 20:02:04: [SM] Exception reported: Invalid convar handle 0 (error 4)
L 12/29/2025 - 20:02:04: [SM] Blaming: ÒankrunFixhealth.smx
L 12/29/2025 - 20:02:04: [SM] Call stack trace:
L 12/29/2025 - 20:02:04: [SM]   [0] GetConVarString
L 12/29/2025 - 20:02:04: [SM]   [1] Line 138, C:\Users\Moises\Downloads\Compressed\sourcemod-1.11.0-git6968-windows\addons\sourcemod\scripting\ÒankrunFixhealth.sp::IsTankRunActive
L 12/29/2025 - 20:02:04: [SM]   [2] Line 36, C:\Users\Moises\Downloads\Compressed\sourcemod-1.11.0-git6968-windows\addons\sourcemod\scripting\ÒankrunFixhealth.sp::Timer_PeriodicCheck
L 12/29/2025 - 20:02:08: [SM] Exception reported: Invalid timer handle 43900466 (error 3)
L 12/29/2025 - 20:02:08: [SM] Blaming: l4d2_playerjoining_v2.smx
L 12/29/2025 - 20:02:08: [SM] Call stack trace:
L 12/29/2025 - 20:02:08: [SM]   [0] KillTimer
L 12/29/2025 - 20:02:08: [SM]   [1] Line 53, C:\Users\Moises\Downloads\Compressed\sourcemod-1.11.0-git6968-windows\addons\sourcemod\scripting\l4d2_playerjoining_v2.sp::OnClientDisconnect
L 12/29/2025 - 20:02:14: [SM] Exception reported: Invalid convar handle 0 (error 4)
L 12/29/2025 - 20:02:14: [SM] Blaming: ÒankrunFixhealth.smx
L 12/29/2025 - 20:02:14: [SM] Call stack trace:
L 12/29/2025 - 20:02:14: [SM]   [0] GetConVarString
L 12/29/2025 - 20:02:14: [SM]   [1] Line 138, C:\Users\Moises\Downloads\Compressed\sourcemod-1.11.0-git6968-windows\addons\sourcemod\scripting\ÒankrunFixhealth.sp::IsTankRunActive
L 12/29/2025 - 20:02:14: [SM]   [2] Line 36, C:\Users\Moises\Downloads\Compressed\sourcemod-1.11.0-git6968-windows\addons\sourcemod\scripting\ÒankrunFixhealth.sp::Timer_PeriodicCheck
L 12/29/2025 - 20:02:24: [SM] Exception reported: Invalid convar handle 0 (error 4)
L 12/29/2025 - 20:02:24: [SM] Blaming: ÒankrunFixhealth.smx
L 12/29/2025 - 20:02:24: [SM] Call stack trace:
L 12/29/2025 - 20:02:24: [SM]   [0] GetConVarString
L 12/29/2025 - 20:02:24: [SM]   [1] Line 138, C:\Users\Moises\Downloads\Compressed\sourcemod-1.11.0-git6968-windows\addons\sourcemod\scripting\ÒankrunFixhealth.sp::IsTankRunActive
L 12/29/2025 - 20:02:24: [SM]   [2] Line 36, C:\Users\Moises\Downloads\Compressed\sourcemod-1.11.0-git6968-windows\addons\sourcemod\scripting\ÒankrunFixhealth.sp::Timer_PeriodicCheck
L 12/29/2025 - 20:02:30: [SM] Exception reported: Language phrase "Type in chat !join To join the survivors" not found (arg 6)
L 12/29/2025 - 20:02:30: [SM] Blaming: l4dmultislots.smx
L 12/29/2025 - 20:02:30: [SM] Call stack trace:
L 12/29/2025 - 20:02:30: [SM]   [0] VFormat
L 12/29/2025 - 20:02:30: [SM]   [1] Line 71, D:\Github\Private-Work\L4D2-Êèí‰ª∂\scripting_1.11\include\multicolors.inc::CPrintToChat
L 12/29/2025 - 20:02:30: [SM]   [2] Line 938, d:\Github\Private-Work\L4D2-Êèí‰ª∂\scripting_1.11\l4dmultislots.sp::Timer_SpecCheck
L 12/29/2025 - 20:02:34: [SM] Exception reported: Invalid timer handle 4200497 (error 3)
L 12/29/2025 - 20:02:34: [SM] Blaming: l4d2_playerjoining_v2.smx
L 12/29/2025 - 20:02:34: [SM] Call stack trace:
L 12/29/2025 - 20:02:34: [SM]   [0] KillTimer
L 12/29/2025 - 20:02:34: [SM]   [1] Line 53, C:\Users\Moises\Downloads\Compressed\sourcemod-1.11.0-git6968-windows\addons\sourcemod\scripting\l4d2_playerjoining_v2.sp::OnClientDisconnect
L 12/29/2025 - 20:02:34: [SM] Exception reported: Invalid convar handle 0 (error 4)
L 12/29/2025 - 20:02:34: [SM] Blaming: ÒankrunFixhealth.smx
L 12/29/2025 - 20:02:34: [SM] Call stack trace:
L 12/29/2025 - 20:02:34: [SM]   [0] GetConVarString
L 12/29/2025 - 20:02:34: [SM]   [1] Line 138, C:\Users\Moises\Downloads\Compressed\sourcemod-1.11.0-git6968-windows\addons\sourcemod\scripting\ÒankrunFixhealth.sp::IsTankRunActive
L 12/29/2025 - 20:02:34: [SM]   [2] Line 79, C:\Users\Moises\Downloads\Compressed\sourcemod-1.11.0-git6968-windows\addons\sourcemod\scripting\ÒankrunFixhealth.sp::Event_PlayerDeath
L 12/29/2025 - 20:02:34: [SM] Exception reported: Invalid convar handle 0 (error 4)
L 12/29/2025 - 20:02:34: [SM] Blaming: ÒankrunFixhealth.smx
L 12/29/2025 - 20:02:34: [SM] Call stack trace:
L 12/29/2025 - 20:02:34: [SM]   [0] GetConVarString
L 12/29/2025 - 20:02:34: [SM]   [1] Line 138, C:\Users\Moises\Downloads\Compressed\sourcemod-1.11.0-git6968-windows\addons\sourcemod\scripting\ÒankrunFixhealth.sp::IsTankRunActive
L 12/29/2025 - 20:02:34: [SM]   [2] Line 36, C:\Users\Moises\Downloads\Compressed\sourcemod-1.11.0-git6968-windows\addons\sourcemod\scripting\ÒankrunFixhealth.sp::Timer_PeriodicCheck
L 12/29/2025 - 20:02:44: [SM] Exception reported: Invalid convar handle 0 (error 4)
L 12/29/2025 - 20:02:44: [SM] Blaming: ÒankrunFixhealth.smx
L 12/29/2025 - 20:02:44: [SM] Call stack trace:
L 12/29/2025 - 20:02:44: [SM]   [0] GetConVarString
L 12/29/2025 - 20:02:44: [SM]   [1] Line 138, C:\Users\Moises\Downloads\Compressed\sourcemod-1.11.0-git6968-windows\addons\sourcemod\scripting\ÒankrunFixhealth.sp::IsTankRunActive
L 12/29/2025 - 20:02:44: [SM]   [2] Line 79, C:\Users\Moises\Downloads\Compressed\sourcemod-1.11.0-git6968-windows\addons\sourcemod\scripting\ÒankrunFixhealth.sp::Event_PlayerDeath
L 12/29/2025 - 20:02:44: [SM] Exception reported: Invalid convar handle 0 (error 4)
L 12/29/2025 - 20:02:44: [SM] Blaming: ÒankrunFixhealth.smx
L 12/29/2025 - 20:02:44: [SM] Call stack trace:
L 12/29/2025 - 20:02:44: [SM]   [0] GetConVarString
L 12/29/2025 - 20:02:44: [SM]   [1] Line 138, C:\Users\Moises\Downloads\Compressed\sourcemod-1.11.0-git6968-windows\addons\sourcemod\scripting\ÒankrunFixhealth.sp::IsTankRunActive
L 12/29/2025 - 20:02:44: [SM]   [2] Line 36, C:\Users\Moises\Downloads\Compressed\sourcemod-1.11.0-git6968-windows\addons\sourcemod\scripting\ÒankrunFixhealth.sp::Timer_PeriodicCheck
L 12/29/2025 - 20:02:46: [SM] Exception reported: Invalid convar handle 0 (error 4)
L 12/29/2025 - 20:02:46: [SM] Blaming: ÒankrunFixhealth.smx
L 12/29/2025 - 20:02:46: [SM] Call stack trace:
L 12/29/2025 - 20:02:46: [SM]   [0] GetConVarString
L 12/29/2025 - 20:02:46: [SM]   [1] Line 138, C:\Users\Moises\Downloads\Compressed\sourcemod-1.11.0-git6968-windows\addons\sourcemod\scripting\ÒankrunFixhealth.sp::IsTankRunActive
L 12/29/2025 - 20:02:46: [SM]   [2] Line 79, C:\Users\Moises\Downloads\Compressed\sourcemod-1.11.0-git6968-windows\addons\sourcemod\scripting\ÒankrunFixhealth.sp::Event_PlayerDeath
L 12/29/2025 - 20:02:47: [SM] Exception reported: Language phrase "No Any Dead Survivor" not found (arg 6)
L 12/29/2025 - 20:02:47: [SM] Blaming: l4d_sm_respawn.smx
L 12/29/2025 - 20:02:47: [SM] Call stack trace:
L 12/29/2025 - 20:02:47: [SM]   [0] FormatEx
L 12/29/2025 - 20:02:47: [SM]   [1] Line 202, d:\Github\Private-Work\L4D2-Êèí‰ª∂\scripting_1.11\l4d_sm_respawn.sp::MenuClientsToSpawn
L 12/29/2025 - 20:02:47: [SM]   [2] Line 239, d:\Github\Private-Work\L4D2-Êèí‰ª∂\scripting_1.11\l4d_sm_respawn.sp::MenuHandler_MenuList
L 12/29/2025 - 20:02:53: [SM] Exception reported: Invalid timer handle 5a400432 (error 3)
L 12/29/2025 - 20:02:53: [SM] Blaming: l4d2_playerjoining_v2.smx
L 12/29/2025 - 20:02:53: [SM] Call stack trace:
L 12/29/2025 - 20:02:53: [SM]   [0] KillTimer
L 12/29/2025 - 20:02:53: [SM]   [1] Line 53, C:\Users\Moises\Downloads\Compressed\sourcemod-1.11.0-git6968-windows\addons\sourcemod\scripting\l4d2_playerjoining_v2.sp::OnClientDisconnect
L 12/29/2025 - 20:02:54: [SM] Exception reported: Invalid convar handle 0 (error 4)
L 12/29/2025 - 20:02:54: [SM] Blaming: ÒankrunFixhealth.smx
L 12/29/2025 - 20:02:54: [SM] Call stack trace:
L 12/29/2025 - 20:02:54: [SM]   [0] GetConVarString
L 12/29/2025 - 20:02:54: [SM]   [1] Line 138, C:\Users\Moises\Downloads\Compressed\sourcemod-1.11.0-git6968-windows\addons\sourcemod\scripting\ÒankrunFixhealth.sp::IsTankRunActive
L 12/29/2025 - 20:02:54: [SM]   [2] Line 36, C:\Users\Moises\Downloads\Compressed\sourcemod-1.11.0-git6968-windows\addons\sourcemod\scripting\ÒankrunFixhealth.sp::Timer_PeriodicCheck
L 12/29/2025 - 20:02:55: [SM] Exception reported: Language phrase "Type in chat !join To join the survivors" not found (arg 6)
L 12/29/2025 - 20:02:55: [SM] Blaming: l4dmultislots.smx
L 12/29/2025 - 20:02:55: [SM] Call stack trace:
L 12/29/2025 - 20:02:55: [SM]   [0] VFormat
L 12/29/2025 - 20:02:55: [SM]   [1] Line 71, D:\Github\Private-Work\L4D2-Êèí‰ª∂\scripting_1.11\include\multicolors.inc::CPrintToChat
L 12/29/2025 - 20:02:55: [SM]   [2] Line 938, d:\Github\Private-Work\L4D2-Êèí‰ª∂\scripting_1.11\l4dmultislots.sp::Timer_SpecCheck
L 12/29/2025 - 20:02:55: [SM] Exception reported: Invalid convar handle 0 (error 4)
L 12/29/2025 - 20:02:55: [SM] Blaming: ÒankrunFixhealth.smx
L 12/29/2025 - 20:02:55: [SM] Call stack trace:
L 12/29/2025 - 20:02:55: [SM]   [0] GetConVarString
L 12/29/2025 - 20:02:55: [SM]   [1] Line 138, C:\Users\Moises\Downloads\Compressed\sourcemod-1.11.0-git6968-windows\addons\sourcemod\scripting\ÒankrunFixhealth.sp::IsTankRunActive
L 12/29/2025 - 20:02:55: [SM]   [2] Line 79, C:\Users\Moises\Downloads\Compressed\sourcemod-1.11.0-git6968-windows\addons\sourcemod\scripting\ÒankrunFixhealth.sp::Event_PlayerDeath
L 12/29/2025 - 20:02:56: [SM] Exception reported: Invalid timer handle a6e00488 (error 3)
L 12/29/2025 - 20:02:56: [SM] Blaming: l4d2_playerjoining_v2.smx
L 12/29/2025 - 20:02:56: [SM] Call stack trace:
L 12/29/2025 - 20:02:56: [SM]   [0] KillTimer
L 12/29/2025 - 20:02:56: [SM]   [1] Line 53, C:\Users\Moises\Downloads\Compressed\sourcemod-1.11.0-git6968-windows\addons\sourcemod\scripting\l4d2_playerjoining_v2.sp::OnClientDisconnect
L 12/29/2025 - 20:03:02: [SM] Exception reported: Invalid timer handle f4c0047d (error 1)
L 12/29/2025 - 20:03:02: [SM] Blaming: l4d2_playerjoining_v2.smx
L 12/29/2025 - 20:03:02: [SM] Call stack trace:
L 12/29/2025 - 20:03:02: [SM]   [0] KillTimer
L 12/29/2025 - 20:03:02: [SM]   [1] Line 53, C:\Users\Moises\Downloads\Compressed\sourcemod-1.11.0-git6968-windows\addons\sourcemod\scripting\l4d2_playerjoining_v2.sp::OnClientDisconnect
L 12/29/2025 - 20:03:04: [SM] Exception reported: Invalid convar handle 0 (error 4)
L 12/29/2025 - 20:03:04: [SM] Blaming: ÒankrunFixhealth.smx
L 12/29/2025 - 20:03:04: [SM] Call stack trace:
L 12/29/2025 - 20:03:04: [SM]   [0] GetConVarString
L 12/29/2025 - 20:03:04: [SM]   [1] Line 138, C:\Users\Moises\Downloads\Compressed\sourcemod-1.11.0-git6968-windows\addons\sourcemod\scripting\ÒankrunFixhealth.sp::IsTankRunActive
L 12/29/2025 - 20:03:04: [SM]   [2] Line 36, C:\Users\Moises\Downloads\Compressed\sourcemod-1.11.0-git6968-windows\addons\sourcemod\scripting\ÒankrunFixhealth.sp::Timer_PeriodicCheck
L 12/29/2025 - 20:03:14: [SM] Exception reported: Invalid convar handle 0 (error 4)
L 12/29/2025 - 20:03:14: [SM] Blaming: ÒankrunFixhealth.smx
L 12/29/2025 - 20:03:14: [SM] Call stack trace:
L 12/29/2025 - 20:03:14: [SM]   [0] GetConVarString
L 12/29/2025 - 20:03:14: [SM]   [1] Line 138, C:\Users\Moises\Downloads\Compressed\sourcemod-1.11.0-git6968-windows\addons\sourcemod\scripting\ÒankrunFixhealth.sp::IsTankRunActive
L 12/29/2025 - 20:03:14: [SM]   [2] Line 36, C:\Users\Moises\Downloads\Compressed\sourcemod-1.11.0-git6968-windows\addons\sourcemod\scripting\ÒankrunFixhealth.sp::Timer_PeriodicCheck
L 12/29/2025 - 20:03:15: [SM] Exception reported: Invalid convar handle 0 (error 4)
L 12/29/2025 - 20:03:15: [SM] Blaming: ÒankrunFixhealth.smx
L 12/29/2025 - 20:03:15: [SM] Call stack trace:
L 12/29/2025 - 20:03:15: [SM]   [0] GetConVarString
L 12/29/2025 - 20:03:15: [SM]   [1] Line 138, C:\Users\Moises\Downloads\Compressed\sourcemod-1.11.0-git6968-windows\addons\sourcemod\scripting\ÒankrunFixhealth.sp::IsTankRunActive
L 12/29/2025 - 20:03:15: [SM]   [2] Line 79, C:\Users\Moises\Downloads\Compressed\sourcemod-1.11.0-git6968-windows\addons\sourcemod\scripting\ÒankrunFixhealth.sp::Event_PlayerDeath
L 12/29/2025 - 20:03:16: [SM] Exception reported: Invalid convar handle 0 (error 4)
L 12/29/2025 - 20:03:16: [SM] Blaming: ÒankrunFixhealth.smx
L 12/29/2025 - 20:03:16: [SM] Call stack trace:
L 12/29/2025 - 20:03:16: [SM]   [0] GetConVarString
L 12/29/2025 - 20:03:16: [SM]   [1] Line 138, C:\Users\Moises\Downloads\Compressed\sourcemod-1.11.0-git6968-windows\addons\sourcemod\scripting\ÒankrunFixhealth.sp::IsTankRunActive
L 12/29/2025 - 20:03:16: [SM]   [2] Line 79, C:\Users\Moises\Downloads\Compressed\sourcemod-1.11.0-git6968-windows\addons\sourcemod\scripting\ÒankrunFixhealth.sp::Event_PlayerDeath
L 12/29/2025 - 20:03:16: [SM] Exception reported: Invalid convar handle 0 (error 4)
L 12/29/2025 - 20:03:16: [SM] Blaming: ÒankrunFixhealth.smx
L 12/29/2025 - 20:03:16: [SM] Call stack trace:
L 12/29/2025 - 20:03:16: [SM]   [0] GetConVarString
L 12/29/2025 - 20:03:16: [SM]   [1] Line 138, C:\Users\Moises\Downloads\Compressed\sourcemod-1.11.0-git6968-windows\addons\sourcemod\scripting\ÒankrunFixhealth.sp::IsTankRunActive
L 12/29/2025 - 20:03:16: [SM]   [2] Line 79, C:\Users\Moises\Downloads\Compressed\sourcemod-1.11.0-git6968-windows\addons\sourcemod\scripting\ÒankrunFixhealth.sp::Event_PlayerDeath
L 12/29/2025 - 20:03:20: [SM] Exception reported: Language phrase "Type in chat !join To join the survivors" not found (arg 6)
L 12/29/2025 - 20:03:20: [SM] Blaming: l4dmultislots.smx
L 12/29/2025 - 20:03:20: [SM] Call stack trace:
L 12/29/2025 - 20:03:20: [SM]   [0] VFormat
L 12/29/2025 - 20:03:20: [SM]   [1] Line 71, D:\Github\Private-Work\L4D2-Êèí‰ª∂\scripting_1.11\include\multicolors.inc::CPrintToChat
L 12/29/2025 - 20:03:20: [SM]   [2] Line 938, d:\Github\Private-Work\L4D2-Êèí‰ª∂\scripting_1.11\l4dmultislots.sp::Timer_SpecCheck
L 12/29/2025 - 20:03:23: [SM] Exception reported: Invalid timer handle 4200497 (error 3)
L 12/29/2025 - 20:03:23: [SM] Blaming: l4d2_playerjoining_v2.smx
L 12/29/2025 - 20:03:23: [SM] Call stack trace:
L 12/29/2025 - 20:03:23: [SM]   [0] KillTimer
L 12/29/2025 - 20:03:23: [SM]   [1] Line 53, C:\Users\Moises\Downloads\Compressed\sourcemod-1.11.0-git6968-windows\addons\sourcemod\scripting\l4d2_playerjoining_v2.sp::OnClientDisconnect
L 12/29/2025 - 20:03:23: [SM] Exception reported: Invalid timer handle 32d004d6 (error 3)
L 12/29/2025 - 20:03:23: [SM] Blaming: l4d2_playerjoining_v2.smx
L 12/29/2025 - 20:03:23: [SM] Call stack trace:
L 12/29/2025 - 20:03:23: [SM]   [0] KillTimer
L 12/29/2025 - 20:03:23: [SM]   [1] Line 53, C:\Users\Moises\Downloads\Compressed\sourcemod-1.11.0-git6968-windows\addons\sourcemod\scripting\l4d2_playerjoining_v2.sp::OnClientDisconnect
L 12/29/2025 - 20:03:24: [SM] Exception reported: Invalid convar handle 0 (error 4)
L 12/29/2025 - 20:03:24: [SM] Blaming: ÒankrunFixhealth.smx
L 12/29/2025 - 20:03:24: [SM] Call stack trace:
L 12/29/2025 - 20:03:24: [SM]   [0] GetConVarString
L 12/29/2025 - 20:03:24: [SM]   [1] Line 138, C:\Users\Moises\Downloads\Compressed\sourcemod-1.11.0-git6968-windows\addons\sourcemod\scripting\ÒankrunFixhealth.sp::IsTankRunActive
L 12/29/2025 - 20:03:24: [SM]   [2] Line 36, C:\Users\Moises\Downloads\Compressed\sourcemod-1.11.0-git6968-windows\addons\sourcemod\scripting\ÒankrunFixhealth.sp::Timer_PeriodicCheck
L 12/29/2025 - 20:03:27: [SM] Exception reported: Language phrase "No Any Dead Survivor" not found (arg 6)
L 12/29/2025 - 20:03:27: [SM] Blaming: l4d_sm_respawn.smx
L 12/29/2025 - 20:03:27: [SM] Call stack trace:
L 12/29/2025 - 20:03:27: [SM]   [0] FormatEx
L 12/29/2025 - 20:03:27: [SM]   [1] Line 202, d:\Github\Private-Work\L4D2-Êèí‰ª∂\scripting_1.11\l4d_sm_respawn.sp::MenuClientsToSpawn
L 12/29/2025 - 20:03:27: [SM]   [2] Line 239, d:\Github\Private-Work\L4D2-Êèí‰ª∂\scripting_1.11\l4d_sm_respawn.sp::MenuHandler_MenuList
L 12/29/2025 - 20:03:34: [SM] Exception reported: Invalid convar handle 0 (error 4)
L 12/29/2025 - 20:03:34: [SM] Blaming: ÒankrunFixhealth.smx
L 12/29/2025 - 20:03:34: [SM] Call stack trace:
L 12/29/2025 - 20:03:34: [SM]   [0] GetConVarString
L 12/29/2025 - 20:03:34: [SM]   [1] Line 138, C:\Users\Moises\Downloads\Compressed\sourcemod-1.11.0-git6968-windows\addons\sourcemod\scripting\ÒankrunFixhealth.sp::IsTankRunActive
L 12/29/2025 - 20:03:34: [SM]   [2] Line 36, C:\Users\Moises\Downloads\Compressed\sourcemod-1.11.0-git6968-windows\addons\sourcemod\scripting\ÒankrunFixhealth.sp::Timer_PeriodicCheck
L 12/29/2025 - 20:03:44: [SM] Exception reported: Invalid convar handle 0 (error 4)
L 12/29/2025 - 20:03:44: [SM] Blaming: ÒankrunFixhealth.smx
L 12/29/2025 - 20:03:44: [SM] Call stack trace:
L 12/29/2025 - 20:03:44: [SM]   [0] GetConVarString
L 12/29/2025 - 20:03:44: [SM]   [1] Line 138, C:\Users\Moises\Downloads\Compressed\sourcemod-1.11.0-git6968-windows\addons\sourcemod\scripting\ÒankrunFixhealth.sp::IsTankRunActive
L 12/29/2025 - 20:03:44: [SM]   [2] Line 36, C:\Users\Moises\Downloads\Compressed\sourcemod-1.11.0-git6968-windows\addons\sourcemod\scripting\ÒankrunFixhealth.sp::Timer_PeriodicCheck
L 12/29/2025 - 20:03:45: [SM] Exception reported: Language phrase "Type in chat !join To join the survivors" not found (arg 6)
L 12/29/2025 - 20:03:45: [SM] Blaming: l4dmultislots.smx
L 12/29/2025 - 20:03:45: [SM] Call stack trace:
L 12/29/2025 - 20:03:45: [SM]   [0] VFormat
L 12/29/2025 - 20:03:45: [SM]   [1] Line 71, D:\Github\Private-Work\L4D2-Êèí‰ª∂\scripting_1.11\include\multicolors.inc::CPrintToChat
L 12/29/2025 - 20:03:45: [SM]   [2] Line 938, d:\Github\Private-Work\L4D2-Êèí‰ª∂\scripting_1.11\l4dmultislots.sp::Timer_SpecCheck
L 12/29/2025 - 20:03:46: [SM] Exception reported: Invalid convar handle 0 (error 4)
L 12/29/2025 - 20:03:46: [SM] Blaming: ÒankrunFixhealth.smx
L 12/29/2025 - 20:03:46: [SM] Call stack trace:
L 12/29/2025 - 20:03:46: [SM]   [0] GetConVarString
L 12/29/2025 - 20:03:46: [SM]   [1] Line 138, C:\Users\Moises\Downloads\Compressed\sourcemod-1.11.0-git6968-windows\addons\sourcemod\scripting\ÒankrunFixhealth.sp::IsTankRunActive
L 12/29/2025 - 20:03:46: [SM]   [2] Line 79, C:\Users\Moises\Downloads\Compressed\sourcemod-1.11.0-git6968-windows\addons\sourcemod\scripting\ÒankrunFixhealth.sp::Event_PlayerDeath
L 12/29/2025 - 20:03:48: [SM] Exception reported: Invalid convar handle 0 (error 4)
L 12/29/2025 - 20:03:48: [SM] Blaming: ÒankrunFixhealth.smx
L 12/29/2025 - 20:03:48: [SM] Call stack trace:
L 12/29/2025 - 20:03:48: [SM]   [0] GetConVarString
L 12/29/2025 - 20:03:48: [SM]   [1] Line 138, C:\Users\Moises\Downloads\Compressed\sourcemod-1.11.0-git6968-windows\addons\sourcemod\scripting\ÒankrunFixhealth.sp::IsTankRunActive
L 12/29/2025 - 20:03:48: [SM]   [2] Line 79, C:\Users\Moises\Downloads\Compressed\sourcemod-1.11.0-git6968-windows\addons\sourcemod\scripting\ÒankrunFixhealth.sp::Event_PlayerDeath
L 12/29/2025 - 20:03:54: [SM] Exception reported: Invalid convar handle 0 (error 4)
L 12/29/2025 - 20:03:54: [SM] Blaming: ÒankrunFixhealth.smx
L 12/29/2025 - 20:03:54: [SM] Call stack trace:
L 12/29/2025 - 20:03:54: [SM]   [0] GetConVarString
L 12/29/2025 - 20:03:54: [SM]   [1] Line 138, C:\Users\Moises\Downloads\Compressed\sourcemod-1.11.0-git6968-windows\addons\sourcemod\scripting\ÒankrunFixhealth.sp::IsTankRunActive
L 12/29/2025 - 20:03:54: [SM]   [2] Line 36, C:\Users\Moises\Downloads\Compressed\sourcemod-1.11.0-git6968-windows\addons\sourcemod\scripting\ÒankrunFixhealth.sp::Timer_PeriodicCheck
L 12/29/2025 - 20:03:55: [SM] Exception reported: Invalid convar handle 0 (error 4)
L 12/29/2025 - 20:03:55: [SM] Blaming: ÒankrunFixhealth.smx
L 12/29/2025 - 20:03:55: [SM] Call stack trace:
L 12/29/2025 - 20:03:55: [SM]   [0] GetConVarString
L 12/29/2025 - 20:03:55: [SM]   [1] Line 138, C:\Users\Moises\Downloads\Compressed\sourcemod-1.11.0-git6968-windows\addons\sourcemod\scripting\ÒankrunFixhealth.sp::IsTankRunActive
L 12/29/2025 - 20:03:55: [SM]   [2] Line 79, C:\Users\Moises\Downloads\Compressed\sourcemod-1.11.0-git6968-windows\addons\sourcemod\scripting\ÒankrunFixhealth.sp::Event_PlayerDeath
L 12/29/2025 - 20:03:59: [SM] Exception reported: Language phrase "No Any Dead Survivor" not found (arg 6)
L 12/29/2025 - 20:03:59: [SM] Blaming: l4d_sm_respawn.smx
L 12/29/2025 - 20:03:59: [SM] Call stack trace:
L 12/29/2025 - 20:03:59: [SM]   [0] FormatEx
L 12/29/2025 - 20:03:59: [SM]   [1] Line 202, d:\Github\Private-Work\L4D2-Êèí‰ª∂\scripting_1.11\l4d_sm_respawn.sp::MenuClientsToSpawn
L 12/29/2025 - 20:03:59: [SM]   [2] Line 239, d:\Github\Private-Work\L4D2-Êèí‰ª∂\scripting_1.11\l4d_sm_respawn.sp::MenuHandler_MenuList
L 12/29/2025 - 20:04:04: [SM] Exception reported: Invalid convar handle 0 (error 4)
L 12/29/2025 - 20:04:04: [SM] Blaming: ÒankrunFixhealth.smx
L 12/29/2025 - 20:04:04: [SM] Call stack trace:
L 12/29/2025 - 20:04:04: [SM]   [0] GetConVarString
L 12/29/2025 - 20:04:04: [SM]   [1] Line 138, C:\Users\Moises\Downloads\Compressed\sourcemod-1.11.0-git6968-windows\addons\sourcemod\scripting\ÒankrunFixhealth.sp::IsTankRunActive
L 12/29/2025 - 20:04:04: [SM]   [2] Line 36, C:\Users\Moises\Downloads\Compressed\sourcemod-1.11.0-git6968-windows\addons\sourcemod\scripting\ÒankrunFixhealth.sp::Timer_PeriodicCheck
L 12/29/2025 - 20:04:10: [SM] Exception reported: Language phrase "Type in chat !join To join the survivors" not found (arg 6)
L 12/29/2025 - 20:04:10: [SM] Blaming: l4dmultislots.smx
L 12/29/2025 - 20:04:10: [SM] Call stack trace:
L 12/29/2025 - 20:04:10: [SM]   [0] VFormat
L 12/29/2025 - 20:04:10: [SM]   [1] Line 71, D:\Github\Private-Work\L4D2-Êèí‰ª∂\scripting_1.11\include\multicolors.inc::CPrintToChat
L 12/29/2025 - 20:04:10: [SM]   [2] Line 938, d:\Github\Private-Work\L4D2-Êèí‰ª∂\scripting_1.11\l4dmultislots.sp::Timer_SpecCheck
L 12/29/2025 - 20:04:14: [SM] Exception reported: Invalid convar handle 0 (error 4)
L 12/29/2025 - 20:04:14: [SM] Blaming: ÒankrunFixhealth.smx
L 12/29/2025 - 20:04:14: [SM] Call stack trace:
L 12/29/2025 - 20:04:14: [SM]   [0] GetConVarString
L 12/29/2025 - 20:04:14: [SM]   [1] Line 138, C:\Users\Moises\Downloads\Compressed\sourcemod-1.11.0-git6968-windows\addons\sourcemod\scripting\ÒankrunFixhealth.sp::IsTankRunActive
L 12/29/2025 - 20:04:14: [SM]   [2] Line 36, C:\Users\Moises\Downloads\Compressed\sourcemod-1.11.0-git6968-windows\addons\sourcemod\scripting\ÒankrunFixhealth.sp::Timer_PeriodicCheck
L 12/29/2025 - 20:04:22: [SM] Exception reported: Invalid timer handle f4c0047d (error 1)
L 12/29/2025 - 20:04:22: [SM] Blaming: l4d2_playerjoining_v2.smx
L 12/29/2025 - 20:04:22: [SM] Call stack trace:
L 12/29/2025 - 20:04:22: [SM]   [0] KillTimer
L 12/29/2025 - 20:04:22: [SM]   [1] Line 53, C:\Users\Moises\Downloads\Compressed\sourcemod-1.11.0-git6968-windows\addons\sourcemod\scripting\l4d2_playerjoining_v2.sp::OnClientDisconnect
L 12/29/2025 - 20:04:22: [SM] Exception reported: Invalid convar handle 0 (error 4)
L 12/29/2025 - 20:04:22: [SM] Blaming: ÒankrunFixhealth.smx
L 12/29/2025 - 20:04:22: [SM] Call stack trace:
L 12/29/2025 - 20:04:22: [SM]   [0] GetConVarString
L 12/29/2025 - 20:04:22: [SM]   [1] Line 138, C:\Users\Moises\Downloads\Compressed\sourcemod-1.11.0-git6968-windows\addons\sourcemod\scripting\ÒankrunFixhealth.sp::IsTankRunActive
L 12/29/2025 - 20:04:22: [SM]   [2] Line 79, C:\Users\Moises\Downloads\Compressed\sourcemod-1.11.0-git6968-windows\addons\sourcemod\scripting\ÒankrunFixhealth.sp::Event_PlayerDeath
L 12/29/2025 - 20:04:24: [SM] Exception reported: Invalid convar handle 0 (error 4)
L 12/29/2025 - 20:04:24: [SM] Blaming: ÒankrunFixhealth.smx
L 12/29/2025 - 20:04:24: [SM] Call stack trace:
L 12/29/2025 - 20:04:24: [SM]   [0] GetConVarString
L 12/29/2025 - 20:04:24: [SM]   [1] Line 138, C:\Users\Moises\Downloads\Compressed\sourcemod-1.11.0-git6968-windows\addons\sourcemod\scripting\ÒankrunFixhealth.sp::IsTankRunActive
L 12/29/2025 - 20:04:24: [SM]   [2] Line 36, C:\Users\Moises\Downloads\Compressed\sourcemod-1.11.0-git6968-windows\addons\sourcemod\scripting\ÒankrunFixhealth.sp::Timer_PeriodicCheck
L 12/29/2025 - 20:04:32: [SM] Exception reported: Invalid convar handle 0 (error 4)
L 12/29/2025 - 20:04:32: [SM] Blaming: ÒankrunFixhealth.smx
L 12/29/2025 - 20:04:32: [SM] Call stack trace:
L 12/29/2025 - 20:04:32: [SM]   [0] GetConVarString
L 12/29/2025 - 20:04:32: [SM]   [1] Line 138, C:\Users\Moises\Downloads\Compressed\sourcemod-1.11.0-git6968-windows\addons\sourcemod\scripting\ÒankrunFixhealth.sp::IsTankRunActive
L 12/29/2025 - 20:04:32: [SM]   [2] Line 79, C:\Users\Moises\Downloads\Compressed\sourcemod-1.11.0-git6968-windows\addons\sourcemod\scripting\ÒankrunFixhealth.sp::Event_PlayerDeath
L 12/29/2025 - 20:04:33: [SM] Exception reported: Invalid convar handle 0 (error 4)
L 12/29/2025 - 20:04:33: [SM] Blaming: ÒankrunFixhealth.smx
L 12/29/2025 - 20:04:33: [SM] Call stack trace:
L 12/29/2025 - 20:04:33: [SM]   [0] GetConVarString
L 12/29/2025 - 20:04:33: [SM]   [1] Line 138, C:\Users\Moises\Downloads\Compressed\sourcemod-1.11.0-git6968-windows\addons\sourcemod\scripting\ÒankrunFixhealth.sp::IsTankRunActive
L 12/29/2025 - 20:04:33: [SM]   [2] Line 79, C:\Users\Moises\Downloads\Compressed\sourcemod-1.11.0-git6968-windows\addons\sourcemod\scripting\ÒankrunFixhealth.sp::Event_PlayerDeath
L 12/29/2025 - 20:04:34: [SM] Exception reported: Invalid convar handle 0 (error 4)
L 12/29/2025 - 20:04:34: [SM] Blaming: ÒankrunFixhealth.smx
L 12/29/2025 - 20:04:34: [SM] Call stack trace:
L 12/29/2025 - 20:04:34: [SM]   [0] GetConVarString
L 12/29/2025 - 20:04:34: [SM]   [1] Line 138, C:\Users\Moises\Downloads\Compressed\sourcemod-1.11.0-git6968-windows\addons\sourcemod\scripting\ÒankrunFixhealth.sp::IsTankRunActive
L 12/29/2025 - 20:04:34: [SM]   [2] Line 36, C:\Users\Moises\Downloads\Compressed\sourcemod-1.11.0-git6968-windows\addons\sourcemod\scripting\ÒankrunFixhealth.sp::Timer_PeriodicCheck
L 12/29/2025 - 20:04:35: [SM] Exception reported: Language phrase "Type in chat !join To join the survivors" not found (arg 6)
L 12/29/2025 - 20:04:35: [SM] Blaming: l4dmultislots.smx
L 12/29/2025 - 20:04:35: [SM] Call stack trace:
L 12/29/2025 - 20:04:35: [SM]   [0] VFormat
L 12/29/2025 - 20:04:35: [SM]   [1] Line 71, D:\Github\Private-Work\L4D2-Êèí‰ª∂\scripting_1.11\include\multicolors.inc::CPrintToChat
L 12/29/2025 - 20:04:35: [SM]   [2] Line 938, d:\Github\Private-Work\L4D2-Êèí‰ª∂\scripting_1.11\l4dmultislots.sp::Timer_SpecCheck
L 12/29/2025 - 20:04:36: [SM] Exception reported: Invalid timer handle 133004a2 (error 3)
L 12/29/2025 - 20:04:36: [SM] Blaming: l4d2_playerjoining_v2.smx
L 12/29/2025 - 20:04:36: [SM] Call stack trace:
L 12/29/2025 - 20:04:36: [SM]   [0] KillTimer
L 12/29/2025 - 20:04:36: [SM]   [1] Line 53, C:\Users\Moises\Downloads\Compressed\sourcemod-1.11.0-git6968-windows\addons\sourcemod\scripting\l4d2_playerjoining_v2.sp::OnClientDisconnect
L 12/29/2025 - 20:04:39: [SM] Exception reported: Invalid timer handle 5a400432 (error 3)
L 12/29/2025 - 20:04:39: [SM] Blaming: l4d2_playerjoining_v2.smx
L 12/29/2025 - 20:04:39: [SM] Call stack trace:
L 12/29/2025 - 20:04:39: [SM]   [0] KillTimer
L 12/29/2025 - 20:04:39: [SM]   [1] Line 53, C:\Users\Moises\Downloads\Compressed\sourcemod-1.11.0-git6968-windows\addons\sourcemod\scripting\l4d2_playerjoining_v2.sp::OnClientDisconnect
L 12/29/2025 - 20:04:40: [SM] Exception reported: Invalid timer handle 32d004d6 (error 1)
L 12/29/2025 - 20:04:40: [SM] Blaming: l4d2_playerjoining_v2.smx
L 12/29/2025 - 20:04:40: [SM] Call stack trace:
L 12/29/2025 - 20:04:40: [SM]   [0] KillTimer
L 12/29/2025 - 20:04:40: [SM]   [1] Line 53, C:\Users\Moises\Downloads\Compressed\sourcemod-1.11.0-git6968-windows\addons\sourcemod\scripting\l4d2_playerjoining_v2.sp::OnClientDisconnect
L 12/29/2025 - 20:04:43: [SM] Exception reported: Language phrase "No Any Dead Survivor" not found (arg 6)
L 12/29/2025 - 20:04:43: [SM] Blaming: l4d_sm_respawn.smx
L 12/29/2025 - 20:04:43: [SM] Call stack trace:
L 12/29/2025 - 20:04:43: [SM]   [0] FormatEx
L 12/29/2025 - 20:04:43: [SM]   [1] Line 202, d:\Github\Private-Work\L4D2-Êèí‰ª∂\scripting_1.11\l4d_sm_respawn.sp::MenuClientsToSpawn
L 12/29/2025 - 20:04:43: [SM]   [2] Line 239, d:\Github\Private-Work\L4D2-Êèí‰ª∂\scripting_1.11\l4d_sm_respawn.sp::MenuHandler_MenuList
L 12/29/2025 - 20:04:44: [SM] Exception reported: Invalid convar handle 0 (error 4)
L 12/29/2025 - 20:04:44: [SM] Blaming: ÒankrunFixhealth.smx
L 12/29/2025 - 20:04:44: [SM] Call stack trace:
L 12/29/2025 - 20:04:44: [SM]   [0] GetConVarString
L 12/29/2025 - 20:04:44: [SM]   [1] Line 138, C:\Users\Moises\Downloads\Compressed\sourcemod-1.11.0-git6968-windows\addons\sourcemod\scripting\ÒankrunFixhealth.sp::IsTankRunActive
L 12/29/2025 - 20:04:44: [SM]   [2] Line 36, C:\Users\Moises\Downloads\Compressed\sourcemod-1.11.0-git6968-windows\addons\sourcemod\scripting\ÒankrunFixhealth.sp::Timer_PeriodicCheck
L 12/29/2025 - 20:04:53: [SM] Exception reported: Invalid convar handle 0 (error 4)
L 12/29/2025 - 20:04:53: [SM] Blaming: ÒankrunFixhealth.smx
L 12/29/2025 - 20:04:53: [SM] Call stack trace:
L 12/29/2025 - 20:04:53: [SM]   [0] GetConVarString
L 12/29/2025 - 20:04:53: [SM]   [1] Line 138, C:\Users\Moises\Downloads\Compressed\sourcemod-1.11.0-git6968-windows\addons\sourcemod\scripting\ÒankrunFixhealth.sp::IsTankRunActive
L 12/29/2025 - 20:04:53: [SM]   [2] Line 79, C:\Users\Moises\Downloads\Compressed\sourcemod-1.11.0-git6968-windows\addons\sourcemod\scripting\ÒankrunFixhealth.sp::Event_PlayerDeath
L 12/29/2025 - 20:04:54: [SM] Exception reported: Invalid convar handle 0 (error 4)
L 12/29/2025 - 20:04:54: [SM] Blaming: ÒankrunFixhealth.smx
L 12/29/2025 - 20:04:54: [SM] Call stack trace:
L 12/29/2025 - 20:04:54: [SM]   [0] GetConVarString
L 12/29/2025 - 20:04:54: [SM]   [1] Line 138, C:\Users\Moises\Downloads\Compressed\sourcemod-1.11.0-git6968-windows\addons\sourcemod\scripting\ÒankrunFixhealth.sp::IsTankRunActive
L 12/29/2025 - 20:04:54: [SM]   [2] Line 36, C:\Users\Moises\Downloads\Compressed\sourcemod-1.11.0-git6968-windows\addons\sourcemod\scripting\ÒankrunFixhealth.sp::Timer_PeriodicCheck
L 12/29/2025 - 20:04:57: [SM] Exception reported: Invalid convar handle 0 (error 4)
L 12/29/2025 - 20:04:57: [SM] Blaming: ÒankrunFixhealth.smx
L 12/29/2025 - 20:04:57: [SM] Call stack trace:
L 12/29/2025 - 20:04:57: [SM]   [0] GetConVarString
L 12/29/2025 - 20:04:57: [SM]   [1] Line 138, C:\Users\Moises\Downloads\Compressed\sourcemod-1.11.0-git6968-windows\addons\sourcemod\scripting\ÒankrunFixhealth.sp::IsTankRunActive
L 12/29/2025 - 20:04:57: [SM]   [2] Line 79, C:\Users\Moises\Downloads\Compressed\sourcemod-1.11.0-git6968-windows\addons\sourcemod\scripting\ÒankrunFixhealth.sp::Event_PlayerDeath
L 12/29/2025 - 20:05:00: [SM] Exception reported: Language phrase "Type in chat !join To join the survivors" not found (arg 6)
L 12/29/2025 - 20:05:00: [SM] Blaming: l4dmultislots.smx
L 12/29/2025 - 20:05:00: [SM] Call stack trace:
L 12/29/2025 - 20:05:00: [SM]   [0] VFormat
L 12/29/2025 - 20:05:00: [SM]   [1] Line 71, D:\Github\Private-Work\L4D2-Êèí‰ª∂\scripting_1.11\include\multicolors.inc::CPrintToChat
L 12/29/2025 - 20:05:00: [SM]   [2] Line 938, d:\Github\Private-Work\L4D2-Êèí‰ª∂\scripting_1.11\l4dmultislots.sp::Timer_SpecCheck
L 12/29/2025 - 20:05:04: [SM] Exception reported: Invalid timer handle f4c0047d (error 1)
L 12/29/2025 - 20:05:04: [SM] Blaming: l4d2_playerjoining_v2.smx
L 12/29/2025 - 20:05:04: [SM] Call stack trace:
L 12/29/2025 - 20:05:04: [SM]   [0] KillTimer
L 12/29/2025 - 20:05:04: [SM]   [1] Line 53, C:\Users\Moises\Downloads\Compressed\sourcemod-1.11.0-git6968-windows\addons\sourcemod\scripting\l4d2_playerjoining_v2.sp::OnClientDisconnect
L 12/29/2025 - 20:05:04: [SM] Exception reported: Invalid convar handle 0 (error 4)
L 12/29/2025 - 20:05:04: [SM] Blaming: ÒankrunFixhealth.smx
L 12/29/2025 - 20:05:04: [SM] Call stack trace:
L 12/29/2025 - 20:05:04: [SM]   [0] GetConVarString
L 12/29/2025 - 20:05:04: [SM]   [1] Line 138, C:\Users\Moises\Downloads\Compressed\sourcemod-1.11.0-git6968-windows\addons\sourcemod\scripting\ÒankrunFixhealth.sp::IsTankRunActive
L 12/29/2025 - 20:05:04: [SM]   [2] Line 36, C:\Users\Moises\Downloads\Compressed\sourcemod-1.11.0-git6968-windows\addons\sourcemod\scripting\ÒankrunFixhealth.sp::Timer_PeriodicCheck
L 12/29/2025 - 20:05:07: [SM] Exception reported: Invalid timer handle a6e00488 (error 3)
L 12/29/2025 - 20:05:07: [SM] Blaming: l4d2_playerjoining_v2.smx
L 12/29/2025 - 20:05:07: [SM] Call stack trace:
L 12/29/2025 - 20:05:07: [SM]   [0] KillTimer
L 12/29/2025 - 20:05:07: [SM]   [1] Line 53, C:\Users\Moises\Downloads\Compressed\sourcemod-1.11.0-git6968-windows\addons\sourcemod\scripting\l4d2_playerjoining_v2.sp::OnClientDisconnect
L 12/29/2025 - 20:05:13: [SM] Exception reported: Invalid timer handle 32d004d6 (error 1)
L 12/29/2025 - 20:05:13: [SM] Blaming: l4d2_playerjoining_v2.smx
L 12/29/2025 - 20:05:13: [SM] Call stack trace:
L 12/29/2025 - 20:05:13: [SM]   [0] KillTimer
L 12/29/2025 - 20:05:13: [SM]   [1] Line 53, C:\Users\Moises\Downloads\Compressed\sourcemod-1.11.0-git6968-windows\addons\sourcemod\scripting\l4d2_playerjoining_v2.sp::OnClientDisconnect
L 12/29/2025 - 20:05:14: [SM] Exception reported: Invalid convar handle 0 (error 4)
L 12/29/2025 - 20:05:14: [SM] Blaming: ÒankrunFixhealth.smx
L 12/29/2025 - 20:05:14: [SM] Call stack trace:
L 12/29/2025 - 20:05:14: [SM]   [0] GetConVarString
L 12/29/2025 - 20:05:14: [SM]   [1] Line 138, C:\Users\Moises\Downloads\Compressed\sourcemod-1.11.0-git6968-windows\addons\sourcemod\scripting\ÒankrunFixhealth.sp::IsTankRunActive
L 12/29/2025 - 20:05:14: [SM]   [2] Line 36, C:\Users\Moises\Downloads\Compressed\sourcemod-1.11.0-git6968-windows\addons\sourcemod\scripting\ÒankrunFixhealth.sp::Timer_PeriodicCheck
L 12/29/2025 - 20:05:18: [SM] Exception reported: Language phrase "No Any Dead Survivor" not found (arg 6)
L 12/29/2025 - 20:05:18: [SM] Blaming: l4d_sm_respawn.smx
L 12/29/2025 - 20:05:18: [SM] Call stack trace:
L 12/29/2025 - 20:05:18: [SM]   [0] FormatEx
L 12/29/2025 - 20:05:18: [SM]   [1] Line 202, d:\Github\Private-Work\L4D2-Êèí‰ª∂\scripting_1.11\l4d_sm_respawn.sp::MenuClientsToSpawn
L 12/29/2025 - 20:05:18: [SM]   [2] Line 239, d:\Github\Private-Work\L4D2-Êèí‰ª∂\scripting_1.11\l4d_sm_respawn.sp::MenuHandler_MenuList
L 12/29/2025 - 20:05:24: [SM] Exception reported: Invalid convar handle 0 (error 4)
L 12/29/2025 - 20:05:24: [SM] Blaming: ÒankrunFixhealth.smx
L 12/29/2025 - 20:05:24: [SM] Call stack trace:
L 12/29/2025 - 20:05:24: [SM]   [0] GetConVarString
L 12/29/2025 - 20:05:24: [SM]   [1] Line 138, C:\Users\Moises\Downloads\Compressed\sourcemod-1.11.0-git6968-windows\addons\sourcemod\scripting\ÒankrunFixhealth.sp::IsTankRunActive
L 12/29/2025 - 20:05:24: [SM]   [2] Line 36, C:\Users\Moises\Downloads\Compressed\sourcemod-1.11.0-git6968-windows\addons\sourcemod\scripting\ÒankrunFixhealth.sp::Timer_PeriodicCheck
L 12/29/2025 - 20:05:27: [SM] Exception reported: Invalid convar handle 0 (error 4)
L 12/29/2025 - 20:05:27: [SM] Blaming: ÒankrunFixhealth.smx
L 12/29/2025 - 20:05:27: [SM] Call stack trace:
L 12/29/2025 - 20:05:27: [SM]   [0] GetConVarString
L 12/29/2025 - 20:05:27: [SM]   [1] Line 138, C:\Users\Moises\Downloads\Compressed\sourcemod-1.11.0-git6968-windows\addons\sourcemod\scripting\ÒankrunFixhealth.sp::IsTankRunActive
L 12/29/2025 - 20:05:27: [SM]   [2] Line 79, C:\Users\Moises\Downloads\Compressed\sourcemod-1.11.0-git6968-windows\addons\sourcemod\scripting\ÒankrunFixhealth.sp::Event_PlayerDeath
L 12/29/2025 - 20:05:34: [SM] Exception reported: Invalid convar handle 0 (error 4)
L 12/29/2025 - 20:05:34: [SM] Blaming: ÒankrunFixhealth.smx
L 12/29/2025 - 20:05:34: [SM] Call stack trace:
L 12/29/2025 - 20:05:34: [SM]   [0] GetConVarString
L 12/29/2025 - 20:05:34: [SM]   [1] Line 138, C:\Users\Moises\Downloads\Compressed\sourcemod-1.11.0-git6968-windows\addons\sourcemod\scripting\ÒankrunFixhealth.sp::IsTankRunActive
L 12/29/2025 - 20:05:34: [SM]   [2] Line 36, C:\Users\Moises\Downloads\Compressed\sourcemod-1.11.0-git6968-windows\addons\sourcemod\scripting\ÒankrunFixhealth.sp::Timer_PeriodicCheck
L 12/29/2025 - 20:05:44: [SM] Exception reported: Invalid convar handle 0 (error 4)
L 12/29/2025 - 20:05:44: [SM] Blaming: ÒankrunFixhealth.smx
L 12/29/2025 - 20:05:44: [SM] Call stack trace:
L 12/29/2025 - 20:05:44: [SM]   [0] GetConVarString
L 12/29/2025 - 20:05:44: [SM]   [1] Line 138, C:\Users\Moises\Downloads\Compressed\sourcemod-1.11.0-git6968-windows\addons\sourcemod\scripting\ÒankrunFixhealth.sp::IsTankRunActive
L 12/29/2025 - 20:05:44: [SM]   [2] Line 36, C:\Users\Moises\Downloads\Compressed\sourcemod-1.11.0-git6968-windows\addons\sourcemod\scripting\ÒankrunFixhealth.sp::Timer_PeriodicCheck
L 12/29/2025 - 20:05:47: [SM] Exception reported: Language phrase "No Any Dead Survivor" not found (arg 6)
L 12/29/2025 - 20:05:47: [SM] Blaming: l4d_sm_respawn.smx
L 12/29/2025 - 20:05:47: [SM] Call stack trace:
L 12/29/2025 - 20:05:47: [SM]   [0] FormatEx
L 12/29/2025 - 20:05:47: [SM]   [1] Line 202, d:\Github\Private-Work\L4D2-Êèí‰ª∂\scripting_1.11\l4d_sm_respawn.sp::MenuClientsToSpawn
L 12/29/2025 - 20:05:47: [SM]   [2] Line 239, d:\Github\Private-Work\L4D2-Êèí‰ª∂\scripting_1.11\l4d_sm_respawn.sp::MenuHandler_MenuList
L 12/29/2025 - 20:05:51: [SM] Exception reported: Invalid convar handle 0 (error 4)
L 12/29/2025 - 20:05:51: [SM] Blaming: ÒankrunFixhealth.smx
L 12/29/2025 - 20:05:51: [SM] Call stack trace:
L 12/29/2025 - 20:05:51: [SM]   [0] GetConVarString
L 12/29/2025 - 20:05:51: [SM]   [1] Line 138, C:\Users\Moises\Downloads\Compressed\sourcemod-1.11.0-git6968-windows\addons\sourcemod\scripting\ÒankrunFixhealth.sp::IsTankRunActive
L 12/29/2025 - 20:05:51: [SM]   [2] Line 79, C:\Users\Moises\Downloads\Compressed\sourcemod-1.11.0-git6968-windows\addons\sourcemod\scripting\ÒankrunFixhealth.sp::Event_PlayerDeath
L 12/29/2025 - 20:05:54: [SM] Exception reported: Invalid convar handle 0 (error 4)
L 12/29/2025 - 20:05:54: [SM] Blaming: ÒankrunFixhealth.smx
L 12/29/2025 - 20:05:54: [SM] Call stack trace:
L 12/29/2025 - 20:05:54: [SM]   [0] GetConVarString
L 12/29/2025 - 20:05:54: [SM]   [1] Line 138, C:\Users\Moises\Downloads\Compressed\sourcemod-1.11.0-git6968-windows\addons\sourcemod\scripting\ÒankrunFixhealth.sp::IsTankRunActive
L 12/29/2025 - 20:05:54: [SM]   [2] Line 36, C:\Users\Moises\Downloads\Compressed\sourcemod-1.11.0-git6968-windows\addons\sourcemod\scripting\ÒankrunFixhealth.sp::Timer_PeriodicCheck
L 12/29/2025 - 20:05:55: [SM] Exception reported: Invalid convar handle 0 (error 4)
L 12/29/2025 - 20:05:55: [SM] Blaming: ÒankrunFixhealth.smx
L 12/29/2025 - 20:05:55: [SM] Call stack trace:
L 12/29/2025 - 20:05:55: [SM]   [0] GetConVarString
L 12/29/2025 - 20:05:55: [SM]   [1] Line 138, C:\Users\Moises\Downloads\Compressed\sourcemod-1.11.0-git6968-windows\addons\sourcemod\scripting\ÒankrunFixhealth.sp::IsTankRunActive
L 12/29/2025 - 20:05:55: [SM]   [2] Line 79, C:\Users\Moises\Downloads\Compressed\sourcemod-1.11.0-git6968-windows\addons\sourcemod\scripting\ÒankrunFixhealth.sp::Event_PlayerDeath
L 12/29/2025 - 20:05:58: [SM] Exception reported: Invalid timer handle 4200497 (error 3)
L 12/29/2025 - 20:05:58: [SM] Blaming: l4d2_playerjoining_v2.smx
L 12/29/2025 - 20:05:58: [SM] Call stack trace:
L 12/29/2025 - 20:05:58: [SM]   [0] KillTimer
L 12/29/2025 - 20:05:58: [SM]   [1] Line 53, C:\Users\Moises\Downloads\Compressed\sourcemod-1.11.0-git6968-windows\addons\sourcemod\scripting\l4d2_playerjoining_v2.sp::OnClientDisconnect
L 12/29/2025 - 20:06:00: [SM] Exception reported: Invalid convar handle 0 (error 4)
L 12/29/2025 - 20:06:00: [SM] Blaming: ÒankrunFixhealth.smx
L 12/29/2025 - 20:06:00: [SM] Call stack trace:
L 12/29/2025 - 20:06:00: [SM]   [0] GetConVarString
L 12/29/2025 - 20:06:00: [SM]   [1] Line 138, C:\Users\Moises\Downloads\Compressed\sourcemod-1.11.0-git6968-windows\addons\sourcemod\scripting\ÒankrunFixhealth.sp::IsTankRunActive
L 12/29/2025 - 20:06:00: [SM]   [2] Line 79, C:\Users\Moises\Downloads\Compressed\sourcemod-1.11.0-git6968-windows\addons\sourcemod\scripting\ÒankrunFixhealth.sp::Event_PlayerDeath
L 12/29/2025 - 20:06:04: [SM] Exception reported: Invalid convar handle 0 (error 4)
L 12/29/2025 - 20:06:04: [SM] Blaming: ÒankrunFixhealth.smx
L 12/29/2025 - 20:06:04: [SM] Call stack trace:
L 12/29/2025 - 20:06:04: [SM]   [0] GetConVarString
L 12/29/2025 - 20:06:04: [SM]   [1] Line 138, C:\Users\Moises\Downloads\Compressed\sourcemod-1.11.0-git6968-windows\addons\sourcemod\scripting\ÒankrunFixhealth.sp::IsTankRunActive
L 12/29/2025 - 20:06:04: [SM]   [2] Line 36, C:\Users\Moises\Downloads\Compressed\sourcemod-1.11.0-git6968-windows\addons\sourcemod\scripting\ÒankrunFixhealth.sp::Timer_PeriodicCheck
L 12/29/2025 - 20:06:08: [SM] Exception reported: Invalid convar handle 0 (error 4)
L 12/29/2025 - 20:06:08: [SM] Blaming: ÒankrunFixhealth.smx
L 12/29/2025 - 20:06:08: [SM] Call stack trace:
L 12/29/2025 - 20:06:08: [SM]   [0] GetConVarString
L 12/29/2025 - 20:06:08: [SM]   [1] Line 138, C:\Users\Moises\Downloads\Compressed\sourcemod-1.11.0-git6968-windows\addons\sourcemod\scripting\ÒankrunFixhealth.sp::IsTankRunActive
L 12/29/2025 - 20:06:08: [SM]   [2] Line 79, C:\Users\Moises\Downloads\Compressed\sourcemod-1.11.0-git6968-windows\addons\sourcemod\scripting\ÒankrunFixhealth.sp::Event_PlayerDeath
L 12/29/2025 - 20:06:11: [SM] Exception reported: Language phrase "No Any Dead Survivor" not found (arg 6)
L 12/29/2025 - 20:06:11: [SM] Blaming: l4d_sm_respawn.smx
L 12/29/2025 - 20:06:11: [SM] Call stack trace:
L 12/29/2025 - 20:06:11: [SM]   [0] FormatEx
L 12/29/2025 - 20:06:11: [SM]   [1] Line 202, d:\Github\Private-Work\L4D2-Êèí‰ª∂\scripting_1.11\l4d_sm_respawn.sp::MenuClientsToSpawn
L 12/29/2025 - 20:06:11: [SM]   [2] Line 239, d:\Github\Private-Work\L4D2-Êèí‰ª∂\scripting_1.11\l4d_sm_respawn.sp::MenuHandler_MenuList
L 12/29/2025 - 20:06:14: [SM] Exception reported: Invalid convar handle 0 (error 4)
L 12/29/2025 - 20:06:14: [SM] Blaming: ÒankrunFixhealth.smx
L 12/29/2025 - 20:06:14: [SM] Call stack trace:
L 12/29/2025 - 20:06:14: [SM]   [0] GetConVarString
L 12/29/2025 - 20:06:14: [SM]   [1] Line 138, C:\Users\Moises\Downloads\Compressed\sourcemod-1.11.0-git6968-windows\addons\sourcemod\scripting\ÒankrunFixhealth.sp::IsTankRunActive
L 12/29/2025 - 20:06:14: [SM]   [2] Line 36, C:\Users\Moises\Downloads\Compressed\sourcemod-1.11.0-git6968-windows\addons\sourcemod\scripting\ÒankrunFixhealth.sp::Timer_PeriodicCheck
L 12/29/2025 - 20:06:15: [SM] Exception reported: Language phrase "Type in chat !join To join the survivors" not found (arg 6)
L 12/29/2025 - 20:06:15: [SM] Blaming: l4dmultislots.smx
L 12/29/2025 - 20:06:15: [SM] Call stack trace:
L 12/29/2025 - 20:06:15: [SM]   [0] VFormat
L 12/29/2025 - 20:06:15: [SM]   [1] Line 71, D:\Github\Private-Work\L4D2-Êèí‰ª∂\scripting_1.11\include\multicolors.inc::CPrintToChat
L 12/29/2025 - 20:06:15: [SM]   [2] Line 938, d:\Github\Private-Work\L4D2-Êèí‰ª∂\scripting_1.11\l4dmultislots.sp::Timer_SpecCheck
L 12/29/2025 - 20:06:24: [SM] Exception reported: Invalid convar handle 0 (error 4)
L 12/29/2025 - 20:06:24: [SM] Blaming: ÒankrunFixhealth.smx
L 12/29/2025 - 20:06:24: [SM] Call stack trace:
L 12/29/2025 - 20:06:24: [SM]   [0] GetConVarString
L 12/29/2025 - 20:06:24: [SM]   [1] Line 138, C:\Users\Moises\Downloads\Compressed\sourcemod-1.11.0-git6968-windows\addons\sourcemod\scripting\ÒankrunFixhealth.sp::IsTankRunActive
L 12/29/2025 - 20:06:24: [SM]   [2] Line 36, C:\Users\Moises\Downloads\Compressed\sourcemod-1.11.0-git6968-windows\addons\sourcemod\scripting\ÒankrunFixhealth.sp::Timer_PeriodicCheck
L 12/29/2025 - 20:06:34: [SM] Exception reported: Invalid convar handle 0 (error 4)
L 12/29/2025 - 20:06:34: [SM] Blaming: ÒankrunFixhealth.smx
L 12/29/2025 - 20:06:34: [SM] Call stack trace:
L 12/29/2025 - 20:06:34: [SM]   [0] GetConVarString
L 12/29/2025 - 20:06:34: [SM]   [1] Line 138, C:\Users\Moises\Downloads\Compressed\sourcemod-1.11.0-git6968-windows\addons\sourcemod\scripting\ÒankrunFixhealth.sp::IsTankRunActive
L 12/29/2025 - 20:06:34: [SM]   [2] Line 36, C:\Users\Moises\Downloads\Compressed\sourcemod-1.11.0-git6968-windows\addons\sourcemod\scripting\ÒankrunFixhealth.sp::Timer_PeriodicCheck
L 12/29/2025 - 20:06:40: [SM] Exception reported: Language phrase "Type in chat !join To join the survivors" not found (arg 6)
L 12/29/2025 - 20:06:40: [SM] Blaming: l4dmultislots.smx
L 12/29/2025 - 20:06:40: [SM] Call stack trace:
L 12/29/2025 - 20:06:40: [SM]   [0] VFormat
L 12/29/2025 - 20:06:40: [SM]   [1] Line 71, D:\Github\Private-Work\L4D2-Êèí‰ª∂\scripting_1.11\include\multicolors.inc::CPrintToChat
L 12/29/2025 - 20:06:40: [SM]   [2] Line 938, d:\Github\Private-Work\L4D2-Êèí‰ª∂\scripting_1.11\l4dmultislots.sp::Timer_SpecCheck
L 12/29/2025 - 20:06:44: [SM] Exception reported: Invalid convar handle 0 (error 4)
L 12/29/2025 - 20:06:44: [SM] Blaming: ÒankrunFixhealth.smx
L 12/29/2025 - 20:06:44: [SM] Call stack trace:
L 12/29/2025 - 20:06:44: [SM]   [0] GetConVarString
L 12/29/2025 - 20:06:44: [SM]   [1] Line 138, C:\Users\Moises\Downloads\Compressed\sourcemod-1.11.0-git6968-windows\addons\sourcemod\scripting\ÒankrunFixhealth.sp::IsTankRunActive
L 12/29/2025 - 20:06:44: [SM]   [2] Line 36, C:\Users\Moises\Downloads\Compressed\sourcemod-1.11.0-git6968-windows\addons\sourcemod\scripting\ÒankrunFixhealth.sp::Timer_PeriodicCheck
L 12/29/2025 - 20:06:45: [SM] Exception reported: Invalid convar handle 0 (error 4)
L 12/29/2025 - 20:06:45: [SM] Blaming: ÒankrunFixhealth.smx
L 12/29/2025 - 20:06:45: [SM] Call stack trace:
L 12/29/2025 - 20:06:45: [SM]   [0] GetConVarString
L 12/29/2025 - 20:06:45: [SM]   [1] Line 138, C:\Users\Moises\Downloads\Compressed\sourcemod-1.11.0-git6968-windows\addons\sourcemod\scripting\ÒankrunFixhealth.sp::IsTankRunActive
L 12/29/2025 - 20:06:45: [SM]   [2] Line 79, C:\Users\Moises\Downloads\Compressed\sourcemod-1.11.0-git6968-windows\addons\sourcemod\scripting\ÒankrunFixhealth.sp::Event_PlayerDeath
L 12/29/2025 - 20:06:49: [SM] Exception reported: Invalid convar handle 0 (error 4)
L 12/29/2025 - 20:06:49: [SM] Blaming: ÒankrunFixhealth.smx
L 12/29/2025 - 20:06:49: [SM] Call stack trace:
L 12/29/2025 - 20:06:49: [SM]   [0] GetConVarString
L 12/29/2025 - 20:06:49: [SM]   [1] Line 138, C:\Users\Moises\Downloads\Compressed\sourcemod-1.11.0-git6968-windows\addons\sourcemod\scripting\ÒankrunFixhealth.sp::IsTankRunActive
L 12/29/2025 - 20:06:49: [SM]   [2] Line 79, C:\Users\Moises\Downloads\Compressed\sourcemod-1.11.0-git6968-windows\addons\sourcemod\scripting\ÒankrunFixhealth.sp::Event_PlayerDeath
L 12/29/2025 - 20:06:51: [SM] Exception reported: Language phrase "No Any Dead Survivor" not found (arg 6)
L 12/29/2025 - 20:06:51: [SM] Blaming: l4d_sm_respawn.smx
L 12/29/2025 - 20:06:51: [SM] Call stack trace:
L 12/29/2025 - 20:06:51: [SM]   [0] FormatEx
L 12/29/2025 - 20:06:51: [SM]   [1] Line 202, d:\Github\Private-Work\L4D2-Êèí‰ª∂\scripting_1.11\l4d_sm_respawn.sp::MenuClientsToSpawn
L 12/29/2025 - 20:06:51: [SM]   [2] Line 239, d:\Github\Private-Work\L4D2-Êèí‰ª∂\scripting_1.11\l4d_sm_respawn.sp::MenuHandler_MenuList
L 12/29/2025 - 20:06:54: [SM] Exception reported: Invalid convar handle 0 (error 4)
L 12/29/2025 - 20:06:54: [SM] Blaming: ÒankrunFixhealth.smx
L 12/29/2025 - 20:06:54: [SM] Call stack trace:
L 12/29/2025 - 20:06:54: [SM]   [0] GetConVarString
L 12/29/2025 - 20:06:54: [SM]   [1] Line 138, C:\Users\Moises\Downloads\Compressed\sourcemod-1.11.0-git6968-windows\addons\sourcemod\scripting\ÒankrunFixhealth.sp::IsTankRunActive
L 12/29/2025 - 20:06:54: [SM]   [2] Line 36, C:\Users\Moises\Downloads\Compressed\sourcemod-1.11.0-git6968-windows\addons\sourcemod\scripting\ÒankrunFixhealth.sp::Timer_PeriodicCheck
L 12/29/2025 - 20:06:55: [SM] Exception reported: Invalid timer handle 133004a2 (error 3)
L 12/29/2025 - 20:06:55: [SM] Blaming: l4d2_playerjoining_v2.smx
L 12/29/2025 - 20:06:55: [SM] Call stack trace:
L 12/29/2025 - 20:06:55: [SM]   [0] KillTimer
L 12/29/2025 - 20:06:55: [SM]   [1] Line 53, C:\Users\Moises\Downloads\Compressed\sourcemod-1.11.0-git6968-windows\addons\sourcemod\scripting\l4d2_playerjoining_v2.sp::OnClientDisconnect
L 12/29/2025 - 20:06:57: [SM] Exception reported: Invalid convar handle 0 (error 4)
L 12/29/2025 - 20:06:57: [SM] Blaming: ÒankrunFixhealth.smx
L 12/29/2025 - 20:06:57: [SM] Call stack trace:
L 12/29/2025 - 20:06:57: [SM]   [0] GetConVarString
L 12/29/2025 - 20:06:57: [SM]   [1] Line 138, C:\Users\Moises\Downloads\Compressed\sourcemod-1.11.0-git6968-windows\addons\sourcemod\scripting\ÒankrunFixhealth.sp::IsTankRunActive
L 12/29/2025 - 20:06:57: [SM]   [2] Line 79, C:\Users\Moises\Downloads\Compressed\sourcemod-1.11.0-git6968-windows\addons\sourcemod\scripting\ÒankrunFixhealth.sp::Event_PlayerDeath
L 12/29/2025 - 20:07:04: [SM] Exception reported: Invalid convar handle 0 (error 4)
L 12/29/2025 - 20:07:04: [SM] Blaming: ÒankrunFixhealth.smx
L 12/29/2025 - 20:07:04: [SM] Call stack trace:
L 12/29/2025 - 20:07:04: [SM]   [0] GetConVarString
L 12/29/2025 - 20:07:04: [SM]   [1] Line 138, C:\Users\Moises\Downloads\Compressed\sourcemod-1.11.0-git6968-windows\addons\sourcemod\scripting\ÒankrunFixhealth.sp::IsTankRunActive
L 12/29/2025 - 20:07:04: [SM]   [2] Line 36, C:\Users\Moises\Downloads\Compressed\sourcemod-1.11.0-git6968-windows\addons\sourcemod\scripting\ÒankrunFixhealth.sp::Timer_PeriodicCheck
L 12/29/2025 - 20:07:04: [SM] Exception reported: Invalid timer handle 4f004b0 (error 3)
L 12/29/2025 - 20:07:04: [SM] Blaming: l4d2_playerjoining_v2.smx
L 12/29/2025 - 20:07:04: [SM] Call stack trace:
L 12/29/2025 - 20:07:04: [SM]   [0] KillTimer
L 12/29/2025 - 20:07:04: [SM]   [1] Line 53, C:\Users\Moises\Downloads\Compressed\sourcemod-1.11.0-git6968-windows\addons\sourcemod\scripting\l4d2_playerjoining_v2.sp::OnClientDisconnect
L 12/29/2025 - 20:07:05: [SM] Exception reported: Language phrase "Type in chat !join To join the survivors" not found (arg 6)
L 12/29/2025 - 20:07:05: [SM] Blaming: l4dmultislots.smx
L 12/29/2025 - 20:07:05: [SM] Call stack trace:
L 12/29/2025 - 20:07:05: [SM]   [0] VFormat
L 12/29/2025 - 20:07:05: [SM]   [1] Line 71, D:\Github\Private-Work\L4D2-Êèí‰ª∂\scripting_1.11\include\multicolors.inc::CPrintToChat
L 12/29/2025 - 20:07:05: [SM]   [2] Line 938, d:\Github\Private-Work\L4D2-Êèí‰ª∂\scripting_1.11\l4dmultislots.sp::Timer_SpecCheck
L 12/29/2025 - 20:07:11: [SM] Exception reported: Invalid convar handle 0 (error 4)
L 12/29/2025 - 20:07:11: [SM] Blaming: ÒankrunFixhealth.smx
L 12/29/2025 - 20:07:11: [SM] Call stack trace:
L 12/29/2025 - 20:07:11: [SM]   [0] GetConVarString
L 12/29/2025 - 20:07:11: [SM]   [1] Line 138, C:\Users\Moises\Downloads\Compressed\sourcemod-1.11.0-git6968-windows\addons\sourcemod\scripting\ÒankrunFixhealth.sp::IsTankRunActive
L 12/29/2025 - 20:07:11: [SM]   [2] Line 79, C:\Users\Moises\Downloads\Compressed\sourcemod-1.11.0-git6968-windows\addons\sourcemod\scripting\ÒankrunFixhealth.sp::Event_PlayerDeath
L 12/29/2025 - 20:07:14: [SM] Exception reported: Invalid convar handle 0 (error 4)
L 12/29/2025 - 20:07:14: [SM] Blaming: ÒankrunFixhealth.smx
L 12/29/2025 - 20:07:14: [SM] Call stack trace:
L 12/29/2025 - 20:07:14: [SM]   [0] GetConVarString
L 12/29/2025 - 20:07:14: [SM]   [1] Line 138, C:\Users\Moises\Downloads\Compressed\sourcemod-1.11.0-git6968-windows\addons\sourcemod\scripting\ÒankrunFixhealth.sp::IsTankRunActive
L 12/29/2025 - 20:07:14: [SM]   [2] Line 36, C:\Users\Moises\Downloads\Compressed\sourcemod-1.11.0-git6968-windows\addons\sourcemod\scripting\ÒankrunFixhealth.sp::Timer_PeriodicCheck
L 12/29/2025 - 20:07:15: [SM] Exception reported: Invalid convar handle 0 (error 4)
L 12/29/2025 - 20:07:15: [SM] Blaming: ÒankrunFixhealth.smx
L 12/29/2025 - 20:07:15: [SM] Call stack trace:
L 12/29/2025 - 20:07:15: [SM]   [0] GetConVarString
L 12/29/2025 - 20:07:15: [SM]   [1] Line 138, C:\Users\Moises\Downloads\Compressed\sourcemod-1.11.0-git6968-windows\addons\sourcemod\scripting\ÒankrunFixhealth.sp::IsTankRunActive
L 12/29/2025 - 20:07:15: [SM]   [2] Line 79, C:\Users\Moises\Downloads\Compressed\sourcemod-1.11.0-git6968-windows\addons\sourcemod\scripting\ÒankrunFixhealth.sp::Event_PlayerDeath
L 12/29/2025 - 20:07:18: [SM] Exception reported: Invalid timer handle a6e00488 (error 3)
L 12/29/2025 - 20:07:18: [SM] Blaming: l4d2_playerjoining_v2.smx
L 12/29/2025 - 20:07:18: [SM] Call stack trace:
L 12/29/2025 - 20:07:18: [SM]   [0] KillTimer
L 12/29/2025 - 20:07:18: [SM]   [1] Line 53, C:\Users\Moises\Downloads\Compressed\sourcemod-1.11.0-git6968-windows\addons\sourcemod\scripting\l4d2_playerjoining_v2.sp::OnClientDisconnect
L 12/29/2025 - 20:07:19: [SM] Exception reported: Invalid convar handle 0 (error 4)
L 12/29/2025 - 20:07:19: [SM] Blaming: ÒankrunFixhealth.smx
L 12/29/2025 - 20:07:19: [SM] Call stack trace:
L 12/29/2025 - 20:07:19: [SM]   [0] GetConVarString
L 12/29/2025 - 20:07:19: [SM]   [1] Line 138, C:\Users\Moises\Downloads\Compressed\sourcemod-1.11.0-git6968-windows\addons\sourcemod\scripting\ÒankrunFixhealth.sp::IsTankRunActive
L 12/29/2025 - 20:07:19: [SM]   [2] Line 79, C:\Users\Moises\Downloads\Compressed\sourcemod-1.11.0-git6968-windows\addons\sourcemod\scripting\ÒankrunFixhealth.sp::Event_PlayerDeath
L 12/29/2025 - 20:07:24: [SM] Exception reported: Invalid convar handle 0 (error 4)
L 12/29/2025 - 20:07:24: [SM] Blaming: ÒankrunFixhealth.smx
L 12/29/2025 - 20:07:24: [SM] Call stack trace:
L 12/29/2025 - 20:07:24: [SM]   [0] GetConVarString
L 12/29/2025 - 20:07:24: [SM]   [1] Line 138, C:\Users\Moises\Downloads\Compressed\sourcemod-1.11.0-git6968-windows\addons\sourcemod\scripting\ÒankrunFixhealth.sp::IsTankRunActive
L 12/29/2025 - 20:07:24: [SM]   [2] Line 36, C:\Users\Moises\Downloads\Compressed\sourcemod-1.11.0-git6968-windows\addons\sourcemod\scripting\ÒankrunFixhealth.sp::Timer_PeriodicCheck
L 12/29/2025 - 20:07:26: [SM] Exception reported: Invalid timer handle 5a400432 (error 3)
L 12/29/2025 - 20:07:26: [SM] Blaming: l4d2_playerjoining_v2.smx
L 12/29/2025 - 20:07:26: [SM] Call stack trace:
L 12/29/2025 - 20:07:26: [SM]   [0] KillTimer
L 12/29/2025 - 20:07:26: [SM]   [1] Line 53, C:\Users\Moises\Downloads\Compressed\sourcemod-1.11.0-git6968-windows\addons\sourcemod\scripting\l4d2_playerjoining_v2.sp::OnClientDisconnect
L 12/29/2025 - 20:07:30: [SM] Exception reported: Language phrase "Type in chat !join To join the survivors" not found (arg 6)
L 12/29/2025 - 20:07:30: [SM] Blaming: l4dmultislots.smx
L 12/29/2025 - 20:07:30: [SM] Call stack trace:
L 12/29/2025 - 20:07:30: [SM]   [0] VFormat
L 12/29/2025 - 20:07:30: [SM]   [1] Line 71, D:\Github\Private-Work\L4D2-Êèí‰ª∂\scripting_1.11\include\multicolors.inc::CPrintToChat
L 12/29/2025 - 20:07:30: [SM]   [2] Line 938, d:\Github\Private-Work\L4D2-Êèí‰ª∂\scripting_1.11\l4dmultislots.sp::Timer_SpecCheck
L 12/29/2025 - 20:07:34: [SM] Exception reported: Invalid convar handle 0 (error 4)
L 12/29/2025 - 20:07:34: [SM] Blaming: ÒankrunFixhealth.smx
L 12/29/2025 - 20:07:34: [SM] Call stack trace:
L 12/29/2025 - 20:07:34: [SM]   [0] GetConVarString
L 12/29/2025 - 20:07:34: [SM]   [1] Line 138, C:\Users\Moises\Downloads\Compressed\sourcemod-1.11.0-git6968-windows\addons\sourcemod\scripting\ÒankrunFixhealth.sp::IsTankRunActive
L 12/29/2025 - 20:07:34: [SM]   [2] Line 36, C:\Users\Moises\Downloads\Compressed\sourcemod-1.11.0-git6968-windows\addons\sourcemod\scripting\ÒankrunFixhealth.sp::Timer_PeriodicCheck
L 12/29/2025 - 20:07:37: [SM] Exception reported: Invalid convar handle 0 (error 4)
L 12/29/2025 - 20:07:37: [SM] Blaming: ÒankrunFixhealth.smx
L 12/29/2025 - 20:07:37: [SM] Call stack trace:
L 12/29/2025 - 20:07:37: [SM]   [0] GetConVarString
L 12/29/2025 - 20:07:37: [SM]   [1] Line 138, C:\Users\Moises\Downloads\Compressed\sourcemod-1.11.0-git6968-windows\addons\sourcemod\scripting\ÒankrunFixhealth.sp::IsTankRunActive
L 12/29/2025 - 20:07:37: [SM]   [2] Line 79, C:\Users\Moises\Downloads\Compressed\sourcemod-1.11.0-git6968-windows\addons\sourcemod\scripting\ÒankrunFixhealth.sp::Event_PlayerDeath
L 12/29/2025 - 20:07:43: [SM] Exception reported: Invalid convar handle 0 (error 4)
L 12/29/2025 - 20:07:43: [SM] Blaming: ÒankrunFixhealth.smx
L 12/29/2025 - 20:07:43: [SM] Call stack trace:
L 12/29/2025 - 20:07:43: [SM]   [0] GetConVarString
L 12/29/2025 - 20:07:43: [SM]   [1] Line 138, C:\Users\Moises\Downloads\Compressed\sourcemod-1.11.0-git6968-windows\addons\sourcemod\scripting\ÒankrunFixhealth.sp::IsTankRunActive
L 12/29/2025 - 20:07:43: [SM]   [2] Line 79, C:\Users\Moises\Downloads\Compressed\sourcemod-1.11.0-git6968-windows\addons\sourcemod\scripting\ÒankrunFixhealth.sp::Event_PlayerDeath
L 12/29/2025 - 20:07:44: [SM] Exception reported: Invalid timer handle 32d004d6 (error 1)
L 12/29/2025 - 20:07:44: [SM] Blaming: l4d2_playerjoining_v2.smx
L 12/29/2025 - 20:07:44: [SM] Call stack trace:
L 12/29/2025 - 20:07:44: [SM]   [0] KillTimer
L 12/29/2025 - 20:07:44: [SM]   [1] Line 53, C:\Users\Moises\Downloads\Compressed\sourcemod-1.11.0-git6968-windows\addons\sourcemod\scripting\l4d2_playerjoining_v2.sp::OnClientDisconnect
L 12/29/2025 - 20:07:44: [SM] Exception reported: Invalid convar handle 0 (error 4)
L 12/29/2025 - 20:07:44: [SM] Blaming: ÒankrunFixhealth.smx
L 12/29/2025 - 20:07:44: [SM] Call stack trace:
L 12/29/2025 - 20:07:44: [SM]   [0] GetConVarString
L 12/29/2025 - 20:07:44: [SM]   [1] Line 138, C:\Users\Moises\Downloads\Compressed\sourcemod-1.11.0-git6968-windows\addons\sourcemod\scripting\ÒankrunFixhealth.sp::IsTankRunActive
L 12/29/2025 - 20:07:44: [SM]   [2] Line 36, C:\Users\Moises\Downloads\Compressed\sourcemod-1.11.0-git6968-windows\addons\sourcemod\scripting\ÒankrunFixhealth.sp::Timer_PeriodicCheck
L 12/29/2025 - 20:07:46: [SM] Exception reported: Invalid convar handle 0 (error 4)
L 12/29/2025 - 20:07:46: [SM] Blaming: ÒankrunFixhealth.smx
L 12/29/2025 - 20:07:46: [SM] Call stack trace:
L 12/29/2025 - 20:07:46: [SM]   [0] GetConVarString
L 12/29/2025 - 20:07:46: [SM]   [1] Line 138, C:\Users\Moises\Downloads\Compressed\sourcemod-1.11.0-git6968-windows\addons\sourcemod\scripting\ÒankrunFixhealth.sp::IsTankRunActive
L 12/29/2025 - 20:07:46: [SM]   [2] Line 79, C:\Users\Moises\Downloads\Compressed\sourcemod-1.11.0-git6968-windows\addons\sourcemod\scripting\ÒankrunFixhealth.sp::Event_PlayerDeath
L 12/29/2025 - 20:07:46: [SM] Exception reported: Invalid timer handle 5a400432 (error 3)
L 12/29/2025 - 20:07:46: [SM] Blaming: l4d2_playerjoining_v2.smx
L 12/29/2025 - 20:07:46: [SM] Call stack trace:
L 12/29/2025 - 20:07:46: [SM]   [0] KillTimer
L 12/29/2025 - 20:07:46: [SM]   [1] Line 53, C:\Users\Moises\Downloads\Compressed\sourcemod-1.11.0-git6968-windows\addons\sourcemod\scripting\l4d2_playerjoining_v2.sp::OnClientDisconnect
L 12/29/2025 - 20:07:47: [SM] Exception reported: Invalid convar handle 0 (error 4)
L 12/29/2025 - 20:07:47: [SM] Blaming: ÒankrunFixhealth.smx
L 12/29/2025 - 20:07:47: [SM] Call stack trace:
L 12/29/2025 - 20:07:47: [SM]   [0] GetConVarString
L 12/29/2025 - 20:07:47: [SM]   [1] Line 138, C:\Users\Moises\Downloads\Compressed\sourcemod-1.11.0-git6968-windows\addons\sourcemod\scripting\ÒankrunFixhealth.sp::IsTankRunActive
L 12/29/2025 - 20:07:47: [SM]   [2] Line 79, C:\Users\Moises\Downloads\Compressed\sourcemod-1.11.0-git6968-windows\addons\sourcemod\scripting\ÒankrunFixhealth.sp::Event_PlayerDeath
L 12/29/2025 - 20:07:49: [SM] Exception reported: Language phrase "No Any Dead Survivor" not found (arg 6)
L 12/29/2025 - 20:07:49: [SM] Blaming: l4d_sm_respawn.smx
L 12/29/2025 - 20:07:49: [SM] Call stack trace:
L 12/29/2025 - 20:07:49: [SM]   [0] FormatEx
L 12/29/2025 - 20:07:49: [SM]   [1] Line 202, d:\Github\Private-Work\L4D2-Êèí‰ª∂\scripting_1.11\l4d_sm_respawn.sp::MenuClientsToSpawn
L 12/29/2025 - 20:07:49: [SM]   [2] Line 239, d:\Github\Private-Work\L4D2-Êèí‰ª∂\scripting_1.11\l4d_sm_respawn.sp::MenuHandler_MenuList
L 12/29/2025 - 20:07:50: [SM] Exception reported: Invalid timer handle f4c0047d (error 1)
L 12/29/2025 - 20:07:50: [SM] Blaming: l4d2_playerjoining_v2.smx
L 12/29/2025 - 20:07:50: [SM] Call stack trace:
L 12/29/2025 - 20:07:50: [SM]   [0] KillTimer
L 12/29/2025 - 20:07:50: [SM]   [1] Line 53, C:\Users\Moises\Downloads\Compressed\sourcemod-1.11.0-git6968-windows\addons\sourcemod\scripting\l4d2_playerjoining_v2.sp::OnClientDisconnect
L 12/29/2025 - 20:07:53: [SM] Exception reported: Invalid timer handle 4200497 (error 3)
L 12/29/2025 - 20:07:53: [SM] Blaming: l4d2_playerjoining_v2.smx
L 12/29/2025 - 20:07:53: [SM] Call stack trace:
L 12/29/2025 - 20:07:53: [SM]   [0] KillTimer
L 12/29/2025 - 20:07:53: [SM]   [1] Line 53, C:\Users\Moises\Downloads\Compressed\sourcemod-1.11.0-git6968-windows\addons\sourcemod\scripting\l4d2_playerjoining_v2.sp::OnClientDisconnect
L 12/29/2025 - 20:07:54: [SM] Exception reported: Invalid timer handle 133004a2 (error 3)
L 12/29/2025 - 20:07:54: [SM] Blaming: l4d2_playerjoining_v2.smx
L 12/29/2025 - 20:07:54: [SM] Call stack trace:
L 12/29/2025 - 20:07:54: [SM]   [0] KillTimer
L 12/29/2025 - 20:07:54: [SM]   [1] Line 53, C:\Users\Moises\Downloads\Compressed\sourcemod-1.11.0-git6968-windows\addons\sourcemod\scripting\l4d2_playerjoining_v2.sp::OnClientDisconnect
L 12/29/2025 - 20:07:54: [SM] Exception reported: Invalid convar handle 0 (error 4)
L 12/29/2025 - 20:07:54: [SM] Blaming: ÒankrunFixhealth.smx
L 12/29/2025 - 20:07:54: [SM] Call stack trace:
L 12/29/2025 - 20:07:54: [SM]   [0] GetConVarString
L 12/29/2025 - 20:07:54: [SM]   [1] Line 138, C:\Users\Moises\Downloads\Compressed\sourcemod-1.11.0-git6968-windows\addons\sourcemod\scripting\ÒankrunFixhealth.sp::IsTankRunActive
L 12/29/2025 - 20:07:54: [SM]   [2] Line 36, C:\Users\Moises\Downloads\Compressed\sourcemod-1.11.0-git6968-windows\addons\sourcemod\scripting\ÒankrunFixhealth.sp::Timer_PeriodicCheck
L 12/29/2025 - 20:07:55: [SM] Exception reported: Language phrase "Type in chat !join To join the survivors" not found (arg 6)
L 12/29/2025 - 20:07:55: [SM] Blaming: l4dmultislots.smx
L 12/29/2025 - 20:07:55: [SM] Call stack trace:
L 12/29/2025 - 20:07:55: [SM]   [0] VFormat
L 12/29/2025 - 20:07:55: [SM]   [1] Line 71, D:\Github\Private-Work\L4D2-Êèí‰ª∂\scripting_1.11\include\multicolors.inc::CPrintToChat
L 12/29/2025 - 20:07:55: [SM]   [2] Line 938, d:\Github\Private-Work\L4D2-Êèí‰ª∂\scripting_1.11\l4dmultislots.sp::Timer_SpecCheck
L 12/29/2025 - 20:08:04: [SM] Exception reported: Invalid convar handle 0 (error 4)
L 12/29/2025 - 20:08:04: [SM] Blaming: ÒankrunFixhealth.smx
L 12/29/2025 - 20:08:04: [SM] Call stack trace:
L 12/29/2025 - 20:08:04: [SM]   [0] GetConVarString
L 12/29/2025 - 20:08:04: [SM]   [1] Line 138, C:\Users\Moises\Downloads\Compressed\sourcemod-1.11.0-git6968-windows\addons\sourcemod\scripting\ÒankrunFixhealth.sp::IsTankRunActive
L 12/29/2025 - 20:08:04: [SM]   [2] Line 79, C:\Users\Moises\Downloads\Compressed\sourcemod-1.11.0-git6968-windows\addons\sourcemod\scripting\ÒankrunFixhealth.sp::Event_PlayerDeath
L 12/29/2025 - 20:08:04: [SM] Exception reported: Invalid convar handle 0 (error 4)
L 12/29/2025 - 20:08:04: [SM] Blaming: ÒankrunFixhealth.smx
L 12/29/2025 - 20:08:04: [SM] Call stack trace:
L 12/29/2025 - 20:08:04: [SM]   [0] GetConVarString
L 12/29/2025 - 20:08:04: [SM]   [1] Line 138, C:\Users\Moises\Downloads\Compressed\sourcemod-1.11.0-git6968-windows\addons\sourcemod\scripting\ÒankrunFixhealth.sp::IsTankRunActive
L 12/29/2025 - 20:08:04: [SM]   [2] Line 36, C:\Users\Moises\Downloads\Compressed\sourcemod-1.11.0-git6968-windows\addons\sourcemod\scripting\ÒankrunFixhealth.sp::Timer_PeriodicCheck
L 12/29/2025 - 20:08:09: [SM] Exception reported: Invalid convar handle 0 (error 4)
L 12/29/2025 - 20:08:09: [SM] Blaming: ÒankrunFixhealth.smx
L 12/29/2025 - 20:08:09: [SM] Call stack trace:
L 12/29/2025 - 20:08:09: [SM]   [0] GetConVarString
L 12/29/2025 - 20:08:09: [SM]   [1] Line 138, C:\Users\Moises\Downloads\Compressed\sourcemod-1.11.0-git6968-windows\addons\sourcemod\scripting\ÒankrunFixhealth.sp::IsTankRunActive
L 12/29/2025 - 20:08:09: [SM]   [2] Line 79, C:\Users\Moises\Downloads\Compressed\sourcemod-1.11.0-git6968-windows\addons\sourcemod\scripting\ÒankrunFixhealth.sp::Event_PlayerDeath
L 12/29/2025 - 20:08:14: [SM] Exception reported: Invalid convar handle 0 (error 4)
L 12/29/2025 - 20:08:14: [SM] Blaming: ÒankrunFixhealth.smx
L 12/29/2025 - 20:08:14: [SM] Call stack trace:
L 12/29/2025 - 20:08:14: [SM]   [0] GetConVarString
L 12/29/2025 - 20:08:14: [SM]   [1] Line 138, C:\Users\Moises\Downloads\Compressed\sourcemod-1.11.0-git6968-windows\addons\sourcemod\scripting\ÒankrunFixhealth.sp::IsTankRunActive
L 12/29/2025 - 20:08:14: [SM]   [2] Line 36, C:\Users\Moises\Downloads\Compressed\sourcemod-1.11.0-git6968-windows\addons\sourcemod\scripting\ÒankrunFixhealth.sp::Timer_PeriodicCheck
L 12/29/2025 - 20:08:20: [SM] Exception reported: Language phrase "Type in chat !join To join the survivors" not found (arg 6)
L 12/29/2025 - 20:08:20: [SM] Blaming: l4dmultislots.smx
L 12/29/2025 - 20:08:20: [SM] Call stack trace:
L 12/29/2025 - 20:08:20: [SM]   [0] VFormat
L 12/29/2025 - 20:08:20: [SM]   [1] Line 71, D:\Github\Private-Work\L4D2-Êèí‰ª∂\scripting_1.11\include\multicolors.inc::CPrintToChat
L 12/29/2025 - 20:08:20: [SM]   [2] Line 938, d:\Github\Private-Work\L4D2-Êèí‰ª∂\scripting_1.11\l4dmultislots.sp::Timer_SpecCheck
L 12/29/2025 - 20:08:21: [SM] Exception reported: Invalid timer handle f4c0047d (error 1)
L 12/29/2025 - 20:08:21: [SM] Blaming: l4d2_playerjoining_v2.smx
L 12/29/2025 - 20:08:21: [SM] Call stack trace:
L 12/29/2025 - 20:08:21: [SM]   [0] KillTimer
L 12/29/2025 - 20:08:21: [SM]   [1] Line 53, C:\Users\Moises\Downloads\Compressed\sourcemod-1.11.0-git6968-windows\addons\sourcemod\scripting\l4d2_playerjoining_v2.sp::OnClientDisconnect
L 12/29/2025 - 20:08:24: [SM] Exception reported: Invalid convar handle 0 (error 4)
L 12/29/2025 - 20:08:24: [SM] Blaming: ÒankrunFixhealth.smx
L 12/29/2025 - 20:08:24: [SM] Call stack trace:
L 12/29/2025 - 20:08:24: [SM]   [0] GetConVarString
L 12/29/2025 - 20:08:24: [SM]   [1] Line 138, C:\Users\Moises\Downloads\Compressed\sourcemod-1.11.0-git6968-windows\addons\sourcemod\scripting\ÒankrunFixhealth.sp::IsTankRunActive
L 12/29/2025 - 20:08:24: [SM]   [2] Line 36, C:\Users\Moises\Downloads\Compressed\sourcemod-1.11.0-git6968-windows\addons\sourcemod\scripting\ÒankrunFixhealth.sp::Timer_PeriodicCheck
L 12/29/2025 - 20:08:25: [SM] Exception reported: Language phrase "No Any Dead Survivor" not found (arg 6)
L 12/29/2025 - 20:08:25: [SM] Blaming: l4d_sm_respawn.smx
L 12/29/2025 - 20:08:25: [SM] Call stack trace:
L 12/29/2025 - 20:08:25: [SM]   [0] FormatEx
L 12/29/2025 - 20:08:25: [SM]   [1] Line 202, d:\Github\Private-Work\L4D2-Êèí‰ª∂\scripting_1.11\l4d_sm_respawn.sp::MenuClientsToSpawn
L 12/29/2025 - 20:08:25: [SM]   [2] Line 239, d:\Github\Private-Work\L4D2-Êèí‰ª∂\scripting_1.11\l4d_sm_respawn.sp::MenuHandler_MenuList
L 12/29/2025 - 20:08:27: [SM] Exception reported: Invalid timer handle f4c0047d (error 1)
L 12/29/2025 - 20:08:27: [SM] Blaming: l4d2_playerjoining_v2.smx
L 12/29/2025 - 20:08:27: [SM] Call stack trace:
L 12/29/2025 - 20:08:27: [SM]   [0] KillTimer
L 12/29/2025 - 20:08:27: [SM]   [1] Line 53, C:\Users\Moises\Downloads\Compressed\sourcemod-1.11.0-git6968-windows\addons\sourcemod\scripting\l4d2_playerjoining_v2.sp::OnClientDisconnect
L 12/29/2025 - 20:08:33: [SM] Exception reported: Language phrase "No Any Dead Survivor" not found (arg 6)
L 12/29/2025 - 20:08:33: [SM] Blaming: l4d_sm_respawn.smx
L 12/29/2025 - 20:08:33: [SM] Call stack trace:
L 12/29/2025 - 20:08:33: [SM]   [0] FormatEx
L 12/29/2025 - 20:08:33: [SM]   [1] Line 202, d:\Github\Private-Work\L4D2-Êèí‰ª∂\scripting_1.11\l4d_sm_respawn.sp::MenuClientsToSpawn
L 12/29/2025 - 20:08:33: [SM]   [2] Line 170, d:\Github\Private-Work\L4D2-Êèí‰ª∂\scripting_1.11\l4d_sm_respawn.sp::AdminMenuSpawnHandler
L 12/29/2025 - 20:08:33: [SM] Exception reported: Invalid convar handle 0 (error 4)
L 12/29/2025 - 20:08:33: [SM] Blaming: ÒankrunFixhealth.smx
L 12/29/2025 - 20:08:33: [SM] Call stack trace:
L 12/29/2025 - 20:08:33: [SM]   [0] GetConVarString
L 12/29/2025 - 20:08:33: [SM]   [1] Line 138, C:\Users\Moises\Downloads\Compressed\sourcemod-1.11.0-git6968-windows\addons\sourcemod\scripting\ÒankrunFixhealth.sp::IsTankRunActive
L 12/29/2025 - 20:08:33: [SM]   [2] Line 79, C:\Users\Moises\Downloads\Compressed\sourcemod-1.11.0-git6968-windows\addons\sourcemod\scripting\ÒankrunFixhealth.sp::Event_PlayerDeath
L 12/29/2025 - 20:08:34: [SM] Exception reported: Invalid convar handle 0 (error 4)
L 12/29/2025 - 20:08:34: [SM] Blaming: ÒankrunFixhealth.smx
L 12/29/2025 - 20:08:34: [SM] Call stack trace:
L 12/29/2025 - 20:08:34: [SM]   [0] GetConVarString
L 12/29/2025 - 20:08:34: [SM]   [1] Line 138, C:\Users\Moises\Downloads\Compressed\sourcemod-1.11.0-git6968-windows\addons\sourcemod\scripting\ÒankrunFixhealth.sp::IsTankRunActive
L 12/29/2025 - 20:08:34: [SM]   [2] Line 36, C:\Users\Moises\Downloads\Compressed\sourcemod-1.11.0-git6968-windows\addons\sourcemod\scripting\ÒankrunFixhealth.sp::Timer_PeriodicCheck
L 12/29/2025 - 20:08:40: [SM] Exception reported: Language phrase "No Any Dead Survivor" not found (arg 6)
L 12/29/2025 - 20:08:40: [SM] Blaming: l4d_sm_respawn.smx
L 12/29/2025 - 20:08:40: [SM] Call stack trace:
L 12/29/2025 - 20:08:40: [SM]   [0] FormatEx
L 12/29/2025 - 20:08:40: [SM]   [1] Line 202, d:\Github\Private-Work\L4D2-Êèí‰ª∂\scripting_1.11\l4d_sm_respawn.sp::MenuClientsToSpawn
L 12/29/2025 - 20:08:40: [SM]   [2] Line 239, d:\Github\Private-Work\L4D2-Êèí‰ª∂\scripting_1.11\l4d_sm_respawn.sp::MenuHandler_MenuList
L 12/29/2025 - 20:08:41: [SM] Exception reported: Invalid convar handle 0 (error 4)
L 12/29/2025 - 20:08:41: [SM] Blaming: ÒankrunFixhealth.smx
L 12/29/2025 - 20:08:41: [SM] Call stack trace:
L 12/29/2025 - 20:08:41: [SM]   [0] GetConVarString
L 12/29/2025 - 20:08:41: [SM]   [1] Line 138, C:\Users\Moises\Downloads\Compressed\sourcemod-1.11.0-git6968-windows\addons\sourcemod\scripting\ÒankrunFixhealth.sp::IsTankRunActive
L 12/29/2025 - 20:08:41: [SM]   [2] Line 79, C:\Users\Moises\Downloads\Compressed\sourcemod-1.11.0-git6968-windows\addons\sourcemod\scripting\ÒankrunFixhealth.sp::Event_PlayerDeath
L 12/29/2025 - 20:08:44: [SM] Exception reported: Invalid convar handle 0 (error 4)
L 12/29/2025 - 20:08:44: [SM] Blaming: ÒankrunFixhealth.smx
L 12/29/2025 - 20:08:44: [SM] Call stack trace:
L 12/29/2025 - 20:08:44: [SM]   [0] GetConVarString
L 12/29/2025 - 20:08:44: [SM]   [1] Line 138, C:\Users\Moises\Downloads\Compressed\sourcemod-1.11.0-git6968-windows\addons\sourcemod\scripting\ÒankrunFixhealth.sp::IsTankRunActive
L 12/29/2025 - 20:08:44: [SM]   [2] Line 36, C:\Users\Moises\Downloads\Compressed\sourcemod-1.11.0-git6968-windows\addons\sourcemod\scripting\ÒankrunFixhealth.sp::Timer_PeriodicCheck
L 12/29/2025 - 20:08:45: [SM] Exception reported: Language phrase "Type in chat !join To join the survivors" not found (arg 6)
L 12/29/2025 - 20:08:45: [SM] Blaming: l4dmultislots.smx
L 12/29/2025 - 20:08:45: [SM] Call stack trace:
L 12/29/2025 - 20:08:45: [SM]   [0] VFormat
L 12/29/2025 - 20:08:45: [SM]   [1] Line 71, D:\Github\Private-Work\L4D2-Êèí‰ª∂\scripting_1.11\include\multicolors.inc::CPrintToChat
L 12/29/2025 - 20:08:45: [SM]   [2] Line 938, d:\Github\Private-Work\L4D2-Êèí‰ª∂\scripting_1.11\l4dmultislots.sp::Timer_SpecCheck
L 12/29/2025 - 20:08:48: [SM] Exception reported: Language phrase "No Any Dead Survivor" not found (arg 6)
L 12/29/2025 - 20:08:48: [SM] Blaming: l4d_sm_respawn.smx
L 12/29/2025 - 20:08:48: [SM] Call stack trace:
L 12/29/2025 - 20:08:48: [SM]   [0] FormatEx
L 12/29/2025 - 20:08:48: [SM]   [1] Line 202, d:\Github\Private-Work\L4D2-Êèí‰ª∂\scripting_1.11\l4d_sm_respawn.sp::MenuClientsToSpawn
L 12/29/2025 - 20:08:48: [SM]   [2] Line 239, d:\Github\Private-Work\L4D2-Êèí‰ª∂\scripting_1.11\l4d_sm_respawn.sp::MenuHandler_MenuList
L 12/29/2025 - 20:08:54: [SM] Exception reported: Invalid convar handle 0 (error 4)
L 12/29/2025 - 20:08:54: [SM] Blaming: ÒankrunFixhealth.smx
L 12/29/2025 - 20:08:54: [SM] Call stack trace:
L 12/29/2025 - 20:08:54: [SM]   [0] GetConVarString
L 12/29/2025 - 20:08:54: [SM]   [1] Line 138, C:\Users\Moises\Downloads\Compressed\sourcemod-1.11.0-git6968-windows\addons\sourcemod\scripting\ÒankrunFixhealth.sp::IsTankRunActive
L 12/29/2025 - 20:08:54: [SM]   [2] Line 36, C:\Users\Moises\Downloads\Compressed\sourcemod-1.11.0-git6968-windows\addons\sourcemod\scripting\ÒankrunFixhealth.sp::Timer_PeriodicCheck
L 12/29/2025 - 20:09:01: [SM] Exception reported: Language phrase "No Any Dead Survivor" not found (arg 6)
L 12/29/2025 - 20:09:01: [SM] Blaming: l4d_sm_respawn.smx
L 12/29/2025 - 20:09:01: [SM] Call stack trace:
L 12/29/2025 - 20:09:01: [SM]   [0] FormatEx
L 12/29/2025 - 20:09:01: [SM]   [1] Line 202, d:\Github\Private-Work\L4D2-Êèí‰ª∂\scripting_1.11\l4d_sm_respawn.sp::MenuClientsToSpawn
L 12/29/2025 - 20:09:01: [SM]   [2] Line 170, d:\Github\Private-Work\L4D2-Êèí‰ª∂\scripting_1.11\l4d_sm_respawn.sp::AdminMenuSpawnHandler
L 12/29/2025 - 20:09:02: [SM] Exception reported: Language phrase "No Any Dead Survivor" not found (arg 6)
L 12/29/2025 - 20:09:02: [SM] Blaming: l4d_sm_respawn.smx
L 12/29/2025 - 20:09:02: [SM] Call stack trace:
L 12/29/2025 - 20:09:02: [SM]   [0] FormatEx
L 12/29/2025 - 20:09:02: [SM]   [1] Line 202, d:\Github\Private-Work\L4D2-Êèí‰ª∂\scripting_1.11\l4d_sm_respawn.sp::MenuClientsToSpawn
L 12/29/2025 - 20:09:02: [SM]   [2] Line 170, d:\Github\Private-Work\L4D2-Êèí‰ª∂\scripting_1.11\l4d_sm_respawn.sp::AdminMenuSpawnHandler
L 12/29/2025 - 20:09:04: [SM] Exception reported: Invalid convar handle 0 (error 4)
L 12/29/2025 - 20:09:04: [SM] Blaming: ÒankrunFixhealth.smx
L 12/29/2025 - 20:09:04: [SM] Call stack trace:
L 12/29/2025 - 20:09:04: [SM]   [0] GetConVarString
L 12/29/2025 - 20:09:04: [SM]   [1] Line 138, C:\Users\Moises\Downloads\Compressed\sourcemod-1.11.0-git6968-windows\addons\sourcemod\scripting\ÒankrunFixhealth.sp::IsTankRunActive
L 12/29/2025 - 20:09:04: [SM]   [2] Line 36, C:\Users\Moises\Downloads\Compressed\sourcemod-1.11.0-git6968-windows\addons\sourcemod\scripting\ÒankrunFixhealth.sp::Timer_PeriodicCheck
L 12/29/2025 - 20:09:10: [SM] Exception reported: Language phrase "Type in chat !join To join the survivors" not found (arg 6)
L 12/29/2025 - 20:09:10: [SM] Blaming: l4dmultislots.smx
L 12/29/2025 - 20:09:10: [SM] Call stack trace:
L 12/29/2025 - 20:09:10: [SM]   [0] VFormat
L 12/29/2025 - 20:09:10: [SM]   [1] Line 71, D:\Github\Private-Work\L4D2-Êèí‰ª∂\scripting_1.11\include\multicolors.inc::CPrintToChat
L 12/29/2025 - 20:09:10: [SM]   [2] Line 938, d:\Github\Private-Work\L4D2-Êèí‰ª∂\scripting_1.11\l4dmultislots.sp::Timer_SpecCheck
L 12/29/2025 - 20:09:14: [SM] Exception reported: Invalid convar handle 0 (error 4)
L 12/29/2025 - 20:09:14: [SM] Blaming: ÒankrunFixhealth.smx
L 12/29/2025 - 20:09:14: [SM] Call stack trace:
L 12/29/2025 - 20:09:14: [SM]   [0] GetConVarString
L 12/29/2025 - 20:09:14: [SM]   [1] Line 138, C:\Users\Moises\Downloads\Compressed\sourcemod-1.11.0-git6968-windows\addons\sourcemod\scripting\ÒankrunFixhealth.sp::IsTankRunActive
L 12/29/2025 - 20:09:14: [SM]   [2] Line 36, C:\Users\Moises\Downloads\Compressed\sourcemod-1.11.0-git6968-windows\addons\sourcemod\scripting\ÒankrunFixhealth.sp::Timer_PeriodicCheck
L 12/29/2025 - 20:09:17: [SM] Exception reported: Invalid convar handle 0 (error 4)
L 12/29/2025 - 20:09:17: [SM] Blaming: ÒankrunFixhealth.smx
L 12/29/2025 - 20:09:17: [SM] Call stack trace:
L 12/29/2025 - 20:09:17: [SM]   [0] GetConVarString
L 12/29/2025 - 20:09:17: [SM]   [1] Line 138, C:\Users\Moises\Downloads\Compressed\sourcemod-1.11.0-git6968-windows\addons\sourcemod\scripting\ÒankrunFixhealth.sp::IsTankRunActive
L 12/29/2025 - 20:09:17: [SM]   [2] Line 79, C:\Users\Moises\Downloads\Compressed\sourcemod-1.11.0-git6968-windows\addons\sourcemod\scripting\ÒankrunFixhealth.sp::Event_PlayerDeath
L 12/29/2025 - 20:09:24: [SM] Exception reported: Invalid convar handle 0 (error 4)
L 12/29/2025 - 20:09:24: [SM] Blaming: ÒankrunFixhealth.smx
L 12/29/2025 - 20:09:24: [SM] Call stack trace:
L 12/29/2025 - 20:09:24: [SM]   [0] GetConVarString
L 12/29/2025 - 20:09:24: [SM]   [1] Line 138, C:\Users\Moises\Downloads\Compressed\sourcemod-1.11.0-git6968-windows\addons\sourcemod\scripting\ÒankrunFixhealth.sp::IsTankRunActive
L 12/29/2025 - 20:09:24: [SM]   [2] Line 79, C:\Users\Moises\Downloads\Compressed\sourcemod-1.11.0-git6968-windows\addons\sourcemod\scripting\ÒankrunFixhealth.sp::Event_PlayerDeath
L 12/29/2025 - 20:09:24: [SM] Exception reported: Invalid timer handle 32d004d6 (error 1)
L 12/29/2025 - 20:09:24: [SM] Blaming: l4d2_playerjoining_v2.smx
L 12/29/2025 - 20:09:24: [SM] Call stack trace:
L 12/29/2025 - 20:09:24: [SM]   [0] KillTimer
L 12/29/2025 - 20:09:24: [SM]   [1] Line 53, C:\Users\Moises\Downloads\Compressed\sourcemod-1.11.0-git6968-windows\addons\sourcemod\scripting\l4d2_playerjoining_v2.sp::OnClientDisconnect
L 12/29/2025 - 20:09:24: [SM] Exception reported: Invalid convar handle 0 (error 4)
L 12/29/2025 - 20:09:24: [SM] Blaming: ÒankrunFixhealth.smx
L 12/29/2025 - 20:09:24: [SM] Call stack trace:
L 12/29/2025 - 20:09:24: [SM]   [0] GetConVarString
L 12/29/2025 - 20:09:24: [SM]   [1] Line 138, C:\Users\Moises\Downloads\Compressed\sourcemod-1.11.0-git6968-windows\addons\sourcemod\scripting\ÒankrunFixhealth.sp::IsTankRunActive
L 12/29/2025 - 20:09:24: [SM]   [2] Line 36, C:\Users\Moises\Downloads\Compressed\sourcemod-1.11.0-git6968-windows\addons\sourcemod\scripting\ÒankrunFixhealth.sp::Timer_PeriodicCheck
L 12/29/2025 - 20:09:33: [SM] Exception reported: Language phrase "No Any Dead Survivor" not found (arg 6)
L 12/29/2025 - 20:09:33: [SM] Blaming: l4d_sm_respawn.smx
L 12/29/2025 - 20:09:33: [SM] Call stack trace:
L 12/29/2025 - 20:09:33: [SM]   [0] FormatEx
L 12/29/2025 - 20:09:33: [SM]   [1] Line 202, d:\Github\Private-Work\L4D2-Êèí‰ª∂\scripting_1.11\l4d_sm_respawn.sp::MenuClientsToSpawn
L 12/29/2025 - 20:09:33: [SM]   [2] Line 239, d:\Github\Private-Work\L4D2-Êèí‰ª∂\scripting_1.11\l4d_sm_respawn.sp::MenuHandler_MenuList
L 12/29/2025 - 20:09:34: [SM] Exception reported: Invalid convar handle 0 (error 4)
L 12/29/2025 - 20:09:34: [SM] Blaming: ÒankrunFixhealth.smx
L 12/29/2025 - 20:09:34: [SM] Call stack trace:
L 12/29/2025 - 20:09:34: [SM]   [0] GetConVarString
L 12/29/2025 - 20:09:34: [SM]   [1] Line 138, C:\Users\Moises\Downloads\Compressed\sourcemod-1.11.0-git6968-windows\addons\sourcemod\scripting\ÒankrunFixhealth.sp::IsTankRunActive
L 12/29/2025 - 20:09:34: [SM]   [2] Line 36, C:\Users\Moises\Downloads\Compressed\sourcemod-1.11.0-git6968-windows\addons\sourcemod\scripting\ÒankrunFixhealth.sp::Timer_PeriodicCheck
L 12/29/2025 - 20:09:35: [SM] Exception reported: Language phrase "Type in chat !join To join the survivors" not found (arg 6)
L 12/29/2025 - 20:09:35: [SM] Blaming: l4dmultislots.smx
L 12/29/2025 - 20:09:35: [SM] Call stack trace:
L 12/29/2025 - 20:09:35: [SM]   [0] VFormat
L 12/29/2025 - 20:09:35: [SM]   [1] Line 71, D:\Github\Private-Work\L4D2-Êèí‰ª∂\scripting_1.11\include\multicolors.inc::CPrintToChat
L 12/29/2025 - 20:09:35: [SM]   [2] Line 938, d:\Github\Private-Work\L4D2-Êèí‰ª∂\scripting_1.11\l4dmultislots.sp::Timer_SpecCheck
L 12/29/2025 - 20:09:44: [SM] Exception reported: Invalid convar handle 0 (error 4)
L 12/29/2025 - 20:09:44: [SM] Blaming: ÒankrunFixhealth.smx
L 12/29/2025 - 20:09:44: [SM] Call stack trace:
L 12/29/2025 - 20:09:44: [SM]   [0] GetConVarString
L 12/29/2025 - 20:09:44: [SM]   [1] Line 138, C:\Users\Moises\Downloads\Compressed\sourcemod-1.11.0-git6968-windows\addons\sourcemod\scripting\ÒankrunFixhealth.sp::IsTankRunActive
L 12/29/2025 - 20:09:44: [SM]   [2] Line 36, C:\Users\Moises\Downloads\Compressed\sourcemod-1.11.0-git6968-windows\addons\sourcemod\scripting\ÒankrunFixhealth.sp::Timer_PeriodicCheck
L 12/29/2025 - 20:09:44: [SM] Exception reported: Invalid convar handle 0 (error 4)
L 12/29/2025 - 20:09:44: [SM] Blaming: ÒankrunFixhealth.smx
L 12/29/2025 - 20:09:44: [SM] Call stack trace:
L 12/29/2025 - 20:09:44: [SM]   [0] GetConVarString
L 12/29/2025 - 20:09:44: [SM]   [1] Line 138, C:\Users\Moises\Downloads\Compressed\sourcemod-1.11.0-git6968-windows\addons\sourcemod\scripting\ÒankrunFixhealth.sp::IsTankRunActive
L 12/29/2025 - 20:09:44: [SM]   [2] Line 79, C:\Users\Moises\Downloads\Compressed\sourcemod-1.11.0-git6968-windows\addons\sourcemod\scripting\ÒankrunFixhealth.sp::Event_PlayerDeath
L 12/29/2025 - 20:09:52: [SM] Exception reported: Invalid timer handle 83004c8 (error 1)
L 12/29/2025 - 20:09:52: [SM] Blaming: l4d2_playerjoining_v2.smx
L 12/29/2025 - 20:09:52: [SM] Call stack trace:
L 12/29/2025 - 20:09:52: [SM]   [0] KillTimer
L 12/29/2025 - 20:09:52: [SM]   [1] Line 53, C:\Users\Moises\Downloads\Compressed\sourcemod-1.11.0-git6968-windows\addons\sourcemod\scripting\l4d2_playerjoining_v2.sp::OnClientDisconnect
L 12/29/2025 - 20:09:54: [SM] Exception reported: Invalid convar handle 0 (error 4)
L 12/29/2025 - 20:09:54: [SM] Blaming: ÒankrunFixhealth.smx
L 12/29/2025 - 20:09:54: [SM] Call stack trace:
L 12/29/2025 - 20:09:54: [SM]   [0] GetConVarString
L 12/29/2025 - 20:09:54: [SM]   [1] Line 138, C:\Users\Moises\Downloads\Compressed\sourcemod-1.11.0-git6968-windows\addons\sourcemod\scripting\ÒankrunFixhealth.sp::IsTankRunActive
L 12/29/2025 - 20:09:54: [SM]   [2] Line 36, C:\Users\Moises\Downloads\Compressed\sourcemod-1.11.0-git6968-windows\addons\sourcemod\scripting\ÒankrunFixhealth.sp::Timer_PeriodicCheck
L 12/29/2025 - 20:09:57: [SM] Exception reported: Invalid convar handle 0 (error 4)
L 12/29/2025 - 20:09:57: [SM] Blaming: ÒankrunFixhealth.smx
L 12/29/2025 - 20:09:57: [SM] Call stack trace:
L 12/29/2025 - 20:09:57: [SM]   [0] GetConVarString
L 12/29/2025 - 20:09:57: [SM]   [1] Line 138, C:\Users\Moises\Downloads\Compressed\sourcemod-1.11.0-git6968-windows\addons\sourcemod\scripting\ÒankrunFixhealth.sp::IsTankRunActive
L 12/29/2025 - 20:09:57: [SM]   [2] Line 79, C:\Users\Moises\Downloads\Compressed\sourcemod-1.11.0-git6968-windows\addons\sourcemod\scripting\ÒankrunFixhealth.sp::Event_PlayerDeath
L 12/29/2025 - 20:10:00: [SM] Exception reported: Language phrase "Type in chat !join To join the survivors" not found (arg 6)
L 12/29/2025 - 20:10:00: [SM] Blaming: l4dmultislots.smx
L 12/29/2025 - 20:10:00: [SM] Call stack trace:
L 12/29/2025 - 20:10:00: [SM]   [0] VFormat
L 12/29/2025 - 20:10:00: [SM]   [1] Line 71, D:\Github\Private-Work\L4D2-Êèí‰ª∂\scripting_1.11\include\multicolors.inc::CPrintToChat
L 12/29/2025 - 20:10:00: [SM]   [2] Line 938, d:\Github\Private-Work\L4D2-Êèí‰ª∂\scripting_1.11\l4dmultislots.sp::Timer_SpecCheck
L 12/29/2025 - 20:10:04: [SM] Exception reported: Invalid timer handle 133004a2 (error 3)
L 12/29/2025 - 20:10:04: [SM] Blaming: l4d2_playerjoining_v2.smx
L 12/29/2025 - 20:10:04: [SM] Call stack trace:
L 12/29/2025 - 20:10:04: [SM]   [0] KillTimer
L 12/29/2025 - 20:10:04: [SM]   [1] Line 53, C:\Users\Moises\Downloads\Compressed\sourcemod-1.11.0-git6968-windows\addons\sourcemod\scripting\l4d2_playerjoining_v2.sp::OnClientDisconnect
L 12/29/2025 - 20:10:04: [SM] Exception reported: Invalid convar handle 0 (error 4)
L 12/29/2025 - 20:10:04: [SM] Blaming: ÒankrunFixhealth.smx
L 12/29/2025 - 20:10:04: [SM] Call stack trace:
L 12/29/2025 - 20:10:04: [SM]   [0] GetConVarString
L 12/29/2025 - 20:10:04: [SM]   [1] Line 138, C:\Users\Moises\Downloads\Compressed\sourcemod-1.11.0-git6968-windows\addons\sourcemod\scripting\ÒankrunFixhealth.sp::IsTankRunActive
L 12/29/2025 - 20:10:04: [SM]   [2] Line 36, C:\Users\Moises\Downloads\Compressed\sourcemod-1.11.0-git6968-windows\addons\sourcemod\scripting\ÒankrunFixhealth.sp::Timer_PeriodicCheck
L 12/29/2025 - 20:10:06: [SM] Exception reported: Language phrase "No Any Dead Survivor" not found (arg 6)
L 12/29/2025 - 20:10:06: [SM] Blaming: l4d_sm_respawn.smx
L 12/29/2025 - 20:10:06: [SM] Call stack trace:
L 12/29/2025 - 20:10:06: [SM]   [0] FormatEx
L 12/29/2025 - 20:10:06: [SM]   [1] Line 202, d:\Github\Private-Work\L4D2-Êèí‰ª∂\scripting_1.11\l4d_sm_respawn.sp::MenuClientsToSpawn
L 12/29/2025 - 20:10:06: [SM]   [2] Line 170, d:\Github\Private-Work\L4D2-Êèí‰ª∂\scripting_1.11\l4d_sm_respawn.sp::AdminMenuSpawnHandler
L 12/29/2025 - 20:10:14: [SM] Exception reported: Invalid convar handle 0 (error 4)
L 12/29/2025 - 20:10:14: [SM] Blaming: ÒankrunFixhealth.smx
L 12/29/2025 - 20:10:14: [SM] Call stack trace:
L 12/29/2025 - 20:10:14: [SM]   [0] GetConVarString
L 12/29/2025 - 20:10:14: [SM]   [1] Line 138, C:\Users\Moises\Downloads\Compressed\sourcemod-1.11.0-git6968-windows\addons\sourcemod\scripting\ÒankrunFixhealth.sp::IsTankRunActive
L 12/29/2025 - 20:10:14: [SM]   [2] Line 36, C:\Users\Moises\Downloads\Compressed\sourcemod-1.11.0-git6968-windows\addons\sourcemod\scripting\ÒankrunFixhealth.sp::Timer_PeriodicCheck
L 12/29/2025 - 20:10:16: [SM] Exception reported: Invalid convar handle 0 (error 4)
L 12/29/2025 - 20:10:16: [SM] Blaming: ÒankrunFixhealth.smx
L 12/29/2025 - 20:10:16: [SM] Call stack trace:
L 12/29/2025 - 20:10:16: [SM]   [0] GetConVarString
L 12/29/2025 - 20:10:16: [SM]   [1] Line 138, C:\Users\Moises\Downloads\Compressed\sourcemod-1.11.0-git6968-windows\addons\sourcemod\scripting\ÒankrunFixhealth.sp::IsTankRunActive
L 12/29/2025 - 20:10:16: [SM]   [2] Line 79, C:\Users\Moises\Downloads\Compressed\sourcemod-1.11.0-git6968-windows\addons\sourcemod\scripting\ÒankrunFixhealth.sp::Event_PlayerDeath
L 12/29/2025 - 20:10:23: [SM] Exception reported: Invalid timer handle 4200497 (error 3)
L 12/29/2025 - 20:10:23: [SM] Blaming: l4d2_playerjoining_v2.smx
L 12/29/2025 - 20:10:23: [SM] Call stack trace:
L 12/29/2025 - 20:10:23: [SM]   [0] KillTimer
L 12/29/2025 - 20:10:23: [SM]   [1] Line 53, C:\Users\Moises\Downloads\Compressed\sourcemod-1.11.0-git6968-windows\addons\sourcemod\scripting\l4d2_playerjoining_v2.sp::OnClientDisconnect
L 12/29/2025 - 20:10:24: [SM] Exception reported: Invalid convar handle 0 (error 4)
L 12/29/2025 - 20:10:24: [SM] Blaming: ÒankrunFixhealth.smx
L 12/29/2025 - 20:10:24: [SM] Call stack trace:
L 12/29/2025 - 20:10:24: [SM]   [0] GetConVarString
L 12/29/2025 - 20:10:24: [SM]   [1] Line 138, C:\Users\Moises\Downloads\Compressed\sourcemod-1.11.0-git6968-windows\addons\sourcemod\scripting\ÒankrunFixhealth.sp::IsTankRunActive
L 12/29/2025 - 20:10:24: [SM]   [2] Line 36, C:\Users\Moises\Downloads\Compressed\sourcemod-1.11.0-git6968-windows\addons\sourcemod\scripting\ÒankrunFixhealth.sp::Timer_PeriodicCheck
L 12/29/2025 - 20:10:25: [SM] Exception reported: Language phrase "Type in chat !join To join the survivors" not found (arg 6)
L 12/29/2025 - 20:10:25: [SM] Blaming: l4dmultislots.smx
L 12/29/2025 - 20:10:25: [SM] Call stack trace:
L 12/29/2025 - 20:10:25: [SM]   [0] VFormat
L 12/29/2025 - 20:10:25: [SM]   [1] Line 71, D:\Github\Private-Work\L4D2-Êèí‰ª∂\scripting_1.11\include\multicolors.inc::CPrintToChat
L 12/29/2025 - 20:10:25: [SM]   [2] Line 938, d:\Github\Private-Work\L4D2-Êèí‰ª∂\scripting_1.11\l4dmultislots.sp::Timer_SpecCheck
L 12/29/2025 - 20:10:25: [SM] Exception reported: Language phrase "No Any Dead Survivor" not found (arg 6)
L 12/29/2025 - 20:10:25: [SM] Blaming: l4d_sm_respawn.smx
L 12/29/2025 - 20:10:25: [SM] Call stack trace:
L 12/29/2025 - 20:10:25: [SM]   [0] FormatEx
L 12/29/2025 - 20:10:25: [SM]   [1] Line 202, d:\Github\Private-Work\L4D2-Êèí‰ª∂\scripting_1.11\l4d_sm_respawn.sp::MenuClientsToSpawn
L 12/29/2025 - 20:10:25: [SM]   [2] Line 170, d:\Github\Private-Work\L4D2-Êèí‰ª∂\scripting_1.11\l4d_sm_respawn.sp::AdminMenuSpawnHandler
L 12/29/2025 - 20:10:34: [SM] Exception reported: Invalid convar handle 0 (error 4)
L 12/29/2025 - 20:10:34: [SM] Blaming: ÒankrunFixhealth.smx
L 12/29/2025 - 20:10:34: [SM] Call stack trace:
L 12/29/2025 - 20:10:34: [SM]   [0] GetConVarString
L 12/29/2025 - 20:10:34: [SM]   [1] Line 138, C:\Users\Moises\Downloads\Compressed\sourcemod-1.11.0-git6968-windows\addons\sourcemod\scripting\ÒankrunFixhealth.sp::IsTankRunActive
L 12/29/2025 - 20:10:34: [SM]   [2] Line 36, C:\Users\Moises\Downloads\Compressed\sourcemod-1.11.0-git6968-windows\addons\sourcemod\scripting\ÒankrunFixhealth.sp::Timer_PeriodicCheck
L 12/29/2025 - 20:10:39: [SM] Exception reported: Invalid convar handle 0 (error 4)
L 12/29/2025 - 20:10:39: [SM] Blaming: ÒankrunFixhealth.smx
L 12/29/2025 - 20:10:39: [SM] Call stack trace:
L 12/29/2025 - 20:10:39: [SM]   [0] GetConVarString
L 12/29/2025 - 20:10:39: [SM]   [1] Line 138, C:\Users\Moises\Downloads\Compressed\sourcemod-1.11.0-git6968-windows\addons\sourcemod\scripting\ÒankrunFixhealth.sp::IsTankRunActive
L 12/29/2025 - 20:10:39: [SM]   [2] Line 79, C:\Users\Moises\Downloads\Compressed\sourcemod-1.11.0-git6968-windows\addons\sourcemod\scripting\ÒankrunFixhealth.sp::Event_PlayerDeath
L 12/29/2025 - 20:10:42: [SM] Exception reported: Language phrase "No Any Dead Survivor" not found (arg 6)
L 12/29/2025 - 20:10:42: [SM] Blaming: l4d_sm_respawn.smx
L 12/29/2025 - 20:10:42: [SM] Call stack trace:
L 12/29/2025 - 20:10:42: [SM]   [0] FormatEx
L 12/29/2025 - 20:10:42: [SM]   [1] Line 202, d:\Github\Private-Work\L4D2-Êèí‰ª∂\scripting_1.11\l4d_sm_respawn.sp::MenuClientsToSpawn
L 12/29/2025 - 20:10:42: [SM]   [2] Line 170, d:\Github\Private-Work\L4D2-Êèí‰ª∂\scripting_1.11\l4d_sm_respawn.sp::AdminMenuSpawnHandler
L 12/29/2025 - 20:10:44: [SM] Exception reported: Invalid convar handle 0 (error 4)
L 12/29/2025 - 20:10:44: [SM] Blaming: ÒankrunFixhealth.smx
L 12/29/2025 - 20:10:44: [SM] Call stack trace:
L 12/29/2025 - 20:10:44: [SM]   [0] GetConVarString
L 12/29/2025 - 20:10:44: [SM]   [1] Line 138, C:\Users\Moises\Downloads\Compressed\sourcemod-1.11.0-git6968-windows\addons\sourcemod\scripting\ÒankrunFixhealth.sp::IsTankRunActive
L 12/29/2025 - 20:10:44: [SM]   [2] Line 36, C:\Users\Moises\Downloads\Compressed\sourcemod-1.11.0-git6968-windows\addons\sourcemod\scripting\ÒankrunFixhealth.sp::Timer_PeriodicCheck
L 12/29/2025 - 20:10:50: [SM] Exception reported: Language phrase "Type in chat !join To join the survivors" not found (arg 6)
L 12/29/2025 - 20:10:50: [SM] Blaming: l4dmultislots.smx
L 12/29/2025 - 20:10:50: [SM] Call stack trace:
L 12/29/2025 - 20:10:50: [SM]   [0] VFormat
L 12/29/2025 - 20:10:50: [SM]   [1] Line 71, D:\Github\Private-Work\L4D2-Êèí‰ª∂\scripting_1.11\include\multicolors.inc::CPrintToChat
L 12/29/2025 - 20:10:50: [SM]   [2] Line 938, d:\Github\Private-Work\L4D2-Êèí‰ª∂\scripting_1.11\l4dmultislots.sp::Timer_SpecCheck
L 12/29/2025 - 20:10:54: [SM] Exception reported: Invalid convar handle 0 (error 4)
L 12/29/2025 - 20:10:54: [SM] Blaming: ÒankrunFixhealth.smx
L 12/29/2025 - 20:10:54: [SM] Call stack trace:
L 12/29/2025 - 20:10:54: [SM]   [0] GetConVarString
L 12/29/2025 - 20:10:54: [SM]   [1] Line 138, C:\Users\Moises\Downloads\Compressed\sourcemod-1.11.0-git6968-windows\addons\sourcemod\scripting\ÒankrunFixhealth.sp::IsTankRunActive
L 12/29/2025 - 20:10:54: [SM]   [2] Line 36, C:\Users\Moises\Downloads\Compressed\sourcemod-1.11.0-git6968-windows\addons\sourcemod\scripting\ÒankrunFixhealth.sp::Timer_PeriodicCheck
L 12/29/2025 - 20:10:59: [SM] Exception reported: Language phrase "No Any Dead Survivor" not found (arg 6)
L 12/29/2025 - 20:10:59: [SM] Blaming: l4d_sm_respawn.smx
L 12/29/2025 - 20:10:59: [SM] Call stack trace:
L 12/29/2025 - 20:10:59: [SM]   [0] FormatEx
L 12/29/2025 - 20:10:59: [SM]   [1] Line 202, d:\Github\Private-Work\L4D2-Êèí‰ª∂\scripting_1.11\l4d_sm_respawn.sp::MenuClientsToSpawn
L 12/29/2025 - 20:10:59: [SM]   [2] Line 170, d:\Github\Private-Work\L4D2-Êèí‰ª∂\scripting_1.11\l4d_sm_respawn.sp::AdminMenuSpawnHandler
L 12/29/2025 - 20:11:04: [SM] Exception reported: Invalid convar handle 0 (error 4)
L 12/29/2025 - 20:11:04: [SM] Blaming: ÒankrunFixhealth.smx
L 12/29/2025 - 20:11:04: [SM] Call stack trace:
L 12/29/2025 - 20:11:04: [SM]   [0] GetConVarString
L 12/29/2025 - 20:11:04: [SM]   [1] Line 138, C:\Users\Moises\Downloads\Compressed\sourcemod-1.11.0-git6968-windows\addons\sourcemod\scripting\ÒankrunFixhealth.sp::IsTankRunActive
L 12/29/2025 - 20:11:04: [SM]   [2] Line 36, C:\Users\Moises\Downloads\Compressed\sourcemod-1.11.0-git6968-windows\addons\sourcemod\scripting\ÒankrunFixhealth.sp::Timer_PeriodicCheck
L 12/29/2025 - 20:11:14: [SM] Exception reported: Invalid convar handle 0 (error 4)
L 12/29/2025 - 20:11:14: [SM] Blaming: ÒankrunFixhealth.smx
L 12/29/2025 - 20:11:14: [SM] Call stack trace:
L 12/29/2025 - 20:11:14: [SM]   [0] GetConVarString
L 12/29/2025 - 20:11:14: [SM]   [1] Line 138, C:\Users\Moises\Downloads\Compressed\sourcemod-1.11.0-git6968-windows\addons\sourcemod\scripting\ÒankrunFixhealth.sp::IsTankRunActive
L 12/29/2025 - 20:11:14: [SM]   [2] Line 36, C:\Users\Moises\Downloads\Compressed\sourcemod-1.11.0-git6968-windows\addons\sourcemod\scripting\ÒankrunFixhealth.sp::Timer_PeriodicCheck
L 12/29/2025 - 20:11:15: [SM] Exception reported: Language phrase "Type in chat !join To join the survivors" not found (arg 6)
L 12/29/2025 - 20:11:15: [SM] Blaming: l4dmultislots.smx
L 12/29/2025 - 20:11:15: [SM] Call stack trace:
L 12/29/2025 - 20:11:15: [SM]   [0] VFormat
L 12/29/2025 - 20:11:15: [SM]   [1] Line 71, D:\Github\Private-Work\L4D2-Êèí‰ª∂\scripting_1.11\include\multicolors.inc::CPrintToChat
L 12/29/2025 - 20:11:15: [SM]   [2] Line 938, d:\Github\Private-Work\L4D2-Êèí‰ª∂\scripting_1.11\l4dmultislots.sp::Timer_SpecCheck
L 12/29/2025 - 20:11:15: [SM] Exception reported: Invalid convar handle 0 (error 4)
L 12/29/2025 - 20:11:15: [SM] Blaming: ÒankrunFixhealth.smx
L 12/29/2025 - 20:11:15: [SM] Call stack trace:
L 12/29/2025 - 20:11:15: [SM]   [0] GetConVarString
L 12/29/2025 - 20:11:15: [SM]   [1] Line 138, C:\Users\Moises\Downloads\Compressed\sourcemod-1.11.0-git6968-windows\addons\sourcemod\scripting\ÒankrunFixhealth.sp::IsTankRunActive
L 12/29/2025 - 20:11:15: [SM]   [2] Line 79, C:\Users\Moises\Downloads\Compressed\sourcemod-1.11.0-git6968-windows\addons\sourcemod\scripting\ÒankrunFixhealth.sp::Event_PlayerDeath
L 12/29/2025 - 20:11:22: [SM] Exception reported: Language phrase "No Any Dead Survivor" not found (arg 6)
L 12/29/2025 - 20:11:22: [SM] Blaming: l4d_sm_respawn.smx
L 12/29/2025 - 20:11:22: [SM] Call stack trace:
L 12/29/2025 - 20:11:22: [SM]   [0] FormatEx
L 12/29/2025 - 20:11:22: [SM]   [1] Line 202, d:\Github\Private-Work\L4D2-Êèí‰ª∂\scripting_1.11\l4d_sm_respawn.sp::MenuClientsToSpawn
L 12/29/2025 - 20:11:22: [SM]   [2] Line 239, d:\Github\Private-Work\L4D2-Êèí‰ª∂\scripting_1.11\l4d_sm_respawn.sp::MenuHandler_MenuList
L 12/29/2025 - 20:11:24: [SM] Exception reported: Invalid Handle 0 (error 4)
L 12/29/2025 - 20:11:24: [SM] Blaming: l4dafkfix.smx
L 12/29/2025 - 20:11:24: [SM] Call stack trace:
L 12/29/2025 - 20:11:24: [SM]   [0] SDKCall
L 12/29/2025 - 20:11:24: [SM]   [1] Line 235, /home/forums/content/files/4/8/2/4/5/73422.attach::TakeOverBot
L 12/29/2025 - 20:11:24: [SM]   [2] Line 148, /home/forums/content/files/4/8/2/4/5/73422.attach::Event_PlayerDeath
L 12/29/2025 - 20:11:24: [SM] Exception reported: Invalid convar handle 0 (error 4)
L 12/29/2025 - 20:11:24: [SM] Blaming: ÒankrunFixhealth.smx
L 12/29/2025 - 20:11:24: [SM] Call stack trace:
L 12/29/2025 - 20:11:24: [SM]   [0] GetConVarString
L 12/29/2025 - 20:11:24: [SM]   [1] Line 138, C:\Users\Moises\Downloads\Compressed\sourcemod-1.11.0-git6968-windows\addons\sourcemod\scripting\ÒankrunFixhealth.sp::IsTankRunActive
L 12/29/2025 - 20:11:24: [SM]   [2] Line 79, C:\Users\Moises\Downloads\Compressed\sourcemod-1.11.0-git6968-windows\addons\sourcemod\scripting\ÒankrunFixhealth.sp::Event_PlayerDeath
L 12/29/2025 - 20:11:24: [SM] Exception reported: Invalid timer handle 83004c8 (error 1)
L 12/29/2025 - 20:11:24: [SM] Blaming: l4d2_playerjoining_v2.smx
L 12/29/2025 - 20:11:24: [SM] Call stack trace:
L 12/29/2025 - 20:11:24: [SM]   [0] KillTimer
L 12/29/2025 - 20:11:24: [SM]   [1] Line 53, C:\Users\Moises\Downloads\Compressed\sourcemod-1.11.0-git6968-windows\addons\sourcemod\scripting\l4d2_playerjoining_v2.sp::OnClientDisconnect
L 12/29/2025 - 20:11:24: [SM] Exception reported: Invalid convar handle 0 (error 4)
L 12/29/2025 - 20:11:24: [SM] Blaming: ÒankrunFixhealth.smx
L 12/29/2025 - 20:11:24: [SM] Call stack trace:
L 12/29/2025 - 20:11:24: [SM]   [0] GetConVarString
L 12/29/2025 - 20:11:24: [SM]   [1] Line 138, C:\Users\Moises\Downloads\Compressed\sourcemod-1.11.0-git6968-windows\addons\sourcemod\scripting\ÒankrunFixhealth.sp::IsTankRunActive
L 12/29/2025 - 20:11:24: [SM]   [2] Line 36, C:\Users\Moises\Downloads\Compressed\sourcemod-1.11.0-git6968-windows\addons\sourcemod\scripting\ÒankrunFixhealth.sp::Timer_PeriodicCheck
L 12/29/2025 - 20:11:34: [SM] Exception reported: Invalid convar handle 0 (error 4)
L 12/29/2025 - 20:11:34: [SM] Blaming: ÒankrunFixhealth.smx
L 12/29/2025 - 20:11:34: [SM] Call stack trace:
L 12/29/2025 - 20:11:34: [SM]   [0] GetConVarString
L 12/29/2025 - 20:11:34: [SM]   [1] Line 138, C:\Users\Moises\Downloads\Compressed\sourcemod-1.11.0-git6968-windows\addons\sourcemod\scripting\ÒankrunFixhealth.sp::IsTankRunActive
L 12/29/2025 - 20:11:34: [SM]   [2] Line 36, C:\Users\Moises\Downloads\Compressed\sourcemod-1.11.0-git6968-windows\addons\sourcemod\scripting\ÒankrunFixhealth.sp::Timer_PeriodicCheck
L 12/29/2025 - 20:11:40: [SM] Exception reported: Language phrase "Type in chat !join To join the survivors" not found (arg 6)
L 12/29/2025 - 20:11:40: [SM] Blaming: l4dmultislots.smx
L 12/29/2025 - 20:11:40: [SM] Call stack trace:
L 12/29/2025 - 20:11:40: [SM]   [0] VFormat
L 12/29/2025 - 20:11:40: [SM]   [1] Line 71, D:\Github\Private-Work\L4D2-Êèí‰ª∂\scripting_1.11\include\multicolors.inc::CPrintToChat
L 12/29/2025 - 20:11:40: [SM]   [2] Line 938, d:\Github\Private-Work\L4D2-Êèí‰ª∂\scripting_1.11\l4dmultislots.sp::Timer_SpecCheck
L 12/29/2025 - 20:11:44: [SM] Exception reported: Invalid convar handle 0 (error 4)
L 12/29/2025 - 20:11:44: [SM] Blaming: ÒankrunFixhealth.smx
L 12/29/2025 - 20:11:44: [SM] Call stack trace:
L 12/29/2025 - 20:11:44: [SM]   [0] GetConVarString
L 12/29/2025 - 20:11:44: [SM]   [1] Line 138, C:\Users\Moises\Downloads\Compressed\sourcemod-1.11.0-git6968-windows\addons\sourcemod\scripting\ÒankrunFixhealth.sp::IsTankRunActive
L 12/29/2025 - 20:11:44: [SM]   [2] Line 36, C:\Users\Moises\Downloads\Compressed\sourcemod-1.11.0-git6968-windows\addons\sourcemod\scripting\ÒankrunFixhealth.sp::Timer_PeriodicCheck
L 12/29/2025 - 20:11:54: [SM] Exception reported: Invalid convar handle 0 (error 4)
L 12/29/2025 - 20:11:54: [SM] Blaming: ÒankrunFixhealth.smx
L 12/29/2025 - 20:11:54: [SM] Call stack trace:
L 12/29/2025 - 20:11:54: [SM]   [0] GetConVarString
L 12/29/2025 - 20:11:54: [SM]   [1] Line 138, C:\Users\Moises\Downloads\Compressed\sourcemod-1.11.0-git6968-windows\addons\sourcemod\scripting\ÒankrunFixhealth.sp::IsTankRunActive
L 12/29/2025 - 20:11:54: [SM]   [2] Line 36, C:\Users\Moises\Downloads\Compressed\sourcemod-1.11.0-git6968-windows\addons\sourcemod\scripting\ÒankrunFixhealth.sp::Timer_PeriodicCheck
L 12/29/2025 - 20:12:04: [SM] Exception reported: Invalid convar handle 0 (error 4)
L 12/29/2025 - 20:12:04: [SM] Blaming: ÒankrunFixhealth.smx
L 12/29/2025 - 20:12:04: [SM] Call stack trace:
L 12/29/2025 - 20:12:04: [SM]   [0] GetConVarString
L 12/29/2025 - 20:12:04: [SM]   [1] Line 138, C:\Users\Moises\Downloads\Compressed\sourcemod-1.11.0-git6968-windows\addons\sourcemod\scripting\ÒankrunFixhealth.sp::IsTankRunActive
L 12/29/2025 - 20:12:04: [SM]   [2] Line 36, C:\Users\Moises\Downloads\Compressed\sourcemod-1.11.0-git6968-windows\addons\sourcemod\scripting\ÒankrunFixhealth.sp::Timer_PeriodicCheck
L 12/29/2025 - 20:12:05: [SM] Exception reported: Language phrase "Type in chat !join To join the survivors" not found (arg 6)
L 12/29/2025 - 20:12:05: [SM] Blaming: l4dmultislots.smx
L 12/29/2025 - 20:12:05: [SM] Call stack trace:
L 12/29/2025 - 20:12:05: [SM]   [0] VFormat
L 12/29/2025 - 20:12:05: [SM]   [1] Line 71, D:\Github\Private-Work\L4D2-Êèí‰ª∂\scripting_1.11\include\multicolors.inc::CPrintToChat
L 12/29/2025 - 20:12:05: [SM]   [2] Line 938, d:\Github\Private-Work\L4D2-Êèí‰ª∂\scripting_1.11\l4dmultislots.sp::Timer_SpecCheck
L 12/29/2025 - 20:12:14: [SM] Exception reported: Invalid convar handle 0 (error 4)
L 12/29/2025 - 20:12:14: [SM] Blaming: ÒankrunFixhealth.smx
L 12/29/2025 - 20:12:14: [SM] Call stack trace:
L 12/29/2025 - 20:12:14: [SM]   [0] GetConVarString
L 12/29/2025 - 20:12:14: [SM]   [1] Line 138, C:\Users\Moises\Downloads\Compressed\sourcemod-1.11.0-git6968-windows\addons\sourcemod\scripting\ÒankrunFixhealth.sp::IsTankRunActive
L 12/29/2025 - 20:12:14: [SM]   [2] Line 36, C:\Users\Moises\Downloads\Compressed\sourcemod-1.11.0-git6968-windows\addons\sourcemod\scripting\ÒankrunFixhealth.sp::Timer_PeriodicCheck
L 12/29/2025 - 20:12:24: [SM] Exception reported: Invalid convar handle 0 (error 4)
L 12/29/2025 - 20:12:24: [SM] Blaming: ÒankrunFixhealth.smx
L 12/29/2025 - 20:12:24: [SM] Call stack trace:
L 12/29/2025 - 20:12:24: [SM]   [0] GetConVarString
L 12/29/2025 - 20:12:24: [SM]   [1] Line 138, C:\Users\Moises\Downloads\Compressed\sourcemod-1.11.0-git6968-windows\addons\sourcemod\scripting\ÒankrunFixhealth.sp::IsTankRunActive
L 12/29/2025 - 20:12:24: [SM]   [2] Line 36, C:\Users\Moises\Downloads\Compressed\sourcemod-1.11.0-git6968-windows\addons\sourcemod\scripting\ÒankrunFixhealth.sp::Timer_PeriodicCheck
L 12/29/2025 - 20:12:26: [SM] Exception reported: Invalid convar handle 0 (error 4)
L 12/29/2025 - 20:12:26: [SM] Blaming: ÒankrunFixhealth.smx
L 12/29/2025 - 20:12:26: [SM] Call stack trace:
L 12/29/2025 - 20:12:26: [SM]   [0] GetConVarString
L 12/29/2025 - 20:12:26: [SM]   [1] Line 138, C:\Users\Moises\Downloads\Compressed\sourcemod-1.11.0-git6968-windows\addons\sourcemod\scripting\ÒankrunFixhealth.sp::IsTankRunActive
L 12/29/2025 - 20:12:26: [SM]   [2] Line 79, C:\Users\Moises\Downloads\Compressed\sourcemod-1.11.0-git6968-windows\addons\sourcemod\scripting\ÒankrunFixhealth.sp::Event_PlayerDeath
L 12/29/2025 - 20:12:30: [SM] Exception reported: Language phrase "Type in chat !join To join the survivors" not found (arg 6)
L 12/29/2025 - 20:12:30: [SM] Blaming: l4dmultislots.smx
L 12/29/2025 - 20:12:30: [SM] Call stack trace:
L 12/29/2025 - 20:12:30: [SM]   [0] VFormat
L 12/29/2025 - 20:12:30: [SM]   [1] Line 71, D:\Github\Private-Work\L4D2-Êèí‰ª∂\scripting_1.11\include\multicolors.inc::CPrintToChat
L 12/29/2025 - 20:12:30: [SM]   [2] Line 938, d:\Github\Private-Work\L4D2-Êèí‰ª∂\scripting_1.11\l4dmultislots.sp::Timer_SpecCheck
L 12/29/2025 - 20:12:31: [SM] Exception reported: Invalid convar handle 0 (error 4)
L 12/29/2025 - 20:12:31: [SM] Blaming: ÒankrunFixhealth.smx
L 12/29/2025 - 20:12:31: [SM] Call stack trace:
L 12/29/2025 - 20:12:31: [SM]   [0] GetConVarString
L 12/29/2025 - 20:12:31: [SM]   [1] Line 138, C:\Users\Moises\Downloads\Compressed\sourcemod-1.11.0-git6968-windows\addons\sourcemod\scripting\ÒankrunFixhealth.sp::IsTankRunActive
L 12/29/2025 - 20:12:31: [SM]   [2] Line 79, C:\Users\Moises\Downloads\Compressed\sourcemod-1.11.0-git6968-windows\addons\sourcemod\scripting\ÒankrunFixhealth.sp::Event_PlayerDeath
L 12/29/2025 - 20:12:34: [SM] Exception reported: Invalid convar handle 0 (error 4)
L 12/29/2025 - 20:12:34: [SM] Blaming: ÒankrunFixhealth.smx
L 12/29/2025 - 20:12:34: [SM] Call stack trace:
L 12/29/2025 - 20:12:34: [SM]   [0] GetConVarString
L 12/29/2025 - 20:12:34: [SM]   [1] Line 138, C:\Users\Moises\Downloads\Compressed\sourcemod-1.11.0-git6968-windows\addons\sourcemod\scripting\ÒankrunFixhealth.sp::IsTankRunActive
L 12/29/2025 - 20:12:34: [SM]   [2] Line 36, C:\Users\Moises\Downloads\Compressed\sourcemod-1.11.0-git6968-windows\addons\sourcemod\scripting\ÒankrunFixhealth.sp::Timer_PeriodicCheck
L 12/29/2025 - 20:12:35: [SM] Exception reported: Invalid convar handle 0 (error 4)
L 12/29/2025 - 20:12:35: [SM] Blaming: ÒankrunFixhealth.smx
L 12/29/2025 - 20:12:35: [SM] Call stack trace:
L 12/29/2025 - 20:12:35: [SM]   [0] GetConVarString
L 12/29/2025 - 20:12:35: [SM]   [1] Line 138, C:\Users\Moises\Downloads\Compressed\sourcemod-1.11.0-git6968-windows\addons\sourcemod\scripting\ÒankrunFixhealth.sp::IsTankRunActive
L 12/29/2025 - 20:12:35: [SM]   [2] Line 79, C:\Users\Moises\Downloads\Compressed\sourcemod-1.11.0-git6968-windows\addons\sourcemod\scripting\ÒankrunFixhealth.sp::Event_PlayerDeath
L 12/29/2025 - 20:12:35: [SM]   [4] ForcePlayerSuicide
L 12/29/2025 - 20:12:35: [SM]   [5] Line 37, D:\builds\build-sourcemod-msvc12\windows-1.12\build\plugins\playercommands\slay.sp::PerformSlay
L 12/29/2025 - 20:12:35: [SM]   [6] Line 108, D:\builds\build-sourcemod-msvc12\windows-1.12\build\plugins\playercommands\slay.sp::MenuHandler_Slay
L 12/29/2025 - 20:12:36: [SM] Exception reported: Invalid convar handle 0 (error 4)
L 12/29/2025 - 20:12:36: [SM] Blaming: ÒankrunFixhealth.smx
L 12/29/2025 - 20:12:36: [SM] Call stack trace:
L 12/29/2025 - 20:12:36: [SM]   [0] GetConVarString
L 12/29/2025 - 20:12:36: [SM]   [1] Line 138, C:\Users\Moises\Downloads\Compressed\sourcemod-1.11.0-git6968-windows\addons\sourcemod\scripting\ÒankrunFixhealth.sp::IsTankRunActive
L 12/29/2025 - 20:12:36: [SM]   [2] Line 79, C:\Users\Moises\Downloads\Compressed\sourcemod-1.11.0-git6968-windows\addons\sourcemod\scripting\ÒankrunFixhealth.sp::Event_PlayerDeath
L 12/29/2025 - 20:12:36: [SM]   [4] ForcePlayerSuicide
L 12/29/2025 - 20:12:36: [SM]   [5] Line 37, D:\builds\build-sourcemod-msvc12\windows-1.12\build\plugins\playercommands\slay.sp::PerformSlay
L 12/29/2025 - 20:12:36: [SM]   [6] Line 108, D:\builds\build-sourcemod-msvc12\windows-1.12\build\plugins\playercommands\slay.sp::MenuHandler_Slay
L 12/29/2025 - 20:12:36: [SM] Exception reported: Invalid convar handle 0 (error 4)
L 12/29/2025 - 20:12:36: [SM] Blaming: ÒankrunFixhealth.smx
L 12/29/2025 - 20:12:36: [SM] Call stack trace:
L 12/29/2025 - 20:12:36: [SM]   [0] GetConVarString
L 12/29/2025 - 20:12:36: [SM]   [1] Line 138, C:\Users\Moises\Downloads\Compressed\sourcemod-1.11.0-git6968-windows\addons\sourcemod\scripting\ÒankrunFixhealth.sp::IsTankRunActive
L 12/29/2025 - 20:12:36: [SM]   [2] Line 79, C:\Users\Moises\Downloads\Compressed\sourcemod-1.11.0-git6968-windows\addons\sourcemod\scripting\ÒankrunFixhealth.sp::Event_PlayerDeath
L 12/29/2025 - 20:12:36: [SM]   [4] ForcePlayerSuicide
L 12/29/2025 - 20:12:37: [SM]   [5] Line 37, D:\builds\build-sourcemod-msvc12\windows-1.12\build\plugins\playercommands\slay.sp::PerformSlay
L 12/29/2025 - 20:12:37: [SM]   [6] Line 108, D:\builds\build-sourcemod-msvc12\windows-1.12\build\plugins\playercommands\slay.sp::MenuHandler_Slay
L 12/29/2025 - 20:12:38: [SM] Exception reported: Invalid convar handle 0 (error 4)
L 12/29/2025 - 20:12:38: [SM] Blaming: ÒankrunFixhealth.smx
L 12/29/2025 - 20:12:38: [SM] Call stack trace:
L 12/29/2025 - 20:12:38: [SM]   [0] GetConVarString
L 12/29/2025 - 20:12:38: [SM]   [1] Line 138, C:\Users\Moises\Downloads\Compressed\sourcemod-1.11.0-git6968-windows\addons\sourcemod\scripting\ÒankrunFixhealth.sp::IsTankRunActive
L 12/29/2025 - 20:12:38: [SM]   [2] Line 79, C:\Users\Moises\Downloads\Compressed\sourcemod-1.11.0-git6968-windows\addons\sourcemod\scripting\ÒankrunFixhealth.sp::Event_PlayerDeath
L 12/29/2025 - 20:12:38: [SM]   [4] ForcePlayerSuicide
L 12/29/2025 - 20:12:38: [SM]   [5] Line 37, D:\builds\build-sourcemod-msvc12\windows-1.12\build\plugins\playercommands\slay.sp::PerformSlay
L 12/29/2025 - 20:12:38: [SM]   [6] Line 108, D:\builds\build-sourcemod-msvc12\windows-1.12\build\plugins\playercommands\slay.sp::MenuHandler_Slay
L 12/29/2025 - 20:12:38: [SM] Exception reported: Invalid convar handle 0 (error 4)
L 12/29/2025 - 20:12:38: [SM] Blaming: ÒankrunFixhealth.smx
L 12/29/2025 - 20:12:38: [SM] Call stack trace:
L 12/29/2025 - 20:12:38: [SM]   [0] GetConVarString
L 12/29/2025 - 20:12:38: [SM]   [1] Line 138, C:\Users\Moises\Downloads\Compressed\sourcemod-1.11.0-git6968-windows\addons\sourcemod\scripting\ÒankrunFixhealth.sp::IsTankRunActive
L 12/29/2025 - 20:12:38: [SM]   [2] Line 79, C:\Users\Moises\Downloads\Compressed\sourcemod-1.11.0-git6968-windows\addons\sourcemod\scripting\ÒankrunFixhealth.sp::Event_PlayerDeath
L 12/29/2025 - 20:12:38: [SM]   [4] ForcePlayerSuicide
L 12/29/2025 - 20:12:38: [SM]   [5] Line 37, D:\builds\build-sourcemod-msvc12\windows-1.12\build\plugins\playercommands\slay.sp::PerformSlay
L 12/29/2025 - 20:12:38: [SM]   [6] Line 108, D:\builds\build-sourcemod-msvc12\windows-1.12\build\plugins\playercommands\slay.sp::MenuHandler_Slay
L 12/29/2025 - 20:12:39: [SM] Exception reported: Invalid convar handle 0 (error 4)
L 12/29/2025 - 20:12:39: [SM] Blaming: ÒankrunFixhealth.smx
L 12/29/2025 - 20:12:39: [SM] Call stack trace:
L 12/29/2025 - 20:12:39: [SM]   [0] GetConVarString
L 12/29/2025 - 20:12:39: [SM]   [1] Line 138, C:\Users\Moises\Downloads\Compressed\sourcemod-1.11.0-git6968-windows\addons\sourcemod\scripting\ÒankrunFixhealth.sp::IsTankRunActive
L 12/29/2025 - 20:12:39: [SM]   [2] Line 79, C:\Users\Moises\Downloads\Compressed\sourcemod-1.11.0-git6968-windows\addons\sourcemod\scripting\ÒankrunFixhealth.sp::Event_PlayerDeath
L 12/29/2025 - 20:12:40: [SM]   [4] ForcePlayerSuicide
L 12/29/2025 - 20:12:40: [SM]   [5] Line 37, D:\builds\build-sourcemod-msvc12\windows-1.12\build\plugins\playercommands\slay.sp::PerformSlay
L 12/29/2025 - 20:12:40: [SM]   [6] Line 108, D:\builds\build-sourcemod-msvc12\windows-1.12\build\plugins\playercommands\slay.sp::MenuHandler_Slay
L 12/29/2025 - 20:12:40: [SM] Exception reported: Invalid convar handle 0 (error 4)
L 12/29/2025 - 20:12:40: [SM] Blaming: ÒankrunFixhealth.smx
L 12/29/2025 - 20:12:40: [SM] Call stack trace:
L 12/29/2025 - 20:12:40: [SM]   [0] GetConVarString
L 12/29/2025 - 20:12:40: [SM]   [1] Line 138, C:\Users\Moises\Downloads\Compressed\sourcemod-1.11.0-git6968-windows\addons\sourcemod\scripting\ÒankrunFixhealth.sp::IsTankRunActive
L 12/29/2025 - 20:12:40: [SM]   [2] Line 79, C:\Users\Moises\Downloads\Compressed\sourcemod-1.11.0-git6968-windows\addons\sourcemod\scripting\ÒankrunFixhealth.sp::Event_PlayerDeath
L 12/29/2025 - 20:12:40: [SM]   [4] ForcePlayerSuicide
L 12/29/2025 - 20:12:40: [SM]   [5] Line 37, D:\builds\build-sourcemod-msvc12\windows-1.12\build\plugins\playercommands\slay.sp::PerformSlay
L 12/29/2025 - 20:12:40: [SM]   [6] Line 108, D:\builds\build-sourcemod-msvc12\windows-1.12\build\plugins\playercommands\slay.sp::MenuHandler_Slay
L 12/29/2025 - 20:12:41: [SM] Exception reported: Invalid convar handle 0 (error 4)
L 12/29/2025 - 20:12:41: [SM] Blaming: ÒankrunFixhealth.smx
L 12/29/2025 - 20:12:41: [SM] Call stack trace:
L 12/29/2025 - 20:12:41: [SM]   [0] GetConVarString
L 12/29/2025 - 20:12:41: [SM]   [1] Line 138, C:\Users\Moises\Downloads\Compressed\sourcemod-1.11.0-git6968-windows\addons\sourcemod\scripting\ÒankrunFixhealth.sp::IsTankRunActive
L 12/29/2025 - 20:12:41: [SM]   [2] Line 79, C:\Users\Moises\Downloads\Compressed\sourcemod-1.11.0-git6968-windows\addons\sourcemod\scripting\ÒankrunFixhealth.sp::Event_PlayerDeath
L 12/29/2025 - 20:12:41: [SM]   [4] ForcePlayerSuicide
L 12/29/2025 - 20:12:41: [SM]   [5] Line 37, D:\builds\build-sourcemod-msvc12\windows-1.12\build\plugins\playercommands\slay.sp::PerformSlay
L 12/29/2025 - 20:12:41: [SM]   [6] Line 108, D:\builds\build-sourcemod-msvc12\windows-1.12\build\plugins\playercommands\slay.sp::MenuHandler_Slay
L 12/29/2025 - 20:12:41: [SM] Exception reported: Invalid convar handle 0 (error 4)
L 12/29/2025 - 20:12:41: [SM] Blaming: ÒankrunFixhealth.smx
L 12/29/2025 - 20:12:41: [SM] Call stack trace:
L 12/29/2025 - 20:12:41: [SM]   [0] GetConVarString
L 12/29/2025 - 20:12:41: [SM]   [1] Line 138, C:\Users\Moises\Downloads\Compressed\sourcemod-1.11.0-git6968-windows\addons\sourcemod\scripting\ÒankrunFixhealth.sp::IsTankRunActive
L 12/29/2025 - 20:12:41: [SM]   [2] Line 79, C:\Users\Moises\Downloads\Compressed\sourcemod-1.11.0-git6968-windows\addons\sourcemod\scripting\ÒankrunFixhealth.sp::Event_PlayerDeath
L 12/29/2025 - 20:12:41: [SM]   [4] ForcePlayerSuicide
L 12/29/2025 - 20:12:41: [SM]   [5] Line 37, D:\builds\build-sourcemod-msvc12\windows-1.12\build\plugins\playercommands\slay.sp::PerformSlay
L 12/29/2025 - 20:12:41: [SM]   [6] Line 108, D:\builds\build-sourcemod-msvc12\windows-1.12\build\plugins\playercommands\slay.sp::MenuHandler_Slay
L 12/29/2025 - 20:12:42: [SM] Exception reported: Invalid convar handle 0 (error 4)
L 12/29/2025 - 20:12:42: [SM] Blaming: ÒankrunFixhealth.smx
L 12/29/2025 - 20:12:42: [SM] Call stack trace:
L 12/29/2025 - 20:12:42: [SM]   [0] GetConVarString
L 12/29/2025 - 20:12:42: [SM]   [1] Line 138, C:\Users\Moises\Downloads\Compressed\sourcemod-1.11.0-git6968-windows\addons\sourcemod\scripting\ÒankrunFixhealth.sp::IsTankRunActive
L 12/29/2025 - 20:12:42: [SM]   [2] Line 79, C:\Users\Moises\Downloads\Compressed\sourcemod-1.11.0-git6968-windows\addons\sourcemod\scripting\ÒankrunFixhealth.sp::Event_PlayerDeath
L 12/29/2025 - 20:12:42: [SM]   [4] ForcePlayerSuicide
L 12/29/2025 - 20:12:42: [SM]   [5] Line 37, D:\builds\build-sourcemod-msvc12\windows-1.12\build\plugins\playercommands\slay.sp::PerformSlay
L 12/29/2025 - 20:12:42: [SM]   [6] Line 108, D:\builds\build-sourcemod-msvc12\windows-1.12\build\plugins\playercommands\slay.sp::MenuHandler_Slay
L 12/29/2025 - 20:12:42: [SM] Exception reported: Invalid timer handle 5a400432 (error 3)
L 12/29/2025 - 20:12:42: [SM] Blaming: l4d2_playerjoining_v2.smx
L 12/29/2025 - 20:12:42: [SM] Call stack trace:
L 12/29/2025 - 20:12:42: [SM]   [0] KillTimer
L 12/29/2025 - 20:12:42: [SM]   [1] Line 53, C:\Users\Moises\Downloads\Compressed\sourcemod-1.11.0-git6968-windows\addons\sourcemod\scripting\l4d2_playerjoining_v2.sp::OnClientDisconnect
L 12/29/2025 - 20:12:43: [SM] Exception reported: Invalid timer handle f4c0047d (error 1)
L 12/29/2025 - 20:12:43: [SM] Blaming: l4d2_playerjoining_v2.smx
L 12/29/2025 - 20:12:43: [SM] Call stack trace:
L 12/29/2025 - 20:12:43: [SM]   [0] KillTimer
L 12/29/2025 - 20:12:43: [SM]   [1] Line 53, C:\Users\Moises\Downloads\Compressed\sourcemod-1.11.0-git6968-windows\addons\sourcemod\scripting\l4d2_playerjoining_v2.sp::OnClientDisconnect
L 12/29/2025 - 20:12:43: [SM] Exception reported: Invalid timer handle 4200497 (error 3)
L 12/29/2025 - 20:12:43: [SM] Blaming: l4d2_playerjoining_v2.smx
L 12/29/2025 - 20:12:43: [SM] Call stack trace:
L 12/29/2025 - 20:12:43: [SM]   [0] KillTimer
L 12/29/2025 - 20:12:43: [SM]   [1] Line 53, C:\Users\Moises\Downloads\Compressed\sourcemod-1.11.0-git6968-windows\addons\sourcemod\scripting\l4d2_playerjoining_v2.sp::OnClientDisconnect
L 12/29/2025 - 20:12:44: [SM] Exception reported: Invalid convar handle 0 (error 4)
L 12/29/2025 - 20:12:44: [SM] Blaming: ÒankrunFixhealth.smx
L 12/29/2025 - 20:12:44: [SM] Call stack trace:
L 12/29/2025 - 20:12:44: [SM]   [0] GetConVarString
L 12/29/2025 - 20:12:44: [SM]   [1] Line 138, C:\Users\Moises\Downloads\Compressed\sourcemod-1.11.0-git6968-windows\addons\sourcemod\scripting\ÒankrunFixhealth.sp::IsTankRunActive
L 12/29/2025 - 20:12:44: [SM]   [2] Line 36, C:\Users\Moises\Downloads\Compressed\sourcemod-1.11.0-git6968-windows\addons\sourcemod\scripting\ÒankrunFixhealth.sp::Timer_PeriodicCheck
L 12/29/2025 - 20:12:45: [SM] Exception reported: Invalid timer handle 133004a2 (error 3)
L 12/29/2025 - 20:12:45: [SM] Blaming: l4d2_playerjoining_v2.smx
L 12/29/2025 - 20:12:45: [SM] Call stack trace:
L 12/29/2025 - 20:12:45: [SM]   [0] KillTimer
L 12/29/2025 - 20:12:45: [SM]   [1] Line 53, C:\Users\Moises\Downloads\Compressed\sourcemod-1.11.0-git6968-windows\addons\sourcemod\scripting\l4d2_playerjoining_v2.sp::OnClientDisconnect
L 12/29/2025 - 20:12:45: [SM] Exception reported: Language phrase "No Any Dead Survivor" not found (arg 6)
L 12/29/2025 - 20:12:45: [SM] Blaming: l4d_sm_respawn.smx
L 12/29/2025 - 20:12:45: [SM] Call stack trace:
L 12/29/2025 - 20:12:45: [SM]   [0] FormatEx
L 12/29/2025 - 20:12:45: [SM]   [1] Line 202, d:\Github\Private-Work\L4D2-Êèí‰ª∂\scripting_1.11\l4d_sm_respawn.sp::MenuClientsToSpawn
L 12/29/2025 - 20:12:45: [SM]   [2] Line 239, d:\Github\Private-Work\L4D2-Êèí‰ª∂\scripting_1.11\l4d_sm_respawn.sp::MenuHandler_MenuList
L 12/29/2025 - 20:12:45: [SM] Exception reported: Invalid timer handle 4f004b0 (error 1)
L 12/29/2025 - 20:12:45: [SM] Blaming: l4d2_playerjoining_v2.smx
L 12/29/2025 - 20:12:45: [SM] Call stack trace:
L 12/29/2025 - 20:12:45: [SM]   [0] KillTimer
L 12/29/2025 - 20:12:45: [SM]   [1] Line 53, C:\Users\Moises\Downloads\Compressed\sourcemod-1.11.0-git6968-windows\addons\sourcemod\scripting\l4d2_playerjoining_v2.sp::OnClientDisconnect
L 12/29/2025 - 20:12:46: [SM] Exception reported: Invalid timer handle 83004c8 (error 3)
L 12/29/2025 - 20:12:46: [SM] Blaming: l4d2_playerjoining_v2.smx
L 12/29/2025 - 20:12:46: [SM] Call stack trace:
L 12/29/2025 - 20:12:46: [SM]   [0] KillTimer
L 12/29/2025 - 20:12:46: [SM]   [1] Line 53, C:\Users\Moises\Downloads\Compressed\sourcemod-1.11.0-git6968-windows\addons\sourcemod\scripting\l4d2_playerjoining_v2.sp::OnClientDisconnect
L 12/29/2025 - 20:12:48: [SM] Exception reported: Invalid timer handle b3400465 (error 1)
L 12/29/2025 - 20:12:48: [SM] Blaming: l4d2_playerjoining_v2.smx
L 12/29/2025 - 20:12:48: [SM] Call stack trace:
L 12/29/2025 - 20:12:48: [SM]   [0] KillTimer
L 12/29/2025 - 20:12:48: [SM]   [1] Line 53, C:\Users\Moises\Downloads\Compressed\sourcemod-1.11.0-git6968-windows\addons\sourcemod\scripting\l4d2_playerjoining_v2.sp::OnClientDisconnect
L 12/29/2025 - 20:12:48: [SM] Exception reported: Invalid timer handle 9670045a (error 1)
L 12/29/2025 - 20:12:48: [SM] Blaming: l4d2_playerjoining_v2.smx
L 12/29/2025 - 20:12:48: [SM] Call stack trace:
L 12/29/2025 - 20:12:48: [SM]   [0] KillTimer
L 12/29/2025 - 20:12:48: [SM]   [1] Line 53, C:\Users\Moises\Downloads\Compressed\sourcemod-1.11.0-git6968-windows\addons\sourcemod\scripting\l4d2_playerjoining_v2.sp::OnClientDisconnect
L 12/29/2025 - 20:12:49: [SM] Exception reported: Invalid timer handle f130046f (error 1)
L 12/29/2025 - 20:12:49: [SM] Blaming: l4d2_playerjoining_v2.smx
L 12/29/2025 - 20:12:49: [SM] Call stack trace:
L 12/29/2025 - 20:12:49: [SM]   [0] KillTimer
L 12/29/2025 - 20:12:49: [SM]   [1] Line 53, C:\Users\Moises\Downloads\Compressed\sourcemod-1.11.0-git6968-windows\addons\sourcemod\scripting\l4d2_playerjoining_v2.sp::OnClientDisconnect
L 12/29/2025 - 20:12:54: [SM] Exception reported: Invalid convar handle 0 (error 4)
L 12/29/2025 - 20:12:54: [SM] Blaming: ÒankrunFixhealth.smx
L 12/29/2025 - 20:12:54: [SM] Call stack trace:
L 12/29/2025 - 20:12:54: [SM]   [0] GetConVarString
L 12/29/2025 - 20:12:54: [SM]   [1] Line 138, C:\Users\Moises\Downloads\Compressed\sourcemod-1.11.0-git6968-windows\addons\sourcemod\scripting\ÒankrunFixhealth.sp::IsTankRunActive
L 12/29/2025 - 20:12:54: [SM]   [2] Line 36, C:\Users\Moises\Downloads\Compressed\sourcemod-1.11.0-git6968-windows\addons\sourcemod\scripting\ÒankrunFixhealth.sp::Timer_PeriodicCheck
L 12/29/2025 - 20:12:55: [SM] Exception reported: Language phrase "Type in chat !join To join the survivors" not found (arg 6)
L 12/29/2025 - 20:12:55: [SM] Blaming: l4dmultislots.smx
L 12/29/2025 - 20:12:55: [SM] Call stack trace:
L 12/29/2025 - 20:12:55: [SM]   [0] VFormat
L 12/29/2025 - 20:12:55: [SM]   [1] Line 71, D:\Github\Private-Work\L4D2-Êèí‰ª∂\scripting_1.11\include\multicolors.inc::CPrintToChat
L 12/29/2025 - 20:12:55: [SM]   [2] Line 938, d:\Github\Private-Work\L4D2-Êèí‰ª∂\scripting_1.11\l4dmultislots.sp::Timer_SpecCheck
L 12/29/2025 - 20:13:04: [SM] Exception reported: Invalid convar handle 0 (error 4)
L 12/29/2025 - 20:13:04: [SM] Blaming: ÒankrunFixhealth.smx
L 12/29/2025 - 20:13:04: [SM] Call stack trace:
L 12/29/2025 - 20:13:04: [SM]   [0] GetConVarString
L 12/29/2025 - 20:13:04: [SM]   [1] Line 138, C:\Users\Moises\Downloads\Compressed\sourcemod-1.11.0-git6968-windows\addons\sourcemod\scripting\ÒankrunFixhealth.sp::IsTankRunActive
L 12/29/2025 - 20:13:04: [SM]   [2] Line 36, C:\Users\Moises\Downloads\Compressed\sourcemod-1.11.0-git6968-windows\addons\sourcemod\scripting\ÒankrunFixhealth.sp::Timer_PeriodicCheck
L 12/29/2025 - 20:13:07: [SM] Exception reported: Invalid convar handle 0 (error 4)
L 12/29/2025 - 20:13:07: [SM] Blaming: ÒankrunFixhealth.smx
L 12/29/2025 - 20:13:07: [SM] Call stack trace:
L 12/29/2025 - 20:13:07: [SM]   [0] GetConVarString
L 12/29/2025 - 20:13:07: [SM]   [1] Line 138, C:\Users\Moises\Downloads\Compressed\sourcemod-1.11.0-git6968-windows\addons\sourcemod\scripting\ÒankrunFixhealth.sp::IsTankRunActive
L 12/29/2025 - 20:13:07: [SM]   [2] Line 79, C:\Users\Moises\Downloads\Compressed\sourcemod-1.11.0-git6968-windows\addons\sourcemod\scripting\ÒankrunFixhealth.sp::Event_PlayerDeath
L 12/29/2025 - 20:13:14: [SM] Exception reported: Invalid convar handle 0 (error 4)
L 12/29/2025 - 20:13:14: [SM] Blaming: ÒankrunFixhealth.smx
L 12/29/2025 - 20:13:14: [SM] Call stack trace:
L 12/29/2025 - 20:13:14: [SM]   [0] GetConVarString
L 12/29/2025 - 20:13:14: [SM]   [1] Line 138, C:\Users\Moises\Downloads\Compressed\sourcemod-1.11.0-git6968-windows\addons\sourcemod\scripting\ÒankrunFixhealth.sp::IsTankRunActive
L 12/29/2025 - 20:13:14: [SM]   [2] Line 36, C:\Users\Moises\Downloads\Compressed\sourcemod-1.11.0-git6968-windows\addons\sourcemod\scripting\ÒankrunFixhealth.sp::Timer_PeriodicCheck
L 12/29/2025 - 20:13:20: [SM] Exception reported: Language phrase "Type in chat !join To join the survivors" not found (arg 6)
L 12/29/2025 - 20:13:20: [SM] Blaming: l4dmultislots.smx
L 12/29/2025 - 20:13:20: [SM] Call stack trace:
L 12/29/2025 - 20:13:20: [SM]   [0] VFormat
L 12/29/2025 - 20:13:20: [SM]   [1] Line 71, D:\Github\Private-Work\L4D2-Êèí‰ª∂\scripting_1.11\include\multicolors.inc::CPrintToChat
L 12/29/2025 - 20:13:20: [SM]   [2] Line 938, d:\Github\Private-Work\L4D2-Êèí‰ª∂\scripting_1.11\l4dmultislots.sp::Timer_SpecCheck
L 12/29/2025 - 20:13:24: [SM] Exception reported: Invalid convar handle 0 (error 4)
L 12/29/2025 - 20:13:24: [SM] Blaming: ÒankrunFixhealth.smx
L 12/29/2025 - 20:13:24: [SM] Call stack trace:
L 12/29/2025 - 20:13:24: [SM]   [0] GetConVarString
L 12/29/2025 - 20:13:24: [SM]   [1] Line 138, C:\Users\Moises\Downloads\Compressed\sourcemod-1.11.0-git6968-windows\addons\sourcemod\scripting\ÒankrunFixhealth.sp::IsTankRunActive
L 12/29/2025 - 20:13:24: [SM]   [2] Line 36, C:\Users\Moises\Downloads\Compressed\sourcemod-1.11.0-git6968-windows\addons\sourcemod\scripting\ÒankrunFixhealth.sp::Timer_PeriodicCheck
L 12/29/2025 - 20:13:33: [SM] Exception reported: Invalid timer handle 133004a2 (error 3)
L 12/29/2025 - 20:13:33: [SM] Blaming: l4d2_playerjoining_v2.smx
L 12/29/2025 - 20:13:33: [SM] Call stack trace:
L 12/29/2025 - 20:13:33: [SM]   [0] KillTimer
L 12/29/2025 - 20:13:33: [SM]   [1] Line 53, C:\Users\Moises\Downloads\Compressed\sourcemod-1.11.0-git6968-windows\addons\sourcemod\scripting\l4d2_playerjoining_v2.sp::OnClientDisconnect
L 12/29/2025 - 20:13:34: [SM] Exception reported: Invalid convar handle 0 (error 4)
L 12/29/2025 - 20:13:34: [SM] Blaming: ÒankrunFixhealth.smx
L 12/29/2025 - 20:13:34: [SM] Call stack trace:
L 12/29/2025 - 20:13:34: [SM]   [0] GetConVarString
L 12/29/2025 - 20:13:34: [SM]   [1] Line 138, C:\Users\Moises\Downloads\Compressed\sourcemod-1.11.0-git6968-windows\addons\sourcemod\scripting\ÒankrunFixhealth.sp::IsTankRunActive
L 12/29/2025 - 20:13:34: [SM]   [2] Line 36, C:\Users\Moises\Downloads\Compressed\sourcemod-1.11.0-git6968-windows\addons\sourcemod\scripting\ÒankrunFixhealth.sp::Timer_PeriodicCheck
L 12/29/2025 - 20:13:36: [SM] Exception reported: Invalid convar handle 0 (error 4)
L 12/29/2025 - 20:13:36: [SM] Blaming: ÒankrunFixhealth.smx
L 12/29/2025 - 20:13:36: [SM] Call stack trace:
L 12/29/2025 - 20:13:36: [SM]   [0] GetConVarString
L 12/29/2025 - 20:13:36: [SM]   [1] Line 138, C:\Users\Moises\Downloads\Compressed\sourcemod-1.11.0-git6968-windows\addons\sourcemod\scripting\ÒankrunFixhealth.sp::IsTankRunActive
L 12/29/2025 - 20:13:36: [SM]   [2] Line 79, C:\Users\Moises\Downloads\Compressed\sourcemod-1.11.0-git6968-windows\addons\sourcemod\scripting\ÒankrunFixhealth.sp::Event_PlayerDeath
L 12/29/2025 - 20:13:37: [SM] Exception reported: Invalid convar handle 0 (error 4)
L 12/29/2025 - 20:13:37: [SM] Blaming: ÒankrunFixhealth.smx
L 12/29/2025 - 20:13:37: [SM] Call stack trace:
L 12/29/2025 - 20:13:37: [SM]   [0] GetConVarString
L 12/29/2025 - 20:13:37: [SM]   [1] Line 138, C:\Users\Moises\Downloads\Compressed\sourcemod-1.11.0-git6968-windows\addons\sourcemod\scripting\ÒankrunFixhealth.sp::IsTankRunActive
L 12/29/2025 - 20:13:37: [SM]   [2] Line 79, C:\Users\Moises\Downloads\Compressed\sourcemod-1.11.0-git6968-windows\addons\sourcemod\scripting\ÒankrunFixhealth.sp::Event_PlayerDeath
L 12/29/2025 - 20:13:37: [SM]   [4] ForcePlayerSuicide
L 12/29/2025 - 20:13:37: [SM]   [5] Line 37, D:\builds\build-sourcemod-msvc12\windows-1.12\build\plugins\playercommands\slay.sp::PerformSlay
L 12/29/2025 - 20:13:37: [SM]   [6] Line 108, D:\builds\build-sourcemod-msvc12\windows-1.12\build\plugins\playercommands\slay.sp::MenuHandler_Slay
L 12/29/2025 - 20:13:38: [SM] Exception reported: Invalid convar handle 0 (error 4)
L 12/29/2025 - 20:13:38: [SM] Blaming: ÒankrunFixhealth.smx
L 12/29/2025 - 20:13:38: [SM] Call stack trace:
L 12/29/2025 - 20:13:38: [SM]   [0] GetConVarString
L 12/29/2025 - 20:13:38: [SM]   [1] Line 138, C:\Users\Moises\Downloads\Compressed\sourcemod-1.11.0-git6968-windows\addons\sourcemod\scripting\ÒankrunFixhealth.sp::IsTankRunActive
L 12/29/2025 - 20:13:38: [SM]   [2] Line 79, C:\Users\Moises\Downloads\Compressed\sourcemod-1.11.0-git6968-windows\addons\sourcemod\scripting\ÒankrunFixhealth.sp::Event_PlayerDeath
L 12/29/2025 - 20:13:40: [SM] Exception reported: Invalid convar handle 0 (error 4)
L 12/29/2025 - 20:13:40: [SM] Blaming: ÒankrunFixhealth.smx
L 12/29/2025 - 20:13:40: [SM] Call stack trace:
L 12/29/2025 - 20:13:40: [SM]   [0] GetConVarString
L 12/29/2025 - 20:13:40: [SM]   [1] Line 138, C:\Users\Moises\Downloads\Compressed\sourcemod-1.11.0-git6968-windows\addons\sourcemod\scripting\ÒankrunFixhealth.sp::IsTankRunActive
L 12/29/2025 - 20:13:40: [SM]   [2] Line 79, C:\Users\Moises\Downloads\Compressed\sourcemod-1.11.0-git6968-windows\addons\sourcemod\scripting\ÒankrunFixhealth.sp::Event_PlayerDeath
L 12/29/2025 - 20:13:44: [SM] Exception reported: Invalid convar handle 0 (error 4)
L 12/29/2025 - 20:13:44: [SM] Blaming: ÒankrunFixhealth.smx
L 12/29/2025 - 20:13:44: [SM] Call stack trace:
L 12/29/2025 - 20:13:44: [SM]   [0] GetConVarString
L 12/29/2025 - 20:13:44: [SM]   [1] Line 138, C:\Users\Moises\Downloads\Compressed\sourcemod-1.11.0-git6968-windows\addons\sourcemod\scripting\ÒankrunFixhealth.sp::IsTankRunActive
L 12/29/2025 - 20:13:44: [SM]   [2] Line 36, C:\Users\Moises\Downloads\Compressed\sourcemod-1.11.0-git6968-windows\addons\sourcemod\scripting\ÒankrunFixhealth.sp::Timer_PeriodicCheck
L 12/29/2025 - 20:13:45: [SM] Exception reported: Language phrase "Type in chat !join To join the survivors" not found (arg 6)
L 12/29/2025 - 20:13:45: [SM] Blaming: l4dmultislots.smx
L 12/29/2025 - 20:13:45: [SM] Call stack trace:
L 12/29/2025 - 20:13:45: [SM]   [0] VFormat
L 12/29/2025 - 20:13:45: [SM]   [1] Line 71, D:\Github\Private-Work\L4D2-Êèí‰ª∂\scripting_1.11\include\multicolors.inc::CPrintToChat
L 12/29/2025 - 20:13:45: [SM]   [2] Line 938, d:\Github\Private-Work\L4D2-Êèí‰ª∂\scripting_1.11\l4dmultislots.sp::Timer_SpecCheck
L 12/29/2025 - 20:13:48: [SM] Exception reported: Language phrase "No Any Dead Survivor" not found (arg 6)
L 12/29/2025 - 20:13:48: [SM] Blaming: l4d_sm_respawn.smx
L 12/29/2025 - 20:13:48: [SM] Call stack trace:
L 12/29/2025 - 20:13:48: [SM]   [0] FormatEx
L 12/29/2025 - 20:13:48: [SM]   [1] Line 202, d:\Github\Private-Work\L4D2-Êèí‰ª∂\scripting_1.11\l4d_sm_respawn.sp::MenuClientsToSpawn
L 12/29/2025 - 20:13:48: [SM]   [2] Line 239, d:\Github\Private-Work\L4D2-Êèí‰ª∂\scripting_1.11\l4d_sm_respawn.sp::MenuHandler_MenuList
L 12/29/2025 - 20:13:54: [SM] Exception reported: Invalid convar handle 0 (error 4)
L 12/29/2025 - 20:13:54: [SM] Blaming: ÒankrunFixhealth.smx
L 12/29/2025 - 20:13:54: [SM] Call stack trace:
L 12/29/2025 - 20:13:54: [SM]   [0] GetConVarString
L 12/29/2025 - 20:13:54: [SM]   [1] Line 138, C:\Users\Moises\Downloads\Compressed\sourcemod-1.11.0-git6968-windows\addons\sourcemod\scripting\ÒankrunFixhealth.sp::IsTankRunActive
L 12/29/2025 - 20:13:54: [SM]   [2] Line 36, C:\Users\Moises\Downloads\Compressed\sourcemod-1.11.0-git6968-windows\addons\sourcemod\scripting\ÒankrunFixhealth.sp::Timer_PeriodicCheck
L 12/29/2025 - 20:14:04: [SM] Exception reported: Invalid convar handle 0 (error 4)
L 12/29/2025 - 20:14:04: [SM] Blaming: ÒankrunFixhealth.smx
L 12/29/2025 - 20:14:04: [SM] Call stack trace:
L 12/29/2025 - 20:14:04: [SM]   [0] GetConVarString
L 12/29/2025 - 20:14:04: [SM]   [1] Line 138, C:\Users\Moises\Downloads\Compressed\sourcemod-1.11.0-git6968-windows\addons\sourcemod\scripting\ÒankrunFixhealth.sp::IsTankRunActive
L 12/29/2025 - 20:14:04: [SM]   [2] Line 79, C:\Users\Moises\Downloads\Compressed\sourcemod-1.11.0-git6968-windows\addons\sourcemod\scripting\ÒankrunFixhealth.sp::Event_PlayerDeath
L 12/29/2025 - 20:14:04: [SM] Exception reported: Invalid convar handle 0 (error 4)
L 12/29/2025 - 20:14:04: [SM] Blaming: ÒankrunFixhealth.smx
L 12/29/2025 - 20:14:04: [SM] Call stack trace:
L 12/29/2025 - 20:14:04: [SM]   [0] GetConVarString
L 12/29/2025 - 20:14:04: [SM]   [1] Line 138, C:\Users\Moises\Downloads\Compressed\sourcemod-1.11.0-git6968-windows\addons\sourcemod\scripting\ÒankrunFixhealth.sp::IsTankRunActive
L 12/29/2025 - 20:14:04: [SM]   [2] Line 36, C:\Users\Moises\Downloads\Compressed\sourcemod-1.11.0-git6968-windows\addons\sourcemod\scripting\ÒankrunFixhealth.sp::Timer_PeriodicCheck
L 12/29/2025 - 20:14:07: [SM] Exception reported: Invalid convar handle 0 (error 4)
L 12/29/2025 - 20:14:07: [SM] Blaming: ÒankrunFixhealth.smx
L 12/29/2025 - 20:14:07: [SM] Call stack trace:
L 12/29/2025 - 20:14:07: [SM]   [0] GetConVarString
L 12/29/2025 - 20:14:07: [SM]   [1] Line 138, C:\Users\Moises\Downloads\Compressed\sourcemod-1.11.0-git6968-windows\addons\sourcemod\scripting\ÒankrunFixhealth.sp::IsTankRunActive
L 12/29/2025 - 20:14:07: [SM]   [2] Line 79, C:\Users\Moises\Downloads\Compressed\sourcemod-1.11.0-git6968-windows\addons\sourcemod\scripting\ÒankrunFixhealth.sp::Event_PlayerDeath
L 12/29/2025 - 20:14:10: [SM] Exception reported: Language phrase "Type in chat !join To join the survivors" not found (arg 6)
L 12/29/2025 - 20:14:10: [SM] Blaming: l4dmultislots.smx
L 12/29/2025 - 20:14:10: [SM] Call stack trace:
L 12/29/2025 - 20:14:10: [SM]   [0] VFormat
L 12/29/2025 - 20:14:10: [SM]   [1] Line 71, D:\Github\Private-Work\L4D2-Êèí‰ª∂\scripting_1.11\include\multicolors.inc::CPrintToChat
L 12/29/2025 - 20:14:10: [SM]   [2] Line 938, d:\Github\Private-Work\L4D2-Êèí‰ª∂\scripting_1.11\l4dmultislots.sp::Timer_SpecCheck
L 12/29/2025 - 20:14:11: [SM] Exception reported: Invalid timer handle f4c0047d (error 1)
L 12/29/2025 - 20:14:11: [SM] Blaming: l4d2_playerjoining_v2.smx
L 12/29/2025 - 20:14:11: [SM] Call stack trace:
L 12/29/2025 - 20:14:11: [SM]   [0] KillTimer
L 12/29/2025 - 20:14:11: [SM]   [1] Line 53, C:\Users\Moises\Downloads\Compressed\sourcemod-1.11.0-git6968-windows\addons\sourcemod\scripting\l4d2_playerjoining_v2.sp::OnClientDisconnect
L 12/29/2025 - 20:14:11: [SM] Exception reported: Invalid convar handle 0 (error 4)
L 12/29/2025 - 20:14:11: [SM] Blaming: ÒankrunFixhealth.smx
L 12/29/2025 - 20:14:11: [SM] Call stack trace:
L 12/29/2025 - 20:14:11: [SM]   [0] GetConVarString
L 12/29/2025 - 20:14:11: [SM]   [1] Line 138, C:\Users\Moises\Downloads\Compressed\sourcemod-1.11.0-git6968-windows\addons\sourcemod\scripting\ÒankrunFixhealth.sp::IsTankRunActive
L 12/29/2025 - 20:14:11: [SM]   [2] Line 79, C:\Users\Moises\Downloads\Compressed\sourcemod-1.11.0-git6968-windows\addons\sourcemod\scripting\ÒankrunFixhealth.sp::Event_PlayerDeath
L 12/29/2025 - 20:14:14: [SM] Exception reported: Invalid convar handle 0 (error 4)
L 12/29/2025 - 20:14:14: [SM] Blaming: ÒankrunFixhealth.smx
L 12/29/2025 - 20:14:14: [SM] Call stack trace:
L 12/29/2025 - 20:14:14: [SM]   [0] GetConVarString
L 12/29/2025 - 20:14:14: [SM]   [1] Line 138, C:\Users\Moises\Downloads\Compressed\sourcemod-1.11.0-git6968-windows\addons\sourcemod\scripting\ÒankrunFixhealth.sp::IsTankRunActive
L 12/29/2025 - 20:14:14: [SM]   [2] Line 36, C:\Users\Moises\Downloads\Compressed\sourcemod-1.11.0-git6968-windows\addons\sourcemod\scripting\ÒankrunFixhealth.sp::Timer_PeriodicCheck
L 12/29/2025 - 20:14:15: [SM] Exception reported: Invalid timer handle 4200497 (error 3)
L 12/29/2025 - 20:14:15: [SM] Blaming: l4d2_playerjoining_v2.smx
L 12/29/2025 - 20:14:15: [SM] Call stack trace:
L 12/29/2025 - 20:14:15: [SM]   [0] KillTimer
L 12/29/2025 - 20:14:15: [SM]   [1] Line 53, C:\Users\Moises\Downloads\Compressed\sourcemod-1.11.0-git6968-windows\addons\sourcemod\scripting\l4d2_playerjoining_v2.sp::OnClientDisconnect
L 12/29/2025 - 20:14:17: [SM] Exception reported: Invalid timer handle f4c0047d (error 1)
L 12/29/2025 - 20:14:17: [SM] Blaming: l4d2_playerjoining_v2.smx
L 12/29/2025 - 20:14:17: [SM] Call stack trace:
L 12/29/2025 - 20:14:17: [SM]   [0] KillTimer
L 12/29/2025 - 20:14:17: [SM]   [1] Line 53, C:\Users\Moises\Downloads\Compressed\sourcemod-1.11.0-git6968-windows\addons\sourcemod\scripting\l4d2_playerjoining_v2.sp::OnClientDisconnect
L 12/29/2025 - 20:14:20: [SM] Exception reported: Invalid timer handle 4200497 (error 3)
L 12/29/2025 - 20:14:20: [SM] Blaming: l4d2_playerjoining_v2.smx
L 12/29/2025 - 20:14:20: [SM] Call stack trace:
L 12/29/2025 - 20:14:20: [SM]   [0] KillTimer
L 12/29/2025 - 20:14:20: [SM]   [1] Line 53, C:\Users\Moises\Downloads\Compressed\sourcemod-1.11.0-git6968-windows\addons\sourcemod\scripting\l4d2_playerjoining_v2.sp::OnClientDisconnect
L 12/29/2025 - 20:14:20: [SM] Exception reported: Invalid convar handle 0 (error 4)
L 12/29/2025 - 20:14:20: [SM] Blaming: ÒankrunFixhealth.smx
L 12/29/2025 - 20:14:20: [SM] Call stack trace:
L 12/29/2025 - 20:14:20: [SM]   [0] GetConVarString
L 12/29/2025 - 20:14:20: [SM]   [1] Line 138, C:\Users\Moises\Downloads\Compressed\sourcemod-1.11.0-git6968-windows\addons\sourcemod\scripting\ÒankrunFixhealth.sp::IsTankRunActive
L 12/29/2025 - 20:14:20: [SM]   [2] Line 79, C:\Users\Moises\Downloads\Compressed\sourcemod-1.11.0-git6968-windows\addons\sourcemod\scripting\ÒankrunFixhealth.sp::Event_PlayerDeath
L 12/29/2025 - 20:14:20: [SM]   [4] ForcePlayerSuicide
L 12/29/2025 - 20:14:20: [SM]   [5] Line 37, D:\builds\build-sourcemod-msvc12\windows-1.12\build\plugins\playercommands\slay.sp::PerformSlay
L 12/29/2025 - 20:14:20: [SM]   [6] Line 108, D:\builds\build-sourcemod-msvc12\windows-1.12\build\plugins\playercommands\slay.sp::MenuHandler_Slay
L 12/29/2025 - 20:14:24: [SM] Exception reported: Invalid convar handle 0 (error 4)
L 12/29/2025 - 20:14:24: [SM] Blaming: ÒankrunFixhealth.smx
L 12/29/2025 - 20:14:24: [SM] Call stack trace:
L 12/29/2025 - 20:14:24: [SM]   [0] GetConVarString
L 12/29/2025 - 20:14:24: [SM]   [1] Line 138, C:\Users\Moises\Downloads\Compressed\sourcemod-1.11.0-git6968-windows\addons\sourcemod\scripting\ÒankrunFixhealth.sp::IsTankRunActive
L 12/29/2025 - 20:14:24: [SM]   [2] Line 36, C:\Users\Moises\Downloads\Compressed\sourcemod-1.11.0-git6968-windows\addons\sourcemod\scripting\ÒankrunFixhealth.sp::Timer_PeriodicCheck
L 12/29/2025 - 20:14:27: [SM] Exception reported: Invalid timer handle f4c0047d (error 1)
L 12/29/2025 - 20:14:27: [SM] Blaming: l4d2_playerjoining_v2.smx
L 12/29/2025 - 20:14:27: [SM] Call stack trace:
L 12/29/2025 - 20:14:27: [SM]   [0] KillTimer
L 12/29/2025 - 20:14:27: [SM]   [1] Line 53, C:\Users\Moises\Downloads\Compressed\sourcemod-1.11.0-git6968-windows\addons\sourcemod\scripting\l4d2_playerjoining_v2.sp::OnClientDisconnect
L 12/29/2025 - 20:14:28: [SM] Exception reported: Invalid convar handle 0 (error 4)
L 12/29/2025 - 20:14:28: [SM] Blaming: ÒankrunFixhealth.smx
L 12/29/2025 - 20:14:28: [SM] Call stack trace:
L 12/29/2025 - 20:14:28: [SM]   [0] GetConVarString
L 12/29/2025 - 20:14:28: [SM]   [1] Line 138, C:\Users\Moises\Downloads\Compressed\sourcemod-1.11.0-git6968-windows\addons\sourcemod\scripting\ÒankrunFixhealth.sp::IsTankRunActive
L 12/29/2025 - 20:14:28: [SM]   [2] Line 79, C:\Users\Moises\Downloads\Compressed\sourcemod-1.11.0-git6968-windows\addons\sourcemod\scripting\ÒankrunFixhealth.sp::Event_PlayerDeath
L 12/29/2025 - 20:14:30: [SM] Exception reported: Language phrase "No Any Dead Survivor" not found (arg 6)
L 12/29/2025 - 20:14:30: [SM] Blaming: l4d_sm_respawn.smx
L 12/29/2025 - 20:14:30: [SM] Call stack trace:
L 12/29/2025 - 20:14:30: [SM]   [0] FormatEx
L 12/29/2025 - 20:14:30: [SM]   [1] Line 202, d:\Github\Private-Work\L4D2-Êèí‰ª∂\scripting_1.11\l4d_sm_respawn.sp::MenuClientsToSpawn
L 12/29/2025 - 20:14:30: [SM]   [2] Line 239, d:\Github\Private-Work\L4D2-Êèí‰ª∂\scripting_1.11\l4d_sm_respawn.sp::MenuHandler_MenuList
L 12/29/2025 - 20:14:34: [SM] Exception reported: Invalid convar handle 0 (error 4)
L 12/29/2025 - 20:14:34: [SM] Blaming: ÒankrunFixhealth.smx
L 12/29/2025 - 20:14:34: [SM] Call stack trace:
L 12/29/2025 - 20:14:34: [SM]   [0] GetConVarString
L 12/29/2025 - 20:14:34: [SM]   [1] Line 138, C:\Users\Moises\Downloads\Compressed\sourcemod-1.11.0-git6968-windows\addons\sourcemod\scripting\ÒankrunFixhealth.sp::IsTankRunActive
L 12/29/2025 - 20:14:34: [SM]   [2] Line 36, C:\Users\Moises\Downloads\Compressed\sourcemod-1.11.0-git6968-windows\addons\sourcemod\scripting\ÒankrunFixhealth.sp::Timer_PeriodicCheck
L 12/29/2025 - 20:14:35: [SM] Exception reported: Language phrase "Type in chat !join To join the survivors" not found (arg 6)
L 12/29/2025 - 20:14:35: [SM] Blaming: l4dmultislots.smx
L 12/29/2025 - 20:14:35: [SM] Call stack trace:
L 12/29/2025 - 20:14:35: [SM]   [0] VFormat
L 12/29/2025 - 20:14:35: [SM]   [1] Line 71, D:\Github\Private-Work\L4D2-Êèí‰ª∂\scripting_1.11\include\multicolors.inc::CPrintToChat
L 12/29/2025 - 20:14:35: [SM]   [2] Line 938, d:\Github\Private-Work\L4D2-Êèí‰ª∂\scripting_1.11\l4dmultislots.sp::Timer_SpecCheck
L 12/29/2025 - 20:14:42: [SM] Exception reported: Invalid convar handle 0 (error 4)
L 12/29/2025 - 20:14:42: [SM] Blaming: ÒankrunFixhealth.smx
L 12/29/2025 - 20:14:42: [SM] Call stack trace:
L 12/29/2025 - 20:14:42: [SM]   [0] GetConVarString
L 12/29/2025 - 20:14:42: [SM]   [1] Line 138, C:\Users\Moises\Downloads\Compressed\sourcemod-1.11.0-git6968-windows\addons\sourcemod\scripting\ÒankrunFixhealth.sp::IsTankRunActive
L 12/29/2025 - 20:14:42: [SM]   [2] Line 79, C:\Users\Moises\Downloads\Compressed\sourcemod-1.11.0-git6968-windows\addons\sourcemod\scripting\ÒankrunFixhealth.sp::Event_PlayerDeath
L 12/29/2025 - 20:14:44: [SM] Exception reported: Invalid convar handle 0 (error 4)
L 12/29/2025 - 20:14:44: [SM] Blaming: ÒankrunFixhealth.smx
L 12/29/2025 - 20:14:44: [SM] Call stack trace:
L 12/29/2025 - 20:14:44: [SM]   [0] GetConVarString
L 12/29/2025 - 20:14:44: [SM]   [1] Line 138, C:\Users\Moises\Downloads\Compressed\sourcemod-1.11.0-git6968-windows\addons\sourcemod\scripting\ÒankrunFixhealth.sp::IsTankRunActive
L 12/29/2025 - 20:14:44: [SM]   [2] Line 36, C:\Users\Moises\Downloads\Compressed\sourcemod-1.11.0-git6968-windows\addons\sourcemod\scripting\ÒankrunFixhealth.sp::Timer_PeriodicCheck
L 12/29/2025 - 20:14:46: [SM] Exception reported: Invalid convar handle 0 (error 4)
L 12/29/2025 - 20:14:46: [SM] Blaming: ÒankrunFixhealth.smx
L 12/29/2025 - 20:14:46: [SM] Call stack trace:
L 12/29/2025 - 20:14:46: [SM]   [0] GetConVarString
L 12/29/2025 - 20:14:46: [SM]   [1] Line 138, C:\Users\Moises\Downloads\Compressed\sourcemod-1.11.0-git6968-windows\addons\sourcemod\scripting\ÒankrunFixhealth.sp::IsTankRunActive
L 12/29/2025 - 20:14:46: [SM]   [2] Line 79, C:\Users\Moises\Downloads\Compressed\sourcemod-1.11.0-git6968-windows\addons\sourcemod\scripting\ÒankrunFixhealth.sp::Event_PlayerDeath
L 12/29/2025 - 20:14:49: [SM] Exception reported: Invalid timer handle 4f004b0 (error 1)
L 12/29/2025 - 20:14:49: [SM] Blaming: l4d2_playerjoining_v2.smx
L 12/29/2025 - 20:14:49: [SM] Call stack trace:
L 12/29/2025 - 20:14:49: [SM]   [0] KillTimer
L 12/29/2025 - 20:14:49: [SM]   [1] Line 53, C:\Users\Moises\Downloads\Compressed\sourcemod-1.11.0-git6968-windows\addons\sourcemod\scripting\l4d2_playerjoining_v2.sp::OnClientDisconnect
L 12/29/2025 - 20:14:54: [SM] Exception reported: Invalid convar handle 0 (error 4)
L 12/29/2025 - 20:14:54: [SM] Blaming: ÒankrunFixhealth.smx
L 12/29/2025 - 20:14:54: [SM] Call stack trace:
L 12/29/2025 - 20:14:54: [SM]   [0] GetConVarString
L 12/29/2025 - 20:14:54: [SM]   [1] Line 138, C:\Users\Moises\Downloads\Compressed\sourcemod-1.11.0-git6968-windows\addons\sourcemod\scripting\ÒankrunFixhealth.sp::IsTankRunActive
L 12/29/2025 - 20:14:54: [SM]   [2] Line 36, C:\Users\Moises\Downloads\Compressed\sourcemod-1.11.0-git6968-windows\addons\sourcemod\scripting\ÒankrunFixhealth.sp::Timer_PeriodicCheck
L 12/29/2025 - 20:15:00: [SM] Exception reported: Language phrase "Type in chat !join To join the survivors" not found (arg 6)
L 12/29/2025 - 20:15:00: [SM] Blaming: l4dmultislots.smx
L 12/29/2025 - 20:15:00: [SM] Call stack trace:
L 12/29/2025 - 20:15:00: [SM]   [0] VFormat
L 12/29/2025 - 20:15:00: [SM]   [1] Line 71, D:\Github\Private-Work\L4D2-Êèí‰ª∂\scripting_1.11\include\multicolors.inc::CPrintToChat
L 12/29/2025 - 20:15:00: [SM]   [2] Line 938, d:\Github\Private-Work\L4D2-Êèí‰ª∂\scripting_1.11\l4dmultislots.sp::Timer_SpecCheck
L 12/29/2025 - 20:15:04: [SM] Exception reported: Invalid convar handle 0 (error 4)
L 12/29/2025 - 20:15:04: [SM] Blaming: ÒankrunFixhealth.smx
L 12/29/2025 - 20:15:04: [SM] Call stack trace:
L 12/29/2025 - 20:15:04: [SM]   [0] GetConVarString
L 12/29/2025 - 20:15:04: [SM]   [1] Line 138, C:\Users\Moises\Downloads\Compressed\sourcemod-1.11.0-git6968-windows\addons\sourcemod\scripting\ÒankrunFixhealth.sp::IsTankRunActive
L 12/29/2025 - 20:15:04: [SM]   [2] Line 36, C:\Users\Moises\Downloads\Compressed\sourcemod-1.11.0-git6968-windows\addons\sourcemod\scripting\ÒankrunFixhealth.sp::Timer_PeriodicCheck
L 12/29/2025 - 20:15:14: [SM] Exception reported: Invalid convar handle 0 (error 4)
L 12/29/2025 - 20:15:14: [SM] Blaming: ÒankrunFixhealth.smx
L 12/29/2025 - 20:15:14: [SM] Call stack trace:
L 12/29/2025 - 20:15:14: [SM]   [0] GetConVarString
L 12/29/2025 - 20:15:14: [SM]   [1] Line 138, C:\Users\Moises\Downloads\Compressed\sourcemod-1.11.0-git6968-windows\addons\sourcemod\scripting\ÒankrunFixhealth.sp::IsTankRunActive
L 12/29/2025 - 20:15:14: [SM]   [2] Line 36, C:\Users\Moises\Downloads\Compressed\sourcemod-1.11.0-git6968-windows\addons\sourcemod\scripting\ÒankrunFixhealth.sp::Timer_PeriodicCheck
L 12/29/2025 - 20:15:16: [SM] Exception reported: Invalid convar handle 0 (error 4)
L 12/29/2025 - 20:15:16: [SM] Blaming: ÒankrunFixhealth.smx
L 12/29/2025 - 20:15:16: [SM] Call stack trace:
L 12/29/2025 - 20:15:16: [SM]   [0] GetConVarString
L 12/29/2025 - 20:15:16: [SM]   [1] Line 138, C:\Users\Moises\Downloads\Compressed\sourcemod-1.11.0-git6968-windows\addons\sourcemod\scripting\ÒankrunFixhealth.sp::IsTankRunActive
L 12/29/2025 - 20:15:16: [SM]   [2] Line 79, C:\Users\Moises\Downloads\Compressed\sourcemod-1.11.0-git6968-windows\addons\sourcemod\scripting\ÒankrunFixhealth.sp::Event_PlayerDeath
L 12/29/2025 - 20:15:24: [SM] Exception reported: Language phrase "No Any Dead Survivor" not found (arg 6)
L 12/29/2025 - 20:15:24: [SM] Blaming: l4d_sm_respawn.smx
L 12/29/2025 - 20:15:24: [SM] Call stack trace:
L 12/29/2025 - 20:15:24: [SM]   [0] FormatEx
L 12/29/2025 - 20:15:24: [SM]   [1] Line 202, d:\Github\Private-Work\L4D2-Êèí‰ª∂\scripting_1.11\l4d_sm_respawn.sp::MenuClientsToSpawn
L 12/29/2025 - 20:15:24: [SM]   [2] Line 239, d:\Github\Private-Work\L4D2-Êèí‰ª∂\scripting_1.11\l4d_sm_respawn.sp::MenuHandler_MenuList
L 12/29/2025 - 20:15:24: [SM] Exception reported: Invalid convar handle 0 (error 4)
L 12/29/2025 - 20:15:24: [SM] Blaming: ÒankrunFixhealth.smx
L 12/29/2025 - 20:15:24: [SM] Call stack trace:
L 12/29/2025 - 20:15:24: [SM]   [0] GetConVarString
L 12/29/2025 - 20:15:24: [SM]   [1] Line 138, C:\Users\Moises\Downloads\Compressed\sourcemod-1.11.0-git6968-windows\addons\sourcemod\scripting\ÒankrunFixhealth.sp::IsTankRunActive
L 12/29/2025 - 20:15:24: [SM]   [2] Line 36, C:\Users\Moises\Downloads\Compressed\sourcemod-1.11.0-git6968-windows\addons\sourcemod\scripting\ÒankrunFixhealth.sp::Timer_PeriodicCheck
L 12/29/2025 - 20:15:25: [SM] Exception reported: Language phrase "Type in chat !join To join the survivors" not found (arg 6)
L 12/29/2025 - 20:15:25: [SM] Blaming: l4dmultislots.smx
L 12/29/2025 - 20:15:25: [SM] Call stack trace:
L 12/29/2025 - 20:15:25: [SM]   [0] VFormat
L 12/29/2025 - 20:15:25: [SM]   [1] Line 71, D:\Github\Private-Work\L4D2-Êèí‰ª∂\scripting_1.11\include\multicolors.inc::CPrintToChat
L 12/29/2025 - 20:15:25: [SM]   [2] Line 938, d:\Github\Private-Work\L4D2-Êèí‰ª∂\scripting_1.11\l4dmultislots.sp::Timer_SpecCheck
L 12/29/2025 - 20:15:28: [SM] Exception reported: Invalid convar handle 0 (error 4)
L 12/29/2025 - 20:15:28: [SM] Blaming: ÒankrunFixhealth.smx
L 12/29/2025 - 20:15:28: [SM] Call stack trace:
L 12/29/2025 - 20:15:28: [SM]   [0] GetConVarString
L 12/29/2025 - 20:15:28: [SM]   [1] Line 138, C:\Users\Moises\Downloads\Compressed\sourcemod-1.11.0-git6968-windows\addons\sourcemod\scripting\ÒankrunFixhealth.sp::IsTankRunActive
L 12/29/2025 - 20:15:28: [SM]   [2] Line 79, C:\Users\Moises\Downloads\Compressed\sourcemod-1.11.0-git6968-windows\addons\sourcemod\scripting\ÒankrunFixhealth.sp::Event_PlayerDeath
L 12/29/2025 - 20:15:34: [SM] Exception reported: Invalid convar handle 0 (error 4)
L 12/29/2025 - 20:15:34: [SM] Blaming: ÒankrunFixhealth.smx
L 12/29/2025 - 20:15:34: [SM] Call stack trace:
L 12/29/2025 - 20:15:34: [SM]   [0] GetConVarString
L 12/29/2025 - 20:15:34: [SM]   [1] Line 138, C:\Users\Moises\Downloads\Compressed\sourcemod-1.11.0-git6968-windows\addons\sourcemod\scripting\ÒankrunFixhealth.sp::IsTankRunActive
L 12/29/2025 - 20:15:34: [SM]   [2] Line 36, C:\Users\Moises\Downloads\Compressed\sourcemod-1.11.0-git6968-windows\addons\sourcemod\scripting\ÒankrunFixhealth.sp::Timer_PeriodicCheck
L 12/29/2025 - 20:15:35: [SM] Exception reported: Invalid timer handle 83004c8 (error 3)
L 12/29/2025 - 20:15:35: [SM] Blaming: l4d2_playerjoining_v2.smx
L 12/29/2025 - 20:15:35: [SM] Call stack trace:
L 12/29/2025 - 20:15:35: [SM]   [0] KillTimer
L 12/29/2025 - 20:15:35: [SM]   [1] Line 53, C:\Users\Moises\Downloads\Compressed\sourcemod-1.11.0-git6968-windows\addons\sourcemod\scripting\l4d2_playerjoining_v2.sp::OnClientDisconnect
L 12/29/2025 - 20:15:44: [SM] Exception reported: Invalid convar handle 0 (error 4)
L 12/29/2025 - 20:15:44: [SM] Blaming: ÒankrunFixhealth.smx
L 12/29/2025 - 20:15:44: [SM] Call stack trace:
L 12/29/2025 - 20:15:44: [SM]   [0] GetConVarString
L 12/29/2025 - 20:15:44: [SM]   [1] Line 138, C:\Users\Moises\Downloads\Compressed\sourcemod-1.11.0-git6968-windows\addons\sourcemod\scripting\ÒankrunFixhealth.sp::IsTankRunActive
L 12/29/2025 - 20:15:44: [SM]   [2] Line 79, C:\Users\Moises\Downloads\Compressed\sourcemod-1.11.0-git6968-windows\addons\sourcemod\scripting\ÒankrunFixhealth.sp::Event_PlayerDeath
L 12/29/2025 - 20:15:44: [SM] Exception reported: Invalid convar handle 0 (error 4)
L 12/29/2025 - 20:15:44: [SM] Blaming: ÒankrunFixhealth.smx
L 12/29/2025 - 20:15:44: [SM] Call stack trace:
L 12/29/2025 - 20:15:44: [SM]   [0] GetConVarString
L 12/29/2025 - 20:15:44: [SM]   [1] Line 138, C:\Users\Moises\Downloads\Compressed\sourcemod-1.11.0-git6968-windows\addons\sourcemod\scripting\ÒankrunFixhealth.sp::IsTankRunActive
L 12/29/2025 - 20:15:44: [SM]   [2] Line 36, C:\Users\Moises\Downloads\Compressed\sourcemod-1.11.0-git6968-windows\addons\sourcemod\scripting\ÒankrunFixhealth.sp::Timer_PeriodicCheck
L 12/29/2025 - 20:15:47: [SM] Exception reported: Invalid convar handle 0 (error 4)
L 12/29/2025 - 20:15:47: [SM] Blaming: ÒankrunFixhealth.smx
L 12/29/2025 - 20:15:47: [SM] Call stack trace:
L 12/29/2025 - 20:15:47: [SM]   [0] GetConVarString
L 12/29/2025 - 20:15:47: [SM]   [1] Line 138, C:\Users\Moises\Downloads\Compressed\sourcemod-1.11.0-git6968-windows\addons\sourcemod\scripting\ÒankrunFixhealth.sp::IsTankRunActive
L 12/29/2025 - 20:15:47: [SM]   [2] Line 79, C:\Users\Moises\Downloads\Compressed\sourcemod-1.11.0-git6968-windows\addons\sourcemod\scripting\ÒankrunFixhealth.sp::Event_PlayerDeath
L 12/29/2025 - 20:15:48: [SM] Exception reported: Invalid convar handle 0 (error 4)
L 12/29/2025 - 20:15:48: [SM] Blaming: ÒankrunFixhealth.smx
L 12/29/2025 - 20:15:48: [SM] Call stack trace:
L 12/29/2025 - 20:15:48: [SM]   [0] GetConVarString
L 12/29/2025 - 20:15:48: [SM]   [1] Line 138, C:\Users\Moises\Downloads\Compressed\sourcemod-1.11.0-git6968-windows\addons\sourcemod\scripting\ÒankrunFixhealth.sp::IsTankRunActive
L 12/29/2025 - 20:15:48: [SM]   [2] Line 79, C:\Users\Moises\Downloads\Compressed\sourcemod-1.11.0-git6968-windows\addons\sourcemod\scripting\ÒankrunFixhealth.sp::Event_PlayerDeath
L 12/29/2025 - 20:15:49: [SM] Exception reported: Invalid convar handle 0 (error 4)
L 12/29/2025 - 20:15:49: [SM] Blaming: ÒankrunFixhealth.smx
L 12/29/2025 - 20:15:49: [SM] Call stack trace:
L 12/29/2025 - 20:15:49: [SM]   [0] GetConVarString
L 12/29/2025 - 20:15:49: [SM]   [1] Line 138, C:\Users\Moises\Downloads\Compressed\sourcemod-1.11.0-git6968-windows\addons\sourcemod\scripting\ÒankrunFixhealth.sp::IsTankRunActive
L 12/29/2025 - 20:15:49: [SM]   [2] Line 79, C:\Users\Moises\Downloads\Compressed\sourcemod-1.11.0-git6968-windows\addons\sourcemod\scripting\ÒankrunFixhealth.sp::Event_PlayerDeath
L 12/29/2025 - 20:15:50: [SM] Exception reported: Language phrase "Type in chat !join To join the survivors" not found (arg 6)
L 12/29/2025 - 20:15:50: [SM] Blaming: l4dmultislots.smx
L 12/29/2025 - 20:15:50: [SM] Call stack trace:
L 12/29/2025 - 20:15:50: [SM]   [0] VFormat
L 12/29/2025 - 20:15:50: [SM]   [1] Line 71, D:\Github\Private-Work\L4D2-Êèí‰ª∂\scripting_1.11\include\multicolors.inc::CPrintToChat
L 12/29/2025 - 20:15:50: [SM]   [2] Line 938, d:\Github\Private-Work\L4D2-Êèí‰ª∂\scripting_1.11\l4dmultislots.sp::Timer_SpecCheck
L 12/29/2025 - 20:15:54: [SM] Exception reported: Invalid convar handle 0 (error 4)
L 12/29/2025 - 20:15:54: [SM] Blaming: ÒankrunFixhealth.smx
L 12/29/2025 - 20:15:54: [SM] Call stack trace:
L 12/29/2025 - 20:15:54: [SM]   [0] GetConVarString
L 12/29/2025 - 20:15:54: [SM]   [1] Line 138, C:\Users\Moises\Downloads\Compressed\sourcemod-1.11.0-git6968-windows\addons\sourcemod\scripting\ÒankrunFixhealth.sp::IsTankRunActive
L 12/29/2025 - 20:15:54: [SM]   [2] Line 36, C:\Users\Moises\Downloads\Compressed\sourcemod-1.11.0-git6968-windows\addons\sourcemod\scripting\ÒankrunFixhealth.sp::Timer_PeriodicCheck
L 12/29/2025 - 20:15:57: [SM] Exception reported: Language phrase "No Any Dead Survivor" not found (arg 6)
L 12/29/2025 - 20:15:57: [SM] Blaming: l4d_sm_respawn.smx
L 12/29/2025 - 20:15:57: [SM] Call stack trace:
L 12/29/2025 - 20:15:57: [SM]   [0] FormatEx
L 12/29/2025 - 20:15:57: [SM]   [1] Line 202, d:\Github\Private-Work\L4D2-Êèí‰ª∂\scripting_1.11\l4d_sm_respawn.sp::MenuClientsToSpawn
L 12/29/2025 - 20:15:57: [SM]   [2] Line 239, d:\Github\Private-Work\L4D2-Êèí‰ª∂\scripting_1.11\l4d_sm_respawn.sp::MenuHandler_MenuList
L 12/29/2025 - 20:16:02: [SM] Exception reported: Invalid convar handle 0 (error 4)
L 12/29/2025 - 20:16:02: [SM] Blaming: ÒankrunFixhealth.smx
L 12/29/2025 - 20:16:02: [SM] Call stack trace:
L 12/29/2025 - 20:16:02: [SM]   [0] GetConVarString
L 12/29/2025 - 20:16:02: [SM]   [1] Line 138, C:\Users\Moises\Downloads\Compressed\sourcemod-1.11.0-git6968-windows\addons\sourcemod\scripting\ÒankrunFixhealth.sp::IsTankRunActive
L 12/29/2025 - 20:16:02: [SM]   [2] Line 79, C:\Users\Moises\Downloads\Compressed\sourcemod-1.11.0-git6968-windows\addons\sourcemod\scripting\ÒankrunFixhealth.sp::Event_PlayerDeath
L 12/29/2025 - 20:16:03: [SM] Exception reported: Invalid convar handle 0 (error 4)
L 12/29/2025 - 20:16:03: [SM] Blaming: ÒankrunFixhealth.smx
L 12/29/2025 - 20:16:03: [SM] Call stack trace:
L 12/29/2025 - 20:16:03: [SM]   [0] GetConVarString
L 12/29/2025 - 20:16:03: [SM]   [1] Line 138, C:\Users\Moises\Downloads\Compressed\sourcemod-1.11.0-git6968-windows\addons\sourcemod\scripting\ÒankrunFixhealth.sp::IsTankRunActive
L 12/29/2025 - 20:16:03: [SM]   [2] Line 79, C:\Users\Moises\Downloads\Compressed\sourcemod-1.11.0-git6968-windows\addons\sourcemod\scripting\ÒankrunFixhealth.sp::Event_PlayerDeath
L 12/29/2025 - 20:16:04: [SM] Exception reported: Invalid convar handle 0 (error 4)
L 12/29/2025 - 20:16:04: [SM] Blaming: ÒankrunFixhealth.smx
L 12/29/2025 - 20:16:04: [SM] Call stack trace:
L 12/29/2025 - 20:16:04: [SM]   [0] GetConVarString
L 12/29/2025 - 20:16:04: [SM]   [1] Line 138, C:\Users\Moises\Downloads\Compressed\sourcemod-1.11.0-git6968-windows\addons\sourcemod\scripting\ÒankrunFixhealth.sp::IsTankRunActive
L 12/29/2025 - 20:16:04: [SM]   [2] Line 36, C:\Users\Moises\Downloads\Compressed\sourcemod-1.11.0-git6968-windows\addons\sourcemod\scripting\ÒankrunFixhealth.sp::Timer_PeriodicCheck
L 12/29/2025 - 20:16:09: [SM] Exception reported: Invalid timer handle 4200497 (error 3)
L 12/29/2025 - 20:16:09: [SM] Blaming: l4d2_playerjoining_v2.smx
L 12/29/2025 - 20:16:09: [SM] Call stack trace:
L 12/29/2025 - 20:16:09: [SM]   [0] KillTimer
L 12/29/2025 - 20:16:09: [SM]   [1] Line 53, C:\Users\Moises\Downloads\Compressed\sourcemod-1.11.0-git6968-windows\addons\sourcemod\scripting\l4d2_playerjoining_v2.sp::OnClientDisconnect
L 12/29/2025 - 20:16:13: [SM] Exception reported: Invalid timer handle 9670045a (error 1)
L 12/29/2025 - 20:16:13: [SM] Blaming: l4d2_playerjoining_v2.smx
L 12/29/2025 - 20:16:13: [SM] Call stack trace:
L 12/29/2025 - 20:16:13: [SM]   [0] KillTimer
L 12/29/2025 - 20:16:13: [SM]   [1] Line 53, C:\Users\Moises\Downloads\Compressed\sourcemod-1.11.0-git6968-windows\addons\sourcemod\scripting\l4d2_playerjoining_v2.sp::OnClientDisconnect
L 12/29/2025 - 20:16:14: [SM] Exception reported: Invalid convar handle 0 (error 4)
L 12/29/2025 - 20:16:14: [SM] Blaming: ÒankrunFixhealth.smx
L 12/29/2025 - 20:16:14: [SM] Call stack trace:
L 12/29/2025 - 20:16:14: [SM]   [0] GetConVarString
L 12/29/2025 - 20:16:14: [SM]   [1] Line 138, C:\Users\Moises\Downloads\Compressed\sourcemod-1.11.0-git6968-windows\addons\sourcemod\scripting\ÒankrunFixhealth.sp::IsTankRunActive
L 12/29/2025 - 20:16:14: [SM]   [2] Line 36, C:\Users\Moises\Downloads\Compressed\sourcemod-1.11.0-git6968-windows\addons\sourcemod\scripting\ÒankrunFixhealth.sp::Timer_PeriodicCheck
L 12/29/2025 - 20:16:15: [SM] Exception reported: Language phrase "Type in chat !join To join the survivors" not found (arg 6)
L 12/29/2025 - 20:16:15: [SM] Blaming: l4dmultislots.smx
L 12/29/2025 - 20:16:15: [SM] Call stack trace:
L 12/29/2025 - 20:16:15: [SM]   [0] VFormat
L 12/29/2025 - 20:16:15: [SM]   [1] Line 71, D:\Github\Private-Work\L4D2-Êèí‰ª∂\scripting_1.11\include\multicolors.inc::CPrintToChat
L 12/29/2025 - 20:16:15: [SM]   [2] Line 938, d:\Github\Private-Work\L4D2-Êèí‰ª∂\scripting_1.11\l4dmultislots.sp::Timer_SpecCheck
L 12/29/2025 - 20:16:19: [SM] Exception reported: Language phrase "No Any Dead Survivor" not found (arg 6)
L 12/29/2025 - 20:16:19: [SM] Blaming: l4d_sm_respawn.smx
L 12/29/2025 - 20:16:19: [SM] Call stack trace:
L 12/29/2025 - 20:16:19: [SM]   [0] FormatEx
L 12/29/2025 - 20:16:19: [SM]   [1] Line 202, d:\Github\Private-Work\L4D2-Êèí‰ª∂\scripting_1.11\l4d_sm_respawn.sp::MenuClientsToSpawn
L 12/29/2025 - 20:16:19: [SM]   [2] Line 239, d:\Github\Private-Work\L4D2-Êèí‰ª∂\scripting_1.11\l4d_sm_respawn.sp::MenuHandler_MenuList
L 12/29/2025 - 20:16:19: [SM] Exception reported: Invalid convar handle 0 (error 4)
L 12/29/2025 - 20:16:19: [SM] Blaming: ÒankrunFixhealth.smx
L 12/29/2025 - 20:16:19: [SM] Call stack trace:
L 12/29/2025 - 20:16:19: [SM]   [0] GetConVarString
L 12/29/2025 - 20:16:19: [SM]   [1] Line 138, C:\Users\Moises\Downloads\Compressed\sourcemod-1.11.0-git6968-windows\addons\sourcemod\scripting\ÒankrunFixhealth.sp::IsTankRunActive
L 12/29/2025 - 20:16:19: [SM]   [2] Line 79, C:\Users\Moises\Downloads\Compressed\sourcemod-1.11.0-git6968-windows\addons\sourcemod\scripting\ÒankrunFixhealth.sp::Event_PlayerDeath
L 12/29/2025 - 20:16:24: [SM] Exception reported: Invalid convar handle 0 (error 4)
L 12/29/2025 - 20:16:24: [SM] Blaming: ÒankrunFixhealth.smx
L 12/29/2025 - 20:16:24: [SM] Call stack trace:
L 12/29/2025 - 20:16:24: [SM]   [0] GetConVarString
L 12/29/2025 - 20:16:24: [SM]   [1] Line 138, C:\Users\Moises\Downloads\Compressed\sourcemod-1.11.0-git6968-windows\addons\sourcemod\scripting\ÒankrunFixhealth.sp::IsTankRunActive
L 12/29/2025 - 20:16:24: [SM]   [2] Line 36, C:\Users\Moises\Downloads\Compressed\sourcemod-1.11.0-git6968-windows\addons\sourcemod\scripting\ÒankrunFixhealth.sp::Timer_PeriodicCheck
L 12/29/2025 - 20:16:24: [SM] Exception reported: Invalid timer handle 777004dd (error 1)
L 12/29/2025 - 20:16:24: [SM] Blaming: l4d2_playerjoining_v2.smx
L 12/29/2025 - 20:16:24: [SM] Call stack trace:
L 12/29/2025 - 20:16:24: [SM]   [0] KillTimer
L 12/29/2025 - 20:16:24: [SM]   [1] Line 53, C:\Users\Moises\Downloads\Compressed\sourcemod-1.11.0-git6968-windows\addons\sourcemod\scripting\l4d2_playerjoining_v2.sp::OnClientDisconnect
L 12/29/2025 - 20:16:34: [SM] Exception reported: Invalid convar handle 0 (error 4)
L 12/29/2025 - 20:16:34: [SM] Blaming: ÒankrunFixhealth.smx
L 12/29/2025 - 20:16:34: [SM] Call stack trace:
L 12/29/2025 - 20:16:34: [SM]   [0] GetConVarString
L 12/29/2025 - 20:16:34: [SM]   [1] Line 138, C:\Users\Moises\Downloads\Compressed\sourcemod-1.11.0-git6968-windows\addons\sourcemod\scripting\ÒankrunFixhealth.sp::IsTankRunActive
L 12/29/2025 - 20:16:34: [SM]   [2] Line 36, C:\Users\Moises\Downloads\Compressed\sourcemod-1.11.0-git6968-windows\addons\sourcemod\scripting\ÒankrunFixhealth.sp::Timer_PeriodicCheck
L 12/29/2025 - 20:16:36: [SM] Exception reported: Invalid convar handle 0 (error 4)
L 12/29/2025 - 20:16:36: [SM] Blaming: ÒankrunFixhealth.smx
L 12/29/2025 - 20:16:36: [SM] Call stack trace:
L 12/29/2025 - 20:16:36: [SM]   [0] GetConVarString
L 12/29/2025 - 20:16:36: [SM]   [1] Line 138, C:\Users\Moises\Downloads\Compressed\sourcemod-1.11.0-git6968-windows\addons\sourcemod\scripting\ÒankrunFixhealth.sp::IsTankRunActive
L 12/29/2025 - 20:16:36: [SM]   [2] Line 79, C:\Users\Moises\Downloads\Compressed\sourcemod-1.11.0-git6968-windows\addons\sourcemod\scripting\ÒankrunFixhealth.sp::Event_PlayerDeath
L 12/29/2025 - 20:16:39: [SM] Exception reported: Invalid convar handle 0 (error 4)
L 12/29/2025 - 20:16:39: [SM] Blaming: ÒankrunFixhealth.smx
L 12/29/2025 - 20:16:39: [SM] Call stack trace:
L 12/29/2025 - 20:16:39: [SM]   [0] GetConVarString
L 12/29/2025 - 20:16:39: [SM]   [1] Line 138, C:\Users\Moises\Downloads\Compressed\sourcemod-1.11.0-git6968-windows\addons\sourcemod\scripting\ÒankrunFixhealth.sp::IsTankRunActive
L 12/29/2025 - 20:16:39: [SM]   [2] Line 79, C:\Users\Moises\Downloads\Compressed\sourcemod-1.11.0-git6968-windows\addons\sourcemod\scripting\ÒankrunFixhealth.sp::Event_PlayerDeath
L 12/29/2025 - 20:16:40: [SM] Exception reported: Language phrase "Please wait to be revived or rescued" not found (arg 6)
L 12/29/2025 - 20:16:40: [SM] Blaming: l4dmultislots.smx
L 12/29/2025 - 20:16:40: [SM] Call stack trace:
L 12/29/2025 - 20:16:40: [SM]   [0] PrintToChat
L 12/29/2025 - 20:16:40: [SM]   [1] Line 953, d:\Github\Private-Work\L4D2-Êèí‰ª∂\scripting_1.11\l4dmultislots.sp::Timer_SpecCheck
L 12/29/2025 - 20:16:41: [SM] Exception reported: Invalid convar handle 0 (error 4)
L 12/29/2025 - 20:16:41: [SM] Blaming: ÒankrunFixhealth.smx
L 12/29/2025 - 20:16:41: [SM] Call stack trace:
L 12/29/2025 - 20:16:41: [SM]   [0] GetConVarString
L 12/29/2025 - 20:16:41: [SM]   [1] Line 138, C:\Users\Moises\Downloads\Compressed\sourcemod-1.11.0-git6968-windows\addons\sourcemod\scripting\ÒankrunFixhealth.sp::IsTankRunActive
L 12/29/2025 - 20:16:41: [SM]   [2] Line 79, C:\Users\Moises\Downloads\Compressed\sourcemod-1.11.0-git6968-windows\addons\sourcemod\scripting\ÒankrunFixhealth.sp::Event_PlayerDeath
L 12/29/2025 - 20:16:41: [SM] Exception reported: Invalid convar handle 0 (error 4)
L 12/29/2025 - 20:16:41: [SM] Blaming: ÒankrunFixhealth.smx
L 12/29/2025 - 20:16:41: [SM] Call stack trace:
L 12/29/2025 - 20:16:41: [SM]   [0] GetConVarString
L 12/29/2025 - 20:16:41: [SM]   [1] Line 138, C:\Users\Moises\Downloads\Compressed\sourcemod-1.11.0-git6968-windows\addons\sourcemod\scripting\ÒankrunFixhealth.sp::IsTankRunActive
L 12/29/2025 - 20:16:41: [SM]   [2] Line 79, C:\Users\Moises\Downloads\Compressed\sourcemod-1.11.0-git6968-windows\addons\sourcemod\scripting\ÒankrunFixhealth.sp::Event_PlayerDeath
L 12/29/2025 - 20:16:43: [SM] Exception reported: Invalid convar handle 0 (error 4)
L 12/29/2025 - 20:16:43: [SM] Blaming: ÒankrunFixhealth.smx
L 12/29/2025 - 20:16:43: [SM] Call stack trace:
L 12/29/2025 - 20:16:43: [SM]   [0] GetConVarString
L 12/29/2025 - 20:16:43: [SM]   [1] Line 138, C:\Users\Moises\Downloads\Compressed\sourcemod-1.11.0-git6968-windows\addons\sourcemod\scripting\ÒankrunFixhealth.sp::IsTankRunActive
L 12/29/2025 - 20:16:43: [SM]   [2] Line 79, C:\Users\Moises\Downloads\Compressed\sourcemod-1.11.0-git6968-windows\addons\sourcemod\scripting\ÒankrunFixhealth.sp::Event_PlayerDeath
L 12/29/2025 - 20:16:44: [SM] Exception reported: Invalid convar handle 0 (error 4)
L 12/29/2025 - 20:16:44: [SM] Blaming: ÒankrunFixhealth.smx
L 12/29/2025 - 20:16:44: [SM] Call stack trace:
L 12/29/2025 - 20:16:44: [SM]   [0] GetConVarString
L 12/29/2025 - 20:16:44: [SM]   [1] Line 138, C:\Users\Moises\Downloads\Compressed\sourcemod-1.11.0-git6968-windows\addons\sourcemod\scripting\ÒankrunFixhealth.sp::IsTankRunActive
L 12/29/2025 - 20:16:44: [SM]   [2] Line 36, C:\Users\Moises\Downloads\Compressed\sourcemod-1.11.0-git6968-windows\addons\sourcemod\scripting\ÒankrunFixhealth.sp::Timer_PeriodicCheck
L 12/29/2025 - 20:16:44: [SM] Exception reported: Invalid convar handle 0 (error 4)
L 12/29/2025 - 20:16:44: [SM] Blaming: ÒankrunFixhealth.smx
L 12/29/2025 - 20:16:44: [SM] Call stack trace:
L 12/29/2025 - 20:16:44: [SM]   [0] GetConVarString
L 12/29/2025 - 20:16:44: [SM]   [1] Line 138, C:\Users\Moises\Downloads\Compressed\sourcemod-1.11.0-git6968-windows\addons\sourcemod\scripting\ÒankrunFixhealth.sp::IsTankRunActive
L 12/29/2025 - 20:16:44: [SM]   [2] Line 79, C:\Users\Moises\Downloads\Compressed\sourcemod-1.11.0-git6968-windows\addons\sourcemod\scripting\ÒankrunFixhealth.sp::Event_PlayerDeath
L 12/29/2025 - 20:16:48: [SM] Exception reported: Invalid timer handle 4f004b0 (error 1)
L 12/29/2025 - 20:16:48: [SM] Blaming: l4d2_playerjoining_v2.smx
L 12/29/2025 - 20:16:48: [SM] Call stack trace:
L 12/29/2025 - 20:16:48: [SM]   [0] KillTimer
L 12/29/2025 - 20:16:48: [SM]   [1] Line 53, C:\Users\Moises\Downloads\Compressed\sourcemod-1.11.0-git6968-windows\addons\sourcemod\scripting\l4d2_playerjoining_v2.sp::OnClientDisconnect
L 12/29/2025 - 20:16:48: [SM] Exception reported: Invalid timer handle b3400465 (error 1)
L 12/29/2025 - 20:16:48: [SM] Blaming: l4d2_playerjoining_v2.smx
L 12/29/2025 - 20:16:48: [SM] Call stack trace:
L 12/29/2025 - 20:16:48: [SM]   [0] KillTimer
L 12/29/2025 - 20:16:48: [SM]   [1] Line 53, C:\Users\Moises\Downloads\Compressed\sourcemod-1.11.0-git6968-windows\addons\sourcemod\scripting\l4d2_playerjoining_v2.sp::OnClientDisconnect
L 12/29/2025 - 20:16:51: [SM] Exception reported: Invalid timer handle 4f004b0 (error 1)
L 12/29/2025 - 20:16:51: [SM] Blaming: l4d2_playerjoining_v2.smx
L 12/29/2025 - 20:16:51: [SM] Call stack trace:
L 12/29/2025 - 20:16:51: [SM]   [0] KillTimer
L 12/29/2025 - 20:16:51: [SM]   [1] Line 53, C:\Users\Moises\Downloads\Compressed\sourcemod-1.11.0-git6968-windows\addons\sourcemod\scripting\l4d2_playerjoining_v2.sp::OnClientDisconnect
L 12/29/2025 - 20:16:52: [SM] Exception reported: Language phrase "No Any Dead Survivor" not found (arg 6)
L 12/29/2025 - 20:16:52: [SM] Blaming: l4d_sm_respawn.smx
L 12/29/2025 - 20:16:52: [SM] Call stack trace:
L 12/29/2025 - 20:16:52: [SM]   [0] FormatEx
L 12/29/2025 - 20:16:52: [SM]   [1] Line 202, d:\Github\Private-Work\L4D2-Êèí‰ª∂\scripting_1.11\l4d_sm_respawn.sp::MenuClientsToSpawn
L 12/29/2025 - 20:16:52: [SM]   [2] Line 239, d:\Github\Private-Work\L4D2-Êèí‰ª∂\scripting_1.11\l4d_sm_respawn.sp::MenuHandler_MenuList
L 12/29/2025 - 20:16:54: [SM] Exception reported: Invalid timer handle b3400465 (error 1)
L 12/29/2025 - 20:16:54: [SM] Blaming: l4d2_playerjoining_v2.smx
L 12/29/2025 - 20:16:54: [SM] Call stack trace:
L 12/29/2025 - 20:16:54: [SM]   [0] KillTimer
L 12/29/2025 - 20:16:54: [SM]   [1] Line 53, C:\Users\Moises\Downloads\Compressed\sourcemod-1.11.0-git6968-windows\addons\sourcemod\scripting\l4d2_playerjoining_v2.sp::OnClientDisconnect
L 12/29/2025 - 20:16:54: [SM] Exception reported: Invalid convar handle 0 (error 4)
L 12/29/2025 - 20:16:54: [SM] Blaming: ÒankrunFixhealth.smx
L 12/29/2025 - 20:16:54: [SM] Call stack trace:
L 12/29/2025 - 20:16:54: [SM]   [0] GetConVarString
L 12/29/2025 - 20:16:54: [SM]   [1] Line 138, C:\Users\Moises\Downloads\Compressed\sourcemod-1.11.0-git6968-windows\addons\sourcemod\scripting\ÒankrunFixhealth.sp::IsTankRunActive
L 12/29/2025 - 20:16:54: [SM]   [2] Line 36, C:\Users\Moises\Downloads\Compressed\sourcemod-1.11.0-git6968-windows\addons\sourcemod\scripting\ÒankrunFixhealth.sp::Timer_PeriodicCheck
L 12/29/2025 - 20:17:03: [SM] Exception reported: Invalid convar handle 0 (error 4)
L 12/29/2025 - 20:17:03: [SM] Blaming: ÒankrunFixhealth.smx
L 12/29/2025 - 20:17:03: [SM] Call stack trace:
L 12/29/2025 - 20:17:03: [SM]   [0] GetConVarString
L 12/29/2025 - 20:17:03: [SM]   [1] Line 138, C:\Users\Moises\Downloads\Compressed\sourcemod-1.11.0-git6968-windows\addons\sourcemod\scripting\ÒankrunFixhealth.sp::IsTankRunActive
L 12/29/2025 - 20:17:03: [SM]   [2] Line 79, C:\Users\Moises\Downloads\Compressed\sourcemod-1.11.0-git6968-windows\addons\sourcemod\scripting\ÒankrunFixhealth.sp::Event_PlayerDeath
L 12/29/2025 - 20:17:04: [SM] Exception reported: Invalid convar handle 0 (error 4)
L 12/29/2025 - 20:17:04: [SM] Blaming: ÒankrunFixhealth.smx
L 12/29/2025 - 20:17:04: [SM] Call stack trace:
L 12/29/2025 - 20:17:04: [SM]   [0] GetConVarString
L 12/29/2025 - 20:17:04: [SM]   [1] Line 138, C:\Users\Moises\Downloads\Compressed\sourcemod-1.11.0-git6968-windows\addons\sourcemod\scripting\ÒankrunFixhealth.sp::IsTankRunActive
L 12/29/2025 - 20:17:04: [SM]   [2] Line 36, C:\Users\Moises\Downloads\Compressed\sourcemod-1.11.0-git6968-windows\addons\sourcemod\scripting\ÒankrunFixhealth.sp::Timer_PeriodicCheck
L 12/29/2025 - 20:17:05: [SM] Exception reported: Language phrase "Please wait to be revived or rescued" not found (arg 6)
L 12/29/2025 - 20:17:05: [SM] Blaming: l4dmultislots.smx
L 12/29/2025 - 20:17:05: [SM] Call stack trace:
L 12/29/2025 - 20:17:05: [SM]   [0] PrintToChat
L 12/29/2025 - 20:17:05: [SM]   [1] Line 953, d:\Github\Private-Work\L4D2-Êèí‰ª∂\scripting_1.11\l4dmultislots.sp::Timer_SpecCheck
L 12/29/2025 - 20:17:14: [SM] Exception reported: Invalid convar handle 0 (error 4)
L 12/29/2025 - 20:17:14: [SM] Blaming: ÒankrunFixhealth.smx
L 12/29/2025 - 20:17:14: [SM] Call stack trace:
L 12/29/2025 - 20:17:14: [SM]   [0] GetConVarString
L 12/29/2025 - 20:17:14: [SM]   [1] Line 138, C:\Users\Moises\Downloads\Compressed\sourcemod-1.11.0-git6968-windows\addons\sourcemod\scripting\ÒankrunFixhealth.sp::IsTankRunActive
L 12/29/2025 - 20:17:14: [SM]   [2] Line 36, C:\Users\Moises\Downloads\Compressed\sourcemod-1.11.0-git6968-windows\addons\sourcemod\scripting\ÒankrunFixhealth.sp::Timer_PeriodicCheck
L 12/29/2025 - 20:17:23: [SM] Exception reported: Invalid convar handle 0 (error 4)
L 12/29/2025 - 20:17:23: [SM] Blaming: ÒankrunFixhealth.smx
L 12/29/2025 - 20:17:23: [SM] Call stack trace:
L 12/29/2025 - 20:17:23: [SM]   [0] GetConVarString
L 12/29/2025 - 20:17:23: [SM]   [1] Line 138, C:\Users\Moises\Downloads\Compressed\sourcemod-1.11.0-git6968-windows\addons\sourcemod\scripting\ÒankrunFixhealth.sp::IsTankRunActive
L 12/29/2025 - 20:17:23: [SM]   [2] Line 79, C:\Users\Moises\Downloads\Compressed\sourcemod-1.11.0-git6968-windows\addons\sourcemod\scripting\ÒankrunFixhealth.sp::Event_PlayerDeath
L 12/29/2025 - 20:17:24: [SM] Exception reported: Invalid convar handle 0 (error 4)
L 12/29/2025 - 20:17:24: [SM] Blaming: ÒankrunFixhealth.smx
L 12/29/2025 - 20:17:24: [SM] Call stack trace:
L 12/29/2025 - 20:17:24: [SM]   [0] GetConVarString
L 12/29/2025 - 20:17:24: [SM]   [1] Line 138, C:\Users\Moises\Downloads\Compressed\sourcemod-1.11.0-git6968-windows\addons\sourcemod\scripting\ÒankrunFixhealth.sp::IsTankRunActive
L 12/29/2025 - 20:17:24: [SM]   [2] Line 36, C:\Users\Moises\Downloads\Compressed\sourcemod-1.11.0-git6968-windows\addons\sourcemod\scripting\ÒankrunFixhealth.sp::Timer_PeriodicCheck
L 12/29/2025 - 20:17:27: [SM] Exception reported: Invalid convar handle 0 (error 4)
L 12/29/2025 - 20:17:27: [SM] Blaming: ÒankrunFixhealth.smx
L 12/29/2025 - 20:17:27: [SM] Call stack trace:
L 12/29/2025 - 20:17:27: [SM]   [0] GetConVarString
L 12/29/2025 - 20:17:27: [SM]   [1] Line 138, C:\Users\Moises\Downloads\Compressed\sourcemod-1.11.0-git6968-windows\addons\sourcemod\scripting\ÒankrunFixhealth.sp::IsTankRunActive
L 12/29/2025 - 20:17:27: [SM]   [2] Line 79, C:\Users\Moises\Downloads\Compressed\sourcemod-1.11.0-git6968-windows\addons\sourcemod\scripting\ÒankrunFixhealth.sp::Event_PlayerDeath
L 12/29/2025 - 20:17:30: [SM] Exception reported: Language phrase "Please wait to be revived or rescued" not found (arg 6)
L 12/29/2025 - 20:17:30: [SM] Blaming: l4dmultislots.smx
L 12/29/2025 - 20:17:30: [SM] Call stack trace:
L 12/29/2025 - 20:17:30: [SM]   [0] PrintToChat
L 12/29/2025 - 20:17:30: [SM]   [1] Line 953, d:\Github\Private-Work\L4D2-Êèí‰ª∂\scripting_1.11\l4dmultislots.sp::Timer_SpecCheck
L 12/29/2025 - 20:17:30: [SM] Exception reported: Invalid timer handle f4c0047d (error 1)
L 12/29/2025 - 20:17:30: [SM] Blaming: l4d2_playerjoining_v2.smx
L 12/29/2025 - 20:17:30: [SM] Call stack trace:
L 12/29/2025 - 20:17:30: [SM]   [0] KillTimer
L 12/29/2025 - 20:17:30: [SM]   [1] Line 53, C:\Users\Moises\Downloads\Compressed\sourcemod-1.11.0-git6968-windows\addons\sourcemod\scripting\l4d2_playerjoining_v2.sp::OnClientDisconnect
L 12/29/2025 - 20:17:34: [SM] Exception reported: Invalid convar handle 0 (error 4)
L 12/29/2025 - 20:17:34: [SM] Blaming: ÒankrunFixhealth.smx
L 12/29/2025 - 20:17:34: [SM] Call stack trace:
L 12/29/2025 - 20:17:34: [SM]   [0] GetConVarString
L 12/29/2025 - 20:17:34: [SM]   [1] Line 138, C:\Users\Moises\Downloads\Compressed\sourcemod-1.11.0-git6968-windows\addons\sourcemod\scripting\ÒankrunFixhealth.sp::IsTankRunActive
L 12/29/2025 - 20:17:34: [SM]   [2] Line 36, C:\Users\Moises\Downloads\Compressed\sourcemod-1.11.0-git6968-windows\addons\sourcemod\scripting\ÒankrunFixhealth.sp::Timer_PeriodicCheck
L 12/29/2025 - 20:17:44: [SM] Exception reported: Invalid convar handle 0 (error 4)
L 12/29/2025 - 20:17:44: [SM] Blaming: ÒankrunFixhealth.smx
L 12/29/2025 - 20:17:44: [SM] Call stack trace:
L 12/29/2025 - 20:17:44: [SM]   [0] GetConVarString
L 12/29/2025 - 20:17:44: [SM]   [1] Line 138, C:\Users\Moises\Downloads\Compressed\sourcemod-1.11.0-git6968-windows\addons\sourcemod\scripting\ÒankrunFixhealth.sp::IsTankRunActive
L 12/29/2025 - 20:17:44: [SM]   [2] Line 36, C:\Users\Moises\Downloads\Compressed\sourcemod-1.11.0-git6968-windows\addons\sourcemod\scripting\ÒankrunFixhealth.sp::Timer_PeriodicCheck
L 12/29/2025 - 20:17:51: [SM] Exception reported: Invalid convar handle 0 (error 4)
L 12/29/2025 - 20:17:51: [SM] Blaming: ÒankrunFixhealth.smx
L 12/29/2025 - 20:17:51: [SM] Call stack trace:
L 12/29/2025 - 20:17:51: [SM]   [0] GetConVarString
L 12/29/2025 - 20:17:51: [SM]   [1] Line 138, C:\Users\Moises\Downloads\Compressed\sourcemod-1.11.0-git6968-windows\addons\sourcemod\scripting\ÒankrunFixhealth.sp::IsTankRunActive
L 12/29/2025 - 20:17:51: [SM]   [2] Line 79, C:\Users\Moises\Downloads\Compressed\sourcemod-1.11.0-git6968-windows\addons\sourcemod\scripting\ÒankrunFixhealth.sp::Event_PlayerDeath
L 12/29/2025 - 20:17:54: [SM] Exception reported: Invalid convar handle 0 (error 4)
L 12/29/2025 - 20:17:54: [SM] Blaming: ÒankrunFixhealth.smx
L 12/29/2025 - 20:17:54: [SM] Call stack trace:
L 12/29/2025 - 20:17:54: [SM]   [0] GetConVarString
L 12/29/2025 - 20:17:54: [SM]   [1] Line 138, C:\Users\Moises\Downloads\Compressed\sourcemod-1.11.0-git6968-windows\addons\sourcemod\scripting\ÒankrunFixhealth.sp::IsTankRunActive
L 12/29/2025 - 20:17:54: [SM]   [2] Line 36, C:\Users\Moises\Downloads\Compressed\sourcemod-1.11.0-git6968-windows\addons\sourcemod\scripting\ÒankrunFixhealth.sp::Timer_PeriodicCheck
L 12/29/2025 - 20:17:55: [SM] Exception reported: Language phrase "Please wait to be revived or rescued" not found (arg 6)
L 12/29/2025 - 20:17:55: [SM] Blaming: l4dmultislots.smx
L 12/29/2025 - 20:17:55: [SM] Call stack trace:
L 12/29/2025 - 20:17:55: [SM]   [0] PrintToChat
L 12/29/2025 - 20:17:55: [SM]   [1] Line 953, d:\Github\Private-Work\L4D2-Êèí‰ª∂\scripting_1.11\l4dmultislots.sp::Timer_SpecCheck
L 12/29/2025 - 20:17:57: [SM] Exception reported: Language phrase "Not enough player slots" not found (arg 5)
L 12/29/2025 - 20:17:57: [SM] Blaming: all4dead2.smx
L 12/29/2025 - 20:17:57: [SM] Call stack trace:
L 12/29/2025 - 20:17:57: [SM]   [0] VFormat
L 12/29/2025 - 20:17:57: [SM]   [1] Line 71, D:\Github\Private-Work\L4D2-Êèí‰ª∂\scripting_1.11\include\multicolors.inc::CPrintToChat
L 12/29/2025 - 20:17:57: [SM]   [2] Line 484, d:\Github\Private-Work\L4D2-Êèí‰ª∂\scripting_1.11\all4dead2.sp::Do_SpawnInfected
L 12/29/2025 - 20:17:57: [SM]   [3] Line 314, d:\Github\Private-Work\L4D2-Êèí‰ª∂\scripting_1.11\all4dead2.sp::Menu_SpawnSInfectedHandler
L 12/29/2025 - 20:17:59: [SM] Exception reported: Invalid convar handle 0 (error 4)
L 12/29/2025 - 20:17:59: [SM] Blaming: ÒankrunFixhealth.smx
L 12/29/2025 - 20:17:59: [SM] Call stack trace:
L 12/29/2025 - 20:17:59: [SM]   [0] GetConVarString
L 12/29/2025 - 20:17:59: [SM]   [1] Line 138, C:\Users\Moises\Downloads\Compressed\sourcemod-1.11.0-git6968-windows\addons\sourcemod\scripting\ÒankrunFixhealth.sp::IsTankRunActive
L 12/29/2025 - 20:17:59: [SM]   [2] Line 79, C:\Users\Moises\Downloads\Compressed\sourcemod-1.11.0-git6968-windows\addons\sourcemod\scripting\ÒankrunFixhealth.sp::Event_PlayerDeath
L 12/29/2025 - 20:18:01: [SM] Exception reported: Invalid convar handle 0 (error 4)
L 12/29/2025 - 20:18:01: [SM] Blaming: ÒankrunFixhealth.smx
L 12/29/2025 - 20:18:01: [SM] Call stack trace:
L 12/29/2025 - 20:18:01: [SM]   [0] GetConVarString
L 12/29/2025 - 20:18:01: [SM]   [1] Line 138, C:\Users\Moises\Downloads\Compressed\sourcemod-1.11.0-git6968-windows\addons\sourcemod\scripting\ÒankrunFixhealth.sp::IsTankRunActive
L 12/29/2025 - 20:18:01: [SM]   [2] Line 79, C:\Users\Moises\Downloads\Compressed\sourcemod-1.11.0-git6968-windows\addons\sourcemod\scripting\ÒankrunFixhealth.sp::Event_PlayerDeath
L 12/29/2025 - 20:18:02: [SM] Exception reported: Invalid convar handle 0 (error 4)
L 12/29/2025 - 20:18:02: [SM] Blaming: ÒankrunFixhealth.smx
L 12/29/2025 - 20:18:02: [SM] Call stack trace:
L 12/29/2025 - 20:18:02: [SM]   [0] GetConVarString
L 12/29/2025 - 20:18:02: [SM]   [1] Line 138, C:\Users\Moises\Downloads\Compressed\sourcemod-1.11.0-git6968-windows\addons\sourcemod\scripting\ÒankrunFixhealth.sp::IsTankRunActive
L 12/29/2025 - 20:18:02: [SM]   [2] Line 79, C:\Users\Moises\Downloads\Compressed\sourcemod-1.11.0-git6968-windows\addons\sourcemod\scripting\ÒankrunFixhealth.sp::Event_PlayerDeath
L 12/29/2025 - 20:18:02: [SM] Exception reported: Invalid convar handle 0 (error 4)
L 12/29/2025 - 20:18:02: [SM] Blaming: ÒankrunFixhealth.smx
L 12/29/2025 - 20:18:02: [SM] Call stack trace:
L 12/29/2025 - 20:18:02: [SM]   [0] GetConVarString
L 12/29/2025 - 20:18:02: [SM]   [1] Line 138, C:\Users\Moises\Downloads\Compressed\sourcemod-1.11.0-git6968-windows\addons\sourcemod\scripting\ÒankrunFixhealth.sp::IsTankRunActive
L 12/29/2025 - 20:18:02: [SM]   [2] Line 79, C:\Users\Moises\Downloads\Compressed\sourcemod-1.11.0-git6968-windows\addons\sourcemod\scripting\ÒankrunFixhealth.sp::Event_PlayerDeath
L 12/29/2025 - 20:18:03: [SM] Exception reported: Invalid convar handle 0 (error 4)
L 12/29/2025 - 20:18:03: [SM] Blaming: ÒankrunFixhealth.smx
L 12/29/2025 - 20:18:03: [SM] Call stack trace:
L 12/29/2025 - 20:18:03: [SM]   [0] GetConVarString
L 12/29/2025 - 20:18:03: [SM]   [1] Line 138, C:\Users\Moises\Downloads\Compressed\sourcemod-1.11.0-git6968-windows\addons\sourcemod\scripting\ÒankrunFixhealth.sp::IsTankRunActive
L 12/29/2025 - 20:18:03: [SM]   [2] Line 79, C:\Users\Moises\Downloads\Compressed\sourcemod-1.11.0-git6968-windows\addons\sourcemod\scripting\ÒankrunFixhealth.sp::Event_PlayerDeath
L 12/29/2025 - 20:18:03: [SM] Exception reported: Invalid convar handle 0 (error 4)
L 12/29/2025 - 20:18:03: [SM] Blaming: ÒankrunFixhealth.smx
L 12/29/2025 - 20:18:03: [SM] Call stack trace:
L 12/29/2025 - 20:18:03: [SM]   [0] GetConVarString
L 12/29/2025 - 20:18:03: [SM]   [1] Line 138, C:\Users\Moises\Downloads\Compressed\sourcemod-1.11.0-git6968-windows\addons\sourcemod\scripting\ÒankrunFixhealth.sp::IsTankRunActive
L 12/29/2025 - 20:18:03: [SM]   [2] Line 79, C:\Users\Moises\Downloads\Compressed\sourcemod-1.11.0-git6968-windows\addons\sourcemod\scripting\ÒankrunFixhealth.sp::Event_PlayerDeath
L 12/29/2025 - 20:18:03: [SM] Exception reported: Invalid convar handle 0 (error 4)
L 12/29/2025 - 20:18:03: [SM] Blaming: ÒankrunFixhealth.smx
L 12/29/2025 - 20:18:03: [SM] Call stack trace:
L 12/29/2025 - 20:18:03: [SM]   [0] GetConVarString
L 12/29/2025 - 20:18:03: [SM]   [1] Line 138, C:\Users\Moises\Downloads\Compressed\sourcemod-1.11.0-git6968-windows\addons\sourcemod\scripting\ÒankrunFixhealth.sp::IsTankRunActive
L 12/29/2025 - 20:18:03: [SM]   [2] Line 79, C:\Users\Moises\Downloads\Compressed\sourcemod-1.11.0-git6968-windows\addons\sourcemod\scripting\ÒankrunFixhealth.sp::Event_PlayerDeath
L 12/29/2025 - 20:18:04: [SM] Exception reported: Invalid convar handle 0 (error 4)
L 12/29/2025 - 20:18:04: [SM] Blaming: ÒankrunFixhealth.smx
L 12/29/2025 - 20:18:04: [SM] Call stack trace:
L 12/29/2025 - 20:18:04: [SM]   [0] GetConVarString
L 12/29/2025 - 20:18:04: [SM]   [1] Line 138, C:\Users\Moises\Downloads\Compressed\sourcemod-1.11.0-git6968-windows\addons\sourcemod\scripting\ÒankrunFixhealth.sp::IsTankRunActive
L 12/29/2025 - 20:18:04: [SM]   [2] Line 36, C:\Users\Moises\Downloads\Compressed\sourcemod-1.11.0-git6968-windows\addons\sourcemod\scripting\ÒankrunFixhealth.sp::Timer_PeriodicCheck
L 12/29/2025 - 20:18:06: [SM] Exception reported: Invalid timer handle 777004dd (error 1)
L 12/29/2025 - 20:18:06: [SM] Blaming: l4d2_playerjoining_v2.smx
L 12/29/2025 - 20:18:06: [SM] Call stack trace:
L 12/29/2025 - 20:18:06: [SM]   [0] KillTimer
L 12/29/2025 - 20:18:06: [SM]   [1] Line 53, C:\Users\Moises\Downloads\Compressed\sourcemod-1.11.0-git6968-windows\addons\sourcemod\scripting\l4d2_playerjoining_v2.sp::OnClientDisconnect
L 12/29/2025 - 20:18:09: [SM] Exception reported: Invalid timer handle 4200497 (error 3)
L 12/29/2025 - 20:18:09: [SM] Blaming: l4d2_playerjoining_v2.smx
L 12/29/2025 - 20:18:09: [SM] Call stack trace:
L 12/29/2025 - 20:18:09: [SM]   [0] KillTimer
L 12/29/2025 - 20:18:09: [SM]   [1] Line 53, C:\Users\Moises\Downloads\Compressed\sourcemod-1.11.0-git6968-windows\addons\sourcemod\scripting\l4d2_playerjoining_v2.sp::OnClientDisconnect
L 12/29/2025 - 20:18:09: [SM] Exception reported: Invalid timer handle 83004c8 (error 3)
L 12/29/2025 - 20:18:09: [SM] Blaming: l4d2_playerjoining_v2.smx
L 12/29/2025 - 20:18:09: [SM] Call stack trace:
L 12/29/2025 - 20:18:09: [SM]   [0] KillTimer
L 12/29/2025 - 20:18:09: [SM]   [1] Line 53, C:\Users\Moises\Downloads\Compressed\sourcemod-1.11.0-git6968-windows\addons\sourcemod\scripting\l4d2_playerjoining_v2.sp::OnClientDisconnect
L 12/29/2025 - 20:18:10: [SM] Exception reported: Invalid timer handle 4f004b0 (error 1)
L 12/29/2025 - 20:18:10: [SM] Blaming: l4d2_playerjoining_v2.smx
L 12/29/2025 - 20:18:10: [SM] Call stack trace:
L 12/29/2025 - 20:18:10: [SM]   [0] KillTimer
L 12/29/2025 - 20:18:10: [SM]   [1] Line 53, C:\Users\Moises\Downloads\Compressed\sourcemod-1.11.0-git6968-windows\addons\sourcemod\scripting\l4d2_playerjoining_v2.sp::OnClientDisconnect
L 12/29/2025 - 20:18:10: [SM] Exception reported: Invalid timer handle aaf004f4 (error 3)
L 12/29/2025 - 20:18:10: [SM] Blaming: l4d2_playerjoining_v2.smx
L 12/29/2025 - 20:18:10: [SM] Call stack trace:
L 12/29/2025 - 20:18:10: [SM]   [0] KillTimer
L 12/29/2025 - 20:18:10: [SM]   [1] Line 53, C:\Users\Moises\Downloads\Compressed\sourcemod-1.11.0-git6968-windows\addons\sourcemod\scripting\l4d2_playerjoining_v2.sp::OnClientDisconnect
L 12/29/2025 - 20:18:13: [SM] Exception reported: Invalid convar handle 0 (error 4)
L 12/29/2025 - 20:18:13: [SM] Blaming: ÒankrunFixhealth.smx
L 12/29/2025 - 20:18:13: [SM] Call stack trace:
L 12/29/2025 - 20:18:13: [SM]   [0] GetConVarString
L 12/29/2025 - 20:18:13: [SM]   [1] Line 138, C:\Users\Moises\Downloads\Compressed\sourcemod-1.11.0-git6968-windows\addons\sourcemod\scripting\ÒankrunFixhealth.sp::IsTankRunActive
L 12/29/2025 - 20:18:13: [SM]   [2] Line 79, C:\Users\Moises\Downloads\Compressed\sourcemod-1.11.0-git6968-windows\addons\sourcemod\scripting\ÒankrunFixhealth.sp::Event_PlayerDeath
L 12/29/2025 - 20:18:14: [SM] Exception reported: Invalid convar handle 0 (error 4)
L 12/29/2025 - 20:18:14: [SM] Blaming: ÒankrunFixhealth.smx
L 12/29/2025 - 20:18:14: [SM] Call stack trace:
L 12/29/2025 - 20:18:14: [SM]   [0] GetConVarString
L 12/29/2025 - 20:18:14: [SM]   [1] Line 138, C:\Users\Moises\Downloads\Compressed\sourcemod-1.11.0-git6968-windows\addons\sourcemod\scripting\ÒankrunFixhealth.sp::IsTankRunActive
L 12/29/2025 - 20:18:14: [SM]   [2] Line 36, C:\Users\Moises\Downloads\Compressed\sourcemod-1.11.0-git6968-windows\addons\sourcemod\scripting\ÒankrunFixhealth.sp::Timer_PeriodicCheck
L 12/29/2025 - 20:18:20: [SM] Exception reported: Invalid convar handle 0 (error 4)
L 12/29/2025 - 20:18:20: [SM] Blaming: ÒankrunFixhealth.smx
L 12/29/2025 - 20:18:20: [SM] Call stack trace:
L 12/29/2025 - 20:18:20: [SM]   [0] GetConVarString
L 12/29/2025 - 20:18:20: [SM]   [1] Line 138, C:\Users\Moises\Downloads\Compressed\sourcemod-1.11.0-git6968-windows\addons\sourcemod\scripting\ÒankrunFixhealth.sp::IsTankRunActive
L 12/29/2025 - 20:18:20: [SM]   [2] Line 79, C:\Users\Moises\Downloads\Compressed\sourcemod-1.11.0-git6968-windows\addons\sourcemod\scripting\ÒankrunFixhealth.sp::Event_PlayerDeath
L 12/29/2025 - 20:18:24: [SM] Exception reported: Invalid convar handle 0 (error 4)
L 12/29/2025 - 20:18:24: [SM] Blaming: ÒankrunFixhealth.smx
L 12/29/2025 - 20:18:24: [SM] Call stack trace:
L 12/29/2025 - 20:18:24: [SM]   [0] GetConVarString
L 12/29/2025 - 20:18:24: [SM]   [1] Line 138, C:\Users\Moises\Downloads\Compressed\sourcemod-1.11.0-git6968-windows\addons\sourcemod\scripting\ÒankrunFixhealth.sp::IsTankRunActive
L 12/29/2025 - 20:18:24: [SM]   [2] Line 36, C:\Users\Moises\Downloads\Compressed\sourcemod-1.11.0-git6968-windows\addons\sourcemod\scripting\ÒankrunFixhealth.sp::Timer_PeriodicCheck
L 12/29/2025 - 20:18:27: [SM] Exception reported: Invalid timer handle f4c0047d (error 1)
L 12/29/2025 - 20:18:27: [SM] Blaming: l4d2_playerjoining_v2.smx
L 12/29/2025 - 20:18:27: [SM] Call stack trace:
L 12/29/2025 - 20:18:27: [SM]   [0] KillTimer
L 12/29/2025 - 20:18:27: [SM]   [1] Line 53, C:\Users\Moises\Downloads\Compressed\sourcemod-1.11.0-git6968-windows\addons\sourcemod\scripting\l4d2_playerjoining_v2.sp::OnClientDisconnect
L 12/29/2025 - 20:18:28: [SM] Exception reported: Invalid convar handle 0 (error 4)
L 12/29/2025 - 20:18:28: [SM] Blaming: ÒankrunFixhealth.smx
L 12/29/2025 - 20:18:28: [SM] Call stack trace:
L 12/29/2025 - 20:18:28: [SM]   [0] GetConVarString
L 12/29/2025 - 20:18:28: [SM]   [1] Line 138, C:\Users\Moises\Downloads\Compressed\sourcemod-1.11.0-git6968-windows\addons\sourcemod\scripting\ÒankrunFixhealth.sp::IsTankRunActive
L 12/29/2025 - 20:18:28: [SM]   [2] Line 79, C:\Users\Moises\Downloads\Compressed\sourcemod-1.11.0-git6968-windows\addons\sourcemod\scripting\ÒankrunFixhealth.sp::Event_PlayerDeath
L 12/29/2025 - 20:18:29: [SM] Exception reported: Invalid convar handle 0 (error 4)
L 12/29/2025 - 20:18:29: [SM] Blaming: ÒankrunFixhealth.smx
L 12/29/2025 - 20:18:29: [SM] Call stack trace:
L 12/29/2025 - 20:18:29: [SM]   [0] GetConVarString
L 12/29/2025 - 20:18:29: [SM]   [1] Line 138, C:\Users\Moises\Downloads\Compressed\sourcemod-1.11.0-git6968-windows\addons\sourcemod\scripting\ÒankrunFixhealth.sp::IsTankRunActive
L 12/29/2025 - 20:18:29: [SM]   [2] Line 79, C:\Users\Moises\Downloads\Compressed\sourcemod-1.11.0-git6968-windows\addons\sourcemod\scripting\ÒankrunFixhealth.sp::Event_PlayerDeath
L 12/29/2025 - 20:18:29: [SM] Exception reported: Invalid convar handle 0 (error 4)
L 12/29/2025 - 20:18:29: [SM] Blaming: ÒankrunFixhealth.smx
L 12/29/2025 - 20:18:29: [SM] Call stack trace:
L 12/29/2025 - 20:18:29: [SM]   [0] GetConVarString
L 12/29/2025 - 20:18:29: [SM]   [1] Line 138, C:\Users\Moises\Downloads\Compressed\sourcemod-1.11.0-git6968-windows\addons\sourcemod\scripting\ÒankrunFixhealth.sp::IsTankRunActive
L 12/29/2025 - 20:18:29: [SM]   [2] Line 79, C:\Users\Moises\Downloads\Compressed\sourcemod-1.11.0-git6968-windows\addons\sourcemod\scripting\ÒankrunFixhealth.sp::Event_PlayerDeath
L 12/29/2025 - 20:18:29: [SM] Exception reported: Invalid convar handle 0 (error 4)
L 12/29/2025 - 20:18:29: [SM] Blaming: ÒankrunFixhealth.smx
L 12/29/2025 - 20:18:29: [SM] Call stack trace:
L 12/29/2025 - 20:18:29: [SM]   [0] GetConVarString
L 12/29/2025 - 20:18:29: [SM]   [1] Line 138, C:\Users\Moises\Downloads\Compressed\sourcemod-1.11.0-git6968-windows\addons\sourcemod\scripting\ÒankrunFixhealth.sp::IsTankRunActive
L 12/29/2025 - 20:18:29: [SM]   [2] Line 79, C:\Users\Moises\Downloads\Compressed\sourcemod-1.11.0-git6968-windows\addons\sourcemod\scripting\ÒankrunFixhealth.sp::Event_PlayerDeath
L 12/29/2025 - 20:18:29: [SM] Exception reported: Invalid convar handle 0 (error 4)
L 12/29/2025 - 20:18:29: [SM] Blaming: ÒankrunFixhealth.smx
L 12/29/2025 - 20:18:29: [SM] Call stack trace:
L 12/29/2025 - 20:18:29: [SM]   [0] GetConVarString
L 12/29/2025 - 20:18:29: [SM]   [1] Line 138, C:\Users\Moises\Downloads\Compressed\sourcemod-1.11.0-git6968-windows\addons\sourcemod\scripting\ÒankrunFixhealth.sp::IsTankRunActive
L 12/29/2025 - 20:18:29: [SM]   [2] Line 79, C:\Users\Moises\Downloads\Compressed\sourcemod-1.11.0-git6968-windows\addons\sourcemod\scripting\ÒankrunFixhealth.sp::Event_PlayerDeath
L 12/29/2025 - 20:18:34: [SM] Exception reported: Invalid convar handle 0 (error 4)
L 12/29/2025 - 20:18:34: [SM] Blaming: ÒankrunFixhealth.smx
L 12/29/2025 - 20:18:34: [SM] Call stack trace:
L 12/29/2025 - 20:18:34: [SM]   [0] GetConVarString
L 12/29/2025 - 20:18:34: [SM]   [1] Line 138, C:\Users\Moises\Downloads\Compressed\sourcemod-1.11.0-git6968-windows\addons\sourcemod\scripting\ÒankrunFixhealth.sp::IsTankRunActive
L 12/29/2025 - 20:18:34: [SM]   [2] Line 36, C:\Users\Moises\Downloads\Compressed\sourcemod-1.11.0-git6968-windows\addons\sourcemod\scripting\ÒankrunFixhealth.sp::Timer_PeriodicCheck
L 12/29/2025 - 20:18:36: [SM] Exception reported: Invalid timer handle 9670045a (error 1)
L 12/29/2025 - 20:18:36: [SM] Blaming: l4d2_playerjoining_v2.smx
L 12/29/2025 - 20:18:36: [SM] Call stack trace:
L 12/29/2025 - 20:18:36: [SM]   [0] KillTimer
L 12/29/2025 - 20:18:36: [SM]   [1] Line 53, C:\Users\Moises\Downloads\Compressed\sourcemod-1.11.0-git6968-windows\addons\sourcemod\scripting\l4d2_playerjoining_v2.sp::OnClientDisconnect
L 12/29/2025 - 20:18:36: [SM] Exception reported: Invalid timer handle f130046f (error 1)
L 12/29/2025 - 20:18:36: [SM] Blaming: l4d2_playerjoining_v2.smx
L 12/29/2025 - 20:18:36: [SM] Call stack trace:
L 12/29/2025 - 20:18:36: [SM]   [0] KillTimer
L 12/29/2025 - 20:18:36: [SM]   [1] Line 53, C:\Users\Moises\Downloads\Compressed\sourcemod-1.11.0-git6968-windows\addons\sourcemod\scripting\l4d2_playerjoining_v2.sp::OnClientDisconnect
L 12/29/2025 - 20:18:36: [SM] Exception reported: Invalid timer handle b3400465 (error 3)
L 12/29/2025 - 20:18:36: [SM] Blaming: l4d2_playerjoining_v2.smx
L 12/29/2025 - 20:18:36: [SM] Call stack trace:
L 12/29/2025 - 20:18:36: [SM]   [0] KillTimer
L 12/29/2025 - 20:18:36: [SM]   [1] Line 53, C:\Users\Moises\Downloads\Compressed\sourcemod-1.11.0-git6968-windows\addons\sourcemod\scripting\l4d2_playerjoining_v2.sp::OnClientDisconnect
L 12/29/2025 - 20:18:37: [SM] Exception reported: Invalid timer handle f4c0047d (error 1)
L 12/29/2025 - 20:18:37: [SM] Blaming: l4d2_playerjoining_v2.smx
L 12/29/2025 - 20:18:37: [SM] Call stack trace:
L 12/29/2025 - 20:18:37: [SM]   [0] KillTimer
L 12/29/2025 - 20:18:37: [SM]   [1] Line 53, C:\Users\Moises\Downloads\Compressed\sourcemod-1.11.0-git6968-windows\addons\sourcemod\scripting\l4d2_playerjoining_v2.sp::OnClientDisconnect
L 12/29/2025 - 20:18:38: [SM] Exception reported: Invalid timer handle cd30045b (error 3)
L 12/29/2025 - 20:18:38: [SM] Blaming: l4d2_playerjoining_v2.smx
L 12/29/2025 - 20:18:38: [SM] Call stack trace:
L 12/29/2025 - 20:18:38: [SM]   [0] KillTimer
L 12/29/2025 - 20:18:38: [SM]   [1] Line 53, C:\Users\Moises\Downloads\Compressed\sourcemod-1.11.0-git6968-windows\addons\sourcemod\scripting\l4d2_playerjoining_v2.sp::OnClientDisconnect
L 12/29/2025 - 20:18:47: Error log file session closed.
