L 09/29/2025 - 23:39:35: SourceMod error session started
L 09/29/2025 - 23:39:35: Info (map "c1m1_hotel") (file "z:\home\moy\.steam\debian-installation\steamapps\common\left 4 dead 2\left4dead2\addons\sourcemod\logs\errors_20250929.log")
L 09/29/2025 - 23:39:35: [SM] Failed to load plugin "cannounce.smx": Get a dedicated server. This plugin does not work on Listen servers..
L 09/29/2025 - 23:39:35: [SM] Failed to load plugin "LMCL4D1CDeathHandler.smx": Plugin only supports Left 4 Dead.
L 09/29/2025 - 23:39:35: [SM] Failed to load plugin "LMCL4D1SetTransmit.smx": Plugin only supports Left 4 Dead.
L 09/29/2025 - 23:39:35: [SM] Failed to load plugin "LMC_L4D1_Menu_Choosing.smx": Plugin only supports Left 4 Dead.
L 09/29/2025 - 23:39:35: [SM] Failed to load plugin "LMC_L4D1_RandomSpawns.smx": Plugin only supports Left 4 Dead.
L 09/29/2025 - 23:39:35: [SM] Failed to load plugin "nextmap.smx": Nextmap is incompatible with this game.
L 09/29/2025 - 23:39:36: [SM] Failed to load plugin "[L4D2] Left4dhooks.smx": 
====================
This plugin replaces Left4Downtown. Delete the extension to run.
====================.
L 09/29/2025 - 23:39:36: [SM] Fatal error encountered parsing translation file "l4d_nth.phrases.txt"
L 09/29/2025 - 23:39:36: [SM] Error (line 0, column 0): Stream failed to open
L 09/29/2025 - 23:39:36: [SM] Fatal error encountered parsing translation file "chargersteering.phrases.txt"
L 09/29/2025 - 23:39:36: [SM] Error (line 0, column 0): Stream failed to open
L 09/29/2025 - 23:39:36: [SM] Fatal error encountered parsing translation file "l4dmultislots.phrases.txt"
L 09/29/2025 - 23:39:36: [SM] Error (line 0, column 0): Stream failed to open
L 09/29/2025 - 23:39:39: [SM] Fatal error encountered parsing translation file "lilac.phrases.txt"
L 09/29/2025 - 23:39:39: [SM] Error (line 0, column 0): Stream failed to open
L 09/29/2025 - 23:39:39: [admin-flatfile.smx] Error(s) detected parsing addons\sourcemod\configs\admins.cfg
L 09/29/2025 - 23:39:39: [admin-flatfile.smx]  (line 37) A property was declared outside of a section
L 09/29/2025 - 23:39:43: [SM] Exception reported: Invalid convar handle 0 (error 4)
L 09/29/2025 - 23:39:43: [SM] Blaming: ñankrunFixhealth.smx
L 09/29/2025 - 23:39:43: [SM] Call stack trace:
L 09/29/2025 - 23:39:43: [SM]   [0] GetConVarString
L 09/29/2025 - 23:39:43: [SM]   [1] Line 138, C:\Users\Moises\Downloads\Compressed\sourcemod-1.11.0-git6968-windows\addons\sourcemod\scripting\ñankrunFixhealth.sp::IsTankRunActive
L 09/29/2025 - 23:39:43: [SM]   [2] Line 54, C:\Users\Moises\Downloads\Compressed\sourcemod-1.11.0-git6968-windows\addons\sourcemod\scripting\ñankrunFixhealth.sp::Event_RoundStart
L 09/29/2025 - 23:39:58: [SM] Exception reported: Invalid convar handle 0 (error 4)
L 09/29/2025 - 23:39:58: [SM] Blaming: ñankrunFixhealth.smx
L 09/29/2025 - 23:39:58: [SM] Call stack trace:
L 09/29/2025 - 23:39:58: [SM]   [0] GetConVarString
L 09/29/2025 - 23:39:58: [SM]   [1] Line 138, C:\Users\Moises\Downloads\Compressed\sourcemod-1.11.0-git6968-windows\addons\sourcemod\scripting\ñankrunFixhealth.sp::IsTankRunActive
L 09/29/2025 - 23:39:58: [SM]   [2] Line 36, C:\Users\Moises\Downloads\Compressed\sourcemod-1.11.0-git6968-windows\addons\sourcemod\scripting\ñankrunFixhealth.sp::Timer_PeriodicCheck
L 09/29/2025 - 23:40:13: [SM] Exception reported: Invalid convar handle 0 (error 4)
L 09/29/2025 - 23:40:13: [SM] Blaming: ñankrunFixhealth.smx
L 09/29/2025 - 23:40:13: [SM] Call stack trace:
L 09/29/2025 - 23:40:13: [SM]   [0] GetConVarString
L 09/29/2025 - 23:40:13: [SM]   [1] Line 138, C:\Users\Moises\Downloads\Compressed\sourcemod-1.11.0-git6968-windows\addons\sourcemod\scripting\ñankrunFixhealth.sp::IsTankRunActive
L 09/29/2025 - 23:40:13: [SM]   [2] Line 36, C:\Users\Moises\Downloads\Compressed\sourcemod-1.11.0-git6968-windows\addons\sourcemod\scripting\ñankrunFixhealth.sp::Timer_PeriodicCheck
L 09/29/2025 - 23:40:23: [SM] Exception reported: Invalid convar handle 0 (error 4)
L 09/29/2025 - 23:40:23: [SM] Blaming: ñankrunFixhealth.smx
L 09/29/2025 - 23:40:23: [SM] Call stack trace:
L 09/29/2025 - 23:40:23: [SM]   [0] GetConVarString
L 09/29/2025 - 23:40:23: [SM]   [1] Line 138, C:\Users\Moises\Downloads\Compressed\sourcemod-1.11.0-git6968-windows\addons\sourcemod\scripting\ñankrunFixhealth.sp::IsTankRunActive
L 09/29/2025 - 23:40:23: [SM]   [2] Line 36, C:\Users\Moises\Downloads\Compressed\sourcemod-1.11.0-git6968-windows\addons\sourcemod\scripting\ñankrunFixhealth.sp::Timer_PeriodicCheck
L 09/29/2025 - 23:40:33: [SM] Exception reported: Invalid convar handle 0 (error 4)
L 09/29/2025 - 23:40:33: [SM] Blaming: ñankrunFixhealth.smx
L 09/29/2025 - 23:40:33: [SM] Call stack trace:
L 09/29/2025 - 23:40:33: [SM]   [0] GetConVarString
L 09/29/2025 - 23:40:33: [SM]   [1] Line 138, C:\Users\Moises\Downloads\Compressed\sourcemod-1.11.0-git6968-windows\addons\sourcemod\scripting\ñankrunFixhealth.sp::IsTankRunActive
L 09/29/2025 - 23:40:33: [SM]   [2] Line 36, C:\Users\Moises\Downloads\Compressed\sourcemod-1.11.0-git6968-windows\addons\sourcemod\scripting\ñankrunFixhealth.sp::Timer_PeriodicCheck
L 09/29/2025 - 23:40:43: [SM] Exception reported: Invalid convar handle 0 (error 4)
L 09/29/2025 - 23:40:43: [SM] Blaming: ñankrunFixhealth.smx
L 09/29/2025 - 23:40:43: [SM] Call stack trace:
L 09/29/2025 - 23:40:43: [SM]   [0] GetConVarString
L 09/29/2025 - 23:40:43: [SM]   [1] Line 138, C:\Users\Moises\Downloads\Compressed\sourcemod-1.11.0-git6968-windows\addons\sourcemod\scripting\ñankrunFixhealth.sp::IsTankRunActive
L 09/29/2025 - 23:40:43: [SM]   [2] Line 36, C:\Users\Moises\Downloads\Compressed\sourcemod-1.11.0-git6968-windows\addons\sourcemod\scripting\ñankrunFixhealth.sp::Timer_PeriodicCheck
L 09/29/2025 - 23:40:49: [SM] Exception reported: Invalid convar handle 0 (error 4)
L 09/29/2025 - 23:40:49: [SM] Blaming: ñankrunFixhealth.smx
L 09/29/2025 - 23:40:49: [SM] Call stack trace:
L 09/29/2025 - 23:40:49: [SM]   [0] GetConVarString
L 09/29/2025 - 23:40:49: [SM]   [1] Line 138, C:\Users\Moises\Downloads\Compressed\sourcemod-1.11.0-git6968-windows\addons\sourcemod\scripting\ñankrunFixhealth.sp::IsTankRunActive
L 09/29/2025 - 23:40:49: [SM]   [2] Line 79, C:\Users\Moises\Downloads\Compressed\sourcemod-1.11.0-git6968-windows\addons\sourcemod\scripting\ñankrunFixhealth.sp::Event_PlayerDeath
L 09/29/2025 - 23:40:49: [SM] Exception reported: Invalid convar handle 0 (error 4)
L 09/29/2025 - 23:40:49: [SM] Blaming: ñankrunFixhealth.smx
L 09/29/2025 - 23:40:49: [SM] Call stack trace:
L 09/29/2025 - 23:40:49: [SM]   [0] GetConVarString
L 09/29/2025 - 23:40:49: [SM]   [1] Line 138, C:\Users\Moises\Downloads\Compressed\sourcemod-1.11.0-git6968-windows\addons\sourcemod\scripting\ñankrunFixhealth.sp::IsTankRunActive
L 09/29/2025 - 23:40:49: [SM]   [2] Line 79, C:\Users\Moises\Downloads\Compressed\sourcemod-1.11.0-git6968-windows\addons\sourcemod\scripting\ñankrunFixhealth.sp::Event_PlayerDeath
L 09/29/2025 - 23:40:51: [SM] Exception reported: Invalid convar handle 0 (error 4)
L 09/29/2025 - 23:40:51: [SM] Blaming: ñankrunFixhealth.smx
L 09/29/2025 - 23:40:51: [SM] Call stack trace:
L 09/29/2025 - 23:40:51: [SM]   [0] GetConVarString
L 09/29/2025 - 23:40:51: [SM]   [1] Line 138, C:\Users\Moises\Downloads\Compressed\sourcemod-1.11.0-git6968-windows\addons\sourcemod\scripting\ñankrunFixhealth.sp::IsTankRunActive
L 09/29/2025 - 23:40:51: [SM]   [2] Line 79, C:\Users\Moises\Downloads\Compressed\sourcemod-1.11.0-git6968-windows\addons\sourcemod\scripting\ñankrunFixhealth.sp::Event_PlayerDeath
L 09/29/2025 - 23:40:53: [SM] Exception reported: Invalid convar handle 0 (error 4)
L 09/29/2025 - 23:40:53: [SM] Blaming: ñankrunFixhealth.smx
L 09/29/2025 - 23:40:53: [SM] Call stack trace:
L 09/29/2025 - 23:40:53: [SM]   [0] GetConVarString
L 09/29/2025 - 23:40:53: [SM]   [1] Line 138, C:\Users\Moises\Downloads\Compressed\sourcemod-1.11.0-git6968-windows\addons\sourcemod\scripting\ñankrunFixhealth.sp::IsTankRunActive
L 09/29/2025 - 23:40:53: [SM]   [2] Line 36, C:\Users\Moises\Downloads\Compressed\sourcemod-1.11.0-git6968-windows\addons\sourcemod\scripting\ñankrunFixhealth.sp::Timer_PeriodicCheck
L 09/29/2025 - 23:41:03: [SM] Exception reported: Invalid convar handle 0 (error 4)
L 09/29/2025 - 23:41:03: [SM] Blaming: ñankrunFixhealth.smx
L 09/29/2025 - 23:41:03: [SM] Call stack trace:
L 09/29/2025 - 23:41:03: [SM]   [0] GetConVarString
L 09/29/2025 - 23:41:03: [SM]   [1] Line 138, C:\Users\Moises\Downloads\Compressed\sourcemod-1.11.0-git6968-windows\addons\sourcemod\scripting\ñankrunFixhealth.sp::IsTankRunActive
L 09/29/2025 - 23:41:03: [SM]   [2] Line 36, C:\Users\Moises\Downloads\Compressed\sourcemod-1.11.0-git6968-windows\addons\sourcemod\scripting\ñankrunFixhealth.sp::Timer_PeriodicCheck
L 09/29/2025 - 23:41:05: [SM] Exception reported: Invalid convar handle 0 (error 4)
L 09/29/2025 - 23:41:05: [SM] Blaming: ñankrunFixhealth.smx
L 09/29/2025 - 23:41:05: [SM] Call stack trace:
L 09/29/2025 - 23:41:05: [SM]   [0] GetConVarString
L 09/29/2025 - 23:41:05: [SM]   [1] Line 138, C:\Users\Moises\Downloads\Compressed\sourcemod-1.11.0-git6968-windows\addons\sourcemod\scripting\ñankrunFixhealth.sp::IsTankRunActive
L 09/29/2025 - 23:41:05: [SM]   [2] Line 79, C:\Users\Moises\Downloads\Compressed\sourcemod-1.11.0-git6968-windows\addons\sourcemod\scripting\ñankrunFixhealth.sp::Event_PlayerDeath
L 09/29/2025 - 23:41:05: [SM] Exception reported: Invalid convar handle 0 (error 4)
L 09/29/2025 - 23:41:05: [SM] Blaming: ñankrunFixhealth.smx
L 09/29/2025 - 23:41:05: [SM] Call stack trace:
L 09/29/2025 - 23:41:05: [SM]   [0] GetConVarString
L 09/29/2025 - 23:41:05: [SM]   [1] Line 138, C:\Users\Moises\Downloads\Compressed\sourcemod-1.11.0-git6968-windows\addons\sourcemod\scripting\ñankrunFixhealth.sp::IsTankRunActive
L 09/29/2025 - 23:41:05: [SM]   [2] Line 91, C:\Users\Moises\Downloads\Compressed\sourcemod-1.11.0-git6968-windows\addons\sourcemod\scripting\ñankrunFixhealth.sp::Event_MissionLost
L 09/29/2025 - 23:41:10: [SM] Exception reported: Invalid convar handle 0 (error 4)
L 09/29/2025 - 23:41:10: [SM] Blaming: ñankrunFixhealth.smx
L 09/29/2025 - 23:41:10: [SM] Call stack trace:
L 09/29/2025 - 23:41:10: [SM]   [0] GetConVarString
L 09/29/2025 - 23:41:10: [SM]   [1] Line 138, C:\Users\Moises\Downloads\Compressed\sourcemod-1.11.0-git6968-windows\addons\sourcemod\scripting\ñankrunFixhealth.sp::IsTankRunActive
L 09/29/2025 - 23:41:10: [SM]   [2] Line 79, C:\Users\Moises\Downloads\Compressed\sourcemod-1.11.0-git6968-windows\addons\sourcemod\scripting\ñankrunFixhealth.sp::Event_PlayerDeath
L 09/29/2025 - 23:41:13: [SM] Exception reported: Invalid convar handle 0 (error 4)
L 09/29/2025 - 23:41:13: [SM] Blaming: ñankrunFixhealth.smx
L 09/29/2025 - 23:41:13: [SM] Call stack trace:
L 09/29/2025 - 23:41:13: [SM]   [0] GetConVarString
L 09/29/2025 - 23:41:13: [SM]   [1] Line 138, C:\Users\Moises\Downloads\Compressed\sourcemod-1.11.0-git6968-windows\addons\sourcemod\scripting\ñankrunFixhealth.sp::IsTankRunActive
L 09/29/2025 - 23:41:13: [SM]   [2] Line 54, C:\Users\Moises\Downloads\Compressed\sourcemod-1.11.0-git6968-windows\addons\sourcemod\scripting\ñankrunFixhealth.sp::Event_RoundStart
L 09/29/2025 - 23:41:13: [SM] Exception reported: Invalid convar handle 0 (error 4)
L 09/29/2025 - 23:41:13: [SM] Blaming: ñankrunFixhealth.smx
L 09/29/2025 - 23:41:13: [SM] Call stack trace:
L 09/29/2025 - 23:41:13: [SM]   [0] GetConVarString
L 09/29/2025 - 23:41:13: [SM]   [1] Line 138, C:\Users\Moises\Downloads\Compressed\sourcemod-1.11.0-git6968-windows\addons\sourcemod\scripting\ñankrunFixhealth.sp::IsTankRunActive
L 09/29/2025 - 23:41:13: [SM]   [2] Line 36, C:\Users\Moises\Downloads\Compressed\sourcemod-1.11.0-git6968-windows\addons\sourcemod\scripting\ñankrunFixhealth.sp::Timer_PeriodicCheck
L 09/29/2025 - 23:41:23: [SM] Exception reported: Invalid convar handle 0 (error 4)
L 09/29/2025 - 23:41:23: [SM] Blaming: ñankrunFixhealth.smx
L 09/29/2025 - 23:41:23: [SM] Call stack trace:
L 09/29/2025 - 23:41:23: [SM]   [0] GetConVarString
L 09/29/2025 - 23:41:23: [SM]   [1] Line 138, C:\Users\Moises\Downloads\Compressed\sourcemod-1.11.0-git6968-windows\addons\sourcemod\scripting\ñankrunFixhealth.sp::IsTankRunActive
L 09/29/2025 - 23:41:23: [SM]   [2] Line 36, C:\Users\Moises\Downloads\Compressed\sourcemod-1.11.0-git6968-windows\addons\sourcemod\scripting\ñankrunFixhealth.sp::Timer_PeriodicCheck
L 09/29/2025 - 23:41:33: [SM] Exception reported: Invalid convar handle 0 (error 4)
L 09/29/2025 - 23:41:33: [SM] Blaming: ñankrunFixhealth.smx
L 09/29/2025 - 23:41:33: [SM] Call stack trace:
L 09/29/2025 - 23:41:33: [SM]   [0] GetConVarString
L 09/29/2025 - 23:41:33: [SM]   [1] Line 138, C:\Users\Moises\Downloads\Compressed\sourcemod-1.11.0-git6968-windows\addons\sourcemod\scripting\ñankrunFixhealth.sp::IsTankRunActive
L 09/29/2025 - 23:41:33: [SM]   [2] Line 36, C:\Users\Moises\Downloads\Compressed\sourcemod-1.11.0-git6968-windows\addons\sourcemod\scripting\ñankrunFixhealth.sp::Timer_PeriodicCheck
L 09/29/2025 - 23:41:34: [SM] Exception reported: Invalid convar handle 0 (error 4)
L 09/29/2025 - 23:41:34: [SM] Blaming: ñankrunFixhealth.smx
L 09/29/2025 - 23:41:34: [SM] Call stack trace:
L 09/29/2025 - 23:41:34: [SM]   [0] GetConVarString
L 09/29/2025 - 23:41:34: [SM]   [1] Line 138, C:\Users\Moises\Downloads\Compressed\sourcemod-1.11.0-git6968-windows\addons\sourcemod\scripting\ñankrunFixhealth.sp::IsTankRunActive
L 09/29/2025 - 23:41:34: [SM]   [2] Line 79, C:\Users\Moises\Downloads\Compressed\sourcemod-1.11.0-git6968-windows\addons\sourcemod\scripting\ñankrunFixhealth.sp::Event_PlayerDeath
L 09/29/2025 - 23:41:35: [SM] Exception reported: Invalid convar handle 0 (error 4)
L 09/29/2025 - 23:41:35: [SM] Blaming: ñankrunFixhealth.smx
L 09/29/2025 - 23:41:35: [SM] Call stack trace:
L 09/29/2025 - 23:41:35: [SM]   [0] GetConVarString
L 09/29/2025 - 23:41:35: [SM]   [1] Line 138, C:\Users\Moises\Downloads\Compressed\sourcemod-1.11.0-git6968-windows\addons\sourcemod\scripting\ñankrunFixhealth.sp::IsTankRunActive
L 09/29/2025 - 23:41:35: [SM]   [2] Line 79, C:\Users\Moises\Downloads\Compressed\sourcemod-1.11.0-git6968-windows\addons\sourcemod\scripting\ñankrunFixhealth.sp::Event_PlayerDeath
L 09/29/2025 - 23:41:40: [SM] Exception reported: Invalid convar handle 0 (error 4)
L 09/29/2025 - 23:41:40: [SM] Blaming: ñankrunFixhealth.smx
L 09/29/2025 - 23:41:40: [SM] Call stack trace:
L 09/29/2025 - 23:41:40: [SM]   [0] GetConVarString
L 09/29/2025 - 23:41:40: [SM]   [1] Line 138, C:\Users\Moises\Downloads\Compressed\sourcemod-1.11.0-git6968-windows\addons\sourcemod\scripting\ñankrunFixhealth.sp::IsTankRunActive
L 09/29/2025 - 23:41:40: [SM]   [2] Line 79, C:\Users\Moises\Downloads\Compressed\sourcemod-1.11.0-git6968-windows\addons\sourcemod\scripting\ñankrunFixhealth.sp::Event_PlayerDeath
L 09/29/2025 - 23:41:43: [SM] Exception reported: Invalid convar handle 0 (error 4)
L 09/29/2025 - 23:41:43: [SM] Blaming: ñankrunFixhealth.smx
L 09/29/2025 - 23:41:43: [SM] Call stack trace:
L 09/29/2025 - 23:41:43: [SM]   [0] GetConVarString
L 09/29/2025 - 23:41:43: [SM]   [1] Line 138, C:\Users\Moises\Downloads\Compressed\sourcemod-1.11.0-git6968-windows\addons\sourcemod\scripting\ñankrunFixhealth.sp::IsTankRunActive
L 09/29/2025 - 23:41:43: [SM]   [2] Line 36, C:\Users\Moises\Downloads\Compressed\sourcemod-1.11.0-git6968-windows\addons\sourcemod\scripting\ñankrunFixhealth.sp::Timer_PeriodicCheck
L 09/29/2025 - 23:41:53: [SM] Exception reported: Invalid convar handle 0 (error 4)
L 09/29/2025 - 23:41:53: [SM] Blaming: ñankrunFixhealth.smx
L 09/29/2025 - 23:41:53: [SM] Call stack trace:
L 09/29/2025 - 23:41:53: [SM]   [0] GetConVarString
L 09/29/2025 - 23:41:53: [SM]   [1] Line 138, C:\Users\Moises\Downloads\Compressed\sourcemod-1.11.0-git6968-windows\addons\sourcemod\scripting\ñankrunFixhealth.sp::IsTankRunActive
L 09/29/2025 - 23:41:53: [SM]   [2] Line 36, C:\Users\Moises\Downloads\Compressed\sourcemod-1.11.0-git6968-windows\addons\sourcemod\scripting\ñankrunFixhealth.sp::Timer_PeriodicCheck
L 09/29/2025 - 23:42:03: [SM] Exception reported: Invalid convar handle 0 (error 4)
L 09/29/2025 - 23:42:03: [SM] Blaming: ñankrunFixhealth.smx
L 09/29/2025 - 23:42:03: [SM] Call stack trace:
L 09/29/2025 - 23:42:03: [SM]   [0] GetConVarString
L 09/29/2025 - 23:42:03: [SM]   [1] Line 138, C:\Users\Moises\Downloads\Compressed\sourcemod-1.11.0-git6968-windows\addons\sourcemod\scripting\ñankrunFixhealth.sp::IsTankRunActive
L 09/29/2025 - 23:42:03: [SM]   [2] Line 36, C:\Users\Moises\Downloads\Compressed\sourcemod-1.11.0-git6968-windows\addons\sourcemod\scripting\ñankrunFixhealth.sp::Timer_PeriodicCheck
L 09/29/2025 - 23:42:13: [SM] Exception reported: Invalid convar handle 0 (error 4)
L 09/29/2025 - 23:42:13: [SM] Blaming: ñankrunFixhealth.smx
L 09/29/2025 - 23:42:13: [SM] Call stack trace:
L 09/29/2025 - 23:42:13: [SM]   [0] GetConVarString
L 09/29/2025 - 23:42:13: [SM]   [1] Line 138, C:\Users\Moises\Downloads\Compressed\sourcemod-1.11.0-git6968-windows\addons\sourcemod\scripting\ñankrunFixhealth.sp::IsTankRunActive
L 09/29/2025 - 23:42:13: [SM]   [2] Line 36, C:\Users\Moises\Downloads\Compressed\sourcemod-1.11.0-git6968-windows\addons\sourcemod\scripting\ñankrunFixhealth.sp::Timer_PeriodicCheck
L 09/29/2025 - 23:42:23: [SM] Exception reported: Invalid convar handle 0 (error 4)
L 09/29/2025 - 23:42:23: [SM] Blaming: ñankrunFixhealth.smx
L 09/29/2025 - 23:42:23: [SM] Call stack trace:
L 09/29/2025 - 23:42:23: [SM]   [0] GetConVarString
L 09/29/2025 - 23:42:23: [SM]   [1] Line 138, C:\Users\Moises\Downloads\Compressed\sourcemod-1.11.0-git6968-windows\addons\sourcemod\scripting\ñankrunFixhealth.sp::IsTankRunActive
L 09/29/2025 - 23:42:23: [SM]   [2] Line 36, C:\Users\Moises\Downloads\Compressed\sourcemod-1.11.0-git6968-windows\addons\sourcemod\scripting\ñankrunFixhealth.sp::Timer_PeriodicCheck
L 09/29/2025 - 23:42:33: [SM] Exception reported: Invalid convar handle 0 (error 4)
L 09/29/2025 - 23:42:33: [SM] Blaming: ñankrunFixhealth.smx
L 09/29/2025 - 23:42:33: [SM] Call stack trace:
L 09/29/2025 - 23:42:33: [SM]   [0] GetConVarString
L 09/29/2025 - 23:42:33: [SM]   [1] Line 138, C:\Users\Moises\Downloads\Compressed\sourcemod-1.11.0-git6968-windows\addons\sourcemod\scripting\ñankrunFixhealth.sp::IsTankRunActive
L 09/29/2025 - 23:42:33: [SM]   [2] Line 79, C:\Users\Moises\Downloads\Compressed\sourcemod-1.11.0-git6968-windows\addons\sourcemod\scripting\ñankrunFixhealth.sp::Event_PlayerDeath
L 09/29/2025 - 23:42:33: [SM] Exception reported: Invalid convar handle 0 (error 4)
L 09/29/2025 - 23:42:33: [SM] Blaming: ñankrunFixhealth.smx
L 09/29/2025 - 23:42:33: [SM] Call stack trace:
L 09/29/2025 - 23:42:33: [SM]   [0] GetConVarString
L 09/29/2025 - 23:42:33: [SM]   [1] Line 138, C:\Users\Moises\Downloads\Compressed\sourcemod-1.11.0-git6968-windows\addons\sourcemod\scripting\ñankrunFixhealth.sp::IsTankRunActive
L 09/29/2025 - 23:42:33: [SM]   [2] Line 36, C:\Users\Moises\Downloads\Compressed\sourcemod-1.11.0-git6968-windows\addons\sourcemod\scripting\ñankrunFixhealth.sp::Timer_PeriodicCheck
L 09/29/2025 - 23:42:34: [SM] Exception reported: Invalid convar handle 0 (error 4)
L 09/29/2025 - 23:42:34: [SM] Blaming: ñankrunFixhealth.smx
L 09/29/2025 - 23:42:34: [SM] Call stack trace:
L 09/29/2025 - 23:42:34: [SM]   [0] GetConVarString
L 09/29/2025 - 23:42:34: [SM]   [1] Line 138, C:\Users\Moises\Downloads\Compressed\sourcemod-1.11.0-git6968-windows\addons\sourcemod\scripting\ñankrunFixhealth.sp::IsTankRunActive
L 09/29/2025 - 23:42:34: [SM]   [2] Line 79, C:\Users\Moises\Downloads\Compressed\sourcemod-1.11.0-git6968-windows\addons\sourcemod\scripting\ñankrunFixhealth.sp::Event_PlayerDeath
L 09/29/2025 - 23:42:43: [SM] Exception reported: Invalid convar handle 0 (error 4)
L 09/29/2025 - 23:42:43: [SM] Blaming: ñankrunFixhealth.smx
L 09/29/2025 - 23:42:43: [SM] Call stack trace:
L 09/29/2025 - 23:42:43: [SM]   [0] GetConVarString
L 09/29/2025 - 23:42:43: [SM]   [1] Line 138, C:\Users\Moises\Downloads\Compressed\sourcemod-1.11.0-git6968-windows\addons\sourcemod\scripting\ñankrunFixhealth.sp::IsTankRunActive
L 09/29/2025 - 23:42:43: [SM]   [2] Line 36, C:\Users\Moises\Downloads\Compressed\sourcemod-1.11.0-git6968-windows\addons\sourcemod\scripting\ñankrunFixhealth.sp::Timer_PeriodicCheck
L 09/29/2025 - 23:42:53: [SM] Exception reported: Invalid convar handle 0 (error 4)
L 09/29/2025 - 23:42:53: [SM] Blaming: ñankrunFixhealth.smx
L 09/29/2025 - 23:42:53: [SM] Call stack trace:
L 09/29/2025 - 23:42:53: [SM]   [0] GetConVarString
L 09/29/2025 - 23:42:53: [SM]   [1] Line 138, C:\Users\Moises\Downloads\Compressed\sourcemod-1.11.0-git6968-windows\addons\sourcemod\scripting\ñankrunFixhealth.sp::IsTankRunActive
L 09/29/2025 - 23:42:53: [SM]   [2] Line 36, C:\Users\Moises\Downloads\Compressed\sourcemod-1.11.0-git6968-windows\addons\sourcemod\scripting\ñankrunFixhealth.sp::Timer_PeriodicCheck
L 09/29/2025 - 23:43:03: [SM] Exception reported: Invalid convar handle 0 (error 4)
L 09/29/2025 - 23:43:03: [SM] Blaming: ñankrunFixhealth.smx
L 09/29/2025 - 23:43:03: [SM] Call stack trace:
L 09/29/2025 - 23:43:03: [SM]   [0] GetConVarString
L 09/29/2025 - 23:43:03: [SM]   [1] Line 138, C:\Users\Moises\Downloads\Compressed\sourcemod-1.11.0-git6968-windows\addons\sourcemod\scripting\ñankrunFixhealth.sp::IsTankRunActive
L 09/29/2025 - 23:43:03: [SM]   [2] Line 36, C:\Users\Moises\Downloads\Compressed\sourcemod-1.11.0-git6968-windows\addons\sourcemod\scripting\ñankrunFixhealth.sp::Timer_PeriodicCheck
L 09/29/2025 - 23:43:08: [SM] Exception reported: Invalid convar handle 0 (error 4)
L 09/29/2025 - 23:43:08: [SM] Blaming: ñankrunFixhealth.smx
L 09/29/2025 - 23:43:08: [SM] Call stack trace:
L 09/29/2025 - 23:43:08: [SM]   [0] GetConVarString
L 09/29/2025 - 23:43:08: [SM]   [1] Line 138, C:\Users\Moises\Downloads\Compressed\sourcemod-1.11.0-git6968-windows\addons\sourcemod\scripting\ñankrunFixhealth.sp::IsTankRunActive
L 09/29/2025 - 23:43:08: [SM]   [2] Line 79, C:\Users\Moises\Downloads\Compressed\sourcemod-1.11.0-git6968-windows\addons\sourcemod\scripting\ñankrunFixhealth.sp::Event_PlayerDeath
L 09/29/2025 - 23:43:13: [SM] Exception reported: Invalid convar handle 0 (error 4)
L 09/29/2025 - 23:43:13: [SM] Blaming: ñankrunFixhealth.smx
L 09/29/2025 - 23:43:13: [SM] Call stack trace:
L 09/29/2025 - 23:43:13: [SM]   [0] GetConVarString
L 09/29/2025 - 23:43:13: [SM]   [1] Line 138, C:\Users\Moises\Downloads\Compressed\sourcemod-1.11.0-git6968-windows\addons\sourcemod\scripting\ñankrunFixhealth.sp::IsTankRunActive
L 09/29/2025 - 23:43:13: [SM]   [2] Line 71, C:\Users\Moises\Downloads\Compressed\sourcemod-1.11.0-git6968-windows\addons\sourcemod\scripting\ñankrunFixhealth.sp::Event_MapTransition
L 09/29/2025 - 23:43:13: [SM] Exception reported: Invalid convar handle 0 (error 4)
L 09/29/2025 - 23:43:13: [SM] Blaming: ñankrunFixhealth.smx
L 09/29/2025 - 23:43:13: [SM] Call stack trace:
L 09/29/2025 - 23:43:13: [SM]   [0] GetConVarString
L 09/29/2025 - 23:43:13: [SM]   [1] Line 138, C:\Users\Moises\Downloads\Compressed\sourcemod-1.11.0-git6968-windows\addons\sourcemod\scripting\ñankrunFixhealth.sp::IsTankRunActive
L 09/29/2025 - 23:43:13: [SM]   [2] Line 79, C:\Users\Moises\Downloads\Compressed\sourcemod-1.11.0-git6968-windows\addons\sourcemod\scripting\ñankrunFixhealth.sp::Event_PlayerDeath
L 09/29/2025 - 23:43:13: [SM] Exception reported: Invalid convar handle 0 (error 4)
L 09/29/2025 - 23:43:13: [SM] Blaming: ñankrunFixhealth.smx
L 09/29/2025 - 23:43:13: [SM] Call stack trace:
L 09/29/2025 - 23:43:13: [SM]   [0] GetConVarString
L 09/29/2025 - 23:43:13: [SM]   [1] Line 138, C:\Users\Moises\Downloads\Compressed\sourcemod-1.11.0-git6968-windows\addons\sourcemod\scripting\ñankrunFixhealth.sp::IsTankRunActive
L 09/29/2025 - 23:43:13: [SM]   [2] Line 36, C:\Users\Moises\Downloads\Compressed\sourcemod-1.11.0-git6968-windows\addons\sourcemod\scripting\ñankrunFixhealth.sp::Timer_PeriodicCheck
L 09/29/2025 - 23:43:24: Error log file session closed.
L 09/29/2025 - 23:43:24: SourceMod error session started
L 09/29/2025 - 23:43:24: Info (map "c1m2_streets") (file "z:\home\moy\.steam\debian-installation\steamapps\common\left 4 dead 2\left4dead2\addons\sourcemod\logs\errors_20250929.log")
L 09/29/2025 - 23:43:24: [SM] Fatal error encountered parsing translation file "l4d_nth.phrases.txt"
L 09/29/2025 - 23:43:24: [SM] Error (line 0, column 0): Stream failed to open
L 09/29/2025 - 23:43:24: [SM] Fatal error encountered parsing translation file "chargersteering.phrases.txt"
L 09/29/2025 - 23:43:24: [SM] Error (line 0, column 0): Stream failed to open
L 09/29/2025 - 23:43:24: [SM] Fatal error encountered parsing translation file "l4dmultislots.phrases.txt"
L 09/29/2025 - 23:43:24: [SM] Error (line 0, column 0): Stream failed to open
L 09/29/2025 - 23:43:24: [SM] Fatal error encountered parsing translation file "lilac.phrases.txt"
L 09/29/2025 - 23:43:24: [SM] Error (line 0, column 0): Stream failed to open
L 09/29/2025 - 23:43:24: [admin-flatfile.smx] Error(s) detected parsing addons\sourcemod\configs\admins.cfg
L 09/29/2025 - 23:43:24: [admin-flatfile.smx]  (line 37) A property was declared outside of a section
L 09/29/2025 - 23:43:27: [SM] Exception reported: Invalid convar handle 0 (error 4)
L 09/29/2025 - 23:43:27: [SM] Blaming: ñankrunFixhealth.smx
L 09/29/2025 - 23:43:27: [SM] Call stack trace:
L 09/29/2025 - 23:43:27: [SM]   [0] GetConVarString
L 09/29/2025 - 23:43:27: [SM]   [1] Line 138, C:\Users\Moises\Downloads\Compressed\sourcemod-1.11.0-git6968-windows\addons\sourcemod\scripting\ñankrunFixhealth.sp::IsTankRunActive
L 09/29/2025 - 23:43:27: [SM]   [2] Line 54, C:\Users\Moises\Downloads\Compressed\sourcemod-1.11.0-git6968-windows\addons\sourcemod\scripting\ñankrunFixhealth.sp::Event_RoundStart
L 09/29/2025 - 23:43:32: [SM] Exception reported: Invalid convar handle 0 (error 4)
L 09/29/2025 - 23:43:32: [SM] Blaming: ñankrunFixhealth.smx
L 09/29/2025 - 23:43:32: [SM] Call stack trace:
L 09/29/2025 - 23:43:32: [SM]   [0] GetConVarString
L 09/29/2025 - 23:43:32: [SM]   [1] Line 138, C:\Users\Moises\Downloads\Compressed\sourcemod-1.11.0-git6968-windows\addons\sourcemod\scripting\ñankrunFixhealth.sp::IsTankRunActive
L 09/29/2025 - 23:43:32: [SM]   [2] Line 36, C:\Users\Moises\Downloads\Compressed\sourcemod-1.11.0-git6968-windows\addons\sourcemod\scripting\ñankrunFixhealth.sp::Timer_PeriodicCheck
L 09/29/2025 - 23:43:42: [SM] Exception reported: Invalid convar handle 0 (error 4)
L 09/29/2025 - 23:43:42: [SM] Blaming: ñankrunFixhealth.smx
L 09/29/2025 - 23:43:42: [SM] Call stack trace:
L 09/29/2025 - 23:43:42: [SM]   [0] GetConVarString
L 09/29/2025 - 23:43:42: [SM]   [1] Line 138, C:\Users\Moises\Downloads\Compressed\sourcemod-1.11.0-git6968-windows\addons\sourcemod\scripting\ñankrunFixhealth.sp::IsTankRunActive
L 09/29/2025 - 23:43:42: [SM]   [2] Line 36, C:\Users\Moises\Downloads\Compressed\sourcemod-1.11.0-git6968-windows\addons\sourcemod\scripting\ñankrunFixhealth.sp::Timer_PeriodicCheck
L 09/29/2025 - 23:44:18: [SM] Exception reported: Invalid convar handle 0 (error 4)
L 09/29/2025 - 23:44:18: [SM] Blaming: ñankrunFixhealth.smx
L 09/29/2025 - 23:44:18: [SM] Call stack trace:
L 09/29/2025 - 23:44:18: [SM]   [0] GetConVarString
L 09/29/2025 - 23:44:18: [SM]   [1] Line 138, C:\Users\Moises\Downloads\Compressed\sourcemod-1.11.0-git6968-windows\addons\sourcemod\scripting\ñankrunFixhealth.sp::IsTankRunActive
L 09/29/2025 - 23:44:18: [SM]   [2] Line 36, C:\Users\Moises\Downloads\Compressed\sourcemod-1.11.0-git6968-windows\addons\sourcemod\scripting\ñankrunFixhealth.sp::Timer_PeriodicCheck
L 09/29/2025 - 23:44:29: [SM] Exception reported: Invalid convar handle 0 (error 4)
L 09/29/2025 - 23:44:29: [SM] Blaming: ñankrunFixhealth.smx
L 09/29/2025 - 23:44:29: [SM] Call stack trace:
L 09/29/2025 - 23:44:29: [SM]   [0] GetConVarString
L 09/29/2025 - 23:44:29: [SM]   [1] Line 138, C:\Users\Moises\Downloads\Compressed\sourcemod-1.11.0-git6968-windows\addons\sourcemod\scripting\ñankrunFixhealth.sp::IsTankRunActive
L 09/29/2025 - 23:44:29: [SM]   [2] Line 79, C:\Users\Moises\Downloads\Compressed\sourcemod-1.11.0-git6968-windows\addons\sourcemod\scripting\ñankrunFixhealth.sp::Event_PlayerDeath
L 09/29/2025 - 23:44:30: [SM] Exception reported: Invalid convar handle 0 (error 4)
L 09/29/2025 - 23:44:30: [SM] Blaming: ñankrunFixhealth.smx
L 09/29/2025 - 23:44:30: [SM] Call stack trace:
L 09/29/2025 - 23:44:30: [SM]   [0] GetConVarString
L 09/29/2025 - 23:44:30: [SM]   [1] Line 138, C:\Users\Moises\Downloads\Compressed\sourcemod-1.11.0-git6968-windows\addons\sourcemod\scripting\ñankrunFixhealth.sp::IsTankRunActive
L 09/29/2025 - 23:44:30: [SM]   [2] Line 36, C:\Users\Moises\Downloads\Compressed\sourcemod-1.11.0-git6968-windows\addons\sourcemod\scripting\ñankrunFixhealth.sp::Timer_PeriodicCheck
L 09/29/2025 - 23:44:35: [SM] Exception reported: Invalid convar handle 0 (error 4)
L 09/29/2025 - 23:44:35: [SM] Blaming: ñankrunFixhealth.smx
L 09/29/2025 - 23:44:35: [SM] Call stack trace:
L 09/29/2025 - 23:44:35: [SM]   [0] GetConVarString
L 09/29/2025 - 23:44:35: [SM]   [1] Line 138, C:\Users\Moises\Downloads\Compressed\sourcemod-1.11.0-git6968-windows\addons\sourcemod\scripting\ñankrunFixhealth.sp::IsTankRunActive
L 09/29/2025 - 23:44:35: [SM]   [2] Line 79, C:\Users\Moises\Downloads\Compressed\sourcemod-1.11.0-git6968-windows\addons\sourcemod\scripting\ñankrunFixhealth.sp::Event_PlayerDeath
L 09/29/2025 - 23:44:40: [SM] Exception reported: Invalid convar handle 0 (error 4)
L 09/29/2025 - 23:44:40: [SM] Blaming: ñankrunFixhealth.smx
L 09/29/2025 - 23:44:40: [SM] Call stack trace:
L 09/29/2025 - 23:44:40: [SM]   [0] GetConVarString
L 09/29/2025 - 23:44:40: [SM]   [1] Line 138, C:\Users\Moises\Downloads\Compressed\sourcemod-1.11.0-git6968-windows\addons\sourcemod\scripting\ñankrunFixhealth.sp::IsTankRunActive
L 09/29/2025 - 23:44:40: [SM]   [2] Line 36, C:\Users\Moises\Downloads\Compressed\sourcemod-1.11.0-git6968-windows\addons\sourcemod\scripting\ñankrunFixhealth.sp::Timer_PeriodicCheck
L 09/29/2025 - 23:44:49: [SM] Exception reported: Invalid convar handle 0 (error 4)
L 09/29/2025 - 23:44:49: [SM] Blaming: ñankrunFixhealth.smx
L 09/29/2025 - 23:44:49: [SM] Call stack trace:
L 09/29/2025 - 23:44:49: [SM]   [0] GetConVarString
L 09/29/2025 - 23:44:49: [SM]   [1] Line 138, C:\Users\Moises\Downloads\Compressed\sourcemod-1.11.0-git6968-windows\addons\sourcemod\scripting\ñankrunFixhealth.sp::IsTankRunActive
L 09/29/2025 - 23:44:49: [SM]   [2] Line 79, C:\Users\Moises\Downloads\Compressed\sourcemod-1.11.0-git6968-windows\addons\sourcemod\scripting\ñankrunFixhealth.sp::Event_PlayerDeath
L 09/29/2025 - 23:44:49: [SM] Exception reported: Invalid convar handle 0 (error 4)
L 09/29/2025 - 23:44:49: [SM] Blaming: ñankrunFixhealth.smx
L 09/29/2025 - 23:44:49: [SM] Call stack trace:
L 09/29/2025 - 23:44:49: [SM]   [0] GetConVarString
L 09/29/2025 - 23:44:49: [SM]   [1] Line 138, C:\Users\Moises\Downloads\Compressed\sourcemod-1.11.0-git6968-windows\addons\sourcemod\scripting\ñankrunFixhealth.sp::IsTankRunActive
L 09/29/2025 - 23:44:49: [SM]   [2] Line 91, C:\Users\Moises\Downloads\Compressed\sourcemod-1.11.0-git6968-windows\addons\sourcemod\scripting\ñankrunFixhealth.sp::Event_MissionLost
L 09/29/2025 - 23:44:50: [SM] Exception reported: Invalid convar handle 0 (error 4)
L 09/29/2025 - 23:44:50: [SM] Blaming: ñankrunFixhealth.smx
L 09/29/2025 - 23:44:50: [SM] Call stack trace:
L 09/29/2025 - 23:44:50: [SM]   [0] GetConVarString
L 09/29/2025 - 23:44:50: [SM]   [1] Line 138, C:\Users\Moises\Downloads\Compressed\sourcemod-1.11.0-git6968-windows\addons\sourcemod\scripting\ñankrunFixhealth.sp::IsTankRunActive
L 09/29/2025 - 23:44:50: [SM]   [2] Line 36, C:\Users\Moises\Downloads\Compressed\sourcemod-1.11.0-git6968-windows\addons\sourcemod\scripting\ñankrunFixhealth.sp::Timer_PeriodicCheck
L 09/29/2025 - 23:44:50: [SM] Exception reported: Invalid convar handle 0 (error 4)
L 09/29/2025 - 23:44:50: [SM] Blaming: ñankrunFixhealth.smx
L 09/29/2025 - 23:44:50: [SM] Call stack trace:
L 09/29/2025 - 23:44:50: [SM]   [0] GetConVarString
L 09/29/2025 - 23:44:50: [SM]   [1] Line 138, C:\Users\Moises\Downloads\Compressed\sourcemod-1.11.0-git6968-windows\addons\sourcemod\scripting\ñankrunFixhealth.sp::IsTankRunActive
L 09/29/2025 - 23:44:50: [SM]   [2] Line 79, C:\Users\Moises\Downloads\Compressed\sourcemod-1.11.0-git6968-windows\addons\sourcemod\scripting\ñankrunFixhealth.sp::Event_PlayerDeath
L 09/29/2025 - 23:44:56: [SM] Exception reported: Invalid convar handle 0 (error 4)
L 09/29/2025 - 23:44:56: [SM] Blaming: ñankrunFixhealth.smx
L 09/29/2025 - 23:44:56: [SM] Call stack trace:
L 09/29/2025 - 23:44:56: [SM]   [0] GetConVarString
L 09/29/2025 - 23:44:56: [SM]   [1] Line 138, C:\Users\Moises\Downloads\Compressed\sourcemod-1.11.0-git6968-windows\addons\sourcemod\scripting\ñankrunFixhealth.sp::IsTankRunActive
L 09/29/2025 - 23:44:56: [SM]   [2] Line 54, C:\Users\Moises\Downloads\Compressed\sourcemod-1.11.0-git6968-windows\addons\sourcemod\scripting\ñankrunFixhealth.sp::Event_RoundStart
L 09/29/2025 - 23:45:00: [SM] Exception reported: Invalid convar handle 0 (error 4)
L 09/29/2025 - 23:45:00: [SM] Blaming: ñankrunFixhealth.smx
L 09/29/2025 - 23:45:00: [SM] Call stack trace:
L 09/29/2025 - 23:45:00: [SM]   [0] GetConVarString
L 09/29/2025 - 23:45:00: [SM]   [1] Line 138, C:\Users\Moises\Downloads\Compressed\sourcemod-1.11.0-git6968-windows\addons\sourcemod\scripting\ñankrunFixhealth.sp::IsTankRunActive
L 09/29/2025 - 23:45:00: [SM]   [2] Line 36, C:\Users\Moises\Downloads\Compressed\sourcemod-1.11.0-git6968-windows\addons\sourcemod\scripting\ñankrunFixhealth.sp::Timer_PeriodicCheck
L 09/29/2025 - 23:45:10: [SM] Exception reported: Invalid convar handle 0 (error 4)
L 09/29/2025 - 23:45:10: [SM] Blaming: ñankrunFixhealth.smx
L 09/29/2025 - 23:45:10: [SM] Call stack trace:
L 09/29/2025 - 23:45:10: [SM]   [0] GetConVarString
L 09/29/2025 - 23:45:10: [SM]   [1] Line 138, C:\Users\Moises\Downloads\Compressed\sourcemod-1.11.0-git6968-windows\addons\sourcemod\scripting\ñankrunFixhealth.sp::IsTankRunActive
L 09/29/2025 - 23:45:10: [SM]   [2] Line 36, C:\Users\Moises\Downloads\Compressed\sourcemod-1.11.0-git6968-windows\addons\sourcemod\scripting\ñankrunFixhealth.sp::Timer_PeriodicCheck
L 09/29/2025 - 23:45:20: [SM] Exception reported: Invalid convar handle 0 (error 4)
L 09/29/2025 - 23:45:20: [SM] Blaming: ñankrunFixhealth.smx
L 09/29/2025 - 23:45:20: [SM] Call stack trace:
L 09/29/2025 - 23:45:20: [SM]   [0] GetConVarString
L 09/29/2025 - 23:45:20: [SM]   [1] Line 138, C:\Users\Moises\Downloads\Compressed\sourcemod-1.11.0-git6968-windows\addons\sourcemod\scripting\ñankrunFixhealth.sp::IsTankRunActive
L 09/29/2025 - 23:45:20: [SM]   [2] Line 36, C:\Users\Moises\Downloads\Compressed\sourcemod-1.11.0-git6968-windows\addons\sourcemod\scripting\ñankrunFixhealth.sp::Timer_PeriodicCheck
L 09/29/2025 - 23:45:30: [SM] Exception reported: Invalid convar handle 0 (error 4)
L 09/29/2025 - 23:45:30: [SM] Blaming: ñankrunFixhealth.smx
L 09/29/2025 - 23:45:30: [SM] Call stack trace:
L 09/29/2025 - 23:45:30: [SM]   [0] GetConVarString
L 09/29/2025 - 23:45:30: [SM]   [1] Line 138, C:\Users\Moises\Downloads\Compressed\sourcemod-1.11.0-git6968-windows\addons\sourcemod\scripting\ñankrunFixhealth.sp::IsTankRunActive
L 09/29/2025 - 23:45:30: [SM]   [2] Line 36, C:\Users\Moises\Downloads\Compressed\sourcemod-1.11.0-git6968-windows\addons\sourcemod\scripting\ñankrunFixhealth.sp::Timer_PeriodicCheck
L 09/29/2025 - 23:45:40: [SM] Exception reported: Invalid convar handle 0 (error 4)
L 09/29/2025 - 23:45:40: [SM] Blaming: ñankrunFixhealth.smx
L 09/29/2025 - 23:45:40: [SM] Call stack trace:
L 09/29/2025 - 23:45:40: [SM]   [0] GetConVarString
L 09/29/2025 - 23:45:40: [SM]   [1] Line 138, C:\Users\Moises\Downloads\Compressed\sourcemod-1.11.0-git6968-windows\addons\sourcemod\scripting\ñankrunFixhealth.sp::IsTankRunActive
L 09/29/2025 - 23:45:40: [SM]   [2] Line 36, C:\Users\Moises\Downloads\Compressed\sourcemod-1.11.0-git6968-windows\addons\sourcemod\scripting\ñankrunFixhealth.sp::Timer_PeriodicCheck
L 09/29/2025 - 23:45:40: [SM] Exception reported: Invalid convar handle 0 (error 4)
L 09/29/2025 - 23:45:40: [SM] Blaming: ñankrunFixhealth.smx
L 09/29/2025 - 23:45:40: [SM] Call stack trace:
L 09/29/2025 - 23:45:40: [SM]   [0] GetConVarString
L 09/29/2025 - 23:45:40: [SM]   [1] Line 138, C:\Users\Moises\Downloads\Compressed\sourcemod-1.11.0-git6968-windows\addons\sourcemod\scripting\ñankrunFixhealth.sp::IsTankRunActive
L 09/29/2025 - 23:45:40: [SM]   [2] Line 79, C:\Users\Moises\Downloads\Compressed\sourcemod-1.11.0-git6968-windows\addons\sourcemod\scripting\ñankrunFixhealth.sp::Event_PlayerDeath
L 09/29/2025 - 23:45:43: [SM] Exception reported: Invalid convar handle 0 (error 4)
L 09/29/2025 - 23:45:43: [SM] Blaming: ñankrunFixhealth.smx
L 09/29/2025 - 23:45:43: [SM] Call stack trace:
L 09/29/2025 - 23:45:43: [SM]   [0] GetConVarString
L 09/29/2025 - 23:45:43: [SM]   [1] Line 138, C:\Users\Moises\Downloads\Compressed\sourcemod-1.11.0-git6968-windows\addons\sourcemod\scripting\ñankrunFixhealth.sp::IsTankRunActive
L 09/29/2025 - 23:45:43: [SM]   [2] Line 79, C:\Users\Moises\Downloads\Compressed\sourcemod-1.11.0-git6968-windows\addons\sourcemod\scripting\ñankrunFixhealth.sp::Event_PlayerDeath
L 09/29/2025 - 23:45:46: [SM] Exception reported: Invalid convar handle 0 (error 4)
L 09/29/2025 - 23:45:46: [SM] Blaming: ñankrunFixhealth.smx
L 09/29/2025 - 23:45:46: [SM] Call stack trace:
L 09/29/2025 - 23:45:46: [SM]   [0] GetConVarString
L 09/29/2025 - 23:45:46: [SM]   [1] Line 138, C:\Users\Moises\Downloads\Compressed\sourcemod-1.11.0-git6968-windows\addons\sourcemod\scripting\ñankrunFixhealth.sp::IsTankRunActive
L 09/29/2025 - 23:45:46: [SM]   [2] Line 79, C:\Users\Moises\Downloads\Compressed\sourcemod-1.11.0-git6968-windows\addons\sourcemod\scripting\ñankrunFixhealth.sp::Event_PlayerDeath
L 09/29/2025 - 23:45:49: [SM] Exception reported: Invalid convar handle 0 (error 4)
L 09/29/2025 - 23:45:49: [SM] Blaming: ñankrunFixhealth.smx
L 09/29/2025 - 23:45:49: [SM] Call stack trace:
L 09/29/2025 - 23:45:49: [SM]   [0] GetConVarString
L 09/29/2025 - 23:45:49: [SM]   [1] Line 138, C:\Users\Moises\Downloads\Compressed\sourcemod-1.11.0-git6968-windows\addons\sourcemod\scripting\ñankrunFixhealth.sp::IsTankRunActive
L 09/29/2025 - 23:45:49: [SM]   [2] Line 79, C:\Users\Moises\Downloads\Compressed\sourcemod-1.11.0-git6968-windows\addons\sourcemod\scripting\ñankrunFixhealth.sp::Event_PlayerDeath
L 09/29/2025 - 23:45:49: [SM] Exception reported: Invalid convar handle 0 (error 4)
L 09/29/2025 - 23:45:49: [SM] Blaming: ñankrunFixhealth.smx
L 09/29/2025 - 23:45:49: [SM] Call stack trace:
L 09/29/2025 - 23:45:49: [SM]   [0] GetConVarString
L 09/29/2025 - 23:45:49: [SM]   [1] Line 138, C:\Users\Moises\Downloads\Compressed\sourcemod-1.11.0-git6968-windows\addons\sourcemod\scripting\ñankrunFixhealth.sp::IsTankRunActive
L 09/29/2025 - 23:45:49: [SM]   [2] Line 91, C:\Users\Moises\Downloads\Compressed\sourcemod-1.11.0-git6968-windows\addons\sourcemod\scripting\ñankrunFixhealth.sp::Event_MissionLost
L 09/29/2025 - 23:45:50: [SM] Exception reported: Invalid convar handle 0 (error 4)
L 09/29/2025 - 23:45:50: [SM] Blaming: ñankrunFixhealth.smx
L 09/29/2025 - 23:45:50: [SM] Call stack trace:
L 09/29/2025 - 23:45:50: [SM]   [0] GetConVarString
L 09/29/2025 - 23:45:50: [SM]   [1] Line 138, C:\Users\Moises\Downloads\Compressed\sourcemod-1.11.0-git6968-windows\addons\sourcemod\scripting\ñankrunFixhealth.sp::IsTankRunActive
L 09/29/2025 - 23:45:50: [SM]   [2] Line 36, C:\Users\Moises\Downloads\Compressed\sourcemod-1.11.0-git6968-windows\addons\sourcemod\scripting\ñankrunFixhealth.sp::Timer_PeriodicCheck
L 09/29/2025 - 23:45:57: [SM] Exception reported: Invalid convar handle 0 (error 4)
L 09/29/2025 - 23:45:57: [SM] Blaming: ñankrunFixhealth.smx
L 09/29/2025 - 23:45:57: [SM] Call stack trace:
L 09/29/2025 - 23:45:57: [SM]   [0] GetConVarString
L 09/29/2025 - 23:45:57: [SM]   [1] Line 138, C:\Users\Moises\Downloads\Compressed\sourcemod-1.11.0-git6968-windows\addons\sourcemod\scripting\ñankrunFixhealth.sp::IsTankRunActive
L 09/29/2025 - 23:45:57: [SM]   [2] Line 54, C:\Users\Moises\Downloads\Compressed\sourcemod-1.11.0-git6968-windows\addons\sourcemod\scripting\ñankrunFixhealth.sp::Event_RoundStart
L 09/29/2025 - 23:46:00: [SM] Exception reported: Invalid convar handle 0 (error 4)
L 09/29/2025 - 23:46:00: [SM] Blaming: ñankrunFixhealth.smx
L 09/29/2025 - 23:46:00: [SM] Call stack trace:
L 09/29/2025 - 23:46:00: [SM]   [0] GetConVarString
L 09/29/2025 - 23:46:00: [SM]   [1] Line 138, C:\Users\Moises\Downloads\Compressed\sourcemod-1.11.0-git6968-windows\addons\sourcemod\scripting\ñankrunFixhealth.sp::IsTankRunActive
L 09/29/2025 - 23:46:00: [SM]   [2] Line 36, C:\Users\Moises\Downloads\Compressed\sourcemod-1.11.0-git6968-windows\addons\sourcemod\scripting\ñankrunFixhealth.sp::Timer_PeriodicCheck
L 09/29/2025 - 23:46:10: [SM] Exception reported: Invalid convar handle 0 (error 4)
L 09/29/2025 - 23:46:10: [SM] Blaming: ñankrunFixhealth.smx
L 09/29/2025 - 23:46:10: [SM] Call stack trace:
L 09/29/2025 - 23:46:10: [SM]   [0] GetConVarString
L 09/29/2025 - 23:46:10: [SM]   [1] Line 138, C:\Users\Moises\Downloads\Compressed\sourcemod-1.11.0-git6968-windows\addons\sourcemod\scripting\ñankrunFixhealth.sp::IsTankRunActive
L 09/29/2025 - 23:46:10: [SM]   [2] Line 36, C:\Users\Moises\Downloads\Compressed\sourcemod-1.11.0-git6968-windows\addons\sourcemod\scripting\ñankrunFixhealth.sp::Timer_PeriodicCheck
L 09/29/2025 - 23:46:20: [SM] Exception reported: Invalid convar handle 0 (error 4)
L 09/29/2025 - 23:46:20: [SM] Blaming: ñankrunFixhealth.smx
L 09/29/2025 - 23:46:20: [SM] Call stack trace:
L 09/29/2025 - 23:46:20: [SM]   [0] GetConVarString
L 09/29/2025 - 23:46:20: [SM]   [1] Line 138, C:\Users\Moises\Downloads\Compressed\sourcemod-1.11.0-git6968-windows\addons\sourcemod\scripting\ñankrunFixhealth.sp::IsTankRunActive
L 09/29/2025 - 23:46:20: [SM]   [2] Line 36, C:\Users\Moises\Downloads\Compressed\sourcemod-1.11.0-git6968-windows\addons\sourcemod\scripting\ñankrunFixhealth.sp::Timer_PeriodicCheck
L 09/29/2025 - 23:46:30: [SM] Exception reported: Invalid convar handle 0 (error 4)
L 09/29/2025 - 23:46:30: [SM] Blaming: ñankrunFixhealth.smx
L 09/29/2025 - 23:46:30: [SM] Call stack trace:
L 09/29/2025 - 23:46:30: [SM]   [0] GetConVarString
L 09/29/2025 - 23:46:30: [SM]   [1] Line 138, C:\Users\Moises\Downloads\Compressed\sourcemod-1.11.0-git6968-windows\addons\sourcemod\scripting\ñankrunFixhealth.sp::IsTankRunActive
L 09/29/2025 - 23:46:30: [SM]   [2] Line 36, C:\Users\Moises\Downloads\Compressed\sourcemod-1.11.0-git6968-windows\addons\sourcemod\scripting\ñankrunFixhealth.sp::Timer_PeriodicCheck
L 09/29/2025 - 23:46:39: [SM] Exception reported: Invalid convar handle 0 (error 4)
L 09/29/2025 - 23:46:39: [SM] Blaming: ñankrunFixhealth.smx
L 09/29/2025 - 23:46:39: [SM] Call stack trace:
L 09/29/2025 - 23:46:39: [SM]   [0] GetConVarString
L 09/29/2025 - 23:46:39: [SM]   [1] Line 138, C:\Users\Moises\Downloads\Compressed\sourcemod-1.11.0-git6968-windows\addons\sourcemod\scripting\ñankrunFixhealth.sp::IsTankRunActive
L 09/29/2025 - 23:46:39: [SM]   [2] Line 79, C:\Users\Moises\Downloads\Compressed\sourcemod-1.11.0-git6968-windows\addons\sourcemod\scripting\ñankrunFixhealth.sp::Event_PlayerDeath
L 09/29/2025 - 23:46:40: [SM] Exception reported: Invalid convar handle 0 (error 4)
L 09/29/2025 - 23:46:40: [SM] Blaming: ñankrunFixhealth.smx
L 09/29/2025 - 23:46:40: [SM] Call stack trace:
L 09/29/2025 - 23:46:40: [SM]   [0] GetConVarString
L 09/29/2025 - 23:46:40: [SM]   [1] Line 138, C:\Users\Moises\Downloads\Compressed\sourcemod-1.11.0-git6968-windows\addons\sourcemod\scripting\ñankrunFixhealth.sp::IsTankRunActive
L 09/29/2025 - 23:46:40: [SM]   [2] Line 36, C:\Users\Moises\Downloads\Compressed\sourcemod-1.11.0-git6968-windows\addons\sourcemod\scripting\ñankrunFixhealth.sp::Timer_PeriodicCheck
L 09/29/2025 - 23:46:46: [SM] Exception reported: Invalid convar handle 0 (error 4)
L 09/29/2025 - 23:46:46: [SM] Blaming: ñankrunFixhealth.smx
L 09/29/2025 - 23:46:46: [SM] Call stack trace:
L 09/29/2025 - 23:46:46: [SM]   [0] GetConVarString
L 09/29/2025 - 23:46:46: [SM]   [1] Line 138, C:\Users\Moises\Downloads\Compressed\sourcemod-1.11.0-git6968-windows\addons\sourcemod\scripting\ñankrunFixhealth.sp::IsTankRunActive
L 09/29/2025 - 23:46:46: [SM]   [2] Line 79, C:\Users\Moises\Downloads\Compressed\sourcemod-1.11.0-git6968-windows\addons\sourcemod\scripting\ñankrunFixhealth.sp::Event_PlayerDeath
L 09/29/2025 - 23:46:50: [SM] Exception reported: Invalid convar handle 0 (error 4)
L 09/29/2025 - 23:46:50: [SM] Blaming: ñankrunFixhealth.smx
L 09/29/2025 - 23:46:50: [SM] Call stack trace:
L 09/29/2025 - 23:46:50: [SM]   [0] GetConVarString
L 09/29/2025 - 23:46:50: [SM]   [1] Line 138, C:\Users\Moises\Downloads\Compressed\sourcemod-1.11.0-git6968-windows\addons\sourcemod\scripting\ñankrunFixhealth.sp::IsTankRunActive
L 09/29/2025 - 23:46:50: [SM]   [2] Line 36, C:\Users\Moises\Downloads\Compressed\sourcemod-1.11.0-git6968-windows\addons\sourcemod\scripting\ñankrunFixhealth.sp::Timer_PeriodicCheck
L 09/29/2025 - 23:46:53: [SM] Exception reported: Invalid convar handle 0 (error 4)
L 09/29/2025 - 23:46:53: [SM] Blaming: ñankrunFixhealth.smx
L 09/29/2025 - 23:46:53: [SM] Call stack trace:
L 09/29/2025 - 23:46:53: [SM]   [0] GetConVarString
L 09/29/2025 - 23:46:53: [SM]   [1] Line 138, C:\Users\Moises\Downloads\Compressed\sourcemod-1.11.0-git6968-windows\addons\sourcemod\scripting\ñankrunFixhealth.sp::IsTankRunActive
L 09/29/2025 - 23:46:53: [SM]   [2] Line 79, C:\Users\Moises\Downloads\Compressed\sourcemod-1.11.0-git6968-windows\addons\sourcemod\scripting\ñankrunFixhealth.sp::Event_PlayerDeath
L 09/29/2025 - 23:46:58: [SM] Exception reported: Invalid convar handle 0 (error 4)
L 09/29/2025 - 23:46:58: [SM] Blaming: ñankrunFixhealth.smx
L 09/29/2025 - 23:46:58: [SM] Call stack trace:
L 09/29/2025 - 23:46:58: [SM]   [0] GetConVarString
L 09/29/2025 - 23:46:58: [SM]   [1] Line 138, C:\Users\Moises\Downloads\Compressed\sourcemod-1.11.0-git6968-windows\addons\sourcemod\scripting\ñankrunFixhealth.sp::IsTankRunActive
L 09/29/2025 - 23:46:58: [SM]   [2] Line 79, C:\Users\Moises\Downloads\Compressed\sourcemod-1.11.0-git6968-windows\addons\sourcemod\scripting\ñankrunFixhealth.sp::Event_PlayerDeath
L 09/29/2025 - 23:46:59: [SM] Exception reported: Invalid convar handle 0 (error 4)
L 09/29/2025 - 23:46:59: [SM] Blaming: ñankrunFixhealth.smx
L 09/29/2025 - 23:46:59: [SM] Call stack trace:
L 09/29/2025 - 23:46:59: [SM]   [0] GetConVarString
L 09/29/2025 - 23:46:59: [SM]   [1] Line 138, C:\Users\Moises\Downloads\Compressed\sourcemod-1.11.0-git6968-windows\addons\sourcemod\scripting\ñankrunFixhealth.sp::IsTankRunActive
L 09/29/2025 - 23:46:59: [SM]   [2] Line 79, C:\Users\Moises\Downloads\Compressed\sourcemod-1.11.0-git6968-windows\addons\sourcemod\scripting\ñankrunFixhealth.sp::Event_PlayerDeath
L 09/29/2025 - 23:46:59: [SM] Exception reported: Invalid convar handle 0 (error 4)
L 09/29/2025 - 23:46:59: [SM] Blaming: ñankrunFixhealth.smx
L 09/29/2025 - 23:46:59: [SM] Call stack trace:
L 09/29/2025 - 23:46:59: [SM]   [0] GetConVarString
L 09/29/2025 - 23:46:59: [SM]   [1] Line 138, C:\Users\Moises\Downloads\Compressed\sourcemod-1.11.0-git6968-windows\addons\sourcemod\scripting\ñankrunFixhealth.sp::IsTankRunActive
L 09/29/2025 - 23:46:59: [SM]   [2] Line 91, C:\Users\Moises\Downloads\Compressed\sourcemod-1.11.0-git6968-windows\addons\sourcemod\scripting\ñankrunFixhealth.sp::Event_MissionLost
L 09/29/2025 - 23:47:00: [SM] Exception reported: Invalid convar handle 0 (error 4)
L 09/29/2025 - 23:47:00: [SM] Blaming: ñankrunFixhealth.smx
L 09/29/2025 - 23:47:00: [SM] Call stack trace:
L 09/29/2025 - 23:47:00: [SM]   [0] GetConVarString
L 09/29/2025 - 23:47:00: [SM]   [1] Line 138, C:\Users\Moises\Downloads\Compressed\sourcemod-1.11.0-git6968-windows\addons\sourcemod\scripting\ñankrunFixhealth.sp::IsTankRunActive
L 09/29/2025 - 23:47:00: [SM]   [2] Line 36, C:\Users\Moises\Downloads\Compressed\sourcemod-1.11.0-git6968-windows\addons\sourcemod\scripting\ñankrunFixhealth.sp::Timer_PeriodicCheck
L 09/29/2025 - 23:47:07: [SM] Exception reported: Invalid convar handle 0 (error 4)
L 09/29/2025 - 23:47:07: [SM] Blaming: ñankrunFixhealth.smx
L 09/29/2025 - 23:47:07: [SM] Call stack trace:
L 09/29/2025 - 23:47:07: [SM]   [0] GetConVarString
L 09/29/2025 - 23:47:07: [SM]   [1] Line 138, C:\Users\Moises\Downloads\Compressed\sourcemod-1.11.0-git6968-windows\addons\sourcemod\scripting\ñankrunFixhealth.sp::IsTankRunActive
L 09/29/2025 - 23:47:07: [SM]   [2] Line 54, C:\Users\Moises\Downloads\Compressed\sourcemod-1.11.0-git6968-windows\addons\sourcemod\scripting\ñankrunFixhealth.sp::Event_RoundStart
L 09/29/2025 - 23:47:10: [SM] Exception reported: Invalid convar handle 0 (error 4)
L 09/29/2025 - 23:47:10: [SM] Blaming: ñankrunFixhealth.smx
L 09/29/2025 - 23:47:10: [SM] Call stack trace:
L 09/29/2025 - 23:47:10: [SM]   [0] GetConVarString
L 09/29/2025 - 23:47:10: [SM]   [1] Line 138, C:\Users\Moises\Downloads\Compressed\sourcemod-1.11.0-git6968-windows\addons\sourcemod\scripting\ñankrunFixhealth.sp::IsTankRunActive
L 09/29/2025 - 23:47:10: [SM]   [2] Line 36, C:\Users\Moises\Downloads\Compressed\sourcemod-1.11.0-git6968-windows\addons\sourcemod\scripting\ñankrunFixhealth.sp::Timer_PeriodicCheck
L 09/29/2025 - 23:47:20: [SM] Exception reported: Invalid convar handle 0 (error 4)
L 09/29/2025 - 23:47:20: [SM] Blaming: ñankrunFixhealth.smx
L 09/29/2025 - 23:47:20: [SM] Call stack trace:
L 09/29/2025 - 23:47:20: [SM]   [0] GetConVarString
L 09/29/2025 - 23:47:20: [SM]   [1] Line 138, C:\Users\Moises\Downloads\Compressed\sourcemod-1.11.0-git6968-windows\addons\sourcemod\scripting\ñankrunFixhealth.sp::IsTankRunActive
L 09/29/2025 - 23:47:20: [SM]   [2] Line 36, C:\Users\Moises\Downloads\Compressed\sourcemod-1.11.0-git6968-windows\addons\sourcemod\scripting\ñankrunFixhealth.sp::Timer_PeriodicCheck
L 09/29/2025 - 23:47:30: [SM] Exception reported: Invalid convar handle 0 (error 4)
L 09/29/2025 - 23:47:30: [SM] Blaming: ñankrunFixhealth.smx
L 09/29/2025 - 23:47:30: [SM] Call stack trace:
L 09/29/2025 - 23:47:30: [SM]   [0] GetConVarString
L 09/29/2025 - 23:47:30: [SM]   [1] Line 138, C:\Users\Moises\Downloads\Compressed\sourcemod-1.11.0-git6968-windows\addons\sourcemod\scripting\ñankrunFixhealth.sp::IsTankRunActive
L 09/29/2025 - 23:47:30: [SM]   [2] Line 36, C:\Users\Moises\Downloads\Compressed\sourcemod-1.11.0-git6968-windows\addons\sourcemod\scripting\ñankrunFixhealth.sp::Timer_PeriodicCheck
L 09/29/2025 - 23:47:40: [SM] Exception reported: Invalid convar handle 0 (error 4)
L 09/29/2025 - 23:47:40: [SM] Blaming: ñankrunFixhealth.smx
L 09/29/2025 - 23:47:40: [SM] Call stack trace:
L 09/29/2025 - 23:47:40: [SM]   [0] GetConVarString
L 09/29/2025 - 23:47:40: [SM]   [1] Line 138, C:\Users\Moises\Downloads\Compressed\sourcemod-1.11.0-git6968-windows\addons\sourcemod\scripting\ñankrunFixhealth.sp::IsTankRunActive
L 09/29/2025 - 23:47:40: [SM]   [2] Line 36, C:\Users\Moises\Downloads\Compressed\sourcemod-1.11.0-git6968-windows\addons\sourcemod\scripting\ñankrunFixhealth.sp::Timer_PeriodicCheck
L 09/29/2025 - 23:47:50: [SM] Exception reported: Invalid convar handle 0 (error 4)
L 09/29/2025 - 23:47:50: [SM] Blaming: ñankrunFixhealth.smx
L 09/29/2025 - 23:47:50: [SM] Call stack trace:
L 09/29/2025 - 23:47:50: [SM]   [0] GetConVarString
L 09/29/2025 - 23:47:50: [SM]   [1] Line 138, C:\Users\Moises\Downloads\Compressed\sourcemod-1.11.0-git6968-windows\addons\sourcemod\scripting\ñankrunFixhealth.sp::IsTankRunActive
L 09/29/2025 - 23:47:50: [SM]   [2] Line 36, C:\Users\Moises\Downloads\Compressed\sourcemod-1.11.0-git6968-windows\addons\sourcemod\scripting\ñankrunFixhealth.sp::Timer_PeriodicCheck
L 09/29/2025 - 23:48:00: [SM] Exception reported: Invalid convar handle 0 (error 4)
L 09/29/2025 - 23:48:00: [SM] Blaming: ñankrunFixhealth.smx
L 09/29/2025 - 23:48:00: [SM] Call stack trace:
L 09/29/2025 - 23:48:00: [SM]   [0] GetConVarString
L 09/29/2025 - 23:48:00: [SM]   [1] Line 138, C:\Users\Moises\Downloads\Compressed\sourcemod-1.11.0-git6968-windows\addons\sourcemod\scripting\ñankrunFixhealth.sp::IsTankRunActive
L 09/29/2025 - 23:48:00: [SM]   [2] Line 36, C:\Users\Moises\Downloads\Compressed\sourcemod-1.11.0-git6968-windows\addons\sourcemod\scripting\ñankrunFixhealth.sp::Timer_PeriodicCheck
L 09/29/2025 - 23:48:06: [SM] Exception reported: Invalid convar handle 0 (error 4)
L 09/29/2025 - 23:48:06: [SM] Blaming: ñankrunFixhealth.smx
L 09/29/2025 - 23:48:06: [SM] Call stack trace:
L 09/29/2025 - 23:48:06: [SM]   [0] GetConVarString
L 09/29/2025 - 23:48:06: [SM]   [1] Line 138, C:\Users\Moises\Downloads\Compressed\sourcemod-1.11.0-git6968-windows\addons\sourcemod\scripting\ñankrunFixhealth.sp::IsTankRunActive
L 09/29/2025 - 23:48:06: [SM]   [2] Line 79, C:\Users\Moises\Downloads\Compressed\sourcemod-1.11.0-git6968-windows\addons\sourcemod\scripting\ñankrunFixhealth.sp::Event_PlayerDeath
L 09/29/2025 - 23:48:07: [SM] Exception reported: Invalid convar handle 0 (error 4)
L 09/29/2025 - 23:48:07: [SM] Blaming: ñankrunFixhealth.smx
L 09/29/2025 - 23:48:07: [SM] Call stack trace:
L 09/29/2025 - 23:48:07: [SM]   [0] GetConVarString
L 09/29/2025 - 23:48:07: [SM]   [1] Line 138, C:\Users\Moises\Downloads\Compressed\sourcemod-1.11.0-git6968-windows\addons\sourcemod\scripting\ñankrunFixhealth.sp::IsTankRunActive
L 09/29/2025 - 23:48:07: [SM]   [2] Line 79, C:\Users\Moises\Downloads\Compressed\sourcemod-1.11.0-git6968-windows\addons\sourcemod\scripting\ñankrunFixhealth.sp::Event_PlayerDeath
L 09/29/2025 - 23:48:07: [SM] Exception reported: Invalid convar handle 0 (error 4)
L 09/29/2025 - 23:48:07: [SM] Blaming: ñankrunFixhealth.smx
L 09/29/2025 - 23:48:07: [SM] Call stack trace:
L 09/29/2025 - 23:48:07: [SM]   [0] GetConVarString
L 09/29/2025 - 23:48:07: [SM]   [1] Line 138, C:\Users\Moises\Downloads\Compressed\sourcemod-1.11.0-git6968-windows\addons\sourcemod\scripting\ñankrunFixhealth.sp::IsTankRunActive
L 09/29/2025 - 23:48:07: [SM]   [2] Line 79, C:\Users\Moises\Downloads\Compressed\sourcemod-1.11.0-git6968-windows\addons\sourcemod\scripting\ñankrunFixhealth.sp::Event_PlayerDeath
L 09/29/2025 - 23:48:10: [SM] Exception reported: Invalid convar handle 0 (error 4)
L 09/29/2025 - 23:48:10: [SM] Blaming: ñankrunFixhealth.smx
L 09/29/2025 - 23:48:10: [SM] Call stack trace:
L 09/29/2025 - 23:48:10: [SM]   [0] GetConVarString
L 09/29/2025 - 23:48:10: [SM]   [1] Line 138, C:\Users\Moises\Downloads\Compressed\sourcemod-1.11.0-git6968-windows\addons\sourcemod\scripting\ñankrunFixhealth.sp::IsTankRunActive
L 09/29/2025 - 23:48:10: [SM]   [2] Line 36, C:\Users\Moises\Downloads\Compressed\sourcemod-1.11.0-git6968-windows\addons\sourcemod\scripting\ñankrunFixhealth.sp::Timer_PeriodicCheck
L 09/29/2025 - 23:48:12: [SM] Exception reported: Invalid convar handle 0 (error 4)
L 09/29/2025 - 23:48:12: [SM] Blaming: ñankrunFixhealth.smx
L 09/29/2025 - 23:48:12: [SM] Call stack trace:
L 09/29/2025 - 23:48:12: [SM]   [0] GetConVarString
L 09/29/2025 - 23:48:12: [SM]   [1] Line 138, C:\Users\Moises\Downloads\Compressed\sourcemod-1.11.0-git6968-windows\addons\sourcemod\scripting\ñankrunFixhealth.sp::IsTankRunActive
L 09/29/2025 - 23:48:12: [SM]   [2] Line 79, C:\Users\Moises\Downloads\Compressed\sourcemod-1.11.0-git6968-windows\addons\sourcemod\scripting\ñankrunFixhealth.sp::Event_PlayerDeath
L 09/29/2025 - 23:48:20: [SM] Exception reported: Invalid convar handle 0 (error 4)
L 09/29/2025 - 23:48:20: [SM] Blaming: ñankrunFixhealth.smx
L 09/29/2025 - 23:48:20: [SM] Call stack trace:
L 09/29/2025 - 23:48:20: [SM]   [0] GetConVarString
L 09/29/2025 - 23:48:20: [SM]   [1] Line 138, C:\Users\Moises\Downloads\Compressed\sourcemod-1.11.0-git6968-windows\addons\sourcemod\scripting\ñankrunFixhealth.sp::IsTankRunActive
L 09/29/2025 - 23:48:20: [SM]   [2] Line 36, C:\Users\Moises\Downloads\Compressed\sourcemod-1.11.0-git6968-windows\addons\sourcemod\scripting\ñankrunFixhealth.sp::Timer_PeriodicCheck
L 09/29/2025 - 23:48:30: [SM] Exception reported: Invalid convar handle 0 (error 4)
L 09/29/2025 - 23:48:30: [SM] Blaming: ñankrunFixhealth.smx
L 09/29/2025 - 23:48:30: [SM] Call stack trace:
L 09/29/2025 - 23:48:30: [SM]   [0] GetConVarString
L 09/29/2025 - 23:48:30: [SM]   [1] Line 138, C:\Users\Moises\Downloads\Compressed\sourcemod-1.11.0-git6968-windows\addons\sourcemod\scripting\ñankrunFixhealth.sp::IsTankRunActive
L 09/29/2025 - 23:48:30: [SM]   [2] Line 36, C:\Users\Moises\Downloads\Compressed\sourcemod-1.11.0-git6968-windows\addons\sourcemod\scripting\ñankrunFixhealth.sp::Timer_PeriodicCheck
L 09/29/2025 - 23:48:40: [SM] Exception reported: Invalid convar handle 0 (error 4)
L 09/29/2025 - 23:48:40: [SM] Blaming: ñankrunFixhealth.smx
L 09/29/2025 - 23:48:40: [SM] Call stack trace:
L 09/29/2025 - 23:48:40: [SM]   [0] GetConVarString
L 09/29/2025 - 23:48:40: [SM]   [1] Line 138, C:\Users\Moises\Downloads\Compressed\sourcemod-1.11.0-git6968-windows\addons\sourcemod\scripting\ñankrunFixhealth.sp::IsTankRunActive
L 09/29/2025 - 23:48:40: [SM]   [2] Line 36, C:\Users\Moises\Downloads\Compressed\sourcemod-1.11.0-git6968-windows\addons\sourcemod\scripting\ñankrunFixhealth.sp::Timer_PeriodicCheck
L 09/29/2025 - 23:48:50: [SM] Exception reported: Invalid convar handle 0 (error 4)
L 09/29/2025 - 23:48:50: [SM] Blaming: ñankrunFixhealth.smx
L 09/29/2025 - 23:48:50: [SM] Call stack trace:
L 09/29/2025 - 23:48:50: [SM]   [0] GetConVarString
L 09/29/2025 - 23:48:50: [SM]   [1] Line 138, C:\Users\Moises\Downloads\Compressed\sourcemod-1.11.0-git6968-windows\addons\sourcemod\scripting\ñankrunFixhealth.sp::IsTankRunActive
L 09/29/2025 - 23:48:50: [SM]   [2] Line 36, C:\Users\Moises\Downloads\Compressed\sourcemod-1.11.0-git6968-windows\addons\sourcemod\scripting\ñankrunFixhealth.sp::Timer_PeriodicCheck
L 09/29/2025 - 23:49:00: [SM] Exception reported: Invalid convar handle 0 (error 4)
L 09/29/2025 - 23:49:00: [SM] Blaming: ñankrunFixhealth.smx
L 09/29/2025 - 23:49:00: [SM] Call stack trace:
L 09/29/2025 - 23:49:00: [SM]   [0] GetConVarString
L 09/29/2025 - 23:49:00: [SM]   [1] Line 138, C:\Users\Moises\Downloads\Compressed\sourcemod-1.11.0-git6968-windows\addons\sourcemod\scripting\ñankrunFixhealth.sp::IsTankRunActive
L 09/29/2025 - 23:49:00: [SM]   [2] Line 36, C:\Users\Moises\Downloads\Compressed\sourcemod-1.11.0-git6968-windows\addons\sourcemod\scripting\ñankrunFixhealth.sp::Timer_PeriodicCheck
L 09/29/2025 - 23:49:10: [SM] Exception reported: Invalid convar handle 0 (error 4)
L 09/29/2025 - 23:49:10: [SM] Blaming: ñankrunFixhealth.smx
L 09/29/2025 - 23:49:10: [SM] Call stack trace:
L 09/29/2025 - 23:49:10: [SM]   [0] GetConVarString
L 09/29/2025 - 23:49:10: [SM]   [1] Line 138, C:\Users\Moises\Downloads\Compressed\sourcemod-1.11.0-git6968-windows\addons\sourcemod\scripting\ñankrunFixhealth.sp::IsTankRunActive
L 09/29/2025 - 23:49:10: [SM]   [2] Line 36, C:\Users\Moises\Downloads\Compressed\sourcemod-1.11.0-git6968-windows\addons\sourcemod\scripting\ñankrunFixhealth.sp::Timer_PeriodicCheck
L 09/29/2025 - 23:49:20: [SM] Exception reported: Invalid convar handle 0 (error 4)
L 09/29/2025 - 23:49:20: [SM] Blaming: ñankrunFixhealth.smx
L 09/29/2025 - 23:49:20: [SM] Call stack trace:
L 09/29/2025 - 23:49:20: [SM]   [0] GetConVarString
L 09/29/2025 - 23:49:20: [SM]   [1] Line 138, C:\Users\Moises\Downloads\Compressed\sourcemod-1.11.0-git6968-windows\addons\sourcemod\scripting\ñankrunFixhealth.sp::IsTankRunActive
L 09/29/2025 - 23:49:20: [SM]   [2] Line 36, C:\Users\Moises\Downloads\Compressed\sourcemod-1.11.0-git6968-windows\addons\sourcemod\scripting\ñankrunFixhealth.sp::Timer_PeriodicCheck
L 09/29/2025 - 23:49:30: [SM] Exception reported: Invalid convar handle 0 (error 4)
L 09/29/2025 - 23:49:30: [SM] Blaming: ñankrunFixhealth.smx
L 09/29/2025 - 23:49:30: [SM] Call stack trace:
L 09/29/2025 - 23:49:30: [SM]   [0] GetConVarString
L 09/29/2025 - 23:49:30: [SM]   [1] Line 138, C:\Users\Moises\Downloads\Compressed\sourcemod-1.11.0-git6968-windows\addons\sourcemod\scripting\ñankrunFixhealth.sp::IsTankRunActive
L 09/29/2025 - 23:49:30: [SM]   [2] Line 36, C:\Users\Moises\Downloads\Compressed\sourcemod-1.11.0-git6968-windows\addons\sourcemod\scripting\ñankrunFixhealth.sp::Timer_PeriodicCheck
L 09/29/2025 - 23:49:30: [SM] Exception reported: Invalid convar handle 0 (error 4)
L 09/29/2025 - 23:49:30: [SM] Blaming: ñankrunFixhealth.smx
L 09/29/2025 - 23:49:30: [SM] Call stack trace:
L 09/29/2025 - 23:49:30: [SM]   [0] GetConVarString
L 09/29/2025 - 23:49:30: [SM]   [1] Line 138, C:\Users\Moises\Downloads\Compressed\sourcemod-1.11.0-git6968-windows\addons\sourcemod\scripting\ñankrunFixhealth.sp::IsTankRunActive
L 09/29/2025 - 23:49:30: [SM]   [2] Line 79, C:\Users\Moises\Downloads\Compressed\sourcemod-1.11.0-git6968-windows\addons\sourcemod\scripting\ñankrunFixhealth.sp::Event_PlayerDeath
L 09/29/2025 - 23:49:34: [SM] Exception reported: Invalid convar handle 0 (error 4)
L 09/29/2025 - 23:49:34: [SM] Blaming: ñankrunFixhealth.smx
L 09/29/2025 - 23:49:34: [SM] Call stack trace:
L 09/29/2025 - 23:49:34: [SM]   [0] GetConVarString
L 09/29/2025 - 23:49:34: [SM]   [1] Line 138, C:\Users\Moises\Downloads\Compressed\sourcemod-1.11.0-git6968-windows\addons\sourcemod\scripting\ñankrunFixhealth.sp::IsTankRunActive
L 09/29/2025 - 23:49:34: [SM]   [2] Line 79, C:\Users\Moises\Downloads\Compressed\sourcemod-1.11.0-git6968-windows\addons\sourcemod\scripting\ñankrunFixhealth.sp::Event_PlayerDeath
L 09/29/2025 - 23:49:40: [SM] Exception reported: Invalid convar handle 0 (error 4)
L 09/29/2025 - 23:49:40: [SM] Blaming: ñankrunFixhealth.smx
L 09/29/2025 - 23:49:40: [SM] Call stack trace:
L 09/29/2025 - 23:49:40: [SM]   [0] GetConVarString
L 09/29/2025 - 23:49:40: [SM]   [1] Line 138, C:\Users\Moises\Downloads\Compressed\sourcemod-1.11.0-git6968-windows\addons\sourcemod\scripting\ñankrunFixhealth.sp::IsTankRunActive
L 09/29/2025 - 23:49:40: [SM]   [2] Line 36, C:\Users\Moises\Downloads\Compressed\sourcemod-1.11.0-git6968-windows\addons\sourcemod\scripting\ñankrunFixhealth.sp::Timer_PeriodicCheck
L 09/29/2025 - 23:49:50: [SM] Exception reported: Invalid convar handle 0 (error 4)
L 09/29/2025 - 23:49:50: [SM] Blaming: ñankrunFixhealth.smx
L 09/29/2025 - 23:49:50: [SM] Call stack trace:
L 09/29/2025 - 23:49:50: [SM]   [0] GetConVarString
L 09/29/2025 - 23:49:50: [SM]   [1] Line 138, C:\Users\Moises\Downloads\Compressed\sourcemod-1.11.0-git6968-windows\addons\sourcemod\scripting\ñankrunFixhealth.sp::IsTankRunActive
L 09/29/2025 - 23:49:50: [SM]   [2] Line 36, C:\Users\Moises\Downloads\Compressed\sourcemod-1.11.0-git6968-windows\addons\sourcemod\scripting\ñankrunFixhealth.sp::Timer_PeriodicCheck
L 09/29/2025 - 23:49:55: [SM] Exception reported: Invalid convar handle 0 (error 4)
L 09/29/2025 - 23:49:55: [SM] Blaming: ñankrunFixhealth.smx
L 09/29/2025 - 23:49:55: [SM] Call stack trace:
L 09/29/2025 - 23:49:55: [SM]   [0] GetConVarString
L 09/29/2025 - 23:49:55: [SM]   [1] Line 138, C:\Users\Moises\Downloads\Compressed\sourcemod-1.11.0-git6968-windows\addons\sourcemod\scripting\ñankrunFixhealth.sp::IsTankRunActive
L 09/29/2025 - 23:49:55: [SM]   [2] Line 79, C:\Users\Moises\Downloads\Compressed\sourcemod-1.11.0-git6968-windows\addons\sourcemod\scripting\ñankrunFixhealth.sp::Event_PlayerDeath
L 09/29/2025 - 23:49:57: [SM] Exception reported: Invalid convar handle 0 (error 4)
L 09/29/2025 - 23:49:57: [SM] Blaming: ñankrunFixhealth.smx
L 09/29/2025 - 23:49:57: [SM] Call stack trace:
L 09/29/2025 - 23:49:57: [SM]   [0] GetConVarString
L 09/29/2025 - 23:49:57: [SM]   [1] Line 138, C:\Users\Moises\Downloads\Compressed\sourcemod-1.11.0-git6968-windows\addons\sourcemod\scripting\ñankrunFixhealth.sp::IsTankRunActive
L 09/29/2025 - 23:49:57: [SM]   [2] Line 79, C:\Users\Moises\Downloads\Compressed\sourcemod-1.11.0-git6968-windows\addons\sourcemod\scripting\ñankrunFixhealth.sp::Event_PlayerDeath
L 09/29/2025 - 23:50:00: [SM] Exception reported: Invalid convar handle 0 (error 4)
L 09/29/2025 - 23:50:00: [SM] Blaming: ñankrunFixhealth.smx
L 09/29/2025 - 23:50:00: [SM] Call stack trace:
L 09/29/2025 - 23:50:00: [SM]   [0] GetConVarString
L 09/29/2025 - 23:50:00: [SM]   [1] Line 138, C:\Users\Moises\Downloads\Compressed\sourcemod-1.11.0-git6968-windows\addons\sourcemod\scripting\ñankrunFixhealth.sp::IsTankRunActive
L 09/29/2025 - 23:50:00: [SM]   [2] Line 36, C:\Users\Moises\Downloads\Compressed\sourcemod-1.11.0-git6968-windows\addons\sourcemod\scripting\ñankrunFixhealth.sp::Timer_PeriodicCheck
L 09/29/2025 - 23:50:08: [SM] Exception reported: Invalid convar handle 0 (error 4)
L 09/29/2025 - 23:50:08: [SM] Blaming: ñankrunFixhealth.smx
L 09/29/2025 - 23:50:08: [SM] Call stack trace:
L 09/29/2025 - 23:50:08: [SM]   [0] GetConVarString
L 09/29/2025 - 23:50:08: [SM]   [1] Line 138, C:\Users\Moises\Downloads\Compressed\sourcemod-1.11.0-git6968-windows\addons\sourcemod\scripting\ñankrunFixhealth.sp::IsTankRunActive
L 09/29/2025 - 23:50:08: [SM]   [2] Line 79, C:\Users\Moises\Downloads\Compressed\sourcemod-1.11.0-git6968-windows\addons\sourcemod\scripting\ñankrunFixhealth.sp::Event_PlayerDeath
L 09/29/2025 - 23:50:10: [SM] Exception reported: Invalid convar handle 0 (error 4)
L 09/29/2025 - 23:50:10: [SM] Blaming: ñankrunFixhealth.smx
L 09/29/2025 - 23:50:10: [SM] Call stack trace:
L 09/29/2025 - 23:50:10: [SM]   [0] GetConVarString
L 09/29/2025 - 23:50:10: [SM]   [1] Line 138, C:\Users\Moises\Downloads\Compressed\sourcemod-1.11.0-git6968-windows\addons\sourcemod\scripting\ñankrunFixhealth.sp::IsTankRunActive
L 09/29/2025 - 23:50:10: [SM]   [2] Line 36, C:\Users\Moises\Downloads\Compressed\sourcemod-1.11.0-git6968-windows\addons\sourcemod\scripting\ñankrunFixhealth.sp::Timer_PeriodicCheck
L 09/29/2025 - 23:50:20: [SM] Exception reported: Invalid convar handle 0 (error 4)
L 09/29/2025 - 23:50:20: [SM] Blaming: ñankrunFixhealth.smx
L 09/29/2025 - 23:50:20: [SM] Call stack trace:
L 09/29/2025 - 23:50:20: [SM]   [0] GetConVarString
L 09/29/2025 - 23:50:20: [SM]   [1] Line 138, C:\Users\Moises\Downloads\Compressed\sourcemod-1.11.0-git6968-windows\addons\sourcemod\scripting\ñankrunFixhealth.sp::IsTankRunActive
L 09/29/2025 - 23:50:20: [SM]   [2] Line 36, C:\Users\Moises\Downloads\Compressed\sourcemod-1.11.0-git6968-windows\addons\sourcemod\scripting\ñankrunFixhealth.sp::Timer_PeriodicCheck
L 09/29/2025 - 23:50:30: [SM] Exception reported: Invalid convar handle 0 (error 4)
L 09/29/2025 - 23:50:30: [SM] Blaming: ñankrunFixhealth.smx
L 09/29/2025 - 23:50:30: [SM] Call stack trace:
L 09/29/2025 - 23:50:30: [SM]   [0] GetConVarString
L 09/29/2025 - 23:50:30: [SM]   [1] Line 138, C:\Users\Moises\Downloads\Compressed\sourcemod-1.11.0-git6968-windows\addons\sourcemod\scripting\ñankrunFixhealth.sp::IsTankRunActive
L 09/29/2025 - 23:50:30: [SM]   [2] Line 36, C:\Users\Moises\Downloads\Compressed\sourcemod-1.11.0-git6968-windows\addons\sourcemod\scripting\ñankrunFixhealth.sp::Timer_PeriodicCheck
L 09/29/2025 - 23:50:40: [SM] Exception reported: Invalid convar handle 0 (error 4)
L 09/29/2025 - 23:50:40: [SM] Blaming: ñankrunFixhealth.smx
L 09/29/2025 - 23:50:40: [SM] Call stack trace:
L 09/29/2025 - 23:50:40: [SM]   [0] GetConVarString
L 09/29/2025 - 23:50:40: [SM]   [1] Line 138, C:\Users\Moises\Downloads\Compressed\sourcemod-1.11.0-git6968-windows\addons\sourcemod\scripting\ñankrunFixhealth.sp::IsTankRunActive
L 09/29/2025 - 23:50:40: [SM]   [2] Line 36, C:\Users\Moises\Downloads\Compressed\sourcemod-1.11.0-git6968-windows\addons\sourcemod\scripting\ñankrunFixhealth.sp::Timer_PeriodicCheck
L 09/29/2025 - 23:50:50: [SM] Exception reported: Invalid convar handle 0 (error 4)
L 09/29/2025 - 23:50:50: [SM] Blaming: ñankrunFixhealth.smx
L 09/29/2025 - 23:50:50: [SM] Call stack trace:
L 09/29/2025 - 23:50:50: [SM]   [0] GetConVarString
L 09/29/2025 - 23:50:50: [SM]   [1] Line 138, C:\Users\Moises\Downloads\Compressed\sourcemod-1.11.0-git6968-windows\addons\sourcemod\scripting\ñankrunFixhealth.sp::IsTankRunActive
L 09/29/2025 - 23:50:50: [SM]   [2] Line 36, C:\Users\Moises\Downloads\Compressed\sourcemod-1.11.0-git6968-windows\addons\sourcemod\scripting\ñankrunFixhealth.sp::Timer_PeriodicCheck
L 09/29/2025 - 23:50:58: [SM] Exception reported: Invalid convar handle 0 (error 4)
L 09/29/2025 - 23:50:58: [SM] Blaming: ñankrunFixhealth.smx
L 09/29/2025 - 23:50:58: [SM] Call stack trace:
L 09/29/2025 - 23:50:58: [SM]   [0] GetConVarString
L 09/29/2025 - 23:50:58: [SM]   [1] Line 138, C:\Users\Moises\Downloads\Compressed\sourcemod-1.11.0-git6968-windows\addons\sourcemod\scripting\ñankrunFixhealth.sp::IsTankRunActive
L 09/29/2025 - 23:50:58: [SM]   [2] Line 71, C:\Users\Moises\Downloads\Compressed\sourcemod-1.11.0-git6968-windows\addons\sourcemod\scripting\ñankrunFixhealth.sp::Event_MapTransition
L 09/29/2025 - 23:50:58: [SM] Exception reported: Invalid convar handle 0 (error 4)
L 09/29/2025 - 23:50:58: [SM] Blaming: ñankrunFixhealth.smx
L 09/29/2025 - 23:50:58: [SM] Call stack trace:
L 09/29/2025 - 23:50:58: [SM]   [0] GetConVarString
L 09/29/2025 - 23:50:58: [SM]   [1] Line 138, C:\Users\Moises\Downloads\Compressed\sourcemod-1.11.0-git6968-windows\addons\sourcemod\scripting\ñankrunFixhealth.sp::IsTankRunActive
L 09/29/2025 - 23:50:58: [SM]   [2] Line 79, C:\Users\Moises\Downloads\Compressed\sourcemod-1.11.0-git6968-windows\addons\sourcemod\scripting\ñankrunFixhealth.sp::Event_PlayerDeath
L 09/29/2025 - 23:51:00: [SM] Exception reported: Invalid convar handle 0 (error 4)
L 09/29/2025 - 23:51:00: [SM] Blaming: ñankrunFixhealth.smx
L 09/29/2025 - 23:51:00: [SM] Call stack trace:
L 09/29/2025 - 23:51:00: [SM]   [0] GetConVarString
L 09/29/2025 - 23:51:00: [SM]   [1] Line 138, C:\Users\Moises\Downloads\Compressed\sourcemod-1.11.0-git6968-windows\addons\sourcemod\scripting\ñankrunFixhealth.sp::IsTankRunActive
L 09/29/2025 - 23:51:00: [SM]   [2] Line 36, C:\Users\Moises\Downloads\Compressed\sourcemod-1.11.0-git6968-windows\addons\sourcemod\scripting\ñankrunFixhealth.sp::Timer_PeriodicCheck
L 09/29/2025 - 23:51:09: Error log file session closed.
L 09/29/2025 - 23:51:09: SourceMod error session started
L 09/29/2025 - 23:51:09: Info (map "c1m3_mall") (file "z:\home\moy\.steam\debian-installation\steamapps\common\left 4 dead 2\left4dead2\addons\sourcemod\logs\errors_20250929.log")
L 09/29/2025 - 23:51:09: [SM] Fatal error encountered parsing translation file "l4d_nth.phrases.txt"
L 09/29/2025 - 23:51:09: [SM] Error (line 0, column 0): Stream failed to open
L 09/29/2025 - 23:51:09: [SM] Fatal error encountered parsing translation file "chargersteering.phrases.txt"
L 09/29/2025 - 23:51:09: [SM] Error (line 0, column 0): Stream failed to open
L 09/29/2025 - 23:51:09: [SM] Fatal error encountered parsing translation file "l4dmultislots.phrases.txt"
L 09/29/2025 - 23:51:09: [SM] Error (line 0, column 0): Stream failed to open
L 09/29/2025 - 23:51:09: [SM] Fatal error encountered parsing translation file "lilac.phrases.txt"
L 09/29/2025 - 23:51:09: [SM] Error (line 0, column 0): Stream failed to open
L 09/29/2025 - 23:51:09: [admin-flatfile.smx] Error(s) detected parsing addons\sourcemod\configs\admins.cfg
L 09/29/2025 - 23:51:09: [admin-flatfile.smx]  (line 37) A property was declared outside of a section
L 09/29/2025 - 23:51:13: [SM] Exception reported: Invalid convar handle 0 (error 4)
L 09/29/2025 - 23:51:13: [SM] Blaming: ñankrunFixhealth.smx
L 09/29/2025 - 23:51:13: [SM] Call stack trace:
L 09/29/2025 - 23:51:13: [SM]   [0] GetConVarString
L 09/29/2025 - 23:51:13: [SM]   [1] Line 138, C:\Users\Moises\Downloads\Compressed\sourcemod-1.11.0-git6968-windows\addons\sourcemod\scripting\ñankrunFixhealth.sp::IsTankRunActive
L 09/29/2025 - 23:51:13: [SM]   [2] Line 54, C:\Users\Moises\Downloads\Compressed\sourcemod-1.11.0-git6968-windows\addons\sourcemod\scripting\ñankrunFixhealth.sp::Event_RoundStart
L 09/29/2025 - 23:51:28: [SM] Exception reported: Script execution timed out
L 09/29/2025 - 23:51:28: [SM] Blaming: LMC_L4D2_Menu_Choosing.smx
L 09/29/2025 - 23:51:28: [SM] Call stack trace:
L 09/29/2025 - 23:51:28: [SM]   [1] Line 343, L:\Github\Luxs-Model-Changer\addons\sourcemod\scripting\LMC_L4D2_Menu_Choosing.sp::OnMapStart
L 09/29/2025 - 23:51:32: [SM] Exception reported: Invalid convar handle 0 (error 4)
L 09/29/2025 - 23:51:32: [SM] Blaming: ñankrunFixhealth.smx
L 09/29/2025 - 23:51:32: [SM] Call stack trace:
L 09/29/2025 - 23:51:32: [SM]   [0] GetConVarString
L 09/29/2025 - 23:51:32: [SM]   [1] Line 138, C:\Users\Moises\Downloads\Compressed\sourcemod-1.11.0-git6968-windows\addons\sourcemod\scripting\ñankrunFixhealth.sp::IsTankRunActive
L 09/29/2025 - 23:51:32: [SM]   [2] Line 36, C:\Users\Moises\Downloads\Compressed\sourcemod-1.11.0-git6968-windows\addons\sourcemod\scripting\ñankrunFixhealth.sp::Timer_PeriodicCheck
L 09/29/2025 - 23:52:08: [SM] Exception reported: Invalid convar handle 0 (error 4)
L 09/29/2025 - 23:52:08: [SM] Blaming: ñankrunFixhealth.smx
L 09/29/2025 - 23:52:08: [SM] Call stack trace:
L 09/29/2025 - 23:52:08: [SM]   [0] GetConVarString
L 09/29/2025 - 23:52:08: [SM]   [1] Line 138, C:\Users\Moises\Downloads\Compressed\sourcemod-1.11.0-git6968-windows\addons\sourcemod\scripting\ñankrunFixhealth.sp::IsTankRunActive
L 09/29/2025 - 23:52:08: [SM]   [2] Line 36, C:\Users\Moises\Downloads\Compressed\sourcemod-1.11.0-git6968-windows\addons\sourcemod\scripting\ñankrunFixhealth.sp::Timer_PeriodicCheck
L 09/29/2025 - 23:52:19: [SM] Exception reported: Invalid convar handle 0 (error 4)
L 09/29/2025 - 23:52:19: [SM] Blaming: ñankrunFixhealth.smx
L 09/29/2025 - 23:52:19: [SM] Call stack trace:
L 09/29/2025 - 23:52:19: [SM]   [0] GetConVarString
L 09/29/2025 - 23:52:19: [SM]   [1] Line 138, C:\Users\Moises\Downloads\Compressed\sourcemod-1.11.0-git6968-windows\addons\sourcemod\scripting\ñankrunFixhealth.sp::IsTankRunActive
L 09/29/2025 - 23:52:19: [SM]   [2] Line 36, C:\Users\Moises\Downloads\Compressed\sourcemod-1.11.0-git6968-windows\addons\sourcemod\scripting\ñankrunFixhealth.sp::Timer_PeriodicCheck
L 09/29/2025 - 23:52:29: [SM] Exception reported: Invalid convar handle 0 (error 4)
L 09/29/2025 - 23:52:29: [SM] Blaming: ñankrunFixhealth.smx
L 09/29/2025 - 23:52:29: [SM] Call stack trace:
L 09/29/2025 - 23:52:29: [SM]   [0] GetConVarString
L 09/29/2025 - 23:52:29: [SM]   [1] Line 138, C:\Users\Moises\Downloads\Compressed\sourcemod-1.11.0-git6968-windows\addons\sourcemod\scripting\ñankrunFixhealth.sp::IsTankRunActive
L 09/29/2025 - 23:52:29: [SM]   [2] Line 36, C:\Users\Moises\Downloads\Compressed\sourcemod-1.11.0-git6968-windows\addons\sourcemod\scripting\ñankrunFixhealth.sp::Timer_PeriodicCheck
L 09/29/2025 - 23:52:39: [SM] Exception reported: Invalid convar handle 0 (error 4)
L 09/29/2025 - 23:52:39: [SM] Blaming: ñankrunFixhealth.smx
L 09/29/2025 - 23:52:39: [SM] Call stack trace:
L 09/29/2025 - 23:52:39: [SM]   [0] GetConVarString
L 09/29/2025 - 23:52:39: [SM]   [1] Line 138, C:\Users\Moises\Downloads\Compressed\sourcemod-1.11.0-git6968-windows\addons\sourcemod\scripting\ñankrunFixhealth.sp::IsTankRunActive
L 09/29/2025 - 23:52:39: [SM]   [2] Line 36, C:\Users\Moises\Downloads\Compressed\sourcemod-1.11.0-git6968-windows\addons\sourcemod\scripting\ñankrunFixhealth.sp::Timer_PeriodicCheck
L 09/29/2025 - 23:52:49: [SM] Exception reported: Invalid convar handle 0 (error 4)
L 09/29/2025 - 23:52:49: [SM] Blaming: ñankrunFixhealth.smx
L 09/29/2025 - 23:52:49: [SM] Call stack trace:
L 09/29/2025 - 23:52:49: [SM]   [0] GetConVarString
L 09/29/2025 - 23:52:49: [SM]   [1] Line 138, C:\Users\Moises\Downloads\Compressed\sourcemod-1.11.0-git6968-windows\addons\sourcemod\scripting\ñankrunFixhealth.sp::IsTankRunActive
L 09/29/2025 - 23:52:49: [SM]   [2] Line 36, C:\Users\Moises\Downloads\Compressed\sourcemod-1.11.0-git6968-windows\addons\sourcemod\scripting\ñankrunFixhealth.sp::Timer_PeriodicCheck
L 09/29/2025 - 23:52:59: [SM] Exception reported: Invalid convar handle 0 (error 4)
L 09/29/2025 - 23:52:59: [SM] Blaming: ñankrunFixhealth.smx
L 09/29/2025 - 23:52:59: [SM] Call stack trace:
L 09/29/2025 - 23:52:59: [SM]   [0] GetConVarString
L 09/29/2025 - 23:52:59: [SM]   [1] Line 138, C:\Users\Moises\Downloads\Compressed\sourcemod-1.11.0-git6968-windows\addons\sourcemod\scripting\ñankrunFixhealth.sp::IsTankRunActive
L 09/29/2025 - 23:52:59: [SM]   [2] Line 36, C:\Users\Moises\Downloads\Compressed\sourcemod-1.11.0-git6968-windows\addons\sourcemod\scripting\ñankrunFixhealth.sp::Timer_PeriodicCheck
L 09/29/2025 - 23:53:03: [SM] Exception reported: Invalid convar handle 0 (error 4)
L 09/29/2025 - 23:53:03: [SM] Blaming: ñankrunFixhealth.smx
L 09/29/2025 - 23:53:03: [SM] Call stack trace:
L 09/29/2025 - 23:53:03: [SM]   [0] GetConVarString
L 09/29/2025 - 23:53:03: [SM]   [1] Line 138, C:\Users\Moises\Downloads\Compressed\sourcemod-1.11.0-git6968-windows\addons\sourcemod\scripting\ñankrunFixhealth.sp::IsTankRunActive
L 09/29/2025 - 23:53:03: [SM]   [2] Line 79, C:\Users\Moises\Downloads\Compressed\sourcemod-1.11.0-git6968-windows\addons\sourcemod\scripting\ñankrunFixhealth.sp::Event_PlayerDeath
L 09/29/2025 - 23:53:07: [SM] Exception reported: Invalid convar handle 0 (error 4)
L 09/29/2025 - 23:53:07: [SM] Blaming: ñankrunFixhealth.smx
L 09/29/2025 - 23:53:07: [SM] Call stack trace:
L 09/29/2025 - 23:53:07: [SM]   [0] GetConVarString
L 09/29/2025 - 23:53:07: [SM]   [1] Line 138, C:\Users\Moises\Downloads\Compressed\sourcemod-1.11.0-git6968-windows\addons\sourcemod\scripting\ñankrunFixhealth.sp::IsTankRunActive
L 09/29/2025 - 23:53:07: [SM]   [2] Line 79, C:\Users\Moises\Downloads\Compressed\sourcemod-1.11.0-git6968-windows\addons\sourcemod\scripting\ñankrunFixhealth.sp::Event_PlayerDeath
L 09/29/2025 - 23:53:09: [SM] Exception reported: Invalid convar handle 0 (error 4)
L 09/29/2025 - 23:53:09: [SM] Blaming: ñankrunFixhealth.smx
L 09/29/2025 - 23:53:09: [SM] Call stack trace:
L 09/29/2025 - 23:53:09: [SM]   [0] GetConVarString
L 09/29/2025 - 23:53:09: [SM]   [1] Line 138, C:\Users\Moises\Downloads\Compressed\sourcemod-1.11.0-git6968-windows\addons\sourcemod\scripting\ñankrunFixhealth.sp::IsTankRunActive
L 09/29/2025 - 23:53:09: [SM]   [2] Line 36, C:\Users\Moises\Downloads\Compressed\sourcemod-1.11.0-git6968-windows\addons\sourcemod\scripting\ñankrunFixhealth.sp::Timer_PeriodicCheck
L 09/29/2025 - 23:53:19: [SM] Exception reported: Invalid convar handle 0 (error 4)
L 09/29/2025 - 23:53:19: [SM] Blaming: ñankrunFixhealth.smx
L 09/29/2025 - 23:53:19: [SM] Call stack trace:
L 09/29/2025 - 23:53:19: [SM]   [0] GetConVarString
L 09/29/2025 - 23:53:19: [SM]   [1] Line 138, C:\Users\Moises\Downloads\Compressed\sourcemod-1.11.0-git6968-windows\addons\sourcemod\scripting\ñankrunFixhealth.sp::IsTankRunActive
L 09/29/2025 - 23:53:19: [SM]   [2] Line 36, C:\Users\Moises\Downloads\Compressed\sourcemod-1.11.0-git6968-windows\addons\sourcemod\scripting\ñankrunFixhealth.sp::Timer_PeriodicCheck
L 09/29/2025 - 23:53:31: Error log file session closed.
L 09/29/2025 - 23:53:31: SourceMod error session started
L 09/29/2025 - 23:53:31: Info (map "c2m1_highway") (file "z:\home\moy\.steam\debian-installation\steamapps\common\left 4 dead 2\left4dead2\addons\sourcemod\logs\errors_20250929.log")
L 09/29/2025 - 23:53:31: [SM] Fatal error encountered parsing translation file "l4d_nth.phrases.txt"
L 09/29/2025 - 23:53:31: [SM] Error (line 0, column 0): Stream failed to open
L 09/29/2025 - 23:53:31: [SM] Fatal error encountered parsing translation file "chargersteering.phrases.txt"
L 09/29/2025 - 23:53:31: [SM] Error (line 0, column 0): Stream failed to open
L 09/29/2025 - 23:53:31: [SM] Fatal error encountered parsing translation file "l4dmultislots.phrases.txt"
L 09/29/2025 - 23:53:31: [SM] Error (line 0, column 0): Stream failed to open
L 09/29/2025 - 23:53:31: [SM] Fatal error encountered parsing translation file "lilac.phrases.txt"
L 09/29/2025 - 23:53:31: [SM] Error (line 0, column 0): Stream failed to open
L 09/29/2025 - 23:53:31: [admin-flatfile.smx] Error(s) detected parsing addons\sourcemod\configs\admins.cfg
L 09/29/2025 - 23:53:31: [admin-flatfile.smx]  (line 37) A property was declared outside of a section
L 09/29/2025 - 23:53:35: [SM] Exception reported: Invalid convar handle 0 (error 4)
L 09/29/2025 - 23:53:35: [SM] Blaming: ñankrunFixhealth.smx
L 09/29/2025 - 23:53:35: [SM] Call stack trace:
L 09/29/2025 - 23:53:35: [SM]   [0] GetConVarString
L 09/29/2025 - 23:53:35: [SM]   [1] Line 138, C:\Users\Moises\Downloads\Compressed\sourcemod-1.11.0-git6968-windows\addons\sourcemod\scripting\ñankrunFixhealth.sp::IsTankRunActive
L 09/29/2025 - 23:53:35: [SM]   [2] Line 54, C:\Users\Moises\Downloads\Compressed\sourcemod-1.11.0-git6968-windows\addons\sourcemod\scripting\ñankrunFixhealth.sp::Event_RoundStart
L 09/29/2025 - 23:53:39: [SM] Exception reported: Invalid convar handle 0 (error 4)
L 09/29/2025 - 23:53:39: [SM] Blaming: ñankrunFixhealth.smx
L 09/29/2025 - 23:53:39: [SM] Call stack trace:
L 09/29/2025 - 23:53:39: [SM]   [0] GetConVarString
L 09/29/2025 - 23:53:39: [SM]   [1] Line 138, C:\Users\Moises\Downloads\Compressed\sourcemod-1.11.0-git6968-windows\addons\sourcemod\scripting\ñankrunFixhealth.sp::IsTankRunActive
L 09/29/2025 - 23:53:39: [SM]   [2] Line 36, C:\Users\Moises\Downloads\Compressed\sourcemod-1.11.0-git6968-windows\addons\sourcemod\scripting\ñankrunFixhealth.sp::Timer_PeriodicCheck
L 09/29/2025 - 23:53:49: [SM] Exception reported: Invalid convar handle 0 (error 4)
L 09/29/2025 - 23:53:49: [SM] Blaming: ñankrunFixhealth.smx
L 09/29/2025 - 23:53:49: [SM] Call stack trace:
L 09/29/2025 - 23:53:49: [SM]   [0] GetConVarString
L 09/29/2025 - 23:53:49: [SM]   [1] Line 138, C:\Users\Moises\Downloads\Compressed\sourcemod-1.11.0-git6968-windows\addons\sourcemod\scripting\ñankrunFixhealth.sp::IsTankRunActive
L 09/29/2025 - 23:53:49: [SM]   [2] Line 36, C:\Users\Moises\Downloads\Compressed\sourcemod-1.11.0-git6968-windows\addons\sourcemod\scripting\ñankrunFixhealth.sp::Timer_PeriodicCheck
L 09/29/2025 - 23:54:05: [SM] Exception reported: Invalid convar handle 0 (error 4)
L 09/29/2025 - 23:54:05: [SM] Blaming: ñankrunFixhealth.smx
L 09/29/2025 - 23:54:05: [SM] Call stack trace:
L 09/29/2025 - 23:54:05: [SM]   [0] GetConVarString
L 09/29/2025 - 23:54:05: [SM]   [1] Line 138, C:\Users\Moises\Downloads\Compressed\sourcemod-1.11.0-git6968-windows\addons\sourcemod\scripting\ñankrunFixhealth.sp::IsTankRunActive
L 09/29/2025 - 23:54:05: [SM]   [2] Line 36, C:\Users\Moises\Downloads\Compressed\sourcemod-1.11.0-git6968-windows\addons\sourcemod\scripting\ñankrunFixhealth.sp::Timer_PeriodicCheck
L 09/29/2025 - 23:54:18: [SM] Exception reported: Invalid convar handle 0 (error 4)
L 09/29/2025 - 23:54:18: [SM] Blaming: ñankrunFixhealth.smx
L 09/29/2025 - 23:54:18: [SM] Call stack trace:
L 09/29/2025 - 23:54:18: [SM]   [0] GetConVarString
L 09/29/2025 - 23:54:18: [SM]   [1] Line 138, C:\Users\Moises\Downloads\Compressed\sourcemod-1.11.0-git6968-windows\addons\sourcemod\scripting\ñankrunFixhealth.sp::IsTankRunActive
L 09/29/2025 - 23:54:18: [SM]   [2] Line 36, C:\Users\Moises\Downloads\Compressed\sourcemod-1.11.0-git6968-windows\addons\sourcemod\scripting\ñankrunFixhealth.sp::Timer_PeriodicCheck
L 09/29/2025 - 23:54:28: [SM] Exception reported: Invalid convar handle 0 (error 4)
L 09/29/2025 - 23:54:28: [SM] Blaming: ñankrunFixhealth.smx
L 09/29/2025 - 23:54:28: [SM] Call stack trace:
L 09/29/2025 - 23:54:28: [SM]   [0] GetConVarString
L 09/29/2025 - 23:54:28: [SM]   [1] Line 138, C:\Users\Moises\Downloads\Compressed\sourcemod-1.11.0-git6968-windows\addons\sourcemod\scripting\ñankrunFixhealth.sp::IsTankRunActive
L 09/29/2025 - 23:54:28: [SM]   [2] Line 36, C:\Users\Moises\Downloads\Compressed\sourcemod-1.11.0-git6968-windows\addons\sourcemod\scripting\ñankrunFixhealth.sp::Timer_PeriodicCheck
L 09/29/2025 - 23:54:37: [SM] Exception reported: Invalid convar handle 0 (error 4)
L 09/29/2025 - 23:54:37: [SM] Blaming: ñankrunFixhealth.smx
L 09/29/2025 - 23:54:37: [SM] Call stack trace:
L 09/29/2025 - 23:54:37: [SM]   [0] GetConVarString
L 09/29/2025 - 23:54:37: [SM]   [1] Line 138, C:\Users\Moises\Downloads\Compressed\sourcemod-1.11.0-git6968-windows\addons\sourcemod\scripting\ñankrunFixhealth.sp::IsTankRunActive
L 09/29/2025 - 23:54:37: [SM]   [2] Line 79, C:\Users\Moises\Downloads\Compressed\sourcemod-1.11.0-git6968-windows\addons\sourcemod\scripting\ñankrunFixhealth.sp::Event_PlayerDeath
L 09/29/2025 - 23:54:38: [SM] Exception reported: Invalid convar handle 0 (error 4)
L 09/29/2025 - 23:54:38: [SM] Blaming: ñankrunFixhealth.smx
L 09/29/2025 - 23:54:38: [SM] Call stack trace:
L 09/29/2025 - 23:54:38: [SM]   [0] GetConVarString
L 09/29/2025 - 23:54:38: [SM]   [1] Line 138, C:\Users\Moises\Downloads\Compressed\sourcemod-1.11.0-git6968-windows\addons\sourcemod\scripting\ñankrunFixhealth.sp::IsTankRunActive
L 09/29/2025 - 23:54:38: [SM]   [2] Line 36, C:\Users\Moises\Downloads\Compressed\sourcemod-1.11.0-git6968-windows\addons\sourcemod\scripting\ñankrunFixhealth.sp::Timer_PeriodicCheck
L 09/29/2025 - 23:54:45: [SM] Exception reported: Invalid convar handle 0 (error 4)
L 09/29/2025 - 23:54:45: [SM] Blaming: ñankrunFixhealth.smx
L 09/29/2025 - 23:54:45: [SM] Call stack trace:
L 09/29/2025 - 23:54:45: [SM]   [0] GetConVarString
L 09/29/2025 - 23:54:45: [SM]   [1] Line 138, C:\Users\Moises\Downloads\Compressed\sourcemod-1.11.0-git6968-windows\addons\sourcemod\scripting\ñankrunFixhealth.sp::IsTankRunActive
L 09/29/2025 - 23:54:45: [SM]   [2] Line 79, C:\Users\Moises\Downloads\Compressed\sourcemod-1.11.0-git6968-windows\addons\sourcemod\scripting\ñankrunFixhealth.sp::Event_PlayerDeath
L 09/29/2025 - 23:54:48: [SM] Exception reported: Invalid convar handle 0 (error 4)
L 09/29/2025 - 23:54:48: [SM] Blaming: ñankrunFixhealth.smx
L 09/29/2025 - 23:54:48: [SM] Call stack trace:
L 09/29/2025 - 23:54:48: [SM]   [0] GetConVarString
L 09/29/2025 - 23:54:48: [SM]   [1] Line 138, C:\Users\Moises\Downloads\Compressed\sourcemod-1.11.0-git6968-windows\addons\sourcemod\scripting\ñankrunFixhealth.sp::IsTankRunActive
L 09/29/2025 - 23:54:48: [SM]   [2] Line 36, C:\Users\Moises\Downloads\Compressed\sourcemod-1.11.0-git6968-windows\addons\sourcemod\scripting\ñankrunFixhealth.sp::Timer_PeriodicCheck
L 09/29/2025 - 23:54:51: [SM] Exception reported: Invalid convar handle 0 (error 4)
L 09/29/2025 - 23:54:51: [SM] Blaming: ñankrunFixhealth.smx
L 09/29/2025 - 23:54:51: [SM] Call stack trace:
L 09/29/2025 - 23:54:51: [SM]   [0] GetConVarString
L 09/29/2025 - 23:54:51: [SM]   [1] Line 138, C:\Users\Moises\Downloads\Compressed\sourcemod-1.11.0-git6968-windows\addons\sourcemod\scripting\ñankrunFixhealth.sp::IsTankRunActive
L 09/29/2025 - 23:54:51: [SM]   [2] Line 79, C:\Users\Moises\Downloads\Compressed\sourcemod-1.11.0-git6968-windows\addons\sourcemod\scripting\ñankrunFixhealth.sp::Event_PlayerDeath
L 09/29/2025 - 23:54:58: [SM] Exception reported: Invalid convar handle 0 (error 4)
L 09/29/2025 - 23:54:58: [SM] Blaming: ñankrunFixhealth.smx
L 09/29/2025 - 23:54:58: [SM] Call stack trace:
L 09/29/2025 - 23:54:58: [SM]   [0] GetConVarString
L 09/29/2025 - 23:54:58: [SM]   [1] Line 138, C:\Users\Moises\Downloads\Compressed\sourcemod-1.11.0-git6968-windows\addons\sourcemod\scripting\ñankrunFixhealth.sp::IsTankRunActive
L 09/29/2025 - 23:54:58: [SM]   [2] Line 36, C:\Users\Moises\Downloads\Compressed\sourcemod-1.11.0-git6968-windows\addons\sourcemod\scripting\ñankrunFixhealth.sp::Timer_PeriodicCheck
L 09/29/2025 - 23:55:08: [SM] Exception reported: Invalid convar handle 0 (error 4)
L 09/29/2025 - 23:55:08: [SM] Blaming: ñankrunFixhealth.smx
L 09/29/2025 - 23:55:08: [SM] Call stack trace:
L 09/29/2025 - 23:55:08: [SM]   [0] GetConVarString
L 09/29/2025 - 23:55:08: [SM]   [1] Line 138, C:\Users\Moises\Downloads\Compressed\sourcemod-1.11.0-git6968-windows\addons\sourcemod\scripting\ñankrunFixhealth.sp::IsTankRunActive
L 09/29/2025 - 23:55:08: [SM]   [2] Line 36, C:\Users\Moises\Downloads\Compressed\sourcemod-1.11.0-git6968-windows\addons\sourcemod\scripting\ñankrunFixhealth.sp::Timer_PeriodicCheck
L 09/29/2025 - 23:55:18: [SM] Exception reported: Invalid convar handle 0 (error 4)
L 09/29/2025 - 23:55:18: [SM] Blaming: ñankrunFixhealth.smx
L 09/29/2025 - 23:55:18: [SM] Call stack trace:
L 09/29/2025 - 23:55:18: [SM]   [0] GetConVarString
L 09/29/2025 - 23:55:18: [SM]   [1] Line 138, C:\Users\Moises\Downloads\Compressed\sourcemod-1.11.0-git6968-windows\addons\sourcemod\scripting\ñankrunFixhealth.sp::IsTankRunActive
L 09/29/2025 - 23:55:18: [SM]   [2] Line 36, C:\Users\Moises\Downloads\Compressed\sourcemod-1.11.0-git6968-windows\addons\sourcemod\scripting\ñankrunFixhealth.sp::Timer_PeriodicCheck
L 09/29/2025 - 23:55:27: [SM] Exception reported: Invalid convar handle 0 (error 4)
L 09/29/2025 - 23:55:27: [SM] Blaming: ñankrunFixhealth.smx
L 09/29/2025 - 23:55:27: [SM] Call stack trace:
L 09/29/2025 - 23:55:27: [SM]   [0] GetConVarString
L 09/29/2025 - 23:55:27: [SM]   [1] Line 138, C:\Users\Moises\Downloads\Compressed\sourcemod-1.11.0-git6968-windows\addons\sourcemod\scripting\ñankrunFixhealth.sp::IsTankRunActive
L 09/29/2025 - 23:55:27: [SM]   [2] Line 79, C:\Users\Moises\Downloads\Compressed\sourcemod-1.11.0-git6968-windows\addons\sourcemod\scripting\ñankrunFixhealth.sp::Event_PlayerDeath
L 09/29/2025 - 23:55:28: [SM] Exception reported: Invalid convar handle 0 (error 4)
L 09/29/2025 - 23:55:28: [SM] Blaming: ñankrunFixhealth.smx
L 09/29/2025 - 23:55:28: [SM] Call stack trace:
L 09/29/2025 - 23:55:28: [SM]   [0] GetConVarString
L 09/29/2025 - 23:55:28: [SM]   [1] Line 138, C:\Users\Moises\Downloads\Compressed\sourcemod-1.11.0-git6968-windows\addons\sourcemod\scripting\ñankrunFixhealth.sp::IsTankRunActive
L 09/29/2025 - 23:55:28: [SM]   [2] Line 36, C:\Users\Moises\Downloads\Compressed\sourcemod-1.11.0-git6968-windows\addons\sourcemod\scripting\ñankrunFixhealth.sp::Timer_PeriodicCheck
L 09/29/2025 - 23:55:28: [SM] Exception reported: Invalid convar handle 0 (error 4)
L 09/29/2025 - 23:55:28: [SM] Blaming: ñankrunFixhealth.smx
L 09/29/2025 - 23:55:28: [SM] Call stack trace:
L 09/29/2025 - 23:55:28: [SM]   [0] GetConVarString
L 09/29/2025 - 23:55:28: [SM]   [1] Line 138, C:\Users\Moises\Downloads\Compressed\sourcemod-1.11.0-git6968-windows\addons\sourcemod\scripting\ñankrunFixhealth.sp::IsTankRunActive
L 09/29/2025 - 23:55:28: [SM]   [2] Line 91, C:\Users\Moises\Downloads\Compressed\sourcemod-1.11.0-git6968-windows\addons\sourcemod\scripting\ñankrunFixhealth.sp::Event_MissionLost
L 09/29/2025 - 23:55:35: [SM] Exception reported: Invalid convar handle 0 (error 4)
L 09/29/2025 - 23:55:35: [SM] Blaming: ñankrunFixhealth.smx
L 09/29/2025 - 23:55:35: [SM] Call stack trace:
L 09/29/2025 - 23:55:35: [SM]   [0] GetConVarString
L 09/29/2025 - 23:55:35: [SM]   [1] Line 138, C:\Users\Moises\Downloads\Compressed\sourcemod-1.11.0-git6968-windows\addons\sourcemod\scripting\ñankrunFixhealth.sp::IsTankRunActive
L 09/29/2025 - 23:55:35: [SM]   [2] Line 54, C:\Users\Moises\Downloads\Compressed\sourcemod-1.11.0-git6968-windows\addons\sourcemod\scripting\ñankrunFixhealth.sp::Event_RoundStart
L 09/29/2025 - 23:55:38: [SM] Exception reported: Invalid convar handle 0 (error 4)
L 09/29/2025 - 23:55:38: [SM] Blaming: ñankrunFixhealth.smx
L 09/29/2025 - 23:55:38: [SM] Call stack trace:
L 09/29/2025 - 23:55:38: [SM]   [0] GetConVarString
L 09/29/2025 - 23:55:38: [SM]   [1] Line 138, C:\Users\Moises\Downloads\Compressed\sourcemod-1.11.0-git6968-windows\addons\sourcemod\scripting\ñankrunFixhealth.sp::IsTankRunActive
L 09/29/2025 - 23:55:38: [SM]   [2] Line 36, C:\Users\Moises\Downloads\Compressed\sourcemod-1.11.0-git6968-windows\addons\sourcemod\scripting\ñankrunFixhealth.sp::Timer_PeriodicCheck
L 09/29/2025 - 23:55:48: [SM] Exception reported: Invalid convar handle 0 (error 4)
L 09/29/2025 - 23:55:48: [SM] Blaming: ñankrunFixhealth.smx
L 09/29/2025 - 23:55:48: [SM] Call stack trace:
L 09/29/2025 - 23:55:48: [SM]   [0] GetConVarString
L 09/29/2025 - 23:55:48: [SM]   [1] Line 138, C:\Users\Moises\Downloads\Compressed\sourcemod-1.11.0-git6968-windows\addons\sourcemod\scripting\ñankrunFixhealth.sp::IsTankRunActive
L 09/29/2025 - 23:55:48: [SM]   [2] Line 36, C:\Users\Moises\Downloads\Compressed\sourcemod-1.11.0-git6968-windows\addons\sourcemod\scripting\ñankrunFixhealth.sp::Timer_PeriodicCheck
L 09/29/2025 - 23:55:58: [SM] Exception reported: Invalid convar handle 0 (error 4)
L 09/29/2025 - 23:55:58: [SM] Blaming: ñankrunFixhealth.smx
L 09/29/2025 - 23:55:58: [SM] Call stack trace:
L 09/29/2025 - 23:55:58: [SM]   [0] GetConVarString
L 09/29/2025 - 23:55:58: [SM]   [1] Line 138, C:\Users\Moises\Downloads\Compressed\sourcemod-1.11.0-git6968-windows\addons\sourcemod\scripting\ñankrunFixhealth.sp::IsTankRunActive
L 09/29/2025 - 23:55:58: [SM]   [2] Line 36, C:\Users\Moises\Downloads\Compressed\sourcemod-1.11.0-git6968-windows\addons\sourcemod\scripting\ñankrunFixhealth.sp::Timer_PeriodicCheck
L 09/29/2025 - 23:56:05: [SM] Exception reported: Invalid convar handle 0 (error 4)
L 09/29/2025 - 23:56:05: [SM] Blaming: ñankrunFixhealth.smx
L 09/29/2025 - 23:56:05: [SM] Call stack trace:
L 09/29/2025 - 23:56:05: [SM]   [0] GetConVarString
L 09/29/2025 - 23:56:05: [SM]   [1] Line 138, C:\Users\Moises\Downloads\Compressed\sourcemod-1.11.0-git6968-windows\addons\sourcemod\scripting\ñankrunFixhealth.sp::IsTankRunActive
L 09/29/2025 - 23:56:05: [SM]   [2] Line 79, C:\Users\Moises\Downloads\Compressed\sourcemod-1.11.0-git6968-windows\addons\sourcemod\scripting\ñankrunFixhealth.sp::Event_PlayerDeath
L 09/29/2025 - 23:56:08: [SM] Exception reported: Invalid convar handle 0 (error 4)
L 09/29/2025 - 23:56:08: [SM] Blaming: ñankrunFixhealth.smx
L 09/29/2025 - 23:56:08: [SM] Call stack trace:
L 09/29/2025 - 23:56:08: [SM]   [0] GetConVarString
L 09/29/2025 - 23:56:08: [SM]   [1] Line 138, C:\Users\Moises\Downloads\Compressed\sourcemod-1.11.0-git6968-windows\addons\sourcemod\scripting\ñankrunFixhealth.sp::IsTankRunActive
L 09/29/2025 - 23:56:08: [SM]   [2] Line 36, C:\Users\Moises\Downloads\Compressed\sourcemod-1.11.0-git6968-windows\addons\sourcemod\scripting\ñankrunFixhealth.sp::Timer_PeriodicCheck
L 09/29/2025 - 23:56:12: [SM] Exception reported: Invalid convar handle 0 (error 4)
L 09/29/2025 - 23:56:12: [SM] Blaming: ñankrunFixhealth.smx
L 09/29/2025 - 23:56:12: [SM] Call stack trace:
L 09/29/2025 - 23:56:12: [SM]   [0] GetConVarString
L 09/29/2025 - 23:56:12: [SM]   [1] Line 138, C:\Users\Moises\Downloads\Compressed\sourcemod-1.11.0-git6968-windows\addons\sourcemod\scripting\ñankrunFixhealth.sp::IsTankRunActive
L 09/29/2025 - 23:56:12: [SM]   [2] Line 79, C:\Users\Moises\Downloads\Compressed\sourcemod-1.11.0-git6968-windows\addons\sourcemod\scripting\ñankrunFixhealth.sp::Event_PlayerDeath
L 09/29/2025 - 23:56:16: [SM] Exception reported: Invalid convar handle 0 (error 4)
L 09/29/2025 - 23:56:16: [SM] Blaming: ñankrunFixhealth.smx
L 09/29/2025 - 23:56:16: [SM] Call stack trace:
L 09/29/2025 - 23:56:16: [SM]   [0] GetConVarString
L 09/29/2025 - 23:56:16: [SM]   [1] Line 138, C:\Users\Moises\Downloads\Compressed\sourcemod-1.11.0-git6968-windows\addons\sourcemod\scripting\ñankrunFixhealth.sp::IsTankRunActive
L 09/29/2025 - 23:56:16: [SM]   [2] Line 79, C:\Users\Moises\Downloads\Compressed\sourcemod-1.11.0-git6968-windows\addons\sourcemod\scripting\ñankrunFixhealth.sp::Event_PlayerDeath
L 09/29/2025 - 23:56:18: [SM] Exception reported: Invalid convar handle 0 (error 4)
L 09/29/2025 - 23:56:18: [SM] Blaming: ñankrunFixhealth.smx
L 09/29/2025 - 23:56:18: [SM] Call stack trace:
L 09/29/2025 - 23:56:18: [SM]   [0] GetConVarString
L 09/29/2025 - 23:56:18: [SM]   [1] Line 138, C:\Users\Moises\Downloads\Compressed\sourcemod-1.11.0-git6968-windows\addons\sourcemod\scripting\ñankrunFixhealth.sp::IsTankRunActive
L 09/29/2025 - 23:56:18: [SM]   [2] Line 36, C:\Users\Moises\Downloads\Compressed\sourcemod-1.11.0-git6968-windows\addons\sourcemod\scripting\ñankrunFixhealth.sp::Timer_PeriodicCheck
L 09/29/2025 - 23:56:28: [SM] Exception reported: Invalid convar handle 0 (error 4)
L 09/29/2025 - 23:56:28: [SM] Blaming: ñankrunFixhealth.smx
L 09/29/2025 - 23:56:28: [SM] Call stack trace:
L 09/29/2025 - 23:56:28: [SM]   [0] GetConVarString
L 09/29/2025 - 23:56:28: [SM]   [1] Line 138, C:\Users\Moises\Downloads\Compressed\sourcemod-1.11.0-git6968-windows\addons\sourcemod\scripting\ñankrunFixhealth.sp::IsTankRunActive
L 09/29/2025 - 23:56:28: [SM]   [2] Line 36, C:\Users\Moises\Downloads\Compressed\sourcemod-1.11.0-git6968-windows\addons\sourcemod\scripting\ñankrunFixhealth.sp::Timer_PeriodicCheck
L 09/29/2025 - 23:56:38: [SM] Exception reported: Invalid convar handle 0 (error 4)
L 09/29/2025 - 23:56:38: [SM] Blaming: ñankrunFixhealth.smx
L 09/29/2025 - 23:56:38: [SM] Call stack trace:
L 09/29/2025 - 23:56:38: [SM]   [0] GetConVarString
L 09/29/2025 - 23:56:38: [SM]   [1] Line 138, C:\Users\Moises\Downloads\Compressed\sourcemod-1.11.0-git6968-windows\addons\sourcemod\scripting\ñankrunFixhealth.sp::IsTankRunActive
L 09/29/2025 - 23:56:38: [SM]   [2] Line 36, C:\Users\Moises\Downloads\Compressed\sourcemod-1.11.0-git6968-windows\addons\sourcemod\scripting\ñankrunFixhealth.sp::Timer_PeriodicCheck
L 09/29/2025 - 23:56:48: [SM] Exception reported: Invalid convar handle 0 (error 4)
L 09/29/2025 - 23:56:48: [SM] Blaming: ñankrunFixhealth.smx
L 09/29/2025 - 23:56:48: [SM] Call stack trace:
L 09/29/2025 - 23:56:48: [SM]   [0] GetConVarString
L 09/29/2025 - 23:56:48: [SM]   [1] Line 138, C:\Users\Moises\Downloads\Compressed\sourcemod-1.11.0-git6968-windows\addons\sourcemod\scripting\ñankrunFixhealth.sp::IsTankRunActive
L 09/29/2025 - 23:56:48: [SM]   [2] Line 36, C:\Users\Moises\Downloads\Compressed\sourcemod-1.11.0-git6968-windows\addons\sourcemod\scripting\ñankrunFixhealth.sp::Timer_PeriodicCheck
L 09/29/2025 - 23:56:58: [SM] Exception reported: Invalid convar handle 0 (error 4)
L 09/29/2025 - 23:56:58: [SM] Blaming: ñankrunFixhealth.smx
L 09/29/2025 - 23:56:58: [SM] Call stack trace:
L 09/29/2025 - 23:56:58: [SM]   [0] GetConVarString
L 09/29/2025 - 23:56:58: [SM]   [1] Line 138, C:\Users\Moises\Downloads\Compressed\sourcemod-1.11.0-git6968-windows\addons\sourcemod\scripting\ñankrunFixhealth.sp::IsTankRunActive
L 09/29/2025 - 23:56:58: [SM]   [2] Line 36, C:\Users\Moises\Downloads\Compressed\sourcemod-1.11.0-git6968-windows\addons\sourcemod\scripting\ñankrunFixhealth.sp::Timer_PeriodicCheck
L 09/29/2025 - 23:57:08: [SM] Exception reported: Invalid convar handle 0 (error 4)
L 09/29/2025 - 23:57:08: [SM] Blaming: ñankrunFixhealth.smx
L 09/29/2025 - 23:57:08: [SM] Call stack trace:
L 09/29/2025 - 23:57:08: [SM]   [0] GetConVarString
L 09/29/2025 - 23:57:08: [SM]   [1] Line 138, C:\Users\Moises\Downloads\Compressed\sourcemod-1.11.0-git6968-windows\addons\sourcemod\scripting\ñankrunFixhealth.sp::IsTankRunActive
L 09/29/2025 - 23:57:08: [SM]   [2] Line 36, C:\Users\Moises\Downloads\Compressed\sourcemod-1.11.0-git6968-windows\addons\sourcemod\scripting\ñankrunFixhealth.sp::Timer_PeriodicCheck
L 09/29/2025 - 23:57:11: [SM] Exception reported: Invalid convar handle 0 (error 4)
L 09/29/2025 - 23:57:11: [SM] Blaming: ñankrunFixhealth.smx
L 09/29/2025 - 23:57:11: [SM] Call stack trace:
L 09/29/2025 - 23:57:11: [SM]   [0] GetConVarString
L 09/29/2025 - 23:57:11: [SM]   [1] Line 138, C:\Users\Moises\Downloads\Compressed\sourcemod-1.11.0-git6968-windows\addons\sourcemod\scripting\ñankrunFixhealth.sp::IsTankRunActive
L 09/29/2025 - 23:57:11: [SM]   [2] Line 79, C:\Users\Moises\Downloads\Compressed\sourcemod-1.11.0-git6968-windows\addons\sourcemod\scripting\ñankrunFixhealth.sp::Event_PlayerDeath
L 09/29/2025 - 23:57:15: [SM] Exception reported: Invalid convar handle 0 (error 4)
L 09/29/2025 - 23:57:15: [SM] Blaming: ñankrunFixhealth.smx
L 09/29/2025 - 23:57:15: [SM] Call stack trace:
L 09/29/2025 - 23:57:15: [SM]   [0] GetConVarString
L 09/29/2025 - 23:57:15: [SM]   [1] Line 138, C:\Users\Moises\Downloads\Compressed\sourcemod-1.11.0-git6968-windows\addons\sourcemod\scripting\ñankrunFixhealth.sp::IsTankRunActive
L 09/29/2025 - 23:57:15: [SM]   [2] Line 79, C:\Users\Moises\Downloads\Compressed\sourcemod-1.11.0-git6968-windows\addons\sourcemod\scripting\ñankrunFixhealth.sp::Event_PlayerDeath
L 09/29/2025 - 23:57:15: [SM] Exception reported: Invalid convar handle 0 (error 4)
L 09/29/2025 - 23:57:15: [SM] Blaming: ñankrunFixhealth.smx
L 09/29/2025 - 23:57:15: [SM] Call stack trace:
L 09/29/2025 - 23:57:15: [SM]   [0] GetConVarString
L 09/29/2025 - 23:57:15: [SM]   [1] Line 138, C:\Users\Moises\Downloads\Compressed\sourcemod-1.11.0-git6968-windows\addons\sourcemod\scripting\ñankrunFixhealth.sp::IsTankRunActive
L 09/29/2025 - 23:57:15: [SM]   [2] Line 79, C:\Users\Moises\Downloads\Compressed\sourcemod-1.11.0-git6968-windows\addons\sourcemod\scripting\ñankrunFixhealth.sp::Event_PlayerDeath
L 09/29/2025 - 23:57:17: [SM] Exception reported: Invalid convar handle 0 (error 4)
L 09/29/2025 - 23:57:17: [SM] Blaming: ñankrunFixhealth.smx
L 09/29/2025 - 23:57:17: [SM] Call stack trace:
L 09/29/2025 - 23:57:17: [SM]   [0] GetConVarString
L 09/29/2025 - 23:57:17: [SM]   [1] Line 138, C:\Users\Moises\Downloads\Compressed\sourcemod-1.11.0-git6968-windows\addons\sourcemod\scripting\ñankrunFixhealth.sp::IsTankRunActive
L 09/29/2025 - 23:57:17: [SM]   [2] Line 79, C:\Users\Moises\Downloads\Compressed\sourcemod-1.11.0-git6968-windows\addons\sourcemod\scripting\ñankrunFixhealth.sp::Event_PlayerDeath
L 09/29/2025 - 23:57:18: [SM] Exception reported: Invalid convar handle 0 (error 4)
L 09/29/2025 - 23:57:18: [SM] Blaming: ñankrunFixhealth.smx
L 09/29/2025 - 23:57:18: [SM] Call stack trace:
L 09/29/2025 - 23:57:18: [SM]   [0] GetConVarString
L 09/29/2025 - 23:57:18: [SM]   [1] Line 138, C:\Users\Moises\Downloads\Compressed\sourcemod-1.11.0-git6968-windows\addons\sourcemod\scripting\ñankrunFixhealth.sp::IsTankRunActive
L 09/29/2025 - 23:57:18: [SM]   [2] Line 36, C:\Users\Moises\Downloads\Compressed\sourcemod-1.11.0-git6968-windows\addons\sourcemod\scripting\ñankrunFixhealth.sp::Timer_PeriodicCheck
L 09/29/2025 - 23:57:28: [SM] Exception reported: Invalid convar handle 0 (error 4)
L 09/29/2025 - 23:57:28: [SM] Blaming: ñankrunFixhealth.smx
L 09/29/2025 - 23:57:28: [SM] Call stack trace:
L 09/29/2025 - 23:57:28: [SM]   [0] GetConVarString
L 09/29/2025 - 23:57:28: [SM]   [1] Line 138, C:\Users\Moises\Downloads\Compressed\sourcemod-1.11.0-git6968-windows\addons\sourcemod\scripting\ñankrunFixhealth.sp::IsTankRunActive
L 09/29/2025 - 23:57:28: [SM]   [2] Line 36, C:\Users\Moises\Downloads\Compressed\sourcemod-1.11.0-git6968-windows\addons\sourcemod\scripting\ñankrunFixhealth.sp::Timer_PeriodicCheck
L 09/29/2025 - 23:57:38: [SM] Exception reported: Invalid convar handle 0 (error 4)
L 09/29/2025 - 23:57:38: [SM] Blaming: ñankrunFixhealth.smx
L 09/29/2025 - 23:57:38: [SM] Call stack trace:
L 09/29/2025 - 23:57:38: [SM]   [0] GetConVarString
L 09/29/2025 - 23:57:38: [SM]   [1] Line 138, C:\Users\Moises\Downloads\Compressed\sourcemod-1.11.0-git6968-windows\addons\sourcemod\scripting\ñankrunFixhealth.sp::IsTankRunActive
L 09/29/2025 - 23:57:38: [SM]   [2] Line 36, C:\Users\Moises\Downloads\Compressed\sourcemod-1.11.0-git6968-windows\addons\sourcemod\scripting\ñankrunFixhealth.sp::Timer_PeriodicCheck
L 09/29/2025 - 23:57:48: [SM] Exception reported: Invalid convar handle 0 (error 4)
L 09/29/2025 - 23:57:48: [SM] Blaming: ñankrunFixhealth.smx
L 09/29/2025 - 23:57:48: [SM] Call stack trace:
L 09/29/2025 - 23:57:48: [SM]   [0] GetConVarString
L 09/29/2025 - 23:57:48: [SM]   [1] Line 138, C:\Users\Moises\Downloads\Compressed\sourcemod-1.11.0-git6968-windows\addons\sourcemod\scripting\ñankrunFixhealth.sp::IsTankRunActive
L 09/29/2025 - 23:57:48: [SM]   [2] Line 36, C:\Users\Moises\Downloads\Compressed\sourcemod-1.11.0-git6968-windows\addons\sourcemod\scripting\ñankrunFixhealth.sp::Timer_PeriodicCheck
L 09/29/2025 - 23:57:49: [SM] Exception reported: Invalid convar handle 0 (error 4)
L 09/29/2025 - 23:57:49: [SM] Blaming: ñankrunFixhealth.smx
L 09/29/2025 - 23:57:49: [SM] Call stack trace:
L 09/29/2025 - 23:57:49: [SM]   [0] GetConVarString
L 09/29/2025 - 23:57:49: [SM]   [1] Line 138, C:\Users\Moises\Downloads\Compressed\sourcemod-1.11.0-git6968-windows\addons\sourcemod\scripting\ñankrunFixhealth.sp::IsTankRunActive
L 09/29/2025 - 23:57:49: [SM]   [2] Line 71, C:\Users\Moises\Downloads\Compressed\sourcemod-1.11.0-git6968-windows\addons\sourcemod\scripting\ñankrunFixhealth.sp::Event_MapTransition
L 09/29/2025 - 23:58:02: Error log file session closed.
