L 03/27/2026 - 18:00:14: SourceMod error session started
L 03/27/2026 - 18:00:14: Info (map "c7m1_docks") (file "d:\steamlibrary\steamapps\common\left 4 dead 2\left4dead2\addons\sourcemod\logs\errors_20260327.log")
L 03/27/2026 - 18:00:14: [SM] Failed to load plugin "cannounce.smx": Get a dedicated server. This plugin does not work on Listen servers..
L 03/27/2026 - 18:00:14: [SM] Failed to load plugin "LMCL4D1CDeathHandler.smx": Plugin only supports Left 4 Dead.
L 03/27/2026 - 18:00:14: [SM] Failed to load plugin "LMCL4D1SetTransmit.smx": Plugin only supports Left 4 Dead.
L 03/27/2026 - 18:00:14: [SM] Failed to load plugin "LMC_L4D1_Menu_Choosing.smx": Plugin only supports Left 4 Dead.
L 03/27/2026 - 18:00:14: [SM] Failed to load plugin "LMC_L4D1_RandomSpawns.smx": Plugin only supports Left 4 Dead.
L 03/27/2026 - 18:00:14: [SM] Failed to load plugin "nextmap.smx": Nextmap is incompatible with this game.
L 03/27/2026 - 18:00:14: [SM] Failed to load plugin "[L4D2] Left4dhooks.smx": 
====================
This plugin replaces Left4Downtown. Delete the extension to run.
====================.
L 03/27/2026 - 18:00:14: [SM] Fatal error encountered parsing translation file "l4d_nth.phrases.txt"
L 03/27/2026 - 18:00:14: [SM] Error (line 0, column 0): Stream failed to open
L 03/27/2026 - 18:00:14: [SM] Fatal error encountered parsing translation file "chargersteering.phrases.txt"
L 03/27/2026 - 18:00:14: [SM] Error (line 0, column 0): Stream failed to open
L 03/27/2026 - 18:00:14: [l4d2_publicity.smx] [Publicity] No se encontraron mensajes en el archivo de configuraci√≥n
L 03/27/2026 - 18:00:14: [SM] Fatal error encountered parsing translation file "l4dmultislots.phrases.txt"
L 03/27/2026 - 18:00:14: [SM] Error (line 0, column 0): Stream failed to open
L 03/27/2026 - 18:00:16: [SM] Unable to load plugin "lilac_by_l4d2.smx": Native "IRC_MsgFlaggedChannels" was not found
L 03/27/2026 - 18:00:23: [SM] Exception reported: Invalid convar handle 0 (error 4)
L 03/27/2026 - 18:00:23: [SM] Blaming: ÒankrunFixhealth.smx
L 03/27/2026 - 18:00:23: [SM] Call stack trace:
L 03/27/2026 - 18:00:23: [SM]   [0] GetConVarString
L 03/27/2026 - 18:00:23: [SM]   [1] Line 138, C:\Users\Moises\Downloads\Compressed\sourcemod-1.11.0-git6968-windows\addons\sourcemod\scripting\ÒankrunFixhealth.sp::IsTankRunActive
L 03/27/2026 - 18:00:23: [SM]   [2] Line 54, C:\Users\Moises\Downloads\Compressed\sourcemod-1.11.0-git6968-windows\addons\sourcemod\scripting\ÒankrunFixhealth.sp::Event_RoundStart
L 03/27/2026 - 18:00:23: [l4d2_publicity.smx] [Publicity] No se encontraron mensajes en el archivo de configuraci√≥n
L 03/27/2026 - 18:00:37: [SM] Exception reported: Invalid convar handle 0 (error 4)
L 03/27/2026 - 18:00:37: [SM] Blaming: ÒankrunFixhealth.smx
L 03/27/2026 - 18:00:37: [SM] Call stack trace:
L 03/27/2026 - 18:00:37: [SM]   [0] GetConVarString
L 03/27/2026 - 18:00:37: [SM]   [1] Line 138, C:\Users\Moises\Downloads\Compressed\sourcemod-1.11.0-git6968-windows\addons\sourcemod\scripting\ÒankrunFixhealth.sp::IsTankRunActive
L 03/27/2026 - 18:00:37: [SM]   [2] Line 36, C:\Users\Moises\Downloads\Compressed\sourcemod-1.11.0-git6968-windows\addons\sourcemod\scripting\ÒankrunFixhealth.sp::Timer_PeriodicCheck
L 03/27/2026 - 18:00:47: [SM] Exception reported: Language phrase "Impossible to generate a bot at the moment." not found (arg 5)
L 03/27/2026 - 18:00:47: [SM] Blaming: l4dmultislots.smx
L 03/27/2026 - 18:00:47: [SM] Call stack trace:
L 03/27/2026 - 18:00:47: [SM]   [0] PrintHintText
L 03/27/2026 - 18:00:47: [SM]   [1] Line 765, d:\Github\Private-Work\L4D2-Êèí‰ª∂\scripting_1.11\l4dmultislots.sp::JoinTeam_ColdDown
L 03/27/2026 - 18:00:52: [SM] Exception reported: Invalid convar handle 0 (error 4)
L 03/27/2026 - 18:00:52: [SM] Blaming: ÒankrunFixhealth.smx
L 03/27/2026 - 18:00:52: [SM] Call stack trace:
L 03/27/2026 - 18:00:52: [SM]   [0] GetConVarString
L 03/27/2026 - 18:00:52: [SM]   [1] Line 138, C:\Users\Moises\Downloads\Compressed\sourcemod-1.11.0-git6968-windows\addons\sourcemod\scripting\ÒankrunFixhealth.sp::IsTankRunActive
L 03/27/2026 - 18:00:52: [SM]   [2] Line 36, C:\Users\Moises\Downloads\Compressed\sourcemod-1.11.0-git6968-windows\addons\sourcemod\scripting\ÒankrunFixhealth.sp::Timer_PeriodicCheck
L 03/27/2026 - 18:01:02: [SM] Exception reported: Invalid convar handle 0 (error 4)
L 03/27/2026 - 18:01:02: [SM] Blaming: ÒankrunFixhealth.smx
L 03/27/2026 - 18:01:02: [SM] Call stack trace:
L 03/27/2026 - 18:01:02: [SM]   [0] GetConVarString
L 03/27/2026 - 18:01:02: [SM]   [1] Line 138, C:\Users\Moises\Downloads\Compressed\sourcemod-1.11.0-git6968-windows\addons\sourcemod\scripting\ÒankrunFixhealth.sp::IsTankRunActive
L 03/27/2026 - 18:01:02: [SM]   [2] Line 36, C:\Users\Moises\Downloads\Compressed\sourcemod-1.11.0-git6968-windows\addons\sourcemod\scripting\ÒankrunFixhealth.sp::Timer_PeriodicCheck
L 03/27/2026 - 18:01:12: [SM] Exception reported: Invalid convar handle 0 (error 4)
L 03/27/2026 - 18:01:12: [SM] Blaming: ÒankrunFixhealth.smx
L 03/27/2026 - 18:01:12: [SM] Call stack trace:
L 03/27/2026 - 18:01:12: [SM]   [0] GetConVarString
L 03/27/2026 - 18:01:12: [SM]   [1] Line 138, C:\Users\Moises\Downloads\Compressed\sourcemod-1.11.0-git6968-windows\addons\sourcemod\scripting\ÒankrunFixhealth.sp::IsTankRunActive
L 03/27/2026 - 18:01:12: [SM]   [2] Line 36, C:\Users\Moises\Downloads\Compressed\sourcemod-1.11.0-git6968-windows\addons\sourcemod\scripting\ÒankrunFixhealth.sp::Timer_PeriodicCheck
L 03/27/2026 - 18:01:22: [SM] Exception reported: Invalid convar handle 0 (error 4)
L 03/27/2026 - 18:01:22: [SM] Blaming: ÒankrunFixhealth.smx
L 03/27/2026 - 18:01:22: [SM] Call stack trace:
L 03/27/2026 - 18:01:22: [SM]   [0] GetConVarString
L 03/27/2026 - 18:01:22: [SM]   [1] Line 138, C:\Users\Moises\Downloads\Compressed\sourcemod-1.11.0-git6968-windows\addons\sourcemod\scripting\ÒankrunFixhealth.sp::IsTankRunActive
L 03/27/2026 - 18:01:22: [SM]   [2] Line 36, C:\Users\Moises\Downloads\Compressed\sourcemod-1.11.0-git6968-windows\addons\sourcemod\scripting\ÒankrunFixhealth.sp::Timer_PeriodicCheck
L 03/27/2026 - 18:01:32: [SM] Exception reported: Invalid convar handle 0 (error 4)
L 03/27/2026 - 18:01:32: [SM] Blaming: ÒankrunFixhealth.smx
L 03/27/2026 - 18:01:32: [SM] Call stack trace:
L 03/27/2026 - 18:01:32: [SM]   [0] GetConVarString
L 03/27/2026 - 18:01:32: [SM]   [1] Line 138, C:\Users\Moises\Downloads\Compressed\sourcemod-1.11.0-git6968-windows\addons\sourcemod\scripting\ÒankrunFixhealth.sp::IsTankRunActive
L 03/27/2026 - 18:01:32: [SM]   [2] Line 36, C:\Users\Moises\Downloads\Compressed\sourcemod-1.11.0-git6968-windows\addons\sourcemod\scripting\ÒankrunFixhealth.sp::Timer_PeriodicCheck
L 03/27/2026 - 18:01:42: [SM] Exception reported: Invalid convar handle 0 (error 4)
L 03/27/2026 - 18:01:42: [SM] Blaming: ÒankrunFixhealth.smx
L 03/27/2026 - 18:01:42: [SM] Call stack trace:
L 03/27/2026 - 18:01:42: [SM]   [0] GetConVarString
L 03/27/2026 - 18:01:42: [SM]   [1] Line 138, C:\Users\Moises\Downloads\Compressed\sourcemod-1.11.0-git6968-windows\addons\sourcemod\scripting\ÒankrunFixhealth.sp::IsTankRunActive
L 03/27/2026 - 18:01:42: [SM]   [2] Line 36, C:\Users\Moises\Downloads\Compressed\sourcemod-1.11.0-git6968-windows\addons\sourcemod\scripting\ÒankrunFixhealth.sp::Timer_PeriodicCheck
L 03/27/2026 - 18:01:52: [SM] Exception reported: Invalid convar handle 0 (error 4)
L 03/27/2026 - 18:01:52: [SM] Blaming: ÒankrunFixhealth.smx
L 03/27/2026 - 18:01:52: [SM] Call stack trace:
L 03/27/2026 - 18:01:52: [SM]   [0] GetConVarString
L 03/27/2026 - 18:01:52: [SM]   [1] Line 138, C:\Users\Moises\Downloads\Compressed\sourcemod-1.11.0-git6968-windows\addons\sourcemod\scripting\ÒankrunFixhealth.sp::IsTankRunActive
L 03/27/2026 - 18:01:52: [SM]   [2] Line 36, C:\Users\Moises\Downloads\Compressed\sourcemod-1.11.0-git6968-windows\addons\sourcemod\scripting\ÒankrunFixhealth.sp::Timer_PeriodicCheck
L 03/27/2026 - 18:02:02: [SM] Exception reported: Invalid convar handle 0 (error 4)
L 03/27/2026 - 18:02:02: [SM] Blaming: ÒankrunFixhealth.smx
L 03/27/2026 - 18:02:02: [SM] Call stack trace:
L 03/27/2026 - 18:02:02: [SM]   [0] GetConVarString
L 03/27/2026 - 18:02:02: [SM]   [1] Line 138, C:\Users\Moises\Downloads\Compressed\sourcemod-1.11.0-git6968-windows\addons\sourcemod\scripting\ÒankrunFixhealth.sp::IsTankRunActive
L 03/27/2026 - 18:02:02: [SM]   [2] Line 36, C:\Users\Moises\Downloads\Compressed\sourcemod-1.11.0-git6968-windows\addons\sourcemod\scripting\ÒankrunFixhealth.sp::Timer_PeriodicCheck
L 03/27/2026 - 18:02:12: [SM] Exception reported: Invalid convar handle 0 (error 4)
L 03/27/2026 - 18:02:12: [SM] Blaming: ÒankrunFixhealth.smx
L 03/27/2026 - 18:02:12: [SM] Call stack trace:
L 03/27/2026 - 18:02:12: [SM]   [0] GetConVarString
L 03/27/2026 - 18:02:12: [SM]   [1] Line 138, C:\Users\Moises\Downloads\Compressed\sourcemod-1.11.0-git6968-windows\addons\sourcemod\scripting\ÒankrunFixhealth.sp::IsTankRunActive
L 03/27/2026 - 18:02:12: [SM]   [2] Line 36, C:\Users\Moises\Downloads\Compressed\sourcemod-1.11.0-git6968-windows\addons\sourcemod\scripting\ÒankrunFixhealth.sp::Timer_PeriodicCheck
L 03/27/2026 - 18:02:22: [SM] Exception reported: Invalid convar handle 0 (error 4)
L 03/27/2026 - 18:02:22: [SM] Blaming: ÒankrunFixhealth.smx
L 03/27/2026 - 18:02:22: [SM] Call stack trace:
L 03/27/2026 - 18:02:22: [SM]   [0] GetConVarString
L 03/27/2026 - 18:02:22: [SM]   [1] Line 138, C:\Users\Moises\Downloads\Compressed\sourcemod-1.11.0-git6968-windows\addons\sourcemod\scripting\ÒankrunFixhealth.sp::IsTankRunActive
L 03/27/2026 - 18:02:22: [SM]   [2] Line 36, C:\Users\Moises\Downloads\Compressed\sourcemod-1.11.0-git6968-windows\addons\sourcemod\scripting\ÒankrunFixhealth.sp::Timer_PeriodicCheck
L 03/27/2026 - 18:02:30: [SM] Exception reported: Invalid convar handle 0 (error 4)
L 03/27/2026 - 18:02:30: [SM] Blaming: ÒankrunFixhealth.smx
L 03/27/2026 - 18:02:30: [SM] Call stack trace:
L 03/27/2026 - 18:02:30: [SM]   [0] GetConVarString
L 03/27/2026 - 18:02:30: [SM]   [1] Line 138, C:\Users\Moises\Downloads\Compressed\sourcemod-1.11.0-git6968-windows\addons\sourcemod\scripting\ÒankrunFixhealth.sp::IsTankRunActive
L 03/27/2026 - 18:02:30: [SM]   [2] Line 79, C:\Users\Moises\Downloads\Compressed\sourcemod-1.11.0-git6968-windows\addons\sourcemod\scripting\ÒankrunFixhealth.sp::Event_PlayerDeath
L 03/27/2026 - 18:02:30: [SM] Exception reported: Invalid convar handle 0 (error 4)
L 03/27/2026 - 18:02:30: [SM] Blaming: ÒankrunFixhealth.smx
L 03/27/2026 - 18:02:30: [SM] Call stack trace:
L 03/27/2026 - 18:02:30: [SM]   [0] GetConVarString
L 03/27/2026 - 18:02:30: [SM]   [1] Line 138, C:\Users\Moises\Downloads\Compressed\sourcemod-1.11.0-git6968-windows\addons\sourcemod\scripting\ÒankrunFixhealth.sp::IsTankRunActive
L 03/27/2026 - 18:02:30: [SM]   [2] Line 91, C:\Users\Moises\Downloads\Compressed\sourcemod-1.11.0-git6968-windows\addons\sourcemod\scripting\ÒankrunFixhealth.sp::Event_MissionLost
L 03/27/2026 - 18:02:32: [SM] Exception reported: Invalid convar handle 0 (error 4)
L 03/27/2026 - 18:02:32: [SM] Blaming: ÒankrunFixhealth.smx
L 03/27/2026 - 18:02:32: [SM] Call stack trace:
L 03/27/2026 - 18:02:32: [SM]   [0] GetConVarString
L 03/27/2026 - 18:02:32: [SM]   [1] Line 138, C:\Users\Moises\Downloads\Compressed\sourcemod-1.11.0-git6968-windows\addons\sourcemod\scripting\ÒankrunFixhealth.sp::IsTankRunActive
L 03/27/2026 - 18:02:32: [SM]   [2] Line 36, C:\Users\Moises\Downloads\Compressed\sourcemod-1.11.0-git6968-windows\addons\sourcemod\scripting\ÒankrunFixhealth.sp::Timer_PeriodicCheck
L 03/27/2026 - 18:02:37: [SM] Exception reported: Invalid convar handle 0 (error 4)
L 03/27/2026 - 18:02:37: [SM] Blaming: ÒankrunFixhealth.smx
L 03/27/2026 - 18:02:37: [SM] Call stack trace:
L 03/27/2026 - 18:02:37: [SM]   [0] GetConVarString
L 03/27/2026 - 18:02:37: [SM]   [1] Line 138, C:\Users\Moises\Downloads\Compressed\sourcemod-1.11.0-git6968-windows\addons\sourcemod\scripting\ÒankrunFixhealth.sp::IsTankRunActive
L 03/27/2026 - 18:02:37: [SM]   [2] Line 54, C:\Users\Moises\Downloads\Compressed\sourcemod-1.11.0-git6968-windows\addons\sourcemod\scripting\ÒankrunFixhealth.sp::Event_RoundStart
L 03/27/2026 - 18:02:42: [SM] Exception reported: Invalid convar handle 0 (error 4)
L 03/27/2026 - 18:02:42: [SM] Blaming: ÒankrunFixhealth.smx
L 03/27/2026 - 18:02:42: [SM] Call stack trace:
L 03/27/2026 - 18:02:42: [SM]   [0] GetConVarString
L 03/27/2026 - 18:02:42: [SM]   [1] Line 138, C:\Users\Moises\Downloads\Compressed\sourcemod-1.11.0-git6968-windows\addons\sourcemod\scripting\ÒankrunFixhealth.sp::IsTankRunActive
L 03/27/2026 - 18:02:42: [SM]   [2] Line 36, C:\Users\Moises\Downloads\Compressed\sourcemod-1.11.0-git6968-windows\addons\sourcemod\scripting\ÒankrunFixhealth.sp::Timer_PeriodicCheck
L 03/27/2026 - 18:02:52: [SM] Exception reported: Invalid convar handle 0 (error 4)
L 03/27/2026 - 18:02:52: [SM] Blaming: ÒankrunFixhealth.smx
L 03/27/2026 - 18:02:52: [SM] Call stack trace:
L 03/27/2026 - 18:02:52: [SM]   [0] GetConVarString
L 03/27/2026 - 18:02:52: [SM]   [1] Line 138, C:\Users\Moises\Downloads\Compressed\sourcemod-1.11.0-git6968-windows\addons\sourcemod\scripting\ÒankrunFixhealth.sp::IsTankRunActive
L 03/27/2026 - 18:02:52: [SM]   [2] Line 36, C:\Users\Moises\Downloads\Compressed\sourcemod-1.11.0-git6968-windows\addons\sourcemod\scripting\ÒankrunFixhealth.sp::Timer_PeriodicCheck
L 03/27/2026 - 18:03:00: [SM] Exception reported: Invalid convar handle 0 (error 4)
L 03/27/2026 - 18:03:00: [SM] Blaming: ÒankrunFixhealth.smx
L 03/27/2026 - 18:03:00: [SM] Call stack trace:
L 03/27/2026 - 18:03:00: [SM]   [0] GetConVarString
L 03/27/2026 - 18:03:00: [SM]   [1] Line 138, C:\Users\Moises\Downloads\Compressed\sourcemod-1.11.0-git6968-windows\addons\sourcemod\scripting\ÒankrunFixhealth.sp::IsTankRunActive
L 03/27/2026 - 18:03:00: [SM]   [2] Line 79, C:\Users\Moises\Downloads\Compressed\sourcemod-1.11.0-git6968-windows\addons\sourcemod\scripting\ÒankrunFixhealth.sp::Event_PlayerDeath
L 03/27/2026 - 18:03:02: [SM] Exception reported: Invalid convar handle 0 (error 4)
L 03/27/2026 - 18:03:02: [SM] Blaming: ÒankrunFixhealth.smx
L 03/27/2026 - 18:03:02: [SM] Call stack trace:
L 03/27/2026 - 18:03:02: [SM]   [0] GetConVarString
L 03/27/2026 - 18:03:02: [SM]   [1] Line 138, C:\Users\Moises\Downloads\Compressed\sourcemod-1.11.0-git6968-windows\addons\sourcemod\scripting\ÒankrunFixhealth.sp::IsTankRunActive
L 03/27/2026 - 18:03:02: [SM]   [2] Line 36, C:\Users\Moises\Downloads\Compressed\sourcemod-1.11.0-git6968-windows\addons\sourcemod\scripting\ÒankrunFixhealth.sp::Timer_PeriodicCheck
L 03/27/2026 - 18:03:07: [SM] Exception reported: Invalid convar handle 0 (error 4)
L 03/27/2026 - 18:03:07: [SM] Blaming: ÒankrunFixhealth.smx
L 03/27/2026 - 18:03:07: [SM] Call stack trace:
L 03/27/2026 - 18:03:07: [SM]   [0] GetConVarString
L 03/27/2026 - 18:03:07: [SM]   [1] Line 138, C:\Users\Moises\Downloads\Compressed\sourcemod-1.11.0-git6968-windows\addons\sourcemod\scripting\ÒankrunFixhealth.sp::IsTankRunActive
L 03/27/2026 - 18:03:07: [SM]   [2] Line 79, C:\Users\Moises\Downloads\Compressed\sourcemod-1.11.0-git6968-windows\addons\sourcemod\scripting\ÒankrunFixhealth.sp::Event_PlayerDeath
L 03/27/2026 - 18:03:12: [SM] Exception reported: Invalid convar handle 0 (error 4)
L 03/27/2026 - 18:03:12: [SM] Blaming: ÒankrunFixhealth.smx
L 03/27/2026 - 18:03:12: [SM] Call stack trace:
L 03/27/2026 - 18:03:12: [SM]   [0] GetConVarString
L 03/27/2026 - 18:03:12: [SM]   [1] Line 138, C:\Users\Moises\Downloads\Compressed\sourcemod-1.11.0-git6968-windows\addons\sourcemod\scripting\ÒankrunFixhealth.sp::IsTankRunActive
L 03/27/2026 - 18:03:12: [SM]   [2] Line 36, C:\Users\Moises\Downloads\Compressed\sourcemod-1.11.0-git6968-windows\addons\sourcemod\scripting\ÒankrunFixhealth.sp::Timer_PeriodicCheck
L 03/27/2026 - 18:03:22: [SM] Exception reported: Invalid convar handle 0 (error 4)
L 03/27/2026 - 18:03:22: [SM] Blaming: ÒankrunFixhealth.smx
L 03/27/2026 - 18:03:22: [SM] Call stack trace:
L 03/27/2026 - 18:03:22: [SM]   [0] GetConVarString
L 03/27/2026 - 18:03:22: [SM]   [1] Line 138, C:\Users\Moises\Downloads\Compressed\sourcemod-1.11.0-git6968-windows\addons\sourcemod\scripting\ÒankrunFixhealth.sp::IsTankRunActive
L 03/27/2026 - 18:03:22: [SM]   [2] Line 36, C:\Users\Moises\Downloads\Compressed\sourcemod-1.11.0-git6968-windows\addons\sourcemod\scripting\ÒankrunFixhealth.sp::Timer_PeriodicCheck
L 03/27/2026 - 18:03:30: [SM] Exception reported: Invalid convar handle 0 (error 4)
L 03/27/2026 - 18:03:30: [SM] Blaming: ÒankrunFixhealth.smx
L 03/27/2026 - 18:03:30: [SM] Call stack trace:
L 03/27/2026 - 18:03:30: [SM]   [0] GetConVarString
L 03/27/2026 - 18:03:30: [SM]   [1] Line 138, C:\Users\Moises\Downloads\Compressed\sourcemod-1.11.0-git6968-windows\addons\sourcemod\scripting\ÒankrunFixhealth.sp::IsTankRunActive
L 03/27/2026 - 18:03:30: [SM]   [2] Line 79, C:\Users\Moises\Downloads\Compressed\sourcemod-1.11.0-git6968-windows\addons\sourcemod\scripting\ÒankrunFixhealth.sp::Event_PlayerDeath
L 03/27/2026 - 18:03:32: [SM] Exception reported: Invalid convar handle 0 (error 4)
L 03/27/2026 - 18:03:32: [SM] Blaming: ÒankrunFixhealth.smx
L 03/27/2026 - 18:03:32: [SM] Call stack trace:
L 03/27/2026 - 18:03:32: [SM]   [0] GetConVarString
L 03/27/2026 - 18:03:32: [SM]   [1] Line 138, C:\Users\Moises\Downloads\Compressed\sourcemod-1.11.0-git6968-windows\addons\sourcemod\scripting\ÒankrunFixhealth.sp::IsTankRunActive
L 03/27/2026 - 18:03:32: [SM]   [2] Line 36, C:\Users\Moises\Downloads\Compressed\sourcemod-1.11.0-git6968-windows\addons\sourcemod\scripting\ÒankrunFixhealth.sp::Timer_PeriodicCheck
L 03/27/2026 - 18:03:42: [SM] Exception reported: Invalid convar handle 0 (error 4)
L 03/27/2026 - 18:03:42: [SM] Blaming: ÒankrunFixhealth.smx
L 03/27/2026 - 18:03:42: [SM] Call stack trace:
L 03/27/2026 - 18:03:42: [SM]   [0] GetConVarString
L 03/27/2026 - 18:03:42: [SM]   [1] Line 138, C:\Users\Moises\Downloads\Compressed\sourcemod-1.11.0-git6968-windows\addons\sourcemod\scripting\ÒankrunFixhealth.sp::IsTankRunActive
L 03/27/2026 - 18:03:42: [SM]   [2] Line 36, C:\Users\Moises\Downloads\Compressed\sourcemod-1.11.0-git6968-windows\addons\sourcemod\scripting\ÒankrunFixhealth.sp::Timer_PeriodicCheck
L 03/27/2026 - 18:03:52: [SM] Exception reported: Invalid convar handle 0 (error 4)
L 03/27/2026 - 18:03:52: [SM] Blaming: ÒankrunFixhealth.smx
L 03/27/2026 - 18:03:52: [SM] Call stack trace:
L 03/27/2026 - 18:03:52: [SM]   [0] GetConVarString
L 03/27/2026 - 18:03:52: [SM]   [1] Line 138, C:\Users\Moises\Downloads\Compressed\sourcemod-1.11.0-git6968-windows\addons\sourcemod\scripting\ÒankrunFixhealth.sp::IsTankRunActive
L 03/27/2026 - 18:03:52: [SM]   [2] Line 36, C:\Users\Moises\Downloads\Compressed\sourcemod-1.11.0-git6968-windows\addons\sourcemod\scripting\ÒankrunFixhealth.sp::Timer_PeriodicCheck
L 03/27/2026 - 18:03:53: [SM] Exception reported: Language phrase "Please wait to be revived or rescued" not found (arg 6)
L 03/27/2026 - 18:03:53: [SM] Blaming: l4dmultislots.smx
L 03/27/2026 - 18:03:53: [SM] Call stack trace:
L 03/27/2026 - 18:03:53: [SM]   [0] PrintToChat
L 03/27/2026 - 18:03:53: [SM]   [1] Line 953, d:\Github\Private-Work\L4D2-Êèí‰ª∂\scripting_1.11\l4dmultislots.sp::Timer_SpecCheck
L 03/27/2026 - 18:03:59: [SM] Exception reported: Invalid convar handle 0 (error 4)
L 03/27/2026 - 18:03:59: [SM] Blaming: ÒankrunFixhealth.smx
L 03/27/2026 - 18:03:59: [SM] Call stack trace:
L 03/27/2026 - 18:03:59: [SM]   [0] GetConVarString
L 03/27/2026 - 18:03:59: [SM]   [1] Line 138, C:\Users\Moises\Downloads\Compressed\sourcemod-1.11.0-git6968-windows\addons\sourcemod\scripting\ÒankrunFixhealth.sp::IsTankRunActive
L 03/27/2026 - 18:03:59: [SM]   [2] Line 79, C:\Users\Moises\Downloads\Compressed\sourcemod-1.11.0-git6968-windows\addons\sourcemod\scripting\ÒankrunFixhealth.sp::Event_PlayerDeath
L 03/27/2026 - 18:04:02: [SM] Exception reported: Invalid convar handle 0 (error 4)
L 03/27/2026 - 18:04:02: [SM] Blaming: ÒankrunFixhealth.smx
L 03/27/2026 - 18:04:02: [SM] Call stack trace:
L 03/27/2026 - 18:04:02: [SM]   [0] GetConVarString
L 03/27/2026 - 18:04:02: [SM]   [1] Line 138, C:\Users\Moises\Downloads\Compressed\sourcemod-1.11.0-git6968-windows\addons\sourcemod\scripting\ÒankrunFixhealth.sp::IsTankRunActive
L 03/27/2026 - 18:04:02: [SM]   [2] Line 36, C:\Users\Moises\Downloads\Compressed\sourcemod-1.11.0-git6968-windows\addons\sourcemod\scripting\ÒankrunFixhealth.sp::Timer_PeriodicCheck
L 03/27/2026 - 18:04:07: [SM] Exception reported: Invalid convar handle 0 (error 4)
L 03/27/2026 - 18:04:07: [SM] Blaming: ÒankrunFixhealth.smx
L 03/27/2026 - 18:04:07: [SM] Call stack trace:
L 03/27/2026 - 18:04:07: [SM]   [0] GetConVarString
L 03/27/2026 - 18:04:07: [SM]   [1] Line 138, C:\Users\Moises\Downloads\Compressed\sourcemod-1.11.0-git6968-windows\addons\sourcemod\scripting\ÒankrunFixhealth.sp::IsTankRunActive
L 03/27/2026 - 18:04:07: [SM]   [2] Line 79, C:\Users\Moises\Downloads\Compressed\sourcemod-1.11.0-git6968-windows\addons\sourcemod\scripting\ÒankrunFixhealth.sp::Event_PlayerDeath
L 03/27/2026 - 18:04:07: [SM] Exception reported: Invalid convar handle 0 (error 4)
L 03/27/2026 - 18:04:07: [SM] Blaming: ÒankrunFixhealth.smx
L 03/27/2026 - 18:04:07: [SM] Call stack trace:
L 03/27/2026 - 18:04:07: [SM]   [0] GetConVarString
L 03/27/2026 - 18:04:07: [SM]   [1] Line 138, C:\Users\Moises\Downloads\Compressed\sourcemod-1.11.0-git6968-windows\addons\sourcemod\scripting\ÒankrunFixhealth.sp::IsTankRunActive
L 03/27/2026 - 18:04:07: [SM]   [2] Line 91, C:\Users\Moises\Downloads\Compressed\sourcemod-1.11.0-git6968-windows\addons\sourcemod\scripting\ÒankrunFixhealth.sp::Event_MissionLost
L 03/27/2026 - 18:04:12: [SM] Exception reported: Invalid convar handle 0 (error 4)
L 03/27/2026 - 18:04:12: [SM] Blaming: ÒankrunFixhealth.smx
L 03/27/2026 - 18:04:12: [SM] Call stack trace:
L 03/27/2026 - 18:04:12: [SM]   [0] GetConVarString
L 03/27/2026 - 18:04:12: [SM]   [1] Line 138, C:\Users\Moises\Downloads\Compressed\sourcemod-1.11.0-git6968-windows\addons\sourcemod\scripting\ÒankrunFixhealth.sp::IsTankRunActive
L 03/27/2026 - 18:04:12: [SM]   [2] Line 36, C:\Users\Moises\Downloads\Compressed\sourcemod-1.11.0-git6968-windows\addons\sourcemod\scripting\ÒankrunFixhealth.sp::Timer_PeriodicCheck
L 03/27/2026 - 18:04:14: [SM] Exception reported: Invalid convar handle 0 (error 4)
L 03/27/2026 - 18:04:14: [SM] Blaming: ÒankrunFixhealth.smx
L 03/27/2026 - 18:04:14: [SM] Call stack trace:
L 03/27/2026 - 18:04:14: [SM]   [0] GetConVarString
L 03/27/2026 - 18:04:14: [SM]   [1] Line 138, C:\Users\Moises\Downloads\Compressed\sourcemod-1.11.0-git6968-windows\addons\sourcemod\scripting\ÒankrunFixhealth.sp::IsTankRunActive
L 03/27/2026 - 18:04:14: [SM]   [2] Line 54, C:\Users\Moises\Downloads\Compressed\sourcemod-1.11.0-git6968-windows\addons\sourcemod\scripting\ÒankrunFixhealth.sp::Event_RoundStart
L 03/27/2026 - 18:04:22: [SM] Exception reported: Invalid convar handle 0 (error 4)
L 03/27/2026 - 18:04:22: [SM] Blaming: ÒankrunFixhealth.smx
L 03/27/2026 - 18:04:22: [SM] Call stack trace:
L 03/27/2026 - 18:04:22: [SM]   [0] GetConVarString
L 03/27/2026 - 18:04:22: [SM]   [1] Line 138, C:\Users\Moises\Downloads\Compressed\sourcemod-1.11.0-git6968-windows\addons\sourcemod\scripting\ÒankrunFixhealth.sp::IsTankRunActive
L 03/27/2026 - 18:04:22: [SM]   [2] Line 36, C:\Users\Moises\Downloads\Compressed\sourcemod-1.11.0-git6968-windows\addons\sourcemod\scripting\ÒankrunFixhealth.sp::Timer_PeriodicCheck
L 03/27/2026 - 18:04:32: [SM] Exception reported: Invalid convar handle 0 (error 4)
L 03/27/2026 - 18:04:32: [SM] Blaming: ÒankrunFixhealth.smx
L 03/27/2026 - 18:04:32: [SM] Call stack trace:
L 03/27/2026 - 18:04:32: [SM]   [0] GetConVarString
L 03/27/2026 - 18:04:32: [SM]   [1] Line 138, C:\Users\Moises\Downloads\Compressed\sourcemod-1.11.0-git6968-windows\addons\sourcemod\scripting\ÒankrunFixhealth.sp::IsTankRunActive
L 03/27/2026 - 18:04:32: [SM]   [2] Line 36, C:\Users\Moises\Downloads\Compressed\sourcemod-1.11.0-git6968-windows\addons\sourcemod\scripting\ÒankrunFixhealth.sp::Timer_PeriodicCheck
L 03/27/2026 - 18:04:34: [SM] Exception reported: Invalid convar handle 0 (error 4)
L 03/27/2026 - 18:04:34: [SM] Blaming: ÒankrunFixhealth.smx
L 03/27/2026 - 18:04:34: [SM] Call stack trace:
L 03/27/2026 - 18:04:34: [SM]   [0] GetConVarString
L 03/27/2026 - 18:04:34: [SM]   [1] Line 138, C:\Users\Moises\Downloads\Compressed\sourcemod-1.11.0-git6968-windows\addons\sourcemod\scripting\ÒankrunFixhealth.sp::IsTankRunActive
L 03/27/2026 - 18:04:34: [SM]   [2] Line 79, C:\Users\Moises\Downloads\Compressed\sourcemod-1.11.0-git6968-windows\addons\sourcemod\scripting\ÒankrunFixhealth.sp::Event_PlayerDeath
L 03/27/2026 - 18:04:42: [SM] Exception reported: Invalid convar handle 0 (error 4)
L 03/27/2026 - 18:04:42: [SM] Blaming: ÒankrunFixhealth.smx
L 03/27/2026 - 18:04:42: [SM] Call stack trace:
L 03/27/2026 - 18:04:42: [SM]   [0] GetConVarString
L 03/27/2026 - 18:04:42: [SM]   [1] Line 138, C:\Users\Moises\Downloads\Compressed\sourcemod-1.11.0-git6968-windows\addons\sourcemod\scripting\ÒankrunFixhealth.sp::IsTankRunActive
L 03/27/2026 - 18:04:42: [SM]   [2] Line 36, C:\Users\Moises\Downloads\Compressed\sourcemod-1.11.0-git6968-windows\addons\sourcemod\scripting\ÒankrunFixhealth.sp::Timer_PeriodicCheck
L 03/27/2026 - 18:04:43: [SM] Exception reported: Invalid convar handle 0 (error 4)
L 03/27/2026 - 18:04:43: [SM] Blaming: ÒankrunFixhealth.smx
L 03/27/2026 - 18:04:43: [SM] Call stack trace:
L 03/27/2026 - 18:04:43: [SM]   [0] GetConVarString
L 03/27/2026 - 18:04:43: [SM]   [1] Line 138, C:\Users\Moises\Downloads\Compressed\sourcemod-1.11.0-git6968-windows\addons\sourcemod\scripting\ÒankrunFixhealth.sp::IsTankRunActive
L 03/27/2026 - 18:04:43: [SM]   [2] Line 79, C:\Users\Moises\Downloads\Compressed\sourcemod-1.11.0-git6968-windows\addons\sourcemod\scripting\ÒankrunFixhealth.sp::Event_PlayerDeath
L 03/27/2026 - 18:04:52: [SM] Exception reported: Invalid convar handle 0 (error 4)
L 03/27/2026 - 18:04:52: [SM] Blaming: ÒankrunFixhealth.smx
L 03/27/2026 - 18:04:52: [SM] Call stack trace:
L 03/27/2026 - 18:04:52: [SM]   [0] GetConVarString
L 03/27/2026 - 18:04:52: [SM]   [1] Line 138, C:\Users\Moises\Downloads\Compressed\sourcemod-1.11.0-git6968-windows\addons\sourcemod\scripting\ÒankrunFixhealth.sp::IsTankRunActive
L 03/27/2026 - 18:04:52: [SM]   [2] Line 36, C:\Users\Moises\Downloads\Compressed\sourcemod-1.11.0-git6968-windows\addons\sourcemod\scripting\ÒankrunFixhealth.sp::Timer_PeriodicCheck
L 03/27/2026 - 18:05:02: [SM] Exception reported: Invalid convar handle 0 (error 4)
L 03/27/2026 - 18:05:02: [SM] Blaming: ÒankrunFixhealth.smx
L 03/27/2026 - 18:05:02: [SM] Call stack trace:
L 03/27/2026 - 18:05:02: [SM]   [0] GetConVarString
L 03/27/2026 - 18:05:02: [SM]   [1] Line 138, C:\Users\Moises\Downloads\Compressed\sourcemod-1.11.0-git6968-windows\addons\sourcemod\scripting\ÒankrunFixhealth.sp::IsTankRunActive
L 03/27/2026 - 18:05:02: [SM]   [2] Line 36, C:\Users\Moises\Downloads\Compressed\sourcemod-1.11.0-git6968-windows\addons\sourcemod\scripting\ÒankrunFixhealth.sp::Timer_PeriodicCheck
L 03/27/2026 - 18:05:10: [SM] Exception reported: Invalid convar handle 0 (error 4)
L 03/27/2026 - 18:05:10: [SM] Blaming: ÒankrunFixhealth.smx
L 03/27/2026 - 18:05:10: [SM] Call stack trace:
L 03/27/2026 - 18:05:10: [SM]   [0] GetConVarString
L 03/27/2026 - 18:05:10: [SM]   [1] Line 138, C:\Users\Moises\Downloads\Compressed\sourcemod-1.11.0-git6968-windows\addons\sourcemod\scripting\ÒankrunFixhealth.sp::IsTankRunActive
L 03/27/2026 - 18:05:10: [SM]   [2] Line 79, C:\Users\Moises\Downloads\Compressed\sourcemod-1.11.0-git6968-windows\addons\sourcemod\scripting\ÒankrunFixhealth.sp::Event_PlayerDeath
L 03/27/2026 - 18:05:12: [SM] Exception reported: Invalid convar handle 0 (error 4)
L 03/27/2026 - 18:05:12: [SM] Blaming: ÒankrunFixhealth.smx
L 03/27/2026 - 18:05:12: [SM] Call stack trace:
L 03/27/2026 - 18:05:12: [SM]   [0] GetConVarString
L 03/27/2026 - 18:05:12: [SM]   [1] Line 138, C:\Users\Moises\Downloads\Compressed\sourcemod-1.11.0-git6968-windows\addons\sourcemod\scripting\ÒankrunFixhealth.sp::IsTankRunActive
L 03/27/2026 - 18:05:12: [SM]   [2] Line 79, C:\Users\Moises\Downloads\Compressed\sourcemod-1.11.0-git6968-windows\addons\sourcemod\scripting\ÒankrunFixhealth.sp::Event_PlayerDeath
L 03/27/2026 - 18:05:12: [SM] Exception reported: Invalid convar handle 0 (error 4)
L 03/27/2026 - 18:05:12: [SM] Blaming: ÒankrunFixhealth.smx
L 03/27/2026 - 18:05:12: [SM] Call stack trace:
L 03/27/2026 - 18:05:12: [SM]   [0] GetConVarString
L 03/27/2026 - 18:05:12: [SM]   [1] Line 138, C:\Users\Moises\Downloads\Compressed\sourcemod-1.11.0-git6968-windows\addons\sourcemod\scripting\ÒankrunFixhealth.sp::IsTankRunActive
L 03/27/2026 - 18:05:12: [SM]   [2] Line 36, C:\Users\Moises\Downloads\Compressed\sourcemod-1.11.0-git6968-windows\addons\sourcemod\scripting\ÒankrunFixhealth.sp::Timer_PeriodicCheck
L 03/27/2026 - 18:05:12: [SM] Exception reported: Invalid convar handle 0 (error 4)
L 03/27/2026 - 18:05:12: [SM] Blaming: ÒankrunFixhealth.smx
L 03/27/2026 - 18:05:12: [SM] Call stack trace:
L 03/27/2026 - 18:05:12: [SM]   [0] GetConVarString
L 03/27/2026 - 18:05:12: [SM]   [1] Line 138, C:\Users\Moises\Downloads\Compressed\sourcemod-1.11.0-git6968-windows\addons\sourcemod\scripting\ÒankrunFixhealth.sp::IsTankRunActive
L 03/27/2026 - 18:05:12: [SM]   [2] Line 91, C:\Users\Moises\Downloads\Compressed\sourcemod-1.11.0-git6968-windows\addons\sourcemod\scripting\ÒankrunFixhealth.sp::Event_MissionLost
L 03/27/2026 - 18:05:20: [SM] Exception reported: Invalid convar handle 0 (error 4)
L 03/27/2026 - 18:05:20: [SM] Blaming: ÒankrunFixhealth.smx
L 03/27/2026 - 18:05:20: [SM] Call stack trace:
L 03/27/2026 - 18:05:20: [SM]   [0] GetConVarString
L 03/27/2026 - 18:05:20: [SM]   [1] Line 138, C:\Users\Moises\Downloads\Compressed\sourcemod-1.11.0-git6968-windows\addons\sourcemod\scripting\ÒankrunFixhealth.sp::IsTankRunActive
L 03/27/2026 - 18:05:20: [SM]   [2] Line 54, C:\Users\Moises\Downloads\Compressed\sourcemod-1.11.0-git6968-windows\addons\sourcemod\scripting\ÒankrunFixhealth.sp::Event_RoundStart
L 03/27/2026 - 18:05:22: [SM] Exception reported: Invalid convar handle 0 (error 4)
L 03/27/2026 - 18:05:22: [SM] Blaming: ÒankrunFixhealth.smx
L 03/27/2026 - 18:05:22: [SM] Call stack trace:
L 03/27/2026 - 18:05:22: [SM]   [0] GetConVarString
L 03/27/2026 - 18:05:22: [SM]   [1] Line 138, C:\Users\Moises\Downloads\Compressed\sourcemod-1.11.0-git6968-windows\addons\sourcemod\scripting\ÒankrunFixhealth.sp::IsTankRunActive
L 03/27/2026 - 18:05:22: [SM]   [2] Line 36, C:\Users\Moises\Downloads\Compressed\sourcemod-1.11.0-git6968-windows\addons\sourcemod\scripting\ÒankrunFixhealth.sp::Timer_PeriodicCheck
L 03/27/2026 - 18:05:29: [SM] Exception reported: Invalid convar handle 0 (error 4)
L 03/27/2026 - 18:05:29: [SM] Blaming: ÒankrunFixhealth.smx
L 03/27/2026 - 18:05:29: [SM] Call stack trace:
L 03/27/2026 - 18:05:29: [SM]   [0] GetConVarString
L 03/27/2026 - 18:05:29: [SM]   [1] Line 138, C:\Users\Moises\Downloads\Compressed\sourcemod-1.11.0-git6968-windows\addons\sourcemod\scripting\ÒankrunFixhealth.sp::IsTankRunActive
L 03/27/2026 - 18:05:29: [SM]   [2] Line 79, C:\Users\Moises\Downloads\Compressed\sourcemod-1.11.0-git6968-windows\addons\sourcemod\scripting\ÒankrunFixhealth.sp::Event_PlayerDeath
L 03/27/2026 - 18:05:32: [SM] Exception reported: Invalid convar handle 0 (error 4)
L 03/27/2026 - 18:05:32: [SM] Blaming: ÒankrunFixhealth.smx
L 03/27/2026 - 18:05:32: [SM] Call stack trace:
L 03/27/2026 - 18:05:32: [SM]   [0] GetConVarString
L 03/27/2026 - 18:05:32: [SM]   [1] Line 138, C:\Users\Moises\Downloads\Compressed\sourcemod-1.11.0-git6968-windows\addons\sourcemod\scripting\ÒankrunFixhealth.sp::IsTankRunActive
L 03/27/2026 - 18:05:32: [SM]   [2] Line 36, C:\Users\Moises\Downloads\Compressed\sourcemod-1.11.0-git6968-windows\addons\sourcemod\scripting\ÒankrunFixhealth.sp::Timer_PeriodicCheck
L 03/27/2026 - 18:05:38: [SM] Exception reported: Invalid convar handle 0 (error 4)
L 03/27/2026 - 18:05:38: [SM] Blaming: ÒankrunFixhealth.smx
L 03/27/2026 - 18:05:38: [SM] Call stack trace:
L 03/27/2026 - 18:05:38: [SM]   [0] GetConVarString
L 03/27/2026 - 18:05:38: [SM]   [1] Line 138, C:\Users\Moises\Downloads\Compressed\sourcemod-1.11.0-git6968-windows\addons\sourcemod\scripting\ÒankrunFixhealth.sp::IsTankRunActive
L 03/27/2026 - 18:05:38: [SM]   [2] Line 79, C:\Users\Moises\Downloads\Compressed\sourcemod-1.11.0-git6968-windows\addons\sourcemod\scripting\ÒankrunFixhealth.sp::Event_PlayerDeath
L 03/27/2026 - 18:05:42: [SM] Exception reported: Invalid convar handle 0 (error 4)
L 03/27/2026 - 18:05:42: [SM] Blaming: ÒankrunFixhealth.smx
L 03/27/2026 - 18:05:42: [SM] Call stack trace:
L 03/27/2026 - 18:05:42: [SM]   [0] GetConVarString
L 03/27/2026 - 18:05:42: [SM]   [1] Line 138, C:\Users\Moises\Downloads\Compressed\sourcemod-1.11.0-git6968-windows\addons\sourcemod\scripting\ÒankrunFixhealth.sp::IsTankRunActive
L 03/27/2026 - 18:05:42: [SM]   [2] Line 36, C:\Users\Moises\Downloads\Compressed\sourcemod-1.11.0-git6968-windows\addons\sourcemod\scripting\ÒankrunFixhealth.sp::Timer_PeriodicCheck
L 03/27/2026 - 18:05:51: [SM] Exception reported: Invalid convar handle 0 (error 4)
L 03/27/2026 - 18:05:51: [SM] Blaming: ÒankrunFixhealth.smx
L 03/27/2026 - 18:05:51: [SM] Call stack trace:
L 03/27/2026 - 18:05:51: [SM]   [0] GetConVarString
L 03/27/2026 - 18:05:51: [SM]   [1] Line 138, C:\Users\Moises\Downloads\Compressed\sourcemod-1.11.0-git6968-windows\addons\sourcemod\scripting\ÒankrunFixhealth.sp::IsTankRunActive
L 03/27/2026 - 18:05:51: [SM]   [2] Line 79, C:\Users\Moises\Downloads\Compressed\sourcemod-1.11.0-git6968-windows\addons\sourcemod\scripting\ÒankrunFixhealth.sp::Event_PlayerDeath
L 03/27/2026 - 18:05:52: [SM] Exception reported: Invalid convar handle 0 (error 4)
L 03/27/2026 - 18:05:52: [SM] Blaming: ÒankrunFixhealth.smx
L 03/27/2026 - 18:05:52: [SM] Call stack trace:
L 03/27/2026 - 18:05:52: [SM]   [0] GetConVarString
L 03/27/2026 - 18:05:52: [SM]   [1] Line 138, C:\Users\Moises\Downloads\Compressed\sourcemod-1.11.0-git6968-windows\addons\sourcemod\scripting\ÒankrunFixhealth.sp::IsTankRunActive
L 03/27/2026 - 18:05:52: [SM]   [2] Line 36, C:\Users\Moises\Downloads\Compressed\sourcemod-1.11.0-git6968-windows\addons\sourcemod\scripting\ÒankrunFixhealth.sp::Timer_PeriodicCheck
L 03/27/2026 - 18:05:53: [SM] Exception reported: Invalid convar handle 0 (error 4)
L 03/27/2026 - 18:05:53: [SM] Blaming: ÒankrunFixhealth.smx
L 03/27/2026 - 18:05:53: [SM] Call stack trace:
L 03/27/2026 - 18:05:53: [SM]   [0] GetConVarString
L 03/27/2026 - 18:05:53: [SM]   [1] Line 138, C:\Users\Moises\Downloads\Compressed\sourcemod-1.11.0-git6968-windows\addons\sourcemod\scripting\ÒankrunFixhealth.sp::IsTankRunActive
L 03/27/2026 - 18:05:53: [SM]   [2] Line 79, C:\Users\Moises\Downloads\Compressed\sourcemod-1.11.0-git6968-windows\addons\sourcemod\scripting\ÒankrunFixhealth.sp::Event_PlayerDeath
L 03/27/2026 - 18:05:53: [SM] Exception reported: Invalid convar handle 0 (error 4)
L 03/27/2026 - 18:05:53: [SM] Blaming: ÒankrunFixhealth.smx
L 03/27/2026 - 18:05:53: [SM] Call stack trace:
L 03/27/2026 - 18:05:53: [SM]   [0] GetConVarString
L 03/27/2026 - 18:05:53: [SM]   [1] Line 138, C:\Users\Moises\Downloads\Compressed\sourcemod-1.11.0-git6968-windows\addons\sourcemod\scripting\ÒankrunFixhealth.sp::IsTankRunActive
L 03/27/2026 - 18:05:53: [SM]   [2] Line 91, C:\Users\Moises\Downloads\Compressed\sourcemod-1.11.0-git6968-windows\addons\sourcemod\scripting\ÒankrunFixhealth.sp::Event_MissionLost
L 03/27/2026 - 18:06:01: [SM] Exception reported: Invalid convar handle 0 (error 4)
L 03/27/2026 - 18:06:01: [SM] Blaming: ÒankrunFixhealth.smx
L 03/27/2026 - 18:06:01: [SM] Call stack trace:
L 03/27/2026 - 18:06:01: [SM]   [0] GetConVarString
L 03/27/2026 - 18:06:01: [SM]   [1] Line 138, C:\Users\Moises\Downloads\Compressed\sourcemod-1.11.0-git6968-windows\addons\sourcemod\scripting\ÒankrunFixhealth.sp::IsTankRunActive
L 03/27/2026 - 18:06:01: [SM]   [2] Line 54, C:\Users\Moises\Downloads\Compressed\sourcemod-1.11.0-git6968-windows\addons\sourcemod\scripting\ÒankrunFixhealth.sp::Event_RoundStart
L 03/27/2026 - 18:06:02: [SM] Exception reported: Invalid convar handle 0 (error 4)
L 03/27/2026 - 18:06:02: [SM] Blaming: ÒankrunFixhealth.smx
L 03/27/2026 - 18:06:02: [SM] Call stack trace:
L 03/27/2026 - 18:06:02: [SM]   [0] GetConVarString
L 03/27/2026 - 18:06:02: [SM]   [1] Line 138, C:\Users\Moises\Downloads\Compressed\sourcemod-1.11.0-git6968-windows\addons\sourcemod\scripting\ÒankrunFixhealth.sp::IsTankRunActive
L 03/27/2026 - 18:06:02: [SM]   [2] Line 36, C:\Users\Moises\Downloads\Compressed\sourcemod-1.11.0-git6968-windows\addons\sourcemod\scripting\ÒankrunFixhealth.sp::Timer_PeriodicCheck
L 03/27/2026 - 18:06:10: [SM] Exception reported: Invalid convar handle 0 (error 4)
L 03/27/2026 - 18:06:10: [SM] Blaming: ÒankrunFixhealth.smx
L 03/27/2026 - 18:06:10: [SM] Call stack trace:
L 03/27/2026 - 18:06:10: [SM]   [0] GetConVarString
L 03/27/2026 - 18:06:10: [SM]   [1] Line 138, C:\Users\Moises\Downloads\Compressed\sourcemod-1.11.0-git6968-windows\addons\sourcemod\scripting\ÒankrunFixhealth.sp::IsTankRunActive
L 03/27/2026 - 18:06:10: [SM]   [2] Line 79, C:\Users\Moises\Downloads\Compressed\sourcemod-1.11.0-git6968-windows\addons\sourcemod\scripting\ÒankrunFixhealth.sp::Event_PlayerDeath
L 03/27/2026 - 18:06:12: [SM] Exception reported: Invalid convar handle 0 (error 4)
L 03/27/2026 - 18:06:12: [SM] Blaming: ÒankrunFixhealth.smx
L 03/27/2026 - 18:06:12: [SM] Call stack trace:
L 03/27/2026 - 18:06:12: [SM]   [0] GetConVarString
L 03/27/2026 - 18:06:12: [SM]   [1] Line 138, C:\Users\Moises\Downloads\Compressed\sourcemod-1.11.0-git6968-windows\addons\sourcemod\scripting\ÒankrunFixhealth.sp::IsTankRunActive
L 03/27/2026 - 18:06:12: [SM]   [2] Line 36, C:\Users\Moises\Downloads\Compressed\sourcemod-1.11.0-git6968-windows\addons\sourcemod\scripting\ÒankrunFixhealth.sp::Timer_PeriodicCheck
L 03/27/2026 - 18:06:16: [SM] Exception reported: Invalid convar handle 0 (error 4)
L 03/27/2026 - 18:06:16: [SM] Blaming: ÒankrunFixhealth.smx
L 03/27/2026 - 18:06:16: [SM] Call stack trace:
L 03/27/2026 - 18:06:16: [SM]   [0] GetConVarString
L 03/27/2026 - 18:06:16: [SM]   [1] Line 138, C:\Users\Moises\Downloads\Compressed\sourcemod-1.11.0-git6968-windows\addons\sourcemod\scripting\ÒankrunFixhealth.sp::IsTankRunActive
L 03/27/2026 - 18:06:16: [SM]   [2] Line 79, C:\Users\Moises\Downloads\Compressed\sourcemod-1.11.0-git6968-windows\addons\sourcemod\scripting\ÒankrunFixhealth.sp::Event_PlayerDeath
L 03/27/2026 - 18:06:22: [SM] Exception reported: Invalid convar handle 0 (error 4)
L 03/27/2026 - 18:06:22: [SM] Blaming: ÒankrunFixhealth.smx
L 03/27/2026 - 18:06:22: [SM] Call stack trace:
L 03/27/2026 - 18:06:22: [SM]   [0] GetConVarString
L 03/27/2026 - 18:06:22: [SM]   [1] Line 138, C:\Users\Moises\Downloads\Compressed\sourcemod-1.11.0-git6968-windows\addons\sourcemod\scripting\ÒankrunFixhealth.sp::IsTankRunActive
L 03/27/2026 - 18:06:22: [SM]   [2] Line 36, C:\Users\Moises\Downloads\Compressed\sourcemod-1.11.0-git6968-windows\addons\sourcemod\scripting\ÒankrunFixhealth.sp::Timer_PeriodicCheck
L 03/27/2026 - 18:06:32: [SM] Exception reported: Invalid convar handle 0 (error 4)
L 03/27/2026 - 18:06:32: [SM] Blaming: ÒankrunFixhealth.smx
L 03/27/2026 - 18:06:32: [SM] Call stack trace:
L 03/27/2026 - 18:06:32: [SM]   [0] GetConVarString
L 03/27/2026 - 18:06:32: [SM]   [1] Line 138, C:\Users\Moises\Downloads\Compressed\sourcemod-1.11.0-git6968-windows\addons\sourcemod\scripting\ÒankrunFixhealth.sp::IsTankRunActive
L 03/27/2026 - 18:06:32: [SM]   [2] Line 36, C:\Users\Moises\Downloads\Compressed\sourcemod-1.11.0-git6968-windows\addons\sourcemod\scripting\ÒankrunFixhealth.sp::Timer_PeriodicCheck
L 03/27/2026 - 18:06:42: [SM] Exception reported: Invalid convar handle 0 (error 4)
L 03/27/2026 - 18:06:42: [SM] Blaming: ÒankrunFixhealth.smx
L 03/27/2026 - 18:06:42: [SM] Call stack trace:
L 03/27/2026 - 18:06:42: [SM]   [0] GetConVarString
L 03/27/2026 - 18:06:42: [SM]   [1] Line 138, C:\Users\Moises\Downloads\Compressed\sourcemod-1.11.0-git6968-windows\addons\sourcemod\scripting\ÒankrunFixhealth.sp::IsTankRunActive
L 03/27/2026 - 18:06:42: [SM]   [2] Line 36, C:\Users\Moises\Downloads\Compressed\sourcemod-1.11.0-git6968-windows\addons\sourcemod\scripting\ÒankrunFixhealth.sp::Timer_PeriodicCheck
L 03/27/2026 - 18:06:45: [SM] Exception reported: Invalid convar handle 0 (error 4)
L 03/27/2026 - 18:06:45: [SM] Blaming: ÒankrunFixhealth.smx
L 03/27/2026 - 18:06:45: [SM] Call stack trace:
L 03/27/2026 - 18:06:45: [SM]   [0] GetConVarString
L 03/27/2026 - 18:06:45: [SM]   [1] Line 138, C:\Users\Moises\Downloads\Compressed\sourcemod-1.11.0-git6968-windows\addons\sourcemod\scripting\ÒankrunFixhealth.sp::IsTankRunActive
L 03/27/2026 - 18:06:45: [SM]   [2] Line 79, C:\Users\Moises\Downloads\Compressed\sourcemod-1.11.0-git6968-windows\addons\sourcemod\scripting\ÒankrunFixhealth.sp::Event_PlayerDeath
L 03/27/2026 - 18:06:47: [SM] Exception reported: Invalid convar handle 0 (error 4)
L 03/27/2026 - 18:06:47: [SM] Blaming: ÒankrunFixhealth.smx
L 03/27/2026 - 18:06:47: [SM] Call stack trace:
L 03/27/2026 - 18:06:47: [SM]   [0] GetConVarString
L 03/27/2026 - 18:06:47: [SM]   [1] Line 138, C:\Users\Moises\Downloads\Compressed\sourcemod-1.11.0-git6968-windows\addons\sourcemod\scripting\ÒankrunFixhealth.sp::IsTankRunActive
L 03/27/2026 - 18:06:47: [SM]   [2] Line 79, C:\Users\Moises\Downloads\Compressed\sourcemod-1.11.0-git6968-windows\addons\sourcemod\scripting\ÒankrunFixhealth.sp::Event_PlayerDeath
L 03/27/2026 - 18:06:48: [SM] Exception reported: Invalid convar handle 0 (error 4)
L 03/27/2026 - 18:06:48: [SM] Blaming: ÒankrunFixhealth.smx
L 03/27/2026 - 18:06:48: [SM] Call stack trace:
L 03/27/2026 - 18:06:48: [SM]   [0] GetConVarString
L 03/27/2026 - 18:06:48: [SM]   [1] Line 138, C:\Users\Moises\Downloads\Compressed\sourcemod-1.11.0-git6968-windows\addons\sourcemod\scripting\ÒankrunFixhealth.sp::IsTankRunActive
L 03/27/2026 - 18:06:48: [SM]   [2] Line 91, C:\Users\Moises\Downloads\Compressed\sourcemod-1.11.0-git6968-windows\addons\sourcemod\scripting\ÒankrunFixhealth.sp::Event_MissionLost
L 03/27/2026 - 18:06:52: [SM] Exception reported: Invalid convar handle 0 (error 4)
L 03/27/2026 - 18:06:52: [SM] Blaming: ÒankrunFixhealth.smx
L 03/27/2026 - 18:06:52: [SM] Call stack trace:
L 03/27/2026 - 18:06:52: [SM]   [0] GetConVarString
L 03/27/2026 - 18:06:52: [SM]   [1] Line 138, C:\Users\Moises\Downloads\Compressed\sourcemod-1.11.0-git6968-windows\addons\sourcemod\scripting\ÒankrunFixhealth.sp::IsTankRunActive
L 03/27/2026 - 18:06:52: [SM]   [2] Line 36, C:\Users\Moises\Downloads\Compressed\sourcemod-1.11.0-git6968-windows\addons\sourcemod\scripting\ÒankrunFixhealth.sp::Timer_PeriodicCheck
L 03/27/2026 - 18:06:55: [SM] Exception reported: Invalid convar handle 0 (error 4)
L 03/27/2026 - 18:06:55: [SM] Blaming: ÒankrunFixhealth.smx
L 03/27/2026 - 18:06:55: [SM] Call stack trace:
L 03/27/2026 - 18:06:55: [SM]   [0] GetConVarString
L 03/27/2026 - 18:06:55: [SM]   [1] Line 138, C:\Users\Moises\Downloads\Compressed\sourcemod-1.11.0-git6968-windows\addons\sourcemod\scripting\ÒankrunFixhealth.sp::IsTankRunActive
L 03/27/2026 - 18:06:55: [SM]   [2] Line 54, C:\Users\Moises\Downloads\Compressed\sourcemod-1.11.0-git6968-windows\addons\sourcemod\scripting\ÒankrunFixhealth.sp::Event_RoundStart
L 03/27/2026 - 18:07:02: [SM] Exception reported: Invalid convar handle 0 (error 4)
L 03/27/2026 - 18:07:02: [SM] Blaming: ÒankrunFixhealth.smx
L 03/27/2026 - 18:07:02: [SM] Call stack trace:
L 03/27/2026 - 18:07:02: [SM]   [0] GetConVarString
L 03/27/2026 - 18:07:02: [SM]   [1] Line 138, C:\Users\Moises\Downloads\Compressed\sourcemod-1.11.0-git6968-windows\addons\sourcemod\scripting\ÒankrunFixhealth.sp::IsTankRunActive
L 03/27/2026 - 18:07:02: [SM]   [2] Line 36, C:\Users\Moises\Downloads\Compressed\sourcemod-1.11.0-git6968-windows\addons\sourcemod\scripting\ÒankrunFixhealth.sp::Timer_PeriodicCheck
L 03/27/2026 - 18:07:12: [SM] Exception reported: Invalid convar handle 0 (error 4)
L 03/27/2026 - 18:07:12: [SM] Blaming: ÒankrunFixhealth.smx
L 03/27/2026 - 18:07:12: [SM] Call stack trace:
L 03/27/2026 - 18:07:12: [SM]   [0] GetConVarString
L 03/27/2026 - 18:07:12: [SM]   [1] Line 138, C:\Users\Moises\Downloads\Compressed\sourcemod-1.11.0-git6968-windows\addons\sourcemod\scripting\ÒankrunFixhealth.sp::IsTankRunActive
L 03/27/2026 - 18:07:12: [SM]   [2] Line 36, C:\Users\Moises\Downloads\Compressed\sourcemod-1.11.0-git6968-windows\addons\sourcemod\scripting\ÒankrunFixhealth.sp::Timer_PeriodicCheck
L 03/27/2026 - 18:07:15: [SM] Exception reported: Invalid convar handle 0 (error 4)
L 03/27/2026 - 18:07:15: [SM] Blaming: ÒankrunFixhealth.smx
L 03/27/2026 - 18:07:15: [SM] Call stack trace:
L 03/27/2026 - 18:07:15: [SM]   [0] GetConVarString
L 03/27/2026 - 18:07:15: [SM]   [1] Line 138, C:\Users\Moises\Downloads\Compressed\sourcemod-1.11.0-git6968-windows\addons\sourcemod\scripting\ÒankrunFixhealth.sp::IsTankRunActive
L 03/27/2026 - 18:07:15: [SM]   [2] Line 79, C:\Users\Moises\Downloads\Compressed\sourcemod-1.11.0-git6968-windows\addons\sourcemod\scripting\ÒankrunFixhealth.sp::Event_PlayerDeath
L 03/27/2026 - 18:07:16: [SM] Exception reported: Invalid convar handle 0 (error 4)
L 03/27/2026 - 18:07:16: [SM] Blaming: ÒankrunFixhealth.smx
L 03/27/2026 - 18:07:16: [SM] Call stack trace:
L 03/27/2026 - 18:07:16: [SM]   [0] GetConVarString
L 03/27/2026 - 18:07:16: [SM]   [1] Line 138, C:\Users\Moises\Downloads\Compressed\sourcemod-1.11.0-git6968-windows\addons\sourcemod\scripting\ÒankrunFixhealth.sp::IsTankRunActive
L 03/27/2026 - 18:07:16: [SM]   [2] Line 79, C:\Users\Moises\Downloads\Compressed\sourcemod-1.11.0-git6968-windows\addons\sourcemod\scripting\ÒankrunFixhealth.sp::Event_PlayerDeath
L 03/27/2026 - 18:07:22: [SM] Exception reported: Invalid convar handle 0 (error 4)
L 03/27/2026 - 18:07:22: [SM] Blaming: ÒankrunFixhealth.smx
L 03/27/2026 - 18:07:22: [SM] Call stack trace:
L 03/27/2026 - 18:07:22: [SM]   [0] GetConVarString
L 03/27/2026 - 18:07:22: [SM]   [1] Line 138, C:\Users\Moises\Downloads\Compressed\sourcemod-1.11.0-git6968-windows\addons\sourcemod\scripting\ÒankrunFixhealth.sp::IsTankRunActive
L 03/27/2026 - 18:07:22: [SM]   [2] Line 36, C:\Users\Moises\Downloads\Compressed\sourcemod-1.11.0-git6968-windows\addons\sourcemod\scripting\ÒankrunFixhealth.sp::Timer_PeriodicCheck
L 03/27/2026 - 18:07:32: [SM] Exception reported: Invalid convar handle 0 (error 4)
L 03/27/2026 - 18:07:32: [SM] Blaming: ÒankrunFixhealth.smx
L 03/27/2026 - 18:07:32: [SM] Call stack trace:
L 03/27/2026 - 18:07:32: [SM]   [0] GetConVarString
L 03/27/2026 - 18:07:32: [SM]   [1] Line 138, C:\Users\Moises\Downloads\Compressed\sourcemod-1.11.0-git6968-windows\addons\sourcemod\scripting\ÒankrunFixhealth.sp::IsTankRunActive
L 03/27/2026 - 18:07:32: [SM]   [2] Line 36, C:\Users\Moises\Downloads\Compressed\sourcemod-1.11.0-git6968-windows\addons\sourcemod\scripting\ÒankrunFixhealth.sp::Timer_PeriodicCheck
L 03/27/2026 - 18:07:42: [SM] Exception reported: Invalid convar handle 0 (error 4)
L 03/27/2026 - 18:07:42: [SM] Blaming: ÒankrunFixhealth.smx
L 03/27/2026 - 18:07:42: [SM] Call stack trace:
L 03/27/2026 - 18:07:42: [SM]   [0] GetConVarString
L 03/27/2026 - 18:07:42: [SM]   [1] Line 138, C:\Users\Moises\Downloads\Compressed\sourcemod-1.11.0-git6968-windows\addons\sourcemod\scripting\ÒankrunFixhealth.sp::IsTankRunActive
L 03/27/2026 - 18:07:42: [SM]   [2] Line 36, C:\Users\Moises\Downloads\Compressed\sourcemod-1.11.0-git6968-windows\addons\sourcemod\scripting\ÒankrunFixhealth.sp::Timer_PeriodicCheck
L 03/27/2026 - 18:07:47: [SM] Exception reported: Invalid convar handle 0 (error 4)
L 03/27/2026 - 18:07:47: [SM] Blaming: ÒankrunFixhealth.smx
L 03/27/2026 - 18:07:47: [SM] Call stack trace:
L 03/27/2026 - 18:07:47: [SM]   [0] GetConVarString
L 03/27/2026 - 18:07:47: [SM]   [1] Line 138, C:\Users\Moises\Downloads\Compressed\sourcemod-1.11.0-git6968-windows\addons\sourcemod\scripting\ÒankrunFixhealth.sp::IsTankRunActive
L 03/27/2026 - 18:07:47: [SM]   [2] Line 79, C:\Users\Moises\Downloads\Compressed\sourcemod-1.11.0-git6968-windows\addons\sourcemod\scripting\ÒankrunFixhealth.sp::Event_PlayerDeath
L 03/27/2026 - 18:07:50: [SM] Exception reported: Invalid convar handle 0 (error 4)
L 03/27/2026 - 18:07:50: [SM] Blaming: ÒankrunFixhealth.smx
L 03/27/2026 - 18:07:50: [SM] Call stack trace:
L 03/27/2026 - 18:07:50: [SM]   [0] GetConVarString
L 03/27/2026 - 18:07:50: [SM]   [1] Line 138, C:\Users\Moises\Downloads\Compressed\sourcemod-1.11.0-git6968-windows\addons\sourcemod\scripting\ÒankrunFixhealth.sp::IsTankRunActive
L 03/27/2026 - 18:07:50: [SM]   [2] Line 79, C:\Users\Moises\Downloads\Compressed\sourcemod-1.11.0-git6968-windows\addons\sourcemod\scripting\ÒankrunFixhealth.sp::Event_PlayerDeath
L 03/27/2026 - 18:07:52: [SM] Exception reported: Invalid convar handle 0 (error 4)
L 03/27/2026 - 18:07:52: [SM] Blaming: ÒankrunFixhealth.smx
L 03/27/2026 - 18:07:52: [SM] Call stack trace:
L 03/27/2026 - 18:07:52: [SM]   [0] GetConVarString
L 03/27/2026 - 18:07:52: [SM]   [1] Line 138, C:\Users\Moises\Downloads\Compressed\sourcemod-1.11.0-git6968-windows\addons\sourcemod\scripting\ÒankrunFixhealth.sp::IsTankRunActive
L 03/27/2026 - 18:07:52: [SM]   [2] Line 36, C:\Users\Moises\Downloads\Compressed\sourcemod-1.11.0-git6968-windows\addons\sourcemod\scripting\ÒankrunFixhealth.sp::Timer_PeriodicCheck
L 03/27/2026 - 18:08:02: [SM] Exception reported: Invalid convar handle 0 (error 4)
L 03/27/2026 - 18:08:02: [SM] Blaming: ÒankrunFixhealth.smx
L 03/27/2026 - 18:08:02: [SM] Call stack trace:
L 03/27/2026 - 18:08:02: [SM]   [0] GetConVarString
L 03/27/2026 - 18:08:02: [SM]   [1] Line 138, C:\Users\Moises\Downloads\Compressed\sourcemod-1.11.0-git6968-windows\addons\sourcemod\scripting\ÒankrunFixhealth.sp::IsTankRunActive
L 03/27/2026 - 18:08:02: [SM]   [2] Line 36, C:\Users\Moises\Downloads\Compressed\sourcemod-1.11.0-git6968-windows\addons\sourcemod\scripting\ÒankrunFixhealth.sp::Timer_PeriodicCheck
L 03/27/2026 - 18:08:10: [SM] Exception reported: Language phrase "Please wait to be revived or rescued" not found (arg 6)
L 03/27/2026 - 18:08:10: [SM] Blaming: l4dmultislots.smx
L 03/27/2026 - 18:08:10: [SM] Call stack trace:
L 03/27/2026 - 18:08:10: [SM]   [0] PrintToChat
L 03/27/2026 - 18:08:10: [SM]   [1] Line 953, d:\Github\Private-Work\L4D2-Êèí‰ª∂\scripting_1.11\l4dmultislots.sp::Timer_SpecCheck
L 03/27/2026 - 18:08:12: [SM] Exception reported: Invalid convar handle 0 (error 4)
L 03/27/2026 - 18:08:12: [SM] Blaming: ÒankrunFixhealth.smx
L 03/27/2026 - 18:08:12: [SM] Call stack trace:
L 03/27/2026 - 18:08:12: [SM]   [0] GetConVarString
L 03/27/2026 - 18:08:12: [SM]   [1] Line 138, C:\Users\Moises\Downloads\Compressed\sourcemod-1.11.0-git6968-windows\addons\sourcemod\scripting\ÒankrunFixhealth.sp::IsTankRunActive
L 03/27/2026 - 18:08:12: [SM]   [2] Line 36, C:\Users\Moises\Downloads\Compressed\sourcemod-1.11.0-git6968-windows\addons\sourcemod\scripting\ÒankrunFixhealth.sp::Timer_PeriodicCheck
L 03/27/2026 - 18:08:22: [SM] Exception reported: Invalid convar handle 0 (error 4)
L 03/27/2026 - 18:08:22: [SM] Blaming: ÒankrunFixhealth.smx
L 03/27/2026 - 18:08:22: [SM] Call stack trace:
L 03/27/2026 - 18:08:22: [SM]   [0] GetConVarString
L 03/27/2026 - 18:08:22: [SM]   [1] Line 138, C:\Users\Moises\Downloads\Compressed\sourcemod-1.11.0-git6968-windows\addons\sourcemod\scripting\ÒankrunFixhealth.sp::IsTankRunActive
L 03/27/2026 - 18:08:22: [SM]   [2] Line 36, C:\Users\Moises\Downloads\Compressed\sourcemod-1.11.0-git6968-windows\addons\sourcemod\scripting\ÒankrunFixhealth.sp::Timer_PeriodicCheck
L 03/27/2026 - 18:08:25: [SM] Exception reported: Invalid convar handle 0 (error 4)
L 03/27/2026 - 18:08:25: [SM] Blaming: ÒankrunFixhealth.smx
L 03/27/2026 - 18:08:25: [SM] Call stack trace:
L 03/27/2026 - 18:08:25: [SM]   [0] GetConVarString
L 03/27/2026 - 18:08:25: [SM]   [1] Line 138, C:\Users\Moises\Downloads\Compressed\sourcemod-1.11.0-git6968-windows\addons\sourcemod\scripting\ÒankrunFixhealth.sp::IsTankRunActive
L 03/27/2026 - 18:08:25: [SM]   [2] Line 79, C:\Users\Moises\Downloads\Compressed\sourcemod-1.11.0-git6968-windows\addons\sourcemod\scripting\ÒankrunFixhealth.sp::Event_PlayerDeath
L 03/27/2026 - 18:08:26: [SM] Exception reported: Invalid convar handle 0 (error 4)
L 03/27/2026 - 18:08:26: [SM] Blaming: ÒankrunFixhealth.smx
L 03/27/2026 - 18:08:26: [SM] Call stack trace:
L 03/27/2026 - 18:08:26: [SM]   [0] GetConVarString
L 03/27/2026 - 18:08:26: [SM]   [1] Line 138, C:\Users\Moises\Downloads\Compressed\sourcemod-1.11.0-git6968-windows\addons\sourcemod\scripting\ÒankrunFixhealth.sp::IsTankRunActive
L 03/27/2026 - 18:08:26: [SM]   [2] Line 91, C:\Users\Moises\Downloads\Compressed\sourcemod-1.11.0-git6968-windows\addons\sourcemod\scripting\ÒankrunFixhealth.sp::Event_MissionLost
L 03/27/2026 - 18:08:32: [SM] Exception reported: Invalid convar handle 0 (error 4)
L 03/27/2026 - 18:08:32: [SM] Blaming: ÒankrunFixhealth.smx
L 03/27/2026 - 18:08:32: [SM] Call stack trace:
L 03/27/2026 - 18:08:32: [SM]   [0] GetConVarString
L 03/27/2026 - 18:08:32: [SM]   [1] Line 138, C:\Users\Moises\Downloads\Compressed\sourcemod-1.11.0-git6968-windows\addons\sourcemod\scripting\ÒankrunFixhealth.sp::IsTankRunActive
L 03/27/2026 - 18:08:32: [SM]   [2] Line 36, C:\Users\Moises\Downloads\Compressed\sourcemod-1.11.0-git6968-windows\addons\sourcemod\scripting\ÒankrunFixhealth.sp::Timer_PeriodicCheck
L 03/27/2026 - 18:08:33: [SM] Exception reported: Invalid convar handle 0 (error 4)
L 03/27/2026 - 18:08:33: [SM] Blaming: ÒankrunFixhealth.smx
L 03/27/2026 - 18:08:33: [SM] Call stack trace:
L 03/27/2026 - 18:08:33: [SM]   [0] GetConVarString
L 03/27/2026 - 18:08:33: [SM]   [1] Line 138, C:\Users\Moises\Downloads\Compressed\sourcemod-1.11.0-git6968-windows\addons\sourcemod\scripting\ÒankrunFixhealth.sp::IsTankRunActive
L 03/27/2026 - 18:08:33: [SM]   [2] Line 54, C:\Users\Moises\Downloads\Compressed\sourcemod-1.11.0-git6968-windows\addons\sourcemod\scripting\ÒankrunFixhealth.sp::Event_RoundStart
L 03/27/2026 - 18:08:43: [SM] Exception reported: Invalid convar handle 0 (error 4)
L 03/27/2026 - 18:08:43: [SM] Blaming: ÒankrunFixhealth.smx
L 03/27/2026 - 18:08:43: [SM] Call stack trace:
L 03/27/2026 - 18:08:43: [SM]   [0] GetConVarString
L 03/27/2026 - 18:08:43: [SM]   [1] Line 138, C:\Users\Moises\Downloads\Compressed\sourcemod-1.11.0-git6968-windows\addons\sourcemod\scripting\ÒankrunFixhealth.sp::IsTankRunActive
L 03/27/2026 - 18:08:43: [SM]   [2] Line 36, C:\Users\Moises\Downloads\Compressed\sourcemod-1.11.0-git6968-windows\addons\sourcemod\scripting\ÒankrunFixhealth.sp::Timer_PeriodicCheck
L 03/27/2026 - 18:08:53: [SM] Exception reported: Invalid convar handle 0 (error 4)
L 03/27/2026 - 18:08:53: [SM] Blaming: ÒankrunFixhealth.smx
L 03/27/2026 - 18:08:53: [SM] Call stack trace:
L 03/27/2026 - 18:08:53: [SM]   [0] GetConVarString
L 03/27/2026 - 18:08:53: [SM]   [1] Line 138, C:\Users\Moises\Downloads\Compressed\sourcemod-1.11.0-git6968-windows\addons\sourcemod\scripting\ÒankrunFixhealth.sp::IsTankRunActive
L 03/27/2026 - 18:08:53: [SM]   [2] Line 36, C:\Users\Moises\Downloads\Compressed\sourcemod-1.11.0-git6968-windows\addons\sourcemod\scripting\ÒankrunFixhealth.sp::Timer_PeriodicCheck
L 03/27/2026 - 18:09:03: [SM] Exception reported: Invalid convar handle 0 (error 4)
L 03/27/2026 - 18:09:03: [SM] Blaming: ÒankrunFixhealth.smx
L 03/27/2026 - 18:09:03: [SM] Call stack trace:
L 03/27/2026 - 18:09:03: [SM]   [0] GetConVarString
L 03/27/2026 - 18:09:03: [SM]   [1] Line 138, C:\Users\Moises\Downloads\Compressed\sourcemod-1.11.0-git6968-windows\addons\sourcemod\scripting\ÒankrunFixhealth.sp::IsTankRunActive
L 03/27/2026 - 18:09:03: [SM]   [2] Line 36, C:\Users\Moises\Downloads\Compressed\sourcemod-1.11.0-git6968-windows\addons\sourcemod\scripting\ÒankrunFixhealth.sp::Timer_PeriodicCheck
L 03/27/2026 - 18:09:10: [SM] Exception reported: Invalid convar handle 0 (error 4)
L 03/27/2026 - 18:09:10: [SM] Blaming: ÒankrunFixhealth.smx
L 03/27/2026 - 18:09:10: [SM] Call stack trace:
L 03/27/2026 - 18:09:10: [SM]   [0] GetConVarString
L 03/27/2026 - 18:09:10: [SM]   [1] Line 138, C:\Users\Moises\Downloads\Compressed\sourcemod-1.11.0-git6968-windows\addons\sourcemod\scripting\ÒankrunFixhealth.sp::IsTankRunActive
L 03/27/2026 - 18:09:10: [SM]   [2] Line 79, C:\Users\Moises\Downloads\Compressed\sourcemod-1.11.0-git6968-windows\addons\sourcemod\scripting\ÒankrunFixhealth.sp::Event_PlayerDeath
L 03/27/2026 - 18:09:13: [SM] Exception reported: Invalid convar handle 0 (error 4)
L 03/27/2026 - 18:09:13: [SM] Blaming: ÒankrunFixhealth.smx
L 03/27/2026 - 18:09:13: [SM] Call stack trace:
L 03/27/2026 - 18:09:13: [SM]   [0] GetConVarString
L 03/27/2026 - 18:09:13: [SM]   [1] Line 138, C:\Users\Moises\Downloads\Compressed\sourcemod-1.11.0-git6968-windows\addons\sourcemod\scripting\ÒankrunFixhealth.sp::IsTankRunActive
L 03/27/2026 - 18:09:13: [SM]   [2] Line 36, C:\Users\Moises\Downloads\Compressed\sourcemod-1.11.0-git6968-windows\addons\sourcemod\scripting\ÒankrunFixhealth.sp::Timer_PeriodicCheck
L 03/27/2026 - 18:09:23: [SM] Exception reported: Invalid convar handle 0 (error 4)
L 03/27/2026 - 18:09:23: [SM] Blaming: ÒankrunFixhealth.smx
L 03/27/2026 - 18:09:23: [SM] Call stack trace:
L 03/27/2026 - 18:09:23: [SM]   [0] GetConVarString
L 03/27/2026 - 18:09:23: [SM]   [1] Line 138, C:\Users\Moises\Downloads\Compressed\sourcemod-1.11.0-git6968-windows\addons\sourcemod\scripting\ÒankrunFixhealth.sp::IsTankRunActive
L 03/27/2026 - 18:09:23: [SM]   [2] Line 36, C:\Users\Moises\Downloads\Compressed\sourcemod-1.11.0-git6968-windows\addons\sourcemod\scripting\ÒankrunFixhealth.sp::Timer_PeriodicCheck
L 03/27/2026 - 18:09:33: [SM] Exception reported: Invalid convar handle 0 (error 4)
L 03/27/2026 - 18:09:33: [SM] Blaming: ÒankrunFixhealth.smx
L 03/27/2026 - 18:09:33: [SM] Call stack trace:
L 03/27/2026 - 18:09:33: [SM]   [0] GetConVarString
L 03/27/2026 - 18:09:33: [SM]   [1] Line 138, C:\Users\Moises\Downloads\Compressed\sourcemod-1.11.0-git6968-windows\addons\sourcemod\scripting\ÒankrunFixhealth.sp::IsTankRunActive
L 03/27/2026 - 18:09:33: [SM]   [2] Line 36, C:\Users\Moises\Downloads\Compressed\sourcemod-1.11.0-git6968-windows\addons\sourcemod\scripting\ÒankrunFixhealth.sp::Timer_PeriodicCheck
L 03/27/2026 - 18:09:41: [SM] Exception reported: Invalid convar handle 0 (error 4)
L 03/27/2026 - 18:09:41: [SM] Blaming: ÒankrunFixhealth.smx
L 03/27/2026 - 18:09:41: [SM] Call stack trace:
L 03/27/2026 - 18:09:41: [SM]   [0] GetConVarString
L 03/27/2026 - 18:09:41: [SM]   [1] Line 138, C:\Users\Moises\Downloads\Compressed\sourcemod-1.11.0-git6968-windows\addons\sourcemod\scripting\ÒankrunFixhealth.sp::IsTankRunActive
L 03/27/2026 - 18:09:41: [SM]   [2] Line 79, C:\Users\Moises\Downloads\Compressed\sourcemod-1.11.0-git6968-windows\addons\sourcemod\scripting\ÒankrunFixhealth.sp::Event_PlayerDeath
L 03/27/2026 - 18:09:42: [SM] Exception reported: Invalid convar handle 0 (error 4)
L 03/27/2026 - 18:09:42: [SM] Blaming: ÒankrunFixhealth.smx
L 03/27/2026 - 18:09:42: [SM] Call stack trace:
L 03/27/2026 - 18:09:42: [SM]   [0] GetConVarString
L 03/27/2026 - 18:09:42: [SM]   [1] Line 138, C:\Users\Moises\Downloads\Compressed\sourcemod-1.11.0-git6968-windows\addons\sourcemod\scripting\ÒankrunFixhealth.sp::IsTankRunActive
L 03/27/2026 - 18:09:42: [SM]   [2] Line 79, C:\Users\Moises\Downloads\Compressed\sourcemod-1.11.0-git6968-windows\addons\sourcemod\scripting\ÒankrunFixhealth.sp::Event_PlayerDeath
L 03/27/2026 - 18:09:43: [SM] Exception reported: Invalid convar handle 0 (error 4)
L 03/27/2026 - 18:09:43: [SM] Blaming: ÒankrunFixhealth.smx
L 03/27/2026 - 18:09:43: [SM] Call stack trace:
L 03/27/2026 - 18:09:43: [SM]   [0] GetConVarString
L 03/27/2026 - 18:09:43: [SM]   [1] Line 138, C:\Users\Moises\Downloads\Compressed\sourcemod-1.11.0-git6968-windows\addons\sourcemod\scripting\ÒankrunFixhealth.sp::IsTankRunActive
L 03/27/2026 - 18:09:43: [SM]   [2] Line 36, C:\Users\Moises\Downloads\Compressed\sourcemod-1.11.0-git6968-windows\addons\sourcemod\scripting\ÒankrunFixhealth.sp::Timer_PeriodicCheck
L 03/27/2026 - 18:09:51: [SM] Exception reported: Invalid convar handle 0 (error 4)
L 03/27/2026 - 18:09:51: [SM] Blaming: ÒankrunFixhealth.smx
L 03/27/2026 - 18:09:51: [SM] Call stack trace:
L 03/27/2026 - 18:09:51: [SM]   [0] GetConVarString
L 03/27/2026 - 18:09:51: [SM]   [1] Line 138, C:\Users\Moises\Downloads\Compressed\sourcemod-1.11.0-git6968-windows\addons\sourcemod\scripting\ÒankrunFixhealth.sp::IsTankRunActive
L 03/27/2026 - 18:09:51: [SM]   [2] Line 79, C:\Users\Moises\Downloads\Compressed\sourcemod-1.11.0-git6968-windows\addons\sourcemod\scripting\ÒankrunFixhealth.sp::Event_PlayerDeath
L 03/27/2026 - 18:09:51: [SM]   [4] ForcePlayerSuicide
L 03/27/2026 - 18:09:51: [SM]   [5] Line 37, D:\builds\build-sourcemod-msvc12\windows-1.12\build\plugins\playercommands\slay.sp::PerformSlay
L 03/27/2026 - 18:09:51: [SM]   [6] Line 108, D:\builds\build-sourcemod-msvc12\windows-1.12\build\plugins\playercommands\slay.sp::MenuHandler_Slay
L 03/27/2026 - 18:09:51: [SM] Exception reported: Invalid convar handle 0 (error 4)
L 03/27/2026 - 18:09:51: [SM] Blaming: ÒankrunFixhealth.smx
L 03/27/2026 - 18:09:51: [SM] Call stack trace:
L 03/27/2026 - 18:09:51: [SM]   [0] GetConVarString
L 03/27/2026 - 18:09:51: [SM]   [1] Line 138, C:\Users\Moises\Downloads\Compressed\sourcemod-1.11.0-git6968-windows\addons\sourcemod\scripting\ÒankrunFixhealth.sp::IsTankRunActive
L 03/27/2026 - 18:09:51: [SM]   [2] Line 79, C:\Users\Moises\Downloads\Compressed\sourcemod-1.11.0-git6968-windows\addons\sourcemod\scripting\ÒankrunFixhealth.sp::Event_PlayerDeath
L 03/27/2026 - 18:09:51: [SM]   [4] ForcePlayerSuicide
L 03/27/2026 - 18:09:51: [SM]   [5] Line 37, D:\builds\build-sourcemod-msvc12\windows-1.12\build\plugins\playercommands\slay.sp::PerformSlay
L 03/27/2026 - 18:09:51: [SM]   [6] Line 108, D:\builds\build-sourcemod-msvc12\windows-1.12\build\plugins\playercommands\slay.sp::MenuHandler_Slay
L 03/27/2026 - 18:09:53: [SM] Exception reported: Invalid convar handle 0 (error 4)
L 03/27/2026 - 18:09:53: [SM] Blaming: ÒankrunFixhealth.smx
L 03/27/2026 - 18:09:53: [SM] Call stack trace:
L 03/27/2026 - 18:09:53: [SM]   [0] GetConVarString
L 03/27/2026 - 18:09:53: [SM]   [1] Line 138, C:\Users\Moises\Downloads\Compressed\sourcemod-1.11.0-git6968-windows\addons\sourcemod\scripting\ÒankrunFixhealth.sp::IsTankRunActive
L 03/27/2026 - 18:09:53: [SM]   [2] Line 36, C:\Users\Moises\Downloads\Compressed\sourcemod-1.11.0-git6968-windows\addons\sourcemod\scripting\ÒankrunFixhealth.sp::Timer_PeriodicCheck
L 03/27/2026 - 18:10:03: [SM] Exception reported: Invalid convar handle 0 (error 4)
L 03/27/2026 - 18:10:03: [SM] Blaming: ÒankrunFixhealth.smx
L 03/27/2026 - 18:10:03: [SM] Call stack trace:
L 03/27/2026 - 18:10:03: [SM]   [0] GetConVarString
L 03/27/2026 - 18:10:03: [SM]   [1] Line 138, C:\Users\Moises\Downloads\Compressed\sourcemod-1.11.0-git6968-windows\addons\sourcemod\scripting\ÒankrunFixhealth.sp::IsTankRunActive
L 03/27/2026 - 18:10:03: [SM]   [2] Line 36, C:\Users\Moises\Downloads\Compressed\sourcemod-1.11.0-git6968-windows\addons\sourcemod\scripting\ÒankrunFixhealth.sp::Timer_PeriodicCheck
L 03/27/2026 - 18:10:13: [SM] Exception reported: Invalid convar handle 0 (error 4)
L 03/27/2026 - 18:10:13: [SM] Blaming: ÒankrunFixhealth.smx
L 03/27/2026 - 18:10:13: [SM] Call stack trace:
L 03/27/2026 - 18:10:13: [SM]   [0] GetConVarString
L 03/27/2026 - 18:10:13: [SM]   [1] Line 138, C:\Users\Moises\Downloads\Compressed\sourcemod-1.11.0-git6968-windows\addons\sourcemod\scripting\ÒankrunFixhealth.sp::IsTankRunActive
L 03/27/2026 - 18:10:13: [SM]   [2] Line 36, C:\Users\Moises\Downloads\Compressed\sourcemod-1.11.0-git6968-windows\addons\sourcemod\scripting\ÒankrunFixhealth.sp::Timer_PeriodicCheck
L 03/27/2026 - 18:10:17: [SM] Exception reported: Invalid convar handle 0 (error 4)
L 03/27/2026 - 18:10:17: [SM] Blaming: ÒankrunFixhealth.smx
L 03/27/2026 - 18:10:17: [SM] Call stack trace:
L 03/27/2026 - 18:10:17: [SM]   [0] GetConVarString
L 03/27/2026 - 18:10:17: [SM]   [1] Line 138, C:\Users\Moises\Downloads\Compressed\sourcemod-1.11.0-git6968-windows\addons\sourcemod\scripting\ÒankrunFixhealth.sp::IsTankRunActive
L 03/27/2026 - 18:10:17: [SM]   [2] Line 79, C:\Users\Moises\Downloads\Compressed\sourcemod-1.11.0-git6968-windows\addons\sourcemod\scripting\ÒankrunFixhealth.sp::Event_PlayerDeath
L 03/27/2026 - 18:10:23: [SM] Exception reported: Invalid convar handle 0 (error 4)
L 03/27/2026 - 18:10:23: [SM] Blaming: ÒankrunFixhealth.smx
L 03/27/2026 - 18:10:23: [SM] Call stack trace:
L 03/27/2026 - 18:10:23: [SM]   [0] GetConVarString
L 03/27/2026 - 18:10:23: [SM]   [1] Line 138, C:\Users\Moises\Downloads\Compressed\sourcemod-1.11.0-git6968-windows\addons\sourcemod\scripting\ÒankrunFixhealth.sp::IsTankRunActive
L 03/27/2026 - 18:10:23: [SM]   [2] Line 36, C:\Users\Moises\Downloads\Compressed\sourcemod-1.11.0-git6968-windows\addons\sourcemod\scripting\ÒankrunFixhealth.sp::Timer_PeriodicCheck
L 03/27/2026 - 18:10:30: [SM] Exception reported: Invalid convar handle 0 (error 4)
L 03/27/2026 - 18:10:30: [SM] Blaming: ÒankrunFixhealth.smx
L 03/27/2026 - 18:10:30: [SM] Call stack trace:
L 03/27/2026 - 18:10:30: [SM]   [0] GetConVarString
L 03/27/2026 - 18:10:30: [SM]   [1] Line 138, C:\Users\Moises\Downloads\Compressed\sourcemod-1.11.0-git6968-windows\addons\sourcemod\scripting\ÒankrunFixhealth.sp::IsTankRunActive
L 03/27/2026 - 18:10:30: [SM]   [2] Line 79, C:\Users\Moises\Downloads\Compressed\sourcemod-1.11.0-git6968-windows\addons\sourcemod\scripting\ÒankrunFixhealth.sp::Event_PlayerDeath
L 03/27/2026 - 18:10:31: [SM] Exception reported: Invalid convar handle 0 (error 4)
L 03/27/2026 - 18:10:31: [SM] Blaming: ÒankrunFixhealth.smx
L 03/27/2026 - 18:10:31: [SM] Call stack trace:
L 03/27/2026 - 18:10:31: [SM]   [0] GetConVarString
L 03/27/2026 - 18:10:31: [SM]   [1] Line 138, C:\Users\Moises\Downloads\Compressed\sourcemod-1.11.0-git6968-windows\addons\sourcemod\scripting\ÒankrunFixhealth.sp::IsTankRunActive
L 03/27/2026 - 18:10:31: [SM]   [2] Line 91, C:\Users\Moises\Downloads\Compressed\sourcemod-1.11.0-git6968-windows\addons\sourcemod\scripting\ÒankrunFixhealth.sp::Event_MissionLost
L 03/27/2026 - 18:10:33: [SM] Exception reported: Invalid convar handle 0 (error 4)
L 03/27/2026 - 18:10:33: [SM] Blaming: ÒankrunFixhealth.smx
L 03/27/2026 - 18:10:33: [SM] Call stack trace:
L 03/27/2026 - 18:10:33: [SM]   [0] GetConVarString
L 03/27/2026 - 18:10:33: [SM]   [1] Line 138, C:\Users\Moises\Downloads\Compressed\sourcemod-1.11.0-git6968-windows\addons\sourcemod\scripting\ÒankrunFixhealth.sp::IsTankRunActive
L 03/27/2026 - 18:10:33: [SM]   [2] Line 36, C:\Users\Moises\Downloads\Compressed\sourcemod-1.11.0-git6968-windows\addons\sourcemod\scripting\ÒankrunFixhealth.sp::Timer_PeriodicCheck
L 03/27/2026 - 18:10:38: [SM] Exception reported: Invalid convar handle 0 (error 4)
L 03/27/2026 - 18:10:38: [SM] Blaming: ÒankrunFixhealth.smx
L 03/27/2026 - 18:10:38: [SM] Call stack trace:
L 03/27/2026 - 18:10:38: [SM]   [0] GetConVarString
L 03/27/2026 - 18:10:38: [SM]   [1] Line 138, C:\Users\Moises\Downloads\Compressed\sourcemod-1.11.0-git6968-windows\addons\sourcemod\scripting\ÒankrunFixhealth.sp::IsTankRunActive
L 03/27/2026 - 18:10:38: [SM]   [2] Line 54, C:\Users\Moises\Downloads\Compressed\sourcemod-1.11.0-git6968-windows\addons\sourcemod\scripting\ÒankrunFixhealth.sp::Event_RoundStart
L 03/27/2026 - 18:10:38: [SM] Exception reported: Invalid timer handle e8900578 (error 1)
L 03/27/2026 - 18:10:38: [SM] Blaming: l4d2_playerjoining_v2.smx
L 03/27/2026 - 18:10:38: [SM] Call stack trace:
L 03/27/2026 - 18:10:38: [SM]   [0] KillTimer
L 03/27/2026 - 18:10:38: [SM]   [1] Line 53, C:\Users\Moises\Downloads\Compressed\sourcemod-1.11.0-git6968-windows\addons\sourcemod\scripting\l4d2_playerjoining_v2.sp::OnClientDisconnect
L 03/27/2026 - 18:10:43: [SM] Exception reported: Invalid convar handle 0 (error 4)
L 03/27/2026 - 18:10:43: [SM] Blaming: ÒankrunFixhealth.smx
L 03/27/2026 - 18:10:43: [SM] Call stack trace:
L 03/27/2026 - 18:10:43: [SM]   [0] GetConVarString
L 03/27/2026 - 18:10:43: [SM]   [1] Line 138, C:\Users\Moises\Downloads\Compressed\sourcemod-1.11.0-git6968-windows\addons\sourcemod\scripting\ÒankrunFixhealth.sp::IsTankRunActive
L 03/27/2026 - 18:10:43: [SM]   [2] Line 36, C:\Users\Moises\Downloads\Compressed\sourcemod-1.11.0-git6968-windows\addons\sourcemod\scripting\ÒankrunFixhealth.sp::Timer_PeriodicCheck
L 03/27/2026 - 18:10:45: [SM] Exception reported: Invalid convar handle 0 (error 4)
L 03/27/2026 - 18:10:45: [SM] Blaming: ÒankrunFixhealth.smx
L 03/27/2026 - 18:10:45: [SM] Call stack trace:
L 03/27/2026 - 18:10:45: [SM]   [0] GetConVarString
L 03/27/2026 - 18:10:45: [SM]   [1] Line 138, C:\Users\Moises\Downloads\Compressed\sourcemod-1.11.0-git6968-windows\addons\sourcemod\scripting\ÒankrunFixhealth.sp::IsTankRunActive
L 03/27/2026 - 18:10:45: [SM]   [2] Line 79, C:\Users\Moises\Downloads\Compressed\sourcemod-1.11.0-git6968-windows\addons\sourcemod\scripting\ÒankrunFixhealth.sp::Event_PlayerDeath
L 03/27/2026 - 18:10:46: [SM] Exception reported: Invalid convar handle 0 (error 4)
L 03/27/2026 - 18:10:46: [SM] Blaming: ÒankrunFixhealth.smx
L 03/27/2026 - 18:10:46: [SM] Call stack trace:
L 03/27/2026 - 18:10:46: [SM]   [0] GetConVarString
L 03/27/2026 - 18:10:46: [SM]   [1] Line 138, C:\Users\Moises\Downloads\Compressed\sourcemod-1.11.0-git6968-windows\addons\sourcemod\scripting\ÒankrunFixhealth.sp::IsTankRunActive
L 03/27/2026 - 18:10:46: [SM]   [2] Line 79, C:\Users\Moises\Downloads\Compressed\sourcemod-1.11.0-git6968-windows\addons\sourcemod\scripting\ÒankrunFixhealth.sp::Event_PlayerDeath
L 03/27/2026 - 18:10:49: [SM] Exception reported: Invalid convar handle 0 (error 4)
L 03/27/2026 - 18:10:49: [SM] Blaming: ÒankrunFixhealth.smx
L 03/27/2026 - 18:10:49: [SM] Call stack trace:
L 03/27/2026 - 18:10:49: [SM]   [0] GetConVarString
L 03/27/2026 - 18:10:49: [SM]   [1] Line 138, C:\Users\Moises\Downloads\Compressed\sourcemod-1.11.0-git6968-windows\addons\sourcemod\scripting\ÒankrunFixhealth.sp::IsTankRunActive
L 03/27/2026 - 18:10:49: [SM]   [2] Line 79, C:\Users\Moises\Downloads\Compressed\sourcemod-1.11.0-git6968-windows\addons\sourcemod\scripting\ÒankrunFixhealth.sp::Event_PlayerDeath
L 03/27/2026 - 18:10:53: [SM] Exception reported: Invalid convar handle 0 (error 4)
L 03/27/2026 - 18:10:53: [SM] Blaming: ÒankrunFixhealth.smx
L 03/27/2026 - 18:10:53: [SM] Call stack trace:
L 03/27/2026 - 18:10:53: [SM]   [0] GetConVarString
L 03/27/2026 - 18:10:53: [SM]   [1] Line 138, C:\Users\Moises\Downloads\Compressed\sourcemod-1.11.0-git6968-windows\addons\sourcemod\scripting\ÒankrunFixhealth.sp::IsTankRunActive
L 03/27/2026 - 18:10:53: [SM]   [2] Line 36, C:\Users\Moises\Downloads\Compressed\sourcemod-1.11.0-git6968-windows\addons\sourcemod\scripting\ÒankrunFixhealth.sp::Timer_PeriodicCheck
L 03/27/2026 - 18:11:03: [SM] Exception reported: Invalid convar handle 0 (error 4)
L 03/27/2026 - 18:11:03: [SM] Blaming: ÒankrunFixhealth.smx
L 03/27/2026 - 18:11:03: [SM] Call stack trace:
L 03/27/2026 - 18:11:03: [SM]   [0] GetConVarString
L 03/27/2026 - 18:11:03: [SM]   [1] Line 138, C:\Users\Moises\Downloads\Compressed\sourcemod-1.11.0-git6968-windows\addons\sourcemod\scripting\ÒankrunFixhealth.sp::IsTankRunActive
L 03/27/2026 - 18:11:03: [SM]   [2] Line 36, C:\Users\Moises\Downloads\Compressed\sourcemod-1.11.0-git6968-windows\addons\sourcemod\scripting\ÒankrunFixhealth.sp::Timer_PeriodicCheck
L 03/27/2026 - 18:11:13: [SM] Exception reported: Invalid convar handle 0 (error 4)
L 03/27/2026 - 18:11:13: [SM] Blaming: ÒankrunFixhealth.smx
L 03/27/2026 - 18:11:13: [SM] Call stack trace:
L 03/27/2026 - 18:11:13: [SM]   [0] GetConVarString
L 03/27/2026 - 18:11:13: [SM]   [1] Line 138, C:\Users\Moises\Downloads\Compressed\sourcemod-1.11.0-git6968-windows\addons\sourcemod\scripting\ÒankrunFixhealth.sp::IsTankRunActive
L 03/27/2026 - 18:11:13: [SM]   [2] Line 36, C:\Users\Moises\Downloads\Compressed\sourcemod-1.11.0-git6968-windows\addons\sourcemod\scripting\ÒankrunFixhealth.sp::Timer_PeriodicCheck
L 03/27/2026 - 18:11:23: [SM] Exception reported: Invalid convar handle 0 (error 4)
L 03/27/2026 - 18:11:23: [SM] Blaming: ÒankrunFixhealth.smx
L 03/27/2026 - 18:11:23: [SM] Call stack trace:
L 03/27/2026 - 18:11:23: [SM]   [0] GetConVarString
L 03/27/2026 - 18:11:23: [SM]   [1] Line 138, C:\Users\Moises\Downloads\Compressed\sourcemod-1.11.0-git6968-windows\addons\sourcemod\scripting\ÒankrunFixhealth.sp::IsTankRunActive
L 03/27/2026 - 18:11:23: [SM]   [2] Line 36, C:\Users\Moises\Downloads\Compressed\sourcemod-1.11.0-git6968-windows\addons\sourcemod\scripting\ÒankrunFixhealth.sp::Timer_PeriodicCheck
L 03/27/2026 - 18:11:33: [SM] Exception reported: Invalid convar handle 0 (error 4)
L 03/27/2026 - 18:11:33: [SM] Blaming: ÒankrunFixhealth.smx
L 03/27/2026 - 18:11:33: [SM] Call stack trace:
L 03/27/2026 - 18:11:33: [SM]   [0] GetConVarString
L 03/27/2026 - 18:11:33: [SM]   [1] Line 138, C:\Users\Moises\Downloads\Compressed\sourcemod-1.11.0-git6968-windows\addons\sourcemod\scripting\ÒankrunFixhealth.sp::IsTankRunActive
L 03/27/2026 - 18:11:33: [SM]   [2] Line 36, C:\Users\Moises\Downloads\Compressed\sourcemod-1.11.0-git6968-windows\addons\sourcemod\scripting\ÒankrunFixhealth.sp::Timer_PeriodicCheck
L 03/27/2026 - 18:11:43: [SM] Exception reported: Invalid convar handle 0 (error 4)
L 03/27/2026 - 18:11:43: [SM] Blaming: ÒankrunFixhealth.smx
L 03/27/2026 - 18:11:43: [SM] Call stack trace:
L 03/27/2026 - 18:11:43: [SM]   [0] GetConVarString
L 03/27/2026 - 18:11:43: [SM]   [1] Line 138, C:\Users\Moises\Downloads\Compressed\sourcemod-1.11.0-git6968-windows\addons\sourcemod\scripting\ÒankrunFixhealth.sp::IsTankRunActive
L 03/27/2026 - 18:11:43: [SM]   [2] Line 79, C:\Users\Moises\Downloads\Compressed\sourcemod-1.11.0-git6968-windows\addons\sourcemod\scripting\ÒankrunFixhealth.sp::Event_PlayerDeath
L 03/27/2026 - 18:11:43: [SM] Exception reported: Invalid convar handle 0 (error 4)
L 03/27/2026 - 18:11:43: [SM] Blaming: ÒankrunFixhealth.smx
L 03/27/2026 - 18:11:43: [SM] Call stack trace:
L 03/27/2026 - 18:11:43: [SM]   [0] GetConVarString
L 03/27/2026 - 18:11:43: [SM]   [1] Line 138, C:\Users\Moises\Downloads\Compressed\sourcemod-1.11.0-git6968-windows\addons\sourcemod\scripting\ÒankrunFixhealth.sp::IsTankRunActive
L 03/27/2026 - 18:11:43: [SM]   [2] Line 36, C:\Users\Moises\Downloads\Compressed\sourcemod-1.11.0-git6968-windows\addons\sourcemod\scripting\ÒankrunFixhealth.sp::Timer_PeriodicCheck
L 03/27/2026 - 18:11:53: [SM] Exception reported: Invalid convar handle 0 (error 4)
L 03/27/2026 - 18:11:53: [SM] Blaming: ÒankrunFixhealth.smx
L 03/27/2026 - 18:11:53: [SM] Call stack trace:
L 03/27/2026 - 18:11:53: [SM]   [0] GetConVarString
L 03/27/2026 - 18:11:53: [SM]   [1] Line 138, C:\Users\Moises\Downloads\Compressed\sourcemod-1.11.0-git6968-windows\addons\sourcemod\scripting\ÒankrunFixhealth.sp::IsTankRunActive
L 03/27/2026 - 18:11:53: [SM]   [2] Line 36, C:\Users\Moises\Downloads\Compressed\sourcemod-1.11.0-git6968-windows\addons\sourcemod\scripting\ÒankrunFixhealth.sp::Timer_PeriodicCheck
L 03/27/2026 - 18:12:03: [SM] Exception reported: Invalid convar handle 0 (error 4)
L 03/27/2026 - 18:12:03: [SM] Blaming: ÒankrunFixhealth.smx
L 03/27/2026 - 18:12:03: [SM] Call stack trace:
L 03/27/2026 - 18:12:03: [SM]   [0] GetConVarString
L 03/27/2026 - 18:12:03: [SM]   [1] Line 138, C:\Users\Moises\Downloads\Compressed\sourcemod-1.11.0-git6968-windows\addons\sourcemod\scripting\ÒankrunFixhealth.sp::IsTankRunActive
L 03/27/2026 - 18:12:03: [SM]   [2] Line 36, C:\Users\Moises\Downloads\Compressed\sourcemod-1.11.0-git6968-windows\addons\sourcemod\scripting\ÒankrunFixhealth.sp::Timer_PeriodicCheck
L 03/27/2026 - 18:12:13: [SM] Exception reported: Invalid convar handle 0 (error 4)
L 03/27/2026 - 18:12:13: [SM] Blaming: ÒankrunFixhealth.smx
L 03/27/2026 - 18:12:13: [SM] Call stack trace:
L 03/27/2026 - 18:12:13: [SM]   [0] GetConVarString
L 03/27/2026 - 18:12:13: [SM]   [1] Line 138, C:\Users\Moises\Downloads\Compressed\sourcemod-1.11.0-git6968-windows\addons\sourcemod\scripting\ÒankrunFixhealth.sp::IsTankRunActive
L 03/27/2026 - 18:12:13: [SM]   [2] Line 36, C:\Users\Moises\Downloads\Compressed\sourcemod-1.11.0-git6968-windows\addons\sourcemod\scripting\ÒankrunFixhealth.sp::Timer_PeriodicCheck
L 03/27/2026 - 18:12:21: [SM] Exception reported: Invalid convar handle 0 (error 4)
L 03/27/2026 - 18:12:21: [SM] Blaming: ÒankrunFixhealth.smx
L 03/27/2026 - 18:12:21: [SM] Call stack trace:
L 03/27/2026 - 18:12:21: [SM]   [0] GetConVarString
L 03/27/2026 - 18:12:21: [SM]   [1] Line 138, C:\Users\Moises\Downloads\Compressed\sourcemod-1.11.0-git6968-windows\addons\sourcemod\scripting\ÒankrunFixhealth.sp::IsTankRunActive
L 03/27/2026 - 18:12:21: [SM]   [2] Line 79, C:\Users\Moises\Downloads\Compressed\sourcemod-1.11.0-git6968-windows\addons\sourcemod\scripting\ÒankrunFixhealth.sp::Event_PlayerDeath
L 03/27/2026 - 18:12:22: [SM] Exception reported: Invalid convar handle 0 (error 4)
L 03/27/2026 - 18:12:22: [SM] Blaming: ÒankrunFixhealth.smx
L 03/27/2026 - 18:12:22: [SM] Call stack trace:
L 03/27/2026 - 18:12:22: [SM]   [0] GetConVarString
L 03/27/2026 - 18:12:22: [SM]   [1] Line 138, C:\Users\Moises\Downloads\Compressed\sourcemod-1.11.0-git6968-windows\addons\sourcemod\scripting\ÒankrunFixhealth.sp::IsTankRunActive
L 03/27/2026 - 18:12:22: [SM]   [2] Line 91, C:\Users\Moises\Downloads\Compressed\sourcemod-1.11.0-git6968-windows\addons\sourcemod\scripting\ÒankrunFixhealth.sp::Event_MissionLost
L 03/27/2026 - 18:12:23: [SM] Exception reported: Invalid convar handle 0 (error 4)
L 03/27/2026 - 18:12:23: [SM] Blaming: ÒankrunFixhealth.smx
L 03/27/2026 - 18:12:23: [SM] Call stack trace:
L 03/27/2026 - 18:12:23: [SM]   [0] GetConVarString
L 03/27/2026 - 18:12:23: [SM]   [1] Line 138, C:\Users\Moises\Downloads\Compressed\sourcemod-1.11.0-git6968-windows\addons\sourcemod\scripting\ÒankrunFixhealth.sp::IsTankRunActive
L 03/27/2026 - 18:12:23: [SM]   [2] Line 36, C:\Users\Moises\Downloads\Compressed\sourcemod-1.11.0-git6968-windows\addons\sourcemod\scripting\ÒankrunFixhealth.sp::Timer_PeriodicCheck
L 03/27/2026 - 18:12:29: [SM] Exception reported: Invalid convar handle 0 (error 4)
L 03/27/2026 - 18:12:29: [SM] Blaming: ÒankrunFixhealth.smx
L 03/27/2026 - 18:12:29: [SM] Call stack trace:
L 03/27/2026 - 18:12:29: [SM]   [0] GetConVarString
L 03/27/2026 - 18:12:29: [SM]   [1] Line 138, C:\Users\Moises\Downloads\Compressed\sourcemod-1.11.0-git6968-windows\addons\sourcemod\scripting\ÒankrunFixhealth.sp::IsTankRunActive
L 03/27/2026 - 18:12:29: [SM]   [2] Line 54, C:\Users\Moises\Downloads\Compressed\sourcemod-1.11.0-git6968-windows\addons\sourcemod\scripting\ÒankrunFixhealth.sp::Event_RoundStart
L 03/27/2026 - 18:12:29: [SM] Exception reported: Invalid timer handle e8900578 (error 1)
L 03/27/2026 - 18:12:29: [SM] Blaming: l4d2_playerjoining_v2.smx
L 03/27/2026 - 18:12:29: [SM] Call stack trace:
L 03/27/2026 - 18:12:29: [SM]   [0] KillTimer
L 03/27/2026 - 18:12:29: [SM]   [1] Line 53, C:\Users\Moises\Downloads\Compressed\sourcemod-1.11.0-git6968-windows\addons\sourcemod\scripting\l4d2_playerjoining_v2.sp::OnClientDisconnect
L 03/27/2026 - 18:12:33: [SM] Exception reported: Invalid convar handle 0 (error 4)
L 03/27/2026 - 18:12:33: [SM] Blaming: ÒankrunFixhealth.smx
L 03/27/2026 - 18:12:33: [SM] Call stack trace:
L 03/27/2026 - 18:12:33: [SM]   [0] GetConVarString
L 03/27/2026 - 18:12:33: [SM]   [1] Line 138, C:\Users\Moises\Downloads\Compressed\sourcemod-1.11.0-git6968-windows\addons\sourcemod\scripting\ÒankrunFixhealth.sp::IsTankRunActive
L 03/27/2026 - 18:12:33: [SM]   [2] Line 36, C:\Users\Moises\Downloads\Compressed\sourcemod-1.11.0-git6968-windows\addons\sourcemod\scripting\ÒankrunFixhealth.sp::Timer_PeriodicCheck
L 03/27/2026 - 18:12:43: [SM] Exception reported: Invalid convar handle 0 (error 4)
L 03/27/2026 - 18:12:43: [SM] Blaming: ÒankrunFixhealth.smx
L 03/27/2026 - 18:12:43: [SM] Call stack trace:
L 03/27/2026 - 18:12:43: [SM]   [0] GetConVarString
L 03/27/2026 - 18:12:43: [SM]   [1] Line 138, C:\Users\Moises\Downloads\Compressed\sourcemod-1.11.0-git6968-windows\addons\sourcemod\scripting\ÒankrunFixhealth.sp::IsTankRunActive
L 03/27/2026 - 18:12:43: [SM]   [2] Line 36, C:\Users\Moises\Downloads\Compressed\sourcemod-1.11.0-git6968-windows\addons\sourcemod\scripting\ÒankrunFixhealth.sp::Timer_PeriodicCheck
L 03/27/2026 - 18:12:53: [SM] Exception reported: Invalid convar handle 0 (error 4)
L 03/27/2026 - 18:12:53: [SM] Blaming: ÒankrunFixhealth.smx
L 03/27/2026 - 18:12:53: [SM] Call stack trace:
L 03/27/2026 - 18:12:53: [SM]   [0] GetConVarString
L 03/27/2026 - 18:12:53: [SM]   [1] Line 138, C:\Users\Moises\Downloads\Compressed\sourcemod-1.11.0-git6968-windows\addons\sourcemod\scripting\ÒankrunFixhealth.sp::IsTankRunActive
L 03/27/2026 - 18:12:53: [SM]   [2] Line 36, C:\Users\Moises\Downloads\Compressed\sourcemod-1.11.0-git6968-windows\addons\sourcemod\scripting\ÒankrunFixhealth.sp::Timer_PeriodicCheck
L 03/27/2026 - 18:13:03: [SM] Exception reported: Invalid convar handle 0 (error 4)
L 03/27/2026 - 18:13:03: [SM] Blaming: ÒankrunFixhealth.smx
L 03/27/2026 - 18:13:03: [SM] Call stack trace:
L 03/27/2026 - 18:13:03: [SM]   [0] GetConVarString
L 03/27/2026 - 18:13:03: [SM]   [1] Line 138, C:\Users\Moises\Downloads\Compressed\sourcemod-1.11.0-git6968-windows\addons\sourcemod\scripting\ÒankrunFixhealth.sp::IsTankRunActive
L 03/27/2026 - 18:13:03: [SM]   [2] Line 36, C:\Users\Moises\Downloads\Compressed\sourcemod-1.11.0-git6968-windows\addons\sourcemod\scripting\ÒankrunFixhealth.sp::Timer_PeriodicCheck
L 03/27/2026 - 18:13:08: Error log file session closed.
L 03/27/2026 - 18:18:44: SourceMod error session started
L 03/27/2026 - 18:18:44: Info (map "c1m1_hotel") (file "d:\steamlibrary\steamapps\common\left 4 dead 2\left4dead2\addons\sourcemod\logs\errors_20260327.log")
L 03/27/2026 - 18:18:44: [SM] Failed to load plugin "cannounce.smx": Get a dedicated server. This plugin does not work on Listen servers..
L 03/27/2026 - 18:18:44: [SM] Failed to load plugin "LMCL4D1CDeathHandler.smx": Plugin only supports Left 4 Dead.
L 03/27/2026 - 18:18:44: [SM] Failed to load plugin "LMCL4D1SetTransmit.smx": Plugin only supports Left 4 Dead.
L 03/27/2026 - 18:18:44: [SM] Failed to load plugin "LMC_L4D1_Menu_Choosing.smx": Plugin only supports Left 4 Dead.
L 03/27/2026 - 18:18:44: [SM] Failed to load plugin "LMC_L4D1_RandomSpawns.smx": Plugin only supports Left 4 Dead.
L 03/27/2026 - 18:18:44: [SM] Failed to load plugin "nextmap.smx": Nextmap is incompatible with this game.
L 03/27/2026 - 18:18:44: [SM] Failed to load plugin "[L4D2] Left4dhooks.smx": 
====================
This plugin replaces Left4Downtown. Delete the extension to run.
====================.
L 03/27/2026 - 18:18:44: [SM] Fatal error encountered parsing translation file "l4d_nth.phrases.txt"
L 03/27/2026 - 18:18:44: [SM] Error (line 0, column 0): Stream failed to open
L 03/27/2026 - 18:18:44: [SM] Fatal error encountered parsing translation file "chargersteering.phrases.txt"
L 03/27/2026 - 18:18:44: [SM] Error (line 0, column 0): Stream failed to open
L 03/27/2026 - 18:18:44: [l4d2_publicity.smx] [Publicity] No se encontraron mensajes en el archivo de configuraci√≥n
L 03/27/2026 - 18:18:44: [SM] Fatal error encountered parsing translation file "l4dmultislots.phrases.txt"
L 03/27/2026 - 18:18:44: [SM] Error (line 0, column 0): Stream failed to open
L 03/27/2026 - 18:18:45: [SM] Unable to load plugin "lilac_by_l4d2.smx": Native "IRC_MsgFlaggedChannels" was not found
L 03/27/2026 - 18:18:49: [SM] Exception reported: Invalid convar handle 0 (error 4)
L 03/27/2026 - 18:18:49: [SM] Blaming: ÒankrunFixhealth.smx
L 03/27/2026 - 18:18:49: [SM] Call stack trace:
L 03/27/2026 - 18:18:49: [SM]   [0] GetConVarString
L 03/27/2026 - 18:18:49: [SM]   [1] Line 138, C:\Users\Moises\Downloads\Compressed\sourcemod-1.11.0-git6968-windows\addons\sourcemod\scripting\ÒankrunFixhealth.sp::IsTankRunActive
L 03/27/2026 - 18:18:49: [SM]   [2] Line 54, C:\Users\Moises\Downloads\Compressed\sourcemod-1.11.0-git6968-windows\addons\sourcemod\scripting\ÒankrunFixhealth.sp::Event_RoundStart
L 03/27/2026 - 18:18:49: [l4d2_publicity.smx] [Publicity] No se encontraron mensajes en el archivo de configuraci√≥n
L 03/27/2026 - 18:19:01: [SM] Exception reported: Invalid convar handle 0 (error 4)
L 03/27/2026 - 18:19:01: [SM] Blaming: ÒankrunFixhealth.smx
L 03/27/2026 - 18:19:01: [SM] Call stack trace:
L 03/27/2026 - 18:19:01: [SM]   [0] GetConVarString
L 03/27/2026 - 18:19:01: [SM]   [1] Line 138, C:\Users\Moises\Downloads\Compressed\sourcemod-1.11.0-git6968-windows\addons\sourcemod\scripting\ÒankrunFixhealth.sp::IsTankRunActive
L 03/27/2026 - 18:19:01: [SM]   [2] Line 36, C:\Users\Moises\Downloads\Compressed\sourcemod-1.11.0-git6968-windows\addons\sourcemod\scripting\ÒankrunFixhealth.sp::Timer_PeriodicCheck
L 03/27/2026 - 18:19:11: [SM] Exception reported: Invalid convar handle 0 (error 4)
L 03/27/2026 - 18:19:11: [SM] Blaming: ÒankrunFixhealth.smx
L 03/27/2026 - 18:19:11: [SM] Call stack trace:
L 03/27/2026 - 18:19:11: [SM]   [0] GetConVarString
L 03/27/2026 - 18:19:11: [SM]   [1] Line 138, C:\Users\Moises\Downloads\Compressed\sourcemod-1.11.0-git6968-windows\addons\sourcemod\scripting\ÒankrunFixhealth.sp::IsTankRunActive
L 03/27/2026 - 18:19:11: [SM]   [2] Line 36, C:\Users\Moises\Downloads\Compressed\sourcemod-1.11.0-git6968-windows\addons\sourcemod\scripting\ÒankrunFixhealth.sp::Timer_PeriodicCheck
L 03/27/2026 - 18:19:26: [SM] Exception reported: Invalid convar handle 0 (error 4)
L 03/27/2026 - 18:19:26: [SM] Blaming: ÒankrunFixhealth.smx
L 03/27/2026 - 18:19:26: [SM] Call stack trace:
L 03/27/2026 - 18:19:26: [SM]   [0] GetConVarString
L 03/27/2026 - 18:19:26: [SM]   [1] Line 138, C:\Users\Moises\Downloads\Compressed\sourcemod-1.11.0-git6968-windows\addons\sourcemod\scripting\ÒankrunFixhealth.sp::IsTankRunActive
L 03/27/2026 - 18:19:26: [SM]   [2] Line 36, C:\Users\Moises\Downloads\Compressed\sourcemod-1.11.0-git6968-windows\addons\sourcemod\scripting\ÒankrunFixhealth.sp::Timer_PeriodicCheck
L 03/27/2026 - 18:19:26: [SM] Exception reported: Language phrase "Impossible to generate a bot at the moment." not found (arg 5)
L 03/27/2026 - 18:19:26: [SM] Blaming: l4dmultislots.smx
L 03/27/2026 - 18:19:26: [SM] Call stack trace:
L 03/27/2026 - 18:19:26: [SM]   [0] PrintHintText
L 03/27/2026 - 18:19:26: [SM]   [1] Line 765, d:\Github\Private-Work\L4D2-Êèí‰ª∂\scripting_1.11\l4dmultislots.sp::JoinTeam_ColdDown
L 03/27/2026 - 18:19:36: [SM] Exception reported: Invalid convar handle 0 (error 4)
L 03/27/2026 - 18:19:36: [SM] Blaming: ÒankrunFixhealth.smx
L 03/27/2026 - 18:19:36: [SM] Call stack trace:
L 03/27/2026 - 18:19:36: [SM]   [0] GetConVarString
L 03/27/2026 - 18:19:36: [SM]   [1] Line 138, C:\Users\Moises\Downloads\Compressed\sourcemod-1.11.0-git6968-windows\addons\sourcemod\scripting\ÒankrunFixhealth.sp::IsTankRunActive
L 03/27/2026 - 18:19:36: [SM]   [2] Line 36, C:\Users\Moises\Downloads\Compressed\sourcemod-1.11.0-git6968-windows\addons\sourcemod\scripting\ÒankrunFixhealth.sp::Timer_PeriodicCheck
L 03/27/2026 - 18:19:46: [SM] Exception reported: Invalid convar handle 0 (error 4)
L 03/27/2026 - 18:19:46: [SM] Blaming: ÒankrunFixhealth.smx
L 03/27/2026 - 18:19:46: [SM] Call stack trace:
L 03/27/2026 - 18:19:46: [SM]   [0] GetConVarString
L 03/27/2026 - 18:19:46: [SM]   [1] Line 138, C:\Users\Moises\Downloads\Compressed\sourcemod-1.11.0-git6968-windows\addons\sourcemod\scripting\ÒankrunFixhealth.sp::IsTankRunActive
L 03/27/2026 - 18:19:46: [SM]   [2] Line 36, C:\Users\Moises\Downloads\Compressed\sourcemod-1.11.0-git6968-windows\addons\sourcemod\scripting\ÒankrunFixhealth.sp::Timer_PeriodicCheck
L 03/27/2026 - 18:19:56: [SM] Exception reported: Invalid convar handle 0 (error 4)
L 03/27/2026 - 18:19:56: [SM] Blaming: ÒankrunFixhealth.smx
L 03/27/2026 - 18:19:56: [SM] Call stack trace:
L 03/27/2026 - 18:19:56: [SM]   [0] GetConVarString
L 03/27/2026 - 18:19:56: [SM]   [1] Line 138, C:\Users\Moises\Downloads\Compressed\sourcemod-1.11.0-git6968-windows\addons\sourcemod\scripting\ÒankrunFixhealth.sp::IsTankRunActive
L 03/27/2026 - 18:19:56: [SM]   [2] Line 36, C:\Users\Moises\Downloads\Compressed\sourcemod-1.11.0-git6968-windows\addons\sourcemod\scripting\ÒankrunFixhealth.sp::Timer_PeriodicCheck
L 03/27/2026 - 18:20:03: [SM] Exception reported: Invalid convar handle 0 (error 4)
L 03/27/2026 - 18:20:03: [SM] Blaming: ÒankrunFixhealth.smx
L 03/27/2026 - 18:20:03: [SM] Call stack trace:
L 03/27/2026 - 18:20:03: [SM]   [0] GetConVarString
L 03/27/2026 - 18:20:03: [SM]   [1] Line 138, C:\Users\Moises\Downloads\Compressed\sourcemod-1.11.0-git6968-windows\addons\sourcemod\scripting\ÒankrunFixhealth.sp::IsTankRunActive
L 03/27/2026 - 18:20:03: [SM]   [2] Line 79, C:\Users\Moises\Downloads\Compressed\sourcemod-1.11.0-git6968-windows\addons\sourcemod\scripting\ÒankrunFixhealth.sp::Event_PlayerDeath
L 03/27/2026 - 18:20:04: [SM] Exception reported: Invalid convar handle 0 (error 4)
L 03/27/2026 - 18:20:04: [SM] Blaming: ÒankrunFixhealth.smx
L 03/27/2026 - 18:20:04: [SM] Call stack trace:
L 03/27/2026 - 18:20:04: [SM]   [0] GetConVarString
L 03/27/2026 - 18:20:04: [SM]   [1] Line 138, C:\Users\Moises\Downloads\Compressed\sourcemod-1.11.0-git6968-windows\addons\sourcemod\scripting\ÒankrunFixhealth.sp::IsTankRunActive
L 03/27/2026 - 18:20:04: [SM]   [2] Line 79, C:\Users\Moises\Downloads\Compressed\sourcemod-1.11.0-git6968-windows\addons\sourcemod\scripting\ÒankrunFixhealth.sp::Event_PlayerDeath
L 03/27/2026 - 18:20:05: [SM] Exception reported: Invalid convar handle 0 (error 4)
L 03/27/2026 - 18:20:05: [SM] Blaming: ÒankrunFixhealth.smx
L 03/27/2026 - 18:20:05: [SM] Call stack trace:
L 03/27/2026 - 18:20:05: [SM]   [0] GetConVarString
L 03/27/2026 - 18:20:05: [SM]   [1] Line 138, C:\Users\Moises\Downloads\Compressed\sourcemod-1.11.0-git6968-windows\addons\sourcemod\scripting\ÒankrunFixhealth.sp::IsTankRunActive
L 03/27/2026 - 18:20:05: [SM]   [2] Line 79, C:\Users\Moises\Downloads\Compressed\sourcemod-1.11.0-git6968-windows\addons\sourcemod\scripting\ÒankrunFixhealth.sp::Event_PlayerDeath
L 03/27/2026 - 18:20:06: [SM] Exception reported: Invalid convar handle 0 (error 4)
L 03/27/2026 - 18:20:06: [SM] Blaming: ÒankrunFixhealth.smx
L 03/27/2026 - 18:20:06: [SM] Call stack trace:
L 03/27/2026 - 18:20:06: [SM]   [0] GetConVarString
L 03/27/2026 - 18:20:06: [SM]   [1] Line 138, C:\Users\Moises\Downloads\Compressed\sourcemod-1.11.0-git6968-windows\addons\sourcemod\scripting\ÒankrunFixhealth.sp::IsTankRunActive
L 03/27/2026 - 18:20:06: [SM]   [2] Line 36, C:\Users\Moises\Downloads\Compressed\sourcemod-1.11.0-git6968-windows\addons\sourcemod\scripting\ÒankrunFixhealth.sp::Timer_PeriodicCheck
L 03/27/2026 - 18:20:16: [SM] Exception reported: Invalid convar handle 0 (error 4)
L 03/27/2026 - 18:20:16: [SM] Blaming: ÒankrunFixhealth.smx
L 03/27/2026 - 18:20:16: [SM] Call stack trace:
L 03/27/2026 - 18:20:16: [SM]   [0] GetConVarString
L 03/27/2026 - 18:20:16: [SM]   [1] Line 138, C:\Users\Moises\Downloads\Compressed\sourcemod-1.11.0-git6968-windows\addons\sourcemod\scripting\ÒankrunFixhealth.sp::IsTankRunActive
L 03/27/2026 - 18:20:16: [SM]   [2] Line 36, C:\Users\Moises\Downloads\Compressed\sourcemod-1.11.0-git6968-windows\addons\sourcemod\scripting\ÒankrunFixhealth.sp::Timer_PeriodicCheck
L 03/27/2026 - 18:20:26: [SM] Exception reported: Invalid convar handle 0 (error 4)
L 03/27/2026 - 18:20:26: [SM] Blaming: ÒankrunFixhealth.smx
L 03/27/2026 - 18:20:26: [SM] Call stack trace:
L 03/27/2026 - 18:20:26: [SM]   [0] GetConVarString
L 03/27/2026 - 18:20:26: [SM]   [1] Line 138, C:\Users\Moises\Downloads\Compressed\sourcemod-1.11.0-git6968-windows\addons\sourcemod\scripting\ÒankrunFixhealth.sp::IsTankRunActive
L 03/27/2026 - 18:20:26: [SM]   [2] Line 36, C:\Users\Moises\Downloads\Compressed\sourcemod-1.11.0-git6968-windows\addons\sourcemod\scripting\ÒankrunFixhealth.sp::Timer_PeriodicCheck
L 03/27/2026 - 18:20:36: [SM] Exception reported: Invalid convar handle 0 (error 4)
L 03/27/2026 - 18:20:36: [SM] Blaming: ÒankrunFixhealth.smx
L 03/27/2026 - 18:20:36: [SM] Call stack trace:
L 03/27/2026 - 18:20:36: [SM]   [0] GetConVarString
L 03/27/2026 - 18:20:36: [SM]   [1] Line 138, C:\Users\Moises\Downloads\Compressed\sourcemod-1.11.0-git6968-windows\addons\sourcemod\scripting\ÒankrunFixhealth.sp::IsTankRunActive
L 03/27/2026 - 18:20:36: [SM]   [2] Line 36, C:\Users\Moises\Downloads\Compressed\sourcemod-1.11.0-git6968-windows\addons\sourcemod\scripting\ÒankrunFixhealth.sp::Timer_PeriodicCheck
L 03/27/2026 - 18:20:46: [SM] Exception reported: Invalid convar handle 0 (error 4)
L 03/27/2026 - 18:20:46: [SM] Blaming: ÒankrunFixhealth.smx
L 03/27/2026 - 18:20:46: [SM] Call stack trace:
L 03/27/2026 - 18:20:46: [SM]   [0] GetConVarString
L 03/27/2026 - 18:20:46: [SM]   [1] Line 138, C:\Users\Moises\Downloads\Compressed\sourcemod-1.11.0-git6968-windows\addons\sourcemod\scripting\ÒankrunFixhealth.sp::IsTankRunActive
L 03/27/2026 - 18:20:46: [SM]   [2] Line 36, C:\Users\Moises\Downloads\Compressed\sourcemod-1.11.0-git6968-windows\addons\sourcemod\scripting\ÒankrunFixhealth.sp::Timer_PeriodicCheck
L 03/27/2026 - 18:20:56: [SM] Exception reported: Invalid convar handle 0 (error 4)
L 03/27/2026 - 18:20:56: [SM] Blaming: ÒankrunFixhealth.smx
L 03/27/2026 - 18:20:56: [SM] Call stack trace:
L 03/27/2026 - 18:20:56: [SM]   [0] GetConVarString
L 03/27/2026 - 18:20:56: [SM]   [1] Line 138, C:\Users\Moises\Downloads\Compressed\sourcemod-1.11.0-git6968-windows\addons\sourcemod\scripting\ÒankrunFixhealth.sp::IsTankRunActive
L 03/27/2026 - 18:20:56: [SM]   [2] Line 79, C:\Users\Moises\Downloads\Compressed\sourcemod-1.11.0-git6968-windows\addons\sourcemod\scripting\ÒankrunFixhealth.sp::Event_PlayerDeath
L 03/27/2026 - 18:20:56: [SM] Exception reported: Invalid convar handle 0 (error 4)
L 03/27/2026 - 18:20:56: [SM] Blaming: ÒankrunFixhealth.smx
L 03/27/2026 - 18:20:56: [SM] Call stack trace:
L 03/27/2026 - 18:20:56: [SM]   [0] GetConVarString
L 03/27/2026 - 18:20:56: [SM]   [1] Line 138, C:\Users\Moises\Downloads\Compressed\sourcemod-1.11.0-git6968-windows\addons\sourcemod\scripting\ÒankrunFixhealth.sp::IsTankRunActive
L 03/27/2026 - 18:20:56: [SM]   [2] Line 36, C:\Users\Moises\Downloads\Compressed\sourcemod-1.11.0-git6968-windows\addons\sourcemod\scripting\ÒankrunFixhealth.sp::Timer_PeriodicCheck
L 03/27/2026 - 18:20:56: [SM] Exception reported: Invalid convar handle 0 (error 4)
L 03/27/2026 - 18:20:56: [SM] Blaming: ÒankrunFixhealth.smx
L 03/27/2026 - 18:20:56: [SM] Call stack trace:
L 03/27/2026 - 18:20:56: [SM]   [0] GetConVarString
L 03/27/2026 - 18:20:56: [SM]   [1] Line 138, C:\Users\Moises\Downloads\Compressed\sourcemod-1.11.0-git6968-windows\addons\sourcemod\scripting\ÒankrunFixhealth.sp::IsTankRunActive
L 03/27/2026 - 18:20:56: [SM]   [2] Line 91, C:\Users\Moises\Downloads\Compressed\sourcemod-1.11.0-git6968-windows\addons\sourcemod\scripting\ÒankrunFixhealth.sp::Event_MissionLost
L 03/27/2026 - 18:21:02: [SM] Exception reported: Invalid convar handle 0 (error 4)
L 03/27/2026 - 18:21:02: [SM] Blaming: ÒankrunFixhealth.smx
L 03/27/2026 - 18:21:02: [SM] Call stack trace:
L 03/27/2026 - 18:21:02: [SM]   [0] GetConVarString
L 03/27/2026 - 18:21:02: [SM]   [1] Line 138, C:\Users\Moises\Downloads\Compressed\sourcemod-1.11.0-git6968-windows\addons\sourcemod\scripting\ÒankrunFixhealth.sp::IsTankRunActive
L 03/27/2026 - 18:21:02: [SM]   [2] Line 79, C:\Users\Moises\Downloads\Compressed\sourcemod-1.11.0-git6968-windows\addons\sourcemod\scripting\ÒankrunFixhealth.sp::Event_PlayerDeath
L 03/27/2026 - 18:21:03: [SM] Exception reported: Invalid convar handle 0 (error 4)
L 03/27/2026 - 18:21:03: [SM] Blaming: ÒankrunFixhealth.smx
L 03/27/2026 - 18:21:03: [SM] Call stack trace:
L 03/27/2026 - 18:21:03: [SM]   [0] GetConVarString
L 03/27/2026 - 18:21:03: [SM]   [1] Line 138, C:\Users\Moises\Downloads\Compressed\sourcemod-1.11.0-git6968-windows\addons\sourcemod\scripting\ÒankrunFixhealth.sp::IsTankRunActive
L 03/27/2026 - 18:21:03: [SM]   [2] Line 54, C:\Users\Moises\Downloads\Compressed\sourcemod-1.11.0-git6968-windows\addons\sourcemod\scripting\ÒankrunFixhealth.sp::Event_RoundStart
L 03/27/2026 - 18:21:06: [SM] Exception reported: Invalid convar handle 0 (error 4)
L 03/27/2026 - 18:21:06: [SM] Blaming: ÒankrunFixhealth.smx
L 03/27/2026 - 18:21:06: [SM] Call stack trace:
L 03/27/2026 - 18:21:06: [SM]   [0] GetConVarString
L 03/27/2026 - 18:21:06: [SM]   [1] Line 138, C:\Users\Moises\Downloads\Compressed\sourcemod-1.11.0-git6968-windows\addons\sourcemod\scripting\ÒankrunFixhealth.sp::IsTankRunActive
L 03/27/2026 - 18:21:06: [SM]   [2] Line 36, C:\Users\Moises\Downloads\Compressed\sourcemod-1.11.0-git6968-windows\addons\sourcemod\scripting\ÒankrunFixhealth.sp::Timer_PeriodicCheck
L 03/27/2026 - 18:21:16: [SM] Exception reported: Invalid convar handle 0 (error 4)
L 03/27/2026 - 18:21:16: [SM] Blaming: ÒankrunFixhealth.smx
L 03/27/2026 - 18:21:16: [SM] Call stack trace:
L 03/27/2026 - 18:21:16: [SM]   [0] GetConVarString
L 03/27/2026 - 18:21:16: [SM]   [1] Line 138, C:\Users\Moises\Downloads\Compressed\sourcemod-1.11.0-git6968-windows\addons\sourcemod\scripting\ÒankrunFixhealth.sp::IsTankRunActive
L 03/27/2026 - 18:21:16: [SM]   [2] Line 36, C:\Users\Moises\Downloads\Compressed\sourcemod-1.11.0-git6968-windows\addons\sourcemod\scripting\ÒankrunFixhealth.sp::Timer_PeriodicCheck
L 03/27/2026 - 18:21:26: [SM] Exception reported: Invalid convar handle 0 (error 4)
L 03/27/2026 - 18:21:26: [SM] Blaming: ÒankrunFixhealth.smx
L 03/27/2026 - 18:21:26: [SM] Call stack trace:
L 03/27/2026 - 18:21:26: [SM]   [0] GetConVarString
L 03/27/2026 - 18:21:26: [SM]   [1] Line 138, C:\Users\Moises\Downloads\Compressed\sourcemod-1.11.0-git6968-windows\addons\sourcemod\scripting\ÒankrunFixhealth.sp::IsTankRunActive
L 03/27/2026 - 18:21:26: [SM]   [2] Line 36, C:\Users\Moises\Downloads\Compressed\sourcemod-1.11.0-git6968-windows\addons\sourcemod\scripting\ÒankrunFixhealth.sp::Timer_PeriodicCheck
L 03/27/2026 - 18:21:36: [SM] Exception reported: Invalid convar handle 0 (error 4)
L 03/27/2026 - 18:21:36: [SM] Blaming: ÒankrunFixhealth.smx
L 03/27/2026 - 18:21:36: [SM] Call stack trace:
L 03/27/2026 - 18:21:36: [SM]   [0] GetConVarString
L 03/27/2026 - 18:21:36: [SM]   [1] Line 138, C:\Users\Moises\Downloads\Compressed\sourcemod-1.11.0-git6968-windows\addons\sourcemod\scripting\ÒankrunFixhealth.sp::IsTankRunActive
L 03/27/2026 - 18:21:36: [SM]   [2] Line 36, C:\Users\Moises\Downloads\Compressed\sourcemod-1.11.0-git6968-windows\addons\sourcemod\scripting\ÒankrunFixhealth.sp::Timer_PeriodicCheck
L 03/27/2026 - 18:21:46: [SM] Exception reported: Invalid convar handle 0 (error 4)
L 03/27/2026 - 18:21:46: [SM] Blaming: ÒankrunFixhealth.smx
L 03/27/2026 - 18:21:46: [SM] Call stack trace:
L 03/27/2026 - 18:21:46: [SM]   [0] GetConVarString
L 03/27/2026 - 18:21:46: [SM]   [1] Line 138, C:\Users\Moises\Downloads\Compressed\sourcemod-1.11.0-git6968-windows\addons\sourcemod\scripting\ÒankrunFixhealth.sp::IsTankRunActive
L 03/27/2026 - 18:21:46: [SM]   [2] Line 36, C:\Users\Moises\Downloads\Compressed\sourcemod-1.11.0-git6968-windows\addons\sourcemod\scripting\ÒankrunFixhealth.sp::Timer_PeriodicCheck
L 03/27/2026 - 18:21:49: [SM] Exception reported: Invalid convar handle 0 (error 4)
L 03/27/2026 - 18:21:49: [SM] Blaming: ÒankrunFixhealth.smx
L 03/27/2026 - 18:21:49: [SM] Call stack trace:
L 03/27/2026 - 18:21:49: [SM]   [0] GetConVarString
L 03/27/2026 - 18:21:49: [SM]   [1] Line 138, C:\Users\Moises\Downloads\Compressed\sourcemod-1.11.0-git6968-windows\addons\sourcemod\scripting\ÒankrunFixhealth.sp::IsTankRunActive
L 03/27/2026 - 18:21:49: [SM]   [2] Line 79, C:\Users\Moises\Downloads\Compressed\sourcemod-1.11.0-git6968-windows\addons\sourcemod\scripting\ÒankrunFixhealth.sp::Event_PlayerDeath
L 03/27/2026 - 18:21:51: [SM] Exception reported: Invalid convar handle 0 (error 4)
L 03/27/2026 - 18:21:51: [SM] Blaming: ÒankrunFixhealth.smx
L 03/27/2026 - 18:21:51: [SM] Call stack trace:
L 03/27/2026 - 18:21:51: [SM]   [0] GetConVarString
L 03/27/2026 - 18:21:51: [SM]   [1] Line 138, C:\Users\Moises\Downloads\Compressed\sourcemod-1.11.0-git6968-windows\addons\sourcemod\scripting\ÒankrunFixhealth.sp::IsTankRunActive
L 03/27/2026 - 18:21:51: [SM]   [2] Line 79, C:\Users\Moises\Downloads\Compressed\sourcemod-1.11.0-git6968-windows\addons\sourcemod\scripting\ÒankrunFixhealth.sp::Event_PlayerDeath
L 03/27/2026 - 18:21:51: [SM] Exception reported: Invalid convar handle 0 (error 4)
L 03/27/2026 - 18:21:51: [SM] Blaming: ÒankrunFixhealth.smx
L 03/27/2026 - 18:21:51: [SM] Call stack trace:
L 03/27/2026 - 18:21:51: [SM]   [0] GetConVarString
L 03/27/2026 - 18:21:51: [SM]   [1] Line 138, C:\Users\Moises\Downloads\Compressed\sourcemod-1.11.0-git6968-windows\addons\sourcemod\scripting\ÒankrunFixhealth.sp::IsTankRunActive
L 03/27/2026 - 18:21:51: [SM]   [2] Line 91, C:\Users\Moises\Downloads\Compressed\sourcemod-1.11.0-git6968-windows\addons\sourcemod\scripting\ÒankrunFixhealth.sp::Event_MissionLost
L 03/27/2026 - 18:21:56: [SM] Exception reported: Invalid convar handle 0 (error 4)
L 03/27/2026 - 18:21:56: [SM] Blaming: ÒankrunFixhealth.smx
L 03/27/2026 - 18:21:56: [SM] Call stack trace:
L 03/27/2026 - 18:21:56: [SM]   [0] GetConVarString
L 03/27/2026 - 18:21:56: [SM]   [1] Line 138, C:\Users\Moises\Downloads\Compressed\sourcemod-1.11.0-git6968-windows\addons\sourcemod\scripting\ÒankrunFixhealth.sp::IsTankRunActive
L 03/27/2026 - 18:21:56: [SM]   [2] Line 36, C:\Users\Moises\Downloads\Compressed\sourcemod-1.11.0-git6968-windows\addons\sourcemod\scripting\ÒankrunFixhealth.sp::Timer_PeriodicCheck
L 03/27/2026 - 18:21:58: [SM] Exception reported: Invalid convar handle 0 (error 4)
L 03/27/2026 - 18:21:58: [SM] Blaming: ÒankrunFixhealth.smx
L 03/27/2026 - 18:21:58: [SM] Call stack trace:
L 03/27/2026 - 18:21:58: [SM]   [0] GetConVarString
L 03/27/2026 - 18:21:58: [SM]   [1] Line 138, C:\Users\Moises\Downloads\Compressed\sourcemod-1.11.0-git6968-windows\addons\sourcemod\scripting\ÒankrunFixhealth.sp::IsTankRunActive
L 03/27/2026 - 18:21:58: [SM]   [2] Line 54, C:\Users\Moises\Downloads\Compressed\sourcemod-1.11.0-git6968-windows\addons\sourcemod\scripting\ÒankrunFixhealth.sp::Event_RoundStart
L 03/27/2026 - 18:22:06: [SM] Exception reported: Invalid convar handle 0 (error 4)
L 03/27/2026 - 18:22:06: [SM] Blaming: ÒankrunFixhealth.smx
L 03/27/2026 - 18:22:06: [SM] Call stack trace:
L 03/27/2026 - 18:22:06: [SM]   [0] GetConVarString
L 03/27/2026 - 18:22:06: [SM]   [1] Line 138, C:\Users\Moises\Downloads\Compressed\sourcemod-1.11.0-git6968-windows\addons\sourcemod\scripting\ÒankrunFixhealth.sp::IsTankRunActive
L 03/27/2026 - 18:22:06: [SM]   [2] Line 36, C:\Users\Moises\Downloads\Compressed\sourcemod-1.11.0-git6968-windows\addons\sourcemod\scripting\ÒankrunFixhealth.sp::Timer_PeriodicCheck
L 03/27/2026 - 18:22:16: [SM] Exception reported: Invalid convar handle 0 (error 4)
L 03/27/2026 - 18:22:16: [SM] Blaming: ÒankrunFixhealth.smx
L 03/27/2026 - 18:22:16: [SM] Call stack trace:
L 03/27/2026 - 18:22:16: [SM]   [0] GetConVarString
L 03/27/2026 - 18:22:16: [SM]   [1] Line 138, C:\Users\Moises\Downloads\Compressed\sourcemod-1.11.0-git6968-windows\addons\sourcemod\scripting\ÒankrunFixhealth.sp::IsTankRunActive
L 03/27/2026 - 18:22:16: [SM]   [2] Line 36, C:\Users\Moises\Downloads\Compressed\sourcemod-1.11.0-git6968-windows\addons\sourcemod\scripting\ÒankrunFixhealth.sp::Timer_PeriodicCheck
L 03/27/2026 - 18:22:22: [SM] Exception reported: Invalid convar handle 0 (error 4)
L 03/27/2026 - 18:22:22: [SM] Blaming: ÒankrunFixhealth.smx
L 03/27/2026 - 18:22:22: [SM] Call stack trace:
L 03/27/2026 - 18:22:22: [SM]   [0] GetConVarString
L 03/27/2026 - 18:22:22: [SM]   [1] Line 138, C:\Users\Moises\Downloads\Compressed\sourcemod-1.11.0-git6968-windows\addons\sourcemod\scripting\ÒankrunFixhealth.sp::IsTankRunActive
L 03/27/2026 - 18:22:22: [SM]   [2] Line 79, C:\Users\Moises\Downloads\Compressed\sourcemod-1.11.0-git6968-windows\addons\sourcemod\scripting\ÒankrunFixhealth.sp::Event_PlayerDeath
L 03/27/2026 - 18:22:26: [SM] Exception reported: Invalid convar handle 0 (error 4)
L 03/27/2026 - 18:22:26: [SM] Blaming: ÒankrunFixhealth.smx
L 03/27/2026 - 18:22:26: [SM] Call stack trace:
L 03/27/2026 - 18:22:26: [SM]   [0] GetConVarString
L 03/27/2026 - 18:22:26: [SM]   [1] Line 138, C:\Users\Moises\Downloads\Compressed\sourcemod-1.11.0-git6968-windows\addons\sourcemod\scripting\ÒankrunFixhealth.sp::IsTankRunActive
L 03/27/2026 - 18:22:26: [SM]   [2] Line 36, C:\Users\Moises\Downloads\Compressed\sourcemod-1.11.0-git6968-windows\addons\sourcemod\scripting\ÒankrunFixhealth.sp::Timer_PeriodicCheck
L 03/27/2026 - 18:22:27: [SM] Exception reported: Invalid convar handle 0 (error 4)
L 03/27/2026 - 18:22:27: [SM] Blaming: ÒankrunFixhealth.smx
L 03/27/2026 - 18:22:27: [SM] Call stack trace:
L 03/27/2026 - 18:22:27: [SM]   [0] GetConVarString
L 03/27/2026 - 18:22:27: [SM]   [1] Line 138, C:\Users\Moises\Downloads\Compressed\sourcemod-1.11.0-git6968-windows\addons\sourcemod\scripting\ÒankrunFixhealth.sp::IsTankRunActive
L 03/27/2026 - 18:22:27: [SM]   [2] Line 79, C:\Users\Moises\Downloads\Compressed\sourcemod-1.11.0-git6968-windows\addons\sourcemod\scripting\ÒankrunFixhealth.sp::Event_PlayerDeath
L 03/27/2026 - 18:22:28: [SM] Exception reported: Invalid convar handle 0 (error 4)
L 03/27/2026 - 18:22:28: [SM] Blaming: ÒankrunFixhealth.smx
L 03/27/2026 - 18:22:28: [SM] Call stack trace:
L 03/27/2026 - 18:22:28: [SM]   [0] GetConVarString
L 03/27/2026 - 18:22:28: [SM]   [1] Line 138, C:\Users\Moises\Downloads\Compressed\sourcemod-1.11.0-git6968-windows\addons\sourcemod\scripting\ÒankrunFixhealth.sp::IsTankRunActive
L 03/27/2026 - 18:22:28: [SM]   [2] Line 79, C:\Users\Moises\Downloads\Compressed\sourcemod-1.11.0-git6968-windows\addons\sourcemod\scripting\ÒankrunFixhealth.sp::Event_PlayerDeath
L 03/27/2026 - 18:22:36: [SM] Exception reported: Invalid convar handle 0 (error 4)
L 03/27/2026 - 18:22:36: [SM] Blaming: ÒankrunFixhealth.smx
L 03/27/2026 - 18:22:36: [SM] Call stack trace:
L 03/27/2026 - 18:22:36: [SM]   [0] GetConVarString
L 03/27/2026 - 18:22:36: [SM]   [1] Line 138, C:\Users\Moises\Downloads\Compressed\sourcemod-1.11.0-git6968-windows\addons\sourcemod\scripting\ÒankrunFixhealth.sp::IsTankRunActive
L 03/27/2026 - 18:22:36: [SM]   [2] Line 36, C:\Users\Moises\Downloads\Compressed\sourcemod-1.11.0-git6968-windows\addons\sourcemod\scripting\ÒankrunFixhealth.sp::Timer_PeriodicCheck
L 03/27/2026 - 18:22:46: [SM] Exception reported: Invalid convar handle 0 (error 4)
L 03/27/2026 - 18:22:46: [SM] Blaming: ÒankrunFixhealth.smx
L 03/27/2026 - 18:22:46: [SM] Call stack trace:
L 03/27/2026 - 18:22:46: [SM]   [0] GetConVarString
L 03/27/2026 - 18:22:46: [SM]   [1] Line 138, C:\Users\Moises\Downloads\Compressed\sourcemod-1.11.0-git6968-windows\addons\sourcemod\scripting\ÒankrunFixhealth.sp::IsTankRunActive
L 03/27/2026 - 18:22:46: [SM]   [2] Line 79, C:\Users\Moises\Downloads\Compressed\sourcemod-1.11.0-git6968-windows\addons\sourcemod\scripting\ÒankrunFixhealth.sp::Event_PlayerDeath
L 03/27/2026 - 18:22:46: [SM] Exception reported: Invalid convar handle 0 (error 4)
L 03/27/2026 - 18:22:46: [SM] Blaming: ÒankrunFixhealth.smx
L 03/27/2026 - 18:22:46: [SM] Call stack trace:
L 03/27/2026 - 18:22:46: [SM]   [0] GetConVarString
L 03/27/2026 - 18:22:46: [SM]   [1] Line 138, C:\Users\Moises\Downloads\Compressed\sourcemod-1.11.0-git6968-windows\addons\sourcemod\scripting\ÒankrunFixhealth.sp::IsTankRunActive
L 03/27/2026 - 18:22:46: [SM]   [2] Line 36, C:\Users\Moises\Downloads\Compressed\sourcemod-1.11.0-git6968-windows\addons\sourcemod\scripting\ÒankrunFixhealth.sp::Timer_PeriodicCheck
L 03/27/2026 - 18:22:46: [SM] Exception reported: Invalid convar handle 0 (error 4)
L 03/27/2026 - 18:22:46: [SM] Blaming: ÒankrunFixhealth.smx
L 03/27/2026 - 18:22:46: [SM] Call stack trace:
L 03/27/2026 - 18:22:46: [SM]   [0] GetConVarString
L 03/27/2026 - 18:22:46: [SM]   [1] Line 138, C:\Users\Moises\Downloads\Compressed\sourcemod-1.11.0-git6968-windows\addons\sourcemod\scripting\ÒankrunFixhealth.sp::IsTankRunActive
L 03/27/2026 - 18:22:46: [SM]   [2] Line 91, C:\Users\Moises\Downloads\Compressed\sourcemod-1.11.0-git6968-windows\addons\sourcemod\scripting\ÒankrunFixhealth.sp::Event_MissionLost
L 03/27/2026 - 18:22:54: [SM] Exception reported: Invalid convar handle 0 (error 4)
L 03/27/2026 - 18:22:54: [SM] Blaming: ÒankrunFixhealth.smx
L 03/27/2026 - 18:22:54: [SM] Call stack trace:
L 03/27/2026 - 18:22:54: [SM]   [0] GetConVarString
L 03/27/2026 - 18:22:54: [SM]   [1] Line 138, C:\Users\Moises\Downloads\Compressed\sourcemod-1.11.0-git6968-windows\addons\sourcemod\scripting\ÒankrunFixhealth.sp::IsTankRunActive
L 03/27/2026 - 18:22:54: [SM]   [2] Line 54, C:\Users\Moises\Downloads\Compressed\sourcemod-1.11.0-git6968-windows\addons\sourcemod\scripting\ÒankrunFixhealth.sp::Event_RoundStart
L 03/27/2026 - 18:22:56: [SM] Exception reported: Invalid convar handle 0 (error 4)
L 03/27/2026 - 18:22:56: [SM] Blaming: ÒankrunFixhealth.smx
L 03/27/2026 - 18:22:56: [SM] Call stack trace:
L 03/27/2026 - 18:22:56: [SM]   [0] GetConVarString
L 03/27/2026 - 18:22:56: [SM]   [1] Line 138, C:\Users\Moises\Downloads\Compressed\sourcemod-1.11.0-git6968-windows\addons\sourcemod\scripting\ÒankrunFixhealth.sp::IsTankRunActive
L 03/27/2026 - 18:22:56: [SM]   [2] Line 36, C:\Users\Moises\Downloads\Compressed\sourcemod-1.11.0-git6968-windows\addons\sourcemod\scripting\ÒankrunFixhealth.sp::Timer_PeriodicCheck
L 03/27/2026 - 18:23:06: [SM] Exception reported: Invalid convar handle 0 (error 4)
L 03/27/2026 - 18:23:06: [SM] Blaming: ÒankrunFixhealth.smx
L 03/27/2026 - 18:23:06: [SM] Call stack trace:
L 03/27/2026 - 18:23:06: [SM]   [0] GetConVarString
L 03/27/2026 - 18:23:06: [SM]   [1] Line 138, C:\Users\Moises\Downloads\Compressed\sourcemod-1.11.0-git6968-windows\addons\sourcemod\scripting\ÒankrunFixhealth.sp::IsTankRunActive
L 03/27/2026 - 18:23:06: [SM]   [2] Line 36, C:\Users\Moises\Downloads\Compressed\sourcemod-1.11.0-git6968-windows\addons\sourcemod\scripting\ÒankrunFixhealth.sp::Timer_PeriodicCheck
L 03/27/2026 - 18:23:16: [SM] Exception reported: Invalid convar handle 0 (error 4)
L 03/27/2026 - 18:23:16: [SM] Blaming: ÒankrunFixhealth.smx
L 03/27/2026 - 18:23:16: [SM] Call stack trace:
L 03/27/2026 - 18:23:16: [SM]   [0] GetConVarString
L 03/27/2026 - 18:23:16: [SM]   [1] Line 138, C:\Users\Moises\Downloads\Compressed\sourcemod-1.11.0-git6968-windows\addons\sourcemod\scripting\ÒankrunFixhealth.sp::IsTankRunActive
L 03/27/2026 - 18:23:16: [SM]   [2] Line 36, C:\Users\Moises\Downloads\Compressed\sourcemod-1.11.0-git6968-windows\addons\sourcemod\scripting\ÒankrunFixhealth.sp::Timer_PeriodicCheck
L 03/27/2026 - 18:23:26: [SM] Exception reported: Invalid convar handle 0 (error 4)
L 03/27/2026 - 18:23:26: [SM] Blaming: ÒankrunFixhealth.smx
L 03/27/2026 - 18:23:26: [SM] Call stack trace:
L 03/27/2026 - 18:23:26: [SM]   [0] GetConVarString
L 03/27/2026 - 18:23:26: [SM]   [1] Line 138, C:\Users\Moises\Downloads\Compressed\sourcemod-1.11.0-git6968-windows\addons\sourcemod\scripting\ÒankrunFixhealth.sp::IsTankRunActive
L 03/27/2026 - 18:23:26: [SM]   [2] Line 36, C:\Users\Moises\Downloads\Compressed\sourcemod-1.11.0-git6968-windows\addons\sourcemod\scripting\ÒankrunFixhealth.sp::Timer_PeriodicCheck
L 03/27/2026 - 18:23:36: [SM] Exception reported: Invalid convar handle 0 (error 4)
L 03/27/2026 - 18:23:36: [SM] Blaming: ÒankrunFixhealth.smx
L 03/27/2026 - 18:23:36: [SM] Call stack trace:
L 03/27/2026 - 18:23:36: [SM]   [0] GetConVarString
L 03/27/2026 - 18:23:36: [SM]   [1] Line 138, C:\Users\Moises\Downloads\Compressed\sourcemod-1.11.0-git6968-windows\addons\sourcemod\scripting\ÒankrunFixhealth.sp::IsTankRunActive
L 03/27/2026 - 18:23:36: [SM]   [2] Line 36, C:\Users\Moises\Downloads\Compressed\sourcemod-1.11.0-git6968-windows\addons\sourcemod\scripting\ÒankrunFixhealth.sp::Timer_PeriodicCheck
L 03/27/2026 - 18:23:46: [SM] Exception reported: Invalid Handle 0 (error 4)
L 03/27/2026 - 18:23:46: [SM] Blaming: l4dafkfix.smx
L 03/27/2026 - 18:23:46: [SM] Call stack trace:
L 03/27/2026 - 18:23:46: [SM]   [0] SDKCall
L 03/27/2026 - 18:23:46: [SM]   [1] Line 235, /home/forums/content/files/4/8/2/4/5/73422.attach::TakeOverBot
L 03/27/2026 - 18:23:46: [SM]   [2] Line 148, /home/forums/content/files/4/8/2/4/5/73422.attach::Event_PlayerDeath
L 03/27/2026 - 18:23:46: [SM] Exception reported: Invalid convar handle 0 (error 4)
L 03/27/2026 - 18:23:46: [SM] Blaming: ÒankrunFixhealth.smx
L 03/27/2026 - 18:23:46: [SM] Call stack trace:
L 03/27/2026 - 18:23:46: [SM]   [0] GetConVarString
L 03/27/2026 - 18:23:46: [SM]   [1] Line 138, C:\Users\Moises\Downloads\Compressed\sourcemod-1.11.0-git6968-windows\addons\sourcemod\scripting\ÒankrunFixhealth.sp::IsTankRunActive
L 03/27/2026 - 18:23:46: [SM]   [2] Line 79, C:\Users\Moises\Downloads\Compressed\sourcemod-1.11.0-git6968-windows\addons\sourcemod\scripting\ÒankrunFixhealth.sp::Event_PlayerDeath
L 03/27/2026 - 18:23:46: [SM] Exception reported: Invalid convar handle 0 (error 4)
L 03/27/2026 - 18:23:46: [SM] Blaming: ÒankrunFixhealth.smx
L 03/27/2026 - 18:23:46: [SM] Call stack trace:
L 03/27/2026 - 18:23:46: [SM]   [0] GetConVarString
L 03/27/2026 - 18:23:46: [SM]   [1] Line 138, C:\Users\Moises\Downloads\Compressed\sourcemod-1.11.0-git6968-windows\addons\sourcemod\scripting\ÒankrunFixhealth.sp::IsTankRunActive
L 03/27/2026 - 18:23:46: [SM]   [2] Line 36, C:\Users\Moises\Downloads\Compressed\sourcemod-1.11.0-git6968-windows\addons\sourcemod\scripting\ÒankrunFixhealth.sp::Timer_PeriodicCheck
L 03/27/2026 - 18:23:56: [SM] Exception reported: Invalid convar handle 0 (error 4)
L 03/27/2026 - 18:23:56: [SM] Blaming: ÒankrunFixhealth.smx
L 03/27/2026 - 18:23:56: [SM] Call stack trace:
L 03/27/2026 - 18:23:56: [SM]   [0] GetConVarString
L 03/27/2026 - 18:23:56: [SM]   [1] Line 138, C:\Users\Moises\Downloads\Compressed\sourcemod-1.11.0-git6968-windows\addons\sourcemod\scripting\ÒankrunFixhealth.sp::IsTankRunActive
L 03/27/2026 - 18:23:56: [SM]   [2] Line 36, C:\Users\Moises\Downloads\Compressed\sourcemod-1.11.0-git6968-windows\addons\sourcemod\scripting\ÒankrunFixhealth.sp::Timer_PeriodicCheck
L 03/27/2026 - 18:23:59: [SM] Exception reported: Invalid convar handle 0 (error 4)
L 03/27/2026 - 18:23:59: [SM] Blaming: ÒankrunFixhealth.smx
L 03/27/2026 - 18:23:59: [SM] Call stack trace:
L 03/27/2026 - 18:23:59: [SM]   [0] GetConVarString
L 03/27/2026 - 18:23:59: [SM]   [1] Line 138, C:\Users\Moises\Downloads\Compressed\sourcemod-1.11.0-git6968-windows\addons\sourcemod\scripting\ÒankrunFixhealth.sp::IsTankRunActive
L 03/27/2026 - 18:23:59: [SM]   [2] Line 79, C:\Users\Moises\Downloads\Compressed\sourcemod-1.11.0-git6968-windows\addons\sourcemod\scripting\ÒankrunFixhealth.sp::Event_PlayerDeath
L 03/27/2026 - 18:24:06: [SM] Exception reported: Invalid convar handle 0 (error 4)
L 03/27/2026 - 18:24:06: [SM] Blaming: ÒankrunFixhealth.smx
L 03/27/2026 - 18:24:06: [SM] Call stack trace:
L 03/27/2026 - 18:24:06: [SM]   [0] GetConVarString
L 03/27/2026 - 18:24:06: [SM]   [1] Line 138, C:\Users\Moises\Downloads\Compressed\sourcemod-1.11.0-git6968-windows\addons\sourcemod\scripting\ÒankrunFixhealth.sp::IsTankRunActive
L 03/27/2026 - 18:24:06: [SM]   [2] Line 36, C:\Users\Moises\Downloads\Compressed\sourcemod-1.11.0-git6968-windows\addons\sourcemod\scripting\ÒankrunFixhealth.sp::Timer_PeriodicCheck
L 03/27/2026 - 18:24:09: [SM] Exception reported: Language phrase "Please wait to be revived or rescued" not found (arg 6)
L 03/27/2026 - 18:24:09: [SM] Blaming: l4dmultislots.smx
L 03/27/2026 - 18:24:09: [SM] Call stack trace:
L 03/27/2026 - 18:24:09: [SM]   [0] PrintToChat
L 03/27/2026 - 18:24:09: [SM]   [1] Line 953, d:\Github\Private-Work\L4D2-Êèí‰ª∂\scripting_1.11\l4dmultislots.sp::Timer_SpecCheck
L 03/27/2026 - 18:24:16: [SM] Exception reported: Invalid convar handle 0 (error 4)
L 03/27/2026 - 18:24:16: [SM] Blaming: ÒankrunFixhealth.smx
L 03/27/2026 - 18:24:16: [SM] Call stack trace:
L 03/27/2026 - 18:24:16: [SM]   [0] GetConVarString
L 03/27/2026 - 18:24:16: [SM]   [1] Line 138, C:\Users\Moises\Downloads\Compressed\sourcemod-1.11.0-git6968-windows\addons\sourcemod\scripting\ÒankrunFixhealth.sp::IsTankRunActive
L 03/27/2026 - 18:24:16: [SM]   [2] Line 36, C:\Users\Moises\Downloads\Compressed\sourcemod-1.11.0-git6968-windows\addons\sourcemod\scripting\ÒankrunFixhealth.sp::Timer_PeriodicCheck
L 03/27/2026 - 18:24:19: [SM] Exception reported: Invalid convar handle 0 (error 4)
L 03/27/2026 - 18:24:19: [SM] Blaming: ÒankrunFixhealth.smx
L 03/27/2026 - 18:24:19: [SM] Call stack trace:
L 03/27/2026 - 18:24:19: [SM]   [0] GetConVarString
L 03/27/2026 - 18:24:19: [SM]   [1] Line 138, C:\Users\Moises\Downloads\Compressed\sourcemod-1.11.0-git6968-windows\addons\sourcemod\scripting\ÒankrunFixhealth.sp::IsTankRunActive
L 03/27/2026 - 18:24:19: [SM]   [2] Line 79, C:\Users\Moises\Downloads\Compressed\sourcemod-1.11.0-git6968-windows\addons\sourcemod\scripting\ÒankrunFixhealth.sp::Event_PlayerDeath
L 03/27/2026 - 18:24:26: [SM] Exception reported: Invalid convar handle 0 (error 4)
L 03/27/2026 - 18:24:26: [SM] Blaming: ÒankrunFixhealth.smx
L 03/27/2026 - 18:24:26: [SM] Call stack trace:
L 03/27/2026 - 18:24:26: [SM]   [0] GetConVarString
L 03/27/2026 - 18:24:26: [SM]   [1] Line 138, C:\Users\Moises\Downloads\Compressed\sourcemod-1.11.0-git6968-windows\addons\sourcemod\scripting\ÒankrunFixhealth.sp::IsTankRunActive
L 03/27/2026 - 18:24:26: [SM]   [2] Line 36, C:\Users\Moises\Downloads\Compressed\sourcemod-1.11.0-git6968-windows\addons\sourcemod\scripting\ÒankrunFixhealth.sp::Timer_PeriodicCheck
L 03/27/2026 - 18:24:32: [SM] Exception reported: Invalid convar handle 0 (error 4)
L 03/27/2026 - 18:24:32: [SM] Blaming: ÒankrunFixhealth.smx
L 03/27/2026 - 18:24:32: [SM] Call stack trace:
L 03/27/2026 - 18:24:32: [SM]   [0] GetConVarString
L 03/27/2026 - 18:24:32: [SM]   [1] Line 138, C:\Users\Moises\Downloads\Compressed\sourcemod-1.11.0-git6968-windows\addons\sourcemod\scripting\ÒankrunFixhealth.sp::IsTankRunActive
L 03/27/2026 - 18:24:32: [SM]   [2] Line 79, C:\Users\Moises\Downloads\Compressed\sourcemod-1.11.0-git6968-windows\addons\sourcemod\scripting\ÒankrunFixhealth.sp::Event_PlayerDeath
L 03/27/2026 - 18:24:34: [SM] Exception reported: Language phrase "Please wait to be revived or rescued" not found (arg 6)
L 03/27/2026 - 18:24:34: [SM] Blaming: l4dmultislots.smx
L 03/27/2026 - 18:24:34: [SM] Call stack trace:
L 03/27/2026 - 18:24:34: [SM]   [0] PrintToChat
L 03/27/2026 - 18:24:34: [SM]   [1] Line 953, d:\Github\Private-Work\L4D2-Êèí‰ª∂\scripting_1.11\l4dmultislots.sp::Timer_SpecCheck
L 03/27/2026 - 18:24:36: [SM] Exception reported: Invalid convar handle 0 (error 4)
L 03/27/2026 - 18:24:36: [SM] Blaming: ÒankrunFixhealth.smx
L 03/27/2026 - 18:24:36: [SM] Call stack trace:
L 03/27/2026 - 18:24:36: [SM]   [0] GetConVarString
L 03/27/2026 - 18:24:36: [SM]   [1] Line 138, C:\Users\Moises\Downloads\Compressed\sourcemod-1.11.0-git6968-windows\addons\sourcemod\scripting\ÒankrunFixhealth.sp::IsTankRunActive
L 03/27/2026 - 18:24:36: [SM]   [2] Line 36, C:\Users\Moises\Downloads\Compressed\sourcemod-1.11.0-git6968-windows\addons\sourcemod\scripting\ÒankrunFixhealth.sp::Timer_PeriodicCheck
L 03/27/2026 - 18:24:39: [SM] Exception reported: Invalid convar handle 0 (error 4)
L 03/27/2026 - 18:24:39: [SM] Blaming: ÒankrunFixhealth.smx
L 03/27/2026 - 18:24:39: [SM] Call stack trace:
L 03/27/2026 - 18:24:39: [SM]   [0] GetConVarString
L 03/27/2026 - 18:24:39: [SM]   [1] Line 138, C:\Users\Moises\Downloads\Compressed\sourcemod-1.11.0-git6968-windows\addons\sourcemod\scripting\ÒankrunFixhealth.sp::IsTankRunActive
L 03/27/2026 - 18:24:39: [SM]   [2] Line 79, C:\Users\Moises\Downloads\Compressed\sourcemod-1.11.0-git6968-windows\addons\sourcemod\scripting\ÒankrunFixhealth.sp::Event_PlayerDeath
L 03/27/2026 - 18:24:46: [SM] Exception reported: Invalid convar handle 0 (error 4)
L 03/27/2026 - 18:24:46: [SM] Blaming: ÒankrunFixhealth.smx
L 03/27/2026 - 18:24:46: [SM] Call stack trace:
L 03/27/2026 - 18:24:46: [SM]   [0] GetConVarString
L 03/27/2026 - 18:24:46: [SM]   [1] Line 138, C:\Users\Moises\Downloads\Compressed\sourcemod-1.11.0-git6968-windows\addons\sourcemod\scripting\ÒankrunFixhealth.sp::IsTankRunActive
L 03/27/2026 - 18:24:46: [SM]   [2] Line 36, C:\Users\Moises\Downloads\Compressed\sourcemod-1.11.0-git6968-windows\addons\sourcemod\scripting\ÒankrunFixhealth.sp::Timer_PeriodicCheck
L 03/27/2026 - 18:24:56: [SM] Exception reported: Invalid convar handle 0 (error 4)
L 03/27/2026 - 18:24:56: [SM] Blaming: ÒankrunFixhealth.smx
L 03/27/2026 - 18:24:56: [SM] Call stack trace:
L 03/27/2026 - 18:24:56: [SM]   [0] GetConVarString
L 03/27/2026 - 18:24:56: [SM]   [1] Line 138, C:\Users\Moises\Downloads\Compressed\sourcemod-1.11.0-git6968-windows\addons\sourcemod\scripting\ÒankrunFixhealth.sp::IsTankRunActive
L 03/27/2026 - 18:24:56: [SM]   [2] Line 36, C:\Users\Moises\Downloads\Compressed\sourcemod-1.11.0-git6968-windows\addons\sourcemod\scripting\ÒankrunFixhealth.sp::Timer_PeriodicCheck
L 03/27/2026 - 18:24:59: [SM] Exception reported: Invalid convar handle 0 (error 4)
L 03/27/2026 - 18:24:59: [SM] Blaming: ÒankrunFixhealth.smx
L 03/27/2026 - 18:24:59: [SM] Call stack trace:
L 03/27/2026 - 18:24:59: [SM]   [0] GetConVarString
L 03/27/2026 - 18:24:59: [SM]   [1] Line 138, C:\Users\Moises\Downloads\Compressed\sourcemod-1.11.0-git6968-windows\addons\sourcemod\scripting\ÒankrunFixhealth.sp::IsTankRunActive
L 03/27/2026 - 18:24:59: [SM]   [2] Line 79, C:\Users\Moises\Downloads\Compressed\sourcemod-1.11.0-git6968-windows\addons\sourcemod\scripting\ÒankrunFixhealth.sp::Event_PlayerDeath
L 03/27/2026 - 18:24:59: [SM] Exception reported: Language phrase "Please wait to be revived or rescued" not found (arg 6)
L 03/27/2026 - 18:24:59: [SM] Blaming: l4dmultislots.smx
L 03/27/2026 - 18:24:59: [SM] Call stack trace:
L 03/27/2026 - 18:24:59: [SM]   [0] PrintToChat
L 03/27/2026 - 18:24:59: [SM]   [1] Line 953, d:\Github\Private-Work\L4D2-Êèí‰ª∂\scripting_1.11\l4dmultislots.sp::Timer_SpecCheck
L 03/27/2026 - 18:25:06: [SM] Exception reported: Invalid convar handle 0 (error 4)
L 03/27/2026 - 18:25:06: [SM] Blaming: ÒankrunFixhealth.smx
L 03/27/2026 - 18:25:06: [SM] Call stack trace:
L 03/27/2026 - 18:25:06: [SM]   [0] GetConVarString
L 03/27/2026 - 18:25:06: [SM]   [1] Line 138, C:\Users\Moises\Downloads\Compressed\sourcemod-1.11.0-git6968-windows\addons\sourcemod\scripting\ÒankrunFixhealth.sp::IsTankRunActive
L 03/27/2026 - 18:25:06: [SM]   [2] Line 36, C:\Users\Moises\Downloads\Compressed\sourcemod-1.11.0-git6968-windows\addons\sourcemod\scripting\ÒankrunFixhealth.sp::Timer_PeriodicCheck
L 03/27/2026 - 18:25:16: [SM] Exception reported: Invalid convar handle 0 (error 4)
L 03/27/2026 - 18:25:16: [SM] Blaming: ÒankrunFixhealth.smx
L 03/27/2026 - 18:25:16: [SM] Call stack trace:
L 03/27/2026 - 18:25:16: [SM]   [0] GetConVarString
L 03/27/2026 - 18:25:16: [SM]   [1] Line 138, C:\Users\Moises\Downloads\Compressed\sourcemod-1.11.0-git6968-windows\addons\sourcemod\scripting\ÒankrunFixhealth.sp::IsTankRunActive
L 03/27/2026 - 18:25:16: [SM]   [2] Line 36, C:\Users\Moises\Downloads\Compressed\sourcemod-1.11.0-git6968-windows\addons\sourcemod\scripting\ÒankrunFixhealth.sp::Timer_PeriodicCheck
L 03/27/2026 - 18:25:19: [SM] Exception reported: Invalid convar handle 0 (error 4)
L 03/27/2026 - 18:25:19: [SM] Blaming: ÒankrunFixhealth.smx
L 03/27/2026 - 18:25:19: [SM] Call stack trace:
L 03/27/2026 - 18:25:19: [SM]   [0] GetConVarString
L 03/27/2026 - 18:25:19: [SM]   [1] Line 138, C:\Users\Moises\Downloads\Compressed\sourcemod-1.11.0-git6968-windows\addons\sourcemod\scripting\ÒankrunFixhealth.sp::IsTankRunActive
L 03/27/2026 - 18:25:19: [SM]   [2] Line 79, C:\Users\Moises\Downloads\Compressed\sourcemod-1.11.0-git6968-windows\addons\sourcemod\scripting\ÒankrunFixhealth.sp::Event_PlayerDeath
L 03/27/2026 - 18:25:24: [SM] Exception reported: Language phrase "Please wait to be revived or rescued" not found (arg 6)
L 03/27/2026 - 18:25:24: [SM] Blaming: l4dmultislots.smx
L 03/27/2026 - 18:25:24: [SM] Call stack trace:
L 03/27/2026 - 18:25:24: [SM]   [0] PrintToChat
L 03/27/2026 - 18:25:24: [SM]   [1] Line 953, d:\Github\Private-Work\L4D2-Êèí‰ª∂\scripting_1.11\l4dmultislots.sp::Timer_SpecCheck
L 03/27/2026 - 18:25:26: [SM] Exception reported: Invalid convar handle 0 (error 4)
L 03/27/2026 - 18:25:26: [SM] Blaming: ÒankrunFixhealth.smx
L 03/27/2026 - 18:25:26: [SM] Call stack trace:
L 03/27/2026 - 18:25:26: [SM]   [0] GetConVarString
L 03/27/2026 - 18:25:26: [SM]   [1] Line 138, C:\Users\Moises\Downloads\Compressed\sourcemod-1.11.0-git6968-windows\addons\sourcemod\scripting\ÒankrunFixhealth.sp::IsTankRunActive
L 03/27/2026 - 18:25:26: [SM]   [2] Line 36, C:\Users\Moises\Downloads\Compressed\sourcemod-1.11.0-git6968-windows\addons\sourcemod\scripting\ÒankrunFixhealth.sp::Timer_PeriodicCheck
L 03/27/2026 - 18:25:33: [SM] Exception reported: Invalid convar handle 0 (error 4)
L 03/27/2026 - 18:25:33: [SM] Blaming: ÒankrunFixhealth.smx
L 03/27/2026 - 18:25:33: [SM] Call stack trace:
L 03/27/2026 - 18:25:33: [SM]   [0] GetConVarString
L 03/27/2026 - 18:25:33: [SM]   [1] Line 138, C:\Users\Moises\Downloads\Compressed\sourcemod-1.11.0-git6968-windows\addons\sourcemod\scripting\ÒankrunFixhealth.sp::IsTankRunActive
L 03/27/2026 - 18:25:33: [SM]   [2] Line 79, C:\Users\Moises\Downloads\Compressed\sourcemod-1.11.0-git6968-windows\addons\sourcemod\scripting\ÒankrunFixhealth.sp::Event_PlayerDeath
L 03/27/2026 - 18:25:36: [SM] Exception reported: Invalid convar handle 0 (error 4)
L 03/27/2026 - 18:25:36: [SM] Blaming: ÒankrunFixhealth.smx
L 03/27/2026 - 18:25:36: [SM] Call stack trace:
L 03/27/2026 - 18:25:36: [SM]   [0] GetConVarString
L 03/27/2026 - 18:25:36: [SM]   [1] Line 138, C:\Users\Moises\Downloads\Compressed\sourcemod-1.11.0-git6968-windows\addons\sourcemod\scripting\ÒankrunFixhealth.sp::IsTankRunActive
L 03/27/2026 - 18:25:36: [SM]   [2] Line 36, C:\Users\Moises\Downloads\Compressed\sourcemod-1.11.0-git6968-windows\addons\sourcemod\scripting\ÒankrunFixhealth.sp::Timer_PeriodicCheck
L 03/27/2026 - 18:25:39: [SM] Exception reported: Property "m_vecAngularVelocity" not found (entity 236/weapon_shotgun_chrome)
L 03/27/2026 - 18:25:39: [SM] Blaming: l4d2_tank_core v4_5.smx
L 03/27/2026 - 18:25:39: [SM] Call stack trace:
L 03/27/2026 - 18:25:39: [SM]   [0] SetEntPropVector
L 03/27/2026 - 18:25:39: [SM]   [1] Line 650, D:\SteamLibrary\steamapps\common\Left 4 Dead 2\left4dead2\addons\sourcemod\scripting\l4d2_tank_core v4_5.sp::DropItemsPhysically
L 03/27/2026 - 18:25:39: [SM]   [2] Line 549, D:\SteamLibrary\steamapps\common\Left 4 Dead 2\left4dead2\addons\sourcemod\scripting\l4d2_tank_core v4_5.sp::Event_PlayerHurt
L 03/27/2026 - 18:25:46: [SM] Exception reported: Invalid convar handle 0 (error 4)
L 03/27/2026 - 18:25:46: [SM] Blaming: ÒankrunFixhealth.smx
L 03/27/2026 - 18:25:46: [SM] Call stack trace:
L 03/27/2026 - 18:25:46: [SM]   [0] GetConVarString
L 03/27/2026 - 18:25:46: [SM]   [1] Line 138, C:\Users\Moises\Downloads\Compressed\sourcemod-1.11.0-git6968-windows\addons\sourcemod\scripting\ÒankrunFixhealth.sp::IsTankRunActive
L 03/27/2026 - 18:25:46: [SM]   [2] Line 36, C:\Users\Moises\Downloads\Compressed\sourcemod-1.11.0-git6968-windows\addons\sourcemod\scripting\ÒankrunFixhealth.sp::Timer_PeriodicCheck
L 03/27/2026 - 18:25:47: [SM] Exception reported: Invalid convar handle 0 (error 4)
L 03/27/2026 - 18:25:47: [SM] Blaming: ÒankrunFixhealth.smx
L 03/27/2026 - 18:25:47: [SM] Call stack trace:
L 03/27/2026 - 18:25:47: [SM]   [0] GetConVarString
L 03/27/2026 - 18:25:47: [SM]   [1] Line 138, C:\Users\Moises\Downloads\Compressed\sourcemod-1.11.0-git6968-windows\addons\sourcemod\scripting\ÒankrunFixhealth.sp::IsTankRunActive
L 03/27/2026 - 18:25:47: [SM]   [2] Line 79, C:\Users\Moises\Downloads\Compressed\sourcemod-1.11.0-git6968-windows\addons\sourcemod\scripting\ÒankrunFixhealth.sp::Event_PlayerDeath
L 03/27/2026 - 18:25:49: [SM] Exception reported: Language phrase "Please wait to be revived or rescued" not found (arg 6)
L 03/27/2026 - 18:25:49: [SM] Blaming: l4dmultislots.smx
L 03/27/2026 - 18:25:49: [SM] Call stack trace:
L 03/27/2026 - 18:25:49: [SM]   [0] PrintToChat
L 03/27/2026 - 18:25:49: [SM]   [1] Line 953, d:\Github\Private-Work\L4D2-Êèí‰ª∂\scripting_1.11\l4dmultislots.sp::Timer_SpecCheck
L 03/27/2026 - 18:25:52: [SM] Exception reported: Invalid convar handle 0 (error 4)
L 03/27/2026 - 18:25:52: [SM] Blaming: ÒankrunFixhealth.smx
L 03/27/2026 - 18:25:52: [SM] Call stack trace:
L 03/27/2026 - 18:25:52: [SM]   [0] GetConVarString
L 03/27/2026 - 18:25:52: [SM]   [1] Line 138, C:\Users\Moises\Downloads\Compressed\sourcemod-1.11.0-git6968-windows\addons\sourcemod\scripting\ÒankrunFixhealth.sp::IsTankRunActive
L 03/27/2026 - 18:25:52: [SM]   [2] Line 79, C:\Users\Moises\Downloads\Compressed\sourcemod-1.11.0-git6968-windows\addons\sourcemod\scripting\ÒankrunFixhealth.sp::Event_PlayerDeath
L 03/27/2026 - 18:25:53: [SM] Exception reported: Invalid convar handle 0 (error 4)
L 03/27/2026 - 18:25:53: [SM] Blaming: ÒankrunFixhealth.smx
L 03/27/2026 - 18:25:53: [SM] Call stack trace:
L 03/27/2026 - 18:25:53: [SM]   [0] GetConVarString
L 03/27/2026 - 18:25:53: [SM]   [1] Line 138, C:\Users\Moises\Downloads\Compressed\sourcemod-1.11.0-git6968-windows\addons\sourcemod\scripting\ÒankrunFixhealth.sp::IsTankRunActive
L 03/27/2026 - 18:25:53: [SM]   [2] Line 91, C:\Users\Moises\Downloads\Compressed\sourcemod-1.11.0-git6968-windows\addons\sourcemod\scripting\ÒankrunFixhealth.sp::Event_MissionLost
L 03/27/2026 - 18:25:56: [SM] Exception reported: Invalid convar handle 0 (error 4)
L 03/27/2026 - 18:25:56: [SM] Blaming: ÒankrunFixhealth.smx
L 03/27/2026 - 18:25:56: [SM] Call stack trace:
L 03/27/2026 - 18:25:56: [SM]   [0] GetConVarString
L 03/27/2026 - 18:25:56: [SM]   [1] Line 138, C:\Users\Moises\Downloads\Compressed\sourcemod-1.11.0-git6968-windows\addons\sourcemod\scripting\ÒankrunFixhealth.sp::IsTankRunActive
L 03/27/2026 - 18:25:56: [SM]   [2] Line 36, C:\Users\Moises\Downloads\Compressed\sourcemod-1.11.0-git6968-windows\addons\sourcemod\scripting\ÒankrunFixhealth.sp::Timer_PeriodicCheck
L 03/27/2026 - 18:26:00: [SM] Exception reported: Invalid convar handle 0 (error 4)
L 03/27/2026 - 18:26:00: [SM] Blaming: ÒankrunFixhealth.smx
L 03/27/2026 - 18:26:00: [SM] Call stack trace:
L 03/27/2026 - 18:26:00: [SM]   [0] GetConVarString
L 03/27/2026 - 18:26:00: [SM]   [1] Line 138, C:\Users\Moises\Downloads\Compressed\sourcemod-1.11.0-git6968-windows\addons\sourcemod\scripting\ÒankrunFixhealth.sp::IsTankRunActive
L 03/27/2026 - 18:26:00: [SM]   [2] Line 54, C:\Users\Moises\Downloads\Compressed\sourcemod-1.11.0-git6968-windows\addons\sourcemod\scripting\ÒankrunFixhealth.sp::Event_RoundStart
L 03/27/2026 - 18:26:06: [SM] Exception reported: Invalid convar handle 0 (error 4)
L 03/27/2026 - 18:26:06: [SM] Blaming: ÒankrunFixhealth.smx
L 03/27/2026 - 18:26:06: [SM] Call stack trace:
L 03/27/2026 - 18:26:06: [SM]   [0] GetConVarString
L 03/27/2026 - 18:26:06: [SM]   [1] Line 138, C:\Users\Moises\Downloads\Compressed\sourcemod-1.11.0-git6968-windows\addons\sourcemod\scripting\ÒankrunFixhealth.sp::IsTankRunActive
L 03/27/2026 - 18:26:06: [SM]   [2] Line 36, C:\Users\Moises\Downloads\Compressed\sourcemod-1.11.0-git6968-windows\addons\sourcemod\scripting\ÒankrunFixhealth.sp::Timer_PeriodicCheck
L 03/27/2026 - 18:26:16: [SM] Exception reported: Invalid convar handle 0 (error 4)
L 03/27/2026 - 18:26:16: [SM] Blaming: ÒankrunFixhealth.smx
L 03/27/2026 - 18:26:16: [SM] Call stack trace:
L 03/27/2026 - 18:26:16: [SM]   [0] GetConVarString
L 03/27/2026 - 18:26:16: [SM]   [1] Line 138, C:\Users\Moises\Downloads\Compressed\sourcemod-1.11.0-git6968-windows\addons\sourcemod\scripting\ÒankrunFixhealth.sp::IsTankRunActive
L 03/27/2026 - 18:26:16: [SM]   [2] Line 36, C:\Users\Moises\Downloads\Compressed\sourcemod-1.11.0-git6968-windows\addons\sourcemod\scripting\ÒankrunFixhealth.sp::Timer_PeriodicCheck
L 03/27/2026 - 18:26:26: [SM] Exception reported: Invalid convar handle 0 (error 4)
L 03/27/2026 - 18:26:26: [SM] Blaming: ÒankrunFixhealth.smx
L 03/27/2026 - 18:26:26: [SM] Call stack trace:
L 03/27/2026 - 18:26:26: [SM]   [0] GetConVarString
L 03/27/2026 - 18:26:26: [SM]   [1] Line 138, C:\Users\Moises\Downloads\Compressed\sourcemod-1.11.0-git6968-windows\addons\sourcemod\scripting\ÒankrunFixhealth.sp::IsTankRunActive
L 03/27/2026 - 18:26:26: [SM]   [2] Line 36, C:\Users\Moises\Downloads\Compressed\sourcemod-1.11.0-git6968-windows\addons\sourcemod\scripting\ÒankrunFixhealth.sp::Timer_PeriodicCheck
L 03/27/2026 - 18:26:30: [SM] Exception reported: Invalid convar handle 0 (error 4)
L 03/27/2026 - 18:26:30: [SM] Blaming: ÒankrunFixhealth.smx
L 03/27/2026 - 18:26:30: [SM] Call stack trace:
L 03/27/2026 - 18:26:30: [SM]   [0] GetConVarString
L 03/27/2026 - 18:26:30: [SM]   [1] Line 138, C:\Users\Moises\Downloads\Compressed\sourcemod-1.11.0-git6968-windows\addons\sourcemod\scripting\ÒankrunFixhealth.sp::IsTankRunActive
L 03/27/2026 - 18:26:30: [SM]   [2] Line 79, C:\Users\Moises\Downloads\Compressed\sourcemod-1.11.0-git6968-windows\addons\sourcemod\scripting\ÒankrunFixhealth.sp::Event_PlayerDeath
L 03/27/2026 - 18:26:36: [SM] Exception reported: Invalid convar handle 0 (error 4)
L 03/27/2026 - 18:26:36: [SM] Blaming: ÒankrunFixhealth.smx
L 03/27/2026 - 18:26:36: [SM] Call stack trace:
L 03/27/2026 - 18:26:36: [SM]   [0] GetConVarString
L 03/27/2026 - 18:26:36: [SM]   [1] Line 138, C:\Users\Moises\Downloads\Compressed\sourcemod-1.11.0-git6968-windows\addons\sourcemod\scripting\ÒankrunFixhealth.sp::IsTankRunActive
L 03/27/2026 - 18:26:36: [SM]   [2] Line 36, C:\Users\Moises\Downloads\Compressed\sourcemod-1.11.0-git6968-windows\addons\sourcemod\scripting\ÒankrunFixhealth.sp::Timer_PeriodicCheck
L 03/27/2026 - 18:26:46: [SM] Exception reported: Invalid convar handle 0 (error 4)
L 03/27/2026 - 18:26:46: [SM] Blaming: ÒankrunFixhealth.smx
L 03/27/2026 - 18:26:46: [SM] Call stack trace:
L 03/27/2026 - 18:26:46: [SM]   [0] GetConVarString
L 03/27/2026 - 18:26:46: [SM]   [1] Line 138, C:\Users\Moises\Downloads\Compressed\sourcemod-1.11.0-git6968-windows\addons\sourcemod\scripting\ÒankrunFixhealth.sp::IsTankRunActive
L 03/27/2026 - 18:26:46: [SM]   [2] Line 36, C:\Users\Moises\Downloads\Compressed\sourcemod-1.11.0-git6968-windows\addons\sourcemod\scripting\ÒankrunFixhealth.sp::Timer_PeriodicCheck
L 03/27/2026 - 18:26:56: [SM] Exception reported: Invalid convar handle 0 (error 4)
L 03/27/2026 - 18:26:56: [SM] Blaming: ÒankrunFixhealth.smx
L 03/27/2026 - 18:26:56: [SM] Call stack trace:
L 03/27/2026 - 18:26:56: [SM]   [0] GetConVarString
L 03/27/2026 - 18:26:56: [SM]   [1] Line 138, C:\Users\Moises\Downloads\Compressed\sourcemod-1.11.0-git6968-windows\addons\sourcemod\scripting\ÒankrunFixhealth.sp::IsTankRunActive
L 03/27/2026 - 18:26:56: [SM]   [2] Line 79, C:\Users\Moises\Downloads\Compressed\sourcemod-1.11.0-git6968-windows\addons\sourcemod\scripting\ÒankrunFixhealth.sp::Event_PlayerDeath
L 03/27/2026 - 18:26:56: [SM] Exception reported: Invalid convar handle 0 (error 4)
L 03/27/2026 - 18:26:56: [SM] Blaming: ÒankrunFixhealth.smx
L 03/27/2026 - 18:26:56: [SM] Call stack trace:
L 03/27/2026 - 18:26:56: [SM]   [0] GetConVarString
L 03/27/2026 - 18:26:56: [SM]   [1] Line 138, C:\Users\Moises\Downloads\Compressed\sourcemod-1.11.0-git6968-windows\addons\sourcemod\scripting\ÒankrunFixhealth.sp::IsTankRunActive
L 03/27/2026 - 18:26:56: [SM]   [2] Line 79, C:\Users\Moises\Downloads\Compressed\sourcemod-1.11.0-git6968-windows\addons\sourcemod\scripting\ÒankrunFixhealth.sp::Event_PlayerDeath
L 03/27/2026 - 18:26:56: [SM] Exception reported: Invalid convar handle 0 (error 4)
L 03/27/2026 - 18:26:56: [SM] Blaming: ÒankrunFixhealth.smx
L 03/27/2026 - 18:26:56: [SM] Call stack trace:
L 03/27/2026 - 18:26:56: [SM]   [0] GetConVarString
L 03/27/2026 - 18:26:56: [SM]   [1] Line 138, C:\Users\Moises\Downloads\Compressed\sourcemod-1.11.0-git6968-windows\addons\sourcemod\scripting\ÒankrunFixhealth.sp::IsTankRunActive
L 03/27/2026 - 18:26:56: [SM]   [2] Line 36, C:\Users\Moises\Downloads\Compressed\sourcemod-1.11.0-git6968-windows\addons\sourcemod\scripting\ÒankrunFixhealth.sp::Timer_PeriodicCheck
L 03/27/2026 - 18:27:06: [SM] Exception reported: Invalid convar handle 0 (error 4)
L 03/27/2026 - 18:27:06: [SM] Blaming: ÒankrunFixhealth.smx
L 03/27/2026 - 18:27:06: [SM] Call stack trace:
L 03/27/2026 - 18:27:06: [SM]   [0] GetConVarString
L 03/27/2026 - 18:27:06: [SM]   [1] Line 138, C:\Users\Moises\Downloads\Compressed\sourcemod-1.11.0-git6968-windows\addons\sourcemod\scripting\ÒankrunFixhealth.sp::IsTankRunActive
L 03/27/2026 - 18:27:06: [SM]   [2] Line 36, C:\Users\Moises\Downloads\Compressed\sourcemod-1.11.0-git6968-windows\addons\sourcemod\scripting\ÒankrunFixhealth.sp::Timer_PeriodicCheck
L 03/27/2026 - 18:27:15: [SM] Exception reported: Language phrase "Please wait to be revived or rescued" not found (arg 6)
L 03/27/2026 - 18:27:15: [SM] Blaming: l4dmultislots.smx
L 03/27/2026 - 18:27:15: [SM] Call stack trace:
L 03/27/2026 - 18:27:15: [SM]   [0] PrintToChat
L 03/27/2026 - 18:27:15: [SM]   [1] Line 953, d:\Github\Private-Work\L4D2-Êèí‰ª∂\scripting_1.11\l4dmultislots.sp::Timer_SpecCheck
L 03/27/2026 - 18:27:16: [SM] Exception reported: Invalid convar handle 0 (error 4)
L 03/27/2026 - 18:27:16: [SM] Blaming: ÒankrunFixhealth.smx
L 03/27/2026 - 18:27:16: [SM] Call stack trace:
L 03/27/2026 - 18:27:16: [SM]   [0] GetConVarString
L 03/27/2026 - 18:27:16: [SM]   [1] Line 138, C:\Users\Moises\Downloads\Compressed\sourcemod-1.11.0-git6968-windows\addons\sourcemod\scripting\ÒankrunFixhealth.sp::IsTankRunActive
L 03/27/2026 - 18:27:16: [SM]   [2] Line 36, C:\Users\Moises\Downloads\Compressed\sourcemod-1.11.0-git6968-windows\addons\sourcemod\scripting\ÒankrunFixhealth.sp::Timer_PeriodicCheck
L 03/27/2026 - 18:27:26: [SM] Exception reported: Invalid convar handle 0 (error 4)
L 03/27/2026 - 18:27:26: [SM] Blaming: ÒankrunFixhealth.smx
L 03/27/2026 - 18:27:26: [SM] Call stack trace:
L 03/27/2026 - 18:27:26: [SM]   [0] GetConVarString
L 03/27/2026 - 18:27:26: [SM]   [1] Line 138, C:\Users\Moises\Downloads\Compressed\sourcemod-1.11.0-git6968-windows\addons\sourcemod\scripting\ÒankrunFixhealth.sp::IsTankRunActive
L 03/27/2026 - 18:27:26: [SM]   [2] Line 36, C:\Users\Moises\Downloads\Compressed\sourcemod-1.11.0-git6968-windows\addons\sourcemod\scripting\ÒankrunFixhealth.sp::Timer_PeriodicCheck
L 03/27/2026 - 18:27:33: [SM] Exception reported: Property "m_vecAngularVelocity" not found (entity 45/weapon_pistol)
L 03/27/2026 - 18:27:33: [SM] Blaming: l4d2_tank_core v4_5.smx
L 03/27/2026 - 18:27:33: [SM] Call stack trace:
L 03/27/2026 - 18:27:33: [SM]   [0] SetEntPropVector
L 03/27/2026 - 18:27:33: [SM]   [1] Line 650, D:\SteamLibrary\steamapps\common\Left 4 Dead 2\left4dead2\addons\sourcemod\scripting\l4d2_tank_core v4_5.sp::DropItemsPhysically
L 03/27/2026 - 18:27:33: [SM]   [2] Line 549, D:\SteamLibrary\steamapps\common\Left 4 Dead 2\left4dead2\addons\sourcemod\scripting\l4d2_tank_core v4_5.sp::Event_PlayerHurt
L 03/27/2026 - 18:27:35: [SM] Exception reported: Invalid convar handle 0 (error 4)
L 03/27/2026 - 18:27:35: [SM] Blaming: ÒankrunFixhealth.smx
L 03/27/2026 - 18:27:35: [SM] Call stack trace:
L 03/27/2026 - 18:27:35: [SM]   [0] GetConVarString
L 03/27/2026 - 18:27:35: [SM]   [1] Line 138, C:\Users\Moises\Downloads\Compressed\sourcemod-1.11.0-git6968-windows\addons\sourcemod\scripting\ÒankrunFixhealth.sp::IsTankRunActive
L 03/27/2026 - 18:27:35: [SM]   [2] Line 79, C:\Users\Moises\Downloads\Compressed\sourcemod-1.11.0-git6968-windows\addons\sourcemod\scripting\ÒankrunFixhealth.sp::Event_PlayerDeath
L 03/27/2026 - 18:27:36: [SM] Exception reported: Invalid convar handle 0 (error 4)
L 03/27/2026 - 18:27:36: [SM] Blaming: ÒankrunFixhealth.smx
L 03/27/2026 - 18:27:36: [SM] Call stack trace:
L 03/27/2026 - 18:27:36: [SM]   [0] GetConVarString
L 03/27/2026 - 18:27:36: [SM]   [1] Line 138, C:\Users\Moises\Downloads\Compressed\sourcemod-1.11.0-git6968-windows\addons\sourcemod\scripting\ÒankrunFixhealth.sp::IsTankRunActive
L 03/27/2026 - 18:27:36: [SM]   [2] Line 91, C:\Users\Moises\Downloads\Compressed\sourcemod-1.11.0-git6968-windows\addons\sourcemod\scripting\ÒankrunFixhealth.sp::Event_MissionLost
L 03/27/2026 - 18:27:36: [SM] Exception reported: Invalid convar handle 0 (error 4)
L 03/27/2026 - 18:27:36: [SM] Blaming: ÒankrunFixhealth.smx
L 03/27/2026 - 18:27:36: [SM] Call stack trace:
L 03/27/2026 - 18:27:36: [SM]   [0] GetConVarString
L 03/27/2026 - 18:27:36: [SM]   [1] Line 138, C:\Users\Moises\Downloads\Compressed\sourcemod-1.11.0-git6968-windows\addons\sourcemod\scripting\ÒankrunFixhealth.sp::IsTankRunActive
L 03/27/2026 - 18:27:36: [SM]   [2] Line 36, C:\Users\Moises\Downloads\Compressed\sourcemod-1.11.0-git6968-windows\addons\sourcemod\scripting\ÒankrunFixhealth.sp::Timer_PeriodicCheck
L 03/27/2026 - 18:27:43: [SM] Exception reported: Invalid convar handle 0 (error 4)
L 03/27/2026 - 18:27:43: [SM] Blaming: ÒankrunFixhealth.smx
L 03/27/2026 - 18:27:43: [SM] Call stack trace:
L 03/27/2026 - 18:27:43: [SM]   [0] GetConVarString
L 03/27/2026 - 18:27:43: [SM]   [1] Line 138, C:\Users\Moises\Downloads\Compressed\sourcemod-1.11.0-git6968-windows\addons\sourcemod\scripting\ÒankrunFixhealth.sp::IsTankRunActive
L 03/27/2026 - 18:27:43: [SM]   [2] Line 54, C:\Users\Moises\Downloads\Compressed\sourcemod-1.11.0-git6968-windows\addons\sourcemod\scripting\ÒankrunFixhealth.sp::Event_RoundStart
L 03/27/2026 - 18:27:43: [SM] Exception reported: Invalid timer handle a270053e (error 1)
L 03/27/2026 - 18:27:43: [SM] Blaming: l4d2_playerjoining_v2.smx
L 03/27/2026 - 18:27:43: [SM] Call stack trace:
L 03/27/2026 - 18:27:43: [SM]   [0] KillTimer
L 03/27/2026 - 18:27:43: [SM]   [1] Line 53, C:\Users\Moises\Downloads\Compressed\sourcemod-1.11.0-git6968-windows\addons\sourcemod\scripting\l4d2_playerjoining_v2.sp::OnClientDisconnect
L 03/27/2026 - 18:27:46: [SM] Exception reported: Invalid convar handle 0 (error 4)
L 03/27/2026 - 18:27:46: [SM] Blaming: ÒankrunFixhealth.smx
L 03/27/2026 - 18:27:46: [SM] Call stack trace:
L 03/27/2026 - 18:27:46: [SM]   [0] GetConVarString
L 03/27/2026 - 18:27:46: [SM]   [1] Line 138, C:\Users\Moises\Downloads\Compressed\sourcemod-1.11.0-git6968-windows\addons\sourcemod\scripting\ÒankrunFixhealth.sp::IsTankRunActive
L 03/27/2026 - 18:27:46: [SM]   [2] Line 36, C:\Users\Moises\Downloads\Compressed\sourcemod-1.11.0-git6968-windows\addons\sourcemod\scripting\ÒankrunFixhealth.sp::Timer_PeriodicCheck
L 03/27/2026 - 18:27:56: [SM] Exception reported: Invalid convar handle 0 (error 4)
L 03/27/2026 - 18:27:56: [SM] Blaming: ÒankrunFixhealth.smx
L 03/27/2026 - 18:27:56: [SM] Call stack trace:
L 03/27/2026 - 18:27:56: [SM]   [0] GetConVarString
L 03/27/2026 - 18:27:56: [SM]   [1] Line 138, C:\Users\Moises\Downloads\Compressed\sourcemod-1.11.0-git6968-windows\addons\sourcemod\scripting\ÒankrunFixhealth.sp::IsTankRunActive
L 03/27/2026 - 18:27:56: [SM]   [2] Line 36, C:\Users\Moises\Downloads\Compressed\sourcemod-1.11.0-git6968-windows\addons\sourcemod\scripting\ÒankrunFixhealth.sp::Timer_PeriodicCheck
L 03/27/2026 - 18:28:04: [SM] Exception reported: Invalid convar handle 0 (error 4)
L 03/27/2026 - 18:28:04: [SM] Blaming: ÒankrunFixhealth.smx
L 03/27/2026 - 18:28:04: [SM] Call stack trace:
L 03/27/2026 - 18:28:04: [SM]   [0] GetConVarString
L 03/27/2026 - 18:28:04: [SM]   [1] Line 138, C:\Users\Moises\Downloads\Compressed\sourcemod-1.11.0-git6968-windows\addons\sourcemod\scripting\ÒankrunFixhealth.sp::IsTankRunActive
L 03/27/2026 - 18:28:04: [SM]   [2] Line 79, C:\Users\Moises\Downloads\Compressed\sourcemod-1.11.0-git6968-windows\addons\sourcemod\scripting\ÒankrunFixhealth.sp::Event_PlayerDeath
L 03/27/2026 - 18:28:06: [SM] Exception reported: Invalid convar handle 0 (error 4)
L 03/27/2026 - 18:28:06: [SM] Blaming: ÒankrunFixhealth.smx
L 03/27/2026 - 18:28:06: [SM] Call stack trace:
L 03/27/2026 - 18:28:06: [SM]   [0] GetConVarString
L 03/27/2026 - 18:28:06: [SM]   [1] Line 138, C:\Users\Moises\Downloads\Compressed\sourcemod-1.11.0-git6968-windows\addons\sourcemod\scripting\ÒankrunFixhealth.sp::IsTankRunActive
L 03/27/2026 - 18:28:06: [SM]   [2] Line 36, C:\Users\Moises\Downloads\Compressed\sourcemod-1.11.0-git6968-windows\addons\sourcemod\scripting\ÒankrunFixhealth.sp::Timer_PeriodicCheck
L 03/27/2026 - 18:28:08: [SM] Exception reported: Invalid convar handle 0 (error 4)
L 03/27/2026 - 18:28:08: [SM] Blaming: ÒankrunFixhealth.smx
L 03/27/2026 - 18:28:08: [SM] Call stack trace:
L 03/27/2026 - 18:28:08: [SM]   [0] GetConVarString
L 03/27/2026 - 18:28:08: [SM]   [1] Line 138, C:\Users\Moises\Downloads\Compressed\sourcemod-1.11.0-git6968-windows\addons\sourcemod\scripting\ÒankrunFixhealth.sp::IsTankRunActive
L 03/27/2026 - 18:28:08: [SM]   [2] Line 79, C:\Users\Moises\Downloads\Compressed\sourcemod-1.11.0-git6968-windows\addons\sourcemod\scripting\ÒankrunFixhealth.sp::Event_PlayerDeath
L 03/27/2026 - 18:28:16: [SM] Exception reported: Invalid convar handle 0 (error 4)
L 03/27/2026 - 18:28:16: [SM] Blaming: ÒankrunFixhealth.smx
L 03/27/2026 - 18:28:16: [SM] Call stack trace:
L 03/27/2026 - 18:28:16: [SM]   [0] GetConVarString
L 03/27/2026 - 18:28:16: [SM]   [1] Line 138, C:\Users\Moises\Downloads\Compressed\sourcemod-1.11.0-git6968-windows\addons\sourcemod\scripting\ÒankrunFixhealth.sp::IsTankRunActive
L 03/27/2026 - 18:28:16: [SM]   [2] Line 36, C:\Users\Moises\Downloads\Compressed\sourcemod-1.11.0-git6968-windows\addons\sourcemod\scripting\ÒankrunFixhealth.sp::Timer_PeriodicCheck
L 03/27/2026 - 18:28:26: [SM] Exception reported: Invalid convar handle 0 (error 4)
L 03/27/2026 - 18:28:26: [SM] Blaming: ÒankrunFixhealth.smx
L 03/27/2026 - 18:28:26: [SM] Call stack trace:
L 03/27/2026 - 18:28:26: [SM]   [0] GetConVarString
L 03/27/2026 - 18:28:26: [SM]   [1] Line 138, C:\Users\Moises\Downloads\Compressed\sourcemod-1.11.0-git6968-windows\addons\sourcemod\scripting\ÒankrunFixhealth.sp::IsTankRunActive
L 03/27/2026 - 18:28:26: [SM]   [2] Line 36, C:\Users\Moises\Downloads\Compressed\sourcemod-1.11.0-git6968-windows\addons\sourcemod\scripting\ÒankrunFixhealth.sp::Timer_PeriodicCheck
L 03/27/2026 - 18:28:36: [SM] Exception reported: Invalid convar handle 0 (error 4)
L 03/27/2026 - 18:28:36: [SM] Blaming: ÒankrunFixhealth.smx
L 03/27/2026 - 18:28:36: [SM] Call stack trace:
L 03/27/2026 - 18:28:36: [SM]   [0] GetConVarString
L 03/27/2026 - 18:28:36: [SM]   [1] Line 138, C:\Users\Moises\Downloads\Compressed\sourcemod-1.11.0-git6968-windows\addons\sourcemod\scripting\ÒankrunFixhealth.sp::IsTankRunActive
L 03/27/2026 - 18:28:36: [SM]   [2] Line 36, C:\Users\Moises\Downloads\Compressed\sourcemod-1.11.0-git6968-windows\addons\sourcemod\scripting\ÒankrunFixhealth.sp::Timer_PeriodicCheck
L 03/27/2026 - 18:28:46: [SM] Exception reported: Invalid convar handle 0 (error 4)
L 03/27/2026 - 18:28:46: [SM] Blaming: ÒankrunFixhealth.smx
L 03/27/2026 - 18:28:46: [SM] Call stack trace:
L 03/27/2026 - 18:28:46: [SM]   [0] GetConVarString
L 03/27/2026 - 18:28:46: [SM]   [1] Line 138, C:\Users\Moises\Downloads\Compressed\sourcemod-1.11.0-git6968-windows\addons\sourcemod\scripting\ÒankrunFixhealth.sp::IsTankRunActive
L 03/27/2026 - 18:28:46: [SM]   [2] Line 36, C:\Users\Moises\Downloads\Compressed\sourcemod-1.11.0-git6968-windows\addons\sourcemod\scripting\ÒankrunFixhealth.sp::Timer_PeriodicCheck
L 03/27/2026 - 18:28:56: [SM] Exception reported: Invalid convar handle 0 (error 4)
L 03/27/2026 - 18:28:56: [SM] Blaming: ÒankrunFixhealth.smx
L 03/27/2026 - 18:28:56: [SM] Call stack trace:
L 03/27/2026 - 18:28:56: [SM]   [0] GetConVarString
L 03/27/2026 - 18:28:56: [SM]   [1] Line 138, C:\Users\Moises\Downloads\Compressed\sourcemod-1.11.0-git6968-windows\addons\sourcemod\scripting\ÒankrunFixhealth.sp::IsTankRunActive
L 03/27/2026 - 18:28:56: [SM]   [2] Line 36, C:\Users\Moises\Downloads\Compressed\sourcemod-1.11.0-git6968-windows\addons\sourcemod\scripting\ÒankrunFixhealth.sp::Timer_PeriodicCheck
L 03/27/2026 - 18:28:58: [SM] Exception reported: Language phrase "Please wait to be revived or rescued" not found (arg 6)
L 03/27/2026 - 18:28:58: [SM] Blaming: l4dmultislots.smx
L 03/27/2026 - 18:28:58: [SM] Call stack trace:
L 03/27/2026 - 18:28:58: [SM]   [0] PrintToChat
L 03/27/2026 - 18:28:58: [SM]   [1] Line 953, d:\Github\Private-Work\L4D2-Êèí‰ª∂\scripting_1.11\l4dmultislots.sp::Timer_SpecCheck
L 03/27/2026 - 18:28:59: [SM] Exception reported: Invalid timer handle 84200527 (error 3)
L 03/27/2026 - 18:28:59: [SM] Blaming: l4d2_playerjoining_v2.smx
L 03/27/2026 - 18:28:59: [SM] Call stack trace:
L 03/27/2026 - 18:28:59: [SM]   [0] KillTimer
L 03/27/2026 - 18:28:59: [SM]   [1] Line 53, C:\Users\Moises\Downloads\Compressed\sourcemod-1.11.0-git6968-windows\addons\sourcemod\scripting\l4d2_playerjoining_v2.sp::OnClientDisconnect
L 03/27/2026 - 18:28:59: [SM] Exception reported: Invalid convar handle 0 (error 4)
L 03/27/2026 - 18:28:59: [SM] Blaming: ÒankrunFixhealth.smx
L 03/27/2026 - 18:28:59: [SM] Call stack trace:
L 03/27/2026 - 18:28:59: [SM]   [0] GetConVarString
L 03/27/2026 - 18:28:59: [SM]   [1] Line 138, C:\Users\Moises\Downloads\Compressed\sourcemod-1.11.0-git6968-windows\addons\sourcemod\scripting\ÒankrunFixhealth.sp::IsTankRunActive
L 03/27/2026 - 18:28:59: [SM]   [2] Line 79, C:\Users\Moises\Downloads\Compressed\sourcemod-1.11.0-git6968-windows\addons\sourcemod\scripting\ÒankrunFixhealth.sp::Event_PlayerDeath
L 03/27/2026 - 18:29:00: [SM] Exception reported: Invalid convar handle 0 (error 4)
L 03/27/2026 - 18:29:00: [SM] Blaming: ÒankrunFixhealth.smx
L 03/27/2026 - 18:29:00: [SM] Call stack trace:
L 03/27/2026 - 18:29:00: [SM]   [0] GetConVarString
L 03/27/2026 - 18:29:00: [SM]   [1] Line 138, C:\Users\Moises\Downloads\Compressed\sourcemod-1.11.0-git6968-windows\addons\sourcemod\scripting\ÒankrunFixhealth.sp::IsTankRunActive
L 03/27/2026 - 18:29:00: [SM]   [2] Line 79, C:\Users\Moises\Downloads\Compressed\sourcemod-1.11.0-git6968-windows\addons\sourcemod\scripting\ÒankrunFixhealth.sp::Event_PlayerDeath
L 03/27/2026 - 18:29:00: [SM] Exception reported: Invalid convar handle 0 (error 4)
L 03/27/2026 - 18:29:00: [SM] Blaming: ÒankrunFixhealth.smx
L 03/27/2026 - 18:29:00: [SM] Call stack trace:
L 03/27/2026 - 18:29:00: [SM]   [0] GetConVarString
L 03/27/2026 - 18:29:00: [SM]   [1] Line 138, C:\Users\Moises\Downloads\Compressed\sourcemod-1.11.0-git6968-windows\addons\sourcemod\scripting\ÒankrunFixhealth.sp::IsTankRunActive
L 03/27/2026 - 18:29:00: [SM]   [2] Line 91, C:\Users\Moises\Downloads\Compressed\sourcemod-1.11.0-git6968-windows\addons\sourcemod\scripting\ÒankrunFixhealth.sp::Event_MissionLost
L 03/27/2026 - 18:29:06: [SM] Exception reported: Invalid convar handle 0 (error 4)
L 03/27/2026 - 18:29:06: [SM] Blaming: ÒankrunFixhealth.smx
L 03/27/2026 - 18:29:06: [SM] Call stack trace:
L 03/27/2026 - 18:29:06: [SM]   [0] GetConVarString
L 03/27/2026 - 18:29:06: [SM]   [1] Line 138, C:\Users\Moises\Downloads\Compressed\sourcemod-1.11.0-git6968-windows\addons\sourcemod\scripting\ÒankrunFixhealth.sp::IsTankRunActive
L 03/27/2026 - 18:29:06: [SM]   [2] Line 36, C:\Users\Moises\Downloads\Compressed\sourcemod-1.11.0-git6968-windows\addons\sourcemod\scripting\ÒankrunFixhealth.sp::Timer_PeriodicCheck
L 03/27/2026 - 18:29:07: [SM] Exception reported: Invalid convar handle 0 (error 4)
L 03/27/2026 - 18:29:07: [SM] Blaming: ÒankrunFixhealth.smx
L 03/27/2026 - 18:29:07: [SM] Call stack trace:
L 03/27/2026 - 18:29:07: [SM]   [0] GetConVarString
L 03/27/2026 - 18:29:07: [SM]   [1] Line 138, C:\Users\Moises\Downloads\Compressed\sourcemod-1.11.0-git6968-windows\addons\sourcemod\scripting\ÒankrunFixhealth.sp::IsTankRunActive
L 03/27/2026 - 18:29:07: [SM]   [2] Line 54, C:\Users\Moises\Downloads\Compressed\sourcemod-1.11.0-git6968-windows\addons\sourcemod\scripting\ÒankrunFixhealth.sp::Event_RoundStart
L 03/27/2026 - 18:29:07: [SM] Exception reported: Invalid timer handle a270053e (error 1)
L 03/27/2026 - 18:29:07: [SM] Blaming: l4d2_playerjoining_v2.smx
L 03/27/2026 - 18:29:07: [SM] Call stack trace:
L 03/27/2026 - 18:29:07: [SM]   [0] KillTimer
L 03/27/2026 - 18:29:07: [SM]   [1] Line 53, C:\Users\Moises\Downloads\Compressed\sourcemod-1.11.0-git6968-windows\addons\sourcemod\scripting\l4d2_playerjoining_v2.sp::OnClientDisconnect
L 03/27/2026 - 18:29:17: [SM] Exception reported: Invalid convar handle 0 (error 4)
L 03/27/2026 - 18:29:17: [SM] Blaming: ÒankrunFixhealth.smx
L 03/27/2026 - 18:29:17: [SM] Call stack trace:
L 03/27/2026 - 18:29:17: [SM]   [0] GetConVarString
L 03/27/2026 - 18:29:17: [SM]   [1] Line 138, C:\Users\Moises\Downloads\Compressed\sourcemod-1.11.0-git6968-windows\addons\sourcemod\scripting\ÒankrunFixhealth.sp::IsTankRunActive
L 03/27/2026 - 18:29:17: [SM]   [2] Line 36, C:\Users\Moises\Downloads\Compressed\sourcemod-1.11.0-git6968-windows\addons\sourcemod\scripting\ÒankrunFixhealth.sp::Timer_PeriodicCheck
L 03/27/2026 - 18:29:27: [SM] Exception reported: Invalid convar handle 0 (error 4)
L 03/27/2026 - 18:29:27: [SM] Blaming: ÒankrunFixhealth.smx
L 03/27/2026 - 18:29:27: [SM] Call stack trace:
L 03/27/2026 - 18:29:27: [SM]   [0] GetConVarString
L 03/27/2026 - 18:29:27: [SM]   [1] Line 138, C:\Users\Moises\Downloads\Compressed\sourcemod-1.11.0-git6968-windows\addons\sourcemod\scripting\ÒankrunFixhealth.sp::IsTankRunActive
L 03/27/2026 - 18:29:27: [SM]   [2] Line 36, C:\Users\Moises\Downloads\Compressed\sourcemod-1.11.0-git6968-windows\addons\sourcemod\scripting\ÒankrunFixhealth.sp::Timer_PeriodicCheck
L 03/27/2026 - 18:29:37: [SM] Exception reported: Invalid convar handle 0 (error 4)
L 03/27/2026 - 18:29:37: [SM] Blaming: ÒankrunFixhealth.smx
L 03/27/2026 - 18:29:37: [SM] Call stack trace:
L 03/27/2026 - 18:29:37: [SM]   [0] GetConVarString
L 03/27/2026 - 18:29:37: [SM]   [1] Line 138, C:\Users\Moises\Downloads\Compressed\sourcemod-1.11.0-git6968-windows\addons\sourcemod\scripting\ÒankrunFixhealth.sp::IsTankRunActive
L 03/27/2026 - 18:29:37: [SM]   [2] Line 36, C:\Users\Moises\Downloads\Compressed\sourcemod-1.11.0-git6968-windows\addons\sourcemod\scripting\ÒankrunFixhealth.sp::Timer_PeriodicCheck
L 03/27/2026 - 18:29:47: [SM] Exception reported: Invalid convar handle 0 (error 4)
L 03/27/2026 - 18:29:47: [SM] Blaming: ÒankrunFixhealth.smx
L 03/27/2026 - 18:29:47: [SM] Call stack trace:
L 03/27/2026 - 18:29:47: [SM]   [0] GetConVarString
L 03/27/2026 - 18:29:47: [SM]   [1] Line 138, C:\Users\Moises\Downloads\Compressed\sourcemod-1.11.0-git6968-windows\addons\sourcemod\scripting\ÒankrunFixhealth.sp::IsTankRunActive
L 03/27/2026 - 18:29:47: [SM]   [2] Line 36, C:\Users\Moises\Downloads\Compressed\sourcemod-1.11.0-git6968-windows\addons\sourcemod\scripting\ÒankrunFixhealth.sp::Timer_PeriodicCheck
L 03/27/2026 - 18:29:57: [SM] Exception reported: Invalid convar handle 0 (error 4)
L 03/27/2026 - 18:29:57: [SM] Blaming: ÒankrunFixhealth.smx
L 03/27/2026 - 18:29:57: [SM] Call stack trace:
L 03/27/2026 - 18:29:57: [SM]   [0] GetConVarString
L 03/27/2026 - 18:29:57: [SM]   [1] Line 138, C:\Users\Moises\Downloads\Compressed\sourcemod-1.11.0-git6968-windows\addons\sourcemod\scripting\ÒankrunFixhealth.sp::IsTankRunActive
L 03/27/2026 - 18:29:57: [SM]   [2] Line 36, C:\Users\Moises\Downloads\Compressed\sourcemod-1.11.0-git6968-windows\addons\sourcemod\scripting\ÒankrunFixhealth.sp::Timer_PeriodicCheck
L 03/27/2026 - 18:30:07: [SM] Exception reported: Invalid convar handle 0 (error 4)
L 03/27/2026 - 18:30:07: [SM] Blaming: ÒankrunFixhealth.smx
L 03/27/2026 - 18:30:07: [SM] Call stack trace:
L 03/27/2026 - 18:30:07: [SM]   [0] GetConVarString
L 03/27/2026 - 18:30:07: [SM]   [1] Line 138, C:\Users\Moises\Downloads\Compressed\sourcemod-1.11.0-git6968-windows\addons\sourcemod\scripting\ÒankrunFixhealth.sp::IsTankRunActive
L 03/27/2026 - 18:30:07: [SM]   [2] Line 36, C:\Users\Moises\Downloads\Compressed\sourcemod-1.11.0-git6968-windows\addons\sourcemod\scripting\ÒankrunFixhealth.sp::Timer_PeriodicCheck
L 03/27/2026 - 18:30:12: [SM] Exception reported: Invalid convar handle 0 (error 4)
L 03/27/2026 - 18:30:12: [SM] Blaming: ÒankrunFixhealth.smx
L 03/27/2026 - 18:30:12: [SM] Call stack trace:
L 03/27/2026 - 18:30:12: [SM]   [0] GetConVarString
L 03/27/2026 - 18:30:12: [SM]   [1] Line 138, C:\Users\Moises\Downloads\Compressed\sourcemod-1.11.0-git6968-windows\addons\sourcemod\scripting\ÒankrunFixhealth.sp::IsTankRunActive
L 03/27/2026 - 18:30:12: [SM]   [2] Line 79, C:\Users\Moises\Downloads\Compressed\sourcemod-1.11.0-git6968-windows\addons\sourcemod\scripting\ÒankrunFixhealth.sp::Event_PlayerDeath
L 03/27/2026 - 18:30:16: [SM] Exception reported: Invalid convar handle 0 (error 4)
L 03/27/2026 - 18:30:16: [SM] Blaming: ÒankrunFixhealth.smx
L 03/27/2026 - 18:30:16: [SM] Call stack trace:
L 03/27/2026 - 18:30:16: [SM]   [0] GetConVarString
L 03/27/2026 - 18:30:16: [SM]   [1] Line 138, C:\Users\Moises\Downloads\Compressed\sourcemod-1.11.0-git6968-windows\addons\sourcemod\scripting\ÒankrunFixhealth.sp::IsTankRunActive
L 03/27/2026 - 18:30:16: [SM]   [2] Line 79, C:\Users\Moises\Downloads\Compressed\sourcemod-1.11.0-git6968-windows\addons\sourcemod\scripting\ÒankrunFixhealth.sp::Event_PlayerDeath
L 03/27/2026 - 18:30:17: [SM] Exception reported: Invalid convar handle 0 (error 4)
L 03/27/2026 - 18:30:17: [SM] Blaming: ÒankrunFixhealth.smx
L 03/27/2026 - 18:30:17: [SM] Call stack trace:
L 03/27/2026 - 18:30:17: [SM]   [0] GetConVarString
L 03/27/2026 - 18:30:17: [SM]   [1] Line 138, C:\Users\Moises\Downloads\Compressed\sourcemod-1.11.0-git6968-windows\addons\sourcemod\scripting\ÒankrunFixhealth.sp::IsTankRunActive
L 03/27/2026 - 18:30:17: [SM]   [2] Line 36, C:\Users\Moises\Downloads\Compressed\sourcemod-1.11.0-git6968-windows\addons\sourcemod\scripting\ÒankrunFixhealth.sp::Timer_PeriodicCheck
L 03/27/2026 - 18:30:18: [SM] Exception reported: Invalid convar handle 0 (error 4)
L 03/27/2026 - 18:30:18: [SM] Blaming: ÒankrunFixhealth.smx
L 03/27/2026 - 18:30:18: [SM] Call stack trace:
L 03/27/2026 - 18:30:18: [SM]   [0] GetConVarString
L 03/27/2026 - 18:30:18: [SM]   [1] Line 138, C:\Users\Moises\Downloads\Compressed\sourcemod-1.11.0-git6968-windows\addons\sourcemod\scripting\ÒankrunFixhealth.sp::IsTankRunActive
L 03/27/2026 - 18:30:18: [SM]   [2] Line 79, C:\Users\Moises\Downloads\Compressed\sourcemod-1.11.0-git6968-windows\addons\sourcemod\scripting\ÒankrunFixhealth.sp::Event_PlayerDeath
L 03/27/2026 - 18:30:22: [SM] Exception reported: Language phrase "Please wait to be revived or rescued" not found (arg 6)
L 03/27/2026 - 18:30:22: [SM] Blaming: l4dmultislots.smx
L 03/27/2026 - 18:30:22: [SM] Call stack trace:
L 03/27/2026 - 18:30:22: [SM]   [0] PrintToChat
L 03/27/2026 - 18:30:22: [SM]   [1] Line 953, d:\Github\Private-Work\L4D2-Êèí‰ª∂\scripting_1.11\l4dmultislots.sp::Timer_SpecCheck
L 03/27/2026 - 18:30:27: [SM] Exception reported: Invalid convar handle 0 (error 4)
L 03/27/2026 - 18:30:27: [SM] Blaming: ÒankrunFixhealth.smx
L 03/27/2026 - 18:30:27: [SM] Call stack trace:
L 03/27/2026 - 18:30:27: [SM]   [0] GetConVarString
L 03/27/2026 - 18:30:27: [SM]   [1] Line 138, C:\Users\Moises\Downloads\Compressed\sourcemod-1.11.0-git6968-windows\addons\sourcemod\scripting\ÒankrunFixhealth.sp::IsTankRunActive
L 03/27/2026 - 18:30:27: [SM]   [2] Line 36, C:\Users\Moises\Downloads\Compressed\sourcemod-1.11.0-git6968-windows\addons\sourcemod\scripting\ÒankrunFixhealth.sp::Timer_PeriodicCheck
L 03/27/2026 - 18:30:30: [SM] Exception reported: Invalid convar handle 0 (error 4)
L 03/27/2026 - 18:30:30: [SM] Blaming: ÒankrunFixhealth.smx
L 03/27/2026 - 18:30:30: [SM] Call stack trace:
L 03/27/2026 - 18:30:30: [SM]   [0] GetConVarString
L 03/27/2026 - 18:30:30: [SM]   [1] Line 138, C:\Users\Moises\Downloads\Compressed\sourcemod-1.11.0-git6968-windows\addons\sourcemod\scripting\ÒankrunFixhealth.sp::IsTankRunActive
L 03/27/2026 - 18:30:30: [SM]   [2] Line 79, C:\Users\Moises\Downloads\Compressed\sourcemod-1.11.0-git6968-windows\addons\sourcemod\scripting\ÒankrunFixhealth.sp::Event_PlayerDeath
L 03/27/2026 - 18:30:37: [SM] Exception reported: Invalid convar handle 0 (error 4)
L 03/27/2026 - 18:30:37: [SM] Blaming: ÒankrunFixhealth.smx
L 03/27/2026 - 18:30:37: [SM] Call stack trace:
L 03/27/2026 - 18:30:37: [SM]   [0] GetConVarString
L 03/27/2026 - 18:30:37: [SM]   [1] Line 138, C:\Users\Moises\Downloads\Compressed\sourcemod-1.11.0-git6968-windows\addons\sourcemod\scripting\ÒankrunFixhealth.sp::IsTankRunActive
L 03/27/2026 - 18:30:37: [SM]   [2] Line 79, C:\Users\Moises\Downloads\Compressed\sourcemod-1.11.0-git6968-windows\addons\sourcemod\scripting\ÒankrunFixhealth.sp::Event_PlayerDeath
L 03/27/2026 - 18:30:37: [SM] Exception reported: Invalid convar handle 0 (error 4)
L 03/27/2026 - 18:30:37: [SM] Blaming: ÒankrunFixhealth.smx
L 03/27/2026 - 18:30:37: [SM] Call stack trace:
L 03/27/2026 - 18:30:37: [SM]   [0] GetConVarString
L 03/27/2026 - 18:30:37: [SM]   [1] Line 138, C:\Users\Moises\Downloads\Compressed\sourcemod-1.11.0-git6968-windows\addons\sourcemod\scripting\ÒankrunFixhealth.sp::IsTankRunActive
L 03/27/2026 - 18:30:37: [SM]   [2] Line 36, C:\Users\Moises\Downloads\Compressed\sourcemod-1.11.0-git6968-windows\addons\sourcemod\scripting\ÒankrunFixhealth.sp::Timer_PeriodicCheck
L 03/27/2026 - 18:30:38: [SM] Exception reported: Invalid convar handle 0 (error 4)
L 03/27/2026 - 18:30:38: [SM] Blaming: ÒankrunFixhealth.smx
L 03/27/2026 - 18:30:38: [SM] Call stack trace:
L 03/27/2026 - 18:30:38: [SM]   [0] GetConVarString
L 03/27/2026 - 18:30:38: [SM]   [1] Line 138, C:\Users\Moises\Downloads\Compressed\sourcemod-1.11.0-git6968-windows\addons\sourcemod\scripting\ÒankrunFixhealth.sp::IsTankRunActive
L 03/27/2026 - 18:30:38: [SM]   [2] Line 79, C:\Users\Moises\Downloads\Compressed\sourcemod-1.11.0-git6968-windows\addons\sourcemod\scripting\ÒankrunFixhealth.sp::Event_PlayerDeath
L 03/27/2026 - 18:30:38: [SM] Exception reported: Invalid convar handle 0 (error 4)
L 03/27/2026 - 18:30:38: [SM] Blaming: ÒankrunFixhealth.smx
L 03/27/2026 - 18:30:38: [SM] Call stack trace:
L 03/27/2026 - 18:30:38: [SM]   [0] GetConVarString
L 03/27/2026 - 18:30:38: [SM]   [1] Line 138, C:\Users\Moises\Downloads\Compressed\sourcemod-1.11.0-git6968-windows\addons\sourcemod\scripting\ÒankrunFixhealth.sp::IsTankRunActive
L 03/27/2026 - 18:30:38: [SM]   [2] Line 91, C:\Users\Moises\Downloads\Compressed\sourcemod-1.11.0-git6968-windows\addons\sourcemod\scripting\ÒankrunFixhealth.sp::Event_MissionLost
L 03/27/2026 - 18:30:44: [SM] Exception reported: Invalid timer handle 84200527 (error 3)
L 03/27/2026 - 18:30:44: [SM] Blaming: l4d2_playerjoining_v2.smx
L 03/27/2026 - 18:30:44: [SM] Call stack trace:
L 03/27/2026 - 18:30:44: [SM]   [0] KillTimer
L 03/27/2026 - 18:30:44: [SM]   [1] Line 53, C:\Users\Moises\Downloads\Compressed\sourcemod-1.11.0-git6968-windows\addons\sourcemod\scripting\l4d2_playerjoining_v2.sp::OnClientDisconnect
L 03/27/2026 - 18:30:45: [SM] Exception reported: Invalid convar handle 0 (error 4)
L 03/27/2026 - 18:30:45: [SM] Blaming: ÒankrunFixhealth.smx
L 03/27/2026 - 18:30:45: [SM] Call stack trace:
L 03/27/2026 - 18:30:45: [SM]   [0] GetConVarString
L 03/27/2026 - 18:30:45: [SM]   [1] Line 138, C:\Users\Moises\Downloads\Compressed\sourcemod-1.11.0-git6968-windows\addons\sourcemod\scripting\ÒankrunFixhealth.sp::IsTankRunActive
L 03/27/2026 - 18:30:45: [SM]   [2] Line 54, C:\Users\Moises\Downloads\Compressed\sourcemod-1.11.0-git6968-windows\addons\sourcemod\scripting\ÒankrunFixhealth.sp::Event_RoundStart
L 03/27/2026 - 18:30:45: [SM] Exception reported: Invalid timer handle a270053e (error 3)
L 03/27/2026 - 18:30:45: [SM] Blaming: l4d2_playerjoining_v2.smx
L 03/27/2026 - 18:30:45: [SM] Call stack trace:
L 03/27/2026 - 18:30:45: [SM]   [0] KillTimer
L 03/27/2026 - 18:30:45: [SM]   [1] Line 53, C:\Users\Moises\Downloads\Compressed\sourcemod-1.11.0-git6968-windows\addons\sourcemod\scripting\l4d2_playerjoining_v2.sp::OnClientDisconnect
L 03/27/2026 - 18:30:47: [SM] Exception reported: Invalid convar handle 0 (error 4)
L 03/27/2026 - 18:30:47: [SM] Blaming: ÒankrunFixhealth.smx
L 03/27/2026 - 18:30:47: [SM] Call stack trace:
L 03/27/2026 - 18:30:47: [SM]   [0] GetConVarString
L 03/27/2026 - 18:30:47: [SM]   [1] Line 138, C:\Users\Moises\Downloads\Compressed\sourcemod-1.11.0-git6968-windows\addons\sourcemod\scripting\ÒankrunFixhealth.sp::IsTankRunActive
L 03/27/2026 - 18:30:47: [SM]   [2] Line 36, C:\Users\Moises\Downloads\Compressed\sourcemod-1.11.0-git6968-windows\addons\sourcemod\scripting\ÒankrunFixhealth.sp::Timer_PeriodicCheck
L 03/27/2026 - 18:30:57: [SM] Exception reported: Invalid convar handle 0 (error 4)
L 03/27/2026 - 18:30:57: [SM] Blaming: ÒankrunFixhealth.smx
L 03/27/2026 - 18:30:57: [SM] Call stack trace:
L 03/27/2026 - 18:30:57: [SM]   [0] GetConVarString
L 03/27/2026 - 18:30:57: [SM]   [1] Line 138, C:\Users\Moises\Downloads\Compressed\sourcemod-1.11.0-git6968-windows\addons\sourcemod\scripting\ÒankrunFixhealth.sp::IsTankRunActive
L 03/27/2026 - 18:30:57: [SM]   [2] Line 36, C:\Users\Moises\Downloads\Compressed\sourcemod-1.11.0-git6968-windows\addons\sourcemod\scripting\ÒankrunFixhealth.sp::Timer_PeriodicCheck
L 03/27/2026 - 18:31:07: [SM] Exception reported: Invalid convar handle 0 (error 4)
L 03/27/2026 - 18:31:07: [SM] Blaming: ÒankrunFixhealth.smx
L 03/27/2026 - 18:31:07: [SM] Call stack trace:
L 03/27/2026 - 18:31:07: [SM]   [0] GetConVarString
L 03/27/2026 - 18:31:07: [SM]   [1] Line 138, C:\Users\Moises\Downloads\Compressed\sourcemod-1.11.0-git6968-windows\addons\sourcemod\scripting\ÒankrunFixhealth.sp::IsTankRunActive
L 03/27/2026 - 18:31:07: [SM]   [2] Line 36, C:\Users\Moises\Downloads\Compressed\sourcemod-1.11.0-git6968-windows\addons\sourcemod\scripting\ÒankrunFixhealth.sp::Timer_PeriodicCheck
L 03/27/2026 - 18:31:17: [SM] Exception reported: Invalid convar handle 0 (error 4)
L 03/27/2026 - 18:31:17: [SM] Blaming: ÒankrunFixhealth.smx
L 03/27/2026 - 18:31:17: [SM] Call stack trace:
L 03/27/2026 - 18:31:17: [SM]   [0] GetConVarString
L 03/27/2026 - 18:31:17: [SM]   [1] Line 138, C:\Users\Moises\Downloads\Compressed\sourcemod-1.11.0-git6968-windows\addons\sourcemod\scripting\ÒankrunFixhealth.sp::IsTankRunActive
L 03/27/2026 - 18:31:17: [SM]   [2] Line 36, C:\Users\Moises\Downloads\Compressed\sourcemod-1.11.0-git6968-windows\addons\sourcemod\scripting\ÒankrunFixhealth.sp::Timer_PeriodicCheck
L 03/27/2026 - 18:31:27: [SM] Exception reported: Invalid convar handle 0 (error 4)
L 03/27/2026 - 18:31:27: [SM] Blaming: ÒankrunFixhealth.smx
L 03/27/2026 - 18:31:27: [SM] Call stack trace:
L 03/27/2026 - 18:31:27: [SM]   [0] GetConVarString
L 03/27/2026 - 18:31:27: [SM]   [1] Line 138, C:\Users\Moises\Downloads\Compressed\sourcemod-1.11.0-git6968-windows\addons\sourcemod\scripting\ÒankrunFixhealth.sp::IsTankRunActive
L 03/27/2026 - 18:31:27: [SM]   [2] Line 36, C:\Users\Moises\Downloads\Compressed\sourcemod-1.11.0-git6968-windows\addons\sourcemod\scripting\ÒankrunFixhealth.sp::Timer_PeriodicCheck
L 03/27/2026 - 18:31:35: [SM] Exception reported: Invalid convar handle 0 (error 4)
L 03/27/2026 - 18:31:35: [SM] Blaming: ÒankrunFixhealth.smx
L 03/27/2026 - 18:31:35: [SM] Call stack trace:
L 03/27/2026 - 18:31:35: [SM]   [0] GetConVarString
L 03/27/2026 - 18:31:35: [SM]   [1] Line 138, C:\Users\Moises\Downloads\Compressed\sourcemod-1.11.0-git6968-windows\addons\sourcemod\scripting\ÒankrunFixhealth.sp::IsTankRunActive
L 03/27/2026 - 18:31:35: [SM]   [2] Line 79, C:\Users\Moises\Downloads\Compressed\sourcemod-1.11.0-git6968-windows\addons\sourcemod\scripting\ÒankrunFixhealth.sp::Event_PlayerDeath
L 03/27/2026 - 18:31:37: [SM] Exception reported: Invalid convar handle 0 (error 4)
L 03/27/2026 - 18:31:37: [SM] Blaming: ÒankrunFixhealth.smx
L 03/27/2026 - 18:31:37: [SM] Call stack trace:
L 03/27/2026 - 18:31:37: [SM]   [0] GetConVarString
L 03/27/2026 - 18:31:37: [SM]   [1] Line 138, C:\Users\Moises\Downloads\Compressed\sourcemod-1.11.0-git6968-windows\addons\sourcemod\scripting\ÒankrunFixhealth.sp::IsTankRunActive
L 03/27/2026 - 18:31:37: [SM]   [2] Line 36, C:\Users\Moises\Downloads\Compressed\sourcemod-1.11.0-git6968-windows\addons\sourcemod\scripting\ÒankrunFixhealth.sp::Timer_PeriodicCheck
L 03/27/2026 - 18:31:39: [SM] Exception reported: Invalid convar handle 0 (error 4)
L 03/27/2026 - 18:31:39: [SM] Blaming: ÒankrunFixhealth.smx
L 03/27/2026 - 18:31:39: [SM] Call stack trace:
L 03/27/2026 - 18:31:39: [SM]   [0] GetConVarString
L 03/27/2026 - 18:31:39: [SM]   [1] Line 138, C:\Users\Moises\Downloads\Compressed\sourcemod-1.11.0-git6968-windows\addons\sourcemod\scripting\ÒankrunFixhealth.sp::IsTankRunActive
L 03/27/2026 - 18:31:39: [SM]   [2] Line 79, C:\Users\Moises\Downloads\Compressed\sourcemod-1.11.0-git6968-windows\addons\sourcemod\scripting\ÒankrunFixhealth.sp::Event_PlayerDeath
L 03/27/2026 - 18:31:42: [SM] Exception reported: Invalid timer handle 84200527 (error 3)
L 03/27/2026 - 18:31:42: [SM] Blaming: l4d2_playerjoining_v2.smx
L 03/27/2026 - 18:31:42: [SM] Call stack trace:
L 03/27/2026 - 18:31:42: [SM]   [0] KillTimer
L 03/27/2026 - 18:31:42: [SM]   [1] Line 53, C:\Users\Moises\Downloads\Compressed\sourcemod-1.11.0-git6968-windows\addons\sourcemod\scripting\l4d2_playerjoining_v2.sp::OnClientDisconnect
L 03/27/2026 - 18:31:47: [SM] Exception reported: Invalid convar handle 0 (error 4)
L 03/27/2026 - 18:31:47: [SM] Blaming: ÒankrunFixhealth.smx
L 03/27/2026 - 18:31:47: [SM] Call stack trace:
L 03/27/2026 - 18:31:47: [SM]   [0] GetConVarString
L 03/27/2026 - 18:31:47: [SM]   [1] Line 138, C:\Users\Moises\Downloads\Compressed\sourcemod-1.11.0-git6968-windows\addons\sourcemod\scripting\ÒankrunFixhealth.sp::IsTankRunActive
L 03/27/2026 - 18:31:47: [SM]   [2] Line 36, C:\Users\Moises\Downloads\Compressed\sourcemod-1.11.0-git6968-windows\addons\sourcemod\scripting\ÒankrunFixhealth.sp::Timer_PeriodicCheck
L 03/27/2026 - 18:31:47: [SM] Exception reported: Invalid convar handle 0 (error 4)
L 03/27/2026 - 18:31:47: [SM] Blaming: ÒankrunFixhealth.smx
L 03/27/2026 - 18:31:47: [SM] Call stack trace:
L 03/27/2026 - 18:31:47: [SM]   [0] GetConVarString
L 03/27/2026 - 18:31:47: [SM]   [1] Line 138, C:\Users\Moises\Downloads\Compressed\sourcemod-1.11.0-git6968-windows\addons\sourcemod\scripting\ÒankrunFixhealth.sp::IsTankRunActive
L 03/27/2026 - 18:31:47: [SM]   [2] Line 79, C:\Users\Moises\Downloads\Compressed\sourcemod-1.11.0-git6968-windows\addons\sourcemod\scripting\ÒankrunFixhealth.sp::Event_PlayerDeath
L 03/27/2026 - 18:31:55: [SM] Exception reported: Invalid convar handle 0 (error 4)
L 03/27/2026 - 18:31:55: [SM] Blaming: ÒankrunFixhealth.smx
L 03/27/2026 - 18:31:55: [SM] Call stack trace:
L 03/27/2026 - 18:31:55: [SM]   [0] GetConVarString
L 03/27/2026 - 18:31:55: [SM]   [1] Line 138, C:\Users\Moises\Downloads\Compressed\sourcemod-1.11.0-git6968-windows\addons\sourcemod\scripting\ÒankrunFixhealth.sp::IsTankRunActive
L 03/27/2026 - 18:31:55: [SM]   [2] Line 79, C:\Users\Moises\Downloads\Compressed\sourcemod-1.11.0-git6968-windows\addons\sourcemod\scripting\ÒankrunFixhealth.sp::Event_PlayerDeath
L 03/27/2026 - 18:31:57: [SM] Exception reported: Invalid convar handle 0 (error 4)
L 03/27/2026 - 18:31:57: [SM] Blaming: ÒankrunFixhealth.smx
L 03/27/2026 - 18:31:57: [SM] Call stack trace:
L 03/27/2026 - 18:31:57: [SM]   [0] GetConVarString
L 03/27/2026 - 18:31:57: [SM]   [1] Line 138, C:\Users\Moises\Downloads\Compressed\sourcemod-1.11.0-git6968-windows\addons\sourcemod\scripting\ÒankrunFixhealth.sp::IsTankRunActive
L 03/27/2026 - 18:31:57: [SM]   [2] Line 36, C:\Users\Moises\Downloads\Compressed\sourcemod-1.11.0-git6968-windows\addons\sourcemod\scripting\ÒankrunFixhealth.sp::Timer_PeriodicCheck
L 03/27/2026 - 18:32:00: [SM] Exception reported: Language phrase "Please wait to be revived or rescued" not found (arg 6)
L 03/27/2026 - 18:32:00: [SM] Blaming: l4dmultislots.smx
L 03/27/2026 - 18:32:00: [SM] Call stack trace:
L 03/27/2026 - 18:32:00: [SM]   [0] PrintToChat
L 03/27/2026 - 18:32:00: [SM]   [1] Line 953, d:\Github\Private-Work\L4D2-Êèí‰ª∂\scripting_1.11\l4dmultislots.sp::Timer_SpecCheck
L 03/27/2026 - 18:32:02: [SM] Exception reported: Invalid timer handle 84200527 (error 3)
L 03/27/2026 - 18:32:02: [SM] Blaming: l4d2_playerjoining_v2.smx
L 03/27/2026 - 18:32:02: [SM] Call stack trace:
L 03/27/2026 - 18:32:02: [SM]   [0] KillTimer
L 03/27/2026 - 18:32:02: [SM]   [1] Line 53, C:\Users\Moises\Downloads\Compressed\sourcemod-1.11.0-git6968-windows\addons\sourcemod\scripting\l4d2_playerjoining_v2.sp::OnClientDisconnect
L 03/27/2026 - 18:32:07: [SM] Exception reported: Invalid convar handle 0 (error 4)
L 03/27/2026 - 18:32:07: [SM] Blaming: ÒankrunFixhealth.smx
L 03/27/2026 - 18:32:07: [SM] Call stack trace:
L 03/27/2026 - 18:32:07: [SM]   [0] GetConVarString
L 03/27/2026 - 18:32:07: [SM]   [1] Line 138, C:\Users\Moises\Downloads\Compressed\sourcemod-1.11.0-git6968-windows\addons\sourcemod\scripting\ÒankrunFixhealth.sp::IsTankRunActive
L 03/27/2026 - 18:32:07: [SM]   [2] Line 36, C:\Users\Moises\Downloads\Compressed\sourcemod-1.11.0-git6968-windows\addons\sourcemod\scripting\ÒankrunFixhealth.sp::Timer_PeriodicCheck
L 03/27/2026 - 18:32:15: [SM] Exception reported: Invalid convar handle 0 (error 4)
L 03/27/2026 - 18:32:15: [SM] Blaming: ÒankrunFixhealth.smx
L 03/27/2026 - 18:32:15: [SM] Call stack trace:
L 03/27/2026 - 18:32:15: [SM]   [0] GetConVarString
L 03/27/2026 - 18:32:15: [SM]   [1] Line 138, C:\Users\Moises\Downloads\Compressed\sourcemod-1.11.0-git6968-windows\addons\sourcemod\scripting\ÒankrunFixhealth.sp::IsTankRunActive
L 03/27/2026 - 18:32:15: [SM]   [2] Line 79, C:\Users\Moises\Downloads\Compressed\sourcemod-1.11.0-git6968-windows\addons\sourcemod\scripting\ÒankrunFixhealth.sp::Event_PlayerDeath
L 03/27/2026 - 18:32:17: [SM] Exception reported: Invalid convar handle 0 (error 4)
L 03/27/2026 - 18:32:17: [SM] Blaming: ÒankrunFixhealth.smx
L 03/27/2026 - 18:32:17: [SM] Call stack trace:
L 03/27/2026 - 18:32:17: [SM]   [0] GetConVarString
L 03/27/2026 - 18:32:17: [SM]   [1] Line 138, C:\Users\Moises\Downloads\Compressed\sourcemod-1.11.0-git6968-windows\addons\sourcemod\scripting\ÒankrunFixhealth.sp::IsTankRunActive
L 03/27/2026 - 18:32:17: [SM]   [2] Line 36, C:\Users\Moises\Downloads\Compressed\sourcemod-1.11.0-git6968-windows\addons\sourcemod\scripting\ÒankrunFixhealth.sp::Timer_PeriodicCheck
L 03/27/2026 - 18:32:25: [SM] Exception reported: Language phrase "Please wait to be revived or rescued" not found (arg 6)
L 03/27/2026 - 18:32:25: [SM] Blaming: l4dmultislots.smx
L 03/27/2026 - 18:32:25: [SM] Call stack trace:
L 03/27/2026 - 18:32:25: [SM]   [0] PrintToChat
L 03/27/2026 - 18:32:25: [SM]   [1] Line 953, d:\Github\Private-Work\L4D2-Êèí‰ª∂\scripting_1.11\l4dmultislots.sp::Timer_SpecCheck
L 03/27/2026 - 18:32:27: [SM] Exception reported: Invalid convar handle 0 (error 4)
L 03/27/2026 - 18:32:27: [SM] Blaming: ÒankrunFixhealth.smx
L 03/27/2026 - 18:32:27: [SM] Call stack trace:
L 03/27/2026 - 18:32:27: [SM]   [0] GetConVarString
L 03/27/2026 - 18:32:27: [SM]   [1] Line 138, C:\Users\Moises\Downloads\Compressed\sourcemod-1.11.0-git6968-windows\addons\sourcemod\scripting\ÒankrunFixhealth.sp::IsTankRunActive
L 03/27/2026 - 18:32:27: [SM]   [2] Line 36, C:\Users\Moises\Downloads\Compressed\sourcemod-1.11.0-git6968-windows\addons\sourcemod\scripting\ÒankrunFixhealth.sp::Timer_PeriodicCheck
L 03/27/2026 - 18:32:37: [SM] Exception reported: Invalid convar handle 0 (error 4)
L 03/27/2026 - 18:32:37: [SM] Blaming: ÒankrunFixhealth.smx
L 03/27/2026 - 18:32:37: [SM] Call stack trace:
L 03/27/2026 - 18:32:37: [SM]   [0] GetConVarString
L 03/27/2026 - 18:32:37: [SM]   [1] Line 138, C:\Users\Moises\Downloads\Compressed\sourcemod-1.11.0-git6968-windows\addons\sourcemod\scripting\ÒankrunFixhealth.sp::IsTankRunActive
L 03/27/2026 - 18:32:37: [SM]   [2] Line 36, C:\Users\Moises\Downloads\Compressed\sourcemod-1.11.0-git6968-windows\addons\sourcemod\scripting\ÒankrunFixhealth.sp::Timer_PeriodicCheck
L 03/27/2026 - 18:32:38: [SM] Exception reported: Invalid convar handle 0 (error 4)
L 03/27/2026 - 18:32:38: [SM] Blaming: ÒankrunFixhealth.smx
L 03/27/2026 - 18:32:38: [SM] Call stack trace:
L 03/27/2026 - 18:32:38: [SM]   [0] GetConVarString
L 03/27/2026 - 18:32:38: [SM]   [1] Line 138, C:\Users\Moises\Downloads\Compressed\sourcemod-1.11.0-git6968-windows\addons\sourcemod\scripting\ÒankrunFixhealth.sp::IsTankRunActive
L 03/27/2026 - 18:32:38: [SM]   [2] Line 79, C:\Users\Moises\Downloads\Compressed\sourcemod-1.11.0-git6968-windows\addons\sourcemod\scripting\ÒankrunFixhealth.sp::Event_PlayerDeath
L 03/27/2026 - 18:32:44: [SM] Exception reported: Invalid convar handle 0 (error 4)
L 03/27/2026 - 18:32:44: [SM] Blaming: ÒankrunFixhealth.smx
L 03/27/2026 - 18:32:44: [SM] Call stack trace:
L 03/27/2026 - 18:32:44: [SM]   [0] GetConVarString
L 03/27/2026 - 18:32:44: [SM]   [1] Line 138, C:\Users\Moises\Downloads\Compressed\sourcemod-1.11.0-git6968-windows\addons\sourcemod\scripting\ÒankrunFixhealth.sp::IsTankRunActive
L 03/27/2026 - 18:32:44: [SM]   [2] Line 79, C:\Users\Moises\Downloads\Compressed\sourcemod-1.11.0-git6968-windows\addons\sourcemod\scripting\ÒankrunFixhealth.sp::Event_PlayerDeath
L 03/27/2026 - 18:32:47: [SM] Exception reported: Invalid convar handle 0 (error 4)
L 03/27/2026 - 18:32:47: [SM] Blaming: ÒankrunFixhealth.smx
L 03/27/2026 - 18:32:47: [SM] Call stack trace:
L 03/27/2026 - 18:32:47: [SM]   [0] GetConVarString
L 03/27/2026 - 18:32:47: [SM]   [1] Line 138, C:\Users\Moises\Downloads\Compressed\sourcemod-1.11.0-git6968-windows\addons\sourcemod\scripting\ÒankrunFixhealth.sp::IsTankRunActive
L 03/27/2026 - 18:32:47: [SM]   [2] Line 36, C:\Users\Moises\Downloads\Compressed\sourcemod-1.11.0-git6968-windows\addons\sourcemod\scripting\ÒankrunFixhealth.sp::Timer_PeriodicCheck
L 03/27/2026 - 18:32:50: [SM] Exception reported: Language phrase "Please wait to be revived or rescued" not found (arg 6)
L 03/27/2026 - 18:32:50: [SM] Blaming: l4dmultislots.smx
L 03/27/2026 - 18:32:50: [SM] Call stack trace:
L 03/27/2026 - 18:32:50: [SM]   [0] PrintToChat
L 03/27/2026 - 18:32:50: [SM]   [1] Line 953, d:\Github\Private-Work\L4D2-Êèí‰ª∂\scripting_1.11\l4dmultislots.sp::Timer_SpecCheck
L 03/27/2026 - 18:32:51: [SM] Exception reported: Invalid convar handle 0 (error 4)
L 03/27/2026 - 18:32:51: [SM] Blaming: ÒankrunFixhealth.smx
L 03/27/2026 - 18:32:51: [SM] Call stack trace:
L 03/27/2026 - 18:32:51: [SM]   [0] GetConVarString
L 03/27/2026 - 18:32:51: [SM]   [1] Line 138, C:\Users\Moises\Downloads\Compressed\sourcemod-1.11.0-git6968-windows\addons\sourcemod\scripting\ÒankrunFixhealth.sp::IsTankRunActive
L 03/27/2026 - 18:32:51: [SM]   [2] Line 79, C:\Users\Moises\Downloads\Compressed\sourcemod-1.11.0-git6968-windows\addons\sourcemod\scripting\ÒankrunFixhealth.sp::Event_PlayerDeath
L 03/27/2026 - 18:32:51: [SM] Exception reported: Invalid convar handle 0 (error 4)
L 03/27/2026 - 18:32:51: [SM] Blaming: ÒankrunFixhealth.smx
L 03/27/2026 - 18:32:51: [SM] Call stack trace:
L 03/27/2026 - 18:32:51: [SM]   [0] GetConVarString
L 03/27/2026 - 18:32:51: [SM]   [1] Line 138, C:\Users\Moises\Downloads\Compressed\sourcemod-1.11.0-git6968-windows\addons\sourcemod\scripting\ÒankrunFixhealth.sp::IsTankRunActive
L 03/27/2026 - 18:32:51: [SM]   [2] Line 91, C:\Users\Moises\Downloads\Compressed\sourcemod-1.11.0-git6968-windows\addons\sourcemod\scripting\ÒankrunFixhealth.sp::Event_MissionLost
L 03/27/2026 - 18:32:52: [SM] Exception reported: Invalid convar handle 0 (error 4)
L 03/27/2026 - 18:32:52: [SM] Blaming: ÒankrunFixhealth.smx
L 03/27/2026 - 18:32:52: [SM] Call stack trace:
L 03/27/2026 - 18:32:52: [SM]   [0] GetConVarString
L 03/27/2026 - 18:32:52: [SM]   [1] Line 138, C:\Users\Moises\Downloads\Compressed\sourcemod-1.11.0-git6968-windows\addons\sourcemod\scripting\ÒankrunFixhealth.sp::IsTankRunActive
L 03/27/2026 - 18:32:52: [SM]   [2] Line 79, C:\Users\Moises\Downloads\Compressed\sourcemod-1.11.0-git6968-windows\addons\sourcemod\scripting\ÒankrunFixhealth.sp::Event_PlayerDeath
L 03/27/2026 - 18:32:57: [SM] Exception reported: Invalid convar handle 0 (error 4)
L 03/27/2026 - 18:32:57: [SM] Blaming: ÒankrunFixhealth.smx
L 03/27/2026 - 18:32:57: [SM] Call stack trace:
L 03/27/2026 - 18:32:57: [SM]   [0] GetConVarString
L 03/27/2026 - 18:32:57: [SM]   [1] Line 138, C:\Users\Moises\Downloads\Compressed\sourcemod-1.11.0-git6968-windows\addons\sourcemod\scripting\ÒankrunFixhealth.sp::IsTankRunActive
L 03/27/2026 - 18:32:57: [SM]   [2] Line 36, C:\Users\Moises\Downloads\Compressed\sourcemod-1.11.0-git6968-windows\addons\sourcemod\scripting\ÒankrunFixhealth.sp::Timer_PeriodicCheck
L 03/27/2026 - 18:32:58: [SM] Exception reported: Invalid convar handle 0 (error 4)
L 03/27/2026 - 18:32:58: [SM] Blaming: ÒankrunFixhealth.smx
L 03/27/2026 - 18:32:58: [SM] Call stack trace:
L 03/27/2026 - 18:32:58: [SM]   [0] GetConVarString
L 03/27/2026 - 18:32:58: [SM]   [1] Line 138, C:\Users\Moises\Downloads\Compressed\sourcemod-1.11.0-git6968-windows\addons\sourcemod\scripting\ÒankrunFixhealth.sp::IsTankRunActive
L 03/27/2026 - 18:32:58: [SM]   [2] Line 54, C:\Users\Moises\Downloads\Compressed\sourcemod-1.11.0-git6968-windows\addons\sourcemod\scripting\ÒankrunFixhealth.sp::Event_RoundStart
L 03/27/2026 - 18:32:58: [SM] Exception reported: Invalid timer handle a270053e (error 1)
L 03/27/2026 - 18:32:58: [SM] Blaming: l4d2_playerjoining_v2.smx
L 03/27/2026 - 18:32:58: [SM] Call stack trace:
L 03/27/2026 - 18:32:58: [SM]   [0] KillTimer
L 03/27/2026 - 18:32:58: [SM]   [1] Line 53, C:\Users\Moises\Downloads\Compressed\sourcemod-1.11.0-git6968-windows\addons\sourcemod\scripting\l4d2_playerjoining_v2.sp::OnClientDisconnect
L 03/27/2026 - 18:33:07: [SM] Exception reported: Invalid convar handle 0 (error 4)
L 03/27/2026 - 18:33:07: [SM] Blaming: ÒankrunFixhealth.smx
L 03/27/2026 - 18:33:07: [SM] Call stack trace:
L 03/27/2026 - 18:33:07: [SM]   [0] GetConVarString
L 03/27/2026 - 18:33:07: [SM]   [1] Line 138, C:\Users\Moises\Downloads\Compressed\sourcemod-1.11.0-git6968-windows\addons\sourcemod\scripting\ÒankrunFixhealth.sp::IsTankRunActive
L 03/27/2026 - 18:33:07: [SM]   [2] Line 36, C:\Users\Moises\Downloads\Compressed\sourcemod-1.11.0-git6968-windows\addons\sourcemod\scripting\ÒankrunFixhealth.sp::Timer_PeriodicCheck
L 03/27/2026 - 18:33:17: [SM] Exception reported: Invalid convar handle 0 (error 4)
L 03/27/2026 - 18:33:17: [SM] Blaming: ÒankrunFixhealth.smx
L 03/27/2026 - 18:33:17: [SM] Call stack trace:
L 03/27/2026 - 18:33:17: [SM]   [0] GetConVarString
L 03/27/2026 - 18:33:17: [SM]   [1] Line 138, C:\Users\Moises\Downloads\Compressed\sourcemod-1.11.0-git6968-windows\addons\sourcemod\scripting\ÒankrunFixhealth.sp::IsTankRunActive
L 03/27/2026 - 18:33:17: [SM]   [2] Line 36, C:\Users\Moises\Downloads\Compressed\sourcemod-1.11.0-git6968-windows\addons\sourcemod\scripting\ÒankrunFixhealth.sp::Timer_PeriodicCheck
L 03/27/2026 - 18:33:27: [SM] Exception reported: Invalid convar handle 0 (error 4)
L 03/27/2026 - 18:33:27: [SM] Blaming: ÒankrunFixhealth.smx
L 03/27/2026 - 18:33:27: [SM] Call stack trace:
L 03/27/2026 - 18:33:27: [SM]   [0] GetConVarString
L 03/27/2026 - 18:33:27: [SM]   [1] Line 138, C:\Users\Moises\Downloads\Compressed\sourcemod-1.11.0-git6968-windows\addons\sourcemod\scripting\ÒankrunFixhealth.sp::IsTankRunActive
L 03/27/2026 - 18:33:27: [SM]   [2] Line 36, C:\Users\Moises\Downloads\Compressed\sourcemod-1.11.0-git6968-windows\addons\sourcemod\scripting\ÒankrunFixhealth.sp::Timer_PeriodicCheck
L 03/27/2026 - 18:33:34: [SM] Exception reported: Invalid convar handle 0 (error 4)
L 03/27/2026 - 18:33:34: [SM] Blaming: ÒankrunFixhealth.smx
L 03/27/2026 - 18:33:34: [SM] Call stack trace:
L 03/27/2026 - 18:33:34: [SM]   [0] GetConVarString
L 03/27/2026 - 18:33:34: [SM]   [1] Line 138, C:\Users\Moises\Downloads\Compressed\sourcemod-1.11.0-git6968-windows\addons\sourcemod\scripting\ÒankrunFixhealth.sp::IsTankRunActive
L 03/27/2026 - 18:33:34: [SM]   [2] Line 79, C:\Users\Moises\Downloads\Compressed\sourcemod-1.11.0-git6968-windows\addons\sourcemod\scripting\ÒankrunFixhealth.sp::Event_PlayerDeath
L 03/27/2026 - 18:33:36: [SM] Exception reported: Invalid timer handle a270053e (error 1)
L 03/27/2026 - 18:33:36: [SM] Blaming: l4d2_playerjoining_v2.smx
L 03/27/2026 - 18:33:36: [SM] Call stack trace:
L 03/27/2026 - 18:33:36: [SM]   [0] KillTimer
L 03/27/2026 - 18:33:36: [SM]   [1] Line 53, C:\Users\Moises\Downloads\Compressed\sourcemod-1.11.0-git6968-windows\addons\sourcemod\scripting\l4d2_playerjoining_v2.sp::OnClientDisconnect
L 03/27/2026 - 18:33:37: [SM] Exception reported: Invalid convar handle 0 (error 4)
L 03/27/2026 - 18:33:37: [SM] Blaming: ÒankrunFixhealth.smx
L 03/27/2026 - 18:33:37: [SM] Call stack trace:
L 03/27/2026 - 18:33:37: [SM]   [0] GetConVarString
L 03/27/2026 - 18:33:37: [SM]   [1] Line 138, C:\Users\Moises\Downloads\Compressed\sourcemod-1.11.0-git6968-windows\addons\sourcemod\scripting\ÒankrunFixhealth.sp::IsTankRunActive
L 03/27/2026 - 18:33:37: [SM]   [2] Line 36, C:\Users\Moises\Downloads\Compressed\sourcemod-1.11.0-git6968-windows\addons\sourcemod\scripting\ÒankrunFixhealth.sp::Timer_PeriodicCheck
L 03/27/2026 - 18:33:47: [SM] Exception reported: Invalid convar handle 0 (error 4)
L 03/27/2026 - 18:33:47: [SM] Blaming: ÒankrunFixhealth.smx
L 03/27/2026 - 18:33:47: [SM] Call stack trace:
L 03/27/2026 - 18:33:47: [SM]   [0] GetConVarString
L 03/27/2026 - 18:33:47: [SM]   [1] Line 138, C:\Users\Moises\Downloads\Compressed\sourcemod-1.11.0-git6968-windows\addons\sourcemod\scripting\ÒankrunFixhealth.sp::IsTankRunActive
L 03/27/2026 - 18:33:47: [SM]   [2] Line 36, C:\Users\Moises\Downloads\Compressed\sourcemod-1.11.0-git6968-windows\addons\sourcemod\scripting\ÒankrunFixhealth.sp::Timer_PeriodicCheck
L 03/27/2026 - 18:33:48: [SM] Exception reported: Language phrase "Type in chat !join To join the survivors" not found (arg 6)
L 03/27/2026 - 18:33:48: [SM] Blaming: l4dmultislots.smx
L 03/27/2026 - 18:33:48: [SM] Call stack trace:
L 03/27/2026 - 18:33:48: [SM]   [0] VFormat
L 03/27/2026 - 18:33:48: [SM]   [1] Line 71, D:\Github\Private-Work\L4D2-Êèí‰ª∂\scripting_1.11\include\multicolors.inc::CPrintToChat
L 03/27/2026 - 18:33:48: [SM]   [2] Line 938, d:\Github\Private-Work\L4D2-Êèí‰ª∂\scripting_1.11\l4dmultislots.sp::Timer_SpecCheck
L 03/27/2026 - 18:33:52: [SM] Exception reported: Invalid convar handle 0 (error 4)
L 03/27/2026 - 18:33:52: [SM] Blaming: ÒankrunFixhealth.smx
L 03/27/2026 - 18:33:52: [SM] Call stack trace:
L 03/27/2026 - 18:33:52: [SM]   [0] GetConVarString
L 03/27/2026 - 18:33:52: [SM]   [1] Line 138, C:\Users\Moises\Downloads\Compressed\sourcemod-1.11.0-git6968-windows\addons\sourcemod\scripting\ÒankrunFixhealth.sp::IsTankRunActive
L 03/27/2026 - 18:33:52: [SM]   [2] Line 79, C:\Users\Moises\Downloads\Compressed\sourcemod-1.11.0-git6968-windows\addons\sourcemod\scripting\ÒankrunFixhealth.sp::Event_PlayerDeath
L 03/27/2026 - 18:33:57: [SM] Exception reported: Invalid convar handle 0 (error 4)
L 03/27/2026 - 18:33:57: [SM] Blaming: ÒankrunFixhealth.smx
L 03/27/2026 - 18:33:57: [SM] Call stack trace:
L 03/27/2026 - 18:33:57: [SM]   [0] GetConVarString
L 03/27/2026 - 18:33:57: [SM]   [1] Line 138, C:\Users\Moises\Downloads\Compressed\sourcemod-1.11.0-git6968-windows\addons\sourcemod\scripting\ÒankrunFixhealth.sp::IsTankRunActive
L 03/27/2026 - 18:33:57: [SM]   [2] Line 36, C:\Users\Moises\Downloads\Compressed\sourcemod-1.11.0-git6968-windows\addons\sourcemod\scripting\ÒankrunFixhealth.sp::Timer_PeriodicCheck
L 03/27/2026 - 18:33:59: [SM] Exception reported: Invalid timer handle 8a800540 (error 1)
L 03/27/2026 - 18:33:59: [SM] Blaming: l4d2_playerjoining_v2.smx
L 03/27/2026 - 18:33:59: [SM] Call stack trace:
L 03/27/2026 - 18:33:59: [SM]   [0] KillTimer
L 03/27/2026 - 18:33:59: [SM]   [1] Line 53, C:\Users\Moises\Downloads\Compressed\sourcemod-1.11.0-git6968-windows\addons\sourcemod\scripting\l4d2_playerjoining_v2.sp::OnClientDisconnect
L 03/27/2026 - 18:34:07: [SM] Exception reported: Invalid convar handle 0 (error 4)
L 03/27/2026 - 18:34:07: [SM] Blaming: ÒankrunFixhealth.smx
L 03/27/2026 - 18:34:07: [SM] Call stack trace:
L 03/27/2026 - 18:34:07: [SM]   [0] GetConVarString
L 03/27/2026 - 18:34:07: [SM]   [1] Line 138, C:\Users\Moises\Downloads\Compressed\sourcemod-1.11.0-git6968-windows\addons\sourcemod\scripting\ÒankrunFixhealth.sp::IsTankRunActive
L 03/27/2026 - 18:34:07: [SM]   [2] Line 36, C:\Users\Moises\Downloads\Compressed\sourcemod-1.11.0-git6968-windows\addons\sourcemod\scripting\ÒankrunFixhealth.sp::Timer_PeriodicCheck
L 03/27/2026 - 18:34:12: [SM] Exception reported: Invalid convar handle 0 (error 4)
L 03/27/2026 - 18:34:12: [SM] Blaming: ÒankrunFixhealth.smx
L 03/27/2026 - 18:34:12: [SM] Call stack trace:
L 03/27/2026 - 18:34:12: [SM]   [0] GetConVarString
L 03/27/2026 - 18:34:12: [SM]   [1] Line 138, C:\Users\Moises\Downloads\Compressed\sourcemod-1.11.0-git6968-windows\addons\sourcemod\scripting\ÒankrunFixhealth.sp::IsTankRunActive
L 03/27/2026 - 18:34:12: [SM]   [2] Line 79, C:\Users\Moises\Downloads\Compressed\sourcemod-1.11.0-git6968-windows\addons\sourcemod\scripting\ÒankrunFixhealth.sp::Event_PlayerDeath
L 03/27/2026 - 18:34:13: [SM] Exception reported: Language phrase "Type in chat !join To join the survivors" not found (arg 6)
L 03/27/2026 - 18:34:13: [SM] Blaming: l4dmultislots.smx
L 03/27/2026 - 18:34:13: [SM] Call stack trace:
L 03/27/2026 - 18:34:13: [SM]   [0] VFormat
L 03/27/2026 - 18:34:13: [SM]   [1] Line 71, D:\Github\Private-Work\L4D2-Êèí‰ª∂\scripting_1.11\include\multicolors.inc::CPrintToChat
L 03/27/2026 - 18:34:13: [SM]   [2] Line 938, d:\Github\Private-Work\L4D2-Êèí‰ª∂\scripting_1.11\l4dmultislots.sp::Timer_SpecCheck
L 03/27/2026 - 18:34:17: [SM] Exception reported: Invalid convar handle 0 (error 4)
L 03/27/2026 - 18:34:17: [SM] Blaming: ÒankrunFixhealth.smx
L 03/27/2026 - 18:34:17: [SM] Call stack trace:
L 03/27/2026 - 18:34:17: [SM]   [0] GetConVarString
L 03/27/2026 - 18:34:17: [SM]   [1] Line 138, C:\Users\Moises\Downloads\Compressed\sourcemod-1.11.0-git6968-windows\addons\sourcemod\scripting\ÒankrunFixhealth.sp::IsTankRunActive
L 03/27/2026 - 18:34:17: [SM]   [2] Line 36, C:\Users\Moises\Downloads\Compressed\sourcemod-1.11.0-git6968-windows\addons\sourcemod\scripting\ÒankrunFixhealth.sp::Timer_PeriodicCheck
L 03/27/2026 - 18:34:19: [SM] Exception reported: Invalid timer handle 8a800540 (error 3)
L 03/27/2026 - 18:34:19: [SM] Blaming: l4d2_playerjoining_v2.smx
L 03/27/2026 - 18:34:19: [SM] Call stack trace:
L 03/27/2026 - 18:34:19: [SM]   [0] KillTimer
L 03/27/2026 - 18:34:19: [SM]   [1] Line 53, C:\Users\Moises\Downloads\Compressed\sourcemod-1.11.0-git6968-windows\addons\sourcemod\scripting\l4d2_playerjoining_v2.sp::OnClientDisconnect
L 03/27/2026 - 18:34:27: [SM] Exception reported: Invalid convar handle 0 (error 4)
L 03/27/2026 - 18:34:27: [SM] Blaming: ÒankrunFixhealth.smx
L 03/27/2026 - 18:34:27: [SM] Call stack trace:
L 03/27/2026 - 18:34:27: [SM]   [0] GetConVarString
L 03/27/2026 - 18:34:27: [SM]   [1] Line 138, C:\Users\Moises\Downloads\Compressed\sourcemod-1.11.0-git6968-windows\addons\sourcemod\scripting\ÒankrunFixhealth.sp::IsTankRunActive
L 03/27/2026 - 18:34:27: [SM]   [2] Line 36, C:\Users\Moises\Downloads\Compressed\sourcemod-1.11.0-git6968-windows\addons\sourcemod\scripting\ÒankrunFixhealth.sp::Timer_PeriodicCheck
L 03/27/2026 - 18:34:32: [SM] Exception reported: Invalid convar handle 0 (error 4)
L 03/27/2026 - 18:34:32: [SM] Blaming: ÒankrunFixhealth.smx
L 03/27/2026 - 18:34:32: [SM] Call stack trace:
L 03/27/2026 - 18:34:32: [SM]   [0] GetConVarString
L 03/27/2026 - 18:34:32: [SM]   [1] Line 138, C:\Users\Moises\Downloads\Compressed\sourcemod-1.11.0-git6968-windows\addons\sourcemod\scripting\ÒankrunFixhealth.sp::IsTankRunActive
L 03/27/2026 - 18:34:32: [SM]   [2] Line 79, C:\Users\Moises\Downloads\Compressed\sourcemod-1.11.0-git6968-windows\addons\sourcemod\scripting\ÒankrunFixhealth.sp::Event_PlayerDeath
L 03/27/2026 - 18:34:37: [SM] Exception reported: Invalid convar handle 0 (error 4)
L 03/27/2026 - 18:34:37: [SM] Blaming: ÒankrunFixhealth.smx
L 03/27/2026 - 18:34:37: [SM] Call stack trace:
L 03/27/2026 - 18:34:37: [SM]   [0] GetConVarString
L 03/27/2026 - 18:34:37: [SM]   [1] Line 138, C:\Users\Moises\Downloads\Compressed\sourcemod-1.11.0-git6968-windows\addons\sourcemod\scripting\ÒankrunFixhealth.sp::IsTankRunActive
L 03/27/2026 - 18:34:37: [SM]   [2] Line 36, C:\Users\Moises\Downloads\Compressed\sourcemod-1.11.0-git6968-windows\addons\sourcemod\scripting\ÒankrunFixhealth.sp::Timer_PeriodicCheck
L 03/27/2026 - 18:34:38: [SM] Exception reported: Language phrase "Type in chat !join To join the survivors" not found (arg 6)
L 03/27/2026 - 18:34:38: [SM] Blaming: l4dmultislots.smx
L 03/27/2026 - 18:34:38: [SM] Call stack trace:
L 03/27/2026 - 18:34:38: [SM]   [0] VFormat
L 03/27/2026 - 18:34:38: [SM]   [1] Line 71, D:\Github\Private-Work\L4D2-Êèí‰ª∂\scripting_1.11\include\multicolors.inc::CPrintToChat
L 03/27/2026 - 18:34:38: [SM]   [2] Line 938, d:\Github\Private-Work\L4D2-Êèí‰ª∂\scripting_1.11\l4dmultislots.sp::Timer_SpecCheck
L 03/27/2026 - 18:34:39: [SM] Exception reported: Invalid convar handle 0 (error 4)
L 03/27/2026 - 18:34:39: [SM] Blaming: ÒankrunFixhealth.smx
L 03/27/2026 - 18:34:39: [SM] Call stack trace:
L 03/27/2026 - 18:34:39: [SM]   [0] GetConVarString
L 03/27/2026 - 18:34:39: [SM]   [1] Line 138, C:\Users\Moises\Downloads\Compressed\sourcemod-1.11.0-git6968-windows\addons\sourcemod\scripting\ÒankrunFixhealth.sp::IsTankRunActive
L 03/27/2026 - 18:34:39: [SM]   [2] Line 79, C:\Users\Moises\Downloads\Compressed\sourcemod-1.11.0-git6968-windows\addons\sourcemod\scripting\ÒankrunFixhealth.sp::Event_PlayerDeath
L 03/27/2026 - 18:34:39: [SM] Exception reported: Invalid timer handle 8a800540 (error 1)
L 03/27/2026 - 18:34:39: [SM] Blaming: l4d2_playerjoining_v2.smx
L 03/27/2026 - 18:34:39: [SM] Call stack trace:
L 03/27/2026 - 18:34:39: [SM]   [0] KillTimer
L 03/27/2026 - 18:34:39: [SM]   [1] Line 53, C:\Users\Moises\Downloads\Compressed\sourcemod-1.11.0-git6968-windows\addons\sourcemod\scripting\l4d2_playerjoining_v2.sp::OnClientDisconnect
L 03/27/2026 - 18:34:45: [SM] Exception reported: Invalid timer handle a270053e (error 1)
L 03/27/2026 - 18:34:45: [SM] Blaming: l4d2_playerjoining_v2.smx
L 03/27/2026 - 18:34:45: [SM] Call stack trace:
L 03/27/2026 - 18:34:45: [SM]   [0] KillTimer
L 03/27/2026 - 18:34:45: [SM]   [1] Line 53, C:\Users\Moises\Downloads\Compressed\sourcemod-1.11.0-git6968-windows\addons\sourcemod\scripting\l4d2_playerjoining_v2.sp::OnClientDisconnect
L 03/27/2026 - 18:34:47: [SM] Exception reported: Invalid convar handle 0 (error 4)
L 03/27/2026 - 18:34:47: [SM] Blaming: ÒankrunFixhealth.smx
L 03/27/2026 - 18:34:47: [SM] Call stack trace:
L 03/27/2026 - 18:34:47: [SM]   [0] GetConVarString
L 03/27/2026 - 18:34:47: [SM]   [1] Line 138, C:\Users\Moises\Downloads\Compressed\sourcemod-1.11.0-git6968-windows\addons\sourcemod\scripting\ÒankrunFixhealth.sp::IsTankRunActive
L 03/27/2026 - 18:34:47: [SM]   [2] Line 36, C:\Users\Moises\Downloads\Compressed\sourcemod-1.11.0-git6968-windows\addons\sourcemod\scripting\ÒankrunFixhealth.sp::Timer_PeriodicCheck
L 03/27/2026 - 18:34:52: [SM] Exception reported: Invalid convar handle 0 (error 4)
L 03/27/2026 - 18:34:52: [SM] Blaming: ÒankrunFixhealth.smx
L 03/27/2026 - 18:34:52: [SM] Call stack trace:
L 03/27/2026 - 18:34:52: [SM]   [0] GetConVarString
L 03/27/2026 - 18:34:52: [SM]   [1] Line 138, C:\Users\Moises\Downloads\Compressed\sourcemod-1.11.0-git6968-windows\addons\sourcemod\scripting\ÒankrunFixhealth.sp::IsTankRunActive
L 03/27/2026 - 18:34:52: [SM]   [2] Line 79, C:\Users\Moises\Downloads\Compressed\sourcemod-1.11.0-git6968-windows\addons\sourcemod\scripting\ÒankrunFixhealth.sp::Event_PlayerDeath
L 03/27/2026 - 18:34:57: [SM] Exception reported: Invalid convar handle 0 (error 4)
L 03/27/2026 - 18:34:57: [SM] Blaming: ÒankrunFixhealth.smx
L 03/27/2026 - 18:34:57: [SM] Call stack trace:
L 03/27/2026 - 18:34:57: [SM]   [0] GetConVarString
L 03/27/2026 - 18:34:57: [SM]   [1] Line 138, C:\Users\Moises\Downloads\Compressed\sourcemod-1.11.0-git6968-windows\addons\sourcemod\scripting\ÒankrunFixhealth.sp::IsTankRunActive
L 03/27/2026 - 18:34:57: [SM]   [2] Line 36, C:\Users\Moises\Downloads\Compressed\sourcemod-1.11.0-git6968-windows\addons\sourcemod\scripting\ÒankrunFixhealth.sp::Timer_PeriodicCheck
L 03/27/2026 - 18:34:59: [SM] Exception reported: Invalid timer handle 8a800540 (error 3)
L 03/27/2026 - 18:34:59: [SM] Blaming: l4d2_playerjoining_v2.smx
L 03/27/2026 - 18:34:59: [SM] Call stack trace:
L 03/27/2026 - 18:34:59: [SM]   [0] KillTimer
L 03/27/2026 - 18:34:59: [SM]   [1] Line 53, C:\Users\Moises\Downloads\Compressed\sourcemod-1.11.0-git6968-windows\addons\sourcemod\scripting\l4d2_playerjoining_v2.sp::OnClientDisconnect
L 03/27/2026 - 18:35:03: [SM] Exception reported: Language phrase "Please wait to be revived or rescued" not found (arg 6)
L 03/27/2026 - 18:35:03: [SM] Blaming: l4dmultislots.smx
L 03/27/2026 - 18:35:03: [SM] Call stack trace:
L 03/27/2026 - 18:35:03: [SM]   [0] PrintToChat
L 03/27/2026 - 18:35:03: [SM]   [1] Line 953, d:\Github\Private-Work\L4D2-Êèí‰ª∂\scripting_1.11\l4dmultislots.sp::Timer_SpecCheck
L 03/27/2026 - 18:35:07: [SM] Exception reported: Invalid convar handle 0 (error 4)
L 03/27/2026 - 18:35:07: [SM] Blaming: ÒankrunFixhealth.smx
L 03/27/2026 - 18:35:07: [SM] Call stack trace:
L 03/27/2026 - 18:35:07: [SM]   [0] GetConVarString
L 03/27/2026 - 18:35:07: [SM]   [1] Line 138, C:\Users\Moises\Downloads\Compressed\sourcemod-1.11.0-git6968-windows\addons\sourcemod\scripting\ÒankrunFixhealth.sp::IsTankRunActive
L 03/27/2026 - 18:35:07: [SM]   [2] Line 36, C:\Users\Moises\Downloads\Compressed\sourcemod-1.11.0-git6968-windows\addons\sourcemod\scripting\ÒankrunFixhealth.sp::Timer_PeriodicCheck
L 03/27/2026 - 18:35:09: [SM] Exception reported: Invalid convar handle 0 (error 4)
L 03/27/2026 - 18:35:09: [SM] Blaming: ÒankrunFixhealth.smx
L 03/27/2026 - 18:35:09: [SM] Call stack trace:
L 03/27/2026 - 18:35:09: [SM]   [0] GetConVarString
L 03/27/2026 - 18:35:09: [SM]   [1] Line 138, C:\Users\Moises\Downloads\Compressed\sourcemod-1.11.0-git6968-windows\addons\sourcemod\scripting\ÒankrunFixhealth.sp::IsTankRunActive
L 03/27/2026 - 18:35:09: [SM]   [2] Line 79, C:\Users\Moises\Downloads\Compressed\sourcemod-1.11.0-git6968-windows\addons\sourcemod\scripting\ÒankrunFixhealth.sp::Event_PlayerDeath
L 03/27/2026 - 18:35:17: [SM] Exception reported: Invalid convar handle 0 (error 4)
L 03/27/2026 - 18:35:17: [SM] Blaming: ÒankrunFixhealth.smx
L 03/27/2026 - 18:35:17: [SM] Call stack trace:
L 03/27/2026 - 18:35:17: [SM]   [0] GetConVarString
L 03/27/2026 - 18:35:17: [SM]   [1] Line 138, C:\Users\Moises\Downloads\Compressed\sourcemod-1.11.0-git6968-windows\addons\sourcemod\scripting\ÒankrunFixhealth.sp::IsTankRunActive
L 03/27/2026 - 18:35:17: [SM]   [2] Line 36, C:\Users\Moises\Downloads\Compressed\sourcemod-1.11.0-git6968-windows\addons\sourcemod\scripting\ÒankrunFixhealth.sp::Timer_PeriodicCheck
L 03/27/2026 - 18:35:19: [SM] Exception reported: Invalid convar handle 0 (error 4)
L 03/27/2026 - 18:35:19: [SM] Blaming: ÒankrunFixhealth.smx
L 03/27/2026 - 18:35:19: [SM] Call stack trace:
L 03/27/2026 - 18:35:19: [SM]   [0] GetConVarString
L 03/27/2026 - 18:35:19: [SM]   [1] Line 138, C:\Users\Moises\Downloads\Compressed\sourcemod-1.11.0-git6968-windows\addons\sourcemod\scripting\ÒankrunFixhealth.sp::IsTankRunActive
L 03/27/2026 - 18:35:19: [SM]   [2] Line 79, C:\Users\Moises\Downloads\Compressed\sourcemod-1.11.0-git6968-windows\addons\sourcemod\scripting\ÒankrunFixhealth.sp::Event_PlayerDeath
L 03/27/2026 - 18:35:27: [SM] Exception reported: Invalid convar handle 0 (error 4)
L 03/27/2026 - 18:35:27: [SM] Blaming: ÒankrunFixhealth.smx
L 03/27/2026 - 18:35:27: [SM] Call stack trace:
L 03/27/2026 - 18:35:27: [SM]   [0] GetConVarString
L 03/27/2026 - 18:35:27: [SM]   [1] Line 138, C:\Users\Moises\Downloads\Compressed\sourcemod-1.11.0-git6968-windows\addons\sourcemod\scripting\ÒankrunFixhealth.sp::IsTankRunActive
L 03/27/2026 - 18:35:27: [SM]   [2] Line 36, C:\Users\Moises\Downloads\Compressed\sourcemod-1.11.0-git6968-windows\addons\sourcemod\scripting\ÒankrunFixhealth.sp::Timer_PeriodicCheck
L 03/27/2026 - 18:35:28: [SM] Exception reported: Language phrase "Please wait to be revived or rescued" not found (arg 6)
L 03/27/2026 - 18:35:28: [SM] Blaming: l4dmultislots.smx
L 03/27/2026 - 18:35:28: [SM] Call stack trace:
L 03/27/2026 - 18:35:28: [SM]   [0] PrintToChat
L 03/27/2026 - 18:35:28: [SM]   [1] Line 953, d:\Github\Private-Work\L4D2-Êèí‰ª∂\scripting_1.11\l4dmultislots.sp::Timer_SpecCheck
L 03/27/2026 - 18:35:36: [SM] Exception reported: Invalid convar handle 0 (error 4)
L 03/27/2026 - 18:35:36: [SM] Blaming: ÒankrunFixhealth.smx
L 03/27/2026 - 18:35:36: [SM] Call stack trace:
L 03/27/2026 - 18:35:36: [SM]   [0] GetConVarString
L 03/27/2026 - 18:35:36: [SM]   [1] Line 138, C:\Users\Moises\Downloads\Compressed\sourcemod-1.11.0-git6968-windows\addons\sourcemod\scripting\ÒankrunFixhealth.sp::IsTankRunActive
L 03/27/2026 - 18:35:36: [SM]   [2] Line 79, C:\Users\Moises\Downloads\Compressed\sourcemod-1.11.0-git6968-windows\addons\sourcemod\scripting\ÒankrunFixhealth.sp::Event_PlayerDeath
L 03/27/2026 - 18:35:37: [SM] Exception reported: Invalid convar handle 0 (error 4)
L 03/27/2026 - 18:35:37: [SM] Blaming: ÒankrunFixhealth.smx
L 03/27/2026 - 18:35:37: [SM] Call stack trace:
L 03/27/2026 - 18:35:37: [SM]   [0] GetConVarString
L 03/27/2026 - 18:35:37: [SM]   [1] Line 138, C:\Users\Moises\Downloads\Compressed\sourcemod-1.11.0-git6968-windows\addons\sourcemod\scripting\ÒankrunFixhealth.sp::IsTankRunActive
L 03/27/2026 - 18:35:37: [SM]   [2] Line 36, C:\Users\Moises\Downloads\Compressed\sourcemod-1.11.0-git6968-windows\addons\sourcemod\scripting\ÒankrunFixhealth.sp::Timer_PeriodicCheck
L 03/27/2026 - 18:35:38: [SM] Exception reported: Invalid convar handle 0 (error 4)
L 03/27/2026 - 18:35:38: [SM] Blaming: ÒankrunFixhealth.smx
L 03/27/2026 - 18:35:38: [SM] Call stack trace:
L 03/27/2026 - 18:35:38: [SM]   [0] GetConVarString
L 03/27/2026 - 18:35:38: [SM]   [1] Line 138, C:\Users\Moises\Downloads\Compressed\sourcemod-1.11.0-git6968-windows\addons\sourcemod\scripting\ÒankrunFixhealth.sp::IsTankRunActive
L 03/27/2026 - 18:35:38: [SM]   [2] Line 71, C:\Users\Moises\Downloads\Compressed\sourcemod-1.11.0-git6968-windows\addons\sourcemod\scripting\ÒankrunFixhealth.sp::Event_MapTransition
L 03/27/2026 - 18:35:46: [SM] Exception reported: Invalid timer handle 8a800540 (error 3)
L 03/27/2026 - 18:35:46: [SM] Blaming: l4d2_playerjoining_v2.smx
L 03/27/2026 - 18:35:46: [SM] Call stack trace:
L 03/27/2026 - 18:35:46: [SM]   [0] KillTimer
L 03/27/2026 - 18:35:46: [SM]   [1] Line 53, C:\Users\Moises\Downloads\Compressed\sourcemod-1.11.0-git6968-windows\addons\sourcemod\scripting\l4d2_playerjoining_v2.sp::OnClientDisconnect
L 03/27/2026 - 18:35:49: Error log file session closed.
L 03/27/2026 - 18:35:49: SourceMod error session started
L 03/27/2026 - 18:35:49: Info (map "c1m2_streets") (file "d:\steamlibrary\steamapps\common\left 4 dead 2\left4dead2\addons\sourcemod\logs\errors_20260327.log")
L 03/27/2026 - 18:35:49: [SM] Fatal error encountered parsing translation file "l4d_nth.phrases.txt"
L 03/27/2026 - 18:35:49: [SM] Error (line 0, column 0): Stream failed to open
L 03/27/2026 - 18:35:49: [SM] Fatal error encountered parsing translation file "chargersteering.phrases.txt"
L 03/27/2026 - 18:35:49: [SM] Error (line 0, column 0): Stream failed to open
L 03/27/2026 - 18:35:49: [SM] Fatal error encountered parsing translation file "l4dmultislots.phrases.txt"
L 03/27/2026 - 18:35:49: [SM] Error (line 0, column 0): Stream failed to open
L 03/27/2026 - 18:35:52: [SM] Exception reported: Invalid convar handle 0 (error 4)
L 03/27/2026 - 18:35:52: [SM] Blaming: ÒankrunFixhealth.smx
L 03/27/2026 - 18:35:52: [SM] Call stack trace:
L 03/27/2026 - 18:35:52: [SM]   [0] GetConVarString
L 03/27/2026 - 18:35:52: [SM]   [1] Line 138, C:\Users\Moises\Downloads\Compressed\sourcemod-1.11.0-git6968-windows\addons\sourcemod\scripting\ÒankrunFixhealth.sp::IsTankRunActive
L 03/27/2026 - 18:35:52: [SM]   [2] Line 54, C:\Users\Moises\Downloads\Compressed\sourcemod-1.11.0-git6968-windows\addons\sourcemod\scripting\ÒankrunFixhealth.sp::Event_RoundStart
L 03/27/2026 - 18:35:52: [l4d2_publicity.smx] [Publicity] No se encontraron mensajes en el archivo de configuraci√≥n
L 03/27/2026 - 18:35:55: [SM] Exception reported: Invalid convar handle 0 (error 4)
L 03/27/2026 - 18:35:55: [SM] Blaming: ÒankrunFixhealth.smx
L 03/27/2026 - 18:35:55: [SM] Call stack trace:
L 03/27/2026 - 18:35:55: [SM]   [0] GetConVarString
L 03/27/2026 - 18:35:55: [SM]   [1] Line 138, C:\Users\Moises\Downloads\Compressed\sourcemod-1.11.0-git6968-windows\addons\sourcemod\scripting\ÒankrunFixhealth.sp::IsTankRunActive
L 03/27/2026 - 18:35:55: [SM]   [2] Line 36, C:\Users\Moises\Downloads\Compressed\sourcemod-1.11.0-git6968-windows\addons\sourcemod\scripting\ÒankrunFixhealth.sp::Timer_PeriodicCheck
L 03/27/2026 - 18:36:05: [SM] Exception reported: Invalid convar handle 0 (error 4)
L 03/27/2026 - 18:36:05: [SM] Blaming: ÒankrunFixhealth.smx
L 03/27/2026 - 18:36:05: [SM] Call stack trace:
L 03/27/2026 - 18:36:05: [SM]   [0] GetConVarString
L 03/27/2026 - 18:36:05: [SM]   [1] Line 138, C:\Users\Moises\Downloads\Compressed\sourcemod-1.11.0-git6968-windows\addons\sourcemod\scripting\ÒankrunFixhealth.sp::IsTankRunActive
L 03/27/2026 - 18:36:05: [SM]   [2] Line 36, C:\Users\Moises\Downloads\Compressed\sourcemod-1.11.0-git6968-windows\addons\sourcemod\scripting\ÒankrunFixhealth.sp::Timer_PeriodicCheck
L 03/27/2026 - 18:36:15: [SM] Exception reported: Invalid timer handle 8a800540 (error 1)
L 03/27/2026 - 18:36:15: [SM] Blaming: l4d2_playerjoining_v2.smx
L 03/27/2026 - 18:36:15: [SM] Call stack trace:
L 03/27/2026 - 18:36:15: [SM]   [0] KillTimer
L 03/27/2026 - 18:36:15: [SM]   [1] Line 53, C:\Users\Moises\Downloads\Compressed\sourcemod-1.11.0-git6968-windows\addons\sourcemod\scripting\l4d2_playerjoining_v2.sp::OnClientDisconnect
L 03/27/2026 - 18:36:15: [SM] Exception reported: Invalid convar handle 0 (error 4)
L 03/27/2026 - 18:36:15: [SM] Blaming: ÒankrunFixhealth.smx
L 03/27/2026 - 18:36:15: [SM] Call stack trace:
L 03/27/2026 - 18:36:15: [SM]   [0] GetConVarString
L 03/27/2026 - 18:36:15: [SM]   [1] Line 138, C:\Users\Moises\Downloads\Compressed\sourcemod-1.11.0-git6968-windows\addons\sourcemod\scripting\ÒankrunFixhealth.sp::IsTankRunActive
L 03/27/2026 - 18:36:15: [SM]   [2] Line 36, C:\Users\Moises\Downloads\Compressed\sourcemod-1.11.0-git6968-windows\addons\sourcemod\scripting\ÒankrunFixhealth.sp::Timer_PeriodicCheck
L 03/27/2026 - 18:36:29: [SM] Exception reported: Invalid convar handle 0 (error 4)
L 03/27/2026 - 18:36:29: [SM] Blaming: ÒankrunFixhealth.smx
L 03/27/2026 - 18:36:29: [SM] Call stack trace:
L 03/27/2026 - 18:36:29: [SM]   [0] GetConVarString
L 03/27/2026 - 18:36:29: [SM]   [1] Line 138, C:\Users\Moises\Downloads\Compressed\sourcemod-1.11.0-git6968-windows\addons\sourcemod\scripting\ÒankrunFixhealth.sp::IsTankRunActive
L 03/27/2026 - 18:36:29: [SM]   [2] Line 36, C:\Users\Moises\Downloads\Compressed\sourcemod-1.11.0-git6968-windows\addons\sourcemod\scripting\ÒankrunFixhealth.sp::Timer_PeriodicCheck
L 03/27/2026 - 18:36:39: [SM] Exception reported: Invalid convar handle 0 (error 4)
L 03/27/2026 - 18:36:39: [SM] Blaming: ÒankrunFixhealth.smx
L 03/27/2026 - 18:36:39: [SM] Call stack trace:
L 03/27/2026 - 18:36:39: [SM]   [0] GetConVarString
L 03/27/2026 - 18:36:39: [SM]   [1] Line 138, C:\Users\Moises\Downloads\Compressed\sourcemod-1.11.0-git6968-windows\addons\sourcemod\scripting\ÒankrunFixhealth.sp::IsTankRunActive
L 03/27/2026 - 18:36:39: [SM]   [2] Line 36, C:\Users\Moises\Downloads\Compressed\sourcemod-1.11.0-git6968-windows\addons\sourcemod\scripting\ÒankrunFixhealth.sp::Timer_PeriodicCheck
L 03/27/2026 - 18:36:48: [SM] Exception reported: Invalid convar handle 0 (error 4)
L 03/27/2026 - 18:36:48: [SM] Blaming: ÒankrunFixhealth.smx
L 03/27/2026 - 18:36:48: [SM] Call stack trace:
L 03/27/2026 - 18:36:48: [SM]   [0] GetConVarString
L 03/27/2026 - 18:36:48: [SM]   [1] Line 138, C:\Users\Moises\Downloads\Compressed\sourcemod-1.11.0-git6968-windows\addons\sourcemod\scripting\ÒankrunFixhealth.sp::IsTankRunActive
L 03/27/2026 - 18:36:48: [SM]   [2] Line 79, C:\Users\Moises\Downloads\Compressed\sourcemod-1.11.0-git6968-windows\addons\sourcemod\scripting\ÒankrunFixhealth.sp::Event_PlayerDeath
L 03/27/2026 - 18:36:49: [SM] Exception reported: Invalid convar handle 0 (error 4)
L 03/27/2026 - 18:36:49: [SM] Blaming: ÒankrunFixhealth.smx
L 03/27/2026 - 18:36:49: [SM] Call stack trace:
L 03/27/2026 - 18:36:49: [SM]   [0] GetConVarString
L 03/27/2026 - 18:36:49: [SM]   [1] Line 138, C:\Users\Moises\Downloads\Compressed\sourcemod-1.11.0-git6968-windows\addons\sourcemod\scripting\ÒankrunFixhealth.sp::IsTankRunActive
L 03/27/2026 - 18:36:49: [SM]   [2] Line 36, C:\Users\Moises\Downloads\Compressed\sourcemod-1.11.0-git6968-windows\addons\sourcemod\scripting\ÒankrunFixhealth.sp::Timer_PeriodicCheck
L 03/27/2026 - 18:36:59: [SM] Exception reported: Invalid convar handle 0 (error 4)
L 03/27/2026 - 18:36:59: [SM] Blaming: ÒankrunFixhealth.smx
L 03/27/2026 - 18:36:59: [SM] Call stack trace:
L 03/27/2026 - 18:36:59: [SM]   [0] GetConVarString
L 03/27/2026 - 18:36:59: [SM]   [1] Line 138, C:\Users\Moises\Downloads\Compressed\sourcemod-1.11.0-git6968-windows\addons\sourcemod\scripting\ÒankrunFixhealth.sp::IsTankRunActive
L 03/27/2026 - 18:36:59: [SM]   [2] Line 36, C:\Users\Moises\Downloads\Compressed\sourcemod-1.11.0-git6968-windows\addons\sourcemod\scripting\ÒankrunFixhealth.sp::Timer_PeriodicCheck
L 03/27/2026 - 18:37:04: [SM] Exception reported: Property "m_vecAngularVelocity" not found (entity 683/weapon_pumpshotgun)
L 03/27/2026 - 18:37:04: [SM] Blaming: l4d2_tank_core v4_5.smx
L 03/27/2026 - 18:37:04: [SM] Call stack trace:
L 03/27/2026 - 18:37:04: [SM]   [0] SetEntPropVector
L 03/27/2026 - 18:37:04: [SM]   [1] Line 650, D:\SteamLibrary\steamapps\common\Left 4 Dead 2\left4dead2\addons\sourcemod\scripting\l4d2_tank_core v4_5.sp::DropItemsPhysically
L 03/27/2026 - 18:37:04: [SM]   [2] Line 549, D:\SteamLibrary\steamapps\common\Left 4 Dead 2\left4dead2\addons\sourcemod\scripting\l4d2_tank_core v4_5.sp::Event_PlayerHurt
L 03/27/2026 - 18:37:09: [SM] Exception reported: Language phrase "Please wait to be revived or rescued" not found (arg 6)
L 03/27/2026 - 18:37:09: [SM] Blaming: l4dmultislots.smx
L 03/27/2026 - 18:37:09: [SM] Call stack trace:
L 03/27/2026 - 18:37:09: [SM]   [0] PrintToChat
L 03/27/2026 - 18:37:09: [SM]   [1] Line 953, d:\Github\Private-Work\L4D2-Êèí‰ª∂\scripting_1.11\l4dmultislots.sp::Timer_SpecCheck
L 03/27/2026 - 18:37:09: [SM] Exception reported: Invalid convar handle 0 (error 4)
L 03/27/2026 - 18:37:09: [SM] Blaming: ÒankrunFixhealth.smx
L 03/27/2026 - 18:37:09: [SM] Call stack trace:
L 03/27/2026 - 18:37:09: [SM]   [0] GetConVarString
L 03/27/2026 - 18:37:09: [SM]   [1] Line 138, C:\Users\Moises\Downloads\Compressed\sourcemod-1.11.0-git6968-windows\addons\sourcemod\scripting\ÒankrunFixhealth.sp::IsTankRunActive
L 03/27/2026 - 18:37:09: [SM]   [2] Line 36, C:\Users\Moises\Downloads\Compressed\sourcemod-1.11.0-git6968-windows\addons\sourcemod\scripting\ÒankrunFixhealth.sp::Timer_PeriodicCheck
L 03/27/2026 - 18:37:10: [SM] Exception reported: Invalid convar handle 0 (error 4)
L 03/27/2026 - 18:37:10: [SM] Blaming: ÒankrunFixhealth.smx
L 03/27/2026 - 18:37:10: [SM] Call stack trace:
L 03/27/2026 - 18:37:10: [SM]   [0] GetConVarString
L 03/27/2026 - 18:37:10: [SM]   [1] Line 138, C:\Users\Moises\Downloads\Compressed\sourcemod-1.11.0-git6968-windows\addons\sourcemod\scripting\ÒankrunFixhealth.sp::IsTankRunActive
L 03/27/2026 - 18:37:10: [SM]   [2] Line 79, C:\Users\Moises\Downloads\Compressed\sourcemod-1.11.0-git6968-windows\addons\sourcemod\scripting\ÒankrunFixhealth.sp::Event_PlayerDeath
L 03/27/2026 - 18:37:10: [SM] Exception reported: Property "m_vecAngularVelocity" not found (entity 277/weapon_pumpshotgun)
L 03/27/2026 - 18:37:10: [SM] Blaming: l4d2_tank_core v4_5.smx
L 03/27/2026 - 18:37:10: [SM] Call stack trace:
L 03/27/2026 - 18:37:10: [SM]   [0] SetEntPropVector
L 03/27/2026 - 18:37:10: [SM]   [1] Line 650, D:\SteamLibrary\steamapps\common\Left 4 Dead 2\left4dead2\addons\sourcemod\scripting\l4d2_tank_core v4_5.sp::DropItemsPhysically
L 03/27/2026 - 18:37:10: [SM]   [2] Line 549, D:\SteamLibrary\steamapps\common\Left 4 Dead 2\left4dead2\addons\sourcemod\scripting\l4d2_tank_core v4_5.sp::Event_PlayerHurt
L 03/27/2026 - 18:37:19: [SM] Exception reported: Invalid convar handle 0 (error 4)
L 03/27/2026 - 18:37:19: [SM] Blaming: ÒankrunFixhealth.smx
L 03/27/2026 - 18:37:19: [SM] Call stack trace:
L 03/27/2026 - 18:37:19: [SM]   [0] GetConVarString
L 03/27/2026 - 18:37:19: [SM]   [1] Line 138, C:\Users\Moises\Downloads\Compressed\sourcemod-1.11.0-git6968-windows\addons\sourcemod\scripting\ÒankrunFixhealth.sp::IsTankRunActive
L 03/27/2026 - 18:37:19: [SM]   [2] Line 36, C:\Users\Moises\Downloads\Compressed\sourcemod-1.11.0-git6968-windows\addons\sourcemod\scripting\ÒankrunFixhealth.sp::Timer_PeriodicCheck
L 03/27/2026 - 18:37:21: [SM] Exception reported: Invalid convar handle 0 (error 4)
L 03/27/2026 - 18:37:21: [SM] Blaming: ÒankrunFixhealth.smx
L 03/27/2026 - 18:37:21: [SM] Call stack trace:
L 03/27/2026 - 18:37:21: [SM]   [0] GetConVarString
L 03/27/2026 - 18:37:21: [SM]   [1] Line 138, C:\Users\Moises\Downloads\Compressed\sourcemod-1.11.0-git6968-windows\addons\sourcemod\scripting\ÒankrunFixhealth.sp::IsTankRunActive
L 03/27/2026 - 18:37:21: [SM]   [2] Line 79, C:\Users\Moises\Downloads\Compressed\sourcemod-1.11.0-git6968-windows\addons\sourcemod\scripting\ÒankrunFixhealth.sp::Event_PlayerDeath
L 03/27/2026 - 18:37:29: [SM] Exception reported: Invalid convar handle 0 (error 4)
L 03/27/2026 - 18:37:29: [SM] Blaming: ÒankrunFixhealth.smx
L 03/27/2026 - 18:37:29: [SM] Call stack trace:
L 03/27/2026 - 18:37:29: [SM]   [0] GetConVarString
L 03/27/2026 - 18:37:29: [SM]   [1] Line 138, C:\Users\Moises\Downloads\Compressed\sourcemod-1.11.0-git6968-windows\addons\sourcemod\scripting\ÒankrunFixhealth.sp::IsTankRunActive
L 03/27/2026 - 18:37:29: [SM]   [2] Line 36, C:\Users\Moises\Downloads\Compressed\sourcemod-1.11.0-git6968-windows\addons\sourcemod\scripting\ÒankrunFixhealth.sp::Timer_PeriodicCheck
L 03/27/2026 - 18:37:34: [SM] Exception reported: Language phrase "Please wait to be revived or rescued" not found (arg 6)
L 03/27/2026 - 18:37:34: [SM] Blaming: l4dmultislots.smx
L 03/27/2026 - 18:37:34: [SM] Call stack trace:
L 03/27/2026 - 18:37:34: [SM]   [0] PrintToChat
L 03/27/2026 - 18:37:34: [SM]   [1] Line 953, d:\Github\Private-Work\L4D2-Êèí‰ª∂\scripting_1.11\l4dmultislots.sp::Timer_SpecCheck
L 03/27/2026 - 18:37:39: [SM] Exception reported: Invalid convar handle 0 (error 4)
L 03/27/2026 - 18:37:39: [SM] Blaming: ÒankrunFixhealth.smx
L 03/27/2026 - 18:37:39: [SM] Call stack trace:
L 03/27/2026 - 18:37:39: [SM]   [0] GetConVarString
L 03/27/2026 - 18:37:39: [SM]   [1] Line 138, C:\Users\Moises\Downloads\Compressed\sourcemod-1.11.0-git6968-windows\addons\sourcemod\scripting\ÒankrunFixhealth.sp::IsTankRunActive
L 03/27/2026 - 18:37:39: [SM]   [2] Line 36, C:\Users\Moises\Downloads\Compressed\sourcemod-1.11.0-git6968-windows\addons\sourcemod\scripting\ÒankrunFixhealth.sp::Timer_PeriodicCheck
L 03/27/2026 - 18:37:49: [SM] Exception reported: Invalid convar handle 0 (error 4)
L 03/27/2026 - 18:37:49: [SM] Blaming: ÒankrunFixhealth.smx
L 03/27/2026 - 18:37:49: [SM] Call stack trace:
L 03/27/2026 - 18:37:49: [SM]   [0] GetConVarString
L 03/27/2026 - 18:37:49: [SM]   [1] Line 138, C:\Users\Moises\Downloads\Compressed\sourcemod-1.11.0-git6968-windows\addons\sourcemod\scripting\ÒankrunFixhealth.sp::IsTankRunActive
L 03/27/2026 - 18:37:49: [SM]   [2] Line 36, C:\Users\Moises\Downloads\Compressed\sourcemod-1.11.0-git6968-windows\addons\sourcemod\scripting\ÒankrunFixhealth.sp::Timer_PeriodicCheck
L 03/27/2026 - 18:37:59: [SM] Exception reported: Language phrase "Please wait to be revived or rescued" not found (arg 6)
L 03/27/2026 - 18:37:59: [SM] Blaming: l4dmultislots.smx
L 03/27/2026 - 18:37:59: [SM] Call stack trace:
L 03/27/2026 - 18:37:59: [SM]   [0] PrintToChat
L 03/27/2026 - 18:37:59: [SM]   [1] Line 953, d:\Github\Private-Work\L4D2-Êèí‰ª∂\scripting_1.11\l4dmultislots.sp::Timer_SpecCheck
L 03/27/2026 - 18:37:59: [SM] Exception reported: Invalid convar handle 0 (error 4)
L 03/27/2026 - 18:37:59: [SM] Blaming: ÒankrunFixhealth.smx
L 03/27/2026 - 18:37:59: [SM] Call stack trace:
L 03/27/2026 - 18:37:59: [SM]   [0] GetConVarString
L 03/27/2026 - 18:37:59: [SM]   [1] Line 138, C:\Users\Moises\Downloads\Compressed\sourcemod-1.11.0-git6968-windows\addons\sourcemod\scripting\ÒankrunFixhealth.sp::IsTankRunActive
L 03/27/2026 - 18:37:59: [SM]   [2] Line 36, C:\Users\Moises\Downloads\Compressed\sourcemod-1.11.0-git6968-windows\addons\sourcemod\scripting\ÒankrunFixhealth.sp::Timer_PeriodicCheck
L 03/27/2026 - 18:38:09: [SM] Exception reported: Invalid convar handle 0 (error 4)
L 03/27/2026 - 18:38:09: [SM] Blaming: ÒankrunFixhealth.smx
L 03/27/2026 - 18:38:09: [SM] Call stack trace:
L 03/27/2026 - 18:38:09: [SM]   [0] GetConVarString
L 03/27/2026 - 18:38:09: [SM]   [1] Line 138, C:\Users\Moises\Downloads\Compressed\sourcemod-1.11.0-git6968-windows\addons\sourcemod\scripting\ÒankrunFixhealth.sp::IsTankRunActive
L 03/27/2026 - 18:38:09: [SM]   [2] Line 36, C:\Users\Moises\Downloads\Compressed\sourcemod-1.11.0-git6968-windows\addons\sourcemod\scripting\ÒankrunFixhealth.sp::Timer_PeriodicCheck
L 03/27/2026 - 18:38:19: [SM] Exception reported: Invalid convar handle 0 (error 4)
L 03/27/2026 - 18:38:19: [SM] Blaming: ÒankrunFixhealth.smx
L 03/27/2026 - 18:38:19: [SM] Call stack trace:
L 03/27/2026 - 18:38:19: [SM]   [0] GetConVarString
L 03/27/2026 - 18:38:19: [SM]   [1] Line 138, C:\Users\Moises\Downloads\Compressed\sourcemod-1.11.0-git6968-windows\addons\sourcemod\scripting\ÒankrunFixhealth.sp::IsTankRunActive
L 03/27/2026 - 18:38:19: [SM]   [2] Line 36, C:\Users\Moises\Downloads\Compressed\sourcemod-1.11.0-git6968-windows\addons\sourcemod\scripting\ÒankrunFixhealth.sp::Timer_PeriodicCheck
L 03/27/2026 - 18:38:24: [SM] Exception reported: Language phrase "Please wait to be revived or rescued" not found (arg 6)
L 03/27/2026 - 18:38:24: [SM] Blaming: l4dmultislots.smx
L 03/27/2026 - 18:38:24: [SM] Call stack trace:
L 03/27/2026 - 18:38:24: [SM]   [0] PrintToChat
L 03/27/2026 - 18:38:24: [SM]   [1] Line 953, d:\Github\Private-Work\L4D2-Êèí‰ª∂\scripting_1.11\l4dmultislots.sp::Timer_SpecCheck
L 03/27/2026 - 18:38:29: [SM] Exception reported: Invalid convar handle 0 (error 4)
L 03/27/2026 - 18:38:29: [SM] Blaming: ÒankrunFixhealth.smx
L 03/27/2026 - 18:38:29: [SM] Call stack trace:
L 03/27/2026 - 18:38:29: [SM]   [0] GetConVarString
L 03/27/2026 - 18:38:29: [SM]   [1] Line 138, C:\Users\Moises\Downloads\Compressed\sourcemod-1.11.0-git6968-windows\addons\sourcemod\scripting\ÒankrunFixhealth.sp::IsTankRunActive
L 03/27/2026 - 18:38:29: [SM]   [2] Line 36, C:\Users\Moises\Downloads\Compressed\sourcemod-1.11.0-git6968-windows\addons\sourcemod\scripting\ÒankrunFixhealth.sp::Timer_PeriodicCheck
L 03/27/2026 - 18:38:39: [SM] Exception reported: Invalid convar handle 0 (error 4)
L 03/27/2026 - 18:38:39: [SM] Blaming: ÒankrunFixhealth.smx
L 03/27/2026 - 18:38:39: [SM] Call stack trace:
L 03/27/2026 - 18:38:39: [SM]   [0] GetConVarString
L 03/27/2026 - 18:38:39: [SM]   [1] Line 138, C:\Users\Moises\Downloads\Compressed\sourcemod-1.11.0-git6968-windows\addons\sourcemod\scripting\ÒankrunFixhealth.sp::IsTankRunActive
L 03/27/2026 - 18:38:39: [SM]   [2] Line 36, C:\Users\Moises\Downloads\Compressed\sourcemod-1.11.0-git6968-windows\addons\sourcemod\scripting\ÒankrunFixhealth.sp::Timer_PeriodicCheck
L 03/27/2026 - 18:38:40: [SM] Exception reported: Invalid convar handle 0 (error 4)
L 03/27/2026 - 18:38:40: [SM] Blaming: ÒankrunFixhealth.smx
L 03/27/2026 - 18:38:40: [SM] Call stack trace:
L 03/27/2026 - 18:38:40: [SM]   [0] GetConVarString
L 03/27/2026 - 18:38:40: [SM]   [1] Line 138, C:\Users\Moises\Downloads\Compressed\sourcemod-1.11.0-git6968-windows\addons\sourcemod\scripting\ÒankrunFixhealth.sp::IsTankRunActive
L 03/27/2026 - 18:38:40: [SM]   [2] Line 79, C:\Users\Moises\Downloads\Compressed\sourcemod-1.11.0-git6968-windows\addons\sourcemod\scripting\ÒankrunFixhealth.sp::Event_PlayerDeath
L 03/27/2026 - 18:38:40: [SM] Exception reported: Invalid convar handle 0 (error 4)
L 03/27/2026 - 18:38:40: [SM] Blaming: ÒankrunFixhealth.smx
L 03/27/2026 - 18:38:40: [SM] Call stack trace:
L 03/27/2026 - 18:38:40: [SM]   [0] GetConVarString
L 03/27/2026 - 18:38:40: [SM]   [1] Line 138, C:\Users\Moises\Downloads\Compressed\sourcemod-1.11.0-git6968-windows\addons\sourcemod\scripting\ÒankrunFixhealth.sp::IsTankRunActive
L 03/27/2026 - 18:38:40: [SM]   [2] Line 79, C:\Users\Moises\Downloads\Compressed\sourcemod-1.11.0-git6968-windows\addons\sourcemod\scripting\ÒankrunFixhealth.sp::Event_PlayerDeath
L 03/27/2026 - 18:38:49: [SM] Exception reported: Language phrase "Please wait to be revived or rescued" not found (arg 6)
L 03/27/2026 - 18:38:49: [SM] Blaming: l4dmultislots.smx
L 03/27/2026 - 18:38:49: [SM] Call stack trace:
L 03/27/2026 - 18:38:49: [SM]   [0] PrintToChat
L 03/27/2026 - 18:38:49: [SM]   [1] Line 953, d:\Github\Private-Work\L4D2-Êèí‰ª∂\scripting_1.11\l4dmultislots.sp::Timer_SpecCheck
L 03/27/2026 - 18:38:49: [SM] Exception reported: Invalid convar handle 0 (error 4)
L 03/27/2026 - 18:38:49: [SM] Blaming: ÒankrunFixhealth.smx
L 03/27/2026 - 18:38:49: [SM] Call stack trace:
L 03/27/2026 - 18:38:49: [SM]   [0] GetConVarString
L 03/27/2026 - 18:38:49: [SM]   [1] Line 138, C:\Users\Moises\Downloads\Compressed\sourcemod-1.11.0-git6968-windows\addons\sourcemod\scripting\ÒankrunFixhealth.sp::IsTankRunActive
L 03/27/2026 - 18:38:49: [SM]   [2] Line 36, C:\Users\Moises\Downloads\Compressed\sourcemod-1.11.0-git6968-windows\addons\sourcemod\scripting\ÒankrunFixhealth.sp::Timer_PeriodicCheck
L 03/27/2026 - 18:38:59: [SM] Exception reported: Invalid convar handle 0 (error 4)
L 03/27/2026 - 18:38:59: [SM] Blaming: ÒankrunFixhealth.smx
L 03/27/2026 - 18:38:59: [SM] Call stack trace:
L 03/27/2026 - 18:38:59: [SM]   [0] GetConVarString
L 03/27/2026 - 18:38:59: [SM]   [1] Line 138, C:\Users\Moises\Downloads\Compressed\sourcemod-1.11.0-git6968-windows\addons\sourcemod\scripting\ÒankrunFixhealth.sp::IsTankRunActive
L 03/27/2026 - 18:38:59: [SM]   [2] Line 36, C:\Users\Moises\Downloads\Compressed\sourcemod-1.11.0-git6968-windows\addons\sourcemod\scripting\ÒankrunFixhealth.sp::Timer_PeriodicCheck
L 03/27/2026 - 18:39:09: [SM] Exception reported: Invalid convar handle 0 (error 4)
L 03/27/2026 - 18:39:09: [SM] Blaming: ÒankrunFixhealth.smx
L 03/27/2026 - 18:39:09: [SM] Call stack trace:
L 03/27/2026 - 18:39:09: [SM]   [0] GetConVarString
L 03/27/2026 - 18:39:09: [SM]   [1] Line 138, C:\Users\Moises\Downloads\Compressed\sourcemod-1.11.0-git6968-windows\addons\sourcemod\scripting\ÒankrunFixhealth.sp::IsTankRunActive
L 03/27/2026 - 18:39:09: [SM]   [2] Line 36, C:\Users\Moises\Downloads\Compressed\sourcemod-1.11.0-git6968-windows\addons\sourcemod\scripting\ÒankrunFixhealth.sp::Timer_PeriodicCheck
L 03/27/2026 - 18:39:13: [SM] Exception reported: Invalid convar handle 0 (error 4)
L 03/27/2026 - 18:39:13: [SM] Blaming: ÒankrunFixhealth.smx
L 03/27/2026 - 18:39:13: [SM] Call stack trace:
L 03/27/2026 - 18:39:13: [SM]   [0] GetConVarString
L 03/27/2026 - 18:39:13: [SM]   [1] Line 138, C:\Users\Moises\Downloads\Compressed\sourcemod-1.11.0-git6968-windows\addons\sourcemod\scripting\ÒankrunFixhealth.sp::IsTankRunActive
L 03/27/2026 - 18:39:13: [SM]   [2] Line 79, C:\Users\Moises\Downloads\Compressed\sourcemod-1.11.0-git6968-windows\addons\sourcemod\scripting\ÒankrunFixhealth.sp::Event_PlayerDeath
L 03/27/2026 - 18:39:14: [SM] Exception reported: Language phrase "Please wait to be revived or rescued" not found (arg 6)
L 03/27/2026 - 18:39:14: [SM] Blaming: l4dmultislots.smx
L 03/27/2026 - 18:39:14: [SM] Call stack trace:
L 03/27/2026 - 18:39:14: [SM]   [0] PrintToChat
L 03/27/2026 - 18:39:14: [SM]   [1] Line 953, d:\Github\Private-Work\L4D2-Êèí‰ª∂\scripting_1.11\l4dmultislots.sp::Timer_SpecCheck
L 03/27/2026 - 18:39:14: [SM] Exception reported: Invalid convar handle 0 (error 4)
L 03/27/2026 - 18:39:14: [SM] Blaming: ÒankrunFixhealth.smx
L 03/27/2026 - 18:39:14: [SM] Call stack trace:
L 03/27/2026 - 18:39:14: [SM]   [0] GetConVarString
L 03/27/2026 - 18:39:14: [SM]   [1] Line 138, C:\Users\Moises\Downloads\Compressed\sourcemod-1.11.0-git6968-windows\addons\sourcemod\scripting\ÒankrunFixhealth.sp::IsTankRunActive
L 03/27/2026 - 18:39:14: [SM]   [2] Line 79, C:\Users\Moises\Downloads\Compressed\sourcemod-1.11.0-git6968-windows\addons\sourcemod\scripting\ÒankrunFixhealth.sp::Event_PlayerDeath
L 03/27/2026 - 18:39:19: [SM] Exception reported: Invalid convar handle 0 (error 4)
L 03/27/2026 - 18:39:19: [SM] Blaming: ÒankrunFixhealth.smx
L 03/27/2026 - 18:39:19: [SM] Call stack trace:
L 03/27/2026 - 18:39:19: [SM]   [0] GetConVarString
L 03/27/2026 - 18:39:19: [SM]   [1] Line 138, C:\Users\Moises\Downloads\Compressed\sourcemod-1.11.0-git6968-windows\addons\sourcemod\scripting\ÒankrunFixhealth.sp::IsTankRunActive
L 03/27/2026 - 18:39:19: [SM]   [2] Line 36, C:\Users\Moises\Downloads\Compressed\sourcemod-1.11.0-git6968-windows\addons\sourcemod\scripting\ÒankrunFixhealth.sp::Timer_PeriodicCheck
L 03/27/2026 - 18:39:20: [SM] Exception reported: Invalid convar handle 0 (error 4)
L 03/27/2026 - 18:39:20: [SM] Blaming: ÒankrunFixhealth.smx
L 03/27/2026 - 18:39:20: [SM] Call stack trace:
L 03/27/2026 - 18:39:20: [SM]   [0] GetConVarString
L 03/27/2026 - 18:39:20: [SM]   [1] Line 138, C:\Users\Moises\Downloads\Compressed\sourcemod-1.11.0-git6968-windows\addons\sourcemod\scripting\ÒankrunFixhealth.sp::IsTankRunActive
L 03/27/2026 - 18:39:20: [SM]   [2] Line 79, C:\Users\Moises\Downloads\Compressed\sourcemod-1.11.0-git6968-windows\addons\sourcemod\scripting\ÒankrunFixhealth.sp::Event_PlayerDeath
L 03/27/2026 - 18:39:29: [SM] Exception reported: Invalid convar handle 0 (error 4)
L 03/27/2026 - 18:39:29: [SM] Blaming: ÒankrunFixhealth.smx
L 03/27/2026 - 18:39:29: [SM] Call stack trace:
L 03/27/2026 - 18:39:29: [SM]   [0] GetConVarString
L 03/27/2026 - 18:39:29: [SM]   [1] Line 138, C:\Users\Moises\Downloads\Compressed\sourcemod-1.11.0-git6968-windows\addons\sourcemod\scripting\ÒankrunFixhealth.sp::IsTankRunActive
L 03/27/2026 - 18:39:29: [SM]   [2] Line 36, C:\Users\Moises\Downloads\Compressed\sourcemod-1.11.0-git6968-windows\addons\sourcemod\scripting\ÒankrunFixhealth.sp::Timer_PeriodicCheck
L 03/27/2026 - 18:39:39: [SM] Exception reported: Language phrase "Please wait to be revived or rescued" not found (arg 6)
L 03/27/2026 - 18:39:39: [SM] Blaming: l4dmultislots.smx
L 03/27/2026 - 18:39:39: [SM] Call stack trace:
L 03/27/2026 - 18:39:39: [SM]   [0] PrintToChat
L 03/27/2026 - 18:39:39: [SM]   [1] Line 953, d:\Github\Private-Work\L4D2-Êèí‰ª∂\scripting_1.11\l4dmultislots.sp::Timer_SpecCheck
L 03/27/2026 - 18:39:39: [SM] Exception reported: Invalid convar handle 0 (error 4)
L 03/27/2026 - 18:39:39: [SM] Blaming: ÒankrunFixhealth.smx
L 03/27/2026 - 18:39:39: [SM] Call stack trace:
L 03/27/2026 - 18:39:39: [SM]   [0] GetConVarString
L 03/27/2026 - 18:39:39: [SM]   [1] Line 138, C:\Users\Moises\Downloads\Compressed\sourcemod-1.11.0-git6968-windows\addons\sourcemod\scripting\ÒankrunFixhealth.sp::IsTankRunActive
L 03/27/2026 - 18:39:39: [SM]   [2] Line 36, C:\Users\Moises\Downloads\Compressed\sourcemod-1.11.0-git6968-windows\addons\sourcemod\scripting\ÒankrunFixhealth.sp::Timer_PeriodicCheck
L 03/27/2026 - 18:39:41: [SM] Exception reported: Invalid convar handle 0 (error 4)
L 03/27/2026 - 18:39:41: [SM] Blaming: ÒankrunFixhealth.smx
L 03/27/2026 - 18:39:41: [SM] Call stack trace:
L 03/27/2026 - 18:39:41: [SM]   [0] GetConVarString
L 03/27/2026 - 18:39:41: [SM]   [1] Line 138, C:\Users\Moises\Downloads\Compressed\sourcemod-1.11.0-git6968-windows\addons\sourcemod\scripting\ÒankrunFixhealth.sp::IsTankRunActive
L 03/27/2026 - 18:39:41: [SM]   [2] Line 79, C:\Users\Moises\Downloads\Compressed\sourcemod-1.11.0-git6968-windows\addons\sourcemod\scripting\ÒankrunFixhealth.sp::Event_PlayerDeath
L 03/27/2026 - 18:39:48: [SM] Exception reported: Invalid timer handle 8a800540 (error 3)
L 03/27/2026 - 18:39:48: [SM] Blaming: l4d2_playerjoining_v2.smx
L 03/27/2026 - 18:39:48: [SM] Call stack trace:
L 03/27/2026 - 18:39:48: [SM]   [0] KillTimer
L 03/27/2026 - 18:39:48: [SM]   [1] Line 53, C:\Users\Moises\Downloads\Compressed\sourcemod-1.11.0-git6968-windows\addons\sourcemod\scripting\l4d2_playerjoining_v2.sp::OnClientDisconnect
L 03/27/2026 - 18:39:49: [SM] Exception reported: Invalid convar handle 0 (error 4)
L 03/27/2026 - 18:39:49: [SM] Blaming: ÒankrunFixhealth.smx
L 03/27/2026 - 18:39:49: [SM] Call stack trace:
L 03/27/2026 - 18:39:49: [SM]   [0] GetConVarString
L 03/27/2026 - 18:39:49: [SM]   [1] Line 138, C:\Users\Moises\Downloads\Compressed\sourcemod-1.11.0-git6968-windows\addons\sourcemod\scripting\ÒankrunFixhealth.sp::IsTankRunActive
L 03/27/2026 - 18:39:49: [SM]   [2] Line 36, C:\Users\Moises\Downloads\Compressed\sourcemod-1.11.0-git6968-windows\addons\sourcemod\scripting\ÒankrunFixhealth.sp::Timer_PeriodicCheck
L 03/27/2026 - 18:39:59: [SM] Exception reported: Invalid convar handle 0 (error 4)
L 03/27/2026 - 18:39:59: [SM] Blaming: ÒankrunFixhealth.smx
L 03/27/2026 - 18:39:59: [SM] Call stack trace:
L 03/27/2026 - 18:39:59: [SM]   [0] GetConVarString
L 03/27/2026 - 18:39:59: [SM]   [1] Line 138, C:\Users\Moises\Downloads\Compressed\sourcemod-1.11.0-git6968-windows\addons\sourcemod\scripting\ÒankrunFixhealth.sp::IsTankRunActive
L 03/27/2026 - 18:39:59: [SM]   [2] Line 36, C:\Users\Moises\Downloads\Compressed\sourcemod-1.11.0-git6968-windows\addons\sourcemod\scripting\ÒankrunFixhealth.sp::Timer_PeriodicCheck
L 03/27/2026 - 18:40:04: [SM] Exception reported: Language phrase "Please wait to be revived or rescued" not found (arg 6)
L 03/27/2026 - 18:40:04: [SM] Blaming: l4dmultislots.smx
L 03/27/2026 - 18:40:04: [SM] Call stack trace:
L 03/27/2026 - 18:40:04: [SM]   [0] PrintToChat
L 03/27/2026 - 18:40:04: [SM]   [1] Line 953, d:\Github\Private-Work\L4D2-Êèí‰ª∂\scripting_1.11\l4dmultislots.sp::Timer_SpecCheck
L 03/27/2026 - 18:40:09: [SM] Exception reported: Invalid convar handle 0 (error 4)
L 03/27/2026 - 18:40:09: [SM] Blaming: ÒankrunFixhealth.smx
L 03/27/2026 - 18:40:09: [SM] Call stack trace:
L 03/27/2026 - 18:40:09: [SM]   [0] GetConVarString
L 03/27/2026 - 18:40:09: [SM]   [1] Line 138, C:\Users\Moises\Downloads\Compressed\sourcemod-1.11.0-git6968-windows\addons\sourcemod\scripting\ÒankrunFixhealth.sp::IsTankRunActive
L 03/27/2026 - 18:40:09: [SM]   [2] Line 36, C:\Users\Moises\Downloads\Compressed\sourcemod-1.11.0-git6968-windows\addons\sourcemod\scripting\ÒankrunFixhealth.sp::Timer_PeriodicCheck
L 03/27/2026 - 18:40:12: [SM] Exception reported: Invalid convar handle 0 (error 4)
L 03/27/2026 - 18:40:12: [SM] Blaming: ÒankrunFixhealth.smx
L 03/27/2026 - 18:40:12: [SM] Call stack trace:
L 03/27/2026 - 18:40:12: [SM]   [0] GetConVarString
L 03/27/2026 - 18:40:12: [SM]   [1] Line 138, C:\Users\Moises\Downloads\Compressed\sourcemod-1.11.0-git6968-windows\addons\sourcemod\scripting\ÒankrunFixhealth.sp::IsTankRunActive
L 03/27/2026 - 18:40:12: [SM]   [2] Line 79, C:\Users\Moises\Downloads\Compressed\sourcemod-1.11.0-git6968-windows\addons\sourcemod\scripting\ÒankrunFixhealth.sp::Event_PlayerDeath
L 03/27/2026 - 18:40:19: [SM] Exception reported: Invalid convar handle 0 (error 4)
L 03/27/2026 - 18:40:19: [SM] Blaming: ÒankrunFixhealth.smx
L 03/27/2026 - 18:40:19: [SM] Call stack trace:
L 03/27/2026 - 18:40:19: [SM]   [0] GetConVarString
L 03/27/2026 - 18:40:19: [SM]   [1] Line 138, C:\Users\Moises\Downloads\Compressed\sourcemod-1.11.0-git6968-windows\addons\sourcemod\scripting\ÒankrunFixhealth.sp::IsTankRunActive
L 03/27/2026 - 18:40:19: [SM]   [2] Line 36, C:\Users\Moises\Downloads\Compressed\sourcemod-1.11.0-git6968-windows\addons\sourcemod\scripting\ÒankrunFixhealth.sp::Timer_PeriodicCheck
L 03/27/2026 - 18:40:21: [SM] Exception reported: Invalid convar handle 0 (error 4)
L 03/27/2026 - 18:40:21: [SM] Blaming: ÒankrunFixhealth.smx
L 03/27/2026 - 18:40:21: [SM] Call stack trace:
L 03/27/2026 - 18:40:21: [SM]   [0] GetConVarString
L 03/27/2026 - 18:40:21: [SM]   [1] Line 138, C:\Users\Moises\Downloads\Compressed\sourcemod-1.11.0-git6968-windows\addons\sourcemod\scripting\ÒankrunFixhealth.sp::IsTankRunActive
L 03/27/2026 - 18:40:21: [SM]   [2] Line 79, C:\Users\Moises\Downloads\Compressed\sourcemod-1.11.0-git6968-windows\addons\sourcemod\scripting\ÒankrunFixhealth.sp::Event_PlayerDeath
L 03/27/2026 - 18:40:21: [SM] Exception reported: Invalid convar handle 0 (error 4)
L 03/27/2026 - 18:40:21: [SM] Blaming: ÒankrunFixhealth.smx
L 03/27/2026 - 18:40:21: [SM] Call stack trace:
L 03/27/2026 - 18:40:21: [SM]   [0] GetConVarString
L 03/27/2026 - 18:40:21: [SM]   [1] Line 138, C:\Users\Moises\Downloads\Compressed\sourcemod-1.11.0-git6968-windows\addons\sourcemod\scripting\ÒankrunFixhealth.sp::IsTankRunActive
L 03/27/2026 - 18:40:21: [SM]   [2] Line 79, C:\Users\Moises\Downloads\Compressed\sourcemod-1.11.0-git6968-windows\addons\sourcemod\scripting\ÒankrunFixhealth.sp::Event_PlayerDeath
L 03/27/2026 - 18:40:24: [SM] Exception reported: Invalid convar handle 0 (error 4)
L 03/27/2026 - 18:40:24: [SM] Blaming: ÒankrunFixhealth.smx
L 03/27/2026 - 18:40:24: [SM] Call stack trace:
L 03/27/2026 - 18:40:24: [SM]   [0] GetConVarString
L 03/27/2026 - 18:40:24: [SM]   [1] Line 138, C:\Users\Moises\Downloads\Compressed\sourcemod-1.11.0-git6968-windows\addons\sourcemod\scripting\ÒankrunFixhealth.sp::IsTankRunActive
L 03/27/2026 - 18:40:24: [SM]   [2] Line 79, C:\Users\Moises\Downloads\Compressed\sourcemod-1.11.0-git6968-windows\addons\sourcemod\scripting\ÒankrunFixhealth.sp::Event_PlayerDeath
L 03/27/2026 - 18:40:28: [SM] Exception reported: Invalid timer handle 8a800540 (error 1)
L 03/27/2026 - 18:40:28: [SM] Blaming: l4d2_playerjoining_v2.smx
L 03/27/2026 - 18:40:28: [SM] Call stack trace:
L 03/27/2026 - 18:40:28: [SM]   [0] KillTimer
L 03/27/2026 - 18:40:28: [SM]   [1] Line 53, C:\Users\Moises\Downloads\Compressed\sourcemod-1.11.0-git6968-windows\addons\sourcemod\scripting\l4d2_playerjoining_v2.sp::OnClientDisconnect
L 03/27/2026 - 18:40:29: [SM] Exception reported: Language phrase "Please wait to be revived or rescued" not found (arg 6)
L 03/27/2026 - 18:40:29: [SM] Blaming: l4dmultislots.smx
L 03/27/2026 - 18:40:29: [SM] Call stack trace:
L 03/27/2026 - 18:40:29: [SM]   [0] PrintToChat
L 03/27/2026 - 18:40:29: [SM]   [1] Line 953, d:\Github\Private-Work\L4D2-Êèí‰ª∂\scripting_1.11\l4dmultislots.sp::Timer_SpecCheck
L 03/27/2026 - 18:40:29: [SM] Exception reported: Invalid convar handle 0 (error 4)
L 03/27/2026 - 18:40:29: [SM] Blaming: ÒankrunFixhealth.smx
L 03/27/2026 - 18:40:29: [SM] Call stack trace:
L 03/27/2026 - 18:40:29: [SM]   [0] GetConVarString
L 03/27/2026 - 18:40:29: [SM]   [1] Line 138, C:\Users\Moises\Downloads\Compressed\sourcemod-1.11.0-git6968-windows\addons\sourcemod\scripting\ÒankrunFixhealth.sp::IsTankRunActive
L 03/27/2026 - 18:40:29: [SM]   [2] Line 36, C:\Users\Moises\Downloads\Compressed\sourcemod-1.11.0-git6968-windows\addons\sourcemod\scripting\ÒankrunFixhealth.sp::Timer_PeriodicCheck
L 03/27/2026 - 18:40:39: [SM] Exception reported: Invalid convar handle 0 (error 4)
L 03/27/2026 - 18:40:39: [SM] Blaming: ÒankrunFixhealth.smx
L 03/27/2026 - 18:40:39: [SM] Call stack trace:
L 03/27/2026 - 18:40:39: [SM]   [0] GetConVarString
L 03/27/2026 - 18:40:39: [SM]   [1] Line 138, C:\Users\Moises\Downloads\Compressed\sourcemod-1.11.0-git6968-windows\addons\sourcemod\scripting\ÒankrunFixhealth.sp::IsTankRunActive
L 03/27/2026 - 18:40:39: [SM]   [2] Line 36, C:\Users\Moises\Downloads\Compressed\sourcemod-1.11.0-git6968-windows\addons\sourcemod\scripting\ÒankrunFixhealth.sp::Timer_PeriodicCheck
L 03/27/2026 - 18:40:41: [SM] Exception reported: Invalid convar handle 0 (error 4)
L 03/27/2026 - 18:40:41: [SM] Blaming: ÒankrunFixhealth.smx
L 03/27/2026 - 18:40:41: [SM] Call stack trace:
L 03/27/2026 - 18:40:41: [SM]   [0] GetConVarString
L 03/27/2026 - 18:40:41: [SM]   [1] Line 138, C:\Users\Moises\Downloads\Compressed\sourcemod-1.11.0-git6968-windows\addons\sourcemod\scripting\ÒankrunFixhealth.sp::IsTankRunActive
L 03/27/2026 - 18:40:41: [SM]   [2] Line 79, C:\Users\Moises\Downloads\Compressed\sourcemod-1.11.0-git6968-windows\addons\sourcemod\scripting\ÒankrunFixhealth.sp::Event_PlayerDeath
L 03/27/2026 - 18:40:43: [SM] Exception reported: Invalid convar handle 0 (error 4)
L 03/27/2026 - 18:40:43: [SM] Blaming: ÒankrunFixhealth.smx
L 03/27/2026 - 18:40:43: [SM] Call stack trace:
L 03/27/2026 - 18:40:43: [SM]   [0] GetConVarString
L 03/27/2026 - 18:40:43: [SM]   [1] Line 138, C:\Users\Moises\Downloads\Compressed\sourcemod-1.11.0-git6968-windows\addons\sourcemod\scripting\ÒankrunFixhealth.sp::IsTankRunActive
L 03/27/2026 - 18:40:43: [SM]   [2] Line 79, C:\Users\Moises\Downloads\Compressed\sourcemod-1.11.0-git6968-windows\addons\sourcemod\scripting\ÒankrunFixhealth.sp::Event_PlayerDeath
L 03/27/2026 - 18:40:49: [SM] Exception reported: Invalid convar handle 0 (error 4)
L 03/27/2026 - 18:40:49: [SM] Blaming: ÒankrunFixhealth.smx
L 03/27/2026 - 18:40:49: [SM] Call stack trace:
L 03/27/2026 - 18:40:49: [SM]   [0] GetConVarString
L 03/27/2026 - 18:40:49: [SM]   [1] Line 138, C:\Users\Moises\Downloads\Compressed\sourcemod-1.11.0-git6968-windows\addons\sourcemod\scripting\ÒankrunFixhealth.sp::IsTankRunActive
L 03/27/2026 - 18:40:49: [SM]   [2] Line 36, C:\Users\Moises\Downloads\Compressed\sourcemod-1.11.0-git6968-windows\addons\sourcemod\scripting\ÒankrunFixhealth.sp::Timer_PeriodicCheck
L 03/27/2026 - 18:40:54: [SM] Exception reported: Language phrase "Please wait to be revived or rescued" not found (arg 6)
L 03/27/2026 - 18:40:54: [SM] Blaming: l4dmultislots.smx
L 03/27/2026 - 18:40:54: [SM] Call stack trace:
L 03/27/2026 - 18:40:54: [SM]   [0] PrintToChat
L 03/27/2026 - 18:40:54: [SM]   [1] Line 953, d:\Github\Private-Work\L4D2-Êèí‰ª∂\scripting_1.11\l4dmultislots.sp::Timer_SpecCheck
L 03/27/2026 - 18:40:59: [SM] Exception reported: Invalid convar handle 0 (error 4)
L 03/27/2026 - 18:40:59: [SM] Blaming: ÒankrunFixhealth.smx
L 03/27/2026 - 18:40:59: [SM] Call stack trace:
L 03/27/2026 - 18:40:59: [SM]   [0] GetConVarString
L 03/27/2026 - 18:40:59: [SM]   [1] Line 138, C:\Users\Moises\Downloads\Compressed\sourcemod-1.11.0-git6968-windows\addons\sourcemod\scripting\ÒankrunFixhealth.sp::IsTankRunActive
L 03/27/2026 - 18:40:59: [SM]   [2] Line 36, C:\Users\Moises\Downloads\Compressed\sourcemod-1.11.0-git6968-windows\addons\sourcemod\scripting\ÒankrunFixhealth.sp::Timer_PeriodicCheck
L 03/27/2026 - 18:41:03: [SM] Exception reported: Invalid convar handle 0 (error 4)
L 03/27/2026 - 18:41:03: [SM] Blaming: ÒankrunFixhealth.smx
L 03/27/2026 - 18:41:03: [SM] Call stack trace:
L 03/27/2026 - 18:41:03: [SM]   [0] GetConVarString
L 03/27/2026 - 18:41:03: [SM]   [1] Line 138, C:\Users\Moises\Downloads\Compressed\sourcemod-1.11.0-git6968-windows\addons\sourcemod\scripting\ÒankrunFixhealth.sp::IsTankRunActive
L 03/27/2026 - 18:41:03: [SM]   [2] Line 79, C:\Users\Moises\Downloads\Compressed\sourcemod-1.11.0-git6968-windows\addons\sourcemod\scripting\ÒankrunFixhealth.sp::Event_PlayerDeath
L 03/27/2026 - 18:41:08: [SM] Exception reported: Invalid convar handle 0 (error 4)
L 03/27/2026 - 18:41:08: [SM] Blaming: ÒankrunFixhealth.smx
L 03/27/2026 - 18:41:08: [SM] Call stack trace:
L 03/27/2026 - 18:41:08: [SM]   [0] GetConVarString
L 03/27/2026 - 18:41:08: [SM]   [1] Line 138, C:\Users\Moises\Downloads\Compressed\sourcemod-1.11.0-git6968-windows\addons\sourcemod\scripting\ÒankrunFixhealth.sp::IsTankRunActive
L 03/27/2026 - 18:41:08: [SM]   [2] Line 79, C:\Users\Moises\Downloads\Compressed\sourcemod-1.11.0-git6968-windows\addons\sourcemod\scripting\ÒankrunFixhealth.sp::Event_PlayerDeath
L 03/27/2026 - 18:41:09: [SM] Exception reported: Invalid convar handle 0 (error 4)
L 03/27/2026 - 18:41:09: [SM] Blaming: ÒankrunFixhealth.smx
L 03/27/2026 - 18:41:09: [SM] Call stack trace:
L 03/27/2026 - 18:41:09: [SM]   [0] GetConVarString
L 03/27/2026 - 18:41:09: [SM]   [1] Line 138, C:\Users\Moises\Downloads\Compressed\sourcemod-1.11.0-git6968-windows\addons\sourcemod\scripting\ÒankrunFixhealth.sp::IsTankRunActive
L 03/27/2026 - 18:41:09: [SM]   [2] Line 36, C:\Users\Moises\Downloads\Compressed\sourcemod-1.11.0-git6968-windows\addons\sourcemod\scripting\ÒankrunFixhealth.sp::Timer_PeriodicCheck
L 03/27/2026 - 18:41:15: [SM] Exception reported: Invalid convar handle 0 (error 4)
L 03/27/2026 - 18:41:15: [SM] Blaming: ÒankrunFixhealth.smx
L 03/27/2026 - 18:41:15: [SM] Call stack trace:
L 03/27/2026 - 18:41:15: [SM]   [0] GetConVarString
L 03/27/2026 - 18:41:15: [SM]   [1] Line 138, C:\Users\Moises\Downloads\Compressed\sourcemod-1.11.0-git6968-windows\addons\sourcemod\scripting\ÒankrunFixhealth.sp::IsTankRunActive
L 03/27/2026 - 18:41:15: [SM]   [2] Line 79, C:\Users\Moises\Downloads\Compressed\sourcemod-1.11.0-git6968-windows\addons\sourcemod\scripting\ÒankrunFixhealth.sp::Event_PlayerDeath
L 03/27/2026 - 18:41:15: [SM]   [4] ForcePlayerSuicide
L 03/27/2026 - 18:41:15: [SM]   [5] Line 79, C:\Users\Moises\Downloads\Compressed\sourcemod-1.11.0-git6968-windows\addons\sourcemod\scripting\L4D1&2_NeedToHave.sp::Kill_Me
L 03/27/2026 - 18:41:19: [SM] Exception reported: Language phrase "Please wait to be revived or rescued" not found (arg 6)
L 03/27/2026 - 18:41:19: [SM] Blaming: l4dmultislots.smx
L 03/27/2026 - 18:41:19: [SM] Call stack trace:
L 03/27/2026 - 18:41:19: [SM]   [0] PrintToChat
L 03/27/2026 - 18:41:19: [SM]   [1] Line 953, d:\Github\Private-Work\L4D2-Êèí‰ª∂\scripting_1.11\l4dmultislots.sp::Timer_SpecCheck
L 03/27/2026 - 18:41:19: [SM] Exception reported: Invalid convar handle 0 (error 4)
L 03/27/2026 - 18:41:19: [SM] Blaming: ÒankrunFixhealth.smx
L 03/27/2026 - 18:41:19: [SM] Call stack trace:
L 03/27/2026 - 18:41:19: [SM]   [0] GetConVarString
L 03/27/2026 - 18:41:19: [SM]   [1] Line 138, C:\Users\Moises\Downloads\Compressed\sourcemod-1.11.0-git6968-windows\addons\sourcemod\scripting\ÒankrunFixhealth.sp::IsTankRunActive
L 03/27/2026 - 18:41:19: [SM]   [2] Line 36, C:\Users\Moises\Downloads\Compressed\sourcemod-1.11.0-git6968-windows\addons\sourcemod\scripting\ÒankrunFixhealth.sp::Timer_PeriodicCheck
L 03/27/2026 - 18:41:29: [SM] Exception reported: Invalid convar handle 0 (error 4)
L 03/27/2026 - 18:41:29: [SM] Blaming: ÒankrunFixhealth.smx
L 03/27/2026 - 18:41:29: [SM] Call stack trace:
L 03/27/2026 - 18:41:29: [SM]   [0] GetConVarString
L 03/27/2026 - 18:41:29: [SM]   [1] Line 138, C:\Users\Moises\Downloads\Compressed\sourcemod-1.11.0-git6968-windows\addons\sourcemod\scripting\ÒankrunFixhealth.sp::IsTankRunActive
L 03/27/2026 - 18:41:29: [SM]   [2] Line 36, C:\Users\Moises\Downloads\Compressed\sourcemod-1.11.0-git6968-windows\addons\sourcemod\scripting\ÒankrunFixhealth.sp::Timer_PeriodicCheck
L 03/27/2026 - 18:41:39: [SM] Exception reported: Invalid convar handle 0 (error 4)
L 03/27/2026 - 18:41:39: [SM] Blaming: ÒankrunFixhealth.smx
L 03/27/2026 - 18:41:39: [SM] Call stack trace:
L 03/27/2026 - 18:41:39: [SM]   [0] GetConVarString
L 03/27/2026 - 18:41:39: [SM]   [1] Line 138, C:\Users\Moises\Downloads\Compressed\sourcemod-1.11.0-git6968-windows\addons\sourcemod\scripting\ÒankrunFixhealth.sp::IsTankRunActive
L 03/27/2026 - 18:41:39: [SM]   [2] Line 36, C:\Users\Moises\Downloads\Compressed\sourcemod-1.11.0-git6968-windows\addons\sourcemod\scripting\ÒankrunFixhealth.sp::Timer_PeriodicCheck
L 03/27/2026 - 18:41:42: [SM] Exception reported: Invalid convar handle 0 (error 4)
L 03/27/2026 - 18:41:42: [SM] Blaming: ÒankrunFixhealth.smx
L 03/27/2026 - 18:41:42: [SM] Call stack trace:
L 03/27/2026 - 18:41:42: [SM]   [0] GetConVarString
L 03/27/2026 - 18:41:42: [SM]   [1] Line 138, C:\Users\Moises\Downloads\Compressed\sourcemod-1.11.0-git6968-windows\addons\sourcemod\scripting\ÒankrunFixhealth.sp::IsTankRunActive
L 03/27/2026 - 18:41:42: [SM]   [2] Line 79, C:\Users\Moises\Downloads\Compressed\sourcemod-1.11.0-git6968-windows\addons\sourcemod\scripting\ÒankrunFixhealth.sp::Event_PlayerDeath
L 03/27/2026 - 18:41:43: [SM] Exception reported: Invalid convar handle 0 (error 4)
L 03/27/2026 - 18:41:43: [SM] Blaming: ÒankrunFixhealth.smx
L 03/27/2026 - 18:41:43: [SM] Call stack trace:
L 03/27/2026 - 18:41:43: [SM]   [0] GetConVarString
L 03/27/2026 - 18:41:43: [SM]   [1] Line 138, C:\Users\Moises\Downloads\Compressed\sourcemod-1.11.0-git6968-windows\addons\sourcemod\scripting\ÒankrunFixhealth.sp::IsTankRunActive
L 03/27/2026 - 18:41:43: [SM]   [2] Line 91, C:\Users\Moises\Downloads\Compressed\sourcemod-1.11.0-git6968-windows\addons\sourcemod\scripting\ÒankrunFixhealth.sp::Event_MissionLost
L 03/27/2026 - 18:41:49: [SM] Exception reported: Invalid convar handle 0 (error 4)
L 03/27/2026 - 18:41:49: [SM] Blaming: ÒankrunFixhealth.smx
L 03/27/2026 - 18:41:49: [SM] Call stack trace:
L 03/27/2026 - 18:41:49: [SM]   [0] GetConVarString
L 03/27/2026 - 18:41:49: [SM]   [1] Line 138, C:\Users\Moises\Downloads\Compressed\sourcemod-1.11.0-git6968-windows\addons\sourcemod\scripting\ÒankrunFixhealth.sp::IsTankRunActive
L 03/27/2026 - 18:41:49: [SM]   [2] Line 36, C:\Users\Moises\Downloads\Compressed\sourcemod-1.11.0-git6968-windows\addons\sourcemod\scripting\ÒankrunFixhealth.sp::Timer_PeriodicCheck
L 03/27/2026 - 18:41:50: [SM] Exception reported: Invalid convar handle 0 (error 4)
L 03/27/2026 - 18:41:50: [SM] Blaming: ÒankrunFixhealth.smx
L 03/27/2026 - 18:41:50: [SM] Call stack trace:
L 03/27/2026 - 18:41:50: [SM]   [0] GetConVarString
L 03/27/2026 - 18:41:50: [SM]   [1] Line 138, C:\Users\Moises\Downloads\Compressed\sourcemod-1.11.0-git6968-windows\addons\sourcemod\scripting\ÒankrunFixhealth.sp::IsTankRunActive
L 03/27/2026 - 18:41:50: [SM]   [2] Line 54, C:\Users\Moises\Downloads\Compressed\sourcemod-1.11.0-git6968-windows\addons\sourcemod\scripting\ÒankrunFixhealth.sp::Event_RoundStart
L 03/27/2026 - 18:41:50: [SM] Exception reported: Invalid timer handle 8a800540 (error 1)
L 03/27/2026 - 18:41:50: [SM] Blaming: l4d2_playerjoining_v2.smx
L 03/27/2026 - 18:41:50: [SM] Call stack trace:
L 03/27/2026 - 18:41:50: [SM]   [0] KillTimer
L 03/27/2026 - 18:41:50: [SM]   [1] Line 53, C:\Users\Moises\Downloads\Compressed\sourcemod-1.11.0-git6968-windows\addons\sourcemod\scripting\l4d2_playerjoining_v2.sp::OnClientDisconnect
L 03/27/2026 - 18:41:50: [SM] Exception reported: Invalid timer handle 29f00559 (error 1)
L 03/27/2026 - 18:41:50: [SM] Blaming: l4d2_playerjoining_v2.smx
L 03/27/2026 - 18:41:50: [SM] Call stack trace:
L 03/27/2026 - 18:41:50: [SM]   [0] KillTimer
L 03/27/2026 - 18:41:50: [SM]   [1] Line 53, C:\Users\Moises\Downloads\Compressed\sourcemod-1.11.0-git6968-windows\addons\sourcemod\scripting\l4d2_playerjoining_v2.sp::OnClientDisconnect
L 03/27/2026 - 18:41:59: [SM] Exception reported: Invalid timer handle 8a800540 (error 3)
L 03/27/2026 - 18:41:59: [SM] Blaming: l4d2_playerjoining_v2.smx
L 03/27/2026 - 18:41:59: [SM] Call stack trace:
L 03/27/2026 - 18:41:59: [SM]   [0] KillTimer
L 03/27/2026 - 18:41:59: [SM]   [1] Line 53, C:\Users\Moises\Downloads\Compressed\sourcemod-1.11.0-git6968-windows\addons\sourcemod\scripting\l4d2_playerjoining_v2.sp::OnClientDisconnect
L 03/27/2026 - 18:41:59: [SM] Exception reported: Invalid convar handle 0 (error 4)
L 03/27/2026 - 18:41:59: [SM] Blaming: ÒankrunFixhealth.smx
L 03/27/2026 - 18:41:59: [SM] Call stack trace:
L 03/27/2026 - 18:41:59: [SM]   [0] GetConVarString
L 03/27/2026 - 18:41:59: [SM]   [1] Line 138, C:\Users\Moises\Downloads\Compressed\sourcemod-1.11.0-git6968-windows\addons\sourcemod\scripting\ÒankrunFixhealth.sp::IsTankRunActive
L 03/27/2026 - 18:41:59: [SM]   [2] Line 36, C:\Users\Moises\Downloads\Compressed\sourcemod-1.11.0-git6968-windows\addons\sourcemod\scripting\ÒankrunFixhealth.sp::Timer_PeriodicCheck
L 03/27/2026 - 18:42:02: [SM] Exception reported: Invalid convar handle 0 (error 4)
L 03/27/2026 - 18:42:02: [SM] Blaming: ÒankrunFixhealth.smx
L 03/27/2026 - 18:42:02: [SM] Call stack trace:
L 03/27/2026 - 18:42:02: [SM]   [0] GetConVarString
L 03/27/2026 - 18:42:02: [SM]   [1] Line 138, C:\Users\Moises\Downloads\Compressed\sourcemod-1.11.0-git6968-windows\addons\sourcemod\scripting\ÒankrunFixhealth.sp::IsTankRunActive
L 03/27/2026 - 18:42:02: [SM]   [2] Line 79, C:\Users\Moises\Downloads\Compressed\sourcemod-1.11.0-git6968-windows\addons\sourcemod\scripting\ÒankrunFixhealth.sp::Event_PlayerDeath
L 03/27/2026 - 18:42:09: [SM] Exception reported: Invalid convar handle 0 (error 4)
L 03/27/2026 - 18:42:09: [SM] Blaming: ÒankrunFixhealth.smx
L 03/27/2026 - 18:42:09: [SM] Call stack trace:
L 03/27/2026 - 18:42:09: [SM]   [0] GetConVarString
L 03/27/2026 - 18:42:09: [SM]   [1] Line 138, C:\Users\Moises\Downloads\Compressed\sourcemod-1.11.0-git6968-windows\addons\sourcemod\scripting\ÒankrunFixhealth.sp::IsTankRunActive
L 03/27/2026 - 18:42:09: [SM]   [2] Line 36, C:\Users\Moises\Downloads\Compressed\sourcemod-1.11.0-git6968-windows\addons\sourcemod\scripting\ÒankrunFixhealth.sp::Timer_PeriodicCheck
L 03/27/2026 - 18:42:16: [SM] Exception reported: Invalid convar handle 0 (error 4)
L 03/27/2026 - 18:42:16: [SM] Blaming: ÒankrunFixhealth.smx
L 03/27/2026 - 18:42:16: [SM] Call stack trace:
L 03/27/2026 - 18:42:16: [SM]   [0] GetConVarString
L 03/27/2026 - 18:42:16: [SM]   [1] Line 138, C:\Users\Moises\Downloads\Compressed\sourcemod-1.11.0-git6968-windows\addons\sourcemod\scripting\ÒankrunFixhealth.sp::IsTankRunActive
L 03/27/2026 - 18:42:16: [SM]   [2] Line 79, C:\Users\Moises\Downloads\Compressed\sourcemod-1.11.0-git6968-windows\addons\sourcemod\scripting\ÒankrunFixhealth.sp::Event_PlayerDeath
L 03/27/2026 - 18:42:19: [SM] Exception reported: Invalid convar handle 0 (error 4)
L 03/27/2026 - 18:42:19: [SM] Blaming: ÒankrunFixhealth.smx
L 03/27/2026 - 18:42:19: [SM] Call stack trace:
L 03/27/2026 - 18:42:19: [SM]   [0] GetConVarString
L 03/27/2026 - 18:42:19: [SM]   [1] Line 138, C:\Users\Moises\Downloads\Compressed\sourcemod-1.11.0-git6968-windows\addons\sourcemod\scripting\ÒankrunFixhealth.sp::IsTankRunActive
L 03/27/2026 - 18:42:19: [SM]   [2] Line 36, C:\Users\Moises\Downloads\Compressed\sourcemod-1.11.0-git6968-windows\addons\sourcemod\scripting\ÒankrunFixhealth.sp::Timer_PeriodicCheck
L 03/27/2026 - 18:42:29: [SM] Exception reported: Invalid convar handle 0 (error 4)
L 03/27/2026 - 18:42:29: [SM] Blaming: ÒankrunFixhealth.smx
L 03/27/2026 - 18:42:29: [SM] Call stack trace:
L 03/27/2026 - 18:42:29: [SM]   [0] GetConVarString
L 03/27/2026 - 18:42:29: [SM]   [1] Line 138, C:\Users\Moises\Downloads\Compressed\sourcemod-1.11.0-git6968-windows\addons\sourcemod\scripting\ÒankrunFixhealth.sp::IsTankRunActive
L 03/27/2026 - 18:42:29: [SM]   [2] Line 36, C:\Users\Moises\Downloads\Compressed\sourcemod-1.11.0-git6968-windows\addons\sourcemod\scripting\ÒankrunFixhealth.sp::Timer_PeriodicCheck
L 03/27/2026 - 18:42:39: [SM] Exception reported: Invalid convar handle 0 (error 4)
L 03/27/2026 - 18:42:39: [SM] Blaming: ÒankrunFixhealth.smx
L 03/27/2026 - 18:42:39: [SM] Call stack trace:
L 03/27/2026 - 18:42:39: [SM]   [0] GetConVarString
L 03/27/2026 - 18:42:39: [SM]   [1] Line 138, C:\Users\Moises\Downloads\Compressed\sourcemod-1.11.0-git6968-windows\addons\sourcemod\scripting\ÒankrunFixhealth.sp::IsTankRunActive
L 03/27/2026 - 18:42:39: [SM]   [2] Line 36, C:\Users\Moises\Downloads\Compressed\sourcemod-1.11.0-git6968-windows\addons\sourcemod\scripting\ÒankrunFixhealth.sp::Timer_PeriodicCheck
L 03/27/2026 - 18:42:40: [SM] Exception reported: Language phrase "Please wait to be revived or rescued" not found (arg 6)
L 03/27/2026 - 18:42:40: [SM] Blaming: l4dmultislots.smx
L 03/27/2026 - 18:42:40: [SM] Call stack trace:
L 03/27/2026 - 18:42:40: [SM]   [0] PrintToChat
L 03/27/2026 - 18:42:40: [SM]   [1] Line 953, d:\Github\Private-Work\L4D2-Êèí‰ª∂\scripting_1.11\l4dmultislots.sp::Timer_SpecCheck
L 03/27/2026 - 18:42:49: [SM] Exception reported: Invalid convar handle 0 (error 4)
L 03/27/2026 - 18:42:49: [SM] Blaming: ÒankrunFixhealth.smx
L 03/27/2026 - 18:42:49: [SM] Call stack trace:
L 03/27/2026 - 18:42:49: [SM]   [0] GetConVarString
L 03/27/2026 - 18:42:49: [SM]   [1] Line 138, C:\Users\Moises\Downloads\Compressed\sourcemod-1.11.0-git6968-windows\addons\sourcemod\scripting\ÒankrunFixhealth.sp::IsTankRunActive
L 03/27/2026 - 18:42:49: [SM]   [2] Line 36, C:\Users\Moises\Downloads\Compressed\sourcemod-1.11.0-git6968-windows\addons\sourcemod\scripting\ÒankrunFixhealth.sp::Timer_PeriodicCheck
L 03/27/2026 - 18:42:59: [SM] Exception reported: Invalid convar handle 0 (error 4)
L 03/27/2026 - 18:42:59: [SM] Blaming: ÒankrunFixhealth.smx
L 03/27/2026 - 18:42:59: [SM] Call stack trace:
L 03/27/2026 - 18:42:59: [SM]   [0] GetConVarString
L 03/27/2026 - 18:42:59: [SM]   [1] Line 138, C:\Users\Moises\Downloads\Compressed\sourcemod-1.11.0-git6968-windows\addons\sourcemod\scripting\ÒankrunFixhealth.sp::IsTankRunActive
L 03/27/2026 - 18:42:59: [SM]   [2] Line 36, C:\Users\Moises\Downloads\Compressed\sourcemod-1.11.0-git6968-windows\addons\sourcemod\scripting\ÒankrunFixhealth.sp::Timer_PeriodicCheck
L 03/27/2026 - 18:43:03: [SM] Exception reported: Invalid timer handle 29f00559 (error 3)
L 03/27/2026 - 18:43:03: [SM] Blaming: l4d2_playerjoining_v2.smx
L 03/27/2026 - 18:43:03: [SM] Call stack trace:
L 03/27/2026 - 18:43:03: [SM]   [0] KillTimer
L 03/27/2026 - 18:43:03: [SM]   [1] Line 53, C:\Users\Moises\Downloads\Compressed\sourcemod-1.11.0-git6968-windows\addons\sourcemod\scripting\l4d2_playerjoining_v2.sp::OnClientDisconnect
L 03/27/2026 - 18:43:05: [SM] Exception reported: Language phrase "Please wait to be revived or rescued" not found (arg 6)
L 03/27/2026 - 18:43:05: [SM] Blaming: l4dmultislots.smx
L 03/27/2026 - 18:43:05: [SM] Call stack trace:
L 03/27/2026 - 18:43:05: [SM]   [0] PrintToChat
L 03/27/2026 - 18:43:05: [SM]   [1] Line 953, d:\Github\Private-Work\L4D2-Êèí‰ª∂\scripting_1.11\l4dmultislots.sp::Timer_SpecCheck
L 03/27/2026 - 18:43:09: [SM] Exception reported: Invalid convar handle 0 (error 4)
L 03/27/2026 - 18:43:09: [SM] Blaming: ÒankrunFixhealth.smx
L 03/27/2026 - 18:43:09: [SM] Call stack trace:
L 03/27/2026 - 18:43:09: [SM]   [0] GetConVarString
L 03/27/2026 - 18:43:09: [SM]   [1] Line 138, C:\Users\Moises\Downloads\Compressed\sourcemod-1.11.0-git6968-windows\addons\sourcemod\scripting\ÒankrunFixhealth.sp::IsTankRunActive
L 03/27/2026 - 18:43:09: [SM]   [2] Line 36, C:\Users\Moises\Downloads\Compressed\sourcemod-1.11.0-git6968-windows\addons\sourcemod\scripting\ÒankrunFixhealth.sp::Timer_PeriodicCheck
L 03/27/2026 - 18:43:13: [SM] Exception reported: Invalid convar handle 0 (error 4)
L 03/27/2026 - 18:43:13: [SM] Blaming: ÒankrunFixhealth.smx
L 03/27/2026 - 18:43:13: [SM] Call stack trace:
L 03/27/2026 - 18:43:13: [SM]   [0] GetConVarString
L 03/27/2026 - 18:43:13: [SM]   [1] Line 138, C:\Users\Moises\Downloads\Compressed\sourcemod-1.11.0-git6968-windows\addons\sourcemod\scripting\ÒankrunFixhealth.sp::IsTankRunActive
L 03/27/2026 - 18:43:13: [SM]   [2] Line 79, C:\Users\Moises\Downloads\Compressed\sourcemod-1.11.0-git6968-windows\addons\sourcemod\scripting\ÒankrunFixhealth.sp::Event_PlayerDeath
L 03/27/2026 - 18:43:15: [SM] Exception reported: Invalid convar handle 0 (error 4)
L 03/27/2026 - 18:43:15: [SM] Blaming: ÒankrunFixhealth.smx
L 03/27/2026 - 18:43:15: [SM] Call stack trace:
L 03/27/2026 - 18:43:15: [SM]   [0] GetConVarString
L 03/27/2026 - 18:43:15: [SM]   [1] Line 138, C:\Users\Moises\Downloads\Compressed\sourcemod-1.11.0-git6968-windows\addons\sourcemod\scripting\ÒankrunFixhealth.sp::IsTankRunActive
L 03/27/2026 - 18:43:15: [SM]   [2] Line 79, C:\Users\Moises\Downloads\Compressed\sourcemod-1.11.0-git6968-windows\addons\sourcemod\scripting\ÒankrunFixhealth.sp::Event_PlayerDeath
L 03/27/2026 - 18:43:19: [SM] Exception reported: Invalid convar handle 0 (error 4)
L 03/27/2026 - 18:43:19: [SM] Blaming: ÒankrunFixhealth.smx
L 03/27/2026 - 18:43:19: [SM] Call stack trace:
L 03/27/2026 - 18:43:19: [SM]   [0] GetConVarString
L 03/27/2026 - 18:43:19: [SM]   [1] Line 138, C:\Users\Moises\Downloads\Compressed\sourcemod-1.11.0-git6968-windows\addons\sourcemod\scripting\ÒankrunFixhealth.sp::IsTankRunActive
L 03/27/2026 - 18:43:19: [SM]   [2] Line 36, C:\Users\Moises\Downloads\Compressed\sourcemod-1.11.0-git6968-windows\addons\sourcemod\scripting\ÒankrunFixhealth.sp::Timer_PeriodicCheck
L 03/27/2026 - 18:43:29: [SM] Exception reported: Invalid convar handle 0 (error 4)
L 03/27/2026 - 18:43:29: [SM] Blaming: ÒankrunFixhealth.smx
L 03/27/2026 - 18:43:29: [SM] Call stack trace:
L 03/27/2026 - 18:43:29: [SM]   [0] GetConVarString
L 03/27/2026 - 18:43:29: [SM]   [1] Line 138, C:\Users\Moises\Downloads\Compressed\sourcemod-1.11.0-git6968-windows\addons\sourcemod\scripting\ÒankrunFixhealth.sp::IsTankRunActive
L 03/27/2026 - 18:43:29: [SM]   [2] Line 36, C:\Users\Moises\Downloads\Compressed\sourcemod-1.11.0-git6968-windows\addons\sourcemod\scripting\ÒankrunFixhealth.sp::Timer_PeriodicCheck
L 03/27/2026 - 18:43:30: [SM] Exception reported: Language phrase "Please wait to be revived or rescued" not found (arg 6)
L 03/27/2026 - 18:43:30: [SM] Blaming: l4dmultislots.smx
L 03/27/2026 - 18:43:30: [SM] Call stack trace:
L 03/27/2026 - 18:43:30: [SM]   [0] PrintToChat
L 03/27/2026 - 18:43:30: [SM]   [1] Line 953, d:\Github\Private-Work\L4D2-Êèí‰ª∂\scripting_1.11\l4dmultislots.sp::Timer_SpecCheck
L 03/27/2026 - 18:43:32: [SM] Exception reported: Invalid convar handle 0 (error 4)
L 03/27/2026 - 18:43:32: [SM] Blaming: ÒankrunFixhealth.smx
L 03/27/2026 - 18:43:32: [SM] Call stack trace:
L 03/27/2026 - 18:43:32: [SM]   [0] GetConVarString
L 03/27/2026 - 18:43:32: [SM]   [1] Line 138, C:\Users\Moises\Downloads\Compressed\sourcemod-1.11.0-git6968-windows\addons\sourcemod\scripting\ÒankrunFixhealth.sp::IsTankRunActive
L 03/27/2026 - 18:43:32: [SM]   [2] Line 79, C:\Users\Moises\Downloads\Compressed\sourcemod-1.11.0-git6968-windows\addons\sourcemod\scripting\ÒankrunFixhealth.sp::Event_PlayerDeath
L 03/27/2026 - 18:43:33: [SM] Exception reported: Invalid convar handle 0 (error 4)
L 03/27/2026 - 18:43:33: [SM] Blaming: ÒankrunFixhealth.smx
L 03/27/2026 - 18:43:33: [SM] Call stack trace:
L 03/27/2026 - 18:43:33: [SM]   [0] GetConVarString
L 03/27/2026 - 18:43:33: [SM]   [1] Line 138, C:\Users\Moises\Downloads\Compressed\sourcemod-1.11.0-git6968-windows\addons\sourcemod\scripting\ÒankrunFixhealth.sp::IsTankRunActive
L 03/27/2026 - 18:43:33: [SM]   [2] Line 91, C:\Users\Moises\Downloads\Compressed\sourcemod-1.11.0-git6968-windows\addons\sourcemod\scripting\ÒankrunFixhealth.sp::Event_MissionLost
L 03/27/2026 - 18:43:39: [SM] Exception reported: Invalid convar handle 0 (error 4)
L 03/27/2026 - 18:43:39: [SM] Blaming: ÒankrunFixhealth.smx
L 03/27/2026 - 18:43:39: [SM] Call stack trace:
L 03/27/2026 - 18:43:39: [SM]   [0] GetConVarString
L 03/27/2026 - 18:43:39: [SM]   [1] Line 138, C:\Users\Moises\Downloads\Compressed\sourcemod-1.11.0-git6968-windows\addons\sourcemod\scripting\ÒankrunFixhealth.sp::IsTankRunActive
L 03/27/2026 - 18:43:39: [SM]   [2] Line 36, C:\Users\Moises\Downloads\Compressed\sourcemod-1.11.0-git6968-windows\addons\sourcemod\scripting\ÒankrunFixhealth.sp::Timer_PeriodicCheck
L 03/27/2026 - 18:43:40: [SM] Exception reported: Invalid convar handle 0 (error 4)
L 03/27/2026 - 18:43:40: [SM] Blaming: ÒankrunFixhealth.smx
L 03/27/2026 - 18:43:40: [SM] Call stack trace:
L 03/27/2026 - 18:43:40: [SM]   [0] GetConVarString
L 03/27/2026 - 18:43:40: [SM]   [1] Line 138, C:\Users\Moises\Downloads\Compressed\sourcemod-1.11.0-git6968-windows\addons\sourcemod\scripting\ÒankrunFixhealth.sp::IsTankRunActive
L 03/27/2026 - 18:43:40: [SM]   [2] Line 54, C:\Users\Moises\Downloads\Compressed\sourcemod-1.11.0-git6968-windows\addons\sourcemod\scripting\ÒankrunFixhealth.sp::Event_RoundStart
L 03/27/2026 - 18:43:40: [SM] Exception reported: Invalid timer handle 29f00559 (error 1)
L 03/27/2026 - 18:43:40: [SM] Blaming: l4d2_playerjoining_v2.smx
L 03/27/2026 - 18:43:40: [SM] Call stack trace:
L 03/27/2026 - 18:43:40: [SM]   [0] KillTimer
L 03/27/2026 - 18:43:40: [SM]   [1] Line 53, C:\Users\Moises\Downloads\Compressed\sourcemod-1.11.0-git6968-windows\addons\sourcemod\scripting\l4d2_playerjoining_v2.sp::OnClientDisconnect
L 03/27/2026 - 18:43:40: [SM] Exception reported: Invalid timer handle 8a800540 (error 3)
L 03/27/2026 - 18:43:40: [SM] Blaming: l4d2_playerjoining_v2.smx
L 03/27/2026 - 18:43:40: [SM] Call stack trace:
L 03/27/2026 - 18:43:40: [SM]   [0] KillTimer
L 03/27/2026 - 18:43:40: [SM]   [1] Line 53, C:\Users\Moises\Downloads\Compressed\sourcemod-1.11.0-git6968-windows\addons\sourcemod\scripting\l4d2_playerjoining_v2.sp::OnClientDisconnect
L 03/27/2026 - 18:43:49: [SM] Exception reported: Invalid convar handle 0 (error 4)
L 03/27/2026 - 18:43:49: [SM] Blaming: ÒankrunFixhealth.smx
L 03/27/2026 - 18:43:49: [SM] Call stack trace:
L 03/27/2026 - 18:43:49: [SM]   [0] GetConVarString
L 03/27/2026 - 18:43:49: [SM]   [1] Line 138, C:\Users\Moises\Downloads\Compressed\sourcemod-1.11.0-git6968-windows\addons\sourcemod\scripting\ÒankrunFixhealth.sp::IsTankRunActive
L 03/27/2026 - 18:43:49: [SM]   [2] Line 36, C:\Users\Moises\Downloads\Compressed\sourcemod-1.11.0-git6968-windows\addons\sourcemod\scripting\ÒankrunFixhealth.sp::Timer_PeriodicCheck
L 03/27/2026 - 18:43:59: [SM] Exception reported: Invalid convar handle 0 (error 4)
L 03/27/2026 - 18:43:59: [SM] Blaming: ÒankrunFixhealth.smx
L 03/27/2026 - 18:43:59: [SM] Call stack trace:
L 03/27/2026 - 18:43:59: [SM]   [0] GetConVarString
L 03/27/2026 - 18:43:59: [SM]   [1] Line 138, C:\Users\Moises\Downloads\Compressed\sourcemod-1.11.0-git6968-windows\addons\sourcemod\scripting\ÒankrunFixhealth.sp::IsTankRunActive
L 03/27/2026 - 18:43:59: [SM]   [2] Line 36, C:\Users\Moises\Downloads\Compressed\sourcemod-1.11.0-git6968-windows\addons\sourcemod\scripting\ÒankrunFixhealth.sp::Timer_PeriodicCheck
L 03/27/2026 - 18:44:09: [SM] Exception reported: Invalid convar handle 0 (error 4)
L 03/27/2026 - 18:44:09: [SM] Blaming: ÒankrunFixhealth.smx
L 03/27/2026 - 18:44:09: [SM] Call stack trace:
L 03/27/2026 - 18:44:09: [SM]   [0] GetConVarString
L 03/27/2026 - 18:44:09: [SM]   [1] Line 138, C:\Users\Moises\Downloads\Compressed\sourcemod-1.11.0-git6968-windows\addons\sourcemod\scripting\ÒankrunFixhealth.sp::IsTankRunActive
L 03/27/2026 - 18:44:09: [SM]   [2] Line 36, C:\Users\Moises\Downloads\Compressed\sourcemod-1.11.0-git6968-windows\addons\sourcemod\scripting\ÒankrunFixhealth.sp::Timer_PeriodicCheck
L 03/27/2026 - 18:44:16: [SM] Exception reported: Invalid convar handle 0 (error 4)
L 03/27/2026 - 18:44:16: [SM] Blaming: ÒankrunFixhealth.smx
L 03/27/2026 - 18:44:16: [SM] Call stack trace:
L 03/27/2026 - 18:44:16: [SM]   [0] GetConVarString
L 03/27/2026 - 18:44:16: [SM]   [1] Line 138, C:\Users\Moises\Downloads\Compressed\sourcemod-1.11.0-git6968-windows\addons\sourcemod\scripting\ÒankrunFixhealth.sp::IsTankRunActive
L 03/27/2026 - 18:44:16: [SM]   [2] Line 79, C:\Users\Moises\Downloads\Compressed\sourcemod-1.11.0-git6968-windows\addons\sourcemod\scripting\ÒankrunFixhealth.sp::Event_PlayerDeath
L 03/27/2026 - 18:44:19: [SM] Exception reported: Invalid convar handle 0 (error 4)
L 03/27/2026 - 18:44:19: [SM] Blaming: ÒankrunFixhealth.smx
L 03/27/2026 - 18:44:19: [SM] Call stack trace:
L 03/27/2026 - 18:44:19: [SM]   [0] GetConVarString
L 03/27/2026 - 18:44:19: [SM]   [1] Line 138, C:\Users\Moises\Downloads\Compressed\sourcemod-1.11.0-git6968-windows\addons\sourcemod\scripting\ÒankrunFixhealth.sp::IsTankRunActive
L 03/27/2026 - 18:44:19: [SM]   [2] Line 36, C:\Users\Moises\Downloads\Compressed\sourcemod-1.11.0-git6968-windows\addons\sourcemod\scripting\ÒankrunFixhealth.sp::Timer_PeriodicCheck
L 03/27/2026 - 18:44:29: [SM] Exception reported: Invalid convar handle 0 (error 4)
L 03/27/2026 - 18:44:29: [SM] Blaming: ÒankrunFixhealth.smx
L 03/27/2026 - 18:44:29: [SM] Call stack trace:
L 03/27/2026 - 18:44:29: [SM]   [0] GetConVarString
L 03/27/2026 - 18:44:29: [SM]   [1] Line 138, C:\Users\Moises\Downloads\Compressed\sourcemod-1.11.0-git6968-windows\addons\sourcemod\scripting\ÒankrunFixhealth.sp::IsTankRunActive
L 03/27/2026 - 18:44:29: [SM]   [2] Line 36, C:\Users\Moises\Downloads\Compressed\sourcemod-1.11.0-git6968-windows\addons\sourcemod\scripting\ÒankrunFixhealth.sp::Timer_PeriodicCheck
L 03/27/2026 - 18:44:30: [SM] Exception reported: Language phrase "Please wait to be revived or rescued" not found (arg 6)
L 03/27/2026 - 18:44:30: [SM] Blaming: l4dmultislots.smx
L 03/27/2026 - 18:44:30: [SM] Call stack trace:
L 03/27/2026 - 18:44:30: [SM]   [0] PrintToChat
L 03/27/2026 - 18:44:30: [SM]   [1] Line 953, d:\Github\Private-Work\L4D2-Êèí‰ª∂\scripting_1.11\l4dmultislots.sp::Timer_SpecCheck
L 03/27/2026 - 18:44:39: [SM] Exception reported: Invalid convar handle 0 (error 4)
L 03/27/2026 - 18:44:39: [SM] Blaming: ÒankrunFixhealth.smx
L 03/27/2026 - 18:44:39: [SM] Call stack trace:
L 03/27/2026 - 18:44:39: [SM]   [0] GetConVarString
L 03/27/2026 - 18:44:39: [SM]   [1] Line 138, C:\Users\Moises\Downloads\Compressed\sourcemod-1.11.0-git6968-windows\addons\sourcemod\scripting\ÒankrunFixhealth.sp::IsTankRunActive
L 03/27/2026 - 18:44:39: [SM]   [2] Line 36, C:\Users\Moises\Downloads\Compressed\sourcemod-1.11.0-git6968-windows\addons\sourcemod\scripting\ÒankrunFixhealth.sp::Timer_PeriodicCheck
L 03/27/2026 - 18:44:49: [SM] Exception reported: Invalid convar handle 0 (error 4)
L 03/27/2026 - 18:44:49: [SM] Blaming: ÒankrunFixhealth.smx
L 03/27/2026 - 18:44:49: [SM] Call stack trace:
L 03/27/2026 - 18:44:49: [SM]   [0] GetConVarString
L 03/27/2026 - 18:44:49: [SM]   [1] Line 138, C:\Users\Moises\Downloads\Compressed\sourcemod-1.11.0-git6968-windows\addons\sourcemod\scripting\ÒankrunFixhealth.sp::IsTankRunActive
L 03/27/2026 - 18:44:49: [SM]   [2] Line 36, C:\Users\Moises\Downloads\Compressed\sourcemod-1.11.0-git6968-windows\addons\sourcemod\scripting\ÒankrunFixhealth.sp::Timer_PeriodicCheck
L 03/27/2026 - 18:44:55: [SM] Exception reported: Language phrase "Please wait to be revived or rescued" not found (arg 6)
L 03/27/2026 - 18:44:55: [SM] Blaming: l4dmultislots.smx
L 03/27/2026 - 18:44:55: [SM] Call stack trace:
L 03/27/2026 - 18:44:55: [SM]   [0] PrintToChat
L 03/27/2026 - 18:44:55: [SM]   [1] Line 953, d:\Github\Private-Work\L4D2-Êèí‰ª∂\scripting_1.11\l4dmultislots.sp::Timer_SpecCheck
L 03/27/2026 - 18:44:59: [SM] Exception reported: Invalid convar handle 0 (error 4)
L 03/27/2026 - 18:44:59: [SM] Blaming: ÒankrunFixhealth.smx
L 03/27/2026 - 18:44:59: [SM] Call stack trace:
L 03/27/2026 - 18:44:59: [SM]   [0] GetConVarString
L 03/27/2026 - 18:44:59: [SM]   [1] Line 138, C:\Users\Moises\Downloads\Compressed\sourcemod-1.11.0-git6968-windows\addons\sourcemod\scripting\ÒankrunFixhealth.sp::IsTankRunActive
L 03/27/2026 - 18:44:59: [SM]   [2] Line 79, C:\Users\Moises\Downloads\Compressed\sourcemod-1.11.0-git6968-windows\addons\sourcemod\scripting\ÒankrunFixhealth.sp::Event_PlayerDeath
L 03/27/2026 - 18:44:59: [SM] Exception reported: Invalid convar handle 0 (error 4)
L 03/27/2026 - 18:44:59: [SM] Blaming: ÒankrunFixhealth.smx
L 03/27/2026 - 18:44:59: [SM] Call stack trace:
L 03/27/2026 - 18:44:59: [SM]   [0] GetConVarString
L 03/27/2026 - 18:44:59: [SM]   [1] Line 138, C:\Users\Moises\Downloads\Compressed\sourcemod-1.11.0-git6968-windows\addons\sourcemod\scripting\ÒankrunFixhealth.sp::IsTankRunActive
L 03/27/2026 - 18:44:59: [SM]   [2] Line 36, C:\Users\Moises\Downloads\Compressed\sourcemod-1.11.0-git6968-windows\addons\sourcemod\scripting\ÒankrunFixhealth.sp::Timer_PeriodicCheck
L 03/27/2026 - 18:45:06: [SM] Exception reported: Invalid timer handle 29f00559 (error 3)
L 03/27/2026 - 18:45:06: [SM] Blaming: l4d2_playerjoining_v2.smx
L 03/27/2026 - 18:45:06: [SM] Call stack trace:
L 03/27/2026 - 18:45:06: [SM]   [0] KillTimer
L 03/27/2026 - 18:45:06: [SM]   [1] Line 53, C:\Users\Moises\Downloads\Compressed\sourcemod-1.11.0-git6968-windows\addons\sourcemod\scripting\l4d2_playerjoining_v2.sp::OnClientDisconnect
L 03/27/2026 - 18:45:09: [SM] Exception reported: Invalid convar handle 0 (error 4)
L 03/27/2026 - 18:45:09: [SM] Blaming: ÒankrunFixhealth.smx
L 03/27/2026 - 18:45:09: [SM] Call stack trace:
L 03/27/2026 - 18:45:09: [SM]   [0] GetConVarString
L 03/27/2026 - 18:45:09: [SM]   [1] Line 138, C:\Users\Moises\Downloads\Compressed\sourcemod-1.11.0-git6968-windows\addons\sourcemod\scripting\ÒankrunFixhealth.sp::IsTankRunActive
L 03/27/2026 - 18:45:09: [SM]   [2] Line 36, C:\Users\Moises\Downloads\Compressed\sourcemod-1.11.0-git6968-windows\addons\sourcemod\scripting\ÒankrunFixhealth.sp::Timer_PeriodicCheck
L 03/27/2026 - 18:45:11: [SM] Exception reported: Invalid convar handle 0 (error 4)
L 03/27/2026 - 18:45:11: [SM] Blaming: ÒankrunFixhealth.smx
L 03/27/2026 - 18:45:11: [SM] Call stack trace:
L 03/27/2026 - 18:45:11: [SM]   [0] GetConVarString
L 03/27/2026 - 18:45:11: [SM]   [1] Line 138, C:\Users\Moises\Downloads\Compressed\sourcemod-1.11.0-git6968-windows\addons\sourcemod\scripting\ÒankrunFixhealth.sp::IsTankRunActive
L 03/27/2026 - 18:45:11: [SM]   [2] Line 79, C:\Users\Moises\Downloads\Compressed\sourcemod-1.11.0-git6968-windows\addons\sourcemod\scripting\ÒankrunFixhealth.sp::Event_PlayerDeath
L 03/27/2026 - 18:45:18: [SM] Exception reported: Invalid timer handle 8a800540 (error 3)
L 03/27/2026 - 18:45:18: [SM] Blaming: l4d2_playerjoining_v2.smx
L 03/27/2026 - 18:45:18: [SM] Call stack trace:
L 03/27/2026 - 18:45:18: [SM]   [0] KillTimer
L 03/27/2026 - 18:45:18: [SM]   [1] Line 53, C:\Users\Moises\Downloads\Compressed\sourcemod-1.11.0-git6968-windows\addons\sourcemod\scripting\l4d2_playerjoining_v2.sp::OnClientDisconnect
L 03/27/2026 - 18:45:19: [SM] Exception reported: Invalid convar handle 0 (error 4)
L 03/27/2026 - 18:45:19: [SM] Blaming: ÒankrunFixhealth.smx
L 03/27/2026 - 18:45:19: [SM] Call stack trace:
L 03/27/2026 - 18:45:19: [SM]   [0] GetConVarString
L 03/27/2026 - 18:45:19: [SM]   [1] Line 138, C:\Users\Moises\Downloads\Compressed\sourcemod-1.11.0-git6968-windows\addons\sourcemod\scripting\ÒankrunFixhealth.sp::IsTankRunActive
L 03/27/2026 - 18:45:19: [SM]   [2] Line 36, C:\Users\Moises\Downloads\Compressed\sourcemod-1.11.0-git6968-windows\addons\sourcemod\scripting\ÒankrunFixhealth.sp::Timer_PeriodicCheck
L 03/27/2026 - 18:45:20: [SM] Exception reported: Language phrase "Please wait to be revived or rescued" not found (arg 6)
L 03/27/2026 - 18:45:20: [SM] Blaming: l4dmultislots.smx
L 03/27/2026 - 18:45:20: [SM] Call stack trace:
L 03/27/2026 - 18:45:20: [SM]   [0] PrintToChat
L 03/27/2026 - 18:45:20: [SM]   [1] Line 953, d:\Github\Private-Work\L4D2-Êèí‰ª∂\scripting_1.11\l4dmultislots.sp::Timer_SpecCheck
L 03/27/2026 - 18:45:29: [SM] Exception reported: Invalid convar handle 0 (error 4)
L 03/27/2026 - 18:45:29: [SM] Blaming: ÒankrunFixhealth.smx
L 03/27/2026 - 18:45:29: [SM] Call stack trace:
L 03/27/2026 - 18:45:29: [SM]   [0] GetConVarString
L 03/27/2026 - 18:45:29: [SM]   [1] Line 138, C:\Users\Moises\Downloads\Compressed\sourcemod-1.11.0-git6968-windows\addons\sourcemod\scripting\ÒankrunFixhealth.sp::IsTankRunActive
L 03/27/2026 - 18:45:29: [SM]   [2] Line 36, C:\Users\Moises\Downloads\Compressed\sourcemod-1.11.0-git6968-windows\addons\sourcemod\scripting\ÒankrunFixhealth.sp::Timer_PeriodicCheck
L 03/27/2026 - 18:45:38: [SM] Exception reported: Invalid convar handle 0 (error 4)
L 03/27/2026 - 18:45:38: [SM] Blaming: ÒankrunFixhealth.smx
L 03/27/2026 - 18:45:38: [SM] Call stack trace:
L 03/27/2026 - 18:45:38: [SM]   [0] GetConVarString
L 03/27/2026 - 18:45:38: [SM]   [1] Line 138, C:\Users\Moises\Downloads\Compressed\sourcemod-1.11.0-git6968-windows\addons\sourcemod\scripting\ÒankrunFixhealth.sp::IsTankRunActive
L 03/27/2026 - 18:45:38: [SM]   [2] Line 79, C:\Users\Moises\Downloads\Compressed\sourcemod-1.11.0-git6968-windows\addons\sourcemod\scripting\ÒankrunFixhealth.sp::Event_PlayerDeath
L 03/27/2026 - 18:45:39: [SM] Exception reported: Invalid convar handle 0 (error 4)
L 03/27/2026 - 18:45:39: [SM] Blaming: ÒankrunFixhealth.smx
L 03/27/2026 - 18:45:39: [SM] Call stack trace:
L 03/27/2026 - 18:45:39: [SM]   [0] GetConVarString
L 03/27/2026 - 18:45:39: [SM]   [1] Line 138, C:\Users\Moises\Downloads\Compressed\sourcemod-1.11.0-git6968-windows\addons\sourcemod\scripting\ÒankrunFixhealth.sp::IsTankRunActive
L 03/27/2026 - 18:45:39: [SM]   [2] Line 36, C:\Users\Moises\Downloads\Compressed\sourcemod-1.11.0-git6968-windows\addons\sourcemod\scripting\ÒankrunFixhealth.sp::Timer_PeriodicCheck
L 03/27/2026 - 18:45:45: [SM] Exception reported: Invalid timer handle 29f00559 (error 3)
L 03/27/2026 - 18:45:45: [SM] Blaming: l4d2_playerjoining_v2.smx
L 03/27/2026 - 18:45:45: [SM] Call stack trace:
L 03/27/2026 - 18:45:45: [SM]   [0] KillTimer
L 03/27/2026 - 18:45:45: [SM]   [1] Line 53, C:\Users\Moises\Downloads\Compressed\sourcemod-1.11.0-git6968-windows\addons\sourcemod\scripting\l4d2_playerjoining_v2.sp::OnClientDisconnect
L 03/27/2026 - 18:45:49: [SM] Exception reported: Invalid convar handle 0 (error 4)
L 03/27/2026 - 18:45:49: [SM] Blaming: ÒankrunFixhealth.smx
L 03/27/2026 - 18:45:49: [SM] Call stack trace:
L 03/27/2026 - 18:45:49: [SM]   [0] GetConVarString
L 03/27/2026 - 18:45:49: [SM]   [1] Line 138, C:\Users\Moises\Downloads\Compressed\sourcemod-1.11.0-git6968-windows\addons\sourcemod\scripting\ÒankrunFixhealth.sp::IsTankRunActive
L 03/27/2026 - 18:45:49: [SM]   [2] Line 36, C:\Users\Moises\Downloads\Compressed\sourcemod-1.11.0-git6968-windows\addons\sourcemod\scripting\ÒankrunFixhealth.sp::Timer_PeriodicCheck
L 03/27/2026 - 18:45:59: [SM] Exception reported: Invalid convar handle 0 (error 4)
L 03/27/2026 - 18:45:59: [SM] Blaming: ÒankrunFixhealth.smx
L 03/27/2026 - 18:45:59: [SM] Call stack trace:
L 03/27/2026 - 18:45:59: [SM]   [0] GetConVarString
L 03/27/2026 - 18:45:59: [SM]   [1] Line 138, C:\Users\Moises\Downloads\Compressed\sourcemod-1.11.0-git6968-windows\addons\sourcemod\scripting\ÒankrunFixhealth.sp::IsTankRunActive
L 03/27/2026 - 18:45:59: [SM]   [2] Line 79, C:\Users\Moises\Downloads\Compressed\sourcemod-1.11.0-git6968-windows\addons\sourcemod\scripting\ÒankrunFixhealth.sp::Event_PlayerDeath
L 03/27/2026 - 18:45:59: [SM] Exception reported: Invalid convar handle 0 (error 4)
L 03/27/2026 - 18:45:59: [SM] Blaming: ÒankrunFixhealth.smx
L 03/27/2026 - 18:45:59: [SM] Call stack trace:
L 03/27/2026 - 18:45:59: [SM]   [0] GetConVarString
L 03/27/2026 - 18:45:59: [SM]   [1] Line 138, C:\Users\Moises\Downloads\Compressed\sourcemod-1.11.0-git6968-windows\addons\sourcemod\scripting\ÒankrunFixhealth.sp::IsTankRunActive
L 03/27/2026 - 18:45:59: [SM]   [2] Line 36, C:\Users\Moises\Downloads\Compressed\sourcemod-1.11.0-git6968-windows\addons\sourcemod\scripting\ÒankrunFixhealth.sp::Timer_PeriodicCheck
L 03/27/2026 - 18:46:09: [SM] Exception reported: Invalid convar handle 0 (error 4)
L 03/27/2026 - 18:46:09: [SM] Blaming: ÒankrunFixhealth.smx
L 03/27/2026 - 18:46:09: [SM] Call stack trace:
L 03/27/2026 - 18:46:09: [SM]   [0] GetConVarString
L 03/27/2026 - 18:46:09: [SM]   [1] Line 138, C:\Users\Moises\Downloads\Compressed\sourcemod-1.11.0-git6968-windows\addons\sourcemod\scripting\ÒankrunFixhealth.sp::IsTankRunActive
L 03/27/2026 - 18:46:09: [SM]   [2] Line 36, C:\Users\Moises\Downloads\Compressed\sourcemod-1.11.0-git6968-windows\addons\sourcemod\scripting\ÒankrunFixhealth.sp::Timer_PeriodicCheck
L 03/27/2026 - 18:46:10: [SM] Exception reported: Language phrase "Please wait to be revived or rescued" not found (arg 6)
L 03/27/2026 - 18:46:10: [SM] Blaming: l4dmultislots.smx
L 03/27/2026 - 18:46:10: [SM] Call stack trace:
L 03/27/2026 - 18:46:10: [SM]   [0] PrintToChat
L 03/27/2026 - 18:46:10: [SM]   [1] Line 953, d:\Github\Private-Work\L4D2-Êèí‰ª∂\scripting_1.11\l4dmultislots.sp::Timer_SpecCheck
L 03/27/2026 - 18:46:15: [SM] Exception reported: Invalid convar handle 0 (error 4)
L 03/27/2026 - 18:46:15: [SM] Blaming: ÒankrunFixhealth.smx
L 03/27/2026 - 18:46:15: [SM] Call stack trace:
L 03/27/2026 - 18:46:15: [SM]   [0] GetConVarString
L 03/27/2026 - 18:46:15: [SM]   [1] Line 138, C:\Users\Moises\Downloads\Compressed\sourcemod-1.11.0-git6968-windows\addons\sourcemod\scripting\ÒankrunFixhealth.sp::IsTankRunActive
L 03/27/2026 - 18:46:15: [SM]   [2] Line 79, C:\Users\Moises\Downloads\Compressed\sourcemod-1.11.0-git6968-windows\addons\sourcemod\scripting\ÒankrunFixhealth.sp::Event_PlayerDeath
L 03/27/2026 - 18:46:19: [SM] Exception reported: Invalid convar handle 0 (error 4)
L 03/27/2026 - 18:46:19: [SM] Blaming: ÒankrunFixhealth.smx
L 03/27/2026 - 18:46:19: [SM] Call stack trace:
L 03/27/2026 - 18:46:19: [SM]   [0] GetConVarString
L 03/27/2026 - 18:46:19: [SM]   [1] Line 138, C:\Users\Moises\Downloads\Compressed\sourcemod-1.11.0-git6968-windows\addons\sourcemod\scripting\ÒankrunFixhealth.sp::IsTankRunActive
L 03/27/2026 - 18:46:19: [SM]   [2] Line 79, C:\Users\Moises\Downloads\Compressed\sourcemod-1.11.0-git6968-windows\addons\sourcemod\scripting\ÒankrunFixhealth.sp::Event_PlayerDeath
L 03/27/2026 - 18:46:19: [SM] Exception reported: Invalid convar handle 0 (error 4)
L 03/27/2026 - 18:46:19: [SM] Blaming: ÒankrunFixhealth.smx
L 03/27/2026 - 18:46:19: [SM] Call stack trace:
L 03/27/2026 - 18:46:19: [SM]   [0] GetConVarString
L 03/27/2026 - 18:46:19: [SM]   [1] Line 138, C:\Users\Moises\Downloads\Compressed\sourcemod-1.11.0-git6968-windows\addons\sourcemod\scripting\ÒankrunFixhealth.sp::IsTankRunActive
L 03/27/2026 - 18:46:19: [SM]   [2] Line 36, C:\Users\Moises\Downloads\Compressed\sourcemod-1.11.0-git6968-windows\addons\sourcemod\scripting\ÒankrunFixhealth.sp::Timer_PeriodicCheck
L 03/27/2026 - 18:46:28: [SM] Exception reported: Invalid convar handle 0 (error 4)
L 03/27/2026 - 18:46:28: [SM] Blaming: ÒankrunFixhealth.smx
L 03/27/2026 - 18:46:28: [SM] Call stack trace:
L 03/27/2026 - 18:46:28: [SM]   [0] GetConVarString
L 03/27/2026 - 18:46:28: [SM]   [1] Line 138, C:\Users\Moises\Downloads\Compressed\sourcemod-1.11.0-git6968-windows\addons\sourcemod\scripting\ÒankrunFixhealth.sp::IsTankRunActive
L 03/27/2026 - 18:46:28: [SM]   [2] Line 79, C:\Users\Moises\Downloads\Compressed\sourcemod-1.11.0-git6968-windows\addons\sourcemod\scripting\ÒankrunFixhealth.sp::Event_PlayerDeath
L 03/27/2026 - 18:46:29: [SM] Exception reported: Invalid convar handle 0 (error 4)
L 03/27/2026 - 18:46:29: [SM] Blaming: ÒankrunFixhealth.smx
L 03/27/2026 - 18:46:29: [SM] Call stack trace:
L 03/27/2026 - 18:46:29: [SM]   [0] GetConVarString
L 03/27/2026 - 18:46:29: [SM]   [1] Line 138, C:\Users\Moises\Downloads\Compressed\sourcemod-1.11.0-git6968-windows\addons\sourcemod\scripting\ÒankrunFixhealth.sp::IsTankRunActive
L 03/27/2026 - 18:46:29: [SM]   [2] Line 36, C:\Users\Moises\Downloads\Compressed\sourcemod-1.11.0-git6968-windows\addons\sourcemod\scripting\ÒankrunFixhealth.sp::Timer_PeriodicCheck
L 03/27/2026 - 18:46:35: [SM] Exception reported: Language phrase "Please wait to be revived or rescued" not found (arg 6)
L 03/27/2026 - 18:46:35: [SM] Blaming: l4dmultislots.smx
L 03/27/2026 - 18:46:35: [SM] Call stack trace:
L 03/27/2026 - 18:46:35: [SM]   [0] PrintToChat
L 03/27/2026 - 18:46:35: [SM]   [1] Line 953, d:\Github\Private-Work\L4D2-Êèí‰ª∂\scripting_1.11\l4dmultislots.sp::Timer_SpecCheck
L 03/27/2026 - 18:46:39: [SM] Exception reported: Invalid convar handle 0 (error 4)
L 03/27/2026 - 18:46:39: [SM] Blaming: ÒankrunFixhealth.smx
L 03/27/2026 - 18:46:39: [SM] Call stack trace:
L 03/27/2026 - 18:46:39: [SM]   [0] GetConVarString
L 03/27/2026 - 18:46:39: [SM]   [1] Line 138, C:\Users\Moises\Downloads\Compressed\sourcemod-1.11.0-git6968-windows\addons\sourcemod\scripting\ÒankrunFixhealth.sp::IsTankRunActive
L 03/27/2026 - 18:46:39: [SM]   [2] Line 36, C:\Users\Moises\Downloads\Compressed\sourcemod-1.11.0-git6968-windows\addons\sourcemod\scripting\ÒankrunFixhealth.sp::Timer_PeriodicCheck
L 03/27/2026 - 18:46:49: [SM] Exception reported: Invalid convar handle 0 (error 4)
L 03/27/2026 - 18:46:49: [SM] Blaming: ÒankrunFixhealth.smx
L 03/27/2026 - 18:46:49: [SM] Call stack trace:
L 03/27/2026 - 18:46:49: [SM]   [0] GetConVarString
L 03/27/2026 - 18:46:49: [SM]   [1] Line 138, C:\Users\Moises\Downloads\Compressed\sourcemod-1.11.0-git6968-windows\addons\sourcemod\scripting\ÒankrunFixhealth.sp::IsTankRunActive
L 03/27/2026 - 18:46:49: [SM]   [2] Line 36, C:\Users\Moises\Downloads\Compressed\sourcemod-1.11.0-git6968-windows\addons\sourcemod\scripting\ÒankrunFixhealth.sp::Timer_PeriodicCheck
L 03/27/2026 - 18:46:59: [SM] Exception reported: Invalid convar handle 0 (error 4)
L 03/27/2026 - 18:46:59: [SM] Blaming: ÒankrunFixhealth.smx
L 03/27/2026 - 18:46:59: [SM] Call stack trace:
L 03/27/2026 - 18:46:59: [SM]   [0] GetConVarString
L 03/27/2026 - 18:46:59: [SM]   [1] Line 138, C:\Users\Moises\Downloads\Compressed\sourcemod-1.11.0-git6968-windows\addons\sourcemod\scripting\ÒankrunFixhealth.sp::IsTankRunActive
L 03/27/2026 - 18:46:59: [SM]   [2] Line 36, C:\Users\Moises\Downloads\Compressed\sourcemod-1.11.0-git6968-windows\addons\sourcemod\scripting\ÒankrunFixhealth.sp::Timer_PeriodicCheck
L 03/27/2026 - 18:47:00: [SM] Exception reported: Language phrase "Please wait to be revived or rescued" not found (arg 6)
L 03/27/2026 - 18:47:00: [SM] Blaming: l4dmultislots.smx
L 03/27/2026 - 18:47:00: [SM] Call stack trace:
L 03/27/2026 - 18:47:00: [SM]   [0] PrintToChat
L 03/27/2026 - 18:47:00: [SM]   [1] Line 953, d:\Github\Private-Work\L4D2-Êèí‰ª∂\scripting_1.11\l4dmultislots.sp::Timer_SpecCheck
L 03/27/2026 - 18:47:02: [SM] Exception reported: Invalid convar handle 0 (error 4)
L 03/27/2026 - 18:47:02: [SM] Blaming: ÒankrunFixhealth.smx
L 03/27/2026 - 18:47:02: [SM] Call stack trace:
L 03/27/2026 - 18:47:02: [SM]   [0] GetConVarString
L 03/27/2026 - 18:47:02: [SM]   [1] Line 138, C:\Users\Moises\Downloads\Compressed\sourcemod-1.11.0-git6968-windows\addons\sourcemod\scripting\ÒankrunFixhealth.sp::IsTankRunActive
L 03/27/2026 - 18:47:02: [SM]   [2] Line 79, C:\Users\Moises\Downloads\Compressed\sourcemod-1.11.0-git6968-windows\addons\sourcemod\scripting\ÒankrunFixhealth.sp::Event_PlayerDeath
L 03/27/2026 - 18:47:05: [SM] Exception reported: Invalid convar handle 0 (error 4)
L 03/27/2026 - 18:47:05: [SM] Blaming: ÒankrunFixhealth.smx
L 03/27/2026 - 18:47:05: [SM] Call stack trace:
L 03/27/2026 - 18:47:05: [SM]   [0] GetConVarString
L 03/27/2026 - 18:47:05: [SM]   [1] Line 138, C:\Users\Moises\Downloads\Compressed\sourcemod-1.11.0-git6968-windows\addons\sourcemod\scripting\ÒankrunFixhealth.sp::IsTankRunActive
L 03/27/2026 - 18:47:05: [SM]   [2] Line 79, C:\Users\Moises\Downloads\Compressed\sourcemod-1.11.0-git6968-windows\addons\sourcemod\scripting\ÒankrunFixhealth.sp::Event_PlayerDeath
L 03/27/2026 - 18:47:09: [SM] Exception reported: Invalid convar handle 0 (error 4)
L 03/27/2026 - 18:47:09: [SM] Blaming: ÒankrunFixhealth.smx
L 03/27/2026 - 18:47:09: [SM] Call stack trace:
L 03/27/2026 - 18:47:09: [SM]   [0] GetConVarString
L 03/27/2026 - 18:47:09: [SM]   [1] Line 138, C:\Users\Moises\Downloads\Compressed\sourcemod-1.11.0-git6968-windows\addons\sourcemod\scripting\ÒankrunFixhealth.sp::IsTankRunActive
L 03/27/2026 - 18:47:09: [SM]   [2] Line 36, C:\Users\Moises\Downloads\Compressed\sourcemod-1.11.0-git6968-windows\addons\sourcemod\scripting\ÒankrunFixhealth.sp::Timer_PeriodicCheck
L 03/27/2026 - 18:47:10: [SM] Exception reported: Invalid convar handle 0 (error 4)
L 03/27/2026 - 18:47:10: [SM] Blaming: ÒankrunFixhealth.smx
L 03/27/2026 - 18:47:10: [SM] Call stack trace:
L 03/27/2026 - 18:47:10: [SM]   [0] GetConVarString
L 03/27/2026 - 18:47:10: [SM]   [1] Line 138, C:\Users\Moises\Downloads\Compressed\sourcemod-1.11.0-git6968-windows\addons\sourcemod\scripting\ÒankrunFixhealth.sp::IsTankRunActive
L 03/27/2026 - 18:47:10: [SM]   [2] Line 79, C:\Users\Moises\Downloads\Compressed\sourcemod-1.11.0-git6968-windows\addons\sourcemod\scripting\ÒankrunFixhealth.sp::Event_PlayerDeath
L 03/27/2026 - 18:47:11: [SM] Exception reported: Invalid convar handle 0 (error 4)
L 03/27/2026 - 18:47:11: [SM] Blaming: ÒankrunFixhealth.smx
L 03/27/2026 - 18:47:11: [SM] Call stack trace:
L 03/27/2026 - 18:47:11: [SM]   [0] GetConVarString
L 03/27/2026 - 18:47:11: [SM]   [1] Line 138, C:\Users\Moises\Downloads\Compressed\sourcemod-1.11.0-git6968-windows\addons\sourcemod\scripting\ÒankrunFixhealth.sp::IsTankRunActive
L 03/27/2026 - 18:47:11: [SM]   [2] Line 91, C:\Users\Moises\Downloads\Compressed\sourcemod-1.11.0-git6968-windows\addons\sourcemod\scripting\ÒankrunFixhealth.sp::Event_MissionLost
L 03/27/2026 - 18:47:18: [SM] Exception reported: Invalid convar handle 0 (error 4)
L 03/27/2026 - 18:47:18: [SM] Blaming: ÒankrunFixhealth.smx
L 03/27/2026 - 18:47:18: [SM] Call stack trace:
L 03/27/2026 - 18:47:18: [SM]   [0] GetConVarString
L 03/27/2026 - 18:47:18: [SM]   [1] Line 138, C:\Users\Moises\Downloads\Compressed\sourcemod-1.11.0-git6968-windows\addons\sourcemod\scripting\ÒankrunFixhealth.sp::IsTankRunActive
L 03/27/2026 - 18:47:18: [SM]   [2] Line 54, C:\Users\Moises\Downloads\Compressed\sourcemod-1.11.0-git6968-windows\addons\sourcemod\scripting\ÒankrunFixhealth.sp::Event_RoundStart
L 03/27/2026 - 18:47:18: [SM] Exception reported: Invalid timer handle 29f00559 (error 1)
L 03/27/2026 - 18:47:18: [SM] Blaming: l4d2_playerjoining_v2.smx
L 03/27/2026 - 18:47:18: [SM] Call stack trace:
L 03/27/2026 - 18:47:18: [SM]   [0] KillTimer
L 03/27/2026 - 18:47:18: [SM]   [1] Line 53, C:\Users\Moises\Downloads\Compressed\sourcemod-1.11.0-git6968-windows\addons\sourcemod\scripting\l4d2_playerjoining_v2.sp::OnClientDisconnect
L 03/27/2026 - 18:47:18: [SM] Exception reported: Invalid timer handle d300058e (error 1)
L 03/27/2026 - 18:47:18: [SM] Blaming: l4d2_playerjoining_v2.smx
L 03/27/2026 - 18:47:18: [SM] Call stack trace:
L 03/27/2026 - 18:47:18: [SM]   [0] KillTimer
L 03/27/2026 - 18:47:18: [SM]   [1] Line 53, C:\Users\Moises\Downloads\Compressed\sourcemod-1.11.0-git6968-windows\addons\sourcemod\scripting\l4d2_playerjoining_v2.sp::OnClientDisconnect
L 03/27/2026 - 18:47:20: [SM] Exception reported: Invalid convar handle 0 (error 4)
L 03/27/2026 - 18:47:20: [SM] Blaming: ÒankrunFixhealth.smx
L 03/27/2026 - 18:47:20: [SM] Call stack trace:
L 03/27/2026 - 18:47:20: [SM]   [0] GetConVarString
L 03/27/2026 - 18:47:20: [SM]   [1] Line 138, C:\Users\Moises\Downloads\Compressed\sourcemod-1.11.0-git6968-windows\addons\sourcemod\scripting\ÒankrunFixhealth.sp::IsTankRunActive
L 03/27/2026 - 18:47:20: [SM]   [2] Line 36, C:\Users\Moises\Downloads\Compressed\sourcemod-1.11.0-git6968-windows\addons\sourcemod\scripting\ÒankrunFixhealth.sp::Timer_PeriodicCheck
L 03/27/2026 - 18:47:30: [SM] Exception reported: Invalid convar handle 0 (error 4)
L 03/27/2026 - 18:47:30: [SM] Blaming: ÒankrunFixhealth.smx
L 03/27/2026 - 18:47:30: [SM] Call stack trace:
L 03/27/2026 - 18:47:30: [SM]   [0] GetConVarString
L 03/27/2026 - 18:47:30: [SM]   [1] Line 138, C:\Users\Moises\Downloads\Compressed\sourcemod-1.11.0-git6968-windows\addons\sourcemod\scripting\ÒankrunFixhealth.sp::IsTankRunActive
L 03/27/2026 - 18:47:30: [SM]   [2] Line 36, C:\Users\Moises\Downloads\Compressed\sourcemod-1.11.0-git6968-windows\addons\sourcemod\scripting\ÒankrunFixhealth.sp::Timer_PeriodicCheck
L 03/27/2026 - 18:47:40: [SM] Exception reported: Invalid convar handle 0 (error 4)
L 03/27/2026 - 18:47:40: [SM] Blaming: ÒankrunFixhealth.smx
L 03/27/2026 - 18:47:40: [SM] Call stack trace:
L 03/27/2026 - 18:47:40: [SM]   [0] GetConVarString
L 03/27/2026 - 18:47:40: [SM]   [1] Line 138, C:\Users\Moises\Downloads\Compressed\sourcemod-1.11.0-git6968-windows\addons\sourcemod\scripting\ÒankrunFixhealth.sp::IsTankRunActive
L 03/27/2026 - 18:47:40: [SM]   [2] Line 36, C:\Users\Moises\Downloads\Compressed\sourcemod-1.11.0-git6968-windows\addons\sourcemod\scripting\ÒankrunFixhealth.sp::Timer_PeriodicCheck
L 03/27/2026 - 18:47:50: [SM] Exception reported: Invalid convar handle 0 (error 4)
L 03/27/2026 - 18:47:50: [SM] Blaming: ÒankrunFixhealth.smx
L 03/27/2026 - 18:47:50: [SM] Call stack trace:
L 03/27/2026 - 18:47:50: [SM]   [0] GetConVarString
L 03/27/2026 - 18:47:50: [SM]   [1] Line 138, C:\Users\Moises\Downloads\Compressed\sourcemod-1.11.0-git6968-windows\addons\sourcemod\scripting\ÒankrunFixhealth.sp::IsTankRunActive
L 03/27/2026 - 18:47:50: [SM]   [2] Line 36, C:\Users\Moises\Downloads\Compressed\sourcemod-1.11.0-git6968-windows\addons\sourcemod\scripting\ÒankrunFixhealth.sp::Timer_PeriodicCheck
L 03/27/2026 - 18:47:52: [SM] Exception reported: Invalid convar handle 0 (error 4)
L 03/27/2026 - 18:47:52: [SM] Blaming: ÒankrunFixhealth.smx
L 03/27/2026 - 18:47:52: [SM] Call stack trace:
L 03/27/2026 - 18:47:52: [SM]   [0] GetConVarString
L 03/27/2026 - 18:47:52: [SM]   [1] Line 138, C:\Users\Moises\Downloads\Compressed\sourcemod-1.11.0-git6968-windows\addons\sourcemod\scripting\ÒankrunFixhealth.sp::IsTankRunActive
L 03/27/2026 - 18:47:52: [SM]   [2] Line 79, C:\Users\Moises\Downloads\Compressed\sourcemod-1.11.0-git6968-windows\addons\sourcemod\scripting\ÒankrunFixhealth.sp::Event_PlayerDeath
L 03/27/2026 - 18:48:00: [SM] Exception reported: Invalid convar handle 0 (error 4)
L 03/27/2026 - 18:48:00: [SM] Blaming: ÒankrunFixhealth.smx
L 03/27/2026 - 18:48:00: [SM] Call stack trace:
L 03/27/2026 - 18:48:00: [SM]   [0] GetConVarString
L 03/27/2026 - 18:48:00: [SM]   [1] Line 138, C:\Users\Moises\Downloads\Compressed\sourcemod-1.11.0-git6968-windows\addons\sourcemod\scripting\ÒankrunFixhealth.sp::IsTankRunActive
L 03/27/2026 - 18:48:00: [SM]   [2] Line 36, C:\Users\Moises\Downloads\Compressed\sourcemod-1.11.0-git6968-windows\addons\sourcemod\scripting\ÒankrunFixhealth.sp::Timer_PeriodicCheck
L 03/27/2026 - 18:48:08: [SM] Exception reported: Language phrase "Please wait to be revived or rescued" not found (arg 6)
L 03/27/2026 - 18:48:08: [SM] Blaming: l4dmultislots.smx
L 03/27/2026 - 18:48:08: [SM] Call stack trace:
L 03/27/2026 - 18:48:08: [SM]   [0] PrintToChat
L 03/27/2026 - 18:48:08: [SM]   [1] Line 953, d:\Github\Private-Work\L4D2-Êèí‰ª∂\scripting_1.11\l4dmultislots.sp::Timer_SpecCheck
L 03/27/2026 - 18:48:10: [SM] Exception reported: Invalid convar handle 0 (error 4)
L 03/27/2026 - 18:48:10: [SM] Blaming: ÒankrunFixhealth.smx
L 03/27/2026 - 18:48:10: [SM] Call stack trace:
L 03/27/2026 - 18:48:10: [SM]   [0] GetConVarString
L 03/27/2026 - 18:48:10: [SM]   [1] Line 138, C:\Users\Moises\Downloads\Compressed\sourcemod-1.11.0-git6968-windows\addons\sourcemod\scripting\ÒankrunFixhealth.sp::IsTankRunActive
L 03/27/2026 - 18:48:10: [SM]   [2] Line 36, C:\Users\Moises\Downloads\Compressed\sourcemod-1.11.0-git6968-windows\addons\sourcemod\scripting\ÒankrunFixhealth.sp::Timer_PeriodicCheck
L 03/27/2026 - 18:48:20: [SM] Exception reported: Invalid convar handle 0 (error 4)
L 03/27/2026 - 18:48:20: [SM] Blaming: ÒankrunFixhealth.smx
L 03/27/2026 - 18:48:20: [SM] Call stack trace:
L 03/27/2026 - 18:48:20: [SM]   [0] GetConVarString
L 03/27/2026 - 18:48:20: [SM]   [1] Line 138, C:\Users\Moises\Downloads\Compressed\sourcemod-1.11.0-git6968-windows\addons\sourcemod\scripting\ÒankrunFixhealth.sp::IsTankRunActive
L 03/27/2026 - 18:48:20: [SM]   [2] Line 36, C:\Users\Moises\Downloads\Compressed\sourcemod-1.11.0-git6968-windows\addons\sourcemod\scripting\ÒankrunFixhealth.sp::Timer_PeriodicCheck
L 03/27/2026 - 18:48:20: [SM] Exception reported: Invalid convar handle 0 (error 4)
L 03/27/2026 - 18:48:20: [SM] Blaming: ÒankrunFixhealth.smx
L 03/27/2026 - 18:48:20: [SM] Call stack trace:
L 03/27/2026 - 18:48:20: [SM]   [0] GetConVarString
L 03/27/2026 - 18:48:20: [SM]   [1] Line 138, C:\Users\Moises\Downloads\Compressed\sourcemod-1.11.0-git6968-windows\addons\sourcemod\scripting\ÒankrunFixhealth.sp::IsTankRunActive
L 03/27/2026 - 18:48:20: [SM]   [2] Line 79, C:\Users\Moises\Downloads\Compressed\sourcemod-1.11.0-git6968-windows\addons\sourcemod\scripting\ÒankrunFixhealth.sp::Event_PlayerDeath
L 03/27/2026 - 18:48:30: [SM] Exception reported: Invalid convar handle 0 (error 4)
L 03/27/2026 - 18:48:30: [SM] Blaming: ÒankrunFixhealth.smx
L 03/27/2026 - 18:48:30: [SM] Call stack trace:
L 03/27/2026 - 18:48:30: [SM]   [0] GetConVarString
L 03/27/2026 - 18:48:30: [SM]   [1] Line 138, C:\Users\Moises\Downloads\Compressed\sourcemod-1.11.0-git6968-windows\addons\sourcemod\scripting\ÒankrunFixhealth.sp::IsTankRunActive
L 03/27/2026 - 18:48:30: [SM]   [2] Line 36, C:\Users\Moises\Downloads\Compressed\sourcemod-1.11.0-git6968-windows\addons\sourcemod\scripting\ÒankrunFixhealth.sp::Timer_PeriodicCheck
L 03/27/2026 - 18:48:33: [SM] Exception reported: Language phrase "Please wait to be revived or rescued" not found (arg 6)
L 03/27/2026 - 18:48:33: [SM] Blaming: l4dmultislots.smx
L 03/27/2026 - 18:48:33: [SM] Call stack trace:
L 03/27/2026 - 18:48:33: [SM]   [0] PrintToChat
L 03/27/2026 - 18:48:33: [SM]   [1] Line 953, d:\Github\Private-Work\L4D2-Êèí‰ª∂\scripting_1.11\l4dmultislots.sp::Timer_SpecCheck
L 03/27/2026 - 18:48:40: [SM] Exception reported: Invalid convar handle 0 (error 4)
L 03/27/2026 - 18:48:40: [SM] Blaming: ÒankrunFixhealth.smx
L 03/27/2026 - 18:48:40: [SM] Call stack trace:
L 03/27/2026 - 18:48:40: [SM]   [0] GetConVarString
L 03/27/2026 - 18:48:40: [SM]   [1] Line 138, C:\Users\Moises\Downloads\Compressed\sourcemod-1.11.0-git6968-windows\addons\sourcemod\scripting\ÒankrunFixhealth.sp::IsTankRunActive
L 03/27/2026 - 18:48:40: [SM]   [2] Line 36, C:\Users\Moises\Downloads\Compressed\sourcemod-1.11.0-git6968-windows\addons\sourcemod\scripting\ÒankrunFixhealth.sp::Timer_PeriodicCheck
L 03/27/2026 - 18:48:50: [SM] Exception reported: Invalid convar handle 0 (error 4)
L 03/27/2026 - 18:48:50: [SM] Blaming: ÒankrunFixhealth.smx
L 03/27/2026 - 18:48:50: [SM] Call stack trace:
L 03/27/2026 - 18:48:50: [SM]   [0] GetConVarString
L 03/27/2026 - 18:48:50: [SM]   [1] Line 138, C:\Users\Moises\Downloads\Compressed\sourcemod-1.11.0-git6968-windows\addons\sourcemod\scripting\ÒankrunFixhealth.sp::IsTankRunActive
L 03/27/2026 - 18:48:50: [SM]   [2] Line 36, C:\Users\Moises\Downloads\Compressed\sourcemod-1.11.0-git6968-windows\addons\sourcemod\scripting\ÒankrunFixhealth.sp::Timer_PeriodicCheck
L 03/27/2026 - 18:48:50: [SM] Exception reported: Invalid convar handle 0 (error 4)
L 03/27/2026 - 18:48:50: [SM] Blaming: ÒankrunFixhealth.smx
L 03/27/2026 - 18:48:50: [SM] Call stack trace:
L 03/27/2026 - 18:48:50: [SM]   [0] GetConVarString
L 03/27/2026 - 18:48:50: [SM]   [1] Line 138, C:\Users\Moises\Downloads\Compressed\sourcemod-1.11.0-git6968-windows\addons\sourcemod\scripting\ÒankrunFixhealth.sp::IsTankRunActive
L 03/27/2026 - 18:48:50: [SM]   [2] Line 79, C:\Users\Moises\Downloads\Compressed\sourcemod-1.11.0-git6968-windows\addons\sourcemod\scripting\ÒankrunFixhealth.sp::Event_PlayerDeath
L 03/27/2026 - 18:48:51: [SM] Exception reported: Invalid convar handle 0 (error 4)
L 03/27/2026 - 18:48:51: [SM] Blaming: ÒankrunFixhealth.smx
L 03/27/2026 - 18:48:51: [SM] Call stack trace:
L 03/27/2026 - 18:48:51: [SM]   [0] GetConVarString
L 03/27/2026 - 18:48:51: [SM]   [1] Line 138, C:\Users\Moises\Downloads\Compressed\sourcemod-1.11.0-git6968-windows\addons\sourcemod\scripting\ÒankrunFixhealth.sp::IsTankRunActive
L 03/27/2026 - 18:48:51: [SM]   [2] Line 79, C:\Users\Moises\Downloads\Compressed\sourcemod-1.11.0-git6968-windows\addons\sourcemod\scripting\ÒankrunFixhealth.sp::Event_PlayerDeath
L 03/27/2026 - 18:48:53: [SM] Exception reported: Invalid convar handle 0 (error 4)
L 03/27/2026 - 18:48:53: [SM] Blaming: ÒankrunFixhealth.smx
L 03/27/2026 - 18:48:53: [SM] Call stack trace:
L 03/27/2026 - 18:48:53: [SM]   [0] GetConVarString
L 03/27/2026 - 18:48:53: [SM]   [1] Line 138, C:\Users\Moises\Downloads\Compressed\sourcemod-1.11.0-git6968-windows\addons\sourcemod\scripting\ÒankrunFixhealth.sp::IsTankRunActive
L 03/27/2026 - 18:48:53: [SM]   [2] Line 79, C:\Users\Moises\Downloads\Compressed\sourcemod-1.11.0-git6968-windows\addons\sourcemod\scripting\ÒankrunFixhealth.sp::Event_PlayerDeath
L 03/27/2026 - 18:48:58: [SM] Exception reported: Language phrase "Please wait to be revived or rescued" not found (arg 6)
L 03/27/2026 - 18:48:58: [SM] Blaming: l4dmultislots.smx
L 03/27/2026 - 18:48:58: [SM] Call stack trace:
L 03/27/2026 - 18:48:58: [SM]   [0] PrintToChat
L 03/27/2026 - 18:48:58: [SM]   [1] Line 953, d:\Github\Private-Work\L4D2-Êèí‰ª∂\scripting_1.11\l4dmultislots.sp::Timer_SpecCheck
L 03/27/2026 - 18:49:00: [SM] Exception reported: Invalid convar handle 0 (error 4)
L 03/27/2026 - 18:49:00: [SM] Blaming: ÒankrunFixhealth.smx
L 03/27/2026 - 18:49:00: [SM] Call stack trace:
L 03/27/2026 - 18:49:00: [SM]   [0] GetConVarString
L 03/27/2026 - 18:49:00: [SM]   [1] Line 138, C:\Users\Moises\Downloads\Compressed\sourcemod-1.11.0-git6968-windows\addons\sourcemod\scripting\ÒankrunFixhealth.sp::IsTankRunActive
L 03/27/2026 - 18:49:00: [SM]   [2] Line 36, C:\Users\Moises\Downloads\Compressed\sourcemod-1.11.0-git6968-windows\addons\sourcemod\scripting\ÒankrunFixhealth.sp::Timer_PeriodicCheck
L 03/27/2026 - 18:49:06: [l4d2_shop.smx] [ERROR]: INSERT SpecialFunctions SQL_Execute: ""
L 03/27/2026 - 18:49:10: [SM] Exception reported: Invalid convar handle 0 (error 4)
L 03/27/2026 - 18:49:10: [SM] Blaming: ÒankrunFixhealth.smx
L 03/27/2026 - 18:49:10: [SM] Call stack trace:
L 03/27/2026 - 18:49:10: [SM]   [0] GetConVarString
L 03/27/2026 - 18:49:10: [SM]   [1] Line 138, C:\Users\Moises\Downloads\Compressed\sourcemod-1.11.0-git6968-windows\addons\sourcemod\scripting\ÒankrunFixhealth.sp::IsTankRunActive
L 03/27/2026 - 18:49:10: [SM]   [2] Line 36, C:\Users\Moises\Downloads\Compressed\sourcemod-1.11.0-git6968-windows\addons\sourcemod\scripting\ÒankrunFixhealth.sp::Timer_PeriodicCheck
L 03/27/2026 - 18:49:13: [SM] Exception reported: Invalid timer handle 5df0054e (error 1)
L 03/27/2026 - 18:49:13: [SM] Blaming: l4d2_playerjoining_v2.smx
L 03/27/2026 - 18:49:13: [SM] Call stack trace:
L 03/27/2026 - 18:49:13: [SM]   [0] KillTimer
L 03/27/2026 - 18:49:13: [SM]   [1] Line 53, C:\Users\Moises\Downloads\Compressed\sourcemod-1.11.0-git6968-windows\addons\sourcemod\scripting\l4d2_playerjoining_v2.sp::OnClientDisconnect
L 03/27/2026 - 18:49:14: [SM] Exception reported: Invalid convar handle 0 (error 4)
L 03/27/2026 - 18:49:14: [SM] Blaming: ÒankrunFixhealth.smx
L 03/27/2026 - 18:49:14: [SM] Call stack trace:
L 03/27/2026 - 18:49:14: [SM]   [0] GetConVarString
L 03/27/2026 - 18:49:14: [SM]   [1] Line 138, C:\Users\Moises\Downloads\Compressed\sourcemod-1.11.0-git6968-windows\addons\sourcemod\scripting\ÒankrunFixhealth.sp::IsTankRunActive
L 03/27/2026 - 18:49:14: [SM]   [2] Line 79, C:\Users\Moises\Downloads\Compressed\sourcemod-1.11.0-git6968-windows\addons\sourcemod\scripting\ÒankrunFixhealth.sp::Event_PlayerDeath
L 03/27/2026 - 18:49:20: [SM] Exception reported: Invalid convar handle 0 (error 4)
L 03/27/2026 - 18:49:20: [SM] Blaming: ÒankrunFixhealth.smx
L 03/27/2026 - 18:49:20: [SM] Call stack trace:
L 03/27/2026 - 18:49:20: [SM]   [0] GetConVarString
L 03/27/2026 - 18:49:20: [SM]   [1] Line 138, C:\Users\Moises\Downloads\Compressed\sourcemod-1.11.0-git6968-windows\addons\sourcemod\scripting\ÒankrunFixhealth.sp::IsTankRunActive
L 03/27/2026 - 18:49:20: [SM]   [2] Line 36, C:\Users\Moises\Downloads\Compressed\sourcemod-1.11.0-git6968-windows\addons\sourcemod\scripting\ÒankrunFixhealth.sp::Timer_PeriodicCheck
L 03/27/2026 - 18:49:21: [SM] Exception reported: Invalid timer handle d300058e (error 1)
L 03/27/2026 - 18:49:21: [SM] Blaming: l4d2_playerjoining_v2.smx
L 03/27/2026 - 18:49:21: [SM] Call stack trace:
L 03/27/2026 - 18:49:21: [SM]   [0] KillTimer
L 03/27/2026 - 18:49:21: [SM]   [1] Line 53, C:\Users\Moises\Downloads\Compressed\sourcemod-1.11.0-git6968-windows\addons\sourcemod\scripting\l4d2_playerjoining_v2.sp::OnClientDisconnect
L 03/27/2026 - 18:49:23: [SM] Exception reported: Language phrase "Please wait to be revived or rescued" not found (arg 6)
L 03/27/2026 - 18:49:23: [SM] Blaming: l4dmultislots.smx
L 03/27/2026 - 18:49:23: [SM] Call stack trace:
L 03/27/2026 - 18:49:23: [SM]   [0] PrintToChat
L 03/27/2026 - 18:49:23: [SM]   [1] Line 953, d:\Github\Private-Work\L4D2-Êèí‰ª∂\scripting_1.11\l4dmultislots.sp::Timer_SpecCheck
L 03/27/2026 - 18:49:30: [SM] Exception reported: Invalid convar handle 0 (error 4)
L 03/27/2026 - 18:49:30: [SM] Blaming: ÒankrunFixhealth.smx
L 03/27/2026 - 18:49:30: [SM] Call stack trace:
L 03/27/2026 - 18:49:30: [SM]   [0] GetConVarString
L 03/27/2026 - 18:49:30: [SM]   [1] Line 138, C:\Users\Moises\Downloads\Compressed\sourcemod-1.11.0-git6968-windows\addons\sourcemod\scripting\ÒankrunFixhealth.sp::IsTankRunActive
L 03/27/2026 - 18:49:30: [SM]   [2] Line 36, C:\Users\Moises\Downloads\Compressed\sourcemod-1.11.0-git6968-windows\addons\sourcemod\scripting\ÒankrunFixhealth.sp::Timer_PeriodicCheck
L 03/27/2026 - 18:49:35: [SM] Exception reported: Invalid convar handle 0 (error 4)
L 03/27/2026 - 18:49:35: [SM] Blaming: ÒankrunFixhealth.smx
L 03/27/2026 - 18:49:35: [SM] Call stack trace:
L 03/27/2026 - 18:49:35: [SM]   [0] GetConVarString
L 03/27/2026 - 18:49:35: [SM]   [1] Line 138, C:\Users\Moises\Downloads\Compressed\sourcemod-1.11.0-git6968-windows\addons\sourcemod\scripting\ÒankrunFixhealth.sp::IsTankRunActive
L 03/27/2026 - 18:49:35: [SM]   [2] Line 79, C:\Users\Moises\Downloads\Compressed\sourcemod-1.11.0-git6968-windows\addons\sourcemod\scripting\ÒankrunFixhealth.sp::Event_PlayerDeath
L 03/27/2026 - 18:49:40: [SM] Exception reported: Invalid convar handle 0 (error 4)
L 03/27/2026 - 18:49:40: [SM] Blaming: ÒankrunFixhealth.smx
L 03/27/2026 - 18:49:40: [SM] Call stack trace:
L 03/27/2026 - 18:49:40: [SM]   [0] GetConVarString
L 03/27/2026 - 18:49:40: [SM]   [1] Line 138, C:\Users\Moises\Downloads\Compressed\sourcemod-1.11.0-git6968-windows\addons\sourcemod\scripting\ÒankrunFixhealth.sp::IsTankRunActive
L 03/27/2026 - 18:49:40: [SM]   [2] Line 36, C:\Users\Moises\Downloads\Compressed\sourcemod-1.11.0-git6968-windows\addons\sourcemod\scripting\ÒankrunFixhealth.sp::Timer_PeriodicCheck
L 03/27/2026 - 18:49:45: [SM] Exception reported: Invalid convar handle 0 (error 4)
L 03/27/2026 - 18:49:45: [SM] Blaming: ÒankrunFixhealth.smx
L 03/27/2026 - 18:49:45: [SM] Call stack trace:
L 03/27/2026 - 18:49:45: [SM]   [0] GetConVarString
L 03/27/2026 - 18:49:45: [SM]   [1] Line 138, C:\Users\Moises\Downloads\Compressed\sourcemod-1.11.0-git6968-windows\addons\sourcemod\scripting\ÒankrunFixhealth.sp::IsTankRunActive
L 03/27/2026 - 18:49:45: [SM]   [2] Line 79, C:\Users\Moises\Downloads\Compressed\sourcemod-1.11.0-git6968-windows\addons\sourcemod\scripting\ÒankrunFixhealth.sp::Event_PlayerDeath
L 03/27/2026 - 18:49:45: [SM] Exception reported: Invalid convar handle 0 (error 4)
L 03/27/2026 - 18:49:45: [SM] Blaming: ÒankrunFixhealth.smx
L 03/27/2026 - 18:49:45: [SM] Call stack trace:
L 03/27/2026 - 18:49:45: [SM]   [0] GetConVarString
L 03/27/2026 - 18:49:45: [SM]   [1] Line 138, C:\Users\Moises\Downloads\Compressed\sourcemod-1.11.0-git6968-windows\addons\sourcemod\scripting\ÒankrunFixhealth.sp::IsTankRunActive
L 03/27/2026 - 18:49:45: [SM]   [2] Line 79, C:\Users\Moises\Downloads\Compressed\sourcemod-1.11.0-git6968-windows\addons\sourcemod\scripting\ÒankrunFixhealth.sp::Event_PlayerDeath
L 03/27/2026 - 18:49:48: [SM] Exception reported: Language phrase "Please wait to be revived or rescued" not found (arg 6)
L 03/27/2026 - 18:49:48: [SM] Blaming: l4dmultislots.smx
L 03/27/2026 - 18:49:48: [SM] Call stack trace:
L 03/27/2026 - 18:49:48: [SM]   [0] PrintToChat
L 03/27/2026 - 18:49:48: [SM]   [1] Line 953, d:\Github\Private-Work\L4D2-Êèí‰ª∂\scripting_1.11\l4dmultislots.sp::Timer_SpecCheck
L 03/27/2026 - 18:49:50: [SM] Exception reported: Invalid convar handle 0 (error 4)
L 03/27/2026 - 18:49:50: [SM] Blaming: ÒankrunFixhealth.smx
L 03/27/2026 - 18:49:50: [SM] Call stack trace:
L 03/27/2026 - 18:49:50: [SM]   [0] GetConVarString
L 03/27/2026 - 18:49:50: [SM]   [1] Line 138, C:\Users\Moises\Downloads\Compressed\sourcemod-1.11.0-git6968-windows\addons\sourcemod\scripting\ÒankrunFixhealth.sp::IsTankRunActive
L 03/27/2026 - 18:49:50: [SM]   [2] Line 36, C:\Users\Moises\Downloads\Compressed\sourcemod-1.11.0-git6968-windows\addons\sourcemod\scripting\ÒankrunFixhealth.sp::Timer_PeriodicCheck
L 03/27/2026 - 18:50:00: [SM] Exception reported: Invalid convar handle 0 (error 4)
L 03/27/2026 - 18:50:00: [SM] Blaming: ÒankrunFixhealth.smx
L 03/27/2026 - 18:50:00: [SM] Call stack trace:
L 03/27/2026 - 18:50:00: [SM]   [0] GetConVarString
L 03/27/2026 - 18:50:00: [SM]   [1] Line 138, C:\Users\Moises\Downloads\Compressed\sourcemod-1.11.0-git6968-windows\addons\sourcemod\scripting\ÒankrunFixhealth.sp::IsTankRunActive
L 03/27/2026 - 18:50:00: [SM]   [2] Line 36, C:\Users\Moises\Downloads\Compressed\sourcemod-1.11.0-git6968-windows\addons\sourcemod\scripting\ÒankrunFixhealth.sp::Timer_PeriodicCheck
L 03/27/2026 - 18:50:05: [SM] Exception reported: Property "m_vecAngularVelocity" not found (entity 205/weapon_smg)
L 03/27/2026 - 18:50:05: [SM] Blaming: l4d2_tank_core v4_5.smx
L 03/27/2026 - 18:50:05: [SM] Call stack trace:
L 03/27/2026 - 18:50:05: [SM]   [0] SetEntPropVector
L 03/27/2026 - 18:50:05: [SM]   [1] Line 650, D:\SteamLibrary\steamapps\common\Left 4 Dead 2\left4dead2\addons\sourcemod\scripting\l4d2_tank_core v4_5.sp::DropItemsPhysically
L 03/27/2026 - 18:50:05: [SM]   [2] Line 549, D:\SteamLibrary\steamapps\common\Left 4 Dead 2\left4dead2\addons\sourcemod\scripting\l4d2_tank_core v4_5.sp::Event_PlayerHurt
L 03/27/2026 - 18:50:10: [SM] Exception reported: Invalid convar handle 0 (error 4)
L 03/27/2026 - 18:50:10: [SM] Blaming: ÒankrunFixhealth.smx
L 03/27/2026 - 18:50:10: [SM] Call stack trace:
L 03/27/2026 - 18:50:10: [SM]   [0] GetConVarString
L 03/27/2026 - 18:50:10: [SM]   [1] Line 138, C:\Users\Moises\Downloads\Compressed\sourcemod-1.11.0-git6968-windows\addons\sourcemod\scripting\ÒankrunFixhealth.sp::IsTankRunActive
L 03/27/2026 - 18:50:10: [SM]   [2] Line 36, C:\Users\Moises\Downloads\Compressed\sourcemod-1.11.0-git6968-windows\addons\sourcemod\scripting\ÒankrunFixhealth.sp::Timer_PeriodicCheck
L 03/27/2026 - 18:50:13: [SM] Exception reported: Language phrase "Please wait to be revived or rescued" not found (arg 6)
L 03/27/2026 - 18:50:13: [SM] Blaming: l4dmultislots.smx
L 03/27/2026 - 18:50:13: [SM] Call stack trace:
L 03/27/2026 - 18:50:13: [SM]   [0] PrintToChat
L 03/27/2026 - 18:50:13: [SM]   [1] Line 953, d:\Github\Private-Work\L4D2-Êèí‰ª∂\scripting_1.11\l4dmultislots.sp::Timer_SpecCheck
L 03/27/2026 - 18:50:17: [SM] Exception reported: Invalid convar handle 0 (error 4)
L 03/27/2026 - 18:50:17: [SM] Blaming: ÒankrunFixhealth.smx
L 03/27/2026 - 18:50:17: [SM] Call stack trace:
L 03/27/2026 - 18:50:17: [SM]   [0] GetConVarString
L 03/27/2026 - 18:50:17: [SM]   [1] Line 138, C:\Users\Moises\Downloads\Compressed\sourcemod-1.11.0-git6968-windows\addons\sourcemod\scripting\ÒankrunFixhealth.sp::IsTankRunActive
L 03/27/2026 - 18:50:17: [SM]   [2] Line 79, C:\Users\Moises\Downloads\Compressed\sourcemod-1.11.0-git6968-windows\addons\sourcemod\scripting\ÒankrunFixhealth.sp::Event_PlayerDeath
L 03/27/2026 - 18:50:18: [SM] Exception reported: Invalid convar handle 0 (error 4)
L 03/27/2026 - 18:50:18: [SM] Blaming: ÒankrunFixhealth.smx
L 03/27/2026 - 18:50:18: [SM] Call stack trace:
L 03/27/2026 - 18:50:18: [SM]   [0] GetConVarString
L 03/27/2026 - 18:50:18: [SM]   [1] Line 138, C:\Users\Moises\Downloads\Compressed\sourcemod-1.11.0-git6968-windows\addons\sourcemod\scripting\ÒankrunFixhealth.sp::IsTankRunActive
L 03/27/2026 - 18:50:18: [SM]   [2] Line 91, C:\Users\Moises\Downloads\Compressed\sourcemod-1.11.0-git6968-windows\addons\sourcemod\scripting\ÒankrunFixhealth.sp::Event_MissionLost
L 03/27/2026 - 18:50:20: [SM] Exception reported: Invalid convar handle 0 (error 4)
L 03/27/2026 - 18:50:20: [SM] Blaming: ÒankrunFixhealth.smx
L 03/27/2026 - 18:50:20: [SM] Call stack trace:
L 03/27/2026 - 18:50:20: [SM]   [0] GetConVarString
L 03/27/2026 - 18:50:20: [SM]   [1] Line 138, C:\Users\Moises\Downloads\Compressed\sourcemod-1.11.0-git6968-windows\addons\sourcemod\scripting\ÒankrunFixhealth.sp::IsTankRunActive
L 03/27/2026 - 18:50:20: [SM]   [2] Line 36, C:\Users\Moises\Downloads\Compressed\sourcemod-1.11.0-git6968-windows\addons\sourcemod\scripting\ÒankrunFixhealth.sp::Timer_PeriodicCheck
L 03/27/2026 - 18:50:25: [SM] Exception reported: Invalid convar handle 0 (error 4)
L 03/27/2026 - 18:50:25: [SM] Blaming: ÒankrunFixhealth.smx
L 03/27/2026 - 18:50:25: [SM] Call stack trace:
L 03/27/2026 - 18:50:25: [SM]   [0] GetConVarString
L 03/27/2026 - 18:50:25: [SM]   [1] Line 138, C:\Users\Moises\Downloads\Compressed\sourcemod-1.11.0-git6968-windows\addons\sourcemod\scripting\ÒankrunFixhealth.sp::IsTankRunActive
L 03/27/2026 - 18:50:25: [SM]   [2] Line 54, C:\Users\Moises\Downloads\Compressed\sourcemod-1.11.0-git6968-windows\addons\sourcemod\scripting\ÒankrunFixhealth.sp::Event_RoundStart
L 03/27/2026 - 18:50:25: [SM] Exception reported: Invalid timer handle 18100595 (error 1)
L 03/27/2026 - 18:50:25: [SM] Blaming: l4d2_playerjoining_v2.smx
L 03/27/2026 - 18:50:25: [SM] Call stack trace:
L 03/27/2026 - 18:50:25: [SM]   [0] KillTimer
L 03/27/2026 - 18:50:25: [SM]   [1] Line 53, C:\Users\Moises\Downloads\Compressed\sourcemod-1.11.0-git6968-windows\addons\sourcemod\scripting\l4d2_playerjoining_v2.sp::OnClientDisconnect
L 03/27/2026 - 18:50:25: [SM] Exception reported: Invalid timer handle 29f00559 (error 1)
L 03/27/2026 - 18:50:25: [SM] Blaming: l4d2_playerjoining_v2.smx
L 03/27/2026 - 18:50:25: [SM] Call stack trace:
L 03/27/2026 - 18:50:25: [SM]   [0] KillTimer
L 03/27/2026 - 18:50:25: [SM]   [1] Line 53, C:\Users\Moises\Downloads\Compressed\sourcemod-1.11.0-git6968-windows\addons\sourcemod\scripting\l4d2_playerjoining_v2.sp::OnClientDisconnect
L 03/27/2026 - 18:50:25: [SM] Exception reported: Invalid timer handle 5df0054e (error 1)
L 03/27/2026 - 18:50:25: [SM] Blaming: l4d2_playerjoining_v2.smx
L 03/27/2026 - 18:50:25: [SM] Call stack trace:
L 03/27/2026 - 18:50:25: [SM]   [0] KillTimer
L 03/27/2026 - 18:50:25: [SM]   [1] Line 53, C:\Users\Moises\Downloads\Compressed\sourcemod-1.11.0-git6968-windows\addons\sourcemod\scripting\l4d2_playerjoining_v2.sp::OnClientDisconnect
L 03/27/2026 - 18:50:25: [SM] Exception reported: Invalid timer handle d300058e (error 1)
L 03/27/2026 - 18:50:25: [SM] Blaming: l4d2_playerjoining_v2.smx
L 03/27/2026 - 18:50:25: [SM] Call stack trace:
L 03/27/2026 - 18:50:25: [SM]   [0] KillTimer
L 03/27/2026 - 18:50:25: [SM]   [1] Line 53, C:\Users\Moises\Downloads\Compressed\sourcemod-1.11.0-git6968-windows\addons\sourcemod\scripting\l4d2_playerjoining_v2.sp::OnClientDisconnect
L 03/27/2026 - 18:50:30: [SM] Exception reported: Invalid convar handle 0 (error 4)
L 03/27/2026 - 18:50:30: [SM] Blaming: ÒankrunFixhealth.smx
L 03/27/2026 - 18:50:30: [SM] Call stack trace:
L 03/27/2026 - 18:50:30: [SM]   [0] GetConVarString
L 03/27/2026 - 18:50:30: [SM]   [1] Line 138, C:\Users\Moises\Downloads\Compressed\sourcemod-1.11.0-git6968-windows\addons\sourcemod\scripting\ÒankrunFixhealth.sp::IsTankRunActive
L 03/27/2026 - 18:50:30: [SM]   [2] Line 36, C:\Users\Moises\Downloads\Compressed\sourcemod-1.11.0-git6968-windows\addons\sourcemod\scripting\ÒankrunFixhealth.sp::Timer_PeriodicCheck
L 03/27/2026 - 18:50:40: [SM] Exception reported: Invalid convar handle 0 (error 4)
L 03/27/2026 - 18:50:40: [SM] Blaming: ÒankrunFixhealth.smx
L 03/27/2026 - 18:50:40: [SM] Call stack trace:
L 03/27/2026 - 18:50:40: [SM]   [0] GetConVarString
L 03/27/2026 - 18:50:40: [SM]   [1] Line 138, C:\Users\Moises\Downloads\Compressed\sourcemod-1.11.0-git6968-windows\addons\sourcemod\scripting\ÒankrunFixhealth.sp::IsTankRunActive
L 03/27/2026 - 18:50:40: [SM]   [2] Line 36, C:\Users\Moises\Downloads\Compressed\sourcemod-1.11.0-git6968-windows\addons\sourcemod\scripting\ÒankrunFixhealth.sp::Timer_PeriodicCheck
L 03/27/2026 - 18:50:50: [SM] Exception reported: Invalid convar handle 0 (error 4)
L 03/27/2026 - 18:50:50: [SM] Blaming: ÒankrunFixhealth.smx
L 03/27/2026 - 18:50:50: [SM] Call stack trace:
L 03/27/2026 - 18:50:50: [SM]   [0] GetConVarString
L 03/27/2026 - 18:50:50: [SM]   [1] Line 138, C:\Users\Moises\Downloads\Compressed\sourcemod-1.11.0-git6968-windows\addons\sourcemod\scripting\ÒankrunFixhealth.sp::IsTankRunActive
L 03/27/2026 - 18:50:50: [SM]   [2] Line 36, C:\Users\Moises\Downloads\Compressed\sourcemod-1.11.0-git6968-windows\addons\sourcemod\scripting\ÒankrunFixhealth.sp::Timer_PeriodicCheck
L 03/27/2026 - 18:51:00: [SM] Exception reported: Invalid convar handle 0 (error 4)
L 03/27/2026 - 18:51:00: [SM] Blaming: ÒankrunFixhealth.smx
L 03/27/2026 - 18:51:00: [SM] Call stack trace:
L 03/27/2026 - 18:51:00: [SM]   [0] GetConVarString
L 03/27/2026 - 18:51:00: [SM]   [1] Line 138, C:\Users\Moises\Downloads\Compressed\sourcemod-1.11.0-git6968-windows\addons\sourcemod\scripting\ÒankrunFixhealth.sp::IsTankRunActive
L 03/27/2026 - 18:51:00: [SM]   [2] Line 36, C:\Users\Moises\Downloads\Compressed\sourcemod-1.11.0-git6968-windows\addons\sourcemod\scripting\ÒankrunFixhealth.sp::Timer_PeriodicCheck
L 03/27/2026 - 18:51:10: [SM] Exception reported: Invalid convar handle 0 (error 4)
L 03/27/2026 - 18:51:10: [SM] Blaming: ÒankrunFixhealth.smx
L 03/27/2026 - 18:51:10: [SM] Call stack trace:
L 03/27/2026 - 18:51:10: [SM]   [0] GetConVarString
L 03/27/2026 - 18:51:10: [SM]   [1] Line 138, C:\Users\Moises\Downloads\Compressed\sourcemod-1.11.0-git6968-windows\addons\sourcemod\scripting\ÒankrunFixhealth.sp::IsTankRunActive
L 03/27/2026 - 18:51:10: [SM]   [2] Line 36, C:\Users\Moises\Downloads\Compressed\sourcemod-1.11.0-git6968-windows\addons\sourcemod\scripting\ÒankrunFixhealth.sp::Timer_PeriodicCheck
L 03/27/2026 - 18:51:14: [SM] Exception reported: Invalid timer handle d300058e (error 3)
L 03/27/2026 - 18:51:14: [SM] Blaming: l4d2_playerjoining_v2.smx
L 03/27/2026 - 18:51:14: [SM] Call stack trace:
L 03/27/2026 - 18:51:14: [SM]   [0] KillTimer
L 03/27/2026 - 18:51:14: [SM]   [1] Line 53, C:\Users\Moises\Downloads\Compressed\sourcemod-1.11.0-git6968-windows\addons\sourcemod\scripting\l4d2_playerjoining_v2.sp::OnClientDisconnect
L 03/27/2026 - 18:51:20: [SM] Exception reported: Invalid convar handle 0 (error 4)
L 03/27/2026 - 18:51:20: [SM] Blaming: ÒankrunFixhealth.smx
L 03/27/2026 - 18:51:20: [SM] Call stack trace:
L 03/27/2026 - 18:51:20: [SM]   [0] GetConVarString
L 03/27/2026 - 18:51:20: [SM]   [1] Line 138, C:\Users\Moises\Downloads\Compressed\sourcemod-1.11.0-git6968-windows\addons\sourcemod\scripting\ÒankrunFixhealth.sp::IsTankRunActive
L 03/27/2026 - 18:51:20: [SM]   [2] Line 36, C:\Users\Moises\Downloads\Compressed\sourcemod-1.11.0-git6968-windows\addons\sourcemod\scripting\ÒankrunFixhealth.sp::Timer_PeriodicCheck
L 03/27/2026 - 18:51:26: [SM] Exception reported: Invalid convar handle 0 (error 4)
L 03/27/2026 - 18:51:26: [SM] Blaming: ÒankrunFixhealth.smx
L 03/27/2026 - 18:51:26: [SM] Call stack trace:
L 03/27/2026 - 18:51:26: [SM]   [0] GetConVarString
L 03/27/2026 - 18:51:26: [SM]   [1] Line 138, C:\Users\Moises\Downloads\Compressed\sourcemod-1.11.0-git6968-windows\addons\sourcemod\scripting\ÒankrunFixhealth.sp::IsTankRunActive
L 03/27/2026 - 18:51:26: [SM]   [2] Line 79, C:\Users\Moises\Downloads\Compressed\sourcemod-1.11.0-git6968-windows\addons\sourcemod\scripting\ÒankrunFixhealth.sp::Event_PlayerDeath
L 03/27/2026 - 18:51:30: [SM] Exception reported: Invalid convar handle 0 (error 4)
L 03/27/2026 - 18:51:30: [SM] Blaming: ÒankrunFixhealth.smx
L 03/27/2026 - 18:51:30: [SM] Call stack trace:
L 03/27/2026 - 18:51:30: [SM]   [0] GetConVarString
L 03/27/2026 - 18:51:30: [SM]   [1] Line 138, C:\Users\Moises\Downloads\Compressed\sourcemod-1.11.0-git6968-windows\addons\sourcemod\scripting\ÒankrunFixhealth.sp::IsTankRunActive
L 03/27/2026 - 18:51:30: [SM]   [2] Line 36, C:\Users\Moises\Downloads\Compressed\sourcemod-1.11.0-git6968-windows\addons\sourcemod\scripting\ÒankrunFixhealth.sp::Timer_PeriodicCheck
L 03/27/2026 - 18:51:40: [SM] Exception reported: Invalid convar handle 0 (error 4)
L 03/27/2026 - 18:51:40: [SM] Blaming: ÒankrunFixhealth.smx
L 03/27/2026 - 18:51:40: [SM] Call stack trace:
L 03/27/2026 - 18:51:40: [SM]   [0] GetConVarString
L 03/27/2026 - 18:51:40: [SM]   [1] Line 138, C:\Users\Moises\Downloads\Compressed\sourcemod-1.11.0-git6968-windows\addons\sourcemod\scripting\ÒankrunFixhealth.sp::IsTankRunActive
L 03/27/2026 - 18:51:40: [SM]   [2] Line 36, C:\Users\Moises\Downloads\Compressed\sourcemod-1.11.0-git6968-windows\addons\sourcemod\scripting\ÒankrunFixhealth.sp::Timer_PeriodicCheck
L 03/27/2026 - 18:51:40: [SM] Exception reported: Language phrase "Please wait to be revived or rescued" not found (arg 6)
L 03/27/2026 - 18:51:40: [SM] Blaming: l4dmultislots.smx
L 03/27/2026 - 18:51:40: [SM] Call stack trace:
L 03/27/2026 - 18:51:40: [SM]   [0] PrintToChat
L 03/27/2026 - 18:51:40: [SM]   [1] Line 953, d:\Github\Private-Work\L4D2-Êèí‰ª∂\scripting_1.11\l4dmultislots.sp::Timer_SpecCheck
L 03/27/2026 - 18:51:50: [SM] Exception reported: Invalid convar handle 0 (error 4)
L 03/27/2026 - 18:51:50: [SM] Blaming: ÒankrunFixhealth.smx
L 03/27/2026 - 18:51:50: [SM] Call stack trace:
L 03/27/2026 - 18:51:50: [SM]   [0] GetConVarString
L 03/27/2026 - 18:51:50: [SM]   [1] Line 138, C:\Users\Moises\Downloads\Compressed\sourcemod-1.11.0-git6968-windows\addons\sourcemod\scripting\ÒankrunFixhealth.sp::IsTankRunActive
L 03/27/2026 - 18:51:50: [SM]   [2] Line 36, C:\Users\Moises\Downloads\Compressed\sourcemod-1.11.0-git6968-windows\addons\sourcemod\scripting\ÒankrunFixhealth.sp::Timer_PeriodicCheck
L 03/27/2026 - 18:51:58: [SM] Exception reported: Invalid convar handle 0 (error 4)
L 03/27/2026 - 18:51:58: [SM] Blaming: ÒankrunFixhealth.smx
L 03/27/2026 - 18:51:58: [SM] Call stack trace:
L 03/27/2026 - 18:51:58: [SM]   [0] GetConVarString
L 03/27/2026 - 18:51:58: [SM]   [1] Line 138, C:\Users\Moises\Downloads\Compressed\sourcemod-1.11.0-git6968-windows\addons\sourcemod\scripting\ÒankrunFixhealth.sp::IsTankRunActive
L 03/27/2026 - 18:51:58: [SM]   [2] Line 79, C:\Users\Moises\Downloads\Compressed\sourcemod-1.11.0-git6968-windows\addons\sourcemod\scripting\ÒankrunFixhealth.sp::Event_PlayerDeath
L 03/27/2026 - 18:52:00: [SM] Exception reported: Invalid convar handle 0 (error 4)
L 03/27/2026 - 18:52:00: [SM] Blaming: ÒankrunFixhealth.smx
L 03/27/2026 - 18:52:00: [SM] Call stack trace:
L 03/27/2026 - 18:52:00: [SM]   [0] GetConVarString
L 03/27/2026 - 18:52:00: [SM]   [1] Line 138, C:\Users\Moises\Downloads\Compressed\sourcemod-1.11.0-git6968-windows\addons\sourcemod\scripting\ÒankrunFixhealth.sp::IsTankRunActive
L 03/27/2026 - 18:52:00: [SM]   [2] Line 36, C:\Users\Moises\Downloads\Compressed\sourcemod-1.11.0-git6968-windows\addons\sourcemod\scripting\ÒankrunFixhealth.sp::Timer_PeriodicCheck
L 03/27/2026 - 18:52:05: [SM] Exception reported: Language phrase "Please wait to be revived or rescued" not found (arg 6)
L 03/27/2026 - 18:52:05: [SM] Blaming: l4dmultislots.smx
L 03/27/2026 - 18:52:05: [SM] Call stack trace:
L 03/27/2026 - 18:52:05: [SM]   [0] PrintToChat
L 03/27/2026 - 18:52:05: [SM]   [1] Line 953, d:\Github\Private-Work\L4D2-Êèí‰ª∂\scripting_1.11\l4dmultislots.sp::Timer_SpecCheck
L 03/27/2026 - 18:52:10: [SM] Exception reported: Invalid convar handle 0 (error 4)
L 03/27/2026 - 18:52:10: [SM] Blaming: ÒankrunFixhealth.smx
L 03/27/2026 - 18:52:10: [SM] Call stack trace:
L 03/27/2026 - 18:52:10: [SM]   [0] GetConVarString
L 03/27/2026 - 18:52:10: [SM]   [1] Line 138, C:\Users\Moises\Downloads\Compressed\sourcemod-1.11.0-git6968-windows\addons\sourcemod\scripting\ÒankrunFixhealth.sp::IsTankRunActive
L 03/27/2026 - 18:52:10: [SM]   [2] Line 36, C:\Users\Moises\Downloads\Compressed\sourcemod-1.11.0-git6968-windows\addons\sourcemod\scripting\ÒankrunFixhealth.sp::Timer_PeriodicCheck
L 03/27/2026 - 18:52:15: [SM] Exception reported: Invalid convar handle 0 (error 4)
L 03/27/2026 - 18:52:15: [SM] Blaming: ÒankrunFixhealth.smx
L 03/27/2026 - 18:52:15: [SM] Call stack trace:
L 03/27/2026 - 18:52:15: [SM]   [0] GetConVarString
L 03/27/2026 - 18:52:15: [SM]   [1] Line 138, C:\Users\Moises\Downloads\Compressed\sourcemod-1.11.0-git6968-windows\addons\sourcemod\scripting\ÒankrunFixhealth.sp::IsTankRunActive
L 03/27/2026 - 18:52:15: [SM]   [2] Line 79, C:\Users\Moises\Downloads\Compressed\sourcemod-1.11.0-git6968-windows\addons\sourcemod\scripting\ÒankrunFixhealth.sp::Event_PlayerDeath
L 03/27/2026 - 18:52:20: [SM] Exception reported: Invalid convar handle 0 (error 4)
L 03/27/2026 - 18:52:20: [SM] Blaming: ÒankrunFixhealth.smx
L 03/27/2026 - 18:52:20: [SM] Call stack trace:
L 03/27/2026 - 18:52:20: [SM]   [0] GetConVarString
L 03/27/2026 - 18:52:20: [SM]   [1] Line 138, C:\Users\Moises\Downloads\Compressed\sourcemod-1.11.0-git6968-windows\addons\sourcemod\scripting\ÒankrunFixhealth.sp::IsTankRunActive
L 03/27/2026 - 18:52:20: [SM]   [2] Line 36, C:\Users\Moises\Downloads\Compressed\sourcemod-1.11.0-git6968-windows\addons\sourcemod\scripting\ÒankrunFixhealth.sp::Timer_PeriodicCheck
L 03/27/2026 - 18:52:21: [SM] Exception reported: Invalid convar handle 0 (error 4)
L 03/27/2026 - 18:52:21: [SM] Blaming: ÒankrunFixhealth.smx
L 03/27/2026 - 18:52:21: [SM] Call stack trace:
L 03/27/2026 - 18:52:21: [SM]   [0] GetConVarString
L 03/27/2026 - 18:52:21: [SM]   [1] Line 138, C:\Users\Moises\Downloads\Compressed\sourcemod-1.11.0-git6968-windows\addons\sourcemod\scripting\ÒankrunFixhealth.sp::IsTankRunActive
L 03/27/2026 - 18:52:21: [SM]   [2] Line 79, C:\Users\Moises\Downloads\Compressed\sourcemod-1.11.0-git6968-windows\addons\sourcemod\scripting\ÒankrunFixhealth.sp::Event_PlayerDeath
L 03/27/2026 - 18:52:26: [SM] Exception reported: Invalid convar handle 0 (error 4)
L 03/27/2026 - 18:52:26: [SM] Blaming: ÒankrunFixhealth.smx
L 03/27/2026 - 18:52:26: [SM] Call stack trace:
L 03/27/2026 - 18:52:26: [SM]   [0] GetConVarString
L 03/27/2026 - 18:52:26: [SM]   [1] Line 138, C:\Users\Moises\Downloads\Compressed\sourcemod-1.11.0-git6968-windows\addons\sourcemod\scripting\ÒankrunFixhealth.sp::IsTankRunActive
L 03/27/2026 - 18:52:26: [SM]   [2] Line 71, C:\Users\Moises\Downloads\Compressed\sourcemod-1.11.0-git6968-windows\addons\sourcemod\scripting\ÒankrunFixhealth.sp::Event_MapTransition
L 03/27/2026 - 18:52:28: [SM] Exception reported: Invalid timer handle 29f00559 (error 1)
L 03/27/2026 - 18:52:28: [SM] Blaming: l4d2_playerjoining_v2.smx
L 03/27/2026 - 18:52:28: [SM] Call stack trace:
L 03/27/2026 - 18:52:28: [SM]   [0] KillTimer
L 03/27/2026 - 18:52:28: [SM]   [1] Line 53, C:\Users\Moises\Downloads\Compressed\sourcemod-1.11.0-git6968-windows\addons\sourcemod\scripting\l4d2_playerjoining_v2.sp::OnClientDisconnect
L 03/27/2026 - 18:52:29: [SM] Exception reported: Invalid convar handle 0 (error 4)
L 03/27/2026 - 18:52:29: [SM] Blaming: ÒankrunFixhealth.smx
L 03/27/2026 - 18:52:29: [SM] Call stack trace:
L 03/27/2026 - 18:52:29: [SM]   [0] GetConVarString
L 03/27/2026 - 18:52:29: [SM]   [1] Line 138, C:\Users\Moises\Downloads\Compressed\sourcemod-1.11.0-git6968-windows\addons\sourcemod\scripting\ÒankrunFixhealth.sp::IsTankRunActive
L 03/27/2026 - 18:52:29: [SM]   [2] Line 79, C:\Users\Moises\Downloads\Compressed\sourcemod-1.11.0-git6968-windows\addons\sourcemod\scripting\ÒankrunFixhealth.sp::Event_PlayerDeath
L 03/27/2026 - 18:52:30: [SM] Exception reported: Invalid convar handle 0 (error 4)
L 03/27/2026 - 18:52:30: [SM] Blaming: ÒankrunFixhealth.smx
L 03/27/2026 - 18:52:30: [SM] Call stack trace:
L 03/27/2026 - 18:52:30: [SM]   [0] GetConVarString
L 03/27/2026 - 18:52:30: [SM]   [1] Line 138, C:\Users\Moises\Downloads\Compressed\sourcemod-1.11.0-git6968-windows\addons\sourcemod\scripting\ÒankrunFixhealth.sp::IsTankRunActive
L 03/27/2026 - 18:52:30: [SM]   [2] Line 36, C:\Users\Moises\Downloads\Compressed\sourcemod-1.11.0-git6968-windows\addons\sourcemod\scripting\ÒankrunFixhealth.sp::Timer_PeriodicCheck
L 03/27/2026 - 18:52:35: [SM] Exception reported: Invalid timer handle 5df0054e (error 3)
L 03/27/2026 - 18:52:35: [SM] Blaming: l4d2_playerjoining_v2.smx
L 03/27/2026 - 18:52:35: [SM] Call stack trace:
L 03/27/2026 - 18:52:35: [SM]   [0] KillTimer
L 03/27/2026 - 18:52:35: [SM]   [1] Line 53, C:\Users\Moises\Downloads\Compressed\sourcemod-1.11.0-git6968-windows\addons\sourcemod\scripting\l4d2_playerjoining_v2.sp::OnClientDisconnect
L 03/27/2026 - 18:52:35: [SM] Exception reported: Invalid timer handle d300058e (error 1)
L 03/27/2026 - 18:52:35: [SM] Blaming: l4d2_playerjoining_v2.smx
L 03/27/2026 - 18:52:35: [SM] Call stack trace:
L 03/27/2026 - 18:52:35: [SM]   [0] KillTimer
L 03/27/2026 - 18:52:35: [SM]   [1] Line 53, C:\Users\Moises\Downloads\Compressed\sourcemod-1.11.0-git6968-windows\addons\sourcemod\scripting\l4d2_playerjoining_v2.sp::OnClientDisconnect
L 03/27/2026 - 18:52:35: [SM] Exception reported: Invalid timer handle 18100595 (error 3)
L 03/27/2026 - 18:52:35: [SM] Blaming: l4d2_playerjoining_v2.smx
L 03/27/2026 - 18:52:35: [SM] Call stack trace:
L 03/27/2026 - 18:52:35: [SM]   [0] KillTimer
L 03/27/2026 - 18:52:35: [SM]   [1] Line 53, C:\Users\Moises\Downloads\Compressed\sourcemod-1.11.0-git6968-windows\addons\sourcemod\scripting\l4d2_playerjoining_v2.sp::OnClientDisconnect
L 03/27/2026 - 18:52:37: Error log file session closed.
L 03/27/2026 - 18:52:37: SourceMod error session started
L 03/27/2026 - 18:52:37: Info (map "c1m3_mall") (file "d:\steamlibrary\steamapps\common\left 4 dead 2\left4dead2\addons\sourcemod\logs\errors_20260327.log")
L 03/27/2026 - 18:52:37: [SM] Fatal error encountered parsing translation file "l4d_nth.phrases.txt"
L 03/27/2026 - 18:52:37: [SM] Error (line 0, column 0): Stream failed to open
L 03/27/2026 - 18:52:37: [SM] Fatal error encountered parsing translation file "chargersteering.phrases.txt"
L 03/27/2026 - 18:52:37: [SM] Error (line 0, column 0): Stream failed to open
L 03/27/2026 - 18:52:37: [SM] Fatal error encountered parsing translation file "l4dmultislots.phrases.txt"
L 03/27/2026 - 18:52:37: [SM] Error (line 0, column 0): Stream failed to open
L 03/27/2026 - 18:52:40: [SM] Exception reported: Invalid convar handle 0 (error 4)
L 03/27/2026 - 18:52:40: [SM] Blaming: ÒankrunFixhealth.smx
L 03/27/2026 - 18:52:40: [SM] Call stack trace:
L 03/27/2026 - 18:52:40: [SM]   [0] GetConVarString
L 03/27/2026 - 18:52:40: [SM]   [1] Line 138, C:\Users\Moises\Downloads\Compressed\sourcemod-1.11.0-git6968-windows\addons\sourcemod\scripting\ÒankrunFixhealth.sp::IsTankRunActive
L 03/27/2026 - 18:52:40: [SM]   [2] Line 54, C:\Users\Moises\Downloads\Compressed\sourcemod-1.11.0-git6968-windows\addons\sourcemod\scripting\ÒankrunFixhealth.sp::Event_RoundStart
L 03/27/2026 - 18:52:40: [l4d2_publicity.smx] [Publicity] No se encontraron mensajes en el archivo de configuraci√≥n
L 03/27/2026 - 18:52:47: [SM] Exception reported: Invalid convar handle 0 (error 4)
L 03/27/2026 - 18:52:47: [SM] Blaming: ÒankrunFixhealth.smx
L 03/27/2026 - 18:52:47: [SM] Call stack trace:
L 03/27/2026 - 18:52:47: [SM]   [0] GetConVarString
L 03/27/2026 - 18:52:47: [SM]   [1] Line 138, C:\Users\Moises\Downloads\Compressed\sourcemod-1.11.0-git6968-windows\addons\sourcemod\scripting\ÒankrunFixhealth.sp::IsTankRunActive
L 03/27/2026 - 18:52:47: [SM]   [2] Line 36, C:\Users\Moises\Downloads\Compressed\sourcemod-1.11.0-git6968-windows\addons\sourcemod\scripting\ÒankrunFixhealth.sp::Timer_PeriodicCheck
L 03/27/2026 - 18:52:57: [SM] Exception reported: Invalid convar handle 0 (error 4)
L 03/27/2026 - 18:52:57: [SM] Blaming: ÒankrunFixhealth.smx
L 03/27/2026 - 18:52:57: [SM] Call stack trace:
L 03/27/2026 - 18:52:57: [SM]   [0] GetConVarString
L 03/27/2026 - 18:52:57: [SM]   [1] Line 138, C:\Users\Moises\Downloads\Compressed\sourcemod-1.11.0-git6968-windows\addons\sourcemod\scripting\ÒankrunFixhealth.sp::IsTankRunActive
L 03/27/2026 - 18:52:57: [SM]   [2] Line 36, C:\Users\Moises\Downloads\Compressed\sourcemod-1.11.0-git6968-windows\addons\sourcemod\scripting\ÒankrunFixhealth.sp::Timer_PeriodicCheck
L 03/27/2026 - 18:53:07: [SM] Exception reported: Invalid convar handle 0 (error 4)
L 03/27/2026 - 18:53:07: [SM] Blaming: ÒankrunFixhealth.smx
L 03/27/2026 - 18:53:07: [SM] Call stack trace:
L 03/27/2026 - 18:53:07: [SM]   [0] GetConVarString
L 03/27/2026 - 18:53:07: [SM]   [1] Line 138, C:\Users\Moises\Downloads\Compressed\sourcemod-1.11.0-git6968-windows\addons\sourcemod\scripting\ÒankrunFixhealth.sp::IsTankRunActive
L 03/27/2026 - 18:53:07: [SM]   [2] Line 36, C:\Users\Moises\Downloads\Compressed\sourcemod-1.11.0-git6968-windows\addons\sourcemod\scripting\ÒankrunFixhealth.sp::Timer_PeriodicCheck
L 03/27/2026 - 18:53:13: [SM] Exception reported: Invalid timer handle 5df0054e (error 3)
L 03/27/2026 - 18:53:13: [SM] Blaming: l4d2_playerjoining_v2.smx
L 03/27/2026 - 18:53:13: [SM] Call stack trace:
L 03/27/2026 - 18:53:13: [SM]   [0] KillTimer
L 03/27/2026 - 18:53:13: [SM]   [1] Line 53, C:\Users\Moises\Downloads\Compressed\sourcemod-1.11.0-git6968-windows\addons\sourcemod\scripting\l4d2_playerjoining_v2.sp::OnClientDisconnect
L 03/27/2026 - 18:53:13: [SM] Exception reported: Invalid timer handle d300058e (error 1)
L 03/27/2026 - 18:53:13: [SM] Blaming: l4d2_playerjoining_v2.smx
L 03/27/2026 - 18:53:13: [SM] Call stack trace:
L 03/27/2026 - 18:53:13: [SM]   [0] KillTimer
L 03/27/2026 - 18:53:13: [SM]   [1] Line 53, C:\Users\Moises\Downloads\Compressed\sourcemod-1.11.0-git6968-windows\addons\sourcemod\scripting\l4d2_playerjoining_v2.sp::OnClientDisconnect
L 03/27/2026 - 18:53:14: [SM] Exception reported: Invalid timer handle 29f00559 (error 1)
L 03/27/2026 - 18:53:14: [SM] Blaming: l4d2_playerjoining_v2.smx
L 03/27/2026 - 18:53:14: [SM] Call stack trace:
L 03/27/2026 - 18:53:14: [SM]   [0] KillTimer
L 03/27/2026 - 18:53:14: [SM]   [1] Line 53, C:\Users\Moises\Downloads\Compressed\sourcemod-1.11.0-git6968-windows\addons\sourcemod\scripting\l4d2_playerjoining_v2.sp::OnClientDisconnect
L 03/27/2026 - 18:53:21: [SM] Exception reported: Invalid convar handle 0 (error 4)
L 03/27/2026 - 18:53:21: [SM] Blaming: ÒankrunFixhealth.smx
L 03/27/2026 - 18:53:21: [SM] Call stack trace:
L 03/27/2026 - 18:53:21: [SM]   [0] GetConVarString
L 03/27/2026 - 18:53:21: [SM]   [1] Line 138, C:\Users\Moises\Downloads\Compressed\sourcemod-1.11.0-git6968-windows\addons\sourcemod\scripting\ÒankrunFixhealth.sp::IsTankRunActive
L 03/27/2026 - 18:53:21: [SM]   [2] Line 36, C:\Users\Moises\Downloads\Compressed\sourcemod-1.11.0-git6968-windows\addons\sourcemod\scripting\ÒankrunFixhealth.sp::Timer_PeriodicCheck
L 03/27/2026 - 18:53:31: [SM] Exception reported: Invalid convar handle 0 (error 4)
L 03/27/2026 - 18:53:31: [SM] Blaming: ÒankrunFixhealth.smx
L 03/27/2026 - 18:53:31: [SM] Call stack trace:
L 03/27/2026 - 18:53:31: [SM]   [0] GetConVarString
L 03/27/2026 - 18:53:31: [SM]   [1] Line 138, C:\Users\Moises\Downloads\Compressed\sourcemod-1.11.0-git6968-windows\addons\sourcemod\scripting\ÒankrunFixhealth.sp::IsTankRunActive
L 03/27/2026 - 18:53:31: [SM]   [2] Line 36, C:\Users\Moises\Downloads\Compressed\sourcemod-1.11.0-git6968-windows\addons\sourcemod\scripting\ÒankrunFixhealth.sp::Timer_PeriodicCheck
L 03/27/2026 - 18:53:41: [SM] Exception reported: Invalid convar handle 0 (error 4)
L 03/27/2026 - 18:53:41: [SM] Blaming: ÒankrunFixhealth.smx
L 03/27/2026 - 18:53:41: [SM] Call stack trace:
L 03/27/2026 - 18:53:41: [SM]   [0] GetConVarString
L 03/27/2026 - 18:53:41: [SM]   [1] Line 138, C:\Users\Moises\Downloads\Compressed\sourcemod-1.11.0-git6968-windows\addons\sourcemod\scripting\ÒankrunFixhealth.sp::IsTankRunActive
L 03/27/2026 - 18:53:41: [SM]   [2] Line 36, C:\Users\Moises\Downloads\Compressed\sourcemod-1.11.0-git6968-windows\addons\sourcemod\scripting\ÒankrunFixhealth.sp::Timer_PeriodicCheck
L 03/27/2026 - 18:53:51: [SM] Exception reported: Invalid convar handle 0 (error 4)
L 03/27/2026 - 18:53:51: [SM] Blaming: ÒankrunFixhealth.smx
L 03/27/2026 - 18:53:51: [SM] Call stack trace:
L 03/27/2026 - 18:53:51: [SM]   [0] GetConVarString
L 03/27/2026 - 18:53:51: [SM]   [1] Line 138, C:\Users\Moises\Downloads\Compressed\sourcemod-1.11.0-git6968-windows\addons\sourcemod\scripting\ÒankrunFixhealth.sp::IsTankRunActive
L 03/27/2026 - 18:53:51: [SM]   [2] Line 36, C:\Users\Moises\Downloads\Compressed\sourcemod-1.11.0-git6968-windows\addons\sourcemod\scripting\ÒankrunFixhealth.sp::Timer_PeriodicCheck
L 03/27/2026 - 18:53:52: [SM] Exception reported: Invalid convar handle 0 (error 4)
L 03/27/2026 - 18:53:52: [SM] Blaming: ÒankrunFixhealth.smx
L 03/27/2026 - 18:53:52: [SM] Call stack trace:
L 03/27/2026 - 18:53:52: [SM]   [0] GetConVarString
L 03/27/2026 - 18:53:52: [SM]   [1] Line 138, C:\Users\Moises\Downloads\Compressed\sourcemod-1.11.0-git6968-windows\addons\sourcemod\scripting\ÒankrunFixhealth.sp::IsTankRunActive
L 03/27/2026 - 18:53:52: [SM]   [2] Line 79, C:\Users\Moises\Downloads\Compressed\sourcemod-1.11.0-git6968-windows\addons\sourcemod\scripting\ÒankrunFixhealth.sp::Event_PlayerDeath
L 03/27/2026 - 18:53:59: [SM] Exception reported: Invalid convar handle 0 (error 4)
L 03/27/2026 - 18:53:59: [SM] Blaming: ÒankrunFixhealth.smx
L 03/27/2026 - 18:53:59: [SM] Call stack trace:
L 03/27/2026 - 18:53:59: [SM]   [0] GetConVarString
L 03/27/2026 - 18:53:59: [SM]   [1] Line 138, C:\Users\Moises\Downloads\Compressed\sourcemod-1.11.0-git6968-windows\addons\sourcemod\scripting\ÒankrunFixhealth.sp::IsTankRunActive
L 03/27/2026 - 18:53:59: [SM]   [2] Line 79, C:\Users\Moises\Downloads\Compressed\sourcemod-1.11.0-git6968-windows\addons\sourcemod\scripting\ÒankrunFixhealth.sp::Event_PlayerDeath
L 03/27/2026 - 18:54:00: [SM] Exception reported: Language phrase "Please wait to be revived or rescued" not found (arg 6)
L 03/27/2026 - 18:54:00: [SM] Blaming: l4dmultislots.smx
L 03/27/2026 - 18:54:00: [SM] Call stack trace:
L 03/27/2026 - 18:54:00: [SM]   [0] PrintToChat
L 03/27/2026 - 18:54:00: [SM]   [1] Line 953, d:\Github\Private-Work\L4D2-Êèí‰ª∂\scripting_1.11\l4dmultislots.sp::Timer_SpecCheck
L 03/27/2026 - 18:54:01: [SM] Exception reported: Invalid convar handle 0 (error 4)
L 03/27/2026 - 18:54:01: [SM] Blaming: ÒankrunFixhealth.smx
L 03/27/2026 - 18:54:01: [SM] Call stack trace:
L 03/27/2026 - 18:54:01: [SM]   [0] GetConVarString
L 03/27/2026 - 18:54:01: [SM]   [1] Line 138, C:\Users\Moises\Downloads\Compressed\sourcemod-1.11.0-git6968-windows\addons\sourcemod\scripting\ÒankrunFixhealth.sp::IsTankRunActive
L 03/27/2026 - 18:54:01: [SM]   [2] Line 36, C:\Users\Moises\Downloads\Compressed\sourcemod-1.11.0-git6968-windows\addons\sourcemod\scripting\ÒankrunFixhealth.sp::Timer_PeriodicCheck
L 03/27/2026 - 18:54:02: [SM] Exception reported: Invalid convar handle 0 (error 4)
L 03/27/2026 - 18:54:02: [SM] Blaming: ÒankrunFixhealth.smx
L 03/27/2026 - 18:54:02: [SM] Call stack trace:
L 03/27/2026 - 18:54:02: [SM]   [0] GetConVarString
L 03/27/2026 - 18:54:02: [SM]   [1] Line 138, C:\Users\Moises\Downloads\Compressed\sourcemod-1.11.0-git6968-windows\addons\sourcemod\scripting\ÒankrunFixhealth.sp::IsTankRunActive
L 03/27/2026 - 18:54:02: [SM]   [2] Line 79, C:\Users\Moises\Downloads\Compressed\sourcemod-1.11.0-git6968-windows\addons\sourcemod\scripting\ÒankrunFixhealth.sp::Event_PlayerDeath
L 03/27/2026 - 18:54:07: [SM] Exception reported: Invalid convar handle 0 (error 4)
L 03/27/2026 - 18:54:07: [SM] Blaming: ÒankrunFixhealth.smx
L 03/27/2026 - 18:54:07: [SM] Call stack trace:
L 03/27/2026 - 18:54:07: [SM]   [0] GetConVarString
L 03/27/2026 - 18:54:07: [SM]   [1] Line 138, C:\Users\Moises\Downloads\Compressed\sourcemod-1.11.0-git6968-windows\addons\sourcemod\scripting\ÒankrunFixhealth.sp::IsTankRunActive
L 03/27/2026 - 18:54:07: [SM]   [2] Line 79, C:\Users\Moises\Downloads\Compressed\sourcemod-1.11.0-git6968-windows\addons\sourcemod\scripting\ÒankrunFixhealth.sp::Event_PlayerDeath
L 03/27/2026 - 18:54:07: [SM] Exception reported: Invalid Handle 0 (error 4)
L 03/27/2026 - 18:54:07: [SM] Blaming: l4dafkfix.smx
L 03/27/2026 - 18:54:07: [SM] Call stack trace:
L 03/27/2026 - 18:54:07: [SM]   [0] SDKCall
L 03/27/2026 - 18:54:07: [SM]   [1] Line 235, /home/forums/content/files/4/8/2/4/5/73422.attach::TakeOverBot
L 03/27/2026 - 18:54:07: [SM]   [2] Line 148, /home/forums/content/files/4/8/2/4/5/73422.attach::Event_PlayerDeath
L 03/27/2026 - 18:54:07: [SM] Exception reported: Invalid convar handle 0 (error 4)
L 03/27/2026 - 18:54:07: [SM] Blaming: ÒankrunFixhealth.smx
L 03/27/2026 - 18:54:07: [SM] Call stack trace:
L 03/27/2026 - 18:54:07: [SM]   [0] GetConVarString
L 03/27/2026 - 18:54:07: [SM]   [1] Line 138, C:\Users\Moises\Downloads\Compressed\sourcemod-1.11.0-git6968-windows\addons\sourcemod\scripting\ÒankrunFixhealth.sp::IsTankRunActive
L 03/27/2026 - 18:54:07: [SM]   [2] Line 79, C:\Users\Moises\Downloads\Compressed\sourcemod-1.11.0-git6968-windows\addons\sourcemod\scripting\ÒankrunFixhealth.sp::Event_PlayerDeath
L 03/27/2026 - 18:54:11: [SM] Exception reported: Invalid convar handle 0 (error 4)
L 03/27/2026 - 18:54:11: [SM] Blaming: ÒankrunFixhealth.smx
L 03/27/2026 - 18:54:11: [SM] Call stack trace:
L 03/27/2026 - 18:54:11: [SM]   [0] GetConVarString
L 03/27/2026 - 18:54:11: [SM]   [1] Line 138, C:\Users\Moises\Downloads\Compressed\sourcemod-1.11.0-git6968-windows\addons\sourcemod\scripting\ÒankrunFixhealth.sp::IsTankRunActive
L 03/27/2026 - 18:54:11: [SM]   [2] Line 36, C:\Users\Moises\Downloads\Compressed\sourcemod-1.11.0-git6968-windows\addons\sourcemod\scripting\ÒankrunFixhealth.sp::Timer_PeriodicCheck
L 03/27/2026 - 18:54:21: [SM] Exception reported: Invalid convar handle 0 (error 4)
L 03/27/2026 - 18:54:21: [SM] Blaming: ÒankrunFixhealth.smx
L 03/27/2026 - 18:54:21: [SM] Call stack trace:
L 03/27/2026 - 18:54:21: [SM]   [0] GetConVarString
L 03/27/2026 - 18:54:21: [SM]   [1] Line 138, C:\Users\Moises\Downloads\Compressed\sourcemod-1.11.0-git6968-windows\addons\sourcemod\scripting\ÒankrunFixhealth.sp::IsTankRunActive
L 03/27/2026 - 18:54:21: [SM]   [2] Line 36, C:\Users\Moises\Downloads\Compressed\sourcemod-1.11.0-git6968-windows\addons\sourcemod\scripting\ÒankrunFixhealth.sp::Timer_PeriodicCheck
L 03/27/2026 - 18:54:25: [SM] Exception reported: Language phrase "Type in chat !join To join the survivors" not found (arg 6)
L 03/27/2026 - 18:54:25: [SM] Blaming: l4dmultislots.smx
L 03/27/2026 - 18:54:25: [SM] Call stack trace:
L 03/27/2026 - 18:54:25: [SM]   [0] VFormat
L 03/27/2026 - 18:54:25: [SM]   [1] Line 71, D:\Github\Private-Work\L4D2-Êèí‰ª∂\scripting_1.11\include\multicolors.inc::CPrintToChat
L 03/27/2026 - 18:54:25: [SM]   [2] Line 938, d:\Github\Private-Work\L4D2-Êèí‰ª∂\scripting_1.11\l4dmultislots.sp::Timer_SpecCheck
L 03/27/2026 - 18:54:31: [SM] Exception reported: Invalid convar handle 0 (error 4)
L 03/27/2026 - 18:54:31: [SM] Blaming: ÒankrunFixhealth.smx
L 03/27/2026 - 18:54:31: [SM] Call stack trace:
L 03/27/2026 - 18:54:31: [SM]   [0] GetConVarString
L 03/27/2026 - 18:54:31: [SM]   [1] Line 138, C:\Users\Moises\Downloads\Compressed\sourcemod-1.11.0-git6968-windows\addons\sourcemod\scripting\ÒankrunFixhealth.sp::IsTankRunActive
L 03/27/2026 - 18:54:31: [SM]   [2] Line 36, C:\Users\Moises\Downloads\Compressed\sourcemod-1.11.0-git6968-windows\addons\sourcemod\scripting\ÒankrunFixhealth.sp::Timer_PeriodicCheck
L 03/27/2026 - 18:54:41: [SM] Exception reported: Invalid convar handle 0 (error 4)
L 03/27/2026 - 18:54:41: [SM] Blaming: ÒankrunFixhealth.smx
L 03/27/2026 - 18:54:41: [SM] Call stack trace:
L 03/27/2026 - 18:54:41: [SM]   [0] GetConVarString
L 03/27/2026 - 18:54:41: [SM]   [1] Line 138, C:\Users\Moises\Downloads\Compressed\sourcemod-1.11.0-git6968-windows\addons\sourcemod\scripting\ÒankrunFixhealth.sp::IsTankRunActive
L 03/27/2026 - 18:54:41: [SM]   [2] Line 79, C:\Users\Moises\Downloads\Compressed\sourcemod-1.11.0-git6968-windows\addons\sourcemod\scripting\ÒankrunFixhealth.sp::Event_PlayerDeath
L 03/27/2026 - 18:54:41: [SM] Exception reported: Invalid convar handle 0 (error 4)
L 03/27/2026 - 18:54:41: [SM] Blaming: ÒankrunFixhealth.smx
L 03/27/2026 - 18:54:41: [SM] Call stack trace:
L 03/27/2026 - 18:54:41: [SM]   [0] GetConVarString
L 03/27/2026 - 18:54:41: [SM]   [1] Line 138, C:\Users\Moises\Downloads\Compressed\sourcemod-1.11.0-git6968-windows\addons\sourcemod\scripting\ÒankrunFixhealth.sp::IsTankRunActive
L 03/27/2026 - 18:54:41: [SM]   [2] Line 36, C:\Users\Moises\Downloads\Compressed\sourcemod-1.11.0-git6968-windows\addons\sourcemod\scripting\ÒankrunFixhealth.sp::Timer_PeriodicCheck
L 03/27/2026 - 18:54:42: [SM] Exception reported: Invalid convar handle 0 (error 4)
L 03/27/2026 - 18:54:42: [SM] Blaming: ÒankrunFixhealth.smx
L 03/27/2026 - 18:54:42: [SM] Call stack trace:
L 03/27/2026 - 18:54:42: [SM]   [0] GetConVarString
L 03/27/2026 - 18:54:42: [SM]   [1] Line 138, C:\Users\Moises\Downloads\Compressed\sourcemod-1.11.0-git6968-windows\addons\sourcemod\scripting\ÒankrunFixhealth.sp::IsTankRunActive
L 03/27/2026 - 18:54:42: [SM]   [2] Line 91, C:\Users\Moises\Downloads\Compressed\sourcemod-1.11.0-git6968-windows\addons\sourcemod\scripting\ÒankrunFixhealth.sp::Event_MissionLost
L 03/27/2026 - 18:54:49: [SM] Exception reported: Invalid convar handle 0 (error 4)
L 03/27/2026 - 18:54:49: [SM] Blaming: ÒankrunFixhealth.smx
L 03/27/2026 - 18:54:49: [SM] Call stack trace:
L 03/27/2026 - 18:54:49: [SM]   [0] GetConVarString
L 03/27/2026 - 18:54:49: [SM]   [1] Line 138, C:\Users\Moises\Downloads\Compressed\sourcemod-1.11.0-git6968-windows\addons\sourcemod\scripting\ÒankrunFixhealth.sp::IsTankRunActive
L 03/27/2026 - 18:54:49: [SM]   [2] Line 54, C:\Users\Moises\Downloads\Compressed\sourcemod-1.11.0-git6968-windows\addons\sourcemod\scripting\ÒankrunFixhealth.sp::Event_RoundStart
L 03/27/2026 - 18:54:49: [SM] Exception reported: Invalid timer handle 29f00559 (error 1)
L 03/27/2026 - 18:54:49: [SM] Blaming: l4d2_playerjoining_v2.smx
L 03/27/2026 - 18:54:49: [SM] Call stack trace:
L 03/27/2026 - 18:54:49: [SM]   [0] KillTimer
L 03/27/2026 - 18:54:49: [SM]   [1] Line 53, C:\Users\Moises\Downloads\Compressed\sourcemod-1.11.0-git6968-windows\addons\sourcemod\scripting\l4d2_playerjoining_v2.sp::OnClientDisconnect
L 03/27/2026 - 18:54:49: [SM] Exception reported: Invalid timer handle 18100595 (error 1)
L 03/27/2026 - 18:54:49: [SM] Blaming: l4d2_playerjoining_v2.smx
L 03/27/2026 - 18:54:49: [SM] Call stack trace:
L 03/27/2026 - 18:54:49: [SM]   [0] KillTimer
L 03/27/2026 - 18:54:49: [SM]   [1] Line 53, C:\Users\Moises\Downloads\Compressed\sourcemod-1.11.0-git6968-windows\addons\sourcemod\scripting\l4d2_playerjoining_v2.sp::OnClientDisconnect
L 03/27/2026 - 18:54:49: [SM] Exception reported: Invalid timer handle d300058e (error 1)
L 03/27/2026 - 18:54:49: [SM] Blaming: l4d2_playerjoining_v2.smx
L 03/27/2026 - 18:54:49: [SM] Call stack trace:
L 03/27/2026 - 18:54:49: [SM]   [0] KillTimer
L 03/27/2026 - 18:54:49: [SM]   [1] Line 53, C:\Users\Moises\Downloads\Compressed\sourcemod-1.11.0-git6968-windows\addons\sourcemod\scripting\l4d2_playerjoining_v2.sp::OnClientDisconnect
L 03/27/2026 - 18:54:52: [SM] Exception reported: Invalid convar handle 0 (error 4)
L 03/27/2026 - 18:54:52: [SM] Blaming: ÒankrunFixhealth.smx
L 03/27/2026 - 18:54:52: [SM] Call stack trace:
L 03/27/2026 - 18:54:52: [SM]   [0] GetConVarString
L 03/27/2026 - 18:54:52: [SM]   [1] Line 138, C:\Users\Moises\Downloads\Compressed\sourcemod-1.11.0-git6968-windows\addons\sourcemod\scripting\ÒankrunFixhealth.sp::IsTankRunActive
L 03/27/2026 - 18:54:52: [SM]   [2] Line 36, C:\Users\Moises\Downloads\Compressed\sourcemod-1.11.0-git6968-windows\addons\sourcemod\scripting\ÒankrunFixhealth.sp::Timer_PeriodicCheck
L 03/27/2026 - 18:54:55: [SM] Exception reported: Invalid timer handle 29f00559 (error 3)
L 03/27/2026 - 18:54:55: [SM] Blaming: l4d2_playerjoining_v2.smx
L 03/27/2026 - 18:54:55: [SM] Call stack trace:
L 03/27/2026 - 18:54:55: [SM]   [0] KillTimer
L 03/27/2026 - 18:54:55: [SM]   [1] Line 53, C:\Users\Moises\Downloads\Compressed\sourcemod-1.11.0-git6968-windows\addons\sourcemod\scripting\l4d2_playerjoining_v2.sp::OnClientDisconnect
L 03/27/2026 - 18:55:02: [SM] Exception reported: Invalid convar handle 0 (error 4)
L 03/27/2026 - 18:55:02: [SM] Blaming: ÒankrunFixhealth.smx
L 03/27/2026 - 18:55:02: [SM] Call stack trace:
L 03/27/2026 - 18:55:02: [SM]   [0] GetConVarString
L 03/27/2026 - 18:55:02: [SM]   [1] Line 138, C:\Users\Moises\Downloads\Compressed\sourcemod-1.11.0-git6968-windows\addons\sourcemod\scripting\ÒankrunFixhealth.sp::IsTankRunActive
L 03/27/2026 - 18:55:02: [SM]   [2] Line 36, C:\Users\Moises\Downloads\Compressed\sourcemod-1.11.0-git6968-windows\addons\sourcemod\scripting\ÒankrunFixhealth.sp::Timer_PeriodicCheck
L 03/27/2026 - 18:55:12: [SM] Exception reported: Invalid convar handle 0 (error 4)
L 03/27/2026 - 18:55:12: [SM] Blaming: ÒankrunFixhealth.smx
L 03/27/2026 - 18:55:12: [SM] Call stack trace:
L 03/27/2026 - 18:55:12: [SM]   [0] GetConVarString
L 03/27/2026 - 18:55:12: [SM]   [1] Line 138, C:\Users\Moises\Downloads\Compressed\sourcemod-1.11.0-git6968-windows\addons\sourcemod\scripting\ÒankrunFixhealth.sp::IsTankRunActive
L 03/27/2026 - 18:55:12: [SM]   [2] Line 36, C:\Users\Moises\Downloads\Compressed\sourcemod-1.11.0-git6968-windows\addons\sourcemod\scripting\ÒankrunFixhealth.sp::Timer_PeriodicCheck
L 03/27/2026 - 18:55:12: [SM] Exception reported: Invalid convar handle 0 (error 4)
L 03/27/2026 - 18:55:12: [SM] Blaming: ÒankrunFixhealth.smx
L 03/27/2026 - 18:55:12: [SM] Call stack trace:
L 03/27/2026 - 18:55:12: [SM]   [0] GetConVarString
L 03/27/2026 - 18:55:12: [SM]   [1] Line 138, C:\Users\Moises\Downloads\Compressed\sourcemod-1.11.0-git6968-windows\addons\sourcemod\scripting\ÒankrunFixhealth.sp::IsTankRunActive
L 03/27/2026 - 18:55:12: [SM]   [2] Line 79, C:\Users\Moises\Downloads\Compressed\sourcemod-1.11.0-git6968-windows\addons\sourcemod\scripting\ÒankrunFixhealth.sp::Event_PlayerDeath
L 03/27/2026 - 18:55:14: [SM] Exception reported: Language phrase "Please wait to be revived or rescued" not found (arg 6)
L 03/27/2026 - 18:55:14: [SM] Blaming: l4dmultislots.smx
L 03/27/2026 - 18:55:14: [SM] Call stack trace:
L 03/27/2026 - 18:55:14: [SM]   [0] PrintToChat
L 03/27/2026 - 18:55:14: [SM]   [1] Line 953, d:\Github\Private-Work\L4D2-Êèí‰ª∂\scripting_1.11\l4dmultislots.sp::Timer_SpecCheck
L 03/27/2026 - 18:55:15: [SM] Exception reported: Invalid timer handle 29f00559 (error 3)
L 03/27/2026 - 18:55:15: [SM] Blaming: l4d2_playerjoining_v2.smx
L 03/27/2026 - 18:55:15: [SM] Call stack trace:
L 03/27/2026 - 18:55:15: [SM]   [0] KillTimer
L 03/27/2026 - 18:55:15: [SM]   [1] Line 53, C:\Users\Moises\Downloads\Compressed\sourcemod-1.11.0-git6968-windows\addons\sourcemod\scripting\l4d2_playerjoining_v2.sp::OnClientDisconnect
L 03/27/2026 - 18:55:15: [SM] Exception reported: Invalid timer handle 18100595 (error 3)
L 03/27/2026 - 18:55:15: [SM] Blaming: l4d2_playerjoining_v2.smx
L 03/27/2026 - 18:55:15: [SM] Call stack trace:
L 03/27/2026 - 18:55:15: [SM]   [0] KillTimer
L 03/27/2026 - 18:55:15: [SM]   [1] Line 53, C:\Users\Moises\Downloads\Compressed\sourcemod-1.11.0-git6968-windows\addons\sourcemod\scripting\l4d2_playerjoining_v2.sp::OnClientDisconnect
L 03/27/2026 - 18:55:22: [SM] Exception reported: Invalid convar handle 0 (error 4)
L 03/27/2026 - 18:55:22: [SM] Blaming: ÒankrunFixhealth.smx
L 03/27/2026 - 18:55:22: [SM] Call stack trace:
L 03/27/2026 - 18:55:22: [SM]   [0] GetConVarString
L 03/27/2026 - 18:55:22: [SM]   [1] Line 138, C:\Users\Moises\Downloads\Compressed\sourcemod-1.11.0-git6968-windows\addons\sourcemod\scripting\ÒankrunFixhealth.sp::IsTankRunActive
L 03/27/2026 - 18:55:22: [SM]   [2] Line 36, C:\Users\Moises\Downloads\Compressed\sourcemod-1.11.0-git6968-windows\addons\sourcemod\scripting\ÒankrunFixhealth.sp::Timer_PeriodicCheck
L 03/27/2026 - 18:55:23: [SM] Exception reported: Invalid convar handle 0 (error 4)
L 03/27/2026 - 18:55:23: [SM] Blaming: ÒankrunFixhealth.smx
L 03/27/2026 - 18:55:23: [SM] Call stack trace:
L 03/27/2026 - 18:55:23: [SM]   [0] GetConVarString
L 03/27/2026 - 18:55:23: [SM]   [1] Line 138, C:\Users\Moises\Downloads\Compressed\sourcemod-1.11.0-git6968-windows\addons\sourcemod\scripting\ÒankrunFixhealth.sp::IsTankRunActive
L 03/27/2026 - 18:55:23: [SM]   [2] Line 79, C:\Users\Moises\Downloads\Compressed\sourcemod-1.11.0-git6968-windows\addons\sourcemod\scripting\ÒankrunFixhealth.sp::Event_PlayerDeath
L 03/27/2026 - 18:55:24: [SM] Exception reported: Invalid convar handle 0 (error 4)
L 03/27/2026 - 18:55:24: [SM] Blaming: ÒankrunFixhealth.smx
L 03/27/2026 - 18:55:24: [SM] Call stack trace:
L 03/27/2026 - 18:55:24: [SM]   [0] GetConVarString
L 03/27/2026 - 18:55:24: [SM]   [1] Line 138, C:\Users\Moises\Downloads\Compressed\sourcemod-1.11.0-git6968-windows\addons\sourcemod\scripting\ÒankrunFixhealth.sp::IsTankRunActive
L 03/27/2026 - 18:55:24: [SM]   [2] Line 79, C:\Users\Moises\Downloads\Compressed\sourcemod-1.11.0-git6968-windows\addons\sourcemod\scripting\ÒankrunFixhealth.sp::Event_PlayerDeath
L 03/27/2026 - 18:55:32: [SM] Exception reported: Invalid convar handle 0 (error 4)
L 03/27/2026 - 18:55:32: [SM] Blaming: ÒankrunFixhealth.smx
L 03/27/2026 - 18:55:32: [SM] Call stack trace:
L 03/27/2026 - 18:55:32: [SM]   [0] GetConVarString
L 03/27/2026 - 18:55:32: [SM]   [1] Line 138, C:\Users\Moises\Downloads\Compressed\sourcemod-1.11.0-git6968-windows\addons\sourcemod\scripting\ÒankrunFixhealth.sp::IsTankRunActive
L 03/27/2026 - 18:55:32: [SM]   [2] Line 36, C:\Users\Moises\Downloads\Compressed\sourcemod-1.11.0-git6968-windows\addons\sourcemod\scripting\ÒankrunFixhealth.sp::Timer_PeriodicCheck
L 03/27/2026 - 18:55:32: [SM] Exception reported: Invalid convar handle 0 (error 4)
L 03/27/2026 - 18:55:32: [SM] Blaming: ÒankrunFixhealth.smx
L 03/27/2026 - 18:55:32: [SM] Call stack trace:
L 03/27/2026 - 18:55:32: [SM]   [0] GetConVarString
L 03/27/2026 - 18:55:32: [SM]   [1] Line 138, C:\Users\Moises\Downloads\Compressed\sourcemod-1.11.0-git6968-windows\addons\sourcemod\scripting\ÒankrunFixhealth.sp::IsTankRunActive
L 03/27/2026 - 18:55:32: [SM]   [2] Line 79, C:\Users\Moises\Downloads\Compressed\sourcemod-1.11.0-git6968-windows\addons\sourcemod\scripting\ÒankrunFixhealth.sp::Event_PlayerDeath
L 03/27/2026 - 18:55:39: [SM] Exception reported: Invalid convar handle 0 (error 4)
L 03/27/2026 - 18:55:39: [SM] Blaming: ÒankrunFixhealth.smx
L 03/27/2026 - 18:55:39: [SM] Call stack trace:
L 03/27/2026 - 18:55:39: [SM]   [0] GetConVarString
L 03/27/2026 - 18:55:39: [SM]   [1] Line 138, C:\Users\Moises\Downloads\Compressed\sourcemod-1.11.0-git6968-windows\addons\sourcemod\scripting\ÒankrunFixhealth.sp::IsTankRunActive
L 03/27/2026 - 18:55:39: [SM]   [2] Line 79, C:\Users\Moises\Downloads\Compressed\sourcemod-1.11.0-git6968-windows\addons\sourcemod\scripting\ÒankrunFixhealth.sp::Event_PlayerDeath
L 03/27/2026 - 18:55:39: [SM] Exception reported: Language phrase "Please wait to be revived or rescued" not found (arg 6)
L 03/27/2026 - 18:55:39: [SM] Blaming: l4dmultislots.smx
L 03/27/2026 - 18:55:39: [SM] Call stack trace:
L 03/27/2026 - 18:55:39: [SM]   [0] PrintToChat
L 03/27/2026 - 18:55:39: [SM]   [1] Line 953, d:\Github\Private-Work\L4D2-Êèí‰ª∂\scripting_1.11\l4dmultislots.sp::Timer_SpecCheck
L 03/27/2026 - 18:55:40: [SM] Exception reported: Invalid convar handle 0 (error 4)
L 03/27/2026 - 18:55:40: [SM] Blaming: ÒankrunFixhealth.smx
L 03/27/2026 - 18:55:40: [SM] Call stack trace:
L 03/27/2026 - 18:55:40: [SM]   [0] GetConVarString
L 03/27/2026 - 18:55:40: [SM]   [1] Line 138, C:\Users\Moises\Downloads\Compressed\sourcemod-1.11.0-git6968-windows\addons\sourcemod\scripting\ÒankrunFixhealth.sp::IsTankRunActive
L 03/27/2026 - 18:55:40: [SM]   [2] Line 79, C:\Users\Moises\Downloads\Compressed\sourcemod-1.11.0-git6968-windows\addons\sourcemod\scripting\ÒankrunFixhealth.sp::Event_PlayerDeath
L 03/27/2026 - 18:55:42: [SM] Exception reported: Invalid convar handle 0 (error 4)
L 03/27/2026 - 18:55:42: [SM] Blaming: ÒankrunFixhealth.smx
L 03/27/2026 - 18:55:42: [SM] Call stack trace:
L 03/27/2026 - 18:55:42: [SM]   [0] GetConVarString
L 03/27/2026 - 18:55:42: [SM]   [1] Line 138, C:\Users\Moises\Downloads\Compressed\sourcemod-1.11.0-git6968-windows\addons\sourcemod\scripting\ÒankrunFixhealth.sp::IsTankRunActive
L 03/27/2026 - 18:55:42: [SM]   [2] Line 36, C:\Users\Moises\Downloads\Compressed\sourcemod-1.11.0-git6968-windows\addons\sourcemod\scripting\ÒankrunFixhealth.sp::Timer_PeriodicCheck
L 03/27/2026 - 18:55:44: [SM] Exception reported: Invalid convar handle 0 (error 4)
L 03/27/2026 - 18:55:44: [SM] Blaming: ÒankrunFixhealth.smx
L 03/27/2026 - 18:55:44: [SM] Call stack trace:
L 03/27/2026 - 18:55:44: [SM]   [0] GetConVarString
L 03/27/2026 - 18:55:44: [SM]   [1] Line 138, C:\Users\Moises\Downloads\Compressed\sourcemod-1.11.0-git6968-windows\addons\sourcemod\scripting\ÒankrunFixhealth.sp::IsTankRunActive
L 03/27/2026 - 18:55:44: [SM]   [2] Line 79, C:\Users\Moises\Downloads\Compressed\sourcemod-1.11.0-git6968-windows\addons\sourcemod\scripting\ÒankrunFixhealth.sp::Event_PlayerDeath
L 03/27/2026 - 18:55:52: [SM] Exception reported: Invalid convar handle 0 (error 4)
L 03/27/2026 - 18:55:52: [SM] Blaming: ÒankrunFixhealth.smx
L 03/27/2026 - 18:55:52: [SM] Call stack trace:
L 03/27/2026 - 18:55:52: [SM]   [0] GetConVarString
L 03/27/2026 - 18:55:52: [SM]   [1] Line 138, C:\Users\Moises\Downloads\Compressed\sourcemod-1.11.0-git6968-windows\addons\sourcemod\scripting\ÒankrunFixhealth.sp::IsTankRunActive
L 03/27/2026 - 18:55:52: [SM]   [2] Line 36, C:\Users\Moises\Downloads\Compressed\sourcemod-1.11.0-git6968-windows\addons\sourcemod\scripting\ÒankrunFixhealth.sp::Timer_PeriodicCheck
L 03/27/2026 - 18:56:00: [SM] Exception reported: Invalid convar handle 0 (error 4)
L 03/27/2026 - 18:56:00: [SM] Blaming: ÒankrunFixhealth.smx
L 03/27/2026 - 18:56:00: [SM] Call stack trace:
L 03/27/2026 - 18:56:00: [SM]   [0] GetConVarString
L 03/27/2026 - 18:56:00: [SM]   [1] Line 138, C:\Users\Moises\Downloads\Compressed\sourcemod-1.11.0-git6968-windows\addons\sourcemod\scripting\ÒankrunFixhealth.sp::IsTankRunActive
L 03/27/2026 - 18:56:00: [SM]   [2] Line 79, C:\Users\Moises\Downloads\Compressed\sourcemod-1.11.0-git6968-windows\addons\sourcemod\scripting\ÒankrunFixhealth.sp::Event_PlayerDeath
L 03/27/2026 - 18:56:01: [SM] Exception reported: Invalid convar handle 0 (error 4)
L 03/27/2026 - 18:56:01: [SM] Blaming: ÒankrunFixhealth.smx
L 03/27/2026 - 18:56:01: [SM] Call stack trace:
L 03/27/2026 - 18:56:01: [SM]   [0] GetConVarString
L 03/27/2026 - 18:56:01: [SM]   [1] Line 138, C:\Users\Moises\Downloads\Compressed\sourcemod-1.11.0-git6968-windows\addons\sourcemod\scripting\ÒankrunFixhealth.sp::IsTankRunActive
L 03/27/2026 - 18:56:01: [SM]   [2] Line 91, C:\Users\Moises\Downloads\Compressed\sourcemod-1.11.0-git6968-windows\addons\sourcemod\scripting\ÒankrunFixhealth.sp::Event_MissionLost
L 03/27/2026 - 18:56:02: [SM] Exception reported: Invalid convar handle 0 (error 4)
L 03/27/2026 - 18:56:02: [SM] Blaming: ÒankrunFixhealth.smx
L 03/27/2026 - 18:56:02: [SM] Call stack trace:
L 03/27/2026 - 18:56:02: [SM]   [0] GetConVarString
L 03/27/2026 - 18:56:02: [SM]   [1] Line 138, C:\Users\Moises\Downloads\Compressed\sourcemod-1.11.0-git6968-windows\addons\sourcemod\scripting\ÒankrunFixhealth.sp::IsTankRunActive
L 03/27/2026 - 18:56:02: [SM]   [2] Line 36, C:\Users\Moises\Downloads\Compressed\sourcemod-1.11.0-git6968-windows\addons\sourcemod\scripting\ÒankrunFixhealth.sp::Timer_PeriodicCheck
L 03/27/2026 - 18:56:08: [SM] Exception reported: Invalid convar handle 0 (error 4)
L 03/27/2026 - 18:56:08: [SM] Blaming: ÒankrunFixhealth.smx
L 03/27/2026 - 18:56:08: [SM] Call stack trace:
L 03/27/2026 - 18:56:08: [SM]   [0] GetConVarString
L 03/27/2026 - 18:56:08: [SM]   [1] Line 138, C:\Users\Moises\Downloads\Compressed\sourcemod-1.11.0-git6968-windows\addons\sourcemod\scripting\ÒankrunFixhealth.sp::IsTankRunActive
L 03/27/2026 - 18:56:08: [SM]   [2] Line 54, C:\Users\Moises\Downloads\Compressed\sourcemod-1.11.0-git6968-windows\addons\sourcemod\scripting\ÒankrunFixhealth.sp::Event_RoundStart
L 03/27/2026 - 18:56:08: [SM] Exception reported: Invalid timer handle 18100595 (error 1)
L 03/27/2026 - 18:56:08: [SM] Blaming: l4d2_playerjoining_v2.smx
L 03/27/2026 - 18:56:08: [SM] Call stack trace:
L 03/27/2026 - 18:56:08: [SM]   [0] KillTimer
L 03/27/2026 - 18:56:08: [SM]   [1] Line 53, C:\Users\Moises\Downloads\Compressed\sourcemod-1.11.0-git6968-windows\addons\sourcemod\scripting\l4d2_playerjoining_v2.sp::OnClientDisconnect
L 03/27/2026 - 18:56:08: [SM] Exception reported: Invalid timer handle 4c700565 (error 1)
L 03/27/2026 - 18:56:08: [SM] Blaming: l4d2_playerjoining_v2.smx
L 03/27/2026 - 18:56:08: [SM] Call stack trace:
L 03/27/2026 - 18:56:08: [SM]   [0] KillTimer
L 03/27/2026 - 18:56:08: [SM]   [1] Line 53, C:\Users\Moises\Downloads\Compressed\sourcemod-1.11.0-git6968-windows\addons\sourcemod\scripting\l4d2_playerjoining_v2.sp::OnClientDisconnect
L 03/27/2026 - 18:56:08: [SM] Exception reported: Invalid timer handle 29f00559 (error 1)
L 03/27/2026 - 18:56:08: [SM] Blaming: l4d2_playerjoining_v2.smx
L 03/27/2026 - 18:56:08: [SM] Call stack trace:
L 03/27/2026 - 18:56:08: [SM]   [0] KillTimer
L 03/27/2026 - 18:56:08: [SM]   [1] Line 53, C:\Users\Moises\Downloads\Compressed\sourcemod-1.11.0-git6968-windows\addons\sourcemod\scripting\l4d2_playerjoining_v2.sp::OnClientDisconnect
L 03/27/2026 - 18:56:08: [SM] Exception reported: Invalid timer handle d300058e (error 1)
L 03/27/2026 - 18:56:08: [SM] Blaming: l4d2_playerjoining_v2.smx
L 03/27/2026 - 18:56:08: [SM] Call stack trace:
L 03/27/2026 - 18:56:08: [SM]   [0] KillTimer
L 03/27/2026 - 18:56:08: [SM]   [1] Line 53, C:\Users\Moises\Downloads\Compressed\sourcemod-1.11.0-git6968-windows\addons\sourcemod\scripting\l4d2_playerjoining_v2.sp::OnClientDisconnect
L 03/27/2026 - 18:56:12: [SM] Exception reported: Invalid convar handle 0 (error 4)
L 03/27/2026 - 18:56:12: [SM] Blaming: ÒankrunFixhealth.smx
L 03/27/2026 - 18:56:12: [SM] Call stack trace:
L 03/27/2026 - 18:56:12: [SM]   [0] GetConVarString
L 03/27/2026 - 18:56:12: [SM]   [1] Line 138, C:\Users\Moises\Downloads\Compressed\sourcemod-1.11.0-git6968-windows\addons\sourcemod\scripting\ÒankrunFixhealth.sp::IsTankRunActive
L 03/27/2026 - 18:56:12: [SM]   [2] Line 36, C:\Users\Moises\Downloads\Compressed\sourcemod-1.11.0-git6968-windows\addons\sourcemod\scripting\ÒankrunFixhealth.sp::Timer_PeriodicCheck
L 03/27/2026 - 18:56:21: [SM] Exception reported: Invalid convar handle 0 (error 4)
L 03/27/2026 - 18:56:21: [SM] Blaming: ÒankrunFixhealth.smx
L 03/27/2026 - 18:56:21: [SM] Call stack trace:
L 03/27/2026 - 18:56:21: [SM]   [0] GetConVarString
L 03/27/2026 - 18:56:21: [SM]   [1] Line 138, C:\Users\Moises\Downloads\Compressed\sourcemod-1.11.0-git6968-windows\addons\sourcemod\scripting\ÒankrunFixhealth.sp::IsTankRunActive
L 03/27/2026 - 18:56:21: [SM]   [2] Line 79, C:\Users\Moises\Downloads\Compressed\sourcemod-1.11.0-git6968-windows\addons\sourcemod\scripting\ÒankrunFixhealth.sp::Event_PlayerDeath
L 03/27/2026 - 18:56:22: [SM] Exception reported: Invalid convar handle 0 (error 4)
L 03/27/2026 - 18:56:22: [SM] Blaming: ÒankrunFixhealth.smx
L 03/27/2026 - 18:56:22: [SM] Call stack trace:
L 03/27/2026 - 18:56:22: [SM]   [0] GetConVarString
L 03/27/2026 - 18:56:22: [SM]   [1] Line 138, C:\Users\Moises\Downloads\Compressed\sourcemod-1.11.0-git6968-windows\addons\sourcemod\scripting\ÒankrunFixhealth.sp::IsTankRunActive
L 03/27/2026 - 18:56:22: [SM]   [2] Line 36, C:\Users\Moises\Downloads\Compressed\sourcemod-1.11.0-git6968-windows\addons\sourcemod\scripting\ÒankrunFixhealth.sp::Timer_PeriodicCheck
L 03/27/2026 - 18:56:24: [SM] Exception reported: Invalid convar handle 0 (error 4)
L 03/27/2026 - 18:56:24: [SM] Blaming: ÒankrunFixhealth.smx
L 03/27/2026 - 18:56:24: [SM] Call stack trace:
L 03/27/2026 - 18:56:24: [SM]   [0] GetConVarString
L 03/27/2026 - 18:56:24: [SM]   [1] Line 138, C:\Users\Moises\Downloads\Compressed\sourcemod-1.11.0-git6968-windows\addons\sourcemod\scripting\ÒankrunFixhealth.sp::IsTankRunActive
L 03/27/2026 - 18:56:24: [SM]   [2] Line 79, C:\Users\Moises\Downloads\Compressed\sourcemod-1.11.0-git6968-windows\addons\sourcemod\scripting\ÒankrunFixhealth.sp::Event_PlayerDeath
L 03/27/2026 - 18:56:32: [SM] Exception reported: Invalid convar handle 0 (error 4)
L 03/27/2026 - 18:56:32: [SM] Blaming: ÒankrunFixhealth.smx
L 03/27/2026 - 18:56:32: [SM] Call stack trace:
L 03/27/2026 - 18:56:32: [SM]   [0] GetConVarString
L 03/27/2026 - 18:56:32: [SM]   [1] Line 138, C:\Users\Moises\Downloads\Compressed\sourcemod-1.11.0-git6968-windows\addons\sourcemod\scripting\ÒankrunFixhealth.sp::IsTankRunActive
L 03/27/2026 - 18:56:32: [SM]   [2] Line 36, C:\Users\Moises\Downloads\Compressed\sourcemod-1.11.0-git6968-windows\addons\sourcemod\scripting\ÒankrunFixhealth.sp::Timer_PeriodicCheck
L 03/27/2026 - 18:56:34: [SM] Exception reported: Language phrase "Please wait to be revived or rescued" not found (arg 6)
L 03/27/2026 - 18:56:34: [SM] Blaming: l4dmultislots.smx
L 03/27/2026 - 18:56:34: [SM] Call stack trace:
L 03/27/2026 - 18:56:34: [SM]   [0] PrintToChat
L 03/27/2026 - 18:56:34: [SM]   [1] Line 953, d:\Github\Private-Work\L4D2-Êèí‰ª∂\scripting_1.11\l4dmultislots.sp::Timer_SpecCheck
L 03/27/2026 - 18:56:37: [SM] Exception reported: Invalid convar handle 0 (error 4)
L 03/27/2026 - 18:56:37: [SM] Blaming: ÒankrunFixhealth.smx
L 03/27/2026 - 18:56:37: [SM] Call stack trace:
L 03/27/2026 - 18:56:37: [SM]   [0] GetConVarString
L 03/27/2026 - 18:56:37: [SM]   [1] Line 138, C:\Users\Moises\Downloads\Compressed\sourcemod-1.11.0-git6968-windows\addons\sourcemod\scripting\ÒankrunFixhealth.sp::IsTankRunActive
L 03/27/2026 - 18:56:37: [SM]   [2] Line 79, C:\Users\Moises\Downloads\Compressed\sourcemod-1.11.0-git6968-windows\addons\sourcemod\scripting\ÒankrunFixhealth.sp::Event_PlayerDeath
L 03/27/2026 - 18:56:42: [SM] Exception reported: Invalid convar handle 0 (error 4)
L 03/27/2026 - 18:56:42: [SM] Blaming: ÒankrunFixhealth.smx
L 03/27/2026 - 18:56:42: [SM] Call stack trace:
L 03/27/2026 - 18:56:42: [SM]   [0] GetConVarString
L 03/27/2026 - 18:56:42: [SM]   [1] Line 138, C:\Users\Moises\Downloads\Compressed\sourcemod-1.11.0-git6968-windows\addons\sourcemod\scripting\ÒankrunFixhealth.sp::IsTankRunActive
L 03/27/2026 - 18:56:42: [SM]   [2] Line 36, C:\Users\Moises\Downloads\Compressed\sourcemod-1.11.0-git6968-windows\addons\sourcemod\scripting\ÒankrunFixhealth.sp::Timer_PeriodicCheck
L 03/27/2026 - 18:56:52: [SM] Exception reported: Invalid convar handle 0 (error 4)
L 03/27/2026 - 18:56:52: [SM] Blaming: ÒankrunFixhealth.smx
L 03/27/2026 - 18:56:52: [SM] Call stack trace:
L 03/27/2026 - 18:56:52: [SM]   [0] GetConVarString
L 03/27/2026 - 18:56:52: [SM]   [1] Line 138, C:\Users\Moises\Downloads\Compressed\sourcemod-1.11.0-git6968-windows\addons\sourcemod\scripting\ÒankrunFixhealth.sp::IsTankRunActive
L 03/27/2026 - 18:56:52: [SM]   [2] Line 36, C:\Users\Moises\Downloads\Compressed\sourcemod-1.11.0-git6968-windows\addons\sourcemod\scripting\ÒankrunFixhealth.sp::Timer_PeriodicCheck
L 03/27/2026 - 18:56:54: [SM] Exception reported: Invalid timer handle 4c700565 (error 3)
L 03/27/2026 - 18:56:54: [SM] Blaming: l4d2_playerjoining_v2.smx
L 03/27/2026 - 18:56:54: [SM] Call stack trace:
L 03/27/2026 - 18:56:54: [SM]   [0] KillTimer
L 03/27/2026 - 18:56:54: [SM]   [1] Line 53, C:\Users\Moises\Downloads\Compressed\sourcemod-1.11.0-git6968-windows\addons\sourcemod\scripting\l4d2_playerjoining_v2.sp::OnClientDisconnect
L 03/27/2026 - 18:56:59: [SM] Exception reported: Language phrase "Please wait to be revived or rescued" not found (arg 6)
L 03/27/2026 - 18:56:59: [SM] Blaming: l4dmultislots.smx
L 03/27/2026 - 18:56:59: [SM] Call stack trace:
L 03/27/2026 - 18:56:59: [SM]   [0] PrintToChat
L 03/27/2026 - 18:56:59: [SM]   [1] Line 953, d:\Github\Private-Work\L4D2-Êèí‰ª∂\scripting_1.11\l4dmultislots.sp::Timer_SpecCheck
L 03/27/2026 - 18:57:02: [SM] Exception reported: Invalid convar handle 0 (error 4)
L 03/27/2026 - 18:57:02: [SM] Blaming: ÒankrunFixhealth.smx
L 03/27/2026 - 18:57:02: [SM] Call stack trace:
L 03/27/2026 - 18:57:02: [SM]   [0] GetConVarString
L 03/27/2026 - 18:57:02: [SM]   [1] Line 138, C:\Users\Moises\Downloads\Compressed\sourcemod-1.11.0-git6968-windows\addons\sourcemod\scripting\ÒankrunFixhealth.sp::IsTankRunActive
L 03/27/2026 - 18:57:02: [SM]   [2] Line 36, C:\Users\Moises\Downloads\Compressed\sourcemod-1.11.0-git6968-windows\addons\sourcemod\scripting\ÒankrunFixhealth.sp::Timer_PeriodicCheck
L 03/27/2026 - 18:57:03: [SM] Exception reported: Property "m_vecAngularVelocity" not found (entity 149/weapon_pumpshotgun)
L 03/27/2026 - 18:57:03: [SM] Blaming: l4d2_tank_core v4_5.smx
L 03/27/2026 - 18:57:03: [SM] Call stack trace:
L 03/27/2026 - 18:57:03: [SM]   [0] SetEntPropVector
L 03/27/2026 - 18:57:03: [SM]   [1] Line 650, D:\SteamLibrary\steamapps\common\Left 4 Dead 2\left4dead2\addons\sourcemod\scripting\l4d2_tank_core v4_5.sp::DropItemsPhysically
L 03/27/2026 - 18:57:03: [SM]   [2] Line 549, D:\SteamLibrary\steamapps\common\Left 4 Dead 2\left4dead2\addons\sourcemod\scripting\l4d2_tank_core v4_5.sp::Event_PlayerHurt
L 03/27/2026 - 18:57:05: [SM] Exception reported: Invalid Handle 0 (error 4)
L 03/27/2026 - 18:57:05: [SM] Blaming: l4dafkfix.smx
L 03/27/2026 - 18:57:05: [SM] Call stack trace:
L 03/27/2026 - 18:57:05: [SM]   [0] SDKCall
L 03/27/2026 - 18:57:05: [SM]   [1] Line 194, /home/forums/content/files/4/8/2/4/5/73422.attach::SetHumanIdle
L 03/27/2026 - 18:57:05: [SM]   [2] Line 172, /home/forums/content/files/4/8/2/4/5/73422.attach::Timer_ActivateFix
L 03/27/2026 - 18:57:08: [SM] Exception reported: Invalid convar handle 0 (error 4)
L 03/27/2026 - 18:57:08: [SM] Blaming: ÒankrunFixhealth.smx
L 03/27/2026 - 18:57:08: [SM] Call stack trace:
L 03/27/2026 - 18:57:08: [SM]   [0] GetConVarString
L 03/27/2026 - 18:57:08: [SM]   [1] Line 138, C:\Users\Moises\Downloads\Compressed\sourcemod-1.11.0-git6968-windows\addons\sourcemod\scripting\ÒankrunFixhealth.sp::IsTankRunActive
L 03/27/2026 - 18:57:08: [SM]   [2] Line 79, C:\Users\Moises\Downloads\Compressed\sourcemod-1.11.0-git6968-windows\addons\sourcemod\scripting\ÒankrunFixhealth.sp::Event_PlayerDeath
L 03/27/2026 - 18:57:08: [SM] Exception reported: Invalid timer handle 18100595 (error 3)
L 03/27/2026 - 18:57:08: [SM] Blaming: l4d2_playerjoining_v2.smx
L 03/27/2026 - 18:57:08: [SM] Call stack trace:
L 03/27/2026 - 18:57:08: [SM]   [0] KillTimer
L 03/27/2026 - 18:57:08: [SM]   [1] Line 53, C:\Users\Moises\Downloads\Compressed\sourcemod-1.11.0-git6968-windows\addons\sourcemod\scripting\l4d2_playerjoining_v2.sp::OnClientDisconnect
L 03/27/2026 - 18:57:12: [SM] Exception reported: Invalid convar handle 0 (error 4)
L 03/27/2026 - 18:57:12: [SM] Blaming: ÒankrunFixhealth.smx
L 03/27/2026 - 18:57:12: [SM] Call stack trace:
L 03/27/2026 - 18:57:12: [SM]   [0] GetConVarString
L 03/27/2026 - 18:57:12: [SM]   [1] Line 138, C:\Users\Moises\Downloads\Compressed\sourcemod-1.11.0-git6968-windows\addons\sourcemod\scripting\ÒankrunFixhealth.sp::IsTankRunActive
L 03/27/2026 - 18:57:12: [SM]   [2] Line 36, C:\Users\Moises\Downloads\Compressed\sourcemod-1.11.0-git6968-windows\addons\sourcemod\scripting\ÒankrunFixhealth.sp::Timer_PeriodicCheck
L 03/27/2026 - 18:57:22: [SM] Exception reported: Invalid convar handle 0 (error 4)
L 03/27/2026 - 18:57:22: [SM] Blaming: ÒankrunFixhealth.smx
L 03/27/2026 - 18:57:22: [SM] Call stack trace:
L 03/27/2026 - 18:57:22: [SM]   [0] GetConVarString
L 03/27/2026 - 18:57:22: [SM]   [1] Line 138, C:\Users\Moises\Downloads\Compressed\sourcemod-1.11.0-git6968-windows\addons\sourcemod\scripting\ÒankrunFixhealth.sp::IsTankRunActive
L 03/27/2026 - 18:57:22: [SM]   [2] Line 36, C:\Users\Moises\Downloads\Compressed\sourcemod-1.11.0-git6968-windows\addons\sourcemod\scripting\ÒankrunFixhealth.sp::Timer_PeriodicCheck
L 03/27/2026 - 18:57:24: [SM] Exception reported: Language phrase "Please wait to be revived or rescued" not found (arg 6)
L 03/27/2026 - 18:57:24: [SM] Blaming: l4dmultislots.smx
L 03/27/2026 - 18:57:24: [SM] Call stack trace:
L 03/27/2026 - 18:57:24: [SM]   [0] PrintToChat
L 03/27/2026 - 18:57:24: [SM]   [1] Line 953, d:\Github\Private-Work\L4D2-Êèí‰ª∂\scripting_1.11\l4dmultislots.sp::Timer_SpecCheck
L 03/27/2026 - 18:57:31: [SM] Exception reported: Invalid convar handle 0 (error 4)
L 03/27/2026 - 18:57:31: [SM] Blaming: ÒankrunFixhealth.smx
L 03/27/2026 - 18:57:31: [SM] Call stack trace:
L 03/27/2026 - 18:57:31: [SM]   [0] GetConVarString
L 03/27/2026 - 18:57:31: [SM]   [1] Line 138, C:\Users\Moises\Downloads\Compressed\sourcemod-1.11.0-git6968-windows\addons\sourcemod\scripting\ÒankrunFixhealth.sp::IsTankRunActive
L 03/27/2026 - 18:57:31: [SM]   [2] Line 79, C:\Users\Moises\Downloads\Compressed\sourcemod-1.11.0-git6968-windows\addons\sourcemod\scripting\ÒankrunFixhealth.sp::Event_PlayerDeath
L 03/27/2026 - 18:57:32: [SM] Exception reported: Invalid convar handle 0 (error 4)
L 03/27/2026 - 18:57:32: [SM] Blaming: ÒankrunFixhealth.smx
L 03/27/2026 - 18:57:32: [SM] Call stack trace:
L 03/27/2026 - 18:57:32: [SM]   [0] GetConVarString
L 03/27/2026 - 18:57:32: [SM]   [1] Line 138, C:\Users\Moises\Downloads\Compressed\sourcemod-1.11.0-git6968-windows\addons\sourcemod\scripting\ÒankrunFixhealth.sp::IsTankRunActive
L 03/27/2026 - 18:57:32: [SM]   [2] Line 36, C:\Users\Moises\Downloads\Compressed\sourcemod-1.11.0-git6968-windows\addons\sourcemod\scripting\ÒankrunFixhealth.sp::Timer_PeriodicCheck
L 03/27/2026 - 18:57:39: [SM] Exception reported: Invalid convar handle 0 (error 4)
L 03/27/2026 - 18:57:39: [SM] Blaming: ÒankrunFixhealth.smx
L 03/27/2026 - 18:57:39: [SM] Call stack trace:
L 03/27/2026 - 18:57:39: [SM]   [0] GetConVarString
L 03/27/2026 - 18:57:39: [SM]   [1] Line 138, C:\Users\Moises\Downloads\Compressed\sourcemod-1.11.0-git6968-windows\addons\sourcemod\scripting\ÒankrunFixhealth.sp::IsTankRunActive
L 03/27/2026 - 18:57:39: [SM]   [2] Line 79, C:\Users\Moises\Downloads\Compressed\sourcemod-1.11.0-git6968-windows\addons\sourcemod\scripting\ÒankrunFixhealth.sp::Event_PlayerDeath
L 03/27/2026 - 18:57:42: [SM] Exception reported: Invalid convar handle 0 (error 4)
L 03/27/2026 - 18:57:42: [SM] Blaming: ÒankrunFixhealth.smx
L 03/27/2026 - 18:57:42: [SM] Call stack trace:
L 03/27/2026 - 18:57:42: [SM]   [0] GetConVarString
L 03/27/2026 - 18:57:42: [SM]   [1] Line 138, C:\Users\Moises\Downloads\Compressed\sourcemod-1.11.0-git6968-windows\addons\sourcemod\scripting\ÒankrunFixhealth.sp::IsTankRunActive
L 03/27/2026 - 18:57:42: [SM]   [2] Line 36, C:\Users\Moises\Downloads\Compressed\sourcemod-1.11.0-git6968-windows\addons\sourcemod\scripting\ÒankrunFixhealth.sp::Timer_PeriodicCheck
L 03/27/2026 - 18:57:49: [SM] Exception reported: Language phrase "Please wait to be revived or rescued" not found (arg 6)
L 03/27/2026 - 18:57:49: [SM] Blaming: l4dmultislots.smx
L 03/27/2026 - 18:57:49: [SM] Call stack trace:
L 03/27/2026 - 18:57:49: [SM]   [0] PrintToChat
L 03/27/2026 - 18:57:49: [SM]   [1] Line 953, d:\Github\Private-Work\L4D2-Êèí‰ª∂\scripting_1.11\l4dmultislots.sp::Timer_SpecCheck
L 03/27/2026 - 18:57:52: [SM] Exception reported: Invalid convar handle 0 (error 4)
L 03/27/2026 - 18:57:52: [SM] Blaming: ÒankrunFixhealth.smx
L 03/27/2026 - 18:57:52: [SM] Call stack trace:
L 03/27/2026 - 18:57:52: [SM]   [0] GetConVarString
L 03/27/2026 - 18:57:52: [SM]   [1] Line 138, C:\Users\Moises\Downloads\Compressed\sourcemod-1.11.0-git6968-windows\addons\sourcemod\scripting\ÒankrunFixhealth.sp::IsTankRunActive
L 03/27/2026 - 18:57:52: [SM]   [2] Line 36, C:\Users\Moises\Downloads\Compressed\sourcemod-1.11.0-git6968-windows\addons\sourcemod\scripting\ÒankrunFixhealth.sp::Timer_PeriodicCheck
L 03/27/2026 - 18:57:56: [SM] Exception reported: Property "m_vecAngularVelocity" not found (entity 190/weapon_autoshotgun)
L 03/27/2026 - 18:57:56: [SM] Blaming: l4d2_tank_core v4_5.smx
L 03/27/2026 - 18:57:56: [SM] Call stack trace:
L 03/27/2026 - 18:57:56: [SM]   [0] SetEntPropVector
L 03/27/2026 - 18:57:56: [SM]   [1] Line 650, D:\SteamLibrary\steamapps\common\Left 4 Dead 2\left4dead2\addons\sourcemod\scripting\l4d2_tank_core v4_5.sp::DropItemsPhysically
L 03/27/2026 - 18:57:56: [SM]   [2] Line 549, D:\SteamLibrary\steamapps\common\Left 4 Dead 2\left4dead2\addons\sourcemod\scripting\l4d2_tank_core v4_5.sp::Event_PlayerHurt
L 03/27/2026 - 18:58:00: [SM] Exception reported: Invalid convar handle 0 (error 4)
L 03/27/2026 - 18:58:00: [SM] Blaming: ÒankrunFixhealth.smx
L 03/27/2026 - 18:58:00: [SM] Call stack trace:
L 03/27/2026 - 18:58:00: [SM]   [0] GetConVarString
L 03/27/2026 - 18:58:00: [SM]   [1] Line 138, C:\Users\Moises\Downloads\Compressed\sourcemod-1.11.0-git6968-windows\addons\sourcemod\scripting\ÒankrunFixhealth.sp::IsTankRunActive
L 03/27/2026 - 18:58:00: [SM]   [2] Line 79, C:\Users\Moises\Downloads\Compressed\sourcemod-1.11.0-git6968-windows\addons\sourcemod\scripting\ÒankrunFixhealth.sp::Event_PlayerDeath
L 03/27/2026 - 18:58:00: [SM] Exception reported: Invalid convar handle 0 (error 4)
L 03/27/2026 - 18:58:00: [SM] Blaming: ÒankrunFixhealth.smx
L 03/27/2026 - 18:58:00: [SM] Call stack trace:
L 03/27/2026 - 18:58:00: [SM]   [0] GetConVarString
L 03/27/2026 - 18:58:00: [SM]   [1] Line 138, C:\Users\Moises\Downloads\Compressed\sourcemod-1.11.0-git6968-windows\addons\sourcemod\scripting\ÒankrunFixhealth.sp::IsTankRunActive
L 03/27/2026 - 18:58:00: [SM]   [2] Line 91, C:\Users\Moises\Downloads\Compressed\sourcemod-1.11.0-git6968-windows\addons\sourcemod\scripting\ÒankrunFixhealth.sp::Event_MissionLost
L 03/27/2026 - 18:58:02: [SM] Exception reported: Invalid convar handle 0 (error 4)
L 03/27/2026 - 18:58:02: [SM] Blaming: ÒankrunFixhealth.smx
L 03/27/2026 - 18:58:02: [SM] Call stack trace:
L 03/27/2026 - 18:58:02: [SM]   [0] GetConVarString
L 03/27/2026 - 18:58:02: [SM]   [1] Line 138, C:\Users\Moises\Downloads\Compressed\sourcemod-1.11.0-git6968-windows\addons\sourcemod\scripting\ÒankrunFixhealth.sp::IsTankRunActive
L 03/27/2026 - 18:58:02: [SM]   [2] Line 36, C:\Users\Moises\Downloads\Compressed\sourcemod-1.11.0-git6968-windows\addons\sourcemod\scripting\ÒankrunFixhealth.sp::Timer_PeriodicCheck
L 03/27/2026 - 18:58:07: [SM] Exception reported: Invalid convar handle 0 (error 4)
L 03/27/2026 - 18:58:07: [SM] Blaming: ÒankrunFixhealth.smx
L 03/27/2026 - 18:58:07: [SM] Call stack trace:
L 03/27/2026 - 18:58:07: [SM]   [0] GetConVarString
L 03/27/2026 - 18:58:07: [SM]   [1] Line 138, C:\Users\Moises\Downloads\Compressed\sourcemod-1.11.0-git6968-windows\addons\sourcemod\scripting\ÒankrunFixhealth.sp::IsTankRunActive
L 03/27/2026 - 18:58:07: [SM]   [2] Line 54, C:\Users\Moises\Downloads\Compressed\sourcemod-1.11.0-git6968-windows\addons\sourcemod\scripting\ÒankrunFixhealth.sp::Event_RoundStart
L 03/27/2026 - 18:58:08: [SM] Exception reported: Invalid timer handle 18100595 (error 1)
L 03/27/2026 - 18:58:08: [SM] Blaming: l4d2_playerjoining_v2.smx
L 03/27/2026 - 18:58:08: [SM] Call stack trace:
L 03/27/2026 - 18:58:08: [SM]   [0] KillTimer
L 03/27/2026 - 18:58:08: [SM]   [1] Line 53, C:\Users\Moises\Downloads\Compressed\sourcemod-1.11.0-git6968-windows\addons\sourcemod\scripting\l4d2_playerjoining_v2.sp::OnClientDisconnect
L 03/27/2026 - 18:58:08: [SM] Exception reported: Invalid timer handle d300058e (error 1)
L 03/27/2026 - 18:58:08: [SM] Blaming: l4d2_playerjoining_v2.smx
L 03/27/2026 - 18:58:08: [SM] Call stack trace:
L 03/27/2026 - 18:58:08: [SM]   [0] KillTimer
L 03/27/2026 - 18:58:08: [SM]   [1] Line 53, C:\Users\Moises\Downloads\Compressed\sourcemod-1.11.0-git6968-windows\addons\sourcemod\scripting\l4d2_playerjoining_v2.sp::OnClientDisconnect
L 03/27/2026 - 18:58:08: [SM] Exception reported: Invalid timer handle 29f00559 (error 1)
L 03/27/2026 - 18:58:08: [SM] Blaming: l4d2_playerjoining_v2.smx
L 03/27/2026 - 18:58:08: [SM] Call stack trace:
L 03/27/2026 - 18:58:08: [SM]   [0] KillTimer
L 03/27/2026 - 18:58:08: [SM]   [1] Line 53, C:\Users\Moises\Downloads\Compressed\sourcemod-1.11.0-git6968-windows\addons\sourcemod\scripting\l4d2_playerjoining_v2.sp::OnClientDisconnect
L 03/27/2026 - 18:58:08: [SM] Exception reported: Invalid timer handle 4c700565 (error 1)
L 03/27/2026 - 18:58:08: [SM] Blaming: l4d2_playerjoining_v2.smx
L 03/27/2026 - 18:58:08: [SM] Call stack trace:
L 03/27/2026 - 18:58:08: [SM]   [0] KillTimer
L 03/27/2026 - 18:58:08: [SM]   [1] Line 53, C:\Users\Moises\Downloads\Compressed\sourcemod-1.11.0-git6968-windows\addons\sourcemod\scripting\l4d2_playerjoining_v2.sp::OnClientDisconnect
L 03/27/2026 - 18:58:12: [SM] Exception reported: Invalid convar handle 0 (error 4)
L 03/27/2026 - 18:58:12: [SM] Blaming: ÒankrunFixhealth.smx
L 03/27/2026 - 18:58:12: [SM] Call stack trace:
L 03/27/2026 - 18:58:12: [SM]   [0] GetConVarString
L 03/27/2026 - 18:58:12: [SM]   [1] Line 138, C:\Users\Moises\Downloads\Compressed\sourcemod-1.11.0-git6968-windows\addons\sourcemod\scripting\ÒankrunFixhealth.sp::IsTankRunActive
L 03/27/2026 - 18:58:12: [SM]   [2] Line 36, C:\Users\Moises\Downloads\Compressed\sourcemod-1.11.0-git6968-windows\addons\sourcemod\scripting\ÒankrunFixhealth.sp::Timer_PeriodicCheck
L 03/27/2026 - 18:58:22: [SM] Exception reported: Invalid convar handle 0 (error 4)
L 03/27/2026 - 18:58:22: [SM] Blaming: ÒankrunFixhealth.smx
L 03/27/2026 - 18:58:22: [SM] Call stack trace:
L 03/27/2026 - 18:58:22: [SM]   [0] GetConVarString
L 03/27/2026 - 18:58:22: [SM]   [1] Line 138, C:\Users\Moises\Downloads\Compressed\sourcemod-1.11.0-git6968-windows\addons\sourcemod\scripting\ÒankrunFixhealth.sp::IsTankRunActive
L 03/27/2026 - 18:58:22: [SM]   [2] Line 36, C:\Users\Moises\Downloads\Compressed\sourcemod-1.11.0-git6968-windows\addons\sourcemod\scripting\ÒankrunFixhealth.sp::Timer_PeriodicCheck
L 03/27/2026 - 18:58:31: [SM] Exception reported: Invalid convar handle 0 (error 4)
L 03/27/2026 - 18:58:31: [SM] Blaming: ÒankrunFixhealth.smx
L 03/27/2026 - 18:58:31: [SM] Call stack trace:
L 03/27/2026 - 18:58:31: [SM]   [0] GetConVarString
L 03/27/2026 - 18:58:31: [SM]   [1] Line 138, C:\Users\Moises\Downloads\Compressed\sourcemod-1.11.0-git6968-windows\addons\sourcemod\scripting\ÒankrunFixhealth.sp::IsTankRunActive
L 03/27/2026 - 18:58:31: [SM]   [2] Line 79, C:\Users\Moises\Downloads\Compressed\sourcemod-1.11.0-git6968-windows\addons\sourcemod\scripting\ÒankrunFixhealth.sp::Event_PlayerDeath
L 03/27/2026 - 18:58:32: [SM] Exception reported: Invalid convar handle 0 (error 4)
L 03/27/2026 - 18:58:32: [SM] Blaming: ÒankrunFixhealth.smx
L 03/27/2026 - 18:58:32: [SM] Call stack trace:
L 03/27/2026 - 18:58:32: [SM]   [0] GetConVarString
L 03/27/2026 - 18:58:32: [SM]   [1] Line 138, C:\Users\Moises\Downloads\Compressed\sourcemod-1.11.0-git6968-windows\addons\sourcemod\scripting\ÒankrunFixhealth.sp::IsTankRunActive
L 03/27/2026 - 18:58:32: [SM]   [2] Line 36, C:\Users\Moises\Downloads\Compressed\sourcemod-1.11.0-git6968-windows\addons\sourcemod\scripting\ÒankrunFixhealth.sp::Timer_PeriodicCheck
L 03/27/2026 - 18:58:33: [SM] Exception reported: Language phrase "Please wait to be revived or rescued" not found (arg 6)
L 03/27/2026 - 18:58:33: [SM] Blaming: l4dmultislots.smx
L 03/27/2026 - 18:58:33: [SM] Call stack trace:
L 03/27/2026 - 18:58:33: [SM]   [0] PrintToChat
L 03/27/2026 - 18:58:33: [SM]   [1] Line 953, d:\Github\Private-Work\L4D2-Êèí‰ª∂\scripting_1.11\l4dmultislots.sp::Timer_SpecCheck
L 03/27/2026 - 18:58:37: [SM] Exception reported: Invalid convar handle 0 (error 4)
L 03/27/2026 - 18:58:37: [SM] Blaming: ÒankrunFixhealth.smx
L 03/27/2026 - 18:58:37: [SM] Call stack trace:
L 03/27/2026 - 18:58:37: [SM]   [0] GetConVarString
L 03/27/2026 - 18:58:37: [SM]   [1] Line 138, C:\Users\Moises\Downloads\Compressed\sourcemod-1.11.0-git6968-windows\addons\sourcemod\scripting\ÒankrunFixhealth.sp::IsTankRunActive
L 03/27/2026 - 18:58:37: [SM]   [2] Line 79, C:\Users\Moises\Downloads\Compressed\sourcemod-1.11.0-git6968-windows\addons\sourcemod\scripting\ÒankrunFixhealth.sp::Event_PlayerDeath
L 03/27/2026 - 18:58:42: [SM] Exception reported: Invalid convar handle 0 (error 4)
L 03/27/2026 - 18:58:42: [SM] Blaming: ÒankrunFixhealth.smx
L 03/27/2026 - 18:58:42: [SM] Call stack trace:
L 03/27/2026 - 18:58:42: [SM]   [0] GetConVarString
L 03/27/2026 - 18:58:42: [SM]   [1] Line 138, C:\Users\Moises\Downloads\Compressed\sourcemod-1.11.0-git6968-windows\addons\sourcemod\scripting\ÒankrunFixhealth.sp::IsTankRunActive
L 03/27/2026 - 18:58:42: [SM]   [2] Line 36, C:\Users\Moises\Downloads\Compressed\sourcemod-1.11.0-git6968-windows\addons\sourcemod\scripting\ÒankrunFixhealth.sp::Timer_PeriodicCheck
L 03/27/2026 - 18:58:49: [SM] Exception reported: Invalid convar handle 0 (error 4)
L 03/27/2026 - 18:58:49: [SM] Blaming: ÒankrunFixhealth.smx
L 03/27/2026 - 18:58:49: [SM] Call stack trace:
L 03/27/2026 - 18:58:49: [SM]   [0] GetConVarString
L 03/27/2026 - 18:58:49: [SM]   [1] Line 138, C:\Users\Moises\Downloads\Compressed\sourcemod-1.11.0-git6968-windows\addons\sourcemod\scripting\ÒankrunFixhealth.sp::IsTankRunActive
L 03/27/2026 - 18:58:49: [SM]   [2] Line 79, C:\Users\Moises\Downloads\Compressed\sourcemod-1.11.0-git6968-windows\addons\sourcemod\scripting\ÒankrunFixhealth.sp::Event_PlayerDeath
L 03/27/2026 - 18:58:52: [SM] Exception reported: Invalid convar handle 0 (error 4)
L 03/27/2026 - 18:58:52: [SM] Blaming: ÒankrunFixhealth.smx
L 03/27/2026 - 18:58:52: [SM] Call stack trace:
L 03/27/2026 - 18:58:52: [SM]   [0] GetConVarString
L 03/27/2026 - 18:58:52: [SM]   [1] Line 138, C:\Users\Moises\Downloads\Compressed\sourcemod-1.11.0-git6968-windows\addons\sourcemod\scripting\ÒankrunFixhealth.sp::IsTankRunActive
L 03/27/2026 - 18:58:52: [SM]   [2] Line 36, C:\Users\Moises\Downloads\Compressed\sourcemod-1.11.0-git6968-windows\addons\sourcemod\scripting\ÒankrunFixhealth.sp::Timer_PeriodicCheck
L 03/27/2026 - 18:58:58: [SM] Exception reported: Language phrase "Please wait to be revived or rescued" not found (arg 6)
L 03/27/2026 - 18:58:58: [SM] Blaming: l4dmultislots.smx
L 03/27/2026 - 18:58:58: [SM] Call stack trace:
L 03/27/2026 - 18:58:58: [SM]   [0] PrintToChat
L 03/27/2026 - 18:58:58: [SM]   [1] Line 953, d:\Github\Private-Work\L4D2-Êèí‰ª∂\scripting_1.11\l4dmultislots.sp::Timer_SpecCheck
L 03/27/2026 - 18:59:02: [SM] Exception reported: Invalid convar handle 0 (error 4)
L 03/27/2026 - 18:59:02: [SM] Blaming: ÒankrunFixhealth.smx
L 03/27/2026 - 18:59:02: [SM] Call stack trace:
L 03/27/2026 - 18:59:02: [SM]   [0] GetConVarString
L 03/27/2026 - 18:59:02: [SM]   [1] Line 138, C:\Users\Moises\Downloads\Compressed\sourcemod-1.11.0-git6968-windows\addons\sourcemod\scripting\ÒankrunFixhealth.sp::IsTankRunActive
L 03/27/2026 - 18:59:02: [SM]   [2] Line 36, C:\Users\Moises\Downloads\Compressed\sourcemod-1.11.0-git6968-windows\addons\sourcemod\scripting\ÒankrunFixhealth.sp::Timer_PeriodicCheck
L 03/27/2026 - 18:59:12: [SM] Exception reported: Invalid convar handle 0 (error 4)
L 03/27/2026 - 18:59:12: [SM] Blaming: ÒankrunFixhealth.smx
L 03/27/2026 - 18:59:12: [SM] Call stack trace:
L 03/27/2026 - 18:59:12: [SM]   [0] GetConVarString
L 03/27/2026 - 18:59:12: [SM]   [1] Line 138, C:\Users\Moises\Downloads\Compressed\sourcemod-1.11.0-git6968-windows\addons\sourcemod\scripting\ÒankrunFixhealth.sp::IsTankRunActive
L 03/27/2026 - 18:59:12: [SM]   [2] Line 36, C:\Users\Moises\Downloads\Compressed\sourcemod-1.11.0-git6968-windows\addons\sourcemod\scripting\ÒankrunFixhealth.sp::Timer_PeriodicCheck
L 03/27/2026 - 18:59:22: [SM] Exception reported: Invalid convar handle 0 (error 4)
L 03/27/2026 - 18:59:22: [SM] Blaming: ÒankrunFixhealth.smx
L 03/27/2026 - 18:59:22: [SM] Call stack trace:
L 03/27/2026 - 18:59:22: [SM]   [0] GetConVarString
L 03/27/2026 - 18:59:22: [SM]   [1] Line 138, C:\Users\Moises\Downloads\Compressed\sourcemod-1.11.0-git6968-windows\addons\sourcemod\scripting\ÒankrunFixhealth.sp::IsTankRunActive
L 03/27/2026 - 18:59:22: [SM]   [2] Line 36, C:\Users\Moises\Downloads\Compressed\sourcemod-1.11.0-git6968-windows\addons\sourcemod\scripting\ÒankrunFixhealth.sp::Timer_PeriodicCheck
L 03/27/2026 - 18:59:23: [SM] Exception reported: Language phrase "Please wait to be revived or rescued" not found (arg 6)
L 03/27/2026 - 18:59:23: [SM] Blaming: l4dmultislots.smx
L 03/27/2026 - 18:59:23: [SM] Call stack trace:
L 03/27/2026 - 18:59:23: [SM]   [0] PrintToChat
L 03/27/2026 - 18:59:23: [SM]   [1] Line 953, d:\Github\Private-Work\L4D2-Êèí‰ª∂\scripting_1.11\l4dmultislots.sp::Timer_SpecCheck
L 03/27/2026 - 18:59:32: [SM] Exception reported: Invalid convar handle 0 (error 4)
L 03/27/2026 - 18:59:32: [SM] Blaming: ÒankrunFixhealth.smx
L 03/27/2026 - 18:59:32: [SM] Call stack trace:
L 03/27/2026 - 18:59:32: [SM]   [0] GetConVarString
L 03/27/2026 - 18:59:32: [SM]   [1] Line 138, C:\Users\Moises\Downloads\Compressed\sourcemod-1.11.0-git6968-windows\addons\sourcemod\scripting\ÒankrunFixhealth.sp::IsTankRunActive
L 03/27/2026 - 18:59:32: [SM]   [2] Line 36, C:\Users\Moises\Downloads\Compressed\sourcemod-1.11.0-git6968-windows\addons\sourcemod\scripting\ÒankrunFixhealth.sp::Timer_PeriodicCheck
L 03/27/2026 - 18:59:39: [SM] Exception reported: Invalid convar handle 0 (error 4)
L 03/27/2026 - 18:59:39: [SM] Blaming: ÒankrunFixhealth.smx
L 03/27/2026 - 18:59:39: [SM] Call stack trace:
L 03/27/2026 - 18:59:39: [SM]   [0] GetConVarString
L 03/27/2026 - 18:59:39: [SM]   [1] Line 138, C:\Users\Moises\Downloads\Compressed\sourcemod-1.11.0-git6968-windows\addons\sourcemod\scripting\ÒankrunFixhealth.sp::IsTankRunActive
L 03/27/2026 - 18:59:39: [SM]   [2] Line 79, C:\Users\Moises\Downloads\Compressed\sourcemod-1.11.0-git6968-windows\addons\sourcemod\scripting\ÒankrunFixhealth.sp::Event_PlayerDeath
L 03/27/2026 - 18:59:42: [SM] Exception reported: Invalid convar handle 0 (error 4)
L 03/27/2026 - 18:59:42: [SM] Blaming: ÒankrunFixhealth.smx
L 03/27/2026 - 18:59:42: [SM] Call stack trace:
L 03/27/2026 - 18:59:42: [SM]   [0] GetConVarString
L 03/27/2026 - 18:59:42: [SM]   [1] Line 138, C:\Users\Moises\Downloads\Compressed\sourcemod-1.11.0-git6968-windows\addons\sourcemod\scripting\ÒankrunFixhealth.sp::IsTankRunActive
L 03/27/2026 - 18:59:42: [SM]   [2] Line 36, C:\Users\Moises\Downloads\Compressed\sourcemod-1.11.0-git6968-windows\addons\sourcemod\scripting\ÒankrunFixhealth.sp::Timer_PeriodicCheck
L 03/27/2026 - 18:59:48: [SM] Exception reported: Language phrase "Please wait to be revived or rescued" not found (arg 6)
L 03/27/2026 - 18:59:48: [SM] Blaming: l4dmultislots.smx
L 03/27/2026 - 18:59:48: [SM] Call stack trace:
L 03/27/2026 - 18:59:48: [SM]   [0] PrintToChat
L 03/27/2026 - 18:59:48: [SM]   [1] Line 953, d:\Github\Private-Work\L4D2-Êèí‰ª∂\scripting_1.11\l4dmultislots.sp::Timer_SpecCheck
L 03/27/2026 - 18:59:52: [SM] Exception reported: Invalid convar handle 0 (error 4)
L 03/27/2026 - 18:59:52: [SM] Blaming: ÒankrunFixhealth.smx
L 03/27/2026 - 18:59:52: [SM] Call stack trace:
L 03/27/2026 - 18:59:52: [SM]   [0] GetConVarString
L 03/27/2026 - 18:59:52: [SM]   [1] Line 138, C:\Users\Moises\Downloads\Compressed\sourcemod-1.11.0-git6968-windows\addons\sourcemod\scripting\ÒankrunFixhealth.sp::IsTankRunActive
L 03/27/2026 - 18:59:52: [SM]   [2] Line 36, C:\Users\Moises\Downloads\Compressed\sourcemod-1.11.0-git6968-windows\addons\sourcemod\scripting\ÒankrunFixhealth.sp::Timer_PeriodicCheck
L 03/27/2026 - 19:00:02: [SM] Exception reported: Invalid convar handle 0 (error 4)
L 03/27/2026 - 19:00:02: [SM] Blaming: ÒankrunFixhealth.smx
L 03/27/2026 - 19:00:02: [SM] Call stack trace:
L 03/27/2026 - 19:00:02: [SM]   [0] GetConVarString
L 03/27/2026 - 19:00:02: [SM]   [1] Line 138, C:\Users\Moises\Downloads\Compressed\sourcemod-1.11.0-git6968-windows\addons\sourcemod\scripting\ÒankrunFixhealth.sp::IsTankRunActive
L 03/27/2026 - 19:00:02: [SM]   [2] Line 36, C:\Users\Moises\Downloads\Compressed\sourcemod-1.11.0-git6968-windows\addons\sourcemod\scripting\ÒankrunFixhealth.sp::Timer_PeriodicCheck
L 03/27/2026 - 19:00:04: [SM] Exception reported: Invalid convar handle 0 (error 4)
L 03/27/2026 - 19:00:04: [SM] Blaming: ÒankrunFixhealth.smx
L 03/27/2026 - 19:00:04: [SM] Call stack trace:
L 03/27/2026 - 19:00:04: [SM]   [0] GetConVarString
L 03/27/2026 - 19:00:04: [SM]   [1] Line 138, C:\Users\Moises\Downloads\Compressed\sourcemod-1.11.0-git6968-windows\addons\sourcemod\scripting\ÒankrunFixhealth.sp::IsTankRunActive
L 03/27/2026 - 19:00:04: [SM]   [2] Line 79, C:\Users\Moises\Downloads\Compressed\sourcemod-1.11.0-git6968-windows\addons\sourcemod\scripting\ÒankrunFixhealth.sp::Event_PlayerDeath
L 03/27/2026 - 19:00:12: [SM] Exception reported: Invalid convar handle 0 (error 4)
L 03/27/2026 - 19:00:12: [SM] Blaming: ÒankrunFixhealth.smx
L 03/27/2026 - 19:00:12: [SM] Call stack trace:
L 03/27/2026 - 19:00:12: [SM]   [0] GetConVarString
L 03/27/2026 - 19:00:12: [SM]   [1] Line 138, C:\Users\Moises\Downloads\Compressed\sourcemod-1.11.0-git6968-windows\addons\sourcemod\scripting\ÒankrunFixhealth.sp::IsTankRunActive
L 03/27/2026 - 19:00:12: [SM]   [2] Line 36, C:\Users\Moises\Downloads\Compressed\sourcemod-1.11.0-git6968-windows\addons\sourcemod\scripting\ÒankrunFixhealth.sp::Timer_PeriodicCheck
L 03/27/2026 - 19:00:13: [SM] Exception reported: Language phrase "Type in chat !join To join the survivors" not found (arg 6)
L 03/27/2026 - 19:00:13: [SM] Blaming: l4dmultislots.smx
L 03/27/2026 - 19:00:13: [SM] Call stack trace:
L 03/27/2026 - 19:00:13: [SM]   [0] VFormat
L 03/27/2026 - 19:00:13: [SM]   [1] Line 71, D:\Github\Private-Work\L4D2-Êèí‰ª∂\scripting_1.11\include\multicolors.inc::CPrintToChat
L 03/27/2026 - 19:00:13: [SM]   [2] Line 938, d:\Github\Private-Work\L4D2-Êèí‰ª∂\scripting_1.11\l4dmultislots.sp::Timer_SpecCheck
L 03/27/2026 - 19:00:22: [SM] Exception reported: Invalid convar handle 0 (error 4)
L 03/27/2026 - 19:00:22: [SM] Blaming: ÒankrunFixhealth.smx
L 03/27/2026 - 19:00:22: [SM] Call stack trace:
L 03/27/2026 - 19:00:22: [SM]   [0] GetConVarString
L 03/27/2026 - 19:00:22: [SM]   [1] Line 138, C:\Users\Moises\Downloads\Compressed\sourcemod-1.11.0-git6968-windows\addons\sourcemod\scripting\ÒankrunFixhealth.sp::IsTankRunActive
L 03/27/2026 - 19:00:22: [SM]   [2] Line 36, C:\Users\Moises\Downloads\Compressed\sourcemod-1.11.0-git6968-windows\addons\sourcemod\scripting\ÒankrunFixhealth.sp::Timer_PeriodicCheck
L 03/27/2026 - 19:00:28: [SM] Exception reported: Invalid convar handle 0 (error 4)
L 03/27/2026 - 19:00:28: [SM] Blaming: ÒankrunFixhealth.smx
L 03/27/2026 - 19:00:28: [SM] Call stack trace:
L 03/27/2026 - 19:00:28: [SM]   [0] GetConVarString
L 03/27/2026 - 19:00:28: [SM]   [1] Line 138, C:\Users\Moises\Downloads\Compressed\sourcemod-1.11.0-git6968-windows\addons\sourcemod\scripting\ÒankrunFixhealth.sp::IsTankRunActive
L 03/27/2026 - 19:00:28: [SM]   [2] Line 79, C:\Users\Moises\Downloads\Compressed\sourcemod-1.11.0-git6968-windows\addons\sourcemod\scripting\ÒankrunFixhealth.sp::Event_PlayerDeath
L 03/27/2026 - 19:00:32: [SM] Exception reported: Invalid convar handle 0 (error 4)
L 03/27/2026 - 19:00:32: [SM] Blaming: ÒankrunFixhealth.smx
L 03/27/2026 - 19:00:32: [SM] Call stack trace:
L 03/27/2026 - 19:00:32: [SM]   [0] GetConVarString
L 03/27/2026 - 19:00:32: [SM]   [1] Line 138, C:\Users\Moises\Downloads\Compressed\sourcemod-1.11.0-git6968-windows\addons\sourcemod\scripting\ÒankrunFixhealth.sp::IsTankRunActive
L 03/27/2026 - 19:00:32: [SM]   [2] Line 36, C:\Users\Moises\Downloads\Compressed\sourcemod-1.11.0-git6968-windows\addons\sourcemod\scripting\ÒankrunFixhealth.sp::Timer_PeriodicCheck
L 03/27/2026 - 19:00:38: [SM] Exception reported: Language phrase "Type in chat !join To join the survivors" not found (arg 6)
L 03/27/2026 - 19:00:38: [SM] Blaming: l4dmultislots.smx
L 03/27/2026 - 19:00:38: [SM] Call stack trace:
L 03/27/2026 - 19:00:38: [SM]   [0] VFormat
L 03/27/2026 - 19:00:38: [SM]   [1] Line 71, D:\Github\Private-Work\L4D2-Êèí‰ª∂\scripting_1.11\include\multicolors.inc::CPrintToChat
L 03/27/2026 - 19:00:38: [SM]   [2] Line 938, d:\Github\Private-Work\L4D2-Êèí‰ª∂\scripting_1.11\l4dmultislots.sp::Timer_SpecCheck
L 03/27/2026 - 19:00:40: [SM] Exception reported: Invalid convar handle 0 (error 4)
L 03/27/2026 - 19:00:40: [SM] Blaming: ÒankrunFixhealth.smx
L 03/27/2026 - 19:00:40: [SM] Call stack trace:
L 03/27/2026 - 19:00:40: [SM]   [0] GetConVarString
L 03/27/2026 - 19:00:40: [SM]   [1] Line 138, C:\Users\Moises\Downloads\Compressed\sourcemod-1.11.0-git6968-windows\addons\sourcemod\scripting\ÒankrunFixhealth.sp::IsTankRunActive
L 03/27/2026 - 19:00:40: [SM]   [2] Line 79, C:\Users\Moises\Downloads\Compressed\sourcemod-1.11.0-git6968-windows\addons\sourcemod\scripting\ÒankrunFixhealth.sp::Event_PlayerDeath
L 03/27/2026 - 19:00:40: [SM] Exception reported: Invalid convar handle 0 (error 4)
L 03/27/2026 - 19:00:40: [SM] Blaming: ÒankrunFixhealth.smx
L 03/27/2026 - 19:00:40: [SM] Call stack trace:
L 03/27/2026 - 19:00:40: [SM]   [0] GetConVarString
L 03/27/2026 - 19:00:40: [SM]   [1] Line 138, C:\Users\Moises\Downloads\Compressed\sourcemod-1.11.0-git6968-windows\addons\sourcemod\scripting\ÒankrunFixhealth.sp::IsTankRunActive
L 03/27/2026 - 19:00:40: [SM]   [2] Line 79, C:\Users\Moises\Downloads\Compressed\sourcemod-1.11.0-git6968-windows\addons\sourcemod\scripting\ÒankrunFixhealth.sp::Event_PlayerDeath
L 03/27/2026 - 19:00:42: [SM] Exception reported: Invalid convar handle 0 (error 4)
L 03/27/2026 - 19:00:42: [SM] Blaming: ÒankrunFixhealth.smx
L 03/27/2026 - 19:00:42: [SM] Call stack trace:
L 03/27/2026 - 19:00:42: [SM]   [0] GetConVarString
L 03/27/2026 - 19:00:42: [SM]   [1] Line 138, C:\Users\Moises\Downloads\Compressed\sourcemod-1.11.0-git6968-windows\addons\sourcemod\scripting\ÒankrunFixhealth.sp::IsTankRunActive
L 03/27/2026 - 19:00:42: [SM]   [2] Line 36, C:\Users\Moises\Downloads\Compressed\sourcemod-1.11.0-git6968-windows\addons\sourcemod\scripting\ÒankrunFixhealth.sp::Timer_PeriodicCheck
L 03/27/2026 - 19:00:51: [SM] Exception reported: Invalid convar handle 0 (error 4)
L 03/27/2026 - 19:00:51: [SM] Blaming: ÒankrunFixhealth.smx
L 03/27/2026 - 19:00:51: [SM] Call stack trace:
L 03/27/2026 - 19:00:51: [SM]   [0] GetConVarString
L 03/27/2026 - 19:00:51: [SM]   [1] Line 138, C:\Users\Moises\Downloads\Compressed\sourcemod-1.11.0-git6968-windows\addons\sourcemod\scripting\ÒankrunFixhealth.sp::IsTankRunActive
L 03/27/2026 - 19:00:51: [SM]   [2] Line 79, C:\Users\Moises\Downloads\Compressed\sourcemod-1.11.0-git6968-windows\addons\sourcemod\scripting\ÒankrunFixhealth.sp::Event_PlayerDeath
L 03/27/2026 - 19:00:52: [SM] Exception reported: Invalid convar handle 0 (error 4)
L 03/27/2026 - 19:00:52: [SM] Blaming: ÒankrunFixhealth.smx
L 03/27/2026 - 19:00:52: [SM] Call stack trace:
L 03/27/2026 - 19:00:52: [SM]   [0] GetConVarString
L 03/27/2026 - 19:00:52: [SM]   [1] Line 138, C:\Users\Moises\Downloads\Compressed\sourcemod-1.11.0-git6968-windows\addons\sourcemod\scripting\ÒankrunFixhealth.sp::IsTankRunActive
L 03/27/2026 - 19:00:52: [SM]   [2] Line 36, C:\Users\Moises\Downloads\Compressed\sourcemod-1.11.0-git6968-windows\addons\sourcemod\scripting\ÒankrunFixhealth.sp::Timer_PeriodicCheck
L 03/27/2026 - 19:00:57: [SM] Exception reported: Invalid convar handle 0 (error 4)
L 03/27/2026 - 19:00:57: [SM] Blaming: ÒankrunFixhealth.smx
L 03/27/2026 - 19:00:57: [SM] Call stack trace:
L 03/27/2026 - 19:00:57: [SM]   [0] GetConVarString
L 03/27/2026 - 19:00:57: [SM]   [1] Line 138, C:\Users\Moises\Downloads\Compressed\sourcemod-1.11.0-git6968-windows\addons\sourcemod\scripting\ÒankrunFixhealth.sp::IsTankRunActive
L 03/27/2026 - 19:00:57: [SM]   [2] Line 79, C:\Users\Moises\Downloads\Compressed\sourcemod-1.11.0-git6968-windows\addons\sourcemod\scripting\ÒankrunFixhealth.sp::Event_PlayerDeath
L 03/27/2026 - 19:00:58: [SM] Exception reported: Invalid convar handle 0 (error 4)
L 03/27/2026 - 19:00:58: [SM] Blaming: ÒankrunFixhealth.smx
L 03/27/2026 - 19:00:58: [SM] Call stack trace:
L 03/27/2026 - 19:00:58: [SM]   [0] GetConVarString
L 03/27/2026 - 19:00:58: [SM]   [1] Line 138, C:\Users\Moises\Downloads\Compressed\sourcemod-1.11.0-git6968-windows\addons\sourcemod\scripting\ÒankrunFixhealth.sp::IsTankRunActive
L 03/27/2026 - 19:00:58: [SM]   [2] Line 79, C:\Users\Moises\Downloads\Compressed\sourcemod-1.11.0-git6968-windows\addons\sourcemod\scripting\ÒankrunFixhealth.sp::Event_PlayerDeath
L 03/27/2026 - 19:01:01: [SM] Exception reported: Invalid convar handle 0 (error 4)
L 03/27/2026 - 19:01:01: [SM] Blaming: ÒankrunFixhealth.smx
L 03/27/2026 - 19:01:01: [SM] Call stack trace:
L 03/27/2026 - 19:01:01: [SM]   [0] GetConVarString
L 03/27/2026 - 19:01:01: [SM]   [1] Line 138, C:\Users\Moises\Downloads\Compressed\sourcemod-1.11.0-git6968-windows\addons\sourcemod\scripting\ÒankrunFixhealth.sp::IsTankRunActive
L 03/27/2026 - 19:01:01: [SM]   [2] Line 79, C:\Users\Moises\Downloads\Compressed\sourcemod-1.11.0-git6968-windows\addons\sourcemod\scripting\ÒankrunFixhealth.sp::Event_PlayerDeath
L 03/27/2026 - 19:01:01: [SM] Exception reported: Invalid convar handle 0 (error 4)
L 03/27/2026 - 19:01:01: [SM] Blaming: ÒankrunFixhealth.smx
L 03/27/2026 - 19:01:01: [SM] Call stack trace:
L 03/27/2026 - 19:01:01: [SM]   [0] GetConVarString
L 03/27/2026 - 19:01:01: [SM]   [1] Line 138, C:\Users\Moises\Downloads\Compressed\sourcemod-1.11.0-git6968-windows\addons\sourcemod\scripting\ÒankrunFixhealth.sp::IsTankRunActive
L 03/27/2026 - 19:01:01: [SM]   [2] Line 91, C:\Users\Moises\Downloads\Compressed\sourcemod-1.11.0-git6968-windows\addons\sourcemod\scripting\ÒankrunFixhealth.sp::Event_MissionLost
L 03/27/2026 - 19:01:02: [SM] Exception reported: Invalid convar handle 0 (error 4)
L 03/27/2026 - 19:01:02: [SM] Blaming: ÒankrunFixhealth.smx
L 03/27/2026 - 19:01:02: [SM] Call stack trace:
L 03/27/2026 - 19:01:02: [SM]   [0] GetConVarString
L 03/27/2026 - 19:01:02: [SM]   [1] Line 138, C:\Users\Moises\Downloads\Compressed\sourcemod-1.11.0-git6968-windows\addons\sourcemod\scripting\ÒankrunFixhealth.sp::IsTankRunActive
L 03/27/2026 - 19:01:02: [SM]   [2] Line 36, C:\Users\Moises\Downloads\Compressed\sourcemod-1.11.0-git6968-windows\addons\sourcemod\scripting\ÒankrunFixhealth.sp::Timer_PeriodicCheck
L 03/27/2026 - 19:01:04: [SM] Exception reported: Invalid timer handle d300058e (error 1)
L 03/27/2026 - 19:01:04: [SM] Blaming: l4d2_playerjoining_v2.smx
L 03/27/2026 - 19:01:04: [SM] Call stack trace:
L 03/27/2026 - 19:01:04: [SM]   [0] KillTimer
L 03/27/2026 - 19:01:04: [SM]   [1] Line 53, C:\Users\Moises\Downloads\Compressed\sourcemod-1.11.0-git6968-windows\addons\sourcemod\scripting\l4d2_playerjoining_v2.sp::OnClientDisconnect
L 03/27/2026 - 19:01:05: [SM] Exception reported: Invalid timer handle 29f00559 (error 3)
L 03/27/2026 - 19:01:05: [SM] Blaming: l4d2_playerjoining_v2.smx
L 03/27/2026 - 19:01:05: [SM] Call stack trace:
L 03/27/2026 - 19:01:05: [SM]   [0] KillTimer
L 03/27/2026 - 19:01:05: [SM]   [1] Line 53, C:\Users\Moises\Downloads\Compressed\sourcemod-1.11.0-git6968-windows\addons\sourcemod\scripting\l4d2_playerjoining_v2.sp::OnClientDisconnect
L 03/27/2026 - 19:01:09: [SM] Exception reported: Invalid convar handle 0 (error 4)
L 03/27/2026 - 19:01:09: [SM] Blaming: ÒankrunFixhealth.smx
L 03/27/2026 - 19:01:09: [SM] Call stack trace:
L 03/27/2026 - 19:01:09: [SM]   [0] GetConVarString
L 03/27/2026 - 19:01:09: [SM]   [1] Line 138, C:\Users\Moises\Downloads\Compressed\sourcemod-1.11.0-git6968-windows\addons\sourcemod\scripting\ÒankrunFixhealth.sp::IsTankRunActive
L 03/27/2026 - 19:01:09: [SM]   [2] Line 54, C:\Users\Moises\Downloads\Compressed\sourcemod-1.11.0-git6968-windows\addons\sourcemod\scripting\ÒankrunFixhealth.sp::Event_RoundStart
L 03/27/2026 - 19:01:09: [SM] Exception reported: Invalid timer handle 4c700565 (error 1)
L 03/27/2026 - 19:01:09: [SM] Blaming: l4d2_playerjoining_v2.smx
L 03/27/2026 - 19:01:09: [SM] Call stack trace:
L 03/27/2026 - 19:01:09: [SM]   [0] KillTimer
L 03/27/2026 - 19:01:09: [SM]   [1] Line 53, C:\Users\Moises\Downloads\Compressed\sourcemod-1.11.0-git6968-windows\addons\sourcemod\scripting\l4d2_playerjoining_v2.sp::OnClientDisconnect
L 03/27/2026 - 19:01:09: [SM] Exception reported: Invalid timer handle 18100595 (error 1)
L 03/27/2026 - 19:01:09: [SM] Blaming: l4d2_playerjoining_v2.smx
L 03/27/2026 - 19:01:09: [SM] Call stack trace:
L 03/27/2026 - 19:01:09: [SM]   [0] KillTimer
L 03/27/2026 - 19:01:09: [SM]   [1] Line 53, C:\Users\Moises\Downloads\Compressed\sourcemod-1.11.0-git6968-windows\addons\sourcemod\scripting\l4d2_playerjoining_v2.sp::OnClientDisconnect
L 03/27/2026 - 19:01:12: [SM] Exception reported: Invalid convar handle 0 (error 4)
L 03/27/2026 - 19:01:12: [SM] Blaming: ÒankrunFixhealth.smx
L 03/27/2026 - 19:01:12: [SM] Call stack trace:
L 03/27/2026 - 19:01:12: [SM]   [0] GetConVarString
L 03/27/2026 - 19:01:12: [SM]   [1] Line 138, C:\Users\Moises\Downloads\Compressed\sourcemod-1.11.0-git6968-windows\addons\sourcemod\scripting\ÒankrunFixhealth.sp::IsTankRunActive
L 03/27/2026 - 19:01:12: [SM]   [2] Line 36, C:\Users\Moises\Downloads\Compressed\sourcemod-1.11.0-git6968-windows\addons\sourcemod\scripting\ÒankrunFixhealth.sp::Timer_PeriodicCheck
L 03/27/2026 - 19:01:22: [SM] Exception reported: Invalid convar handle 0 (error 4)
L 03/27/2026 - 19:01:22: [SM] Blaming: ÒankrunFixhealth.smx
L 03/27/2026 - 19:01:22: [SM] Call stack trace:
L 03/27/2026 - 19:01:22: [SM]   [0] GetConVarString
L 03/27/2026 - 19:01:22: [SM]   [1] Line 138, C:\Users\Moises\Downloads\Compressed\sourcemod-1.11.0-git6968-windows\addons\sourcemod\scripting\ÒankrunFixhealth.sp::IsTankRunActive
L 03/27/2026 - 19:01:22: [SM]   [2] Line 36, C:\Users\Moises\Downloads\Compressed\sourcemod-1.11.0-git6968-windows\addons\sourcemod\scripting\ÒankrunFixhealth.sp::Timer_PeriodicCheck
L 03/27/2026 - 19:01:32: [SM] Exception reported: Invalid convar handle 0 (error 4)
L 03/27/2026 - 19:01:32: [SM] Blaming: ÒankrunFixhealth.smx
L 03/27/2026 - 19:01:32: [SM] Call stack trace:
L 03/27/2026 - 19:01:32: [SM]   [0] GetConVarString
L 03/27/2026 - 19:01:32: [SM]   [1] Line 138, C:\Users\Moises\Downloads\Compressed\sourcemod-1.11.0-git6968-windows\addons\sourcemod\scripting\ÒankrunFixhealth.sp::IsTankRunActive
L 03/27/2026 - 19:01:32: [SM]   [2] Line 36, C:\Users\Moises\Downloads\Compressed\sourcemod-1.11.0-git6968-windows\addons\sourcemod\scripting\ÒankrunFixhealth.sp::Timer_PeriodicCheck
L 03/27/2026 - 19:01:34: [SM] Exception reported: Language phrase "Type in chat !join To join the survivors" not found (arg 6)
L 03/27/2026 - 19:01:34: [SM] Blaming: l4dmultislots.smx
L 03/27/2026 - 19:01:34: [SM] Call stack trace:
L 03/27/2026 - 19:01:34: [SM]   [0] VFormat
L 03/27/2026 - 19:01:34: [SM]   [1] Line 71, D:\Github\Private-Work\L4D2-Êèí‰ª∂\scripting_1.11\include\multicolors.inc::CPrintToChat
L 03/27/2026 - 19:01:34: [SM]   [2] Line 938, d:\Github\Private-Work\L4D2-Êèí‰ª∂\scripting_1.11\l4dmultislots.sp::Timer_SpecCheck
L 03/27/2026 - 19:01:39: [SM] Exception reported: Invalid convar handle 0 (error 4)
L 03/27/2026 - 19:01:39: [SM] Blaming: ÒankrunFixhealth.smx
L 03/27/2026 - 19:01:39: [SM] Call stack trace:
L 03/27/2026 - 19:01:39: [SM]   [0] GetConVarString
L 03/27/2026 - 19:01:39: [SM]   [1] Line 138, C:\Users\Moises\Downloads\Compressed\sourcemod-1.11.0-git6968-windows\addons\sourcemod\scripting\ÒankrunFixhealth.sp::IsTankRunActive
L 03/27/2026 - 19:01:39: [SM]   [2] Line 79, C:\Users\Moises\Downloads\Compressed\sourcemod-1.11.0-git6968-windows\addons\sourcemod\scripting\ÒankrunFixhealth.sp::Event_PlayerDeath
L 03/27/2026 - 19:01:41: [SM] Exception reported: Invalid convar handle 0 (error 4)
L 03/27/2026 - 19:01:41: [SM] Blaming: ÒankrunFixhealth.smx
L 03/27/2026 - 19:01:41: [SM] Call stack trace:
L 03/27/2026 - 19:01:41: [SM]   [0] GetConVarString
L 03/27/2026 - 19:01:41: [SM]   [1] Line 138, C:\Users\Moises\Downloads\Compressed\sourcemod-1.11.0-git6968-windows\addons\sourcemod\scripting\ÒankrunFixhealth.sp::IsTankRunActive
L 03/27/2026 - 19:01:41: [SM]   [2] Line 79, C:\Users\Moises\Downloads\Compressed\sourcemod-1.11.0-git6968-windows\addons\sourcemod\scripting\ÒankrunFixhealth.sp::Event_PlayerDeath
L 03/27/2026 - 19:01:42: [SM] Exception reported: Invalid convar handle 0 (error 4)
L 03/27/2026 - 19:01:42: [SM] Blaming: ÒankrunFixhealth.smx
L 03/27/2026 - 19:01:42: [SM] Call stack trace:
L 03/27/2026 - 19:01:42: [SM]   [0] GetConVarString
L 03/27/2026 - 19:01:42: [SM]   [1] Line 138, C:\Users\Moises\Downloads\Compressed\sourcemod-1.11.0-git6968-windows\addons\sourcemod\scripting\ÒankrunFixhealth.sp::IsTankRunActive
L 03/27/2026 - 19:01:42: [SM]   [2] Line 36, C:\Users\Moises\Downloads\Compressed\sourcemod-1.11.0-git6968-windows\addons\sourcemod\scripting\ÒankrunFixhealth.sp::Timer_PeriodicCheck
L 03/27/2026 - 19:01:52: [SM] Exception reported: Invalid convar handle 0 (error 4)
L 03/27/2026 - 19:01:52: [SM] Blaming: ÒankrunFixhealth.smx
L 03/27/2026 - 19:01:52: [SM] Call stack trace:
L 03/27/2026 - 19:01:52: [SM]   [0] GetConVarString
L 03/27/2026 - 19:01:52: [SM]   [1] Line 138, C:\Users\Moises\Downloads\Compressed\sourcemod-1.11.0-git6968-windows\addons\sourcemod\scripting\ÒankrunFixhealth.sp::IsTankRunActive
L 03/27/2026 - 19:01:52: [SM]   [2] Line 36, C:\Users\Moises\Downloads\Compressed\sourcemod-1.11.0-git6968-windows\addons\sourcemod\scripting\ÒankrunFixhealth.sp::Timer_PeriodicCheck
L 03/27/2026 - 19:01:58: [SM] Exception reported: Invalid convar handle 0 (error 4)
L 03/27/2026 - 19:01:58: [SM] Blaming: ÒankrunFixhealth.smx
L 03/27/2026 - 19:01:58: [SM] Call stack trace:
L 03/27/2026 - 19:01:58: [SM]   [0] GetConVarString
L 03/27/2026 - 19:01:58: [SM]   [1] Line 138, C:\Users\Moises\Downloads\Compressed\sourcemod-1.11.0-git6968-windows\addons\sourcemod\scripting\ÒankrunFixhealth.sp::IsTankRunActive
L 03/27/2026 - 19:01:58: [SM]   [2] Line 79, C:\Users\Moises\Downloads\Compressed\sourcemod-1.11.0-git6968-windows\addons\sourcemod\scripting\ÒankrunFixhealth.sp::Event_PlayerDeath
L 03/27/2026 - 19:01:59: [SM] Exception reported: Language phrase "Type in chat !join To join the survivors" not found (arg 6)
L 03/27/2026 - 19:01:59: [SM] Blaming: l4dmultislots.smx
L 03/27/2026 - 19:01:59: [SM] Call stack trace:
L 03/27/2026 - 19:01:59: [SM]   [0] VFormat
L 03/27/2026 - 19:01:59: [SM]   [1] Line 71, D:\Github\Private-Work\L4D2-Êèí‰ª∂\scripting_1.11\include\multicolors.inc::CPrintToChat
L 03/27/2026 - 19:01:59: [SM]   [2] Line 938, d:\Github\Private-Work\L4D2-Êèí‰ª∂\scripting_1.11\l4dmultislots.sp::Timer_SpecCheck
L 03/27/2026 - 19:02:02: [SM] Exception reported: Invalid convar handle 0 (error 4)
L 03/27/2026 - 19:02:02: [SM] Blaming: ÒankrunFixhealth.smx
L 03/27/2026 - 19:02:02: [SM] Call stack trace:
L 03/27/2026 - 19:02:02: [SM]   [0] GetConVarString
L 03/27/2026 - 19:02:02: [SM]   [1] Line 138, C:\Users\Moises\Downloads\Compressed\sourcemod-1.11.0-git6968-windows\addons\sourcemod\scripting\ÒankrunFixhealth.sp::IsTankRunActive
L 03/27/2026 - 19:02:02: [SM]   [2] Line 36, C:\Users\Moises\Downloads\Compressed\sourcemod-1.11.0-git6968-windows\addons\sourcemod\scripting\ÒankrunFixhealth.sp::Timer_PeriodicCheck
L 03/27/2026 - 19:02:07: [SM] Exception reported: Invalid convar handle 0 (error 4)
L 03/27/2026 - 19:02:07: [SM] Blaming: ÒankrunFixhealth.smx
L 03/27/2026 - 19:02:07: [SM] Call stack trace:
L 03/27/2026 - 19:02:07: [SM]   [0] GetConVarString
L 03/27/2026 - 19:02:07: [SM]   [1] Line 138, C:\Users\Moises\Downloads\Compressed\sourcemod-1.11.0-git6968-windows\addons\sourcemod\scripting\ÒankrunFixhealth.sp::IsTankRunActive
L 03/27/2026 - 19:02:07: [SM]   [2] Line 79, C:\Users\Moises\Downloads\Compressed\sourcemod-1.11.0-git6968-windows\addons\sourcemod\scripting\ÒankrunFixhealth.sp::Event_PlayerDeath
L 03/27/2026 - 19:02:12: [SM] Exception reported: Invalid convar handle 0 (error 4)
L 03/27/2026 - 19:02:12: [SM] Blaming: ÒankrunFixhealth.smx
L 03/27/2026 - 19:02:12: [SM] Call stack trace:
L 03/27/2026 - 19:02:12: [SM]   [0] GetConVarString
L 03/27/2026 - 19:02:12: [SM]   [1] Line 138, C:\Users\Moises\Downloads\Compressed\sourcemod-1.11.0-git6968-windows\addons\sourcemod\scripting\ÒankrunFixhealth.sp::IsTankRunActive
L 03/27/2026 - 19:02:12: [SM]   [2] Line 36, C:\Users\Moises\Downloads\Compressed\sourcemod-1.11.0-git6968-windows\addons\sourcemod\scripting\ÒankrunFixhealth.sp::Timer_PeriodicCheck
L 03/27/2026 - 19:02:13: [SM] Exception reported: Invalid convar handle 0 (error 4)
L 03/27/2026 - 19:02:13: [SM] Blaming: ÒankrunFixhealth.smx
L 03/27/2026 - 19:02:13: [SM] Call stack trace:
L 03/27/2026 - 19:02:13: [SM]   [0] GetConVarString
L 03/27/2026 - 19:02:13: [SM]   [1] Line 138, C:\Users\Moises\Downloads\Compressed\sourcemod-1.11.0-git6968-windows\addons\sourcemod\scripting\ÒankrunFixhealth.sp::IsTankRunActive
L 03/27/2026 - 19:02:13: [SM]   [2] Line 79, C:\Users\Moises\Downloads\Compressed\sourcemod-1.11.0-git6968-windows\addons\sourcemod\scripting\ÒankrunFixhealth.sp::Event_PlayerDeath
L 03/27/2026 - 19:02:22: [SM] Exception reported: Invalid convar handle 0 (error 4)
L 03/27/2026 - 19:02:22: [SM] Blaming: ÒankrunFixhealth.smx
L 03/27/2026 - 19:02:22: [SM] Call stack trace:
L 03/27/2026 - 19:02:22: [SM]   [0] GetConVarString
L 03/27/2026 - 19:02:22: [SM]   [1] Line 138, C:\Users\Moises\Downloads\Compressed\sourcemod-1.11.0-git6968-windows\addons\sourcemod\scripting\ÒankrunFixhealth.sp::IsTankRunActive
L 03/27/2026 - 19:02:22: [SM]   [2] Line 36, C:\Users\Moises\Downloads\Compressed\sourcemod-1.11.0-git6968-windows\addons\sourcemod\scripting\ÒankrunFixhealth.sp::Timer_PeriodicCheck
L 03/27/2026 - 19:02:24: [SM] Exception reported: Language phrase "Type in chat !join To join the survivors" not found (arg 6)
L 03/27/2026 - 19:02:24: [SM] Blaming: l4dmultislots.smx
L 03/27/2026 - 19:02:24: [SM] Call stack trace:
L 03/27/2026 - 19:02:24: [SM]   [0] VFormat
L 03/27/2026 - 19:02:24: [SM]   [1] Line 71, D:\Github\Private-Work\L4D2-Êèí‰ª∂\scripting_1.11\include\multicolors.inc::CPrintToChat
L 03/27/2026 - 19:02:24: [SM]   [2] Line 938, d:\Github\Private-Work\L4D2-Êèí‰ª∂\scripting_1.11\l4dmultislots.sp::Timer_SpecCheck
L 03/27/2026 - 19:02:25: [SM] Exception reported: Invalid convar handle 0 (error 4)
L 03/27/2026 - 19:02:25: [SM] Blaming: ÒankrunFixhealth.smx
L 03/27/2026 - 19:02:25: [SM] Call stack trace:
L 03/27/2026 - 19:02:25: [SM]   [0] GetConVarString
L 03/27/2026 - 19:02:25: [SM]   [1] Line 138, C:\Users\Moises\Downloads\Compressed\sourcemod-1.11.0-git6968-windows\addons\sourcemod\scripting\ÒankrunFixhealth.sp::IsTankRunActive
L 03/27/2026 - 19:02:25: [SM]   [2] Line 79, C:\Users\Moises\Downloads\Compressed\sourcemod-1.11.0-git6968-windows\addons\sourcemod\scripting\ÒankrunFixhealth.sp::Event_PlayerDeath
L 03/27/2026 - 19:02:32: [SM] Exception reported: Invalid convar handle 0 (error 4)
L 03/27/2026 - 19:02:32: [SM] Blaming: ÒankrunFixhealth.smx
L 03/27/2026 - 19:02:32: [SM] Call stack trace:
L 03/27/2026 - 19:02:32: [SM]   [0] GetConVarString
L 03/27/2026 - 19:02:32: [SM]   [1] Line 138, C:\Users\Moises\Downloads\Compressed\sourcemod-1.11.0-git6968-windows\addons\sourcemod\scripting\ÒankrunFixhealth.sp::IsTankRunActive
L 03/27/2026 - 19:02:32: [SM]   [2] Line 36, C:\Users\Moises\Downloads\Compressed\sourcemod-1.11.0-git6968-windows\addons\sourcemod\scripting\ÒankrunFixhealth.sp::Timer_PeriodicCheck
L 03/27/2026 - 19:02:42: [SM] Exception reported: Invalid convar handle 0 (error 4)
L 03/27/2026 - 19:02:42: [SM] Blaming: ÒankrunFixhealth.smx
L 03/27/2026 - 19:02:42: [SM] Call stack trace:
L 03/27/2026 - 19:02:42: [SM]   [0] GetConVarString
L 03/27/2026 - 19:02:42: [SM]   [1] Line 138, C:\Users\Moises\Downloads\Compressed\sourcemod-1.11.0-git6968-windows\addons\sourcemod\scripting\ÒankrunFixhealth.sp::IsTankRunActive
L 03/27/2026 - 19:02:42: [SM]   [2] Line 36, C:\Users\Moises\Downloads\Compressed\sourcemod-1.11.0-git6968-windows\addons\sourcemod\scripting\ÒankrunFixhealth.sp::Timer_PeriodicCheck
L 03/27/2026 - 19:02:49: [SM] Exception reported: Language phrase "Please wait to be revived or rescued" not found (arg 6)
L 03/27/2026 - 19:02:49: [SM] Blaming: l4dmultislots.smx
L 03/27/2026 - 19:02:49: [SM] Call stack trace:
L 03/27/2026 - 19:02:49: [SM]   [0] PrintToChat
L 03/27/2026 - 19:02:49: [SM]   [1] Line 953, d:\Github\Private-Work\L4D2-Êèí‰ª∂\scripting_1.11\l4dmultislots.sp::Timer_SpecCheck
L 03/27/2026 - 19:02:52: [SM] Exception reported: Invalid convar handle 0 (error 4)
L 03/27/2026 - 19:02:52: [SM] Blaming: ÒankrunFixhealth.smx
L 03/27/2026 - 19:02:52: [SM] Call stack trace:
L 03/27/2026 - 19:02:52: [SM]   [0] GetConVarString
L 03/27/2026 - 19:02:52: [SM]   [1] Line 138, C:\Users\Moises\Downloads\Compressed\sourcemod-1.11.0-git6968-windows\addons\sourcemod\scripting\ÒankrunFixhealth.sp::IsTankRunActive
L 03/27/2026 - 19:02:52: [SM]   [2] Line 36, C:\Users\Moises\Downloads\Compressed\sourcemod-1.11.0-git6968-windows\addons\sourcemod\scripting\ÒankrunFixhealth.sp::Timer_PeriodicCheck
L 03/27/2026 - 19:03:02: [SM] Exception reported: Invalid convar handle 0 (error 4)
L 03/27/2026 - 19:03:02: [SM] Blaming: ÒankrunFixhealth.smx
L 03/27/2026 - 19:03:02: [SM] Call stack trace:
L 03/27/2026 - 19:03:02: [SM]   [0] GetConVarString
L 03/27/2026 - 19:03:02: [SM]   [1] Line 138, C:\Users\Moises\Downloads\Compressed\sourcemod-1.11.0-git6968-windows\addons\sourcemod\scripting\ÒankrunFixhealth.sp::IsTankRunActive
L 03/27/2026 - 19:03:02: [SM]   [2] Line 36, C:\Users\Moises\Downloads\Compressed\sourcemod-1.11.0-git6968-windows\addons\sourcemod\scripting\ÒankrunFixhealth.sp::Timer_PeriodicCheck
L 03/27/2026 - 19:03:12: [SM] Exception reported: Invalid convar handle 0 (error 4)
L 03/27/2026 - 19:03:12: [SM] Blaming: ÒankrunFixhealth.smx
L 03/27/2026 - 19:03:12: [SM] Call stack trace:
L 03/27/2026 - 19:03:12: [SM]   [0] GetConVarString
L 03/27/2026 - 19:03:12: [SM]   [1] Line 138, C:\Users\Moises\Downloads\Compressed\sourcemod-1.11.0-git6968-windows\addons\sourcemod\scripting\ÒankrunFixhealth.sp::IsTankRunActive
L 03/27/2026 - 19:03:12: [SM]   [2] Line 36, C:\Users\Moises\Downloads\Compressed\sourcemod-1.11.0-git6968-windows\addons\sourcemod\scripting\ÒankrunFixhealth.sp::Timer_PeriodicCheck
L 03/27/2026 - 19:03:14: [SM] Exception reported: Language phrase "Please wait to be revived or rescued" not found (arg 6)
L 03/27/2026 - 19:03:14: [SM] Blaming: l4dmultislots.smx
L 03/27/2026 - 19:03:14: [SM] Call stack trace:
L 03/27/2026 - 19:03:14: [SM]   [0] PrintToChat
L 03/27/2026 - 19:03:14: [SM]   [1] Line 953, d:\Github\Private-Work\L4D2-Êèí‰ª∂\scripting_1.11\l4dmultislots.sp::Timer_SpecCheck
L 03/27/2026 - 19:03:17: [SM] Exception reported: Invalid convar handle 0 (error 4)
L 03/27/2026 - 19:03:17: [SM] Blaming: ÒankrunFixhealth.smx
L 03/27/2026 - 19:03:17: [SM] Call stack trace:
L 03/27/2026 - 19:03:17: [SM]   [0] GetConVarString
L 03/27/2026 - 19:03:17: [SM]   [1] Line 138, C:\Users\Moises\Downloads\Compressed\sourcemod-1.11.0-git6968-windows\addons\sourcemod\scripting\ÒankrunFixhealth.sp::IsTankRunActive
L 03/27/2026 - 19:03:17: [SM]   [2] Line 79, C:\Users\Moises\Downloads\Compressed\sourcemod-1.11.0-git6968-windows\addons\sourcemod\scripting\ÒankrunFixhealth.sp::Event_PlayerDeath
L 03/27/2026 - 19:03:22: [SM] Exception reported: Invalid convar handle 0 (error 4)
L 03/27/2026 - 19:03:22: [SM] Blaming: ÒankrunFixhealth.smx
L 03/27/2026 - 19:03:22: [SM] Call stack trace:
L 03/27/2026 - 19:03:22: [SM]   [0] GetConVarString
L 03/27/2026 - 19:03:22: [SM]   [1] Line 138, C:\Users\Moises\Downloads\Compressed\sourcemod-1.11.0-git6968-windows\addons\sourcemod\scripting\ÒankrunFixhealth.sp::IsTankRunActive
L 03/27/2026 - 19:03:22: [SM]   [2] Line 36, C:\Users\Moises\Downloads\Compressed\sourcemod-1.11.0-git6968-windows\addons\sourcemod\scripting\ÒankrunFixhealth.sp::Timer_PeriodicCheck
L 03/27/2026 - 19:03:30: [SM] Exception reported: Invalid convar handle 0 (error 4)
L 03/27/2026 - 19:03:30: [SM] Blaming: ÒankrunFixhealth.smx
L 03/27/2026 - 19:03:30: [SM] Call stack trace:
L 03/27/2026 - 19:03:30: [SM]   [0] GetConVarString
L 03/27/2026 - 19:03:30: [SM]   [1] Line 138, C:\Users\Moises\Downloads\Compressed\sourcemod-1.11.0-git6968-windows\addons\sourcemod\scripting\ÒankrunFixhealth.sp::IsTankRunActive
L 03/27/2026 - 19:03:30: [SM]   [2] Line 79, C:\Users\Moises\Downloads\Compressed\sourcemod-1.11.0-git6968-windows\addons\sourcemod\scripting\ÒankrunFixhealth.sp::Event_PlayerDeath
L 03/27/2026 - 19:03:32: [SM] Exception reported: Invalid convar handle 0 (error 4)
L 03/27/2026 - 19:03:32: [SM] Blaming: ÒankrunFixhealth.smx
L 03/27/2026 - 19:03:32: [SM] Call stack trace:
L 03/27/2026 - 19:03:32: [SM]   [0] GetConVarString
L 03/27/2026 - 19:03:32: [SM]   [1] Line 138, C:\Users\Moises\Downloads\Compressed\sourcemod-1.11.0-git6968-windows\addons\sourcemod\scripting\ÒankrunFixhealth.sp::IsTankRunActive
L 03/27/2026 - 19:03:32: [SM]   [2] Line 36, C:\Users\Moises\Downloads\Compressed\sourcemod-1.11.0-git6968-windows\addons\sourcemod\scripting\ÒankrunFixhealth.sp::Timer_PeriodicCheck
L 03/27/2026 - 19:03:39: [SM] Exception reported: Language phrase "Please wait to be revived or rescued" not found (arg 6)
L 03/27/2026 - 19:03:39: [SM] Blaming: l4dmultislots.smx
L 03/27/2026 - 19:03:39: [SM] Call stack trace:
L 03/27/2026 - 19:03:39: [SM]   [0] PrintToChat
L 03/27/2026 - 19:03:39: [SM]   [1] Line 953, d:\Github\Private-Work\L4D2-Êèí‰ª∂\scripting_1.11\l4dmultislots.sp::Timer_SpecCheck
L 03/27/2026 - 19:03:42: [SM] Exception reported: Invalid convar handle 0 (error 4)
L 03/27/2026 - 19:03:42: [SM] Blaming: ÒankrunFixhealth.smx
L 03/27/2026 - 19:03:42: [SM] Call stack trace:
L 03/27/2026 - 19:03:42: [SM]   [0] GetConVarString
L 03/27/2026 - 19:03:42: [SM]   [1] Line 138, C:\Users\Moises\Downloads\Compressed\sourcemod-1.11.0-git6968-windows\addons\sourcemod\scripting\ÒankrunFixhealth.sp::IsTankRunActive
L 03/27/2026 - 19:03:42: [SM]   [2] Line 36, C:\Users\Moises\Downloads\Compressed\sourcemod-1.11.0-git6968-windows\addons\sourcemod\scripting\ÒankrunFixhealth.sp::Timer_PeriodicCheck
L 03/27/2026 - 19:03:52: [SM] Exception reported: Invalid convar handle 0 (error 4)
L 03/27/2026 - 19:03:52: [SM] Blaming: ÒankrunFixhealth.smx
L 03/27/2026 - 19:03:52: [SM] Call stack trace:
L 03/27/2026 - 19:03:52: [SM]   [0] GetConVarString
L 03/27/2026 - 19:03:52: [SM]   [1] Line 138, C:\Users\Moises\Downloads\Compressed\sourcemod-1.11.0-git6968-windows\addons\sourcemod\scripting\ÒankrunFixhealth.sp::IsTankRunActive
L 03/27/2026 - 19:03:52: [SM]   [2] Line 36, C:\Users\Moises\Downloads\Compressed\sourcemod-1.11.0-git6968-windows\addons\sourcemod\scripting\ÒankrunFixhealth.sp::Timer_PeriodicCheck
L 03/27/2026 - 19:04:01: [SM] Exception reported: Invalid convar handle 0 (error 4)
L 03/27/2026 - 19:04:01: [SM] Blaming: ÒankrunFixhealth.smx
L 03/27/2026 - 19:04:01: [SM] Call stack trace:
L 03/27/2026 - 19:04:01: [SM]   [0] GetConVarString
L 03/27/2026 - 19:04:01: [SM]   [1] Line 138, C:\Users\Moises\Downloads\Compressed\sourcemod-1.11.0-git6968-windows\addons\sourcemod\scripting\ÒankrunFixhealth.sp::IsTankRunActive
L 03/27/2026 - 19:04:01: [SM]   [2] Line 79, C:\Users\Moises\Downloads\Compressed\sourcemod-1.11.0-git6968-windows\addons\sourcemod\scripting\ÒankrunFixhealth.sp::Event_PlayerDeath
L 03/27/2026 - 19:04:01: [SM] Exception reported: Invalid convar handle 0 (error 4)
L 03/27/2026 - 19:04:01: [SM] Blaming: ÒankrunFixhealth.smx
L 03/27/2026 - 19:04:01: [SM] Call stack trace:
L 03/27/2026 - 19:04:01: [SM]   [0] GetConVarString
L 03/27/2026 - 19:04:01: [SM]   [1] Line 138, C:\Users\Moises\Downloads\Compressed\sourcemod-1.11.0-git6968-windows\addons\sourcemod\scripting\ÒankrunFixhealth.sp::IsTankRunActive
L 03/27/2026 - 19:04:01: [SM]   [2] Line 91, C:\Users\Moises\Downloads\Compressed\sourcemod-1.11.0-git6968-windows\addons\sourcemod\scripting\ÒankrunFixhealth.sp::Event_MissionLost
L 03/27/2026 - 19:04:02: [SM] Exception reported: Invalid convar handle 0 (error 4)
L 03/27/2026 - 19:04:02: [SM] Blaming: ÒankrunFixhealth.smx
L 03/27/2026 - 19:04:02: [SM] Call stack trace:
L 03/27/2026 - 19:04:02: [SM]   [0] GetConVarString
L 03/27/2026 - 19:04:02: [SM]   [1] Line 138, C:\Users\Moises\Downloads\Compressed\sourcemod-1.11.0-git6968-windows\addons\sourcemod\scripting\ÒankrunFixhealth.sp::IsTankRunActive
L 03/27/2026 - 19:04:02: [SM]   [2] Line 36, C:\Users\Moises\Downloads\Compressed\sourcemod-1.11.0-git6968-windows\addons\sourcemod\scripting\ÒankrunFixhealth.sp::Timer_PeriodicCheck
L 03/27/2026 - 19:04:08: [SM] Exception reported: Invalid convar handle 0 (error 4)
L 03/27/2026 - 19:04:08: [SM] Blaming: ÒankrunFixhealth.smx
L 03/27/2026 - 19:04:08: [SM] Call stack trace:
L 03/27/2026 - 19:04:08: [SM]   [0] GetConVarString
L 03/27/2026 - 19:04:08: [SM]   [1] Line 138, C:\Users\Moises\Downloads\Compressed\sourcemod-1.11.0-git6968-windows\addons\sourcemod\scripting\ÒankrunFixhealth.sp::IsTankRunActive
L 03/27/2026 - 19:04:08: [SM]   [2] Line 54, C:\Users\Moises\Downloads\Compressed\sourcemod-1.11.0-git6968-windows\addons\sourcemod\scripting\ÒankrunFixhealth.sp::Event_RoundStart
L 03/27/2026 - 19:04:08: [SM] Exception reported: Invalid timer handle 4c700565 (error 1)
L 03/27/2026 - 19:04:08: [SM] Blaming: l4d2_playerjoining_v2.smx
L 03/27/2026 - 19:04:08: [SM] Call stack trace:
L 03/27/2026 - 19:04:08: [SM]   [0] KillTimer
L 03/27/2026 - 19:04:08: [SM]   [1] Line 53, C:\Users\Moises\Downloads\Compressed\sourcemod-1.11.0-git6968-windows\addons\sourcemod\scripting\l4d2_playerjoining_v2.sp::OnClientDisconnect
L 03/27/2026 - 19:04:08: [SM] Exception reported: Invalid timer handle d300058e (error 1)
L 03/27/2026 - 19:04:08: [SM] Blaming: l4d2_playerjoining_v2.smx
L 03/27/2026 - 19:04:08: [SM] Call stack trace:
L 03/27/2026 - 19:04:08: [SM]   [0] KillTimer
L 03/27/2026 - 19:04:08: [SM]   [1] Line 53, C:\Users\Moises\Downloads\Compressed\sourcemod-1.11.0-git6968-windows\addons\sourcemod\scripting\l4d2_playerjoining_v2.sp::OnClientDisconnect
L 03/27/2026 - 19:04:08: [SM] Exception reported: Invalid timer handle 29f00559 (error 1)
L 03/27/2026 - 19:04:08: [SM] Blaming: l4d2_playerjoining_v2.smx
L 03/27/2026 - 19:04:08: [SM] Call stack trace:
L 03/27/2026 - 19:04:08: [SM]   [0] KillTimer
L 03/27/2026 - 19:04:08: [SM]   [1] Line 53, C:\Users\Moises\Downloads\Compressed\sourcemod-1.11.0-git6968-windows\addons\sourcemod\scripting\l4d2_playerjoining_v2.sp::OnClientDisconnect
L 03/27/2026 - 19:04:08: [SM] Exception reported: Invalid timer handle 18100595 (error 1)
L 03/27/2026 - 19:04:08: [SM] Blaming: l4d2_playerjoining_v2.smx
L 03/27/2026 - 19:04:08: [SM] Call stack trace:
L 03/27/2026 - 19:04:08: [SM]   [0] KillTimer
L 03/27/2026 - 19:04:08: [SM]   [1] Line 53, C:\Users\Moises\Downloads\Compressed\sourcemod-1.11.0-git6968-windows\addons\sourcemod\scripting\l4d2_playerjoining_v2.sp::OnClientDisconnect
L 03/27/2026 - 19:04:13: [SM] Exception reported: Invalid convar handle 0 (error 4)
L 03/27/2026 - 19:04:13: [SM] Blaming: ÒankrunFixhealth.smx
L 03/27/2026 - 19:04:13: [SM] Call stack trace:
L 03/27/2026 - 19:04:13: [SM]   [0] GetConVarString
L 03/27/2026 - 19:04:13: [SM]   [1] Line 138, C:\Users\Moises\Downloads\Compressed\sourcemod-1.11.0-git6968-windows\addons\sourcemod\scripting\ÒankrunFixhealth.sp::IsTankRunActive
L 03/27/2026 - 19:04:13: [SM]   [2] Line 36, C:\Users\Moises\Downloads\Compressed\sourcemod-1.11.0-git6968-windows\addons\sourcemod\scripting\ÒankrunFixhealth.sp::Timer_PeriodicCheck
L 03/27/2026 - 19:04:14: [SM] Exception reported: Invalid convar handle 0 (error 4)
L 03/27/2026 - 19:04:14: [SM] Blaming: ÒankrunFixhealth.smx
L 03/27/2026 - 19:04:14: [SM] Call stack trace:
L 03/27/2026 - 19:04:14: [SM]   [0] GetConVarString
L 03/27/2026 - 19:04:14: [SM]   [1] Line 138, C:\Users\Moises\Downloads\Compressed\sourcemod-1.11.0-git6968-windows\addons\sourcemod\scripting\ÒankrunFixhealth.sp::IsTankRunActive
L 03/27/2026 - 19:04:14: [SM]   [2] Line 79, C:\Users\Moises\Downloads\Compressed\sourcemod-1.11.0-git6968-windows\addons\sourcemod\scripting\ÒankrunFixhealth.sp::Event_PlayerDeath
L 03/27/2026 - 19:04:16: [SM] Exception reported: Invalid convar handle 0 (error 4)
L 03/27/2026 - 19:04:16: [SM] Blaming: ÒankrunFixhealth.smx
L 03/27/2026 - 19:04:16: [SM] Call stack trace:
L 03/27/2026 - 19:04:16: [SM]   [0] GetConVarString
L 03/27/2026 - 19:04:16: [SM]   [1] Line 138, C:\Users\Moises\Downloads\Compressed\sourcemod-1.11.0-git6968-windows\addons\sourcemod\scripting\ÒankrunFixhealth.sp::IsTankRunActive
L 03/27/2026 - 19:04:16: [SM]   [2] Line 79, C:\Users\Moises\Downloads\Compressed\sourcemod-1.11.0-git6968-windows\addons\sourcemod\scripting\ÒankrunFixhealth.sp::Event_PlayerDeath
L 03/27/2026 - 19:04:21: [SM] Exception reported: Language phrase "No Any Dead Survivor" not found (arg 6)
L 03/27/2026 - 19:04:21: [SM] Blaming: l4d_sm_respawn.smx
L 03/27/2026 - 19:04:21: [SM] Call stack trace:
L 03/27/2026 - 19:04:21: [SM]   [0] FormatEx
L 03/27/2026 - 19:04:21: [SM]   [1] Line 202, d:\Github\Private-Work\L4D2-Êèí‰ª∂\scripting_1.11\l4d_sm_respawn.sp::MenuClientsToSpawn
L 03/27/2026 - 19:04:21: [SM]   [2] Line 239, d:\Github\Private-Work\L4D2-Êèí‰ª∂\scripting_1.11\l4d_sm_respawn.sp::MenuHandler_MenuList
L 03/27/2026 - 19:04:23: [SM] Exception reported: Invalid convar handle 0 (error 4)
L 03/27/2026 - 19:04:23: [SM] Blaming: ÒankrunFixhealth.smx
L 03/27/2026 - 19:04:23: [SM] Call stack trace:
L 03/27/2026 - 19:04:23: [SM]   [0] GetConVarString
L 03/27/2026 - 19:04:23: [SM]   [1] Line 138, C:\Users\Moises\Downloads\Compressed\sourcemod-1.11.0-git6968-windows\addons\sourcemod\scripting\ÒankrunFixhealth.sp::IsTankRunActive
L 03/27/2026 - 19:04:23: [SM]   [2] Line 36, C:\Users\Moises\Downloads\Compressed\sourcemod-1.11.0-git6968-windows\addons\sourcemod\scripting\ÒankrunFixhealth.sp::Timer_PeriodicCheck
L 03/27/2026 - 19:04:33: [SM] Exception reported: Invalid convar handle 0 (error 4)
L 03/27/2026 - 19:04:33: [SM] Blaming: ÒankrunFixhealth.smx
L 03/27/2026 - 19:04:33: [SM] Call stack trace:
L 03/27/2026 - 19:04:33: [SM]   [0] GetConVarString
L 03/27/2026 - 19:04:33: [SM]   [1] Line 138, C:\Users\Moises\Downloads\Compressed\sourcemod-1.11.0-git6968-windows\addons\sourcemod\scripting\ÒankrunFixhealth.sp::IsTankRunActive
L 03/27/2026 - 19:04:33: [SM]   [2] Line 36, C:\Users\Moises\Downloads\Compressed\sourcemod-1.11.0-git6968-windows\addons\sourcemod\scripting\ÒankrunFixhealth.sp::Timer_PeriodicCheck
L 03/27/2026 - 19:04:43: [SM] Exception reported: Invalid convar handle 0 (error 4)
L 03/27/2026 - 19:04:43: [SM] Blaming: ÒankrunFixhealth.smx
L 03/27/2026 - 19:04:43: [SM] Call stack trace:
L 03/27/2026 - 19:04:43: [SM]   [0] GetConVarString
L 03/27/2026 - 19:04:43: [SM]   [1] Line 138, C:\Users\Moises\Downloads\Compressed\sourcemod-1.11.0-git6968-windows\addons\sourcemod\scripting\ÒankrunFixhealth.sp::IsTankRunActive
L 03/27/2026 - 19:04:43: [SM]   [2] Line 36, C:\Users\Moises\Downloads\Compressed\sourcemod-1.11.0-git6968-windows\addons\sourcemod\scripting\ÒankrunFixhealth.sp::Timer_PeriodicCheck
L 03/27/2026 - 19:04:43: [SM] Exception reported: Invalid convar handle 0 (error 4)
L 03/27/2026 - 19:04:43: [SM] Blaming: ÒankrunFixhealth.smx
L 03/27/2026 - 19:04:43: [SM] Call stack trace:
L 03/27/2026 - 19:04:43: [SM]   [0] GetConVarString
L 03/27/2026 - 19:04:43: [SM]   [1] Line 138, C:\Users\Moises\Downloads\Compressed\sourcemod-1.11.0-git6968-windows\addons\sourcemod\scripting\ÒankrunFixhealth.sp::IsTankRunActive
L 03/27/2026 - 19:04:43: [SM]   [2] Line 79, C:\Users\Moises\Downloads\Compressed\sourcemod-1.11.0-git6968-windows\addons\sourcemod\scripting\ÒankrunFixhealth.sp::Event_PlayerDeath
L 03/27/2026 - 19:04:53: [SM] Exception reported: Invalid convar handle 0 (error 4)
L 03/27/2026 - 19:04:53: [SM] Blaming: ÒankrunFixhealth.smx
L 03/27/2026 - 19:04:53: [SM] Call stack trace:
L 03/27/2026 - 19:04:53: [SM]   [0] GetConVarString
L 03/27/2026 - 19:04:53: [SM]   [1] Line 138, C:\Users\Moises\Downloads\Compressed\sourcemod-1.11.0-git6968-windows\addons\sourcemod\scripting\ÒankrunFixhealth.sp::IsTankRunActive
L 03/27/2026 - 19:04:53: [SM]   [2] Line 36, C:\Users\Moises\Downloads\Compressed\sourcemod-1.11.0-git6968-windows\addons\sourcemod\scripting\ÒankrunFixhealth.sp::Timer_PeriodicCheck
L 03/27/2026 - 19:04:56: [SM] Exception reported: Invalid timer handle 4c700565 (error 3)
L 03/27/2026 - 19:04:56: [SM] Blaming: l4d2_playerjoining_v2.smx
L 03/27/2026 - 19:04:56: [SM] Call stack trace:
L 03/27/2026 - 19:04:56: [SM]   [0] KillTimer
L 03/27/2026 - 19:04:56: [SM]   [1] Line 53, C:\Users\Moises\Downloads\Compressed\sourcemod-1.11.0-git6968-windows\addons\sourcemod\scripting\l4d2_playerjoining_v2.sp::OnClientDisconnect
L 03/27/2026 - 19:04:58: [SM] Exception reported: Language phrase "Please wait to be revived or rescued" not found (arg 6)
L 03/27/2026 - 19:04:58: [SM] Blaming: l4dmultislots.smx
L 03/27/2026 - 19:04:58: [SM] Call stack trace:
L 03/27/2026 - 19:04:58: [SM]   [0] PrintToChat
L 03/27/2026 - 19:04:58: [SM]   [1] Line 953, d:\Github\Private-Work\L4D2-Êèí‰ª∂\scripting_1.11\l4dmultislots.sp::Timer_SpecCheck
L 03/27/2026 - 19:05:03: [SM] Exception reported: Invalid convar handle 0 (error 4)
L 03/27/2026 - 19:05:03: [SM] Blaming: ÒankrunFixhealth.smx
L 03/27/2026 - 19:05:03: [SM] Call stack trace:
L 03/27/2026 - 19:05:03: [SM]   [0] GetConVarString
L 03/27/2026 - 19:05:03: [SM]   [1] Line 138, C:\Users\Moises\Downloads\Compressed\sourcemod-1.11.0-git6968-windows\addons\sourcemod\scripting\ÒankrunFixhealth.sp::IsTankRunActive
L 03/27/2026 - 19:05:03: [SM]   [2] Line 36, C:\Users\Moises\Downloads\Compressed\sourcemod-1.11.0-git6968-windows\addons\sourcemod\scripting\ÒankrunFixhealth.sp::Timer_PeriodicCheck
L 03/27/2026 - 19:05:13: [SM] Exception reported: Invalid convar handle 0 (error 4)
L 03/27/2026 - 19:05:13: [SM] Blaming: ÒankrunFixhealth.smx
L 03/27/2026 - 19:05:13: [SM] Call stack trace:
L 03/27/2026 - 19:05:13: [SM]   [0] GetConVarString
L 03/27/2026 - 19:05:13: [SM]   [1] Line 138, C:\Users\Moises\Downloads\Compressed\sourcemod-1.11.0-git6968-windows\addons\sourcemod\scripting\ÒankrunFixhealth.sp::IsTankRunActive
L 03/27/2026 - 19:05:13: [SM]   [2] Line 36, C:\Users\Moises\Downloads\Compressed\sourcemod-1.11.0-git6968-windows\addons\sourcemod\scripting\ÒankrunFixhealth.sp::Timer_PeriodicCheck
L 03/27/2026 - 19:05:15: [SM] Exception reported: Invalid timer handle 4c700565 (error 3)
L 03/27/2026 - 19:05:15: [SM] Blaming: l4d2_playerjoining_v2.smx
L 03/27/2026 - 19:05:15: [SM] Call stack trace:
L 03/27/2026 - 19:05:15: [SM]   [0] KillTimer
L 03/27/2026 - 19:05:15: [SM]   [1] Line 53, C:\Users\Moises\Downloads\Compressed\sourcemod-1.11.0-git6968-windows\addons\sourcemod\scripting\l4d2_playerjoining_v2.sp::OnClientDisconnect
L 03/27/2026 - 19:05:23: [SM] Exception reported: Invalid convar handle 0 (error 4)
L 03/27/2026 - 19:05:23: [SM] Blaming: ÒankrunFixhealth.smx
L 03/27/2026 - 19:05:23: [SM] Call stack trace:
L 03/27/2026 - 19:05:23: [SM]   [0] GetConVarString
L 03/27/2026 - 19:05:23: [SM]   [1] Line 138, C:\Users\Moises\Downloads\Compressed\sourcemod-1.11.0-git6968-windows\addons\sourcemod\scripting\ÒankrunFixhealth.sp::IsTankRunActive
L 03/27/2026 - 19:05:23: [SM]   [2] Line 36, C:\Users\Moises\Downloads\Compressed\sourcemod-1.11.0-git6968-windows\addons\sourcemod\scripting\ÒankrunFixhealth.sp::Timer_PeriodicCheck
L 03/27/2026 - 19:05:23: [SM] Exception reported: Language phrase "Please wait to be revived or rescued" not found (arg 6)
L 03/27/2026 - 19:05:23: [SM] Blaming: l4dmultislots.smx
L 03/27/2026 - 19:05:23: [SM] Call stack trace:
L 03/27/2026 - 19:05:23: [SM]   [0] PrintToChat
L 03/27/2026 - 19:05:23: [SM]   [1] Line 953, d:\Github\Private-Work\L4D2-Êèí‰ª∂\scripting_1.11\l4dmultislots.sp::Timer_SpecCheck
L 03/27/2026 - 19:05:25: [SM] Exception reported: Invalid Handle 0 (error 4)
L 03/27/2026 - 19:05:25: [SM] Blaming: l4dafkfix.smx
L 03/27/2026 - 19:05:25: [SM] Call stack trace:
L 03/27/2026 - 19:05:25: [SM]   [0] SDKCall
L 03/27/2026 - 19:05:25: [SM]   [1] Line 235, /home/forums/content/files/4/8/2/4/5/73422.attach::TakeOverBot
L 03/27/2026 - 19:05:25: [SM]   [2] Line 148, /home/forums/content/files/4/8/2/4/5/73422.attach::Event_PlayerDeath
L 03/27/2026 - 19:05:25: [SM] Exception reported: Invalid convar handle 0 (error 4)
L 03/27/2026 - 19:05:25: [SM] Blaming: ÒankrunFixhealth.smx
L 03/27/2026 - 19:05:25: [SM] Call stack trace:
L 03/27/2026 - 19:05:25: [SM]   [0] GetConVarString
L 03/27/2026 - 19:05:25: [SM]   [1] Line 138, C:\Users\Moises\Downloads\Compressed\sourcemod-1.11.0-git6968-windows\addons\sourcemod\scripting\ÒankrunFixhealth.sp::IsTankRunActive
L 03/27/2026 - 19:05:25: [SM]   [2] Line 79, C:\Users\Moises\Downloads\Compressed\sourcemod-1.11.0-git6968-windows\addons\sourcemod\scripting\ÒankrunFixhealth.sp::Event_PlayerDeath
L 03/27/2026 - 19:05:25: [SM] Exception reported: Invalid timer handle 18100595 (error 3)
L 03/27/2026 - 19:05:25: [SM] Blaming: l4d2_playerjoining_v2.smx
L 03/27/2026 - 19:05:25: [SM] Call stack trace:
L 03/27/2026 - 19:05:25: [SM]   [0] KillTimer
L 03/27/2026 - 19:05:25: [SM]   [1] Line 53, C:\Users\Moises\Downloads\Compressed\sourcemod-1.11.0-git6968-windows\addons\sourcemod\scripting\l4d2_playerjoining_v2.sp::OnClientDisconnect
L 03/27/2026 - 19:05:25: [SM] Exception reported: Invalid convar handle 0 (error 4)
L 03/27/2026 - 19:05:25: [SM] Blaming: ÒankrunFixhealth.smx
L 03/27/2026 - 19:05:25: [SM] Call stack trace:
L 03/27/2026 - 19:05:25: [SM]   [0] GetConVarString
L 03/27/2026 - 19:05:25: [SM]   [1] Line 138, C:\Users\Moises\Downloads\Compressed\sourcemod-1.11.0-git6968-windows\addons\sourcemod\scripting\ÒankrunFixhealth.sp::IsTankRunActive
L 03/27/2026 - 19:05:25: [SM]   [2] Line 79, C:\Users\Moises\Downloads\Compressed\sourcemod-1.11.0-git6968-windows\addons\sourcemod\scripting\ÒankrunFixhealth.sp::Event_PlayerDeath
L 03/27/2026 - 19:05:29: [SM] Exception reported: Invalid timer handle 18100595 (error 3)
L 03/27/2026 - 19:05:29: [SM] Blaming: l4d2_playerjoining_v2.smx
L 03/27/2026 - 19:05:29: [SM] Call stack trace:
L 03/27/2026 - 19:05:29: [SM]   [0] KillTimer
L 03/27/2026 - 19:05:29: [SM]   [1] Line 53, C:\Users\Moises\Downloads\Compressed\sourcemod-1.11.0-git6968-windows\addons\sourcemod\scripting\l4d2_playerjoining_v2.sp::OnClientDisconnect
L 03/27/2026 - 19:05:32: [SM] Exception reported: Invalid Handle 0 (error 4)
L 03/27/2026 - 19:05:32: [SM] Blaming: l4dafkfix.smx
L 03/27/2026 - 19:05:32: [SM] Call stack trace:
L 03/27/2026 - 19:05:32: [SM]   [0] SDKCall
L 03/27/2026 - 19:05:32: [SM]   [1] Line 235, /home/forums/content/files/4/8/2/4/5/73422.attach::TakeOverBot
L 03/27/2026 - 19:05:32: [SM]   [2] Line 148, /home/forums/content/files/4/8/2/4/5/73422.attach::Event_PlayerDeath
L 03/27/2026 - 19:05:32: [SM] Exception reported: Invalid convar handle 0 (error 4)
L 03/27/2026 - 19:05:32: [SM] Blaming: ÒankrunFixhealth.smx
L 03/27/2026 - 19:05:32: [SM] Call stack trace:
L 03/27/2026 - 19:05:32: [SM]   [0] GetConVarString
L 03/27/2026 - 19:05:32: [SM]   [1] Line 138, C:\Users\Moises\Downloads\Compressed\sourcemod-1.11.0-git6968-windows\addons\sourcemod\scripting\ÒankrunFixhealth.sp::IsTankRunActive
L 03/27/2026 - 19:05:32: [SM]   [2] Line 79, C:\Users\Moises\Downloads\Compressed\sourcemod-1.11.0-git6968-windows\addons\sourcemod\scripting\ÒankrunFixhealth.sp::Event_PlayerDeath
L 03/27/2026 - 19:05:32: [SM] Exception reported: Invalid timer handle 18100595 (error 3)
L 03/27/2026 - 19:05:32: [SM] Blaming: l4d2_playerjoining_v2.smx
L 03/27/2026 - 19:05:32: [SM] Call stack trace:
L 03/27/2026 - 19:05:32: [SM]   [0] KillTimer
L 03/27/2026 - 19:05:32: [SM]   [1] Line 53, C:\Users\Moises\Downloads\Compressed\sourcemod-1.11.0-git6968-windows\addons\sourcemod\scripting\l4d2_playerjoining_v2.sp::OnClientDisconnect
L 03/27/2026 - 19:05:32: [SM] Exception reported: Invalid Handle 0 (error 4)
L 03/27/2026 - 19:05:32: [SM] Blaming: l4dafkfix.smx
L 03/27/2026 - 19:05:32: [SM] Call stack trace:
L 03/27/2026 - 19:05:32: [SM]   [0] SDKCall
L 03/27/2026 - 19:05:32: [SM]   [1] Line 194, /home/forums/content/files/4/8/2/4/5/73422.attach::SetHumanIdle
L 03/27/2026 - 19:05:32: [SM]   [2] Line 172, /home/forums/content/files/4/8/2/4/5/73422.attach::Timer_ActivateFix
L 03/27/2026 - 19:05:33: [SM] Exception reported: Invalid convar handle 0 (error 4)
L 03/27/2026 - 19:05:33: [SM] Blaming: ÒankrunFixhealth.smx
L 03/27/2026 - 19:05:33: [SM] Call stack trace:
L 03/27/2026 - 19:05:33: [SM]   [0] GetConVarString
L 03/27/2026 - 19:05:33: [SM]   [1] Line 138, C:\Users\Moises\Downloads\Compressed\sourcemod-1.11.0-git6968-windows\addons\sourcemod\scripting\ÒankrunFixhealth.sp::IsTankRunActive
L 03/27/2026 - 19:05:33: [SM]   [2] Line 36, C:\Users\Moises\Downloads\Compressed\sourcemod-1.11.0-git6968-windows\addons\sourcemod\scripting\ÒankrunFixhealth.sp::Timer_PeriodicCheck
L 03/27/2026 - 19:05:39: [SM] Exception reported: Invalid timer handle 18100595 (error 3)
L 03/27/2026 - 19:05:39: [SM] Blaming: l4d2_playerjoining_v2.smx
L 03/27/2026 - 19:05:39: [SM] Call stack trace:
L 03/27/2026 - 19:05:39: [SM]   [0] KillTimer
L 03/27/2026 - 19:05:39: [SM]   [1] Line 53, C:\Users\Moises\Downloads\Compressed\sourcemod-1.11.0-git6968-windows\addons\sourcemod\scripting\l4d2_playerjoining_v2.sp::OnClientDisconnect
L 03/27/2026 - 19:05:40: [SM] Exception reported: Invalid convar handle 0 (error 4)
L 03/27/2026 - 19:05:40: [SM] Blaming: ÒankrunFixhealth.smx
L 03/27/2026 - 19:05:40: [SM] Call stack trace:
L 03/27/2026 - 19:05:40: [SM]   [0] GetConVarString
L 03/27/2026 - 19:05:40: [SM]   [1] Line 138, C:\Users\Moises\Downloads\Compressed\sourcemod-1.11.0-git6968-windows\addons\sourcemod\scripting\ÒankrunFixhealth.sp::IsTankRunActive
L 03/27/2026 - 19:05:40: [SM]   [2] Line 79, C:\Users\Moises\Downloads\Compressed\sourcemod-1.11.0-git6968-windows\addons\sourcemod\scripting\ÒankrunFixhealth.sp::Event_PlayerDeath
L 03/27/2026 - 19:05:43: [SM] Exception reported: Invalid convar handle 0 (error 4)
L 03/27/2026 - 19:05:43: [SM] Blaming: ÒankrunFixhealth.smx
L 03/27/2026 - 19:05:43: [SM] Call stack trace:
L 03/27/2026 - 19:05:43: [SM]   [0] GetConVarString
L 03/27/2026 - 19:05:43: [SM]   [1] Line 138, C:\Users\Moises\Downloads\Compressed\sourcemod-1.11.0-git6968-windows\addons\sourcemod\scripting\ÒankrunFixhealth.sp::IsTankRunActive
L 03/27/2026 - 19:05:43: [SM]   [2] Line 36, C:\Users\Moises\Downloads\Compressed\sourcemod-1.11.0-git6968-windows\addons\sourcemod\scripting\ÒankrunFixhealth.sp::Timer_PeriodicCheck
L 03/27/2026 - 19:05:47: [SM] Exception reported: Invalid convar handle 0 (error 4)
L 03/27/2026 - 19:05:47: [SM] Blaming: ÒankrunFixhealth.smx
L 03/27/2026 - 19:05:47: [SM] Call stack trace:
L 03/27/2026 - 19:05:47: [SM]   [0] GetConVarString
L 03/27/2026 - 19:05:47: [SM]   [1] Line 138, C:\Users\Moises\Downloads\Compressed\sourcemod-1.11.0-git6968-windows\addons\sourcemod\scripting\ÒankrunFixhealth.sp::IsTankRunActive
L 03/27/2026 - 19:05:47: [SM]   [2] Line 79, C:\Users\Moises\Downloads\Compressed\sourcemod-1.11.0-git6968-windows\addons\sourcemod\scripting\ÒankrunFixhealth.sp::Event_PlayerDeath
L 03/27/2026 - 19:05:48: [SM] Exception reported: Language phrase "Please wait to be revived or rescued" not found (arg 6)
L 03/27/2026 - 19:05:48: [SM] Blaming: l4dmultislots.smx
L 03/27/2026 - 19:05:48: [SM] Call stack trace:
L 03/27/2026 - 19:05:48: [SM]   [0] PrintToChat
L 03/27/2026 - 19:05:48: [SM]   [1] Line 953, d:\Github\Private-Work\L4D2-Êèí‰ª∂\scripting_1.11\l4dmultislots.sp::Timer_SpecCheck
L 03/27/2026 - 19:05:53: [SM] Exception reported: Invalid convar handle 0 (error 4)
L 03/27/2026 - 19:05:53: [SM] Blaming: ÒankrunFixhealth.smx
L 03/27/2026 - 19:05:53: [SM] Call stack trace:
L 03/27/2026 - 19:05:53: [SM]   [0] GetConVarString
L 03/27/2026 - 19:05:53: [SM]   [1] Line 138, C:\Users\Moises\Downloads\Compressed\sourcemod-1.11.0-git6968-windows\addons\sourcemod\scripting\ÒankrunFixhealth.sp::IsTankRunActive
L 03/27/2026 - 19:05:53: [SM]   [2] Line 36, C:\Users\Moises\Downloads\Compressed\sourcemod-1.11.0-git6968-windows\addons\sourcemod\scripting\ÒankrunFixhealth.sp::Timer_PeriodicCheck
L 03/27/2026 - 19:05:57: [SM] Exception reported: Invalid Handle 0 (error 4)
L 03/27/2026 - 19:05:57: [SM] Blaming: l4dafkfix.smx
L 03/27/2026 - 19:05:57: [SM] Call stack trace:
L 03/27/2026 - 19:05:57: [SM]   [0] SDKCall
L 03/27/2026 - 19:05:57: [SM]   [1] Line 194, /home/forums/content/files/4/8/2/4/5/73422.attach::SetHumanIdle
L 03/27/2026 - 19:05:57: [SM]   [2] Line 172, /home/forums/content/files/4/8/2/4/5/73422.attach::Timer_ActivateFix
L 03/27/2026 - 19:06:03: [SM] Exception reported: Invalid convar handle 0 (error 4)
L 03/27/2026 - 19:06:03: [SM] Blaming: ÒankrunFixhealth.smx
L 03/27/2026 - 19:06:03: [SM] Call stack trace:
L 03/27/2026 - 19:06:03: [SM]   [0] GetConVarString
L 03/27/2026 - 19:06:03: [SM]   [1] Line 138, C:\Users\Moises\Downloads\Compressed\sourcemod-1.11.0-git6968-windows\addons\sourcemod\scripting\ÒankrunFixhealth.sp::IsTankRunActive
L 03/27/2026 - 19:06:03: [SM]   [2] Line 36, C:\Users\Moises\Downloads\Compressed\sourcemod-1.11.0-git6968-windows\addons\sourcemod\scripting\ÒankrunFixhealth.sp::Timer_PeriodicCheck
L 03/27/2026 - 19:06:12: [SM] Exception reported: Invalid convar handle 0 (error 4)
L 03/27/2026 - 19:06:12: [SM] Blaming: ÒankrunFixhealth.smx
L 03/27/2026 - 19:06:12: [SM] Call stack trace:
L 03/27/2026 - 19:06:12: [SM]   [0] GetConVarString
L 03/27/2026 - 19:06:12: [SM]   [1] Line 138, C:\Users\Moises\Downloads\Compressed\sourcemod-1.11.0-git6968-windows\addons\sourcemod\scripting\ÒankrunFixhealth.sp::IsTankRunActive
L 03/27/2026 - 19:06:12: [SM]   [2] Line 79, C:\Users\Moises\Downloads\Compressed\sourcemod-1.11.0-git6968-windows\addons\sourcemod\scripting\ÒankrunFixhealth.sp::Event_PlayerDeath
L 03/27/2026 - 19:06:12: [SM] Exception reported: Invalid convar handle 0 (error 4)
L 03/27/2026 - 19:06:12: [SM] Blaming: ÒankrunFixhealth.smx
L 03/27/2026 - 19:06:12: [SM] Call stack trace:
L 03/27/2026 - 19:06:12: [SM]   [0] GetConVarString
L 03/27/2026 - 19:06:12: [SM]   [1] Line 138, C:\Users\Moises\Downloads\Compressed\sourcemod-1.11.0-git6968-windows\addons\sourcemod\scripting\ÒankrunFixhealth.sp::IsTankRunActive
L 03/27/2026 - 19:06:12: [SM]   [2] Line 79, C:\Users\Moises\Downloads\Compressed\sourcemod-1.11.0-git6968-windows\addons\sourcemod\scripting\ÒankrunFixhealth.sp::Event_PlayerDeath
L 03/27/2026 - 19:06:13: [SM] Exception reported: Invalid convar handle 0 (error 4)
L 03/27/2026 - 19:06:13: [SM] Blaming: ÒankrunFixhealth.smx
L 03/27/2026 - 19:06:13: [SM] Call stack trace:
L 03/27/2026 - 19:06:13: [SM]   [0] GetConVarString
L 03/27/2026 - 19:06:13: [SM]   [1] Line 138, C:\Users\Moises\Downloads\Compressed\sourcemod-1.11.0-git6968-windows\addons\sourcemod\scripting\ÒankrunFixhealth.sp::IsTankRunActive
L 03/27/2026 - 19:06:13: [SM]   [2] Line 36, C:\Users\Moises\Downloads\Compressed\sourcemod-1.11.0-git6968-windows\addons\sourcemod\scripting\ÒankrunFixhealth.sp::Timer_PeriodicCheck
L 03/27/2026 - 19:06:13: [SM] Exception reported: Language phrase "Please wait to be revived or rescued" not found (arg 6)
L 03/27/2026 - 19:06:13: [SM] Blaming: l4dmultislots.smx
L 03/27/2026 - 19:06:13: [SM] Call stack trace:
L 03/27/2026 - 19:06:13: [SM]   [0] PrintToChat
L 03/27/2026 - 19:06:13: [SM]   [1] Line 953, d:\Github\Private-Work\L4D2-Êèí‰ª∂\scripting_1.11\l4dmultislots.sp::Timer_SpecCheck
L 03/27/2026 - 19:06:23: [SM] Exception reported: Invalid convar handle 0 (error 4)
L 03/27/2026 - 19:06:23: [SM] Blaming: ÒankrunFixhealth.smx
L 03/27/2026 - 19:06:23: [SM] Call stack trace:
L 03/27/2026 - 19:06:23: [SM]   [0] GetConVarString
L 03/27/2026 - 19:06:23: [SM]   [1] Line 138, C:\Users\Moises\Downloads\Compressed\sourcemod-1.11.0-git6968-windows\addons\sourcemod\scripting\ÒankrunFixhealth.sp::IsTankRunActive
L 03/27/2026 - 19:06:23: [SM]   [2] Line 36, C:\Users\Moises\Downloads\Compressed\sourcemod-1.11.0-git6968-windows\addons\sourcemod\scripting\ÒankrunFixhealth.sp::Timer_PeriodicCheck
L 03/27/2026 - 19:06:33: [SM] Exception reported: Invalid convar handle 0 (error 4)
L 03/27/2026 - 19:06:33: [SM] Blaming: ÒankrunFixhealth.smx
L 03/27/2026 - 19:06:33: [SM] Call stack trace:
L 03/27/2026 - 19:06:33: [SM]   [0] GetConVarString
L 03/27/2026 - 19:06:33: [SM]   [1] Line 138, C:\Users\Moises\Downloads\Compressed\sourcemod-1.11.0-git6968-windows\addons\sourcemod\scripting\ÒankrunFixhealth.sp::IsTankRunActive
L 03/27/2026 - 19:06:33: [SM]   [2] Line 79, C:\Users\Moises\Downloads\Compressed\sourcemod-1.11.0-git6968-windows\addons\sourcemod\scripting\ÒankrunFixhealth.sp::Event_PlayerDeath
L 03/27/2026 - 19:06:33: [SM] Exception reported: Invalid convar handle 0 (error 4)
L 03/27/2026 - 19:06:33: [SM] Blaming: ÒankrunFixhealth.smx
L 03/27/2026 - 19:06:33: [SM] Call stack trace:
L 03/27/2026 - 19:06:33: [SM]   [0] GetConVarString
L 03/27/2026 - 19:06:33: [SM]   [1] Line 138, C:\Users\Moises\Downloads\Compressed\sourcemod-1.11.0-git6968-windows\addons\sourcemod\scripting\ÒankrunFixhealth.sp::IsTankRunActive
L 03/27/2026 - 19:06:33: [SM]   [2] Line 36, C:\Users\Moises\Downloads\Compressed\sourcemod-1.11.0-git6968-windows\addons\sourcemod\scripting\ÒankrunFixhealth.sp::Timer_PeriodicCheck
L 03/27/2026 - 19:06:34: [SM] Exception reported: Invalid convar handle 0 (error 4)
L 03/27/2026 - 19:06:34: [SM] Blaming: ÒankrunFixhealth.smx
L 03/27/2026 - 19:06:34: [SM] Call stack trace:
L 03/27/2026 - 19:06:34: [SM]   [0] GetConVarString
L 03/27/2026 - 19:06:34: [SM]   [1] Line 138, C:\Users\Moises\Downloads\Compressed\sourcemod-1.11.0-git6968-windows\addons\sourcemod\scripting\ÒankrunFixhealth.sp::IsTankRunActive
L 03/27/2026 - 19:06:34: [SM]   [2] Line 79, C:\Users\Moises\Downloads\Compressed\sourcemod-1.11.0-git6968-windows\addons\sourcemod\scripting\ÒankrunFixhealth.sp::Event_PlayerDeath
L 03/27/2026 - 19:06:36: [SM] Exception reported: Invalid convar handle 0 (error 4)
L 03/27/2026 - 19:06:36: [SM] Blaming: ÒankrunFixhealth.smx
L 03/27/2026 - 19:06:36: [SM] Call stack trace:
L 03/27/2026 - 19:06:36: [SM]   [0] GetConVarString
L 03/27/2026 - 19:06:36: [SM]   [1] Line 138, C:\Users\Moises\Downloads\Compressed\sourcemod-1.11.0-git6968-windows\addons\sourcemod\scripting\ÒankrunFixhealth.sp::IsTankRunActive
L 03/27/2026 - 19:06:36: [SM]   [2] Line 79, C:\Users\Moises\Downloads\Compressed\sourcemod-1.11.0-git6968-windows\addons\sourcemod\scripting\ÒankrunFixhealth.sp::Event_PlayerDeath
L 03/27/2026 - 19:06:38: [SM] Exception reported: Language phrase "Please wait to be revived or rescued" not found (arg 6)
L 03/27/2026 - 19:06:38: [SM] Blaming: l4dmultislots.smx
L 03/27/2026 - 19:06:38: [SM] Call stack trace:
L 03/27/2026 - 19:06:38: [SM]   [0] PrintToChat
L 03/27/2026 - 19:06:38: [SM]   [1] Line 953, d:\Github\Private-Work\L4D2-Êèí‰ª∂\scripting_1.11\l4dmultislots.sp::Timer_SpecCheck
L 03/27/2026 - 19:06:43: [SM] Exception reported: Invalid convar handle 0 (error 4)
L 03/27/2026 - 19:06:43: [SM] Blaming: ÒankrunFixhealth.smx
L 03/27/2026 - 19:06:43: [SM] Call stack trace:
L 03/27/2026 - 19:06:43: [SM]   [0] GetConVarString
L 03/27/2026 - 19:06:43: [SM]   [1] Line 138, C:\Users\Moises\Downloads\Compressed\sourcemod-1.11.0-git6968-windows\addons\sourcemod\scripting\ÒankrunFixhealth.sp::IsTankRunActive
L 03/27/2026 - 19:06:43: [SM]   [2] Line 36, C:\Users\Moises\Downloads\Compressed\sourcemod-1.11.0-git6968-windows\addons\sourcemod\scripting\ÒankrunFixhealth.sp::Timer_PeriodicCheck
L 03/27/2026 - 19:06:43: [SM] Exception reported: Invalid timer handle 18100595 (error 3)
L 03/27/2026 - 19:06:43: [SM] Blaming: l4d2_playerjoining_v2.smx
L 03/27/2026 - 19:06:43: [SM] Call stack trace:
L 03/27/2026 - 19:06:43: [SM]   [0] KillTimer
L 03/27/2026 - 19:06:43: [SM]   [1] Line 53, C:\Users\Moises\Downloads\Compressed\sourcemod-1.11.0-git6968-windows\addons\sourcemod\scripting\l4d2_playerjoining_v2.sp::OnClientDisconnect
L 03/27/2026 - 19:06:43: [SM] Exception reported: Property "m_vecAngularVelocity" not found (entity 49/weapon_autoshotgun)
L 03/27/2026 - 19:06:43: [SM] Blaming: l4d2_tank_core v4_5.smx
L 03/27/2026 - 19:06:43: [SM] Call stack trace:
L 03/27/2026 - 19:06:43: [SM]   [0] SetEntPropVector
L 03/27/2026 - 19:06:43: [SM]   [1] Line 650, D:\SteamLibrary\steamapps\common\Left 4 Dead 2\left4dead2\addons\sourcemod\scripting\l4d2_tank_core v4_5.sp::DropItemsPhysically
L 03/27/2026 - 19:06:43: [SM]   [2] Line 549, D:\SteamLibrary\steamapps\common\Left 4 Dead 2\left4dead2\addons\sourcemod\scripting\l4d2_tank_core v4_5.sp::Event_PlayerHurt
L 03/27/2026 - 19:06:46: [SM] Exception reported: Invalid convar handle 0 (error 4)
L 03/27/2026 - 19:06:46: [SM] Blaming: ÒankrunFixhealth.smx
L 03/27/2026 - 19:06:46: [SM] Call stack trace:
L 03/27/2026 - 19:06:46: [SM]   [0] GetConVarString
L 03/27/2026 - 19:06:46: [SM]   [1] Line 138, C:\Users\Moises\Downloads\Compressed\sourcemod-1.11.0-git6968-windows\addons\sourcemod\scripting\ÒankrunFixhealth.sp::IsTankRunActive
L 03/27/2026 - 19:06:46: [SM]   [2] Line 79, C:\Users\Moises\Downloads\Compressed\sourcemod-1.11.0-git6968-windows\addons\sourcemod\scripting\ÒankrunFixhealth.sp::Event_PlayerDeath
L 03/27/2026 - 19:06:46: [SM] Exception reported: Invalid convar handle 0 (error 4)
L 03/27/2026 - 19:06:46: [SM] Blaming: ÒankrunFixhealth.smx
L 03/27/2026 - 19:06:46: [SM] Call stack trace:
L 03/27/2026 - 19:06:46: [SM]   [0] GetConVarString
L 03/27/2026 - 19:06:46: [SM]   [1] Line 138, C:\Users\Moises\Downloads\Compressed\sourcemod-1.11.0-git6968-windows\addons\sourcemod\scripting\ÒankrunFixhealth.sp::IsTankRunActive
L 03/27/2026 - 19:06:46: [SM]   [2] Line 79, C:\Users\Moises\Downloads\Compressed\sourcemod-1.11.0-git6968-windows\addons\sourcemod\scripting\ÒankrunFixhealth.sp::Event_PlayerDeath
L 03/27/2026 - 19:06:46: [SM] Exception reported: Invalid convar handle 0 (error 4)
L 03/27/2026 - 19:06:46: [SM] Blaming: ÒankrunFixhealth.smx
L 03/27/2026 - 19:06:46: [SM] Call stack trace:
L 03/27/2026 - 19:06:46: [SM]   [0] GetConVarString
L 03/27/2026 - 19:06:46: [SM]   [1] Line 138, C:\Users\Moises\Downloads\Compressed\sourcemod-1.11.0-git6968-windows\addons\sourcemod\scripting\ÒankrunFixhealth.sp::IsTankRunActive
L 03/27/2026 - 19:06:46: [SM]   [2] Line 79, C:\Users\Moises\Downloads\Compressed\sourcemod-1.11.0-git6968-windows\addons\sourcemod\scripting\ÒankrunFixhealth.sp::Event_PlayerDeath
L 03/27/2026 - 19:06:53: [SM] Exception reported: Invalid convar handle 0 (error 4)
L 03/27/2026 - 19:06:53: [SM] Blaming: ÒankrunFixhealth.smx
L 03/27/2026 - 19:06:53: [SM] Call stack trace:
L 03/27/2026 - 19:06:53: [SM]   [0] GetConVarString
L 03/27/2026 - 19:06:53: [SM]   [1] Line 138, C:\Users\Moises\Downloads\Compressed\sourcemod-1.11.0-git6968-windows\addons\sourcemod\scripting\ÒankrunFixhealth.sp::IsTankRunActive
L 03/27/2026 - 19:06:53: [SM]   [2] Line 36, C:\Users\Moises\Downloads\Compressed\sourcemod-1.11.0-git6968-windows\addons\sourcemod\scripting\ÒankrunFixhealth.sp::Timer_PeriodicCheck
L 03/27/2026 - 19:06:53: [SM] Exception reported: Invalid timer handle 4c700565 (error 3)
L 03/27/2026 - 19:06:53: [SM] Blaming: l4d2_playerjoining_v2.smx
L 03/27/2026 - 19:06:53: [SM] Call stack trace:
L 03/27/2026 - 19:06:53: [SM]   [0] KillTimer
L 03/27/2026 - 19:06:53: [SM]   [1] Line 53, C:\Users\Moises\Downloads\Compressed\sourcemod-1.11.0-git6968-windows\addons\sourcemod\scripting\l4d2_playerjoining_v2.sp::OnClientDisconnect
L 03/27/2026 - 19:06:53: [SM] Exception reported: Invalid timer handle d300058e (error 1)
L 03/27/2026 - 19:06:53: [SM] Blaming: l4d2_playerjoining_v2.smx
L 03/27/2026 - 19:06:53: [SM] Call stack trace:
L 03/27/2026 - 19:06:53: [SM]   [0] KillTimer
L 03/27/2026 - 19:06:53: [SM]   [1] Line 53, C:\Users\Moises\Downloads\Compressed\sourcemod-1.11.0-git6968-windows\addons\sourcemod\scripting\l4d2_playerjoining_v2.sp::OnClientDisconnect
L 03/27/2026 - 19:06:53: [SM] Exception reported: Invalid timer handle 40b00584 (error 1)
L 03/27/2026 - 19:06:53: [SM] Blaming: l4d2_playerjoining_v2.smx
L 03/27/2026 - 19:06:53: [SM] Call stack trace:
L 03/27/2026 - 19:06:53: [SM]   [0] KillTimer
L 03/27/2026 - 19:06:53: [SM]   [1] Line 53, C:\Users\Moises\Downloads\Compressed\sourcemod-1.11.0-git6968-windows\addons\sourcemod\scripting\l4d2_playerjoining_v2.sp::OnClientDisconnect
L 03/27/2026 - 19:07:03: [SM] Exception reported: Invalid convar handle 0 (error 4)
L 03/27/2026 - 19:07:03: [SM] Blaming: ÒankrunFixhealth.smx
L 03/27/2026 - 19:07:03: [SM] Call stack trace:
L 03/27/2026 - 19:07:03: [SM]   [0] GetConVarString
L 03/27/2026 - 19:07:03: [SM]   [1] Line 138, C:\Users\Moises\Downloads\Compressed\sourcemod-1.11.0-git6968-windows\addons\sourcemod\scripting\ÒankrunFixhealth.sp::IsTankRunActive
L 03/27/2026 - 19:07:03: [SM]   [2] Line 36, C:\Users\Moises\Downloads\Compressed\sourcemod-1.11.0-git6968-windows\addons\sourcemod\scripting\ÒankrunFixhealth.sp::Timer_PeriodicCheck
L 03/27/2026 - 19:07:03: [SM] Exception reported: Language phrase "Please wait to be revived or rescued" not found (arg 6)
L 03/27/2026 - 19:07:03: [SM] Blaming: l4dmultislots.smx
L 03/27/2026 - 19:07:03: [SM] Call stack trace:
L 03/27/2026 - 19:07:03: [SM]   [0] PrintToChat
L 03/27/2026 - 19:07:03: [SM]   [1] Line 953, d:\Github\Private-Work\L4D2-Êèí‰ª∂\scripting_1.11\l4dmultislots.sp::Timer_SpecCheck
L 03/27/2026 - 19:07:13: [SM] Exception reported: Invalid convar handle 0 (error 4)
L 03/27/2026 - 19:07:13: [SM] Blaming: ÒankrunFixhealth.smx
L 03/27/2026 - 19:07:13: [SM] Call stack trace:
L 03/27/2026 - 19:07:13: [SM]   [0] GetConVarString
L 03/27/2026 - 19:07:13: [SM]   [1] Line 138, C:\Users\Moises\Downloads\Compressed\sourcemod-1.11.0-git6968-windows\addons\sourcemod\scripting\ÒankrunFixhealth.sp::IsTankRunActive
L 03/27/2026 - 19:07:13: [SM]   [2] Line 36, C:\Users\Moises\Downloads\Compressed\sourcemod-1.11.0-git6968-windows\addons\sourcemod\scripting\ÒankrunFixhealth.sp::Timer_PeriodicCheck
L 03/27/2026 - 19:07:23: [SM] Exception reported: Invalid convar handle 0 (error 4)
L 03/27/2026 - 19:07:23: [SM] Blaming: ÒankrunFixhealth.smx
L 03/27/2026 - 19:07:23: [SM] Call stack trace:
L 03/27/2026 - 19:07:23: [SM]   [0] GetConVarString
L 03/27/2026 - 19:07:23: [SM]   [1] Line 138, C:\Users\Moises\Downloads\Compressed\sourcemod-1.11.0-git6968-windows\addons\sourcemod\scripting\ÒankrunFixhealth.sp::IsTankRunActive
L 03/27/2026 - 19:07:23: [SM]   [2] Line 36, C:\Users\Moises\Downloads\Compressed\sourcemod-1.11.0-git6968-windows\addons\sourcemod\scripting\ÒankrunFixhealth.sp::Timer_PeriodicCheck
L 03/27/2026 - 19:07:28: [SM] Exception reported: Language phrase "Please wait to be revived or rescued" not found (arg 6)
L 03/27/2026 - 19:07:28: [SM] Blaming: l4dmultislots.smx
L 03/27/2026 - 19:07:28: [SM] Call stack trace:
L 03/27/2026 - 19:07:28: [SM]   [0] PrintToChat
L 03/27/2026 - 19:07:28: [SM]   [1] Line 953, d:\Github\Private-Work\L4D2-Êèí‰ª∂\scripting_1.11\l4dmultislots.sp::Timer_SpecCheck
L 03/27/2026 - 19:07:33: [SM] Exception reported: Invalid convar handle 0 (error 4)
L 03/27/2026 - 19:07:33: [SM] Blaming: ÒankrunFixhealth.smx
L 03/27/2026 - 19:07:33: [SM] Call stack trace:
L 03/27/2026 - 19:07:33: [SM]   [0] GetConVarString
L 03/27/2026 - 19:07:33: [SM]   [1] Line 138, C:\Users\Moises\Downloads\Compressed\sourcemod-1.11.0-git6968-windows\addons\sourcemod\scripting\ÒankrunFixhealth.sp::IsTankRunActive
L 03/27/2026 - 19:07:33: [SM]   [2] Line 36, C:\Users\Moises\Downloads\Compressed\sourcemod-1.11.0-git6968-windows\addons\sourcemod\scripting\ÒankrunFixhealth.sp::Timer_PeriodicCheck
L 03/27/2026 - 19:07:43: [SM] Exception reported: Invalid convar handle 0 (error 4)
L 03/27/2026 - 19:07:43: [SM] Blaming: ÒankrunFixhealth.smx
L 03/27/2026 - 19:07:43: [SM] Call stack trace:
L 03/27/2026 - 19:07:43: [SM]   [0] GetConVarString
L 03/27/2026 - 19:07:43: [SM]   [1] Line 138, C:\Users\Moises\Downloads\Compressed\sourcemod-1.11.0-git6968-windows\addons\sourcemod\scripting\ÒankrunFixhealth.sp::IsTankRunActive
L 03/27/2026 - 19:07:43: [SM]   [2] Line 36, C:\Users\Moises\Downloads\Compressed\sourcemod-1.11.0-git6968-windows\addons\sourcemod\scripting\ÒankrunFixhealth.sp::Timer_PeriodicCheck
L 03/27/2026 - 19:07:43: [SM] Exception reported: Invalid convar handle 0 (error 4)
L 03/27/2026 - 19:07:43: [SM] Blaming: ÒankrunFixhealth.smx
L 03/27/2026 - 19:07:43: [SM] Call stack trace:
L 03/27/2026 - 19:07:43: [SM]   [0] GetConVarString
L 03/27/2026 - 19:07:43: [SM]   [1] Line 138, C:\Users\Moises\Downloads\Compressed\sourcemod-1.11.0-git6968-windows\addons\sourcemod\scripting\ÒankrunFixhealth.sp::IsTankRunActive
L 03/27/2026 - 19:07:43: [SM]   [2] Line 79, C:\Users\Moises\Downloads\Compressed\sourcemod-1.11.0-git6968-windows\addons\sourcemod\scripting\ÒankrunFixhealth.sp::Event_PlayerDeath
L 03/27/2026 - 19:07:44: [SM] Exception reported: Invalid convar handle 0 (error 4)
L 03/27/2026 - 19:07:44: [SM] Blaming: ÒankrunFixhealth.smx
L 03/27/2026 - 19:07:44: [SM] Call stack trace:
L 03/27/2026 - 19:07:44: [SM]   [0] GetConVarString
L 03/27/2026 - 19:07:44: [SM]   [1] Line 138, C:\Users\Moises\Downloads\Compressed\sourcemod-1.11.0-git6968-windows\addons\sourcemod\scripting\ÒankrunFixhealth.sp::IsTankRunActive
L 03/27/2026 - 19:07:44: [SM]   [2] Line 91, C:\Users\Moises\Downloads\Compressed\sourcemod-1.11.0-git6968-windows\addons\sourcemod\scripting\ÒankrunFixhealth.sp::Event_MissionLost
L 03/27/2026 - 19:07:51: [SM] Exception reported: Invalid convar handle 0 (error 4)
L 03/27/2026 - 19:07:51: [SM] Blaming: ÒankrunFixhealth.smx
L 03/27/2026 - 19:07:51: [SM] Call stack trace:
L 03/27/2026 - 19:07:51: [SM]   [0] GetConVarString
L 03/27/2026 - 19:07:51: [SM]   [1] Line 138, C:\Users\Moises\Downloads\Compressed\sourcemod-1.11.0-git6968-windows\addons\sourcemod\scripting\ÒankrunFixhealth.sp::IsTankRunActive
L 03/27/2026 - 19:07:51: [SM]   [2] Line 54, C:\Users\Moises\Downloads\Compressed\sourcemod-1.11.0-git6968-windows\addons\sourcemod\scripting\ÒankrunFixhealth.sp::Event_RoundStart
L 03/27/2026 - 19:07:51: [SM] Exception reported: Invalid timer handle 40b00584 (error 1)
L 03/27/2026 - 19:07:51: [SM] Blaming: l4d2_playerjoining_v2.smx
L 03/27/2026 - 19:07:51: [SM] Call stack trace:
L 03/27/2026 - 19:07:51: [SM]   [0] KillTimer
L 03/27/2026 - 19:07:51: [SM]   [1] Line 53, C:\Users\Moises\Downloads\Compressed\sourcemod-1.11.0-git6968-windows\addons\sourcemod\scripting\l4d2_playerjoining_v2.sp::OnClientDisconnect
L 03/27/2026 - 19:07:51: [SM] Exception reported: Invalid timer handle 4c700565 (error 1)
L 03/27/2026 - 19:07:51: [SM] Blaming: l4d2_playerjoining_v2.smx
L 03/27/2026 - 19:07:51: [SM] Call stack trace:
L 03/27/2026 - 19:07:51: [SM]   [0] KillTimer
L 03/27/2026 - 19:07:51: [SM]   [1] Line 53, C:\Users\Moises\Downloads\Compressed\sourcemod-1.11.0-git6968-windows\addons\sourcemod\scripting\l4d2_playerjoining_v2.sp::OnClientDisconnect
L 03/27/2026 - 19:07:51: [SM] Exception reported: Invalid timer handle d300058e (error 1)
L 03/27/2026 - 19:07:51: [SM] Blaming: l4d2_playerjoining_v2.smx
L 03/27/2026 - 19:07:51: [SM] Call stack trace:
L 03/27/2026 - 19:07:51: [SM]   [0] KillTimer
L 03/27/2026 - 19:07:51: [SM]   [1] Line 53, C:\Users\Moises\Downloads\Compressed\sourcemod-1.11.0-git6968-windows\addons\sourcemod\scripting\l4d2_playerjoining_v2.sp::OnClientDisconnect
L 03/27/2026 - 19:07:51: [SM] Exception reported: Invalid timer handle 29f00559 (error 1)
L 03/27/2026 - 19:07:51: [SM] Blaming: l4d2_playerjoining_v2.smx
L 03/27/2026 - 19:07:51: [SM] Call stack trace:
L 03/27/2026 - 19:07:51: [SM]   [0] KillTimer
L 03/27/2026 - 19:07:51: [SM]   [1] Line 53, C:\Users\Moises\Downloads\Compressed\sourcemod-1.11.0-git6968-windows\addons\sourcemod\scripting\l4d2_playerjoining_v2.sp::OnClientDisconnect
L 03/27/2026 - 19:07:53: [SM] Exception reported: Invalid convar handle 0 (error 4)
L 03/27/2026 - 19:07:53: [SM] Blaming: ÒankrunFixhealth.smx
L 03/27/2026 - 19:07:53: [SM] Call stack trace:
L 03/27/2026 - 19:07:53: [SM]   [0] GetConVarString
L 03/27/2026 - 19:07:53: [SM]   [1] Line 138, C:\Users\Moises\Downloads\Compressed\sourcemod-1.11.0-git6968-windows\addons\sourcemod\scripting\ÒankrunFixhealth.sp::IsTankRunActive
L 03/27/2026 - 19:07:53: [SM]   [2] Line 36, C:\Users\Moises\Downloads\Compressed\sourcemod-1.11.0-git6968-windows\addons\sourcemod\scripting\ÒankrunFixhealth.sp::Timer_PeriodicCheck
L 03/27/2026 - 19:08:03: [SM] Exception reported: Invalid convar handle 0 (error 4)
L 03/27/2026 - 19:08:03: [SM] Blaming: ÒankrunFixhealth.smx
L 03/27/2026 - 19:08:03: [SM] Call stack trace:
L 03/27/2026 - 19:08:03: [SM]   [0] GetConVarString
L 03/27/2026 - 19:08:03: [SM]   [1] Line 138, C:\Users\Moises\Downloads\Compressed\sourcemod-1.11.0-git6968-windows\addons\sourcemod\scripting\ÒankrunFixhealth.sp::IsTankRunActive
L 03/27/2026 - 19:08:03: [SM]   [2] Line 36, C:\Users\Moises\Downloads\Compressed\sourcemod-1.11.0-git6968-windows\addons\sourcemod\scripting\ÒankrunFixhealth.sp::Timer_PeriodicCheck
L 03/27/2026 - 19:08:13: [SM] Exception reported: Invalid convar handle 0 (error 4)
L 03/27/2026 - 19:08:13: [SM] Blaming: ÒankrunFixhealth.smx
L 03/27/2026 - 19:08:13: [SM] Call stack trace:
L 03/27/2026 - 19:08:13: [SM]   [0] GetConVarString
L 03/27/2026 - 19:08:13: [SM]   [1] Line 138, C:\Users\Moises\Downloads\Compressed\sourcemod-1.11.0-git6968-windows\addons\sourcemod\scripting\ÒankrunFixhealth.sp::IsTankRunActive
L 03/27/2026 - 19:08:13: [SM]   [2] Line 36, C:\Users\Moises\Downloads\Compressed\sourcemod-1.11.0-git6968-windows\addons\sourcemod\scripting\ÒankrunFixhealth.sp::Timer_PeriodicCheck
L 03/27/2026 - 19:08:23: [SM] Exception reported: Invalid convar handle 0 (error 4)
L 03/27/2026 - 19:08:23: [SM] Blaming: ÒankrunFixhealth.smx
L 03/27/2026 - 19:08:23: [SM] Call stack trace:
L 03/27/2026 - 19:08:23: [SM]   [0] GetConVarString
L 03/27/2026 - 19:08:23: [SM]   [1] Line 138, C:\Users\Moises\Downloads\Compressed\sourcemod-1.11.0-git6968-windows\addons\sourcemod\scripting\ÒankrunFixhealth.sp::IsTankRunActive
L 03/27/2026 - 19:08:23: [SM]   [2] Line 36, C:\Users\Moises\Downloads\Compressed\sourcemod-1.11.0-git6968-windows\addons\sourcemod\scripting\ÒankrunFixhealth.sp::Timer_PeriodicCheck
L 03/27/2026 - 19:08:33: [SM] Exception reported: Invalid convar handle 0 (error 4)
L 03/27/2026 - 19:08:33: [SM] Blaming: ÒankrunFixhealth.smx
L 03/27/2026 - 19:08:33: [SM] Call stack trace:
L 03/27/2026 - 19:08:33: [SM]   [0] GetConVarString
L 03/27/2026 - 19:08:33: [SM]   [1] Line 138, C:\Users\Moises\Downloads\Compressed\sourcemod-1.11.0-git6968-windows\addons\sourcemod\scripting\ÒankrunFixhealth.sp::IsTankRunActive
L 03/27/2026 - 19:08:33: [SM]   [2] Line 36, C:\Users\Moises\Downloads\Compressed\sourcemod-1.11.0-git6968-windows\addons\sourcemod\scripting\ÒankrunFixhealth.sp::Timer_PeriodicCheck
L 03/27/2026 - 19:08:43: [SM] Exception reported: Invalid convar handle 0 (error 4)
L 03/27/2026 - 19:08:43: [SM] Blaming: ÒankrunFixhealth.smx
L 03/27/2026 - 19:08:43: [SM] Call stack trace:
L 03/27/2026 - 19:08:43: [SM]   [0] GetConVarString
L 03/27/2026 - 19:08:43: [SM]   [1] Line 138, C:\Users\Moises\Downloads\Compressed\sourcemod-1.11.0-git6968-windows\addons\sourcemod\scripting\ÒankrunFixhealth.sp::IsTankRunActive
L 03/27/2026 - 19:08:43: [SM]   [2] Line 36, C:\Users\Moises\Downloads\Compressed\sourcemod-1.11.0-git6968-windows\addons\sourcemod\scripting\ÒankrunFixhealth.sp::Timer_PeriodicCheck
L 03/27/2026 - 19:08:46: [SM] Exception reported: Invalid convar handle 0 (error 4)
L 03/27/2026 - 19:08:46: [SM] Blaming: ÒankrunFixhealth.smx
L 03/27/2026 - 19:08:46: [SM] Call stack trace:
L 03/27/2026 - 19:08:46: [SM]   [0] GetConVarString
L 03/27/2026 - 19:08:46: [SM]   [1] Line 138, C:\Users\Moises\Downloads\Compressed\sourcemod-1.11.0-git6968-windows\addons\sourcemod\scripting\ÒankrunFixhealth.sp::IsTankRunActive
L 03/27/2026 - 19:08:46: [SM]   [2] Line 79, C:\Users\Moises\Downloads\Compressed\sourcemod-1.11.0-git6968-windows\addons\sourcemod\scripting\ÒankrunFixhealth.sp::Event_PlayerDeath
L 03/27/2026 - 19:08:47: [SM] Exception reported: Invalid convar handle 0 (error 4)
L 03/27/2026 - 19:08:47: [SM] Blaming: ÒankrunFixhealth.smx
L 03/27/2026 - 19:08:47: [SM] Call stack trace:
L 03/27/2026 - 19:08:47: [SM]   [0] GetConVarString
L 03/27/2026 - 19:08:47: [SM]   [1] Line 138, C:\Users\Moises\Downloads\Compressed\sourcemod-1.11.0-git6968-windows\addons\sourcemod\scripting\ÒankrunFixhealth.sp::IsTankRunActive
L 03/27/2026 - 19:08:47: [SM]   [2] Line 79, C:\Users\Moises\Downloads\Compressed\sourcemod-1.11.0-git6968-windows\addons\sourcemod\scripting\ÒankrunFixhealth.sp::Event_PlayerDeath
L 03/27/2026 - 19:08:48: [SM] Exception reported: Invalid convar handle 0 (error 4)
L 03/27/2026 - 19:08:48: [SM] Blaming: ÒankrunFixhealth.smx
L 03/27/2026 - 19:08:48: [SM] Call stack trace:
L 03/27/2026 - 19:08:48: [SM]   [0] GetConVarString
L 03/27/2026 - 19:08:48: [SM]   [1] Line 138, C:\Users\Moises\Downloads\Compressed\sourcemod-1.11.0-git6968-windows\addons\sourcemod\scripting\ÒankrunFixhealth.sp::IsTankRunActive
L 03/27/2026 - 19:08:48: [SM]   [2] Line 79, C:\Users\Moises\Downloads\Compressed\sourcemod-1.11.0-git6968-windows\addons\sourcemod\scripting\ÒankrunFixhealth.sp::Event_PlayerDeath
L 03/27/2026 - 19:08:49: [SM] Exception reported: Invalid timer handle 4c700565 (error 3)
L 03/27/2026 - 19:08:49: [SM] Blaming: l4d2_playerjoining_v2.smx
L 03/27/2026 - 19:08:49: [SM] Call stack trace:
L 03/27/2026 - 19:08:49: [SM]   [0] KillTimer
L 03/27/2026 - 19:08:49: [SM]   [1] Line 53, C:\Users\Moises\Downloads\Compressed\sourcemod-1.11.0-git6968-windows\addons\sourcemod\scripting\l4d2_playerjoining_v2.sp::OnClientDisconnect
L 03/27/2026 - 19:08:53: [SM] Exception reported: Invalid convar handle 0 (error 4)
L 03/27/2026 - 19:08:53: [SM] Blaming: ÒankrunFixhealth.smx
L 03/27/2026 - 19:08:53: [SM] Call stack trace:
L 03/27/2026 - 19:08:53: [SM]   [0] GetConVarString
L 03/27/2026 - 19:08:53: [SM]   [1] Line 138, C:\Users\Moises\Downloads\Compressed\sourcemod-1.11.0-git6968-windows\addons\sourcemod\scripting\ÒankrunFixhealth.sp::IsTankRunActive
L 03/27/2026 - 19:08:53: [SM]   [2] Line 36, C:\Users\Moises\Downloads\Compressed\sourcemod-1.11.0-git6968-windows\addons\sourcemod\scripting\ÒankrunFixhealth.sp::Timer_PeriodicCheck
L 03/27/2026 - 19:08:54: [SM] Exception reported: Invalid timer handle 29f00559 (error 1)
L 03/27/2026 - 19:08:54: [SM] Blaming: l4d2_playerjoining_v2.smx
L 03/27/2026 - 19:08:54: [SM] Call stack trace:
L 03/27/2026 - 19:08:54: [SM]   [0] KillTimer
L 03/27/2026 - 19:08:54: [SM]   [1] Line 53, C:\Users\Moises\Downloads\Compressed\sourcemod-1.11.0-git6968-windows\addons\sourcemod\scripting\l4d2_playerjoining_v2.sp::OnClientDisconnect
L 03/27/2026 - 19:09:03: [SM] Exception reported: Invalid convar handle 0 (error 4)
L 03/27/2026 - 19:09:03: [SM] Blaming: ÒankrunFixhealth.smx
L 03/27/2026 - 19:09:03: [SM] Call stack trace:
L 03/27/2026 - 19:09:03: [SM]   [0] GetConVarString
L 03/27/2026 - 19:09:03: [SM]   [1] Line 138, C:\Users\Moises\Downloads\Compressed\sourcemod-1.11.0-git6968-windows\addons\sourcemod\scripting\ÒankrunFixhealth.sp::IsTankRunActive
L 03/27/2026 - 19:09:03: [SM]   [2] Line 36, C:\Users\Moises\Downloads\Compressed\sourcemod-1.11.0-git6968-windows\addons\sourcemod\scripting\ÒankrunFixhealth.sp::Timer_PeriodicCheck
L 03/27/2026 - 19:09:07: [SM] Exception reported: Language phrase "Please wait to be revived or rescued" not found (arg 6)
L 03/27/2026 - 19:09:07: [SM] Blaming: l4dmultislots.smx
L 03/27/2026 - 19:09:07: [SM] Call stack trace:
L 03/27/2026 - 19:09:07: [SM]   [0] PrintToChat
L 03/27/2026 - 19:09:07: [SM]   [1] Line 953, d:\Github\Private-Work\L4D2-Êèí‰ª∂\scripting_1.11\l4dmultislots.sp::Timer_SpecCheck
L 03/27/2026 - 19:09:08: [SM] Exception reported: Invalid convar handle 0 (error 4)
L 03/27/2026 - 19:09:08: [SM] Blaming: ÒankrunFixhealth.smx
L 03/27/2026 - 19:09:08: [SM] Call stack trace:
L 03/27/2026 - 19:09:08: [SM]   [0] GetConVarString
L 03/27/2026 - 19:09:08: [SM]   [1] Line 138, C:\Users\Moises\Downloads\Compressed\sourcemod-1.11.0-git6968-windows\addons\sourcemod\scripting\ÒankrunFixhealth.sp::IsTankRunActive
L 03/27/2026 - 19:09:08: [SM]   [2] Line 79, C:\Users\Moises\Downloads\Compressed\sourcemod-1.11.0-git6968-windows\addons\sourcemod\scripting\ÒankrunFixhealth.sp::Event_PlayerDeath
L 03/27/2026 - 19:09:13: [SM] Exception reported: Invalid convar handle 0 (error 4)
L 03/27/2026 - 19:09:13: [SM] Blaming: ÒankrunFixhealth.smx
L 03/27/2026 - 19:09:13: [SM] Call stack trace:
L 03/27/2026 - 19:09:13: [SM]   [0] GetConVarString
L 03/27/2026 - 19:09:13: [SM]   [1] Line 138, C:\Users\Moises\Downloads\Compressed\sourcemod-1.11.0-git6968-windows\addons\sourcemod\scripting\ÒankrunFixhealth.sp::IsTankRunActive
L 03/27/2026 - 19:09:13: [SM]   [2] Line 36, C:\Users\Moises\Downloads\Compressed\sourcemod-1.11.0-git6968-windows\addons\sourcemod\scripting\ÒankrunFixhealth.sp::Timer_PeriodicCheck
L 03/27/2026 - 19:09:23: [SM] Exception reported: Invalid timer handle 18100595 (error 3)
L 03/27/2026 - 19:09:23: [SM] Blaming: l4d2_playerjoining_v2.smx
L 03/27/2026 - 19:09:23: [SM] Call stack trace:
L 03/27/2026 - 19:09:23: [SM]   [0] KillTimer
L 03/27/2026 - 19:09:23: [SM]   [1] Line 53, C:\Users\Moises\Downloads\Compressed\sourcemod-1.11.0-git6968-windows\addons\sourcemod\scripting\l4d2_playerjoining_v2.sp::OnClientDisconnect
L 03/27/2026 - 19:09:23: [SM] Exception reported: Invalid convar handle 0 (error 4)
L 03/27/2026 - 19:09:23: [SM] Blaming: ÒankrunFixhealth.smx
L 03/27/2026 - 19:09:23: [SM] Call stack trace:
L 03/27/2026 - 19:09:23: [SM]   [0] GetConVarString
L 03/27/2026 - 19:09:23: [SM]   [1] Line 138, C:\Users\Moises\Downloads\Compressed\sourcemod-1.11.0-git6968-windows\addons\sourcemod\scripting\ÒankrunFixhealth.sp::IsTankRunActive
L 03/27/2026 - 19:09:23: [SM]   [2] Line 36, C:\Users\Moises\Downloads\Compressed\sourcemod-1.11.0-git6968-windows\addons\sourcemod\scripting\ÒankrunFixhealth.sp::Timer_PeriodicCheck
L 03/27/2026 - 19:09:31: [SM] Exception reported: Invalid timer handle 18100595 (error 3)
L 03/27/2026 - 19:09:31: [SM] Blaming: l4d2_playerjoining_v2.smx
L 03/27/2026 - 19:09:31: [SM] Call stack trace:
L 03/27/2026 - 19:09:31: [SM]   [0] KillTimer
L 03/27/2026 - 19:09:31: [SM]   [1] Line 53, C:\Users\Moises\Downloads\Compressed\sourcemod-1.11.0-git6968-windows\addons\sourcemod\scripting\l4d2_playerjoining_v2.sp::OnClientDisconnect
L 03/27/2026 - 19:09:32: [SM] Exception reported: Language phrase "Please wait to be revived or rescued" not found (arg 6)
L 03/27/2026 - 19:09:32: [SM] Blaming: l4dmultislots.smx
L 03/27/2026 - 19:09:32: [SM] Call stack trace:
L 03/27/2026 - 19:09:32: [SM]   [0] PrintToChat
L 03/27/2026 - 19:09:32: [SM]   [1] Line 953, d:\Github\Private-Work\L4D2-Êèí‰ª∂\scripting_1.11\l4dmultislots.sp::Timer_SpecCheck
L 03/27/2026 - 19:09:33: [SM] Exception reported: Property "m_vecAngularVelocity" not found (entity 95/weapon_grenade_launcher)
L 03/27/2026 - 19:09:33: [SM] Blaming: l4d2_tank_core v4_5.smx
L 03/27/2026 - 19:09:33: [SM] Call stack trace:
L 03/27/2026 - 19:09:33: [SM]   [0] SetEntPropVector
L 03/27/2026 - 19:09:33: [SM]   [1] Line 650, D:\SteamLibrary\steamapps\common\Left 4 Dead 2\left4dead2\addons\sourcemod\scripting\l4d2_tank_core v4_5.sp::DropItemsPhysically
L 03/27/2026 - 19:09:33: [SM]   [2] Line 549, D:\SteamLibrary\steamapps\common\Left 4 Dead 2\left4dead2\addons\sourcemod\scripting\l4d2_tank_core v4_5.sp::Event_PlayerHurt
L 03/27/2026 - 19:09:33: [SM] Exception reported: Invalid convar handle 0 (error 4)
L 03/27/2026 - 19:09:33: [SM] Blaming: ÒankrunFixhealth.smx
L 03/27/2026 - 19:09:33: [SM] Call stack trace:
L 03/27/2026 - 19:09:33: [SM]   [0] GetConVarString
L 03/27/2026 - 19:09:33: [SM]   [1] Line 138, C:\Users\Moises\Downloads\Compressed\sourcemod-1.11.0-git6968-windows\addons\sourcemod\scripting\ÒankrunFixhealth.sp::IsTankRunActive
L 03/27/2026 - 19:09:33: [SM]   [2] Line 36, C:\Users\Moises\Downloads\Compressed\sourcemod-1.11.0-git6968-windows\addons\sourcemod\scripting\ÒankrunFixhealth.sp::Timer_PeriodicCheck
L 03/27/2026 - 19:09:38: [SM] Exception reported: Invalid convar handle 0 (error 4)
L 03/27/2026 - 19:09:38: [SM] Blaming: ÒankrunFixhealth.smx
L 03/27/2026 - 19:09:38: [SM] Call stack trace:
L 03/27/2026 - 19:09:38: [SM]   [0] GetConVarString
L 03/27/2026 - 19:09:38: [SM]   [1] Line 138, C:\Users\Moises\Downloads\Compressed\sourcemod-1.11.0-git6968-windows\addons\sourcemod\scripting\ÒankrunFixhealth.sp::IsTankRunActive
L 03/27/2026 - 19:09:38: [SM]   [2] Line 79, C:\Users\Moises\Downloads\Compressed\sourcemod-1.11.0-git6968-windows\addons\sourcemod\scripting\ÒankrunFixhealth.sp::Event_PlayerDeath
L 03/27/2026 - 19:09:39: [SM] Exception reported: Invalid convar handle 0 (error 4)
L 03/27/2026 - 19:09:39: [SM] Blaming: ÒankrunFixhealth.smx
L 03/27/2026 - 19:09:39: [SM] Call stack trace:
L 03/27/2026 - 19:09:39: [SM]   [0] GetConVarString
L 03/27/2026 - 19:09:39: [SM]   [1] Line 138, C:\Users\Moises\Downloads\Compressed\sourcemod-1.11.0-git6968-windows\addons\sourcemod\scripting\ÒankrunFixhealth.sp::IsTankRunActive
L 03/27/2026 - 19:09:39: [SM]   [2] Line 79, C:\Users\Moises\Downloads\Compressed\sourcemod-1.11.0-git6968-windows\addons\sourcemod\scripting\ÒankrunFixhealth.sp::Event_PlayerDeath
L 03/27/2026 - 19:09:43: [SM] Exception reported: Invalid convar handle 0 (error 4)
L 03/27/2026 - 19:09:43: [SM] Blaming: ÒankrunFixhealth.smx
L 03/27/2026 - 19:09:43: [SM] Call stack trace:
L 03/27/2026 - 19:09:43: [SM]   [0] GetConVarString
L 03/27/2026 - 19:09:43: [SM]   [1] Line 138, C:\Users\Moises\Downloads\Compressed\sourcemod-1.11.0-git6968-windows\addons\sourcemod\scripting\ÒankrunFixhealth.sp::IsTankRunActive
L 03/27/2026 - 19:09:43: [SM]   [2] Line 36, C:\Users\Moises\Downloads\Compressed\sourcemod-1.11.0-git6968-windows\addons\sourcemod\scripting\ÒankrunFixhealth.sp::Timer_PeriodicCheck
L 03/27/2026 - 19:09:45: [SM] Exception reported: Invalid timer handle 40b00584 (error 3)
L 03/27/2026 - 19:09:45: [SM] Blaming: l4d2_playerjoining_v2.smx
L 03/27/2026 - 19:09:45: [SM] Call stack trace:
L 03/27/2026 - 19:09:45: [SM]   [0] KillTimer
L 03/27/2026 - 19:09:45: [SM]   [1] Line 53, C:\Users\Moises\Downloads\Compressed\sourcemod-1.11.0-git6968-windows\addons\sourcemod\scripting\l4d2_playerjoining_v2.sp::OnClientDisconnect
L 03/27/2026 - 19:09:47: [SM] Exception reported: Invalid timer handle 40b00584 (error 3)
L 03/27/2026 - 19:09:47: [SM] Blaming: l4d2_playerjoining_v2.smx
L 03/27/2026 - 19:09:47: [SM] Call stack trace:
L 03/27/2026 - 19:09:47: [SM]   [0] KillTimer
L 03/27/2026 - 19:09:47: [SM]   [1] Line 53, C:\Users\Moises\Downloads\Compressed\sourcemod-1.11.0-git6968-windows\addons\sourcemod\scripting\l4d2_playerjoining_v2.sp::OnClientDisconnect
L 03/27/2026 - 19:09:51: [SM] Exception reported: Invalid timer handle 40b00584 (error 3)
L 03/27/2026 - 19:09:51: [SM] Blaming: l4d2_playerjoining_v2.smx
L 03/27/2026 - 19:09:51: [SM] Call stack trace:
L 03/27/2026 - 19:09:51: [SM]   [0] KillTimer
L 03/27/2026 - 19:09:51: [SM]   [1] Line 53, C:\Users\Moises\Downloads\Compressed\sourcemod-1.11.0-git6968-windows\addons\sourcemod\scripting\l4d2_playerjoining_v2.sp::OnClientDisconnect
L 03/27/2026 - 19:09:53: [SM] Exception reported: Invalid convar handle 0 (error 4)
L 03/27/2026 - 19:09:53: [SM] Blaming: ÒankrunFixhealth.smx
L 03/27/2026 - 19:09:53: [SM] Call stack trace:
L 03/27/2026 - 19:09:53: [SM]   [0] GetConVarString
L 03/27/2026 - 19:09:53: [SM]   [1] Line 138, C:\Users\Moises\Downloads\Compressed\sourcemod-1.11.0-git6968-windows\addons\sourcemod\scripting\ÒankrunFixhealth.sp::IsTankRunActive
L 03/27/2026 - 19:09:53: [SM]   [2] Line 36, C:\Users\Moises\Downloads\Compressed\sourcemod-1.11.0-git6968-windows\addons\sourcemod\scripting\ÒankrunFixhealth.sp::Timer_PeriodicCheck
L 03/27/2026 - 19:09:53: [SM] Exception reported: Invalid convar handle 0 (error 4)
L 03/27/2026 - 19:09:53: [SM] Blaming: ÒankrunFixhealth.smx
L 03/27/2026 - 19:09:53: [SM] Call stack trace:
L 03/27/2026 - 19:09:53: [SM]   [0] GetConVarString
L 03/27/2026 - 19:09:53: [SM]   [1] Line 138, C:\Users\Moises\Downloads\Compressed\sourcemod-1.11.0-git6968-windows\addons\sourcemod\scripting\ÒankrunFixhealth.sp::IsTankRunActive
L 03/27/2026 - 19:09:53: [SM]   [2] Line 79, C:\Users\Moises\Downloads\Compressed\sourcemod-1.11.0-git6968-windows\addons\sourcemod\scripting\ÒankrunFixhealth.sp::Event_PlayerDeath
L 03/27/2026 - 19:09:57: [SM] Exception reported: Language phrase "Please wait to be revived or rescued" not found (arg 6)
L 03/27/2026 - 19:09:57: [SM] Blaming: l4dmultislots.smx
L 03/27/2026 - 19:09:57: [SM] Call stack trace:
L 03/27/2026 - 19:09:57: [SM]   [0] PrintToChat
L 03/27/2026 - 19:09:57: [SM]   [1] Line 953, d:\Github\Private-Work\L4D2-Êèí‰ª∂\scripting_1.11\l4dmultislots.sp::Timer_SpecCheck
L 03/27/2026 - 19:10:00: [SM] Exception reported: Invalid timer handle 29f00559 (error 1)
L 03/27/2026 - 19:10:00: [SM] Blaming: l4d2_playerjoining_v2.smx
L 03/27/2026 - 19:10:00: [SM] Call stack trace:
L 03/27/2026 - 19:10:00: [SM]   [0] KillTimer
L 03/27/2026 - 19:10:00: [SM]   [1] Line 53, C:\Users\Moises\Downloads\Compressed\sourcemod-1.11.0-git6968-windows\addons\sourcemod\scripting\l4d2_playerjoining_v2.sp::OnClientDisconnect
L 03/27/2026 - 19:10:03: [SM] Exception reported: Invalid convar handle 0 (error 4)
L 03/27/2026 - 19:10:03: [SM] Blaming: ÒankrunFixhealth.smx
L 03/27/2026 - 19:10:03: [SM] Call stack trace:
L 03/27/2026 - 19:10:03: [SM]   [0] GetConVarString
L 03/27/2026 - 19:10:03: [SM]   [1] Line 138, C:\Users\Moises\Downloads\Compressed\sourcemod-1.11.0-git6968-windows\addons\sourcemod\scripting\ÒankrunFixhealth.sp::IsTankRunActive
L 03/27/2026 - 19:10:03: [SM]   [2] Line 36, C:\Users\Moises\Downloads\Compressed\sourcemod-1.11.0-git6968-windows\addons\sourcemod\scripting\ÒankrunFixhealth.sp::Timer_PeriodicCheck
L 03/27/2026 - 19:10:04: [SM] Exception reported: Invalid convar handle 0 (error 4)
L 03/27/2026 - 19:10:04: [SM] Blaming: ÒankrunFixhealth.smx
L 03/27/2026 - 19:10:04: [SM] Call stack trace:
L 03/27/2026 - 19:10:04: [SM]   [0] GetConVarString
L 03/27/2026 - 19:10:04: [SM]   [1] Line 138, C:\Users\Moises\Downloads\Compressed\sourcemod-1.11.0-git6968-windows\addons\sourcemod\scripting\ÒankrunFixhealth.sp::IsTankRunActive
L 03/27/2026 - 19:10:04: [SM]   [2] Line 79, C:\Users\Moises\Downloads\Compressed\sourcemod-1.11.0-git6968-windows\addons\sourcemod\scripting\ÒankrunFixhealth.sp::Event_PlayerDeath
L 03/27/2026 - 19:10:09: [SM] Exception reported: Invalid convar handle 0 (error 4)
L 03/27/2026 - 19:10:09: [SM] Blaming: ÒankrunFixhealth.smx
L 03/27/2026 - 19:10:09: [SM] Call stack trace:
L 03/27/2026 - 19:10:09: [SM]   [0] GetConVarString
L 03/27/2026 - 19:10:09: [SM]   [1] Line 138, C:\Users\Moises\Downloads\Compressed\sourcemod-1.11.0-git6968-windows\addons\sourcemod\scripting\ÒankrunFixhealth.sp::IsTankRunActive
L 03/27/2026 - 19:10:09: [SM]   [2] Line 79, C:\Users\Moises\Downloads\Compressed\sourcemod-1.11.0-git6968-windows\addons\sourcemod\scripting\ÒankrunFixhealth.sp::Event_PlayerDeath
L 03/27/2026 - 19:10:13: [SM] Exception reported: Invalid convar handle 0 (error 4)
L 03/27/2026 - 19:10:13: [SM] Blaming: ÒankrunFixhealth.smx
L 03/27/2026 - 19:10:13: [SM] Call stack trace:
L 03/27/2026 - 19:10:13: [SM]   [0] GetConVarString
L 03/27/2026 - 19:10:13: [SM]   [1] Line 138, C:\Users\Moises\Downloads\Compressed\sourcemod-1.11.0-git6968-windows\addons\sourcemod\scripting\ÒankrunFixhealth.sp::IsTankRunActive
L 03/27/2026 - 19:10:13: [SM]   [2] Line 36, C:\Users\Moises\Downloads\Compressed\sourcemod-1.11.0-git6968-windows\addons\sourcemod\scripting\ÒankrunFixhealth.sp::Timer_PeriodicCheck
L 03/27/2026 - 19:10:22: [SM] Exception reported: Language phrase "Please wait to be revived or rescued" not found (arg 6)
L 03/27/2026 - 19:10:22: [SM] Blaming: l4dmultislots.smx
L 03/27/2026 - 19:10:22: [SM] Call stack trace:
L 03/27/2026 - 19:10:22: [SM]   [0] PrintToChat
L 03/27/2026 - 19:10:22: [SM]   [1] Line 953, d:\Github\Private-Work\L4D2-Êèí‰ª∂\scripting_1.11\l4dmultislots.sp::Timer_SpecCheck
L 03/27/2026 - 19:10:23: [SM] Exception reported: Invalid convar handle 0 (error 4)
L 03/27/2026 - 19:10:23: [SM] Blaming: ÒankrunFixhealth.smx
L 03/27/2026 - 19:10:23: [SM] Call stack trace:
L 03/27/2026 - 19:10:23: [SM]   [0] GetConVarString
L 03/27/2026 - 19:10:23: [SM]   [1] Line 138, C:\Users\Moises\Downloads\Compressed\sourcemod-1.11.0-git6968-windows\addons\sourcemod\scripting\ÒankrunFixhealth.sp::IsTankRunActive
L 03/27/2026 - 19:10:23: [SM]   [2] Line 36, C:\Users\Moises\Downloads\Compressed\sourcemod-1.11.0-git6968-windows\addons\sourcemod\scripting\ÒankrunFixhealth.sp::Timer_PeriodicCheck
L 03/27/2026 - 19:10:33: [SM] Exception reported: Invalid convar handle 0 (error 4)
L 03/27/2026 - 19:10:33: [SM] Blaming: ÒankrunFixhealth.smx
L 03/27/2026 - 19:10:33: [SM] Call stack trace:
L 03/27/2026 - 19:10:33: [SM]   [0] GetConVarString
L 03/27/2026 - 19:10:33: [SM]   [1] Line 138, C:\Users\Moises\Downloads\Compressed\sourcemod-1.11.0-git6968-windows\addons\sourcemod\scripting\ÒankrunFixhealth.sp::IsTankRunActive
L 03/27/2026 - 19:10:33: [SM]   [2] Line 36, C:\Users\Moises\Downloads\Compressed\sourcemod-1.11.0-git6968-windows\addons\sourcemod\scripting\ÒankrunFixhealth.sp::Timer_PeriodicCheck
L 03/27/2026 - 19:10:39: [SM] Exception reported: Invalid convar handle 0 (error 4)
L 03/27/2026 - 19:10:39: [SM] Blaming: ÒankrunFixhealth.smx
L 03/27/2026 - 19:10:39: [SM] Call stack trace:
L 03/27/2026 - 19:10:39: [SM]   [0] GetConVarString
L 03/27/2026 - 19:10:39: [SM]   [1] Line 138, C:\Users\Moises\Downloads\Compressed\sourcemod-1.11.0-git6968-windows\addons\sourcemod\scripting\ÒankrunFixhealth.sp::IsTankRunActive
L 03/27/2026 - 19:10:39: [SM]   [2] Line 79, C:\Users\Moises\Downloads\Compressed\sourcemod-1.11.0-git6968-windows\addons\sourcemod\scripting\ÒankrunFixhealth.sp::Event_PlayerDeath
L 03/27/2026 - 19:10:43: [SM] Exception reported: Invalid convar handle 0 (error 4)
L 03/27/2026 - 19:10:43: [SM] Blaming: ÒankrunFixhealth.smx
L 03/27/2026 - 19:10:43: [SM] Call stack trace:
L 03/27/2026 - 19:10:43: [SM]   [0] GetConVarString
L 03/27/2026 - 19:10:43: [SM]   [1] Line 138, C:\Users\Moises\Downloads\Compressed\sourcemod-1.11.0-git6968-windows\addons\sourcemod\scripting\ÒankrunFixhealth.sp::IsTankRunActive
L 03/27/2026 - 19:10:43: [SM]   [2] Line 36, C:\Users\Moises\Downloads\Compressed\sourcemod-1.11.0-git6968-windows\addons\sourcemod\scripting\ÒankrunFixhealth.sp::Timer_PeriodicCheck
L 03/27/2026 - 19:10:46: [SM] Exception reported: Invalid Handle 0 (error 4)
L 03/27/2026 - 19:10:46: [SM] Blaming: l4dafkfix.smx
L 03/27/2026 - 19:10:46: [SM] Call stack trace:
L 03/27/2026 - 19:10:46: [SM]   [0] SDKCall
L 03/27/2026 - 19:10:46: [SM]   [1] Line 235, /home/forums/content/files/4/8/2/4/5/73422.attach::TakeOverBot
L 03/27/2026 - 19:10:46: [SM]   [2] Line 148, /home/forums/content/files/4/8/2/4/5/73422.attach::Event_PlayerDeath
L 03/27/2026 - 19:10:46: [SM] Exception reported: Invalid convar handle 0 (error 4)
L 03/27/2026 - 19:10:46: [SM] Blaming: ÒankrunFixhealth.smx
L 03/27/2026 - 19:10:46: [SM] Call stack trace:
L 03/27/2026 - 19:10:46: [SM]   [0] GetConVarString
L 03/27/2026 - 19:10:46: [SM]   [1] Line 138, C:\Users\Moises\Downloads\Compressed\sourcemod-1.11.0-git6968-windows\addons\sourcemod\scripting\ÒankrunFixhealth.sp::IsTankRunActive
L 03/27/2026 - 19:10:46: [SM]   [2] Line 79, C:\Users\Moises\Downloads\Compressed\sourcemod-1.11.0-git6968-windows\addons\sourcemod\scripting\ÒankrunFixhealth.sp::Event_PlayerDeath
L 03/27/2026 - 19:10:46: [SM] Exception reported: Invalid Handle 0 (error 4)
L 03/27/2026 - 19:10:46: [SM] Blaming: l4dafkfix.smx
L 03/27/2026 - 19:10:46: [SM] Call stack trace:
L 03/27/2026 - 19:10:46: [SM]   [0] SDKCall
L 03/27/2026 - 19:10:46: [SM]   [1] Line 194, /home/forums/content/files/4/8/2/4/5/73422.attach::SetHumanIdle
L 03/27/2026 - 19:10:46: [SM]   [2] Line 172, /home/forums/content/files/4/8/2/4/5/73422.attach::Timer_ActivateFix
L 03/27/2026 - 19:10:46: [SM] Exception reported: Invalid timer handle 4c700565 (error 3)
L 03/27/2026 - 19:10:46: [SM] Blaming: l4d2_playerjoining_v2.smx
L 03/27/2026 - 19:10:46: [SM] Call stack trace:
L 03/27/2026 - 19:10:46: [SM]   [0] KillTimer
L 03/27/2026 - 19:10:46: [SM]   [1] Line 53, C:\Users\Moises\Downloads\Compressed\sourcemod-1.11.0-git6968-windows\addons\sourcemod\scripting\l4d2_playerjoining_v2.sp::OnClientDisconnect
L 03/27/2026 - 19:10:47: [SM] Exception reported: Language phrase "Type in chat !join To join the survivors" not found (arg 6)
L 03/27/2026 - 19:10:47: [SM] Blaming: l4dmultislots.smx
L 03/27/2026 - 19:10:47: [SM] Call stack trace:
L 03/27/2026 - 19:10:47: [SM]   [0] VFormat
L 03/27/2026 - 19:10:47: [SM]   [1] Line 71, D:\Github\Private-Work\L4D2-Êèí‰ª∂\scripting_1.11\include\multicolors.inc::CPrintToChat
L 03/27/2026 - 19:10:47: [SM]   [2] Line 938, d:\Github\Private-Work\L4D2-Êèí‰ª∂\scripting_1.11\l4dmultislots.sp::Timer_SpecCheck
L 03/27/2026 - 19:10:53: [SM] Exception reported: Invalid convar handle 0 (error 4)
L 03/27/2026 - 19:10:53: [SM] Blaming: ÒankrunFixhealth.smx
L 03/27/2026 - 19:10:53: [SM] Call stack trace:
L 03/27/2026 - 19:10:53: [SM]   [0] GetConVarString
L 03/27/2026 - 19:10:53: [SM]   [1] Line 138, C:\Users\Moises\Downloads\Compressed\sourcemod-1.11.0-git6968-windows\addons\sourcemod\scripting\ÒankrunFixhealth.sp::IsTankRunActive
L 03/27/2026 - 19:10:53: [SM]   [2] Line 36, C:\Users\Moises\Downloads\Compressed\sourcemod-1.11.0-git6968-windows\addons\sourcemod\scripting\ÒankrunFixhealth.sp::Timer_PeriodicCheck
L 03/27/2026 - 19:11:00: [SM] Exception reported: Invalid convar handle 0 (error 4)
L 03/27/2026 - 19:11:00: [SM] Blaming: ÒankrunFixhealth.smx
L 03/27/2026 - 19:11:00: [SM] Call stack trace:
L 03/27/2026 - 19:11:00: [SM]   [0] GetConVarString
L 03/27/2026 - 19:11:00: [SM]   [1] Line 138, C:\Users\Moises\Downloads\Compressed\sourcemod-1.11.0-git6968-windows\addons\sourcemod\scripting\ÒankrunFixhealth.sp::IsTankRunActive
L 03/27/2026 - 19:11:00: [SM]   [2] Line 79, C:\Users\Moises\Downloads\Compressed\sourcemod-1.11.0-git6968-windows\addons\sourcemod\scripting\ÒankrunFixhealth.sp::Event_PlayerDeath
L 03/27/2026 - 19:11:03: [SM] Exception reported: Invalid convar handle 0 (error 4)
L 03/27/2026 - 19:11:03: [SM] Blaming: ÒankrunFixhealth.smx
L 03/27/2026 - 19:11:03: [SM] Call stack trace:
L 03/27/2026 - 19:11:03: [SM]   [0] GetConVarString
L 03/27/2026 - 19:11:03: [SM]   [1] Line 138, C:\Users\Moises\Downloads\Compressed\sourcemod-1.11.0-git6968-windows\addons\sourcemod\scripting\ÒankrunFixhealth.sp::IsTankRunActive
L 03/27/2026 - 19:11:03: [SM]   [2] Line 36, C:\Users\Moises\Downloads\Compressed\sourcemod-1.11.0-git6968-windows\addons\sourcemod\scripting\ÒankrunFixhealth.sp::Timer_PeriodicCheck
L 03/27/2026 - 19:11:05: [SM] Exception reported: Invalid convar handle 0 (error 4)
L 03/27/2026 - 19:11:05: [SM] Blaming: ÒankrunFixhealth.smx
L 03/27/2026 - 19:11:05: [SM] Call stack trace:
L 03/27/2026 - 19:11:05: [SM]   [0] GetConVarString
L 03/27/2026 - 19:11:05: [SM]   [1] Line 138, C:\Users\Moises\Downloads\Compressed\sourcemod-1.11.0-git6968-windows\addons\sourcemod\scripting\ÒankrunFixhealth.sp::IsTankRunActive
L 03/27/2026 - 19:11:05: [SM]   [2] Line 79, C:\Users\Moises\Downloads\Compressed\sourcemod-1.11.0-git6968-windows\addons\sourcemod\scripting\ÒankrunFixhealth.sp::Event_PlayerDeath
L 03/27/2026 - 19:11:10: [SM] Exception reported: Invalid convar handle 0 (error 4)
L 03/27/2026 - 19:11:10: [SM] Blaming: ÒankrunFixhealth.smx
L 03/27/2026 - 19:11:10: [SM] Call stack trace:
L 03/27/2026 - 19:11:10: [SM]   [0] GetConVarString
L 03/27/2026 - 19:11:10: [SM]   [1] Line 138, C:\Users\Moises\Downloads\Compressed\sourcemod-1.11.0-git6968-windows\addons\sourcemod\scripting\ÒankrunFixhealth.sp::IsTankRunActive
L 03/27/2026 - 19:11:10: [SM]   [2] Line 79, C:\Users\Moises\Downloads\Compressed\sourcemod-1.11.0-git6968-windows\addons\sourcemod\scripting\ÒankrunFixhealth.sp::Event_PlayerDeath
L 03/27/2026 - 19:11:12: [SM] Exception reported: Language phrase "Please wait to be revived or rescued" not found (arg 6)
L 03/27/2026 - 19:11:12: [SM] Blaming: l4dmultislots.smx
L 03/27/2026 - 19:11:12: [SM] Call stack trace:
L 03/27/2026 - 19:11:12: [SM]   [0] PrintToChat
L 03/27/2026 - 19:11:12: [SM]   [1] Line 953, d:\Github\Private-Work\L4D2-Êèí‰ª∂\scripting_1.11\l4dmultislots.sp::Timer_SpecCheck
L 03/27/2026 - 19:11:13: [SM] Exception reported: Invalid convar handle 0 (error 4)
L 03/27/2026 - 19:11:13: [SM] Blaming: ÒankrunFixhealth.smx
L 03/27/2026 - 19:11:13: [SM] Call stack trace:
L 03/27/2026 - 19:11:13: [SM]   [0] GetConVarString
L 03/27/2026 - 19:11:13: [SM]   [1] Line 138, C:\Users\Moises\Downloads\Compressed\sourcemod-1.11.0-git6968-windows\addons\sourcemod\scripting\ÒankrunFixhealth.sp::IsTankRunActive
L 03/27/2026 - 19:11:13: [SM]   [2] Line 36, C:\Users\Moises\Downloads\Compressed\sourcemod-1.11.0-git6968-windows\addons\sourcemod\scripting\ÒankrunFixhealth.sp::Timer_PeriodicCheck
L 03/27/2026 - 19:11:13: [SM] Exception reported: Invalid convar handle 0 (error 4)
L 03/27/2026 - 19:11:13: [SM] Blaming: ÒankrunFixhealth.smx
L 03/27/2026 - 19:11:13: [SM] Call stack trace:
L 03/27/2026 - 19:11:13: [SM]   [0] GetConVarString
L 03/27/2026 - 19:11:13: [SM]   [1] Line 138, C:\Users\Moises\Downloads\Compressed\sourcemod-1.11.0-git6968-windows\addons\sourcemod\scripting\ÒankrunFixhealth.sp::IsTankRunActive
L 03/27/2026 - 19:11:13: [SM]   [2] Line 79, C:\Users\Moises\Downloads\Compressed\sourcemod-1.11.0-git6968-windows\addons\sourcemod\scripting\ÒankrunFixhealth.sp::Event_PlayerDeath
L 03/27/2026 - 19:11:14: [SM] Exception reported: Invalid convar handle 0 (error 4)
L 03/27/2026 - 19:11:14: [SM] Blaming: ÒankrunFixhealth.smx
L 03/27/2026 - 19:11:14: [SM] Call stack trace:
L 03/27/2026 - 19:11:14: [SM]   [0] GetConVarString
L 03/27/2026 - 19:11:14: [SM]   [1] Line 138, C:\Users\Moises\Downloads\Compressed\sourcemod-1.11.0-git6968-windows\addons\sourcemod\scripting\ÒankrunFixhealth.sp::IsTankRunActive
L 03/27/2026 - 19:11:14: [SM]   [2] Line 79, C:\Users\Moises\Downloads\Compressed\sourcemod-1.11.0-git6968-windows\addons\sourcemod\scripting\ÒankrunFixhealth.sp::Event_PlayerDeath
L 03/27/2026 - 19:11:17: [SM] Exception reported: Invalid timer handle 40b00584 (error 3)
L 03/27/2026 - 19:11:17: [SM] Blaming: l4d2_playerjoining_v2.smx
L 03/27/2026 - 19:11:17: [SM] Call stack trace:
L 03/27/2026 - 19:11:17: [SM]   [0] KillTimer
L 03/27/2026 - 19:11:17: [SM]   [1] Line 53, C:\Users\Moises\Downloads\Compressed\sourcemod-1.11.0-git6968-windows\addons\sourcemod\scripting\l4d2_playerjoining_v2.sp::OnClientDisconnect
L 03/27/2026 - 19:11:21: [SM] Exception reported: Invalid timer handle 18100595 (error 3)
L 03/27/2026 - 19:11:21: [SM] Blaming: l4d2_playerjoining_v2.smx
L 03/27/2026 - 19:11:21: [SM] Call stack trace:
L 03/27/2026 - 19:11:21: [SM]   [0] KillTimer
L 03/27/2026 - 19:11:21: [SM]   [1] Line 53, C:\Users\Moises\Downloads\Compressed\sourcemod-1.11.0-git6968-windows\addons\sourcemod\scripting\l4d2_playerjoining_v2.sp::OnClientDisconnect
L 03/27/2026 - 19:11:23: [SM] Exception reported: Invalid convar handle 0 (error 4)
L 03/27/2026 - 19:11:23: [SM] Blaming: ÒankrunFixhealth.smx
L 03/27/2026 - 19:11:23: [SM] Call stack trace:
L 03/27/2026 - 19:11:23: [SM]   [0] GetConVarString
L 03/27/2026 - 19:11:23: [SM]   [1] Line 138, C:\Users\Moises\Downloads\Compressed\sourcemod-1.11.0-git6968-windows\addons\sourcemod\scripting\ÒankrunFixhealth.sp::IsTankRunActive
L 03/27/2026 - 19:11:23: [SM]   [2] Line 36, C:\Users\Moises\Downloads\Compressed\sourcemod-1.11.0-git6968-windows\addons\sourcemod\scripting\ÒankrunFixhealth.sp::Timer_PeriodicCheck
L 03/27/2026 - 19:11:33: [SM] Exception reported: Invalid convar handle 0 (error 4)
L 03/27/2026 - 19:11:33: [SM] Blaming: ÒankrunFixhealth.smx
L 03/27/2026 - 19:11:33: [SM] Call stack trace:
L 03/27/2026 - 19:11:33: [SM]   [0] GetConVarString
L 03/27/2026 - 19:11:33: [SM]   [1] Line 138, C:\Users\Moises\Downloads\Compressed\sourcemod-1.11.0-git6968-windows\addons\sourcemod\scripting\ÒankrunFixhealth.sp::IsTankRunActive
L 03/27/2026 - 19:11:33: [SM]   [2] Line 36, C:\Users\Moises\Downloads\Compressed\sourcemod-1.11.0-git6968-windows\addons\sourcemod\scripting\ÒankrunFixhealth.sp::Timer_PeriodicCheck
L 03/27/2026 - 19:11:37: [SM] Exception reported: Language phrase "Please wait to be revived or rescued" not found (arg 6)
L 03/27/2026 - 19:11:37: [SM] Blaming: l4dmultislots.smx
L 03/27/2026 - 19:11:37: [SM] Call stack trace:
L 03/27/2026 - 19:11:37: [SM]   [0] PrintToChat
L 03/27/2026 - 19:11:37: [SM]   [1] Line 953, d:\Github\Private-Work\L4D2-Êèí‰ª∂\scripting_1.11\l4dmultislots.sp::Timer_SpecCheck
L 03/27/2026 - 19:11:43: [SM] Exception reported: Invalid convar handle 0 (error 4)
L 03/27/2026 - 19:11:43: [SM] Blaming: ÒankrunFixhealth.smx
L 03/27/2026 - 19:11:43: [SM] Call stack trace:
L 03/27/2026 - 19:11:43: [SM]   [0] GetConVarString
L 03/27/2026 - 19:11:43: [SM]   [1] Line 138, C:\Users\Moises\Downloads\Compressed\sourcemod-1.11.0-git6968-windows\addons\sourcemod\scripting\ÒankrunFixhealth.sp::IsTankRunActive
L 03/27/2026 - 19:11:43: [SM]   [2] Line 36, C:\Users\Moises\Downloads\Compressed\sourcemod-1.11.0-git6968-windows\addons\sourcemod\scripting\ÒankrunFixhealth.sp::Timer_PeriodicCheck
L 03/27/2026 - 19:11:48: [SM] Exception reported: Invalid convar handle 0 (error 4)
L 03/27/2026 - 19:11:48: [SM] Blaming: ÒankrunFixhealth.smx
L 03/27/2026 - 19:11:48: [SM] Call stack trace:
L 03/27/2026 - 19:11:48: [SM]   [0] GetConVarString
L 03/27/2026 - 19:11:48: [SM]   [1] Line 138, C:\Users\Moises\Downloads\Compressed\sourcemod-1.11.0-git6968-windows\addons\sourcemod\scripting\ÒankrunFixhealth.sp::IsTankRunActive
L 03/27/2026 - 19:11:48: [SM]   [2] Line 71, C:\Users\Moises\Downloads\Compressed\sourcemod-1.11.0-git6968-windows\addons\sourcemod\scripting\ÒankrunFixhealth.sp::Event_MapTransition
L 03/27/2026 - 19:11:53: [SM] Exception reported: Invalid convar handle 0 (error 4)
L 03/27/2026 - 19:11:53: [SM] Blaming: ÒankrunFixhealth.smx
L 03/27/2026 - 19:11:53: [SM] Call stack trace:
L 03/27/2026 - 19:11:53: [SM]   [0] GetConVarString
L 03/27/2026 - 19:11:53: [SM]   [1] Line 138, C:\Users\Moises\Downloads\Compressed\sourcemod-1.11.0-git6968-windows\addons\sourcemod\scripting\ÒankrunFixhealth.sp::IsTankRunActive
L 03/27/2026 - 19:11:53: [SM]   [2] Line 36, C:\Users\Moises\Downloads\Compressed\sourcemod-1.11.0-git6968-windows\addons\sourcemod\scripting\ÒankrunFixhealth.sp::Timer_PeriodicCheck
L 03/27/2026 - 19:11:57: [SM] Exception reported: Invalid timer handle 40b00584 (error 3)
L 03/27/2026 - 19:11:57: [SM] Blaming: l4d2_playerjoining_v2.smx
L 03/27/2026 - 19:11:57: [SM] Call stack trace:
L 03/27/2026 - 19:11:57: [SM]   [0] KillTimer
L 03/27/2026 - 19:11:57: [SM]   [1] Line 53, C:\Users\Moises\Downloads\Compressed\sourcemod-1.11.0-git6968-windows\addons\sourcemod\scripting\l4d2_playerjoining_v2.sp::OnClientDisconnect
L 03/27/2026 - 19:11:57: [SM] Exception reported: Invalid timer handle 29f00559 (error 1)
L 03/27/2026 - 19:11:57: [SM] Blaming: l4d2_playerjoining_v2.smx
L 03/27/2026 - 19:11:57: [SM] Call stack trace:
L 03/27/2026 - 19:11:57: [SM]   [0] KillTimer
L 03/27/2026 - 19:11:57: [SM]   [1] Line 53, C:\Users\Moises\Downloads\Compressed\sourcemod-1.11.0-git6968-windows\addons\sourcemod\scripting\l4d2_playerjoining_v2.sp::OnClientDisconnect
L 03/27/2026 - 19:11:57: [SM] Exception reported: Invalid timer handle d300058e (error 1)
L 03/27/2026 - 19:11:57: [SM] Blaming: l4d2_playerjoining_v2.smx
L 03/27/2026 - 19:11:57: [SM] Call stack trace:
L 03/27/2026 - 19:11:57: [SM]   [0] KillTimer
L 03/27/2026 - 19:11:57: [SM]   [1] Line 53, C:\Users\Moises\Downloads\Compressed\sourcemod-1.11.0-git6968-windows\addons\sourcemod\scripting\l4d2_playerjoining_v2.sp::OnClientDisconnect
L 03/27/2026 - 19:11:57: [SM] Exception reported: Invalid timer handle 18100595 (error 1)
L 03/27/2026 - 19:11:57: [SM] Blaming: l4d2_playerjoining_v2.smx
L 03/27/2026 - 19:11:57: [SM] Call stack trace:
L 03/27/2026 - 19:11:57: [SM]   [0] KillTimer
L 03/27/2026 - 19:11:57: [SM]   [1] Line 53, C:\Users\Moises\Downloads\Compressed\sourcemod-1.11.0-git6968-windows\addons\sourcemod\scripting\l4d2_playerjoining_v2.sp::OnClientDisconnect
L 03/27/2026 - 19:11:59: Error log file session closed.
L 03/27/2026 - 19:11:59: SourceMod error session started
L 03/27/2026 - 19:11:59: Info (map "c1m4_atrium") (file "d:\steamlibrary\steamapps\common\left 4 dead 2\left4dead2\addons\sourcemod\logs\errors_20260327.log")
L 03/27/2026 - 19:11:59: [SM] Fatal error encountered parsing translation file "l4d_nth.phrases.txt"
L 03/27/2026 - 19:11:59: [SM] Error (line 0, column 0): Stream failed to open
L 03/27/2026 - 19:11:59: [SM] Fatal error encountered parsing translation file "chargersteering.phrases.txt"
L 03/27/2026 - 19:11:59: [SM] Error (line 0, column 0): Stream failed to open
L 03/27/2026 - 19:11:59: [SM] Fatal error encountered parsing translation file "l4dmultislots.phrases.txt"
L 03/27/2026 - 19:11:59: [SM] Error (line 0, column 0): Stream failed to open
L 03/27/2026 - 19:12:01: [SM] Exception reported: Invalid convar handle 0 (error 4)
L 03/27/2026 - 19:12:01: [SM] Blaming: ÒankrunFixhealth.smx
L 03/27/2026 - 19:12:01: [SM] Call stack trace:
L 03/27/2026 - 19:12:01: [SM]   [0] GetConVarString
L 03/27/2026 - 19:12:01: [SM]   [1] Line 138, C:\Users\Moises\Downloads\Compressed\sourcemod-1.11.0-git6968-windows\addons\sourcemod\scripting\ÒankrunFixhealth.sp::IsTankRunActive
L 03/27/2026 - 19:12:01: [SM]   [2] Line 54, C:\Users\Moises\Downloads\Compressed\sourcemod-1.11.0-git6968-windows\addons\sourcemod\scripting\ÒankrunFixhealth.sp::Event_RoundStart
L 03/27/2026 - 19:12:01: [l4d2_publicity.smx] [Publicity] No se encontraron mensajes en el archivo de configuraci√≥n
L 03/27/2026 - 19:12:10: [SM] Exception reported: Invalid convar handle 0 (error 4)
L 03/27/2026 - 19:12:10: [SM] Blaming: ÒankrunFixhealth.smx
L 03/27/2026 - 19:12:10: [SM] Call stack trace:
L 03/27/2026 - 19:12:10: [SM]   [0] GetConVarString
L 03/27/2026 - 19:12:10: [SM]   [1] Line 138, C:\Users\Moises\Downloads\Compressed\sourcemod-1.11.0-git6968-windows\addons\sourcemod\scripting\ÒankrunFixhealth.sp::IsTankRunActive
L 03/27/2026 - 19:12:10: [SM]   [2] Line 36, C:\Users\Moises\Downloads\Compressed\sourcemod-1.11.0-git6968-windows\addons\sourcemod\scripting\ÒankrunFixhealth.sp::Timer_PeriodicCheck
L 03/27/2026 - 19:12:20: [SM] Exception reported: Invalid convar handle 0 (error 4)
L 03/27/2026 - 19:12:20: [SM] Blaming: ÒankrunFixhealth.smx
L 03/27/2026 - 19:12:20: [SM] Call stack trace:
L 03/27/2026 - 19:12:20: [SM]   [0] GetConVarString
L 03/27/2026 - 19:12:20: [SM]   [1] Line 138, C:\Users\Moises\Downloads\Compressed\sourcemod-1.11.0-git6968-windows\addons\sourcemod\scripting\ÒankrunFixhealth.sp::IsTankRunActive
L 03/27/2026 - 19:12:20: [SM]   [2] Line 36, C:\Users\Moises\Downloads\Compressed\sourcemod-1.11.0-git6968-windows\addons\sourcemod\scripting\ÒankrunFixhealth.sp::Timer_PeriodicCheck
L 03/27/2026 - 19:12:33: [SM] Exception reported: Invalid convar handle 0 (error 4)
L 03/27/2026 - 19:12:33: [SM] Blaming: ÒankrunFixhealth.smx
L 03/27/2026 - 19:12:33: [SM] Call stack trace:
L 03/27/2026 - 19:12:33: [SM]   [0] GetConVarString
L 03/27/2026 - 19:12:33: [SM]   [1] Line 138, C:\Users\Moises\Downloads\Compressed\sourcemod-1.11.0-git6968-windows\addons\sourcemod\scripting\ÒankrunFixhealth.sp::IsTankRunActive
L 03/27/2026 - 19:12:33: [SM]   [2] Line 36, C:\Users\Moises\Downloads\Compressed\sourcemod-1.11.0-git6968-windows\addons\sourcemod\scripting\ÒankrunFixhealth.sp::Timer_PeriodicCheck
L 03/27/2026 - 19:12:33: [SM] Exception reported: Invalid timer handle 18100595 (error 3)
L 03/27/2026 - 19:12:33: [SM] Blaming: l4d2_playerjoining_v2.smx
L 03/27/2026 - 19:12:33: [SM] Call stack trace:
L 03/27/2026 - 19:12:33: [SM]   [0] KillTimer
L 03/27/2026 - 19:12:33: [SM]   [1] Line 53, C:\Users\Moises\Downloads\Compressed\sourcemod-1.11.0-git6968-windows\addons\sourcemod\scripting\l4d2_playerjoining_v2.sp::OnClientDisconnect
L 03/27/2026 - 19:12:34: [SM] Exception reported: Invalid timer handle 40b00584 (error 1)
L 03/27/2026 - 19:12:34: [SM] Blaming: l4d2_playerjoining_v2.smx
L 03/27/2026 - 19:12:34: [SM] Call stack trace:
L 03/27/2026 - 19:12:34: [SM]   [0] KillTimer
L 03/27/2026 - 19:12:34: [SM]   [1] Line 53, C:\Users\Moises\Downloads\Compressed\sourcemod-1.11.0-git6968-windows\addons\sourcemod\scripting\l4d2_playerjoining_v2.sp::OnClientDisconnect
L 03/27/2026 - 19:12:34: [SM] Exception reported: Invalid timer handle d300058e (error 1)
L 03/27/2026 - 19:12:34: [SM] Blaming: l4d2_playerjoining_v2.smx
L 03/27/2026 - 19:12:34: [SM] Call stack trace:
L 03/27/2026 - 19:12:34: [SM]   [0] KillTimer
L 03/27/2026 - 19:12:34: [SM]   [1] Line 53, C:\Users\Moises\Downloads\Compressed\sourcemod-1.11.0-git6968-windows\addons\sourcemod\scripting\l4d2_playerjoining_v2.sp::OnClientDisconnect
L 03/27/2026 - 19:12:34: [SM] Exception reported: Invalid timer handle 29f00559 (error 1)
L 03/27/2026 - 19:12:34: [SM] Blaming: l4d2_playerjoining_v2.smx
L 03/27/2026 - 19:12:34: [SM] Call stack trace:
L 03/27/2026 - 19:12:34: [SM]   [0] KillTimer
L 03/27/2026 - 19:12:34: [SM]   [1] Line 53, C:\Users\Moises\Downloads\Compressed\sourcemod-1.11.0-git6968-windows\addons\sourcemod\scripting\l4d2_playerjoining_v2.sp::OnClientDisconnect
L 03/27/2026 - 19:12:44: [SM] Exception reported: Invalid convar handle 0 (error 4)
L 03/27/2026 - 19:12:44: [SM] Blaming: ÒankrunFixhealth.smx
L 03/27/2026 - 19:12:44: [SM] Call stack trace:
L 03/27/2026 - 19:12:44: [SM]   [0] GetConVarString
L 03/27/2026 - 19:12:44: [SM]   [1] Line 138, C:\Users\Moises\Downloads\Compressed\sourcemod-1.11.0-git6968-windows\addons\sourcemod\scripting\ÒankrunFixhealth.sp::IsTankRunActive
L 03/27/2026 - 19:12:44: [SM]   [2] Line 36, C:\Users\Moises\Downloads\Compressed\sourcemod-1.11.0-git6968-windows\addons\sourcemod\scripting\ÒankrunFixhealth.sp::Timer_PeriodicCheck
L 03/27/2026 - 19:12:54: [SM] Exception reported: Invalid convar handle 0 (error 4)
L 03/27/2026 - 19:12:54: [SM] Blaming: ÒankrunFixhealth.smx
L 03/27/2026 - 19:12:54: [SM] Call stack trace:
L 03/27/2026 - 19:12:54: [SM]   [0] GetConVarString
L 03/27/2026 - 19:12:54: [SM]   [1] Line 138, C:\Users\Moises\Downloads\Compressed\sourcemod-1.11.0-git6968-windows\addons\sourcemod\scripting\ÒankrunFixhealth.sp::IsTankRunActive
L 03/27/2026 - 19:12:54: [SM]   [2] Line 36, C:\Users\Moises\Downloads\Compressed\sourcemod-1.11.0-git6968-windows\addons\sourcemod\scripting\ÒankrunFixhealth.sp::Timer_PeriodicCheck
L 03/27/2026 - 19:13:04: [SM] Exception reported: Invalid convar handle 0 (error 4)
L 03/27/2026 - 19:13:04: [SM] Blaming: ÒankrunFixhealth.smx
L 03/27/2026 - 19:13:04: [SM] Call stack trace:
L 03/27/2026 - 19:13:04: [SM]   [0] GetConVarString
L 03/27/2026 - 19:13:04: [SM]   [1] Line 138, C:\Users\Moises\Downloads\Compressed\sourcemod-1.11.0-git6968-windows\addons\sourcemod\scripting\ÒankrunFixhealth.sp::IsTankRunActive
L 03/27/2026 - 19:13:04: [SM]   [2] Line 36, C:\Users\Moises\Downloads\Compressed\sourcemod-1.11.0-git6968-windows\addons\sourcemod\scripting\ÒankrunFixhealth.sp::Timer_PeriodicCheck
L 03/27/2026 - 19:13:06: [SM] Exception reported: Invalid convar handle 0 (error 4)
L 03/27/2026 - 19:13:06: [SM] Blaming: ÒankrunFixhealth.smx
L 03/27/2026 - 19:13:06: [SM] Call stack trace:
L 03/27/2026 - 19:13:06: [SM]   [0] GetConVarString
L 03/27/2026 - 19:13:06: [SM]   [1] Line 138, C:\Users\Moises\Downloads\Compressed\sourcemod-1.11.0-git6968-windows\addons\sourcemod\scripting\ÒankrunFixhealth.sp::IsTankRunActive
L 03/27/2026 - 19:13:06: [SM]   [2] Line 79, C:\Users\Moises\Downloads\Compressed\sourcemod-1.11.0-git6968-windows\addons\sourcemod\scripting\ÒankrunFixhealth.sp::Event_PlayerDeath
L 03/27/2026 - 19:13:14: [SM] Exception reported: Invalid convar handle 0 (error 4)
L 03/27/2026 - 19:13:14: [SM] Blaming: ÒankrunFixhealth.smx
L 03/27/2026 - 19:13:14: [SM] Call stack trace:
L 03/27/2026 - 19:13:14: [SM]   [0] GetConVarString
L 03/27/2026 - 19:13:14: [SM]   [1] Line 138, C:\Users\Moises\Downloads\Compressed\sourcemod-1.11.0-git6968-windows\addons\sourcemod\scripting\ÒankrunFixhealth.sp::IsTankRunActive
L 03/27/2026 - 19:13:14: [SM]   [2] Line 36, C:\Users\Moises\Downloads\Compressed\sourcemod-1.11.0-git6968-windows\addons\sourcemod\scripting\ÒankrunFixhealth.sp::Timer_PeriodicCheck
L 03/27/2026 - 19:13:23: [SM] Exception reported: Invalid timer handle d300058e (error 3)
L 03/27/2026 - 19:13:23: [SM] Blaming: l4d2_playerjoining_v2.smx
L 03/27/2026 - 19:13:23: [SM] Call stack trace:
L 03/27/2026 - 19:13:23: [SM]   [0] KillTimer
L 03/27/2026 - 19:13:23: [SM]   [1] Line 53, C:\Users\Moises\Downloads\Compressed\sourcemod-1.11.0-git6968-windows\addons\sourcemod\scripting\l4d2_playerjoining_v2.sp::OnClientDisconnect
L 03/27/2026 - 19:13:24: [SM] Exception reported: Invalid convar handle 0 (error 4)
L 03/27/2026 - 19:13:24: [SM] Blaming: ÒankrunFixhealth.smx
L 03/27/2026 - 19:13:24: [SM] Call stack trace:
L 03/27/2026 - 19:13:24: [SM]   [0] GetConVarString
L 03/27/2026 - 19:13:24: [SM]   [1] Line 138, C:\Users\Moises\Downloads\Compressed\sourcemod-1.11.0-git6968-windows\addons\sourcemod\scripting\ÒankrunFixhealth.sp::IsTankRunActive
L 03/27/2026 - 19:13:24: [SM]   [2] Line 36, C:\Users\Moises\Downloads\Compressed\sourcemod-1.11.0-git6968-windows\addons\sourcemod\scripting\ÒankrunFixhealth.sp::Timer_PeriodicCheck
L 03/27/2026 - 19:13:26: [SM] Exception reported: Invalid convar handle 0 (error 4)
L 03/27/2026 - 19:13:26: [SM] Blaming: ÒankrunFixhealth.smx
L 03/27/2026 - 19:13:26: [SM] Call stack trace:
L 03/27/2026 - 19:13:26: [SM]   [0] GetConVarString
L 03/27/2026 - 19:13:26: [SM]   [1] Line 138, C:\Users\Moises\Downloads\Compressed\sourcemod-1.11.0-git6968-windows\addons\sourcemod\scripting\ÒankrunFixhealth.sp::IsTankRunActive
L 03/27/2026 - 19:13:26: [SM]   [2] Line 79, C:\Users\Moises\Downloads\Compressed\sourcemod-1.11.0-git6968-windows\addons\sourcemod\scripting\ÒankrunFixhealth.sp::Event_PlayerDeath
L 03/27/2026 - 19:13:33: [SM] Exception reported: Invalid timer handle 40b00584 (error 1)
L 03/27/2026 - 19:13:33: [SM] Blaming: l4d2_playerjoining_v2.smx
L 03/27/2026 - 19:13:33: [SM] Call stack trace:
L 03/27/2026 - 19:13:33: [SM]   [0] KillTimer
L 03/27/2026 - 19:13:33: [SM]   [1] Line 53, C:\Users\Moises\Downloads\Compressed\sourcemod-1.11.0-git6968-windows\addons\sourcemod\scripting\l4d2_playerjoining_v2.sp::OnClientDisconnect
L 03/27/2026 - 19:13:34: [SM] Exception reported: Invalid convar handle 0 (error 4)
L 03/27/2026 - 19:13:34: [SM] Blaming: ÒankrunFixhealth.smx
L 03/27/2026 - 19:13:34: [SM] Call stack trace:
L 03/27/2026 - 19:13:34: [SM]   [0] GetConVarString
L 03/27/2026 - 19:13:34: [SM]   [1] Line 138, C:\Users\Moises\Downloads\Compressed\sourcemod-1.11.0-git6968-windows\addons\sourcemod\scripting\ÒankrunFixhealth.sp::IsTankRunActive
L 03/27/2026 - 19:13:34: [SM]   [2] Line 36, C:\Users\Moises\Downloads\Compressed\sourcemod-1.11.0-git6968-windows\addons\sourcemod\scripting\ÒankrunFixhealth.sp::Timer_PeriodicCheck
L 03/27/2026 - 19:13:44: [SM] Exception reported: Invalid convar handle 0 (error 4)
L 03/27/2026 - 19:13:44: [SM] Blaming: ÒankrunFixhealth.smx
L 03/27/2026 - 19:13:44: [SM] Call stack trace:
L 03/27/2026 - 19:13:44: [SM]   [0] GetConVarString
L 03/27/2026 - 19:13:44: [SM]   [1] Line 138, C:\Users\Moises\Downloads\Compressed\sourcemod-1.11.0-git6968-windows\addons\sourcemod\scripting\ÒankrunFixhealth.sp::IsTankRunActive
L 03/27/2026 - 19:13:44: [SM]   [2] Line 36, C:\Users\Moises\Downloads\Compressed\sourcemod-1.11.0-git6968-windows\addons\sourcemod\scripting\ÒankrunFixhealth.sp::Timer_PeriodicCheck
L 03/27/2026 - 19:13:47: [SM] Exception reported: Invalid Handle 0 (error 4)
L 03/27/2026 - 19:13:47: [SM] Blaming: l4dafkfix.smx
L 03/27/2026 - 19:13:47: [SM] Call stack trace:
L 03/27/2026 - 19:13:47: [SM]   [0] SDKCall
L 03/27/2026 - 19:13:47: [SM]   [1] Line 235, /home/forums/content/files/4/8/2/4/5/73422.attach::TakeOverBot
L 03/27/2026 - 19:13:47: [SM]   [2] Line 148, /home/forums/content/files/4/8/2/4/5/73422.attach::Event_PlayerDeath
L 03/27/2026 - 19:13:47: [SM] Exception reported: Invalid convar handle 0 (error 4)
L 03/27/2026 - 19:13:47: [SM] Blaming: ÒankrunFixhealth.smx
L 03/27/2026 - 19:13:47: [SM] Call stack trace:
L 03/27/2026 - 19:13:47: [SM]   [0] GetConVarString
L 03/27/2026 - 19:13:47: [SM]   [1] Line 138, C:\Users\Moises\Downloads\Compressed\sourcemod-1.11.0-git6968-windows\addons\sourcemod\scripting\ÒankrunFixhealth.sp::IsTankRunActive
L 03/27/2026 - 19:13:47: [SM]   [2] Line 79, C:\Users\Moises\Downloads\Compressed\sourcemod-1.11.0-git6968-windows\addons\sourcemod\scripting\ÒankrunFixhealth.sp::Event_PlayerDeath
L 03/27/2026 - 19:13:47: [SM] Exception reported: Invalid timer handle 40b00584 (error 3)
L 03/27/2026 - 19:13:47: [SM] Blaming: l4d2_playerjoining_v2.smx
L 03/27/2026 - 19:13:47: [SM] Call stack trace:
L 03/27/2026 - 19:13:47: [SM]   [0] KillTimer
L 03/27/2026 - 19:13:47: [SM]   [1] Line 53, C:\Users\Moises\Downloads\Compressed\sourcemod-1.11.0-git6968-windows\addons\sourcemod\scripting\l4d2_playerjoining_v2.sp::OnClientDisconnect
L 03/27/2026 - 19:13:47: [SM] Exception reported: Invalid Handle 0 (error 4)
L 03/27/2026 - 19:13:47: [SM] Blaming: l4dafkfix.smx
L 03/27/2026 - 19:13:47: [SM] Call stack trace:
L 03/27/2026 - 19:13:47: [SM]   [0] SDKCall
L 03/27/2026 - 19:13:47: [SM]   [1] Line 194, /home/forums/content/files/4/8/2/4/5/73422.attach::SetHumanIdle
L 03/27/2026 - 19:13:47: [SM]   [2] Line 172, /home/forums/content/files/4/8/2/4/5/73422.attach::Timer_ActivateFix
L 03/27/2026 - 19:13:52: [SM] Exception reported: Invalid timer handle 40b00584 (error 3)
L 03/27/2026 - 19:13:52: [SM] Blaming: l4d2_playerjoining_v2.smx
L 03/27/2026 - 19:13:52: [SM] Call stack trace:
L 03/27/2026 - 19:13:52: [SM]   [0] KillTimer
L 03/27/2026 - 19:13:52: [SM]   [1] Line 53, C:\Users\Moises\Downloads\Compressed\sourcemod-1.11.0-git6968-windows\addons\sourcemod\scripting\l4d2_playerjoining_v2.sp::OnClientDisconnect
L 03/27/2026 - 19:13:54: [SM] Exception reported: Invalid convar handle 0 (error 4)
L 03/27/2026 - 19:13:54: [SM] Blaming: ÒankrunFixhealth.smx
L 03/27/2026 - 19:13:54: [SM] Call stack trace:
L 03/27/2026 - 19:13:54: [SM]   [0] GetConVarString
L 03/27/2026 - 19:13:54: [SM]   [1] Line 138, C:\Users\Moises\Downloads\Compressed\sourcemod-1.11.0-git6968-windows\addons\sourcemod\scripting\ÒankrunFixhealth.sp::IsTankRunActive
L 03/27/2026 - 19:13:54: [SM]   [2] Line 36, C:\Users\Moises\Downloads\Compressed\sourcemod-1.11.0-git6968-windows\addons\sourcemod\scripting\ÒankrunFixhealth.sp::Timer_PeriodicCheck
L 03/27/2026 - 19:13:56: [SM] Exception reported: Invalid convar handle 0 (error 4)
L 03/27/2026 - 19:13:56: [SM] Blaming: ÒankrunFixhealth.smx
L 03/27/2026 - 19:13:56: [SM] Call stack trace:
L 03/27/2026 - 19:13:56: [SM]   [0] GetConVarString
L 03/27/2026 - 19:13:56: [SM]   [1] Line 138, C:\Users\Moises\Downloads\Compressed\sourcemod-1.11.0-git6968-windows\addons\sourcemod\scripting\ÒankrunFixhealth.sp::IsTankRunActive
L 03/27/2026 - 19:13:56: [SM]   [2] Line 79, C:\Users\Moises\Downloads\Compressed\sourcemod-1.11.0-git6968-windows\addons\sourcemod\scripting\ÒankrunFixhealth.sp::Event_PlayerDeath
L 03/27/2026 - 19:13:56: [SM] Exception reported: Invalid convar handle 0 (error 4)
L 03/27/2026 - 19:13:56: [SM] Blaming: ÒankrunFixhealth.smx
L 03/27/2026 - 19:13:56: [SM] Call stack trace:
L 03/27/2026 - 19:13:56: [SM]   [0] GetConVarString
L 03/27/2026 - 19:13:56: [SM]   [1] Line 138, C:\Users\Moises\Downloads\Compressed\sourcemod-1.11.0-git6968-windows\addons\sourcemod\scripting\ÒankrunFixhealth.sp::IsTankRunActive
L 03/27/2026 - 19:13:56: [SM]   [2] Line 79, C:\Users\Moises\Downloads\Compressed\sourcemod-1.11.0-git6968-windows\addons\sourcemod\scripting\ÒankrunFixhealth.sp::Event_PlayerDeath
L 03/27/2026 - 19:14:04: [SM] Exception reported: Invalid convar handle 0 (error 4)
L 03/27/2026 - 19:14:04: [SM] Blaming: ÒankrunFixhealth.smx
L 03/27/2026 - 19:14:04: [SM] Call stack trace:
L 03/27/2026 - 19:14:04: [SM]   [0] GetConVarString
L 03/27/2026 - 19:14:04: [SM]   [1] Line 138, C:\Users\Moises\Downloads\Compressed\sourcemod-1.11.0-git6968-windows\addons\sourcemod\scripting\ÒankrunFixhealth.sp::IsTankRunActive
L 03/27/2026 - 19:14:04: [SM]   [2] Line 36, C:\Users\Moises\Downloads\Compressed\sourcemod-1.11.0-git6968-windows\addons\sourcemod\scripting\ÒankrunFixhealth.sp::Timer_PeriodicCheck
L 03/27/2026 - 19:14:06: [SM] Exception reported: Invalid convar handle 0 (error 4)
L 03/27/2026 - 19:14:06: [SM] Blaming: ÒankrunFixhealth.smx
L 03/27/2026 - 19:14:06: [SM] Call stack trace:
L 03/27/2026 - 19:14:06: [SM]   [0] GetConVarString
L 03/27/2026 - 19:14:06: [SM]   [1] Line 138, C:\Users\Moises\Downloads\Compressed\sourcemod-1.11.0-git6968-windows\addons\sourcemod\scripting\ÒankrunFixhealth.sp::IsTankRunActive
L 03/27/2026 - 19:14:06: [SM]   [2] Line 79, C:\Users\Moises\Downloads\Compressed\sourcemod-1.11.0-git6968-windows\addons\sourcemod\scripting\ÒankrunFixhealth.sp::Event_PlayerDeath
L 03/27/2026 - 19:14:09: [SM] Exception reported: Language phrase "Please wait to be revived or rescued" not found (arg 6)
L 03/27/2026 - 19:14:09: [SM] Blaming: l4dmultislots.smx
L 03/27/2026 - 19:14:09: [SM] Call stack trace:
L 03/27/2026 - 19:14:09: [SM]   [0] PrintToChat
L 03/27/2026 - 19:14:09: [SM]   [1] Line 953, d:\Github\Private-Work\L4D2-Êèí‰ª∂\scripting_1.11\l4dmultislots.sp::Timer_SpecCheck
L 03/27/2026 - 19:14:14: [SM] Exception reported: Invalid convar handle 0 (error 4)
L 03/27/2026 - 19:14:14: [SM] Blaming: ÒankrunFixhealth.smx
L 03/27/2026 - 19:14:14: [SM] Call stack trace:
L 03/27/2026 - 19:14:14: [SM]   [0] GetConVarString
L 03/27/2026 - 19:14:14: [SM]   [1] Line 138, C:\Users\Moises\Downloads\Compressed\sourcemod-1.11.0-git6968-windows\addons\sourcemod\scripting\ÒankrunFixhealth.sp::IsTankRunActive
L 03/27/2026 - 19:14:14: [SM]   [2] Line 36, C:\Users\Moises\Downloads\Compressed\sourcemod-1.11.0-git6968-windows\addons\sourcemod\scripting\ÒankrunFixhealth.sp::Timer_PeriodicCheck
L 03/27/2026 - 19:14:18: [SM] Exception reported: Invalid convar handle 0 (error 4)
L 03/27/2026 - 19:14:18: [SM] Blaming: ÒankrunFixhealth.smx
L 03/27/2026 - 19:14:18: [SM] Call stack trace:
L 03/27/2026 - 19:14:18: [SM]   [0] GetConVarString
L 03/27/2026 - 19:14:18: [SM]   [1] Line 138, C:\Users\Moises\Downloads\Compressed\sourcemod-1.11.0-git6968-windows\addons\sourcemod\scripting\ÒankrunFixhealth.sp::IsTankRunActive
L 03/27/2026 - 19:14:18: [SM]   [2] Line 79, C:\Users\Moises\Downloads\Compressed\sourcemod-1.11.0-git6968-windows\addons\sourcemod\scripting\ÒankrunFixhealth.sp::Event_PlayerDeath
L 03/27/2026 - 19:14:24: [SM] Exception reported: Invalid convar handle 0 (error 4)
L 03/27/2026 - 19:14:24: [SM] Blaming: ÒankrunFixhealth.smx
L 03/27/2026 - 19:14:24: [SM] Call stack trace:
L 03/27/2026 - 19:14:24: [SM]   [0] GetConVarString
L 03/27/2026 - 19:14:24: [SM]   [1] Line 138, C:\Users\Moises\Downloads\Compressed\sourcemod-1.11.0-git6968-windows\addons\sourcemod\scripting\ÒankrunFixhealth.sp::IsTankRunActive
L 03/27/2026 - 19:14:24: [SM]   [2] Line 36, C:\Users\Moises\Downloads\Compressed\sourcemod-1.11.0-git6968-windows\addons\sourcemod\scripting\ÒankrunFixhealth.sp::Timer_PeriodicCheck
L 03/27/2026 - 19:14:34: [SM] Exception reported: Invalid convar handle 0 (error 4)
L 03/27/2026 - 19:14:34: [SM] Blaming: ÒankrunFixhealth.smx
L 03/27/2026 - 19:14:34: [SM] Call stack trace:
L 03/27/2026 - 19:14:34: [SM]   [0] GetConVarString
L 03/27/2026 - 19:14:34: [SM]   [1] Line 138, C:\Users\Moises\Downloads\Compressed\sourcemod-1.11.0-git6968-windows\addons\sourcemod\scripting\ÒankrunFixhealth.sp::IsTankRunActive
L 03/27/2026 - 19:14:34: [SM]   [2] Line 36, C:\Users\Moises\Downloads\Compressed\sourcemod-1.11.0-git6968-windows\addons\sourcemod\scripting\ÒankrunFixhealth.sp::Timer_PeriodicCheck
L 03/27/2026 - 19:14:34: [SM] Exception reported: Language phrase "Please wait to be revived or rescued" not found (arg 6)
L 03/27/2026 - 19:14:34: [SM] Blaming: l4dmultislots.smx
L 03/27/2026 - 19:14:34: [SM] Call stack trace:
L 03/27/2026 - 19:14:34: [SM]   [0] PrintToChat
L 03/27/2026 - 19:14:34: [SM]   [1] Line 953, d:\Github\Private-Work\L4D2-Êèí‰ª∂\scripting_1.11\l4dmultislots.sp::Timer_SpecCheck
L 03/27/2026 - 19:14:38: [SM] Exception reported: Invalid convar handle 0 (error 4)
L 03/27/2026 - 19:14:38: [SM] Blaming: ÒankrunFixhealth.smx
L 03/27/2026 - 19:14:38: [SM] Call stack trace:
L 03/27/2026 - 19:14:38: [SM]   [0] GetConVarString
L 03/27/2026 - 19:14:38: [SM]   [1] Line 138, C:\Users\Moises\Downloads\Compressed\sourcemod-1.11.0-git6968-windows\addons\sourcemod\scripting\ÒankrunFixhealth.sp::IsTankRunActive
L 03/27/2026 - 19:14:38: [SM]   [2] Line 79, C:\Users\Moises\Downloads\Compressed\sourcemod-1.11.0-git6968-windows\addons\sourcemod\scripting\ÒankrunFixhealth.sp::Event_PlayerDeath
L 03/27/2026 - 19:14:44: [SM] Exception reported: Invalid convar handle 0 (error 4)
L 03/27/2026 - 19:14:44: [SM] Blaming: ÒankrunFixhealth.smx
L 03/27/2026 - 19:14:44: [SM] Call stack trace:
L 03/27/2026 - 19:14:44: [SM]   [0] GetConVarString
L 03/27/2026 - 19:14:44: [SM]   [1] Line 138, C:\Users\Moises\Downloads\Compressed\sourcemod-1.11.0-git6968-windows\addons\sourcemod\scripting\ÒankrunFixhealth.sp::IsTankRunActive
L 03/27/2026 - 19:14:44: [SM]   [2] Line 36, C:\Users\Moises\Downloads\Compressed\sourcemod-1.11.0-git6968-windows\addons\sourcemod\scripting\ÒankrunFixhealth.sp::Timer_PeriodicCheck
L 03/27/2026 - 19:14:45: [SM] Exception reported: Invalid timer handle 29f00559 (error 1)
L 03/27/2026 - 19:14:45: [SM] Blaming: l4d2_playerjoining_v2.smx
L 03/27/2026 - 19:14:45: [SM] Call stack trace:
L 03/27/2026 - 19:14:45: [SM]   [0] KillTimer
L 03/27/2026 - 19:14:45: [SM]   [1] Line 53, C:\Users\Moises\Downloads\Compressed\sourcemod-1.11.0-git6968-windows\addons\sourcemod\scripting\l4d2_playerjoining_v2.sp::OnClientDisconnect
L 03/27/2026 - 19:14:54: [SM] Exception reported: Invalid convar handle 0 (error 4)
L 03/27/2026 - 19:14:54: [SM] Blaming: ÒankrunFixhealth.smx
L 03/27/2026 - 19:14:54: [SM] Call stack trace:
L 03/27/2026 - 19:14:54: [SM]   [0] GetConVarString
L 03/27/2026 - 19:14:54: [SM]   [1] Line 138, C:\Users\Moises\Downloads\Compressed\sourcemod-1.11.0-git6968-windows\addons\sourcemod\scripting\ÒankrunFixhealth.sp::IsTankRunActive
L 03/27/2026 - 19:14:54: [SM]   [2] Line 36, C:\Users\Moises\Downloads\Compressed\sourcemod-1.11.0-git6968-windows\addons\sourcemod\scripting\ÒankrunFixhealth.sp::Timer_PeriodicCheck
L 03/27/2026 - 19:14:56: [SM] Exception reported: Invalid convar handle 0 (error 4)
L 03/27/2026 - 19:14:56: [SM] Blaming: ÒankrunFixhealth.smx
L 03/27/2026 - 19:14:56: [SM] Call stack trace:
L 03/27/2026 - 19:14:56: [SM]   [0] GetConVarString
L 03/27/2026 - 19:14:56: [SM]   [1] Line 138, C:\Users\Moises\Downloads\Compressed\sourcemod-1.11.0-git6968-windows\addons\sourcemod\scripting\ÒankrunFixhealth.sp::IsTankRunActive
L 03/27/2026 - 19:14:56: [SM]   [2] Line 79, C:\Users\Moises\Downloads\Compressed\sourcemod-1.11.0-git6968-windows\addons\sourcemod\scripting\ÒankrunFixhealth.sp::Event_PlayerDeath
L 03/27/2026 - 19:14:59: [SM] Exception reported: Language phrase "Please wait to be revived or rescued" not found (arg 6)
L 03/27/2026 - 19:14:59: [SM] Blaming: l4dmultislots.smx
L 03/27/2026 - 19:14:59: [SM] Call stack trace:
L 03/27/2026 - 19:14:59: [SM]   [0] PrintToChat
L 03/27/2026 - 19:14:59: [SM]   [1] Line 953, d:\Github\Private-Work\L4D2-Êèí‰ª∂\scripting_1.11\l4dmultislots.sp::Timer_SpecCheck
L 03/27/2026 - 19:15:01: [SM] Exception reported: Invalid convar handle 0 (error 4)
L 03/27/2026 - 19:15:01: [SM] Blaming: ÒankrunFixhealth.smx
L 03/27/2026 - 19:15:01: [SM] Call stack trace:
L 03/27/2026 - 19:15:01: [SM]   [0] GetConVarString
L 03/27/2026 - 19:15:01: [SM]   [1] Line 138, C:\Users\Moises\Downloads\Compressed\sourcemod-1.11.0-git6968-windows\addons\sourcemod\scripting\ÒankrunFixhealth.sp::IsTankRunActive
L 03/27/2026 - 19:15:01: [SM]   [2] Line 79, C:\Users\Moises\Downloads\Compressed\sourcemod-1.11.0-git6968-windows\addons\sourcemod\scripting\ÒankrunFixhealth.sp::Event_PlayerDeath
L 03/27/2026 - 19:15:04: [SM] Exception reported: Invalid convar handle 0 (error 4)
L 03/27/2026 - 19:15:04: [SM] Blaming: ÒankrunFixhealth.smx
L 03/27/2026 - 19:15:04: [SM] Call stack trace:
L 03/27/2026 - 19:15:04: [SM]   [0] GetConVarString
L 03/27/2026 - 19:15:04: [SM]   [1] Line 138, C:\Users\Moises\Downloads\Compressed\sourcemod-1.11.0-git6968-windows\addons\sourcemod\scripting\ÒankrunFixhealth.sp::IsTankRunActive
L 03/27/2026 - 19:15:04: [SM]   [2] Line 36, C:\Users\Moises\Downloads\Compressed\sourcemod-1.11.0-git6968-windows\addons\sourcemod\scripting\ÒankrunFixhealth.sp::Timer_PeriodicCheck
L 03/27/2026 - 19:15:08: [SM] Exception reported: Invalid timer handle 81c00550 (error 3)
L 03/27/2026 - 19:15:08: [SM] Blaming: l4d2_playerjoining_v2.smx
L 03/27/2026 - 19:15:08: [SM] Call stack trace:
L 03/27/2026 - 19:15:08: [SM]   [0] KillTimer
L 03/27/2026 - 19:15:08: [SM]   [1] Line 53, C:\Users\Moises\Downloads\Compressed\sourcemod-1.11.0-git6968-windows\addons\sourcemod\scripting\l4d2_playerjoining_v2.sp::OnClientDisconnect
L 03/27/2026 - 19:15:11: [SM] Exception reported: Invalid convar handle 0 (error 4)
L 03/27/2026 - 19:15:11: [SM] Blaming: ÒankrunFixhealth.smx
L 03/27/2026 - 19:15:11: [SM] Call stack trace:
L 03/27/2026 - 19:15:11: [SM]   [0] GetConVarString
L 03/27/2026 - 19:15:11: [SM]   [1] Line 138, C:\Users\Moises\Downloads\Compressed\sourcemod-1.11.0-git6968-windows\addons\sourcemod\scripting\ÒankrunFixhealth.sp::IsTankRunActive
L 03/27/2026 - 19:15:11: [SM]   [2] Line 79, C:\Users\Moises\Downloads\Compressed\sourcemod-1.11.0-git6968-windows\addons\sourcemod\scripting\ÒankrunFixhealth.sp::Event_PlayerDeath
L 03/27/2026 - 19:15:14: [SM] Exception reported: Invalid convar handle 0 (error 4)
L 03/27/2026 - 19:15:14: [SM] Blaming: ÒankrunFixhealth.smx
L 03/27/2026 - 19:15:14: [SM] Call stack trace:
L 03/27/2026 - 19:15:14: [SM]   [0] GetConVarString
L 03/27/2026 - 19:15:14: [SM]   [1] Line 138, C:\Users\Moises\Downloads\Compressed\sourcemod-1.11.0-git6968-windows\addons\sourcemod\scripting\ÒankrunFixhealth.sp::IsTankRunActive
L 03/27/2026 - 19:15:14: [SM]   [2] Line 36, C:\Users\Moises\Downloads\Compressed\sourcemod-1.11.0-git6968-windows\addons\sourcemod\scripting\ÒankrunFixhealth.sp::Timer_PeriodicCheck
L 03/27/2026 - 19:15:14: [SM] Exception reported: Invalid convar handle 0 (error 4)
L 03/27/2026 - 19:15:14: [SM] Blaming: ÒankrunFixhealth.smx
L 03/27/2026 - 19:15:14: [SM] Call stack trace:
L 03/27/2026 - 19:15:14: [SM]   [0] GetConVarString
L 03/27/2026 - 19:15:14: [SM]   [1] Line 138, C:\Users\Moises\Downloads\Compressed\sourcemod-1.11.0-git6968-windows\addons\sourcemod\scripting\ÒankrunFixhealth.sp::IsTankRunActive
L 03/27/2026 - 19:15:14: [SM]   [2] Line 79, C:\Users\Moises\Downloads\Compressed\sourcemod-1.11.0-git6968-windows\addons\sourcemod\scripting\ÒankrunFixhealth.sp::Event_PlayerDeath
L 03/27/2026 - 19:15:14: [SM]   [4] ForcePlayerSuicide
L 03/27/2026 - 19:15:14: [SM]   [5] Line 37, D:\builds\build-sourcemod-msvc12\windows-1.12\build\plugins\playercommands\slay.sp::PerformSlay
L 03/27/2026 - 19:15:14: [SM]   [6] Line 108, D:\builds\build-sourcemod-msvc12\windows-1.12\build\plugins\playercommands\slay.sp::MenuHandler_Slay
L 03/27/2026 - 19:15:14: [SM] Exception reported: Invalid convar handle 0 (error 4)
L 03/27/2026 - 19:15:14: [SM] Blaming: ÒankrunFixhealth.smx
L 03/27/2026 - 19:15:14: [SM] Call stack trace:
L 03/27/2026 - 19:15:14: [SM]   [0] GetConVarString
L 03/27/2026 - 19:15:14: [SM]   [1] Line 138, C:\Users\Moises\Downloads\Compressed\sourcemod-1.11.0-git6968-windows\addons\sourcemod\scripting\ÒankrunFixhealth.sp::IsTankRunActive
L 03/27/2026 - 19:15:14: [SM]   [2] Line 79, C:\Users\Moises\Downloads\Compressed\sourcemod-1.11.0-git6968-windows\addons\sourcemod\scripting\ÒankrunFixhealth.sp::Event_PlayerDeath
L 03/27/2026 - 19:15:14: [SM]   [4] ForcePlayerSuicide
L 03/27/2026 - 19:15:14: [SM]   [5] Line 37, D:\builds\build-sourcemod-msvc12\windows-1.12\build\plugins\playercommands\slay.sp::PerformSlay
L 03/27/2026 - 19:15:14: [SM]   [6] Line 108, D:\builds\build-sourcemod-msvc12\windows-1.12\build\plugins\playercommands\slay.sp::MenuHandler_Slay
L 03/27/2026 - 19:15:14: [SM] Exception reported: Invalid convar handle 0 (error 4)
L 03/27/2026 - 19:15:14: [SM] Blaming: ÒankrunFixhealth.smx
L 03/27/2026 - 19:15:14: [SM] Call stack trace:
L 03/27/2026 - 19:15:14: [SM]   [0] GetConVarString
L 03/27/2026 - 19:15:14: [SM]   [1] Line 138, C:\Users\Moises\Downloads\Compressed\sourcemod-1.11.0-git6968-windows\addons\sourcemod\scripting\ÒankrunFixhealth.sp::IsTankRunActive
L 03/27/2026 - 19:15:14: [SM]   [2] Line 79, C:\Users\Moises\Downloads\Compressed\sourcemod-1.11.0-git6968-windows\addons\sourcemod\scripting\ÒankrunFixhealth.sp::Event_PlayerDeath
L 03/27/2026 - 19:15:14: [SM]   [4] ForcePlayerSuicide
L 03/27/2026 - 19:15:14: [SM]   [5] Line 37, D:\builds\build-sourcemod-msvc12\windows-1.12\build\plugins\playercommands\slay.sp::PerformSlay
L 03/27/2026 - 19:15:14: [SM]   [6] Line 108, D:\builds\build-sourcemod-msvc12\windows-1.12\build\plugins\playercommands\slay.sp::MenuHandler_Slay
L 03/27/2026 - 19:15:14: [SM] Exception reported: Invalid convar handle 0 (error 4)
L 03/27/2026 - 19:15:14: [SM] Blaming: ÒankrunFixhealth.smx
L 03/27/2026 - 19:15:14: [SM] Call stack trace:
L 03/27/2026 - 19:15:14: [SM]   [0] GetConVarString
L 03/27/2026 - 19:15:14: [SM]   [1] Line 138, C:\Users\Moises\Downloads\Compressed\sourcemod-1.11.0-git6968-windows\addons\sourcemod\scripting\ÒankrunFixhealth.sp::IsTankRunActive
L 03/27/2026 - 19:15:14: [SM]   [2] Line 79, C:\Users\Moises\Downloads\Compressed\sourcemod-1.11.0-git6968-windows\addons\sourcemod\scripting\ÒankrunFixhealth.sp::Event_PlayerDeath
L 03/27/2026 - 19:15:14: [SM]   [4] ForcePlayerSuicide
L 03/27/2026 - 19:15:14: [SM]   [5] Line 37, D:\builds\build-sourcemod-msvc12\windows-1.12\build\plugins\playercommands\slay.sp::PerformSlay
L 03/27/2026 - 19:15:14: [SM]   [6] Line 108, D:\builds\build-sourcemod-msvc12\windows-1.12\build\plugins\playercommands\slay.sp::MenuHandler_Slay
L 03/27/2026 - 19:15:15: [SM] Exception reported: Invalid convar handle 0 (error 4)
L 03/27/2026 - 19:15:15: [SM] Blaming: ÒankrunFixhealth.smx
L 03/27/2026 - 19:15:15: [SM] Call stack trace:
L 03/27/2026 - 19:15:15: [SM]   [0] GetConVarString
L 03/27/2026 - 19:15:15: [SM]   [1] Line 138, C:\Users\Moises\Downloads\Compressed\sourcemod-1.11.0-git6968-windows\addons\sourcemod\scripting\ÒankrunFixhealth.sp::IsTankRunActive
L 03/27/2026 - 19:15:15: [SM]   [2] Line 79, C:\Users\Moises\Downloads\Compressed\sourcemod-1.11.0-git6968-windows\addons\sourcemod\scripting\ÒankrunFixhealth.sp::Event_PlayerDeath
L 03/27/2026 - 19:15:15: [SM]   [4] ForcePlayerSuicide
L 03/27/2026 - 19:15:15: [SM]   [5] Line 37, D:\builds\build-sourcemod-msvc12\windows-1.12\build\plugins\playercommands\slay.sp::PerformSlay
L 03/27/2026 - 19:15:15: [SM]   [6] Line 108, D:\builds\build-sourcemod-msvc12\windows-1.12\build\plugins\playercommands\slay.sp::MenuHandler_Slay
L 03/27/2026 - 19:15:15: [SM] Exception reported: Invalid convar handle 0 (error 4)
L 03/27/2026 - 19:15:15: [SM] Blaming: ÒankrunFixhealth.smx
L 03/27/2026 - 19:15:15: [SM] Call stack trace:
L 03/27/2026 - 19:15:15: [SM]   [0] GetConVarString
L 03/27/2026 - 19:15:15: [SM]   [1] Line 138, C:\Users\Moises\Downloads\Compressed\sourcemod-1.11.0-git6968-windows\addons\sourcemod\scripting\ÒankrunFixhealth.sp::IsTankRunActive
L 03/27/2026 - 19:15:15: [SM]   [2] Line 79, C:\Users\Moises\Downloads\Compressed\sourcemod-1.11.0-git6968-windows\addons\sourcemod\scripting\ÒankrunFixhealth.sp::Event_PlayerDeath
L 03/27/2026 - 19:15:15: [SM]   [4] ForcePlayerSuicide
L 03/27/2026 - 19:15:15: [SM]   [5] Line 37, D:\builds\build-sourcemod-msvc12\windows-1.12\build\plugins\playercommands\slay.sp::PerformSlay
L 03/27/2026 - 19:15:15: [SM]   [6] Line 108, D:\builds\build-sourcemod-msvc12\windows-1.12\build\plugins\playercommands\slay.sp::MenuHandler_Slay
L 03/27/2026 - 19:15:15: [SM] Exception reported: Invalid convar handle 0 (error 4)
L 03/27/2026 - 19:15:15: [SM] Blaming: ÒankrunFixhealth.smx
L 03/27/2026 - 19:15:15: [SM] Call stack trace:
L 03/27/2026 - 19:15:15: [SM]   [0] GetConVarString
L 03/27/2026 - 19:15:15: [SM]   [1] Line 138, C:\Users\Moises\Downloads\Compressed\sourcemod-1.11.0-git6968-windows\addons\sourcemod\scripting\ÒankrunFixhealth.sp::IsTankRunActive
L 03/27/2026 - 19:15:15: [SM]   [2] Line 79, C:\Users\Moises\Downloads\Compressed\sourcemod-1.11.0-git6968-windows\addons\sourcemod\scripting\ÒankrunFixhealth.sp::Event_PlayerDeath
L 03/27/2026 - 19:15:15: [SM]   [4] ForcePlayerSuicide
L 03/27/2026 - 19:15:15: [SM]   [5] Line 37, D:\builds\build-sourcemod-msvc12\windows-1.12\build\plugins\playercommands\slay.sp::PerformSlay
L 03/27/2026 - 19:15:15: [SM]   [6] Line 108, D:\builds\build-sourcemod-msvc12\windows-1.12\build\plugins\playercommands\slay.sp::MenuHandler_Slay
L 03/27/2026 - 19:15:15: [SM] Exception reported: Invalid convar handle 0 (error 4)
L 03/27/2026 - 19:15:15: [SM] Blaming: ÒankrunFixhealth.smx
L 03/27/2026 - 19:15:15: [SM] Call stack trace:
L 03/27/2026 - 19:15:15: [SM]   [0] GetConVarString
L 03/27/2026 - 19:15:15: [SM]   [1] Line 138, C:\Users\Moises\Downloads\Compressed\sourcemod-1.11.0-git6968-windows\addons\sourcemod\scripting\ÒankrunFixhealth.sp::IsTankRunActive
L 03/27/2026 - 19:15:15: [SM]   [2] Line 91, C:\Users\Moises\Downloads\Compressed\sourcemod-1.11.0-git6968-windows\addons\sourcemod\scripting\ÒankrunFixhealth.sp::Event_MissionLost
L 03/27/2026 - 19:15:18: [SM] Exception reported: Invalid timer handle 40b00584 (error 3)
L 03/27/2026 - 19:15:18: [SM] Blaming: l4d2_playerjoining_v2.smx
L 03/27/2026 - 19:15:18: [SM] Call stack trace:
L 03/27/2026 - 19:15:18: [SM]   [0] KillTimer
L 03/27/2026 - 19:15:18: [SM]   [1] Line 53, C:\Users\Moises\Downloads\Compressed\sourcemod-1.11.0-git6968-windows\addons\sourcemod\scripting\l4d2_playerjoining_v2.sp::OnClientDisconnect
L 03/27/2026 - 19:15:21: [SM] Exception reported: Invalid timer handle 29f00559 (error 1)
L 03/27/2026 - 19:15:21: [SM] Blaming: l4d2_playerjoining_v2.smx
L 03/27/2026 - 19:15:21: [SM] Call stack trace:
L 03/27/2026 - 19:15:21: [SM]   [0] KillTimer
L 03/27/2026 - 19:15:21: [SM]   [1] Line 53, C:\Users\Moises\Downloads\Compressed\sourcemod-1.11.0-git6968-windows\addons\sourcemod\scripting\l4d2_playerjoining_v2.sp::OnClientDisconnect
L 03/27/2026 - 19:15:21: [SM] Exception reported: Invalid timer handle d300058e (error 3)
L 03/27/2026 - 19:15:21: [SM] Blaming: l4d2_playerjoining_v2.smx
L 03/27/2026 - 19:15:21: [SM] Call stack trace:
L 03/27/2026 - 19:15:21: [SM]   [0] KillTimer
L 03/27/2026 - 19:15:21: [SM]   [1] Line 53, C:\Users\Moises\Downloads\Compressed\sourcemod-1.11.0-git6968-windows\addons\sourcemod\scripting\l4d2_playerjoining_v2.sp::OnClientDisconnect
L 03/27/2026 - 19:15:22: [SM] Exception reported: Invalid timer handle 81c00550 (error 3)
L 03/27/2026 - 19:15:22: [SM] Blaming: l4d2_playerjoining_v2.smx
L 03/27/2026 - 19:15:22: [SM] Call stack trace:
L 03/27/2026 - 19:15:22: [SM]   [0] KillTimer
L 03/27/2026 - 19:15:22: [SM]   [1] Line 53, C:\Users\Moises\Downloads\Compressed\sourcemod-1.11.0-git6968-windows\addons\sourcemod\scripting\l4d2_playerjoining_v2.sp::OnClientDisconnect
L 03/27/2026 - 19:15:22: [SM] Exception reported: Invalid timer handle 18100595 (error 3)
L 03/27/2026 - 19:15:22: [SM] Blaming: l4d2_playerjoining_v2.smx
L 03/27/2026 - 19:15:22: [SM] Call stack trace:
L 03/27/2026 - 19:15:22: [SM]   [0] KillTimer
L 03/27/2026 - 19:15:22: [SM]   [1] Line 53, C:\Users\Moises\Downloads\Compressed\sourcemod-1.11.0-git6968-windows\addons\sourcemod\scripting\l4d2_playerjoining_v2.sp::OnClientDisconnect
L 03/27/2026 - 19:15:23: [SM] Exception reported: Invalid convar handle 0 (error 4)
L 03/27/2026 - 19:15:23: [SM] Blaming: ÒankrunFixhealth.smx
L 03/27/2026 - 19:15:23: [SM] Call stack trace:
L 03/27/2026 - 19:15:23: [SM]   [0] GetConVarString
L 03/27/2026 - 19:15:23: [SM]   [1] Line 138, C:\Users\Moises\Downloads\Compressed\sourcemod-1.11.0-git6968-windows\addons\sourcemod\scripting\ÒankrunFixhealth.sp::IsTankRunActive
L 03/27/2026 - 19:15:23: [SM]   [2] Line 54, C:\Users\Moises\Downloads\Compressed\sourcemod-1.11.0-git6968-windows\addons\sourcemod\scripting\ÒankrunFixhealth.sp::Event_RoundStart
L 03/27/2026 - 19:15:24: [SM] Exception reported: Invalid convar handle 0 (error 4)
L 03/27/2026 - 19:15:24: [SM] Blaming: ÒankrunFixhealth.smx
L 03/27/2026 - 19:15:24: [SM] Call stack trace:
L 03/27/2026 - 19:15:24: [SM]   [0] GetConVarString
L 03/27/2026 - 19:15:24: [SM]   [1] Line 138, C:\Users\Moises\Downloads\Compressed\sourcemod-1.11.0-git6968-windows\addons\sourcemod\scripting\ÒankrunFixhealth.sp::IsTankRunActive
L 03/27/2026 - 19:15:24: [SM]   [2] Line 36, C:\Users\Moises\Downloads\Compressed\sourcemod-1.11.0-git6968-windows\addons\sourcemod\scripting\ÒankrunFixhealth.sp::Timer_PeriodicCheck
L 03/27/2026 - 19:15:34: [SM] Exception reported: Invalid convar handle 0 (error 4)
L 03/27/2026 - 19:15:34: [SM] Blaming: ÒankrunFixhealth.smx
L 03/27/2026 - 19:15:34: [SM] Call stack trace:
L 03/27/2026 - 19:15:34: [SM]   [0] GetConVarString
L 03/27/2026 - 19:15:34: [SM]   [1] Line 138, C:\Users\Moises\Downloads\Compressed\sourcemod-1.11.0-git6968-windows\addons\sourcemod\scripting\ÒankrunFixhealth.sp::IsTankRunActive
L 03/27/2026 - 19:15:34: [SM]   [2] Line 36, C:\Users\Moises\Downloads\Compressed\sourcemod-1.11.0-git6968-windows\addons\sourcemod\scripting\ÒankrunFixhealth.sp::Timer_PeriodicCheck
L 03/27/2026 - 19:15:36: [SM] Exception reported: Invalid convar handle 0 (error 4)
L 03/27/2026 - 19:15:36: [SM] Blaming: ÒankrunFixhealth.smx
L 03/27/2026 - 19:15:36: [SM] Call stack trace:
L 03/27/2026 - 19:15:36: [SM]   [0] GetConVarString
L 03/27/2026 - 19:15:36: [SM]   [1] Line 138, C:\Users\Moises\Downloads\Compressed\sourcemod-1.11.0-git6968-windows\addons\sourcemod\scripting\ÒankrunFixhealth.sp::IsTankRunActive
L 03/27/2026 - 19:15:36: [SM]   [2] Line 79, C:\Users\Moises\Downloads\Compressed\sourcemod-1.11.0-git6968-windows\addons\sourcemod\scripting\ÒankrunFixhealth.sp::Event_PlayerDeath
L 03/27/2026 - 19:15:38: [SM] Exception reported: Invalid convar handle 0 (error 4)
L 03/27/2026 - 19:15:38: [SM] Blaming: ÒankrunFixhealth.smx
L 03/27/2026 - 19:15:38: [SM] Call stack trace:
L 03/27/2026 - 19:15:38: [SM]   [0] GetConVarString
L 03/27/2026 - 19:15:38: [SM]   [1] Line 138, C:\Users\Moises\Downloads\Compressed\sourcemod-1.11.0-git6968-windows\addons\sourcemod\scripting\ÒankrunFixhealth.sp::IsTankRunActive
L 03/27/2026 - 19:15:38: [SM]   [2] Line 79, C:\Users\Moises\Downloads\Compressed\sourcemod-1.11.0-git6968-windows\addons\sourcemod\scripting\ÒankrunFixhealth.sp::Event_PlayerDeath
L 03/27/2026 - 19:15:40: [SM] Exception reported: Invalid convar handle 0 (error 4)
L 03/27/2026 - 19:15:40: [SM] Blaming: ÒankrunFixhealth.smx
L 03/27/2026 - 19:15:40: [SM] Call stack trace:
L 03/27/2026 - 19:15:40: [SM]   [0] GetConVarString
L 03/27/2026 - 19:15:40: [SM]   [1] Line 138, C:\Users\Moises\Downloads\Compressed\sourcemod-1.11.0-git6968-windows\addons\sourcemod\scripting\ÒankrunFixhealth.sp::IsTankRunActive
L 03/27/2026 - 19:15:40: [SM]   [2] Line 79, C:\Users\Moises\Downloads\Compressed\sourcemod-1.11.0-git6968-windows\addons\sourcemod\scripting\ÒankrunFixhealth.sp::Event_PlayerDeath
L 03/27/2026 - 19:15:43: [SM] Exception reported: Invalid convar handle 0 (error 4)
L 03/27/2026 - 19:15:43: [SM] Blaming: ÒankrunFixhealth.smx
L 03/27/2026 - 19:15:43: [SM] Call stack trace:
L 03/27/2026 - 19:15:43: [SM]   [0] GetConVarString
L 03/27/2026 - 19:15:43: [SM]   [1] Line 138, C:\Users\Moises\Downloads\Compressed\sourcemod-1.11.0-git6968-windows\addons\sourcemod\scripting\ÒankrunFixhealth.sp::IsTankRunActive
L 03/27/2026 - 19:15:43: [SM]   [2] Line 79, C:\Users\Moises\Downloads\Compressed\sourcemod-1.11.0-git6968-windows\addons\sourcemod\scripting\ÒankrunFixhealth.sp::Event_PlayerDeath
L 03/27/2026 - 19:15:44: [SM] Exception reported: Invalid convar handle 0 (error 4)
L 03/27/2026 - 19:15:44: [SM] Blaming: ÒankrunFixhealth.smx
L 03/27/2026 - 19:15:44: [SM] Call stack trace:
L 03/27/2026 - 19:15:44: [SM]   [0] GetConVarString
L 03/27/2026 - 19:15:44: [SM]   [1] Line 138, C:\Users\Moises\Downloads\Compressed\sourcemod-1.11.0-git6968-windows\addons\sourcemod\scripting\ÒankrunFixhealth.sp::IsTankRunActive
L 03/27/2026 - 19:15:44: [SM]   [2] Line 36, C:\Users\Moises\Downloads\Compressed\sourcemod-1.11.0-git6968-windows\addons\sourcemod\scripting\ÒankrunFixhealth.sp::Timer_PeriodicCheck
L 03/27/2026 - 19:15:46: [SM] Exception reported: Invalid convar handle 0 (error 4)
L 03/27/2026 - 19:15:46: [SM] Blaming: ÒankrunFixhealth.smx
L 03/27/2026 - 19:15:46: [SM] Call stack trace:
L 03/27/2026 - 19:15:46: [SM]   [0] GetConVarString
L 03/27/2026 - 19:15:46: [SM]   [1] Line 138, C:\Users\Moises\Downloads\Compressed\sourcemod-1.11.0-git6968-windows\addons\sourcemod\scripting\ÒankrunFixhealth.sp::IsTankRunActive
L 03/27/2026 - 19:15:46: [SM]   [2] Line 79, C:\Users\Moises\Downloads\Compressed\sourcemod-1.11.0-git6968-windows\addons\sourcemod\scripting\ÒankrunFixhealth.sp::Event_PlayerDeath
L 03/27/2026 - 19:15:48: [SM] Exception reported: Language phrase "Please wait to be revived or rescued" not found (arg 6)
L 03/27/2026 - 19:15:48: [SM] Blaming: l4dmultislots.smx
L 03/27/2026 - 19:15:48: [SM] Call stack trace:
L 03/27/2026 - 19:15:48: [SM]   [0] PrintToChat
L 03/27/2026 - 19:15:48: [SM]   [1] Line 953, d:\Github\Private-Work\L4D2-Êèí‰ª∂\scripting_1.11\l4dmultislots.sp::Timer_SpecCheck
L 03/27/2026 - 19:15:54: [SM] Exception reported: Invalid convar handle 0 (error 4)
L 03/27/2026 - 19:15:54: [SM] Blaming: ÒankrunFixhealth.smx
L 03/27/2026 - 19:15:54: [SM] Call stack trace:
L 03/27/2026 - 19:15:54: [SM]   [0] GetConVarString
L 03/27/2026 - 19:15:54: [SM]   [1] Line 138, C:\Users\Moises\Downloads\Compressed\sourcemod-1.11.0-git6968-windows\addons\sourcemod\scripting\ÒankrunFixhealth.sp::IsTankRunActive
L 03/27/2026 - 19:15:54: [SM]   [2] Line 36, C:\Users\Moises\Downloads\Compressed\sourcemod-1.11.0-git6968-windows\addons\sourcemod\scripting\ÒankrunFixhealth.sp::Timer_PeriodicCheck
L 03/27/2026 - 19:15:56: [SM] Exception reported: Invalid timer handle d300058e (error 3)
L 03/27/2026 - 19:15:56: [SM] Blaming: l4d2_playerjoining_v2.smx
L 03/27/2026 - 19:15:56: [SM] Call stack trace:
L 03/27/2026 - 19:15:56: [SM]   [0] KillTimer
L 03/27/2026 - 19:15:56: [SM]   [1] Line 53, C:\Users\Moises\Downloads\Compressed\sourcemod-1.11.0-git6968-windows\addons\sourcemod\scripting\l4d2_playerjoining_v2.sp::OnClientDisconnect
L 03/27/2026 - 19:15:57: [SM] Exception reported: Property "m_vecAngularVelocity" not found (entity 349/weapon_pumpshotgun)
L 03/27/2026 - 19:15:57: [SM] Blaming: l4d2_tank_core v4_5.smx
L 03/27/2026 - 19:15:57: [SM] Call stack trace:
L 03/27/2026 - 19:15:57: [SM]   [0] SetEntPropVector
L 03/27/2026 - 19:15:57: [SM]   [1] Line 650, D:\SteamLibrary\steamapps\common\Left 4 Dead 2\left4dead2\addons\sourcemod\scripting\l4d2_tank_core v4_5.sp::DropItemsPhysically
L 03/27/2026 - 19:15:57: [SM]   [2] Line 549, D:\SteamLibrary\steamapps\common\Left 4 Dead 2\left4dead2\addons\sourcemod\scripting\l4d2_tank_core v4_5.sp::Event_PlayerHurt
L 03/27/2026 - 19:15:57: [SM] Exception reported: Invalid convar handle 0 (error 4)
L 03/27/2026 - 19:15:57: [SM] Blaming: ÒankrunFixhealth.smx
L 03/27/2026 - 19:15:57: [SM] Call stack trace:
L 03/27/2026 - 19:15:57: [SM]   [0] GetConVarString
L 03/27/2026 - 19:15:57: [SM]   [1] Line 138, C:\Users\Moises\Downloads\Compressed\sourcemod-1.11.0-git6968-windows\addons\sourcemod\scripting\ÒankrunFixhealth.sp::IsTankRunActive
L 03/27/2026 - 19:15:57: [SM]   [2] Line 79, C:\Users\Moises\Downloads\Compressed\sourcemod-1.11.0-git6968-windows\addons\sourcemod\scripting\ÒankrunFixhealth.sp::Event_PlayerDeath
L 03/27/2026 - 19:16:04: [SM] Exception reported: Invalid convar handle 0 (error 4)
L 03/27/2026 - 19:16:04: [SM] Blaming: ÒankrunFixhealth.smx
L 03/27/2026 - 19:16:04: [SM] Call stack trace:
L 03/27/2026 - 19:16:04: [SM]   [0] GetConVarString
L 03/27/2026 - 19:16:04: [SM]   [1] Line 138, C:\Users\Moises\Downloads\Compressed\sourcemod-1.11.0-git6968-windows\addons\sourcemod\scripting\ÒankrunFixhealth.sp::IsTankRunActive
L 03/27/2026 - 19:16:04: [SM]   [2] Line 36, C:\Users\Moises\Downloads\Compressed\sourcemod-1.11.0-git6968-windows\addons\sourcemod\scripting\ÒankrunFixhealth.sp::Timer_PeriodicCheck
L 03/27/2026 - 19:16:06: [SM] Exception reported: Invalid convar handle 0 (error 4)
L 03/27/2026 - 19:16:06: [SM] Blaming: ÒankrunFixhealth.smx
L 03/27/2026 - 19:16:06: [SM] Call stack trace:
L 03/27/2026 - 19:16:06: [SM]   [0] GetConVarString
L 03/27/2026 - 19:16:06: [SM]   [1] Line 138, C:\Users\Moises\Downloads\Compressed\sourcemod-1.11.0-git6968-windows\addons\sourcemod\scripting\ÒankrunFixhealth.sp::IsTankRunActive
L 03/27/2026 - 19:16:06: [SM]   [2] Line 79, C:\Users\Moises\Downloads\Compressed\sourcemod-1.11.0-git6968-windows\addons\sourcemod\scripting\ÒankrunFixhealth.sp::Event_PlayerDeath
L 03/27/2026 - 19:16:06: [SM] Exception reported: Invalid convar handle 0 (error 4)
L 03/27/2026 - 19:16:06: [SM] Blaming: ÒankrunFixhealth.smx
L 03/27/2026 - 19:16:06: [SM] Call stack trace:
L 03/27/2026 - 19:16:06: [SM]   [0] GetConVarString
L 03/27/2026 - 19:16:06: [SM]   [1] Line 138, C:\Users\Moises\Downloads\Compressed\sourcemod-1.11.0-git6968-windows\addons\sourcemod\scripting\ÒankrunFixhealth.sp::IsTankRunActive
L 03/27/2026 - 19:16:06: [SM]   [2] Line 91, C:\Users\Moises\Downloads\Compressed\sourcemod-1.11.0-git6968-windows\addons\sourcemod\scripting\ÒankrunFixhealth.sp::Event_MissionLost
L 03/27/2026 - 19:16:14: [SM] Exception reported: Invalid convar handle 0 (error 4)
L 03/27/2026 - 19:16:14: [SM] Blaming: ÒankrunFixhealth.smx
L 03/27/2026 - 19:16:14: [SM] Call stack trace:
L 03/27/2026 - 19:16:14: [SM]   [0] GetConVarString
L 03/27/2026 - 19:16:14: [SM]   [1] Line 138, C:\Users\Moises\Downloads\Compressed\sourcemod-1.11.0-git6968-windows\addons\sourcemod\scripting\ÒankrunFixhealth.sp::IsTankRunActive
L 03/27/2026 - 19:16:14: [SM]   [2] Line 54, C:\Users\Moises\Downloads\Compressed\sourcemod-1.11.0-git6968-windows\addons\sourcemod\scripting\ÒankrunFixhealth.sp::Event_RoundStart
L 03/27/2026 - 19:16:14: [SM] Exception reported: Invalid timer handle 29f00559 (error 1)
L 03/27/2026 - 19:16:14: [SM] Blaming: l4d2_playerjoining_v2.smx
L 03/27/2026 - 19:16:14: [SM] Call stack trace:
L 03/27/2026 - 19:16:14: [SM]   [0] KillTimer
L 03/27/2026 - 19:16:14: [SM]   [1] Line 53, C:\Users\Moises\Downloads\Compressed\sourcemod-1.11.0-git6968-windows\addons\sourcemod\scripting\l4d2_playerjoining_v2.sp::OnClientDisconnect
L 03/27/2026 - 19:16:14: [SM] Exception reported: Invalid timer handle 40b00584 (error 1)
L 03/27/2026 - 19:16:14: [SM] Blaming: l4d2_playerjoining_v2.smx
L 03/27/2026 - 19:16:14: [SM] Call stack trace:
L 03/27/2026 - 19:16:14: [SM]   [0] KillTimer
L 03/27/2026 - 19:16:14: [SM]   [1] Line 53, C:\Users\Moises\Downloads\Compressed\sourcemod-1.11.0-git6968-windows\addons\sourcemod\scripting\l4d2_playerjoining_v2.sp::OnClientDisconnect
L 03/27/2026 - 19:16:14: [SM] Exception reported: Invalid convar handle 0 (error 4)
L 03/27/2026 - 19:16:14: [SM] Blaming: ÒankrunFixhealth.smx
L 03/27/2026 - 19:16:14: [SM] Call stack trace:
L 03/27/2026 - 19:16:14: [SM]   [0] GetConVarString
L 03/27/2026 - 19:16:14: [SM]   [1] Line 138, C:\Users\Moises\Downloads\Compressed\sourcemod-1.11.0-git6968-windows\addons\sourcemod\scripting\ÒankrunFixhealth.sp::IsTankRunActive
L 03/27/2026 - 19:16:14: [SM]   [2] Line 36, C:\Users\Moises\Downloads\Compressed\sourcemod-1.11.0-git6968-windows\addons\sourcemod\scripting\ÒankrunFixhealth.sp::Timer_PeriodicCheck
L 03/27/2026 - 19:16:24: [SM] Exception reported: Invalid timer handle 29f00559 (error 1)
L 03/27/2026 - 19:16:24: [SM] Blaming: l4d2_playerjoining_v2.smx
L 03/27/2026 - 19:16:24: [SM] Call stack trace:
L 03/27/2026 - 19:16:24: [SM]   [0] KillTimer
L 03/27/2026 - 19:16:24: [SM]   [1] Line 53, C:\Users\Moises\Downloads\Compressed\sourcemod-1.11.0-git6968-windows\addons\sourcemod\scripting\l4d2_playerjoining_v2.sp::OnClientDisconnect
L 03/27/2026 - 19:16:24: [SM] Exception reported: Invalid convar handle 0 (error 4)
L 03/27/2026 - 19:16:24: [SM] Blaming: ÒankrunFixhealth.smx
L 03/27/2026 - 19:16:24: [SM] Call stack trace:
L 03/27/2026 - 19:16:24: [SM]   [0] GetConVarString
L 03/27/2026 - 19:16:24: [SM]   [1] Line 138, C:\Users\Moises\Downloads\Compressed\sourcemod-1.11.0-git6968-windows\addons\sourcemod\scripting\ÒankrunFixhealth.sp::IsTankRunActive
L 03/27/2026 - 19:16:24: [SM]   [2] Line 36, C:\Users\Moises\Downloads\Compressed\sourcemod-1.11.0-git6968-windows\addons\sourcemod\scripting\ÒankrunFixhealth.sp::Timer_PeriodicCheck
L 03/27/2026 - 19:16:32: [SM] Exception reported: Invalid timer handle 29f00559 (error 1)
L 03/27/2026 - 19:16:32: [SM] Blaming: l4d2_playerjoining_v2.smx
L 03/27/2026 - 19:16:32: [SM] Call stack trace:
L 03/27/2026 - 19:16:32: [SM]   [0] KillTimer
L 03/27/2026 - 19:16:32: [SM]   [1] Line 53, C:\Users\Moises\Downloads\Compressed\sourcemod-1.11.0-git6968-windows\addons\sourcemod\scripting\l4d2_playerjoining_v2.sp::OnClientDisconnect
L 03/27/2026 - 19:16:34: [SM] Exception reported: Invalid convar handle 0 (error 4)
L 03/27/2026 - 19:16:34: [SM] Blaming: ÒankrunFixhealth.smx
L 03/27/2026 - 19:16:34: [SM] Call stack trace:
L 03/27/2026 - 19:16:34: [SM]   [0] GetConVarString
L 03/27/2026 - 19:16:34: [SM]   [1] Line 138, C:\Users\Moises\Downloads\Compressed\sourcemod-1.11.0-git6968-windows\addons\sourcemod\scripting\ÒankrunFixhealth.sp::IsTankRunActive
L 03/27/2026 - 19:16:34: [SM]   [2] Line 36, C:\Users\Moises\Downloads\Compressed\sourcemod-1.11.0-git6968-windows\addons\sourcemod\scripting\ÒankrunFixhealth.sp::Timer_PeriodicCheck
L 03/27/2026 - 19:16:34: [SM] Exception reported: Invalid Handle 0 (error 4)
L 03/27/2026 - 19:16:34: [SM] Blaming: l4dafkfix.smx
L 03/27/2026 - 19:16:34: [SM] Call stack trace:
L 03/27/2026 - 19:16:34: [SM]   [0] SDKCall
L 03/27/2026 - 19:16:34: [SM]   [1] Line 235, /home/forums/content/files/4/8/2/4/5/73422.attach::TakeOverBot
L 03/27/2026 - 19:16:34: [SM]   [2] Line 148, /home/forums/content/files/4/8/2/4/5/73422.attach::Event_PlayerDeath
L 03/27/2026 - 19:16:34: [SM] Exception reported: Invalid convar handle 0 (error 4)
L 03/27/2026 - 19:16:34: [SM] Blaming: ÒankrunFixhealth.smx
L 03/27/2026 - 19:16:34: [SM] Call stack trace:
L 03/27/2026 - 19:16:34: [SM]   [0] GetConVarString
L 03/27/2026 - 19:16:34: [SM]   [1] Line 138, C:\Users\Moises\Downloads\Compressed\sourcemod-1.11.0-git6968-windows\addons\sourcemod\scripting\ÒankrunFixhealth.sp::IsTankRunActive
L 03/27/2026 - 19:16:34: [SM]   [2] Line 79, C:\Users\Moises\Downloads\Compressed\sourcemod-1.11.0-git6968-windows\addons\sourcemod\scripting\ÒankrunFixhealth.sp::Event_PlayerDeath
L 03/27/2026 - 19:16:34: [SM] Exception reported: Invalid timer handle 29f00559 (error 1)
L 03/27/2026 - 19:16:34: [SM] Blaming: l4d2_playerjoining_v2.smx
L 03/27/2026 - 19:16:34: [SM] Call stack trace:
L 03/27/2026 - 19:16:34: [SM]   [0] KillTimer
L 03/27/2026 - 19:16:34: [SM]   [1] Line 53, C:\Users\Moises\Downloads\Compressed\sourcemod-1.11.0-git6968-windows\addons\sourcemod\scripting\l4d2_playerjoining_v2.sp::OnClientDisconnect
L 03/27/2026 - 19:16:34: [SM] Exception reported: Invalid Handle 0 (error 4)
L 03/27/2026 - 19:16:34: [SM] Blaming: l4dafkfix.smx
L 03/27/2026 - 19:16:34: [SM] Call stack trace:
L 03/27/2026 - 19:16:34: [SM]   [0] SDKCall
L 03/27/2026 - 19:16:34: [SM]   [1] Line 194, /home/forums/content/files/4/8/2/4/5/73422.attach::SetHumanIdle
L 03/27/2026 - 19:16:34: [SM]   [2] Line 172, /home/forums/content/files/4/8/2/4/5/73422.attach::Timer_ActivateFix
L 03/27/2026 - 19:16:38: [SM] Exception reported: Invalid timer handle 29f00559 (error 1)
L 03/27/2026 - 19:16:38: [SM] Blaming: l4d2_playerjoining_v2.smx
L 03/27/2026 - 19:16:38: [SM] Call stack trace:
L 03/27/2026 - 19:16:38: [SM]   [0] KillTimer
L 03/27/2026 - 19:16:38: [SM]   [1] Line 53, C:\Users\Moises\Downloads\Compressed\sourcemod-1.11.0-git6968-windows\addons\sourcemod\scripting\l4d2_playerjoining_v2.sp::OnClientDisconnect
L 03/27/2026 - 19:16:44: [SM] Exception reported: Invalid convar handle 0 (error 4)
L 03/27/2026 - 19:16:44: [SM] Blaming: ÒankrunFixhealth.smx
L 03/27/2026 - 19:16:44: [SM] Call stack trace:
L 03/27/2026 - 19:16:44: [SM]   [0] GetConVarString
L 03/27/2026 - 19:16:44: [SM]   [1] Line 138, C:\Users\Moises\Downloads\Compressed\sourcemod-1.11.0-git6968-windows\addons\sourcemod\scripting\ÒankrunFixhealth.sp::IsTankRunActive
L 03/27/2026 - 19:16:44: [SM]   [2] Line 36, C:\Users\Moises\Downloads\Compressed\sourcemod-1.11.0-git6968-windows\addons\sourcemod\scripting\ÒankrunFixhealth.sp::Timer_PeriodicCheck
L 03/27/2026 - 19:16:48: [SM] Exception reported: Invalid convar handle 0 (error 4)
L 03/27/2026 - 19:16:48: [SM] Blaming: ÒankrunFixhealth.smx
L 03/27/2026 - 19:16:48: [SM] Call stack trace:
L 03/27/2026 - 19:16:48: [SM]   [0] GetConVarString
L 03/27/2026 - 19:16:48: [SM]   [1] Line 138, C:\Users\Moises\Downloads\Compressed\sourcemod-1.11.0-git6968-windows\addons\sourcemod\scripting\ÒankrunFixhealth.sp::IsTankRunActive
L 03/27/2026 - 19:16:48: [SM]   [2] Line 79, C:\Users\Moises\Downloads\Compressed\sourcemod-1.11.0-git6968-windows\addons\sourcemod\scripting\ÒankrunFixhealth.sp::Event_PlayerDeath
L 03/27/2026 - 19:16:54: [SM] Exception reported: Invalid convar handle 0 (error 4)
L 03/27/2026 - 19:16:54: [SM] Blaming: ÒankrunFixhealth.smx
L 03/27/2026 - 19:16:54: [SM] Call stack trace:
L 03/27/2026 - 19:16:54: [SM]   [0] GetConVarString
L 03/27/2026 - 19:16:54: [SM]   [1] Line 138, C:\Users\Moises\Downloads\Compressed\sourcemod-1.11.0-git6968-windows\addons\sourcemod\scripting\ÒankrunFixhealth.sp::IsTankRunActive
L 03/27/2026 - 19:16:54: [SM]   [2] Line 36, C:\Users\Moises\Downloads\Compressed\sourcemod-1.11.0-git6968-windows\addons\sourcemod\scripting\ÒankrunFixhealth.sp::Timer_PeriodicCheck
L 03/27/2026 - 19:16:55: [SM] Exception reported: Invalid convar handle 0 (error 4)
L 03/27/2026 - 19:16:55: [SM] Blaming: ÒankrunFixhealth.smx
L 03/27/2026 - 19:16:55: [SM] Call stack trace:
L 03/27/2026 - 19:16:55: [SM]   [0] GetConVarString
L 03/27/2026 - 19:16:55: [SM]   [1] Line 138, C:\Users\Moises\Downloads\Compressed\sourcemod-1.11.0-git6968-windows\addons\sourcemod\scripting\ÒankrunFixhealth.sp::IsTankRunActive
L 03/27/2026 - 19:16:55: [SM]   [2] Line 79, C:\Users\Moises\Downloads\Compressed\sourcemod-1.11.0-git6968-windows\addons\sourcemod\scripting\ÒankrunFixhealth.sp::Event_PlayerDeath
L 03/27/2026 - 19:16:55: [SM]   [4] ForcePlayerSuicide
L 03/27/2026 - 19:16:55: [SM]   [5] Line 37, D:\builds\build-sourcemod-msvc12\windows-1.12\build\plugins\playercommands\slay.sp::PerformSlay
L 03/27/2026 - 19:16:55: [SM]   [6] Line 108, D:\builds\build-sourcemod-msvc12\windows-1.12\build\plugins\playercommands\slay.sp::MenuHandler_Slay
L 03/27/2026 - 19:16:55: [SM] Exception reported: Invalid timer handle 40b00584 (error 3)
L 03/27/2026 - 19:16:55: [SM] Blaming: l4d2_playerjoining_v2.smx
L 03/27/2026 - 19:16:55: [SM] Call stack trace:
L 03/27/2026 - 19:16:55: [SM]   [0] KillTimer
L 03/27/2026 - 19:16:55: [SM]   [1] Line 53, C:\Users\Moises\Downloads\Compressed\sourcemod-1.11.0-git6968-windows\addons\sourcemod\scripting\l4d2_playerjoining_v2.sp::OnClientDisconnect
L 03/27/2026 - 19:16:55: [SM] Exception reported: Invalid convar handle 0 (error 4)
L 03/27/2026 - 19:16:55: [SM] Blaming: ÒankrunFixhealth.smx
L 03/27/2026 - 19:16:55: [SM] Call stack trace:
L 03/27/2026 - 19:16:55: [SM]   [0] GetConVarString
L 03/27/2026 - 19:16:55: [SM]   [1] Line 138, C:\Users\Moises\Downloads\Compressed\sourcemod-1.11.0-git6968-windows\addons\sourcemod\scripting\ÒankrunFixhealth.sp::IsTankRunActive
L 03/27/2026 - 19:16:55: [SM]   [2] Line 79, C:\Users\Moises\Downloads\Compressed\sourcemod-1.11.0-git6968-windows\addons\sourcemod\scripting\ÒankrunFixhealth.sp::Event_PlayerDeath
L 03/27/2026 - 19:16:55: [SM]   [4] ForcePlayerSuicide
L 03/27/2026 - 19:16:55: [SM]   [5] Line 37, D:\builds\build-sourcemod-msvc12\windows-1.12\build\plugins\playercommands\slay.sp::PerformSlay
L 03/27/2026 - 19:16:55: [SM]   [6] Line 108, D:\builds\build-sourcemod-msvc12\windows-1.12\build\plugins\playercommands\slay.sp::MenuHandler_Slay
L 03/27/2026 - 19:16:56: [SM] Exception reported: Invalid convar handle 0 (error 4)
L 03/27/2026 - 19:16:56: [SM] Blaming: ÒankrunFixhealth.smx
L 03/27/2026 - 19:16:56: [SM] Call stack trace:
L 03/27/2026 - 19:16:56: [SM]   [0] GetConVarString
L 03/27/2026 - 19:16:56: [SM]   [1] Line 138, C:\Users\Moises\Downloads\Compressed\sourcemod-1.11.0-git6968-windows\addons\sourcemod\scripting\ÒankrunFixhealth.sp::IsTankRunActive
L 03/27/2026 - 19:16:56: [SM]   [2] Line 79, C:\Users\Moises\Downloads\Compressed\sourcemod-1.11.0-git6968-windows\addons\sourcemod\scripting\ÒankrunFixhealth.sp::Event_PlayerDeath
L 03/27/2026 - 19:16:56: [SM]   [4] ForcePlayerSuicide
L 03/27/2026 - 19:16:56: [SM]   [5] Line 37, D:\builds\build-sourcemod-msvc12\windows-1.12\build\plugins\playercommands\slay.sp::PerformSlay
L 03/27/2026 - 19:16:56: [SM]   [6] Line 108, D:\builds\build-sourcemod-msvc12\windows-1.12\build\plugins\playercommands\slay.sp::MenuHandler_Slay
L 03/27/2026 - 19:16:56: [SM] Exception reported: Invalid convar handle 0 (error 4)
L 03/27/2026 - 19:16:56: [SM] Blaming: ÒankrunFixhealth.smx
L 03/27/2026 - 19:16:56: [SM] Call stack trace:
L 03/27/2026 - 19:16:56: [SM]   [0] GetConVarString
L 03/27/2026 - 19:16:56: [SM]   [1] Line 138, C:\Users\Moises\Downloads\Compressed\sourcemod-1.11.0-git6968-windows\addons\sourcemod\scripting\ÒankrunFixhealth.sp::IsTankRunActive
L 03/27/2026 - 19:16:56: [SM]   [2] Line 79, C:\Users\Moises\Downloads\Compressed\sourcemod-1.11.0-git6968-windows\addons\sourcemod\scripting\ÒankrunFixhealth.sp::Event_PlayerDeath
L 03/27/2026 - 19:16:56: [SM]   [4] ForcePlayerSuicide
L 03/27/2026 - 19:16:56: [SM]   [5] Line 37, D:\builds\build-sourcemod-msvc12\windows-1.12\build\plugins\playercommands\slay.sp::PerformSlay
L 03/27/2026 - 19:16:56: [SM]   [6] Line 108, D:\builds\build-sourcemod-msvc12\windows-1.12\build\plugins\playercommands\slay.sp::MenuHandler_Slay
L 03/27/2026 - 19:16:56: [SM] Exception reported: Invalid convar handle 0 (error 4)
L 03/27/2026 - 19:16:56: [SM] Blaming: ÒankrunFixhealth.smx
L 03/27/2026 - 19:16:56: [SM] Call stack trace:
L 03/27/2026 - 19:16:56: [SM]   [0] GetConVarString
L 03/27/2026 - 19:16:56: [SM]   [1] Line 138, C:\Users\Moises\Downloads\Compressed\sourcemod-1.11.0-git6968-windows\addons\sourcemod\scripting\ÒankrunFixhealth.sp::IsTankRunActive
L 03/27/2026 - 19:16:56: [SM]   [2] Line 79, C:\Users\Moises\Downloads\Compressed\sourcemod-1.11.0-git6968-windows\addons\sourcemod\scripting\ÒankrunFixhealth.sp::Event_PlayerDeath
L 03/27/2026 - 19:16:56: [SM]   [4] ForcePlayerSuicide
L 03/27/2026 - 19:16:56: [SM]   [5] Line 37, D:\builds\build-sourcemod-msvc12\windows-1.12\build\plugins\playercommands\slay.sp::PerformSlay
L 03/27/2026 - 19:16:56: [SM]   [6] Line 108, D:\builds\build-sourcemod-msvc12\windows-1.12\build\plugins\playercommands\slay.sp::MenuHandler_Slay
L 03/27/2026 - 19:16:56: [SM] Exception reported: Invalid convar handle 0 (error 4)
L 03/27/2026 - 19:16:56: [SM] Blaming: ÒankrunFixhealth.smx
L 03/27/2026 - 19:16:56: [SM] Call stack trace:
L 03/27/2026 - 19:16:56: [SM]   [0] GetConVarString
L 03/27/2026 - 19:16:56: [SM]   [1] Line 138, C:\Users\Moises\Downloads\Compressed\sourcemod-1.11.0-git6968-windows\addons\sourcemod\scripting\ÒankrunFixhealth.sp::IsTankRunActive
L 03/27/2026 - 19:16:56: [SM]   [2] Line 79, C:\Users\Moises\Downloads\Compressed\sourcemod-1.11.0-git6968-windows\addons\sourcemod\scripting\ÒankrunFixhealth.sp::Event_PlayerDeath
L 03/27/2026 - 19:16:56: [SM]   [4] ForcePlayerSuicide
L 03/27/2026 - 19:16:56: [SM]   [5] Line 37, D:\builds\build-sourcemod-msvc12\windows-1.12\build\plugins\playercommands\slay.sp::PerformSlay
L 03/27/2026 - 19:16:56: [SM]   [6] Line 108, D:\builds\build-sourcemod-msvc12\windows-1.12\build\plugins\playercommands\slay.sp::MenuHandler_Slay
L 03/27/2026 - 19:16:57: [SM] Exception reported: Invalid convar handle 0 (error 4)
L 03/27/2026 - 19:16:57: [SM] Blaming: ÒankrunFixhealth.smx
L 03/27/2026 - 19:16:57: [SM] Call stack trace:
L 03/27/2026 - 19:16:57: [SM]   [0] GetConVarString
L 03/27/2026 - 19:16:57: [SM]   [1] Line 138, C:\Users\Moises\Downloads\Compressed\sourcemod-1.11.0-git6968-windows\addons\sourcemod\scripting\ÒankrunFixhealth.sp::IsTankRunActive
L 03/27/2026 - 19:16:57: [SM]   [2] Line 79, C:\Users\Moises\Downloads\Compressed\sourcemod-1.11.0-git6968-windows\addons\sourcemod\scripting\ÒankrunFixhealth.sp::Event_PlayerDeath
L 03/27/2026 - 19:16:57: [SM]   [4] ForcePlayerSuicide
L 03/27/2026 - 19:16:57: [SM]   [5] Line 37, D:\builds\build-sourcemod-msvc12\windows-1.12\build\plugins\playercommands\slay.sp::PerformSlay
L 03/27/2026 - 19:16:57: [SM]   [6] Line 108, D:\builds\build-sourcemod-msvc12\windows-1.12\build\plugins\playercommands\slay.sp::MenuHandler_Slay
L 03/27/2026 - 19:17:01: [SM] Exception reported: Language phrase "No Any Dead Survivor" not found (arg 6)
L 03/27/2026 - 19:17:01: [SM] Blaming: l4d_sm_respawn.smx
L 03/27/2026 - 19:17:01: [SM] Call stack trace:
L 03/27/2026 - 19:17:01: [SM]   [0] FormatEx
L 03/27/2026 - 19:17:01: [SM]   [1] Line 202, d:\Github\Private-Work\L4D2-Êèí‰ª∂\scripting_1.11\l4d_sm_respawn.sp::MenuClientsToSpawn
L 03/27/2026 - 19:17:01: [SM]   [2] Line 239, d:\Github\Private-Work\L4D2-Êèí‰ª∂\scripting_1.11\l4d_sm_respawn.sp::MenuHandler_MenuList
L 03/27/2026 - 19:17:03: [SM] Exception reported: Invalid timer handle 29f00559 (error 1)
L 03/27/2026 - 19:17:03: [SM] Blaming: l4d2_playerjoining_v2.smx
L 03/27/2026 - 19:17:03: [SM] Call stack trace:
L 03/27/2026 - 19:17:03: [SM]   [0] KillTimer
L 03/27/2026 - 19:17:03: [SM]   [1] Line 53, C:\Users\Moises\Downloads\Compressed\sourcemod-1.11.0-git6968-windows\addons\sourcemod\scripting\l4d2_playerjoining_v2.sp::OnClientDisconnect
L 03/27/2026 - 19:17:04: [SM] Exception reported: Invalid convar handle 0 (error 4)
L 03/27/2026 - 19:17:04: [SM] Blaming: ÒankrunFixhealth.smx
L 03/27/2026 - 19:17:04: [SM] Call stack trace:
L 03/27/2026 - 19:17:04: [SM]   [0] GetConVarString
L 03/27/2026 - 19:17:04: [SM]   [1] Line 138, C:\Users\Moises\Downloads\Compressed\sourcemod-1.11.0-git6968-windows\addons\sourcemod\scripting\ÒankrunFixhealth.sp::IsTankRunActive
L 03/27/2026 - 19:17:04: [SM]   [2] Line 36, C:\Users\Moises\Downloads\Compressed\sourcemod-1.11.0-git6968-windows\addons\sourcemod\scripting\ÒankrunFixhealth.sp::Timer_PeriodicCheck
L 03/27/2026 - 19:17:14: [SM] Exception reported: Invalid convar handle 0 (error 4)
L 03/27/2026 - 19:17:14: [SM] Blaming: ÒankrunFixhealth.smx
L 03/27/2026 - 19:17:14: [SM] Call stack trace:
L 03/27/2026 - 19:17:14: [SM]   [0] GetConVarString
L 03/27/2026 - 19:17:14: [SM]   [1] Line 138, C:\Users\Moises\Downloads\Compressed\sourcemod-1.11.0-git6968-windows\addons\sourcemod\scripting\ÒankrunFixhealth.sp::IsTankRunActive
L 03/27/2026 - 19:17:14: [SM]   [2] Line 36, C:\Users\Moises\Downloads\Compressed\sourcemod-1.11.0-git6968-windows\addons\sourcemod\scripting\ÒankrunFixhealth.sp::Timer_PeriodicCheck
L 03/27/2026 - 19:17:20: [SM] Exception reported: Invalid convar handle 0 (error 4)
L 03/27/2026 - 19:17:20: [SM] Blaming: ÒankrunFixhealth.smx
L 03/27/2026 - 19:17:20: [SM] Call stack trace:
L 03/27/2026 - 19:17:20: [SM]   [0] GetConVarString
L 03/27/2026 - 19:17:20: [SM]   [1] Line 138, C:\Users\Moises\Downloads\Compressed\sourcemod-1.11.0-git6968-windows\addons\sourcemod\scripting\ÒankrunFixhealth.sp::IsTankRunActive
L 03/27/2026 - 19:17:20: [SM]   [2] Line 79, C:\Users\Moises\Downloads\Compressed\sourcemod-1.11.0-git6968-windows\addons\sourcemod\scripting\ÒankrunFixhealth.sp::Event_PlayerDeath
L 03/27/2026 - 19:17:24: [SM] Exception reported: Invalid convar handle 0 (error 4)
L 03/27/2026 - 19:17:24: [SM] Blaming: ÒankrunFixhealth.smx
L 03/27/2026 - 19:17:24: [SM] Call stack trace:
L 03/27/2026 - 19:17:24: [SM]   [0] GetConVarString
L 03/27/2026 - 19:17:24: [SM]   [1] Line 138, C:\Users\Moises\Downloads\Compressed\sourcemod-1.11.0-git6968-windows\addons\sourcemod\scripting\ÒankrunFixhealth.sp::IsTankRunActive
L 03/27/2026 - 19:17:24: [SM]   [2] Line 36, C:\Users\Moises\Downloads\Compressed\sourcemod-1.11.0-git6968-windows\addons\sourcemod\scripting\ÒankrunFixhealth.sp::Timer_PeriodicCheck
L 03/27/2026 - 19:17:27: [SM] Exception reported: Language phrase "No Any Dead Survivor" not found (arg 6)
L 03/27/2026 - 19:17:27: [SM] Blaming: l4d_sm_respawn.smx
L 03/27/2026 - 19:17:27: [SM] Call stack trace:
L 03/27/2026 - 19:17:27: [SM]   [0] FormatEx
L 03/27/2026 - 19:17:27: [SM]   [1] Line 202, d:\Github\Private-Work\L4D2-Êèí‰ª∂\scripting_1.11\l4d_sm_respawn.sp::MenuClientsToSpawn
L 03/27/2026 - 19:17:27: [SM]   [2] Line 239, d:\Github\Private-Work\L4D2-Êèí‰ª∂\scripting_1.11\l4d_sm_respawn.sp::MenuHandler_MenuList
L 03/27/2026 - 19:17:34: [SM] Exception reported: Invalid convar handle 0 (error 4)
L 03/27/2026 - 19:17:34: [SM] Blaming: ÒankrunFixhealth.smx
L 03/27/2026 - 19:17:34: [SM] Call stack trace:
L 03/27/2026 - 19:17:34: [SM]   [0] GetConVarString
L 03/27/2026 - 19:17:34: [SM]   [1] Line 138, C:\Users\Moises\Downloads\Compressed\sourcemod-1.11.0-git6968-windows\addons\sourcemod\scripting\ÒankrunFixhealth.sp::IsTankRunActive
L 03/27/2026 - 19:17:34: [SM]   [2] Line 36, C:\Users\Moises\Downloads\Compressed\sourcemod-1.11.0-git6968-windows\addons\sourcemod\scripting\ÒankrunFixhealth.sp::Timer_PeriodicCheck
L 03/27/2026 - 19:17:44: [SM] Exception reported: Invalid convar handle 0 (error 4)
L 03/27/2026 - 19:17:44: [SM] Blaming: ÒankrunFixhealth.smx
L 03/27/2026 - 19:17:44: [SM] Call stack trace:
L 03/27/2026 - 19:17:44: [SM]   [0] GetConVarString
L 03/27/2026 - 19:17:44: [SM]   [1] Line 138, C:\Users\Moises\Downloads\Compressed\sourcemod-1.11.0-git6968-windows\addons\sourcemod\scripting\ÒankrunFixhealth.sp::IsTankRunActive
L 03/27/2026 - 19:17:44: [SM]   [2] Line 36, C:\Users\Moises\Downloads\Compressed\sourcemod-1.11.0-git6968-windows\addons\sourcemod\scripting\ÒankrunFixhealth.sp::Timer_PeriodicCheck
L 03/27/2026 - 19:17:48: [SM] Exception reported: Invalid convar handle 0 (error 4)
L 03/27/2026 - 19:17:48: [SM] Blaming: ÒankrunFixhealth.smx
L 03/27/2026 - 19:17:48: [SM] Call stack trace:
L 03/27/2026 - 19:17:48: [SM]   [0] GetConVarString
L 03/27/2026 - 19:17:48: [SM]   [1] Line 138, C:\Users\Moises\Downloads\Compressed\sourcemod-1.11.0-git6968-windows\addons\sourcemod\scripting\ÒankrunFixhealth.sp::IsTankRunActive
L 03/27/2026 - 19:17:48: [SM]   [2] Line 79, C:\Users\Moises\Downloads\Compressed\sourcemod-1.11.0-git6968-windows\addons\sourcemod\scripting\ÒankrunFixhealth.sp::Event_PlayerDeath
L 03/27/2026 - 19:17:54: [SM] Exception reported: Invalid convar handle 0 (error 4)
L 03/27/2026 - 19:17:54: [SM] Blaming: ÒankrunFixhealth.smx
L 03/27/2026 - 19:17:54: [SM] Call stack trace:
L 03/27/2026 - 19:17:54: [SM]   [0] GetConVarString
L 03/27/2026 - 19:17:54: [SM]   [1] Line 138, C:\Users\Moises\Downloads\Compressed\sourcemod-1.11.0-git6968-windows\addons\sourcemod\scripting\ÒankrunFixhealth.sp::IsTankRunActive
L 03/27/2026 - 19:17:54: [SM]   [2] Line 36, C:\Users\Moises\Downloads\Compressed\sourcemod-1.11.0-git6968-windows\addons\sourcemod\scripting\ÒankrunFixhealth.sp::Timer_PeriodicCheck
L 03/27/2026 - 19:17:54: [SM] Exception reported: Language phrase "Please wait to be revived or rescued" not found (arg 6)
L 03/27/2026 - 19:17:54: [SM] Blaming: l4dmultislots.smx
L 03/27/2026 - 19:17:54: [SM] Call stack trace:
L 03/27/2026 - 19:17:54: [SM]   [0] PrintToChat
L 03/27/2026 - 19:17:54: [SM]   [1] Line 953, d:\Github\Private-Work\L4D2-Êèí‰ª∂\scripting_1.11\l4dmultislots.sp::Timer_SpecCheck
L 03/27/2026 - 19:17:55: [SM] Exception reported: Language phrase "No Any Dead Survivor" not found (arg 6)
L 03/27/2026 - 19:17:55: [SM] Blaming: l4d_sm_respawn.smx
L 03/27/2026 - 19:17:55: [SM] Call stack trace:
L 03/27/2026 - 19:17:55: [SM]   [0] FormatEx
L 03/27/2026 - 19:17:55: [SM]   [1] Line 202, d:\Github\Private-Work\L4D2-Êèí‰ª∂\scripting_1.11\l4d_sm_respawn.sp::MenuClientsToSpawn
L 03/27/2026 - 19:17:55: [SM]   [2] Line 239, d:\Github\Private-Work\L4D2-Êèí‰ª∂\scripting_1.11\l4d_sm_respawn.sp::MenuHandler_MenuList
L 03/27/2026 - 19:18:02: [SM] Exception reported: Invalid timer handle d300058e (error 3)
L 03/27/2026 - 19:18:02: [SM] Blaming: l4d2_playerjoining_v2.smx
L 03/27/2026 - 19:18:02: [SM] Call stack trace:
L 03/27/2026 - 19:18:02: [SM]   [0] KillTimer
L 03/27/2026 - 19:18:02: [SM]   [1] Line 53, C:\Users\Moises\Downloads\Compressed\sourcemod-1.11.0-git6968-windows\addons\sourcemod\scripting\l4d2_playerjoining_v2.sp::OnClientDisconnect
L 03/27/2026 - 19:18:03: [SM] Exception reported: Invalid Handle 0 (error 4)
L 03/27/2026 - 19:18:03: [SM] Blaming: l4dafkfix.smx
L 03/27/2026 - 19:18:03: [SM] Call stack trace:
L 03/27/2026 - 19:18:03: [SM]   [0] SDKCall
L 03/27/2026 - 19:18:03: [SM]   [1] Line 235, /home/forums/content/files/4/8/2/4/5/73422.attach::TakeOverBot
L 03/27/2026 - 19:18:03: [SM]   [2] Line 148, /home/forums/content/files/4/8/2/4/5/73422.attach::Event_PlayerDeath
L 03/27/2026 - 19:18:03: [SM] Exception reported: Invalid convar handle 0 (error 4)
L 03/27/2026 - 19:18:03: [SM] Blaming: ÒankrunFixhealth.smx
L 03/27/2026 - 19:18:03: [SM] Call stack trace:
L 03/27/2026 - 19:18:03: [SM]   [0] GetConVarString
L 03/27/2026 - 19:18:03: [SM]   [1] Line 138, C:\Users\Moises\Downloads\Compressed\sourcemod-1.11.0-git6968-windows\addons\sourcemod\scripting\ÒankrunFixhealth.sp::IsTankRunActive
L 03/27/2026 - 19:18:03: [SM]   [2] Line 79, C:\Users\Moises\Downloads\Compressed\sourcemod-1.11.0-git6968-windows\addons\sourcemod\scripting\ÒankrunFixhealth.sp::Event_PlayerDeath
L 03/27/2026 - 19:18:03: [SM] Exception reported: Invalid timer handle d300058e (error 1)
L 03/27/2026 - 19:18:03: [SM] Blaming: l4d2_playerjoining_v2.smx
L 03/27/2026 - 19:18:03: [SM] Call stack trace:
L 03/27/2026 - 19:18:03: [SM]   [0] KillTimer
L 03/27/2026 - 19:18:03: [SM]   [1] Line 53, C:\Users\Moises\Downloads\Compressed\sourcemod-1.11.0-git6968-windows\addons\sourcemod\scripting\l4d2_playerjoining_v2.sp::OnClientDisconnect
L 03/27/2026 - 19:18:04: [SM] Exception reported: Invalid Handle 0 (error 4)
L 03/27/2026 - 19:18:04: [SM] Blaming: l4dafkfix.smx
L 03/27/2026 - 19:18:04: [SM] Call stack trace:
L 03/27/2026 - 19:18:04: [SM]   [0] SDKCall
L 03/27/2026 - 19:18:04: [SM]   [1] Line 194, /home/forums/content/files/4/8/2/4/5/73422.attach::SetHumanIdle
L 03/27/2026 - 19:18:04: [SM]   [2] Line 172, /home/forums/content/files/4/8/2/4/5/73422.attach::Timer_ActivateFix
L 03/27/2026 - 19:18:04: [SM] Exception reported: Invalid convar handle 0 (error 4)
L 03/27/2026 - 19:18:04: [SM] Blaming: ÒankrunFixhealth.smx
L 03/27/2026 - 19:18:04: [SM] Call stack trace:
L 03/27/2026 - 19:18:04: [SM]   [0] GetConVarString
L 03/27/2026 - 19:18:04: [SM]   [1] Line 138, C:\Users\Moises\Downloads\Compressed\sourcemod-1.11.0-git6968-windows\addons\sourcemod\scripting\ÒankrunFixhealth.sp::IsTankRunActive
L 03/27/2026 - 19:18:04: [SM]   [2] Line 36, C:\Users\Moises\Downloads\Compressed\sourcemod-1.11.0-git6968-windows\addons\sourcemod\scripting\ÒankrunFixhealth.sp::Timer_PeriodicCheck
L 03/27/2026 - 19:18:07: [SM] Exception reported: Invalid timer handle d300058e (error 3)
L 03/27/2026 - 19:18:07: [SM] Blaming: l4d2_playerjoining_v2.smx
L 03/27/2026 - 19:18:07: [SM] Call stack trace:
L 03/27/2026 - 19:18:07: [SM]   [0] KillTimer
L 03/27/2026 - 19:18:07: [SM]   [1] Line 53, C:\Users\Moises\Downloads\Compressed\sourcemod-1.11.0-git6968-windows\addons\sourcemod\scripting\l4d2_playerjoining_v2.sp::OnClientDisconnect
L 03/27/2026 - 19:18:14: [SM] Exception reported: Invalid convar handle 0 (error 4)
L 03/27/2026 - 19:18:14: [SM] Blaming: ÒankrunFixhealth.smx
L 03/27/2026 - 19:18:14: [SM] Call stack trace:
L 03/27/2026 - 19:18:14: [SM]   [0] GetConVarString
L 03/27/2026 - 19:18:14: [SM]   [1] Line 138, C:\Users\Moises\Downloads\Compressed\sourcemod-1.11.0-git6968-windows\addons\sourcemod\scripting\ÒankrunFixhealth.sp::IsTankRunActive
L 03/27/2026 - 19:18:14: [SM]   [2] Line 36, C:\Users\Moises\Downloads\Compressed\sourcemod-1.11.0-git6968-windows\addons\sourcemod\scripting\ÒankrunFixhealth.sp::Timer_PeriodicCheck
L 03/27/2026 - 19:18:19: [SM] Exception reported: Invalid timer handle d300058e (error 3)
L 03/27/2026 - 19:18:19: [SM] Blaming: l4d2_playerjoining_v2.smx
L 03/27/2026 - 19:18:19: [SM] Call stack trace:
L 03/27/2026 - 19:18:19: [SM]   [0] KillTimer
L 03/27/2026 - 19:18:19: [SM]   [1] Line 53, C:\Users\Moises\Downloads\Compressed\sourcemod-1.11.0-git6968-windows\addons\sourcemod\scripting\l4d2_playerjoining_v2.sp::OnClientDisconnect
L 03/27/2026 - 19:18:19: [SM] Exception reported: Language phrase "Type in chat !join To join the survivors" not found (arg 6)
L 03/27/2026 - 19:18:19: [SM] Blaming: l4dmultislots.smx
L 03/27/2026 - 19:18:19: [SM] Call stack trace:
L 03/27/2026 - 19:18:19: [SM]   [0] VFormat
L 03/27/2026 - 19:18:19: [SM]   [1] Line 71, D:\Github\Private-Work\L4D2-Êèí‰ª∂\scripting_1.11\include\multicolors.inc::CPrintToChat
L 03/27/2026 - 19:18:19: [SM]   [2] Line 938, d:\Github\Private-Work\L4D2-Êèí‰ª∂\scripting_1.11\l4dmultislots.sp::Timer_SpecCheck
L 03/27/2026 - 19:18:24: [SM] Exception reported: Invalid convar handle 0 (error 4)
L 03/27/2026 - 19:18:24: [SM] Blaming: ÒankrunFixhealth.smx
L 03/27/2026 - 19:18:24: [SM] Call stack trace:
L 03/27/2026 - 19:18:24: [SM]   [0] GetConVarString
L 03/27/2026 - 19:18:24: [SM]   [1] Line 138, C:\Users\Moises\Downloads\Compressed\sourcemod-1.11.0-git6968-windows\addons\sourcemod\scripting\ÒankrunFixhealth.sp::IsTankRunActive
L 03/27/2026 - 19:18:24: [SM]   [2] Line 36, C:\Users\Moises\Downloads\Compressed\sourcemod-1.11.0-git6968-windows\addons\sourcemod\scripting\ÒankrunFixhealth.sp::Timer_PeriodicCheck
L 03/27/2026 - 19:18:25: [SM] Exception reported: Invalid convar handle 0 (error 4)
L 03/27/2026 - 19:18:25: [SM] Blaming: ÒankrunFixhealth.smx
L 03/27/2026 - 19:18:25: [SM] Call stack trace:
L 03/27/2026 - 19:18:25: [SM]   [0] GetConVarString
L 03/27/2026 - 19:18:25: [SM]   [1] Line 138, C:\Users\Moises\Downloads\Compressed\sourcemod-1.11.0-git6968-windows\addons\sourcemod\scripting\ÒankrunFixhealth.sp::IsTankRunActive
L 03/27/2026 - 19:18:25: [SM]   [2] Line 79, C:\Users\Moises\Downloads\Compressed\sourcemod-1.11.0-git6968-windows\addons\sourcemod\scripting\ÒankrunFixhealth.sp::Event_PlayerDeath
L 03/27/2026 - 19:18:25: [SM]   [4] ForcePlayerSuicide
L 03/27/2026 - 19:18:25: [SM]   [5] Line 37, D:\builds\build-sourcemod-msvc12\windows-1.12\build\plugins\playercommands\slay.sp::PerformSlay
L 03/27/2026 - 19:18:25: [SM]   [6] Line 108, D:\builds\build-sourcemod-msvc12\windows-1.12\build\plugins\playercommands\slay.sp::MenuHandler_Slay
L 03/27/2026 - 19:18:32: [SM] Exception reported: Invalid convar handle 0 (error 4)
L 03/27/2026 - 19:18:32: [SM] Blaming: ÒankrunFixhealth.smx
L 03/27/2026 - 19:18:32: [SM] Call stack trace:
L 03/27/2026 - 19:18:32: [SM]   [0] GetConVarString
L 03/27/2026 - 19:18:32: [SM]   [1] Line 138, C:\Users\Moises\Downloads\Compressed\sourcemod-1.11.0-git6968-windows\addons\sourcemod\scripting\ÒankrunFixhealth.sp::IsTankRunActive
L 03/27/2026 - 19:18:32: [SM]   [2] Line 79, C:\Users\Moises\Downloads\Compressed\sourcemod-1.11.0-git6968-windows\addons\sourcemod\scripting\ÒankrunFixhealth.sp::Event_PlayerDeath
L 03/27/2026 - 19:18:34: [SM] Exception reported: Invalid convar handle 0 (error 4)
L 03/27/2026 - 19:18:34: [SM] Blaming: ÒankrunFixhealth.smx
L 03/27/2026 - 19:18:34: [SM] Call stack trace:
L 03/27/2026 - 19:18:34: [SM]   [0] GetConVarString
L 03/27/2026 - 19:18:34: [SM]   [1] Line 138, C:\Users\Moises\Downloads\Compressed\sourcemod-1.11.0-git6968-windows\addons\sourcemod\scripting\ÒankrunFixhealth.sp::IsTankRunActive
L 03/27/2026 - 19:18:34: [SM]   [2] Line 36, C:\Users\Moises\Downloads\Compressed\sourcemod-1.11.0-git6968-windows\addons\sourcemod\scripting\ÒankrunFixhealth.sp::Timer_PeriodicCheck
L 03/27/2026 - 19:18:39: [SM] Exception reported: Invalid convar handle 0 (error 4)
L 03/27/2026 - 19:18:39: [SM] Blaming: ÒankrunFixhealth.smx
L 03/27/2026 - 19:18:39: [SM] Call stack trace:
L 03/27/2026 - 19:18:39: [SM]   [0] GetConVarString
L 03/27/2026 - 19:18:39: [SM]   [1] Line 138, C:\Users\Moises\Downloads\Compressed\sourcemod-1.11.0-git6968-windows\addons\sourcemod\scripting\ÒankrunFixhealth.sp::IsTankRunActive
L 03/27/2026 - 19:18:39: [SM]   [2] Line 79, C:\Users\Moises\Downloads\Compressed\sourcemod-1.11.0-git6968-windows\addons\sourcemod\scripting\ÒankrunFixhealth.sp::Event_PlayerDeath
L 03/27/2026 - 19:18:39: [SM] Exception reported: Invalid timer handle 29f00559 (error 1)
L 03/27/2026 - 19:18:39: [SM] Blaming: l4d2_playerjoining_v2.smx
L 03/27/2026 - 19:18:39: [SM] Call stack trace:
L 03/27/2026 - 19:18:39: [SM]   [0] KillTimer
L 03/27/2026 - 19:18:39: [SM]   [1] Line 53, C:\Users\Moises\Downloads\Compressed\sourcemod-1.11.0-git6968-windows\addons\sourcemod\scripting\l4d2_playerjoining_v2.sp::OnClientDisconnect
L 03/27/2026 - 19:18:44: [SM] Exception reported: Invalid convar handle 0 (error 4)
L 03/27/2026 - 19:18:44: [SM] Blaming: ÒankrunFixhealth.smx
L 03/27/2026 - 19:18:44: [SM] Call stack trace:
L 03/27/2026 - 19:18:44: [SM]   [0] GetConVarString
L 03/27/2026 - 19:18:44: [SM]   [1] Line 138, C:\Users\Moises\Downloads\Compressed\sourcemod-1.11.0-git6968-windows\addons\sourcemod\scripting\ÒankrunFixhealth.sp::IsTankRunActive
L 03/27/2026 - 19:18:44: [SM]   [2] Line 36, C:\Users\Moises\Downloads\Compressed\sourcemod-1.11.0-git6968-windows\addons\sourcemod\scripting\ÒankrunFixhealth.sp::Timer_PeriodicCheck
L 03/27/2026 - 19:18:44: [SM] Exception reported: Language phrase "Type in chat !join To join the survivors" not found (arg 6)
L 03/27/2026 - 19:18:44: [SM] Blaming: l4dmultislots.smx
L 03/27/2026 - 19:18:44: [SM] Call stack trace:
L 03/27/2026 - 19:18:44: [SM]   [0] VFormat
L 03/27/2026 - 19:18:44: [SM]   [1] Line 71, D:\Github\Private-Work\L4D2-Êèí‰ª∂\scripting_1.11\include\multicolors.inc::CPrintToChat
L 03/27/2026 - 19:18:44: [SM]   [2] Line 938, d:\Github\Private-Work\L4D2-Êèí‰ª∂\scripting_1.11\l4dmultislots.sp::Timer_SpecCheck
L 03/27/2026 - 19:18:46: [SM] Exception reported: Invalid convar handle 0 (error 4)
L 03/27/2026 - 19:18:46: [SM] Blaming: ÒankrunFixhealth.smx
L 03/27/2026 - 19:18:46: [SM] Call stack trace:
L 03/27/2026 - 19:18:46: [SM]   [0] GetConVarString
L 03/27/2026 - 19:18:46: [SM]   [1] Line 138, C:\Users\Moises\Downloads\Compressed\sourcemod-1.11.0-git6968-windows\addons\sourcemod\scripting\ÒankrunFixhealth.sp::IsTankRunActive
L 03/27/2026 - 19:18:46: [SM]   [2] Line 79, C:\Users\Moises\Downloads\Compressed\sourcemod-1.11.0-git6968-windows\addons\sourcemod\scripting\ÒankrunFixhealth.sp::Event_PlayerDeath
L 03/27/2026 - 19:18:46: [SM] Exception reported: Invalid timer handle 40b00584 (error 1)
L 03/27/2026 - 19:18:46: [SM] Blaming: l4d2_playerjoining_v2.smx
L 03/27/2026 - 19:18:46: [SM] Call stack trace:
L 03/27/2026 - 19:18:46: [SM]   [0] KillTimer
L 03/27/2026 - 19:18:46: [SM]   [1] Line 53, C:\Users\Moises\Downloads\Compressed\sourcemod-1.11.0-git6968-windows\addons\sourcemod\scripting\l4d2_playerjoining_v2.sp::OnClientDisconnect
L 03/27/2026 - 19:18:54: [SM] Exception reported: Invalid convar handle 0 (error 4)
L 03/27/2026 - 19:18:54: [SM] Blaming: ÒankrunFixhealth.smx
L 03/27/2026 - 19:18:54: [SM] Call stack trace:
L 03/27/2026 - 19:18:54: [SM]   [0] GetConVarString
L 03/27/2026 - 19:18:54: [SM]   [1] Line 138, C:\Users\Moises\Downloads\Compressed\sourcemod-1.11.0-git6968-windows\addons\sourcemod\scripting\ÒankrunFixhealth.sp::IsTankRunActive
L 03/27/2026 - 19:18:54: [SM]   [2] Line 36, C:\Users\Moises\Downloads\Compressed\sourcemod-1.11.0-git6968-windows\addons\sourcemod\scripting\ÒankrunFixhealth.sp::Timer_PeriodicCheck
L 03/27/2026 - 19:19:02: [SM] Exception reported: Property "m_vecAngularVelocity" not found (entity 282/weapon_autoshotgun)
L 03/27/2026 - 19:19:02: [SM] Blaming: l4d2_tank_core v4_5.smx
L 03/27/2026 - 19:19:02: [SM] Call stack trace:
L 03/27/2026 - 19:19:02: [SM]   [0] SetEntPropVector
L 03/27/2026 - 19:19:02: [SM]   [1] Line 650, D:\SteamLibrary\steamapps\common\Left 4 Dead 2\left4dead2\addons\sourcemod\scripting\l4d2_tank_core v4_5.sp::DropItemsPhysically
L 03/27/2026 - 19:19:02: [SM]   [2] Line 549, D:\SteamLibrary\steamapps\common\Left 4 Dead 2\left4dead2\addons\sourcemod\scripting\l4d2_tank_core v4_5.sp::Event_PlayerHurt
L 03/27/2026 - 19:19:04: [SM] Exception reported: Invalid convar handle 0 (error 4)
L 03/27/2026 - 19:19:04: [SM] Blaming: ÒankrunFixhealth.smx
L 03/27/2026 - 19:19:04: [SM] Call stack trace:
L 03/27/2026 - 19:19:04: [SM]   [0] GetConVarString
L 03/27/2026 - 19:19:04: [SM]   [1] Line 138, C:\Users\Moises\Downloads\Compressed\sourcemod-1.11.0-git6968-windows\addons\sourcemod\scripting\ÒankrunFixhealth.sp::IsTankRunActive
L 03/27/2026 - 19:19:04: [SM]   [2] Line 36, C:\Users\Moises\Downloads\Compressed\sourcemod-1.11.0-git6968-windows\addons\sourcemod\scripting\ÒankrunFixhealth.sp::Timer_PeriodicCheck
L 03/27/2026 - 19:19:09: [SM] Exception reported: Language phrase "Type in chat !join To join the survivors" not found (arg 6)
L 03/27/2026 - 19:19:09: [SM] Blaming: l4dmultislots.smx
L 03/27/2026 - 19:19:09: [SM] Call stack trace:
L 03/27/2026 - 19:19:09: [SM]   [0] VFormat
L 03/27/2026 - 19:19:09: [SM]   [1] Line 71, D:\Github\Private-Work\L4D2-Êèí‰ª∂\scripting_1.11\include\multicolors.inc::CPrintToChat
L 03/27/2026 - 19:19:09: [SM]   [2] Line 938, d:\Github\Private-Work\L4D2-Êèí‰ª∂\scripting_1.11\l4dmultislots.sp::Timer_SpecCheck
L 03/27/2026 - 19:19:14: [SM] Exception reported: Invalid convar handle 0 (error 4)
L 03/27/2026 - 19:19:14: [SM] Blaming: ÒankrunFixhealth.smx
L 03/27/2026 - 19:19:14: [SM] Call stack trace:
L 03/27/2026 - 19:19:14: [SM]   [0] GetConVarString
L 03/27/2026 - 19:19:14: [SM]   [1] Line 138, C:\Users\Moises\Downloads\Compressed\sourcemod-1.11.0-git6968-windows\addons\sourcemod\scripting\ÒankrunFixhealth.sp::IsTankRunActive
L 03/27/2026 - 19:19:14: [SM]   [2] Line 36, C:\Users\Moises\Downloads\Compressed\sourcemod-1.11.0-git6968-windows\addons\sourcemod\scripting\ÒankrunFixhealth.sp::Timer_PeriodicCheck
L 03/27/2026 - 19:19:18: [SM] Exception reported: Property "m_vecAngularVelocity" not found (entity 356/weapon_pumpshotgun)
L 03/27/2026 - 19:19:18: [SM] Blaming: l4d2_tank_core v4_5.smx
L 03/27/2026 - 19:19:18: [SM] Call stack trace:
L 03/27/2026 - 19:19:18: [SM]   [0] SetEntPropVector
L 03/27/2026 - 19:19:18: [SM]   [1] Line 650, D:\SteamLibrary\steamapps\common\Left 4 Dead 2\left4dead2\addons\sourcemod\scripting\l4d2_tank_core v4_5.sp::DropItemsPhysically
L 03/27/2026 - 19:19:18: [SM]   [2] Line 549, D:\SteamLibrary\steamapps\common\Left 4 Dead 2\left4dead2\addons\sourcemod\scripting\l4d2_tank_core v4_5.sp::Event_PlayerHurt
L 03/27/2026 - 19:19:22: [SM] Exception reported: Invalid convar handle 0 (error 4)
L 03/27/2026 - 19:19:22: [SM] Blaming: ÒankrunFixhealth.smx
L 03/27/2026 - 19:19:22: [SM] Call stack trace:
L 03/27/2026 - 19:19:22: [SM]   [0] GetConVarString
L 03/27/2026 - 19:19:22: [SM]   [1] Line 138, C:\Users\Moises\Downloads\Compressed\sourcemod-1.11.0-git6968-windows\addons\sourcemod\scripting\ÒankrunFixhealth.sp::IsTankRunActive
L 03/27/2026 - 19:19:22: [SM]   [2] Line 79, C:\Users\Moises\Downloads\Compressed\sourcemod-1.11.0-git6968-windows\addons\sourcemod\scripting\ÒankrunFixhealth.sp::Event_PlayerDeath
L 03/27/2026 - 19:19:24: [SM] Exception reported: Invalid convar handle 0 (error 4)
L 03/27/2026 - 19:19:24: [SM] Blaming: ÒankrunFixhealth.smx
L 03/27/2026 - 19:19:24: [SM] Call stack trace:
L 03/27/2026 - 19:19:24: [SM]   [0] GetConVarString
L 03/27/2026 - 19:19:24: [SM]   [1] Line 138, C:\Users\Moises\Downloads\Compressed\sourcemod-1.11.0-git6968-windows\addons\sourcemod\scripting\ÒankrunFixhealth.sp::IsTankRunActive
L 03/27/2026 - 19:19:24: [SM]   [2] Line 36, C:\Users\Moises\Downloads\Compressed\sourcemod-1.11.0-git6968-windows\addons\sourcemod\scripting\ÒankrunFixhealth.sp::Timer_PeriodicCheck
L 03/27/2026 - 19:19:29: [SM] Exception reported: Invalid timer handle d300058e (error 1)
L 03/27/2026 - 19:19:29: [SM] Blaming: l4d2_playerjoining_v2.smx
L 03/27/2026 - 19:19:29: [SM] Call stack trace:
L 03/27/2026 - 19:19:29: [SM]   [0] KillTimer
L 03/27/2026 - 19:19:29: [SM]   [1] Line 53, C:\Users\Moises\Downloads\Compressed\sourcemod-1.11.0-git6968-windows\addons\sourcemod\scripting\l4d2_playerjoining_v2.sp::OnClientDisconnect
L 03/27/2026 - 19:19:33: [SM] Exception reported: Invalid convar handle 0 (error 4)
L 03/27/2026 - 19:19:33: [SM] Blaming: ÒankrunFixhealth.smx
L 03/27/2026 - 19:19:33: [SM] Call stack trace:
L 03/27/2026 - 19:19:33: [SM]   [0] GetConVarString
L 03/27/2026 - 19:19:33: [SM]   [1] Line 138, C:\Users\Moises\Downloads\Compressed\sourcemod-1.11.0-git6968-windows\addons\sourcemod\scripting\ÒankrunFixhealth.sp::IsTankRunActive
L 03/27/2026 - 19:19:33: [SM]   [2] Line 79, C:\Users\Moises\Downloads\Compressed\sourcemod-1.11.0-git6968-windows\addons\sourcemod\scripting\ÒankrunFixhealth.sp::Event_PlayerDeath
L 03/27/2026 - 19:19:34: [SM] Exception reported: Invalid convar handle 0 (error 4)
L 03/27/2026 - 19:19:34: [SM] Blaming: ÒankrunFixhealth.smx
L 03/27/2026 - 19:19:34: [SM] Call stack trace:
L 03/27/2026 - 19:19:34: [SM]   [0] GetConVarString
L 03/27/2026 - 19:19:34: [SM]   [1] Line 138, C:\Users\Moises\Downloads\Compressed\sourcemod-1.11.0-git6968-windows\addons\sourcemod\scripting\ÒankrunFixhealth.sp::IsTankRunActive
L 03/27/2026 - 19:19:34: [SM]   [2] Line 36, C:\Users\Moises\Downloads\Compressed\sourcemod-1.11.0-git6968-windows\addons\sourcemod\scripting\ÒankrunFixhealth.sp::Timer_PeriodicCheck
L 03/27/2026 - 19:19:34: [SM] Exception reported: Language phrase "Type in chat !join To join the survivors" not found (arg 6)
L 03/27/2026 - 19:19:34: [SM] Blaming: l4dmultislots.smx
L 03/27/2026 - 19:19:34: [SM] Call stack trace:
L 03/27/2026 - 19:19:34: [SM]   [0] VFormat
L 03/27/2026 - 19:19:34: [SM]   [1] Line 71, D:\Github\Private-Work\L4D2-Êèí‰ª∂\scripting_1.11\include\multicolors.inc::CPrintToChat
L 03/27/2026 - 19:19:34: [SM]   [2] Line 938, d:\Github\Private-Work\L4D2-Êèí‰ª∂\scripting_1.11\l4dmultislots.sp::Timer_SpecCheck
L 03/27/2026 - 19:19:44: [SM] Exception reported: Invalid convar handle 0 (error 4)
L 03/27/2026 - 19:19:44: [SM] Blaming: ÒankrunFixhealth.smx
L 03/27/2026 - 19:19:44: [SM] Call stack trace:
L 03/27/2026 - 19:19:44: [SM]   [0] GetConVarString
L 03/27/2026 - 19:19:44: [SM]   [1] Line 138, C:\Users\Moises\Downloads\Compressed\sourcemod-1.11.0-git6968-windows\addons\sourcemod\scripting\ÒankrunFixhealth.sp::IsTankRunActive
L 03/27/2026 - 19:19:44: [SM]   [2] Line 36, C:\Users\Moises\Downloads\Compressed\sourcemod-1.11.0-git6968-windows\addons\sourcemod\scripting\ÒankrunFixhealth.sp::Timer_PeriodicCheck
L 03/27/2026 - 19:19:54: [SM] Exception reported: Invalid convar handle 0 (error 4)
L 03/27/2026 - 19:19:54: [SM] Blaming: ÒankrunFixhealth.smx
L 03/27/2026 - 19:19:54: [SM] Call stack trace:
L 03/27/2026 - 19:19:54: [SM]   [0] GetConVarString
L 03/27/2026 - 19:19:54: [SM]   [1] Line 138, C:\Users\Moises\Downloads\Compressed\sourcemod-1.11.0-git6968-windows\addons\sourcemod\scripting\ÒankrunFixhealth.sp::IsTankRunActive
L 03/27/2026 - 19:19:54: [SM]   [2] Line 36, C:\Users\Moises\Downloads\Compressed\sourcemod-1.11.0-git6968-windows\addons\sourcemod\scripting\ÒankrunFixhealth.sp::Timer_PeriodicCheck
L 03/27/2026 - 19:19:59: [SM] Exception reported: Language phrase "Type in chat !join To join the survivors" not found (arg 6)
L 03/27/2026 - 19:19:59: [SM] Blaming: l4dmultislots.smx
L 03/27/2026 - 19:19:59: [SM] Call stack trace:
L 03/27/2026 - 19:19:59: [SM]   [0] VFormat
L 03/27/2026 - 19:19:59: [SM]   [1] Line 71, D:\Github\Private-Work\L4D2-Êèí‰ª∂\scripting_1.11\include\multicolors.inc::CPrintToChat
L 03/27/2026 - 19:19:59: [SM]   [2] Line 938, d:\Github\Private-Work\L4D2-Êèí‰ª∂\scripting_1.11\l4dmultislots.sp::Timer_SpecCheck
L 03/27/2026 - 19:20:04: [SM] Exception reported: Invalid convar handle 0 (error 4)
L 03/27/2026 - 19:20:04: [SM] Blaming: ÒankrunFixhealth.smx
L 03/27/2026 - 19:20:04: [SM] Call stack trace:
L 03/27/2026 - 19:20:04: [SM]   [0] GetConVarString
L 03/27/2026 - 19:20:04: [SM]   [1] Line 138, C:\Users\Moises\Downloads\Compressed\sourcemod-1.11.0-git6968-windows\addons\sourcemod\scripting\ÒankrunFixhealth.sp::IsTankRunActive
L 03/27/2026 - 19:20:04: [SM]   [2] Line 36, C:\Users\Moises\Downloads\Compressed\sourcemod-1.11.0-git6968-windows\addons\sourcemod\scripting\ÒankrunFixhealth.sp::Timer_PeriodicCheck
L 03/27/2026 - 19:20:04: [SM] Exception reported: Invalid convar handle 0 (error 4)
L 03/27/2026 - 19:20:04: [SM] Blaming: ÒankrunFixhealth.smx
L 03/27/2026 - 19:20:04: [SM] Call stack trace:
L 03/27/2026 - 19:20:04: [SM]   [0] GetConVarString
L 03/27/2026 - 19:20:04: [SM]   [1] Line 138, C:\Users\Moises\Downloads\Compressed\sourcemod-1.11.0-git6968-windows\addons\sourcemod\scripting\ÒankrunFixhealth.sp::IsTankRunActive
L 03/27/2026 - 19:20:04: [SM]   [2] Line 79, C:\Users\Moises\Downloads\Compressed\sourcemod-1.11.0-git6968-windows\addons\sourcemod\scripting\ÒankrunFixhealth.sp::Event_PlayerDeath
L 03/27/2026 - 19:20:11: [SM] Exception reported: Invalid convar handle 0 (error 4)
L 03/27/2026 - 19:20:11: [SM] Blaming: ÒankrunFixhealth.smx
L 03/27/2026 - 19:20:11: [SM] Call stack trace:
L 03/27/2026 - 19:20:11: [SM]   [0] GetConVarString
L 03/27/2026 - 19:20:11: [SM]   [1] Line 138, C:\Users\Moises\Downloads\Compressed\sourcemod-1.11.0-git6968-windows\addons\sourcemod\scripting\ÒankrunFixhealth.sp::IsTankRunActive
L 03/27/2026 - 19:20:11: [SM]   [2] Line 79, C:\Users\Moises\Downloads\Compressed\sourcemod-1.11.0-git6968-windows\addons\sourcemod\scripting\ÒankrunFixhealth.sp::Event_PlayerDeath
L 03/27/2026 - 19:20:14: [SM] Exception reported: Invalid convar handle 0 (error 4)
L 03/27/2026 - 19:20:14: [SM] Blaming: ÒankrunFixhealth.smx
L 03/27/2026 - 19:20:14: [SM] Call stack trace:
L 03/27/2026 - 19:20:14: [SM]   [0] GetConVarString
L 03/27/2026 - 19:20:14: [SM]   [1] Line 138, C:\Users\Moises\Downloads\Compressed\sourcemod-1.11.0-git6968-windows\addons\sourcemod\scripting\ÒankrunFixhealth.sp::IsTankRunActive
L 03/27/2026 - 19:20:14: [SM]   [2] Line 36, C:\Users\Moises\Downloads\Compressed\sourcemod-1.11.0-git6968-windows\addons\sourcemod\scripting\ÒankrunFixhealth.sp::Timer_PeriodicCheck
L 03/27/2026 - 19:20:15: [SM] Exception reported: Property "m_vecAngularVelocity" not found (entity 391/weapon_melee)
L 03/27/2026 - 19:20:15: [SM] Blaming: l4d2_tank_core v4_5.smx
L 03/27/2026 - 19:20:15: [SM] Call stack trace:
L 03/27/2026 - 19:20:15: [SM]   [0] SetEntPropVector
L 03/27/2026 - 19:20:15: [SM]   [1] Line 650, D:\SteamLibrary\steamapps\common\Left 4 Dead 2\left4dead2\addons\sourcemod\scripting\l4d2_tank_core v4_5.sp::DropItemsPhysically
L 03/27/2026 - 19:20:15: [SM]   [2] Line 549, D:\SteamLibrary\steamapps\common\Left 4 Dead 2\left4dead2\addons\sourcemod\scripting\l4d2_tank_core v4_5.sp::Event_PlayerHurt
L 03/27/2026 - 19:20:18: [SM] Exception reported: Invalid timer handle 18100595 (error 1)
L 03/27/2026 - 19:20:18: [SM] Blaming: l4d2_playerjoining_v2.smx
L 03/27/2026 - 19:20:18: [SM] Call stack trace:
L 03/27/2026 - 19:20:18: [SM]   [0] KillTimer
L 03/27/2026 - 19:20:18: [SM]   [1] Line 53, C:\Users\Moises\Downloads\Compressed\sourcemod-1.11.0-git6968-windows\addons\sourcemod\scripting\l4d2_playerjoining_v2.sp::OnClientDisconnect
L 03/27/2026 - 19:20:19: [SM] Exception reported: Invalid Handle 0 (error 4)
L 03/27/2026 - 19:20:19: [SM] Blaming: l4dafkfix.smx
L 03/27/2026 - 19:20:19: [SM] Call stack trace:
L 03/27/2026 - 19:20:19: [SM]   [0] SDKCall
L 03/27/2026 - 19:20:19: [SM]   [1] Line 235, /home/forums/content/files/4/8/2/4/5/73422.attach::TakeOverBot
L 03/27/2026 - 19:20:19: [SM]   [2] Line 148, /home/forums/content/files/4/8/2/4/5/73422.attach::Event_PlayerDeath
L 03/27/2026 - 19:20:19: [SM] Exception reported: Invalid convar handle 0 (error 4)
L 03/27/2026 - 19:20:19: [SM] Blaming: ÒankrunFixhealth.smx
L 03/27/2026 - 19:20:19: [SM] Call stack trace:
L 03/27/2026 - 19:20:19: [SM]   [0] GetConVarString
L 03/27/2026 - 19:20:19: [SM]   [1] Line 138, C:\Users\Moises\Downloads\Compressed\sourcemod-1.11.0-git6968-windows\addons\sourcemod\scripting\ÒankrunFixhealth.sp::IsTankRunActive
L 03/27/2026 - 19:20:19: [SM]   [2] Line 79, C:\Users\Moises\Downloads\Compressed\sourcemod-1.11.0-git6968-windows\addons\sourcemod\scripting\ÒankrunFixhealth.sp::Event_PlayerDeath
L 03/27/2026 - 19:20:19: [SM] Exception reported: Invalid timer handle 18100595 (error 1)
L 03/27/2026 - 19:20:19: [SM] Blaming: l4d2_playerjoining_v2.smx
L 03/27/2026 - 19:20:19: [SM] Call stack trace:
L 03/27/2026 - 19:20:19: [SM]   [0] KillTimer
L 03/27/2026 - 19:20:19: [SM]   [1] Line 53, C:\Users\Moises\Downloads\Compressed\sourcemod-1.11.0-git6968-windows\addons\sourcemod\scripting\l4d2_playerjoining_v2.sp::OnClientDisconnect
L 03/27/2026 - 19:20:19: [SM] Exception reported: Invalid Handle 0 (error 4)
L 03/27/2026 - 19:20:19: [SM] Blaming: l4dafkfix.smx
L 03/27/2026 - 19:20:19: [SM] Call stack trace:
L 03/27/2026 - 19:20:19: [SM]   [0] SDKCall
L 03/27/2026 - 19:20:19: [SM]   [1] Line 194, /home/forums/content/files/4/8/2/4/5/73422.attach::SetHumanIdle
L 03/27/2026 - 19:20:19: [SM]   [2] Line 172, /home/forums/content/files/4/8/2/4/5/73422.attach::Timer_ActivateFix
L 03/27/2026 - 19:20:22: [SM] Exception reported: Invalid timer handle 18100595 (error 1)
L 03/27/2026 - 19:20:22: [SM] Blaming: l4d2_playerjoining_v2.smx
L 03/27/2026 - 19:20:22: [SM] Call stack trace:
L 03/27/2026 - 19:20:22: [SM]   [0] KillTimer
L 03/27/2026 - 19:20:22: [SM]   [1] Line 53, C:\Users\Moises\Downloads\Compressed\sourcemod-1.11.0-git6968-windows\addons\sourcemod\scripting\l4d2_playerjoining_v2.sp::OnClientDisconnect
L 03/27/2026 - 19:20:24: [SM] Exception reported: Invalid convar handle 0 (error 4)
L 03/27/2026 - 19:20:24: [SM] Blaming: ÒankrunFixhealth.smx
L 03/27/2026 - 19:20:24: [SM] Call stack trace:
L 03/27/2026 - 19:20:24: [SM]   [0] GetConVarString
L 03/27/2026 - 19:20:24: [SM]   [1] Line 138, C:\Users\Moises\Downloads\Compressed\sourcemod-1.11.0-git6968-windows\addons\sourcemod\scripting\ÒankrunFixhealth.sp::IsTankRunActive
L 03/27/2026 - 19:20:24: [SM]   [2] Line 36, C:\Users\Moises\Downloads\Compressed\sourcemod-1.11.0-git6968-windows\addons\sourcemod\scripting\ÒankrunFixhealth.sp::Timer_PeriodicCheck
L 03/27/2026 - 19:20:24: [SM] Exception reported: Language phrase "Type in chat !join To join the survivors" not found (arg 6)
L 03/27/2026 - 19:20:24: [SM] Blaming: l4dmultislots.smx
L 03/27/2026 - 19:20:24: [SM] Call stack trace:
L 03/27/2026 - 19:20:24: [SM]   [0] VFormat
L 03/27/2026 - 19:20:24: [SM]   [1] Line 71, D:\Github\Private-Work\L4D2-Êèí‰ª∂\scripting_1.11\include\multicolors.inc::CPrintToChat
L 03/27/2026 - 19:20:24: [SM]   [2] Line 938, d:\Github\Private-Work\L4D2-Êèí‰ª∂\scripting_1.11\l4dmultislots.sp::Timer_SpecCheck
L 03/27/2026 - 19:20:34: [SM] Exception reported: Invalid convar handle 0 (error 4)
L 03/27/2026 - 19:20:34: [SM] Blaming: ÒankrunFixhealth.smx
L 03/27/2026 - 19:20:34: [SM] Call stack trace:
L 03/27/2026 - 19:20:34: [SM]   [0] GetConVarString
L 03/27/2026 - 19:20:34: [SM]   [1] Line 138, C:\Users\Moises\Downloads\Compressed\sourcemod-1.11.0-git6968-windows\addons\sourcemod\scripting\ÒankrunFixhealth.sp::IsTankRunActive
L 03/27/2026 - 19:20:34: [SM]   [2] Line 36, C:\Users\Moises\Downloads\Compressed\sourcemod-1.11.0-git6968-windows\addons\sourcemod\scripting\ÒankrunFixhealth.sp::Timer_PeriodicCheck
L 03/27/2026 - 19:20:35: [SM] Exception reported: Invalid convar handle 0 (error 4)
L 03/27/2026 - 19:20:35: [SM] Blaming: ÒankrunFixhealth.smx
L 03/27/2026 - 19:20:35: [SM] Call stack trace:
L 03/27/2026 - 19:20:35: [SM]   [0] GetConVarString
L 03/27/2026 - 19:20:35: [SM]   [1] Line 138, C:\Users\Moises\Downloads\Compressed\sourcemod-1.11.0-git6968-windows\addons\sourcemod\scripting\ÒankrunFixhealth.sp::IsTankRunActive
L 03/27/2026 - 19:20:35: [SM]   [2] Line 79, C:\Users\Moises\Downloads\Compressed\sourcemod-1.11.0-git6968-windows\addons\sourcemod\scripting\ÒankrunFixhealth.sp::Event_PlayerDeath
L 03/27/2026 - 19:20:44: [SM] Exception reported: Invalid convar handle 0 (error 4)
L 03/27/2026 - 19:20:44: [SM] Blaming: ÒankrunFixhealth.smx
L 03/27/2026 - 19:20:44: [SM] Call stack trace:
L 03/27/2026 - 19:20:44: [SM]   [0] GetConVarString
L 03/27/2026 - 19:20:44: [SM]   [1] Line 138, C:\Users\Moises\Downloads\Compressed\sourcemod-1.11.0-git6968-windows\addons\sourcemod\scripting\ÒankrunFixhealth.sp::IsTankRunActive
L 03/27/2026 - 19:20:44: [SM]   [2] Line 36, C:\Users\Moises\Downloads\Compressed\sourcemod-1.11.0-git6968-windows\addons\sourcemod\scripting\ÒankrunFixhealth.sp::Timer_PeriodicCheck
L 03/27/2026 - 19:20:49: [SM] Exception reported: Invalid convar handle 0 (error 4)
L 03/27/2026 - 19:20:49: [SM] Blaming: ÒankrunFixhealth.smx
L 03/27/2026 - 19:20:49: [SM] Call stack trace:
L 03/27/2026 - 19:20:49: [SM]   [0] GetConVarString
L 03/27/2026 - 19:20:49: [SM]   [1] Line 138, C:\Users\Moises\Downloads\Compressed\sourcemod-1.11.0-git6968-windows\addons\sourcemod\scripting\ÒankrunFixhealth.sp::IsTankRunActive
L 03/27/2026 - 19:20:49: [SM]   [2] Line 79, C:\Users\Moises\Downloads\Compressed\sourcemod-1.11.0-git6968-windows\addons\sourcemod\scripting\ÒankrunFixhealth.sp::Event_PlayerDeath
L 03/27/2026 - 19:20:49: [SM] Exception reported: Language phrase "Type in chat !join To join the survivors" not found (arg 6)
L 03/27/2026 - 19:20:49: [SM] Blaming: l4dmultislots.smx
L 03/27/2026 - 19:20:49: [SM] Call stack trace:
L 03/27/2026 - 19:20:49: [SM]   [0] VFormat
L 03/27/2026 - 19:20:49: [SM]   [1] Line 71, D:\Github\Private-Work\L4D2-Êèí‰ª∂\scripting_1.11\include\multicolors.inc::CPrintToChat
L 03/27/2026 - 19:20:49: [SM]   [2] Line 938, d:\Github\Private-Work\L4D2-Êèí‰ª∂\scripting_1.11\l4dmultislots.sp::Timer_SpecCheck
L 03/27/2026 - 19:20:54: [SM] Exception reported: Invalid convar handle 0 (error 4)
L 03/27/2026 - 19:20:54: [SM] Blaming: ÒankrunFixhealth.smx
L 03/27/2026 - 19:20:54: [SM] Call stack trace:
L 03/27/2026 - 19:20:54: [SM]   [0] GetConVarString
L 03/27/2026 - 19:20:54: [SM]   [1] Line 138, C:\Users\Moises\Downloads\Compressed\sourcemod-1.11.0-git6968-windows\addons\sourcemod\scripting\ÒankrunFixhealth.sp::IsTankRunActive
L 03/27/2026 - 19:20:54: [SM]   [2] Line 36, C:\Users\Moises\Downloads\Compressed\sourcemod-1.11.0-git6968-windows\addons\sourcemod\scripting\ÒankrunFixhealth.sp::Timer_PeriodicCheck
L 03/27/2026 - 19:20:56: [SM] Exception reported: Invalid convar handle 0 (error 4)
L 03/27/2026 - 19:20:56: [SM] Blaming: ÒankrunFixhealth.smx
L 03/27/2026 - 19:20:56: [SM] Call stack trace:
L 03/27/2026 - 19:20:56: [SM]   [0] GetConVarString
L 03/27/2026 - 19:20:56: [SM]   [1] Line 138, C:\Users\Moises\Downloads\Compressed\sourcemod-1.11.0-git6968-windows\addons\sourcemod\scripting\ÒankrunFixhealth.sp::IsTankRunActive
L 03/27/2026 - 19:20:56: [SM]   [2] Line 79, C:\Users\Moises\Downloads\Compressed\sourcemod-1.11.0-git6968-windows\addons\sourcemod\scripting\ÒankrunFixhealth.sp::Event_PlayerDeath
L 03/27/2026 - 19:21:04: [SM] Exception reported: Invalid convar handle 0 (error 4)
L 03/27/2026 - 19:21:04: [SM] Blaming: ÒankrunFixhealth.smx
L 03/27/2026 - 19:21:04: [SM] Call stack trace:
L 03/27/2026 - 19:21:04: [SM]   [0] GetConVarString
L 03/27/2026 - 19:21:04: [SM]   [1] Line 138, C:\Users\Moises\Downloads\Compressed\sourcemod-1.11.0-git6968-windows\addons\sourcemod\scripting\ÒankrunFixhealth.sp::IsTankRunActive
L 03/27/2026 - 19:21:04: [SM]   [2] Line 36, C:\Users\Moises\Downloads\Compressed\sourcemod-1.11.0-git6968-windows\addons\sourcemod\scripting\ÒankrunFixhealth.sp::Timer_PeriodicCheck
L 03/27/2026 - 19:21:14: [SM] Exception reported: Invalid convar handle 0 (error 4)
L 03/27/2026 - 19:21:14: [SM] Blaming: ÒankrunFixhealth.smx
L 03/27/2026 - 19:21:14: [SM] Call stack trace:
L 03/27/2026 - 19:21:14: [SM]   [0] GetConVarString
L 03/27/2026 - 19:21:14: [SM]   [1] Line 138, C:\Users\Moises\Downloads\Compressed\sourcemod-1.11.0-git6968-windows\addons\sourcemod\scripting\ÒankrunFixhealth.sp::IsTankRunActive
L 03/27/2026 - 19:21:14: [SM]   [2] Line 36, C:\Users\Moises\Downloads\Compressed\sourcemod-1.11.0-git6968-windows\addons\sourcemod\scripting\ÒankrunFixhealth.sp::Timer_PeriodicCheck
L 03/27/2026 - 19:21:14: [SM] Exception reported: Language phrase "Type in chat !join To join the survivors" not found (arg 6)
L 03/27/2026 - 19:21:14: [SM] Blaming: l4dmultislots.smx
L 03/27/2026 - 19:21:14: [SM] Call stack trace:
L 03/27/2026 - 19:21:14: [SM]   [0] VFormat
L 03/27/2026 - 19:21:14: [SM]   [1] Line 71, D:\Github\Private-Work\L4D2-Êèí‰ª∂\scripting_1.11\include\multicolors.inc::CPrintToChat
L 03/27/2026 - 19:21:14: [SM]   [2] Line 938, d:\Github\Private-Work\L4D2-Êèí‰ª∂\scripting_1.11\l4dmultislots.sp::Timer_SpecCheck
L 03/27/2026 - 19:21:14: [SM] Exception reported: Invalid convar handle 0 (error 4)
L 03/27/2026 - 19:21:14: [SM] Blaming: ÒankrunFixhealth.smx
L 03/27/2026 - 19:21:14: [SM] Call stack trace:
L 03/27/2026 - 19:21:14: [SM]   [0] GetConVarString
L 03/27/2026 - 19:21:14: [SM]   [1] Line 138, C:\Users\Moises\Downloads\Compressed\sourcemod-1.11.0-git6968-windows\addons\sourcemod\scripting\ÒankrunFixhealth.sp::IsTankRunActive
L 03/27/2026 - 19:21:14: [SM]   [2] Line 79, C:\Users\Moises\Downloads\Compressed\sourcemod-1.11.0-git6968-windows\addons\sourcemod\scripting\ÒankrunFixhealth.sp::Event_PlayerDeath
L 03/27/2026 - 19:21:24: [SM] Exception reported: Invalid convar handle 0 (error 4)
L 03/27/2026 - 19:21:24: [SM] Blaming: ÒankrunFixhealth.smx
L 03/27/2026 - 19:21:24: [SM] Call stack trace:
L 03/27/2026 - 19:21:24: [SM]   [0] GetConVarString
L 03/27/2026 - 19:21:24: [SM]   [1] Line 138, C:\Users\Moises\Downloads\Compressed\sourcemod-1.11.0-git6968-windows\addons\sourcemod\scripting\ÒankrunFixhealth.sp::IsTankRunActive
L 03/27/2026 - 19:21:24: [SM]   [2] Line 36, C:\Users\Moises\Downloads\Compressed\sourcemod-1.11.0-git6968-windows\addons\sourcemod\scripting\ÒankrunFixhealth.sp::Timer_PeriodicCheck
L 03/27/2026 - 19:21:26: [SM] Exception reported: Language phrase "No Any Dead Survivor" not found (arg 6)
L 03/27/2026 - 19:21:26: [SM] Blaming: l4d_sm_respawn.smx
L 03/27/2026 - 19:21:26: [SM] Call stack trace:
L 03/27/2026 - 19:21:26: [SM]   [0] FormatEx
L 03/27/2026 - 19:21:26: [SM]   [1] Line 202, d:\Github\Private-Work\L4D2-Êèí‰ª∂\scripting_1.11\l4d_sm_respawn.sp::MenuClientsToSpawn
L 03/27/2026 - 19:21:26: [SM]   [2] Line 239, d:\Github\Private-Work\L4D2-Êèí‰ª∂\scripting_1.11\l4d_sm_respawn.sp::MenuHandler_MenuList
L 03/27/2026 - 19:21:34: [SM] Exception reported: Invalid convar handle 0 (error 4)
L 03/27/2026 - 19:21:34: [SM] Blaming: ÒankrunFixhealth.smx
L 03/27/2026 - 19:21:34: [SM] Call stack trace:
L 03/27/2026 - 19:21:34: [SM]   [0] GetConVarString
L 03/27/2026 - 19:21:34: [SM]   [1] Line 138, C:\Users\Moises\Downloads\Compressed\sourcemod-1.11.0-git6968-windows\addons\sourcemod\scripting\ÒankrunFixhealth.sp::IsTankRunActive
L 03/27/2026 - 19:21:34: [SM]   [2] Line 36, C:\Users\Moises\Downloads\Compressed\sourcemod-1.11.0-git6968-windows\addons\sourcemod\scripting\ÒankrunFixhealth.sp::Timer_PeriodicCheck
L 03/27/2026 - 19:21:36: [SM] Exception reported: Property "m_vecAngularVelocity" not found (entity 128/weapon_smg)
L 03/27/2026 - 19:21:36: [SM] Blaming: l4d2_tank_core v4_5.smx
L 03/27/2026 - 19:21:36: [SM] Call stack trace:
L 03/27/2026 - 19:21:36: [SM]   [0] SetEntPropVector
L 03/27/2026 - 19:21:36: [SM]   [1] Line 650, D:\SteamLibrary\steamapps\common\Left 4 Dead 2\left4dead2\addons\sourcemod\scripting\l4d2_tank_core v4_5.sp::DropItemsPhysically
L 03/27/2026 - 19:21:36: [SM]   [2] Line 549, D:\SteamLibrary\steamapps\common\Left 4 Dead 2\left4dead2\addons\sourcemod\scripting\l4d2_tank_core v4_5.sp::Event_PlayerHurt
L 03/27/2026 - 19:21:39: [SM] Exception reported: Language phrase "Type in chat !join To join the survivors" not found (arg 6)
L 03/27/2026 - 19:21:39: [SM] Blaming: l4dmultislots.smx
L 03/27/2026 - 19:21:39: [SM] Call stack trace:
L 03/27/2026 - 19:21:39: [SM]   [0] VFormat
L 03/27/2026 - 19:21:39: [SM]   [1] Line 71, D:\Github\Private-Work\L4D2-Êèí‰ª∂\scripting_1.11\include\multicolors.inc::CPrintToChat
L 03/27/2026 - 19:21:39: [SM]   [2] Line 938, d:\Github\Private-Work\L4D2-Êèí‰ª∂\scripting_1.11\l4dmultislots.sp::Timer_SpecCheck
L 03/27/2026 - 19:21:44: [SM] Exception reported: Invalid convar handle 0 (error 4)
L 03/27/2026 - 19:21:44: [SM] Blaming: ÒankrunFixhealth.smx
L 03/27/2026 - 19:21:44: [SM] Call stack trace:
L 03/27/2026 - 19:21:44: [SM]   [0] GetConVarString
L 03/27/2026 - 19:21:44: [SM]   [1] Line 138, C:\Users\Moises\Downloads\Compressed\sourcemod-1.11.0-git6968-windows\addons\sourcemod\scripting\ÒankrunFixhealth.sp::IsTankRunActive
L 03/27/2026 - 19:21:44: [SM]   [2] Line 36, C:\Users\Moises\Downloads\Compressed\sourcemod-1.11.0-git6968-windows\addons\sourcemod\scripting\ÒankrunFixhealth.sp::Timer_PeriodicCheck
L 03/27/2026 - 19:21:54: [SM] Exception reported: Invalid convar handle 0 (error 4)
L 03/27/2026 - 19:21:54: [SM] Blaming: ÒankrunFixhealth.smx
L 03/27/2026 - 19:21:54: [SM] Call stack trace:
L 03/27/2026 - 19:21:54: [SM]   [0] GetConVarString
L 03/27/2026 - 19:21:54: [SM]   [1] Line 138, C:\Users\Moises\Downloads\Compressed\sourcemod-1.11.0-git6968-windows\addons\sourcemod\scripting\ÒankrunFixhealth.sp::IsTankRunActive
L 03/27/2026 - 19:21:54: [SM]   [2] Line 36, C:\Users\Moises\Downloads\Compressed\sourcemod-1.11.0-git6968-windows\addons\sourcemod\scripting\ÒankrunFixhealth.sp::Timer_PeriodicCheck
L 03/27/2026 - 19:22:02: [SM] Exception reported: Invalid convar handle 0 (error 4)
L 03/27/2026 - 19:22:02: [SM] Blaming: ÒankrunFixhealth.smx
L 03/27/2026 - 19:22:02: [SM] Call stack trace:
L 03/27/2026 - 19:22:02: [SM]   [0] GetConVarString
L 03/27/2026 - 19:22:02: [SM]   [1] Line 138, C:\Users\Moises\Downloads\Compressed\sourcemod-1.11.0-git6968-windows\addons\sourcemod\scripting\ÒankrunFixhealth.sp::IsTankRunActive
L 03/27/2026 - 19:22:02: [SM]   [2] Line 79, C:\Users\Moises\Downloads\Compressed\sourcemod-1.11.0-git6968-windows\addons\sourcemod\scripting\ÒankrunFixhealth.sp::Event_PlayerDeath
L 03/27/2026 - 19:22:04: [SM] Exception reported: Invalid convar handle 0 (error 4)
L 03/27/2026 - 19:22:04: [SM] Blaming: ÒankrunFixhealth.smx
L 03/27/2026 - 19:22:04: [SM] Call stack trace:
L 03/27/2026 - 19:22:04: [SM]   [0] GetConVarString
L 03/27/2026 - 19:22:04: [SM]   [1] Line 138, C:\Users\Moises\Downloads\Compressed\sourcemod-1.11.0-git6968-windows\addons\sourcemod\scripting\ÒankrunFixhealth.sp::IsTankRunActive
L 03/27/2026 - 19:22:04: [SM]   [2] Line 36, C:\Users\Moises\Downloads\Compressed\sourcemod-1.11.0-git6968-windows\addons\sourcemod\scripting\ÒankrunFixhealth.sp::Timer_PeriodicCheck
L 03/27/2026 - 19:22:04: [SM] Exception reported: Language phrase "Please wait to be revived or rescued" not found (arg 6)
L 03/27/2026 - 19:22:04: [SM] Blaming: l4dmultislots.smx
L 03/27/2026 - 19:22:04: [SM] Call stack trace:
L 03/27/2026 - 19:22:04: [SM]   [0] PrintToChat
L 03/27/2026 - 19:22:04: [SM]   [1] Line 953, d:\Github\Private-Work\L4D2-Êèí‰ª∂\scripting_1.11\l4dmultislots.sp::Timer_SpecCheck
L 03/27/2026 - 19:22:08: [SM] Exception reported: Language phrase "No Any Dead Survivor" not found (arg 6)
L 03/27/2026 - 19:22:08: [SM] Blaming: l4d_sm_respawn.smx
L 03/27/2026 - 19:22:08: [SM] Call stack trace:
L 03/27/2026 - 19:22:08: [SM]   [0] FormatEx
L 03/27/2026 - 19:22:08: [SM]   [1] Line 202, d:\Github\Private-Work\L4D2-Êèí‰ª∂\scripting_1.11\l4d_sm_respawn.sp::MenuClientsToSpawn
L 03/27/2026 - 19:22:08: [SM]   [2] Line 239, d:\Github\Private-Work\L4D2-Êèí‰ª∂\scripting_1.11\l4d_sm_respawn.sp::MenuHandler_MenuList
L 03/27/2026 - 19:22:14: [SM] Exception reported: Invalid convar handle 0 (error 4)
L 03/27/2026 - 19:22:14: [SM] Blaming: ÒankrunFixhealth.smx
L 03/27/2026 - 19:22:14: [SM] Call stack trace:
L 03/27/2026 - 19:22:14: [SM]   [0] GetConVarString
L 03/27/2026 - 19:22:14: [SM]   [1] Line 138, C:\Users\Moises\Downloads\Compressed\sourcemod-1.11.0-git6968-windows\addons\sourcemod\scripting\ÒankrunFixhealth.sp::IsTankRunActive
L 03/27/2026 - 19:22:14: [SM]   [2] Line 36, C:\Users\Moises\Downloads\Compressed\sourcemod-1.11.0-git6968-windows\addons\sourcemod\scripting\ÒankrunFixhealth.sp::Timer_PeriodicCheck
L 03/27/2026 - 19:22:24: [SM] Exception reported: Invalid convar handle 0 (error 4)
L 03/27/2026 - 19:22:24: [SM] Blaming: ÒankrunFixhealth.smx
L 03/27/2026 - 19:22:24: [SM] Call stack trace:
L 03/27/2026 - 19:22:24: [SM]   [0] GetConVarString
L 03/27/2026 - 19:22:24: [SM]   [1] Line 138, C:\Users\Moises\Downloads\Compressed\sourcemod-1.11.0-git6968-windows\addons\sourcemod\scripting\ÒankrunFixhealth.sp::IsTankRunActive
L 03/27/2026 - 19:22:24: [SM]   [2] Line 36, C:\Users\Moises\Downloads\Compressed\sourcemod-1.11.0-git6968-windows\addons\sourcemod\scripting\ÒankrunFixhealth.sp::Timer_PeriodicCheck
L 03/27/2026 - 19:22:24: [SM] Exception reported: Invalid Handle 0 (error 4)
L 03/27/2026 - 19:22:24: [SM] Blaming: l4dafkfix.smx
L 03/27/2026 - 19:22:24: [SM] Call stack trace:
L 03/27/2026 - 19:22:24: [SM]   [0] SDKCall
L 03/27/2026 - 19:22:24: [SM]   [1] Line 235, /home/forums/content/files/4/8/2/4/5/73422.attach::TakeOverBot
L 03/27/2026 - 19:22:24: [SM]   [2] Line 148, /home/forums/content/files/4/8/2/4/5/73422.attach::Event_PlayerDeath
L 03/27/2026 - 19:22:24: [SM] Exception reported: Invalid convar handle 0 (error 4)
L 03/27/2026 - 19:22:24: [SM] Blaming: ÒankrunFixhealth.smx
L 03/27/2026 - 19:22:24: [SM] Call stack trace:
L 03/27/2026 - 19:22:24: [SM]   [0] GetConVarString
L 03/27/2026 - 19:22:24: [SM]   [1] Line 138, C:\Users\Moises\Downloads\Compressed\sourcemod-1.11.0-git6968-windows\addons\sourcemod\scripting\ÒankrunFixhealth.sp::IsTankRunActive
L 03/27/2026 - 19:22:24: [SM]   [2] Line 79, C:\Users\Moises\Downloads\Compressed\sourcemod-1.11.0-git6968-windows\addons\sourcemod\scripting\ÒankrunFixhealth.sp::Event_PlayerDeath
L 03/27/2026 - 19:22:24: [SM] Exception reported: Invalid Handle 0 (error 4)
L 03/27/2026 - 19:22:24: [SM] Blaming: l4dafkfix.smx
L 03/27/2026 - 19:22:24: [SM] Call stack trace:
L 03/27/2026 - 19:22:24: [SM]   [0] SDKCall
L 03/27/2026 - 19:22:24: [SM]   [1] Line 194, /home/forums/content/files/4/8/2/4/5/73422.attach::SetHumanIdle
L 03/27/2026 - 19:22:24: [SM]   [2] Line 172, /home/forums/content/files/4/8/2/4/5/73422.attach::Timer_ActivateFix
L 03/27/2026 - 19:22:34: [SM] Exception reported: Invalid convar handle 0 (error 4)
L 03/27/2026 - 19:22:34: [SM] Blaming: ÒankrunFixhealth.smx
L 03/27/2026 - 19:22:34: [SM] Call stack trace:
L 03/27/2026 - 19:22:34: [SM]   [0] GetConVarString
L 03/27/2026 - 19:22:34: [SM]   [1] Line 138, C:\Users\Moises\Downloads\Compressed\sourcemod-1.11.0-git6968-windows\addons\sourcemod\scripting\ÒankrunFixhealth.sp::IsTankRunActive
L 03/27/2026 - 19:22:34: [SM]   [2] Line 36, C:\Users\Moises\Downloads\Compressed\sourcemod-1.11.0-git6968-windows\addons\sourcemod\scripting\ÒankrunFixhealth.sp::Timer_PeriodicCheck
L 03/27/2026 - 19:22:44: [SM] Exception reported: Invalid convar handle 0 (error 4)
L 03/27/2026 - 19:22:44: [SM] Blaming: ÒankrunFixhealth.smx
L 03/27/2026 - 19:22:44: [SM] Call stack trace:
L 03/27/2026 - 19:22:44: [SM]   [0] GetConVarString
L 03/27/2026 - 19:22:44: [SM]   [1] Line 138, C:\Users\Moises\Downloads\Compressed\sourcemod-1.11.0-git6968-windows\addons\sourcemod\scripting\ÒankrunFixhealth.sp::IsTankRunActive
L 03/27/2026 - 19:22:44: [SM]   [2] Line 36, C:\Users\Moises\Downloads\Compressed\sourcemod-1.11.0-git6968-windows\addons\sourcemod\scripting\ÒankrunFixhealth.sp::Timer_PeriodicCheck
L 03/27/2026 - 19:22:44: [SM] Exception reported: Invalid convar handle 0 (error 4)
L 03/27/2026 - 19:22:44: [SM] Blaming: ÒankrunFixhealth.smx
L 03/27/2026 - 19:22:44: [SM] Call stack trace:
L 03/27/2026 - 19:22:44: [SM]   [0] GetConVarString
L 03/27/2026 - 19:22:44: [SM]   [1] Line 138, C:\Users\Moises\Downloads\Compressed\sourcemod-1.11.0-git6968-windows\addons\sourcemod\scripting\ÒankrunFixhealth.sp::IsTankRunActive
L 03/27/2026 - 19:22:44: [SM]   [2] Line 79, C:\Users\Moises\Downloads\Compressed\sourcemod-1.11.0-git6968-windows\addons\sourcemod\scripting\ÒankrunFixhealth.sp::Event_PlayerDeath
L 03/27/2026 - 19:22:44: [SM]   [4] ForcePlayerSuicide
L 03/27/2026 - 19:22:44: [SM]   [5] Line 37, D:\builds\build-sourcemod-msvc12\windows-1.12\build\plugins\playercommands\slay.sp::PerformSlay
L 03/27/2026 - 19:22:44: [SM]   [6] Line 108, D:\builds\build-sourcemod-msvc12\windows-1.12\build\plugins\playercommands\slay.sp::MenuHandler_Slay
L 03/27/2026 - 19:22:54: [SM] Exception reported: Invalid convar handle 0 (error 4)
L 03/27/2026 - 19:22:54: [SM] Blaming: ÒankrunFixhealth.smx
L 03/27/2026 - 19:22:54: [SM] Call stack trace:
L 03/27/2026 - 19:22:54: [SM]   [0] GetConVarString
L 03/27/2026 - 19:22:54: [SM]   [1] Line 138, C:\Users\Moises\Downloads\Compressed\sourcemod-1.11.0-git6968-windows\addons\sourcemod\scripting\ÒankrunFixhealth.sp::IsTankRunActive
L 03/27/2026 - 19:22:54: [SM]   [2] Line 36, C:\Users\Moises\Downloads\Compressed\sourcemod-1.11.0-git6968-windows\addons\sourcemod\scripting\ÒankrunFixhealth.sp::Timer_PeriodicCheck
L 03/27/2026 - 19:22:54: [SM] Exception reported: Language phrase "Please wait to be revived or rescued" not found (arg 6)
L 03/27/2026 - 19:22:54: [SM] Blaming: l4dmultislots.smx
L 03/27/2026 - 19:22:54: [SM] Call stack trace:
L 03/27/2026 - 19:22:54: [SM]   [0] PrintToChat
L 03/27/2026 - 19:22:54: [SM]   [1] Line 953, d:\Github\Private-Work\L4D2-Êèí‰ª∂\scripting_1.11\l4dmultislots.sp::Timer_SpecCheck
L 03/27/2026 - 19:23:01: [SM] Exception reported: Invalid convar handle 0 (error 4)
L 03/27/2026 - 19:23:01: [SM] Blaming: ÒankrunFixhealth.smx
L 03/27/2026 - 19:23:01: [SM] Call stack trace:
L 03/27/2026 - 19:23:01: [SM]   [0] GetConVarString
L 03/27/2026 - 19:23:01: [SM]   [1] Line 138, C:\Users\Moises\Downloads\Compressed\sourcemod-1.11.0-git6968-windows\addons\sourcemod\scripting\ÒankrunFixhealth.sp::IsTankRunActive
L 03/27/2026 - 19:23:01: [SM]   [2] Line 79, C:\Users\Moises\Downloads\Compressed\sourcemod-1.11.0-git6968-windows\addons\sourcemod\scripting\ÒankrunFixhealth.sp::Event_PlayerDeath
L 03/27/2026 - 19:23:04: [SM] Exception reported: Invalid convar handle 0 (error 4)
L 03/27/2026 - 19:23:04: [SM] Blaming: ÒankrunFixhealth.smx
L 03/27/2026 - 19:23:04: [SM] Call stack trace:
L 03/27/2026 - 19:23:04: [SM]   [0] GetConVarString
L 03/27/2026 - 19:23:04: [SM]   [1] Line 138, C:\Users\Moises\Downloads\Compressed\sourcemod-1.11.0-git6968-windows\addons\sourcemod\scripting\ÒankrunFixhealth.sp::IsTankRunActive
L 03/27/2026 - 19:23:04: [SM]   [2] Line 36, C:\Users\Moises\Downloads\Compressed\sourcemod-1.11.0-git6968-windows\addons\sourcemod\scripting\ÒankrunFixhealth.sp::Timer_PeriodicCheck
L 03/27/2026 - 19:23:07: [SM] Exception reported: Invalid Handle 0 (error 4)
L 03/27/2026 - 19:23:07: [SM] Blaming: l4dafkfix.smx
L 03/27/2026 - 19:23:07: [SM] Call stack trace:
L 03/27/2026 - 19:23:07: [SM]   [0] SDKCall
L 03/27/2026 - 19:23:07: [SM]   [1] Line 235, /home/forums/content/files/4/8/2/4/5/73422.attach::TakeOverBot
L 03/27/2026 - 19:23:07: [SM]   [2] Line 148, /home/forums/content/files/4/8/2/4/5/73422.attach::Event_PlayerDeath
L 03/27/2026 - 19:23:07: [SM] Exception reported: Invalid convar handle 0 (error 4)
L 03/27/2026 - 19:23:07: [SM] Blaming: ÒankrunFixhealth.smx
L 03/27/2026 - 19:23:07: [SM] Call stack trace:
L 03/27/2026 - 19:23:07: [SM]   [0] GetConVarString
L 03/27/2026 - 19:23:07: [SM]   [1] Line 138, C:\Users\Moises\Downloads\Compressed\sourcemod-1.11.0-git6968-windows\addons\sourcemod\scripting\ÒankrunFixhealth.sp::IsTankRunActive
L 03/27/2026 - 19:23:07: [SM]   [2] Line 79, C:\Users\Moises\Downloads\Compressed\sourcemod-1.11.0-git6968-windows\addons\sourcemod\scripting\ÒankrunFixhealth.sp::Event_PlayerDeath
L 03/27/2026 - 19:23:14: [SM] Exception reported: Invalid convar handle 0 (error 4)
L 03/27/2026 - 19:23:14: [SM] Blaming: ÒankrunFixhealth.smx
L 03/27/2026 - 19:23:14: [SM] Call stack trace:
L 03/27/2026 - 19:23:14: [SM]   [0] GetConVarString
L 03/27/2026 - 19:23:14: [SM]   [1] Line 138, C:\Users\Moises\Downloads\Compressed\sourcemod-1.11.0-git6968-windows\addons\sourcemod\scripting\ÒankrunFixhealth.sp::IsTankRunActive
L 03/27/2026 - 19:23:14: [SM]   [2] Line 36, C:\Users\Moises\Downloads\Compressed\sourcemod-1.11.0-git6968-windows\addons\sourcemod\scripting\ÒankrunFixhealth.sp::Timer_PeriodicCheck
L 03/27/2026 - 19:23:17: [SM] Exception reported: Invalid convar handle 0 (error 4)
L 03/27/2026 - 19:23:17: [SM] Blaming: ÒankrunFixhealth.smx
L 03/27/2026 - 19:23:17: [SM] Call stack trace:
L 03/27/2026 - 19:23:17: [SM]   [0] GetConVarString
L 03/27/2026 - 19:23:17: [SM]   [1] Line 138, C:\Users\Moises\Downloads\Compressed\sourcemod-1.11.0-git6968-windows\addons\sourcemod\scripting\ÒankrunFixhealth.sp::IsTankRunActive
L 03/27/2026 - 19:23:17: [SM]   [2] Line 79, C:\Users\Moises\Downloads\Compressed\sourcemod-1.11.0-git6968-windows\addons\sourcemod\scripting\ÒankrunFixhealth.sp::Event_PlayerDeath
L 03/27/2026 - 19:23:19: [SM] Exception reported: Language phrase "Type in chat !join To join the survivors" not found (arg 6)
L 03/27/2026 - 19:23:19: [SM] Blaming: l4dmultislots.smx
L 03/27/2026 - 19:23:19: [SM] Call stack trace:
L 03/27/2026 - 19:23:19: [SM]   [0] VFormat
L 03/27/2026 - 19:23:19: [SM]   [1] Line 71, D:\Github\Private-Work\L4D2-Êèí‰ª∂\scripting_1.11\include\multicolors.inc::CPrintToChat
L 03/27/2026 - 19:23:19: [SM]   [2] Line 938, d:\Github\Private-Work\L4D2-Êèí‰ª∂\scripting_1.11\l4dmultislots.sp::Timer_SpecCheck
L 03/27/2026 - 19:23:24: [SM] Exception reported: Invalid convar handle 0 (error 4)
L 03/27/2026 - 19:23:24: [SM] Blaming: ÒankrunFixhealth.smx
L 03/27/2026 - 19:23:24: [SM] Call stack trace:
L 03/27/2026 - 19:23:24: [SM]   [0] GetConVarString
L 03/27/2026 - 19:23:24: [SM]   [1] Line 138, C:\Users\Moises\Downloads\Compressed\sourcemod-1.11.0-git6968-windows\addons\sourcemod\scripting\ÒankrunFixhealth.sp::IsTankRunActive
L 03/27/2026 - 19:23:24: [SM]   [2] Line 36, C:\Users\Moises\Downloads\Compressed\sourcemod-1.11.0-git6968-windows\addons\sourcemod\scripting\ÒankrunFixhealth.sp::Timer_PeriodicCheck
L 03/27/2026 - 19:23:24: [SM] Exception reported: Property "m_vecAngularVelocity" not found (entity 598/weapon_autoshotgun)
L 03/27/2026 - 19:23:24: [SM] Blaming: l4d2_tank_core v4_5.smx
L 03/27/2026 - 19:23:24: [SM] Call stack trace:
L 03/27/2026 - 19:23:24: [SM]   [0] SetEntPropVector
L 03/27/2026 - 19:23:24: [SM]   [1] Line 650, D:\SteamLibrary\steamapps\common\Left 4 Dead 2\left4dead2\addons\sourcemod\scripting\l4d2_tank_core v4_5.sp::DropItemsPhysically
L 03/27/2026 - 19:23:24: [SM]   [2] Line 549, D:\SteamLibrary\steamapps\common\Left 4 Dead 2\left4dead2\addons\sourcemod\scripting\l4d2_tank_core v4_5.sp::Event_PlayerHurt
L 03/27/2026 - 19:23:30: [SM] Exception reported: Invalid convar handle 0 (error 4)
L 03/27/2026 - 19:23:30: [SM] Blaming: ÒankrunFixhealth.smx
L 03/27/2026 - 19:23:30: [SM] Call stack trace:
L 03/27/2026 - 19:23:30: [SM]   [0] GetConVarString
L 03/27/2026 - 19:23:30: [SM]   [1] Line 138, C:\Users\Moises\Downloads\Compressed\sourcemod-1.11.0-git6968-windows\addons\sourcemod\scripting\ÒankrunFixhealth.sp::IsTankRunActive
L 03/27/2026 - 19:23:30: [SM]   [2] Line 79, C:\Users\Moises\Downloads\Compressed\sourcemod-1.11.0-git6968-windows\addons\sourcemod\scripting\ÒankrunFixhealth.sp::Event_PlayerDeath
L 03/27/2026 - 19:23:34: [SM] Exception reported: Invalid convar handle 0 (error 4)
L 03/27/2026 - 19:23:34: [SM] Blaming: ÒankrunFixhealth.smx
L 03/27/2026 - 19:23:34: [SM] Call stack trace:
L 03/27/2026 - 19:23:34: [SM]   [0] GetConVarString
L 03/27/2026 - 19:23:34: [SM]   [1] Line 138, C:\Users\Moises\Downloads\Compressed\sourcemod-1.11.0-git6968-windows\addons\sourcemod\scripting\ÒankrunFixhealth.sp::IsTankRunActive
L 03/27/2026 - 19:23:34: [SM]   [2] Line 36, C:\Users\Moises\Downloads\Compressed\sourcemod-1.11.0-git6968-windows\addons\sourcemod\scripting\ÒankrunFixhealth.sp::Timer_PeriodicCheck
L 03/27/2026 - 19:23:40: [SM] Exception reported: Invalid convar handle 0 (error 4)
L 03/27/2026 - 19:23:40: [SM] Blaming: ÒankrunFixhealth.smx
L 03/27/2026 - 19:23:40: [SM] Call stack trace:
L 03/27/2026 - 19:23:40: [SM]   [0] GetConVarString
L 03/27/2026 - 19:23:40: [SM]   [1] Line 138, C:\Users\Moises\Downloads\Compressed\sourcemod-1.11.0-git6968-windows\addons\sourcemod\scripting\ÒankrunFixhealth.sp::IsTankRunActive
L 03/27/2026 - 19:23:40: [SM]   [2] Line 79, C:\Users\Moises\Downloads\Compressed\sourcemod-1.11.0-git6968-windows\addons\sourcemod\scripting\ÒankrunFixhealth.sp::Event_PlayerDeath
L 03/27/2026 - 19:23:41: [SM] Exception reported: Invalid convar handle 0 (error 4)
L 03/27/2026 - 19:23:41: [SM] Blaming: ÒankrunFixhealth.smx
L 03/27/2026 - 19:23:41: [SM] Call stack trace:
L 03/27/2026 - 19:23:41: [SM]   [0] GetConVarString
L 03/27/2026 - 19:23:41: [SM]   [1] Line 138, C:\Users\Moises\Downloads\Compressed\sourcemod-1.11.0-git6968-windows\addons\sourcemod\scripting\ÒankrunFixhealth.sp::IsTankRunActive
L 03/27/2026 - 19:23:41: [SM]   [2] Line 79, C:\Users\Moises\Downloads\Compressed\sourcemod-1.11.0-git6968-windows\addons\sourcemod\scripting\ÒankrunFixhealth.sp::Event_PlayerDeath
L 03/27/2026 - 19:23:44: [SM] Exception reported: Invalid convar handle 0 (error 4)
L 03/27/2026 - 19:23:44: [SM] Blaming: ÒankrunFixhealth.smx
L 03/27/2026 - 19:23:44: [SM] Call stack trace:
L 03/27/2026 - 19:23:44: [SM]   [0] GetConVarString
L 03/27/2026 - 19:23:44: [SM]   [1] Line 138, C:\Users\Moises\Downloads\Compressed\sourcemod-1.11.0-git6968-windows\addons\sourcemod\scripting\ÒankrunFixhealth.sp::IsTankRunActive
L 03/27/2026 - 19:23:44: [SM]   [2] Line 36, C:\Users\Moises\Downloads\Compressed\sourcemod-1.11.0-git6968-windows\addons\sourcemod\scripting\ÒankrunFixhealth.sp::Timer_PeriodicCheck
L 03/27/2026 - 19:23:44: [SM] Exception reported: Language phrase "Please wait to be revived or rescued" not found (arg 6)
L 03/27/2026 - 19:23:44: [SM] Blaming: l4dmultislots.smx
L 03/27/2026 - 19:23:44: [SM] Call stack trace:
L 03/27/2026 - 19:23:44: [SM]   [0] PrintToChat
L 03/27/2026 - 19:23:44: [SM]   [1] Line 953, d:\Github\Private-Work\L4D2-Êèí‰ª∂\scripting_1.11\l4dmultislots.sp::Timer_SpecCheck
L 03/27/2026 - 19:23:51: [SM] Exception reported: Invalid convar handle 0 (error 4)
L 03/27/2026 - 19:23:51: [SM] Blaming: ÒankrunFixhealth.smx
L 03/27/2026 - 19:23:51: [SM] Call stack trace:
L 03/27/2026 - 19:23:51: [SM]   [0] GetConVarString
L 03/27/2026 - 19:23:51: [SM]   [1] Line 138, C:\Users\Moises\Downloads\Compressed\sourcemod-1.11.0-git6968-windows\addons\sourcemod\scripting\ÒankrunFixhealth.sp::IsTankRunActive
L 03/27/2026 - 19:23:51: [SM]   [2] Line 79, C:\Users\Moises\Downloads\Compressed\sourcemod-1.11.0-git6968-windows\addons\sourcemod\scripting\ÒankrunFixhealth.sp::Event_PlayerDeath
L 03/27/2026 - 19:23:54: [SM] Exception reported: Invalid convar handle 0 (error 4)
L 03/27/2026 - 19:23:54: [SM] Blaming: ÒankrunFixhealth.smx
L 03/27/2026 - 19:23:54: [SM] Call stack trace:
L 03/27/2026 - 19:23:54: [SM]   [0] GetConVarString
L 03/27/2026 - 19:23:54: [SM]   [1] Line 138, C:\Users\Moises\Downloads\Compressed\sourcemod-1.11.0-git6968-windows\addons\sourcemod\scripting\ÒankrunFixhealth.sp::IsTankRunActive
L 03/27/2026 - 19:23:54: [SM]   [2] Line 36, C:\Users\Moises\Downloads\Compressed\sourcemod-1.11.0-git6968-windows\addons\sourcemod\scripting\ÒankrunFixhealth.sp::Timer_PeriodicCheck
L 03/27/2026 - 19:23:55: [SM] Exception reported: Invalid Handle 0 (error 4)
L 03/27/2026 - 19:23:55: [SM] Blaming: l4dafkfix.smx
L 03/27/2026 - 19:23:55: [SM] Call stack trace:
L 03/27/2026 - 19:23:55: [SM]   [0] SDKCall
L 03/27/2026 - 19:23:55: [SM]   [1] Line 235, /home/forums/content/files/4/8/2/4/5/73422.attach::TakeOverBot
L 03/27/2026 - 19:23:55: [SM]   [2] Line 148, /home/forums/content/files/4/8/2/4/5/73422.attach::Event_PlayerDeath
L 03/27/2026 - 19:23:55: [SM] Exception reported: Invalid convar handle 0 (error 4)
L 03/27/2026 - 19:23:55: [SM] Blaming: ÒankrunFixhealth.smx
L 03/27/2026 - 19:23:55: [SM] Call stack trace:
L 03/27/2026 - 19:23:55: [SM]   [0] GetConVarString
L 03/27/2026 - 19:23:55: [SM]   [1] Line 138, C:\Users\Moises\Downloads\Compressed\sourcemod-1.11.0-git6968-windows\addons\sourcemod\scripting\ÒankrunFixhealth.sp::IsTankRunActive
L 03/27/2026 - 19:23:55: [SM]   [2] Line 79, C:\Users\Moises\Downloads\Compressed\sourcemod-1.11.0-git6968-windows\addons\sourcemod\scripting\ÒankrunFixhealth.sp::Event_PlayerDeath
L 03/27/2026 - 19:23:56: [SM] Exception reported: Invalid convar handle 0 (error 4)
L 03/27/2026 - 19:23:56: [SM] Blaming: ÒankrunFixhealth.smx
L 03/27/2026 - 19:23:56: [SM] Call stack trace:
L 03/27/2026 - 19:23:56: [SM]   [0] GetConVarString
L 03/27/2026 - 19:23:56: [SM]   [1] Line 138, C:\Users\Moises\Downloads\Compressed\sourcemod-1.11.0-git6968-windows\addons\sourcemod\scripting\ÒankrunFixhealth.sp::IsTankRunActive
L 03/27/2026 - 19:23:56: [SM]   [2] Line 79, C:\Users\Moises\Downloads\Compressed\sourcemod-1.11.0-git6968-windows\addons\sourcemod\scripting\ÒankrunFixhealth.sp::Event_PlayerDeath
L 03/27/2026 - 19:24:00: [SM] Exception reported: Language phrase "message_1" not found (arg 5)
L 03/27/2026 - 19:24:00: [SM] Blaming: l4d_sm_respawn.smx
L 03/27/2026 - 19:24:00: [SM] Call stack trace:
L 03/27/2026 - 19:24:00: [SM]   [0] PrintToChat
L 03/27/2026 - 19:24:00: [SM]   [1] Line 344, d:\Github\Private-Work\L4D2-Êèí‰ª∂\scripting_1.11\l4d_sm_respawn.sp::vRespawnPlayer
L 03/27/2026 - 19:24:00: [SM]   [2] Line 237, d:\Github\Private-Work\L4D2-Êèí‰ª∂\scripting_1.11\l4d_sm_respawn.sp::MenuHandler_MenuList
L 03/27/2026 - 19:24:04: [SM] Exception reported: Invalid convar handle 0 (error 4)
L 03/27/2026 - 19:24:04: [SM] Blaming: ÒankrunFixhealth.smx
L 03/27/2026 - 19:24:04: [SM] Call stack trace:
L 03/27/2026 - 19:24:04: [SM]   [0] GetConVarString
L 03/27/2026 - 19:24:04: [SM]   [1] Line 138, C:\Users\Moises\Downloads\Compressed\sourcemod-1.11.0-git6968-windows\addons\sourcemod\scripting\ÒankrunFixhealth.sp::IsTankRunActive
L 03/27/2026 - 19:24:04: [SM]   [2] Line 36, C:\Users\Moises\Downloads\Compressed\sourcemod-1.11.0-git6968-windows\addons\sourcemod\scripting\ÒankrunFixhealth.sp::Timer_PeriodicCheck
L 03/27/2026 - 19:24:09: [SM] Exception reported: Language phrase "Please wait to be revived or rescued" not found (arg 6)
L 03/27/2026 - 19:24:09: [SM] Blaming: l4dmultislots.smx
L 03/27/2026 - 19:24:09: [SM] Call stack trace:
L 03/27/2026 - 19:24:09: [SM]   [0] PrintToChat
L 03/27/2026 - 19:24:09: [SM]   [1] Line 953, d:\Github\Private-Work\L4D2-Êèí‰ª∂\scripting_1.11\l4dmultislots.sp::Timer_SpecCheck
L 03/27/2026 - 19:24:14: [SM] Exception reported: Invalid convar handle 0 (error 4)
L 03/27/2026 - 19:24:14: [SM] Blaming: ÒankrunFixhealth.smx
L 03/27/2026 - 19:24:14: [SM] Call stack trace:
L 03/27/2026 - 19:24:14: [SM]   [0] GetConVarString
L 03/27/2026 - 19:24:14: [SM]   [1] Line 138, C:\Users\Moises\Downloads\Compressed\sourcemod-1.11.0-git6968-windows\addons\sourcemod\scripting\ÒankrunFixhealth.sp::IsTankRunActive
L 03/27/2026 - 19:24:14: [SM]   [2] Line 79, C:\Users\Moises\Downloads\Compressed\sourcemod-1.11.0-git6968-windows\addons\sourcemod\scripting\ÒankrunFixhealth.sp::Event_PlayerDeath
L 03/27/2026 - 19:24:14: [SM] Exception reported: Invalid convar handle 0 (error 4)
L 03/27/2026 - 19:24:14: [SM] Blaming: ÒankrunFixhealth.smx
L 03/27/2026 - 19:24:14: [SM] Call stack trace:
L 03/27/2026 - 19:24:14: [SM]   [0] GetConVarString
L 03/27/2026 - 19:24:14: [SM]   [1] Line 138, C:\Users\Moises\Downloads\Compressed\sourcemod-1.11.0-git6968-windows\addons\sourcemod\scripting\ÒankrunFixhealth.sp::IsTankRunActive
L 03/27/2026 - 19:24:14: [SM]   [2] Line 36, C:\Users\Moises\Downloads\Compressed\sourcemod-1.11.0-git6968-windows\addons\sourcemod\scripting\ÒankrunFixhealth.sp::Timer_PeriodicCheck
L 03/27/2026 - 19:24:24: [SM] Exception reported: Invalid convar handle 0 (error 4)
L 03/27/2026 - 19:24:24: [SM] Blaming: ÒankrunFixhealth.smx
L 03/27/2026 - 19:24:24: [SM] Call stack trace:
L 03/27/2026 - 19:24:24: [SM]   [0] GetConVarString
L 03/27/2026 - 19:24:24: [SM]   [1] Line 138, C:\Users\Moises\Downloads\Compressed\sourcemod-1.11.0-git6968-windows\addons\sourcemod\scripting\ÒankrunFixhealth.sp::IsTankRunActive
L 03/27/2026 - 19:24:24: [SM]   [2] Line 36, C:\Users\Moises\Downloads\Compressed\sourcemod-1.11.0-git6968-windows\addons\sourcemod\scripting\ÒankrunFixhealth.sp::Timer_PeriodicCheck
L 03/27/2026 - 19:24:25: [SM] Exception reported: Invalid convar handle 0 (error 4)
L 03/27/2026 - 19:24:25: [SM] Blaming: ÒankrunFixhealth.smx
L 03/27/2026 - 19:24:25: [SM] Call stack trace:
L 03/27/2026 - 19:24:25: [SM]   [0] GetConVarString
L 03/27/2026 - 19:24:25: [SM]   [1] Line 138, C:\Users\Moises\Downloads\Compressed\sourcemod-1.11.0-git6968-windows\addons\sourcemod\scripting\ÒankrunFixhealth.sp::IsTankRunActive
L 03/27/2026 - 19:24:25: [SM]   [2] Line 79, C:\Users\Moises\Downloads\Compressed\sourcemod-1.11.0-git6968-windows\addons\sourcemod\scripting\ÒankrunFixhealth.sp::Event_PlayerDeath
L 03/27/2026 - 19:24:32: [SM] Exception reported: Invalid convar handle 0 (error 4)
L 03/27/2026 - 19:24:32: [SM] Blaming: ÒankrunFixhealth.smx
L 03/27/2026 - 19:24:32: [SM] Call stack trace:
L 03/27/2026 - 19:24:32: [SM]   [0] GetConVarString
L 03/27/2026 - 19:24:32: [SM]   [1] Line 138, C:\Users\Moises\Downloads\Compressed\sourcemod-1.11.0-git6968-windows\addons\sourcemod\scripting\ÒankrunFixhealth.sp::IsTankRunActive
L 03/27/2026 - 19:24:32: [SM]   [2] Line 79, C:\Users\Moises\Downloads\Compressed\sourcemod-1.11.0-git6968-windows\addons\sourcemod\scripting\ÒankrunFixhealth.sp::Event_PlayerDeath
L 03/27/2026 - 19:24:34: [SM] Exception reported: Invalid convar handle 0 (error 4)
L 03/27/2026 - 19:24:34: [SM] Blaming: ÒankrunFixhealth.smx
L 03/27/2026 - 19:24:34: [SM] Call stack trace:
L 03/27/2026 - 19:24:34: [SM]   [0] GetConVarString
L 03/27/2026 - 19:24:34: [SM]   [1] Line 138, C:\Users\Moises\Downloads\Compressed\sourcemod-1.11.0-git6968-windows\addons\sourcemod\scripting\ÒankrunFixhealth.sp::IsTankRunActive
L 03/27/2026 - 19:24:34: [SM]   [2] Line 36, C:\Users\Moises\Downloads\Compressed\sourcemod-1.11.0-git6968-windows\addons\sourcemod\scripting\ÒankrunFixhealth.sp::Timer_PeriodicCheck
L 03/27/2026 - 19:24:34: [SM] Exception reported: Language phrase "Please wait to be revived or rescued" not found (arg 6)
L 03/27/2026 - 19:24:34: [SM] Blaming: l4dmultislots.smx
L 03/27/2026 - 19:24:34: [SM] Call stack trace:
L 03/27/2026 - 19:24:34: [SM]   [0] PrintToChat
L 03/27/2026 - 19:24:34: [SM]   [1] Line 953, d:\Github\Private-Work\L4D2-Êèí‰ª∂\scripting_1.11\l4dmultislots.sp::Timer_SpecCheck
L 03/27/2026 - 19:24:43: [SM] Exception reported: Invalid convar handle 0 (error 4)
L 03/27/2026 - 19:24:43: [SM] Blaming: ÒankrunFixhealth.smx
L 03/27/2026 - 19:24:43: [SM] Call stack trace:
L 03/27/2026 - 19:24:43: [SM]   [0] GetConVarString
L 03/27/2026 - 19:24:43: [SM]   [1] Line 138, C:\Users\Moises\Downloads\Compressed\sourcemod-1.11.0-git6968-windows\addons\sourcemod\scripting\ÒankrunFixhealth.sp::IsTankRunActive
L 03/27/2026 - 19:24:43: [SM]   [2] Line 79, C:\Users\Moises\Downloads\Compressed\sourcemod-1.11.0-git6968-windows\addons\sourcemod\scripting\ÒankrunFixhealth.sp::Event_PlayerDeath
L 03/27/2026 - 19:24:44: [SM] Exception reported: Invalid convar handle 0 (error 4)
L 03/27/2026 - 19:24:44: [SM] Blaming: ÒankrunFixhealth.smx
L 03/27/2026 - 19:24:44: [SM] Call stack trace:
L 03/27/2026 - 19:24:44: [SM]   [0] GetConVarString
L 03/27/2026 - 19:24:44: [SM]   [1] Line 138, C:\Users\Moises\Downloads\Compressed\sourcemod-1.11.0-git6968-windows\addons\sourcemod\scripting\ÒankrunFixhealth.sp::IsTankRunActive
L 03/27/2026 - 19:24:44: [SM]   [2] Line 36, C:\Users\Moises\Downloads\Compressed\sourcemod-1.11.0-git6968-windows\addons\sourcemod\scripting\ÒankrunFixhealth.sp::Timer_PeriodicCheck
L 03/27/2026 - 19:24:44: [SM] Exception reported: Invalid convar handle 0 (error 4)
L 03/27/2026 - 19:24:44: [SM] Blaming: ÒankrunFixhealth.smx
L 03/27/2026 - 19:24:44: [SM] Call stack trace:
L 03/27/2026 - 19:24:44: [SM]   [0] GetConVarString
L 03/27/2026 - 19:24:44: [SM]   [1] Line 138, C:\Users\Moises\Downloads\Compressed\sourcemod-1.11.0-git6968-windows\addons\sourcemod\scripting\ÒankrunFixhealth.sp::IsTankRunActive
L 03/27/2026 - 19:24:44: [SM]   [2] Line 79, C:\Users\Moises\Downloads\Compressed\sourcemod-1.11.0-git6968-windows\addons\sourcemod\scripting\ÒankrunFixhealth.sp::Event_PlayerDeath
L 03/27/2026 - 19:24:54: [SM] Exception reported: Invalid convar handle 0 (error 4)
L 03/27/2026 - 19:24:54: [SM] Blaming: ÒankrunFixhealth.smx
L 03/27/2026 - 19:24:54: [SM] Call stack trace:
L 03/27/2026 - 19:24:54: [SM]   [0] GetConVarString
L 03/27/2026 - 19:24:54: [SM]   [1] Line 138, C:\Users\Moises\Downloads\Compressed\sourcemod-1.11.0-git6968-windows\addons\sourcemod\scripting\ÒankrunFixhealth.sp::IsTankRunActive
L 03/27/2026 - 19:24:54: [SM]   [2] Line 36, C:\Users\Moises\Downloads\Compressed\sourcemod-1.11.0-git6968-windows\addons\sourcemod\scripting\ÒankrunFixhealth.sp::Timer_PeriodicCheck
L 03/27/2026 - 19:24:59: [SM] Exception reported: Language phrase "Please wait to be revived or rescued" not found (arg 6)
L 03/27/2026 - 19:24:59: [SM] Blaming: l4dmultislots.smx
L 03/27/2026 - 19:24:59: [SM] Call stack trace:
L 03/27/2026 - 19:24:59: [SM]   [0] PrintToChat
L 03/27/2026 - 19:24:59: [SM]   [1] Line 953, d:\Github\Private-Work\L4D2-Êèí‰ª∂\scripting_1.11\l4dmultislots.sp::Timer_SpecCheck
L 03/27/2026 - 19:25:01: [SM] Exception reported: Invalid convar handle 0 (error 4)
L 03/27/2026 - 19:25:01: [SM] Blaming: ÒankrunFixhealth.smx
L 03/27/2026 - 19:25:01: [SM] Call stack trace:
L 03/27/2026 - 19:25:01: [SM]   [0] GetConVarString
L 03/27/2026 - 19:25:01: [SM]   [1] Line 138, C:\Users\Moises\Downloads\Compressed\sourcemod-1.11.0-git6968-windows\addons\sourcemod\scripting\ÒankrunFixhealth.sp::IsTankRunActive
L 03/27/2026 - 19:25:01: [SM]   [2] Line 79, C:\Users\Moises\Downloads\Compressed\sourcemod-1.11.0-git6968-windows\addons\sourcemod\scripting\ÒankrunFixhealth.sp::Event_PlayerDeath
L 03/27/2026 - 19:25:04: [SM] Exception reported: Invalid convar handle 0 (error 4)
L 03/27/2026 - 19:25:04: [SM] Blaming: ÒankrunFixhealth.smx
L 03/27/2026 - 19:25:04: [SM] Call stack trace:
L 03/27/2026 - 19:25:04: [SM]   [0] GetConVarString
L 03/27/2026 - 19:25:04: [SM]   [1] Line 138, C:\Users\Moises\Downloads\Compressed\sourcemod-1.11.0-git6968-windows\addons\sourcemod\scripting\ÒankrunFixhealth.sp::IsTankRunActive
L 03/27/2026 - 19:25:04: [SM]   [2] Line 36, C:\Users\Moises\Downloads\Compressed\sourcemod-1.11.0-git6968-windows\addons\sourcemod\scripting\ÒankrunFixhealth.sp::Timer_PeriodicCheck
L 03/27/2026 - 19:25:04: [SM] Exception reported: Invalid convar handle 0 (error 4)
L 03/27/2026 - 19:25:04: [SM] Blaming: ÒankrunFixhealth.smx
L 03/27/2026 - 19:25:04: [SM] Call stack trace:
L 03/27/2026 - 19:25:04: [SM]   [0] GetConVarString
L 03/27/2026 - 19:25:04: [SM]   [1] Line 138, C:\Users\Moises\Downloads\Compressed\sourcemod-1.11.0-git6968-windows\addons\sourcemod\scripting\ÒankrunFixhealth.sp::IsTankRunActive
L 03/27/2026 - 19:25:04: [SM]   [2] Line 79, C:\Users\Moises\Downloads\Compressed\sourcemod-1.11.0-git6968-windows\addons\sourcemod\scripting\ÒankrunFixhealth.sp::Event_PlayerDeath
L 03/27/2026 - 19:25:11: [SM] Exception reported: Invalid convar handle 0 (error 4)
L 03/27/2026 - 19:25:11: [SM] Blaming: ÒankrunFixhealth.smx
L 03/27/2026 - 19:25:11: [SM] Call stack trace:
L 03/27/2026 - 19:25:11: [SM]   [0] GetConVarString
L 03/27/2026 - 19:25:11: [SM]   [1] Line 138, C:\Users\Moises\Downloads\Compressed\sourcemod-1.11.0-git6968-windows\addons\sourcemod\scripting\ÒankrunFixhealth.sp::IsTankRunActive
L 03/27/2026 - 19:25:11: [SM]   [2] Line 79, C:\Users\Moises\Downloads\Compressed\sourcemod-1.11.0-git6968-windows\addons\sourcemod\scripting\ÒankrunFixhealth.sp::Event_PlayerDeath
L 03/27/2026 - 19:25:14: [SM] Exception reported: Invalid convar handle 0 (error 4)
L 03/27/2026 - 19:25:14: [SM] Blaming: ÒankrunFixhealth.smx
L 03/27/2026 - 19:25:14: [SM] Call stack trace:
L 03/27/2026 - 19:25:14: [SM]   [0] GetConVarString
L 03/27/2026 - 19:25:14: [SM]   [1] Line 138, C:\Users\Moises\Downloads\Compressed\sourcemod-1.11.0-git6968-windows\addons\sourcemod\scripting\ÒankrunFixhealth.sp::IsTankRunActive
L 03/27/2026 - 19:25:14: [SM]   [2] Line 36, C:\Users\Moises\Downloads\Compressed\sourcemod-1.11.0-git6968-windows\addons\sourcemod\scripting\ÒankrunFixhealth.sp::Timer_PeriodicCheck
L 03/27/2026 - 19:25:24: [SM] Exception reported: Invalid convar handle 0 (error 4)
L 03/27/2026 - 19:25:24: [SM] Blaming: ÒankrunFixhealth.smx
L 03/27/2026 - 19:25:24: [SM] Call stack trace:
L 03/27/2026 - 19:25:24: [SM]   [0] GetConVarString
L 03/27/2026 - 19:25:24: [SM]   [1] Line 138, C:\Users\Moises\Downloads\Compressed\sourcemod-1.11.0-git6968-windows\addons\sourcemod\scripting\ÒankrunFixhealth.sp::IsTankRunActive
L 03/27/2026 - 19:25:24: [SM]   [2] Line 36, C:\Users\Moises\Downloads\Compressed\sourcemod-1.11.0-git6968-windows\addons\sourcemod\scripting\ÒankrunFixhealth.sp::Timer_PeriodicCheck
L 03/27/2026 - 19:25:24: [SM] Exception reported: Language phrase "Please wait to be revived or rescued" not found (arg 6)
L 03/27/2026 - 19:25:24: [SM] Blaming: l4dmultislots.smx
L 03/27/2026 - 19:25:24: [SM] Call stack trace:
L 03/27/2026 - 19:25:24: [SM]   [0] PrintToChat
L 03/27/2026 - 19:25:24: [SM]   [1] Line 953, d:\Github\Private-Work\L4D2-Êèí‰ª∂\scripting_1.11\l4dmultislots.sp::Timer_SpecCheck
L 03/27/2026 - 19:25:34: [SM] Exception reported: Invalid convar handle 0 (error 4)
L 03/27/2026 - 19:25:34: [SM] Blaming: ÒankrunFixhealth.smx
L 03/27/2026 - 19:25:34: [SM] Call stack trace:
L 03/27/2026 - 19:25:34: [SM]   [0] GetConVarString
L 03/27/2026 - 19:25:34: [SM]   [1] Line 138, C:\Users\Moises\Downloads\Compressed\sourcemod-1.11.0-git6968-windows\addons\sourcemod\scripting\ÒankrunFixhealth.sp::IsTankRunActive
L 03/27/2026 - 19:25:34: [SM]   [2] Line 36, C:\Users\Moises\Downloads\Compressed\sourcemod-1.11.0-git6968-windows\addons\sourcemod\scripting\ÒankrunFixhealth.sp::Timer_PeriodicCheck
L 03/27/2026 - 19:25:34: [SM] Exception reported: Invalid convar handle 0 (error 4)
L 03/27/2026 - 19:25:34: [SM] Blaming: ÒankrunFixhealth.smx
L 03/27/2026 - 19:25:34: [SM] Call stack trace:
L 03/27/2026 - 19:25:34: [SM]   [0] GetConVarString
L 03/27/2026 - 19:25:34: [SM]   [1] Line 138, C:\Users\Moises\Downloads\Compressed\sourcemod-1.11.0-git6968-windows\addons\sourcemod\scripting\ÒankrunFixhealth.sp::IsTankRunActive
L 03/27/2026 - 19:25:34: [SM]   [2] Line 79, C:\Users\Moises\Downloads\Compressed\sourcemod-1.11.0-git6968-windows\addons\sourcemod\scripting\ÒankrunFixhealth.sp::Event_PlayerDeath
L 03/27/2026 - 19:25:35: [SM] Exception reported: Invalid timer handle d9d005a0 (error 3)
L 03/27/2026 - 19:25:35: [SM] Blaming: l4d2_playerjoining_v2.smx
L 03/27/2026 - 19:25:35: [SM] Call stack trace:
L 03/27/2026 - 19:25:35: [SM]   [0] KillTimer
L 03/27/2026 - 19:25:35: [SM]   [1] Line 53, C:\Users\Moises\Downloads\Compressed\sourcemod-1.11.0-git6968-windows\addons\sourcemod\scripting\l4d2_playerjoining_v2.sp::OnClientDisconnect
L 03/27/2026 - 19:25:42: [SM] Exception reported: Invalid convar handle 0 (error 4)
L 03/27/2026 - 19:25:42: [SM] Blaming: ÒankrunFixhealth.smx
L 03/27/2026 - 19:25:42: [SM] Call stack trace:
L 03/27/2026 - 19:25:42: [SM]   [0] GetConVarString
L 03/27/2026 - 19:25:42: [SM]   [1] Line 138, C:\Users\Moises\Downloads\Compressed\sourcemod-1.11.0-git6968-windows\addons\sourcemod\scripting\ÒankrunFixhealth.sp::IsTankRunActive
L 03/27/2026 - 19:25:42: [SM]   [2] Line 79, C:\Users\Moises\Downloads\Compressed\sourcemod-1.11.0-git6968-windows\addons\sourcemod\scripting\ÒankrunFixhealth.sp::Event_PlayerDeath
L 03/27/2026 - 19:25:44: [SM] Exception reported: Invalid convar handle 0 (error 4)
L 03/27/2026 - 19:25:44: [SM] Blaming: ÒankrunFixhealth.smx
L 03/27/2026 - 19:25:44: [SM] Call stack trace:
L 03/27/2026 - 19:25:44: [SM]   [0] GetConVarString
L 03/27/2026 - 19:25:44: [SM]   [1] Line 138, C:\Users\Moises\Downloads\Compressed\sourcemod-1.11.0-git6968-windows\addons\sourcemod\scripting\ÒankrunFixhealth.sp::IsTankRunActive
L 03/27/2026 - 19:25:44: [SM]   [2] Line 36, C:\Users\Moises\Downloads\Compressed\sourcemod-1.11.0-git6968-windows\addons\sourcemod\scripting\ÒankrunFixhealth.sp::Timer_PeriodicCheck
L 03/27/2026 - 19:25:46: [SM] Exception reported: Invalid convar handle 0 (error 4)
L 03/27/2026 - 19:25:46: [SM] Blaming: ÒankrunFixhealth.smx
L 03/27/2026 - 19:25:46: [SM] Call stack trace:
L 03/27/2026 - 19:25:46: [SM]   [0] GetConVarString
L 03/27/2026 - 19:25:46: [SM]   [1] Line 138, C:\Users\Moises\Downloads\Compressed\sourcemod-1.11.0-git6968-windows\addons\sourcemod\scripting\ÒankrunFixhealth.sp::IsTankRunActive
L 03/27/2026 - 19:25:46: [SM]   [2] Line 79, C:\Users\Moises\Downloads\Compressed\sourcemod-1.11.0-git6968-windows\addons\sourcemod\scripting\ÒankrunFixhealth.sp::Event_PlayerDeath
L 03/27/2026 - 19:25:46: [SM] Exception reported: Invalid convar handle 0 (error 4)
L 03/27/2026 - 19:25:46: [SM] Blaming: ÒankrunFixhealth.smx
L 03/27/2026 - 19:25:46: [SM] Call stack trace:
L 03/27/2026 - 19:25:46: [SM]   [0] GetConVarString
L 03/27/2026 - 19:25:46: [SM]   [1] Line 138, C:\Users\Moises\Downloads\Compressed\sourcemod-1.11.0-git6968-windows\addons\sourcemod\scripting\ÒankrunFixhealth.sp::IsTankRunActive
L 03/27/2026 - 19:25:46: [SM]   [2] Line 79, C:\Users\Moises\Downloads\Compressed\sourcemod-1.11.0-git6968-windows\addons\sourcemod\scripting\ÒankrunFixhealth.sp::Event_PlayerDeath
L 03/27/2026 - 19:25:49: [SM] Exception reported: Language phrase "Please wait to be revived or rescued" not found (arg 6)
L 03/27/2026 - 19:25:49: [SM] Blaming: l4dmultislots.smx
L 03/27/2026 - 19:25:49: [SM] Call stack trace:
L 03/27/2026 - 19:25:49: [SM]   [0] PrintToChat
L 03/27/2026 - 19:25:49: [SM]   [1] Line 953, d:\Github\Private-Work\L4D2-Êèí‰ª∂\scripting_1.11\l4dmultislots.sp::Timer_SpecCheck
L 03/27/2026 - 19:25:54: [SM] Exception reported: Invalid convar handle 0 (error 4)
L 03/27/2026 - 19:25:54: [SM] Blaming: ÒankrunFixhealth.smx
L 03/27/2026 - 19:25:54: [SM] Call stack trace:
L 03/27/2026 - 19:25:54: [SM]   [0] GetConVarString
L 03/27/2026 - 19:25:54: [SM]   [1] Line 138, C:\Users\Moises\Downloads\Compressed\sourcemod-1.11.0-git6968-windows\addons\sourcemod\scripting\ÒankrunFixhealth.sp::IsTankRunActive
L 03/27/2026 - 19:25:54: [SM]   [2] Line 36, C:\Users\Moises\Downloads\Compressed\sourcemod-1.11.0-git6968-windows\addons\sourcemod\scripting\ÒankrunFixhealth.sp::Timer_PeriodicCheck
L 03/27/2026 - 19:25:57: [SM] Exception reported: Invalid convar handle 0 (error 4)
L 03/27/2026 - 19:25:57: [SM] Blaming: ÒankrunFixhealth.smx
L 03/27/2026 - 19:25:57: [SM] Call stack trace:
L 03/27/2026 - 19:25:57: [SM]   [0] GetConVarString
L 03/27/2026 - 19:25:57: [SM]   [1] Line 138, C:\Users\Moises\Downloads\Compressed\sourcemod-1.11.0-git6968-windows\addons\sourcemod\scripting\ÒankrunFixhealth.sp::IsTankRunActive
L 03/27/2026 - 19:25:57: [SM]   [2] Line 79, C:\Users\Moises\Downloads\Compressed\sourcemod-1.11.0-git6968-windows\addons\sourcemod\scripting\ÒankrunFixhealth.sp::Event_PlayerDeath
L 03/27/2026 - 19:25:58: [SM] Exception reported: Invalid convar handle 0 (error 4)
L 03/27/2026 - 19:25:58: [SM] Blaming: ÒankrunFixhealth.smx
L 03/27/2026 - 19:25:58: [SM] Call stack trace:
L 03/27/2026 - 19:25:58: [SM]   [0] GetConVarString
L 03/27/2026 - 19:25:58: [SM]   [1] Line 138, C:\Users\Moises\Downloads\Compressed\sourcemod-1.11.0-git6968-windows\addons\sourcemod\scripting\ÒankrunFixhealth.sp::IsTankRunActive
L 03/27/2026 - 19:25:58: [SM]   [2] Line 79, C:\Users\Moises\Downloads\Compressed\sourcemod-1.11.0-git6968-windows\addons\sourcemod\scripting\ÒankrunFixhealth.sp::Event_PlayerDeath
L 03/27/2026 - 19:26:04: [SM] Exception reported: Invalid convar handle 0 (error 4)
L 03/27/2026 - 19:26:04: [SM] Blaming: ÒankrunFixhealth.smx
L 03/27/2026 - 19:26:04: [SM] Call stack trace:
L 03/27/2026 - 19:26:04: [SM]   [0] GetConVarString
L 03/27/2026 - 19:26:04: [SM]   [1] Line 138, C:\Users\Moises\Downloads\Compressed\sourcemod-1.11.0-git6968-windows\addons\sourcemod\scripting\ÒankrunFixhealth.sp::IsTankRunActive
L 03/27/2026 - 19:26:04: [SM]   [2] Line 36, C:\Users\Moises\Downloads\Compressed\sourcemod-1.11.0-git6968-windows\addons\sourcemod\scripting\ÒankrunFixhealth.sp::Timer_PeriodicCheck
L 03/27/2026 - 19:26:14: [SM] Exception reported: Invalid convar handle 0 (error 4)
L 03/27/2026 - 19:26:14: [SM] Blaming: ÒankrunFixhealth.smx
L 03/27/2026 - 19:26:14: [SM] Call stack trace:
L 03/27/2026 - 19:26:14: [SM]   [0] GetConVarString
L 03/27/2026 - 19:26:14: [SM]   [1] Line 138, C:\Users\Moises\Downloads\Compressed\sourcemod-1.11.0-git6968-windows\addons\sourcemod\scripting\ÒankrunFixhealth.sp::IsTankRunActive
L 03/27/2026 - 19:26:14: [SM]   [2] Line 36, C:\Users\Moises\Downloads\Compressed\sourcemod-1.11.0-git6968-windows\addons\sourcemod\scripting\ÒankrunFixhealth.sp::Timer_PeriodicCheck
L 03/27/2026 - 19:26:14: [SM] Exception reported: Language phrase "Please wait to be revived or rescued" not found (arg 6)
L 03/27/2026 - 19:26:14: [SM] Blaming: l4dmultislots.smx
L 03/27/2026 - 19:26:14: [SM] Call stack trace:
L 03/27/2026 - 19:26:14: [SM]   [0] PrintToChat
L 03/27/2026 - 19:26:14: [SM]   [1] Line 953, d:\Github\Private-Work\L4D2-Êèí‰ª∂\scripting_1.11\l4dmultislots.sp::Timer_SpecCheck
L 03/27/2026 - 19:26:24: [SM] Exception reported: Invalid convar handle 0 (error 4)
L 03/27/2026 - 19:26:24: [SM] Blaming: ÒankrunFixhealth.smx
L 03/27/2026 - 19:26:24: [SM] Call stack trace:
L 03/27/2026 - 19:26:24: [SM]   [0] GetConVarString
L 03/27/2026 - 19:26:24: [SM]   [1] Line 138, C:\Users\Moises\Downloads\Compressed\sourcemod-1.11.0-git6968-windows\addons\sourcemod\scripting\ÒankrunFixhealth.sp::IsTankRunActive
L 03/27/2026 - 19:26:24: [SM]   [2] Line 36, C:\Users\Moises\Downloads\Compressed\sourcemod-1.11.0-git6968-windows\addons\sourcemod\scripting\ÒankrunFixhealth.sp::Timer_PeriodicCheck
L 03/27/2026 - 19:26:25: [SM] Exception reported: Invalid convar handle 0 (error 4)
L 03/27/2026 - 19:26:25: [SM] Blaming: ÒankrunFixhealth.smx
L 03/27/2026 - 19:26:25: [SM] Call stack trace:
L 03/27/2026 - 19:26:25: [SM]   [0] GetConVarString
L 03/27/2026 - 19:26:25: [SM]   [1] Line 138, C:\Users\Moises\Downloads\Compressed\sourcemod-1.11.0-git6968-windows\addons\sourcemod\scripting\ÒankrunFixhealth.sp::IsTankRunActive
L 03/27/2026 - 19:26:25: [SM]   [2] Line 79, C:\Users\Moises\Downloads\Compressed\sourcemod-1.11.0-git6968-windows\addons\sourcemod\scripting\ÒankrunFixhealth.sp::Event_PlayerDeath
L 03/27/2026 - 19:26:30: [SM] Exception reported: Invalid convar handle 0 (error 4)
L 03/27/2026 - 19:26:30: [SM] Blaming: ÒankrunFixhealth.smx
L 03/27/2026 - 19:26:30: [SM] Call stack trace:
L 03/27/2026 - 19:26:30: [SM]   [0] GetConVarString
L 03/27/2026 - 19:26:30: [SM]   [1] Line 138, C:\Users\Moises\Downloads\Compressed\sourcemod-1.11.0-git6968-windows\addons\sourcemod\scripting\ÒankrunFixhealth.sp::IsTankRunActive
L 03/27/2026 - 19:26:30: [SM]   [2] Line 79, C:\Users\Moises\Downloads\Compressed\sourcemod-1.11.0-git6968-windows\addons\sourcemod\scripting\ÒankrunFixhealth.sp::Event_PlayerDeath
L 03/27/2026 - 19:26:34: [SM] Exception reported: Invalid convar handle 0 (error 4)
L 03/27/2026 - 19:26:34: [SM] Blaming: ÒankrunFixhealth.smx
L 03/27/2026 - 19:26:34: [SM] Call stack trace:
L 03/27/2026 - 19:26:34: [SM]   [0] GetConVarString
L 03/27/2026 - 19:26:34: [SM]   [1] Line 138, C:\Users\Moises\Downloads\Compressed\sourcemod-1.11.0-git6968-windows\addons\sourcemod\scripting\ÒankrunFixhealth.sp::IsTankRunActive
L 03/27/2026 - 19:26:34: [SM]   [2] Line 36, C:\Users\Moises\Downloads\Compressed\sourcemod-1.11.0-git6968-windows\addons\sourcemod\scripting\ÒankrunFixhealth.sp::Timer_PeriodicCheck
L 03/27/2026 - 19:26:39: [SM] Exception reported: Language phrase "Please wait to be revived or rescued" not found (arg 6)
L 03/27/2026 - 19:26:39: [SM] Blaming: l4dmultislots.smx
L 03/27/2026 - 19:26:39: [SM] Call stack trace:
L 03/27/2026 - 19:26:39: [SM]   [0] PrintToChat
L 03/27/2026 - 19:26:39: [SM]   [1] Line 953, d:\Github\Private-Work\L4D2-Êèí‰ª∂\scripting_1.11\l4dmultislots.sp::Timer_SpecCheck
L 03/27/2026 - 19:26:44: [SM] Exception reported: Invalid convar handle 0 (error 4)
L 03/27/2026 - 19:26:44: [SM] Blaming: ÒankrunFixhealth.smx
L 03/27/2026 - 19:26:44: [SM] Call stack trace:
L 03/27/2026 - 19:26:44: [SM]   [0] GetConVarString
L 03/27/2026 - 19:26:44: [SM]   [1] Line 138, C:\Users\Moises\Downloads\Compressed\sourcemod-1.11.0-git6968-windows\addons\sourcemod\scripting\ÒankrunFixhealth.sp::IsTankRunActive
L 03/27/2026 - 19:26:44: [SM]   [2] Line 36, C:\Users\Moises\Downloads\Compressed\sourcemod-1.11.0-git6968-windows\addons\sourcemod\scripting\ÒankrunFixhealth.sp::Timer_PeriodicCheck
L 03/27/2026 - 19:26:54: [SM] Exception reported: Invalid convar handle 0 (error 4)
L 03/27/2026 - 19:26:54: [SM] Blaming: ÒankrunFixhealth.smx
L 03/27/2026 - 19:26:54: [SM] Call stack trace:
L 03/27/2026 - 19:26:54: [SM]   [0] GetConVarString
L 03/27/2026 - 19:26:54: [SM]   [1] Line 138, C:\Users\Moises\Downloads\Compressed\sourcemod-1.11.0-git6968-windows\addons\sourcemod\scripting\ÒankrunFixhealth.sp::IsTankRunActive
L 03/27/2026 - 19:26:54: [SM]   [2] Line 36, C:\Users\Moises\Downloads\Compressed\sourcemod-1.11.0-git6968-windows\addons\sourcemod\scripting\ÒankrunFixhealth.sp::Timer_PeriodicCheck
L 03/27/2026 - 19:26:59: [SM] Exception reported: Invalid convar handle 0 (error 4)
L 03/27/2026 - 19:26:59: [SM] Blaming: ÒankrunFixhealth.smx
L 03/27/2026 - 19:26:59: [SM] Call stack trace:
L 03/27/2026 - 19:26:59: [SM]   [0] GetConVarString
L 03/27/2026 - 19:26:59: [SM]   [1] Line 138, C:\Users\Moises\Downloads\Compressed\sourcemod-1.11.0-git6968-windows\addons\sourcemod\scripting\ÒankrunFixhealth.sp::IsTankRunActive
L 03/27/2026 - 19:26:59: [SM]   [2] Line 79, C:\Users\Moises\Downloads\Compressed\sourcemod-1.11.0-git6968-windows\addons\sourcemod\scripting\ÒankrunFixhealth.sp::Event_PlayerDeath
L 03/27/2026 - 19:27:04: [SM] Exception reported: Invalid convar handle 0 (error 4)
L 03/27/2026 - 19:27:04: [SM] Blaming: ÒankrunFixhealth.smx
L 03/27/2026 - 19:27:04: [SM] Call stack trace:
L 03/27/2026 - 19:27:04: [SM]   [0] GetConVarString
L 03/27/2026 - 19:27:04: [SM]   [1] Line 138, C:\Users\Moises\Downloads\Compressed\sourcemod-1.11.0-git6968-windows\addons\sourcemod\scripting\ÒankrunFixhealth.sp::IsTankRunActive
L 03/27/2026 - 19:27:04: [SM]   [2] Line 36, C:\Users\Moises\Downloads\Compressed\sourcemod-1.11.0-git6968-windows\addons\sourcemod\scripting\ÒankrunFixhealth.sp::Timer_PeriodicCheck
L 03/27/2026 - 19:27:04: [SM] Exception reported: Language phrase "Please wait to be revived or rescued" not found (arg 6)
L 03/27/2026 - 19:27:04: [SM] Blaming: l4dmultislots.smx
L 03/27/2026 - 19:27:04: [SM] Call stack trace:
L 03/27/2026 - 19:27:04: [SM]   [0] PrintToChat
L 03/27/2026 - 19:27:04: [SM]   [1] Line 953, d:\Github\Private-Work\L4D2-Êèí‰ª∂\scripting_1.11\l4dmultislots.sp::Timer_SpecCheck
L 03/27/2026 - 19:27:07: [SM] Exception reported: Invalid convar handle 0 (error 4)
L 03/27/2026 - 19:27:07: [SM] Blaming: ÒankrunFixhealth.smx
L 03/27/2026 - 19:27:07: [SM] Call stack trace:
L 03/27/2026 - 19:27:07: [SM]   [0] GetConVarString
L 03/27/2026 - 19:27:07: [SM]   [1] Line 138, C:\Users\Moises\Downloads\Compressed\sourcemod-1.11.0-git6968-windows\addons\sourcemod\scripting\ÒankrunFixhealth.sp::IsTankRunActive
L 03/27/2026 - 19:27:07: [SM]   [2] Line 79, C:\Users\Moises\Downloads\Compressed\sourcemod-1.11.0-git6968-windows\addons\sourcemod\scripting\ÒankrunFixhealth.sp::Event_PlayerDeath
L 03/27/2026 - 19:27:14: [SM] Exception reported: Invalid convar handle 0 (error 4)
L 03/27/2026 - 19:27:14: [SM] Blaming: ÒankrunFixhealth.smx
L 03/27/2026 - 19:27:14: [SM] Call stack trace:
L 03/27/2026 - 19:27:14: [SM]   [0] GetConVarString
L 03/27/2026 - 19:27:14: [SM]   [1] Line 138, C:\Users\Moises\Downloads\Compressed\sourcemod-1.11.0-git6968-windows\addons\sourcemod\scripting\ÒankrunFixhealth.sp::IsTankRunActive
L 03/27/2026 - 19:27:14: [SM]   [2] Line 36, C:\Users\Moises\Downloads\Compressed\sourcemod-1.11.0-git6968-windows\addons\sourcemod\scripting\ÒankrunFixhealth.sp::Timer_PeriodicCheck
L 03/27/2026 - 19:27:24: [SM] Exception reported: Invalid convar handle 0 (error 4)
L 03/27/2026 - 19:27:24: [SM] Blaming: ÒankrunFixhealth.smx
L 03/27/2026 - 19:27:24: [SM] Call stack trace:
L 03/27/2026 - 19:27:24: [SM]   [0] GetConVarString
L 03/27/2026 - 19:27:24: [SM]   [1] Line 138, C:\Users\Moises\Downloads\Compressed\sourcemod-1.11.0-git6968-windows\addons\sourcemod\scripting\ÒankrunFixhealth.sp::IsTankRunActive
L 03/27/2026 - 19:27:24: [SM]   [2] Line 36, C:\Users\Moises\Downloads\Compressed\sourcemod-1.11.0-git6968-windows\addons\sourcemod\scripting\ÒankrunFixhealth.sp::Timer_PeriodicCheck
L 03/27/2026 - 19:27:25: [SM] Exception reported: Invalid convar handle 0 (error 4)
L 03/27/2026 - 19:27:25: [SM] Blaming: ÒankrunFixhealth.smx
L 03/27/2026 - 19:27:25: [SM] Call stack trace:
L 03/27/2026 - 19:27:25: [SM]   [0] GetConVarString
L 03/27/2026 - 19:27:25: [SM]   [1] Line 138, C:\Users\Moises\Downloads\Compressed\sourcemod-1.11.0-git6968-windows\addons\sourcemod\scripting\ÒankrunFixhealth.sp::IsTankRunActive
L 03/27/2026 - 19:27:25: [SM]   [2] Line 79, C:\Users\Moises\Downloads\Compressed\sourcemod-1.11.0-git6968-windows\addons\sourcemod\scripting\ÒankrunFixhealth.sp::Event_PlayerDeath
L 03/27/2026 - 19:27:29: [SM] Exception reported: Language phrase "Please wait to be revived or rescued" not found (arg 6)
L 03/27/2026 - 19:27:29: [SM] Blaming: l4dmultislots.smx
L 03/27/2026 - 19:27:29: [SM] Call stack trace:
L 03/27/2026 - 19:27:29: [SM]   [0] PrintToChat
L 03/27/2026 - 19:27:29: [SM]   [1] Line 953, d:\Github\Private-Work\L4D2-Êèí‰ª∂\scripting_1.11\l4dmultislots.sp::Timer_SpecCheck
L 03/27/2026 - 19:27:34: [SM] Exception reported: Invalid convar handle 0 (error 4)
L 03/27/2026 - 19:27:34: [SM] Blaming: ÒankrunFixhealth.smx
L 03/27/2026 - 19:27:34: [SM] Call stack trace:
L 03/27/2026 - 19:27:34: [SM]   [0] GetConVarString
L 03/27/2026 - 19:27:34: [SM]   [1] Line 138, C:\Users\Moises\Downloads\Compressed\sourcemod-1.11.0-git6968-windows\addons\sourcemod\scripting\ÒankrunFixhealth.sp::IsTankRunActive
L 03/27/2026 - 19:27:34: [SM]   [2] Line 36, C:\Users\Moises\Downloads\Compressed\sourcemod-1.11.0-git6968-windows\addons\sourcemod\scripting\ÒankrunFixhealth.sp::Timer_PeriodicCheck
L 03/27/2026 - 19:27:34: [SM] Exception reported: Invalid Handle 0 (error 4)
L 03/27/2026 - 19:27:34: [SM] Blaming: l4dafkfix.smx
L 03/27/2026 - 19:27:34: [SM] Call stack trace:
L 03/27/2026 - 19:27:34: [SM]   [0] SDKCall
L 03/27/2026 - 19:27:34: [SM]   [1] Line 235, /home/forums/content/files/4/8/2/4/5/73422.attach::TakeOverBot
L 03/27/2026 - 19:27:34: [SM]   [2] Line 148, /home/forums/content/files/4/8/2/4/5/73422.attach::Event_PlayerDeath
L 03/27/2026 - 19:27:34: [SM] Exception reported: Invalid convar handle 0 (error 4)
L 03/27/2026 - 19:27:34: [SM] Blaming: ÒankrunFixhealth.smx
L 03/27/2026 - 19:27:34: [SM] Call stack trace:
L 03/27/2026 - 19:27:34: [SM]   [0] GetConVarString
L 03/27/2026 - 19:27:34: [SM]   [1] Line 138, C:\Users\Moises\Downloads\Compressed\sourcemod-1.11.0-git6968-windows\addons\sourcemod\scripting\ÒankrunFixhealth.sp::IsTankRunActive
L 03/27/2026 - 19:27:34: [SM]   [2] Line 79, C:\Users\Moises\Downloads\Compressed\sourcemod-1.11.0-git6968-windows\addons\sourcemod\scripting\ÒankrunFixhealth.sp::Event_PlayerDeath
L 03/27/2026 - 19:27:44: [SM] Exception reported: Invalid convar handle 0 (error 4)
L 03/27/2026 - 19:27:44: [SM] Blaming: ÒankrunFixhealth.smx
L 03/27/2026 - 19:27:44: [SM] Call stack trace:
L 03/27/2026 - 19:27:44: [SM]   [0] GetConVarString
L 03/27/2026 - 19:27:44: [SM]   [1] Line 138, C:\Users\Moises\Downloads\Compressed\sourcemod-1.11.0-git6968-windows\addons\sourcemod\scripting\ÒankrunFixhealth.sp::IsTankRunActive
L 03/27/2026 - 19:27:44: [SM]   [2] Line 36, C:\Users\Moises\Downloads\Compressed\sourcemod-1.11.0-git6968-windows\addons\sourcemod\scripting\ÒankrunFixhealth.sp::Timer_PeriodicCheck
L 03/27/2026 - 19:27:46: [SM] Exception reported: Invalid Handle 0 (error 4)
L 03/27/2026 - 19:27:46: [SM] Blaming: l4dafkfix.smx
L 03/27/2026 - 19:27:46: [SM] Call stack trace:
L 03/27/2026 - 19:27:46: [SM]   [0] SDKCall
L 03/27/2026 - 19:27:46: [SM]   [1] Line 235, /home/forums/content/files/4/8/2/4/5/73422.attach::TakeOverBot
L 03/27/2026 - 19:27:46: [SM]   [2] Line 148, /home/forums/content/files/4/8/2/4/5/73422.attach::Event_PlayerDeath
L 03/27/2026 - 19:27:46: [SM] Exception reported: Invalid convar handle 0 (error 4)
L 03/27/2026 - 19:27:46: [SM] Blaming: ÒankrunFixhealth.smx
L 03/27/2026 - 19:27:46: [SM] Call stack trace:
L 03/27/2026 - 19:27:46: [SM]   [0] GetConVarString
L 03/27/2026 - 19:27:46: [SM]   [1] Line 138, C:\Users\Moises\Downloads\Compressed\sourcemod-1.11.0-git6968-windows\addons\sourcemod\scripting\ÒankrunFixhealth.sp::IsTankRunActive
L 03/27/2026 - 19:27:46: [SM]   [2] Line 79, C:\Users\Moises\Downloads\Compressed\sourcemod-1.11.0-git6968-windows\addons\sourcemod\scripting\ÒankrunFixhealth.sp::Event_PlayerDeath
L 03/27/2026 - 19:27:46: [SM] Exception reported: Invalid Handle 0 (error 4)
L 03/27/2026 - 19:27:46: [SM] Blaming: l4dafkfix.smx
L 03/27/2026 - 19:27:46: [SM] Call stack trace:
L 03/27/2026 - 19:27:46: [SM]   [0] SDKCall
L 03/27/2026 - 19:27:46: [SM]   [1] Line 194, /home/forums/content/files/4/8/2/4/5/73422.attach::SetHumanIdle
L 03/27/2026 - 19:27:46: [SM]   [2] Line 172, /home/forums/content/files/4/8/2/4/5/73422.attach::Timer_ActivateFix
L 03/27/2026 - 19:27:47: [SM] Exception reported: Invalid convar handle 0 (error 4)
L 03/27/2026 - 19:27:47: [SM] Blaming: ÒankrunFixhealth.smx
L 03/27/2026 - 19:27:47: [SM] Call stack trace:
L 03/27/2026 - 19:27:47: [SM]   [0] GetConVarString
L 03/27/2026 - 19:27:47: [SM]   [1] Line 138, C:\Users\Moises\Downloads\Compressed\sourcemod-1.11.0-git6968-windows\addons\sourcemod\scripting\ÒankrunFixhealth.sp::IsTankRunActive
L 03/27/2026 - 19:27:47: [SM]   [2] Line 79, C:\Users\Moises\Downloads\Compressed\sourcemod-1.11.0-git6968-windows\addons\sourcemod\scripting\ÒankrunFixhealth.sp::Event_PlayerDeath
L 03/27/2026 - 19:27:50: [SM] Exception reported: Invalid convar handle 0 (error 4)
L 03/27/2026 - 19:27:50: [SM] Blaming: ÒankrunFixhealth.smx
L 03/27/2026 - 19:27:50: [SM] Call stack trace:
L 03/27/2026 - 19:27:50: [SM]   [0] GetConVarString
L 03/27/2026 - 19:27:50: [SM]   [1] Line 138, C:\Users\Moises\Downloads\Compressed\sourcemod-1.11.0-git6968-windows\addons\sourcemod\scripting\ÒankrunFixhealth.sp::IsTankRunActive
L 03/27/2026 - 19:27:50: [SM]   [2] Line 79, C:\Users\Moises\Downloads\Compressed\sourcemod-1.11.0-git6968-windows\addons\sourcemod\scripting\ÒankrunFixhealth.sp::Event_PlayerDeath
L 03/27/2026 - 19:27:54: [SM] Exception reported: Invalid convar handle 0 (error 4)
L 03/27/2026 - 19:27:54: [SM] Blaming: ÒankrunFixhealth.smx
L 03/27/2026 - 19:27:54: [SM] Call stack trace:
L 03/27/2026 - 19:27:54: [SM]   [0] GetConVarString
L 03/27/2026 - 19:27:54: [SM]   [1] Line 138, C:\Users\Moises\Downloads\Compressed\sourcemod-1.11.0-git6968-windows\addons\sourcemod\scripting\ÒankrunFixhealth.sp::IsTankRunActive
L 03/27/2026 - 19:27:54: [SM]   [2] Line 36, C:\Users\Moises\Downloads\Compressed\sourcemod-1.11.0-git6968-windows\addons\sourcemod\scripting\ÒankrunFixhealth.sp::Timer_PeriodicCheck
L 03/27/2026 - 19:27:54: [SM] Exception reported: Language phrase "Please wait to be revived or rescued" not found (arg 6)
L 03/27/2026 - 19:27:54: [SM] Blaming: l4dmultislots.smx
L 03/27/2026 - 19:27:54: [SM] Call stack trace:
L 03/27/2026 - 19:27:54: [SM]   [0] PrintToChat
L 03/27/2026 - 19:27:54: [SM]   [1] Line 953, d:\Github\Private-Work\L4D2-Êèí‰ª∂\scripting_1.11\l4dmultislots.sp::Timer_SpecCheck
L 03/27/2026 - 19:28:03: [SM] Exception reported: Property "m_vecAngularVelocity" not found (entity 173/weapon_smg)
L 03/27/2026 - 19:28:03: [SM] Blaming: l4d2_tank_core v4_5.smx
L 03/27/2026 - 19:28:03: [SM] Call stack trace:
L 03/27/2026 - 19:28:03: [SM]   [0] SetEntPropVector
L 03/27/2026 - 19:28:03: [SM]   [1] Line 650, D:\SteamLibrary\steamapps\common\Left 4 Dead 2\left4dead2\addons\sourcemod\scripting\l4d2_tank_core v4_5.sp::DropItemsPhysically
L 03/27/2026 - 19:28:03: [SM]   [2] Line 549, D:\SteamLibrary\steamapps\common\Left 4 Dead 2\left4dead2\addons\sourcemod\scripting\l4d2_tank_core v4_5.sp::Event_PlayerHurt
L 03/27/2026 - 19:28:04: [SM] Exception reported: Invalid convar handle 0 (error 4)
L 03/27/2026 - 19:28:04: [SM] Blaming: ÒankrunFixhealth.smx
L 03/27/2026 - 19:28:04: [SM] Call stack trace:
L 03/27/2026 - 19:28:04: [SM]   [0] GetConVarString
L 03/27/2026 - 19:28:04: [SM]   [1] Line 138, C:\Users\Moises\Downloads\Compressed\sourcemod-1.11.0-git6968-windows\addons\sourcemod\scripting\ÒankrunFixhealth.sp::IsTankRunActive
L 03/27/2026 - 19:28:04: [SM]   [2] Line 36, C:\Users\Moises\Downloads\Compressed\sourcemod-1.11.0-git6968-windows\addons\sourcemod\scripting\ÒankrunFixhealth.sp::Timer_PeriodicCheck
L 03/27/2026 - 19:28:09: [SM] Exception reported: Invalid Handle 0 (error 4)
L 03/27/2026 - 19:28:09: [SM] Blaming: l4dafkfix.smx
L 03/27/2026 - 19:28:09: [SM] Call stack trace:
L 03/27/2026 - 19:28:09: [SM]   [0] SDKCall
L 03/27/2026 - 19:28:09: [SM]   [1] Line 235, /home/forums/content/files/4/8/2/4/5/73422.attach::TakeOverBot
L 03/27/2026 - 19:28:09: [SM]   [2] Line 148, /home/forums/content/files/4/8/2/4/5/73422.attach::Event_PlayerDeath
L 03/27/2026 - 19:28:09: [SM] Exception reported: Invalid convar handle 0 (error 4)
L 03/27/2026 - 19:28:09: [SM] Blaming: ÒankrunFixhealth.smx
L 03/27/2026 - 19:28:09: [SM] Call stack trace:
L 03/27/2026 - 19:28:09: [SM]   [0] GetConVarString
L 03/27/2026 - 19:28:09: [SM]   [1] Line 138, C:\Users\Moises\Downloads\Compressed\sourcemod-1.11.0-git6968-windows\addons\sourcemod\scripting\ÒankrunFixhealth.sp::IsTankRunActive
L 03/27/2026 - 19:28:09: [SM]   [2] Line 79, C:\Users\Moises\Downloads\Compressed\sourcemod-1.11.0-git6968-windows\addons\sourcemod\scripting\ÒankrunFixhealth.sp::Event_PlayerDeath
L 03/27/2026 - 19:28:14: [SM] Exception reported: Invalid convar handle 0 (error 4)
L 03/27/2026 - 19:28:14: [SM] Blaming: ÒankrunFixhealth.smx
L 03/27/2026 - 19:28:14: [SM] Call stack trace:
L 03/27/2026 - 19:28:14: [SM]   [0] GetConVarString
L 03/27/2026 - 19:28:14: [SM]   [1] Line 138, C:\Users\Moises\Downloads\Compressed\sourcemod-1.11.0-git6968-windows\addons\sourcemod\scripting\ÒankrunFixhealth.sp::IsTankRunActive
L 03/27/2026 - 19:28:14: [SM]   [2] Line 36, C:\Users\Moises\Downloads\Compressed\sourcemod-1.11.0-git6968-windows\addons\sourcemod\scripting\ÒankrunFixhealth.sp::Timer_PeriodicCheck
L 03/27/2026 - 19:28:15: [SM] Exception reported: Invalid convar handle 0 (error 4)
L 03/27/2026 - 19:28:15: [SM] Blaming: ÒankrunFixhealth.smx
L 03/27/2026 - 19:28:15: [SM] Call stack trace:
L 03/27/2026 - 19:28:15: [SM]   [0] GetConVarString
L 03/27/2026 - 19:28:15: [SM]   [1] Line 138, C:\Users\Moises\Downloads\Compressed\sourcemod-1.11.0-git6968-windows\addons\sourcemod\scripting\ÒankrunFixhealth.sp::IsTankRunActive
L 03/27/2026 - 19:28:15: [SM]   [2] Line 79, C:\Users\Moises\Downloads\Compressed\sourcemod-1.11.0-git6968-windows\addons\sourcemod\scripting\ÒankrunFixhealth.sp::Event_PlayerDeath
L 03/27/2026 - 19:28:16: [SM] Exception reported: Invalid convar handle 0 (error 4)
L 03/27/2026 - 19:28:16: [SM] Blaming: ÒankrunFixhealth.smx
L 03/27/2026 - 19:28:16: [SM] Call stack trace:
L 03/27/2026 - 19:28:16: [SM]   [0] GetConVarString
L 03/27/2026 - 19:28:16: [SM]   [1] Line 138, C:\Users\Moises\Downloads\Compressed\sourcemod-1.11.0-git6968-windows\addons\sourcemod\scripting\ÒankrunFixhealth.sp::IsTankRunActive
L 03/27/2026 - 19:28:16: [SM]   [2] Line 79, C:\Users\Moises\Downloads\Compressed\sourcemod-1.11.0-git6968-windows\addons\sourcemod\scripting\ÒankrunFixhealth.sp::Event_PlayerDeath
L 03/27/2026 - 19:28:19: [SM] Exception reported: Language phrase "Please wait to be revived or rescued" not found (arg 6)
L 03/27/2026 - 19:28:19: [SM] Blaming: l4dmultislots.smx
L 03/27/2026 - 19:28:19: [SM] Call stack trace:
L 03/27/2026 - 19:28:19: [SM]   [0] PrintToChat
L 03/27/2026 - 19:28:19: [SM]   [1] Line 953, d:\Github\Private-Work\L4D2-Êèí‰ª∂\scripting_1.11\l4dmultislots.sp::Timer_SpecCheck
L 03/27/2026 - 19:28:22: [SM] Exception reported: Invalid convar handle 0 (error 4)
L 03/27/2026 - 19:28:22: [SM] Blaming: ÒankrunFixhealth.smx
L 03/27/2026 - 19:28:22: [SM] Call stack trace:
L 03/27/2026 - 19:28:22: [SM]   [0] GetConVarString
L 03/27/2026 - 19:28:22: [SM]   [1] Line 138, C:\Users\Moises\Downloads\Compressed\sourcemod-1.11.0-git6968-windows\addons\sourcemod\scripting\ÒankrunFixhealth.sp::IsTankRunActive
L 03/27/2026 - 19:28:22: [SM]   [2] Line 79, C:\Users\Moises\Downloads\Compressed\sourcemod-1.11.0-git6968-windows\addons\sourcemod\scripting\ÒankrunFixhealth.sp::Event_PlayerDeath
L 03/27/2026 - 19:28:24: [SM] Exception reported: Invalid convar handle 0 (error 4)
L 03/27/2026 - 19:28:24: [SM] Blaming: ÒankrunFixhealth.smx
L 03/27/2026 - 19:28:24: [SM] Call stack trace:
L 03/27/2026 - 19:28:24: [SM]   [0] GetConVarString
L 03/27/2026 - 19:28:24: [SM]   [1] Line 138, C:\Users\Moises\Downloads\Compressed\sourcemod-1.11.0-git6968-windows\addons\sourcemod\scripting\ÒankrunFixhealth.sp::IsTankRunActive
L 03/27/2026 - 19:28:24: [SM]   [2] Line 36, C:\Users\Moises\Downloads\Compressed\sourcemod-1.11.0-git6968-windows\addons\sourcemod\scripting\ÒankrunFixhealth.sp::Timer_PeriodicCheck
L 03/27/2026 - 19:28:27: [SM] Exception reported: Invalid convar handle 0 (error 4)
L 03/27/2026 - 19:28:27: [SM] Blaming: ÒankrunFixhealth.smx
L 03/27/2026 - 19:28:27: [SM] Call stack trace:
L 03/27/2026 - 19:28:27: [SM]   [0] GetConVarString
L 03/27/2026 - 19:28:27: [SM]   [1] Line 138, C:\Users\Moises\Downloads\Compressed\sourcemod-1.11.0-git6968-windows\addons\sourcemod\scripting\ÒankrunFixhealth.sp::IsTankRunActive
L 03/27/2026 - 19:28:27: [SM]   [2] Line 79, C:\Users\Moises\Downloads\Compressed\sourcemod-1.11.0-git6968-windows\addons\sourcemod\scripting\ÒankrunFixhealth.sp::Event_PlayerDeath
L 03/27/2026 - 19:28:34: [SM] Exception reported: Invalid convar handle 0 (error 4)
L 03/27/2026 - 19:28:34: [SM] Blaming: ÒankrunFixhealth.smx
L 03/27/2026 - 19:28:34: [SM] Call stack trace:
L 03/27/2026 - 19:28:34: [SM]   [0] GetConVarString
L 03/27/2026 - 19:28:34: [SM]   [1] Line 138, C:\Users\Moises\Downloads\Compressed\sourcemod-1.11.0-git6968-windows\addons\sourcemod\scripting\ÒankrunFixhealth.sp::IsTankRunActive
L 03/27/2026 - 19:28:34: [SM]   [2] Line 36, C:\Users\Moises\Downloads\Compressed\sourcemod-1.11.0-git6968-windows\addons\sourcemod\scripting\ÒankrunFixhealth.sp::Timer_PeriodicCheck
L 03/27/2026 - 19:28:39: [SM] Exception reported: Invalid convar handle 0 (error 4)
L 03/27/2026 - 19:28:39: [SM] Blaming: ÒankrunFixhealth.smx
L 03/27/2026 - 19:28:39: [SM] Call stack trace:
L 03/27/2026 - 19:28:39: [SM]   [0] GetConVarString
L 03/27/2026 - 19:28:39: [SM]   [1] Line 138, C:\Users\Moises\Downloads\Compressed\sourcemod-1.11.0-git6968-windows\addons\sourcemod\scripting\ÒankrunFixhealth.sp::IsTankRunActive
L 03/27/2026 - 19:28:39: [SM]   [2] Line 79, C:\Users\Moises\Downloads\Compressed\sourcemod-1.11.0-git6968-windows\addons\sourcemod\scripting\ÒankrunFixhealth.sp::Event_PlayerDeath
L 03/27/2026 - 19:28:44: [SM] Exception reported: Invalid convar handle 0 (error 4)
L 03/27/2026 - 19:28:44: [SM] Blaming: ÒankrunFixhealth.smx
L 03/27/2026 - 19:28:44: [SM] Call stack trace:
L 03/27/2026 - 19:28:44: [SM]   [0] GetConVarString
L 03/27/2026 - 19:28:44: [SM]   [1] Line 138, C:\Users\Moises\Downloads\Compressed\sourcemod-1.11.0-git6968-windows\addons\sourcemod\scripting\ÒankrunFixhealth.sp::IsTankRunActive
L 03/27/2026 - 19:28:44: [SM]   [2] Line 36, C:\Users\Moises\Downloads\Compressed\sourcemod-1.11.0-git6968-windows\addons\sourcemod\scripting\ÒankrunFixhealth.sp::Timer_PeriodicCheck
L 03/27/2026 - 19:28:44: [SM] Exception reported: Language phrase "Please wait to be revived or rescued" not found (arg 6)
L 03/27/2026 - 19:28:44: [SM] Blaming: l4dmultislots.smx
L 03/27/2026 - 19:28:44: [SM] Call stack trace:
L 03/27/2026 - 19:28:44: [SM]   [0] PrintToChat
L 03/27/2026 - 19:28:44: [SM]   [1] Line 953, d:\Github\Private-Work\L4D2-Êèí‰ª∂\scripting_1.11\l4dmultislots.sp::Timer_SpecCheck
L 03/27/2026 - 19:28:54: [SM] Exception reported: Invalid convar handle 0 (error 4)
L 03/27/2026 - 19:28:54: [SM] Blaming: ÒankrunFixhealth.smx
L 03/27/2026 - 19:28:54: [SM] Call stack trace:
L 03/27/2026 - 19:28:54: [SM]   [0] GetConVarString
L 03/27/2026 - 19:28:54: [SM]   [1] Line 138, C:\Users\Moises\Downloads\Compressed\sourcemod-1.11.0-git6968-windows\addons\sourcemod\scripting\ÒankrunFixhealth.sp::IsTankRunActive
L 03/27/2026 - 19:28:54: [SM]   [2] Line 36, C:\Users\Moises\Downloads\Compressed\sourcemod-1.11.0-git6968-windows\addons\sourcemod\scripting\ÒankrunFixhealth.sp::Timer_PeriodicCheck
L 03/27/2026 - 19:29:01: [SM] Exception reported: Invalid convar handle 0 (error 4)
L 03/27/2026 - 19:29:01: [SM] Blaming: ÒankrunFixhealth.smx
L 03/27/2026 - 19:29:01: [SM] Call stack trace:
L 03/27/2026 - 19:29:01: [SM]   [0] GetConVarString
L 03/27/2026 - 19:29:01: [SM]   [1] Line 138, C:\Users\Moises\Downloads\Compressed\sourcemod-1.11.0-git6968-windows\addons\sourcemod\scripting\ÒankrunFixhealth.sp::IsTankRunActive
L 03/27/2026 - 19:29:01: [SM]   [2] Line 79, C:\Users\Moises\Downloads\Compressed\sourcemod-1.11.0-git6968-windows\addons\sourcemod\scripting\ÒankrunFixhealth.sp::Event_PlayerDeath
L 03/27/2026 - 19:29:04: [SM] Exception reported: Invalid convar handle 0 (error 4)
L 03/27/2026 - 19:29:04: [SM] Blaming: ÒankrunFixhealth.smx
L 03/27/2026 - 19:29:04: [SM] Call stack trace:
L 03/27/2026 - 19:29:04: [SM]   [0] GetConVarString
L 03/27/2026 - 19:29:04: [SM]   [1] Line 138, C:\Users\Moises\Downloads\Compressed\sourcemod-1.11.0-git6968-windows\addons\sourcemod\scripting\ÒankrunFixhealth.sp::IsTankRunActive
L 03/27/2026 - 19:29:04: [SM]   [2] Line 36, C:\Users\Moises\Downloads\Compressed\sourcemod-1.11.0-git6968-windows\addons\sourcemod\scripting\ÒankrunFixhealth.sp::Timer_PeriodicCheck
L 03/27/2026 - 19:29:09: [SM] Exception reported: Language phrase "Please wait to be revived or rescued" not found (arg 6)
L 03/27/2026 - 19:29:09: [SM] Blaming: l4dmultislots.smx
L 03/27/2026 - 19:29:09: [SM] Call stack trace:
L 03/27/2026 - 19:29:09: [SM]   [0] PrintToChat
L 03/27/2026 - 19:29:09: [SM]   [1] Line 953, d:\Github\Private-Work\L4D2-Êèí‰ª∂\scripting_1.11\l4dmultislots.sp::Timer_SpecCheck
L 03/27/2026 - 19:29:10: [SM] Exception reported: Invalid convar handle 0 (error 4)
L 03/27/2026 - 19:29:10: [SM] Blaming: ÒankrunFixhealth.smx
L 03/27/2026 - 19:29:10: [SM] Call stack trace:
L 03/27/2026 - 19:29:10: [SM]   [0] GetConVarString
L 03/27/2026 - 19:29:10: [SM]   [1] Line 138, C:\Users\Moises\Downloads\Compressed\sourcemod-1.11.0-git6968-windows\addons\sourcemod\scripting\ÒankrunFixhealth.sp::IsTankRunActive
L 03/27/2026 - 19:29:10: [SM]   [2] Line 79, C:\Users\Moises\Downloads\Compressed\sourcemod-1.11.0-git6968-windows\addons\sourcemod\scripting\ÒankrunFixhealth.sp::Event_PlayerDeath
L 03/27/2026 - 19:29:10: [SM] Exception reported: Property "m_vecAngularVelocity" not found (entity 388/weapon_smg)
L 03/27/2026 - 19:29:10: [SM] Blaming: l4d2_tank_core v4_5.smx
L 03/27/2026 - 19:29:10: [SM] Call stack trace:
L 03/27/2026 - 19:29:10: [SM]   [0] SetEntPropVector
L 03/27/2026 - 19:29:10: [SM]   [1] Line 650, D:\SteamLibrary\steamapps\common\Left 4 Dead 2\left4dead2\addons\sourcemod\scripting\l4d2_tank_core v4_5.sp::DropItemsPhysically
L 03/27/2026 - 19:29:10: [SM]   [2] Line 549, D:\SteamLibrary\steamapps\common\Left 4 Dead 2\left4dead2\addons\sourcemod\scripting\l4d2_tank_core v4_5.sp::Event_PlayerHurt
L 03/27/2026 - 19:29:13: [SM] Exception reported: Invalid convar handle 0 (error 4)
L 03/27/2026 - 19:29:13: [SM] Blaming: ÒankrunFixhealth.smx
L 03/27/2026 - 19:29:13: [SM] Call stack trace:
L 03/27/2026 - 19:29:13: [SM]   [0] GetConVarString
L 03/27/2026 - 19:29:13: [SM]   [1] Line 138, C:\Users\Moises\Downloads\Compressed\sourcemod-1.11.0-git6968-windows\addons\sourcemod\scripting\ÒankrunFixhealth.sp::IsTankRunActive
L 03/27/2026 - 19:29:13: [SM]   [2] Line 79, C:\Users\Moises\Downloads\Compressed\sourcemod-1.11.0-git6968-windows\addons\sourcemod\scripting\ÒankrunFixhealth.sp::Event_PlayerDeath
L 03/27/2026 - 19:29:14: [SM] Exception reported: Invalid convar handle 0 (error 4)
L 03/27/2026 - 19:29:14: [SM] Blaming: ÒankrunFixhealth.smx
L 03/27/2026 - 19:29:14: [SM] Call stack trace:
L 03/27/2026 - 19:29:14: [SM]   [0] GetConVarString
L 03/27/2026 - 19:29:14: [SM]   [1] Line 138, C:\Users\Moises\Downloads\Compressed\sourcemod-1.11.0-git6968-windows\addons\sourcemod\scripting\ÒankrunFixhealth.sp::IsTankRunActive
L 03/27/2026 - 19:29:14: [SM]   [2] Line 36, C:\Users\Moises\Downloads\Compressed\sourcemod-1.11.0-git6968-windows\addons\sourcemod\scripting\ÒankrunFixhealth.sp::Timer_PeriodicCheck
L 03/27/2026 - 19:29:24: [SM] Exception reported: Invalid convar handle 0 (error 4)
L 03/27/2026 - 19:29:24: [SM] Blaming: ÒankrunFixhealth.smx
L 03/27/2026 - 19:29:24: [SM] Call stack trace:
L 03/27/2026 - 19:29:24: [SM]   [0] GetConVarString
L 03/27/2026 - 19:29:24: [SM]   [1] Line 138, C:\Users\Moises\Downloads\Compressed\sourcemod-1.11.0-git6968-windows\addons\sourcemod\scripting\ÒankrunFixhealth.sp::IsTankRunActive
L 03/27/2026 - 19:29:24: [SM]   [2] Line 36, C:\Users\Moises\Downloads\Compressed\sourcemod-1.11.0-git6968-windows\addons\sourcemod\scripting\ÒankrunFixhealth.sp::Timer_PeriodicCheck
L 03/27/2026 - 19:29:34: [SM] Exception reported: Invalid convar handle 0 (error 4)
L 03/27/2026 - 19:29:34: [SM] Blaming: ÒankrunFixhealth.smx
L 03/27/2026 - 19:29:34: [SM] Call stack trace:
L 03/27/2026 - 19:29:34: [SM]   [0] GetConVarString
L 03/27/2026 - 19:29:34: [SM]   [1] Line 138, C:\Users\Moises\Downloads\Compressed\sourcemod-1.11.0-git6968-windows\addons\sourcemod\scripting\ÒankrunFixhealth.sp::IsTankRunActive
L 03/27/2026 - 19:29:34: [SM]   [2] Line 36, C:\Users\Moises\Downloads\Compressed\sourcemod-1.11.0-git6968-windows\addons\sourcemod\scripting\ÒankrunFixhealth.sp::Timer_PeriodicCheck
L 03/27/2026 - 19:29:49: [SM] Exception reported: Invalid convar handle 0 (error 4)
L 03/27/2026 - 19:29:49: [SM] Blaming: ÒankrunFixhealth.smx
L 03/27/2026 - 19:29:49: [SM] Call stack trace:
L 03/27/2026 - 19:29:49: [SM]   [0] GetConVarString
L 03/27/2026 - 19:29:49: [SM]   [1] Line 138, C:\Users\Moises\Downloads\Compressed\sourcemod-1.11.0-git6968-windows\addons\sourcemod\scripting\ÒankrunFixhealth.sp::IsTankRunActive
L 03/27/2026 - 19:29:49: [SM]   [2] Line 79, C:\Users\Moises\Downloads\Compressed\sourcemod-1.11.0-git6968-windows\addons\sourcemod\scripting\ÒankrunFixhealth.sp::Event_PlayerDeath
L 03/27/2026 - 19:29:49: [SM] Exception reported: Invalid convar handle 0 (error 4)
L 03/27/2026 - 19:29:49: [SM] Blaming: ÒankrunFixhealth.smx
L 03/27/2026 - 19:29:49: [SM] Call stack trace:
L 03/27/2026 - 19:29:49: [SM]   [0] GetConVarString
L 03/27/2026 - 19:29:49: [SM]   [1] Line 138, C:\Users\Moises\Downloads\Compressed\sourcemod-1.11.0-git6968-windows\addons\sourcemod\scripting\ÒankrunFixhealth.sp::IsTankRunActive
L 03/27/2026 - 19:29:49: [SM]   [2] Line 79, C:\Users\Moises\Downloads\Compressed\sourcemod-1.11.0-git6968-windows\addons\sourcemod\scripting\ÒankrunFixhealth.sp::Event_PlayerDeath
L 03/27/2026 - 19:29:49: [SM] Exception reported: Invalid convar handle 0 (error 4)
L 03/27/2026 - 19:29:49: [SM] Blaming: ÒankrunFixhealth.smx
L 03/27/2026 - 19:29:49: [SM] Call stack trace:
L 03/27/2026 - 19:29:49: [SM]   [0] GetConVarString
L 03/27/2026 - 19:29:49: [SM]   [1] Line 138, C:\Users\Moises\Downloads\Compressed\sourcemod-1.11.0-git6968-windows\addons\sourcemod\scripting\ÒankrunFixhealth.sp::IsTankRunActive
L 03/27/2026 - 19:29:49: [SM]   [2] Line 79, C:\Users\Moises\Downloads\Compressed\sourcemod-1.11.0-git6968-windows\addons\sourcemod\scripting\ÒankrunFixhealth.sp::Event_PlayerDeath
L 03/27/2026 - 19:29:49: [SM] Exception reported: Invalid convar handle 0 (error 4)
L 03/27/2026 - 19:29:49: [SM] Blaming: ÒankrunFixhealth.smx
L 03/27/2026 - 19:29:49: [SM] Call stack trace:
L 03/27/2026 - 19:29:49: [SM]   [0] GetConVarString
L 03/27/2026 - 19:29:49: [SM]   [1] Line 138, C:\Users\Moises\Downloads\Compressed\sourcemod-1.11.0-git6968-windows\addons\sourcemod\scripting\ÒankrunFixhealth.sp::IsTankRunActive
L 03/27/2026 - 19:29:49: [SM]   [2] Line 79, C:\Users\Moises\Downloads\Compressed\sourcemod-1.11.0-git6968-windows\addons\sourcemod\scripting\ÒankrunFixhealth.sp::Event_PlayerDeath
L 03/27/2026 - 19:29:50: [SM] Exception reported: Invalid convar handle 0 (error 4)
L 03/27/2026 - 19:29:50: [SM] Blaming: ÒankrunFixhealth.smx
L 03/27/2026 - 19:29:50: [SM] Call stack trace:
L 03/27/2026 - 19:29:50: [SM]   [0] GetConVarString
L 03/27/2026 - 19:29:50: [SM]   [1] Line 138, C:\Users\Moises\Downloads\Compressed\sourcemod-1.11.0-git6968-windows\addons\sourcemod\scripting\ÒankrunFixhealth.sp::IsTankRunActive
L 03/27/2026 - 19:29:50: [SM]   [2] Line 79, C:\Users\Moises\Downloads\Compressed\sourcemod-1.11.0-git6968-windows\addons\sourcemod\scripting\ÒankrunFixhealth.sp::Event_PlayerDeath
L 03/27/2026 - 19:29:50: [SM] Exception reported: Invalid timer handle 40b00584 (error 1)
L 03/27/2026 - 19:29:50: [SM] Blaming: l4d2_playerjoining_v2.smx
L 03/27/2026 - 19:29:50: [SM] Call stack trace:
L 03/27/2026 - 19:29:50: [SM]   [0] KillTimer
L 03/27/2026 - 19:29:50: [SM]   [1] Line 53, C:\Users\Moises\Downloads\Compressed\sourcemod-1.11.0-git6968-windows\addons\sourcemod\scripting\l4d2_playerjoining_v2.sp::OnClientDisconnect
L 03/27/2026 - 19:29:50: [SM] Exception reported: Invalid timer handle 29f00559 (error 1)
L 03/27/2026 - 19:29:50: [SM] Blaming: l4d2_playerjoining_v2.smx
L 03/27/2026 - 19:29:50: [SM] Call stack trace:
L 03/27/2026 - 19:29:50: [SM]   [0] KillTimer
L 03/27/2026 - 19:29:50: [SM]   [1] Line 53, C:\Users\Moises\Downloads\Compressed\sourcemod-1.11.0-git6968-windows\addons\sourcemod\scripting\l4d2_playerjoining_v2.sp::OnClientDisconnect
L 03/27/2026 - 19:29:50: [SM] Exception reported: Invalid timer handle d300058e (error 1)
L 03/27/2026 - 19:29:50: [SM] Blaming: l4d2_playerjoining_v2.smx
L 03/27/2026 - 19:29:50: [SM] Call stack trace:
L 03/27/2026 - 19:29:50: [SM]   [0] KillTimer
L 03/27/2026 - 19:29:50: [SM]   [1] Line 53, C:\Users\Moises\Downloads\Compressed\sourcemod-1.11.0-git6968-windows\addons\sourcemod\scripting\l4d2_playerjoining_v2.sp::OnClientDisconnect
L 03/27/2026 - 19:29:50: [SM] Exception reported: Invalid timer handle 81c00550 (error 1)
L 03/27/2026 - 19:29:50: [SM] Blaming: l4d2_playerjoining_v2.smx
L 03/27/2026 - 19:29:50: [SM] Call stack trace:
L 03/27/2026 - 19:29:50: [SM]   [0] KillTimer
L 03/27/2026 - 19:29:50: [SM]   [1] Line 53, C:\Users\Moises\Downloads\Compressed\sourcemod-1.11.0-git6968-windows\addons\sourcemod\scripting\l4d2_playerjoining_v2.sp::OnClientDisconnect
L 03/27/2026 - 19:29:50: [SM] Exception reported: Invalid timer handle 18100595 (error 1)
L 03/27/2026 - 19:29:50: [SM] Blaming: l4d2_playerjoining_v2.smx
L 03/27/2026 - 19:29:50: [SM] Call stack trace:
L 03/27/2026 - 19:29:50: [SM]   [0] KillTimer
L 03/27/2026 - 19:29:50: [SM]   [1] Line 53, C:\Users\Moises\Downloads\Compressed\sourcemod-1.11.0-git6968-windows\addons\sourcemod\scripting\l4d2_playerjoining_v2.sp::OnClientDisconnect
L 03/27/2026 - 19:29:50: [SM] Exception reported: Invalid timer handle d9d005a0 (error 1)
L 03/27/2026 - 19:29:50: [SM] Blaming: l4d2_playerjoining_v2.smx
L 03/27/2026 - 19:29:50: [SM] Call stack trace:
L 03/27/2026 - 19:29:50: [SM]   [0] KillTimer
L 03/27/2026 - 19:29:50: [SM]   [1] Line 53, C:\Users\Moises\Downloads\Compressed\sourcemod-1.11.0-git6968-windows\addons\sourcemod\scripting\l4d2_playerjoining_v2.sp::OnClientDisconnect
L 03/27/2026 - 19:29:52: Error log file session closed.
L 03/27/2026 - 19:29:52: SourceMod error session started
L 03/27/2026 - 19:29:52: Info (map "c2m1_highway") (file "d:\steamlibrary\steamapps\common\left 4 dead 2\left4dead2\addons\sourcemod\logs\errors_20260327.log")
L 03/27/2026 - 19:29:52: [SM] Fatal error encountered parsing translation file "l4d_nth.phrases.txt"
L 03/27/2026 - 19:29:52: [SM] Error (line 0, column 0): Stream failed to open
L 03/27/2026 - 19:29:52: [SM] Fatal error encountered parsing translation file "chargersteering.phrases.txt"
L 03/27/2026 - 19:29:52: [SM] Error (line 0, column 0): Stream failed to open
L 03/27/2026 - 19:29:52: [SM] Fatal error encountered parsing translation file "l4dmultislots.phrases.txt"
L 03/27/2026 - 19:29:52: [SM] Error (line 0, column 0): Stream failed to open
L 03/27/2026 - 19:29:55: [SM] Exception reported: Invalid convar handle 0 (error 4)
L 03/27/2026 - 19:29:55: [SM] Blaming: ÒankrunFixhealth.smx
L 03/27/2026 - 19:29:55: [SM] Call stack trace:
L 03/27/2026 - 19:29:55: [SM]   [0] GetConVarString
L 03/27/2026 - 19:29:55: [SM]   [1] Line 138, C:\Users\Moises\Downloads\Compressed\sourcemod-1.11.0-git6968-windows\addons\sourcemod\scripting\ÒankrunFixhealth.sp::IsTankRunActive
L 03/27/2026 - 19:29:55: [SM]   [2] Line 54, C:\Users\Moises\Downloads\Compressed\sourcemod-1.11.0-git6968-windows\addons\sourcemod\scripting\ÒankrunFixhealth.sp::Event_RoundStart
L 03/27/2026 - 19:29:55: [l4d2_publicity.smx] [Publicity] No se encontraron mensajes en el archivo de configuraci√≥n
L 03/27/2026 - 19:29:58: [SM] Exception reported: Invalid convar handle 0 (error 4)
L 03/27/2026 - 19:29:58: [SM] Blaming: ÒankrunFixhealth.smx
L 03/27/2026 - 19:29:58: [SM] Call stack trace:
L 03/27/2026 - 19:29:58: [SM]   [0] GetConVarString
L 03/27/2026 - 19:29:58: [SM]   [1] Line 138, C:\Users\Moises\Downloads\Compressed\sourcemod-1.11.0-git6968-windows\addons\sourcemod\scripting\ÒankrunFixhealth.sp::IsTankRunActive
L 03/27/2026 - 19:29:58: [SM]   [2] Line 36, C:\Users\Moises\Downloads\Compressed\sourcemod-1.11.0-git6968-windows\addons\sourcemod\scripting\ÒankrunFixhealth.sp::Timer_PeriodicCheck
L 03/27/2026 - 19:30:08: [SM] Exception reported: Invalid convar handle 0 (error 4)
L 03/27/2026 - 19:30:08: [SM] Blaming: ÒankrunFixhealth.smx
L 03/27/2026 - 19:30:08: [SM] Call stack trace:
L 03/27/2026 - 19:30:08: [SM]   [0] GetConVarString
L 03/27/2026 - 19:30:08: [SM]   [1] Line 138, C:\Users\Moises\Downloads\Compressed\sourcemod-1.11.0-git6968-windows\addons\sourcemod\scripting\ÒankrunFixhealth.sp::IsTankRunActive
L 03/27/2026 - 19:30:08: [SM]   [2] Line 36, C:\Users\Moises\Downloads\Compressed\sourcemod-1.11.0-git6968-windows\addons\sourcemod\scripting\ÒankrunFixhealth.sp::Timer_PeriodicCheck
L 03/27/2026 - 19:30:18: [SM] Exception reported: Invalid convar handle 0 (error 4)
L 03/27/2026 - 19:30:18: [SM] Blaming: ÒankrunFixhealth.smx
L 03/27/2026 - 19:30:18: [SM] Call stack trace:
L 03/27/2026 - 19:30:18: [SM]   [0] GetConVarString
L 03/27/2026 - 19:30:18: [SM]   [1] Line 138, C:\Users\Moises\Downloads\Compressed\sourcemod-1.11.0-git6968-windows\addons\sourcemod\scripting\ÒankrunFixhealth.sp::IsTankRunActive
L 03/27/2026 - 19:30:18: [SM]   [2] Line 36, C:\Users\Moises\Downloads\Compressed\sourcemod-1.11.0-git6968-windows\addons\sourcemod\scripting\ÒankrunFixhealth.sp::Timer_PeriodicCheck
L 03/27/2026 - 19:30:20: [SM] Exception reported: Invalid timer handle d1200587 (error 1)
L 03/27/2026 - 19:30:20: [SM] Blaming: l4d2_playerjoining_v2.smx
L 03/27/2026 - 19:30:20: [SM] Call stack trace:
L 03/27/2026 - 19:30:20: [SM]   [0] KillTimer
L 03/27/2026 - 19:30:20: [SM]   [1] Line 53, C:\Users\Moises\Downloads\Compressed\sourcemod-1.11.0-git6968-windows\addons\sourcemod\scripting\l4d2_playerjoining_v2.sp::OnClientDisconnect
L 03/27/2026 - 19:30:20: [SM] Exception reported: Invalid timer handle d300058e (error 1)
L 03/27/2026 - 19:30:20: [SM] Blaming: l4d2_playerjoining_v2.smx
L 03/27/2026 - 19:30:20: [SM] Call stack trace:
L 03/27/2026 - 19:30:20: [SM]   [0] KillTimer
L 03/27/2026 - 19:30:20: [SM]   [1] Line 53, C:\Users\Moises\Downloads\Compressed\sourcemod-1.11.0-git6968-windows\addons\sourcemod\scripting\l4d2_playerjoining_v2.sp::OnClientDisconnect
L 03/27/2026 - 19:30:22: [SM] Exception reported: Invalid timer handle 29f00559 (error 1)
L 03/27/2026 - 19:30:22: [SM] Blaming: l4d2_playerjoining_v2.smx
L 03/27/2026 - 19:30:22: [SM] Call stack trace:
L 03/27/2026 - 19:30:22: [SM]   [0] KillTimer
L 03/27/2026 - 19:30:22: [SM]   [1] Line 53, C:\Users\Moises\Downloads\Compressed\sourcemod-1.11.0-git6968-windows\addons\sourcemod\scripting\l4d2_playerjoining_v2.sp::OnClientDisconnect
L 03/27/2026 - 19:30:32: [SM] Exception reported: Invalid convar handle 0 (error 4)
L 03/27/2026 - 19:30:32: [SM] Blaming: ÒankrunFixhealth.smx
L 03/27/2026 - 19:30:32: [SM] Call stack trace:
L 03/27/2026 - 19:30:32: [SM]   [0] GetConVarString
L 03/27/2026 - 19:30:32: [SM]   [1] Line 138, C:\Users\Moises\Downloads\Compressed\sourcemod-1.11.0-git6968-windows\addons\sourcemod\scripting\ÒankrunFixhealth.sp::IsTankRunActive
L 03/27/2026 - 19:30:32: [SM]   [2] Line 36, C:\Users\Moises\Downloads\Compressed\sourcemod-1.11.0-git6968-windows\addons\sourcemod\scripting\ÒankrunFixhealth.sp::Timer_PeriodicCheck
L 03/27/2026 - 19:30:32: [SM] Exception reported: Invalid timer handle d1200587 (error 1)
L 03/27/2026 - 19:30:32: [SM] Blaming: l4d2_playerjoining_v2.smx
L 03/27/2026 - 19:30:32: [SM] Call stack trace:
L 03/27/2026 - 19:30:32: [SM]   [0] KillTimer
L 03/27/2026 - 19:30:32: [SM]   [1] Line 53, C:\Users\Moises\Downloads\Compressed\sourcemod-1.11.0-git6968-windows\addons\sourcemod\scripting\l4d2_playerjoining_v2.sp::OnClientDisconnect
L 03/27/2026 - 19:30:35: [SM] Exception reported: Invalid timer handle 29f00559 (error 1)
L 03/27/2026 - 19:30:35: [SM] Blaming: l4d2_playerjoining_v2.smx
L 03/27/2026 - 19:30:35: [SM] Call stack trace:
L 03/27/2026 - 19:30:35: [SM]   [0] KillTimer
L 03/27/2026 - 19:30:35: [SM]   [1] Line 53, C:\Users\Moises\Downloads\Compressed\sourcemod-1.11.0-git6968-windows\addons\sourcemod\scripting\l4d2_playerjoining_v2.sp::OnClientDisconnect
L 03/27/2026 - 19:30:36: [SM] Exception reported: Invalid timer handle d1200587 (error 1)
L 03/27/2026 - 19:30:36: [SM] Blaming: l4d2_playerjoining_v2.smx
L 03/27/2026 - 19:30:36: [SM] Call stack trace:
L 03/27/2026 - 19:30:36: [SM]   [0] KillTimer
L 03/27/2026 - 19:30:36: [SM]   [1] Line 53, C:\Users\Moises\Downloads\Compressed\sourcemod-1.11.0-git6968-windows\addons\sourcemod\scripting\l4d2_playerjoining_v2.sp::OnClientDisconnect
L 03/27/2026 - 19:30:42: [SM] Exception reported: Invalid convar handle 0 (error 4)
L 03/27/2026 - 19:30:42: [SM] Blaming: ÒankrunFixhealth.smx
L 03/27/2026 - 19:30:42: [SM] Call stack trace:
L 03/27/2026 - 19:30:42: [SM]   [0] GetConVarString
L 03/27/2026 - 19:30:42: [SM]   [1] Line 138, C:\Users\Moises\Downloads\Compressed\sourcemod-1.11.0-git6968-windows\addons\sourcemod\scripting\ÒankrunFixhealth.sp::IsTankRunActive
L 03/27/2026 - 19:30:42: [SM]   [2] Line 36, C:\Users\Moises\Downloads\Compressed\sourcemod-1.11.0-git6968-windows\addons\sourcemod\scripting\ÒankrunFixhealth.sp::Timer_PeriodicCheck
L 03/27/2026 - 19:30:52: [SM] Exception reported: Invalid convar handle 0 (error 4)
L 03/27/2026 - 19:30:52: [SM] Blaming: ÒankrunFixhealth.smx
L 03/27/2026 - 19:30:52: [SM] Call stack trace:
L 03/27/2026 - 19:30:52: [SM]   [0] GetConVarString
L 03/27/2026 - 19:30:52: [SM]   [1] Line 138, C:\Users\Moises\Downloads\Compressed\sourcemod-1.11.0-git6968-windows\addons\sourcemod\scripting\ÒankrunFixhealth.sp::IsTankRunActive
L 03/27/2026 - 19:30:52: [SM]   [2] Line 36, C:\Users\Moises\Downloads\Compressed\sourcemod-1.11.0-git6968-windows\addons\sourcemod\scripting\ÒankrunFixhealth.sp::Timer_PeriodicCheck
L 03/27/2026 - 19:30:54: [SM] Exception reported: Invalid timer handle 29f00559 (error 1)
L 03/27/2026 - 19:30:54: [SM] Blaming: l4d2_playerjoining_v2.smx
L 03/27/2026 - 19:30:54: [SM] Call stack trace:
L 03/27/2026 - 19:30:54: [SM]   [0] KillTimer
L 03/27/2026 - 19:30:54: [SM]   [1] Line 53, C:\Users\Moises\Downloads\Compressed\sourcemod-1.11.0-git6968-windows\addons\sourcemod\scripting\l4d2_playerjoining_v2.sp::OnClientDisconnect
L 03/27/2026 - 19:31:02: [SM] Exception reported: Invalid convar handle 0 (error 4)
L 03/27/2026 - 19:31:02: [SM] Blaming: ÒankrunFixhealth.smx
L 03/27/2026 - 19:31:02: [SM] Call stack trace:
L 03/27/2026 - 19:31:02: [SM]   [0] GetConVarString
L 03/27/2026 - 19:31:02: [SM]   [1] Line 138, C:\Users\Moises\Downloads\Compressed\sourcemod-1.11.0-git6968-windows\addons\sourcemod\scripting\ÒankrunFixhealth.sp::IsTankRunActive
L 03/27/2026 - 19:31:02: [SM]   [2] Line 36, C:\Users\Moises\Downloads\Compressed\sourcemod-1.11.0-git6968-windows\addons\sourcemod\scripting\ÒankrunFixhealth.sp::Timer_PeriodicCheck
L 03/27/2026 - 19:31:12: [SM] Exception reported: Invalid convar handle 0 (error 4)
L 03/27/2026 - 19:31:12: [SM] Blaming: ÒankrunFixhealth.smx
L 03/27/2026 - 19:31:12: [SM] Call stack trace:
L 03/27/2026 - 19:31:12: [SM]   [0] GetConVarString
L 03/27/2026 - 19:31:12: [SM]   [1] Line 138, C:\Users\Moises\Downloads\Compressed\sourcemod-1.11.0-git6968-windows\addons\sourcemod\scripting\ÒankrunFixhealth.sp::IsTankRunActive
L 03/27/2026 - 19:31:12: [SM]   [2] Line 36, C:\Users\Moises\Downloads\Compressed\sourcemod-1.11.0-git6968-windows\addons\sourcemod\scripting\ÒankrunFixhealth.sp::Timer_PeriodicCheck
L 03/27/2026 - 19:31:22: [SM] Exception reported: Invalid convar handle 0 (error 4)
L 03/27/2026 - 19:31:22: [SM] Blaming: ÒankrunFixhealth.smx
L 03/27/2026 - 19:31:22: [SM] Call stack trace:
L 03/27/2026 - 19:31:22: [SM]   [0] GetConVarString
L 03/27/2026 - 19:31:22: [SM]   [1] Line 138, C:\Users\Moises\Downloads\Compressed\sourcemod-1.11.0-git6968-windows\addons\sourcemod\scripting\ÒankrunFixhealth.sp::IsTankRunActive
L 03/27/2026 - 19:31:22: [SM]   [2] Line 36, C:\Users\Moises\Downloads\Compressed\sourcemod-1.11.0-git6968-windows\addons\sourcemod\scripting\ÒankrunFixhealth.sp::Timer_PeriodicCheck
L 03/27/2026 - 19:31:32: [SM] Exception reported: Invalid convar handle 0 (error 4)
L 03/27/2026 - 19:31:32: [SM] Blaming: ÒankrunFixhealth.smx
L 03/27/2026 - 19:31:32: [SM] Call stack trace:
L 03/27/2026 - 19:31:32: [SM]   [0] GetConVarString
L 03/27/2026 - 19:31:32: [SM]   [1] Line 138, C:\Users\Moises\Downloads\Compressed\sourcemod-1.11.0-git6968-windows\addons\sourcemod\scripting\ÒankrunFixhealth.sp::IsTankRunActive
L 03/27/2026 - 19:31:32: [SM]   [2] Line 36, C:\Users\Moises\Downloads\Compressed\sourcemod-1.11.0-git6968-windows\addons\sourcemod\scripting\ÒankrunFixhealth.sp::Timer_PeriodicCheck
L 03/27/2026 - 19:31:41: [SM] Exception reported: Invalid convar handle 0 (error 4)
L 03/27/2026 - 19:31:41: [SM] Blaming: ÒankrunFixhealth.smx
L 03/27/2026 - 19:31:41: [SM] Call stack trace:
L 03/27/2026 - 19:31:41: [SM]   [0] GetConVarString
L 03/27/2026 - 19:31:41: [SM]   [1] Line 138, C:\Users\Moises\Downloads\Compressed\sourcemod-1.11.0-git6968-windows\addons\sourcemod\scripting\ÒankrunFixhealth.sp::IsTankRunActive
L 03/27/2026 - 19:31:41: [SM]   [2] Line 79, C:\Users\Moises\Downloads\Compressed\sourcemod-1.11.0-git6968-windows\addons\sourcemod\scripting\ÒankrunFixhealth.sp::Event_PlayerDeath
L 03/27/2026 - 19:31:42: [SM] Exception reported: Invalid convar handle 0 (error 4)
L 03/27/2026 - 19:31:42: [SM] Blaming: ÒankrunFixhealth.smx
L 03/27/2026 - 19:31:42: [SM] Call stack trace:
L 03/27/2026 - 19:31:42: [SM]   [0] GetConVarString
L 03/27/2026 - 19:31:42: [SM]   [1] Line 138, C:\Users\Moises\Downloads\Compressed\sourcemod-1.11.0-git6968-windows\addons\sourcemod\scripting\ÒankrunFixhealth.sp::IsTankRunActive
L 03/27/2026 - 19:31:42: [SM]   [2] Line 36, C:\Users\Moises\Downloads\Compressed\sourcemod-1.11.0-git6968-windows\addons\sourcemod\scripting\ÒankrunFixhealth.sp::Timer_PeriodicCheck
L 03/27/2026 - 19:31:52: [SM] Exception reported: Invalid convar handle 0 (error 4)
L 03/27/2026 - 19:31:52: [SM] Blaming: ÒankrunFixhealth.smx
L 03/27/2026 - 19:31:52: [SM] Call stack trace:
L 03/27/2026 - 19:31:52: [SM]   [0] GetConVarString
L 03/27/2026 - 19:31:52: [SM]   [1] Line 138, C:\Users\Moises\Downloads\Compressed\sourcemod-1.11.0-git6968-windows\addons\sourcemod\scripting\ÒankrunFixhealth.sp::IsTankRunActive
L 03/27/2026 - 19:31:52: [SM]   [2] Line 36, C:\Users\Moises\Downloads\Compressed\sourcemod-1.11.0-git6968-windows\addons\sourcemod\scripting\ÒankrunFixhealth.sp::Timer_PeriodicCheck
L 03/27/2026 - 19:32:02: [SM] Exception reported: Invalid convar handle 0 (error 4)
L 03/27/2026 - 19:32:02: [SM] Blaming: ÒankrunFixhealth.smx
L 03/27/2026 - 19:32:02: [SM] Call stack trace:
L 03/27/2026 - 19:32:02: [SM]   [0] GetConVarString
L 03/27/2026 - 19:32:02: [SM]   [1] Line 138, C:\Users\Moises\Downloads\Compressed\sourcemod-1.11.0-git6968-windows\addons\sourcemod\scripting\ÒankrunFixhealth.sp::IsTankRunActive
L 03/27/2026 - 19:32:02: [SM]   [2] Line 36, C:\Users\Moises\Downloads\Compressed\sourcemod-1.11.0-git6968-windows\addons\sourcemod\scripting\ÒankrunFixhealth.sp::Timer_PeriodicCheck
L 03/27/2026 - 19:32:03: [SM] Exception reported: Language phrase "Please wait to be revived or rescued" not found (arg 6)
L 03/27/2026 - 19:32:03: [SM] Blaming: l4dmultislots.smx
L 03/27/2026 - 19:32:03: [SM] Call stack trace:
L 03/27/2026 - 19:32:03: [SM]   [0] PrintToChat
L 03/27/2026 - 19:32:03: [SM]   [1] Line 953, d:\Github\Private-Work\L4D2-Êèí‰ª∂\scripting_1.11\l4dmultislots.sp::Timer_SpecCheck
L 03/27/2026 - 19:32:12: [SM] Exception reported: Invalid convar handle 0 (error 4)
L 03/27/2026 - 19:32:12: [SM] Blaming: ÒankrunFixhealth.smx
L 03/27/2026 - 19:32:12: [SM] Call stack trace:
L 03/27/2026 - 19:32:12: [SM]   [0] GetConVarString
L 03/27/2026 - 19:32:12: [SM]   [1] Line 138, C:\Users\Moises\Downloads\Compressed\sourcemod-1.11.0-git6968-windows\addons\sourcemod\scripting\ÒankrunFixhealth.sp::IsTankRunActive
L 03/27/2026 - 19:32:12: [SM]   [2] Line 36, C:\Users\Moises\Downloads\Compressed\sourcemod-1.11.0-git6968-windows\addons\sourcemod\scripting\ÒankrunFixhealth.sp::Timer_PeriodicCheck
L 03/27/2026 - 19:32:15: [SM] Exception reported: Invalid convar handle 0 (error 4)
L 03/27/2026 - 19:32:15: [SM] Blaming: ÒankrunFixhealth.smx
L 03/27/2026 - 19:32:15: [SM] Call stack trace:
L 03/27/2026 - 19:32:15: [SM]   [0] GetConVarString
L 03/27/2026 - 19:32:15: [SM]   [1] Line 138, C:\Users\Moises\Downloads\Compressed\sourcemod-1.11.0-git6968-windows\addons\sourcemod\scripting\ÒankrunFixhealth.sp::IsTankRunActive
L 03/27/2026 - 19:32:15: [SM]   [2] Line 79, C:\Users\Moises\Downloads\Compressed\sourcemod-1.11.0-git6968-windows\addons\sourcemod\scripting\ÒankrunFixhealth.sp::Event_PlayerDeath
L 03/27/2026 - 19:32:18: [SM] Exception reported: Invalid convar handle 0 (error 4)
L 03/27/2026 - 19:32:18: [SM] Blaming: ÒankrunFixhealth.smx
L 03/27/2026 - 19:32:18: [SM] Call stack trace:
L 03/27/2026 - 19:32:18: [SM]   [0] GetConVarString
L 03/27/2026 - 19:32:18: [SM]   [1] Line 138, C:\Users\Moises\Downloads\Compressed\sourcemod-1.11.0-git6968-windows\addons\sourcemod\scripting\ÒankrunFixhealth.sp::IsTankRunActive
L 03/27/2026 - 19:32:18: [SM]   [2] Line 79, C:\Users\Moises\Downloads\Compressed\sourcemod-1.11.0-git6968-windows\addons\sourcemod\scripting\ÒankrunFixhealth.sp::Event_PlayerDeath
L 03/27/2026 - 19:32:22: [SM] Exception reported: Invalid convar handle 0 (error 4)
L 03/27/2026 - 19:32:22: [SM] Blaming: ÒankrunFixhealth.smx
L 03/27/2026 - 19:32:22: [SM] Call stack trace:
L 03/27/2026 - 19:32:22: [SM]   [0] GetConVarString
L 03/27/2026 - 19:32:22: [SM]   [1] Line 138, C:\Users\Moises\Downloads\Compressed\sourcemod-1.11.0-git6968-windows\addons\sourcemod\scripting\ÒankrunFixhealth.sp::IsTankRunActive
L 03/27/2026 - 19:32:22: [SM]   [2] Line 36, C:\Users\Moises\Downloads\Compressed\sourcemod-1.11.0-git6968-windows\addons\sourcemod\scripting\ÒankrunFixhealth.sp::Timer_PeriodicCheck
L 03/27/2026 - 19:32:24: [SM] Exception reported: Invalid convar handle 0 (error 4)
L 03/27/2026 - 19:32:24: [SM] Blaming: ÒankrunFixhealth.smx
L 03/27/2026 - 19:32:24: [SM] Call stack trace:
L 03/27/2026 - 19:32:24: [SM]   [0] GetConVarString
L 03/27/2026 - 19:32:24: [SM]   [1] Line 138, C:\Users\Moises\Downloads\Compressed\sourcemod-1.11.0-git6968-windows\addons\sourcemod\scripting\ÒankrunFixhealth.sp::IsTankRunActive
L 03/27/2026 - 19:32:24: [SM]   [2] Line 79, C:\Users\Moises\Downloads\Compressed\sourcemod-1.11.0-git6968-windows\addons\sourcemod\scripting\ÒankrunFixhealth.sp::Event_PlayerDeath
L 03/27/2026 - 19:32:25: [SM] Exception reported: Invalid convar handle 0 (error 4)
L 03/27/2026 - 19:32:25: [SM] Blaming: ÒankrunFixhealth.smx
L 03/27/2026 - 19:32:25: [SM] Call stack trace:
L 03/27/2026 - 19:32:25: [SM]   [0] GetConVarString
L 03/27/2026 - 19:32:25: [SM]   [1] Line 138, C:\Users\Moises\Downloads\Compressed\sourcemod-1.11.0-git6968-windows\addons\sourcemod\scripting\ÒankrunFixhealth.sp::IsTankRunActive
L 03/27/2026 - 19:32:25: [SM]   [2] Line 79, C:\Users\Moises\Downloads\Compressed\sourcemod-1.11.0-git6968-windows\addons\sourcemod\scripting\ÒankrunFixhealth.sp::Event_PlayerDeath
L 03/27/2026 - 19:32:26: [SM] Exception reported: Property "m_vecAngularVelocity" not found (entity 775/weapon_pistol)
L 03/27/2026 - 19:32:26: [SM] Blaming: l4d2_tank_core v4_5.smx
L 03/27/2026 - 19:32:26: [SM] Call stack trace:
L 03/27/2026 - 19:32:26: [SM]   [0] SetEntPropVector
L 03/27/2026 - 19:32:26: [SM]   [1] Line 650, D:\SteamLibrary\steamapps\common\Left 4 Dead 2\left4dead2\addons\sourcemod\scripting\l4d2_tank_core v4_5.sp::DropItemsPhysically
L 03/27/2026 - 19:32:26: [SM]   [2] Line 549, D:\SteamLibrary\steamapps\common\Left 4 Dead 2\left4dead2\addons\sourcemod\scripting\l4d2_tank_core v4_5.sp::Event_PlayerHurt
L 03/27/2026 - 19:32:28: [SM] Exception reported: Language phrase "Please wait to be revived or rescued" not found (arg 6)
L 03/27/2026 - 19:32:28: [SM] Blaming: l4dmultislots.smx
L 03/27/2026 - 19:32:28: [SM] Call stack trace:
L 03/27/2026 - 19:32:28: [SM]   [0] PrintToChat
L 03/27/2026 - 19:32:28: [SM]   [1] Line 953, d:\Github\Private-Work\L4D2-Êèí‰ª∂\scripting_1.11\l4dmultislots.sp::Timer_SpecCheck
L 03/27/2026 - 19:32:32: [SM] Exception reported: Invalid convar handle 0 (error 4)
L 03/27/2026 - 19:32:32: [SM] Blaming: ÒankrunFixhealth.smx
L 03/27/2026 - 19:32:32: [SM] Call stack trace:
L 03/27/2026 - 19:32:32: [SM]   [0] GetConVarString
L 03/27/2026 - 19:32:32: [SM]   [1] Line 138, C:\Users\Moises\Downloads\Compressed\sourcemod-1.11.0-git6968-windows\addons\sourcemod\scripting\ÒankrunFixhealth.sp::IsTankRunActive
L 03/27/2026 - 19:32:32: [SM]   [2] Line 36, C:\Users\Moises\Downloads\Compressed\sourcemod-1.11.0-git6968-windows\addons\sourcemod\scripting\ÒankrunFixhealth.sp::Timer_PeriodicCheck
L 03/27/2026 - 19:32:34: [SM] Exception reported: Invalid convar handle 0 (error 4)
L 03/27/2026 - 19:32:34: [SM] Blaming: ÒankrunFixhealth.smx
L 03/27/2026 - 19:32:34: [SM] Call stack trace:
L 03/27/2026 - 19:32:34: [SM]   [0] GetConVarString
L 03/27/2026 - 19:32:34: [SM]   [1] Line 138, C:\Users\Moises\Downloads\Compressed\sourcemod-1.11.0-git6968-windows\addons\sourcemod\scripting\ÒankrunFixhealth.sp::IsTankRunActive
L 03/27/2026 - 19:32:34: [SM]   [2] Line 79, C:\Users\Moises\Downloads\Compressed\sourcemod-1.11.0-git6968-windows\addons\sourcemod\scripting\ÒankrunFixhealth.sp::Event_PlayerDeath
L 03/27/2026 - 19:32:42: [SM] Exception reported: Invalid convar handle 0 (error 4)
L 03/27/2026 - 19:32:42: [SM] Blaming: ÒankrunFixhealth.smx
L 03/27/2026 - 19:32:42: [SM] Call stack trace:
L 03/27/2026 - 19:32:42: [SM]   [0] GetConVarString
L 03/27/2026 - 19:32:42: [SM]   [1] Line 138, C:\Users\Moises\Downloads\Compressed\sourcemod-1.11.0-git6968-windows\addons\sourcemod\scripting\ÒankrunFixhealth.sp::IsTankRunActive
L 03/27/2026 - 19:32:42: [SM]   [2] Line 36, C:\Users\Moises\Downloads\Compressed\sourcemod-1.11.0-git6968-windows\addons\sourcemod\scripting\ÒankrunFixhealth.sp::Timer_PeriodicCheck
L 03/27/2026 - 19:32:52: [SM] Exception reported: Invalid convar handle 0 (error 4)
L 03/27/2026 - 19:32:52: [SM] Blaming: ÒankrunFixhealth.smx
L 03/27/2026 - 19:32:52: [SM] Call stack trace:
L 03/27/2026 - 19:32:52: [SM]   [0] GetConVarString
L 03/27/2026 - 19:32:52: [SM]   [1] Line 138, C:\Users\Moises\Downloads\Compressed\sourcemod-1.11.0-git6968-windows\addons\sourcemod\scripting\ÒankrunFixhealth.sp::IsTankRunActive
L 03/27/2026 - 19:32:52: [SM]   [2] Line 36, C:\Users\Moises\Downloads\Compressed\sourcemod-1.11.0-git6968-windows\addons\sourcemod\scripting\ÒankrunFixhealth.sp::Timer_PeriodicCheck
L 03/27/2026 - 19:32:53: [SM] Exception reported: Language phrase "Please wait to be revived or rescued" not found (arg 6)
L 03/27/2026 - 19:32:53: [SM] Blaming: l4dmultislots.smx
L 03/27/2026 - 19:32:53: [SM] Call stack trace:
L 03/27/2026 - 19:32:53: [SM]   [0] PrintToChat
L 03/27/2026 - 19:32:53: [SM]   [1] Line 953, d:\Github\Private-Work\L4D2-Êèí‰ª∂\scripting_1.11\l4dmultislots.sp::Timer_SpecCheck
L 03/27/2026 - 19:33:02: [SM] Exception reported: Invalid convar handle 0 (error 4)
L 03/27/2026 - 19:33:02: [SM] Blaming: ÒankrunFixhealth.smx
L 03/27/2026 - 19:33:02: [SM] Call stack trace:
L 03/27/2026 - 19:33:02: [SM]   [0] GetConVarString
L 03/27/2026 - 19:33:02: [SM]   [1] Line 138, C:\Users\Moises\Downloads\Compressed\sourcemod-1.11.0-git6968-windows\addons\sourcemod\scripting\ÒankrunFixhealth.sp::IsTankRunActive
L 03/27/2026 - 19:33:02: [SM]   [2] Line 36, C:\Users\Moises\Downloads\Compressed\sourcemod-1.11.0-git6968-windows\addons\sourcemod\scripting\ÒankrunFixhealth.sp::Timer_PeriodicCheck
L 03/27/2026 - 19:33:07: [SM] Exception reported: Invalid convar handle 0 (error 4)
L 03/27/2026 - 19:33:07: [SM] Blaming: ÒankrunFixhealth.smx
L 03/27/2026 - 19:33:07: [SM] Call stack trace:
L 03/27/2026 - 19:33:07: [SM]   [0] GetConVarString
L 03/27/2026 - 19:33:07: [SM]   [1] Line 138, C:\Users\Moises\Downloads\Compressed\sourcemod-1.11.0-git6968-windows\addons\sourcemod\scripting\ÒankrunFixhealth.sp::IsTankRunActive
L 03/27/2026 - 19:33:07: [SM]   [2] Line 79, C:\Users\Moises\Downloads\Compressed\sourcemod-1.11.0-git6968-windows\addons\sourcemod\scripting\ÒankrunFixhealth.sp::Event_PlayerDeath
L 03/27/2026 - 19:33:08: [SM] Exception reported: Invalid convar handle 0 (error 4)
L 03/27/2026 - 19:33:08: [SM] Blaming: ÒankrunFixhealth.smx
L 03/27/2026 - 19:33:08: [SM] Call stack trace:
L 03/27/2026 - 19:33:08: [SM]   [0] GetConVarString
L 03/27/2026 - 19:33:08: [SM]   [1] Line 138, C:\Users\Moises\Downloads\Compressed\sourcemod-1.11.0-git6968-windows\addons\sourcemod\scripting\ÒankrunFixhealth.sp::IsTankRunActive
L 03/27/2026 - 19:33:08: [SM]   [2] Line 71, C:\Users\Moises\Downloads\Compressed\sourcemod-1.11.0-git6968-windows\addons\sourcemod\scripting\ÒankrunFixhealth.sp::Event_MapTransition
L 03/27/2026 - 19:33:12: [SM] Exception reported: Invalid convar handle 0 (error 4)
L 03/27/2026 - 19:33:12: [SM] Blaming: ÒankrunFixhealth.smx
L 03/27/2026 - 19:33:12: [SM] Call stack trace:
L 03/27/2026 - 19:33:12: [SM]   [0] GetConVarString
L 03/27/2026 - 19:33:12: [SM]   [1] Line 138, C:\Users\Moises\Downloads\Compressed\sourcemod-1.11.0-git6968-windows\addons\sourcemod\scripting\ÒankrunFixhealth.sp::IsTankRunActive
L 03/27/2026 - 19:33:12: [SM]   [2] Line 36, C:\Users\Moises\Downloads\Compressed\sourcemod-1.11.0-git6968-windows\addons\sourcemod\scripting\ÒankrunFixhealth.sp::Timer_PeriodicCheck
L 03/27/2026 - 19:33:16: [SM] Exception reported: Invalid timer handle d1200587 (error 3)
L 03/27/2026 - 19:33:16: [SM] Blaming: l4d2_playerjoining_v2.smx
L 03/27/2026 - 19:33:16: [SM] Call stack trace:
L 03/27/2026 - 19:33:16: [SM]   [0] KillTimer
L 03/27/2026 - 19:33:16: [SM]   [1] Line 53, C:\Users\Moises\Downloads\Compressed\sourcemod-1.11.0-git6968-windows\addons\sourcemod\scripting\l4d2_playerjoining_v2.sp::OnClientDisconnect
L 03/27/2026 - 19:33:16: [SM] Exception reported: Invalid timer handle 29f00559 (error 1)
L 03/27/2026 - 19:33:16: [SM] Blaming: l4d2_playerjoining_v2.smx
L 03/27/2026 - 19:33:16: [SM] Call stack trace:
L 03/27/2026 - 19:33:16: [SM]   [0] KillTimer
L 03/27/2026 - 19:33:16: [SM]   [1] Line 53, C:\Users\Moises\Downloads\Compressed\sourcemod-1.11.0-git6968-windows\addons\sourcemod\scripting\l4d2_playerjoining_v2.sp::OnClientDisconnect
L 03/27/2026 - 19:33:16: [SM] Exception reported: Invalid timer handle d300058e (error 1)
L 03/27/2026 - 19:33:16: [SM] Blaming: l4d2_playerjoining_v2.smx
L 03/27/2026 - 19:33:16: [SM] Call stack trace:
L 03/27/2026 - 19:33:16: [SM]   [0] KillTimer
L 03/27/2026 - 19:33:16: [SM]   [1] Line 53, C:\Users\Moises\Downloads\Compressed\sourcemod-1.11.0-git6968-windows\addons\sourcemod\scripting\l4d2_playerjoining_v2.sp::OnClientDisconnect
L 03/27/2026 - 19:33:16: [SM] Exception reported: Invalid timer handle 81c00550 (error 1)
L 03/27/2026 - 19:33:16: [SM] Blaming: l4d2_playerjoining_v2.smx
L 03/27/2026 - 19:33:16: [SM] Call stack trace:
L 03/27/2026 - 19:33:16: [SM]   [0] KillTimer
L 03/27/2026 - 19:33:16: [SM]   [1] Line 53, C:\Users\Moises\Downloads\Compressed\sourcemod-1.11.0-git6968-windows\addons\sourcemod\scripting\l4d2_playerjoining_v2.sp::OnClientDisconnect
L 03/27/2026 - 19:33:16: [SM] Exception reported: Invalid timer handle 18100595 (error 1)
L 03/27/2026 - 19:33:16: [SM] Blaming: l4d2_playerjoining_v2.smx
L 03/27/2026 - 19:33:16: [SM] Call stack trace:
L 03/27/2026 - 19:33:16: [SM]   [0] KillTimer
L 03/27/2026 - 19:33:16: [SM]   [1] Line 53, C:\Users\Moises\Downloads\Compressed\sourcemod-1.11.0-git6968-windows\addons\sourcemod\scripting\l4d2_playerjoining_v2.sp::OnClientDisconnect
L 03/27/2026 - 19:33:16: [SM] Exception reported: Invalid timer handle d9d005a0 (error 3)
L 03/27/2026 - 19:33:16: [SM] Blaming: l4d2_playerjoining_v2.smx
L 03/27/2026 - 19:33:16: [SM] Call stack trace:
L 03/27/2026 - 19:33:16: [SM]   [0] KillTimer
L 03/27/2026 - 19:33:16: [SM]   [1] Line 53, C:\Users\Moises\Downloads\Compressed\sourcemod-1.11.0-git6968-windows\addons\sourcemod\scripting\l4d2_playerjoining_v2.sp::OnClientDisconnect
L 03/27/2026 - 19:33:16: [SM] Exception reported: Invalid timer handle ce0005af (error 1)
L 03/27/2026 - 19:33:16: [SM] Blaming: l4d2_playerjoining_v2.smx
L 03/27/2026 - 19:33:16: [SM] Call stack trace:
L 03/27/2026 - 19:33:16: [SM]   [0] KillTimer
L 03/27/2026 - 19:33:16: [SM]   [1] Line 53, C:\Users\Moises\Downloads\Compressed\sourcemod-1.11.0-git6968-windows\addons\sourcemod\scripting\l4d2_playerjoining_v2.sp::OnClientDisconnect
L 03/27/2026 - 19:33:18: Error log file session closed.
L 03/27/2026 - 19:33:18: SourceMod error session started
L 03/27/2026 - 19:33:18: Info (map "c2m2_fairgrounds") (file "d:\steamlibrary\steamapps\common\left 4 dead 2\left4dead2\addons\sourcemod\logs\errors_20260327.log")
L 03/27/2026 - 19:33:18: [SM] Fatal error encountered parsing translation file "l4d_nth.phrases.txt"
L 03/27/2026 - 19:33:18: [SM] Error (line 0, column 0): Stream failed to open
L 03/27/2026 - 19:33:18: [SM] Fatal error encountered parsing translation file "chargersteering.phrases.txt"
L 03/27/2026 - 19:33:18: [SM] Error (line 0, column 0): Stream failed to open
L 03/27/2026 - 19:33:18: [SM] Fatal error encountered parsing translation file "l4dmultislots.phrases.txt"
L 03/27/2026 - 19:33:18: [SM] Error (line 0, column 0): Stream failed to open
L 03/27/2026 - 19:33:21: [SM] Exception reported: Invalid convar handle 0 (error 4)
L 03/27/2026 - 19:33:21: [SM] Blaming: ÒankrunFixhealth.smx
L 03/27/2026 - 19:33:21: [SM] Call stack trace:
L 03/27/2026 - 19:33:21: [SM]   [0] GetConVarString
L 03/27/2026 - 19:33:21: [SM]   [1] Line 138, C:\Users\Moises\Downloads\Compressed\sourcemod-1.11.0-git6968-windows\addons\sourcemod\scripting\ÒankrunFixhealth.sp::IsTankRunActive
L 03/27/2026 - 19:33:21: [SM]   [2] Line 54, C:\Users\Moises\Downloads\Compressed\sourcemod-1.11.0-git6968-windows\addons\sourcemod\scripting\ÒankrunFixhealth.sp::Event_RoundStart
L 03/27/2026 - 19:33:21: [l4d2_publicity.smx] [Publicity] No se encontraron mensajes en el archivo de configuraci√≥n
L 03/27/2026 - 19:33:29: [SM] Exception reported: Invalid convar handle 0 (error 4)
L 03/27/2026 - 19:33:29: [SM] Blaming: ÒankrunFixhealth.smx
L 03/27/2026 - 19:33:29: [SM] Call stack trace:
L 03/27/2026 - 19:33:29: [SM]   [0] GetConVarString
L 03/27/2026 - 19:33:29: [SM]   [1] Line 138, C:\Users\Moises\Downloads\Compressed\sourcemod-1.11.0-git6968-windows\addons\sourcemod\scripting\ÒankrunFixhealth.sp::IsTankRunActive
L 03/27/2026 - 19:33:29: [SM]   [2] Line 36, C:\Users\Moises\Downloads\Compressed\sourcemod-1.11.0-git6968-windows\addons\sourcemod\scripting\ÒankrunFixhealth.sp::Timer_PeriodicCheck
L 03/27/2026 - 19:33:42: [SM] Exception reported: Invalid timer handle 29f00559 (error 1)
L 03/27/2026 - 19:33:42: [SM] Blaming: l4d2_playerjoining_v2.smx
L 03/27/2026 - 19:33:42: [SM] Call stack trace:
L 03/27/2026 - 19:33:42: [SM]   [0] KillTimer
L 03/27/2026 - 19:33:42: [SM]   [1] Line 53, C:\Users\Moises\Downloads\Compressed\sourcemod-1.11.0-git6968-windows\addons\sourcemod\scripting\l4d2_playerjoining_v2.sp::OnClientDisconnect
L 03/27/2026 - 19:33:43: [SM] Exception reported: Invalid convar handle 0 (error 4)
L 03/27/2026 - 19:33:43: [SM] Blaming: ÒankrunFixhealth.smx
L 03/27/2026 - 19:33:43: [SM] Call stack trace:
L 03/27/2026 - 19:33:43: [SM]   [0] GetConVarString
L 03/27/2026 - 19:33:43: [SM]   [1] Line 138, C:\Users\Moises\Downloads\Compressed\sourcemod-1.11.0-git6968-windows\addons\sourcemod\scripting\ÒankrunFixhealth.sp::IsTankRunActive
L 03/27/2026 - 19:33:43: [SM]   [2] Line 36, C:\Users\Moises\Downloads\Compressed\sourcemod-1.11.0-git6968-windows\addons\sourcemod\scripting\ÒankrunFixhealth.sp::Timer_PeriodicCheck
L 03/27/2026 - 19:33:45: [SM] Exception reported: Invalid timer handle d1200587 (error 1)
L 03/27/2026 - 19:33:45: [SM] Blaming: l4d2_playerjoining_v2.smx
L 03/27/2026 - 19:33:45: [SM] Call stack trace:
L 03/27/2026 - 19:33:45: [SM]   [0] KillTimer
L 03/27/2026 - 19:33:45: [SM]   [1] Line 53, C:\Users\Moises\Downloads\Compressed\sourcemod-1.11.0-git6968-windows\addons\sourcemod\scripting\l4d2_playerjoining_v2.sp::OnClientDisconnect
L 03/27/2026 - 19:33:45: [SM] Exception reported: Invalid timer handle d300058e (error 1)
L 03/27/2026 - 19:33:45: [SM] Blaming: l4d2_playerjoining_v2.smx
L 03/27/2026 - 19:33:45: [SM] Call stack trace:
L 03/27/2026 - 19:33:45: [SM]   [0] KillTimer
L 03/27/2026 - 19:33:45: [SM]   [1] Line 53, C:\Users\Moises\Downloads\Compressed\sourcemod-1.11.0-git6968-windows\addons\sourcemod\scripting\l4d2_playerjoining_v2.sp::OnClientDisconnect
L 03/27/2026 - 19:33:53: [SM] Exception reported: Invalid convar handle 0 (error 4)
L 03/27/2026 - 19:33:53: [SM] Blaming: ÒankrunFixhealth.smx
L 03/27/2026 - 19:33:53: [SM] Call stack trace:
L 03/27/2026 - 19:33:53: [SM]   [0] GetConVarString
L 03/27/2026 - 19:33:53: [SM]   [1] Line 138, C:\Users\Moises\Downloads\Compressed\sourcemod-1.11.0-git6968-windows\addons\sourcemod\scripting\ÒankrunFixhealth.sp::IsTankRunActive
L 03/27/2026 - 19:33:53: [SM]   [2] Line 36, C:\Users\Moises\Downloads\Compressed\sourcemod-1.11.0-git6968-windows\addons\sourcemod\scripting\ÒankrunFixhealth.sp::Timer_PeriodicCheck
L 03/27/2026 - 19:34:03: [SM] Exception reported: Invalid convar handle 0 (error 4)
L 03/27/2026 - 19:34:03: [SM] Blaming: ÒankrunFixhealth.smx
L 03/27/2026 - 19:34:03: [SM] Call stack trace:
L 03/27/2026 - 19:34:03: [SM]   [0] GetConVarString
L 03/27/2026 - 19:34:03: [SM]   [1] Line 138, C:\Users\Moises\Downloads\Compressed\sourcemod-1.11.0-git6968-windows\addons\sourcemod\scripting\ÒankrunFixhealth.sp::IsTankRunActive
L 03/27/2026 - 19:34:03: [SM]   [2] Line 36, C:\Users\Moises\Downloads\Compressed\sourcemod-1.11.0-git6968-windows\addons\sourcemod\scripting\ÒankrunFixhealth.sp::Timer_PeriodicCheck
L 03/27/2026 - 19:34:12: [SM] Exception reported: Invalid timer handle 29f00559 (error 1)
L 03/27/2026 - 19:34:12: [SM] Blaming: l4d2_playerjoining_v2.smx
L 03/27/2026 - 19:34:12: [SM] Call stack trace:
L 03/27/2026 - 19:34:12: [SM]   [0] KillTimer
L 03/27/2026 - 19:34:12: [SM]   [1] Line 53, C:\Users\Moises\Downloads\Compressed\sourcemod-1.11.0-git6968-windows\addons\sourcemod\scripting\l4d2_playerjoining_v2.sp::OnClientDisconnect
L 03/27/2026 - 19:34:13: [SM] Exception reported: Invalid convar handle 0 (error 4)
L 03/27/2026 - 19:34:13: [SM] Blaming: ÒankrunFixhealth.smx
L 03/27/2026 - 19:34:13: [SM] Call stack trace:
L 03/27/2026 - 19:34:13: [SM]   [0] GetConVarString
L 03/27/2026 - 19:34:13: [SM]   [1] Line 138, C:\Users\Moises\Downloads\Compressed\sourcemod-1.11.0-git6968-windows\addons\sourcemod\scripting\ÒankrunFixhealth.sp::IsTankRunActive
L 03/27/2026 - 19:34:13: [SM]   [2] Line 36, C:\Users\Moises\Downloads\Compressed\sourcemod-1.11.0-git6968-windows\addons\sourcemod\scripting\ÒankrunFixhealth.sp::Timer_PeriodicCheck
L 03/27/2026 - 19:34:18: [SM] Exception reported: Invalid convar handle 0 (error 4)
L 03/27/2026 - 19:34:18: [SM] Blaming: ÒankrunFixhealth.smx
L 03/27/2026 - 19:34:18: [SM] Call stack trace:
L 03/27/2026 - 19:34:18: [SM]   [0] GetConVarString
L 03/27/2026 - 19:34:18: [SM]   [1] Line 138, C:\Users\Moises\Downloads\Compressed\sourcemod-1.11.0-git6968-windows\addons\sourcemod\scripting\ÒankrunFixhealth.sp::IsTankRunActive
L 03/27/2026 - 19:34:18: [SM]   [2] Line 79, C:\Users\Moises\Downloads\Compressed\sourcemod-1.11.0-git6968-windows\addons\sourcemod\scripting\ÒankrunFixhealth.sp::Event_PlayerDeath
L 03/27/2026 - 19:34:23: [SM] Exception reported: Invalid convar handle 0 (error 4)
L 03/27/2026 - 19:34:23: [SM] Blaming: ÒankrunFixhealth.smx
L 03/27/2026 - 19:34:23: [SM] Call stack trace:
L 03/27/2026 - 19:34:23: [SM]   [0] GetConVarString
L 03/27/2026 - 19:34:23: [SM]   [1] Line 138, C:\Users\Moises\Downloads\Compressed\sourcemod-1.11.0-git6968-windows\addons\sourcemod\scripting\ÒankrunFixhealth.sp::IsTankRunActive
L 03/27/2026 - 19:34:23: [SM]   [2] Line 36, C:\Users\Moises\Downloads\Compressed\sourcemod-1.11.0-git6968-windows\addons\sourcemod\scripting\ÒankrunFixhealth.sp::Timer_PeriodicCheck
L 03/27/2026 - 19:34:30: [SM] Exception reported: Language phrase "Please wait to be revived or rescued" not found (arg 6)
L 03/27/2026 - 19:34:30: [SM] Blaming: l4dmultislots.smx
L 03/27/2026 - 19:34:30: [SM] Call stack trace:
L 03/27/2026 - 19:34:30: [SM]   [0] PrintToChat
L 03/27/2026 - 19:34:30: [SM]   [1] Line 953, d:\Github\Private-Work\L4D2-Êèí‰ª∂\scripting_1.11\l4dmultislots.sp::Timer_SpecCheck
L 03/27/2026 - 19:34:33: [SM] Exception reported: Invalid convar handle 0 (error 4)
L 03/27/2026 - 19:34:33: [SM] Blaming: ÒankrunFixhealth.smx
L 03/27/2026 - 19:34:33: [SM] Call stack trace:
L 03/27/2026 - 19:34:33: [SM]   [0] GetConVarString
L 03/27/2026 - 19:34:33: [SM]   [1] Line 138, C:\Users\Moises\Downloads\Compressed\sourcemod-1.11.0-git6968-windows\addons\sourcemod\scripting\ÒankrunFixhealth.sp::IsTankRunActive
L 03/27/2026 - 19:34:33: [SM]   [2] Line 36, C:\Users\Moises\Downloads\Compressed\sourcemod-1.11.0-git6968-windows\addons\sourcemod\scripting\ÒankrunFixhealth.sp::Timer_PeriodicCheck
L 03/27/2026 - 19:34:43: [SM] Exception reported: Invalid convar handle 0 (error 4)
L 03/27/2026 - 19:34:43: [SM] Blaming: ÒankrunFixhealth.smx
L 03/27/2026 - 19:34:43: [SM] Call stack trace:
L 03/27/2026 - 19:34:43: [SM]   [0] GetConVarString
L 03/27/2026 - 19:34:43: [SM]   [1] Line 138, C:\Users\Moises\Downloads\Compressed\sourcemod-1.11.0-git6968-windows\addons\sourcemod\scripting\ÒankrunFixhealth.sp::IsTankRunActive
L 03/27/2026 - 19:34:43: [SM]   [2] Line 36, C:\Users\Moises\Downloads\Compressed\sourcemod-1.11.0-git6968-windows\addons\sourcemod\scripting\ÒankrunFixhealth.sp::Timer_PeriodicCheck
L 03/27/2026 - 19:34:53: [SM] Exception reported: Invalid convar handle 0 (error 4)
L 03/27/2026 - 19:34:53: [SM] Blaming: ÒankrunFixhealth.smx
L 03/27/2026 - 19:34:53: [SM] Call stack trace:
L 03/27/2026 - 19:34:53: [SM]   [0] GetConVarString
L 03/27/2026 - 19:34:53: [SM]   [1] Line 138, C:\Users\Moises\Downloads\Compressed\sourcemod-1.11.0-git6968-windows\addons\sourcemod\scripting\ÒankrunFixhealth.sp::IsTankRunActive
L 03/27/2026 - 19:34:53: [SM]   [2] Line 36, C:\Users\Moises\Downloads\Compressed\sourcemod-1.11.0-git6968-windows\addons\sourcemod\scripting\ÒankrunFixhealth.sp::Timer_PeriodicCheck
L 03/27/2026 - 19:34:55: [SM] Exception reported: Language phrase "Please wait to be revived or rescued" not found (arg 6)
L 03/27/2026 - 19:34:55: [SM] Blaming: l4dmultislots.smx
L 03/27/2026 - 19:34:55: [SM] Call stack trace:
L 03/27/2026 - 19:34:55: [SM]   [0] PrintToChat
L 03/27/2026 - 19:34:55: [SM]   [1] Line 953, d:\Github\Private-Work\L4D2-Êèí‰ª∂\scripting_1.11\l4dmultislots.sp::Timer_SpecCheck
L 03/27/2026 - 19:35:03: [SM] Exception reported: Invalid convar handle 0 (error 4)
L 03/27/2026 - 19:35:03: [SM] Blaming: ÒankrunFixhealth.smx
L 03/27/2026 - 19:35:03: [SM] Call stack trace:
L 03/27/2026 - 19:35:03: [SM]   [0] GetConVarString
L 03/27/2026 - 19:35:03: [SM]   [1] Line 138, C:\Users\Moises\Downloads\Compressed\sourcemod-1.11.0-git6968-windows\addons\sourcemod\scripting\ÒankrunFixhealth.sp::IsTankRunActive
L 03/27/2026 - 19:35:03: [SM]   [2] Line 36, C:\Users\Moises\Downloads\Compressed\sourcemod-1.11.0-git6968-windows\addons\sourcemod\scripting\ÒankrunFixhealth.sp::Timer_PeriodicCheck
L 03/27/2026 - 19:35:13: [SM] Exception reported: Invalid convar handle 0 (error 4)
L 03/27/2026 - 19:35:13: [SM] Blaming: ÒankrunFixhealth.smx
L 03/27/2026 - 19:35:13: [SM] Call stack trace:
L 03/27/2026 - 19:35:13: [SM]   [0] GetConVarString
L 03/27/2026 - 19:35:13: [SM]   [1] Line 138, C:\Users\Moises\Downloads\Compressed\sourcemod-1.11.0-git6968-windows\addons\sourcemod\scripting\ÒankrunFixhealth.sp::IsTankRunActive
L 03/27/2026 - 19:35:13: [SM]   [2] Line 36, C:\Users\Moises\Downloads\Compressed\sourcemod-1.11.0-git6968-windows\addons\sourcemod\scripting\ÒankrunFixhealth.sp::Timer_PeriodicCheck
L 03/27/2026 - 19:35:20: [SM] Exception reported: Language phrase "Please wait to be revived or rescued" not found (arg 6)
L 03/27/2026 - 19:35:20: [SM] Blaming: l4dmultislots.smx
L 03/27/2026 - 19:35:20: [SM] Call stack trace:
L 03/27/2026 - 19:35:20: [SM]   [0] PrintToChat
L 03/27/2026 - 19:35:20: [SM]   [1] Line 953, d:\Github\Private-Work\L4D2-Êèí‰ª∂\scripting_1.11\l4dmultislots.sp::Timer_SpecCheck
L 03/27/2026 - 19:35:23: [SM] Exception reported: Invalid convar handle 0 (error 4)
L 03/27/2026 - 19:35:23: [SM] Blaming: ÒankrunFixhealth.smx
L 03/27/2026 - 19:35:23: [SM] Call stack trace:
L 03/27/2026 - 19:35:23: [SM]   [0] GetConVarString
L 03/27/2026 - 19:35:23: [SM]   [1] Line 138, C:\Users\Moises\Downloads\Compressed\sourcemod-1.11.0-git6968-windows\addons\sourcemod\scripting\ÒankrunFixhealth.sp::IsTankRunActive
L 03/27/2026 - 19:35:23: [SM]   [2] Line 36, C:\Users\Moises\Downloads\Compressed\sourcemod-1.11.0-git6968-windows\addons\sourcemod\scripting\ÒankrunFixhealth.sp::Timer_PeriodicCheck
L 03/27/2026 - 19:35:27: [SM] Exception reported: Invalid convar handle 0 (error 4)
L 03/27/2026 - 19:35:27: [SM] Blaming: ÒankrunFixhealth.smx
L 03/27/2026 - 19:35:27: [SM] Call stack trace:
L 03/27/2026 - 19:35:27: [SM]   [0] GetConVarString
L 03/27/2026 - 19:35:27: [SM]   [1] Line 138, C:\Users\Moises\Downloads\Compressed\sourcemod-1.11.0-git6968-windows\addons\sourcemod\scripting\ÒankrunFixhealth.sp::IsTankRunActive
L 03/27/2026 - 19:35:27: [SM]   [2] Line 79, C:\Users\Moises\Downloads\Compressed\sourcemod-1.11.0-git6968-windows\addons\sourcemod\scripting\ÒankrunFixhealth.sp::Event_PlayerDeath
L 03/27/2026 - 19:35:33: [SM] Exception reported: Invalid convar handle 0 (error 4)
L 03/27/2026 - 19:35:33: [SM] Blaming: ÒankrunFixhealth.smx
L 03/27/2026 - 19:35:33: [SM] Call stack trace:
L 03/27/2026 - 19:35:33: [SM]   [0] GetConVarString
L 03/27/2026 - 19:35:33: [SM]   [1] Line 138, C:\Users\Moises\Downloads\Compressed\sourcemod-1.11.0-git6968-windows\addons\sourcemod\scripting\ÒankrunFixhealth.sp::IsTankRunActive
L 03/27/2026 - 19:35:33: [SM]   [2] Line 36, C:\Users\Moises\Downloads\Compressed\sourcemod-1.11.0-git6968-windows\addons\sourcemod\scripting\ÒankrunFixhealth.sp::Timer_PeriodicCheck
L 03/27/2026 - 19:35:37: [SM] Exception reported: Invalid convar handle 0 (error 4)
L 03/27/2026 - 19:35:37: [SM] Blaming: ÒankrunFixhealth.smx
L 03/27/2026 - 19:35:37: [SM] Call stack trace:
L 03/27/2026 - 19:35:37: [SM]   [0] GetConVarString
L 03/27/2026 - 19:35:37: [SM]   [1] Line 138, C:\Users\Moises\Downloads\Compressed\sourcemod-1.11.0-git6968-windows\addons\sourcemod\scripting\ÒankrunFixhealth.sp::IsTankRunActive
L 03/27/2026 - 19:35:37: [SM]   [2] Line 79, C:\Users\Moises\Downloads\Compressed\sourcemod-1.11.0-git6968-windows\addons\sourcemod\scripting\ÒankrunFixhealth.sp::Event_PlayerDeath
L 03/27/2026 - 19:35:43: [SM] Exception reported: Invalid convar handle 0 (error 4)
L 03/27/2026 - 19:35:43: [SM] Blaming: ÒankrunFixhealth.smx
L 03/27/2026 - 19:35:43: [SM] Call stack trace:
L 03/27/2026 - 19:35:43: [SM]   [0] GetConVarString
L 03/27/2026 - 19:35:43: [SM]   [1] Line 138, C:\Users\Moises\Downloads\Compressed\sourcemod-1.11.0-git6968-windows\addons\sourcemod\scripting\ÒankrunFixhealth.sp::IsTankRunActive
L 03/27/2026 - 19:35:43: [SM]   [2] Line 36, C:\Users\Moises\Downloads\Compressed\sourcemod-1.11.0-git6968-windows\addons\sourcemod\scripting\ÒankrunFixhealth.sp::Timer_PeriodicCheck
L 03/27/2026 - 19:35:45: [SM] Exception reported: Language phrase "Please wait to be revived or rescued" not found (arg 6)
L 03/27/2026 - 19:35:45: [SM] Blaming: l4dmultislots.smx
L 03/27/2026 - 19:35:45: [SM] Call stack trace:
L 03/27/2026 - 19:35:45: [SM]   [0] PrintToChat
L 03/27/2026 - 19:35:45: [SM]   [1] Line 953, d:\Github\Private-Work\L4D2-Êèí‰ª∂\scripting_1.11\l4dmultislots.sp::Timer_SpecCheck
L 03/27/2026 - 19:35:53: [SM] Exception reported: Invalid convar handle 0 (error 4)
L 03/27/2026 - 19:35:53: [SM] Blaming: ÒankrunFixhealth.smx
L 03/27/2026 - 19:35:53: [SM] Call stack trace:
L 03/27/2026 - 19:35:53: [SM]   [0] GetConVarString
L 03/27/2026 - 19:35:53: [SM]   [1] Line 138, C:\Users\Moises\Downloads\Compressed\sourcemod-1.11.0-git6968-windows\addons\sourcemod\scripting\ÒankrunFixhealth.sp::IsTankRunActive
L 03/27/2026 - 19:35:53: [SM]   [2] Line 36, C:\Users\Moises\Downloads\Compressed\sourcemod-1.11.0-git6968-windows\addons\sourcemod\scripting\ÒankrunFixhealth.sp::Timer_PeriodicCheck
L 03/27/2026 - 19:36:02: [SM] Exception reported: Invalid convar handle 0 (error 4)
L 03/27/2026 - 19:36:02: [SM] Blaming: ÒankrunFixhealth.smx
L 03/27/2026 - 19:36:02: [SM] Call stack trace:
L 03/27/2026 - 19:36:02: [SM]   [0] GetConVarString
L 03/27/2026 - 19:36:02: [SM]   [1] Line 138, C:\Users\Moises\Downloads\Compressed\sourcemod-1.11.0-git6968-windows\addons\sourcemod\scripting\ÒankrunFixhealth.sp::IsTankRunActive
L 03/27/2026 - 19:36:02: [SM]   [2] Line 79, C:\Users\Moises\Downloads\Compressed\sourcemod-1.11.0-git6968-windows\addons\sourcemod\scripting\ÒankrunFixhealth.sp::Event_PlayerDeath
L 03/27/2026 - 19:36:03: [SM] Exception reported: Invalid convar handle 0 (error 4)
L 03/27/2026 - 19:36:03: [SM] Blaming: ÒankrunFixhealth.smx
L 03/27/2026 - 19:36:03: [SM] Call stack trace:
L 03/27/2026 - 19:36:03: [SM]   [0] GetConVarString
L 03/27/2026 - 19:36:03: [SM]   [1] Line 138, C:\Users\Moises\Downloads\Compressed\sourcemod-1.11.0-git6968-windows\addons\sourcemod\scripting\ÒankrunFixhealth.sp::IsTankRunActive
L 03/27/2026 - 19:36:03: [SM]   [2] Line 36, C:\Users\Moises\Downloads\Compressed\sourcemod-1.11.0-git6968-windows\addons\sourcemod\scripting\ÒankrunFixhealth.sp::Timer_PeriodicCheck
L 03/27/2026 - 19:36:10: [SM] Exception reported: Language phrase "Please wait to be revived or rescued" not found (arg 6)
L 03/27/2026 - 19:36:10: [SM] Blaming: l4dmultislots.smx
L 03/27/2026 - 19:36:10: [SM] Call stack trace:
L 03/27/2026 - 19:36:10: [SM]   [0] PrintToChat
L 03/27/2026 - 19:36:10: [SM]   [1] Line 953, d:\Github\Private-Work\L4D2-Êèí‰ª∂\scripting_1.11\l4dmultislots.sp::Timer_SpecCheck
L 03/27/2026 - 19:36:13: [SM] Exception reported: Invalid convar handle 0 (error 4)
L 03/27/2026 - 19:36:13: [SM] Blaming: ÒankrunFixhealth.smx
L 03/27/2026 - 19:36:13: [SM] Call stack trace:
L 03/27/2026 - 19:36:13: [SM]   [0] GetConVarString
L 03/27/2026 - 19:36:13: [SM]   [1] Line 138, C:\Users\Moises\Downloads\Compressed\sourcemod-1.11.0-git6968-windows\addons\sourcemod\scripting\ÒankrunFixhealth.sp::IsTankRunActive
L 03/27/2026 - 19:36:13: [SM]   [2] Line 36, C:\Users\Moises\Downloads\Compressed\sourcemod-1.11.0-git6968-windows\addons\sourcemod\scripting\ÒankrunFixhealth.sp::Timer_PeriodicCheck
L 03/27/2026 - 19:36:23: [SM] Exception reported: Invalid convar handle 0 (error 4)
L 03/27/2026 - 19:36:23: [SM] Blaming: ÒankrunFixhealth.smx
L 03/27/2026 - 19:36:23: [SM] Call stack trace:
L 03/27/2026 - 19:36:23: [SM]   [0] GetConVarString
L 03/27/2026 - 19:36:23: [SM]   [1] Line 138, C:\Users\Moises\Downloads\Compressed\sourcemod-1.11.0-git6968-windows\addons\sourcemod\scripting\ÒankrunFixhealth.sp::IsTankRunActive
L 03/27/2026 - 19:36:23: [SM]   [2] Line 36, C:\Users\Moises\Downloads\Compressed\sourcemod-1.11.0-git6968-windows\addons\sourcemod\scripting\ÒankrunFixhealth.sp::Timer_PeriodicCheck
L 03/27/2026 - 19:36:33: [SM] Exception reported: Invalid convar handle 0 (error 4)
L 03/27/2026 - 19:36:33: [SM] Blaming: ÒankrunFixhealth.smx
L 03/27/2026 - 19:36:33: [SM] Call stack trace:
L 03/27/2026 - 19:36:33: [SM]   [0] GetConVarString
L 03/27/2026 - 19:36:33: [SM]   [1] Line 138, C:\Users\Moises\Downloads\Compressed\sourcemod-1.11.0-git6968-windows\addons\sourcemod\scripting\ÒankrunFixhealth.sp::IsTankRunActive
L 03/27/2026 - 19:36:33: [SM]   [2] Line 36, C:\Users\Moises\Downloads\Compressed\sourcemod-1.11.0-git6968-windows\addons\sourcemod\scripting\ÒankrunFixhealth.sp::Timer_PeriodicCheck
L 03/27/2026 - 19:36:35: [SM] Exception reported: Language phrase "Please wait to be revived or rescued" not found (arg 6)
L 03/27/2026 - 19:36:35: [SM] Blaming: l4dmultislots.smx
L 03/27/2026 - 19:36:35: [SM] Call stack trace:
L 03/27/2026 - 19:36:35: [SM]   [0] PrintToChat
L 03/27/2026 - 19:36:35: [SM]   [1] Line 953, d:\Github\Private-Work\L4D2-Êèí‰ª∂\scripting_1.11\l4dmultislots.sp::Timer_SpecCheck
L 03/27/2026 - 19:36:36: [SM] Exception reported: Invalid convar handle 0 (error 4)
L 03/27/2026 - 19:36:36: [SM] Blaming: ÒankrunFixhealth.smx
L 03/27/2026 - 19:36:36: [SM] Call stack trace:
L 03/27/2026 - 19:36:36: [SM]   [0] GetConVarString
L 03/27/2026 - 19:36:36: [SM]   [1] Line 138, C:\Users\Moises\Downloads\Compressed\sourcemod-1.11.0-git6968-windows\addons\sourcemod\scripting\ÒankrunFixhealth.sp::IsTankRunActive
L 03/27/2026 - 19:36:36: [SM]   [2] Line 79, C:\Users\Moises\Downloads\Compressed\sourcemod-1.11.0-git6968-windows\addons\sourcemod\scripting\ÒankrunFixhealth.sp::Event_PlayerDeath
L 03/27/2026 - 19:36:43: [SM] Exception reported: Invalid convar handle 0 (error 4)
L 03/27/2026 - 19:36:43: [SM] Blaming: ÒankrunFixhealth.smx
L 03/27/2026 - 19:36:43: [SM] Call stack trace:
L 03/27/2026 - 19:36:43: [SM]   [0] GetConVarString
L 03/27/2026 - 19:36:43: [SM]   [1] Line 138, C:\Users\Moises\Downloads\Compressed\sourcemod-1.11.0-git6968-windows\addons\sourcemod\scripting\ÒankrunFixhealth.sp::IsTankRunActive
L 03/27/2026 - 19:36:43: [SM]   [2] Line 79, C:\Users\Moises\Downloads\Compressed\sourcemod-1.11.0-git6968-windows\addons\sourcemod\scripting\ÒankrunFixhealth.sp::Event_PlayerDeath
L 03/27/2026 - 19:36:43: [SM] Exception reported: Invalid timer handle d9d005a0 (error 3)
L 03/27/2026 - 19:36:43: [SM] Blaming: l4d2_playerjoining_v2.smx
L 03/27/2026 - 19:36:43: [SM] Call stack trace:
L 03/27/2026 - 19:36:43: [SM]   [0] KillTimer
L 03/27/2026 - 19:36:43: [SM]   [1] Line 53, C:\Users\Moises\Downloads\Compressed\sourcemod-1.11.0-git6968-windows\addons\sourcemod\scripting\l4d2_playerjoining_v2.sp::OnClientDisconnect
L 03/27/2026 - 19:36:43: [SM] Exception reported: Invalid convar handle 0 (error 4)
L 03/27/2026 - 19:36:43: [SM] Blaming: ÒankrunFixhealth.smx
L 03/27/2026 - 19:36:43: [SM] Call stack trace:
L 03/27/2026 - 19:36:43: [SM]   [0] GetConVarString
L 03/27/2026 - 19:36:43: [SM]   [1] Line 138, C:\Users\Moises\Downloads\Compressed\sourcemod-1.11.0-git6968-windows\addons\sourcemod\scripting\ÒankrunFixhealth.sp::IsTankRunActive
L 03/27/2026 - 19:36:43: [SM]   [2] Line 36, C:\Users\Moises\Downloads\Compressed\sourcemod-1.11.0-git6968-windows\addons\sourcemod\scripting\ÒankrunFixhealth.sp::Timer_PeriodicCheck
L 03/27/2026 - 19:36:47: [SM] Exception reported: Invalid convar handle 0 (error 4)
L 03/27/2026 - 19:36:47: [SM] Blaming: ÒankrunFixhealth.smx
L 03/27/2026 - 19:36:47: [SM] Call stack trace:
L 03/27/2026 - 19:36:47: [SM]   [0] GetConVarString
L 03/27/2026 - 19:36:47: [SM]   [1] Line 138, C:\Users\Moises\Downloads\Compressed\sourcemod-1.11.0-git6968-windows\addons\sourcemod\scripting\ÒankrunFixhealth.sp::IsTankRunActive
L 03/27/2026 - 19:36:47: [SM]   [2] Line 79, C:\Users\Moises\Downloads\Compressed\sourcemod-1.11.0-git6968-windows\addons\sourcemod\scripting\ÒankrunFixhealth.sp::Event_PlayerDeath
L 03/27/2026 - 19:36:51: [SM] Exception reported: Invalid timer handle d9d005a0 (error 3)
L 03/27/2026 - 19:36:51: [SM] Blaming: l4d2_playerjoining_v2.smx
L 03/27/2026 - 19:36:51: [SM] Call stack trace:
L 03/27/2026 - 19:36:51: [SM]   [0] KillTimer
L 03/27/2026 - 19:36:51: [SM]   [1] Line 53, C:\Users\Moises\Downloads\Compressed\sourcemod-1.11.0-git6968-windows\addons\sourcemod\scripting\l4d2_playerjoining_v2.sp::OnClientDisconnect
L 03/27/2026 - 19:36:53: [SM] Exception reported: Invalid convar handle 0 (error 4)
L 03/27/2026 - 19:36:53: [SM] Blaming: ÒankrunFixhealth.smx
L 03/27/2026 - 19:36:53: [SM] Call stack trace:
L 03/27/2026 - 19:36:53: [SM]   [0] GetConVarString
L 03/27/2026 - 19:36:53: [SM]   [1] Line 138, C:\Users\Moises\Downloads\Compressed\sourcemod-1.11.0-git6968-windows\addons\sourcemod\scripting\ÒankrunFixhealth.sp::IsTankRunActive
L 03/27/2026 - 19:36:53: [SM]   [2] Line 36, C:\Users\Moises\Downloads\Compressed\sourcemod-1.11.0-git6968-windows\addons\sourcemod\scripting\ÒankrunFixhealth.sp::Timer_PeriodicCheck
L 03/27/2026 - 19:37:00: [SM] Exception reported: Language phrase "Please wait to be revived or rescued" not found (arg 6)
L 03/27/2026 - 19:37:00: [SM] Blaming: l4dmultislots.smx
L 03/27/2026 - 19:37:00: [SM] Call stack trace:
L 03/27/2026 - 19:37:00: [SM]   [0] PrintToChat
L 03/27/2026 - 19:37:00: [SM]   [1] Line 953, d:\Github\Private-Work\L4D2-Êèí‰ª∂\scripting_1.11\l4dmultislots.sp::Timer_SpecCheck
L 03/27/2026 - 19:37:03: [SM] Exception reported: Invalid convar handle 0 (error 4)
L 03/27/2026 - 19:37:03: [SM] Blaming: ÒankrunFixhealth.smx
L 03/27/2026 - 19:37:03: [SM] Call stack trace:
L 03/27/2026 - 19:37:03: [SM]   [0] GetConVarString
L 03/27/2026 - 19:37:03: [SM]   [1] Line 138, C:\Users\Moises\Downloads\Compressed\sourcemod-1.11.0-git6968-windows\addons\sourcemod\scripting\ÒankrunFixhealth.sp::IsTankRunActive
L 03/27/2026 - 19:37:03: [SM]   [2] Line 79, C:\Users\Moises\Downloads\Compressed\sourcemod-1.11.0-git6968-windows\addons\sourcemod\scripting\ÒankrunFixhealth.sp::Event_PlayerDeath
L 03/27/2026 - 19:37:03: [SM] Exception reported: Invalid convar handle 0 (error 4)
L 03/27/2026 - 19:37:03: [SM] Blaming: ÒankrunFixhealth.smx
L 03/27/2026 - 19:37:03: [SM] Call stack trace:
L 03/27/2026 - 19:37:03: [SM]   [0] GetConVarString
L 03/27/2026 - 19:37:03: [SM]   [1] Line 138, C:\Users\Moises\Downloads\Compressed\sourcemod-1.11.0-git6968-windows\addons\sourcemod\scripting\ÒankrunFixhealth.sp::IsTankRunActive
L 03/27/2026 - 19:37:03: [SM]   [2] Line 36, C:\Users\Moises\Downloads\Compressed\sourcemod-1.11.0-git6968-windows\addons\sourcemod\scripting\ÒankrunFixhealth.sp::Timer_PeriodicCheck
L 03/27/2026 - 19:37:03: [SM] Exception reported: Invalid convar handle 0 (error 4)
L 03/27/2026 - 19:37:03: [SM] Blaming: ÒankrunFixhealth.smx
L 03/27/2026 - 19:37:03: [SM] Call stack trace:
L 03/27/2026 - 19:37:03: [SM]   [0] GetConVarString
L 03/27/2026 - 19:37:03: [SM]   [1] Line 138, C:\Users\Moises\Downloads\Compressed\sourcemod-1.11.0-git6968-windows\addons\sourcemod\scripting\ÒankrunFixhealth.sp::IsTankRunActive
L 03/27/2026 - 19:37:03: [SM]   [2] Line 71, C:\Users\Moises\Downloads\Compressed\sourcemod-1.11.0-git6968-windows\addons\sourcemod\scripting\ÒankrunFixhealth.sp::Event_MapTransition
L 03/27/2026 - 19:37:12: [SM] Exception reported: Invalid timer handle d1200587 (error 3)
L 03/27/2026 - 19:37:12: [SM] Blaming: l4d2_playerjoining_v2.smx
L 03/27/2026 - 19:37:12: [SM] Call stack trace:
L 03/27/2026 - 19:37:12: [SM]   [0] KillTimer
L 03/27/2026 - 19:37:12: [SM]   [1] Line 53, C:\Users\Moises\Downloads\Compressed\sourcemod-1.11.0-git6968-windows\addons\sourcemod\scripting\l4d2_playerjoining_v2.sp::OnClientDisconnect
L 03/27/2026 - 19:37:12: [SM] Exception reported: Invalid timer handle 29f00559 (error 1)
L 03/27/2026 - 19:37:12: [SM] Blaming: l4d2_playerjoining_v2.smx
L 03/27/2026 - 19:37:12: [SM] Call stack trace:
L 03/27/2026 - 19:37:12: [SM]   [0] KillTimer
L 03/27/2026 - 19:37:12: [SM]   [1] Line 53, C:\Users\Moises\Downloads\Compressed\sourcemod-1.11.0-git6968-windows\addons\sourcemod\scripting\l4d2_playerjoining_v2.sp::OnClientDisconnect
L 03/27/2026 - 19:37:12: [SM] Exception reported: Invalid timer handle d300058e (error 1)
L 03/27/2026 - 19:37:12: [SM] Blaming: l4d2_playerjoining_v2.smx
L 03/27/2026 - 19:37:12: [SM] Call stack trace:
L 03/27/2026 - 19:37:12: [SM]   [0] KillTimer
L 03/27/2026 - 19:37:12: [SM]   [1] Line 53, C:\Users\Moises\Downloads\Compressed\sourcemod-1.11.0-git6968-windows\addons\sourcemod\scripting\l4d2_playerjoining_v2.sp::OnClientDisconnect
L 03/27/2026 - 19:37:12: [SM] Exception reported: Invalid timer handle a310055c (error 1)
L 03/27/2026 - 19:37:12: [SM] Blaming: l4d2_playerjoining_v2.smx
L 03/27/2026 - 19:37:12: [SM] Call stack trace:
L 03/27/2026 - 19:37:12: [SM]   [0] KillTimer
L 03/27/2026 - 19:37:12: [SM]   [1] Line 53, C:\Users\Moises\Downloads\Compressed\sourcemod-1.11.0-git6968-windows\addons\sourcemod\scripting\l4d2_playerjoining_v2.sp::OnClientDisconnect
L 03/27/2026 - 19:37:12: [SM] Exception reported: Invalid timer handle 3d60058b (error 3)
L 03/27/2026 - 19:37:12: [SM] Blaming: l4d2_playerjoining_v2.smx
L 03/27/2026 - 19:37:12: [SM] Call stack trace:
L 03/27/2026 - 19:37:12: [SM]   [0] KillTimer
L 03/27/2026 - 19:37:12: [SM]   [1] Line 53, C:\Users\Moises\Downloads\Compressed\sourcemod-1.11.0-git6968-windows\addons\sourcemod\scripting\l4d2_playerjoining_v2.sp::OnClientDisconnect
L 03/27/2026 - 19:37:12: [SM] Exception reported: Invalid timer handle 18100595 (error 3)
L 03/27/2026 - 19:37:12: [SM] Blaming: l4d2_playerjoining_v2.smx
L 03/27/2026 - 19:37:12: [SM] Call stack trace:
L 03/27/2026 - 19:37:12: [SM]   [0] KillTimer
L 03/27/2026 - 19:37:12: [SM]   [1] Line 53, C:\Users\Moises\Downloads\Compressed\sourcemod-1.11.0-git6968-windows\addons\sourcemod\scripting\l4d2_playerjoining_v2.sp::OnClientDisconnect
L 03/27/2026 - 19:37:12: [SM] Exception reported: Invalid timer handle ce0005af (error 3)
L 03/27/2026 - 19:37:12: [SM] Blaming: l4d2_playerjoining_v2.smx
L 03/27/2026 - 19:37:12: [SM] Call stack trace:
L 03/27/2026 - 19:37:12: [SM]   [0] KillTimer
L 03/27/2026 - 19:37:12: [SM]   [1] Line 53, C:\Users\Moises\Downloads\Compressed\sourcemod-1.11.0-git6968-windows\addons\sourcemod\scripting\l4d2_playerjoining_v2.sp::OnClientDisconnect
L 03/27/2026 - 19:37:14: Error log file session closed.
L 03/27/2026 - 19:37:14: SourceMod error session started
L 03/27/2026 - 19:37:14: Info (map "c2m3_coaster") (file "d:\steamlibrary\steamapps\common\left 4 dead 2\left4dead2\addons\sourcemod\logs\errors_20260327.log")
L 03/27/2026 - 19:37:14: [SM] Fatal error encountered parsing translation file "l4d_nth.phrases.txt"
L 03/27/2026 - 19:37:14: [SM] Error (line 0, column 0): Stream failed to open
L 03/27/2026 - 19:37:14: [SM] Fatal error encountered parsing translation file "chargersteering.phrases.txt"
L 03/27/2026 - 19:37:14: [SM] Error (line 0, column 0): Stream failed to open
L 03/27/2026 - 19:37:14: [SM] Fatal error encountered parsing translation file "l4dmultislots.phrases.txt"
L 03/27/2026 - 19:37:14: [SM] Error (line 0, column 0): Stream failed to open
L 03/27/2026 - 19:37:17: [SM] Exception reported: Invalid convar handle 0 (error 4)
L 03/27/2026 - 19:37:17: [SM] Blaming: ÒankrunFixhealth.smx
L 03/27/2026 - 19:37:17: [SM] Call stack trace:
L 03/27/2026 - 19:37:17: [SM]   [0] GetConVarString
L 03/27/2026 - 19:37:17: [SM]   [1] Line 138, C:\Users\Moises\Downloads\Compressed\sourcemod-1.11.0-git6968-windows\addons\sourcemod\scripting\ÒankrunFixhealth.sp::IsTankRunActive
L 03/27/2026 - 19:37:17: [SM]   [2] Line 54, C:\Users\Moises\Downloads\Compressed\sourcemod-1.11.0-git6968-windows\addons\sourcemod\scripting\ÒankrunFixhealth.sp::Event_RoundStart
L 03/27/2026 - 19:37:17: [l4d2_publicity.smx] [Publicity] No se encontraron mensajes en el archivo de configuraci√≥n
L 03/27/2026 - 19:37:20: [SM] Exception reported: Invalid convar handle 0 (error 4)
L 03/27/2026 - 19:37:20: [SM] Blaming: ÒankrunFixhealth.smx
L 03/27/2026 - 19:37:20: [SM] Call stack trace:
L 03/27/2026 - 19:37:20: [SM]   [0] GetConVarString
L 03/27/2026 - 19:37:20: [SM]   [1] Line 138, C:\Users\Moises\Downloads\Compressed\sourcemod-1.11.0-git6968-windows\addons\sourcemod\scripting\ÒankrunFixhealth.sp::IsTankRunActive
L 03/27/2026 - 19:37:20: [SM]   [2] Line 36, C:\Users\Moises\Downloads\Compressed\sourcemod-1.11.0-git6968-windows\addons\sourcemod\scripting\ÒankrunFixhealth.sp::Timer_PeriodicCheck
L 03/27/2026 - 19:37:33: [SM] Exception reported: Invalid convar handle 0 (error 4)
L 03/27/2026 - 19:37:33: [SM] Blaming: ÒankrunFixhealth.smx
L 03/27/2026 - 19:37:33: [SM] Call stack trace:
L 03/27/2026 - 19:37:33: [SM]   [0] GetConVarString
L 03/27/2026 - 19:37:33: [SM]   [1] Line 138, C:\Users\Moises\Downloads\Compressed\sourcemod-1.11.0-git6968-windows\addons\sourcemod\scripting\ÒankrunFixhealth.sp::IsTankRunActive
L 03/27/2026 - 19:37:33: [SM]   [2] Line 36, C:\Users\Moises\Downloads\Compressed\sourcemod-1.11.0-git6968-windows\addons\sourcemod\scripting\ÒankrunFixhealth.sp::Timer_PeriodicCheck
L 03/27/2026 - 19:37:39: [SM] Exception reported: Invalid timer handle 29f00559 (error 1)
L 03/27/2026 - 19:37:39: [SM] Blaming: l4d2_playerjoining_v2.smx
L 03/27/2026 - 19:37:39: [SM] Call stack trace:
L 03/27/2026 - 19:37:39: [SM]   [0] KillTimer
L 03/27/2026 - 19:37:39: [SM]   [1] Line 53, C:\Users\Moises\Downloads\Compressed\sourcemod-1.11.0-git6968-windows\addons\sourcemod\scripting\l4d2_playerjoining_v2.sp::OnClientDisconnect
L 03/27/2026 - 19:37:39: [SM] Exception reported: Invalid timer handle d1200587 (error 3)
L 03/27/2026 - 19:37:39: [SM] Blaming: l4d2_playerjoining_v2.smx
L 03/27/2026 - 19:37:39: [SM] Call stack trace:
L 03/27/2026 - 19:37:39: [SM]   [0] KillTimer
L 03/27/2026 - 19:37:39: [SM]   [1] Line 53, C:\Users\Moises\Downloads\Compressed\sourcemod-1.11.0-git6968-windows\addons\sourcemod\scripting\l4d2_playerjoining_v2.sp::OnClientDisconnect
L 03/27/2026 - 19:37:41: [SM] Exception reported: Invalid timer handle d300058e (error 1)
L 03/27/2026 - 19:37:41: [SM] Blaming: l4d2_playerjoining_v2.smx
L 03/27/2026 - 19:37:41: [SM] Call stack trace:
L 03/27/2026 - 19:37:41: [SM]   [0] KillTimer
L 03/27/2026 - 19:37:41: [SM]   [1] Line 53, C:\Users\Moises\Downloads\Compressed\sourcemod-1.11.0-git6968-windows\addons\sourcemod\scripting\l4d2_playerjoining_v2.sp::OnClientDisconnect
L 03/27/2026 - 19:37:44: [SM] Exception reported: Invalid convar handle 0 (error 4)
L 03/27/2026 - 19:37:44: [SM] Blaming: ÒankrunFixhealth.smx
L 03/27/2026 - 19:37:44: [SM] Call stack trace:
L 03/27/2026 - 19:37:44: [SM]   [0] GetConVarString
L 03/27/2026 - 19:37:44: [SM]   [1] Line 138, C:\Users\Moises\Downloads\Compressed\sourcemod-1.11.0-git6968-windows\addons\sourcemod\scripting\ÒankrunFixhealth.sp::IsTankRunActive
L 03/27/2026 - 19:37:44: [SM]   [2] Line 36, C:\Users\Moises\Downloads\Compressed\sourcemod-1.11.0-git6968-windows\addons\sourcemod\scripting\ÒankrunFixhealth.sp::Timer_PeriodicCheck
L 03/27/2026 - 19:37:54: [SM] Exception reported: Invalid convar handle 0 (error 4)
L 03/27/2026 - 19:37:54: [SM] Blaming: ÒankrunFixhealth.smx
L 03/27/2026 - 19:37:54: [SM] Call stack trace:
L 03/27/2026 - 19:37:54: [SM]   [0] GetConVarString
L 03/27/2026 - 19:37:54: [SM]   [1] Line 138, C:\Users\Moises\Downloads\Compressed\sourcemod-1.11.0-git6968-windows\addons\sourcemod\scripting\ÒankrunFixhealth.sp::IsTankRunActive
L 03/27/2026 - 19:37:54: [SM]   [2] Line 36, C:\Users\Moises\Downloads\Compressed\sourcemod-1.11.0-git6968-windows\addons\sourcemod\scripting\ÒankrunFixhealth.sp::Timer_PeriodicCheck
L 03/27/2026 - 19:37:59: [SM] Exception reported: Invalid convar handle 0 (error 4)
L 03/27/2026 - 19:37:59: [SM] Blaming: ÒankrunFixhealth.smx
L 03/27/2026 - 19:37:59: [SM] Call stack trace:
L 03/27/2026 - 19:37:59: [SM]   [0] GetConVarString
L 03/27/2026 - 19:37:59: [SM]   [1] Line 138, C:\Users\Moises\Downloads\Compressed\sourcemod-1.11.0-git6968-windows\addons\sourcemod\scripting\ÒankrunFixhealth.sp::IsTankRunActive
L 03/27/2026 - 19:37:59: [SM]   [2] Line 79, C:\Users\Moises\Downloads\Compressed\sourcemod-1.11.0-git6968-windows\addons\sourcemod\scripting\ÒankrunFixhealth.sp::Event_PlayerDeath
L 03/27/2026 - 19:38:00: [SM] Exception reported: Language phrase "Please wait to be revived or rescued" not found (arg 6)
L 03/27/2026 - 19:38:00: [SM] Blaming: l4dmultislots.smx
L 03/27/2026 - 19:38:00: [SM] Call stack trace:
L 03/27/2026 - 19:38:00: [SM]   [0] PrintToChat
L 03/27/2026 - 19:38:00: [SM]   [1] Line 953, d:\Github\Private-Work\L4D2-Êèí‰ª∂\scripting_1.11\l4dmultislots.sp::Timer_SpecCheck
L 03/27/2026 - 19:38:04: [SM] Exception reported: Invalid convar handle 0 (error 4)
L 03/27/2026 - 19:38:04: [SM] Blaming: ÒankrunFixhealth.smx
L 03/27/2026 - 19:38:04: [SM] Call stack trace:
L 03/27/2026 - 19:38:04: [SM]   [0] GetConVarString
L 03/27/2026 - 19:38:04: [SM]   [1] Line 138, C:\Users\Moises\Downloads\Compressed\sourcemod-1.11.0-git6968-windows\addons\sourcemod\scripting\ÒankrunFixhealth.sp::IsTankRunActive
L 03/27/2026 - 19:38:04: [SM]   [2] Line 36, C:\Users\Moises\Downloads\Compressed\sourcemod-1.11.0-git6968-windows\addons\sourcemod\scripting\ÒankrunFixhealth.sp::Timer_PeriodicCheck
L 03/27/2026 - 19:38:08: [SM] Exception reported: Invalid convar handle 0 (error 4)
L 03/27/2026 - 19:38:08: [SM] Blaming: ÒankrunFixhealth.smx
L 03/27/2026 - 19:38:08: [SM] Call stack trace:
L 03/27/2026 - 19:38:08: [SM]   [0] GetConVarString
L 03/27/2026 - 19:38:08: [SM]   [1] Line 138, C:\Users\Moises\Downloads\Compressed\sourcemod-1.11.0-git6968-windows\addons\sourcemod\scripting\ÒankrunFixhealth.sp::IsTankRunActive
L 03/27/2026 - 19:38:08: [SM]   [2] Line 79, C:\Users\Moises\Downloads\Compressed\sourcemod-1.11.0-git6968-windows\addons\sourcemod\scripting\ÒankrunFixhealth.sp::Event_PlayerDeath
L 03/27/2026 - 19:38:14: [SM] Exception reported: Invalid convar handle 0 (error 4)
L 03/27/2026 - 19:38:14: [SM] Blaming: ÒankrunFixhealth.smx
L 03/27/2026 - 19:38:14: [SM] Call stack trace:
L 03/27/2026 - 19:38:14: [SM]   [0] GetConVarString
L 03/27/2026 - 19:38:14: [SM]   [1] Line 138, C:\Users\Moises\Downloads\Compressed\sourcemod-1.11.0-git6968-windows\addons\sourcemod\scripting\ÒankrunFixhealth.sp::IsTankRunActive
L 03/27/2026 - 19:38:14: [SM]   [2] Line 36, C:\Users\Moises\Downloads\Compressed\sourcemod-1.11.0-git6968-windows\addons\sourcemod\scripting\ÒankrunFixhealth.sp::Timer_PeriodicCheck
L 03/27/2026 - 19:38:16: [SM] Exception reported: Invalid convar handle 0 (error 4)
L 03/27/2026 - 19:38:16: [SM] Blaming: ÒankrunFixhealth.smx
L 03/27/2026 - 19:38:16: [SM] Call stack trace:
L 03/27/2026 - 19:38:16: [SM]   [0] GetConVarString
L 03/27/2026 - 19:38:16: [SM]   [1] Line 138, C:\Users\Moises\Downloads\Compressed\sourcemod-1.11.0-git6968-windows\addons\sourcemod\scripting\ÒankrunFixhealth.sp::IsTankRunActive
L 03/27/2026 - 19:38:16: [SM]   [2] Line 79, C:\Users\Moises\Downloads\Compressed\sourcemod-1.11.0-git6968-windows\addons\sourcemod\scripting\ÒankrunFixhealth.sp::Event_PlayerDeath
L 03/27/2026 - 19:38:20: [SM] Exception reported: Invalid convar handle 0 (error 4)
L 03/27/2026 - 19:38:20: [SM] Blaming: ÒankrunFixhealth.smx
L 03/27/2026 - 19:38:20: [SM] Call stack trace:
L 03/27/2026 - 19:38:20: [SM]   [0] GetConVarString
L 03/27/2026 - 19:38:20: [SM]   [1] Line 138, C:\Users\Moises\Downloads\Compressed\sourcemod-1.11.0-git6968-windows\addons\sourcemod\scripting\ÒankrunFixhealth.sp::IsTankRunActive
L 03/27/2026 - 19:38:20: [SM]   [2] Line 79, C:\Users\Moises\Downloads\Compressed\sourcemod-1.11.0-git6968-windows\addons\sourcemod\scripting\ÒankrunFixhealth.sp::Event_PlayerDeath
L 03/27/2026 - 19:38:24: [SM] Exception reported: Invalid convar handle 0 (error 4)
L 03/27/2026 - 19:38:24: [SM] Blaming: ÒankrunFixhealth.smx
L 03/27/2026 - 19:38:24: [SM] Call stack trace:
L 03/27/2026 - 19:38:24: [SM]   [0] GetConVarString
L 03/27/2026 - 19:38:24: [SM]   [1] Line 138, C:\Users\Moises\Downloads\Compressed\sourcemod-1.11.0-git6968-windows\addons\sourcemod\scripting\ÒankrunFixhealth.sp::IsTankRunActive
L 03/27/2026 - 19:38:24: [SM]   [2] Line 79, C:\Users\Moises\Downloads\Compressed\sourcemod-1.11.0-git6968-windows\addons\sourcemod\scripting\ÒankrunFixhealth.sp::Event_PlayerDeath
L 03/27/2026 - 19:38:24: [SM] Exception reported: Invalid convar handle 0 (error 4)
L 03/27/2026 - 19:38:24: [SM] Blaming: ÒankrunFixhealth.smx
L 03/27/2026 - 19:38:24: [SM] Call stack trace:
L 03/27/2026 - 19:38:24: [SM]   [0] GetConVarString
L 03/27/2026 - 19:38:24: [SM]   [1] Line 138, C:\Users\Moises\Downloads\Compressed\sourcemod-1.11.0-git6968-windows\addons\sourcemod\scripting\ÒankrunFixhealth.sp::IsTankRunActive
L 03/27/2026 - 19:38:24: [SM]   [2] Line 36, C:\Users\Moises\Downloads\Compressed\sourcemod-1.11.0-git6968-windows\addons\sourcemod\scripting\ÒankrunFixhealth.sp::Timer_PeriodicCheck
L 03/27/2026 - 19:38:25: [SM] Exception reported: Language phrase "Please wait to be revived or rescued" not found (arg 6)
L 03/27/2026 - 19:38:25: [SM] Blaming: l4dmultislots.smx
L 03/27/2026 - 19:38:25: [SM] Call stack trace:
L 03/27/2026 - 19:38:25: [SM]   [0] PrintToChat
L 03/27/2026 - 19:38:25: [SM]   [1] Line 953, d:\Github\Private-Work\L4D2-Êèí‰ª∂\scripting_1.11\l4dmultislots.sp::Timer_SpecCheck
L 03/27/2026 - 19:38:34: [SM] Exception reported: Invalid convar handle 0 (error 4)
L 03/27/2026 - 19:38:34: [SM] Blaming: ÒankrunFixhealth.smx
L 03/27/2026 - 19:38:34: [SM] Call stack trace:
L 03/27/2026 - 19:38:34: [SM]   [0] GetConVarString
L 03/27/2026 - 19:38:34: [SM]   [1] Line 138, C:\Users\Moises\Downloads\Compressed\sourcemod-1.11.0-git6968-windows\addons\sourcemod\scripting\ÒankrunFixhealth.sp::IsTankRunActive
L 03/27/2026 - 19:38:34: [SM]   [2] Line 36, C:\Users\Moises\Downloads\Compressed\sourcemod-1.11.0-git6968-windows\addons\sourcemod\scripting\ÒankrunFixhealth.sp::Timer_PeriodicCheck
L 03/27/2026 - 19:38:36: [SM] Exception reported: Invalid convar handle 0 (error 4)
L 03/27/2026 - 19:38:36: [SM] Blaming: ÒankrunFixhealth.smx
L 03/27/2026 - 19:38:36: [SM] Call stack trace:
L 03/27/2026 - 19:38:36: [SM]   [0] GetConVarString
L 03/27/2026 - 19:38:36: [SM]   [1] Line 138, C:\Users\Moises\Downloads\Compressed\sourcemod-1.11.0-git6968-windows\addons\sourcemod\scripting\ÒankrunFixhealth.sp::IsTankRunActive
L 03/27/2026 - 19:38:36: [SM]   [2] Line 79, C:\Users\Moises\Downloads\Compressed\sourcemod-1.11.0-git6968-windows\addons\sourcemod\scripting\ÒankrunFixhealth.sp::Event_PlayerDeath
L 03/27/2026 - 19:38:38: [SM] Exception reported: Invalid convar handle 0 (error 4)
L 03/27/2026 - 19:38:38: [SM] Blaming: ÒankrunFixhealth.smx
L 03/27/2026 - 19:38:38: [SM] Call stack trace:
L 03/27/2026 - 19:38:38: [SM]   [0] GetConVarString
L 03/27/2026 - 19:38:38: [SM]   [1] Line 138, C:\Users\Moises\Downloads\Compressed\sourcemod-1.11.0-git6968-windows\addons\sourcemod\scripting\ÒankrunFixhealth.sp::IsTankRunActive
L 03/27/2026 - 19:38:38: [SM]   [2] Line 79, C:\Users\Moises\Downloads\Compressed\sourcemod-1.11.0-git6968-windows\addons\sourcemod\scripting\ÒankrunFixhealth.sp::Event_PlayerDeath
L 03/27/2026 - 19:38:39: [SM] Exception reported: Invalid convar handle 0 (error 4)
L 03/27/2026 - 19:38:39: [SM] Blaming: ÒankrunFixhealth.smx
L 03/27/2026 - 19:38:39: [SM] Call stack trace:
L 03/27/2026 - 19:38:39: [SM]   [0] GetConVarString
L 03/27/2026 - 19:38:39: [SM]   [1] Line 138, C:\Users\Moises\Downloads\Compressed\sourcemod-1.11.0-git6968-windows\addons\sourcemod\scripting\ÒankrunFixhealth.sp::IsTankRunActive
L 03/27/2026 - 19:38:39: [SM]   [2] Line 91, C:\Users\Moises\Downloads\Compressed\sourcemod-1.11.0-git6968-windows\addons\sourcemod\scripting\ÒankrunFixhealth.sp::Event_MissionLost
L 03/27/2026 - 19:38:43: [SM] Exception reported: Invalid timer handle 29f00559 (error 1)
L 03/27/2026 - 19:38:43: [SM] Blaming: l4d2_playerjoining_v2.smx
L 03/27/2026 - 19:38:43: [SM] Call stack trace:
L 03/27/2026 - 19:38:43: [SM]   [0] KillTimer
L 03/27/2026 - 19:38:43: [SM]   [1] Line 53, C:\Users\Moises\Downloads\Compressed\sourcemod-1.11.0-git6968-windows\addons\sourcemod\scripting\l4d2_playerjoining_v2.sp::OnClientDisconnect
L 03/27/2026 - 19:38:44: [SM] Exception reported: Invalid convar handle 0 (error 4)
L 03/27/2026 - 19:38:44: [SM] Blaming: ÒankrunFixhealth.smx
L 03/27/2026 - 19:38:44: [SM] Call stack trace:
L 03/27/2026 - 19:38:44: [SM]   [0] GetConVarString
L 03/27/2026 - 19:38:44: [SM]   [1] Line 138, C:\Users\Moises\Downloads\Compressed\sourcemod-1.11.0-git6968-windows\addons\sourcemod\scripting\ÒankrunFixhealth.sp::IsTankRunActive
L 03/27/2026 - 19:38:44: [SM]   [2] Line 36, C:\Users\Moises\Downloads\Compressed\sourcemod-1.11.0-git6968-windows\addons\sourcemod\scripting\ÒankrunFixhealth.sp::Timer_PeriodicCheck
L 03/27/2026 - 19:38:46: [SM] Exception reported: Invalid convar handle 0 (error 4)
L 03/27/2026 - 19:38:46: [SM] Blaming: ÒankrunFixhealth.smx
L 03/27/2026 - 19:38:46: [SM] Call stack trace:
L 03/27/2026 - 19:38:46: [SM]   [0] GetConVarString
L 03/27/2026 - 19:38:46: [SM]   [1] Line 138, C:\Users\Moises\Downloads\Compressed\sourcemod-1.11.0-git6968-windows\addons\sourcemod\scripting\ÒankrunFixhealth.sp::IsTankRunActive
L 03/27/2026 - 19:38:46: [SM]   [2] Line 54, C:\Users\Moises\Downloads\Compressed\sourcemod-1.11.0-git6968-windows\addons\sourcemod\scripting\ÒankrunFixhealth.sp::Event_RoundStart
L 03/27/2026 - 19:38:46: [SM] Exception reported: Invalid timer handle d1200587 (error 1)
L 03/27/2026 - 19:38:46: [SM] Blaming: l4d2_playerjoining_v2.smx
L 03/27/2026 - 19:38:46: [SM] Call stack trace:
L 03/27/2026 - 19:38:46: [SM]   [0] KillTimer
L 03/27/2026 - 19:38:46: [SM]   [1] Line 53, C:\Users\Moises\Downloads\Compressed\sourcemod-1.11.0-git6968-windows\addons\sourcemod\scripting\l4d2_playerjoining_v2.sp::OnClientDisconnect
L 03/27/2026 - 19:38:46: [SM] Exception reported: Invalid timer handle d300058e (error 1)
L 03/27/2026 - 19:38:46: [SM] Blaming: l4d2_playerjoining_v2.smx
L 03/27/2026 - 19:38:46: [SM] Call stack trace:
L 03/27/2026 - 19:38:46: [SM]   [0] KillTimer
L 03/27/2026 - 19:38:46: [SM]   [1] Line 53, C:\Users\Moises\Downloads\Compressed\sourcemod-1.11.0-git6968-windows\addons\sourcemod\scripting\l4d2_playerjoining_v2.sp::OnClientDisconnect
L 03/27/2026 - 19:38:54: [SM] Exception reported: Invalid convar handle 0 (error 4)
L 03/27/2026 - 19:38:54: [SM] Blaming: ÒankrunFixhealth.smx
L 03/27/2026 - 19:38:54: [SM] Call stack trace:
L 03/27/2026 - 19:38:54: [SM]   [0] GetConVarString
L 03/27/2026 - 19:38:54: [SM]   [1] Line 138, C:\Users\Moises\Downloads\Compressed\sourcemod-1.11.0-git6968-windows\addons\sourcemod\scripting\ÒankrunFixhealth.sp::IsTankRunActive
L 03/27/2026 - 19:38:54: [SM]   [2] Line 36, C:\Users\Moises\Downloads\Compressed\sourcemod-1.11.0-git6968-windows\addons\sourcemod\scripting\ÒankrunFixhealth.sp::Timer_PeriodicCheck
L 03/27/2026 - 19:39:04: [SM] Exception reported: Invalid convar handle 0 (error 4)
L 03/27/2026 - 19:39:04: [SM] Blaming: ÒankrunFixhealth.smx
L 03/27/2026 - 19:39:04: [SM] Call stack trace:
L 03/27/2026 - 19:39:04: [SM]   [0] GetConVarString
L 03/27/2026 - 19:39:04: [SM]   [1] Line 138, C:\Users\Moises\Downloads\Compressed\sourcemod-1.11.0-git6968-windows\addons\sourcemod\scripting\ÒankrunFixhealth.sp::IsTankRunActive
L 03/27/2026 - 19:39:04: [SM]   [2] Line 36, C:\Users\Moises\Downloads\Compressed\sourcemod-1.11.0-git6968-windows\addons\sourcemod\scripting\ÒankrunFixhealth.sp::Timer_PeriodicCheck
L 03/27/2026 - 19:39:06: [SM] Exception reported: Invalid convar handle 0 (error 4)
L 03/27/2026 - 19:39:06: [SM] Blaming: ÒankrunFixhealth.smx
L 03/27/2026 - 19:39:06: [SM] Call stack trace:
L 03/27/2026 - 19:39:06: [SM]   [0] GetConVarString
L 03/27/2026 - 19:39:06: [SM]   [1] Line 138, C:\Users\Moises\Downloads\Compressed\sourcemod-1.11.0-git6968-windows\addons\sourcemod\scripting\ÒankrunFixhealth.sp::IsTankRunActive
L 03/27/2026 - 19:39:06: [SM]   [2] Line 79, C:\Users\Moises\Downloads\Compressed\sourcemod-1.11.0-git6968-windows\addons\sourcemod\scripting\ÒankrunFixhealth.sp::Event_PlayerDeath
L 03/27/2026 - 19:39:11: [SM] Exception reported: Language phrase "Please wait to be revived or rescued" not found (arg 6)
L 03/27/2026 - 19:39:11: [SM] Blaming: l4dmultislots.smx
L 03/27/2026 - 19:39:11: [SM] Call stack trace:
L 03/27/2026 - 19:39:11: [SM]   [0] PrintToChat
L 03/27/2026 - 19:39:11: [SM]   [1] Line 953, d:\Github\Private-Work\L4D2-Êèí‰ª∂\scripting_1.11\l4dmultislots.sp::Timer_SpecCheck
L 03/27/2026 - 19:39:14: [SM] Exception reported: Invalid convar handle 0 (error 4)
L 03/27/2026 - 19:39:14: [SM] Blaming: ÒankrunFixhealth.smx
L 03/27/2026 - 19:39:14: [SM] Call stack trace:
L 03/27/2026 - 19:39:14: [SM]   [0] GetConVarString
L 03/27/2026 - 19:39:14: [SM]   [1] Line 138, C:\Users\Moises\Downloads\Compressed\sourcemod-1.11.0-git6968-windows\addons\sourcemod\scripting\ÒankrunFixhealth.sp::IsTankRunActive
L 03/27/2026 - 19:39:14: [SM]   [2] Line 36, C:\Users\Moises\Downloads\Compressed\sourcemod-1.11.0-git6968-windows\addons\sourcemod\scripting\ÒankrunFixhealth.sp::Timer_PeriodicCheck
L 03/27/2026 - 19:39:18: [SM] Exception reported: Invalid convar handle 0 (error 4)
L 03/27/2026 - 19:39:18: [SM] Blaming: ÒankrunFixhealth.smx
L 03/27/2026 - 19:39:18: [SM] Call stack trace:
L 03/27/2026 - 19:39:18: [SM]   [0] GetConVarString
L 03/27/2026 - 19:39:18: [SM]   [1] Line 138, C:\Users\Moises\Downloads\Compressed\sourcemod-1.11.0-git6968-windows\addons\sourcemod\scripting\ÒankrunFixhealth.sp::IsTankRunActive
L 03/27/2026 - 19:39:18: [SM]   [2] Line 79, C:\Users\Moises\Downloads\Compressed\sourcemod-1.11.0-git6968-windows\addons\sourcemod\scripting\ÒankrunFixhealth.sp::Event_PlayerDeath
L 03/27/2026 - 19:39:18: [SM] Exception reported: Invalid convar handle 0 (error 4)
L 03/27/2026 - 19:39:18: [SM] Blaming: ÒankrunFixhealth.smx
L 03/27/2026 - 19:39:18: [SM] Call stack trace:
L 03/27/2026 - 19:39:18: [SM]   [0] GetConVarString
L 03/27/2026 - 19:39:18: [SM]   [1] Line 138, C:\Users\Moises\Downloads\Compressed\sourcemod-1.11.0-git6968-windows\addons\sourcemod\scripting\ÒankrunFixhealth.sp::IsTankRunActive
L 03/27/2026 - 19:39:18: [SM]   [2] Line 79, C:\Users\Moises\Downloads\Compressed\sourcemod-1.11.0-git6968-windows\addons\sourcemod\scripting\ÒankrunFixhealth.sp::Event_PlayerDeath
L 03/27/2026 - 19:39:23: [SM] Exception reported: Invalid convar handle 0 (error 4)
L 03/27/2026 - 19:39:23: [SM] Blaming: ÒankrunFixhealth.smx
L 03/27/2026 - 19:39:23: [SM] Call stack trace:
L 03/27/2026 - 19:39:23: [SM]   [0] GetConVarString
L 03/27/2026 - 19:39:23: [SM]   [1] Line 138, C:\Users\Moises\Downloads\Compressed\sourcemod-1.11.0-git6968-windows\addons\sourcemod\scripting\ÒankrunFixhealth.sp::IsTankRunActive
L 03/27/2026 - 19:39:23: [SM]   [2] Line 79, C:\Users\Moises\Downloads\Compressed\sourcemod-1.11.0-git6968-windows\addons\sourcemod\scripting\ÒankrunFixhealth.sp::Event_PlayerDeath
L 03/27/2026 - 19:39:24: [SM] Exception reported: Invalid convar handle 0 (error 4)
L 03/27/2026 - 19:39:24: [SM] Blaming: ÒankrunFixhealth.smx
L 03/27/2026 - 19:39:24: [SM] Call stack trace:
L 03/27/2026 - 19:39:24: [SM]   [0] GetConVarString
L 03/27/2026 - 19:39:24: [SM]   [1] Line 138, C:\Users\Moises\Downloads\Compressed\sourcemod-1.11.0-git6968-windows\addons\sourcemod\scripting\ÒankrunFixhealth.sp::IsTankRunActive
L 03/27/2026 - 19:39:24: [SM]   [2] Line 79, C:\Users\Moises\Downloads\Compressed\sourcemod-1.11.0-git6968-windows\addons\sourcemod\scripting\ÒankrunFixhealth.sp::Event_PlayerDeath
L 03/27/2026 - 19:39:24: [SM] Exception reported: Invalid convar handle 0 (error 4)
L 03/27/2026 - 19:39:24: [SM] Blaming: ÒankrunFixhealth.smx
L 03/27/2026 - 19:39:24: [SM] Call stack trace:
L 03/27/2026 - 19:39:24: [SM]   [0] GetConVarString
L 03/27/2026 - 19:39:24: [SM]   [1] Line 138, C:\Users\Moises\Downloads\Compressed\sourcemod-1.11.0-git6968-windows\addons\sourcemod\scripting\ÒankrunFixhealth.sp::IsTankRunActive
L 03/27/2026 - 19:39:24: [SM]   [2] Line 36, C:\Users\Moises\Downloads\Compressed\sourcemod-1.11.0-git6968-windows\addons\sourcemod\scripting\ÒankrunFixhealth.sp::Timer_PeriodicCheck
L 03/27/2026 - 19:39:26: [SM] Exception reported: Invalid convar handle 0 (error 4)
L 03/27/2026 - 19:39:26: [SM] Blaming: ÒankrunFixhealth.smx
L 03/27/2026 - 19:39:26: [SM] Call stack trace:
L 03/27/2026 - 19:39:26: [SM]   [0] GetConVarString
L 03/27/2026 - 19:39:26: [SM]   [1] Line 138, C:\Users\Moises\Downloads\Compressed\sourcemod-1.11.0-git6968-windows\addons\sourcemod\scripting\ÒankrunFixhealth.sp::IsTankRunActive
L 03/27/2026 - 19:39:26: [SM]   [2] Line 79, C:\Users\Moises\Downloads\Compressed\sourcemod-1.11.0-git6968-windows\addons\sourcemod\scripting\ÒankrunFixhealth.sp::Event_PlayerDeath
L 03/27/2026 - 19:39:31: [SM] Exception reported: Property "m_vecAngularVelocity" not found (entity 134/weapon_shotgun_spas)
L 03/27/2026 - 19:39:31: [SM] Blaming: l4d2_tank_core v4_5.smx
L 03/27/2026 - 19:39:31: [SM] Call stack trace:
L 03/27/2026 - 19:39:31: [SM]   [0] SetEntPropVector
L 03/27/2026 - 19:39:31: [SM]   [1] Line 650, D:\SteamLibrary\steamapps\common\Left 4 Dead 2\left4dead2\addons\sourcemod\scripting\l4d2_tank_core v4_5.sp::DropItemsPhysically
L 03/27/2026 - 19:39:31: [SM]   [2] Line 549, D:\SteamLibrary\steamapps\common\Left 4 Dead 2\left4dead2\addons\sourcemod\scripting\l4d2_tank_core v4_5.sp::Event_PlayerHurt
L 03/27/2026 - 19:39:33: [SM] Exception reported: Invalid timer handle d1200587 (error 3)
L 03/27/2026 - 19:39:33: [SM] Blaming: l4d2_playerjoining_v2.smx
L 03/27/2026 - 19:39:33: [SM] Call stack trace:
L 03/27/2026 - 19:39:33: [SM]   [0] KillTimer
L 03/27/2026 - 19:39:33: [SM]   [1] Line 53, C:\Users\Moises\Downloads\Compressed\sourcemod-1.11.0-git6968-windows\addons\sourcemod\scripting\l4d2_playerjoining_v2.sp::OnClientDisconnect
L 03/27/2026 - 19:39:34: [SM] Exception reported: Invalid convar handle 0 (error 4)
L 03/27/2026 - 19:39:34: [SM] Blaming: ÒankrunFixhealth.smx
L 03/27/2026 - 19:39:34: [SM] Call stack trace:
L 03/27/2026 - 19:39:34: [SM]   [0] GetConVarString
L 03/27/2026 - 19:39:34: [SM]   [1] Line 138, C:\Users\Moises\Downloads\Compressed\sourcemod-1.11.0-git6968-windows\addons\sourcemod\scripting\ÒankrunFixhealth.sp::IsTankRunActive
L 03/27/2026 - 19:39:34: [SM]   [2] Line 36, C:\Users\Moises\Downloads\Compressed\sourcemod-1.11.0-git6968-windows\addons\sourcemod\scripting\ÒankrunFixhealth.sp::Timer_PeriodicCheck
L 03/27/2026 - 19:39:36: [SM] Exception reported: Language phrase "Please wait to be revived or rescued" not found (arg 6)
L 03/27/2026 - 19:39:36: [SM] Blaming: l4dmultislots.smx
L 03/27/2026 - 19:39:36: [SM] Call stack trace:
L 03/27/2026 - 19:39:36: [SM]   [0] PrintToChat
L 03/27/2026 - 19:39:36: [SM]   [1] Line 953, d:\Github\Private-Work\L4D2-Êèí‰ª∂\scripting_1.11\l4dmultislots.sp::Timer_SpecCheck
L 03/27/2026 - 19:39:37: [SM] Exception reported: Invalid timer handle d1200587 (error 3)
L 03/27/2026 - 19:39:37: [SM] Blaming: l4d2_playerjoining_v2.smx
L 03/27/2026 - 19:39:37: [SM] Call stack trace:
L 03/27/2026 - 19:39:37: [SM]   [0] KillTimer
L 03/27/2026 - 19:39:37: [SM]   [1] Line 53, C:\Users\Moises\Downloads\Compressed\sourcemod-1.11.0-git6968-windows\addons\sourcemod\scripting\l4d2_playerjoining_v2.sp::OnClientDisconnect
L 03/27/2026 - 19:39:40: [SM] Exception reported: Property "m_vecAngularVelocity" not found (entity 797/weapon_smg_silenced)
L 03/27/2026 - 19:39:40: [SM] Blaming: l4d2_tank_core v4_5.smx
L 03/27/2026 - 19:39:40: [SM] Call stack trace:
L 03/27/2026 - 19:39:40: [SM]   [0] SetEntPropVector
L 03/27/2026 - 19:39:40: [SM]   [1] Line 650, D:\SteamLibrary\steamapps\common\Left 4 Dead 2\left4dead2\addons\sourcemod\scripting\l4d2_tank_core v4_5.sp::DropItemsPhysically
L 03/27/2026 - 19:39:40: [SM]   [2] Line 549, D:\SteamLibrary\steamapps\common\Left 4 Dead 2\left4dead2\addons\sourcemod\scripting\l4d2_tank_core v4_5.sp::Event_PlayerHurt
L 03/27/2026 - 19:39:42: [SM] Exception reported: Invalid convar handle 0 (error 4)
L 03/27/2026 - 19:39:42: [SM] Blaming: ÒankrunFixhealth.smx
L 03/27/2026 - 19:39:42: [SM] Call stack trace:
L 03/27/2026 - 19:39:42: [SM]   [0] GetConVarString
L 03/27/2026 - 19:39:42: [SM]   [1] Line 138, C:\Users\Moises\Downloads\Compressed\sourcemod-1.11.0-git6968-windows\addons\sourcemod\scripting\ÒankrunFixhealth.sp::IsTankRunActive
L 03/27/2026 - 19:39:42: [SM]   [2] Line 79, C:\Users\Moises\Downloads\Compressed\sourcemod-1.11.0-git6968-windows\addons\sourcemod\scripting\ÒankrunFixhealth.sp::Event_PlayerDeath
L 03/27/2026 - 19:39:44: [SM] Exception reported: Invalid convar handle 0 (error 4)
L 03/27/2026 - 19:39:44: [SM] Blaming: ÒankrunFixhealth.smx
L 03/27/2026 - 19:39:44: [SM] Call stack trace:
L 03/27/2026 - 19:39:44: [SM]   [0] GetConVarString
L 03/27/2026 - 19:39:44: [SM]   [1] Line 138, C:\Users\Moises\Downloads\Compressed\sourcemod-1.11.0-git6968-windows\addons\sourcemod\scripting\ÒankrunFixhealth.sp::IsTankRunActive
L 03/27/2026 - 19:39:44: [SM]   [2] Line 36, C:\Users\Moises\Downloads\Compressed\sourcemod-1.11.0-git6968-windows\addons\sourcemod\scripting\ÒankrunFixhealth.sp::Timer_PeriodicCheck
L 03/27/2026 - 19:39:50: [SM] Exception reported: Invalid convar handle 0 (error 4)
L 03/27/2026 - 19:39:50: [SM] Blaming: ÒankrunFixhealth.smx
L 03/27/2026 - 19:39:50: [SM] Call stack trace:
L 03/27/2026 - 19:39:50: [SM]   [0] GetConVarString
L 03/27/2026 - 19:39:50: [SM]   [1] Line 138, C:\Users\Moises\Downloads\Compressed\sourcemod-1.11.0-git6968-windows\addons\sourcemod\scripting\ÒankrunFixhealth.sp::IsTankRunActive
L 03/27/2026 - 19:39:50: [SM]   [2] Line 79, C:\Users\Moises\Downloads\Compressed\sourcemod-1.11.0-git6968-windows\addons\sourcemod\scripting\ÒankrunFixhealth.sp::Event_PlayerDeath
L 03/27/2026 - 19:39:54: [SM] Exception reported: Invalid convar handle 0 (error 4)
L 03/27/2026 - 19:39:54: [SM] Blaming: ÒankrunFixhealth.smx
L 03/27/2026 - 19:39:54: [SM] Call stack trace:
L 03/27/2026 - 19:39:54: [SM]   [0] GetConVarString
L 03/27/2026 - 19:39:54: [SM]   [1] Line 138, C:\Users\Moises\Downloads\Compressed\sourcemod-1.11.0-git6968-windows\addons\sourcemod\scripting\ÒankrunFixhealth.sp::IsTankRunActive
L 03/27/2026 - 19:39:54: [SM]   [2] Line 36, C:\Users\Moises\Downloads\Compressed\sourcemod-1.11.0-git6968-windows\addons\sourcemod\scripting\ÒankrunFixhealth.sp::Timer_PeriodicCheck
L 03/27/2026 - 19:39:57: [SM] Exception reported: Invalid timer handle d300058e (error 1)
L 03/27/2026 - 19:39:57: [SM] Blaming: l4d2_playerjoining_v2.smx
L 03/27/2026 - 19:39:57: [SM] Call stack trace:
L 03/27/2026 - 19:39:57: [SM]   [0] KillTimer
L 03/27/2026 - 19:39:57: [SM]   [1] Line 53, C:\Users\Moises\Downloads\Compressed\sourcemod-1.11.0-git6968-windows\addons\sourcemod\scripting\l4d2_playerjoining_v2.sp::OnClientDisconnect
L 03/27/2026 - 19:39:58: [SM] Exception reported: Invalid convar handle 0 (error 4)
L 03/27/2026 - 19:39:58: [SM] Blaming: ÒankrunFixhealth.smx
L 03/27/2026 - 19:39:58: [SM] Call stack trace:
L 03/27/2026 - 19:39:58: [SM]   [0] GetConVarString
L 03/27/2026 - 19:39:58: [SM]   [1] Line 138, C:\Users\Moises\Downloads\Compressed\sourcemod-1.11.0-git6968-windows\addons\sourcemod\scripting\ÒankrunFixhealth.sp::IsTankRunActive
L 03/27/2026 - 19:39:58: [SM]   [2] Line 79, C:\Users\Moises\Downloads\Compressed\sourcemod-1.11.0-git6968-windows\addons\sourcemod\scripting\ÒankrunFixhealth.sp::Event_PlayerDeath
L 03/27/2026 - 19:39:58: [SM] Exception reported: Invalid convar handle 0 (error 4)
L 03/27/2026 - 19:39:58: [SM] Blaming: ÒankrunFixhealth.smx
L 03/27/2026 - 19:39:58: [SM] Call stack trace:
L 03/27/2026 - 19:39:58: [SM]   [0] GetConVarString
L 03/27/2026 - 19:39:58: [SM]   [1] Line 138, C:\Users\Moises\Downloads\Compressed\sourcemod-1.11.0-git6968-windows\addons\sourcemod\scripting\ÒankrunFixhealth.sp::IsTankRunActive
L 03/27/2026 - 19:39:58: [SM]   [2] Line 91, C:\Users\Moises\Downloads\Compressed\sourcemod-1.11.0-git6968-windows\addons\sourcemod\scripting\ÒankrunFixhealth.sp::Event_MissionLost
L 03/27/2026 - 19:40:04: [SM] Exception reported: Invalid convar handle 0 (error 4)
L 03/27/2026 - 19:40:04: [SM] Blaming: ÒankrunFixhealth.smx
L 03/27/2026 - 19:40:04: [SM] Call stack trace:
L 03/27/2026 - 19:40:04: [SM]   [0] GetConVarString
L 03/27/2026 - 19:40:04: [SM]   [1] Line 138, C:\Users\Moises\Downloads\Compressed\sourcemod-1.11.0-git6968-windows\addons\sourcemod\scripting\ÒankrunFixhealth.sp::IsTankRunActive
L 03/27/2026 - 19:40:04: [SM]   [2] Line 36, C:\Users\Moises\Downloads\Compressed\sourcemod-1.11.0-git6968-windows\addons\sourcemod\scripting\ÒankrunFixhealth.sp::Timer_PeriodicCheck
L 03/27/2026 - 19:40:05: [SM] Exception reported: Invalid convar handle 0 (error 4)
L 03/27/2026 - 19:40:05: [SM] Blaming: ÒankrunFixhealth.smx
L 03/27/2026 - 19:40:05: [SM] Call stack trace:
L 03/27/2026 - 19:40:05: [SM]   [0] GetConVarString
L 03/27/2026 - 19:40:05: [SM]   [1] Line 138, C:\Users\Moises\Downloads\Compressed\sourcemod-1.11.0-git6968-windows\addons\sourcemod\scripting\ÒankrunFixhealth.sp::IsTankRunActive
L 03/27/2026 - 19:40:05: [SM]   [2] Line 54, C:\Users\Moises\Downloads\Compressed\sourcemod-1.11.0-git6968-windows\addons\sourcemod\scripting\ÒankrunFixhealth.sp::Event_RoundStart
L 03/27/2026 - 19:40:05: [SM] Exception reported: Invalid timer handle 3d60058b (error 1)
L 03/27/2026 - 19:40:05: [SM] Blaming: l4d2_playerjoining_v2.smx
L 03/27/2026 - 19:40:05: [SM] Call stack trace:
L 03/27/2026 - 19:40:05: [SM]   [0] KillTimer
L 03/27/2026 - 19:40:05: [SM]   [1] Line 53, C:\Users\Moises\Downloads\Compressed\sourcemod-1.11.0-git6968-windows\addons\sourcemod\scripting\l4d2_playerjoining_v2.sp::OnClientDisconnect
L 03/27/2026 - 19:40:05: [SM] Exception reported: Invalid timer handle a310055c (error 1)
L 03/27/2026 - 19:40:05: [SM] Blaming: l4d2_playerjoining_v2.smx
L 03/27/2026 - 19:40:05: [SM] Call stack trace:
L 03/27/2026 - 19:40:05: [SM]   [0] KillTimer
L 03/27/2026 - 19:40:05: [SM]   [1] Line 53, C:\Users\Moises\Downloads\Compressed\sourcemod-1.11.0-git6968-windows\addons\sourcemod\scripting\l4d2_playerjoining_v2.sp::OnClientDisconnect
L 03/27/2026 - 19:40:14: [SM] Exception reported: Invalid convar handle 0 (error 4)
L 03/27/2026 - 19:40:14: [SM] Blaming: ÒankrunFixhealth.smx
L 03/27/2026 - 19:40:14: [SM] Call stack trace:
L 03/27/2026 - 19:40:14: [SM]   [0] GetConVarString
L 03/27/2026 - 19:40:14: [SM]   [1] Line 138, C:\Users\Moises\Downloads\Compressed\sourcemod-1.11.0-git6968-windows\addons\sourcemod\scripting\ÒankrunFixhealth.sp::IsTankRunActive
L 03/27/2026 - 19:40:14: [SM]   [2] Line 36, C:\Users\Moises\Downloads\Compressed\sourcemod-1.11.0-git6968-windows\addons\sourcemod\scripting\ÒankrunFixhealth.sp::Timer_PeriodicCheck
L 03/27/2026 - 19:40:24: [SM] Exception reported: Invalid convar handle 0 (error 4)
L 03/27/2026 - 19:40:24: [SM] Blaming: ÒankrunFixhealth.smx
L 03/27/2026 - 19:40:24: [SM] Call stack trace:
L 03/27/2026 - 19:40:24: [SM]   [0] GetConVarString
L 03/27/2026 - 19:40:24: [SM]   [1] Line 138, C:\Users\Moises\Downloads\Compressed\sourcemod-1.11.0-git6968-windows\addons\sourcemod\scripting\ÒankrunFixhealth.sp::IsTankRunActive
L 03/27/2026 - 19:40:24: [SM]   [2] Line 36, C:\Users\Moises\Downloads\Compressed\sourcemod-1.11.0-git6968-windows\addons\sourcemod\scripting\ÒankrunFixhealth.sp::Timer_PeriodicCheck
L 03/27/2026 - 19:40:25: [SM] Exception reported: Invalid convar handle 0 (error 4)
L 03/27/2026 - 19:40:25: [SM] Blaming: ÒankrunFixhealth.smx
L 03/27/2026 - 19:40:25: [SM] Call stack trace:
L 03/27/2026 - 19:40:25: [SM]   [0] GetConVarString
L 03/27/2026 - 19:40:25: [SM]   [1] Line 138, C:\Users\Moises\Downloads\Compressed\sourcemod-1.11.0-git6968-windows\addons\sourcemod\scripting\ÒankrunFixhealth.sp::IsTankRunActive
L 03/27/2026 - 19:40:25: [SM]   [2] Line 79, C:\Users\Moises\Downloads\Compressed\sourcemod-1.11.0-git6968-windows\addons\sourcemod\scripting\ÒankrunFixhealth.sp::Event_PlayerDeath
L 03/27/2026 - 19:40:31: [SM] Exception reported: Language phrase "Please wait to be revived or rescued" not found (arg 6)
L 03/27/2026 - 19:40:31: [SM] Blaming: l4dmultislots.smx
L 03/27/2026 - 19:40:31: [SM] Call stack trace:
L 03/27/2026 - 19:40:31: [SM]   [0] PrintToChat
L 03/27/2026 - 19:40:31: [SM]   [1] Line 953, d:\Github\Private-Work\L4D2-Êèí‰ª∂\scripting_1.11\l4dmultislots.sp::Timer_SpecCheck
L 03/27/2026 - 19:40:33: [SM] Exception reported: Language phrase "You are idle. press the left mouse button to join the survivors!" not found (arg 5)
L 03/27/2026 - 19:40:33: [SM] Blaming: l4dmultislots.smx
L 03/27/2026 - 19:40:33: [SM] Call stack trace:
L 03/27/2026 - 19:40:33: [SM]   [0] PrintHintText
L 03/27/2026 - 19:40:33: [SM]   [1] Line 699, d:\Github\Private-Work\L4D2-Êèí‰ª∂\scripting_1.11\l4dmultislots.sp::JoinTeam_ColdDown
L 03/27/2026 - 19:40:34: [SM] Exception reported: Invalid convar handle 0 (error 4)
L 03/27/2026 - 19:40:34: [SM] Blaming: ÒankrunFixhealth.smx
L 03/27/2026 - 19:40:34: [SM] Call stack trace:
L 03/27/2026 - 19:40:34: [SM]   [0] GetConVarString
L 03/27/2026 - 19:40:34: [SM]   [1] Line 138, C:\Users\Moises\Downloads\Compressed\sourcemod-1.11.0-git6968-windows\addons\sourcemod\scripting\ÒankrunFixhealth.sp::IsTankRunActive
L 03/27/2026 - 19:40:34: [SM]   [2] Line 36, C:\Users\Moises\Downloads\Compressed\sourcemod-1.11.0-git6968-windows\addons\sourcemod\scripting\ÒankrunFixhealth.sp::Timer_PeriodicCheck
L 03/27/2026 - 19:40:35: [SM] Exception reported: Invalid timer handle a310055c (error 3)
L 03/27/2026 - 19:40:35: [SM] Blaming: l4d2_playerjoining_v2.smx
L 03/27/2026 - 19:40:35: [SM] Call stack trace:
L 03/27/2026 - 19:40:35: [SM]   [0] KillTimer
L 03/27/2026 - 19:40:35: [SM]   [1] Line 53, C:\Users\Moises\Downloads\Compressed\sourcemod-1.11.0-git6968-windows\addons\sourcemod\scripting\l4d2_playerjoining_v2.sp::OnClientDisconnect
L 03/27/2026 - 19:40:37: [SM] Exception reported: Invalid convar handle 0 (error 4)
L 03/27/2026 - 19:40:37: [SM] Blaming: ÒankrunFixhealth.smx
L 03/27/2026 - 19:40:37: [SM] Call stack trace:
L 03/27/2026 - 19:40:37: [SM]   [0] GetConVarString
L 03/27/2026 - 19:40:37: [SM]   [1] Line 138, C:\Users\Moises\Downloads\Compressed\sourcemod-1.11.0-git6968-windows\addons\sourcemod\scripting\ÒankrunFixhealth.sp::IsTankRunActive
L 03/27/2026 - 19:40:37: [SM]   [2] Line 79, C:\Users\Moises\Downloads\Compressed\sourcemod-1.11.0-git6968-windows\addons\sourcemod\scripting\ÒankrunFixhealth.sp::Event_PlayerDeath
L 03/27/2026 - 19:40:40: [SM] Exception reported: Invalid convar handle 0 (error 4)
L 03/27/2026 - 19:40:40: [SM] Blaming: ÒankrunFixhealth.smx
L 03/27/2026 - 19:40:40: [SM] Call stack trace:
L 03/27/2026 - 19:40:40: [SM]   [0] GetConVarString
L 03/27/2026 - 19:40:40: [SM]   [1] Line 138, C:\Users\Moises\Downloads\Compressed\sourcemod-1.11.0-git6968-windows\addons\sourcemod\scripting\ÒankrunFixhealth.sp::IsTankRunActive
L 03/27/2026 - 19:40:40: [SM]   [2] Line 79, C:\Users\Moises\Downloads\Compressed\sourcemod-1.11.0-git6968-windows\addons\sourcemod\scripting\ÒankrunFixhealth.sp::Event_PlayerDeath
L 03/27/2026 - 19:40:44: [SM] Exception reported: Invalid convar handle 0 (error 4)
L 03/27/2026 - 19:40:44: [SM] Blaming: ÒankrunFixhealth.smx
L 03/27/2026 - 19:40:44: [SM] Call stack trace:
L 03/27/2026 - 19:40:44: [SM]   [0] GetConVarString
L 03/27/2026 - 19:40:44: [SM]   [1] Line 138, C:\Users\Moises\Downloads\Compressed\sourcemod-1.11.0-git6968-windows\addons\sourcemod\scripting\ÒankrunFixhealth.sp::IsTankRunActive
L 03/27/2026 - 19:40:44: [SM]   [2] Line 36, C:\Users\Moises\Downloads\Compressed\sourcemod-1.11.0-git6968-windows\addons\sourcemod\scripting\ÒankrunFixhealth.sp::Timer_PeriodicCheck
L 03/27/2026 - 19:40:54: [SM] Exception reported: Invalid convar handle 0 (error 4)
L 03/27/2026 - 19:40:54: [SM] Blaming: ÒankrunFixhealth.smx
L 03/27/2026 - 19:40:54: [SM] Call stack trace:
L 03/27/2026 - 19:40:54: [SM]   [0] GetConVarString
L 03/27/2026 - 19:40:54: [SM]   [1] Line 138, C:\Users\Moises\Downloads\Compressed\sourcemod-1.11.0-git6968-windows\addons\sourcemod\scripting\ÒankrunFixhealth.sp::IsTankRunActive
L 03/27/2026 - 19:40:54: [SM]   [2] Line 36, C:\Users\Moises\Downloads\Compressed\sourcemod-1.11.0-git6968-windows\addons\sourcemod\scripting\ÒankrunFixhealth.sp::Timer_PeriodicCheck
L 03/27/2026 - 19:40:56: [SM] Exception reported: Language phrase "Please wait to be revived or rescued" not found (arg 6)
L 03/27/2026 - 19:40:56: [SM] Blaming: l4dmultislots.smx
L 03/27/2026 - 19:40:56: [SM] Call stack trace:
L 03/27/2026 - 19:40:56: [SM]   [0] PrintToChat
L 03/27/2026 - 19:40:56: [SM]   [1] Line 953, d:\Github\Private-Work\L4D2-Êèí‰ª∂\scripting_1.11\l4dmultislots.sp::Timer_SpecCheck
L 03/27/2026 - 19:41:00: [SM] Exception reported: Invalid convar handle 0 (error 4)
L 03/27/2026 - 19:41:00: [SM] Blaming: ÒankrunFixhealth.smx
L 03/27/2026 - 19:41:00: [SM] Call stack trace:
L 03/27/2026 - 19:41:00: [SM]   [0] GetConVarString
L 03/27/2026 - 19:41:00: [SM]   [1] Line 138, C:\Users\Moises\Downloads\Compressed\sourcemod-1.11.0-git6968-windows\addons\sourcemod\scripting\ÒankrunFixhealth.sp::IsTankRunActive
L 03/27/2026 - 19:41:00: [SM]   [2] Line 79, C:\Users\Moises\Downloads\Compressed\sourcemod-1.11.0-git6968-windows\addons\sourcemod\scripting\ÒankrunFixhealth.sp::Event_PlayerDeath
L 03/27/2026 - 19:41:01: [SM] Exception reported: Invalid convar handle 0 (error 4)
L 03/27/2026 - 19:41:01: [SM] Blaming: ÒankrunFixhealth.smx
L 03/27/2026 - 19:41:01: [SM] Call stack trace:
L 03/27/2026 - 19:41:01: [SM]   [0] GetConVarString
L 03/27/2026 - 19:41:01: [SM]   [1] Line 138, C:\Users\Moises\Downloads\Compressed\sourcemod-1.11.0-git6968-windows\addons\sourcemod\scripting\ÒankrunFixhealth.sp::IsTankRunActive
L 03/27/2026 - 19:41:01: [SM]   [2] Line 79, C:\Users\Moises\Downloads\Compressed\sourcemod-1.11.0-git6968-windows\addons\sourcemod\scripting\ÒankrunFixhealth.sp::Event_PlayerDeath
L 03/27/2026 - 19:41:01: [SM] Exception reported: Invalid convar handle 0 (error 4)
L 03/27/2026 - 19:41:01: [SM] Blaming: ÒankrunFixhealth.smx
L 03/27/2026 - 19:41:01: [SM] Call stack trace:
L 03/27/2026 - 19:41:01: [SM]   [0] GetConVarString
L 03/27/2026 - 19:41:01: [SM]   [1] Line 138, C:\Users\Moises\Downloads\Compressed\sourcemod-1.11.0-git6968-windows\addons\sourcemod\scripting\ÒankrunFixhealth.sp::IsTankRunActive
L 03/27/2026 - 19:41:01: [SM]   [2] Line 79, C:\Users\Moises\Downloads\Compressed\sourcemod-1.11.0-git6968-windows\addons\sourcemod\scripting\ÒankrunFixhealth.sp::Event_PlayerDeath
L 03/27/2026 - 19:41:04: [SM] Exception reported: Invalid convar handle 0 (error 4)
L 03/27/2026 - 19:41:04: [SM] Blaming: ÒankrunFixhealth.smx
L 03/27/2026 - 19:41:04: [SM] Call stack trace:
L 03/27/2026 - 19:41:04: [SM]   [0] GetConVarString
L 03/27/2026 - 19:41:04: [SM]   [1] Line 138, C:\Users\Moises\Downloads\Compressed\sourcemod-1.11.0-git6968-windows\addons\sourcemod\scripting\ÒankrunFixhealth.sp::IsTankRunActive
L 03/27/2026 - 19:41:04: [SM]   [2] Line 36, C:\Users\Moises\Downloads\Compressed\sourcemod-1.11.0-git6968-windows\addons\sourcemod\scripting\ÒankrunFixhealth.sp::Timer_PeriodicCheck
L 03/27/2026 - 19:41:08: [SM] Exception reported: Invalid timer handle d300058e (error 1)
L 03/27/2026 - 19:41:08: [SM] Blaming: l4d2_playerjoining_v2.smx
L 03/27/2026 - 19:41:08: [SM] Call stack trace:
L 03/27/2026 - 19:41:08: [SM]   [0] KillTimer
L 03/27/2026 - 19:41:08: [SM]   [1] Line 53, C:\Users\Moises\Downloads\Compressed\sourcemod-1.11.0-git6968-windows\addons\sourcemod\scripting\l4d2_playerjoining_v2.sp::OnClientDisconnect
L 03/27/2026 - 19:41:14: [SM] Exception reported: Invalid convar handle 0 (error 4)
L 03/27/2026 - 19:41:14: [SM] Blaming: ÒankrunFixhealth.smx
L 03/27/2026 - 19:41:14: [SM] Call stack trace:
L 03/27/2026 - 19:41:14: [SM]   [0] GetConVarString
L 03/27/2026 - 19:41:14: [SM]   [1] Line 138, C:\Users\Moises\Downloads\Compressed\sourcemod-1.11.0-git6968-windows\addons\sourcemod\scripting\ÒankrunFixhealth.sp::IsTankRunActive
L 03/27/2026 - 19:41:14: [SM]   [2] Line 36, C:\Users\Moises\Downloads\Compressed\sourcemod-1.11.0-git6968-windows\addons\sourcemod\scripting\ÒankrunFixhealth.sp::Timer_PeriodicCheck
L 03/27/2026 - 19:41:21: [SM] Exception reported: Language phrase "Please wait to be revived or rescued" not found (arg 6)
L 03/27/2026 - 19:41:21: [SM] Blaming: l4dmultislots.smx
L 03/27/2026 - 19:41:21: [SM] Call stack trace:
L 03/27/2026 - 19:41:21: [SM]   [0] PrintToChat
L 03/27/2026 - 19:41:21: [SM]   [1] Line 953, d:\Github\Private-Work\L4D2-Êèí‰ª∂\scripting_1.11\l4dmultislots.sp::Timer_SpecCheck
L 03/27/2026 - 19:41:24: [SM] Exception reported: Invalid convar handle 0 (error 4)
L 03/27/2026 - 19:41:24: [SM] Blaming: ÒankrunFixhealth.smx
L 03/27/2026 - 19:41:24: [SM] Call stack trace:
L 03/27/2026 - 19:41:24: [SM]   [0] GetConVarString
L 03/27/2026 - 19:41:24: [SM]   [1] Line 138, C:\Users\Moises\Downloads\Compressed\sourcemod-1.11.0-git6968-windows\addons\sourcemod\scripting\ÒankrunFixhealth.sp::IsTankRunActive
L 03/27/2026 - 19:41:24: [SM]   [2] Line 36, C:\Users\Moises\Downloads\Compressed\sourcemod-1.11.0-git6968-windows\addons\sourcemod\scripting\ÒankrunFixhealth.sp::Timer_PeriodicCheck
L 03/27/2026 - 19:41:27: [SM] Exception reported: Invalid convar handle 0 (error 4)
L 03/27/2026 - 19:41:27: [SM] Blaming: ÒankrunFixhealth.smx
L 03/27/2026 - 19:41:27: [SM] Call stack trace:
L 03/27/2026 - 19:41:27: [SM]   [0] GetConVarString
L 03/27/2026 - 19:41:27: [SM]   [1] Line 138, C:\Users\Moises\Downloads\Compressed\sourcemod-1.11.0-git6968-windows\addons\sourcemod\scripting\ÒankrunFixhealth.sp::IsTankRunActive
L 03/27/2026 - 19:41:27: [SM]   [2] Line 79, C:\Users\Moises\Downloads\Compressed\sourcemod-1.11.0-git6968-windows\addons\sourcemod\scripting\ÒankrunFixhealth.sp::Event_PlayerDeath
L 03/27/2026 - 19:41:34: [SM] Exception reported: Invalid convar handle 0 (error 4)
L 03/27/2026 - 19:41:34: [SM] Blaming: ÒankrunFixhealth.smx
L 03/27/2026 - 19:41:34: [SM] Call stack trace:
L 03/27/2026 - 19:41:34: [SM]   [0] GetConVarString
L 03/27/2026 - 19:41:34: [SM]   [1] Line 138, C:\Users\Moises\Downloads\Compressed\sourcemod-1.11.0-git6968-windows\addons\sourcemod\scripting\ÒankrunFixhealth.sp::IsTankRunActive
L 03/27/2026 - 19:41:34: [SM]   [2] Line 36, C:\Users\Moises\Downloads\Compressed\sourcemod-1.11.0-git6968-windows\addons\sourcemod\scripting\ÒankrunFixhealth.sp::Timer_PeriodicCheck
L 03/27/2026 - 19:41:38: [SM] Exception reported: Invalid convar handle 0 (error 4)
L 03/27/2026 - 19:41:38: [SM] Blaming: ÒankrunFixhealth.smx
L 03/27/2026 - 19:41:38: [SM] Call stack trace:
L 03/27/2026 - 19:41:38: [SM]   [0] GetConVarString
L 03/27/2026 - 19:41:38: [SM]   [1] Line 138, C:\Users\Moises\Downloads\Compressed\sourcemod-1.11.0-git6968-windows\addons\sourcemod\scripting\ÒankrunFixhealth.sp::IsTankRunActive
L 03/27/2026 - 19:41:38: [SM]   [2] Line 79, C:\Users\Moises\Downloads\Compressed\sourcemod-1.11.0-git6968-windows\addons\sourcemod\scripting\ÒankrunFixhealth.sp::Event_PlayerDeath
L 03/27/2026 - 19:41:44: [SM] Exception reported: Invalid convar handle 0 (error 4)
L 03/27/2026 - 19:41:44: [SM] Blaming: ÒankrunFixhealth.smx
L 03/27/2026 - 19:41:44: [SM] Call stack trace:
L 03/27/2026 - 19:41:44: [SM]   [0] GetConVarString
L 03/27/2026 - 19:41:44: [SM]   [1] Line 138, C:\Users\Moises\Downloads\Compressed\sourcemod-1.11.0-git6968-windows\addons\sourcemod\scripting\ÒankrunFixhealth.sp::IsTankRunActive
L 03/27/2026 - 19:41:44: [SM]   [2] Line 36, C:\Users\Moises\Downloads\Compressed\sourcemod-1.11.0-git6968-windows\addons\sourcemod\scripting\ÒankrunFixhealth.sp::Timer_PeriodicCheck
L 03/27/2026 - 19:41:46: [SM] Exception reported: Language phrase "Please wait to be revived or rescued" not found (arg 6)
L 03/27/2026 - 19:41:46: [SM] Blaming: l4dmultislots.smx
L 03/27/2026 - 19:41:46: [SM] Call stack trace:
L 03/27/2026 - 19:41:46: [SM]   [0] PrintToChat
L 03/27/2026 - 19:41:46: [SM]   [1] Line 953, d:\Github\Private-Work\L4D2-Êèí‰ª∂\scripting_1.11\l4dmultislots.sp::Timer_SpecCheck
L 03/27/2026 - 19:41:54: [SM] Exception reported: Invalid convar handle 0 (error 4)
L 03/27/2026 - 19:41:54: [SM] Blaming: ÒankrunFixhealth.smx
L 03/27/2026 - 19:41:54: [SM] Call stack trace:
L 03/27/2026 - 19:41:54: [SM]   [0] GetConVarString
L 03/27/2026 - 19:41:54: [SM]   [1] Line 138, C:\Users\Moises\Downloads\Compressed\sourcemod-1.11.0-git6968-windows\addons\sourcemod\scripting\ÒankrunFixhealth.sp::IsTankRunActive
L 03/27/2026 - 19:41:54: [SM]   [2] Line 36, C:\Users\Moises\Downloads\Compressed\sourcemod-1.11.0-git6968-windows\addons\sourcemod\scripting\ÒankrunFixhealth.sp::Timer_PeriodicCheck
L 03/27/2026 - 19:42:04: [SM] Exception reported: Invalid convar handle 0 (error 4)
L 03/27/2026 - 19:42:04: [SM] Blaming: ÒankrunFixhealth.smx
L 03/27/2026 - 19:42:04: [SM] Call stack trace:
L 03/27/2026 - 19:42:04: [SM]   [0] GetConVarString
L 03/27/2026 - 19:42:04: [SM]   [1] Line 138, C:\Users\Moises\Downloads\Compressed\sourcemod-1.11.0-git6968-windows\addons\sourcemod\scripting\ÒankrunFixhealth.sp::IsTankRunActive
L 03/27/2026 - 19:42:04: [SM]   [2] Line 36, C:\Users\Moises\Downloads\Compressed\sourcemod-1.11.0-git6968-windows\addons\sourcemod\scripting\ÒankrunFixhealth.sp::Timer_PeriodicCheck
L 03/27/2026 - 19:42:10: [SM] Exception reported: Invalid convar handle 0 (error 4)
L 03/27/2026 - 19:42:10: [SM] Blaming: ÒankrunFixhealth.smx
L 03/27/2026 - 19:42:10: [SM] Call stack trace:
L 03/27/2026 - 19:42:10: [SM]   [0] GetConVarString
L 03/27/2026 - 19:42:10: [SM]   [1] Line 138, C:\Users\Moises\Downloads\Compressed\sourcemod-1.11.0-git6968-windows\addons\sourcemod\scripting\ÒankrunFixhealth.sp::IsTankRunActive
L 03/27/2026 - 19:42:10: [SM]   [2] Line 79, C:\Users\Moises\Downloads\Compressed\sourcemod-1.11.0-git6968-windows\addons\sourcemod\scripting\ÒankrunFixhealth.sp::Event_PlayerDeath
L 03/27/2026 - 19:42:11: [SM] Exception reported: Language phrase "Please wait to be revived or rescued" not found (arg 6)
L 03/27/2026 - 19:42:11: [SM] Blaming: l4dmultislots.smx
L 03/27/2026 - 19:42:11: [SM] Call stack trace:
L 03/27/2026 - 19:42:11: [SM]   [0] PrintToChat
L 03/27/2026 - 19:42:11: [SM]   [1] Line 953, d:\Github\Private-Work\L4D2-Êèí‰ª∂\scripting_1.11\l4dmultislots.sp::Timer_SpecCheck
L 03/27/2026 - 19:42:13: [SM] Exception reported: Property "m_vecAngularVelocity" not found (entity 164/weapon_rifle_ak47)
L 03/27/2026 - 19:42:13: [SM] Blaming: l4d2_tank_core v4_5.smx
L 03/27/2026 - 19:42:13: [SM] Call stack trace:
L 03/27/2026 - 19:42:13: [SM]   [0] SetEntPropVector
L 03/27/2026 - 19:42:13: [SM]   [1] Line 650, D:\SteamLibrary\steamapps\common\Left 4 Dead 2\left4dead2\addons\sourcemod\scripting\l4d2_tank_core v4_5.sp::DropItemsPhysically
L 03/27/2026 - 19:42:13: [SM]   [2] Line 549, D:\SteamLibrary\steamapps\common\Left 4 Dead 2\left4dead2\addons\sourcemod\scripting\l4d2_tank_core v4_5.sp::Event_PlayerHurt
L 03/27/2026 - 19:42:14: [SM] Exception reported: Invalid convar handle 0 (error 4)
L 03/27/2026 - 19:42:14: [SM] Blaming: ÒankrunFixhealth.smx
L 03/27/2026 - 19:42:14: [SM] Call stack trace:
L 03/27/2026 - 19:42:14: [SM]   [0] GetConVarString
L 03/27/2026 - 19:42:14: [SM]   [1] Line 138, C:\Users\Moises\Downloads\Compressed\sourcemod-1.11.0-git6968-windows\addons\sourcemod\scripting\ÒankrunFixhealth.sp::IsTankRunActive
L 03/27/2026 - 19:42:14: [SM]   [2] Line 36, C:\Users\Moises\Downloads\Compressed\sourcemod-1.11.0-git6968-windows\addons\sourcemod\scripting\ÒankrunFixhealth.sp::Timer_PeriodicCheck
L 03/27/2026 - 19:42:16: [SM] Exception reported: Invalid convar handle 0 (error 4)
L 03/27/2026 - 19:42:16: [SM] Blaming: ÒankrunFixhealth.smx
L 03/27/2026 - 19:42:16: [SM] Call stack trace:
L 03/27/2026 - 19:42:16: [SM]   [0] GetConVarString
L 03/27/2026 - 19:42:16: [SM]   [1] Line 138, C:\Users\Moises\Downloads\Compressed\sourcemod-1.11.0-git6968-windows\addons\sourcemod\scripting\ÒankrunFixhealth.sp::IsTankRunActive
L 03/27/2026 - 19:42:16: [SM]   [2] Line 79, C:\Users\Moises\Downloads\Compressed\sourcemod-1.11.0-git6968-windows\addons\sourcemod\scripting\ÒankrunFixhealth.sp::Event_PlayerDeath
L 03/27/2026 - 19:42:16: [SM] Exception reported: Invalid convar handle 0 (error 4)
L 03/27/2026 - 19:42:16: [SM] Blaming: ÒankrunFixhealth.smx
L 03/27/2026 - 19:42:16: [SM] Call stack trace:
L 03/27/2026 - 19:42:16: [SM]   [0] GetConVarString
L 03/27/2026 - 19:42:16: [SM]   [1] Line 138, C:\Users\Moises\Downloads\Compressed\sourcemod-1.11.0-git6968-windows\addons\sourcemod\scripting\ÒankrunFixhealth.sp::IsTankRunActive
L 03/27/2026 - 19:42:16: [SM]   [2] Line 91, C:\Users\Moises\Downloads\Compressed\sourcemod-1.11.0-git6968-windows\addons\sourcemod\scripting\ÒankrunFixhealth.sp::Event_MissionLost
L 03/27/2026 - 19:42:17: [SM] Exception reported: Invalid timer handle 3d60058b (error 3)
L 03/27/2026 - 19:42:17: [SM] Blaming: l4d2_playerjoining_v2.smx
L 03/27/2026 - 19:42:17: [SM] Call stack trace:
L 03/27/2026 - 19:42:17: [SM]   [0] KillTimer
L 03/27/2026 - 19:42:17: [SM]   [1] Line 53, C:\Users\Moises\Downloads\Compressed\sourcemod-1.11.0-git6968-windows\addons\sourcemod\scripting\l4d2_playerjoining_v2.sp::OnClientDisconnect
L 03/27/2026 - 19:42:23: [SM] Exception reported: Invalid convar handle 0 (error 4)
L 03/27/2026 - 19:42:23: [SM] Blaming: ÒankrunFixhealth.smx
L 03/27/2026 - 19:42:23: [SM] Call stack trace:
L 03/27/2026 - 19:42:23: [SM]   [0] GetConVarString
L 03/27/2026 - 19:42:23: [SM]   [1] Line 138, C:\Users\Moises\Downloads\Compressed\sourcemod-1.11.0-git6968-windows\addons\sourcemod\scripting\ÒankrunFixhealth.sp::IsTankRunActive
L 03/27/2026 - 19:42:23: [SM]   [2] Line 54, C:\Users\Moises\Downloads\Compressed\sourcemod-1.11.0-git6968-windows\addons\sourcemod\scripting\ÒankrunFixhealth.sp::Event_RoundStart
L 03/27/2026 - 19:42:23: [SM] Exception reported: Invalid timer handle 18100595 (error 1)
L 03/27/2026 - 19:42:23: [SM] Blaming: l4d2_playerjoining_v2.smx
L 03/27/2026 - 19:42:23: [SM] Call stack trace:
L 03/27/2026 - 19:42:23: [SM]   [0] KillTimer
L 03/27/2026 - 19:42:23: [SM]   [1] Line 53, C:\Users\Moises\Downloads\Compressed\sourcemod-1.11.0-git6968-windows\addons\sourcemod\scripting\l4d2_playerjoining_v2.sp::OnClientDisconnect
L 03/27/2026 - 19:42:23: [SM] Exception reported: Invalid timer handle d9d005a0 (error 1)
L 03/27/2026 - 19:42:23: [SM] Blaming: l4d2_playerjoining_v2.smx
L 03/27/2026 - 19:42:23: [SM] Call stack trace:
L 03/27/2026 - 19:42:23: [SM]   [0] KillTimer
L 03/27/2026 - 19:42:23: [SM]   [1] Line 53, C:\Users\Moises\Downloads\Compressed\sourcemod-1.11.0-git6968-windows\addons\sourcemod\scripting\l4d2_playerjoining_v2.sp::OnClientDisconnect
L 03/27/2026 - 19:42:23: [SM] Exception reported: Invalid timer handle d300058e (error 1)
L 03/27/2026 - 19:42:23: [SM] Blaming: l4d2_playerjoining_v2.smx
L 03/27/2026 - 19:42:23: [SM] Call stack trace:
L 03/27/2026 - 19:42:23: [SM]   [0] KillTimer
L 03/27/2026 - 19:42:23: [SM]   [1] Line 53, C:\Users\Moises\Downloads\Compressed\sourcemod-1.11.0-git6968-windows\addons\sourcemod\scripting\l4d2_playerjoining_v2.sp::OnClientDisconnect
L 03/27/2026 - 19:42:23: [SM] Exception reported: Invalid timer handle a310055c (error 1)
L 03/27/2026 - 19:42:23: [SM] Blaming: l4d2_playerjoining_v2.smx
L 03/27/2026 - 19:42:23: [SM] Call stack trace:
L 03/27/2026 - 19:42:23: [SM]   [0] KillTimer
L 03/27/2026 - 19:42:23: [SM]   [1] Line 53, C:\Users\Moises\Downloads\Compressed\sourcemod-1.11.0-git6968-windows\addons\sourcemod\scripting\l4d2_playerjoining_v2.sp::OnClientDisconnect
L 03/27/2026 - 19:42:25: [SM] Exception reported: Invalid convar handle 0 (error 4)
L 03/27/2026 - 19:42:25: [SM] Blaming: ÒankrunFixhealth.smx
L 03/27/2026 - 19:42:25: [SM] Call stack trace:
L 03/27/2026 - 19:42:25: [SM]   [0] GetConVarString
L 03/27/2026 - 19:42:25: [SM]   [1] Line 138, C:\Users\Moises\Downloads\Compressed\sourcemod-1.11.0-git6968-windows\addons\sourcemod\scripting\ÒankrunFixhealth.sp::IsTankRunActive
L 03/27/2026 - 19:42:25: [SM]   [2] Line 36, C:\Users\Moises\Downloads\Compressed\sourcemod-1.11.0-git6968-windows\addons\sourcemod\scripting\ÒankrunFixhealth.sp::Timer_PeriodicCheck
L 03/27/2026 - 19:42:35: [SM] Exception reported: Invalid convar handle 0 (error 4)
L 03/27/2026 - 19:42:35: [SM] Blaming: ÒankrunFixhealth.smx
L 03/27/2026 - 19:42:35: [SM] Call stack trace:
L 03/27/2026 - 19:42:35: [SM]   [0] GetConVarString
L 03/27/2026 - 19:42:35: [SM]   [1] Line 138, C:\Users\Moises\Downloads\Compressed\sourcemod-1.11.0-git6968-windows\addons\sourcemod\scripting\ÒankrunFixhealth.sp::IsTankRunActive
L 03/27/2026 - 19:42:35: [SM]   [2] Line 36, C:\Users\Moises\Downloads\Compressed\sourcemod-1.11.0-git6968-windows\addons\sourcemod\scripting\ÒankrunFixhealth.sp::Timer_PeriodicCheck
L 03/27/2026 - 19:42:41: [SM] Exception reported: Invalid convar handle 0 (error 4)
L 03/27/2026 - 19:42:41: [SM] Blaming: ÒankrunFixhealth.smx
L 03/27/2026 - 19:42:41: [SM] Call stack trace:
L 03/27/2026 - 19:42:41: [SM]   [0] GetConVarString
L 03/27/2026 - 19:42:41: [SM]   [1] Line 138, C:\Users\Moises\Downloads\Compressed\sourcemod-1.11.0-git6968-windows\addons\sourcemod\scripting\ÒankrunFixhealth.sp::IsTankRunActive
L 03/27/2026 - 19:42:41: [SM]   [2] Line 79, C:\Users\Moises\Downloads\Compressed\sourcemod-1.11.0-git6968-windows\addons\sourcemod\scripting\ÒankrunFixhealth.sp::Event_PlayerDeath
L 03/27/2026 - 19:42:45: [SM] Exception reported: Invalid convar handle 0 (error 4)
L 03/27/2026 - 19:42:45: [SM] Blaming: ÒankrunFixhealth.smx
L 03/27/2026 - 19:42:45: [SM] Call stack trace:
L 03/27/2026 - 19:42:45: [SM]   [0] GetConVarString
L 03/27/2026 - 19:42:45: [SM]   [1] Line 138, C:\Users\Moises\Downloads\Compressed\sourcemod-1.11.0-git6968-windows\addons\sourcemod\scripting\ÒankrunFixhealth.sp::IsTankRunActive
L 03/27/2026 - 19:42:45: [SM]   [2] Line 36, C:\Users\Moises\Downloads\Compressed\sourcemod-1.11.0-git6968-windows\addons\sourcemod\scripting\ÒankrunFixhealth.sp::Timer_PeriodicCheck
L 03/27/2026 - 19:42:45: [SM] Exception reported: Invalid convar handle 0 (error 4)
L 03/27/2026 - 19:42:45: [SM] Blaming: ÒankrunFixhealth.smx
L 03/27/2026 - 19:42:45: [SM] Call stack trace:
L 03/27/2026 - 19:42:45: [SM]   [0] GetConVarString
L 03/27/2026 - 19:42:45: [SM]   [1] Line 138, C:\Users\Moises\Downloads\Compressed\sourcemod-1.11.0-git6968-windows\addons\sourcemod\scripting\ÒankrunFixhealth.sp::IsTankRunActive
L 03/27/2026 - 19:42:45: [SM]   [2] Line 79, C:\Users\Moises\Downloads\Compressed\sourcemod-1.11.0-git6968-windows\addons\sourcemod\scripting\ÒankrunFixhealth.sp::Event_PlayerDeath
L 03/27/2026 - 19:42:49: [SM] Exception reported: Language phrase "Please wait to be revived or rescued" not found (arg 6)
L 03/27/2026 - 19:42:49: [SM] Blaming: l4dmultislots.smx
L 03/27/2026 - 19:42:49: [SM] Call stack trace:
L 03/27/2026 - 19:42:49: [SM]   [0] PrintToChat
L 03/27/2026 - 19:42:49: [SM]   [1] Line 953, d:\Github\Private-Work\L4D2-Êèí‰ª∂\scripting_1.11\l4dmultislots.sp::Timer_SpecCheck
L 03/27/2026 - 19:42:49: [SM] Exception reported: Invalid timer handle a310055c (error 3)
L 03/27/2026 - 19:42:49: [SM] Blaming: l4d2_playerjoining_v2.smx
L 03/27/2026 - 19:42:49: [SM] Call stack trace:
L 03/27/2026 - 19:42:49: [SM]   [0] KillTimer
L 03/27/2026 - 19:42:49: [SM]   [1] Line 53, C:\Users\Moises\Downloads\Compressed\sourcemod-1.11.0-git6968-windows\addons\sourcemod\scripting\l4d2_playerjoining_v2.sp::OnClientDisconnect
L 03/27/2026 - 19:42:50: [SM] Exception reported: Invalid convar handle 0 (error 4)
L 03/27/2026 - 19:42:50: [SM] Blaming: ÒankrunFixhealth.smx
L 03/27/2026 - 19:42:50: [SM] Call stack trace:
L 03/27/2026 - 19:42:50: [SM]   [0] GetConVarString
L 03/27/2026 - 19:42:50: [SM]   [1] Line 138, C:\Users\Moises\Downloads\Compressed\sourcemod-1.11.0-git6968-windows\addons\sourcemod\scripting\ÒankrunFixhealth.sp::IsTankRunActive
L 03/27/2026 - 19:42:50: [SM]   [2] Line 79, C:\Users\Moises\Downloads\Compressed\sourcemod-1.11.0-git6968-windows\addons\sourcemod\scripting\ÒankrunFixhealth.sp::Event_PlayerDeath
L 03/27/2026 - 19:42:54: [SM] Exception reported: Invalid convar handle 0 (error 4)
L 03/27/2026 - 19:42:54: [SM] Blaming: ÒankrunFixhealth.smx
L 03/27/2026 - 19:42:54: [SM] Call stack trace:
L 03/27/2026 - 19:42:54: [SM]   [0] GetConVarString
L 03/27/2026 - 19:42:54: [SM]   [1] Line 138, C:\Users\Moises\Downloads\Compressed\sourcemod-1.11.0-git6968-windows\addons\sourcemod\scripting\ÒankrunFixhealth.sp::IsTankRunActive
L 03/27/2026 - 19:42:54: [SM]   [2] Line 79, C:\Users\Moises\Downloads\Compressed\sourcemod-1.11.0-git6968-windows\addons\sourcemod\scripting\ÒankrunFixhealth.sp::Event_PlayerDeath
L 03/27/2026 - 19:42:55: [SM] Exception reported: Invalid convar handle 0 (error 4)
L 03/27/2026 - 19:42:55: [SM] Blaming: ÒankrunFixhealth.smx
L 03/27/2026 - 19:42:55: [SM] Call stack trace:
L 03/27/2026 - 19:42:55: [SM]   [0] GetConVarString
L 03/27/2026 - 19:42:55: [SM]   [1] Line 138, C:\Users\Moises\Downloads\Compressed\sourcemod-1.11.0-git6968-windows\addons\sourcemod\scripting\ÒankrunFixhealth.sp::IsTankRunActive
L 03/27/2026 - 19:42:55: [SM]   [2] Line 36, C:\Users\Moises\Downloads\Compressed\sourcemod-1.11.0-git6968-windows\addons\sourcemod\scripting\ÒankrunFixhealth.sp::Timer_PeriodicCheck
L 03/27/2026 - 19:43:04: [SM] Exception reported: Invalid convar handle 0 (error 4)
L 03/27/2026 - 19:43:04: [SM] Blaming: ÒankrunFixhealth.smx
L 03/27/2026 - 19:43:04: [SM] Call stack trace:
L 03/27/2026 - 19:43:04: [SM]   [0] GetConVarString
L 03/27/2026 - 19:43:04: [SM]   [1] Line 138, C:\Users\Moises\Downloads\Compressed\sourcemod-1.11.0-git6968-windows\addons\sourcemod\scripting\ÒankrunFixhealth.sp::IsTankRunActive
L 03/27/2026 - 19:43:04: [SM]   [2] Line 79, C:\Users\Moises\Downloads\Compressed\sourcemod-1.11.0-git6968-windows\addons\sourcemod\scripting\ÒankrunFixhealth.sp::Event_PlayerDeath
L 03/27/2026 - 19:43:05: [SM] Exception reported: Invalid convar handle 0 (error 4)
L 03/27/2026 - 19:43:05: [SM] Blaming: ÒankrunFixhealth.smx
L 03/27/2026 - 19:43:05: [SM] Call stack trace:
L 03/27/2026 - 19:43:05: [SM]   [0] GetConVarString
L 03/27/2026 - 19:43:05: [SM]   [1] Line 138, C:\Users\Moises\Downloads\Compressed\sourcemod-1.11.0-git6968-windows\addons\sourcemod\scripting\ÒankrunFixhealth.sp::IsTankRunActive
L 03/27/2026 - 19:43:05: [SM]   [2] Line 36, C:\Users\Moises\Downloads\Compressed\sourcemod-1.11.0-git6968-windows\addons\sourcemod\scripting\ÒankrunFixhealth.sp::Timer_PeriodicCheck
L 03/27/2026 - 19:43:05: [SM] Exception reported: Invalid convar handle 0 (error 4)
L 03/27/2026 - 19:43:05: [SM] Blaming: ÒankrunFixhealth.smx
L 03/27/2026 - 19:43:05: [SM] Call stack trace:
L 03/27/2026 - 19:43:05: [SM]   [0] GetConVarString
L 03/27/2026 - 19:43:05: [SM]   [1] Line 138, C:\Users\Moises\Downloads\Compressed\sourcemod-1.11.0-git6968-windows\addons\sourcemod\scripting\ÒankrunFixhealth.sp::IsTankRunActive
L 03/27/2026 - 19:43:05: [SM]   [2] Line 79, C:\Users\Moises\Downloads\Compressed\sourcemod-1.11.0-git6968-windows\addons\sourcemod\scripting\ÒankrunFixhealth.sp::Event_PlayerDeath
L 03/27/2026 - 19:43:07: [SM] Exception reported: Invalid convar handle 0 (error 4)
L 03/27/2026 - 19:43:07: [SM] Blaming: ÒankrunFixhealth.smx
L 03/27/2026 - 19:43:07: [SM] Call stack trace:
L 03/27/2026 - 19:43:07: [SM]   [0] GetConVarString
L 03/27/2026 - 19:43:07: [SM]   [1] Line 138, C:\Users\Moises\Downloads\Compressed\sourcemod-1.11.0-git6968-windows\addons\sourcemod\scripting\ÒankrunFixhealth.sp::IsTankRunActive
L 03/27/2026 - 19:43:07: [SM]   [2] Line 79, C:\Users\Moises\Downloads\Compressed\sourcemod-1.11.0-git6968-windows\addons\sourcemod\scripting\ÒankrunFixhealth.sp::Event_PlayerDeath
L 03/27/2026 - 19:43:12: [SM] Exception reported: Invalid timer handle d300058e (error 1)
L 03/27/2026 - 19:43:12: [SM] Blaming: l4d2_playerjoining_v2.smx
L 03/27/2026 - 19:43:12: [SM] Call stack trace:
L 03/27/2026 - 19:43:12: [SM]   [0] KillTimer
L 03/27/2026 - 19:43:12: [SM]   [1] Line 53, C:\Users\Moises\Downloads\Compressed\sourcemod-1.11.0-git6968-windows\addons\sourcemod\scripting\l4d2_playerjoining_v2.sp::OnClientDisconnect
L 03/27/2026 - 19:43:14: [SM] Exception reported: Language phrase "Please wait to be revived or rescued" not found (arg 6)
L 03/27/2026 - 19:43:14: [SM] Blaming: l4dmultislots.smx
L 03/27/2026 - 19:43:14: [SM] Call stack trace:
L 03/27/2026 - 19:43:14: [SM]   [0] PrintToChat
L 03/27/2026 - 19:43:14: [SM]   [1] Line 953, d:\Github\Private-Work\L4D2-Êèí‰ª∂\scripting_1.11\l4dmultislots.sp::Timer_SpecCheck
L 03/27/2026 - 19:43:15: [SM] Exception reported: Invalid convar handle 0 (error 4)
L 03/27/2026 - 19:43:15: [SM] Blaming: ÒankrunFixhealth.smx
L 03/27/2026 - 19:43:15: [SM] Call stack trace:
L 03/27/2026 - 19:43:15: [SM]   [0] GetConVarString
L 03/27/2026 - 19:43:15: [SM]   [1] Line 138, C:\Users\Moises\Downloads\Compressed\sourcemod-1.11.0-git6968-windows\addons\sourcemod\scripting\ÒankrunFixhealth.sp::IsTankRunActive
L 03/27/2026 - 19:43:15: [SM]   [2] Line 36, C:\Users\Moises\Downloads\Compressed\sourcemod-1.11.0-git6968-windows\addons\sourcemod\scripting\ÒankrunFixhealth.sp::Timer_PeriodicCheck
L 03/27/2026 - 19:43:21: [SM] Exception reported: Invalid convar handle 0 (error 4)
L 03/27/2026 - 19:43:21: [SM] Blaming: ÒankrunFixhealth.smx
L 03/27/2026 - 19:43:21: [SM] Call stack trace:
L 03/27/2026 - 19:43:21: [SM]   [0] GetConVarString
L 03/27/2026 - 19:43:21: [SM]   [1] Line 138, C:\Users\Moises\Downloads\Compressed\sourcemod-1.11.0-git6968-windows\addons\sourcemod\scripting\ÒankrunFixhealth.sp::IsTankRunActive
L 03/27/2026 - 19:43:21: [SM]   [2] Line 79, C:\Users\Moises\Downloads\Compressed\sourcemod-1.11.0-git6968-windows\addons\sourcemod\scripting\ÒankrunFixhealth.sp::Event_PlayerDeath
L 03/27/2026 - 19:43:25: [SM] Exception reported: Invalid convar handle 0 (error 4)
L 03/27/2026 - 19:43:25: [SM] Blaming: ÒankrunFixhealth.smx
L 03/27/2026 - 19:43:25: [SM] Call stack trace:
L 03/27/2026 - 19:43:25: [SM]   [0] GetConVarString
L 03/27/2026 - 19:43:25: [SM]   [1] Line 138, C:\Users\Moises\Downloads\Compressed\sourcemod-1.11.0-git6968-windows\addons\sourcemod\scripting\ÒankrunFixhealth.sp::IsTankRunActive
L 03/27/2026 - 19:43:25: [SM]   [2] Line 36, C:\Users\Moises\Downloads\Compressed\sourcemod-1.11.0-git6968-windows\addons\sourcemod\scripting\ÒankrunFixhealth.sp::Timer_PeriodicCheck
L 03/27/2026 - 19:43:35: [SM] Exception reported: Invalid convar handle 0 (error 4)
L 03/27/2026 - 19:43:35: [SM] Blaming: ÒankrunFixhealth.smx
L 03/27/2026 - 19:43:35: [SM] Call stack trace:
L 03/27/2026 - 19:43:35: [SM]   [0] GetConVarString
L 03/27/2026 - 19:43:35: [SM]   [1] Line 138, C:\Users\Moises\Downloads\Compressed\sourcemod-1.11.0-git6968-windows\addons\sourcemod\scripting\ÒankrunFixhealth.sp::IsTankRunActive
L 03/27/2026 - 19:43:35: [SM]   [2] Line 36, C:\Users\Moises\Downloads\Compressed\sourcemod-1.11.0-git6968-windows\addons\sourcemod\scripting\ÒankrunFixhealth.sp::Timer_PeriodicCheck
L 03/27/2026 - 19:43:39: [SM] Exception reported: Language phrase "Please wait to be revived or rescued" not found (arg 6)
L 03/27/2026 - 19:43:39: [SM] Blaming: l4dmultislots.smx
L 03/27/2026 - 19:43:39: [SM] Call stack trace:
L 03/27/2026 - 19:43:39: [SM]   [0] PrintToChat
L 03/27/2026 - 19:43:39: [SM]   [1] Line 953, d:\Github\Private-Work\L4D2-Êèí‰ª∂\scripting_1.11\l4dmultislots.sp::Timer_SpecCheck
L 03/27/2026 - 19:43:45: [SM] Exception reported: Invalid convar handle 0 (error 4)
L 03/27/2026 - 19:43:45: [SM] Blaming: ÒankrunFixhealth.smx
L 03/27/2026 - 19:43:45: [SM] Call stack trace:
L 03/27/2026 - 19:43:45: [SM]   [0] GetConVarString
L 03/27/2026 - 19:43:45: [SM]   [1] Line 138, C:\Users\Moises\Downloads\Compressed\sourcemod-1.11.0-git6968-windows\addons\sourcemod\scripting\ÒankrunFixhealth.sp::IsTankRunActive
L 03/27/2026 - 19:43:45: [SM]   [2] Line 36, C:\Users\Moises\Downloads\Compressed\sourcemod-1.11.0-git6968-windows\addons\sourcemod\scripting\ÒankrunFixhealth.sp::Timer_PeriodicCheck
L 03/27/2026 - 19:43:55: [SM] Exception reported: Invalid convar handle 0 (error 4)
L 03/27/2026 - 19:43:55: [SM] Blaming: ÒankrunFixhealth.smx
L 03/27/2026 - 19:43:55: [SM] Call stack trace:
L 03/27/2026 - 19:43:55: [SM]   [0] GetConVarString
L 03/27/2026 - 19:43:55: [SM]   [1] Line 138, C:\Users\Moises\Downloads\Compressed\sourcemod-1.11.0-git6968-windows\addons\sourcemod\scripting\ÒankrunFixhealth.sp::IsTankRunActive
L 03/27/2026 - 19:43:55: [SM]   [2] Line 36, C:\Users\Moises\Downloads\Compressed\sourcemod-1.11.0-git6968-windows\addons\sourcemod\scripting\ÒankrunFixhealth.sp::Timer_PeriodicCheck
L 03/27/2026 - 19:43:59: [SM] Exception reported: Invalid convar handle 0 (error 4)
L 03/27/2026 - 19:43:59: [SM] Blaming: ÒankrunFixhealth.smx
L 03/27/2026 - 19:43:59: [SM] Call stack trace:
L 03/27/2026 - 19:43:59: [SM]   [0] GetConVarString
L 03/27/2026 - 19:43:59: [SM]   [1] Line 138, C:\Users\Moises\Downloads\Compressed\sourcemod-1.11.0-git6968-windows\addons\sourcemod\scripting\ÒankrunFixhealth.sp::IsTankRunActive
L 03/27/2026 - 19:43:59: [SM]   [2] Line 79, C:\Users\Moises\Downloads\Compressed\sourcemod-1.11.0-git6968-windows\addons\sourcemod\scripting\ÒankrunFixhealth.sp::Event_PlayerDeath
L 03/27/2026 - 19:44:04: [SM] Exception reported: Language phrase "Please wait to be revived or rescued" not found (arg 6)
L 03/27/2026 - 19:44:04: [SM] Blaming: l4dmultislots.smx
L 03/27/2026 - 19:44:04: [SM] Call stack trace:
L 03/27/2026 - 19:44:04: [SM]   [0] PrintToChat
L 03/27/2026 - 19:44:04: [SM]   [1] Line 953, d:\Github\Private-Work\L4D2-Êèí‰ª∂\scripting_1.11\l4dmultislots.sp::Timer_SpecCheck
L 03/27/2026 - 19:44:05: [SM] Exception reported: Invalid convar handle 0 (error 4)
L 03/27/2026 - 19:44:05: [SM] Blaming: ÒankrunFixhealth.smx
L 03/27/2026 - 19:44:05: [SM] Call stack trace:
L 03/27/2026 - 19:44:05: [SM]   [0] GetConVarString
L 03/27/2026 - 19:44:05: [SM]   [1] Line 138, C:\Users\Moises\Downloads\Compressed\sourcemod-1.11.0-git6968-windows\addons\sourcemod\scripting\ÒankrunFixhealth.sp::IsTankRunActive
L 03/27/2026 - 19:44:05: [SM]   [2] Line 36, C:\Users\Moises\Downloads\Compressed\sourcemod-1.11.0-git6968-windows\addons\sourcemod\scripting\ÒankrunFixhealth.sp::Timer_PeriodicCheck
L 03/27/2026 - 19:44:06: [SM] Exception reported: Invalid timer handle d300058e (error 1)
L 03/27/2026 - 19:44:06: [SM] Blaming: l4d2_playerjoining_v2.smx
L 03/27/2026 - 19:44:06: [SM] Call stack trace:
L 03/27/2026 - 19:44:06: [SM]   [0] KillTimer
L 03/27/2026 - 19:44:06: [SM]   [1] Line 53, C:\Users\Moises\Downloads\Compressed\sourcemod-1.11.0-git6968-windows\addons\sourcemod\scripting\l4d2_playerjoining_v2.sp::OnClientDisconnect
L 03/27/2026 - 19:44:15: [SM] Exception reported: Invalid convar handle 0 (error 4)
L 03/27/2026 - 19:44:15: [SM] Blaming: ÒankrunFixhealth.smx
L 03/27/2026 - 19:44:15: [SM] Call stack trace:
L 03/27/2026 - 19:44:15: [SM]   [0] GetConVarString
L 03/27/2026 - 19:44:15: [SM]   [1] Line 138, C:\Users\Moises\Downloads\Compressed\sourcemod-1.11.0-git6968-windows\addons\sourcemod\scripting\ÒankrunFixhealth.sp::IsTankRunActive
L 03/27/2026 - 19:44:15: [SM]   [2] Line 36, C:\Users\Moises\Downloads\Compressed\sourcemod-1.11.0-git6968-windows\addons\sourcemod\scripting\ÒankrunFixhealth.sp::Timer_PeriodicCheck
L 03/27/2026 - 19:44:25: [SM] Exception reported: Invalid convar handle 0 (error 4)
L 03/27/2026 - 19:44:25: [SM] Blaming: ÒankrunFixhealth.smx
L 03/27/2026 - 19:44:25: [SM] Call stack trace:
L 03/27/2026 - 19:44:25: [SM]   [0] GetConVarString
L 03/27/2026 - 19:44:25: [SM]   [1] Line 138, C:\Users\Moises\Downloads\Compressed\sourcemod-1.11.0-git6968-windows\addons\sourcemod\scripting\ÒankrunFixhealth.sp::IsTankRunActive
L 03/27/2026 - 19:44:25: [SM]   [2] Line 36, C:\Users\Moises\Downloads\Compressed\sourcemod-1.11.0-git6968-windows\addons\sourcemod\scripting\ÒankrunFixhealth.sp::Timer_PeriodicCheck
L 03/27/2026 - 19:44:25: [SM] Exception reported: Invalid convar handle 0 (error 4)
L 03/27/2026 - 19:44:25: [SM] Blaming: ÒankrunFixhealth.smx
L 03/27/2026 - 19:44:25: [SM] Call stack trace:
L 03/27/2026 - 19:44:25: [SM]   [0] GetConVarString
L 03/27/2026 - 19:44:25: [SM]   [1] Line 138, C:\Users\Moises\Downloads\Compressed\sourcemod-1.11.0-git6968-windows\addons\sourcemod\scripting\ÒankrunFixhealth.sp::IsTankRunActive
L 03/27/2026 - 19:44:25: [SM]   [2] Line 79, C:\Users\Moises\Downloads\Compressed\sourcemod-1.11.0-git6968-windows\addons\sourcemod\scripting\ÒankrunFixhealth.sp::Event_PlayerDeath
L 03/27/2026 - 19:44:25: [SM] Exception reported: Invalid convar handle 0 (error 4)
L 03/27/2026 - 19:44:25: [SM] Blaming: ÒankrunFixhealth.smx
L 03/27/2026 - 19:44:25: [SM] Call stack trace:
L 03/27/2026 - 19:44:25: [SM]   [0] GetConVarString
L 03/27/2026 - 19:44:25: [SM]   [1] Line 138, C:\Users\Moises\Downloads\Compressed\sourcemod-1.11.0-git6968-windows\addons\sourcemod\scripting\ÒankrunFixhealth.sp::IsTankRunActive
L 03/27/2026 - 19:44:25: [SM]   [2] Line 91, C:\Users\Moises\Downloads\Compressed\sourcemod-1.11.0-git6968-windows\addons\sourcemod\scripting\ÒankrunFixhealth.sp::Event_MissionLost
L 03/27/2026 - 19:44:33: [SM] Exception reported: Invalid convar handle 0 (error 4)
L 03/27/2026 - 19:44:33: [SM] Blaming: ÒankrunFixhealth.smx
L 03/27/2026 - 19:44:33: [SM] Call stack trace:
L 03/27/2026 - 19:44:33: [SM]   [0] GetConVarString
L 03/27/2026 - 19:44:33: [SM]   [1] Line 138, C:\Users\Moises\Downloads\Compressed\sourcemod-1.11.0-git6968-windows\addons\sourcemod\scripting\ÒankrunFixhealth.sp::IsTankRunActive
L 03/27/2026 - 19:44:33: [SM]   [2] Line 54, C:\Users\Moises\Downloads\Compressed\sourcemod-1.11.0-git6968-windows\addons\sourcemod\scripting\ÒankrunFixhealth.sp::Event_RoundStart
L 03/27/2026 - 19:44:33: [SM] Exception reported: Invalid timer handle a310055c (error 1)
L 03/27/2026 - 19:44:33: [SM] Blaming: l4d2_playerjoining_v2.smx
L 03/27/2026 - 19:44:33: [SM] Call stack trace:
L 03/27/2026 - 19:44:33: [SM]   [0] KillTimer
L 03/27/2026 - 19:44:33: [SM]   [1] Line 53, C:\Users\Moises\Downloads\Compressed\sourcemod-1.11.0-git6968-windows\addons\sourcemod\scripting\l4d2_playerjoining_v2.sp::OnClientDisconnect
L 03/27/2026 - 19:44:33: [SM] Exception reported: Invalid timer handle d300058e (error 1)
L 03/27/2026 - 19:44:33: [SM] Blaming: l4d2_playerjoining_v2.smx
L 03/27/2026 - 19:44:33: [SM] Call stack trace:
L 03/27/2026 - 19:44:33: [SM]   [0] KillTimer
L 03/27/2026 - 19:44:33: [SM]   [1] Line 53, C:\Users\Moises\Downloads\Compressed\sourcemod-1.11.0-git6968-windows\addons\sourcemod\scripting\l4d2_playerjoining_v2.sp::OnClientDisconnect
L 03/27/2026 - 19:44:33: [SM] Exception reported: Invalid timer handle e51005e0 (error 1)
L 03/27/2026 - 19:44:33: [SM] Blaming: l4d2_playerjoining_v2.smx
L 03/27/2026 - 19:44:33: [SM] Call stack trace:
L 03/27/2026 - 19:44:33: [SM]   [0] KillTimer
L 03/27/2026 - 19:44:33: [SM]   [1] Line 53, C:\Users\Moises\Downloads\Compressed\sourcemod-1.11.0-git6968-windows\addons\sourcemod\scripting\l4d2_playerjoining_v2.sp::OnClientDisconnect
L 03/27/2026 - 19:44:33: [SM] Exception reported: Invalid timer handle 3d60058b (error 1)
L 03/27/2026 - 19:44:33: [SM] Blaming: l4d2_playerjoining_v2.smx
L 03/27/2026 - 19:44:33: [SM] Call stack trace:
L 03/27/2026 - 19:44:33: [SM]   [0] KillTimer
L 03/27/2026 - 19:44:33: [SM]   [1] Line 53, C:\Users\Moises\Downloads\Compressed\sourcemod-1.11.0-git6968-windows\addons\sourcemod\scripting\l4d2_playerjoining_v2.sp::OnClientDisconnect
L 03/27/2026 - 19:44:35: [SM] Exception reported: Invalid convar handle 0 (error 4)
L 03/27/2026 - 19:44:35: [SM] Blaming: ÒankrunFixhealth.smx
L 03/27/2026 - 19:44:35: [SM] Call stack trace:
L 03/27/2026 - 19:44:35: [SM]   [0] GetConVarString
L 03/27/2026 - 19:44:35: [SM]   [1] Line 138, C:\Users\Moises\Downloads\Compressed\sourcemod-1.11.0-git6968-windows\addons\sourcemod\scripting\ÒankrunFixhealth.sp::IsTankRunActive
L 03/27/2026 - 19:44:35: [SM]   [2] Line 36, C:\Users\Moises\Downloads\Compressed\sourcemod-1.11.0-git6968-windows\addons\sourcemod\scripting\ÒankrunFixhealth.sp::Timer_PeriodicCheck
L 03/27/2026 - 19:44:45: [SM] Exception reported: Invalid convar handle 0 (error 4)
L 03/27/2026 - 19:44:45: [SM] Blaming: ÒankrunFixhealth.smx
L 03/27/2026 - 19:44:45: [SM] Call stack trace:
L 03/27/2026 - 19:44:45: [SM]   [0] GetConVarString
L 03/27/2026 - 19:44:45: [SM]   [1] Line 138, C:\Users\Moises\Downloads\Compressed\sourcemod-1.11.0-git6968-windows\addons\sourcemod\scripting\ÒankrunFixhealth.sp::IsTankRunActive
L 03/27/2026 - 19:44:45: [SM]   [2] Line 79, C:\Users\Moises\Downloads\Compressed\sourcemod-1.11.0-git6968-windows\addons\sourcemod\scripting\ÒankrunFixhealth.sp::Event_PlayerDeath
L 03/27/2026 - 19:44:45: [SM] Exception reported: Invalid convar handle 0 (error 4)
L 03/27/2026 - 19:44:45: [SM] Blaming: ÒankrunFixhealth.smx
L 03/27/2026 - 19:44:45: [SM] Call stack trace:
L 03/27/2026 - 19:44:45: [SM]   [0] GetConVarString
L 03/27/2026 - 19:44:45: [SM]   [1] Line 138, C:\Users\Moises\Downloads\Compressed\sourcemod-1.11.0-git6968-windows\addons\sourcemod\scripting\ÒankrunFixhealth.sp::IsTankRunActive
L 03/27/2026 - 19:44:45: [SM]   [2] Line 36, C:\Users\Moises\Downloads\Compressed\sourcemod-1.11.0-git6968-windows\addons\sourcemod\scripting\ÒankrunFixhealth.sp::Timer_PeriodicCheck
L 03/27/2026 - 19:44:55: [SM] Exception reported: Invalid convar handle 0 (error 4)
L 03/27/2026 - 19:44:55: [SM] Blaming: ÒankrunFixhealth.smx
L 03/27/2026 - 19:44:55: [SM] Call stack trace:
L 03/27/2026 - 19:44:55: [SM]   [0] GetConVarString
L 03/27/2026 - 19:44:55: [SM]   [1] Line 138, C:\Users\Moises\Downloads\Compressed\sourcemod-1.11.0-git6968-windows\addons\sourcemod\scripting\ÒankrunFixhealth.sp::IsTankRunActive
L 03/27/2026 - 19:44:55: [SM]   [2] Line 36, C:\Users\Moises\Downloads\Compressed\sourcemod-1.11.0-git6968-windows\addons\sourcemod\scripting\ÒankrunFixhealth.sp::Timer_PeriodicCheck
L 03/27/2026 - 19:44:55: [SM] Exception reported: Invalid convar handle 0 (error 4)
L 03/27/2026 - 19:44:55: [SM] Blaming: ÒankrunFixhealth.smx
L 03/27/2026 - 19:44:55: [SM] Call stack trace:
L 03/27/2026 - 19:44:55: [SM]   [0] GetConVarString
L 03/27/2026 - 19:44:55: [SM]   [1] Line 138, C:\Users\Moises\Downloads\Compressed\sourcemod-1.11.0-git6968-windows\addons\sourcemod\scripting\ÒankrunFixhealth.sp::IsTankRunActive
L 03/27/2026 - 19:44:55: [SM]   [2] Line 79, C:\Users\Moises\Downloads\Compressed\sourcemod-1.11.0-git6968-windows\addons\sourcemod\scripting\ÒankrunFixhealth.sp::Event_PlayerDeath
L 03/27/2026 - 19:44:58: [SM] Exception reported: Language phrase "Please wait to be revived or rescued" not found (arg 6)
L 03/27/2026 - 19:44:58: [SM] Blaming: l4dmultislots.smx
L 03/27/2026 - 19:44:58: [SM] Call stack trace:
L 03/27/2026 - 19:44:58: [SM]   [0] PrintToChat
L 03/27/2026 - 19:44:58: [SM]   [1] Line 953, d:\Github\Private-Work\L4D2-Êèí‰ª∂\scripting_1.11\l4dmultislots.sp::Timer_SpecCheck
L 03/27/2026 - 19:45:00: [SM] Exception reported: Invalid convar handle 0 (error 4)
L 03/27/2026 - 19:45:00: [SM] Blaming: ÒankrunFixhealth.smx
L 03/27/2026 - 19:45:00: [SM] Call stack trace:
L 03/27/2026 - 19:45:00: [SM]   [0] GetConVarString
L 03/27/2026 - 19:45:00: [SM]   [1] Line 138, C:\Users\Moises\Downloads\Compressed\sourcemod-1.11.0-git6968-windows\addons\sourcemod\scripting\ÒankrunFixhealth.sp::IsTankRunActive
L 03/27/2026 - 19:45:00: [SM]   [2] Line 79, C:\Users\Moises\Downloads\Compressed\sourcemod-1.11.0-git6968-windows\addons\sourcemod\scripting\ÒankrunFixhealth.sp::Event_PlayerDeath
L 03/27/2026 - 19:45:05: [SM] Exception reported: Invalid convar handle 0 (error 4)
L 03/27/2026 - 19:45:05: [SM] Blaming: ÒankrunFixhealth.smx
L 03/27/2026 - 19:45:05: [SM] Call stack trace:
L 03/27/2026 - 19:45:05: [SM]   [0] GetConVarString
L 03/27/2026 - 19:45:05: [SM]   [1] Line 138, C:\Users\Moises\Downloads\Compressed\sourcemod-1.11.0-git6968-windows\addons\sourcemod\scripting\ÒankrunFixhealth.sp::IsTankRunActive
L 03/27/2026 - 19:45:05: [SM]   [2] Line 36, C:\Users\Moises\Downloads\Compressed\sourcemod-1.11.0-git6968-windows\addons\sourcemod\scripting\ÒankrunFixhealth.sp::Timer_PeriodicCheck
L 03/27/2026 - 19:45:15: [SM] Exception reported: Invalid convar handle 0 (error 4)
L 03/27/2026 - 19:45:15: [SM] Blaming: ÒankrunFixhealth.smx
L 03/27/2026 - 19:45:15: [SM] Call stack trace:
L 03/27/2026 - 19:45:15: [SM]   [0] GetConVarString
L 03/27/2026 - 19:45:15: [SM]   [1] Line 138, C:\Users\Moises\Downloads\Compressed\sourcemod-1.11.0-git6968-windows\addons\sourcemod\scripting\ÒankrunFixhealth.sp::IsTankRunActive
L 03/27/2026 - 19:45:15: [SM]   [2] Line 36, C:\Users\Moises\Downloads\Compressed\sourcemod-1.11.0-git6968-windows\addons\sourcemod\scripting\ÒankrunFixhealth.sp::Timer_PeriodicCheck
L 03/27/2026 - 19:45:23: [SM] Exception reported: Language phrase "Please wait to be revived or rescued" not found (arg 6)
L 03/27/2026 - 19:45:23: [SM] Blaming: l4dmultislots.smx
L 03/27/2026 - 19:45:23: [SM] Call stack trace:
L 03/27/2026 - 19:45:23: [SM]   [0] PrintToChat
L 03/27/2026 - 19:45:23: [SM]   [1] Line 953, d:\Github\Private-Work\L4D2-Êèí‰ª∂\scripting_1.11\l4dmultislots.sp::Timer_SpecCheck
L 03/27/2026 - 19:45:25: [SM] Exception reported: Invalid convar handle 0 (error 4)
L 03/27/2026 - 19:45:25: [SM] Blaming: ÒankrunFixhealth.smx
L 03/27/2026 - 19:45:25: [SM] Call stack trace:
L 03/27/2026 - 19:45:25: [SM]   [0] GetConVarString
L 03/27/2026 - 19:45:25: [SM]   [1] Line 138, C:\Users\Moises\Downloads\Compressed\sourcemod-1.11.0-git6968-windows\addons\sourcemod\scripting\ÒankrunFixhealth.sp::IsTankRunActive
L 03/27/2026 - 19:45:25: [SM]   [2] Line 36, C:\Users\Moises\Downloads\Compressed\sourcemod-1.11.0-git6968-windows\addons\sourcemod\scripting\ÒankrunFixhealth.sp::Timer_PeriodicCheck
L 03/27/2026 - 19:45:35: [SM] Exception reported: Invalid convar handle 0 (error 4)
L 03/27/2026 - 19:45:35: [SM] Blaming: ÒankrunFixhealth.smx
L 03/27/2026 - 19:45:35: [SM] Call stack trace:
L 03/27/2026 - 19:45:35: [SM]   [0] GetConVarString
L 03/27/2026 - 19:45:35: [SM]   [1] Line 138, C:\Users\Moises\Downloads\Compressed\sourcemod-1.11.0-git6968-windows\addons\sourcemod\scripting\ÒankrunFixhealth.sp::IsTankRunActive
L 03/27/2026 - 19:45:35: [SM]   [2] Line 36, C:\Users\Moises\Downloads\Compressed\sourcemod-1.11.0-git6968-windows\addons\sourcemod\scripting\ÒankrunFixhealth.sp::Timer_PeriodicCheck
L 03/27/2026 - 19:45:39: [SM] Exception reported: Invalid convar handle 0 (error 4)
L 03/27/2026 - 19:45:39: [SM] Blaming: ÒankrunFixhealth.smx
L 03/27/2026 - 19:45:39: [SM] Call stack trace:
L 03/27/2026 - 19:45:39: [SM]   [0] GetConVarString
L 03/27/2026 - 19:45:39: [SM]   [1] Line 138, C:\Users\Moises\Downloads\Compressed\sourcemod-1.11.0-git6968-windows\addons\sourcemod\scripting\ÒankrunFixhealth.sp::IsTankRunActive
L 03/27/2026 - 19:45:39: [SM]   [2] Line 79, C:\Users\Moises\Downloads\Compressed\sourcemod-1.11.0-git6968-windows\addons\sourcemod\scripting\ÒankrunFixhealth.sp::Event_PlayerDeath
L 03/27/2026 - 19:45:45: [SM] Exception reported: Invalid convar handle 0 (error 4)
L 03/27/2026 - 19:45:45: [SM] Blaming: ÒankrunFixhealth.smx
L 03/27/2026 - 19:45:45: [SM] Call stack trace:
L 03/27/2026 - 19:45:45: [SM]   [0] GetConVarString
L 03/27/2026 - 19:45:45: [SM]   [1] Line 138, C:\Users\Moises\Downloads\Compressed\sourcemod-1.11.0-git6968-windows\addons\sourcemod\scripting\ÒankrunFixhealth.sp::IsTankRunActive
L 03/27/2026 - 19:45:45: [SM]   [2] Line 36, C:\Users\Moises\Downloads\Compressed\sourcemod-1.11.0-git6968-windows\addons\sourcemod\scripting\ÒankrunFixhealth.sp::Timer_PeriodicCheck
L 03/27/2026 - 19:45:48: [SM] Exception reported: Language phrase "Please wait to be revived or rescued" not found (arg 6)
L 03/27/2026 - 19:45:48: [SM] Blaming: l4dmultislots.smx
L 03/27/2026 - 19:45:48: [SM] Call stack trace:
L 03/27/2026 - 19:45:48: [SM]   [0] PrintToChat
L 03/27/2026 - 19:45:48: [SM]   [1] Line 953, d:\Github\Private-Work\L4D2-Êèí‰ª∂\scripting_1.11\l4dmultislots.sp::Timer_SpecCheck
L 03/27/2026 - 19:45:55: [SM] Exception reported: Invalid convar handle 0 (error 4)
L 03/27/2026 - 19:45:55: [SM] Blaming: ÒankrunFixhealth.smx
L 03/27/2026 - 19:45:55: [SM] Call stack trace:
L 03/27/2026 - 19:45:55: [SM]   [0] GetConVarString
L 03/27/2026 - 19:45:55: [SM]   [1] Line 138, C:\Users\Moises\Downloads\Compressed\sourcemod-1.11.0-git6968-windows\addons\sourcemod\scripting\ÒankrunFixhealth.sp::IsTankRunActive
L 03/27/2026 - 19:45:55: [SM]   [2] Line 36, C:\Users\Moises\Downloads\Compressed\sourcemod-1.11.0-git6968-windows\addons\sourcemod\scripting\ÒankrunFixhealth.sp::Timer_PeriodicCheck
L 03/27/2026 - 19:46:05: [SM] Exception reported: Invalid convar handle 0 (error 4)
L 03/27/2026 - 19:46:05: [SM] Blaming: ÒankrunFixhealth.smx
L 03/27/2026 - 19:46:05: [SM] Call stack trace:
L 03/27/2026 - 19:46:05: [SM]   [0] GetConVarString
L 03/27/2026 - 19:46:05: [SM]   [1] Line 138, C:\Users\Moises\Downloads\Compressed\sourcemod-1.11.0-git6968-windows\addons\sourcemod\scripting\ÒankrunFixhealth.sp::IsTankRunActive
L 03/27/2026 - 19:46:05: [SM]   [2] Line 36, C:\Users\Moises\Downloads\Compressed\sourcemod-1.11.0-git6968-windows\addons\sourcemod\scripting\ÒankrunFixhealth.sp::Timer_PeriodicCheck
L 03/27/2026 - 19:46:07: [SM] Exception reported: Invalid timer handle d9d005a0 (error 3)
L 03/27/2026 - 19:46:07: [SM] Blaming: l4d2_playerjoining_v2.smx
L 03/27/2026 - 19:46:07: [SM] Call stack trace:
L 03/27/2026 - 19:46:07: [SM]   [0] KillTimer
L 03/27/2026 - 19:46:07: [SM]   [1] Line 53, C:\Users\Moises\Downloads\Compressed\sourcemod-1.11.0-git6968-windows\addons\sourcemod\scripting\l4d2_playerjoining_v2.sp::OnClientDisconnect
L 03/27/2026 - 19:46:13: [SM] Exception reported: Language phrase "Please wait to be revived or rescued" not found (arg 6)
L 03/27/2026 - 19:46:13: [SM] Blaming: l4dmultislots.smx
L 03/27/2026 - 19:46:13: [SM] Call stack trace:
L 03/27/2026 - 19:46:13: [SM]   [0] PrintToChat
L 03/27/2026 - 19:46:13: [SM]   [1] Line 953, d:\Github\Private-Work\L4D2-Êèí‰ª∂\scripting_1.11\l4dmultislots.sp::Timer_SpecCheck
L 03/27/2026 - 19:46:15: [SM] Exception reported: Invalid convar handle 0 (error 4)
L 03/27/2026 - 19:46:15: [SM] Blaming: ÒankrunFixhealth.smx
L 03/27/2026 - 19:46:15: [SM] Call stack trace:
L 03/27/2026 - 19:46:15: [SM]   [0] GetConVarString
L 03/27/2026 - 19:46:15: [SM]   [1] Line 138, C:\Users\Moises\Downloads\Compressed\sourcemod-1.11.0-git6968-windows\addons\sourcemod\scripting\ÒankrunFixhealth.sp::IsTankRunActive
L 03/27/2026 - 19:46:15: [SM]   [2] Line 36, C:\Users\Moises\Downloads\Compressed\sourcemod-1.11.0-git6968-windows\addons\sourcemod\scripting\ÒankrunFixhealth.sp::Timer_PeriodicCheck
L 03/27/2026 - 19:46:25: [SM] Exception reported: Invalid convar handle 0 (error 4)
L 03/27/2026 - 19:46:25: [SM] Blaming: ÒankrunFixhealth.smx
L 03/27/2026 - 19:46:25: [SM] Call stack trace:
L 03/27/2026 - 19:46:25: [SM]   [0] GetConVarString
L 03/27/2026 - 19:46:25: [SM]   [1] Line 138, C:\Users\Moises\Downloads\Compressed\sourcemod-1.11.0-git6968-windows\addons\sourcemod\scripting\ÒankrunFixhealth.sp::IsTankRunActive
L 03/27/2026 - 19:46:25: [SM]   [2] Line 36, C:\Users\Moises\Downloads\Compressed\sourcemod-1.11.0-git6968-windows\addons\sourcemod\scripting\ÒankrunFixhealth.sp::Timer_PeriodicCheck
L 03/27/2026 - 19:46:35: [SM] Exception reported: Invalid convar handle 0 (error 4)
L 03/27/2026 - 19:46:35: [SM] Blaming: ÒankrunFixhealth.smx
L 03/27/2026 - 19:46:35: [SM] Call stack trace:
L 03/27/2026 - 19:46:35: [SM]   [0] GetConVarString
L 03/27/2026 - 19:46:35: [SM]   [1] Line 138, C:\Users\Moises\Downloads\Compressed\sourcemod-1.11.0-git6968-windows\addons\sourcemod\scripting\ÒankrunFixhealth.sp::IsTankRunActive
L 03/27/2026 - 19:46:35: [SM]   [2] Line 36, C:\Users\Moises\Downloads\Compressed\sourcemod-1.11.0-git6968-windows\addons\sourcemod\scripting\ÒankrunFixhealth.sp::Timer_PeriodicCheck
L 03/27/2026 - 19:46:38: [SM] Exception reported: Language phrase "Please wait to be revived or rescued" not found (arg 6)
L 03/27/2026 - 19:46:38: [SM] Blaming: l4dmultislots.smx
L 03/27/2026 - 19:46:38: [SM] Call stack trace:
L 03/27/2026 - 19:46:38: [SM]   [0] PrintToChat
L 03/27/2026 - 19:46:38: [SM]   [1] Line 953, d:\Github\Private-Work\L4D2-Êèí‰ª∂\scripting_1.11\l4dmultislots.sp::Timer_SpecCheck
L 03/27/2026 - 19:46:45: [SM] Exception reported: Invalid convar handle 0 (error 4)
L 03/27/2026 - 19:46:45: [SM] Blaming: ÒankrunFixhealth.smx
L 03/27/2026 - 19:46:45: [SM] Call stack trace:
L 03/27/2026 - 19:46:45: [SM]   [0] GetConVarString
L 03/27/2026 - 19:46:45: [SM]   [1] Line 138, C:\Users\Moises\Downloads\Compressed\sourcemod-1.11.0-git6968-windows\addons\sourcemod\scripting\ÒankrunFixhealth.sp::IsTankRunActive
L 03/27/2026 - 19:46:45: [SM]   [2] Line 36, C:\Users\Moises\Downloads\Compressed\sourcemod-1.11.0-git6968-windows\addons\sourcemod\scripting\ÒankrunFixhealth.sp::Timer_PeriodicCheck
L 03/27/2026 - 19:46:54: [SM] Exception reported: Invalid convar handle 0 (error 4)
L 03/27/2026 - 19:46:54: [SM] Blaming: ÒankrunFixhealth.smx
L 03/27/2026 - 19:46:54: [SM] Call stack trace:
L 03/27/2026 - 19:46:54: [SM]   [0] GetConVarString
L 03/27/2026 - 19:46:54: [SM]   [1] Line 138, C:\Users\Moises\Downloads\Compressed\sourcemod-1.11.0-git6968-windows\addons\sourcemod\scripting\ÒankrunFixhealth.sp::IsTankRunActive
L 03/27/2026 - 19:46:54: [SM]   [2] Line 79, C:\Users\Moises\Downloads\Compressed\sourcemod-1.11.0-git6968-windows\addons\sourcemod\scripting\ÒankrunFixhealth.sp::Event_PlayerDeath
L 03/27/2026 - 19:46:55: [SM] Exception reported: Invalid convar handle 0 (error 4)
L 03/27/2026 - 19:46:55: [SM] Blaming: ÒankrunFixhealth.smx
L 03/27/2026 - 19:46:55: [SM] Call stack trace:
L 03/27/2026 - 19:46:55: [SM]   [0] GetConVarString
L 03/27/2026 - 19:46:55: [SM]   [1] Line 138, C:\Users\Moises\Downloads\Compressed\sourcemod-1.11.0-git6968-windows\addons\sourcemod\scripting\ÒankrunFixhealth.sp::IsTankRunActive
L 03/27/2026 - 19:46:55: [SM]   [2] Line 36, C:\Users\Moises\Downloads\Compressed\sourcemod-1.11.0-git6968-windows\addons\sourcemod\scripting\ÒankrunFixhealth.sp::Timer_PeriodicCheck
L 03/27/2026 - 19:47:01: [SM] Exception reported: Invalid timer handle 3d60058b (error 3)
L 03/27/2026 - 19:47:01: [SM] Blaming: l4d2_playerjoining_v2.smx
L 03/27/2026 - 19:47:01: [SM] Call stack trace:
L 03/27/2026 - 19:47:01: [SM]   [0] KillTimer
L 03/27/2026 - 19:47:01: [SM]   [1] Line 53, C:\Users\Moises\Downloads\Compressed\sourcemod-1.11.0-git6968-windows\addons\sourcemod\scripting\l4d2_playerjoining_v2.sp::OnClientDisconnect
L 03/27/2026 - 19:47:05: [SM] Exception reported: Invalid convar handle 0 (error 4)
L 03/27/2026 - 19:47:05: [SM] Blaming: ÒankrunFixhealth.smx
L 03/27/2026 - 19:47:05: [SM] Call stack trace:
L 03/27/2026 - 19:47:05: [SM]   [0] GetConVarString
L 03/27/2026 - 19:47:05: [SM]   [1] Line 138, C:\Users\Moises\Downloads\Compressed\sourcemod-1.11.0-git6968-windows\addons\sourcemod\scripting\ÒankrunFixhealth.sp::IsTankRunActive
L 03/27/2026 - 19:47:05: [SM]   [2] Line 36, C:\Users\Moises\Downloads\Compressed\sourcemod-1.11.0-git6968-windows\addons\sourcemod\scripting\ÒankrunFixhealth.sp::Timer_PeriodicCheck
L 03/27/2026 - 19:47:06: [SM] Exception reported: Property "m_vecAngularVelocity" not found (entity 164/weapon_rifle_ak47)
L 03/27/2026 - 19:47:06: [SM] Blaming: l4d2_tank_core v4_5.smx
L 03/27/2026 - 19:47:06: [SM] Call stack trace:
L 03/27/2026 - 19:47:06: [SM]   [0] SetEntPropVector
L 03/27/2026 - 19:47:06: [SM]   [1] Line 650, D:\SteamLibrary\steamapps\common\Left 4 Dead 2\left4dead2\addons\sourcemod\scripting\l4d2_tank_core v4_5.sp::DropItemsPhysically
L 03/27/2026 - 19:47:06: [SM]   [2] Line 549, D:\SteamLibrary\steamapps\common\Left 4 Dead 2\left4dead2\addons\sourcemod\scripting\l4d2_tank_core v4_5.sp::Event_PlayerHurt
L 03/27/2026 - 19:47:15: [SM] Exception reported: Invalid convar handle 0 (error 4)
L 03/27/2026 - 19:47:15: [SM] Blaming: ÒankrunFixhealth.smx
L 03/27/2026 - 19:47:15: [SM] Call stack trace:
L 03/27/2026 - 19:47:15: [SM]   [0] GetConVarString
L 03/27/2026 - 19:47:15: [SM]   [1] Line 138, C:\Users\Moises\Downloads\Compressed\sourcemod-1.11.0-git6968-windows\addons\sourcemod\scripting\ÒankrunFixhealth.sp::IsTankRunActive
L 03/27/2026 - 19:47:15: [SM]   [2] Line 36, C:\Users\Moises\Downloads\Compressed\sourcemod-1.11.0-git6968-windows\addons\sourcemod\scripting\ÒankrunFixhealth.sp::Timer_PeriodicCheck
L 03/27/2026 - 19:47:16: [SM] Exception reported: Invalid timer handle ce0005af (error 3)
L 03/27/2026 - 19:47:16: [SM] Blaming: l4d2_playerjoining_v2.smx
L 03/27/2026 - 19:47:16: [SM] Call stack trace:
L 03/27/2026 - 19:47:16: [SM]   [0] KillTimer
L 03/27/2026 - 19:47:16: [SM]   [1] Line 53, C:\Users\Moises\Downloads\Compressed\sourcemod-1.11.0-git6968-windows\addons\sourcemod\scripting\l4d2_playerjoining_v2.sp::OnClientDisconnect
L 03/27/2026 - 19:47:25: [SM] Exception reported: Invalid convar handle 0 (error 4)
L 03/27/2026 - 19:47:25: [SM] Blaming: ÒankrunFixhealth.smx
L 03/27/2026 - 19:47:25: [SM] Call stack trace:
L 03/27/2026 - 19:47:25: [SM]   [0] GetConVarString
L 03/27/2026 - 19:47:25: [SM]   [1] Line 138, C:\Users\Moises\Downloads\Compressed\sourcemod-1.11.0-git6968-windows\addons\sourcemod\scripting\ÒankrunFixhealth.sp::IsTankRunActive
L 03/27/2026 - 19:47:25: [SM]   [2] Line 36, C:\Users\Moises\Downloads\Compressed\sourcemod-1.11.0-git6968-windows\addons\sourcemod\scripting\ÒankrunFixhealth.sp::Timer_PeriodicCheck
L 03/27/2026 - 19:47:25: [SM] Exception reported: Invalid convar handle 0 (error 4)
L 03/27/2026 - 19:47:25: [SM] Blaming: ÒankrunFixhealth.smx
L 03/27/2026 - 19:47:25: [SM] Call stack trace:
L 03/27/2026 - 19:47:25: [SM]   [0] GetConVarString
L 03/27/2026 - 19:47:25: [SM]   [1] Line 138, C:\Users\Moises\Downloads\Compressed\sourcemod-1.11.0-git6968-windows\addons\sourcemod\scripting\ÒankrunFixhealth.sp::IsTankRunActive
L 03/27/2026 - 19:47:25: [SM]   [2] Line 79, C:\Users\Moises\Downloads\Compressed\sourcemod-1.11.0-git6968-windows\addons\sourcemod\scripting\ÒankrunFixhealth.sp::Event_PlayerDeath
L 03/27/2026 - 19:47:27: [SM] Exception reported: Invalid convar handle 0 (error 4)
L 03/27/2026 - 19:47:27: [SM] Blaming: ÒankrunFixhealth.smx
L 03/27/2026 - 19:47:27: [SM] Call stack trace:
L 03/27/2026 - 19:47:27: [SM]   [0] GetConVarString
L 03/27/2026 - 19:47:27: [SM]   [1] Line 138, C:\Users\Moises\Downloads\Compressed\sourcemod-1.11.0-git6968-windows\addons\sourcemod\scripting\ÒankrunFixhealth.sp::IsTankRunActive
L 03/27/2026 - 19:47:27: [SM]   [2] Line 79, C:\Users\Moises\Downloads\Compressed\sourcemod-1.11.0-git6968-windows\addons\sourcemod\scripting\ÒankrunFixhealth.sp::Event_PlayerDeath
L 03/27/2026 - 19:47:28: [SM] Exception reported: Language phrase "Please wait to be revived or rescued" not found (arg 6)
L 03/27/2026 - 19:47:28: [SM] Blaming: l4dmultislots.smx
L 03/27/2026 - 19:47:28: [SM] Call stack trace:
L 03/27/2026 - 19:47:28: [SM]   [0] PrintToChat
L 03/27/2026 - 19:47:28: [SM]   [1] Line 953, d:\Github\Private-Work\L4D2-Êèí‰ª∂\scripting_1.11\l4dmultislots.sp::Timer_SpecCheck
L 03/27/2026 - 19:47:32: [SM] Exception reported: Invalid timer handle e51005e0 (error 3)
L 03/27/2026 - 19:47:32: [SM] Blaming: l4d2_playerjoining_v2.smx
L 03/27/2026 - 19:47:32: [SM] Call stack trace:
L 03/27/2026 - 19:47:32: [SM]   [0] KillTimer
L 03/27/2026 - 19:47:32: [SM]   [1] Line 53, C:\Users\Moises\Downloads\Compressed\sourcemod-1.11.0-git6968-windows\addons\sourcemod\scripting\l4d2_playerjoining_v2.sp::OnClientDisconnect
L 03/27/2026 - 19:47:33: [SM] Exception reported: Invalid convar handle 0 (error 4)
L 03/27/2026 - 19:47:33: [SM] Blaming: ÒankrunFixhealth.smx
L 03/27/2026 - 19:47:33: [SM] Call stack trace:
L 03/27/2026 - 19:47:33: [SM]   [0] GetConVarString
L 03/27/2026 - 19:47:33: [SM]   [1] Line 138, C:\Users\Moises\Downloads\Compressed\sourcemod-1.11.0-git6968-windows\addons\sourcemod\scripting\ÒankrunFixhealth.sp::IsTankRunActive
L 03/27/2026 - 19:47:33: [SM]   [2] Line 79, C:\Users\Moises\Downloads\Compressed\sourcemod-1.11.0-git6968-windows\addons\sourcemod\scripting\ÒankrunFixhealth.sp::Event_PlayerDeath
L 03/27/2026 - 19:47:35: [SM] Exception reported: Invalid convar handle 0 (error 4)
L 03/27/2026 - 19:47:35: [SM] Blaming: ÒankrunFixhealth.smx
L 03/27/2026 - 19:47:35: [SM] Call stack trace:
L 03/27/2026 - 19:47:35: [SM]   [0] GetConVarString
L 03/27/2026 - 19:47:35: [SM]   [1] Line 138, C:\Users\Moises\Downloads\Compressed\sourcemod-1.11.0-git6968-windows\addons\sourcemod\scripting\ÒankrunFixhealth.sp::IsTankRunActive
L 03/27/2026 - 19:47:35: [SM]   [2] Line 36, C:\Users\Moises\Downloads\Compressed\sourcemod-1.11.0-git6968-windows\addons\sourcemod\scripting\ÒankrunFixhealth.sp::Timer_PeriodicCheck
L 03/27/2026 - 19:47:40: [SM] Exception reported: Invalid timer handle d9d005a0 (error 3)
L 03/27/2026 - 19:47:40: [SM] Blaming: l4d2_playerjoining_v2.smx
L 03/27/2026 - 19:47:40: [SM] Call stack trace:
L 03/27/2026 - 19:47:40: [SM]   [0] KillTimer
L 03/27/2026 - 19:47:40: [SM]   [1] Line 53, C:\Users\Moises\Downloads\Compressed\sourcemod-1.11.0-git6968-windows\addons\sourcemod\scripting\l4d2_playerjoining_v2.sp::OnClientDisconnect
L 03/27/2026 - 19:47:44: [SM] Exception reported: Invalid convar handle 0 (error 4)
L 03/27/2026 - 19:47:44: [SM] Blaming: ÒankrunFixhealth.smx
L 03/27/2026 - 19:47:44: [SM] Call stack trace:
L 03/27/2026 - 19:47:44: [SM]   [0] GetConVarString
L 03/27/2026 - 19:47:44: [SM]   [1] Line 138, C:\Users\Moises\Downloads\Compressed\sourcemod-1.11.0-git6968-windows\addons\sourcemod\scripting\ÒankrunFixhealth.sp::IsTankRunActive
L 03/27/2026 - 19:47:44: [SM]   [2] Line 79, C:\Users\Moises\Downloads\Compressed\sourcemod-1.11.0-git6968-windows\addons\sourcemod\scripting\ÒankrunFixhealth.sp::Event_PlayerDeath
L 03/27/2026 - 19:47:45: [SM] Exception reported: Invalid convar handle 0 (error 4)
L 03/27/2026 - 19:47:45: [SM] Blaming: ÒankrunFixhealth.smx
L 03/27/2026 - 19:47:45: [SM] Call stack trace:
L 03/27/2026 - 19:47:45: [SM]   [0] GetConVarString
L 03/27/2026 - 19:47:45: [SM]   [1] Line 138, C:\Users\Moises\Downloads\Compressed\sourcemod-1.11.0-git6968-windows\addons\sourcemod\scripting\ÒankrunFixhealth.sp::IsTankRunActive
L 03/27/2026 - 19:47:45: [SM]   [2] Line 36, C:\Users\Moises\Downloads\Compressed\sourcemod-1.11.0-git6968-windows\addons\sourcemod\scripting\ÒankrunFixhealth.sp::Timer_PeriodicCheck
L 03/27/2026 - 19:47:48: [SM] Exception reported: Invalid convar handle 0 (error 4)
L 03/27/2026 - 19:47:48: [SM] Blaming: ÒankrunFixhealth.smx
L 03/27/2026 - 19:47:48: [SM] Call stack trace:
L 03/27/2026 - 19:47:48: [SM]   [0] GetConVarString
L 03/27/2026 - 19:47:48: [SM]   [1] Line 138, C:\Users\Moises\Downloads\Compressed\sourcemod-1.11.0-git6968-windows\addons\sourcemod\scripting\ÒankrunFixhealth.sp::IsTankRunActive
L 03/27/2026 - 19:47:48: [SM]   [2] Line 79, C:\Users\Moises\Downloads\Compressed\sourcemod-1.11.0-git6968-windows\addons\sourcemod\scripting\ÒankrunFixhealth.sp::Event_PlayerDeath
L 03/27/2026 - 19:47:53: [SM] Exception reported: Language phrase "Please wait to be revived or rescued" not found (arg 6)
L 03/27/2026 - 19:47:53: [SM] Blaming: l4dmultislots.smx
L 03/27/2026 - 19:47:53: [SM] Call stack trace:
L 03/27/2026 - 19:47:53: [SM]   [0] PrintToChat
L 03/27/2026 - 19:47:53: [SM]   [1] Line 953, d:\Github\Private-Work\L4D2-Êèí‰ª∂\scripting_1.11\l4dmultislots.sp::Timer_SpecCheck
L 03/27/2026 - 19:47:55: [SM] Exception reported: Invalid convar handle 0 (error 4)
L 03/27/2026 - 19:47:55: [SM] Blaming: ÒankrunFixhealth.smx
L 03/27/2026 - 19:47:55: [SM] Call stack trace:
L 03/27/2026 - 19:47:55: [SM]   [0] GetConVarString
L 03/27/2026 - 19:47:55: [SM]   [1] Line 138, C:\Users\Moises\Downloads\Compressed\sourcemod-1.11.0-git6968-windows\addons\sourcemod\scripting\ÒankrunFixhealth.sp::IsTankRunActive
L 03/27/2026 - 19:47:55: [SM]   [2] Line 36, C:\Users\Moises\Downloads\Compressed\sourcemod-1.11.0-git6968-windows\addons\sourcemod\scripting\ÒankrunFixhealth.sp::Timer_PeriodicCheck
L 03/27/2026 - 19:47:55: [SM] Exception reported: Invalid convar handle 0 (error 4)
L 03/27/2026 - 19:47:55: [SM] Blaming: ÒankrunFixhealth.smx
L 03/27/2026 - 19:47:55: [SM] Call stack trace:
L 03/27/2026 - 19:47:55: [SM]   [0] GetConVarString
L 03/27/2026 - 19:47:55: [SM]   [1] Line 138, C:\Users\Moises\Downloads\Compressed\sourcemod-1.11.0-git6968-windows\addons\sourcemod\scripting\ÒankrunFixhealth.sp::IsTankRunActive
L 03/27/2026 - 19:47:55: [SM]   [2] Line 79, C:\Users\Moises\Downloads\Compressed\sourcemod-1.11.0-git6968-windows\addons\sourcemod\scripting\ÒankrunFixhealth.sp::Event_PlayerDeath
L 03/27/2026 - 19:47:55: [SM] Exception reported: Property "m_vecAngularVelocity" not found (entity 608/weapon_shotgun_chrome)
L 03/27/2026 - 19:47:55: [SM] Blaming: l4d2_tank_core v4_5.smx
L 03/27/2026 - 19:47:55: [SM] Call stack trace:
L 03/27/2026 - 19:47:55: [SM]   [0] SetEntPropVector
L 03/27/2026 - 19:47:55: [SM]   [1] Line 650, D:\SteamLibrary\steamapps\common\Left 4 Dead 2\left4dead2\addons\sourcemod\scripting\l4d2_tank_core v4_5.sp::DropItemsPhysically
L 03/27/2026 - 19:47:55: [SM]   [2] Line 549, D:\SteamLibrary\steamapps\common\Left 4 Dead 2\left4dead2\addons\sourcemod\scripting\l4d2_tank_core v4_5.sp::Event_PlayerHurt
L 03/27/2026 - 19:48:02: [SM] Exception reported: Invalid timer handle a310055c (error 3)
L 03/27/2026 - 19:48:02: [SM] Blaming: l4d2_playerjoining_v2.smx
L 03/27/2026 - 19:48:02: [SM] Call stack trace:
L 03/27/2026 - 19:48:02: [SM]   [0] KillTimer
L 03/27/2026 - 19:48:02: [SM]   [1] Line 53, C:\Users\Moises\Downloads\Compressed\sourcemod-1.11.0-git6968-windows\addons\sourcemod\scripting\l4d2_playerjoining_v2.sp::OnClientDisconnect
L 03/27/2026 - 19:48:05: [SM] Exception reported: Invalid convar handle 0 (error 4)
L 03/27/2026 - 19:48:05: [SM] Blaming: ÒankrunFixhealth.smx
L 03/27/2026 - 19:48:05: [SM] Call stack trace:
L 03/27/2026 - 19:48:05: [SM]   [0] GetConVarString
L 03/27/2026 - 19:48:05: [SM]   [1] Line 138, C:\Users\Moises\Downloads\Compressed\sourcemod-1.11.0-git6968-windows\addons\sourcemod\scripting\ÒankrunFixhealth.sp::IsTankRunActive
L 03/27/2026 - 19:48:05: [SM]   [2] Line 36, C:\Users\Moises\Downloads\Compressed\sourcemod-1.11.0-git6968-windows\addons\sourcemod\scripting\ÒankrunFixhealth.sp::Timer_PeriodicCheck
L 03/27/2026 - 19:48:05: [SM] Exception reported: Invalid convar handle 0 (error 4)
L 03/27/2026 - 19:48:05: [SM] Blaming: ÒankrunFixhealth.smx
L 03/27/2026 - 19:48:05: [SM] Call stack trace:
L 03/27/2026 - 19:48:05: [SM]   [0] GetConVarString
L 03/27/2026 - 19:48:05: [SM]   [1] Line 138, C:\Users\Moises\Downloads\Compressed\sourcemod-1.11.0-git6968-windows\addons\sourcemod\scripting\ÒankrunFixhealth.sp::IsTankRunActive
L 03/27/2026 - 19:48:05: [SM]   [2] Line 79, C:\Users\Moises\Downloads\Compressed\sourcemod-1.11.0-git6968-windows\addons\sourcemod\scripting\ÒankrunFixhealth.sp::Event_PlayerDeath
L 03/27/2026 - 19:48:14: [SM] Exception reported: Invalid convar handle 0 (error 4)
L 03/27/2026 - 19:48:14: [SM] Blaming: ÒankrunFixhealth.smx
L 03/27/2026 - 19:48:14: [SM] Call stack trace:
L 03/27/2026 - 19:48:14: [SM]   [0] GetConVarString
L 03/27/2026 - 19:48:14: [SM]   [1] Line 138, C:\Users\Moises\Downloads\Compressed\sourcemod-1.11.0-git6968-windows\addons\sourcemod\scripting\ÒankrunFixhealth.sp::IsTankRunActive
L 03/27/2026 - 19:48:14: [SM]   [2] Line 79, C:\Users\Moises\Downloads\Compressed\sourcemod-1.11.0-git6968-windows\addons\sourcemod\scripting\ÒankrunFixhealth.sp::Event_PlayerDeath
L 03/27/2026 - 19:48:15: [SM] Exception reported: Invalid convar handle 0 (error 4)
L 03/27/2026 - 19:48:15: [SM] Blaming: ÒankrunFixhealth.smx
L 03/27/2026 - 19:48:15: [SM] Call stack trace:
L 03/27/2026 - 19:48:15: [SM]   [0] GetConVarString
L 03/27/2026 - 19:48:15: [SM]   [1] Line 138, C:\Users\Moises\Downloads\Compressed\sourcemod-1.11.0-git6968-windows\addons\sourcemod\scripting\ÒankrunFixhealth.sp::IsTankRunActive
L 03/27/2026 - 19:48:15: [SM]   [2] Line 36, C:\Users\Moises\Downloads\Compressed\sourcemod-1.11.0-git6968-windows\addons\sourcemod\scripting\ÒankrunFixhealth.sp::Timer_PeriodicCheck
L 03/27/2026 - 19:48:17: [SM] Exception reported: Invalid convar handle 0 (error 4)
L 03/27/2026 - 19:48:17: [SM] Blaming: ÒankrunFixhealth.smx
L 03/27/2026 - 19:48:17: [SM] Call stack trace:
L 03/27/2026 - 19:48:17: [SM]   [0] GetConVarString
L 03/27/2026 - 19:48:17: [SM]   [1] Line 138, C:\Users\Moises\Downloads\Compressed\sourcemod-1.11.0-git6968-windows\addons\sourcemod\scripting\ÒankrunFixhealth.sp::IsTankRunActive
L 03/27/2026 - 19:48:17: [SM]   [2] Line 79, C:\Users\Moises\Downloads\Compressed\sourcemod-1.11.0-git6968-windows\addons\sourcemod\scripting\ÒankrunFixhealth.sp::Event_PlayerDeath
L 03/27/2026 - 19:48:18: [SM] Exception reported: Language phrase "Please wait to be revived or rescued" not found (arg 6)
L 03/27/2026 - 19:48:18: [SM] Blaming: l4dmultislots.smx
L 03/27/2026 - 19:48:18: [SM] Call stack trace:
L 03/27/2026 - 19:48:18: [SM]   [0] PrintToChat
L 03/27/2026 - 19:48:18: [SM]   [1] Line 953, d:\Github\Private-Work\L4D2-Êèí‰ª∂\scripting_1.11\l4dmultislots.sp::Timer_SpecCheck
L 03/27/2026 - 19:48:19: [SM] Exception reported: Invalid convar handle 0 (error 4)
L 03/27/2026 - 19:48:19: [SM] Blaming: ÒankrunFixhealth.smx
L 03/27/2026 - 19:48:19: [SM] Call stack trace:
L 03/27/2026 - 19:48:19: [SM]   [0] GetConVarString
L 03/27/2026 - 19:48:19: [SM]   [1] Line 138, C:\Users\Moises\Downloads\Compressed\sourcemod-1.11.0-git6968-windows\addons\sourcemod\scripting\ÒankrunFixhealth.sp::IsTankRunActive
L 03/27/2026 - 19:48:19: [SM]   [2] Line 79, C:\Users\Moises\Downloads\Compressed\sourcemod-1.11.0-git6968-windows\addons\sourcemod\scripting\ÒankrunFixhealth.sp::Event_PlayerDeath
L 03/27/2026 - 19:48:21: [SM] Exception reported: Invalid timer handle d300058e (error 1)
L 03/27/2026 - 19:48:21: [SM] Blaming: l4d2_playerjoining_v2.smx
L 03/27/2026 - 19:48:21: [SM] Call stack trace:
L 03/27/2026 - 19:48:21: [SM]   [0] KillTimer
L 03/27/2026 - 19:48:21: [SM]   [1] Line 53, C:\Users\Moises\Downloads\Compressed\sourcemod-1.11.0-git6968-windows\addons\sourcemod\scripting\l4d2_playerjoining_v2.sp::OnClientDisconnect
L 03/27/2026 - 19:48:24: [SM] Exception reported: Invalid timer handle 3d60058b (error 3)
L 03/27/2026 - 19:48:24: [SM] Blaming: l4d2_playerjoining_v2.smx
L 03/27/2026 - 19:48:24: [SM] Call stack trace:
L 03/27/2026 - 19:48:24: [SM]   [0] KillTimer
L 03/27/2026 - 19:48:24: [SM]   [1] Line 53, C:\Users\Moises\Downloads\Compressed\sourcemod-1.11.0-git6968-windows\addons\sourcemod\scripting\l4d2_playerjoining_v2.sp::OnClientDisconnect
L 03/27/2026 - 19:48:25: [SM] Exception reported: Invalid convar handle 0 (error 4)
L 03/27/2026 - 19:48:25: [SM] Blaming: ÒankrunFixhealth.smx
L 03/27/2026 - 19:48:25: [SM] Call stack trace:
L 03/27/2026 - 19:48:25: [SM]   [0] GetConVarString
L 03/27/2026 - 19:48:25: [SM]   [1] Line 138, C:\Users\Moises\Downloads\Compressed\sourcemod-1.11.0-git6968-windows\addons\sourcemod\scripting\ÒankrunFixhealth.sp::IsTankRunActive
L 03/27/2026 - 19:48:25: [SM]   [2] Line 36, C:\Users\Moises\Downloads\Compressed\sourcemod-1.11.0-git6968-windows\addons\sourcemod\scripting\ÒankrunFixhealth.sp::Timer_PeriodicCheck
L 03/27/2026 - 19:48:26: [SM] Exception reported: Invalid timer handle ac7005bf (error 1)
L 03/27/2026 - 19:48:26: [SM] Blaming: l4d2_playerjoining_v2.smx
L 03/27/2026 - 19:48:26: [SM] Call stack trace:
L 03/27/2026 - 19:48:26: [SM]   [0] KillTimer
L 03/27/2026 - 19:48:26: [SM]   [1] Line 53, C:\Users\Moises\Downloads\Compressed\sourcemod-1.11.0-git6968-windows\addons\sourcemod\scripting\l4d2_playerjoining_v2.sp::OnClientDisconnect
L 03/27/2026 - 19:48:35: [SM] Exception reported: Invalid convar handle 0 (error 4)
L 03/27/2026 - 19:48:35: [SM] Blaming: ÒankrunFixhealth.smx
L 03/27/2026 - 19:48:35: [SM] Call stack trace:
L 03/27/2026 - 19:48:35: [SM]   [0] GetConVarString
L 03/27/2026 - 19:48:35: [SM]   [1] Line 138, C:\Users\Moises\Downloads\Compressed\sourcemod-1.11.0-git6968-windows\addons\sourcemod\scripting\ÒankrunFixhealth.sp::IsTankRunActive
L 03/27/2026 - 19:48:35: [SM]   [2] Line 36, C:\Users\Moises\Downloads\Compressed\sourcemod-1.11.0-git6968-windows\addons\sourcemod\scripting\ÒankrunFixhealth.sp::Timer_PeriodicCheck
L 03/27/2026 - 19:48:43: [SM] Exception reported: Language phrase "Please wait to be revived or rescued" not found (arg 6)
L 03/27/2026 - 19:48:43: [SM] Blaming: l4dmultislots.smx
L 03/27/2026 - 19:48:43: [SM] Call stack trace:
L 03/27/2026 - 19:48:43: [SM]   [0] PrintToChat
L 03/27/2026 - 19:48:43: [SM]   [1] Line 953, d:\Github\Private-Work\L4D2-Êèí‰ª∂\scripting_1.11\l4dmultislots.sp::Timer_SpecCheck
L 03/27/2026 - 19:48:45: [SM] Exception reported: Invalid convar handle 0 (error 4)
L 03/27/2026 - 19:48:45: [SM] Blaming: ÒankrunFixhealth.smx
L 03/27/2026 - 19:48:45: [SM] Call stack trace:
L 03/27/2026 - 19:48:45: [SM]   [0] GetConVarString
L 03/27/2026 - 19:48:45: [SM]   [1] Line 138, C:\Users\Moises\Downloads\Compressed\sourcemod-1.11.0-git6968-windows\addons\sourcemod\scripting\ÒankrunFixhealth.sp::IsTankRunActive
L 03/27/2026 - 19:48:45: [SM]   [2] Line 36, C:\Users\Moises\Downloads\Compressed\sourcemod-1.11.0-git6968-windows\addons\sourcemod\scripting\ÒankrunFixhealth.sp::Timer_PeriodicCheck
L 03/27/2026 - 19:48:45: [SM] Exception reported: Invalid convar handle 0 (error 4)
L 03/27/2026 - 19:48:45: [SM] Blaming: ÒankrunFixhealth.smx
L 03/27/2026 - 19:48:45: [SM] Call stack trace:
L 03/27/2026 - 19:48:45: [SM]   [0] GetConVarString
L 03/27/2026 - 19:48:45: [SM]   [1] Line 138, C:\Users\Moises\Downloads\Compressed\sourcemod-1.11.0-git6968-windows\addons\sourcemod\scripting\ÒankrunFixhealth.sp::IsTankRunActive
L 03/27/2026 - 19:48:45: [SM]   [2] Line 79, C:\Users\Moises\Downloads\Compressed\sourcemod-1.11.0-git6968-windows\addons\sourcemod\scripting\ÒankrunFixhealth.sp::Event_PlayerDeath
L 03/27/2026 - 19:48:45: [SM] Exception reported: Invalid convar handle 0 (error 4)
L 03/27/2026 - 19:48:45: [SM] Blaming: ÒankrunFixhealth.smx
L 03/27/2026 - 19:48:45: [SM] Call stack trace:
L 03/27/2026 - 19:48:45: [SM]   [0] GetConVarString
L 03/27/2026 - 19:48:45: [SM]   [1] Line 138, C:\Users\Moises\Downloads\Compressed\sourcemod-1.11.0-git6968-windows\addons\sourcemod\scripting\ÒankrunFixhealth.sp::IsTankRunActive
L 03/27/2026 - 19:48:45: [SM]   [2] Line 79, C:\Users\Moises\Downloads\Compressed\sourcemod-1.11.0-git6968-windows\addons\sourcemod\scripting\ÒankrunFixhealth.sp::Event_PlayerDeath
L 03/27/2026 - 19:48:46: [SM] Exception reported: Invalid convar handle 0 (error 4)
L 03/27/2026 - 19:48:46: [SM] Blaming: ÒankrunFixhealth.smx
L 03/27/2026 - 19:48:46: [SM] Call stack trace:
L 03/27/2026 - 19:48:46: [SM]   [0] GetConVarString
L 03/27/2026 - 19:48:46: [SM]   [1] Line 138, C:\Users\Moises\Downloads\Compressed\sourcemod-1.11.0-git6968-windows\addons\sourcemod\scripting\ÒankrunFixhealth.sp::IsTankRunActive
L 03/27/2026 - 19:48:46: [SM]   [2] Line 71, C:\Users\Moises\Downloads\Compressed\sourcemod-1.11.0-git6968-windows\addons\sourcemod\scripting\ÒankrunFixhealth.sp::Event_MapTransition
L 03/27/2026 - 19:48:54: [SM] Exception reported: Invalid timer handle e51005e0 (error 3)
L 03/27/2026 - 19:48:54: [SM] Blaming: l4d2_playerjoining_v2.smx
L 03/27/2026 - 19:48:54: [SM] Call stack trace:
L 03/27/2026 - 19:48:54: [SM]   [0] KillTimer
L 03/27/2026 - 19:48:54: [SM]   [1] Line 53, C:\Users\Moises\Downloads\Compressed\sourcemod-1.11.0-git6968-windows\addons\sourcemod\scripting\l4d2_playerjoining_v2.sp::OnClientDisconnect
L 03/27/2026 - 19:48:54: [SM] Exception reported: Invalid timer handle d300058e (error 1)
L 03/27/2026 - 19:48:54: [SM] Blaming: l4d2_playerjoining_v2.smx
L 03/27/2026 - 19:48:54: [SM] Call stack trace:
L 03/27/2026 - 19:48:54: [SM]   [0] KillTimer
L 03/27/2026 - 19:48:54: [SM]   [1] Line 53, C:\Users\Moises\Downloads\Compressed\sourcemod-1.11.0-git6968-windows\addons\sourcemod\scripting\l4d2_playerjoining_v2.sp::OnClientDisconnect
L 03/27/2026 - 19:48:54: [SM] Exception reported: Invalid timer handle a310055c (error 3)
L 03/27/2026 - 19:48:54: [SM] Blaming: l4d2_playerjoining_v2.smx
L 03/27/2026 - 19:48:54: [SM] Call stack trace:
L 03/27/2026 - 19:48:54: [SM]   [0] KillTimer
L 03/27/2026 - 19:48:54: [SM]   [1] Line 53, C:\Users\Moises\Downloads\Compressed\sourcemod-1.11.0-git6968-windows\addons\sourcemod\scripting\l4d2_playerjoining_v2.sp::OnClientDisconnect
L 03/27/2026 - 19:48:54: [SM] Exception reported: Invalid timer handle 3d60058b (error 3)
L 03/27/2026 - 19:48:54: [SM] Blaming: l4d2_playerjoining_v2.smx
L 03/27/2026 - 19:48:54: [SM] Call stack trace:
L 03/27/2026 - 19:48:54: [SM]   [0] KillTimer
L 03/27/2026 - 19:48:54: [SM]   [1] Line 53, C:\Users\Moises\Downloads\Compressed\sourcemod-1.11.0-git6968-windows\addons\sourcemod\scripting\l4d2_playerjoining_v2.sp::OnClientDisconnect
L 03/27/2026 - 19:48:56: Error log file session closed.
L 03/27/2026 - 19:48:56: SourceMod error session started
L 03/27/2026 - 19:48:56: Info (map "c2m4_barns") (file "d:\steamlibrary\steamapps\common\left 4 dead 2\left4dead2\addons\sourcemod\logs\errors_20260327.log")
L 03/27/2026 - 19:48:56: [SM] Fatal error encountered parsing translation file "l4d_nth.phrases.txt"
L 03/27/2026 - 19:48:56: [SM] Error (line 0, column 0): Stream failed to open
L 03/27/2026 - 19:48:56: [SM] Fatal error encountered parsing translation file "chargersteering.phrases.txt"
L 03/27/2026 - 19:48:56: [SM] Error (line 0, column 0): Stream failed to open
L 03/27/2026 - 19:48:56: [SM] Fatal error encountered parsing translation file "l4dmultislots.phrases.txt"
L 03/27/2026 - 19:48:56: [SM] Error (line 0, column 0): Stream failed to open
L 03/27/2026 - 19:48:59: [SM] Exception reported: Invalid convar handle 0 (error 4)
L 03/27/2026 - 19:48:59: [SM] Blaming: ÒankrunFixhealth.smx
L 03/27/2026 - 19:48:59: [SM] Call stack trace:
L 03/27/2026 - 19:48:59: [SM]   [0] GetConVarString
L 03/27/2026 - 19:48:59: [SM]   [1] Line 138, C:\Users\Moises\Downloads\Compressed\sourcemod-1.11.0-git6968-windows\addons\sourcemod\scripting\ÒankrunFixhealth.sp::IsTankRunActive
L 03/27/2026 - 19:48:59: [SM]   [2] Line 54, C:\Users\Moises\Downloads\Compressed\sourcemod-1.11.0-git6968-windows\addons\sourcemod\scripting\ÒankrunFixhealth.sp::Event_RoundStart
L 03/27/2026 - 19:48:59: [l4d2_publicity.smx] [Publicity] No se encontraron mensajes en el archivo de configuraci√≥n
L 03/27/2026 - 19:49:01: [SM] Exception reported: Invalid convar handle 0 (error 4)
L 03/27/2026 - 19:49:01: [SM] Blaming: ÒankrunFixhealth.smx
L 03/27/2026 - 19:49:01: [SM] Call stack trace:
L 03/27/2026 - 19:49:01: [SM]   [0] GetConVarString
L 03/27/2026 - 19:49:01: [SM]   [1] Line 138, C:\Users\Moises\Downloads\Compressed\sourcemod-1.11.0-git6968-windows\addons\sourcemod\scripting\ÒankrunFixhealth.sp::IsTankRunActive
L 03/27/2026 - 19:49:01: [SM]   [2] Line 36, C:\Users\Moises\Downloads\Compressed\sourcemod-1.11.0-git6968-windows\addons\sourcemod\scripting\ÒankrunFixhealth.sp::Timer_PeriodicCheck
L 03/27/2026 - 19:49:11: [SM] Exception reported: Invalid convar handle 0 (error 4)
L 03/27/2026 - 19:49:11: [SM] Blaming: ÒankrunFixhealth.smx
L 03/27/2026 - 19:49:11: [SM] Call stack trace:
L 03/27/2026 - 19:49:11: [SM]   [0] GetConVarString
L 03/27/2026 - 19:49:11: [SM]   [1] Line 138, C:\Users\Moises\Downloads\Compressed\sourcemod-1.11.0-git6968-windows\addons\sourcemod\scripting\ÒankrunFixhealth.sp::IsTankRunActive
L 03/27/2026 - 19:49:11: [SM]   [2] Line 36, C:\Users\Moises\Downloads\Compressed\sourcemod-1.11.0-git6968-windows\addons\sourcemod\scripting\ÒankrunFixhealth.sp::Timer_PeriodicCheck
L 03/27/2026 - 19:49:21: [SM] Exception reported: Invalid convar handle 0 (error 4)
L 03/27/2026 - 19:49:21: [SM] Blaming: ÒankrunFixhealth.smx
L 03/27/2026 - 19:49:21: [SM] Call stack trace:
L 03/27/2026 - 19:49:21: [SM]   [0] GetConVarString
L 03/27/2026 - 19:49:21: [SM]   [1] Line 138, C:\Users\Moises\Downloads\Compressed\sourcemod-1.11.0-git6968-windows\addons\sourcemod\scripting\ÒankrunFixhealth.sp::IsTankRunActive
L 03/27/2026 - 19:49:21: [SM]   [2] Line 36, C:\Users\Moises\Downloads\Compressed\sourcemod-1.11.0-git6968-windows\addons\sourcemod\scripting\ÒankrunFixhealth.sp::Timer_PeriodicCheck
L 03/27/2026 - 19:49:30: [SM] Exception reported: Invalid timer handle ac7005bf (error 1)
L 03/27/2026 - 19:49:30: [SM] Blaming: l4d2_playerjoining_v2.smx
L 03/27/2026 - 19:49:30: [SM] Call stack trace:
L 03/27/2026 - 19:49:30: [SM]   [0] KillTimer
L 03/27/2026 - 19:49:30: [SM]   [1] Line 53, C:\Users\Moises\Downloads\Compressed\sourcemod-1.11.0-git6968-windows\addons\sourcemod\scripting\l4d2_playerjoining_v2.sp::OnClientDisconnect
L 03/27/2026 - 19:49:31: [SM] Exception reported: Invalid timer handle d300058e (error 1)
L 03/27/2026 - 19:49:31: [SM] Blaming: l4d2_playerjoining_v2.smx
L 03/27/2026 - 19:49:31: [SM] Call stack trace:
L 03/27/2026 - 19:49:31: [SM]   [0] KillTimer
L 03/27/2026 - 19:49:31: [SM]   [1] Line 53, C:\Users\Moises\Downloads\Compressed\sourcemod-1.11.0-git6968-windows\addons\sourcemod\scripting\l4d2_playerjoining_v2.sp::OnClientDisconnect
L 03/27/2026 - 19:49:32: [SM] Exception reported: Invalid timer handle e51005e0 (error 3)
L 03/27/2026 - 19:49:32: [SM] Blaming: l4d2_playerjoining_v2.smx
L 03/27/2026 - 19:49:32: [SM] Call stack trace:
L 03/27/2026 - 19:49:32: [SM]   [0] KillTimer
L 03/27/2026 - 19:49:32: [SM]   [1] Line 53, C:\Users\Moises\Downloads\Compressed\sourcemod-1.11.0-git6968-windows\addons\sourcemod\scripting\l4d2_playerjoining_v2.sp::OnClientDisconnect
L 03/27/2026 - 19:49:32: [SM] Exception reported: Invalid timer handle a310055c (error 1)
L 03/27/2026 - 19:49:32: [SM] Blaming: l4d2_playerjoining_v2.smx
L 03/27/2026 - 19:49:32: [SM] Call stack trace:
L 03/27/2026 - 19:49:32: [SM]   [0] KillTimer
L 03/27/2026 - 19:49:32: [SM]   [1] Line 53, C:\Users\Moises\Downloads\Compressed\sourcemod-1.11.0-git6968-windows\addons\sourcemod\scripting\l4d2_playerjoining_v2.sp::OnClientDisconnect
L 03/27/2026 - 19:49:32: [SM] Exception reported: Invalid timer handle 3d60058b (error 1)
L 03/27/2026 - 19:49:32: [SM] Blaming: l4d2_playerjoining_v2.smx
L 03/27/2026 - 19:49:32: [SM] Call stack trace:
L 03/27/2026 - 19:49:32: [SM]   [0] KillTimer
L 03/27/2026 - 19:49:32: [SM]   [1] Line 53, C:\Users\Moises\Downloads\Compressed\sourcemod-1.11.0-git6968-windows\addons\sourcemod\scripting\l4d2_playerjoining_v2.sp::OnClientDisconnect
L 03/27/2026 - 19:49:35: [SM] Exception reported: Invalid convar handle 0 (error 4)
L 03/27/2026 - 19:49:35: [SM] Blaming: ÒankrunFixhealth.smx
L 03/27/2026 - 19:49:35: [SM] Call stack trace:
L 03/27/2026 - 19:49:35: [SM]   [0] GetConVarString
L 03/27/2026 - 19:49:35: [SM]   [1] Line 138, C:\Users\Moises\Downloads\Compressed\sourcemod-1.11.0-git6968-windows\addons\sourcemod\scripting\ÒankrunFixhealth.sp::IsTankRunActive
L 03/27/2026 - 19:49:35: [SM]   [2] Line 36, C:\Users\Moises\Downloads\Compressed\sourcemod-1.11.0-git6968-windows\addons\sourcemod\scripting\ÒankrunFixhealth.sp::Timer_PeriodicCheck
L 03/27/2026 - 19:49:40: [SM] Exception reported: Invalid convar handle 0 (error 4)
L 03/27/2026 - 19:49:40: [SM] Blaming: ÒankrunFixhealth.smx
L 03/27/2026 - 19:49:40: [SM] Call stack trace:
L 03/27/2026 - 19:49:40: [SM]   [0] GetConVarString
L 03/27/2026 - 19:49:40: [SM]   [1] Line 138, C:\Users\Moises\Downloads\Compressed\sourcemod-1.11.0-git6968-windows\addons\sourcemod\scripting\ÒankrunFixhealth.sp::IsTankRunActive
L 03/27/2026 - 19:49:40: [SM]   [2] Line 79, C:\Users\Moises\Downloads\Compressed\sourcemod-1.11.0-git6968-windows\addons\sourcemod\scripting\ÒankrunFixhealth.sp::Event_PlayerDeath
L 03/27/2026 - 19:49:45: [SM] Exception reported: Invalid convar handle 0 (error 4)
L 03/27/2026 - 19:49:45: [SM] Blaming: ÒankrunFixhealth.smx
L 03/27/2026 - 19:49:45: [SM] Call stack trace:
L 03/27/2026 - 19:49:45: [SM]   [0] GetConVarString
L 03/27/2026 - 19:49:45: [SM]   [1] Line 138, C:\Users\Moises\Downloads\Compressed\sourcemod-1.11.0-git6968-windows\addons\sourcemod\scripting\ÒankrunFixhealth.sp::IsTankRunActive
L 03/27/2026 - 19:49:45: [SM]   [2] Line 36, C:\Users\Moises\Downloads\Compressed\sourcemod-1.11.0-git6968-windows\addons\sourcemod\scripting\ÒankrunFixhealth.sp::Timer_PeriodicCheck
L 03/27/2026 - 19:49:52: [SM] Exception reported: Language phrase "Please wait to be revived or rescued" not found (arg 6)
L 03/27/2026 - 19:49:52: [SM] Blaming: l4dmultislots.smx
L 03/27/2026 - 19:49:52: [SM] Call stack trace:
L 03/27/2026 - 19:49:52: [SM]   [0] PrintToChat
L 03/27/2026 - 19:49:52: [SM]   [1] Line 953, d:\Github\Private-Work\L4D2-Êèí‰ª∂\scripting_1.11\l4dmultislots.sp::Timer_SpecCheck
L 03/27/2026 - 19:49:55: [SM] Exception reported: Invalid convar handle 0 (error 4)
L 03/27/2026 - 19:49:55: [SM] Blaming: ÒankrunFixhealth.smx
L 03/27/2026 - 19:49:55: [SM] Call stack trace:
L 03/27/2026 - 19:49:55: [SM]   [0] GetConVarString
L 03/27/2026 - 19:49:55: [SM]   [1] Line 138, C:\Users\Moises\Downloads\Compressed\sourcemod-1.11.0-git6968-windows\addons\sourcemod\scripting\ÒankrunFixhealth.sp::IsTankRunActive
L 03/27/2026 - 19:49:55: [SM]   [2] Line 36, C:\Users\Moises\Downloads\Compressed\sourcemod-1.11.0-git6968-windows\addons\sourcemod\scripting\ÒankrunFixhealth.sp::Timer_PeriodicCheck
L 03/27/2026 - 19:50:05: [SM] Exception reported: Invalid convar handle 0 (error 4)
L 03/27/2026 - 19:50:05: [SM] Blaming: ÒankrunFixhealth.smx
L 03/27/2026 - 19:50:05: [SM] Call stack trace:
L 03/27/2026 - 19:50:05: [SM]   [0] GetConVarString
L 03/27/2026 - 19:50:05: [SM]   [1] Line 138, C:\Users\Moises\Downloads\Compressed\sourcemod-1.11.0-git6968-windows\addons\sourcemod\scripting\ÒankrunFixhealth.sp::IsTankRunActive
L 03/27/2026 - 19:50:05: [SM]   [2] Line 36, C:\Users\Moises\Downloads\Compressed\sourcemod-1.11.0-git6968-windows\addons\sourcemod\scripting\ÒankrunFixhealth.sp::Timer_PeriodicCheck
L 03/27/2026 - 19:50:09: [SM] Exception reported: Invalid convar handle 0 (error 4)
L 03/27/2026 - 19:50:09: [SM] Blaming: ÒankrunFixhealth.smx
L 03/27/2026 - 19:50:09: [SM] Call stack trace:
L 03/27/2026 - 19:50:09: [SM]   [0] GetConVarString
L 03/27/2026 - 19:50:09: [SM]   [1] Line 138, C:\Users\Moises\Downloads\Compressed\sourcemod-1.11.0-git6968-windows\addons\sourcemod\scripting\ÒankrunFixhealth.sp::IsTankRunActive
L 03/27/2026 - 19:50:09: [SM]   [2] Line 79, C:\Users\Moises\Downloads\Compressed\sourcemod-1.11.0-git6968-windows\addons\sourcemod\scripting\ÒankrunFixhealth.sp::Event_PlayerDeath
L 03/27/2026 - 19:50:15: [SM] Exception reported: Invalid convar handle 0 (error 4)
L 03/27/2026 - 19:50:15: [SM] Blaming: ÒankrunFixhealth.smx
L 03/27/2026 - 19:50:15: [SM] Call stack trace:
L 03/27/2026 - 19:50:15: [SM]   [0] GetConVarString
L 03/27/2026 - 19:50:15: [SM]   [1] Line 138, C:\Users\Moises\Downloads\Compressed\sourcemod-1.11.0-git6968-windows\addons\sourcemod\scripting\ÒankrunFixhealth.sp::IsTankRunActive
L 03/27/2026 - 19:50:15: [SM]   [2] Line 36, C:\Users\Moises\Downloads\Compressed\sourcemod-1.11.0-git6968-windows\addons\sourcemod\scripting\ÒankrunFixhealth.sp::Timer_PeriodicCheck
L 03/27/2026 - 19:50:17: [SM] Exception reported: Invalid convar handle 0 (error 4)
L 03/27/2026 - 19:50:17: [SM] Blaming: ÒankrunFixhealth.smx
L 03/27/2026 - 19:50:17: [SM] Call stack trace:
L 03/27/2026 - 19:50:17: [SM]   [0] GetConVarString
L 03/27/2026 - 19:50:17: [SM]   [1] Line 138, C:\Users\Moises\Downloads\Compressed\sourcemod-1.11.0-git6968-windows\addons\sourcemod\scripting\ÒankrunFixhealth.sp::IsTankRunActive
L 03/27/2026 - 19:50:17: [SM]   [2] Line 79, C:\Users\Moises\Downloads\Compressed\sourcemod-1.11.0-git6968-windows\addons\sourcemod\scripting\ÒankrunFixhealth.sp::Event_PlayerDeath
L 03/27/2026 - 19:50:17: [SM]   [4] ForcePlayerSuicide
L 03/27/2026 - 19:50:17: [SM]   [5] Line 37, D:\builds\build-sourcemod-msvc12\windows-1.12\build\plugins\playercommands\slay.sp::PerformSlay
L 03/27/2026 - 19:50:17: [SM]   [6] Line 108, D:\builds\build-sourcemod-msvc12\windows-1.12\build\plugins\playercommands\slay.sp::MenuHandler_Slay
L 03/27/2026 - 19:50:17: [SM] Exception reported: Language phrase "Please wait to be revived or rescued" not found (arg 6)
L 03/27/2026 - 19:50:17: [SM] Blaming: l4dmultislots.smx
L 03/27/2026 - 19:50:17: [SM] Call stack trace:
L 03/27/2026 - 19:50:17: [SM]   [0] PrintToChat
L 03/27/2026 - 19:50:17: [SM]   [1] Line 953, d:\Github\Private-Work\L4D2-Êèí‰ª∂\scripting_1.11\l4dmultislots.sp::Timer_SpecCheck
L 03/27/2026 - 19:50:25: [SM] Exception reported: Invalid convar handle 0 (error 4)
L 03/27/2026 - 19:50:25: [SM] Blaming: ÒankrunFixhealth.smx
L 03/27/2026 - 19:50:25: [SM] Call stack trace:
L 03/27/2026 - 19:50:25: [SM]   [0] GetConVarString
L 03/27/2026 - 19:50:25: [SM]   [1] Line 138, C:\Users\Moises\Downloads\Compressed\sourcemod-1.11.0-git6968-windows\addons\sourcemod\scripting\ÒankrunFixhealth.sp::IsTankRunActive
L 03/27/2026 - 19:50:25: [SM]   [2] Line 36, C:\Users\Moises\Downloads\Compressed\sourcemod-1.11.0-git6968-windows\addons\sourcemod\scripting\ÒankrunFixhealth.sp::Timer_PeriodicCheck
L 03/27/2026 - 19:50:35: [SM] Exception reported: Invalid convar handle 0 (error 4)
L 03/27/2026 - 19:50:35: [SM] Blaming: ÒankrunFixhealth.smx
L 03/27/2026 - 19:50:35: [SM] Call stack trace:
L 03/27/2026 - 19:50:35: [SM]   [0] GetConVarString
L 03/27/2026 - 19:50:35: [SM]   [1] Line 138, C:\Users\Moises\Downloads\Compressed\sourcemod-1.11.0-git6968-windows\addons\sourcemod\scripting\ÒankrunFixhealth.sp::IsTankRunActive
L 03/27/2026 - 19:50:35: [SM]   [2] Line 36, C:\Users\Moises\Downloads\Compressed\sourcemod-1.11.0-git6968-windows\addons\sourcemod\scripting\ÒankrunFixhealth.sp::Timer_PeriodicCheck
L 03/27/2026 - 19:50:42: [SM] Exception reported: Language phrase "Please wait to be revived or rescued" not found (arg 6)
L 03/27/2026 - 19:50:42: [SM] Blaming: l4dmultislots.smx
L 03/27/2026 - 19:50:42: [SM] Call stack trace:
L 03/27/2026 - 19:50:42: [SM]   [0] PrintToChat
L 03/27/2026 - 19:50:42: [SM]   [1] Line 953, d:\Github\Private-Work\L4D2-Êèí‰ª∂\scripting_1.11\l4dmultislots.sp::Timer_SpecCheck
L 03/27/2026 - 19:50:45: [SM] Exception reported: Invalid convar handle 0 (error 4)
L 03/27/2026 - 19:50:45: [SM] Blaming: ÒankrunFixhealth.smx
L 03/27/2026 - 19:50:45: [SM] Call stack trace:
L 03/27/2026 - 19:50:45: [SM]   [0] GetConVarString
L 03/27/2026 - 19:50:45: [SM]   [1] Line 138, C:\Users\Moises\Downloads\Compressed\sourcemod-1.11.0-git6968-windows\addons\sourcemod\scripting\ÒankrunFixhealth.sp::IsTankRunActive
L 03/27/2026 - 19:50:45: [SM]   [2] Line 36, C:\Users\Moises\Downloads\Compressed\sourcemod-1.11.0-git6968-windows\addons\sourcemod\scripting\ÒankrunFixhealth.sp::Timer_PeriodicCheck
L 03/27/2026 - 19:50:55: [SM] Exception reported: Invalid convar handle 0 (error 4)
L 03/27/2026 - 19:50:55: [SM] Blaming: ÒankrunFixhealth.smx
L 03/27/2026 - 19:50:55: [SM] Call stack trace:
L 03/27/2026 - 19:50:55: [SM]   [0] GetConVarString
L 03/27/2026 - 19:50:55: [SM]   [1] Line 138, C:\Users\Moises\Downloads\Compressed\sourcemod-1.11.0-git6968-windows\addons\sourcemod\scripting\ÒankrunFixhealth.sp::IsTankRunActive
L 03/27/2026 - 19:50:55: [SM]   [2] Line 36, C:\Users\Moises\Downloads\Compressed\sourcemod-1.11.0-git6968-windows\addons\sourcemod\scripting\ÒankrunFixhealth.sp::Timer_PeriodicCheck
L 03/27/2026 - 19:50:58: [SM] Exception reported: Invalid convar handle 0 (error 4)
L 03/27/2026 - 19:50:58: [SM] Blaming: ÒankrunFixhealth.smx
L 03/27/2026 - 19:50:58: [SM] Call stack trace:
L 03/27/2026 - 19:50:58: [SM]   [0] GetConVarString
L 03/27/2026 - 19:50:58: [SM]   [1] Line 138, C:\Users\Moises\Downloads\Compressed\sourcemod-1.11.0-git6968-windows\addons\sourcemod\scripting\ÒankrunFixhealth.sp::IsTankRunActive
L 03/27/2026 - 19:50:58: [SM]   [2] Line 79, C:\Users\Moises\Downloads\Compressed\sourcemod-1.11.0-git6968-windows\addons\sourcemod\scripting\ÒankrunFixhealth.sp::Event_PlayerDeath
L 03/27/2026 - 19:51:03: [SM] Exception reported: Invalid convar handle 0 (error 4)
L 03/27/2026 - 19:51:03: [SM] Blaming: ÒankrunFixhealth.smx
L 03/27/2026 - 19:51:03: [SM] Call stack trace:
L 03/27/2026 - 19:51:03: [SM]   [0] GetConVarString
L 03/27/2026 - 19:51:03: [SM]   [1] Line 138, C:\Users\Moises\Downloads\Compressed\sourcemod-1.11.0-git6968-windows\addons\sourcemod\scripting\ÒankrunFixhealth.sp::IsTankRunActive
L 03/27/2026 - 19:51:03: [SM]   [2] Line 79, C:\Users\Moises\Downloads\Compressed\sourcemod-1.11.0-git6968-windows\addons\sourcemod\scripting\ÒankrunFixhealth.sp::Event_PlayerDeath
L 03/27/2026 - 19:51:03: [SM] Exception reported: Invalid convar handle 0 (error 4)
L 03/27/2026 - 19:51:03: [SM] Blaming: ÒankrunFixhealth.smx
L 03/27/2026 - 19:51:03: [SM] Call stack trace:
L 03/27/2026 - 19:51:03: [SM]   [0] GetConVarString
L 03/27/2026 - 19:51:03: [SM]   [1] Line 138, C:\Users\Moises\Downloads\Compressed\sourcemod-1.11.0-git6968-windows\addons\sourcemod\scripting\ÒankrunFixhealth.sp::IsTankRunActive
L 03/27/2026 - 19:51:03: [SM]   [2] Line 79, C:\Users\Moises\Downloads\Compressed\sourcemod-1.11.0-git6968-windows\addons\sourcemod\scripting\ÒankrunFixhealth.sp::Event_PlayerDeath
L 03/27/2026 - 19:51:05: [SM] Exception reported: Invalid convar handle 0 (error 4)
L 03/27/2026 - 19:51:05: [SM] Blaming: ÒankrunFixhealth.smx
L 03/27/2026 - 19:51:05: [SM] Call stack trace:
L 03/27/2026 - 19:51:05: [SM]   [0] GetConVarString
L 03/27/2026 - 19:51:05: [SM]   [1] Line 138, C:\Users\Moises\Downloads\Compressed\sourcemod-1.11.0-git6968-windows\addons\sourcemod\scripting\ÒankrunFixhealth.sp::IsTankRunActive
L 03/27/2026 - 19:51:05: [SM]   [2] Line 36, C:\Users\Moises\Downloads\Compressed\sourcemod-1.11.0-git6968-windows\addons\sourcemod\scripting\ÒankrunFixhealth.sp::Timer_PeriodicCheck
L 03/27/2026 - 19:51:05: [SM] Exception reported: Invalid convar handle 0 (error 4)
L 03/27/2026 - 19:51:05: [SM] Blaming: ÒankrunFixhealth.smx
L 03/27/2026 - 19:51:05: [SM] Call stack trace:
L 03/27/2026 - 19:51:05: [SM]   [0] GetConVarString
L 03/27/2026 - 19:51:05: [SM]   [1] Line 138, C:\Users\Moises\Downloads\Compressed\sourcemod-1.11.0-git6968-windows\addons\sourcemod\scripting\ÒankrunFixhealth.sp::IsTankRunActive
L 03/27/2026 - 19:51:05: [SM]   [2] Line 79, C:\Users\Moises\Downloads\Compressed\sourcemod-1.11.0-git6968-windows\addons\sourcemod\scripting\ÒankrunFixhealth.sp::Event_PlayerDeath
L 03/27/2026 - 19:51:06: [SM] Exception reported: Invalid convar handle 0 (error 4)
L 03/27/2026 - 19:51:06: [SM] Blaming: ÒankrunFixhealth.smx
L 03/27/2026 - 19:51:06: [SM] Call stack trace:
L 03/27/2026 - 19:51:06: [SM]   [0] GetConVarString
L 03/27/2026 - 19:51:06: [SM]   [1] Line 138, C:\Users\Moises\Downloads\Compressed\sourcemod-1.11.0-git6968-windows\addons\sourcemod\scripting\ÒankrunFixhealth.sp::IsTankRunActive
L 03/27/2026 - 19:51:06: [SM]   [2] Line 79, C:\Users\Moises\Downloads\Compressed\sourcemod-1.11.0-git6968-windows\addons\sourcemod\scripting\ÒankrunFixhealth.sp::Event_PlayerDeath
L 03/27/2026 - 19:51:07: [SM] Exception reported: Language phrase "Please wait to be revived or rescued" not found (arg 6)
L 03/27/2026 - 19:51:07: [SM] Blaming: l4dmultislots.smx
L 03/27/2026 - 19:51:07: [SM] Call stack trace:
L 03/27/2026 - 19:51:07: [SM]   [0] PrintToChat
L 03/27/2026 - 19:51:07: [SM]   [1] Line 953, d:\Github\Private-Work\L4D2-Êèí‰ª∂\scripting_1.11\l4dmultislots.sp::Timer_SpecCheck
L 03/27/2026 - 19:51:13: [SM] Exception reported: Invalid timer handle 3d60058b (error 3)
L 03/27/2026 - 19:51:13: [SM] Blaming: l4d2_playerjoining_v2.smx
L 03/27/2026 - 19:51:13: [SM] Call stack trace:
L 03/27/2026 - 19:51:13: [SM]   [0] KillTimer
L 03/27/2026 - 19:51:13: [SM]   [1] Line 53, C:\Users\Moises\Downloads\Compressed\sourcemod-1.11.0-git6968-windows\addons\sourcemod\scripting\l4d2_playerjoining_v2.sp::OnClientDisconnect
L 03/27/2026 - 19:51:15: [SM] Exception reported: Invalid convar handle 0 (error 4)
L 03/27/2026 - 19:51:15: [SM] Blaming: ÒankrunFixhealth.smx
L 03/27/2026 - 19:51:15: [SM] Call stack trace:
L 03/27/2026 - 19:51:15: [SM]   [0] GetConVarString
L 03/27/2026 - 19:51:15: [SM]   [1] Line 138, C:\Users\Moises\Downloads\Compressed\sourcemod-1.11.0-git6968-windows\addons\sourcemod\scripting\ÒankrunFixhealth.sp::IsTankRunActive
L 03/27/2026 - 19:51:15: [SM]   [2] Line 36, C:\Users\Moises\Downloads\Compressed\sourcemod-1.11.0-git6968-windows\addons\sourcemod\scripting\ÒankrunFixhealth.sp::Timer_PeriodicCheck
L 03/27/2026 - 19:51:23: [SM] Exception reported: Invalid convar handle 0 (error 4)
L 03/27/2026 - 19:51:23: [SM] Blaming: ÒankrunFixhealth.smx
L 03/27/2026 - 19:51:23: [SM] Call stack trace:
L 03/27/2026 - 19:51:23: [SM]   [0] GetConVarString
L 03/27/2026 - 19:51:23: [SM]   [1] Line 138, C:\Users\Moises\Downloads\Compressed\sourcemod-1.11.0-git6968-windows\addons\sourcemod\scripting\ÒankrunFixhealth.sp::IsTankRunActive
L 03/27/2026 - 19:51:23: [SM]   [2] Line 79, C:\Users\Moises\Downloads\Compressed\sourcemod-1.11.0-git6968-windows\addons\sourcemod\scripting\ÒankrunFixhealth.sp::Event_PlayerDeath
L 03/27/2026 - 19:51:23: [SM] Exception reported: Invalid convar handle 0 (error 4)
L 03/27/2026 - 19:51:23: [SM] Blaming: ÒankrunFixhealth.smx
L 03/27/2026 - 19:51:23: [SM] Call stack trace:
L 03/27/2026 - 19:51:23: [SM]   [0] GetConVarString
L 03/27/2026 - 19:51:23: [SM]   [1] Line 138, C:\Users\Moises\Downloads\Compressed\sourcemod-1.11.0-git6968-windows\addons\sourcemod\scripting\ÒankrunFixhealth.sp::IsTankRunActive
L 03/27/2026 - 19:51:23: [SM]   [2] Line 79, C:\Users\Moises\Downloads\Compressed\sourcemod-1.11.0-git6968-windows\addons\sourcemod\scripting\ÒankrunFixhealth.sp::Event_PlayerDeath
L 03/27/2026 - 19:51:25: [SM] Exception reported: Invalid convar handle 0 (error 4)
L 03/27/2026 - 19:51:25: [SM] Blaming: ÒankrunFixhealth.smx
L 03/27/2026 - 19:51:25: [SM] Call stack trace:
L 03/27/2026 - 19:51:25: [SM]   [0] GetConVarString
L 03/27/2026 - 19:51:25: [SM]   [1] Line 138, C:\Users\Moises\Downloads\Compressed\sourcemod-1.11.0-git6968-windows\addons\sourcemod\scripting\ÒankrunFixhealth.sp::IsTankRunActive
L 03/27/2026 - 19:51:25: [SM]   [2] Line 36, C:\Users\Moises\Downloads\Compressed\sourcemod-1.11.0-git6968-windows\addons\sourcemod\scripting\ÒankrunFixhealth.sp::Timer_PeriodicCheck
L 03/27/2026 - 19:51:31: [SM] Exception reported: Invalid timer handle e51005e0 (error 3)
L 03/27/2026 - 19:51:31: [SM] Blaming: l4d2_playerjoining_v2.smx
L 03/27/2026 - 19:51:31: [SM] Call stack trace:
L 03/27/2026 - 19:51:31: [SM]   [0] KillTimer
L 03/27/2026 - 19:51:31: [SM]   [1] Line 53, C:\Users\Moises\Downloads\Compressed\sourcemod-1.11.0-git6968-windows\addons\sourcemod\scripting\l4d2_playerjoining_v2.sp::OnClientDisconnect
L 03/27/2026 - 19:51:32: [SM] Exception reported: Language phrase "Please wait to be revived or rescued" not found (arg 6)
L 03/27/2026 - 19:51:32: [SM] Blaming: l4dmultislots.smx
L 03/27/2026 - 19:51:32: [SM] Call stack trace:
L 03/27/2026 - 19:51:32: [SM]   [0] PrintToChat
L 03/27/2026 - 19:51:32: [SM]   [1] Line 953, d:\Github\Private-Work\L4D2-Êèí‰ª∂\scripting_1.11\l4dmultislots.sp::Timer_SpecCheck
L 03/27/2026 - 19:51:35: [SM] Exception reported: Invalid convar handle 0 (error 4)
L 03/27/2026 - 19:51:35: [SM] Blaming: ÒankrunFixhealth.smx
L 03/27/2026 - 19:51:35: [SM] Call stack trace:
L 03/27/2026 - 19:51:35: [SM]   [0] GetConVarString
L 03/27/2026 - 19:51:35: [SM]   [1] Line 138, C:\Users\Moises\Downloads\Compressed\sourcemod-1.11.0-git6968-windows\addons\sourcemod\scripting\ÒankrunFixhealth.sp::IsTankRunActive
L 03/27/2026 - 19:51:35: [SM]   [2] Line 79, C:\Users\Moises\Downloads\Compressed\sourcemod-1.11.0-git6968-windows\addons\sourcemod\scripting\ÒankrunFixhealth.sp::Event_PlayerDeath
L 03/27/2026 - 19:51:35: [SM] Exception reported: Invalid convar handle 0 (error 4)
L 03/27/2026 - 19:51:35: [SM] Blaming: ÒankrunFixhealth.smx
L 03/27/2026 - 19:51:35: [SM] Call stack trace:
L 03/27/2026 - 19:51:35: [SM]   [0] GetConVarString
L 03/27/2026 - 19:51:35: [SM]   [1] Line 138, C:\Users\Moises\Downloads\Compressed\sourcemod-1.11.0-git6968-windows\addons\sourcemod\scripting\ÒankrunFixhealth.sp::IsTankRunActive
L 03/27/2026 - 19:51:35: [SM]   [2] Line 91, C:\Users\Moises\Downloads\Compressed\sourcemod-1.11.0-git6968-windows\addons\sourcemod\scripting\ÒankrunFixhealth.sp::Event_MissionLost
L 03/27/2026 - 19:51:35: [SM] Exception reported: Invalid convar handle 0 (error 4)
L 03/27/2026 - 19:51:35: [SM] Blaming: ÒankrunFixhealth.smx
L 03/27/2026 - 19:51:35: [SM] Call stack trace:
L 03/27/2026 - 19:51:35: [SM]   [0] GetConVarString
L 03/27/2026 - 19:51:35: [SM]   [1] Line 138, C:\Users\Moises\Downloads\Compressed\sourcemod-1.11.0-git6968-windows\addons\sourcemod\scripting\ÒankrunFixhealth.sp::IsTankRunActive
L 03/27/2026 - 19:51:35: [SM]   [2] Line 36, C:\Users\Moises\Downloads\Compressed\sourcemod-1.11.0-git6968-windows\addons\sourcemod\scripting\ÒankrunFixhealth.sp::Timer_PeriodicCheck
L 03/27/2026 - 19:51:42: [SM] Exception reported: Invalid convar handle 0 (error 4)
L 03/27/2026 - 19:51:42: [SM] Blaming: ÒankrunFixhealth.smx
L 03/27/2026 - 19:51:42: [SM] Call stack trace:
L 03/27/2026 - 19:51:42: [SM]   [0] GetConVarString
L 03/27/2026 - 19:51:42: [SM]   [1] Line 138, C:\Users\Moises\Downloads\Compressed\sourcemod-1.11.0-git6968-windows\addons\sourcemod\scripting\ÒankrunFixhealth.sp::IsTankRunActive
L 03/27/2026 - 19:51:42: [SM]   [2] Line 54, C:\Users\Moises\Downloads\Compressed\sourcemod-1.11.0-git6968-windows\addons\sourcemod\scripting\ÒankrunFixhealth.sp::Event_RoundStart
L 03/27/2026 - 19:51:42: [SM] Exception reported: Invalid timer handle a310055c (error 1)
L 03/27/2026 - 19:51:42: [SM] Blaming: l4d2_playerjoining_v2.smx
L 03/27/2026 - 19:51:42: [SM] Call stack trace:
L 03/27/2026 - 19:51:42: [SM]   [0] KillTimer
L 03/27/2026 - 19:51:42: [SM]   [1] Line 53, C:\Users\Moises\Downloads\Compressed\sourcemod-1.11.0-git6968-windows\addons\sourcemod\scripting\l4d2_playerjoining_v2.sp::OnClientDisconnect
L 03/27/2026 - 19:51:42: [SM] Exception reported: Invalid timer handle 3d60058b (error 1)
L 03/27/2026 - 19:51:42: [SM] Blaming: l4d2_playerjoining_v2.smx
L 03/27/2026 - 19:51:42: [SM] Call stack trace:
L 03/27/2026 - 19:51:42: [SM]   [0] KillTimer
L 03/27/2026 - 19:51:42: [SM]   [1] Line 53, C:\Users\Moises\Downloads\Compressed\sourcemod-1.11.0-git6968-windows\addons\sourcemod\scripting\l4d2_playerjoining_v2.sp::OnClientDisconnect
L 03/27/2026 - 19:51:42: [SM] Exception reported: Invalid timer handle d300058e (error 1)
L 03/27/2026 - 19:51:42: [SM] Blaming: l4d2_playerjoining_v2.smx
L 03/27/2026 - 19:51:42: [SM] Call stack trace:
L 03/27/2026 - 19:51:42: [SM]   [0] KillTimer
L 03/27/2026 - 19:51:42: [SM]   [1] Line 53, C:\Users\Moises\Downloads\Compressed\sourcemod-1.11.0-git6968-windows\addons\sourcemod\scripting\l4d2_playerjoining_v2.sp::OnClientDisconnect
L 03/27/2026 - 19:51:42: [SM] Exception reported: Invalid timer handle ac7005bf (error 1)
L 03/27/2026 - 19:51:42: [SM] Blaming: l4d2_playerjoining_v2.smx
L 03/27/2026 - 19:51:42: [SM] Call stack trace:
L 03/27/2026 - 19:51:42: [SM]   [0] KillTimer
L 03/27/2026 - 19:51:42: [SM]   [1] Line 53, C:\Users\Moises\Downloads\Compressed\sourcemod-1.11.0-git6968-windows\addons\sourcemod\scripting\l4d2_playerjoining_v2.sp::OnClientDisconnect
L 03/27/2026 - 19:51:46: [SM] Exception reported: Invalid convar handle 0 (error 4)
L 03/27/2026 - 19:51:46: [SM] Blaming: ÒankrunFixhealth.smx
L 03/27/2026 - 19:51:46: [SM] Call stack trace:
L 03/27/2026 - 19:51:46: [SM]   [0] GetConVarString
L 03/27/2026 - 19:51:46: [SM]   [1] Line 138, C:\Users\Moises\Downloads\Compressed\sourcemod-1.11.0-git6968-windows\addons\sourcemod\scripting\ÒankrunFixhealth.sp::IsTankRunActive
L 03/27/2026 - 19:51:46: [SM]   [2] Line 36, C:\Users\Moises\Downloads\Compressed\sourcemod-1.11.0-git6968-windows\addons\sourcemod\scripting\ÒankrunFixhealth.sp::Timer_PeriodicCheck
L 03/27/2026 - 19:51:51: [SM] Exception reported: Invalid convar handle 0 (error 4)
L 03/27/2026 - 19:51:51: [SM] Blaming: ÒankrunFixhealth.smx
L 03/27/2026 - 19:51:51: [SM] Call stack trace:
L 03/27/2026 - 19:51:51: [SM]   [0] GetConVarString
L 03/27/2026 - 19:51:51: [SM]   [1] Line 138, C:\Users\Moises\Downloads\Compressed\sourcemod-1.11.0-git6968-windows\addons\sourcemod\scripting\ÒankrunFixhealth.sp::IsTankRunActive
L 03/27/2026 - 19:51:51: [SM]   [2] Line 79, C:\Users\Moises\Downloads\Compressed\sourcemod-1.11.0-git6968-windows\addons\sourcemod\scripting\ÒankrunFixhealth.sp::Event_PlayerDeath
L 03/27/2026 - 19:51:56: [SM] Exception reported: Invalid convar handle 0 (error 4)
L 03/27/2026 - 19:51:56: [SM] Blaming: ÒankrunFixhealth.smx
L 03/27/2026 - 19:51:56: [SM] Call stack trace:
L 03/27/2026 - 19:51:56: [SM]   [0] GetConVarString
L 03/27/2026 - 19:51:56: [SM]   [1] Line 138, C:\Users\Moises\Downloads\Compressed\sourcemod-1.11.0-git6968-windows\addons\sourcemod\scripting\ÒankrunFixhealth.sp::IsTankRunActive
L 03/27/2026 - 19:51:56: [SM]   [2] Line 36, C:\Users\Moises\Downloads\Compressed\sourcemod-1.11.0-git6968-windows\addons\sourcemod\scripting\ÒankrunFixhealth.sp::Timer_PeriodicCheck
L 03/27/2026 - 19:52:06: [SM] Exception reported: Invalid convar handle 0 (error 4)
L 03/27/2026 - 19:52:06: [SM] Blaming: ÒankrunFixhealth.smx
L 03/27/2026 - 19:52:06: [SM] Call stack trace:
L 03/27/2026 - 19:52:06: [SM]   [0] GetConVarString
L 03/27/2026 - 19:52:06: [SM]   [1] Line 138, C:\Users\Moises\Downloads\Compressed\sourcemod-1.11.0-git6968-windows\addons\sourcemod\scripting\ÒankrunFixhealth.sp::IsTankRunActive
L 03/27/2026 - 19:52:06: [SM]   [2] Line 36, C:\Users\Moises\Downloads\Compressed\sourcemod-1.11.0-git6968-windows\addons\sourcemod\scripting\ÒankrunFixhealth.sp::Timer_PeriodicCheck
L 03/27/2026 - 19:52:07: [SM] Exception reported: Invalid timer handle d300058e (error 1)
L 03/27/2026 - 19:52:07: [SM] Blaming: l4d2_playerjoining_v2.smx
L 03/27/2026 - 19:52:07: [SM] Call stack trace:
L 03/27/2026 - 19:52:07: [SM]   [0] KillTimer
L 03/27/2026 - 19:52:07: [SM]   [1] Line 53, C:\Users\Moises\Downloads\Compressed\sourcemod-1.11.0-git6968-windows\addons\sourcemod\scripting\l4d2_playerjoining_v2.sp::OnClientDisconnect
L 03/27/2026 - 19:52:08: [SM] Exception reported: Language phrase "Please wait to be revived or rescued" not found (arg 6)
L 03/27/2026 - 19:52:08: [SM] Blaming: l4dmultislots.smx
L 03/27/2026 - 19:52:08: [SM] Call stack trace:
L 03/27/2026 - 19:52:08: [SM]   [0] PrintToChat
L 03/27/2026 - 19:52:08: [SM]   [1] Line 953, d:\Github\Private-Work\L4D2-Êèí‰ª∂\scripting_1.11\l4dmultislots.sp::Timer_SpecCheck
L 03/27/2026 - 19:52:16: [SM] Exception reported: Invalid convar handle 0 (error 4)
L 03/27/2026 - 19:52:16: [SM] Blaming: ÒankrunFixhealth.smx
L 03/27/2026 - 19:52:16: [SM] Call stack trace:
L 03/27/2026 - 19:52:16: [SM]   [0] GetConVarString
L 03/27/2026 - 19:52:16: [SM]   [1] Line 138, C:\Users\Moises\Downloads\Compressed\sourcemod-1.11.0-git6968-windows\addons\sourcemod\scripting\ÒankrunFixhealth.sp::IsTankRunActive
L 03/27/2026 - 19:52:16: [SM]   [2] Line 36, C:\Users\Moises\Downloads\Compressed\sourcemod-1.11.0-git6968-windows\addons\sourcemod\scripting\ÒankrunFixhealth.sp::Timer_PeriodicCheck
L 03/27/2026 - 19:52:26: [SM] Exception reported: Invalid convar handle 0 (error 4)
L 03/27/2026 - 19:52:26: [SM] Blaming: ÒankrunFixhealth.smx
L 03/27/2026 - 19:52:26: [SM] Call stack trace:
L 03/27/2026 - 19:52:26: [SM]   [0] GetConVarString
L 03/27/2026 - 19:52:26: [SM]   [1] Line 138, C:\Users\Moises\Downloads\Compressed\sourcemod-1.11.0-git6968-windows\addons\sourcemod\scripting\ÒankrunFixhealth.sp::IsTankRunActive
L 03/27/2026 - 19:52:26: [SM]   [2] Line 36, C:\Users\Moises\Downloads\Compressed\sourcemod-1.11.0-git6968-windows\addons\sourcemod\scripting\ÒankrunFixhealth.sp::Timer_PeriodicCheck
L 03/27/2026 - 19:52:31: [SM] Exception reported: Invalid convar handle 0 (error 4)
L 03/27/2026 - 19:52:31: [SM] Blaming: ÒankrunFixhealth.smx
L 03/27/2026 - 19:52:31: [SM] Call stack trace:
L 03/27/2026 - 19:52:31: [SM]   [0] GetConVarString
L 03/27/2026 - 19:52:31: [SM]   [1] Line 138, C:\Users\Moises\Downloads\Compressed\sourcemod-1.11.0-git6968-windows\addons\sourcemod\scripting\ÒankrunFixhealth.sp::IsTankRunActive
L 03/27/2026 - 19:52:31: [SM]   [2] Line 79, C:\Users\Moises\Downloads\Compressed\sourcemod-1.11.0-git6968-windows\addons\sourcemod\scripting\ÒankrunFixhealth.sp::Event_PlayerDeath
L 03/27/2026 - 19:52:33: [SM] Exception reported: Language phrase "Please wait to be revived or rescued" not found (arg 6)
L 03/27/2026 - 19:52:33: [SM] Blaming: l4dmultislots.smx
L 03/27/2026 - 19:52:33: [SM] Call stack trace:
L 03/27/2026 - 19:52:33: [SM]   [0] PrintToChat
L 03/27/2026 - 19:52:33: [SM]   [1] Line 953, d:\Github\Private-Work\L4D2-Êèí‰ª∂\scripting_1.11\l4dmultislots.sp::Timer_SpecCheck
L 03/27/2026 - 19:52:36: [SM] Exception reported: Invalid convar handle 0 (error 4)
L 03/27/2026 - 19:52:36: [SM] Blaming: ÒankrunFixhealth.smx
L 03/27/2026 - 19:52:36: [SM] Call stack trace:
L 03/27/2026 - 19:52:36: [SM]   [0] GetConVarString
L 03/27/2026 - 19:52:36: [SM]   [1] Line 138, C:\Users\Moises\Downloads\Compressed\sourcemod-1.11.0-git6968-windows\addons\sourcemod\scripting\ÒankrunFixhealth.sp::IsTankRunActive
L 03/27/2026 - 19:52:36: [SM]   [2] Line 36, C:\Users\Moises\Downloads\Compressed\sourcemod-1.11.0-git6968-windows\addons\sourcemod\scripting\ÒankrunFixhealth.sp::Timer_PeriodicCheck
L 03/27/2026 - 19:52:37: [SM] Exception reported: Invalid convar handle 0 (error 4)
L 03/27/2026 - 19:52:37: [SM] Blaming: ÒankrunFixhealth.smx
L 03/27/2026 - 19:52:37: [SM] Call stack trace:
L 03/27/2026 - 19:52:37: [SM]   [0] GetConVarString
L 03/27/2026 - 19:52:37: [SM]   [1] Line 138, C:\Users\Moises\Downloads\Compressed\sourcemod-1.11.0-git6968-windows\addons\sourcemod\scripting\ÒankrunFixhealth.sp::IsTankRunActive
L 03/27/2026 - 19:52:37: [SM]   [2] Line 71, C:\Users\Moises\Downloads\Compressed\sourcemod-1.11.0-git6968-windows\addons\sourcemod\scripting\ÒankrunFixhealth.sp::Event_MapTransition
L 03/27/2026 - 19:52:46: [SM] Exception reported: Invalid convar handle 0 (error 4)
L 03/27/2026 - 19:52:46: [SM] Blaming: ÒankrunFixhealth.smx
L 03/27/2026 - 19:52:46: [SM] Call stack trace:
L 03/27/2026 - 19:52:46: [SM]   [0] GetConVarString
L 03/27/2026 - 19:52:46: [SM]   [1] Line 138, C:\Users\Moises\Downloads\Compressed\sourcemod-1.11.0-git6968-windows\addons\sourcemod\scripting\ÒankrunFixhealth.sp::IsTankRunActive
L 03/27/2026 - 19:52:46: [SM]   [2] Line 36, C:\Users\Moises\Downloads\Compressed\sourcemod-1.11.0-git6968-windows\addons\sourcemod\scripting\ÒankrunFixhealth.sp::Timer_PeriodicCheck
L 03/27/2026 - 19:52:46: [SM] Exception reported: Invalid timer handle e51005e0 (error 3)
L 03/27/2026 - 19:52:46: [SM] Blaming: l4d2_playerjoining_v2.smx
L 03/27/2026 - 19:52:46: [SM] Call stack trace:
L 03/27/2026 - 19:52:46: [SM]   [0] KillTimer
L 03/27/2026 - 19:52:46: [SM]   [1] Line 53, C:\Users\Moises\Downloads\Compressed\sourcemod-1.11.0-git6968-windows\addons\sourcemod\scripting\l4d2_playerjoining_v2.sp::OnClientDisconnect
L 03/27/2026 - 19:52:46: [SM] Exception reported: Invalid timer handle d300058e (error 1)
L 03/27/2026 - 19:52:46: [SM] Blaming: l4d2_playerjoining_v2.smx
L 03/27/2026 - 19:52:46: [SM] Call stack trace:
L 03/27/2026 - 19:52:46: [SM]   [0] KillTimer
L 03/27/2026 - 19:52:46: [SM]   [1] Line 53, C:\Users\Moises\Downloads\Compressed\sourcemod-1.11.0-git6968-windows\addons\sourcemod\scripting\l4d2_playerjoining_v2.sp::OnClientDisconnect
L 03/27/2026 - 19:52:46: [SM] Exception reported: Invalid timer handle 3d60058b (error 3)
L 03/27/2026 - 19:52:46: [SM] Blaming: l4d2_playerjoining_v2.smx
L 03/27/2026 - 19:52:46: [SM] Call stack trace:
L 03/27/2026 - 19:52:46: [SM]   [0] KillTimer
L 03/27/2026 - 19:52:46: [SM]   [1] Line 53, C:\Users\Moises\Downloads\Compressed\sourcemod-1.11.0-git6968-windows\addons\sourcemod\scripting\l4d2_playerjoining_v2.sp::OnClientDisconnect
L 03/27/2026 - 19:52:47: Error log file session closed.
L 03/27/2026 - 19:52:47: SourceMod error session started
L 03/27/2026 - 19:52:47: Info (map "c2m5_concert") (file "d:\steamlibrary\steamapps\common\left 4 dead 2\left4dead2\addons\sourcemod\logs\errors_20260327.log")
L 03/27/2026 - 19:52:47: [SM] Fatal error encountered parsing translation file "l4d_nth.phrases.txt"
L 03/27/2026 - 19:52:47: [SM] Error (line 0, column 0): Stream failed to open
L 03/27/2026 - 19:52:47: [SM] Fatal error encountered parsing translation file "chargersteering.phrases.txt"
L 03/27/2026 - 19:52:47: [SM] Error (line 0, column 0): Stream failed to open
L 03/27/2026 - 19:52:47: [SM] Fatal error encountered parsing translation file "l4dmultislots.phrases.txt"
L 03/27/2026 - 19:52:47: [SM] Error (line 0, column 0): Stream failed to open
L 03/27/2026 - 19:52:50: [SM] Exception reported: Invalid convar handle 0 (error 4)
L 03/27/2026 - 19:52:50: [SM] Blaming: ÒankrunFixhealth.smx
L 03/27/2026 - 19:52:50: [SM] Call stack trace:
L 03/27/2026 - 19:52:50: [SM]   [0] GetConVarString
L 03/27/2026 - 19:52:50: [SM]   [1] Line 138, C:\Users\Moises\Downloads\Compressed\sourcemod-1.11.0-git6968-windows\addons\sourcemod\scripting\ÒankrunFixhealth.sp::IsTankRunActive
L 03/27/2026 - 19:52:50: [SM]   [2] Line 54, C:\Users\Moises\Downloads\Compressed\sourcemod-1.11.0-git6968-windows\addons\sourcemod\scripting\ÒankrunFixhealth.sp::Event_RoundStart
L 03/27/2026 - 19:52:50: [l4d2_publicity.smx] [Publicity] No se encontraron mensajes en el archivo de configuraci√≥n
L 03/27/2026 - 19:53:02: [SM] Exception reported: Invalid convar handle 0 (error 4)
L 03/27/2026 - 19:53:02: [SM] Blaming: ÒankrunFixhealth.smx
L 03/27/2026 - 19:53:02: [SM] Call stack trace:
L 03/27/2026 - 19:53:02: [SM]   [0] GetConVarString
L 03/27/2026 - 19:53:02: [SM]   [1] Line 138, C:\Users\Moises\Downloads\Compressed\sourcemod-1.11.0-git6968-windows\addons\sourcemod\scripting\ÒankrunFixhealth.sp::IsTankRunActive
L 03/27/2026 - 19:53:02: [SM]   [2] Line 36, C:\Users\Moises\Downloads\Compressed\sourcemod-1.11.0-git6968-windows\addons\sourcemod\scripting\ÒankrunFixhealth.sp::Timer_PeriodicCheck
L 03/27/2026 - 19:53:11: [SM] Exception reported: Invalid timer handle e51005e0 (error 3)
L 03/27/2026 - 19:53:11: [SM] Blaming: l4d2_playerjoining_v2.smx
L 03/27/2026 - 19:53:11: [SM] Call stack trace:
L 03/27/2026 - 19:53:11: [SM]   [0] KillTimer
L 03/27/2026 - 19:53:11: [SM]   [1] Line 53, C:\Users\Moises\Downloads\Compressed\sourcemod-1.11.0-git6968-windows\addons\sourcemod\scripting\l4d2_playerjoining_v2.sp::OnClientDisconnect
L 03/27/2026 - 19:53:12: [SM] Exception reported: Invalid timer handle d300058e (error 1)
L 03/27/2026 - 19:53:12: [SM] Blaming: l4d2_playerjoining_v2.smx
L 03/27/2026 - 19:53:12: [SM] Call stack trace:
L 03/27/2026 - 19:53:12: [SM]   [0] KillTimer
L 03/27/2026 - 19:53:12: [SM]   [1] Line 53, C:\Users\Moises\Downloads\Compressed\sourcemod-1.11.0-git6968-windows\addons\sourcemod\scripting\l4d2_playerjoining_v2.sp::OnClientDisconnect
L 03/27/2026 - 19:53:12: [SM] Exception reported: Invalid timer handle 3d60058b (error 3)
L 03/27/2026 - 19:53:12: [SM] Blaming: l4d2_playerjoining_v2.smx
L 03/27/2026 - 19:53:12: [SM] Call stack trace:
L 03/27/2026 - 19:53:12: [SM]   [0] KillTimer
L 03/27/2026 - 19:53:12: [SM]   [1] Line 53, C:\Users\Moises\Downloads\Compressed\sourcemod-1.11.0-git6968-windows\addons\sourcemod\scripting\l4d2_playerjoining_v2.sp::OnClientDisconnect
L 03/27/2026 - 19:53:13: [SM] Exception reported: Invalid timer handle ac7005bf (error 3)
L 03/27/2026 - 19:53:13: [SM] Blaming: l4d2_playerjoining_v2.smx
L 03/27/2026 - 19:53:13: [SM] Call stack trace:
L 03/27/2026 - 19:53:13: [SM]   [0] KillTimer
L 03/27/2026 - 19:53:13: [SM]   [1] Line 53, C:\Users\Moises\Downloads\Compressed\sourcemod-1.11.0-git6968-windows\addons\sourcemod\scripting\l4d2_playerjoining_v2.sp::OnClientDisconnect
L 03/27/2026 - 19:53:16: [SM] Exception reported: Invalid convar handle 0 (error 4)
L 03/27/2026 - 19:53:16: [SM] Blaming: ÒankrunFixhealth.smx
L 03/27/2026 - 19:53:16: [SM] Call stack trace:
L 03/27/2026 - 19:53:16: [SM]   [0] GetConVarString
L 03/27/2026 - 19:53:16: [SM]   [1] Line 138, C:\Users\Moises\Downloads\Compressed\sourcemod-1.11.0-git6968-windows\addons\sourcemod\scripting\ÒankrunFixhealth.sp::IsTankRunActive
L 03/27/2026 - 19:53:16: [SM]   [2] Line 36, C:\Users\Moises\Downloads\Compressed\sourcemod-1.11.0-git6968-windows\addons\sourcemod\scripting\ÒankrunFixhealth.sp::Timer_PeriodicCheck
L 03/27/2026 - 19:53:21: [SM] Exception reported: Invalid convar handle 0 (error 4)
L 03/27/2026 - 19:53:21: [SM] Blaming: ÒankrunFixhealth.smx
L 03/27/2026 - 19:53:21: [SM] Call stack trace:
L 03/27/2026 - 19:53:21: [SM]   [0] GetConVarString
L 03/27/2026 - 19:53:21: [SM]   [1] Line 138, C:\Users\Moises\Downloads\Compressed\sourcemod-1.11.0-git6968-windows\addons\sourcemod\scripting\ÒankrunFixhealth.sp::IsTankRunActive
L 03/27/2026 - 19:53:21: [SM]   [2] Line 79, C:\Users\Moises\Downloads\Compressed\sourcemod-1.11.0-git6968-windows\addons\sourcemod\scripting\ÒankrunFixhealth.sp::Event_PlayerDeath
L 03/27/2026 - 19:53:25: [SM] Exception reported: Language phrase "No Any Dead Survivor" not found (arg 6)
L 03/27/2026 - 19:53:25: [SM] Blaming: l4d_sm_respawn.smx
L 03/27/2026 - 19:53:25: [SM] Call stack trace:
L 03/27/2026 - 19:53:25: [SM]   [0] FormatEx
L 03/27/2026 - 19:53:25: [SM]   [1] Line 202, d:\Github\Private-Work\L4D2-Êèí‰ª∂\scripting_1.11\l4d_sm_respawn.sp::MenuClientsToSpawn
L 03/27/2026 - 19:53:25: [SM]   [2] Line 239, d:\Github\Private-Work\L4D2-Êèí‰ª∂\scripting_1.11\l4d_sm_respawn.sp::MenuHandler_MenuList
L 03/27/2026 - 19:53:26: [SM] Exception reported: Invalid convar handle 0 (error 4)
L 03/27/2026 - 19:53:26: [SM] Blaming: ÒankrunFixhealth.smx
L 03/27/2026 - 19:53:26: [SM] Call stack trace:
L 03/27/2026 - 19:53:26: [SM]   [0] GetConVarString
L 03/27/2026 - 19:53:26: [SM]   [1] Line 138, C:\Users\Moises\Downloads\Compressed\sourcemod-1.11.0-git6968-windows\addons\sourcemod\scripting\ÒankrunFixhealth.sp::IsTankRunActive
L 03/27/2026 - 19:53:26: [SM]   [2] Line 36, C:\Users\Moises\Downloads\Compressed\sourcemod-1.11.0-git6968-windows\addons\sourcemod\scripting\ÒankrunFixhealth.sp::Timer_PeriodicCheck
L 03/27/2026 - 19:53:27: [SM] Exception reported: Invalid convar handle 0 (error 4)
L 03/27/2026 - 19:53:27: [SM] Blaming: ÒankrunFixhealth.smx
L 03/27/2026 - 19:53:27: [SM] Call stack trace:
L 03/27/2026 - 19:53:27: [SM]   [0] GetConVarString
L 03/27/2026 - 19:53:27: [SM]   [1] Line 138, C:\Users\Moises\Downloads\Compressed\sourcemod-1.11.0-git6968-windows\addons\sourcemod\scripting\ÒankrunFixhealth.sp::IsTankRunActive
L 03/27/2026 - 19:53:27: [SM]   [2] Line 79, C:\Users\Moises\Downloads\Compressed\sourcemod-1.11.0-git6968-windows\addons\sourcemod\scripting\ÒankrunFixhealth.sp::Event_PlayerDeath
L 03/27/2026 - 19:53:33: [SM] Exception reported: Language phrase "Please wait to be revived or rescued" not found (arg 6)
L 03/27/2026 - 19:53:33: [SM] Blaming: l4dmultislots.smx
L 03/27/2026 - 19:53:33: [SM] Call stack trace:
L 03/27/2026 - 19:53:33: [SM]   [0] PrintToChat
L 03/27/2026 - 19:53:33: [SM]   [1] Line 953, d:\Github\Private-Work\L4D2-Êèí‰ª∂\scripting_1.11\l4dmultislots.sp::Timer_SpecCheck
L 03/27/2026 - 19:53:36: [SM] Exception reported: Invalid convar handle 0 (error 4)
L 03/27/2026 - 19:53:36: [SM] Blaming: ÒankrunFixhealth.smx
L 03/27/2026 - 19:53:36: [SM] Call stack trace:
L 03/27/2026 - 19:53:36: [SM]   [0] GetConVarString
L 03/27/2026 - 19:53:36: [SM]   [1] Line 138, C:\Users\Moises\Downloads\Compressed\sourcemod-1.11.0-git6968-windows\addons\sourcemod\scripting\ÒankrunFixhealth.sp::IsTankRunActive
L 03/27/2026 - 19:53:36: [SM]   [2] Line 36, C:\Users\Moises\Downloads\Compressed\sourcemod-1.11.0-git6968-windows\addons\sourcemod\scripting\ÒankrunFixhealth.sp::Timer_PeriodicCheck
L 03/27/2026 - 19:53:43: [SM] Exception reported: Invalid convar handle 0 (error 4)
L 03/27/2026 - 19:53:43: [SM] Blaming: ÒankrunFixhealth.smx
L 03/27/2026 - 19:53:43: [SM] Call stack trace:
L 03/27/2026 - 19:53:43: [SM]   [0] GetConVarString
L 03/27/2026 - 19:53:43: [SM]   [1] Line 138, C:\Users\Moises\Downloads\Compressed\sourcemod-1.11.0-git6968-windows\addons\sourcemod\scripting\ÒankrunFixhealth.sp::IsTankRunActive
L 03/27/2026 - 19:53:43: [SM]   [2] Line 79, C:\Users\Moises\Downloads\Compressed\sourcemod-1.11.0-git6968-windows\addons\sourcemod\scripting\ÒankrunFixhealth.sp::Event_PlayerDeath
L 03/27/2026 - 19:53:46: [SM] Exception reported: Invalid convar handle 0 (error 4)
L 03/27/2026 - 19:53:46: [SM] Blaming: ÒankrunFixhealth.smx
L 03/27/2026 - 19:53:46: [SM] Call stack trace:
L 03/27/2026 - 19:53:46: [SM]   [0] GetConVarString
L 03/27/2026 - 19:53:46: [SM]   [1] Line 138, C:\Users\Moises\Downloads\Compressed\sourcemod-1.11.0-git6968-windows\addons\sourcemod\scripting\ÒankrunFixhealth.sp::IsTankRunActive
L 03/27/2026 - 19:53:46: [SM]   [2] Line 36, C:\Users\Moises\Downloads\Compressed\sourcemod-1.11.0-git6968-windows\addons\sourcemod\scripting\ÒankrunFixhealth.sp::Timer_PeriodicCheck
L 03/27/2026 - 19:53:56: [SM] Exception reported: Invalid convar handle 0 (error 4)
L 03/27/2026 - 19:53:56: [SM] Blaming: ÒankrunFixhealth.smx
L 03/27/2026 - 19:53:56: [SM] Call stack trace:
L 03/27/2026 - 19:53:56: [SM]   [0] GetConVarString
L 03/27/2026 - 19:53:56: [SM]   [1] Line 138, C:\Users\Moises\Downloads\Compressed\sourcemod-1.11.0-git6968-windows\addons\sourcemod\scripting\ÒankrunFixhealth.sp::IsTankRunActive
L 03/27/2026 - 19:53:56: [SM]   [2] Line 36, C:\Users\Moises\Downloads\Compressed\sourcemod-1.11.0-git6968-windows\addons\sourcemod\scripting\ÒankrunFixhealth.sp::Timer_PeriodicCheck
L 03/27/2026 - 19:53:58: [SM] Exception reported: Language phrase "Please wait to be revived or rescued" not found (arg 6)
L 03/27/2026 - 19:53:58: [SM] Blaming: l4dmultislots.smx
L 03/27/2026 - 19:53:58: [SM] Call stack trace:
L 03/27/2026 - 19:53:58: [SM]   [0] PrintToChat
L 03/27/2026 - 19:53:58: [SM]   [1] Line 953, d:\Github\Private-Work\L4D2-Êèí‰ª∂\scripting_1.11\l4dmultislots.sp::Timer_SpecCheck
L 03/27/2026 - 19:54:01: [SM] Exception reported: Invalid convar handle 0 (error 4)
L 03/27/2026 - 19:54:01: [SM] Blaming: ÒankrunFixhealth.smx
L 03/27/2026 - 19:54:01: [SM] Call stack trace:
L 03/27/2026 - 19:54:01: [SM]   [0] GetConVarString
L 03/27/2026 - 19:54:01: [SM]   [1] Line 138, C:\Users\Moises\Downloads\Compressed\sourcemod-1.11.0-git6968-windows\addons\sourcemod\scripting\ÒankrunFixhealth.sp::IsTankRunActive
L 03/27/2026 - 19:54:01: [SM]   [2] Line 79, C:\Users\Moises\Downloads\Compressed\sourcemod-1.11.0-git6968-windows\addons\sourcemod\scripting\ÒankrunFixhealth.sp::Event_PlayerDeath
L 03/27/2026 - 19:54:04: [SM] Exception reported: Invalid timer handle 3d60058b (error 3)
L 03/27/2026 - 19:54:04: [SM] Blaming: l4d2_playerjoining_v2.smx
L 03/27/2026 - 19:54:04: [SM] Call stack trace:
L 03/27/2026 - 19:54:04: [SM]   [0] KillTimer
L 03/27/2026 - 19:54:04: [SM]   [1] Line 53, C:\Users\Moises\Downloads\Compressed\sourcemod-1.11.0-git6968-windows\addons\sourcemod\scripting\l4d2_playerjoining_v2.sp::OnClientDisconnect
L 03/27/2026 - 19:54:06: [SM] Exception reported: Invalid timer handle e51005e0 (error 3)
L 03/27/2026 - 19:54:06: [SM] Blaming: l4d2_playerjoining_v2.smx
L 03/27/2026 - 19:54:06: [SM] Call stack trace:
L 03/27/2026 - 19:54:06: [SM]   [0] KillTimer
L 03/27/2026 - 19:54:06: [SM]   [1] Line 53, C:\Users\Moises\Downloads\Compressed\sourcemod-1.11.0-git6968-windows\addons\sourcemod\scripting\l4d2_playerjoining_v2.sp::OnClientDisconnect
L 03/27/2026 - 19:54:06: [SM] Exception reported: Invalid convar handle 0 (error 4)
L 03/27/2026 - 19:54:06: [SM] Blaming: ÒankrunFixhealth.smx
L 03/27/2026 - 19:54:06: [SM] Call stack trace:
L 03/27/2026 - 19:54:06: [SM]   [0] GetConVarString
L 03/27/2026 - 19:54:06: [SM]   [1] Line 138, C:\Users\Moises\Downloads\Compressed\sourcemod-1.11.0-git6968-windows\addons\sourcemod\scripting\ÒankrunFixhealth.sp::IsTankRunActive
L 03/27/2026 - 19:54:06: [SM]   [2] Line 36, C:\Users\Moises\Downloads\Compressed\sourcemod-1.11.0-git6968-windows\addons\sourcemod\scripting\ÒankrunFixhealth.sp::Timer_PeriodicCheck
L 03/27/2026 - 19:54:08: [SM] Exception reported: Invalid convar handle 0 (error 4)
L 03/27/2026 - 19:54:08: [SM] Blaming: ÒankrunFixhealth.smx
L 03/27/2026 - 19:54:08: [SM] Call stack trace:
L 03/27/2026 - 19:54:08: [SM]   [0] GetConVarString
L 03/27/2026 - 19:54:08: [SM]   [1] Line 138, C:\Users\Moises\Downloads\Compressed\sourcemod-1.11.0-git6968-windows\addons\sourcemod\scripting\ÒankrunFixhealth.sp::IsTankRunActive
L 03/27/2026 - 19:54:08: [SM]   [2] Line 79, C:\Users\Moises\Downloads\Compressed\sourcemod-1.11.0-git6968-windows\addons\sourcemod\scripting\ÒankrunFixhealth.sp::Event_PlayerDeath
L 03/27/2026 - 19:54:16: [SM] Exception reported: Invalid convar handle 0 (error 4)
L 03/27/2026 - 19:54:16: [SM] Blaming: ÒankrunFixhealth.smx
L 03/27/2026 - 19:54:16: [SM] Call stack trace:
L 03/27/2026 - 19:54:16: [SM]   [0] GetConVarString
L 03/27/2026 - 19:54:16: [SM]   [1] Line 138, C:\Users\Moises\Downloads\Compressed\sourcemod-1.11.0-git6968-windows\addons\sourcemod\scripting\ÒankrunFixhealth.sp::IsTankRunActive
L 03/27/2026 - 19:54:16: [SM]   [2] Line 36, C:\Users\Moises\Downloads\Compressed\sourcemod-1.11.0-git6968-windows\addons\sourcemod\scripting\ÒankrunFixhealth.sp::Timer_PeriodicCheck
L 03/27/2026 - 19:54:23: [SM] Exception reported: Language phrase "Please wait to be revived or rescued" not found (arg 6)
L 03/27/2026 - 19:54:23: [SM] Blaming: l4dmultislots.smx
L 03/27/2026 - 19:54:23: [SM] Call stack trace:
L 03/27/2026 - 19:54:23: [SM]   [0] PrintToChat
L 03/27/2026 - 19:54:23: [SM]   [1] Line 953, d:\Github\Private-Work\L4D2-Êèí‰ª∂\scripting_1.11\l4dmultislots.sp::Timer_SpecCheck
L 03/27/2026 - 19:54:26: [SM] Exception reported: Invalid convar handle 0 (error 4)
L 03/27/2026 - 19:54:26: [SM] Blaming: ÒankrunFixhealth.smx
L 03/27/2026 - 19:54:26: [SM] Call stack trace:
L 03/27/2026 - 19:54:26: [SM]   [0] GetConVarString
L 03/27/2026 - 19:54:26: [SM]   [1] Line 138, C:\Users\Moises\Downloads\Compressed\sourcemod-1.11.0-git6968-windows\addons\sourcemod\scripting\ÒankrunFixhealth.sp::IsTankRunActive
L 03/27/2026 - 19:54:26: [SM]   [2] Line 36, C:\Users\Moises\Downloads\Compressed\sourcemod-1.11.0-git6968-windows\addons\sourcemod\scripting\ÒankrunFixhealth.sp::Timer_PeriodicCheck
L 03/27/2026 - 19:54:28: [SM] Exception reported: Invalid convar handle 0 (error 4)
L 03/27/2026 - 19:54:28: [SM] Blaming: ÒankrunFixhealth.smx
L 03/27/2026 - 19:54:28: [SM] Call stack trace:
L 03/27/2026 - 19:54:28: [SM]   [0] GetConVarString
L 03/27/2026 - 19:54:28: [SM]   [1] Line 138, C:\Users\Moises\Downloads\Compressed\sourcemod-1.11.0-git6968-windows\addons\sourcemod\scripting\ÒankrunFixhealth.sp::IsTankRunActive
L 03/27/2026 - 19:54:28: [SM]   [2] Line 79, C:\Users\Moises\Downloads\Compressed\sourcemod-1.11.0-git6968-windows\addons\sourcemod\scripting\ÒankrunFixhealth.sp::Event_PlayerDeath
L 03/27/2026 - 19:54:32: [SM] Exception reported: Invalid convar handle 0 (error 4)
L 03/27/2026 - 19:54:32: [SM] Blaming: ÒankrunFixhealth.smx
L 03/27/2026 - 19:54:32: [SM] Call stack trace:
L 03/27/2026 - 19:54:32: [SM]   [0] GetConVarString
L 03/27/2026 - 19:54:32: [SM]   [1] Line 138, C:\Users\Moises\Downloads\Compressed\sourcemod-1.11.0-git6968-windows\addons\sourcemod\scripting\ÒankrunFixhealth.sp::IsTankRunActive
L 03/27/2026 - 19:54:32: [SM]   [2] Line 79, C:\Users\Moises\Downloads\Compressed\sourcemod-1.11.0-git6968-windows\addons\sourcemod\scripting\ÒankrunFixhealth.sp::Event_PlayerDeath
L 03/27/2026 - 19:54:35: [SM] Exception reported: Invalid timer handle 1b4005e0 (error 3)
L 03/27/2026 - 19:54:35: [SM] Blaming: l4d2_playerjoining_v2.smx
L 03/27/2026 - 19:54:35: [SM] Call stack trace:
L 03/27/2026 - 19:54:35: [SM]   [0] KillTimer
L 03/27/2026 - 19:54:35: [SM]   [1] Line 53, C:\Users\Moises\Downloads\Compressed\sourcemod-1.11.0-git6968-windows\addons\sourcemod\scripting\l4d2_playerjoining_v2.sp::OnClientDisconnect
L 03/27/2026 - 19:54:36: [SM] Exception reported: Invalid convar handle 0 (error 4)
L 03/27/2026 - 19:54:36: [SM] Blaming: ÒankrunFixhealth.smx
L 03/27/2026 - 19:54:36: [SM] Call stack trace:
L 03/27/2026 - 19:54:36: [SM]   [0] GetConVarString
L 03/27/2026 - 19:54:36: [SM]   [1] Line 138, C:\Users\Moises\Downloads\Compressed\sourcemod-1.11.0-git6968-windows\addons\sourcemod\scripting\ÒankrunFixhealth.sp::IsTankRunActive
L 03/27/2026 - 19:54:36: [SM]   [2] Line 36, C:\Users\Moises\Downloads\Compressed\sourcemod-1.11.0-git6968-windows\addons\sourcemod\scripting\ÒankrunFixhealth.sp::Timer_PeriodicCheck
L 03/27/2026 - 19:54:46: [SM] Exception reported: Invalid convar handle 0 (error 4)
L 03/27/2026 - 19:54:46: [SM] Blaming: ÒankrunFixhealth.smx
L 03/27/2026 - 19:54:46: [SM] Call stack trace:
L 03/27/2026 - 19:54:46: [SM]   [0] GetConVarString
L 03/27/2026 - 19:54:46: [SM]   [1] Line 138, C:\Users\Moises\Downloads\Compressed\sourcemod-1.11.0-git6968-windows\addons\sourcemod\scripting\ÒankrunFixhealth.sp::IsTankRunActive
L 03/27/2026 - 19:54:46: [SM]   [2] Line 36, C:\Users\Moises\Downloads\Compressed\sourcemod-1.11.0-git6968-windows\addons\sourcemod\scripting\ÒankrunFixhealth.sp::Timer_PeriodicCheck
L 03/27/2026 - 19:54:48: [SM] Exception reported: Language phrase "Please wait to be revived or rescued" not found (arg 6)
L 03/27/2026 - 19:54:48: [SM] Blaming: l4dmultislots.smx
L 03/27/2026 - 19:54:48: [SM] Call stack trace:
L 03/27/2026 - 19:54:48: [SM]   [0] PrintToChat
L 03/27/2026 - 19:54:48: [SM]   [1] Line 953, d:\Github\Private-Work\L4D2-Êèí‰ª∂\scripting_1.11\l4dmultislots.sp::Timer_SpecCheck
L 03/27/2026 - 19:54:55: [SM] Exception reported: Invalid convar handle 0 (error 4)
L 03/27/2026 - 19:54:55: [SM] Blaming: ÒankrunFixhealth.smx
L 03/27/2026 - 19:54:55: [SM] Call stack trace:
L 03/27/2026 - 19:54:55: [SM]   [0] GetConVarString
L 03/27/2026 - 19:54:55: [SM]   [1] Line 138, C:\Users\Moises\Downloads\Compressed\sourcemod-1.11.0-git6968-windows\addons\sourcemod\scripting\ÒankrunFixhealth.sp::IsTankRunActive
L 03/27/2026 - 19:54:55: [SM]   [2] Line 79, C:\Users\Moises\Downloads\Compressed\sourcemod-1.11.0-git6968-windows\addons\sourcemod\scripting\ÒankrunFixhealth.sp::Event_PlayerDeath
L 03/27/2026 - 19:54:56: [SM] Exception reported: Invalid convar handle 0 (error 4)
L 03/27/2026 - 19:54:56: [SM] Blaming: ÒankrunFixhealth.smx
L 03/27/2026 - 19:54:56: [SM] Call stack trace:
L 03/27/2026 - 19:54:56: [SM]   [0] GetConVarString
L 03/27/2026 - 19:54:56: [SM]   [1] Line 138, C:\Users\Moises\Downloads\Compressed\sourcemod-1.11.0-git6968-windows\addons\sourcemod\scripting\ÒankrunFixhealth.sp::IsTankRunActive
L 03/27/2026 - 19:54:56: [SM]   [2] Line 36, C:\Users\Moises\Downloads\Compressed\sourcemod-1.11.0-git6968-windows\addons\sourcemod\scripting\ÒankrunFixhealth.sp::Timer_PeriodicCheck
L 03/27/2026 - 19:54:58: [SM] Exception reported: Invalid convar handle 0 (error 4)
L 03/27/2026 - 19:54:58: [SM] Blaming: ÒankrunFixhealth.smx
L 03/27/2026 - 19:54:58: [SM] Call stack trace:
L 03/27/2026 - 19:54:58: [SM]   [0] GetConVarString
L 03/27/2026 - 19:54:58: [SM]   [1] Line 138, C:\Users\Moises\Downloads\Compressed\sourcemod-1.11.0-git6968-windows\addons\sourcemod\scripting\ÒankrunFixhealth.sp::IsTankRunActive
L 03/27/2026 - 19:54:58: [SM]   [2] Line 79, C:\Users\Moises\Downloads\Compressed\sourcemod-1.11.0-git6968-windows\addons\sourcemod\scripting\ÒankrunFixhealth.sp::Event_PlayerDeath
L 03/27/2026 - 19:54:59: [SM] Exception reported: Invalid convar handle 0 (error 4)
L 03/27/2026 - 19:54:59: [SM] Blaming: ÒankrunFixhealth.smx
L 03/27/2026 - 19:54:59: [SM] Call stack trace:
L 03/27/2026 - 19:54:59: [SM]   [0] GetConVarString
L 03/27/2026 - 19:54:59: [SM]   [1] Line 138, C:\Users\Moises\Downloads\Compressed\sourcemod-1.11.0-git6968-windows\addons\sourcemod\scripting\ÒankrunFixhealth.sp::IsTankRunActive
L 03/27/2026 - 19:54:59: [SM]   [2] Line 79, C:\Users\Moises\Downloads\Compressed\sourcemod-1.11.0-git6968-windows\addons\sourcemod\scripting\ÒankrunFixhealth.sp::Event_PlayerDeath
L 03/27/2026 - 19:55:04: [SM] Exception reported: Property "m_vecAngularVelocity" not found (entity 456/weapon_smg)
L 03/27/2026 - 19:55:04: [SM] Blaming: l4d2_tank_core v4_5.smx
L 03/27/2026 - 19:55:04: [SM] Call stack trace:
L 03/27/2026 - 19:55:04: [SM]   [0] SetEntPropVector
L 03/27/2026 - 19:55:04: [SM]   [1] Line 650, D:\SteamLibrary\steamapps\common\Left 4 Dead 2\left4dead2\addons\sourcemod\scripting\l4d2_tank_core v4_5.sp::DropItemsPhysically
L 03/27/2026 - 19:55:04: [SM]   [2] Line 549, D:\SteamLibrary\steamapps\common\Left 4 Dead 2\left4dead2\addons\sourcemod\scripting\l4d2_tank_core v4_5.sp::Event_PlayerHurt
L 03/27/2026 - 19:55:06: [SM] Exception reported: Invalid convar handle 0 (error 4)
L 03/27/2026 - 19:55:06: [SM] Blaming: ÒankrunFixhealth.smx
L 03/27/2026 - 19:55:06: [SM] Call stack trace:
L 03/27/2026 - 19:55:06: [SM]   [0] GetConVarString
L 03/27/2026 - 19:55:06: [SM]   [1] Line 138, C:\Users\Moises\Downloads\Compressed\sourcemod-1.11.0-git6968-windows\addons\sourcemod\scripting\ÒankrunFixhealth.sp::IsTankRunActive
L 03/27/2026 - 19:55:06: [SM]   [2] Line 36, C:\Users\Moises\Downloads\Compressed\sourcemod-1.11.0-git6968-windows\addons\sourcemod\scripting\ÒankrunFixhealth.sp::Timer_PeriodicCheck
L 03/27/2026 - 19:55:11: [SM] Exception reported: Invalid convar handle 0 (error 4)
L 03/27/2026 - 19:55:11: [SM] Blaming: ÒankrunFixhealth.smx
L 03/27/2026 - 19:55:11: [SM] Call stack trace:
L 03/27/2026 - 19:55:11: [SM]   [0] GetConVarString
L 03/27/2026 - 19:55:11: [SM]   [1] Line 138, C:\Users\Moises\Downloads\Compressed\sourcemod-1.11.0-git6968-windows\addons\sourcemod\scripting\ÒankrunFixhealth.sp::IsTankRunActive
L 03/27/2026 - 19:55:11: [SM]   [2] Line 79, C:\Users\Moises\Downloads\Compressed\sourcemod-1.11.0-git6968-windows\addons\sourcemod\scripting\ÒankrunFixhealth.sp::Event_PlayerDeath
L 03/27/2026 - 19:55:13: [SM] Exception reported: Language phrase "Please wait to be revived or rescued" not found (arg 6)
L 03/27/2026 - 19:55:13: [SM] Blaming: l4dmultislots.smx
L 03/27/2026 - 19:55:13: [SM] Call stack trace:
L 03/27/2026 - 19:55:13: [SM]   [0] PrintToChat
L 03/27/2026 - 19:55:13: [SM]   [1] Line 953, d:\Github\Private-Work\L4D2-Êèí‰ª∂\scripting_1.11\l4dmultislots.sp::Timer_SpecCheck
L 03/27/2026 - 19:55:16: [SM] Exception reported: Invalid convar handle 0 (error 4)
L 03/27/2026 - 19:55:16: [SM] Blaming: ÒankrunFixhealth.smx
L 03/27/2026 - 19:55:16: [SM] Call stack trace:
L 03/27/2026 - 19:55:16: [SM]   [0] GetConVarString
L 03/27/2026 - 19:55:16: [SM]   [1] Line 138, C:\Users\Moises\Downloads\Compressed\sourcemod-1.11.0-git6968-windows\addons\sourcemod\scripting\ÒankrunFixhealth.sp::IsTankRunActive
L 03/27/2026 - 19:55:16: [SM]   [2] Line 36, C:\Users\Moises\Downloads\Compressed\sourcemod-1.11.0-git6968-windows\addons\sourcemod\scripting\ÒankrunFixhealth.sp::Timer_PeriodicCheck
L 03/27/2026 - 19:55:17: [SM] Exception reported: Invalid convar handle 0 (error 4)
L 03/27/2026 - 19:55:17: [SM] Blaming: ÒankrunFixhealth.smx
L 03/27/2026 - 19:55:17: [SM] Call stack trace:
L 03/27/2026 - 19:55:17: [SM]   [0] GetConVarString
L 03/27/2026 - 19:55:17: [SM]   [1] Line 138, C:\Users\Moises\Downloads\Compressed\sourcemod-1.11.0-git6968-windows\addons\sourcemod\scripting\ÒankrunFixhealth.sp::IsTankRunActive
L 03/27/2026 - 19:55:17: [SM]   [2] Line 79, C:\Users\Moises\Downloads\Compressed\sourcemod-1.11.0-git6968-windows\addons\sourcemod\scripting\ÒankrunFixhealth.sp::Event_PlayerDeath
L 03/27/2026 - 19:55:26: [SM] Exception reported: Invalid convar handle 0 (error 4)
L 03/27/2026 - 19:55:26: [SM] Blaming: ÒankrunFixhealth.smx
L 03/27/2026 - 19:55:26: [SM] Call stack trace:
L 03/27/2026 - 19:55:26: [SM]   [0] GetConVarString
L 03/27/2026 - 19:55:26: [SM]   [1] Line 138, C:\Users\Moises\Downloads\Compressed\sourcemod-1.11.0-git6968-windows\addons\sourcemod\scripting\ÒankrunFixhealth.sp::IsTankRunActive
L 03/27/2026 - 19:55:26: [SM]   [2] Line 36, C:\Users\Moises\Downloads\Compressed\sourcemod-1.11.0-git6968-windows\addons\sourcemod\scripting\ÒankrunFixhealth.sp::Timer_PeriodicCheck
L 03/27/2026 - 19:55:28: [SM] Exception reported: Property "m_vecAngularVelocity" not found (entity 625/weapon_smg)
L 03/27/2026 - 19:55:28: [SM] Blaming: l4d2_tank_core v4_5.smx
L 03/27/2026 - 19:55:28: [SM] Call stack trace:
L 03/27/2026 - 19:55:28: [SM]   [0] SetEntPropVector
L 03/27/2026 - 19:55:28: [SM]   [1] Line 650, D:\SteamLibrary\steamapps\common\Left 4 Dead 2\left4dead2\addons\sourcemod\scripting\l4d2_tank_core v4_5.sp::DropItemsPhysically
L 03/27/2026 - 19:55:28: [SM]   [2] Line 549, D:\SteamLibrary\steamapps\common\Left 4 Dead 2\left4dead2\addons\sourcemod\scripting\l4d2_tank_core v4_5.sp::Event_PlayerHurt
L 03/27/2026 - 19:55:28: [SM] Exception reported: Invalid convar handle 0 (error 4)
L 03/27/2026 - 19:55:28: [SM] Blaming: ÒankrunFixhealth.smx
L 03/27/2026 - 19:55:28: [SM] Call stack trace:
L 03/27/2026 - 19:55:28: [SM]   [0] GetConVarString
L 03/27/2026 - 19:55:28: [SM]   [1] Line 138, C:\Users\Moises\Downloads\Compressed\sourcemod-1.11.0-git6968-windows\addons\sourcemod\scripting\ÒankrunFixhealth.sp::IsTankRunActive
L 03/27/2026 - 19:55:28: [SM]   [2] Line 79, C:\Users\Moises\Downloads\Compressed\sourcemod-1.11.0-git6968-windows\addons\sourcemod\scripting\ÒankrunFixhealth.sp::Event_PlayerDeath
L 03/27/2026 - 19:55:30: [SM] Exception reported: Invalid convar handle 0 (error 4)
L 03/27/2026 - 19:55:30: [SM] Blaming: ÒankrunFixhealth.smx
L 03/27/2026 - 19:55:30: [SM] Call stack trace:
L 03/27/2026 - 19:55:30: [SM]   [0] GetConVarString
L 03/27/2026 - 19:55:30: [SM]   [1] Line 138, C:\Users\Moises\Downloads\Compressed\sourcemod-1.11.0-git6968-windows\addons\sourcemod\scripting\ÒankrunFixhealth.sp::IsTankRunActive
L 03/27/2026 - 19:55:30: [SM]   [2] Line 79, C:\Users\Moises\Downloads\Compressed\sourcemod-1.11.0-git6968-windows\addons\sourcemod\scripting\ÒankrunFixhealth.sp::Event_PlayerDeath
L 03/27/2026 - 19:55:36: [SM] Exception reported: Invalid convar handle 0 (error 4)
L 03/27/2026 - 19:55:36: [SM] Blaming: ÒankrunFixhealth.smx
L 03/27/2026 - 19:55:36: [SM] Call stack trace:
L 03/27/2026 - 19:55:36: [SM]   [0] GetConVarString
L 03/27/2026 - 19:55:36: [SM]   [1] Line 138, C:\Users\Moises\Downloads\Compressed\sourcemod-1.11.0-git6968-windows\addons\sourcemod\scripting\ÒankrunFixhealth.sp::IsTankRunActive
L 03/27/2026 - 19:55:36: [SM]   [2] Line 36, C:\Users\Moises\Downloads\Compressed\sourcemod-1.11.0-git6968-windows\addons\sourcemod\scripting\ÒankrunFixhealth.sp::Timer_PeriodicCheck
L 03/27/2026 - 19:55:37: [SM] Exception reported: Invalid timer handle d300058e (error 1)
L 03/27/2026 - 19:55:37: [SM] Blaming: l4d2_playerjoining_v2.smx
L 03/27/2026 - 19:55:37: [SM] Call stack trace:
L 03/27/2026 - 19:55:37: [SM]   [0] KillTimer
L 03/27/2026 - 19:55:37: [SM]   [1] Line 53, C:\Users\Moises\Downloads\Compressed\sourcemod-1.11.0-git6968-windows\addons\sourcemod\scripting\l4d2_playerjoining_v2.sp::OnClientDisconnect
L 03/27/2026 - 19:55:38: [SM] Exception reported: Language phrase "Please wait to be revived or rescued" not found (arg 6)
L 03/27/2026 - 19:55:38: [SM] Blaming: l4dmultislots.smx
L 03/27/2026 - 19:55:38: [SM] Call stack trace:
L 03/27/2026 - 19:55:38: [SM]   [0] PrintToChat
L 03/27/2026 - 19:55:38: [SM]   [1] Line 953, d:\Github\Private-Work\L4D2-Êèí‰ª∂\scripting_1.11\l4dmultislots.sp::Timer_SpecCheck
L 03/27/2026 - 19:55:46: [SM] Exception reported: Invalid convar handle 0 (error 4)
L 03/27/2026 - 19:55:46: [SM] Blaming: ÒankrunFixhealth.smx
L 03/27/2026 - 19:55:46: [SM] Call stack trace:
L 03/27/2026 - 19:55:46: [SM]   [0] GetConVarString
L 03/27/2026 - 19:55:46: [SM]   [1] Line 138, C:\Users\Moises\Downloads\Compressed\sourcemod-1.11.0-git6968-windows\addons\sourcemod\scripting\ÒankrunFixhealth.sp::IsTankRunActive
L 03/27/2026 - 19:55:46: [SM]   [2] Line 36, C:\Users\Moises\Downloads\Compressed\sourcemod-1.11.0-git6968-windows\addons\sourcemod\scripting\ÒankrunFixhealth.sp::Timer_PeriodicCheck
L 03/27/2026 - 19:55:54: [SM] Exception reported: Invalid convar handle 0 (error 4)
L 03/27/2026 - 19:55:54: [SM] Blaming: ÒankrunFixhealth.smx
L 03/27/2026 - 19:55:54: [SM] Call stack trace:
L 03/27/2026 - 19:55:54: [SM]   [0] GetConVarString
L 03/27/2026 - 19:55:54: [SM]   [1] Line 138, C:\Users\Moises\Downloads\Compressed\sourcemod-1.11.0-git6968-windows\addons\sourcemod\scripting\ÒankrunFixhealth.sp::IsTankRunActive
L 03/27/2026 - 19:55:54: [SM]   [2] Line 79, C:\Users\Moises\Downloads\Compressed\sourcemod-1.11.0-git6968-windows\addons\sourcemod\scripting\ÒankrunFixhealth.sp::Event_PlayerDeath
L 03/27/2026 - 19:55:56: [SM] Exception reported: Invalid convar handle 0 (error 4)
L 03/27/2026 - 19:55:56: [SM] Blaming: ÒankrunFixhealth.smx
L 03/27/2026 - 19:55:56: [SM] Call stack trace:
L 03/27/2026 - 19:55:56: [SM]   [0] GetConVarString
L 03/27/2026 - 19:55:56: [SM]   [1] Line 138, C:\Users\Moises\Downloads\Compressed\sourcemod-1.11.0-git6968-windows\addons\sourcemod\scripting\ÒankrunFixhealth.sp::IsTankRunActive
L 03/27/2026 - 19:55:56: [SM]   [2] Line 36, C:\Users\Moises\Downloads\Compressed\sourcemod-1.11.0-git6968-windows\addons\sourcemod\scripting\ÒankrunFixhealth.sp::Timer_PeriodicCheck
L 03/27/2026 - 19:56:02: [SM] Exception reported: Invalid convar handle 0 (error 4)
L 03/27/2026 - 19:56:02: [SM] Blaming: ÒankrunFixhealth.smx
L 03/27/2026 - 19:56:02: [SM] Call stack trace:
L 03/27/2026 - 19:56:02: [SM]   [0] GetConVarString
L 03/27/2026 - 19:56:02: [SM]   [1] Line 138, C:\Users\Moises\Downloads\Compressed\sourcemod-1.11.0-git6968-windows\addons\sourcemod\scripting\ÒankrunFixhealth.sp::IsTankRunActive
L 03/27/2026 - 19:56:02: [SM]   [2] Line 79, C:\Users\Moises\Downloads\Compressed\sourcemod-1.11.0-git6968-windows\addons\sourcemod\scripting\ÒankrunFixhealth.sp::Event_PlayerDeath
L 03/27/2026 - 19:56:03: [SM] Exception reported: Language phrase "Please wait to be revived or rescued" not found (arg 6)
L 03/27/2026 - 19:56:03: [SM] Blaming: l4dmultislots.smx
L 03/27/2026 - 19:56:03: [SM] Call stack trace:
L 03/27/2026 - 19:56:03: [SM]   [0] PrintToChat
L 03/27/2026 - 19:56:03: [SM]   [1] Line 953, d:\Github\Private-Work\L4D2-Êèí‰ª∂\scripting_1.11\l4dmultislots.sp::Timer_SpecCheck
L 03/27/2026 - 19:56:06: [SM] Exception reported: Invalid convar handle 0 (error 4)
L 03/27/2026 - 19:56:06: [SM] Blaming: ÒankrunFixhealth.smx
L 03/27/2026 - 19:56:06: [SM] Call stack trace:
L 03/27/2026 - 19:56:06: [SM]   [0] GetConVarString
L 03/27/2026 - 19:56:06: [SM]   [1] Line 138, C:\Users\Moises\Downloads\Compressed\sourcemod-1.11.0-git6968-windows\addons\sourcemod\scripting\ÒankrunFixhealth.sp::IsTankRunActive
L 03/27/2026 - 19:56:06: [SM]   [2] Line 36, C:\Users\Moises\Downloads\Compressed\sourcemod-1.11.0-git6968-windows\addons\sourcemod\scripting\ÒankrunFixhealth.sp::Timer_PeriodicCheck
L 03/27/2026 - 19:56:16: [SM] Exception reported: Invalid convar handle 0 (error 4)
L 03/27/2026 - 19:56:16: [SM] Blaming: ÒankrunFixhealth.smx
L 03/27/2026 - 19:56:16: [SM] Call stack trace:
L 03/27/2026 - 19:56:16: [SM]   [0] GetConVarString
L 03/27/2026 - 19:56:16: [SM]   [1] Line 138, C:\Users\Moises\Downloads\Compressed\sourcemod-1.11.0-git6968-windows\addons\sourcemod\scripting\ÒankrunFixhealth.sp::IsTankRunActive
L 03/27/2026 - 19:56:16: [SM]   [2] Line 36, C:\Users\Moises\Downloads\Compressed\sourcemod-1.11.0-git6968-windows\addons\sourcemod\scripting\ÒankrunFixhealth.sp::Timer_PeriodicCheck
L 03/27/2026 - 19:56:20: [SM] Exception reported: Property "m_vecAngularVelocity" not found (entity 611/weapon_smg)
L 03/27/2026 - 19:56:20: [SM] Blaming: l4d2_tank_core v4_5.smx
L 03/27/2026 - 19:56:20: [SM] Call stack trace:
L 03/27/2026 - 19:56:20: [SM]   [0] SetEntPropVector
L 03/27/2026 - 19:56:20: [SM]   [1] Line 650, D:\SteamLibrary\steamapps\common\Left 4 Dead 2\left4dead2\addons\sourcemod\scripting\l4d2_tank_core v4_5.sp::DropItemsPhysically
L 03/27/2026 - 19:56:20: [SM]   [2] Line 549, D:\SteamLibrary\steamapps\common\Left 4 Dead 2\left4dead2\addons\sourcemod\scripting\l4d2_tank_core v4_5.sp::Event_PlayerHurt
L 03/27/2026 - 19:56:26: [SM] Exception reported: Property "m_vecAngularVelocity" not found (entity 610/weapon_pistol)
L 03/27/2026 - 19:56:26: [SM] Blaming: l4d2_tank_core v4_5.smx
L 03/27/2026 - 19:56:26: [SM] Call stack trace:
L 03/27/2026 - 19:56:26: [SM]   [0] SetEntPropVector
L 03/27/2026 - 19:56:26: [SM]   [1] Line 650, D:\SteamLibrary\steamapps\common\Left 4 Dead 2\left4dead2\addons\sourcemod\scripting\l4d2_tank_core v4_5.sp::DropItemsPhysically
L 03/27/2026 - 19:56:26: [SM]   [2] Line 549, D:\SteamLibrary\steamapps\common\Left 4 Dead 2\left4dead2\addons\sourcemod\scripting\l4d2_tank_core v4_5.sp::Event_PlayerHurt
L 03/27/2026 - 19:56:26: [SM] Exception reported: Invalid convar handle 0 (error 4)
L 03/27/2026 - 19:56:26: [SM] Blaming: ÒankrunFixhealth.smx
L 03/27/2026 - 19:56:26: [SM] Call stack trace:
L 03/27/2026 - 19:56:26: [SM]   [0] GetConVarString
L 03/27/2026 - 19:56:26: [SM]   [1] Line 138, C:\Users\Moises\Downloads\Compressed\sourcemod-1.11.0-git6968-windows\addons\sourcemod\scripting\ÒankrunFixhealth.sp::IsTankRunActive
L 03/27/2026 - 19:56:26: [SM]   [2] Line 79, C:\Users\Moises\Downloads\Compressed\sourcemod-1.11.0-git6968-windows\addons\sourcemod\scripting\ÒankrunFixhealth.sp::Event_PlayerDeath
L 03/27/2026 - 19:56:26: [SM] Exception reported: Invalid convar handle 0 (error 4)
L 03/27/2026 - 19:56:26: [SM] Blaming: ÒankrunFixhealth.smx
L 03/27/2026 - 19:56:26: [SM] Call stack trace:
L 03/27/2026 - 19:56:26: [SM]   [0] GetConVarString
L 03/27/2026 - 19:56:26: [SM]   [1] Line 138, C:\Users\Moises\Downloads\Compressed\sourcemod-1.11.0-git6968-windows\addons\sourcemod\scripting\ÒankrunFixhealth.sp::IsTankRunActive
L 03/27/2026 - 19:56:26: [SM]   [2] Line 79, C:\Users\Moises\Downloads\Compressed\sourcemod-1.11.0-git6968-windows\addons\sourcemod\scripting\ÒankrunFixhealth.sp::Event_PlayerDeath
L 03/27/2026 - 19:56:26: [SM] Exception reported: Invalid convar handle 0 (error 4)
L 03/27/2026 - 19:56:26: [SM] Blaming: ÒankrunFixhealth.smx
L 03/27/2026 - 19:56:26: [SM] Call stack trace:
L 03/27/2026 - 19:56:26: [SM]   [0] GetConVarString
L 03/27/2026 - 19:56:26: [SM]   [1] Line 138, C:\Users\Moises\Downloads\Compressed\sourcemod-1.11.0-git6968-windows\addons\sourcemod\scripting\ÒankrunFixhealth.sp::IsTankRunActive
L 03/27/2026 - 19:56:26: [SM]   [2] Line 36, C:\Users\Moises\Downloads\Compressed\sourcemod-1.11.0-git6968-windows\addons\sourcemod\scripting\ÒankrunFixhealth.sp::Timer_PeriodicCheck
L 03/27/2026 - 19:56:28: [SM] Exception reported: Language phrase "Please wait to be revived or rescued" not found (arg 6)
L 03/27/2026 - 19:56:28: [SM] Blaming: l4dmultislots.smx
L 03/27/2026 - 19:56:28: [SM] Call stack trace:
L 03/27/2026 - 19:56:28: [SM]   [0] PrintToChat
L 03/27/2026 - 19:56:28: [SM]   [1] Line 953, d:\Github\Private-Work\L4D2-Êèí‰ª∂\scripting_1.11\l4dmultislots.sp::Timer_SpecCheck
L 03/27/2026 - 19:56:36: [SM] Exception reported: Invalid convar handle 0 (error 4)
L 03/27/2026 - 19:56:36: [SM] Blaming: ÒankrunFixhealth.smx
L 03/27/2026 - 19:56:36: [SM] Call stack trace:
L 03/27/2026 - 19:56:36: [SM]   [0] GetConVarString
L 03/27/2026 - 19:56:36: [SM]   [1] Line 138, C:\Users\Moises\Downloads\Compressed\sourcemod-1.11.0-git6968-windows\addons\sourcemod\scripting\ÒankrunFixhealth.sp::IsTankRunActive
L 03/27/2026 - 19:56:36: [SM]   [2] Line 36, C:\Users\Moises\Downloads\Compressed\sourcemod-1.11.0-git6968-windows\addons\sourcemod\scripting\ÒankrunFixhealth.sp::Timer_PeriodicCheck
L 03/27/2026 - 19:56:46: [SM] Exception reported: Invalid convar handle 0 (error 4)
L 03/27/2026 - 19:56:46: [SM] Blaming: ÒankrunFixhealth.smx
L 03/27/2026 - 19:56:46: [SM] Call stack trace:
L 03/27/2026 - 19:56:46: [SM]   [0] GetConVarString
L 03/27/2026 - 19:56:46: [SM]   [1] Line 138, C:\Users\Moises\Downloads\Compressed\sourcemod-1.11.0-git6968-windows\addons\sourcemod\scripting\ÒankrunFixhealth.sp::IsTankRunActive
L 03/27/2026 - 19:56:46: [SM]   [2] Line 36, C:\Users\Moises\Downloads\Compressed\sourcemod-1.11.0-git6968-windows\addons\sourcemod\scripting\ÒankrunFixhealth.sp::Timer_PeriodicCheck
L 03/27/2026 - 19:56:49: [SM] Exception reported: Property "m_vecAngularVelocity" not found (entity 659/weapon_smg)
L 03/27/2026 - 19:56:49: [SM] Blaming: l4d2_tank_core v4_5.smx
L 03/27/2026 - 19:56:49: [SM] Call stack trace:
L 03/27/2026 - 19:56:49: [SM]   [0] SetEntPropVector
L 03/27/2026 - 19:56:49: [SM]   [1] Line 650, D:\SteamLibrary\steamapps\common\Left 4 Dead 2\left4dead2\addons\sourcemod\scripting\l4d2_tank_core v4_5.sp::DropItemsPhysically
L 03/27/2026 - 19:56:49: [SM]   [2] Line 549, D:\SteamLibrary\steamapps\common\Left 4 Dead 2\left4dead2\addons\sourcemod\scripting\l4d2_tank_core v4_5.sp::Event_PlayerHurt
L 03/27/2026 - 19:56:52: [SM] Exception reported: Invalid convar handle 0 (error 4)
L 03/27/2026 - 19:56:52: [SM] Blaming: ÒankrunFixhealth.smx
L 03/27/2026 - 19:56:52: [SM] Call stack trace:
L 03/27/2026 - 19:56:52: [SM]   [0] GetConVarString
L 03/27/2026 - 19:56:52: [SM]   [1] Line 138, C:\Users\Moises\Downloads\Compressed\sourcemod-1.11.0-git6968-windows\addons\sourcemod\scripting\ÒankrunFixhealth.sp::IsTankRunActive
L 03/27/2026 - 19:56:52: [SM]   [2] Line 79, C:\Users\Moises\Downloads\Compressed\sourcemod-1.11.0-git6968-windows\addons\sourcemod\scripting\ÒankrunFixhealth.sp::Event_PlayerDeath
L 03/27/2026 - 19:56:53: [SM] Exception reported: Invalid convar handle 0 (error 4)
L 03/27/2026 - 19:56:53: [SM] Blaming: ÒankrunFixhealth.smx
L 03/27/2026 - 19:56:53: [SM] Call stack trace:
L 03/27/2026 - 19:56:53: [SM]   [0] GetConVarString
L 03/27/2026 - 19:56:53: [SM]   [1] Line 138, C:\Users\Moises\Downloads\Compressed\sourcemod-1.11.0-git6968-windows\addons\sourcemod\scripting\ÒankrunFixhealth.sp::IsTankRunActive
L 03/27/2026 - 19:56:53: [SM]   [2] Line 79, C:\Users\Moises\Downloads\Compressed\sourcemod-1.11.0-git6968-windows\addons\sourcemod\scripting\ÒankrunFixhealth.sp::Event_PlayerDeath
L 03/27/2026 - 19:56:53: [SM] Exception reported: Language phrase "Please wait to be revived or rescued" not found (arg 6)
L 03/27/2026 - 19:56:53: [SM] Blaming: l4dmultislots.smx
L 03/27/2026 - 19:56:53: [SM] Call stack trace:
L 03/27/2026 - 19:56:53: [SM]   [0] PrintToChat
L 03/27/2026 - 19:56:53: [SM]   [1] Line 953, d:\Github\Private-Work\L4D2-Êèí‰ª∂\scripting_1.11\l4dmultislots.sp::Timer_SpecCheck
L 03/27/2026 - 19:56:56: [SM] Exception reported: Invalid convar handle 0 (error 4)
L 03/27/2026 - 19:56:56: [SM] Blaming: ÒankrunFixhealth.smx
L 03/27/2026 - 19:56:56: [SM] Call stack trace:
L 03/27/2026 - 19:56:56: [SM]   [0] GetConVarString
L 03/27/2026 - 19:56:56: [SM]   [1] Line 138, C:\Users\Moises\Downloads\Compressed\sourcemod-1.11.0-git6968-windows\addons\sourcemod\scripting\ÒankrunFixhealth.sp::IsTankRunActive
L 03/27/2026 - 19:56:56: [SM]   [2] Line 36, C:\Users\Moises\Downloads\Compressed\sourcemod-1.11.0-git6968-windows\addons\sourcemod\scripting\ÒankrunFixhealth.sp::Timer_PeriodicCheck
L 03/27/2026 - 19:56:59: [SM] Exception reported: Invalid timer handle 68e005bf (error 3)
L 03/27/2026 - 19:56:59: [SM] Blaming: l4d2_playerjoining_v2.smx
L 03/27/2026 - 19:56:59: [SM] Call stack trace:
L 03/27/2026 - 19:56:59: [SM]   [0] KillTimer
L 03/27/2026 - 19:56:59: [SM]   [1] Line 53, C:\Users\Moises\Downloads\Compressed\sourcemod-1.11.0-git6968-windows\addons\sourcemod\scripting\l4d2_playerjoining_v2.sp::OnClientDisconnect
L 03/27/2026 - 19:57:00: [SM] Exception reported: Invalid convar handle 0 (error 4)
L 03/27/2026 - 19:57:00: [SM] Blaming: ÒankrunFixhealth.smx
L 03/27/2026 - 19:57:00: [SM] Call stack trace:
L 03/27/2026 - 19:57:00: [SM]   [0] GetConVarString
L 03/27/2026 - 19:57:00: [SM]   [1] Line 138, C:\Users\Moises\Downloads\Compressed\sourcemod-1.11.0-git6968-windows\addons\sourcemod\scripting\ÒankrunFixhealth.sp::IsTankRunActive
L 03/27/2026 - 19:57:00: [SM]   [2] Line 79, C:\Users\Moises\Downloads\Compressed\sourcemod-1.11.0-git6968-windows\addons\sourcemod\scripting\ÒankrunFixhealth.sp::Event_PlayerDeath
L 03/27/2026 - 19:57:01: [SM] Exception reported: Invalid convar handle 0 (error 4)
L 03/27/2026 - 19:57:01: [SM] Blaming: ÒankrunFixhealth.smx
L 03/27/2026 - 19:57:01: [SM] Call stack trace:
L 03/27/2026 - 19:57:01: [SM]   [0] GetConVarString
L 03/27/2026 - 19:57:01: [SM]   [1] Line 138, C:\Users\Moises\Downloads\Compressed\sourcemod-1.11.0-git6968-windows\addons\sourcemod\scripting\ÒankrunFixhealth.sp::IsTankRunActive
L 03/27/2026 - 19:57:01: [SM]   [2] Line 79, C:\Users\Moises\Downloads\Compressed\sourcemod-1.11.0-git6968-windows\addons\sourcemod\scripting\ÒankrunFixhealth.sp::Event_PlayerDeath
L 03/27/2026 - 19:57:06: [SM] Exception reported: Invalid convar handle 0 (error 4)
L 03/27/2026 - 19:57:06: [SM] Blaming: ÒankrunFixhealth.smx
L 03/27/2026 - 19:57:06: [SM] Call stack trace:
L 03/27/2026 - 19:57:06: [SM]   [0] GetConVarString
L 03/27/2026 - 19:57:06: [SM]   [1] Line 138, C:\Users\Moises\Downloads\Compressed\sourcemod-1.11.0-git6968-windows\addons\sourcemod\scripting\ÒankrunFixhealth.sp::IsTankRunActive
L 03/27/2026 - 19:57:06: [SM]   [2] Line 36, C:\Users\Moises\Downloads\Compressed\sourcemod-1.11.0-git6968-windows\addons\sourcemod\scripting\ÒankrunFixhealth.sp::Timer_PeriodicCheck
L 03/27/2026 - 19:57:07: [SM] Exception reported: Invalid timer handle 1b4005e0 (error 3)
L 03/27/2026 - 19:57:07: [SM] Blaming: l4d2_playerjoining_v2.smx
L 03/27/2026 - 19:57:07: [SM] Call stack trace:
L 03/27/2026 - 19:57:07: [SM]   [0] KillTimer
L 03/27/2026 - 19:57:07: [SM]   [1] Line 53, C:\Users\Moises\Downloads\Compressed\sourcemod-1.11.0-git6968-windows\addons\sourcemod\scripting\l4d2_playerjoining_v2.sp::OnClientDisconnect
L 03/27/2026 - 19:57:16: [SM] Exception reported: Invalid convar handle 0 (error 4)
L 03/27/2026 - 19:57:16: [SM] Blaming: ÒankrunFixhealth.smx
L 03/27/2026 - 19:57:16: [SM] Call stack trace:
L 03/27/2026 - 19:57:16: [SM]   [0] GetConVarString
L 03/27/2026 - 19:57:16: [SM]   [1] Line 138, C:\Users\Moises\Downloads\Compressed\sourcemod-1.11.0-git6968-windows\addons\sourcemod\scripting\ÒankrunFixhealth.sp::IsTankRunActive
L 03/27/2026 - 19:57:16: [SM]   [2] Line 36, C:\Users\Moises\Downloads\Compressed\sourcemod-1.11.0-git6968-windows\addons\sourcemod\scripting\ÒankrunFixhealth.sp::Timer_PeriodicCheck
L 03/27/2026 - 19:57:18: [SM] Exception reported: Language phrase "Type in chat !join To join the survivors" not found (arg 6)
L 03/27/2026 - 19:57:18: [SM] Blaming: l4dmultislots.smx
L 03/27/2026 - 19:57:18: [SM] Call stack trace:
L 03/27/2026 - 19:57:18: [SM]   [0] VFormat
L 03/27/2026 - 19:57:18: [SM]   [1] Line 71, D:\Github\Private-Work\L4D2-Êèí‰ª∂\scripting_1.11\include\multicolors.inc::CPrintToChat
L 03/27/2026 - 19:57:18: [SM]   [2] Line 938, d:\Github\Private-Work\L4D2-Êèí‰ª∂\scripting_1.11\l4dmultislots.sp::Timer_SpecCheck
L 03/27/2026 - 19:57:21: [SM] Exception reported: Invalid timer handle 1b4005e0 (error 3)
L 03/27/2026 - 19:57:21: [SM] Blaming: l4d2_playerjoining_v2.smx
L 03/27/2026 - 19:57:21: [SM] Call stack trace:
L 03/27/2026 - 19:57:21: [SM]   [0] KillTimer
L 03/27/2026 - 19:57:21: [SM]   [1] Line 53, C:\Users\Moises\Downloads\Compressed\sourcemod-1.11.0-git6968-windows\addons\sourcemod\scripting\l4d2_playerjoining_v2.sp::OnClientDisconnect
L 03/27/2026 - 19:57:26: [SM] Exception reported: Invalid convar handle 0 (error 4)
L 03/27/2026 - 19:57:26: [SM] Blaming: ÒankrunFixhealth.smx
L 03/27/2026 - 19:57:26: [SM] Call stack trace:
L 03/27/2026 - 19:57:26: [SM]   [0] GetConVarString
L 03/27/2026 - 19:57:26: [SM]   [1] Line 138, C:\Users\Moises\Downloads\Compressed\sourcemod-1.11.0-git6968-windows\addons\sourcemod\scripting\ÒankrunFixhealth.sp::IsTankRunActive
L 03/27/2026 - 19:57:26: [SM]   [2] Line 36, C:\Users\Moises\Downloads\Compressed\sourcemod-1.11.0-git6968-windows\addons\sourcemod\scripting\ÒankrunFixhealth.sp::Timer_PeriodicCheck
L 03/27/2026 - 19:57:27: [SM] Exception reported: Invalid convar handle 0 (error 4)
L 03/27/2026 - 19:57:27: [SM] Blaming: ÒankrunFixhealth.smx
L 03/27/2026 - 19:57:27: [SM] Call stack trace:
L 03/27/2026 - 19:57:27: [SM]   [0] GetConVarString
L 03/27/2026 - 19:57:27: [SM]   [1] Line 138, C:\Users\Moises\Downloads\Compressed\sourcemod-1.11.0-git6968-windows\addons\sourcemod\scripting\ÒankrunFixhealth.sp::IsTankRunActive
L 03/27/2026 - 19:57:27: [SM]   [2] Line 79, C:\Users\Moises\Downloads\Compressed\sourcemod-1.11.0-git6968-windows\addons\sourcemod\scripting\ÒankrunFixhealth.sp::Event_PlayerDeath
L 03/27/2026 - 19:57:27: [SM] Exception reported: Invalid convar handle 0 (error 4)
L 03/27/2026 - 19:57:27: [SM] Blaming: ÒankrunFixhealth.smx
L 03/27/2026 - 19:57:27: [SM] Call stack trace:
L 03/27/2026 - 19:57:27: [SM]   [0] GetConVarString
L 03/27/2026 - 19:57:27: [SM]   [1] Line 138, C:\Users\Moises\Downloads\Compressed\sourcemod-1.11.0-git6968-windows\addons\sourcemod\scripting\ÒankrunFixhealth.sp::IsTankRunActive
L 03/27/2026 - 19:57:27: [SM]   [2] Line 79, C:\Users\Moises\Downloads\Compressed\sourcemod-1.11.0-git6968-windows\addons\sourcemod\scripting\ÒankrunFixhealth.sp::Event_PlayerDeath
L 03/27/2026 - 19:57:29: [SM] Exception reported: Invalid convar handle 0 (error 4)
L 03/27/2026 - 19:57:29: [SM] Blaming: ÒankrunFixhealth.smx
L 03/27/2026 - 19:57:29: [SM] Call stack trace:
L 03/27/2026 - 19:57:29: [SM]   [0] GetConVarString
L 03/27/2026 - 19:57:29: [SM]   [1] Line 138, C:\Users\Moises\Downloads\Compressed\sourcemod-1.11.0-git6968-windows\addons\sourcemod\scripting\ÒankrunFixhealth.sp::IsTankRunActive
L 03/27/2026 - 19:57:29: [SM]   [2] Line 79, C:\Users\Moises\Downloads\Compressed\sourcemod-1.11.0-git6968-windows\addons\sourcemod\scripting\ÒankrunFixhealth.sp::Event_PlayerDeath
L 03/27/2026 - 19:57:33: [SM] Exception reported: Invalid convar handle 0 (error 4)
L 03/27/2026 - 19:57:33: [SM] Blaming: ÒankrunFixhealth.smx
L 03/27/2026 - 19:57:33: [SM] Call stack trace:
L 03/27/2026 - 19:57:33: [SM]   [0] GetConVarString
L 03/27/2026 - 19:57:33: [SM]   [1] Line 138, C:\Users\Moises\Downloads\Compressed\sourcemod-1.11.0-git6968-windows\addons\sourcemod\scripting\ÒankrunFixhealth.sp::IsTankRunActive
L 03/27/2026 - 19:57:33: [SM]   [2] Line 79, C:\Users\Moises\Downloads\Compressed\sourcemod-1.11.0-git6968-windows\addons\sourcemod\scripting\ÒankrunFixhealth.sp::Event_PlayerDeath
L 03/27/2026 - 19:57:33: [SM] Exception reported: Language phrase "No Any Dead Survivor" not found (arg 6)
L 03/27/2026 - 19:57:33: [SM] Blaming: l4d_sm_respawn.smx
L 03/27/2026 - 19:57:33: [SM] Call stack trace:
L 03/27/2026 - 19:57:33: [SM]   [0] FormatEx
L 03/27/2026 - 19:57:33: [SM]   [1] Line 202, d:\Github\Private-Work\L4D2-Êèí‰ª∂\scripting_1.11\l4d_sm_respawn.sp::MenuClientsToSpawn
L 03/27/2026 - 19:57:33: [SM]   [2] Line 239, d:\Github\Private-Work\L4D2-Êèí‰ª∂\scripting_1.11\l4d_sm_respawn.sp::MenuHandler_MenuList
L 03/27/2026 - 19:57:34: [SM] Exception reported: Invalid timer handle 3d60058b (error 3)
L 03/27/2026 - 19:57:34: [SM] Blaming: l4d2_playerjoining_v2.smx
L 03/27/2026 - 19:57:34: [SM] Call stack trace:
L 03/27/2026 - 19:57:34: [SM]   [0] KillTimer
L 03/27/2026 - 19:57:34: [SM]   [1] Line 53, C:\Users\Moises\Downloads\Compressed\sourcemod-1.11.0-git6968-windows\addons\sourcemod\scripting\l4d2_playerjoining_v2.sp::OnClientDisconnect
L 03/27/2026 - 19:57:36: [SM] Exception reported: Invalid convar handle 0 (error 4)
L 03/27/2026 - 19:57:36: [SM] Blaming: ÒankrunFixhealth.smx
L 03/27/2026 - 19:57:36: [SM] Call stack trace:
L 03/27/2026 - 19:57:36: [SM]   [0] GetConVarString
L 03/27/2026 - 19:57:36: [SM]   [1] Line 138, C:\Users\Moises\Downloads\Compressed\sourcemod-1.11.0-git6968-windows\addons\sourcemod\scripting\ÒankrunFixhealth.sp::IsTankRunActive
L 03/27/2026 - 19:57:36: [SM]   [2] Line 36, C:\Users\Moises\Downloads\Compressed\sourcemod-1.11.0-git6968-windows\addons\sourcemod\scripting\ÒankrunFixhealth.sp::Timer_PeriodicCheck
L 03/27/2026 - 19:57:36: [SM] Exception reported: Invalid convar handle 0 (error 4)
L 03/27/2026 - 19:57:36: [SM] Blaming: ÒankrunFixhealth.smx
L 03/27/2026 - 19:57:36: [SM] Call stack trace:
L 03/27/2026 - 19:57:36: [SM]   [0] GetConVarString
L 03/27/2026 - 19:57:36: [SM]   [1] Line 138, C:\Users\Moises\Downloads\Compressed\sourcemod-1.11.0-git6968-windows\addons\sourcemod\scripting\ÒankrunFixhealth.sp::IsTankRunActive
L 03/27/2026 - 19:57:36: [SM]   [2] Line 79, C:\Users\Moises\Downloads\Compressed\sourcemod-1.11.0-git6968-windows\addons\sourcemod\scripting\ÒankrunFixhealth.sp::Event_PlayerDeath
L 03/27/2026 - 19:57:40: [SM] Exception reported: Invalid timer handle e51005e0 (error 3)
L 03/27/2026 - 19:57:40: [SM] Blaming: l4d2_playerjoining_v2.smx
L 03/27/2026 - 19:57:40: [SM] Call stack trace:
L 03/27/2026 - 19:57:40: [SM]   [0] KillTimer
L 03/27/2026 - 19:57:40: [SM]   [1] Line 53, C:\Users\Moises\Downloads\Compressed\sourcemod-1.11.0-git6968-windows\addons\sourcemod\scripting\l4d2_playerjoining_v2.sp::OnClientDisconnect
L 03/27/2026 - 19:57:43: [SM] Exception reported: Language phrase "Type in chat !join To join the survivors" not found (arg 6)
L 03/27/2026 - 19:57:43: [SM] Blaming: l4dmultislots.smx
L 03/27/2026 - 19:57:43: [SM] Call stack trace:
L 03/27/2026 - 19:57:43: [SM]   [0] VFormat
L 03/27/2026 - 19:57:43: [SM]   [1] Line 71, D:\Github\Private-Work\L4D2-Êèí‰ª∂\scripting_1.11\include\multicolors.inc::CPrintToChat
L 03/27/2026 - 19:57:43: [SM]   [2] Line 938, d:\Github\Private-Work\L4D2-Êèí‰ª∂\scripting_1.11\l4dmultislots.sp::Timer_SpecCheck
L 03/27/2026 - 19:57:46: [SM] Exception reported: Invalid convar handle 0 (error 4)
L 03/27/2026 - 19:57:46: [SM] Blaming: ÒankrunFixhealth.smx
L 03/27/2026 - 19:57:46: [SM] Call stack trace:
L 03/27/2026 - 19:57:46: [SM]   [0] GetConVarString
L 03/27/2026 - 19:57:46: [SM]   [1] Line 138, C:\Users\Moises\Downloads\Compressed\sourcemod-1.11.0-git6968-windows\addons\sourcemod\scripting\ÒankrunFixhealth.sp::IsTankRunActive
L 03/27/2026 - 19:57:46: [SM]   [2] Line 36, C:\Users\Moises\Downloads\Compressed\sourcemod-1.11.0-git6968-windows\addons\sourcemod\scripting\ÒankrunFixhealth.sp::Timer_PeriodicCheck
L 03/27/2026 - 19:57:47: [SM] Exception reported: Invalid convar handle 0 (error 4)
L 03/27/2026 - 19:57:47: [SM] Blaming: ÒankrunFixhealth.smx
L 03/27/2026 - 19:57:47: [SM] Call stack trace:
L 03/27/2026 - 19:57:47: [SM]   [0] GetConVarString
L 03/27/2026 - 19:57:47: [SM]   [1] Line 138, C:\Users\Moises\Downloads\Compressed\sourcemod-1.11.0-git6968-windows\addons\sourcemod\scripting\ÒankrunFixhealth.sp::IsTankRunActive
L 03/27/2026 - 19:57:47: [SM]   [2] Line 79, C:\Users\Moises\Downloads\Compressed\sourcemod-1.11.0-git6968-windows\addons\sourcemod\scripting\ÒankrunFixhealth.sp::Event_PlayerDeath
L 03/27/2026 - 19:57:56: [SM] Exception reported: Invalid convar handle 0 (error 4)
L 03/27/2026 - 19:57:56: [SM] Blaming: ÒankrunFixhealth.smx
L 03/27/2026 - 19:57:56: [SM] Call stack trace:
L 03/27/2026 - 19:57:56: [SM]   [0] GetConVarString
L 03/27/2026 - 19:57:56: [SM]   [1] Line 138, C:\Users\Moises\Downloads\Compressed\sourcemod-1.11.0-git6968-windows\addons\sourcemod\scripting\ÒankrunFixhealth.sp::IsTankRunActive
L 03/27/2026 - 19:57:56: [SM]   [2] Line 36, C:\Users\Moises\Downloads\Compressed\sourcemod-1.11.0-git6968-windows\addons\sourcemod\scripting\ÒankrunFixhealth.sp::Timer_PeriodicCheck
L 03/27/2026 - 19:57:57: [SM] Exception reported: Language phrase "No Any Dead Survivor" not found (arg 6)
L 03/27/2026 - 19:57:57: [SM] Blaming: l4d_sm_respawn.smx
L 03/27/2026 - 19:57:57: [SM] Call stack trace:
L 03/27/2026 - 19:57:57: [SM]   [0] FormatEx
L 03/27/2026 - 19:57:57: [SM]   [1] Line 202, d:\Github\Private-Work\L4D2-Êèí‰ª∂\scripting_1.11\l4d_sm_respawn.sp::MenuClientsToSpawn
L 03/27/2026 - 19:57:57: [SM]   [2] Line 239, d:\Github\Private-Work\L4D2-Êèí‰ª∂\scripting_1.11\l4d_sm_respawn.sp::MenuHandler_MenuList
L 03/27/2026 - 19:58:06: [SM] Exception reported: Invalid convar handle 0 (error 4)
L 03/27/2026 - 19:58:06: [SM] Blaming: ÒankrunFixhealth.smx
L 03/27/2026 - 19:58:06: [SM] Call stack trace:
L 03/27/2026 - 19:58:06: [SM]   [0] GetConVarString
L 03/27/2026 - 19:58:06: [SM]   [1] Line 138, C:\Users\Moises\Downloads\Compressed\sourcemod-1.11.0-git6968-windows\addons\sourcemod\scripting\ÒankrunFixhealth.sp::IsTankRunActive
L 03/27/2026 - 19:58:06: [SM]   [2] Line 36, C:\Users\Moises\Downloads\Compressed\sourcemod-1.11.0-git6968-windows\addons\sourcemod\scripting\ÒankrunFixhealth.sp::Timer_PeriodicCheck
L 03/27/2026 - 19:58:08: [SM] Exception reported: Language phrase "Type in chat !join To join the survivors" not found (arg 6)
L 03/27/2026 - 19:58:08: [SM] Blaming: l4dmultislots.smx
L 03/27/2026 - 19:58:08: [SM] Call stack trace:
L 03/27/2026 - 19:58:08: [SM]   [0] VFormat
L 03/27/2026 - 19:58:08: [SM]   [1] Line 71, D:\Github\Private-Work\L4D2-Êèí‰ª∂\scripting_1.11\include\multicolors.inc::CPrintToChat
L 03/27/2026 - 19:58:08: [SM]   [2] Line 938, d:\Github\Private-Work\L4D2-Êèí‰ª∂\scripting_1.11\l4dmultislots.sp::Timer_SpecCheck
L 03/27/2026 - 19:58:10: [SM] Exception reported: Invalid convar handle 0 (error 4)
L 03/27/2026 - 19:58:10: [SM] Blaming: ÒankrunFixhealth.smx
L 03/27/2026 - 19:58:10: [SM] Call stack trace:
L 03/27/2026 - 19:58:10: [SM]   [0] GetConVarString
L 03/27/2026 - 19:58:10: [SM]   [1] Line 138, C:\Users\Moises\Downloads\Compressed\sourcemod-1.11.0-git6968-windows\addons\sourcemod\scripting\ÒankrunFixhealth.sp::IsTankRunActive
L 03/27/2026 - 19:58:10: [SM]   [2] Line 79, C:\Users\Moises\Downloads\Compressed\sourcemod-1.11.0-git6968-windows\addons\sourcemod\scripting\ÒankrunFixhealth.sp::Event_PlayerDeath
L 03/27/2026 - 19:58:10: [SM] Exception reported: Property "m_vecAngularVelocity" not found (entity 606/weapon_smg)
L 03/27/2026 - 19:58:10: [SM] Blaming: l4d2_tank_core v4_5.smx
L 03/27/2026 - 19:58:10: [SM] Call stack trace:
L 03/27/2026 - 19:58:10: [SM]   [0] SetEntPropVector
L 03/27/2026 - 19:58:10: [SM]   [1] Line 650, D:\SteamLibrary\steamapps\common\Left 4 Dead 2\left4dead2\addons\sourcemod\scripting\l4d2_tank_core v4_5.sp::DropItemsPhysically
L 03/27/2026 - 19:58:10: [SM]   [2] Line 549, D:\SteamLibrary\steamapps\common\Left 4 Dead 2\left4dead2\addons\sourcemod\scripting\l4d2_tank_core v4_5.sp::Event_PlayerHurt
L 03/27/2026 - 19:58:13: [SM] Exception reported: Invalid convar handle 0 (error 4)
L 03/27/2026 - 19:58:13: [SM] Blaming: ÒankrunFixhealth.smx
L 03/27/2026 - 19:58:13: [SM] Call stack trace:
L 03/27/2026 - 19:58:13: [SM]   [0] GetConVarString
L 03/27/2026 - 19:58:13: [SM]   [1] Line 138, C:\Users\Moises\Downloads\Compressed\sourcemod-1.11.0-git6968-windows\addons\sourcemod\scripting\ÒankrunFixhealth.sp::IsTankRunActive
L 03/27/2026 - 19:58:13: [SM]   [2] Line 79, C:\Users\Moises\Downloads\Compressed\sourcemod-1.11.0-git6968-windows\addons\sourcemod\scripting\ÒankrunFixhealth.sp::Event_PlayerDeath
L 03/27/2026 - 19:58:16: [SM] Exception reported: Invalid convar handle 0 (error 4)
L 03/27/2026 - 19:58:16: [SM] Blaming: ÒankrunFixhealth.smx
L 03/27/2026 - 19:58:16: [SM] Call stack trace:
L 03/27/2026 - 19:58:16: [SM]   [0] GetConVarString
L 03/27/2026 - 19:58:16: [SM]   [1] Line 138, C:\Users\Moises\Downloads\Compressed\sourcemod-1.11.0-git6968-windows\addons\sourcemod\scripting\ÒankrunFixhealth.sp::IsTankRunActive
L 03/27/2026 - 19:58:16: [SM]   [2] Line 36, C:\Users\Moises\Downloads\Compressed\sourcemod-1.11.0-git6968-windows\addons\sourcemod\scripting\ÒankrunFixhealth.sp::Timer_PeriodicCheck
L 03/27/2026 - 19:58:16: [SM] Exception reported: Invalid convar handle 0 (error 4)
L 03/27/2026 - 19:58:16: [SM] Blaming: ÒankrunFixhealth.smx
L 03/27/2026 - 19:58:16: [SM] Call stack trace:
L 03/27/2026 - 19:58:16: [SM]   [0] GetConVarString
L 03/27/2026 - 19:58:16: [SM]   [1] Line 138, C:\Users\Moises\Downloads\Compressed\sourcemod-1.11.0-git6968-windows\addons\sourcemod\scripting\ÒankrunFixhealth.sp::IsTankRunActive
L 03/27/2026 - 19:58:16: [SM]   [2] Line 79, C:\Users\Moises\Downloads\Compressed\sourcemod-1.11.0-git6968-windows\addons\sourcemod\scripting\ÒankrunFixhealth.sp::Event_PlayerDeath
L 03/27/2026 - 19:58:23: [SM] Exception reported: Invalid timer handle ac7005bf (error 1)
L 03/27/2026 - 19:58:23: [SM] Blaming: l4d2_playerjoining_v2.smx
L 03/27/2026 - 19:58:23: [SM] Call stack trace:
L 03/27/2026 - 19:58:23: [SM]   [0] KillTimer
L 03/27/2026 - 19:58:23: [SM]   [1] Line 53, C:\Users\Moises\Downloads\Compressed\sourcemod-1.11.0-git6968-windows\addons\sourcemod\scripting\l4d2_playerjoining_v2.sp::OnClientDisconnect
L 03/27/2026 - 19:58:26: [SM] Exception reported: Invalid convar handle 0 (error 4)
L 03/27/2026 - 19:58:26: [SM] Blaming: ÒankrunFixhealth.smx
L 03/27/2026 - 19:58:26: [SM] Call stack trace:
L 03/27/2026 - 19:58:26: [SM]   [0] GetConVarString
L 03/27/2026 - 19:58:26: [SM]   [1] Line 138, C:\Users\Moises\Downloads\Compressed\sourcemod-1.11.0-git6968-windows\addons\sourcemod\scripting\ÒankrunFixhealth.sp::IsTankRunActive
L 03/27/2026 - 19:58:26: [SM]   [2] Line 36, C:\Users\Moises\Downloads\Compressed\sourcemod-1.11.0-git6968-windows\addons\sourcemod\scripting\ÒankrunFixhealth.sp::Timer_PeriodicCheck
L 03/27/2026 - 19:58:30: [SM] Exception reported: Invalid convar handle 0 (error 4)
L 03/27/2026 - 19:58:30: [SM] Blaming: ÒankrunFixhealth.smx
L 03/27/2026 - 19:58:30: [SM] Call stack trace:
L 03/27/2026 - 19:58:30: [SM]   [0] GetConVarString
L 03/27/2026 - 19:58:30: [SM]   [1] Line 138, C:\Users\Moises\Downloads\Compressed\sourcemod-1.11.0-git6968-windows\addons\sourcemod\scripting\ÒankrunFixhealth.sp::IsTankRunActive
L 03/27/2026 - 19:58:30: [SM]   [2] Line 79, C:\Users\Moises\Downloads\Compressed\sourcemod-1.11.0-git6968-windows\addons\sourcemod\scripting\ÒankrunFixhealth.sp::Event_PlayerDeath
L 03/27/2026 - 19:58:33: [SM] Exception reported: Language phrase "Type in chat !join To join the survivors" not found (arg 6)
L 03/27/2026 - 19:58:33: [SM] Blaming: l4dmultislots.smx
L 03/27/2026 - 19:58:33: [SM] Call stack trace:
L 03/27/2026 - 19:58:33: [SM]   [0] VFormat
L 03/27/2026 - 19:58:33: [SM]   [1] Line 71, D:\Github\Private-Work\L4D2-Êèí‰ª∂\scripting_1.11\include\multicolors.inc::CPrintToChat
L 03/27/2026 - 19:58:33: [SM]   [2] Line 938, d:\Github\Private-Work\L4D2-Êèí‰ª∂\scripting_1.11\l4dmultislots.sp::Timer_SpecCheck
L 03/27/2026 - 19:58:36: [SM] Exception reported: Invalid convar handle 0 (error 4)
L 03/27/2026 - 19:58:36: [SM] Blaming: ÒankrunFixhealth.smx
L 03/27/2026 - 19:58:36: [SM] Call stack trace:
L 03/27/2026 - 19:58:36: [SM]   [0] GetConVarString
L 03/27/2026 - 19:58:36: [SM]   [1] Line 138, C:\Users\Moises\Downloads\Compressed\sourcemod-1.11.0-git6968-windows\addons\sourcemod\scripting\ÒankrunFixhealth.sp::IsTankRunActive
L 03/27/2026 - 19:58:36: [SM]   [2] Line 36, C:\Users\Moises\Downloads\Compressed\sourcemod-1.11.0-git6968-windows\addons\sourcemod\scripting\ÒankrunFixhealth.sp::Timer_PeriodicCheck
L 03/27/2026 - 19:58:44: [SM] Exception reported: Invalid convar handle 0 (error 4)
L 03/27/2026 - 19:58:44: [SM] Blaming: ÒankrunFixhealth.smx
L 03/27/2026 - 19:58:44: [SM] Call stack trace:
L 03/27/2026 - 19:58:44: [SM]   [0] GetConVarString
L 03/27/2026 - 19:58:44: [SM]   [1] Line 138, C:\Users\Moises\Downloads\Compressed\sourcemod-1.11.0-git6968-windows\addons\sourcemod\scripting\ÒankrunFixhealth.sp::IsTankRunActive
L 03/27/2026 - 19:58:44: [SM]   [2] Line 79, C:\Users\Moises\Downloads\Compressed\sourcemod-1.11.0-git6968-windows\addons\sourcemod\scripting\ÒankrunFixhealth.sp::Event_PlayerDeath
L 03/27/2026 - 19:58:44: [SM]   [4] ForcePlayerSuicide
L 03/27/2026 - 19:58:44: [SM]   [5] Line 37, D:\builds\build-sourcemod-msvc12\windows-1.12\build\plugins\playercommands\slay.sp::PerformSlay
L 03/27/2026 - 19:58:44: [SM]   [6] Line 108, D:\builds\build-sourcemod-msvc12\windows-1.12\build\plugins\playercommands\slay.sp::MenuHandler_Slay
L 03/27/2026 - 19:58:45: [SM] Exception reported: Invalid convar handle 0 (error 4)
L 03/27/2026 - 19:58:45: [SM] Blaming: ÒankrunFixhealth.smx
L 03/27/2026 - 19:58:45: [SM] Call stack trace:
L 03/27/2026 - 19:58:45: [SM]   [0] GetConVarString
L 03/27/2026 - 19:58:45: [SM]   [1] Line 138, C:\Users\Moises\Downloads\Compressed\sourcemod-1.11.0-git6968-windows\addons\sourcemod\scripting\ÒankrunFixhealth.sp::IsTankRunActive
L 03/27/2026 - 19:58:45: [SM]   [2] Line 79, C:\Users\Moises\Downloads\Compressed\sourcemod-1.11.0-git6968-windows\addons\sourcemod\scripting\ÒankrunFixhealth.sp::Event_PlayerDeath
L 03/27/2026 - 19:58:46: [SM] Exception reported: Invalid convar handle 0 (error 4)
L 03/27/2026 - 19:58:46: [SM] Blaming: ÒankrunFixhealth.smx
L 03/27/2026 - 19:58:46: [SM] Call stack trace:
L 03/27/2026 - 19:58:46: [SM]   [0] GetConVarString
L 03/27/2026 - 19:58:46: [SM]   [1] Line 138, C:\Users\Moises\Downloads\Compressed\sourcemod-1.11.0-git6968-windows\addons\sourcemod\scripting\ÒankrunFixhealth.sp::IsTankRunActive
L 03/27/2026 - 19:58:46: [SM]   [2] Line 36, C:\Users\Moises\Downloads\Compressed\sourcemod-1.11.0-git6968-windows\addons\sourcemod\scripting\ÒankrunFixhealth.sp::Timer_PeriodicCheck
L 03/27/2026 - 19:58:53: [SM] Exception reported: Language phrase "No Any Dead Survivor" not found (arg 6)
L 03/27/2026 - 19:58:53: [SM] Blaming: l4d_sm_respawn.smx
L 03/27/2026 - 19:58:53: [SM] Call stack trace:
L 03/27/2026 - 19:58:53: [SM]   [0] FormatEx
L 03/27/2026 - 19:58:53: [SM]   [1] Line 202, d:\Github\Private-Work\L4D2-Êèí‰ª∂\scripting_1.11\l4d_sm_respawn.sp::MenuClientsToSpawn
L 03/27/2026 - 19:58:53: [SM]   [2] Line 239, d:\Github\Private-Work\L4D2-Êèí‰ª∂\scripting_1.11\l4d_sm_respawn.sp::MenuHandler_MenuList
L 03/27/2026 - 19:58:56: [SM] Exception reported: Invalid convar handle 0 (error 4)
L 03/27/2026 - 19:58:56: [SM] Blaming: ÒankrunFixhealth.smx
L 03/27/2026 - 19:58:56: [SM] Call stack trace:
L 03/27/2026 - 19:58:56: [SM]   [0] GetConVarString
L 03/27/2026 - 19:58:56: [SM]   [1] Line 138, C:\Users\Moises\Downloads\Compressed\sourcemod-1.11.0-git6968-windows\addons\sourcemod\scripting\ÒankrunFixhealth.sp::IsTankRunActive
L 03/27/2026 - 19:58:56: [SM]   [2] Line 36, C:\Users\Moises\Downloads\Compressed\sourcemod-1.11.0-git6968-windows\addons\sourcemod\scripting\ÒankrunFixhealth.sp::Timer_PeriodicCheck
L 03/27/2026 - 19:58:58: [SM] Exception reported: Invalid convar handle 0 (error 4)
L 03/27/2026 - 19:58:58: [SM] Blaming: ÒankrunFixhealth.smx
L 03/27/2026 - 19:58:58: [SM] Call stack trace:
L 03/27/2026 - 19:58:58: [SM]   [0] GetConVarString
L 03/27/2026 - 19:58:58: [SM]   [1] Line 138, C:\Users\Moises\Downloads\Compressed\sourcemod-1.11.0-git6968-windows\addons\sourcemod\scripting\ÒankrunFixhealth.sp::IsTankRunActive
L 03/27/2026 - 19:58:58: [SM]   [2] Line 79, C:\Users\Moises\Downloads\Compressed\sourcemod-1.11.0-git6968-windows\addons\sourcemod\scripting\ÒankrunFixhealth.sp::Event_PlayerDeath
L 03/27/2026 - 19:58:58: [SM] Exception reported: Language phrase "Type in chat !join To join the survivors" not found (arg 6)
L 03/27/2026 - 19:58:58: [SM] Blaming: l4dmultislots.smx
L 03/27/2026 - 19:58:58: [SM] Call stack trace:
L 03/27/2026 - 19:58:58: [SM]   [0] VFormat
L 03/27/2026 - 19:58:58: [SM]   [1] Line 71, D:\Github\Private-Work\L4D2-Êèí‰ª∂\scripting_1.11\include\multicolors.inc::CPrintToChat
L 03/27/2026 - 19:58:58: [SM]   [2] Line 938, d:\Github\Private-Work\L4D2-Êèí‰ª∂\scripting_1.11\l4dmultislots.sp::Timer_SpecCheck
L 03/27/2026 - 19:59:01: [SM] Exception reported: Invalid convar handle 0 (error 4)
L 03/27/2026 - 19:59:01: [SM] Blaming: ÒankrunFixhealth.smx
L 03/27/2026 - 19:59:01: [SM] Call stack trace:
L 03/27/2026 - 19:59:01: [SM]   [0] GetConVarString
L 03/27/2026 - 19:59:01: [SM]   [1] Line 138, C:\Users\Moises\Downloads\Compressed\sourcemod-1.11.0-git6968-windows\addons\sourcemod\scripting\ÒankrunFixhealth.sp::IsTankRunActive
L 03/27/2026 - 19:59:01: [SM]   [2] Line 79, C:\Users\Moises\Downloads\Compressed\sourcemod-1.11.0-git6968-windows\addons\sourcemod\scripting\ÒankrunFixhealth.sp::Event_PlayerDeath
L 03/27/2026 - 19:59:01: [SM] Exception reported: Invalid convar handle 0 (error 4)
L 03/27/2026 - 19:59:01: [SM] Blaming: ÒankrunFixhealth.smx
L 03/27/2026 - 19:59:01: [SM] Call stack trace:
L 03/27/2026 - 19:59:01: [SM]   [0] GetConVarString
L 03/27/2026 - 19:59:01: [SM]   [1] Line 138, C:\Users\Moises\Downloads\Compressed\sourcemod-1.11.0-git6968-windows\addons\sourcemod\scripting\ÒankrunFixhealth.sp::IsTankRunActive
L 03/27/2026 - 19:59:01: [SM]   [2] Line 79, C:\Users\Moises\Downloads\Compressed\sourcemod-1.11.0-git6968-windows\addons\sourcemod\scripting\ÒankrunFixhealth.sp::Event_PlayerDeath
L 03/27/2026 - 19:59:06: [SM] Exception reported: Invalid convar handle 0 (error 4)
L 03/27/2026 - 19:59:06: [SM] Blaming: ÒankrunFixhealth.smx
L 03/27/2026 - 19:59:06: [SM] Call stack trace:
L 03/27/2026 - 19:59:06: [SM]   [0] GetConVarString
L 03/27/2026 - 19:59:06: [SM]   [1] Line 138, C:\Users\Moises\Downloads\Compressed\sourcemod-1.11.0-git6968-windows\addons\sourcemod\scripting\ÒankrunFixhealth.sp::IsTankRunActive
L 03/27/2026 - 19:59:06: [SM]   [2] Line 36, C:\Users\Moises\Downloads\Compressed\sourcemod-1.11.0-git6968-windows\addons\sourcemod\scripting\ÒankrunFixhealth.sp::Timer_PeriodicCheck
L 03/27/2026 - 19:59:16: [SM] Exception reported: Invalid convar handle 0 (error 4)
L 03/27/2026 - 19:59:16: [SM] Blaming: ÒankrunFixhealth.smx
L 03/27/2026 - 19:59:16: [SM] Call stack trace:
L 03/27/2026 - 19:59:16: [SM]   [0] GetConVarString
L 03/27/2026 - 19:59:16: [SM]   [1] Line 138, C:\Users\Moises\Downloads\Compressed\sourcemod-1.11.0-git6968-windows\addons\sourcemod\scripting\ÒankrunFixhealth.sp::IsTankRunActive
L 03/27/2026 - 19:59:16: [SM]   [2] Line 36, C:\Users\Moises\Downloads\Compressed\sourcemod-1.11.0-git6968-windows\addons\sourcemod\scripting\ÒankrunFixhealth.sp::Timer_PeriodicCheck
L 03/27/2026 - 19:59:23: [SM] Exception reported: Language phrase "Type in chat !join To join the survivors" not found (arg 6)
L 03/27/2026 - 19:59:23: [SM] Blaming: l4dmultislots.smx
L 03/27/2026 - 19:59:23: [SM] Call stack trace:
L 03/27/2026 - 19:59:23: [SM]   [0] VFormat
L 03/27/2026 - 19:59:23: [SM]   [1] Line 71, D:\Github\Private-Work\L4D2-Êèí‰ª∂\scripting_1.11\include\multicolors.inc::CPrintToChat
L 03/27/2026 - 19:59:23: [SM]   [2] Line 938, d:\Github\Private-Work\L4D2-Êèí‰ª∂\scripting_1.11\l4dmultislots.sp::Timer_SpecCheck
L 03/27/2026 - 19:59:26: [SM] Exception reported: Invalid convar handle 0 (error 4)
L 03/27/2026 - 19:59:26: [SM] Blaming: ÒankrunFixhealth.smx
L 03/27/2026 - 19:59:26: [SM] Call stack trace:
L 03/27/2026 - 19:59:26: [SM]   [0] GetConVarString
L 03/27/2026 - 19:59:26: [SM]   [1] Line 138, C:\Users\Moises\Downloads\Compressed\sourcemod-1.11.0-git6968-windows\addons\sourcemod\scripting\ÒankrunFixhealth.sp::IsTankRunActive
L 03/27/2026 - 19:59:26: [SM]   [2] Line 36, C:\Users\Moises\Downloads\Compressed\sourcemod-1.11.0-git6968-windows\addons\sourcemod\scripting\ÒankrunFixhealth.sp::Timer_PeriodicCheck
L 03/27/2026 - 19:59:29: [SM] Exception reported: Language phrase "No Any Dead Survivor" not found (arg 6)
L 03/27/2026 - 19:59:29: [SM] Blaming: l4d_sm_respawn.smx
L 03/27/2026 - 19:59:29: [SM] Call stack trace:
L 03/27/2026 - 19:59:29: [SM]   [0] FormatEx
L 03/27/2026 - 19:59:29: [SM]   [1] Line 202, d:\Github\Private-Work\L4D2-Êèí‰ª∂\scripting_1.11\l4d_sm_respawn.sp::MenuClientsToSpawn
L 03/27/2026 - 19:59:29: [SM]   [2] Line 239, d:\Github\Private-Work\L4D2-Êèí‰ª∂\scripting_1.11\l4d_sm_respawn.sp::MenuHandler_MenuList
L 03/27/2026 - 19:59:33: [SM] Exception reported: Invalid convar handle 0 (error 4)
L 03/27/2026 - 19:59:33: [SM] Blaming: ÒankrunFixhealth.smx
L 03/27/2026 - 19:59:33: [SM] Call stack trace:
L 03/27/2026 - 19:59:33: [SM]   [0] GetConVarString
L 03/27/2026 - 19:59:33: [SM]   [1] Line 138, C:\Users\Moises\Downloads\Compressed\sourcemod-1.11.0-git6968-windows\addons\sourcemod\scripting\ÒankrunFixhealth.sp::IsTankRunActive
L 03/27/2026 - 19:59:33: [SM]   [2] Line 79, C:\Users\Moises\Downloads\Compressed\sourcemod-1.11.0-git6968-windows\addons\sourcemod\scripting\ÒankrunFixhealth.sp::Event_PlayerDeath
L 03/27/2026 - 19:59:33: [SM]   [4] ForcePlayerSuicide
L 03/27/2026 - 19:59:33: [SM]   [5] Line 37, D:\builds\build-sourcemod-msvc12\windows-1.12\build\plugins\playercommands\slay.sp::PerformSlay
L 03/27/2026 - 19:59:33: [SM]   [6] Line 108, D:\builds\build-sourcemod-msvc12\windows-1.12\build\plugins\playercommands\slay.sp::MenuHandler_Slay
L 03/27/2026 - 19:59:35: [SM] Exception reported: Language phrase "No Any Dead Survivor" not found (arg 6)
L 03/27/2026 - 19:59:35: [SM] Blaming: l4d_sm_respawn.smx
L 03/27/2026 - 19:59:35: [SM] Call stack trace:
L 03/27/2026 - 19:59:35: [SM]   [0] FormatEx
L 03/27/2026 - 19:59:35: [SM]   [1] Line 202, d:\Github\Private-Work\L4D2-Êèí‰ª∂\scripting_1.11\l4d_sm_respawn.sp::MenuClientsToSpawn
L 03/27/2026 - 19:59:35: [SM]   [2] Line 239, d:\Github\Private-Work\L4D2-Êèí‰ª∂\scripting_1.11\l4d_sm_respawn.sp::MenuHandler_MenuList
L 03/27/2026 - 19:59:36: [SM] Exception reported: Invalid convar handle 0 (error 4)
L 03/27/2026 - 19:59:36: [SM] Blaming: ÒankrunFixhealth.smx
L 03/27/2026 - 19:59:36: [SM] Call stack trace:
L 03/27/2026 - 19:59:36: [SM]   [0] GetConVarString
L 03/27/2026 - 19:59:36: [SM]   [1] Line 138, C:\Users\Moises\Downloads\Compressed\sourcemod-1.11.0-git6968-windows\addons\sourcemod\scripting\ÒankrunFixhealth.sp::IsTankRunActive
L 03/27/2026 - 19:59:36: [SM]   [2] Line 36, C:\Users\Moises\Downloads\Compressed\sourcemod-1.11.0-git6968-windows\addons\sourcemod\scripting\ÒankrunFixhealth.sp::Timer_PeriodicCheck
L 03/27/2026 - 19:59:46: [SM] Exception reported: Invalid convar handle 0 (error 4)
L 03/27/2026 - 19:59:46: [SM] Blaming: ÒankrunFixhealth.smx
L 03/27/2026 - 19:59:46: [SM] Call stack trace:
L 03/27/2026 - 19:59:46: [SM]   [0] GetConVarString
L 03/27/2026 - 19:59:46: [SM]   [1] Line 138, C:\Users\Moises\Downloads\Compressed\sourcemod-1.11.0-git6968-windows\addons\sourcemod\scripting\ÒankrunFixhealth.sp::IsTankRunActive
L 03/27/2026 - 19:59:46: [SM]   [2] Line 36, C:\Users\Moises\Downloads\Compressed\sourcemod-1.11.0-git6968-windows\addons\sourcemod\scripting\ÒankrunFixhealth.sp::Timer_PeriodicCheck
L 03/27/2026 - 19:59:46: [SM] Exception reported: Invalid convar handle 0 (error 4)
L 03/27/2026 - 19:59:46: [SM] Blaming: ÒankrunFixhealth.smx
L 03/27/2026 - 19:59:46: [SM] Call stack trace:
L 03/27/2026 - 19:59:46: [SM]   [0] GetConVarString
L 03/27/2026 - 19:59:46: [SM]   [1] Line 138, C:\Users\Moises\Downloads\Compressed\sourcemod-1.11.0-git6968-windows\addons\sourcemod\scripting\ÒankrunFixhealth.sp::IsTankRunActive
L 03/27/2026 - 19:59:46: [SM]   [2] Line 79, C:\Users\Moises\Downloads\Compressed\sourcemod-1.11.0-git6968-windows\addons\sourcemod\scripting\ÒankrunFixhealth.sp::Event_PlayerDeath
L 03/27/2026 - 19:59:48: [SM] Exception reported: Language phrase "Type in chat !join To join the survivors" not found (arg 6)
L 03/27/2026 - 19:59:48: [SM] Blaming: l4dmultislots.smx
L 03/27/2026 - 19:59:48: [SM] Call stack trace:
L 03/27/2026 - 19:59:48: [SM]   [0] VFormat
L 03/27/2026 - 19:59:48: [SM]   [1] Line 71, D:\Github\Private-Work\L4D2-Êèí‰ª∂\scripting_1.11\include\multicolors.inc::CPrintToChat
L 03/27/2026 - 19:59:48: [SM]   [2] Line 938, d:\Github\Private-Work\L4D2-Êèí‰ª∂\scripting_1.11\l4dmultislots.sp::Timer_SpecCheck
L 03/27/2026 - 19:59:56: [SM] Exception reported: Invalid convar handle 0 (error 4)
L 03/27/2026 - 19:59:56: [SM] Blaming: ÒankrunFixhealth.smx
L 03/27/2026 - 19:59:56: [SM] Call stack trace:
L 03/27/2026 - 19:59:56: [SM]   [0] GetConVarString
L 03/27/2026 - 19:59:56: [SM]   [1] Line 138, C:\Users\Moises\Downloads\Compressed\sourcemod-1.11.0-git6968-windows\addons\sourcemod\scripting\ÒankrunFixhealth.sp::IsTankRunActive
L 03/27/2026 - 19:59:56: [SM]   [2] Line 79, C:\Users\Moises\Downloads\Compressed\sourcemod-1.11.0-git6968-windows\addons\sourcemod\scripting\ÒankrunFixhealth.sp::Event_PlayerDeath
L 03/27/2026 - 19:59:56: [SM] Exception reported: Invalid convar handle 0 (error 4)
L 03/27/2026 - 19:59:56: [SM] Blaming: ÒankrunFixhealth.smx
L 03/27/2026 - 19:59:56: [SM] Call stack trace:
L 03/27/2026 - 19:59:56: [SM]   [0] GetConVarString
L 03/27/2026 - 19:59:56: [SM]   [1] Line 138, C:\Users\Moises\Downloads\Compressed\sourcemod-1.11.0-git6968-windows\addons\sourcemod\scripting\ÒankrunFixhealth.sp::IsTankRunActive
L 03/27/2026 - 19:59:56: [SM]   [2] Line 36, C:\Users\Moises\Downloads\Compressed\sourcemod-1.11.0-git6968-windows\addons\sourcemod\scripting\ÒankrunFixhealth.sp::Timer_PeriodicCheck
L 03/27/2026 - 20:00:02: [SM] Exception reported: Invalid convar handle 0 (error 4)
L 03/27/2026 - 20:00:02: [SM] Blaming: ÒankrunFixhealth.smx
L 03/27/2026 - 20:00:02: [SM] Call stack trace:
L 03/27/2026 - 20:00:02: [SM]   [0] GetConVarString
L 03/27/2026 - 20:00:02: [SM]   [1] Line 138, C:\Users\Moises\Downloads\Compressed\sourcemod-1.11.0-git6968-windows\addons\sourcemod\scripting\ÒankrunFixhealth.sp::IsTankRunActive
L 03/27/2026 - 20:00:02: [SM]   [2] Line 79, C:\Users\Moises\Downloads\Compressed\sourcemod-1.11.0-git6968-windows\addons\sourcemod\scripting\ÒankrunFixhealth.sp::Event_PlayerDeath
L 03/27/2026 - 20:00:02: [SM]   [4] ForcePlayerSuicide
L 03/27/2026 - 20:00:02: [SM]   [5] Line 37, D:\builds\build-sourcemod-msvc12\windows-1.12\build\plugins\playercommands\slay.sp::PerformSlay
L 03/27/2026 - 20:00:02: [SM]   [6] Line 108, D:\builds\build-sourcemod-msvc12\windows-1.12\build\plugins\playercommands\slay.sp::MenuHandler_Slay
L 03/27/2026 - 20:00:05: [SM] Exception reported: Invalid convar handle 0 (error 4)
L 03/27/2026 - 20:00:05: [SM] Blaming: ÒankrunFixhealth.smx
L 03/27/2026 - 20:00:05: [SM] Call stack trace:
L 03/27/2026 - 20:00:05: [SM]   [0] GetConVarString
L 03/27/2026 - 20:00:05: [SM]   [1] Line 138, C:\Users\Moises\Downloads\Compressed\sourcemod-1.11.0-git6968-windows\addons\sourcemod\scripting\ÒankrunFixhealth.sp::IsTankRunActive
L 03/27/2026 - 20:00:05: [SM]   [2] Line 79, C:\Users\Moises\Downloads\Compressed\sourcemod-1.11.0-git6968-windows\addons\sourcemod\scripting\ÒankrunFixhealth.sp::Event_PlayerDeath
L 03/27/2026 - 20:00:06: [SM] Exception reported: Invalid convar handle 0 (error 4)
L 03/27/2026 - 20:00:06: [SM] Blaming: ÒankrunFixhealth.smx
L 03/27/2026 - 20:00:06: [SM] Call stack trace:
L 03/27/2026 - 20:00:06: [SM]   [0] GetConVarString
L 03/27/2026 - 20:00:06: [SM]   [1] Line 138, C:\Users\Moises\Downloads\Compressed\sourcemod-1.11.0-git6968-windows\addons\sourcemod\scripting\ÒankrunFixhealth.sp::IsTankRunActive
L 03/27/2026 - 20:00:06: [SM]   [2] Line 36, C:\Users\Moises\Downloads\Compressed\sourcemod-1.11.0-git6968-windows\addons\sourcemod\scripting\ÒankrunFixhealth.sp::Timer_PeriodicCheck
L 03/27/2026 - 20:00:08: [SM] Exception reported: Invalid timer handle 44b005cd (error 3)
L 03/27/2026 - 20:00:08: [SM] Blaming: l4d2_playerjoining_v2.smx
L 03/27/2026 - 20:00:08: [SM] Call stack trace:
L 03/27/2026 - 20:00:08: [SM]   [0] KillTimer
L 03/27/2026 - 20:00:08: [SM]   [1] Line 53, C:\Users\Moises\Downloads\Compressed\sourcemod-1.11.0-git6968-windows\addons\sourcemod\scripting\l4d2_playerjoining_v2.sp::OnClientDisconnect
L 03/27/2026 - 20:00:11: [SM] Exception reported: Invalid convar handle 0 (error 4)
L 03/27/2026 - 20:00:11: [SM] Blaming: ÒankrunFixhealth.smx
L 03/27/2026 - 20:00:11: [SM] Call stack trace:
L 03/27/2026 - 20:00:11: [SM]   [0] GetConVarString
L 03/27/2026 - 20:00:11: [SM]   [1] Line 138, C:\Users\Moises\Downloads\Compressed\sourcemod-1.11.0-git6968-windows\addons\sourcemod\scripting\ÒankrunFixhealth.sp::IsTankRunActive
L 03/27/2026 - 20:00:11: [SM]   [2] Line 79, C:\Users\Moises\Downloads\Compressed\sourcemod-1.11.0-git6968-windows\addons\sourcemod\scripting\ÒankrunFixhealth.sp::Event_PlayerDeath
L 03/27/2026 - 20:00:11: [SM]   [4] ForcePlayerSuicide
L 03/27/2026 - 20:00:11: [SM]   [5] Line 37, D:\builds\build-sourcemod-msvc12\windows-1.12\build\plugins\playercommands\slay.sp::PerformSlay
L 03/27/2026 - 20:00:11: [SM]   [6] Line 108, D:\builds\build-sourcemod-msvc12\windows-1.12\build\plugins\playercommands\slay.sp::MenuHandler_Slay
L 03/27/2026 - 20:00:11: [SM] Exception reported: Invalid convar handle 0 (error 4)
L 03/27/2026 - 20:00:11: [SM] Blaming: ÒankrunFixhealth.smx
L 03/27/2026 - 20:00:11: [SM] Call stack trace:
L 03/27/2026 - 20:00:11: [SM]   [0] GetConVarString
L 03/27/2026 - 20:00:11: [SM]   [1] Line 138, C:\Users\Moises\Downloads\Compressed\sourcemod-1.11.0-git6968-windows\addons\sourcemod\scripting\ÒankrunFixhealth.sp::IsTankRunActive
L 03/27/2026 - 20:00:11: [SM]   [2] Line 91, C:\Users\Moises\Downloads\Compressed\sourcemod-1.11.0-git6968-windows\addons\sourcemod\scripting\ÒankrunFixhealth.sp::Event_MissionLost
L 03/27/2026 - 20:00:16: [SM] Exception reported: Invalid convar handle 0 (error 4)
L 03/27/2026 - 20:00:16: [SM] Blaming: ÒankrunFixhealth.smx
L 03/27/2026 - 20:00:16: [SM] Call stack trace:
L 03/27/2026 - 20:00:16: [SM]   [0] GetConVarString
L 03/27/2026 - 20:00:16: [SM]   [1] Line 138, C:\Users\Moises\Downloads\Compressed\sourcemod-1.11.0-git6968-windows\addons\sourcemod\scripting\ÒankrunFixhealth.sp::IsTankRunActive
L 03/27/2026 - 20:00:16: [SM]   [2] Line 36, C:\Users\Moises\Downloads\Compressed\sourcemod-1.11.0-git6968-windows\addons\sourcemod\scripting\ÒankrunFixhealth.sp::Timer_PeriodicCheck
L 03/27/2026 - 20:00:18: [SM] Exception reported: Invalid convar handle 0 (error 4)
L 03/27/2026 - 20:00:18: [SM] Blaming: ÒankrunFixhealth.smx
L 03/27/2026 - 20:00:18: [SM] Call stack trace:
L 03/27/2026 - 20:00:18: [SM]   [0] GetConVarString
L 03/27/2026 - 20:00:18: [SM]   [1] Line 138, C:\Users\Moises\Downloads\Compressed\sourcemod-1.11.0-git6968-windows\addons\sourcemod\scripting\ÒankrunFixhealth.sp::IsTankRunActive
L 03/27/2026 - 20:00:18: [SM]   [2] Line 54, C:\Users\Moises\Downloads\Compressed\sourcemod-1.11.0-git6968-windows\addons\sourcemod\scripting\ÒankrunFixhealth.sp::Event_RoundStart
L 03/27/2026 - 20:00:18: [SM] Exception reported: Invalid timer handle d300058e (error 1)
L 03/27/2026 - 20:00:18: [SM] Blaming: l4d2_playerjoining_v2.smx
L 03/27/2026 - 20:00:18: [SM] Call stack trace:
L 03/27/2026 - 20:00:18: [SM]   [0] KillTimer
L 03/27/2026 - 20:00:18: [SM]   [1] Line 53, C:\Users\Moises\Downloads\Compressed\sourcemod-1.11.0-git6968-windows\addons\sourcemod\scripting\l4d2_playerjoining_v2.sp::OnClientDisconnect
L 03/27/2026 - 20:00:18: [SM] Exception reported: Invalid timer handle 1b4005e0 (error 1)
L 03/27/2026 - 20:00:18: [SM] Blaming: l4d2_playerjoining_v2.smx
L 03/27/2026 - 20:00:18: [SM] Call stack trace:
L 03/27/2026 - 20:00:18: [SM]   [0] KillTimer
L 03/27/2026 - 20:00:18: [SM]   [1] Line 53, C:\Users\Moises\Downloads\Compressed\sourcemod-1.11.0-git6968-windows\addons\sourcemod\scripting\l4d2_playerjoining_v2.sp::OnClientDisconnect
L 03/27/2026 - 20:00:18: [SM] Exception reported: Invalid timer handle ce0005af (error 1)
L 03/27/2026 - 20:00:18: [SM] Blaming: l4d2_playerjoining_v2.smx
L 03/27/2026 - 20:00:18: [SM] Call stack trace:
L 03/27/2026 - 20:00:18: [SM]   [0] KillTimer
L 03/27/2026 - 20:00:18: [SM]   [1] Line 53, C:\Users\Moises\Downloads\Compressed\sourcemod-1.11.0-git6968-windows\addons\sourcemod\scripting\l4d2_playerjoining_v2.sp::OnClientDisconnect
L 03/27/2026 - 20:00:18: [SM] Exception reported: Invalid timer handle ac7005bf (error 1)
L 03/27/2026 - 20:00:18: [SM] Blaming: l4d2_playerjoining_v2.smx
L 03/27/2026 - 20:00:18: [SM] Call stack trace:
L 03/27/2026 - 20:00:18: [SM]   [0] KillTimer
L 03/27/2026 - 20:00:18: [SM]   [1] Line 53, C:\Users\Moises\Downloads\Compressed\sourcemod-1.11.0-git6968-windows\addons\sourcemod\scripting\l4d2_playerjoining_v2.sp::OnClientDisconnect
L 03/27/2026 - 20:00:18: [SM] Exception reported: Invalid timer handle 95a005be (error 3)
L 03/27/2026 - 20:00:18: [SM] Blaming: l4d2_playerjoining_v2.smx
L 03/27/2026 - 20:00:18: [SM] Call stack trace:
L 03/27/2026 - 20:00:18: [SM]   [0] KillTimer
L 03/27/2026 - 20:00:18: [SM]   [1] Line 53, C:\Users\Moises\Downloads\Compressed\sourcemod-1.11.0-git6968-windows\addons\sourcemod\scripting\l4d2_playerjoining_v2.sp::OnClientDisconnect
L 03/27/2026 - 20:00:18: [SM] Exception reported: Invalid timer handle e51005e0 (error 1)
L 03/27/2026 - 20:00:18: [SM] Blaming: l4d2_playerjoining_v2.smx
L 03/27/2026 - 20:00:18: [SM] Call stack trace:
L 03/27/2026 - 20:00:18: [SM]   [0] KillTimer
L 03/27/2026 - 20:00:18: [SM]   [1] Line 53, C:\Users\Moises\Downloads\Compressed\sourcemod-1.11.0-git6968-windows\addons\sourcemod\scripting\l4d2_playerjoining_v2.sp::OnClientDisconnect
L 03/27/2026 - 20:00:18: [SM] Exception reported: Invalid timer handle 3d60058b (error 1)
L 03/27/2026 - 20:00:18: [SM] Blaming: l4d2_playerjoining_v2.smx
L 03/27/2026 - 20:00:18: [SM] Call stack trace:
L 03/27/2026 - 20:00:18: [SM]   [0] KillTimer
L 03/27/2026 - 20:00:18: [SM]   [1] Line 53, C:\Users\Moises\Downloads\Compressed\sourcemod-1.11.0-git6968-windows\addons\sourcemod\scripting\l4d2_playerjoining_v2.sp::OnClientDisconnect
L 03/27/2026 - 20:00:23: [SM] Exception reported: Invalid convar handle 0 (error 4)
L 03/27/2026 - 20:00:23: [SM] Blaming: ÒankrunFixhealth.smx
L 03/27/2026 - 20:00:23: [SM] Call stack trace:
L 03/27/2026 - 20:00:23: [SM]   [0] GetConVarString
L 03/27/2026 - 20:00:23: [SM]   [1] Line 138, C:\Users\Moises\Downloads\Compressed\sourcemod-1.11.0-git6968-windows\addons\sourcemod\scripting\ÒankrunFixhealth.sp::IsTankRunActive
L 03/27/2026 - 20:00:23: [SM]   [2] Line 79, C:\Users\Moises\Downloads\Compressed\sourcemod-1.11.0-git6968-windows\addons\sourcemod\scripting\ÒankrunFixhealth.sp::Event_PlayerDeath
L 03/27/2026 - 20:00:26: [SM] Exception reported: Invalid convar handle 0 (error 4)
L 03/27/2026 - 20:00:26: [SM] Blaming: ÒankrunFixhealth.smx
L 03/27/2026 - 20:00:26: [SM] Call stack trace:
L 03/27/2026 - 20:00:26: [SM]   [0] GetConVarString
L 03/27/2026 - 20:00:26: [SM]   [1] Line 138, C:\Users\Moises\Downloads\Compressed\sourcemod-1.11.0-git6968-windows\addons\sourcemod\scripting\ÒankrunFixhealth.sp::IsTankRunActive
L 03/27/2026 - 20:00:26: [SM]   [2] Line 36, C:\Users\Moises\Downloads\Compressed\sourcemod-1.11.0-git6968-windows\addons\sourcemod\scripting\ÒankrunFixhealth.sp::Timer_PeriodicCheck
L 03/27/2026 - 20:00:36: [SM] Exception reported: Invalid convar handle 0 (error 4)
L 03/27/2026 - 20:00:36: [SM] Blaming: ÒankrunFixhealth.smx
L 03/27/2026 - 20:00:36: [SM] Call stack trace:
L 03/27/2026 - 20:00:36: [SM]   [0] GetConVarString
L 03/27/2026 - 20:00:36: [SM]   [1] Line 138, C:\Users\Moises\Downloads\Compressed\sourcemod-1.11.0-git6968-windows\addons\sourcemod\scripting\ÒankrunFixhealth.sp::IsTankRunActive
L 03/27/2026 - 20:00:36: [SM]   [2] Line 79, C:\Users\Moises\Downloads\Compressed\sourcemod-1.11.0-git6968-windows\addons\sourcemod\scripting\ÒankrunFixhealth.sp::Event_PlayerDeath
L 03/27/2026 - 20:00:36: [SM] Exception reported: Invalid convar handle 0 (error 4)
L 03/27/2026 - 20:00:36: [SM] Blaming: ÒankrunFixhealth.smx
L 03/27/2026 - 20:00:36: [SM] Call stack trace:
L 03/27/2026 - 20:00:36: [SM]   [0] GetConVarString
L 03/27/2026 - 20:00:36: [SM]   [1] Line 138, C:\Users\Moises\Downloads\Compressed\sourcemod-1.11.0-git6968-windows\addons\sourcemod\scripting\ÒankrunFixhealth.sp::IsTankRunActive
L 03/27/2026 - 20:00:36: [SM]   [2] Line 36, C:\Users\Moises\Downloads\Compressed\sourcemod-1.11.0-git6968-windows\addons\sourcemod\scripting\ÒankrunFixhealth.sp::Timer_PeriodicCheck
L 03/27/2026 - 20:00:40: [SM] Exception reported: Invalid timer handle e51005e0 (error 3)
L 03/27/2026 - 20:00:40: [SM] Blaming: l4d2_playerjoining_v2.smx
L 03/27/2026 - 20:00:40: [SM] Call stack trace:
L 03/27/2026 - 20:00:40: [SM]   [0] KillTimer
L 03/27/2026 - 20:00:40: [SM]   [1] Line 53, C:\Users\Moises\Downloads\Compressed\sourcemod-1.11.0-git6968-windows\addons\sourcemod\scripting\l4d2_playerjoining_v2.sp::OnClientDisconnect
L 03/27/2026 - 20:00:43: Error log file session closed.
