L 06/29/2025 - 14:23:09: SourceMod error session started
L 06/29/2025 - 14:23:09: Info (map "exempt_infinite_fall") (file "e:\steamlibrary\steamapps\common\left 4 dead 2\left4dead2\addons\sourcemod\logs\errors_20250629.log")
L 06/29/2025 - 14:23:09: [SM] Failed to load plugin "cannounce.smx": Get a dedicated server. This plugin does not work on Listen servers..
L 06/29/2025 - 14:23:10: [SM] Failed to load plugin "nextmap.smx": Nextmap is incompatible with this game.
L 06/29/2025 - 14:23:10: [SM] Failed to load plugin "[L4D2] Left4dhooks.smx": 
====================
This plugin replaces Left4Downtown. Delete the extension to run.
====================.
L 06/29/2025 - 14:23:10: [SM] Fatal error encountered parsing translation file "l4d_nth.phrases.txt"
L 06/29/2025 - 14:23:10: [SM] Error (line 0, column 0): Stream failed to open
L 06/29/2025 - 14:23:10: [SM] Fatal error encountered parsing translation file "chargersteering.phrases.txt"
L 06/29/2025 - 14:23:10: [SM] Error (line 0, column 0): Stream failed to open
L 06/29/2025 - 14:23:10: [SM] Fatal error encountered parsing translation file "l4dmultislots.phrases.txt"
L 06/29/2025 - 14:23:10: [SM] Error (line 0, column 0): Stream failed to open
L 06/29/2025 - 14:23:11: [SM] Fatal error encountered parsing translation file "lilac.phrases.txt"
L 06/29/2025 - 14:23:11: [SM] Error (line 0, column 0): Stream failed to open
L 06/29/2025 - 14:23:11: [admin-flatfile.smx] Error(s) detected parsing addons\sourcemod\configs\admins.cfg
L 06/29/2025 - 14:23:11: [admin-flatfile.smx]  (line 37) A property was declared outside of a section
L 06/29/2025 - 14:23:16: [SM] Exception reported: Invalid convar handle 0 (error 4)
L 06/29/2025 - 14:23:16: [SM] Blaming: ÒankrunFixhealth.smx
L 06/29/2025 - 14:23:16: [SM] Call stack trace:
L 06/29/2025 - 14:23:16: [SM]   [0] GetConVarString
L 06/29/2025 - 14:23:16: [SM]   [1] Line 138, C:\Users\Moises\Downloads\Compressed\sourcemod-1.11.0-git6968-windows\addons\sourcemod\scripting\ÒankrunFixhealth.sp::IsTankRunActive
L 06/29/2025 - 14:23:16: [SM]   [2] Line 54, C:\Users\Moises\Downloads\Compressed\sourcemod-1.11.0-git6968-windows\addons\sourcemod\scripting\ÒankrunFixhealth.sp::Event_RoundStart
L 06/29/2025 - 14:23:30: [SM] Exception reported: Invalid convar handle 0 (error 4)
L 06/29/2025 - 14:23:30: [SM] Blaming: ÒankrunFixhealth.smx
L 06/29/2025 - 14:23:30: [SM] Call stack trace:
L 06/29/2025 - 14:23:30: [SM]   [0] GetConVarString
L 06/29/2025 - 14:23:30: [SM]   [1] Line 138, C:\Users\Moises\Downloads\Compressed\sourcemod-1.11.0-git6968-windows\addons\sourcemod\scripting\ÒankrunFixhealth.sp::IsTankRunActive
L 06/29/2025 - 14:23:30: [SM]   [2] Line 36, C:\Users\Moises\Downloads\Compressed\sourcemod-1.11.0-git6968-windows\addons\sourcemod\scripting\ÒankrunFixhealth.sp::Timer_PeriodicCheck
L 06/29/2025 - 14:23:40: [SM] Exception reported: Invalid convar handle 0 (error 4)
L 06/29/2025 - 14:23:40: [SM] Blaming: ÒankrunFixhealth.smx
L 06/29/2025 - 14:23:40: [SM] Call stack trace:
L 06/29/2025 - 14:23:40: [SM]   [0] GetConVarString
L 06/29/2025 - 14:23:40: [SM]   [1] Line 138, C:\Users\Moises\Downloads\Compressed\sourcemod-1.11.0-git6968-windows\addons\sourcemod\scripting\ÒankrunFixhealth.sp::IsTankRunActive
L 06/29/2025 - 14:23:40: [SM]   [2] Line 36, C:\Users\Moises\Downloads\Compressed\sourcemod-1.11.0-git6968-windows\addons\sourcemod\scripting\ÒankrunFixhealth.sp::Timer_PeriodicCheck
L 06/29/2025 - 14:23:50: [SM] Exception reported: Invalid convar handle 0 (error 4)
L 06/29/2025 - 14:23:50: [SM] Blaming: ÒankrunFixhealth.smx
L 06/29/2025 - 14:23:50: [SM] Call stack trace:
L 06/29/2025 - 14:23:50: [SM]   [0] GetConVarString
L 06/29/2025 - 14:23:50: [SM]   [1] Line 138, C:\Users\Moises\Downloads\Compressed\sourcemod-1.11.0-git6968-windows\addons\sourcemod\scripting\ÒankrunFixhealth.sp::IsTankRunActive
L 06/29/2025 - 14:23:50: [SM]   [2] Line 36, C:\Users\Moises\Downloads\Compressed\sourcemod-1.11.0-git6968-windows\addons\sourcemod\scripting\ÒankrunFixhealth.sp::Timer_PeriodicCheck
L 06/29/2025 - 14:24:00: [SM] Exception reported: Invalid convar handle 0 (error 4)
L 06/29/2025 - 14:24:00: [SM] Blaming: ÒankrunFixhealth.smx
L 06/29/2025 - 14:24:00: [SM] Call stack trace:
L 06/29/2025 - 14:24:00: [SM]   [0] GetConVarString
L 06/29/2025 - 14:24:00: [SM]   [1] Line 138, C:\Users\Moises\Downloads\Compressed\sourcemod-1.11.0-git6968-windows\addons\sourcemod\scripting\ÒankrunFixhealth.sp::IsTankRunActive
L 06/29/2025 - 14:24:00: [SM]   [2] Line 36, C:\Users\Moises\Downloads\Compressed\sourcemod-1.11.0-git6968-windows\addons\sourcemod\scripting\ÒankrunFixhealth.sp::Timer_PeriodicCheck
L 06/29/2025 - 14:24:10: [SM] Exception reported: Invalid convar handle 0 (error 4)
L 06/29/2025 - 14:24:10: [SM] Blaming: ÒankrunFixhealth.smx
L 06/29/2025 - 14:24:10: [SM] Call stack trace:
L 06/29/2025 - 14:24:10: [SM]   [0] GetConVarString
L 06/29/2025 - 14:24:10: [SM]   [1] Line 138, C:\Users\Moises\Downloads\Compressed\sourcemod-1.11.0-git6968-windows\addons\sourcemod\scripting\ÒankrunFixhealth.sp::IsTankRunActive
L 06/29/2025 - 14:24:10: [SM]   [2] Line 36, C:\Users\Moises\Downloads\Compressed\sourcemod-1.11.0-git6968-windows\addons\sourcemod\scripting\ÒankrunFixhealth.sp::Timer_PeriodicCheck
L 06/29/2025 - 14:24:20: [SM] Exception reported: Invalid convar handle 0 (error 4)
L 06/29/2025 - 14:24:20: [SM] Blaming: ÒankrunFixhealth.smx
L 06/29/2025 - 14:24:20: [SM] Call stack trace:
L 06/29/2025 - 14:24:20: [SM]   [0] GetConVarString
L 06/29/2025 - 14:24:20: [SM]   [1] Line 138, C:\Users\Moises\Downloads\Compressed\sourcemod-1.11.0-git6968-windows\addons\sourcemod\scripting\ÒankrunFixhealth.sp::IsTankRunActive
L 06/29/2025 - 14:24:20: [SM]   [2] Line 36, C:\Users\Moises\Downloads\Compressed\sourcemod-1.11.0-git6968-windows\addons\sourcemod\scripting\ÒankrunFixhealth.sp::Timer_PeriodicCheck
L 06/29/2025 - 14:24:21: [SM] Exception reported: Invalid convar handle 0 (error 4)
L 06/29/2025 - 14:24:21: [SM] Blaming: ÒankrunFixhealth.smx
L 06/29/2025 - 14:24:21: [SM] Call stack trace:
L 06/29/2025 - 14:24:21: [SM]   [0] GetConVarString
L 06/29/2025 - 14:24:21: [SM]   [1] Line 138, C:\Users\Moises\Downloads\Compressed\sourcemod-1.11.0-git6968-windows\addons\sourcemod\scripting\ÒankrunFixhealth.sp::IsTankRunActive
L 06/29/2025 - 14:24:21: [SM]   [2] Line 79, C:\Users\Moises\Downloads\Compressed\sourcemod-1.11.0-git6968-windows\addons\sourcemod\scripting\ÒankrunFixhealth.sp::Event_PlayerDeath
L 06/29/2025 - 14:24:30: [SM] Exception reported: Invalid convar handle 0 (error 4)
L 06/29/2025 - 14:24:30: [SM] Blaming: ÒankrunFixhealth.smx
L 06/29/2025 - 14:24:30: [SM] Call stack trace:
L 06/29/2025 - 14:24:30: [SM]   [0] GetConVarString
L 06/29/2025 - 14:24:30: [SM]   [1] Line 138, C:\Users\Moises\Downloads\Compressed\sourcemod-1.11.0-git6968-windows\addons\sourcemod\scripting\ÒankrunFixhealth.sp::IsTankRunActive
L 06/29/2025 - 14:24:30: [SM]   [2] Line 36, C:\Users\Moises\Downloads\Compressed\sourcemod-1.11.0-git6968-windows\addons\sourcemod\scripting\ÒankrunFixhealth.sp::Timer_PeriodicCheck
L 06/29/2025 - 14:24:34: [SM] Exception reported: Invalid convar handle 0 (error 4)
L 06/29/2025 - 14:24:34: [SM] Blaming: ÒankrunFixhealth.smx
L 06/29/2025 - 14:24:34: [SM] Call stack trace:
L 06/29/2025 - 14:24:34: [SM]   [0] GetConVarString
L 06/29/2025 - 14:24:34: [SM]   [1] Line 138, C:\Users\Moises\Downloads\Compressed\sourcemod-1.11.0-git6968-windows\addons\sourcemod\scripting\ÒankrunFixhealth.sp::IsTankRunActive
L 06/29/2025 - 14:24:34: [SM]   [2] Line 79, C:\Users\Moises\Downloads\Compressed\sourcemod-1.11.0-git6968-windows\addons\sourcemod\scripting\ÒankrunFixhealth.sp::Event_PlayerDeath
L 06/29/2025 - 14:24:40: [SM] Exception reported: Invalid convar handle 0 (error 4)
L 06/29/2025 - 14:24:40: [SM] Blaming: ÒankrunFixhealth.smx
L 06/29/2025 - 14:24:40: [SM] Call stack trace:
L 06/29/2025 - 14:24:40: [SM]   [0] GetConVarString
L 06/29/2025 - 14:24:40: [SM]   [1] Line 138, C:\Users\Moises\Downloads\Compressed\sourcemod-1.11.0-git6968-windows\addons\sourcemod\scripting\ÒankrunFixhealth.sp::IsTankRunActive
L 06/29/2025 - 14:24:40: [SM]   [2] Line 36, C:\Users\Moises\Downloads\Compressed\sourcemod-1.11.0-git6968-windows\addons\sourcemod\scripting\ÒankrunFixhealth.sp::Timer_PeriodicCheck
L 06/29/2025 - 14:24:47: [SM] Exception reported: Invalid convar handle 0 (error 4)
L 06/29/2025 - 14:24:47: [SM] Blaming: ÒankrunFixhealth.smx
L 06/29/2025 - 14:24:47: [SM] Call stack trace:
L 06/29/2025 - 14:24:47: [SM]   [0] GetConVarString
L 06/29/2025 - 14:24:47: [SM]   [1] Line 138, C:\Users\Moises\Downloads\Compressed\sourcemod-1.11.0-git6968-windows\addons\sourcemod\scripting\ÒankrunFixhealth.sp::IsTankRunActive
L 06/29/2025 - 14:24:47: [SM]   [2] Line 79, C:\Users\Moises\Downloads\Compressed\sourcemod-1.11.0-git6968-windows\addons\sourcemod\scripting\ÒankrunFixhealth.sp::Event_PlayerDeath
L 06/29/2025 - 14:24:48: [SM] Exception reported: Invalid convar handle 0 (error 4)
L 06/29/2025 - 14:24:48: [SM] Blaming: ÒankrunFixhealth.smx
L 06/29/2025 - 14:24:48: [SM] Call stack trace:
L 06/29/2025 - 14:24:48: [SM]   [0] GetConVarString
L 06/29/2025 - 14:24:48: [SM]   [1] Line 138, C:\Users\Moises\Downloads\Compressed\sourcemod-1.11.0-git6968-windows\addons\sourcemod\scripting\ÒankrunFixhealth.sp::IsTankRunActive
L 06/29/2025 - 14:24:48: [SM]   [2] Line 91, C:\Users\Moises\Downloads\Compressed\sourcemod-1.11.0-git6968-windows\addons\sourcemod\scripting\ÒankrunFixhealth.sp::Event_MissionLost
L 06/29/2025 - 14:24:50: [SM] Exception reported: Invalid convar handle 0 (error 4)
L 06/29/2025 - 14:24:50: [SM] Blaming: ÒankrunFixhealth.smx
L 06/29/2025 - 14:24:50: [SM] Call stack trace:
L 06/29/2025 - 14:24:50: [SM]   [0] GetConVarString
L 06/29/2025 - 14:24:50: [SM]   [1] Line 138, C:\Users\Moises\Downloads\Compressed\sourcemod-1.11.0-git6968-windows\addons\sourcemod\scripting\ÒankrunFixhealth.sp::IsTankRunActive
L 06/29/2025 - 14:24:50: [SM]   [2] Line 36, C:\Users\Moises\Downloads\Compressed\sourcemod-1.11.0-git6968-windows\addons\sourcemod\scripting\ÒankrunFixhealth.sp::Timer_PeriodicCheck
L 06/29/2025 - 14:24:55: [SM] Exception reported: Invalid convar handle 0 (error 4)
L 06/29/2025 - 14:24:55: [SM] Blaming: ÒankrunFixhealth.smx
L 06/29/2025 - 14:24:55: [SM] Call stack trace:
L 06/29/2025 - 14:24:55: [SM]   [0] GetConVarString
L 06/29/2025 - 14:24:55: [SM]   [1] Line 138, C:\Users\Moises\Downloads\Compressed\sourcemod-1.11.0-git6968-windows\addons\sourcemod\scripting\ÒankrunFixhealth.sp::IsTankRunActive
L 06/29/2025 - 14:24:55: [SM]   [2] Line 54, C:\Users\Moises\Downloads\Compressed\sourcemod-1.11.0-git6968-windows\addons\sourcemod\scripting\ÒankrunFixhealth.sp::Event_RoundStart
L 06/29/2025 - 14:25:00: [SM] Exception reported: Invalid convar handle 0 (error 4)
L 06/29/2025 - 14:25:00: [SM] Blaming: ÒankrunFixhealth.smx
L 06/29/2025 - 14:25:00: [SM] Call stack trace:
L 06/29/2025 - 14:25:00: [SM]   [0] GetConVarString
L 06/29/2025 - 14:25:00: [SM]   [1] Line 138, C:\Users\Moises\Downloads\Compressed\sourcemod-1.11.0-git6968-windows\addons\sourcemod\scripting\ÒankrunFixhealth.sp::IsTankRunActive
L 06/29/2025 - 14:25:00: [SM]   [2] Line 36, C:\Users\Moises\Downloads\Compressed\sourcemod-1.11.0-git6968-windows\addons\sourcemod\scripting\ÒankrunFixhealth.sp::Timer_PeriodicCheck
L 06/29/2025 - 14:25:10: [SM] Exception reported: Invalid convar handle 0 (error 4)
L 06/29/2025 - 14:25:10: [SM] Blaming: ÒankrunFixhealth.smx
L 06/29/2025 - 14:25:10: [SM] Call stack trace:
L 06/29/2025 - 14:25:10: [SM]   [0] GetConVarString
L 06/29/2025 - 14:25:10: [SM]   [1] Line 138, C:\Users\Moises\Downloads\Compressed\sourcemod-1.11.0-git6968-windows\addons\sourcemod\scripting\ÒankrunFixhealth.sp::IsTankRunActive
L 06/29/2025 - 14:25:10: [SM]   [2] Line 36, C:\Users\Moises\Downloads\Compressed\sourcemod-1.11.0-git6968-windows\addons\sourcemod\scripting\ÒankrunFixhealth.sp::Timer_PeriodicCheck
L 06/29/2025 - 14:25:20: [SM] Exception reported: Invalid convar handle 0 (error 4)
L 06/29/2025 - 14:25:20: [SM] Blaming: ÒankrunFixhealth.smx
L 06/29/2025 - 14:25:20: [SM] Call stack trace:
L 06/29/2025 - 14:25:20: [SM]   [0] GetConVarString
L 06/29/2025 - 14:25:20: [SM]   [1] Line 138, C:\Users\Moises\Downloads\Compressed\sourcemod-1.11.0-git6968-windows\addons\sourcemod\scripting\ÒankrunFixhealth.sp::IsTankRunActive
L 06/29/2025 - 14:25:20: [SM]   [2] Line 36, C:\Users\Moises\Downloads\Compressed\sourcemod-1.11.0-git6968-windows\addons\sourcemod\scripting\ÒankrunFixhealth.sp::Timer_PeriodicCheck
L 06/29/2025 - 14:25:30: [SM] Exception reported: Invalid convar handle 0 (error 4)
L 06/29/2025 - 14:25:30: [SM] Blaming: ÒankrunFixhealth.smx
L 06/29/2025 - 14:25:30: [SM] Call stack trace:
L 06/29/2025 - 14:25:30: [SM]   [0] GetConVarString
L 06/29/2025 - 14:25:30: [SM]   [1] Line 138, C:\Users\Moises\Downloads\Compressed\sourcemod-1.11.0-git6968-windows\addons\sourcemod\scripting\ÒankrunFixhealth.sp::IsTankRunActive
L 06/29/2025 - 14:25:30: [SM]   [2] Line 36, C:\Users\Moises\Downloads\Compressed\sourcemod-1.11.0-git6968-windows\addons\sourcemod\scripting\ÒankrunFixhealth.sp::Timer_PeriodicCheck
L 06/29/2025 - 14:25:37: [SM] Exception reported: Invalid convar handle 0 (error 4)
L 06/29/2025 - 14:25:37: [SM] Blaming: ÒankrunFixhealth.smx
L 06/29/2025 - 14:25:37: [SM] Call stack trace:
L 06/29/2025 - 14:25:37: [SM]   [0] GetConVarString
L 06/29/2025 - 14:25:37: [SM]   [1] Line 138, C:\Users\Moises\Downloads\Compressed\sourcemod-1.11.0-git6968-windows\addons\sourcemod\scripting\ÒankrunFixhealth.sp::IsTankRunActive
L 06/29/2025 - 14:25:37: [SM]   [2] Line 79, C:\Users\Moises\Downloads\Compressed\sourcemod-1.11.0-git6968-windows\addons\sourcemod\scripting\ÒankrunFixhealth.sp::Event_PlayerDeath
L 06/29/2025 - 14:25:40: [SM] Exception reported: Invalid convar handle 0 (error 4)
L 06/29/2025 - 14:25:40: [SM] Blaming: ÒankrunFixhealth.smx
L 06/29/2025 - 14:25:40: [SM] Call stack trace:
L 06/29/2025 - 14:25:40: [SM]   [0] GetConVarString
L 06/29/2025 - 14:25:40: [SM]   [1] Line 138, C:\Users\Moises\Downloads\Compressed\sourcemod-1.11.0-git6968-windows\addons\sourcemod\scripting\ÒankrunFixhealth.sp::IsTankRunActive
L 06/29/2025 - 14:25:40: [SM]   [2] Line 36, C:\Users\Moises\Downloads\Compressed\sourcemod-1.11.0-git6968-windows\addons\sourcemod\scripting\ÒankrunFixhealth.sp::Timer_PeriodicCheck
L 06/29/2025 - 14:25:45: [SM] Exception reported: Invalid convar handle 0 (error 4)
L 06/29/2025 - 14:25:45: [SM] Blaming: ÒankrunFixhealth.smx
L 06/29/2025 - 14:25:45: [SM] Call stack trace:
L 06/29/2025 - 14:25:45: [SM]   [0] GetConVarString
L 06/29/2025 - 14:25:45: [SM]   [1] Line 138, C:\Users\Moises\Downloads\Compressed\sourcemod-1.11.0-git6968-windows\addons\sourcemod\scripting\ÒankrunFixhealth.sp::IsTankRunActive
L 06/29/2025 - 14:25:45: [SM]   [2] Line 79, C:\Users\Moises\Downloads\Compressed\sourcemod-1.11.0-git6968-windows\addons\sourcemod\scripting\ÒankrunFixhealth.sp::Event_PlayerDeath
L 06/29/2025 - 14:25:47: [SM] Exception reported: Invalid convar handle 0 (error 4)
L 06/29/2025 - 14:25:47: [SM] Blaming: ÒankrunFixhealth.smx
L 06/29/2025 - 14:25:47: [SM] Call stack trace:
L 06/29/2025 - 14:25:47: [SM]   [0] GetConVarString
L 06/29/2025 - 14:25:47: [SM]   [1] Line 138, C:\Users\Moises\Downloads\Compressed\sourcemod-1.11.0-git6968-windows\addons\sourcemod\scripting\ÒankrunFixhealth.sp::IsTankRunActive
L 06/29/2025 - 14:25:47: [SM]   [2] Line 79, C:\Users\Moises\Downloads\Compressed\sourcemod-1.11.0-git6968-windows\addons\sourcemod\scripting\ÒankrunFixhealth.sp::Event_PlayerDeath
L 06/29/2025 - 14:25:50: [SM] Exception reported: Invalid convar handle 0 (error 4)
L 06/29/2025 - 14:25:50: [SM] Blaming: ÒankrunFixhealth.smx
L 06/29/2025 - 14:25:50: [SM] Call stack trace:
L 06/29/2025 - 14:25:50: [SM]   [0] GetConVarString
L 06/29/2025 - 14:25:50: [SM]   [1] Line 138, C:\Users\Moises\Downloads\Compressed\sourcemod-1.11.0-git6968-windows\addons\sourcemod\scripting\ÒankrunFixhealth.sp::IsTankRunActive
L 06/29/2025 - 14:25:50: [SM]   [2] Line 36, C:\Users\Moises\Downloads\Compressed\sourcemod-1.11.0-git6968-windows\addons\sourcemod\scripting\ÒankrunFixhealth.sp::Timer_PeriodicCheck
L 06/29/2025 - 14:26:00: [SM] Exception reported: Invalid convar handle 0 (error 4)
L 06/29/2025 - 14:26:00: [SM] Blaming: ÒankrunFixhealth.smx
L 06/29/2025 - 14:26:00: [SM] Call stack trace:
L 06/29/2025 - 14:26:00: [SM]   [0] GetConVarString
L 06/29/2025 - 14:26:00: [SM]   [1] Line 138, C:\Users\Moises\Downloads\Compressed\sourcemod-1.11.0-git6968-windows\addons\sourcemod\scripting\ÒankrunFixhealth.sp::IsTankRunActive
L 06/29/2025 - 14:26:00: [SM]   [2] Line 36, C:\Users\Moises\Downloads\Compressed\sourcemod-1.11.0-git6968-windows\addons\sourcemod\scripting\ÒankrunFixhealth.sp::Timer_PeriodicCheck
L 06/29/2025 - 14:26:10: [SM] Exception reported: Invalid convar handle 0 (error 4)
L 06/29/2025 - 14:26:10: [SM] Blaming: ÒankrunFixhealth.smx
L 06/29/2025 - 14:26:10: [SM] Call stack trace:
L 06/29/2025 - 14:26:10: [SM]   [0] GetConVarString
L 06/29/2025 - 14:26:10: [SM]   [1] Line 138, C:\Users\Moises\Downloads\Compressed\sourcemod-1.11.0-git6968-windows\addons\sourcemod\scripting\ÒankrunFixhealth.sp::IsTankRunActive
L 06/29/2025 - 14:26:10: [SM]   [2] Line 36, C:\Users\Moises\Downloads\Compressed\sourcemod-1.11.0-git6968-windows\addons\sourcemod\scripting\ÒankrunFixhealth.sp::Timer_PeriodicCheck
L 06/29/2025 - 14:26:20: [SM] Exception reported: Invalid convar handle 0 (error 4)
L 06/29/2025 - 14:26:20: [SM] Blaming: ÒankrunFixhealth.smx
L 06/29/2025 - 14:26:20: [SM] Call stack trace:
L 06/29/2025 - 14:26:20: [SM]   [0] GetConVarString
L 06/29/2025 - 14:26:20: [SM]   [1] Line 138, C:\Users\Moises\Downloads\Compressed\sourcemod-1.11.0-git6968-windows\addons\sourcemod\scripting\ÒankrunFixhealth.sp::IsTankRunActive
L 06/29/2025 - 14:26:20: [SM]   [2] Line 36, C:\Users\Moises\Downloads\Compressed\sourcemod-1.11.0-git6968-windows\addons\sourcemod\scripting\ÒankrunFixhealth.sp::Timer_PeriodicCheck
L 06/29/2025 - 14:26:30: [SM] Exception reported: Invalid convar handle 0 (error 4)
L 06/29/2025 - 14:26:30: [SM] Blaming: ÒankrunFixhealth.smx
L 06/29/2025 - 14:26:30: [SM] Call stack trace:
L 06/29/2025 - 14:26:30: [SM]   [0] GetConVarString
L 06/29/2025 - 14:26:30: [SM]   [1] Line 138, C:\Users\Moises\Downloads\Compressed\sourcemod-1.11.0-git6968-windows\addons\sourcemod\scripting\ÒankrunFixhealth.sp::IsTankRunActive
L 06/29/2025 - 14:26:30: [SM]   [2] Line 79, C:\Users\Moises\Downloads\Compressed\sourcemod-1.11.0-git6968-windows\addons\sourcemod\scripting\ÒankrunFixhealth.sp::Event_PlayerDeath
L 06/29/2025 - 14:26:30: [SM] Exception reported: Invalid convar handle 0 (error 4)
L 06/29/2025 - 14:26:30: [SM] Blaming: ÒankrunFixhealth.smx
L 06/29/2025 - 14:26:30: [SM] Call stack trace:
L 06/29/2025 - 14:26:30: [SM]   [0] GetConVarString
L 06/29/2025 - 14:26:30: [SM]   [1] Line 138, C:\Users\Moises\Downloads\Compressed\sourcemod-1.11.0-git6968-windows\addons\sourcemod\scripting\ÒankrunFixhealth.sp::IsTankRunActive
L 06/29/2025 - 14:26:30: [SM]   [2] Line 91, C:\Users\Moises\Downloads\Compressed\sourcemod-1.11.0-git6968-windows\addons\sourcemod\scripting\ÒankrunFixhealth.sp::Event_MissionLost
L 06/29/2025 - 14:26:30: [SM] Exception reported: Invalid convar handle 0 (error 4)
L 06/29/2025 - 14:26:30: [SM] Blaming: ÒankrunFixhealth.smx
L 06/29/2025 - 14:26:30: [SM] Call stack trace:
L 06/29/2025 - 14:26:30: [SM]   [0] GetConVarString
L 06/29/2025 - 14:26:30: [SM]   [1] Line 138, C:\Users\Moises\Downloads\Compressed\sourcemod-1.11.0-git6968-windows\addons\sourcemod\scripting\ÒankrunFixhealth.sp::IsTankRunActive
L 06/29/2025 - 14:26:30: [SM]   [2] Line 36, C:\Users\Moises\Downloads\Compressed\sourcemod-1.11.0-git6968-windows\addons\sourcemod\scripting\ÒankrunFixhealth.sp::Timer_PeriodicCheck
L 06/29/2025 - 14:26:32: [SM] Exception reported: Invalid convar handle 0 (error 4)
L 06/29/2025 - 14:26:32: [SM] Blaming: ÒankrunFixhealth.smx
L 06/29/2025 - 14:26:32: [SM] Call stack trace:
L 06/29/2025 - 14:26:32: [SM]   [0] GetConVarString
L 06/29/2025 - 14:26:32: [SM]   [1] Line 138, C:\Users\Moises\Downloads\Compressed\sourcemod-1.11.0-git6968-windows\addons\sourcemod\scripting\ÒankrunFixhealth.sp::IsTankRunActive
L 06/29/2025 - 14:26:32: [SM]   [2] Line 79, C:\Users\Moises\Downloads\Compressed\sourcemod-1.11.0-git6968-windows\addons\sourcemod\scripting\ÒankrunFixhealth.sp::Event_PlayerDeath
L 06/29/2025 - 14:26:37: [SM] Exception reported: Invalid convar handle 0 (error 4)
L 06/29/2025 - 14:26:37: [SM] Blaming: ÒankrunFixhealth.smx
L 06/29/2025 - 14:26:37: [SM] Call stack trace:
L 06/29/2025 - 14:26:37: [SM]   [0] GetConVarString
L 06/29/2025 - 14:26:37: [SM]   [1] Line 138, C:\Users\Moises\Downloads\Compressed\sourcemod-1.11.0-git6968-windows\addons\sourcemod\scripting\ÒankrunFixhealth.sp::IsTankRunActive
L 06/29/2025 - 14:26:37: [SM]   [2] Line 54, C:\Users\Moises\Downloads\Compressed\sourcemod-1.11.0-git6968-windows\addons\sourcemod\scripting\ÒankrunFixhealth.sp::Event_RoundStart
L 06/29/2025 - 14:26:40: [SM] Exception reported: Invalid convar handle 0 (error 4)
L 06/29/2025 - 14:26:40: [SM] Blaming: ÒankrunFixhealth.smx
L 06/29/2025 - 14:26:40: [SM] Call stack trace:
L 06/29/2025 - 14:26:40: [SM]   [0] GetConVarString
L 06/29/2025 - 14:26:40: [SM]   [1] Line 138, C:\Users\Moises\Downloads\Compressed\sourcemod-1.11.0-git6968-windows\addons\sourcemod\scripting\ÒankrunFixhealth.sp::IsTankRunActive
L 06/29/2025 - 14:26:40: [SM]   [2] Line 36, C:\Users\Moises\Downloads\Compressed\sourcemod-1.11.0-git6968-windows\addons\sourcemod\scripting\ÒankrunFixhealth.sp::Timer_PeriodicCheck
L 06/29/2025 - 14:26:50: [SM] Exception reported: Invalid convar handle 0 (error 4)
L 06/29/2025 - 14:26:50: [SM] Blaming: ÒankrunFixhealth.smx
L 06/29/2025 - 14:26:50: [SM] Call stack trace:
L 06/29/2025 - 14:26:50: [SM]   [0] GetConVarString
L 06/29/2025 - 14:26:50: [SM]   [1] Line 138, C:\Users\Moises\Downloads\Compressed\sourcemod-1.11.0-git6968-windows\addons\sourcemod\scripting\ÒankrunFixhealth.sp::IsTankRunActive
L 06/29/2025 - 14:26:50: [SM]   [2] Line 36, C:\Users\Moises\Downloads\Compressed\sourcemod-1.11.0-git6968-windows\addons\sourcemod\scripting\ÒankrunFixhealth.sp::Timer_PeriodicCheck
L 06/29/2025 - 14:27:00: [SM] Exception reported: Invalid convar handle 0 (error 4)
L 06/29/2025 - 14:27:00: [SM] Blaming: ÒankrunFixhealth.smx
L 06/29/2025 - 14:27:00: [SM] Call stack trace:
L 06/29/2025 - 14:27:00: [SM]   [0] GetConVarString
L 06/29/2025 - 14:27:00: [SM]   [1] Line 138, C:\Users\Moises\Downloads\Compressed\sourcemod-1.11.0-git6968-windows\addons\sourcemod\scripting\ÒankrunFixhealth.sp::IsTankRunActive
L 06/29/2025 - 14:27:00: [SM]   [2] Line 36, C:\Users\Moises\Downloads\Compressed\sourcemod-1.11.0-git6968-windows\addons\sourcemod\scripting\ÒankrunFixhealth.sp::Timer_PeriodicCheck
L 06/29/2025 - 14:27:10: [SM] Exception reported: Invalid convar handle 0 (error 4)
L 06/29/2025 - 14:27:10: [SM] Blaming: ÒankrunFixhealth.smx
L 06/29/2025 - 14:27:10: [SM] Call stack trace:
L 06/29/2025 - 14:27:10: [SM]   [0] GetConVarString
L 06/29/2025 - 14:27:10: [SM]   [1] Line 138, C:\Users\Moises\Downloads\Compressed\sourcemod-1.11.0-git6968-windows\addons\sourcemod\scripting\ÒankrunFixhealth.sp::IsTankRunActive
L 06/29/2025 - 14:27:10: [SM]   [2] Line 36, C:\Users\Moises\Downloads\Compressed\sourcemod-1.11.0-git6968-windows\addons\sourcemod\scripting\ÒankrunFixhealth.sp::Timer_PeriodicCheck
L 06/29/2025 - 14:27:20: [SM] Exception reported: Invalid convar handle 0 (error 4)
L 06/29/2025 - 14:27:20: [SM] Blaming: ÒankrunFixhealth.smx
L 06/29/2025 - 14:27:20: [SM] Call stack trace:
L 06/29/2025 - 14:27:20: [SM]   [0] GetConVarString
L 06/29/2025 - 14:27:20: [SM]   [1] Line 138, C:\Users\Moises\Downloads\Compressed\sourcemod-1.11.0-git6968-windows\addons\sourcemod\scripting\ÒankrunFixhealth.sp::IsTankRunActive
L 06/29/2025 - 14:27:20: [SM]   [2] Line 36, C:\Users\Moises\Downloads\Compressed\sourcemod-1.11.0-git6968-windows\addons\sourcemod\scripting\ÒankrunFixhealth.sp::Timer_PeriodicCheck
L 06/29/2025 - 14:27:30: [SM] Exception reported: Invalid convar handle 0 (error 4)
L 06/29/2025 - 14:27:30: [SM] Blaming: ÒankrunFixhealth.smx
L 06/29/2025 - 14:27:30: [SM] Call stack trace:
L 06/29/2025 - 14:27:30: [SM]   [0] GetConVarString
L 06/29/2025 - 14:27:30: [SM]   [1] Line 138, C:\Users\Moises\Downloads\Compressed\sourcemod-1.11.0-git6968-windows\addons\sourcemod\scripting\ÒankrunFixhealth.sp::IsTankRunActive
L 06/29/2025 - 14:27:30: [SM]   [2] Line 36, C:\Users\Moises\Downloads\Compressed\sourcemod-1.11.0-git6968-windows\addons\sourcemod\scripting\ÒankrunFixhealth.sp::Timer_PeriodicCheck
L 06/29/2025 - 14:27:40: [SM] Exception reported: Invalid convar handle 0 (error 4)
L 06/29/2025 - 14:27:40: [SM] Blaming: ÒankrunFixhealth.smx
L 06/29/2025 - 14:27:40: [SM] Call stack trace:
L 06/29/2025 - 14:27:40: [SM]   [0] GetConVarString
L 06/29/2025 - 14:27:40: [SM]   [1] Line 138, C:\Users\Moises\Downloads\Compressed\sourcemod-1.11.0-git6968-windows\addons\sourcemod\scripting\ÒankrunFixhealth.sp::IsTankRunActive
L 06/29/2025 - 14:27:40: [SM]   [2] Line 36, C:\Users\Moises\Downloads\Compressed\sourcemod-1.11.0-git6968-windows\addons\sourcemod\scripting\ÒankrunFixhealth.sp::Timer_PeriodicCheck
L 06/29/2025 - 14:27:46: [SM] Exception reported: Invalid convar handle 0 (error 4)
L 06/29/2025 - 14:27:46: [SM] Blaming: ÒankrunFixhealth.smx
L 06/29/2025 - 14:27:46: [SM] Call stack trace:
L 06/29/2025 - 14:27:46: [SM]   [0] GetConVarString
L 06/29/2025 - 14:27:46: [SM]   [1] Line 138, C:\Users\Moises\Downloads\Compressed\sourcemod-1.11.0-git6968-windows\addons\sourcemod\scripting\ÒankrunFixhealth.sp::IsTankRunActive
L 06/29/2025 - 14:27:46: [SM]   [2] Line 79, C:\Users\Moises\Downloads\Compressed\sourcemod-1.11.0-git6968-windows\addons\sourcemod\scripting\ÒankrunFixhealth.sp::Event_PlayerDeath
L 06/29/2025 - 14:27:47: [SM] Exception reported: Invalid convar handle 0 (error 4)
L 06/29/2025 - 14:27:47: [SM] Blaming: ÒankrunFixhealth.smx
L 06/29/2025 - 14:27:47: [SM] Call stack trace:
L 06/29/2025 - 14:27:47: [SM]   [0] GetConVarString
L 06/29/2025 - 14:27:47: [SM]   [1] Line 138, C:\Users\Moises\Downloads\Compressed\sourcemod-1.11.0-git6968-windows\addons\sourcemod\scripting\ÒankrunFixhealth.sp::IsTankRunActive
L 06/29/2025 - 14:27:47: [SM]   [2] Line 91, C:\Users\Moises\Downloads\Compressed\sourcemod-1.11.0-git6968-windows\addons\sourcemod\scripting\ÒankrunFixhealth.sp::Event_MissionLost
L 06/29/2025 - 14:27:50: [SM] Exception reported: Invalid convar handle 0 (error 4)
L 06/29/2025 - 14:27:50: [SM] Blaming: ÒankrunFixhealth.smx
L 06/29/2025 - 14:27:50: [SM] Call stack trace:
L 06/29/2025 - 14:27:50: [SM]   [0] GetConVarString
L 06/29/2025 - 14:27:50: [SM]   [1] Line 138, C:\Users\Moises\Downloads\Compressed\sourcemod-1.11.0-git6968-windows\addons\sourcemod\scripting\ÒankrunFixhealth.sp::IsTankRunActive
L 06/29/2025 - 14:27:50: [SM]   [2] Line 36, C:\Users\Moises\Downloads\Compressed\sourcemod-1.11.0-git6968-windows\addons\sourcemod\scripting\ÒankrunFixhealth.sp::Timer_PeriodicCheck
L 06/29/2025 - 14:27:54: [SM] Exception reported: Invalid convar handle 0 (error 4)
L 06/29/2025 - 14:27:54: [SM] Blaming: ÒankrunFixhealth.smx
L 06/29/2025 - 14:27:54: [SM] Call stack trace:
L 06/29/2025 - 14:27:54: [SM]   [0] GetConVarString
L 06/29/2025 - 14:27:54: [SM]   [1] Line 138, C:\Users\Moises\Downloads\Compressed\sourcemod-1.11.0-git6968-windows\addons\sourcemod\scripting\ÒankrunFixhealth.sp::IsTankRunActive
L 06/29/2025 - 14:27:54: [SM]   [2] Line 54, C:\Users\Moises\Downloads\Compressed\sourcemod-1.11.0-git6968-windows\addons\sourcemod\scripting\ÒankrunFixhealth.sp::Event_RoundStart
L 06/29/2025 - 14:28:00: [SM] Exception reported: Invalid convar handle 0 (error 4)
L 06/29/2025 - 14:28:00: [SM] Blaming: ÒankrunFixhealth.smx
L 06/29/2025 - 14:28:00: [SM] Call stack trace:
L 06/29/2025 - 14:28:00: [SM]   [0] GetConVarString
L 06/29/2025 - 14:28:00: [SM]   [1] Line 138, C:\Users\Moises\Downloads\Compressed\sourcemod-1.11.0-git6968-windows\addons\sourcemod\scripting\ÒankrunFixhealth.sp::IsTankRunActive
L 06/29/2025 - 14:28:00: [SM]   [2] Line 36, C:\Users\Moises\Downloads\Compressed\sourcemod-1.11.0-git6968-windows\addons\sourcemod\scripting\ÒankrunFixhealth.sp::Timer_PeriodicCheck
L 06/29/2025 - 14:28:10: [SM] Exception reported: Invalid convar handle 0 (error 4)
L 06/29/2025 - 14:28:10: [SM] Blaming: ÒankrunFixhealth.smx
L 06/29/2025 - 14:28:10: [SM] Call stack trace:
L 06/29/2025 - 14:28:10: [SM]   [0] GetConVarString
L 06/29/2025 - 14:28:10: [SM]   [1] Line 138, C:\Users\Moises\Downloads\Compressed\sourcemod-1.11.0-git6968-windows\addons\sourcemod\scripting\ÒankrunFixhealth.sp::IsTankRunActive
L 06/29/2025 - 14:28:10: [SM]   [2] Line 36, C:\Users\Moises\Downloads\Compressed\sourcemod-1.11.0-git6968-windows\addons\sourcemod\scripting\ÒankrunFixhealth.sp::Timer_PeriodicCheck
L 06/29/2025 - 14:28:20: [SM] Exception reported: Invalid convar handle 0 (error 4)
L 06/29/2025 - 14:28:20: [SM] Blaming: ÒankrunFixhealth.smx
L 06/29/2025 - 14:28:20: [SM] Call stack trace:
L 06/29/2025 - 14:28:20: [SM]   [0] GetConVarString
L 06/29/2025 - 14:28:20: [SM]   [1] Line 138, C:\Users\Moises\Downloads\Compressed\sourcemod-1.11.0-git6968-windows\addons\sourcemod\scripting\ÒankrunFixhealth.sp::IsTankRunActive
L 06/29/2025 - 14:28:20: [SM]   [2] Line 79, C:\Users\Moises\Downloads\Compressed\sourcemod-1.11.0-git6968-windows\addons\sourcemod\scripting\ÒankrunFixhealth.sp::Event_PlayerDeath
L 06/29/2025 - 14:28:20: [SM] Exception reported: Invalid convar handle 0 (error 4)
L 06/29/2025 - 14:28:20: [SM] Blaming: ÒankrunFixhealth.smx
L 06/29/2025 - 14:28:20: [SM] Call stack trace:
L 06/29/2025 - 14:28:20: [SM]   [0] GetConVarString
L 06/29/2025 - 14:28:20: [SM]   [1] Line 138, C:\Users\Moises\Downloads\Compressed\sourcemod-1.11.0-git6968-windows\addons\sourcemod\scripting\ÒankrunFixhealth.sp::IsTankRunActive
L 06/29/2025 - 14:28:20: [SM]   [2] Line 36, C:\Users\Moises\Downloads\Compressed\sourcemod-1.11.0-git6968-windows\addons\sourcemod\scripting\ÒankrunFixhealth.sp::Timer_PeriodicCheck
L 06/29/2025 - 14:28:28: [SM] Exception reported: Invalid convar handle 0 (error 4)
L 06/29/2025 - 14:28:28: [SM] Blaming: ÒankrunFixhealth.smx
L 06/29/2025 - 14:28:28: [SM] Call stack trace:
L 06/29/2025 - 14:28:28: [SM]   [0] GetConVarString
L 06/29/2025 - 14:28:28: [SM]   [1] Line 138, C:\Users\Moises\Downloads\Compressed\sourcemod-1.11.0-git6968-windows\addons\sourcemod\scripting\ÒankrunFixhealth.sp::IsTankRunActive
L 06/29/2025 - 14:28:28: [SM]   [2] Line 79, C:\Users\Moises\Downloads\Compressed\sourcemod-1.11.0-git6968-windows\addons\sourcemod\scripting\ÒankrunFixhealth.sp::Event_PlayerDeath
L 06/29/2025 - 14:28:29: [SM] Exception reported: Invalid convar handle 0 (error 4)
L 06/29/2025 - 14:28:29: [SM] Blaming: ÒankrunFixhealth.smx
L 06/29/2025 - 14:28:29: [SM] Call stack trace:
L 06/29/2025 - 14:28:29: [SM]   [0] GetConVarString
L 06/29/2025 - 14:28:29: [SM]   [1] Line 138, C:\Users\Moises\Downloads\Compressed\sourcemod-1.11.0-git6968-windows\addons\sourcemod\scripting\ÒankrunFixhealth.sp::IsTankRunActive
L 06/29/2025 - 14:28:29: [SM]   [2] Line 91, C:\Users\Moises\Downloads\Compressed\sourcemod-1.11.0-git6968-windows\addons\sourcemod\scripting\ÒankrunFixhealth.sp::Event_MissionLost
L 06/29/2025 - 14:28:30: [SM] Exception reported: Invalid convar handle 0 (error 4)
L 06/29/2025 - 14:28:30: [SM] Blaming: ÒankrunFixhealth.smx
L 06/29/2025 - 14:28:30: [SM] Call stack trace:
L 06/29/2025 - 14:28:30: [SM]   [0] GetConVarString
L 06/29/2025 - 14:28:30: [SM]   [1] Line 138, C:\Users\Moises\Downloads\Compressed\sourcemod-1.11.0-git6968-windows\addons\sourcemod\scripting\ÒankrunFixhealth.sp::IsTankRunActive
L 06/29/2025 - 14:28:30: [SM]   [2] Line 36, C:\Users\Moises\Downloads\Compressed\sourcemod-1.11.0-git6968-windows\addons\sourcemod\scripting\ÒankrunFixhealth.sp::Timer_PeriodicCheck
L 06/29/2025 - 14:28:36: [SM] Exception reported: Invalid convar handle 0 (error 4)
L 06/29/2025 - 14:28:36: [SM] Blaming: ÒankrunFixhealth.smx
L 06/29/2025 - 14:28:36: [SM] Call stack trace:
L 06/29/2025 - 14:28:36: [SM]   [0] GetConVarString
L 06/29/2025 - 14:28:36: [SM]   [1] Line 138, C:\Users\Moises\Downloads\Compressed\sourcemod-1.11.0-git6968-windows\addons\sourcemod\scripting\ÒankrunFixhealth.sp::IsTankRunActive
L 06/29/2025 - 14:28:36: [SM]   [2] Line 54, C:\Users\Moises\Downloads\Compressed\sourcemod-1.11.0-git6968-windows\addons\sourcemod\scripting\ÒankrunFixhealth.sp::Event_RoundStart
L 06/29/2025 - 14:28:40: [SM] Exception reported: Invalid convar handle 0 (error 4)
L 06/29/2025 - 14:28:40: [SM] Blaming: ÒankrunFixhealth.smx
L 06/29/2025 - 14:28:40: [SM] Call stack trace:
L 06/29/2025 - 14:28:40: [SM]   [0] GetConVarString
L 06/29/2025 - 14:28:40: [SM]   [1] Line 138, C:\Users\Moises\Downloads\Compressed\sourcemod-1.11.0-git6968-windows\addons\sourcemod\scripting\ÒankrunFixhealth.sp::IsTankRunActive
L 06/29/2025 - 14:28:40: [SM]   [2] Line 36, C:\Users\Moises\Downloads\Compressed\sourcemod-1.11.0-git6968-windows\addons\sourcemod\scripting\ÒankrunFixhealth.sp::Timer_PeriodicCheck
L 06/29/2025 - 14:28:50: [SM] Exception reported: Invalid convar handle 0 (error 4)
L 06/29/2025 - 14:28:50: [SM] Blaming: ÒankrunFixhealth.smx
L 06/29/2025 - 14:28:50: [SM] Call stack trace:
L 06/29/2025 - 14:28:50: [SM]   [0] GetConVarString
L 06/29/2025 - 14:28:50: [SM]   [1] Line 138, C:\Users\Moises\Downloads\Compressed\sourcemod-1.11.0-git6968-windows\addons\sourcemod\scripting\ÒankrunFixhealth.sp::IsTankRunActive
L 06/29/2025 - 14:28:50: [SM]   [2] Line 36, C:\Users\Moises\Downloads\Compressed\sourcemod-1.11.0-git6968-windows\addons\sourcemod\scripting\ÒankrunFixhealth.sp::Timer_PeriodicCheck
L 06/29/2025 - 14:29:00: [SM] Exception reported: Invalid convar handle 0 (error 4)
L 06/29/2025 - 14:29:00: [SM] Blaming: ÒankrunFixhealth.smx
L 06/29/2025 - 14:29:00: [SM] Call stack trace:
L 06/29/2025 - 14:29:00: [SM]   [0] GetConVarString
L 06/29/2025 - 14:29:00: [SM]   [1] Line 138, C:\Users\Moises\Downloads\Compressed\sourcemod-1.11.0-git6968-windows\addons\sourcemod\scripting\ÒankrunFixhealth.sp::IsTankRunActive
L 06/29/2025 - 14:29:00: [SM]   [2] Line 36, C:\Users\Moises\Downloads\Compressed\sourcemod-1.11.0-git6968-windows\addons\sourcemod\scripting\ÒankrunFixhealth.sp::Timer_PeriodicCheck
L 06/29/2025 - 14:29:10: [SM] Exception reported: Invalid convar handle 0 (error 4)
L 06/29/2025 - 14:29:10: [SM] Blaming: ÒankrunFixhealth.smx
L 06/29/2025 - 14:29:10: [SM] Call stack trace:
L 06/29/2025 - 14:29:10: [SM]   [0] GetConVarString
L 06/29/2025 - 14:29:10: [SM]   [1] Line 138, C:\Users\Moises\Downloads\Compressed\sourcemod-1.11.0-git6968-windows\addons\sourcemod\scripting\ÒankrunFixhealth.sp::IsTankRunActive
L 06/29/2025 - 14:29:10: [SM]   [2] Line 36, C:\Users\Moises\Downloads\Compressed\sourcemod-1.11.0-git6968-windows\addons\sourcemod\scripting\ÒankrunFixhealth.sp::Timer_PeriodicCheck
L 06/29/2025 - 14:29:20: [SM] Exception reported: Invalid convar handle 0 (error 4)
L 06/29/2025 - 14:29:20: [SM] Blaming: ÒankrunFixhealth.smx
L 06/29/2025 - 14:29:20: [SM] Call stack trace:
L 06/29/2025 - 14:29:20: [SM]   [0] GetConVarString
L 06/29/2025 - 14:29:20: [SM]   [1] Line 138, C:\Users\Moises\Downloads\Compressed\sourcemod-1.11.0-git6968-windows\addons\sourcemod\scripting\ÒankrunFixhealth.sp::IsTankRunActive
L 06/29/2025 - 14:29:20: [SM]   [2] Line 36, C:\Users\Moises\Downloads\Compressed\sourcemod-1.11.0-git6968-windows\addons\sourcemod\scripting\ÒankrunFixhealth.sp::Timer_PeriodicCheck
L 06/29/2025 - 14:29:30: [SM] Exception reported: Invalid convar handle 0 (error 4)
L 06/29/2025 - 14:29:30: [SM] Blaming: ÒankrunFixhealth.smx
L 06/29/2025 - 14:29:30: [SM] Call stack trace:
L 06/29/2025 - 14:29:30: [SM]   [0] GetConVarString
L 06/29/2025 - 14:29:30: [SM]   [1] Line 138, C:\Users\Moises\Downloads\Compressed\sourcemod-1.11.0-git6968-windows\addons\sourcemod\scripting\ÒankrunFixhealth.sp::IsTankRunActive
L 06/29/2025 - 14:29:30: [SM]   [2] Line 36, C:\Users\Moises\Downloads\Compressed\sourcemod-1.11.0-git6968-windows\addons\sourcemod\scripting\ÒankrunFixhealth.sp::Timer_PeriodicCheck
L 06/29/2025 - 14:29:40: [SM] Exception reported: Invalid convar handle 0 (error 4)
L 06/29/2025 - 14:29:40: [SM] Blaming: ÒankrunFixhealth.smx
L 06/29/2025 - 14:29:40: [SM] Call stack trace:
L 06/29/2025 - 14:29:40: [SM]   [0] GetConVarString
L 06/29/2025 - 14:29:40: [SM]   [1] Line 138, C:\Users\Moises\Downloads\Compressed\sourcemod-1.11.0-git6968-windows\addons\sourcemod\scripting\ÒankrunFixhealth.sp::IsTankRunActive
L 06/29/2025 - 14:29:40: [SM]   [2] Line 36, C:\Users\Moises\Downloads\Compressed\sourcemod-1.11.0-git6968-windows\addons\sourcemod\scripting\ÒankrunFixhealth.sp::Timer_PeriodicCheck
L 06/29/2025 - 14:29:50: [SM] Exception reported: Invalid convar handle 0 (error 4)
L 06/29/2025 - 14:29:50: [SM] Blaming: ÒankrunFixhealth.smx
L 06/29/2025 - 14:29:50: [SM] Call stack trace:
L 06/29/2025 - 14:29:50: [SM]   [0] GetConVarString
L 06/29/2025 - 14:29:50: [SM]   [1] Line 138, C:\Users\Moises\Downloads\Compressed\sourcemod-1.11.0-git6968-windows\addons\sourcemod\scripting\ÒankrunFixhealth.sp::IsTankRunActive
L 06/29/2025 - 14:29:50: [SM]   [2] Line 36, C:\Users\Moises\Downloads\Compressed\sourcemod-1.11.0-git6968-windows\addons\sourcemod\scripting\ÒankrunFixhealth.sp::Timer_PeriodicCheck
L 06/29/2025 - 14:30:00: [SM] Exception reported: Invalid convar handle 0 (error 4)
L 06/29/2025 - 14:30:00: [SM] Blaming: ÒankrunFixhealth.smx
L 06/29/2025 - 14:30:00: [SM] Call stack trace:
L 06/29/2025 - 14:30:00: [SM]   [0] GetConVarString
L 06/29/2025 - 14:30:00: [SM]   [1] Line 138, C:\Users\Moises\Downloads\Compressed\sourcemod-1.11.0-git6968-windows\addons\sourcemod\scripting\ÒankrunFixhealth.sp::IsTankRunActive
L 06/29/2025 - 14:30:00: [SM]   [2] Line 36, C:\Users\Moises\Downloads\Compressed\sourcemod-1.11.0-git6968-windows\addons\sourcemod\scripting\ÒankrunFixhealth.sp::Timer_PeriodicCheck
L 06/29/2025 - 14:30:10: [SM] Exception reported: Invalid convar handle 0 (error 4)
L 06/29/2025 - 14:30:10: [SM] Blaming: ÒankrunFixhealth.smx
L 06/29/2025 - 14:30:10: [SM] Call stack trace:
L 06/29/2025 - 14:30:10: [SM]   [0] GetConVarString
L 06/29/2025 - 14:30:10: [SM]   [1] Line 138, C:\Users\Moises\Downloads\Compressed\sourcemod-1.11.0-git6968-windows\addons\sourcemod\scripting\ÒankrunFixhealth.sp::IsTankRunActive
L 06/29/2025 - 14:30:10: [SM]   [2] Line 36, C:\Users\Moises\Downloads\Compressed\sourcemod-1.11.0-git6968-windows\addons\sourcemod\scripting\ÒankrunFixhealth.sp::Timer_PeriodicCheck
L 06/29/2025 - 14:30:17: [SM] Exception reported: Invalid convar handle 0 (error 4)
L 06/29/2025 - 14:30:17: [SM] Blaming: ÒankrunFixhealth.smx
L 06/29/2025 - 14:30:17: [SM] Call stack trace:
L 06/29/2025 - 14:30:17: [SM]   [0] GetConVarString
L 06/29/2025 - 14:30:17: [SM]   [1] Line 138, C:\Users\Moises\Downloads\Compressed\sourcemod-1.11.0-git6968-windows\addons\sourcemod\scripting\ÒankrunFixhealth.sp::IsTankRunActive
L 06/29/2025 - 14:30:17: [SM]   [2] Line 79, C:\Users\Moises\Downloads\Compressed\sourcemod-1.11.0-git6968-windows\addons\sourcemod\scripting\ÒankrunFixhealth.sp::Event_PlayerDeath
L 06/29/2025 - 14:30:18: [SM] Exception reported: Invalid convar handle 0 (error 4)
L 06/29/2025 - 14:30:18: [SM] Blaming: ÒankrunFixhealth.smx
L 06/29/2025 - 14:30:18: [SM] Call stack trace:
L 06/29/2025 - 14:30:18: [SM]   [0] GetConVarString
L 06/29/2025 - 14:30:18: [SM]   [1] Line 138, C:\Users\Moises\Downloads\Compressed\sourcemod-1.11.0-git6968-windows\addons\sourcemod\scripting\ÒankrunFixhealth.sp::IsTankRunActive
L 06/29/2025 - 14:30:18: [SM]   [2] Line 79, C:\Users\Moises\Downloads\Compressed\sourcemod-1.11.0-git6968-windows\addons\sourcemod\scripting\ÒankrunFixhealth.sp::Event_PlayerDeath
L 06/29/2025 - 14:30:20: [SM] Exception reported: Invalid convar handle 0 (error 4)
L 06/29/2025 - 14:30:20: [SM] Blaming: ÒankrunFixhealth.smx
L 06/29/2025 - 14:30:20: [SM] Call stack trace:
L 06/29/2025 - 14:30:20: [SM]   [0] GetConVarString
L 06/29/2025 - 14:30:20: [SM]   [1] Line 138, C:\Users\Moises\Downloads\Compressed\sourcemod-1.11.0-git6968-windows\addons\sourcemod\scripting\ÒankrunFixhealth.sp::IsTankRunActive
L 06/29/2025 - 14:30:20: [SM]   [2] Line 36, C:\Users\Moises\Downloads\Compressed\sourcemod-1.11.0-git6968-windows\addons\sourcemod\scripting\ÒankrunFixhealth.sp::Timer_PeriodicCheck
L 06/29/2025 - 14:30:30: [SM] Exception reported: Invalid convar handle 0 (error 4)
L 06/29/2025 - 14:30:30: [SM] Blaming: ÒankrunFixhealth.smx
L 06/29/2025 - 14:30:30: [SM] Call stack trace:
L 06/29/2025 - 14:30:30: [SM]   [0] GetConVarString
L 06/29/2025 - 14:30:30: [SM]   [1] Line 138, C:\Users\Moises\Downloads\Compressed\sourcemod-1.11.0-git6968-windows\addons\sourcemod\scripting\ÒankrunFixhealth.sp::IsTankRunActive
L 06/29/2025 - 14:30:30: [SM]   [2] Line 79, C:\Users\Moises\Downloads\Compressed\sourcemod-1.11.0-git6968-windows\addons\sourcemod\scripting\ÒankrunFixhealth.sp::Event_PlayerDeath
L 06/29/2025 - 14:30:30: [SM] Exception reported: Invalid convar handle 0 (error 4)
L 06/29/2025 - 14:30:30: [SM] Blaming: ÒankrunFixhealth.smx
L 06/29/2025 - 14:30:30: [SM] Call stack trace:
L 06/29/2025 - 14:30:30: [SM]   [0] GetConVarString
L 06/29/2025 - 14:30:30: [SM]   [1] Line 138, C:\Users\Moises\Downloads\Compressed\sourcemod-1.11.0-git6968-windows\addons\sourcemod\scripting\ÒankrunFixhealth.sp::IsTankRunActive
L 06/29/2025 - 14:30:30: [SM]   [2] Line 36, C:\Users\Moises\Downloads\Compressed\sourcemod-1.11.0-git6968-windows\addons\sourcemod\scripting\ÒankrunFixhealth.sp::Timer_PeriodicCheck
L 06/29/2025 - 14:30:40: [SM] Exception reported: Invalid convar handle 0 (error 4)
L 06/29/2025 - 14:30:40: [SM] Blaming: ÒankrunFixhealth.smx
L 06/29/2025 - 14:30:40: [SM] Call stack trace:
L 06/29/2025 - 14:30:40: [SM]   [0] GetConVarString
L 06/29/2025 - 14:30:40: [SM]   [1] Line 138, C:\Users\Moises\Downloads\Compressed\sourcemod-1.11.0-git6968-windows\addons\sourcemod\scripting\ÒankrunFixhealth.sp::IsTankRunActive
L 06/29/2025 - 14:30:40: [SM]   [2] Line 36, C:\Users\Moises\Downloads\Compressed\sourcemod-1.11.0-git6968-windows\addons\sourcemod\scripting\ÒankrunFixhealth.sp::Timer_PeriodicCheck
L 06/29/2025 - 14:30:50: [SM] Exception reported: Invalid convar handle 0 (error 4)
L 06/29/2025 - 14:30:50: [SM] Blaming: ÒankrunFixhealth.smx
L 06/29/2025 - 14:30:50: [SM] Call stack trace:
L 06/29/2025 - 14:30:50: [SM]   [0] GetConVarString
L 06/29/2025 - 14:30:50: [SM]   [1] Line 138, C:\Users\Moises\Downloads\Compressed\sourcemod-1.11.0-git6968-windows\addons\sourcemod\scripting\ÒankrunFixhealth.sp::IsTankRunActive
L 06/29/2025 - 14:30:50: [SM]   [2] Line 36, C:\Users\Moises\Downloads\Compressed\sourcemod-1.11.0-git6968-windows\addons\sourcemod\scripting\ÒankrunFixhealth.sp::Timer_PeriodicCheck
L 06/29/2025 - 14:31:00: [SM] Exception reported: Invalid convar handle 0 (error 4)
L 06/29/2025 - 14:31:00: [SM] Blaming: ÒankrunFixhealth.smx
L 06/29/2025 - 14:31:00: [SM] Call stack trace:
L 06/29/2025 - 14:31:00: [SM]   [0] GetConVarString
L 06/29/2025 - 14:31:00: [SM]   [1] Line 138, C:\Users\Moises\Downloads\Compressed\sourcemod-1.11.0-git6968-windows\addons\sourcemod\scripting\ÒankrunFixhealth.sp::IsTankRunActive
L 06/29/2025 - 14:31:00: [SM]   [2] Line 36, C:\Users\Moises\Downloads\Compressed\sourcemod-1.11.0-git6968-windows\addons\sourcemod\scripting\ÒankrunFixhealth.sp::Timer_PeriodicCheck
L 06/29/2025 - 14:31:10: [SM] Exception reported: Invalid convar handle 0 (error 4)
L 06/29/2025 - 14:31:10: [SM] Blaming: ÒankrunFixhealth.smx
L 06/29/2025 - 14:31:10: [SM] Call stack trace:
L 06/29/2025 - 14:31:10: [SM]   [0] GetConVarString
L 06/29/2025 - 14:31:10: [SM]   [1] Line 138, C:\Users\Moises\Downloads\Compressed\sourcemod-1.11.0-git6968-windows\addons\sourcemod\scripting\ÒankrunFixhealth.sp::IsTankRunActive
L 06/29/2025 - 14:31:10: [SM]   [2] Line 36, C:\Users\Moises\Downloads\Compressed\sourcemod-1.11.0-git6968-windows\addons\sourcemod\scripting\ÒankrunFixhealth.sp::Timer_PeriodicCheck
L 06/29/2025 - 14:31:15: [SM] Exception reported: Invalid convar handle 0 (error 4)
L 06/29/2025 - 14:31:15: [SM] Blaming: ÒankrunFixhealth.smx
L 06/29/2025 - 14:31:15: [SM] Call stack trace:
L 06/29/2025 - 14:31:15: [SM]   [0] GetConVarString
L 06/29/2025 - 14:31:15: [SM]   [1] Line 138, C:\Users\Moises\Downloads\Compressed\sourcemod-1.11.0-git6968-windows\addons\sourcemod\scripting\ÒankrunFixhealth.sp::IsTankRunActive
L 06/29/2025 - 14:31:15: [SM]   [2] Line 79, C:\Users\Moises\Downloads\Compressed\sourcemod-1.11.0-git6968-windows\addons\sourcemod\scripting\ÒankrunFixhealth.sp::Event_PlayerDeath
L 06/29/2025 - 14:31:16: [SM] Exception reported: Invalid convar handle 0 (error 4)
L 06/29/2025 - 14:31:16: [SM] Blaming: ÒankrunFixhealth.smx
L 06/29/2025 - 14:31:16: [SM] Call stack trace:
L 06/29/2025 - 14:31:16: [SM]   [0] GetConVarString
L 06/29/2025 - 14:31:16: [SM]   [1] Line 138, C:\Users\Moises\Downloads\Compressed\sourcemod-1.11.0-git6968-windows\addons\sourcemod\scripting\ÒankrunFixhealth.sp::IsTankRunActive
L 06/29/2025 - 14:31:16: [SM]   [2] Line 91, C:\Users\Moises\Downloads\Compressed\sourcemod-1.11.0-git6968-windows\addons\sourcemod\scripting\ÒankrunFixhealth.sp::Event_MissionLost
L 06/29/2025 - 14:31:17: [SM] Exception reported: Invalid convar handle 0 (error 4)
L 06/29/2025 - 14:31:17: [SM] Blaming: ÒankrunFixhealth.smx
L 06/29/2025 - 14:31:17: [SM] Call stack trace:
L 06/29/2025 - 14:31:17: [SM]   [0] GetConVarString
L 06/29/2025 - 14:31:17: [SM]   [1] Line 138, C:\Users\Moises\Downloads\Compressed\sourcemod-1.11.0-git6968-windows\addons\sourcemod\scripting\ÒankrunFixhealth.sp::IsTankRunActive
L 06/29/2025 - 14:31:17: [SM]   [2] Line 79, C:\Users\Moises\Downloads\Compressed\sourcemod-1.11.0-git6968-windows\addons\sourcemod\scripting\ÒankrunFixhealth.sp::Event_PlayerDeath
L 06/29/2025 - 14:31:20: [SM] Exception reported: Invalid convar handle 0 (error 4)
L 06/29/2025 - 14:31:20: [SM] Blaming: ÒankrunFixhealth.smx
L 06/29/2025 - 14:31:20: [SM] Call stack trace:
L 06/29/2025 - 14:31:20: [SM]   [0] GetConVarString
L 06/29/2025 - 14:31:20: [SM]   [1] Line 138, C:\Users\Moises\Downloads\Compressed\sourcemod-1.11.0-git6968-windows\addons\sourcemod\scripting\ÒankrunFixhealth.sp::IsTankRunActive
L 06/29/2025 - 14:31:20: [SM]   [2] Line 36, C:\Users\Moises\Downloads\Compressed\sourcemod-1.11.0-git6968-windows\addons\sourcemod\scripting\ÒankrunFixhealth.sp::Timer_PeriodicCheck
L 06/29/2025 - 14:31:23: [SM] Exception reported: Invalid convar handle 0 (error 4)
L 06/29/2025 - 14:31:23: [SM] Blaming: ÒankrunFixhealth.smx
L 06/29/2025 - 14:31:23: [SM] Call stack trace:
L 06/29/2025 - 14:31:23: [SM]   [0] GetConVarString
L 06/29/2025 - 14:31:23: [SM]   [1] Line 138, C:\Users\Moises\Downloads\Compressed\sourcemod-1.11.0-git6968-windows\addons\sourcemod\scripting\ÒankrunFixhealth.sp::IsTankRunActive
L 06/29/2025 - 14:31:23: [SM]   [2] Line 54, C:\Users\Moises\Downloads\Compressed\sourcemod-1.11.0-git6968-windows\addons\sourcemod\scripting\ÒankrunFixhealth.sp::Event_RoundStart
L 06/29/2025 - 14:31:23: [SM] Exception reported: Invalid timer handle 157003b0 (error 1)
L 06/29/2025 - 14:31:23: [SM] Blaming: l4d2_playerjoining_v2.smx
L 06/29/2025 - 14:31:23: [SM] Call stack trace:
L 06/29/2025 - 14:31:23: [SM]   [0] KillTimer
L 06/29/2025 - 14:31:23: [SM]   [1] Line 53, C:\Users\Moises\Downloads\Compressed\sourcemod-1.11.0-git6968-windows\addons\sourcemod\scripting\l4d2_playerjoining_v2.sp::OnClientDisconnect
L 06/29/2025 - 14:31:30: [SM] Exception reported: Invalid convar handle 0 (error 4)
L 06/29/2025 - 14:31:30: [SM] Blaming: ÒankrunFixhealth.smx
L 06/29/2025 - 14:31:30: [SM] Call stack trace:
L 06/29/2025 - 14:31:30: [SM]   [0] GetConVarString
L 06/29/2025 - 14:31:30: [SM]   [1] Line 138, C:\Users\Moises\Downloads\Compressed\sourcemod-1.11.0-git6968-windows\addons\sourcemod\scripting\ÒankrunFixhealth.sp::IsTankRunActive
L 06/29/2025 - 14:31:30: [SM]   [2] Line 36, C:\Users\Moises\Downloads\Compressed\sourcemod-1.11.0-git6968-windows\addons\sourcemod\scripting\ÒankrunFixhealth.sp::Timer_PeriodicCheck
L 06/29/2025 - 14:31:40: [SM] Exception reported: Invalid convar handle 0 (error 4)
L 06/29/2025 - 14:31:40: [SM] Blaming: ÒankrunFixhealth.smx
L 06/29/2025 - 14:31:40: [SM] Call stack trace:
L 06/29/2025 - 14:31:40: [SM]   [0] GetConVarString
L 06/29/2025 - 14:31:40: [SM]   [1] Line 138, C:\Users\Moises\Downloads\Compressed\sourcemod-1.11.0-git6968-windows\addons\sourcemod\scripting\ÒankrunFixhealth.sp::IsTankRunActive
L 06/29/2025 - 14:31:40: [SM]   [2] Line 36, C:\Users\Moises\Downloads\Compressed\sourcemod-1.11.0-git6968-windows\addons\sourcemod\scripting\ÒankrunFixhealth.sp::Timer_PeriodicCheck
L 06/29/2025 - 14:31:50: [SM] Exception reported: Invalid convar handle 0 (error 4)
L 06/29/2025 - 14:31:50: [SM] Blaming: ÒankrunFixhealth.smx
L 06/29/2025 - 14:31:50: [SM] Call stack trace:
L 06/29/2025 - 14:31:50: [SM]   [0] GetConVarString
L 06/29/2025 - 14:31:50: [SM]   [1] Line 138, C:\Users\Moises\Downloads\Compressed\sourcemod-1.11.0-git6968-windows\addons\sourcemod\scripting\ÒankrunFixhealth.sp::IsTankRunActive
L 06/29/2025 - 14:31:50: [SM]   [2] Line 36, C:\Users\Moises\Downloads\Compressed\sourcemod-1.11.0-git6968-windows\addons\sourcemod\scripting\ÒankrunFixhealth.sp::Timer_PeriodicCheck
L 06/29/2025 - 14:32:00: [SM] Exception reported: Invalid convar handle 0 (error 4)
L 06/29/2025 - 14:32:00: [SM] Blaming: ÒankrunFixhealth.smx
L 06/29/2025 - 14:32:00: [SM] Call stack trace:
L 06/29/2025 - 14:32:00: [SM]   [0] GetConVarString
L 06/29/2025 - 14:32:00: [SM]   [1] Line 138, C:\Users\Moises\Downloads\Compressed\sourcemod-1.11.0-git6968-windows\addons\sourcemod\scripting\ÒankrunFixhealth.sp::IsTankRunActive
L 06/29/2025 - 14:32:00: [SM]   [2] Line 36, C:\Users\Moises\Downloads\Compressed\sourcemod-1.11.0-git6968-windows\addons\sourcemod\scripting\ÒankrunFixhealth.sp::Timer_PeriodicCheck
L 06/29/2025 - 14:32:30: Error log file session closed.
L 06/29/2025 - 14:32:30: SourceMod error session started
L 06/29/2025 - 14:32:30: Info (map "c5m1_darkwaterfront") (file "e:\steamlibrary\steamapps\common\left 4 dead 2\left4dead2\addons\sourcemod\logs\errors_20250629.log")
L 06/29/2025 - 14:32:30: [SM] Fatal error encountered parsing translation file "l4d_nth.phrases.txt"
L 06/29/2025 - 14:32:30: [SM] Error (line 0, column 0): Stream failed to open
L 06/29/2025 - 14:32:30: [SM] Fatal error encountered parsing translation file "chargersteering.phrases.txt"
L 06/29/2025 - 14:32:30: [SM] Error (line 0, column 0): Stream failed to open
L 06/29/2025 - 14:32:30: [SM] Fatal error encountered parsing translation file "l4dmultislots.phrases.txt"
L 06/29/2025 - 14:32:30: [SM] Error (line 0, column 0): Stream failed to open
L 06/29/2025 - 14:32:30: [SM] Fatal error encountered parsing translation file "lilac.phrases.txt"
L 06/29/2025 - 14:32:30: [SM] Error (line 0, column 0): Stream failed to open
L 06/29/2025 - 14:32:30: [admin-flatfile.smx] Error(s) detected parsing addons\sourcemod\configs\admins.cfg
L 06/29/2025 - 14:32:30: [admin-flatfile.smx]  (line 37) A property was declared outside of a section
L 06/29/2025 - 14:32:32: [SM] Exception reported: Invalid convar handle 0 (error 4)
L 06/29/2025 - 14:32:32: [SM] Blaming: ÒankrunFixhealth.smx
L 06/29/2025 - 14:32:32: [SM] Call stack trace:
L 06/29/2025 - 14:32:32: [SM]   [0] GetConVarString
L 06/29/2025 - 14:32:32: [SM]   [1] Line 138, C:\Users\Moises\Downloads\Compressed\sourcemod-1.11.0-git6968-windows\addons\sourcemod\scripting\ÒankrunFixhealth.sp::IsTankRunActive
L 06/29/2025 - 14:32:32: [SM]   [2] Line 54, C:\Users\Moises\Downloads\Compressed\sourcemod-1.11.0-git6968-windows\addons\sourcemod\scripting\ÒankrunFixhealth.sp::Event_RoundStart
L 06/29/2025 - 14:32:42: [SM] Exception reported: Invalid convar handle 0 (error 4)
L 06/29/2025 - 14:32:42: [SM] Blaming: ÒankrunFixhealth.smx
L 06/29/2025 - 14:32:42: [SM] Call stack trace:
L 06/29/2025 - 14:32:42: [SM]   [0] GetConVarString
L 06/29/2025 - 14:32:42: [SM]   [1] Line 138, C:\Users\Moises\Downloads\Compressed\sourcemod-1.11.0-git6968-windows\addons\sourcemod\scripting\ÒankrunFixhealth.sp::IsTankRunActive
L 06/29/2025 - 14:32:42: [SM]   [2] Line 36, C:\Users\Moises\Downloads\Compressed\sourcemod-1.11.0-git6968-windows\addons\sourcemod\scripting\ÒankrunFixhealth.sp::Timer_PeriodicCheck
L 06/29/2025 - 14:32:45: [SM] Exception reported: Language phrase "Impossible to generate a bot at the moment." not found (arg 5)
L 06/29/2025 - 14:32:45: [SM] Blaming: l4dmultislots.smx
L 06/29/2025 - 14:32:45: [SM] Call stack trace:
L 06/29/2025 - 14:32:45: [SM]   [0] PrintHintText
L 06/29/2025 - 14:32:45: [SM]   [1] Line 765, d:\Github\Private-Work\L4D2-Êèí‰ª∂\scripting_1.11\l4dmultislots.sp::JoinTeam_ColdDown
L 06/29/2025 - 14:32:52: [SM] Exception reported: Invalid convar handle 0 (error 4)
L 06/29/2025 - 14:32:52: [SM] Blaming: ÒankrunFixhealth.smx
L 06/29/2025 - 14:32:52: [SM] Call stack trace:
L 06/29/2025 - 14:32:52: [SM]   [0] GetConVarString
L 06/29/2025 - 14:32:52: [SM]   [1] Line 138, C:\Users\Moises\Downloads\Compressed\sourcemod-1.11.0-git6968-windows\addons\sourcemod\scripting\ÒankrunFixhealth.sp::IsTankRunActive
L 06/29/2025 - 14:32:52: [SM]   [2] Line 36, C:\Users\Moises\Downloads\Compressed\sourcemod-1.11.0-git6968-windows\addons\sourcemod\scripting\ÒankrunFixhealth.sp::Timer_PeriodicCheck
L 06/29/2025 - 14:33:02: [SM] Exception reported: Invalid convar handle 0 (error 4)
L 06/29/2025 - 14:33:02: [SM] Blaming: ÒankrunFixhealth.smx
L 06/29/2025 - 14:33:02: [SM] Call stack trace:
L 06/29/2025 - 14:33:02: [SM]   [0] GetConVarString
L 06/29/2025 - 14:33:02: [SM]   [1] Line 138, C:\Users\Moises\Downloads\Compressed\sourcemod-1.11.0-git6968-windows\addons\sourcemod\scripting\ÒankrunFixhealth.sp::IsTankRunActive
L 06/29/2025 - 14:33:02: [SM]   [2] Line 36, C:\Users\Moises\Downloads\Compressed\sourcemod-1.11.0-git6968-windows\addons\sourcemod\scripting\ÒankrunFixhealth.sp::Timer_PeriodicCheck
L 06/29/2025 - 14:33:12: [SM] Exception reported: Invalid convar handle 0 (error 4)
L 06/29/2025 - 14:33:12: [SM] Blaming: ÒankrunFixhealth.smx
L 06/29/2025 - 14:33:12: [SM] Call stack trace:
L 06/29/2025 - 14:33:12: [SM]   [0] GetConVarString
L 06/29/2025 - 14:33:12: [SM]   [1] Line 138, C:\Users\Moises\Downloads\Compressed\sourcemod-1.11.0-git6968-windows\addons\sourcemod\scripting\ÒankrunFixhealth.sp::IsTankRunActive
L 06/29/2025 - 14:33:12: [SM]   [2] Line 36, C:\Users\Moises\Downloads\Compressed\sourcemod-1.11.0-git6968-windows\addons\sourcemod\scripting\ÒankrunFixhealth.sp::Timer_PeriodicCheck
L 06/29/2025 - 14:33:20: [SM] Exception reported: Invalid convar handle 0 (error 4)
L 06/29/2025 - 14:33:20: [SM] Blaming: ÒankrunFixhealth.smx
L 06/29/2025 - 14:33:20: [SM] Call stack trace:
L 06/29/2025 - 14:33:20: [SM]   [0] GetConVarString
L 06/29/2025 - 14:33:20: [SM]   [1] Line 138, C:\Users\Moises\Downloads\Compressed\sourcemod-1.11.0-git6968-windows\addons\sourcemod\scripting\ÒankrunFixhealth.sp::IsTankRunActive
L 06/29/2025 - 14:33:20: [SM]   [2] Line 79, C:\Users\Moises\Downloads\Compressed\sourcemod-1.11.0-git6968-windows\addons\sourcemod\scripting\ÒankrunFixhealth.sp::Event_PlayerDeath
L 06/29/2025 - 14:33:21: [SM] Exception reported: Invalid convar handle 0 (error 4)
L 06/29/2025 - 14:33:21: [SM] Blaming: ÒankrunFixhealth.smx
L 06/29/2025 - 14:33:21: [SM] Call stack trace:
L 06/29/2025 - 14:33:21: [SM]   [0] GetConVarString
L 06/29/2025 - 14:33:21: [SM]   [1] Line 138, C:\Users\Moises\Downloads\Compressed\sourcemod-1.11.0-git6968-windows\addons\sourcemod\scripting\ÒankrunFixhealth.sp::IsTankRunActive
L 06/29/2025 - 14:33:21: [SM]   [2] Line 79, C:\Users\Moises\Downloads\Compressed\sourcemod-1.11.0-git6968-windows\addons\sourcemod\scripting\ÒankrunFixhealth.sp::Event_PlayerDeath
L 06/29/2025 - 14:33:22: [SM] Exception reported: Invalid convar handle 0 (error 4)
L 06/29/2025 - 14:33:22: [SM] Blaming: ÒankrunFixhealth.smx
L 06/29/2025 - 14:33:22: [SM] Call stack trace:
L 06/29/2025 - 14:33:22: [SM]   [0] GetConVarString
L 06/29/2025 - 14:33:22: [SM]   [1] Line 138, C:\Users\Moises\Downloads\Compressed\sourcemod-1.11.0-git6968-windows\addons\sourcemod\scripting\ÒankrunFixhealth.sp::IsTankRunActive
L 06/29/2025 - 14:33:22: [SM]   [2] Line 36, C:\Users\Moises\Downloads\Compressed\sourcemod-1.11.0-git6968-windows\addons\sourcemod\scripting\ÒankrunFixhealth.sp::Timer_PeriodicCheck
L 06/29/2025 - 14:33:23: [SM] Exception reported: Invalid convar handle 0 (error 4)
L 06/29/2025 - 14:33:23: [SM] Blaming: ÒankrunFixhealth.smx
L 06/29/2025 - 14:33:23: [SM] Call stack trace:
L 06/29/2025 - 14:33:23: [SM]   [0] GetConVarString
L 06/29/2025 - 14:33:23: [SM]   [1] Line 138, C:\Users\Moises\Downloads\Compressed\sourcemod-1.11.0-git6968-windows\addons\sourcemod\scripting\ÒankrunFixhealth.sp::IsTankRunActive
L 06/29/2025 - 14:33:23: [SM]   [2] Line 79, C:\Users\Moises\Downloads\Compressed\sourcemod-1.11.0-git6968-windows\addons\sourcemod\scripting\ÒankrunFixhealth.sp::Event_PlayerDeath
L 06/29/2025 - 14:33:32: [SM] Exception reported: Invalid convar handle 0 (error 4)
L 06/29/2025 - 14:33:32: [SM] Blaming: ÒankrunFixhealth.smx
L 06/29/2025 - 14:33:32: [SM] Call stack trace:
L 06/29/2025 - 14:33:32: [SM]   [0] GetConVarString
L 06/29/2025 - 14:33:32: [SM]   [1] Line 138, C:\Users\Moises\Downloads\Compressed\sourcemod-1.11.0-git6968-windows\addons\sourcemod\scripting\ÒankrunFixhealth.sp::IsTankRunActive
L 06/29/2025 - 14:33:32: [SM]   [2] Line 36, C:\Users\Moises\Downloads\Compressed\sourcemod-1.11.0-git6968-windows\addons\sourcemod\scripting\ÒankrunFixhealth.sp::Timer_PeriodicCheck
L 06/29/2025 - 14:33:42: [SM] Exception reported: Invalid convar handle 0 (error 4)
L 06/29/2025 - 14:33:42: [SM] Blaming: ÒankrunFixhealth.smx
L 06/29/2025 - 14:33:42: [SM] Call stack trace:
L 06/29/2025 - 14:33:42: [SM]   [0] GetConVarString
L 06/29/2025 - 14:33:42: [SM]   [1] Line 138, C:\Users\Moises\Downloads\Compressed\sourcemod-1.11.0-git6968-windows\addons\sourcemod\scripting\ÒankrunFixhealth.sp::IsTankRunActive
L 06/29/2025 - 14:33:42: [SM]   [2] Line 36, C:\Users\Moises\Downloads\Compressed\sourcemod-1.11.0-git6968-windows\addons\sourcemod\scripting\ÒankrunFixhealth.sp::Timer_PeriodicCheck
L 06/29/2025 - 14:33:52: [SM] Exception reported: Invalid convar handle 0 (error 4)
L 06/29/2025 - 14:33:52: [SM] Blaming: ÒankrunFixhealth.smx
L 06/29/2025 - 14:33:52: [SM] Call stack trace:
L 06/29/2025 - 14:33:52: [SM]   [0] GetConVarString
L 06/29/2025 - 14:33:52: [SM]   [1] Line 138, C:\Users\Moises\Downloads\Compressed\sourcemod-1.11.0-git6968-windows\addons\sourcemod\scripting\ÒankrunFixhealth.sp::IsTankRunActive
L 06/29/2025 - 14:33:52: [SM]   [2] Line 36, C:\Users\Moises\Downloads\Compressed\sourcemod-1.11.0-git6968-windows\addons\sourcemod\scripting\ÒankrunFixhealth.sp::Timer_PeriodicCheck
L 06/29/2025 - 14:34:01: [SM] Exception reported: Language phrase "Please wait to be revived or rescued" not found (arg 6)
L 06/29/2025 - 14:34:01: [SM] Blaming: l4dmultislots.smx
L 06/29/2025 - 14:34:01: [SM] Call stack trace:
L 06/29/2025 - 14:34:01: [SM]   [0] PrintToChat
L 06/29/2025 - 14:34:01: [SM]   [1] Line 953, d:\Github\Private-Work\L4D2-Êèí‰ª∂\scripting_1.11\l4dmultislots.sp::Timer_SpecCheck
L 06/29/2025 - 14:34:02: [SM] Exception reported: Invalid convar handle 0 (error 4)
L 06/29/2025 - 14:34:02: [SM] Blaming: ÒankrunFixhealth.smx
L 06/29/2025 - 14:34:02: [SM] Call stack trace:
L 06/29/2025 - 14:34:02: [SM]   [0] GetConVarString
L 06/29/2025 - 14:34:02: [SM]   [1] Line 138, C:\Users\Moises\Downloads\Compressed\sourcemod-1.11.0-git6968-windows\addons\sourcemod\scripting\ÒankrunFixhealth.sp::IsTankRunActive
L 06/29/2025 - 14:34:02: [SM]   [2] Line 36, C:\Users\Moises\Downloads\Compressed\sourcemod-1.11.0-git6968-windows\addons\sourcemod\scripting\ÒankrunFixhealth.sp::Timer_PeriodicCheck
L 06/29/2025 - 14:34:12: [SM] Exception reported: Invalid convar handle 0 (error 4)
L 06/29/2025 - 14:34:12: [SM] Blaming: ÒankrunFixhealth.smx
L 06/29/2025 - 14:34:12: [SM] Call stack trace:
L 06/29/2025 - 14:34:12: [SM]   [0] GetConVarString
L 06/29/2025 - 14:34:12: [SM]   [1] Line 138, C:\Users\Moises\Downloads\Compressed\sourcemod-1.11.0-git6968-windows\addons\sourcemod\scripting\ÒankrunFixhealth.sp::IsTankRunActive
L 06/29/2025 - 14:34:12: [SM]   [2] Line 36, C:\Users\Moises\Downloads\Compressed\sourcemod-1.11.0-git6968-windows\addons\sourcemod\scripting\ÒankrunFixhealth.sp::Timer_PeriodicCheck
L 06/29/2025 - 14:34:22: [SM] Exception reported: Invalid convar handle 0 (error 4)
L 06/29/2025 - 14:34:22: [SM] Blaming: ÒankrunFixhealth.smx
L 06/29/2025 - 14:34:22: [SM] Call stack trace:
L 06/29/2025 - 14:34:22: [SM]   [0] GetConVarString
L 06/29/2025 - 14:34:22: [SM]   [1] Line 138, C:\Users\Moises\Downloads\Compressed\sourcemod-1.11.0-git6968-windows\addons\sourcemod\scripting\ÒankrunFixhealth.sp::IsTankRunActive
L 06/29/2025 - 14:34:22: [SM]   [2] Line 36, C:\Users\Moises\Downloads\Compressed\sourcemod-1.11.0-git6968-windows\addons\sourcemod\scripting\ÒankrunFixhealth.sp::Timer_PeriodicCheck
L 06/29/2025 - 14:34:32: [SM] Exception reported: Invalid convar handle 0 (error 4)
L 06/29/2025 - 14:34:32: [SM] Blaming: ÒankrunFixhealth.smx
L 06/29/2025 - 14:34:32: [SM] Call stack trace:
L 06/29/2025 - 14:34:32: [SM]   [0] GetConVarString
L 06/29/2025 - 14:34:32: [SM]   [1] Line 138, C:\Users\Moises\Downloads\Compressed\sourcemod-1.11.0-git6968-windows\addons\sourcemod\scripting\ÒankrunFixhealth.sp::IsTankRunActive
L 06/29/2025 - 14:34:32: [SM]   [2] Line 36, C:\Users\Moises\Downloads\Compressed\sourcemod-1.11.0-git6968-windows\addons\sourcemod\scripting\ÒankrunFixhealth.sp::Timer_PeriodicCheck
L 06/29/2025 - 14:34:35: [SM] Exception reported: Invalid convar handle 0 (error 4)
L 06/29/2025 - 14:34:35: [SM] Blaming: ÒankrunFixhealth.smx
L 06/29/2025 - 14:34:35: [SM] Call stack trace:
L 06/29/2025 - 14:34:35: [SM]   [0] GetConVarString
L 06/29/2025 - 14:34:35: [SM]   [1] Line 138, C:\Users\Moises\Downloads\Compressed\sourcemod-1.11.0-git6968-windows\addons\sourcemod\scripting\ÒankrunFixhealth.sp::IsTankRunActive
L 06/29/2025 - 14:34:35: [SM]   [2] Line 79, C:\Users\Moises\Downloads\Compressed\sourcemod-1.11.0-git6968-windows\addons\sourcemod\scripting\ÒankrunFixhealth.sp::Event_PlayerDeath
L 06/29/2025 - 14:34:36: [SM] Exception reported: Invalid convar handle 0 (error 4)
L 06/29/2025 - 14:34:36: [SM] Blaming: ÒankrunFixhealth.smx
L 06/29/2025 - 14:34:36: [SM] Call stack trace:
L 06/29/2025 - 14:34:36: [SM]   [0] GetConVarString
L 06/29/2025 - 14:34:36: [SM]   [1] Line 138, C:\Users\Moises\Downloads\Compressed\sourcemod-1.11.0-git6968-windows\addons\sourcemod\scripting\ÒankrunFixhealth.sp::IsTankRunActive
L 06/29/2025 - 14:34:36: [SM]   [2] Line 91, C:\Users\Moises\Downloads\Compressed\sourcemod-1.11.0-git6968-windows\addons\sourcemod\scripting\ÒankrunFixhealth.sp::Event_MissionLost
L 06/29/2025 - 14:34:42: [SM] Exception reported: Invalid convar handle 0 (error 4)
L 06/29/2025 - 14:34:42: [SM] Blaming: ÒankrunFixhealth.smx
L 06/29/2025 - 14:34:42: [SM] Call stack trace:
L 06/29/2025 - 14:34:42: [SM]   [0] GetConVarString
L 06/29/2025 - 14:34:42: [SM]   [1] Line 138, C:\Users\Moises\Downloads\Compressed\sourcemod-1.11.0-git6968-windows\addons\sourcemod\scripting\ÒankrunFixhealth.sp::IsTankRunActive
L 06/29/2025 - 14:34:42: [SM]   [2] Line 36, C:\Users\Moises\Downloads\Compressed\sourcemod-1.11.0-git6968-windows\addons\sourcemod\scripting\ÒankrunFixhealth.sp::Timer_PeriodicCheck
L 06/29/2025 - 14:34:43: [SM] Exception reported: Invalid convar handle 0 (error 4)
L 06/29/2025 - 14:34:43: [SM] Blaming: ÒankrunFixhealth.smx
L 06/29/2025 - 14:34:43: [SM] Call stack trace:
L 06/29/2025 - 14:34:43: [SM]   [0] GetConVarString
L 06/29/2025 - 14:34:43: [SM]   [1] Line 138, C:\Users\Moises\Downloads\Compressed\sourcemod-1.11.0-git6968-windows\addons\sourcemod\scripting\ÒankrunFixhealth.sp::IsTankRunActive
L 06/29/2025 - 14:34:43: [SM]   [2] Line 54, C:\Users\Moises\Downloads\Compressed\sourcemod-1.11.0-git6968-windows\addons\sourcemod\scripting\ÒankrunFixhealth.sp::Event_RoundStart
L 06/29/2025 - 14:34:43: [SM] Exception reported: Invalid timer handle a003c4 (error 1)
L 06/29/2025 - 14:34:43: [SM] Blaming: l4d2_playerjoining_v2.smx
L 06/29/2025 - 14:34:43: [SM] Call stack trace:
L 06/29/2025 - 14:34:43: [SM]   [0] KillTimer
L 06/29/2025 - 14:34:43: [SM]   [1] Line 53, C:\Users\Moises\Downloads\Compressed\sourcemod-1.11.0-git6968-windows\addons\sourcemod\scripting\l4d2_playerjoining_v2.sp::OnClientDisconnect
L 06/29/2025 - 14:34:52: [SM] Exception reported: Invalid convar handle 0 (error 4)
L 06/29/2025 - 14:34:52: [SM] Blaming: ÒankrunFixhealth.smx
L 06/29/2025 - 14:34:52: [SM] Call stack trace:
L 06/29/2025 - 14:34:52: [SM]   [0] GetConVarString
L 06/29/2025 - 14:34:52: [SM]   [1] Line 138, C:\Users\Moises\Downloads\Compressed\sourcemod-1.11.0-git6968-windows\addons\sourcemod\scripting\ÒankrunFixhealth.sp::IsTankRunActive
L 06/29/2025 - 14:34:52: [SM]   [2] Line 36, C:\Users\Moises\Downloads\Compressed\sourcemod-1.11.0-git6968-windows\addons\sourcemod\scripting\ÒankrunFixhealth.sp::Timer_PeriodicCheck
L 06/29/2025 - 14:35:02: [SM] Exception reported: Invalid convar handle 0 (error 4)
L 06/29/2025 - 14:35:02: [SM] Blaming: ÒankrunFixhealth.smx
L 06/29/2025 - 14:35:02: [SM] Call stack trace:
L 06/29/2025 - 14:35:02: [SM]   [0] GetConVarString
L 06/29/2025 - 14:35:02: [SM]   [1] Line 138, C:\Users\Moises\Downloads\Compressed\sourcemod-1.11.0-git6968-windows\addons\sourcemod\scripting\ÒankrunFixhealth.sp::IsTankRunActive
L 06/29/2025 - 14:35:02: [SM]   [2] Line 36, C:\Users\Moises\Downloads\Compressed\sourcemod-1.11.0-git6968-windows\addons\sourcemod\scripting\ÒankrunFixhealth.sp::Timer_PeriodicCheck
L 06/29/2025 - 14:35:04: [SM] Exception reported: Invalid convar handle 0 (error 4)
L 06/29/2025 - 14:35:04: [SM] Blaming: ÒankrunFixhealth.smx
L 06/29/2025 - 14:35:04: [SM] Call stack trace:
L 06/29/2025 - 14:35:04: [SM]   [0] GetConVarString
L 06/29/2025 - 14:35:04: [SM]   [1] Line 138, C:\Users\Moises\Downloads\Compressed\sourcemod-1.11.0-git6968-windows\addons\sourcemod\scripting\ÒankrunFixhealth.sp::IsTankRunActive
L 06/29/2025 - 14:35:04: [SM]   [2] Line 79, C:\Users\Moises\Downloads\Compressed\sourcemod-1.11.0-git6968-windows\addons\sourcemod\scripting\ÒankrunFixhealth.sp::Event_PlayerDeath
L 06/29/2025 - 14:35:05: [SM] Exception reported: Invalid convar handle 0 (error 4)
L 06/29/2025 - 14:35:05: [SM] Blaming: ÒankrunFixhealth.smx
L 06/29/2025 - 14:35:05: [SM] Call stack trace:
L 06/29/2025 - 14:35:05: [SM]   [0] GetConVarString
L 06/29/2025 - 14:35:05: [SM]   [1] Line 138, C:\Users\Moises\Downloads\Compressed\sourcemod-1.11.0-git6968-windows\addons\sourcemod\scripting\ÒankrunFixhealth.sp::IsTankRunActive
L 06/29/2025 - 14:35:05: [SM]   [2] Line 79, C:\Users\Moises\Downloads\Compressed\sourcemod-1.11.0-git6968-windows\addons\sourcemod\scripting\ÒankrunFixhealth.sp::Event_PlayerDeath
L 06/29/2025 - 14:35:06: [SM] Exception reported: Invalid convar handle 0 (error 4)
L 06/29/2025 - 14:35:06: [SM] Blaming: ÒankrunFixhealth.smx
L 06/29/2025 - 14:35:06: [SM] Call stack trace:
L 06/29/2025 - 14:35:06: [SM]   [0] GetConVarString
L 06/29/2025 - 14:35:06: [SM]   [1] Line 138, C:\Users\Moises\Downloads\Compressed\sourcemod-1.11.0-git6968-windows\addons\sourcemod\scripting\ÒankrunFixhealth.sp::IsTankRunActive
L 06/29/2025 - 14:35:06: [SM]   [2] Line 79, C:\Users\Moises\Downloads\Compressed\sourcemod-1.11.0-git6968-windows\addons\sourcemod\scripting\ÒankrunFixhealth.sp::Event_PlayerDeath
L 06/29/2025 - 14:35:12: [SM] Exception reported: Invalid convar handle 0 (error 4)
L 06/29/2025 - 14:35:12: [SM] Blaming: ÒankrunFixhealth.smx
L 06/29/2025 - 14:35:12: [SM] Call stack trace:
L 06/29/2025 - 14:35:12: [SM]   [0] GetConVarString
L 06/29/2025 - 14:35:12: [SM]   [1] Line 138, C:\Users\Moises\Downloads\Compressed\sourcemod-1.11.0-git6968-windows\addons\sourcemod\scripting\ÒankrunFixhealth.sp::IsTankRunActive
L 06/29/2025 - 14:35:12: [SM]   [2] Line 36, C:\Users\Moises\Downloads\Compressed\sourcemod-1.11.0-git6968-windows\addons\sourcemod\scripting\ÒankrunFixhealth.sp::Timer_PeriodicCheck
L 06/29/2025 - 14:35:22: [SM] Exception reported: Invalid convar handle 0 (error 4)
L 06/29/2025 - 14:35:22: [SM] Blaming: ÒankrunFixhealth.smx
L 06/29/2025 - 14:35:22: [SM] Call stack trace:
L 06/29/2025 - 14:35:22: [SM]   [0] GetConVarString
L 06/29/2025 - 14:35:22: [SM]   [1] Line 138, C:\Users\Moises\Downloads\Compressed\sourcemod-1.11.0-git6968-windows\addons\sourcemod\scripting\ÒankrunFixhealth.sp::IsTankRunActive
L 06/29/2025 - 14:35:22: [SM]   [2] Line 36, C:\Users\Moises\Downloads\Compressed\sourcemod-1.11.0-git6968-windows\addons\sourcemod\scripting\ÒankrunFixhealth.sp::Timer_PeriodicCheck
L 06/29/2025 - 14:35:32: [SM] Exception reported: Invalid convar handle 0 (error 4)
L 06/29/2025 - 14:35:32: [SM] Blaming: ÒankrunFixhealth.smx
L 06/29/2025 - 14:35:32: [SM] Call stack trace:
L 06/29/2025 - 14:35:32: [SM]   [0] GetConVarString
L 06/29/2025 - 14:35:32: [SM]   [1] Line 138, C:\Users\Moises\Downloads\Compressed\sourcemod-1.11.0-git6968-windows\addons\sourcemod\scripting\ÒankrunFixhealth.sp::IsTankRunActive
L 06/29/2025 - 14:35:32: [SM]   [2] Line 36, C:\Users\Moises\Downloads\Compressed\sourcemod-1.11.0-git6968-windows\addons\sourcemod\scripting\ÒankrunFixhealth.sp::Timer_PeriodicCheck
L 06/29/2025 - 14:35:42: [SM] Exception reported: Invalid convar handle 0 (error 4)
L 06/29/2025 - 14:35:42: [SM] Blaming: ÒankrunFixhealth.smx
L 06/29/2025 - 14:35:42: [SM] Call stack trace:
L 06/29/2025 - 14:35:42: [SM]   [0] GetConVarString
L 06/29/2025 - 14:35:42: [SM]   [1] Line 138, C:\Users\Moises\Downloads\Compressed\sourcemod-1.11.0-git6968-windows\addons\sourcemod\scripting\ÒankrunFixhealth.sp::IsTankRunActive
L 06/29/2025 - 14:35:42: [SM]   [2] Line 36, C:\Users\Moises\Downloads\Compressed\sourcemod-1.11.0-git6968-windows\addons\sourcemod\scripting\ÒankrunFixhealth.sp::Timer_PeriodicCheck
L 06/29/2025 - 14:35:52: [SM] Exception reported: Invalid convar handle 0 (error 4)
L 06/29/2025 - 14:35:52: [SM] Blaming: ÒankrunFixhealth.smx
L 06/29/2025 - 14:35:52: [SM] Call stack trace:
L 06/29/2025 - 14:35:52: [SM]   [0] GetConVarString
L 06/29/2025 - 14:35:52: [SM]   [1] Line 138, C:\Users\Moises\Downloads\Compressed\sourcemod-1.11.0-git6968-windows\addons\sourcemod\scripting\ÒankrunFixhealth.sp::IsTankRunActive
L 06/29/2025 - 14:35:52: [SM]   [2] Line 36, C:\Users\Moises\Downloads\Compressed\sourcemod-1.11.0-git6968-windows\addons\sourcemod\scripting\ÒankrunFixhealth.sp::Timer_PeriodicCheck
L 06/29/2025 - 14:35:58: [SM] Exception reported: Invalid convar handle 0 (error 4)
L 06/29/2025 - 14:35:58: [SM] Blaming: ÒankrunFixhealth.smx
L 06/29/2025 - 14:35:58: [SM] Call stack trace:
L 06/29/2025 - 14:35:58: [SM]   [0] GetConVarString
L 06/29/2025 - 14:35:58: [SM]   [1] Line 138, C:\Users\Moises\Downloads\Compressed\sourcemod-1.11.0-git6968-windows\addons\sourcemod\scripting\ÒankrunFixhealth.sp::IsTankRunActive
L 06/29/2025 - 14:35:58: [SM]   [2] Line 79, C:\Users\Moises\Downloads\Compressed\sourcemod-1.11.0-git6968-windows\addons\sourcemod\scripting\ÒankrunFixhealth.sp::Event_PlayerDeath
L 06/29/2025 - 14:35:58: [SM]   [4] SDKHooks_TakeDamage
L 06/29/2025 - 14:35:58: [SM]   [5] Line 368, C:\Users\Moises\Downloads\Compressed\sourcemod-1.11.0-git6968-windows\addons\sourcemod\scripting\l4d_tank_props_rock - copia.sp::SurvivorReaction
L 06/29/2025 - 14:35:58: [SM]   [6] Line 284, C:\Users\Moises\Downloads\Compressed\sourcemod-1.11.0-git6968-windows\addons\sourcemod\scripting\l4d_tank_props_rock - copia.sp::MiniExplosion
L 06/29/2025 - 14:35:58: [SM]   [7] Line 417, C:\Users\Moises\Downloads\Compressed\sourcemod-1.11.0-git6968-windows\addons\sourcemod\scripting\l4d_tank_props_rock - copia.sp::Player_Hurt
L 06/29/2025 - 14:35:58: [SM] Exception reported: Invalid convar handle 0 (error 4)
L 06/29/2025 - 14:35:58: [SM] Blaming: ÒankrunFixhealth.smx
L 06/29/2025 - 14:35:58: [SM] Call stack trace:
L 06/29/2025 - 14:35:58: [SM]   [0] GetConVarString
L 06/29/2025 - 14:35:58: [SM]   [1] Line 138, C:\Users\Moises\Downloads\Compressed\sourcemod-1.11.0-git6968-windows\addons\sourcemod\scripting\ÒankrunFixhealth.sp::IsTankRunActive
L 06/29/2025 - 14:35:58: [SM]   [2] Line 91, C:\Users\Moises\Downloads\Compressed\sourcemod-1.11.0-git6968-windows\addons\sourcemod\scripting\ÒankrunFixhealth.sp::Event_MissionLost
L 06/29/2025 - 14:36:02: [SM] Exception reported: Invalid convar handle 0 (error 4)
L 06/29/2025 - 14:36:02: [SM] Blaming: ÒankrunFixhealth.smx
L 06/29/2025 - 14:36:02: [SM] Call stack trace:
L 06/29/2025 - 14:36:02: [SM]   [0] GetConVarString
L 06/29/2025 - 14:36:02: [SM]   [1] Line 138, C:\Users\Moises\Downloads\Compressed\sourcemod-1.11.0-git6968-windows\addons\sourcemod\scripting\ÒankrunFixhealth.sp::IsTankRunActive
L 06/29/2025 - 14:36:02: [SM]   [2] Line 36, C:\Users\Moises\Downloads\Compressed\sourcemod-1.11.0-git6968-windows\addons\sourcemod\scripting\ÒankrunFixhealth.sp::Timer_PeriodicCheck
L 06/29/2025 - 14:36:05: [SM] Exception reported: Invalid convar handle 0 (error 4)
L 06/29/2025 - 14:36:05: [SM] Blaming: ÒankrunFixhealth.smx
L 06/29/2025 - 14:36:05: [SM] Call stack trace:
L 06/29/2025 - 14:36:05: [SM]   [0] GetConVarString
L 06/29/2025 - 14:36:05: [SM]   [1] Line 138, C:\Users\Moises\Downloads\Compressed\sourcemod-1.11.0-git6968-windows\addons\sourcemod\scripting\ÒankrunFixhealth.sp::IsTankRunActive
L 06/29/2025 - 14:36:05: [SM]   [2] Line 54, C:\Users\Moises\Downloads\Compressed\sourcemod-1.11.0-git6968-windows\addons\sourcemod\scripting\ÒankrunFixhealth.sp::Event_RoundStart
L 06/29/2025 - 14:36:05: [SM] Exception reported: Invalid timer handle a003c4 (error 1)
L 06/29/2025 - 14:36:05: [SM] Blaming: l4d2_playerjoining_v2.smx
L 06/29/2025 - 14:36:05: [SM] Call stack trace:
L 06/29/2025 - 14:36:05: [SM]   [0] KillTimer
L 06/29/2025 - 14:36:05: [SM]   [1] Line 53, C:\Users\Moises\Downloads\Compressed\sourcemod-1.11.0-git6968-windows\addons\sourcemod\scripting\l4d2_playerjoining_v2.sp::OnClientDisconnect
L 06/29/2025 - 14:36:12: [SM] Exception reported: Invalid convar handle 0 (error 4)
L 06/29/2025 - 14:36:12: [SM] Blaming: ÒankrunFixhealth.smx
L 06/29/2025 - 14:36:12: [SM] Call stack trace:
L 06/29/2025 - 14:36:12: [SM]   [0] GetConVarString
L 06/29/2025 - 14:36:12: [SM]   [1] Line 138, C:\Users\Moises\Downloads\Compressed\sourcemod-1.11.0-git6968-windows\addons\sourcemod\scripting\ÒankrunFixhealth.sp::IsTankRunActive
L 06/29/2025 - 14:36:12: [SM]   [2] Line 36, C:\Users\Moises\Downloads\Compressed\sourcemod-1.11.0-git6968-windows\addons\sourcemod\scripting\ÒankrunFixhealth.sp::Timer_PeriodicCheck
L 06/29/2025 - 14:36:22: [SM] Exception reported: Invalid convar handle 0 (error 4)
L 06/29/2025 - 14:36:22: [SM] Blaming: ÒankrunFixhealth.smx
L 06/29/2025 - 14:36:22: [SM] Call stack trace:
L 06/29/2025 - 14:36:22: [SM]   [0] GetConVarString
L 06/29/2025 - 14:36:22: [SM]   [1] Line 138, C:\Users\Moises\Downloads\Compressed\sourcemod-1.11.0-git6968-windows\addons\sourcemod\scripting\ÒankrunFixhealth.sp::IsTankRunActive
L 06/29/2025 - 14:36:22: [SM]   [2] Line 36, C:\Users\Moises\Downloads\Compressed\sourcemod-1.11.0-git6968-windows\addons\sourcemod\scripting\ÒankrunFixhealth.sp::Timer_PeriodicCheck
L 06/29/2025 - 14:36:24: [SM] Exception reported: Invalid convar handle 0 (error 4)
L 06/29/2025 - 14:36:24: [SM] Blaming: ÒankrunFixhealth.smx
L 06/29/2025 - 14:36:24: [SM] Call stack trace:
L 06/29/2025 - 14:36:24: [SM]   [0] GetConVarString
L 06/29/2025 - 14:36:24: [SM]   [1] Line 138, C:\Users\Moises\Downloads\Compressed\sourcemod-1.11.0-git6968-windows\addons\sourcemod\scripting\ÒankrunFixhealth.sp::IsTankRunActive
L 06/29/2025 - 14:36:24: [SM]   [2] Line 79, C:\Users\Moises\Downloads\Compressed\sourcemod-1.11.0-git6968-windows\addons\sourcemod\scripting\ÒankrunFixhealth.sp::Event_PlayerDeath
L 06/29/2025 - 14:36:25: [SM] Exception reported: Invalid convar handle 0 (error 4)
L 06/29/2025 - 14:36:25: [SM] Blaming: ÒankrunFixhealth.smx
L 06/29/2025 - 14:36:25: [SM] Call stack trace:
L 06/29/2025 - 14:36:25: [SM]   [0] GetConVarString
L 06/29/2025 - 14:36:25: [SM]   [1] Line 138, C:\Users\Moises\Downloads\Compressed\sourcemod-1.11.0-git6968-windows\addons\sourcemod\scripting\ÒankrunFixhealth.sp::IsTankRunActive
L 06/29/2025 - 14:36:25: [SM]   [2] Line 79, C:\Users\Moises\Downloads\Compressed\sourcemod-1.11.0-git6968-windows\addons\sourcemod\scripting\ÒankrunFixhealth.sp::Event_PlayerDeath
L 06/29/2025 - 14:36:27: [SM] Exception reported: Invalid convar handle 0 (error 4)
L 06/29/2025 - 14:36:27: [SM] Blaming: ÒankrunFixhealth.smx
L 06/29/2025 - 14:36:27: [SM] Call stack trace:
L 06/29/2025 - 14:36:27: [SM]   [0] GetConVarString
L 06/29/2025 - 14:36:27: [SM]   [1] Line 138, C:\Users\Moises\Downloads\Compressed\sourcemod-1.11.0-git6968-windows\addons\sourcemod\scripting\ÒankrunFixhealth.sp::IsTankRunActive
L 06/29/2025 - 14:36:27: [SM]   [2] Line 79, C:\Users\Moises\Downloads\Compressed\sourcemod-1.11.0-git6968-windows\addons\sourcemod\scripting\ÒankrunFixhealth.sp::Event_PlayerDeath
L 06/29/2025 - 14:36:32: [SM] Exception reported: Invalid convar handle 0 (error 4)
L 06/29/2025 - 14:36:32: [SM] Blaming: ÒankrunFixhealth.smx
L 06/29/2025 - 14:36:32: [SM] Call stack trace:
L 06/29/2025 - 14:36:32: [SM]   [0] GetConVarString
L 06/29/2025 - 14:36:32: [SM]   [1] Line 138, C:\Users\Moises\Downloads\Compressed\sourcemod-1.11.0-git6968-windows\addons\sourcemod\scripting\ÒankrunFixhealth.sp::IsTankRunActive
L 06/29/2025 - 14:36:32: [SM]   [2] Line 36, C:\Users\Moises\Downloads\Compressed\sourcemod-1.11.0-git6968-windows\addons\sourcemod\scripting\ÒankrunFixhealth.sp::Timer_PeriodicCheck
L 06/29/2025 - 14:36:42: [SM] Exception reported: Invalid convar handle 0 (error 4)
L 06/29/2025 - 14:36:42: [SM] Blaming: ÒankrunFixhealth.smx
L 06/29/2025 - 14:36:42: [SM] Call stack trace:
L 06/29/2025 - 14:36:42: [SM]   [0] GetConVarString
L 06/29/2025 - 14:36:42: [SM]   [1] Line 138, C:\Users\Moises\Downloads\Compressed\sourcemod-1.11.0-git6968-windows\addons\sourcemod\scripting\ÒankrunFixhealth.sp::IsTankRunActive
L 06/29/2025 - 14:36:42: [SM]   [2] Line 36, C:\Users\Moises\Downloads\Compressed\sourcemod-1.11.0-git6968-windows\addons\sourcemod\scripting\ÒankrunFixhealth.sp::Timer_PeriodicCheck
L 06/29/2025 - 14:36:52: [SM] Exception reported: Invalid convar handle 0 (error 4)
L 06/29/2025 - 14:36:52: [SM] Blaming: ÒankrunFixhealth.smx
L 06/29/2025 - 14:36:52: [SM] Call stack trace:
L 06/29/2025 - 14:36:52: [SM]   [0] GetConVarString
L 06/29/2025 - 14:36:52: [SM]   [1] Line 138, C:\Users\Moises\Downloads\Compressed\sourcemod-1.11.0-git6968-windows\addons\sourcemod\scripting\ÒankrunFixhealth.sp::IsTankRunActive
L 06/29/2025 - 14:36:52: [SM]   [2] Line 36, C:\Users\Moises\Downloads\Compressed\sourcemod-1.11.0-git6968-windows\addons\sourcemod\scripting\ÒankrunFixhealth.sp::Timer_PeriodicCheck
L 06/29/2025 - 14:36:55: [SM] Exception reported: Language phrase "Please wait to be revived or rescued" not found (arg 6)
L 06/29/2025 - 14:36:55: [SM] Blaming: l4dmultislots.smx
L 06/29/2025 - 14:36:55: [SM] Call stack trace:
L 06/29/2025 - 14:36:55: [SM]   [0] PrintToChat
L 06/29/2025 - 14:36:55: [SM]   [1] Line 953, d:\Github\Private-Work\L4D2-Êèí‰ª∂\scripting_1.11\l4dmultislots.sp::Timer_SpecCheck
L 06/29/2025 - 14:37:02: [SM] Exception reported: Invalid convar handle 0 (error 4)
L 06/29/2025 - 14:37:02: [SM] Blaming: ÒankrunFixhealth.smx
L 06/29/2025 - 14:37:02: [SM] Call stack trace:
L 06/29/2025 - 14:37:02: [SM]   [0] GetConVarString
L 06/29/2025 - 14:37:02: [SM]   [1] Line 138, C:\Users\Moises\Downloads\Compressed\sourcemod-1.11.0-git6968-windows\addons\sourcemod\scripting\ÒankrunFixhealth.sp::IsTankRunActive
L 06/29/2025 - 14:37:02: [SM]   [2] Line 79, C:\Users\Moises\Downloads\Compressed\sourcemod-1.11.0-git6968-windows\addons\sourcemod\scripting\ÒankrunFixhealth.sp::Event_PlayerDeath
L 06/29/2025 - 14:37:02: [SM] Exception reported: Invalid convar handle 0 (error 4)
L 06/29/2025 - 14:37:02: [SM] Blaming: ÒankrunFixhealth.smx
L 06/29/2025 - 14:37:02: [SM] Call stack trace:
L 06/29/2025 - 14:37:02: [SM]   [0] GetConVarString
L 06/29/2025 - 14:37:02: [SM]   [1] Line 138, C:\Users\Moises\Downloads\Compressed\sourcemod-1.11.0-git6968-windows\addons\sourcemod\scripting\ÒankrunFixhealth.sp::IsTankRunActive
L 06/29/2025 - 14:37:02: [SM]   [2] Line 91, C:\Users\Moises\Downloads\Compressed\sourcemod-1.11.0-git6968-windows\addons\sourcemod\scripting\ÒankrunFixhealth.sp::Event_MissionLost
L 06/29/2025 - 14:37:02: [SM] Exception reported: Invalid convar handle 0 (error 4)
L 06/29/2025 - 14:37:02: [SM] Blaming: ÒankrunFixhealth.smx
L 06/29/2025 - 14:37:02: [SM] Call stack trace:
L 06/29/2025 - 14:37:02: [SM]   [0] GetConVarString
L 06/29/2025 - 14:37:02: [SM]   [1] Line 138, C:\Users\Moises\Downloads\Compressed\sourcemod-1.11.0-git6968-windows\addons\sourcemod\scripting\ÒankrunFixhealth.sp::IsTankRunActive
L 06/29/2025 - 14:37:02: [SM]   [2] Line 36, C:\Users\Moises\Downloads\Compressed\sourcemod-1.11.0-git6968-windows\addons\sourcemod\scripting\ÒankrunFixhealth.sp::Timer_PeriodicCheck
L 06/29/2025 - 14:37:09: [SM] Exception reported: Invalid convar handle 0 (error 4)
L 06/29/2025 - 14:37:09: [SM] Blaming: ÒankrunFixhealth.smx
L 06/29/2025 - 14:37:09: [SM] Call stack trace:
L 06/29/2025 - 14:37:09: [SM]   [0] GetConVarString
L 06/29/2025 - 14:37:09: [SM]   [1] Line 138, C:\Users\Moises\Downloads\Compressed\sourcemod-1.11.0-git6968-windows\addons\sourcemod\scripting\ÒankrunFixhealth.sp::IsTankRunActive
L 06/29/2025 - 14:37:09: [SM]   [2] Line 54, C:\Users\Moises\Downloads\Compressed\sourcemod-1.11.0-git6968-windows\addons\sourcemod\scripting\ÒankrunFixhealth.sp::Event_RoundStart
L 06/29/2025 - 14:37:12: [SM] Exception reported: Invalid convar handle 0 (error 4)
L 06/29/2025 - 14:37:12: [SM] Blaming: ÒankrunFixhealth.smx
L 06/29/2025 - 14:37:12: [SM] Call stack trace:
L 06/29/2025 - 14:37:12: [SM]   [0] GetConVarString
L 06/29/2025 - 14:37:12: [SM]   [1] Line 138, C:\Users\Moises\Downloads\Compressed\sourcemod-1.11.0-git6968-windows\addons\sourcemod\scripting\ÒankrunFixhealth.sp::IsTankRunActive
L 06/29/2025 - 14:37:12: [SM]   [2] Line 36, C:\Users\Moises\Downloads\Compressed\sourcemod-1.11.0-git6968-windows\addons\sourcemod\scripting\ÒankrunFixhealth.sp::Timer_PeriodicCheck
L 06/29/2025 - 14:37:22: [SM] Exception reported: Invalid convar handle 0 (error 4)
L 06/29/2025 - 14:37:22: [SM] Blaming: ÒankrunFixhealth.smx
L 06/29/2025 - 14:37:22: [SM] Call stack trace:
L 06/29/2025 - 14:37:22: [SM]   [0] GetConVarString
L 06/29/2025 - 14:37:22: [SM]   [1] Line 138, C:\Users\Moises\Downloads\Compressed\sourcemod-1.11.0-git6968-windows\addons\sourcemod\scripting\ÒankrunFixhealth.sp::IsTankRunActive
L 06/29/2025 - 14:37:22: [SM]   [2] Line 36, C:\Users\Moises\Downloads\Compressed\sourcemod-1.11.0-git6968-windows\addons\sourcemod\scripting\ÒankrunFixhealth.sp::Timer_PeriodicCheck
L 06/29/2025 - 14:37:29: [SM] Exception reported: Invalid timer handle 157003b0 (error 3)
L 06/29/2025 - 14:37:29: [SM] Blaming: l4d2_playerjoining_v2.smx
L 06/29/2025 - 14:37:29: [SM] Call stack trace:
L 06/29/2025 - 14:37:29: [SM]   [0] KillTimer
L 06/29/2025 - 14:37:29: [SM]   [1] Line 53, C:\Users\Moises\Downloads\Compressed\sourcemod-1.11.0-git6968-windows\addons\sourcemod\scripting\l4d2_playerjoining_v2.sp::OnClientDisconnect
L 06/29/2025 - 14:37:32: [SM] Exception reported: Invalid convar handle 0 (error 4)
L 06/29/2025 - 14:37:32: [SM] Blaming: ÒankrunFixhealth.smx
L 06/29/2025 - 14:37:32: [SM] Call stack trace:
L 06/29/2025 - 14:37:32: [SM]   [0] GetConVarString
L 06/29/2025 - 14:37:32: [SM]   [1] Line 138, C:\Users\Moises\Downloads\Compressed\sourcemod-1.11.0-git6968-windows\addons\sourcemod\scripting\ÒankrunFixhealth.sp::IsTankRunActive
L 06/29/2025 - 14:37:32: [SM]   [2] Line 36, C:\Users\Moises\Downloads\Compressed\sourcemod-1.11.0-git6968-windows\addons\sourcemod\scripting\ÒankrunFixhealth.sp::Timer_PeriodicCheck
L 06/29/2025 - 14:37:33: [SM] Exception reported: Invalid convar handle 0 (error 4)
L 06/29/2025 - 14:37:33: [SM] Blaming: ÒankrunFixhealth.smx
L 06/29/2025 - 14:37:33: [SM] Call stack trace:
L 06/29/2025 - 14:37:33: [SM]   [0] GetConVarString
L 06/29/2025 - 14:37:33: [SM]   [1] Line 138, C:\Users\Moises\Downloads\Compressed\sourcemod-1.11.0-git6968-windows\addons\sourcemod\scripting\ÒankrunFixhealth.sp::IsTankRunActive
L 06/29/2025 - 14:37:33: [SM]   [2] Line 79, C:\Users\Moises\Downloads\Compressed\sourcemod-1.11.0-git6968-windows\addons\sourcemod\scripting\ÒankrunFixhealth.sp::Event_PlayerDeath
L 06/29/2025 - 14:37:34: [SM] Exception reported: Invalid convar handle 0 (error 4)
L 06/29/2025 - 14:37:34: [SM] Blaming: ÒankrunFixhealth.smx
L 06/29/2025 - 14:37:34: [SM] Call stack trace:
L 06/29/2025 - 14:37:34: [SM]   [0] GetConVarString
L 06/29/2025 - 14:37:34: [SM]   [1] Line 138, C:\Users\Moises\Downloads\Compressed\sourcemod-1.11.0-git6968-windows\addons\sourcemod\scripting\ÒankrunFixhealth.sp::IsTankRunActive
L 06/29/2025 - 14:37:34: [SM]   [2] Line 79, C:\Users\Moises\Downloads\Compressed\sourcemod-1.11.0-git6968-windows\addons\sourcemod\scripting\ÒankrunFixhealth.sp::Event_PlayerDeath
L 06/29/2025 - 14:37:42: [SM] Exception reported: Invalid convar handle 0 (error 4)
L 06/29/2025 - 14:37:42: [SM] Blaming: ÒankrunFixhealth.smx
L 06/29/2025 - 14:37:42: [SM] Call stack trace:
L 06/29/2025 - 14:37:42: [SM]   [0] GetConVarString
L 06/29/2025 - 14:37:42: [SM]   [1] Line 138, C:\Users\Moises\Downloads\Compressed\sourcemod-1.11.0-git6968-windows\addons\sourcemod\scripting\ÒankrunFixhealth.sp::IsTankRunActive
L 06/29/2025 - 14:37:42: [SM]   [2] Line 36, C:\Users\Moises\Downloads\Compressed\sourcemod-1.11.0-git6968-windows\addons\sourcemod\scripting\ÒankrunFixhealth.sp::Timer_PeriodicCheck
L 06/29/2025 - 14:37:52: [SM] Exception reported: Invalid convar handle 0 (error 4)
L 06/29/2025 - 14:37:52: [SM] Blaming: ÒankrunFixhealth.smx
L 06/29/2025 - 14:37:52: [SM] Call stack trace:
L 06/29/2025 - 14:37:52: [SM]   [0] GetConVarString
L 06/29/2025 - 14:37:52: [SM]   [1] Line 138, C:\Users\Moises\Downloads\Compressed\sourcemod-1.11.0-git6968-windows\addons\sourcemod\scripting\ÒankrunFixhealth.sp::IsTankRunActive
L 06/29/2025 - 14:37:52: [SM]   [2] Line 36, C:\Users\Moises\Downloads\Compressed\sourcemod-1.11.0-git6968-windows\addons\sourcemod\scripting\ÒankrunFixhealth.sp::Timer_PeriodicCheck
L 06/29/2025 - 14:38:02: [SM] Exception reported: Invalid convar handle 0 (error 4)
L 06/29/2025 - 14:38:02: [SM] Blaming: ÒankrunFixhealth.smx
L 06/29/2025 - 14:38:02: [SM] Call stack trace:
L 06/29/2025 - 14:38:02: [SM]   [0] GetConVarString
L 06/29/2025 - 14:38:02: [SM]   [1] Line 138, C:\Users\Moises\Downloads\Compressed\sourcemod-1.11.0-git6968-windows\addons\sourcemod\scripting\ÒankrunFixhealth.sp::IsTankRunActive
L 06/29/2025 - 14:38:02: [SM]   [2] Line 36, C:\Users\Moises\Downloads\Compressed\sourcemod-1.11.0-git6968-windows\addons\sourcemod\scripting\ÒankrunFixhealth.sp::Timer_PeriodicCheck
L 06/29/2025 - 14:38:12: [SM] Exception reported: Invalid convar handle 0 (error 4)
L 06/29/2025 - 14:38:12: [SM] Blaming: ÒankrunFixhealth.smx
L 06/29/2025 - 14:38:12: [SM] Call stack trace:
L 06/29/2025 - 14:38:12: [SM]   [0] GetConVarString
L 06/29/2025 - 14:38:12: [SM]   [1] Line 138, C:\Users\Moises\Downloads\Compressed\sourcemod-1.11.0-git6968-windows\addons\sourcemod\scripting\ÒankrunFixhealth.sp::IsTankRunActive
L 06/29/2025 - 14:38:12: [SM]   [2] Line 36, C:\Users\Moises\Downloads\Compressed\sourcemod-1.11.0-git6968-windows\addons\sourcemod\scripting\ÒankrunFixhealth.sp::Timer_PeriodicCheck
L 06/29/2025 - 14:38:22: [SM] Exception reported: Invalid convar handle 0 (error 4)
L 06/29/2025 - 14:38:22: [SM] Blaming: ÒankrunFixhealth.smx
L 06/29/2025 - 14:38:22: [SM] Call stack trace:
L 06/29/2025 - 14:38:22: [SM]   [0] GetConVarString
L 06/29/2025 - 14:38:22: [SM]   [1] Line 138, C:\Users\Moises\Downloads\Compressed\sourcemod-1.11.0-git6968-windows\addons\sourcemod\scripting\ÒankrunFixhealth.sp::IsTankRunActive
L 06/29/2025 - 14:38:22: [SM]   [2] Line 36, C:\Users\Moises\Downloads\Compressed\sourcemod-1.11.0-git6968-windows\addons\sourcemod\scripting\ÒankrunFixhealth.sp::Timer_PeriodicCheck
L 06/29/2025 - 14:38:32: [SM] Exception reported: Invalid convar handle 0 (error 4)
L 06/29/2025 - 14:38:32: [SM] Blaming: ÒankrunFixhealth.smx
L 06/29/2025 - 14:38:32: [SM] Call stack trace:
L 06/29/2025 - 14:38:32: [SM]   [0] GetConVarString
L 06/29/2025 - 14:38:32: [SM]   [1] Line 138, C:\Users\Moises\Downloads\Compressed\sourcemod-1.11.0-git6968-windows\addons\sourcemod\scripting\ÒankrunFixhealth.sp::IsTankRunActive
L 06/29/2025 - 14:38:32: [SM]   [2] Line 36, C:\Users\Moises\Downloads\Compressed\sourcemod-1.11.0-git6968-windows\addons\sourcemod\scripting\ÒankrunFixhealth.sp::Timer_PeriodicCheck
L 06/29/2025 - 14:38:41: [SM] Exception reported: Invalid convar handle 0 (error 4)
L 06/29/2025 - 14:38:41: [SM] Blaming: ÒankrunFixhealth.smx
L 06/29/2025 - 14:38:41: [SM] Call stack trace:
L 06/29/2025 - 14:38:41: [SM]   [0] GetConVarString
L 06/29/2025 - 14:38:41: [SM]   [1] Line 138, C:\Users\Moises\Downloads\Compressed\sourcemod-1.11.0-git6968-windows\addons\sourcemod\scripting\ÒankrunFixhealth.sp::IsTankRunActive
L 06/29/2025 - 14:38:41: [SM]   [2] Line 71, C:\Users\Moises\Downloads\Compressed\sourcemod-1.11.0-git6968-windows\addons\sourcemod\scripting\ÒankrunFixhealth.sp::Event_MapTransition
L 06/29/2025 - 14:38:42: [SM] Exception reported: Invalid convar handle 0 (error 4)
L 06/29/2025 - 14:38:42: [SM] Blaming: ÒankrunFixhealth.smx
L 06/29/2025 - 14:38:42: [SM] Call stack trace:
L 06/29/2025 - 14:38:42: [SM]   [0] GetConVarString
L 06/29/2025 - 14:38:42: [SM]   [1] Line 138, C:\Users\Moises\Downloads\Compressed\sourcemod-1.11.0-git6968-windows\addons\sourcemod\scripting\ÒankrunFixhealth.sp::IsTankRunActive
L 06/29/2025 - 14:38:42: [SM]   [2] Line 36, C:\Users\Moises\Downloads\Compressed\sourcemod-1.11.0-git6968-windows\addons\sourcemod\scripting\ÒankrunFixhealth.sp::Timer_PeriodicCheck
L 06/29/2025 - 14:38:50: [SM] Exception reported: Invalid timer handle a003c4 (error 3)
L 06/29/2025 - 14:38:50: [SM] Blaming: l4d2_playerjoining_v2.smx
L 06/29/2025 - 14:38:50: [SM] Call stack trace:
L 06/29/2025 - 14:38:50: [SM]   [0] KillTimer
L 06/29/2025 - 14:38:50: [SM]   [1] Line 53, C:\Users\Moises\Downloads\Compressed\sourcemod-1.11.0-git6968-windows\addons\sourcemod\scripting\l4d2_playerjoining_v2.sp::OnClientDisconnect
L 06/29/2025 - 14:38:50: [SM] Exception reported: Invalid timer handle 157003b0 (error 3)
L 06/29/2025 - 14:38:50: [SM] Blaming: l4d2_playerjoining_v2.smx
L 06/29/2025 - 14:38:50: [SM] Call stack trace:
L 06/29/2025 - 14:38:50: [SM]   [0] KillTimer
L 06/29/2025 - 14:38:50: [SM]   [1] Line 53, C:\Users\Moises\Downloads\Compressed\sourcemod-1.11.0-git6968-windows\addons\sourcemod\scripting\l4d2_playerjoining_v2.sp::OnClientDisconnect
L 06/29/2025 - 14:38:51: Error log file session closed.
L 06/29/2025 - 14:38:52: SourceMod error session started
L 06/29/2025 - 14:38:52: Info (map "c5m2_darkpark") (file "e:\steamlibrary\steamapps\common\left 4 dead 2\left4dead2\addons\sourcemod\logs\errors_20250629.log")
L 06/29/2025 - 14:38:52: [SM] Fatal error encountered parsing translation file "l4d_nth.phrases.txt"
L 06/29/2025 - 14:38:52: [SM] Error (line 0, column 0): Stream failed to open
L 06/29/2025 - 14:38:52: [SM] Fatal error encountered parsing translation file "chargersteering.phrases.txt"
L 06/29/2025 - 14:38:52: [SM] Error (line 0, column 0): Stream failed to open
L 06/29/2025 - 14:38:52: [SM] Fatal error encountered parsing translation file "l4dmultislots.phrases.txt"
L 06/29/2025 - 14:38:52: [SM] Error (line 0, column 0): Stream failed to open
L 06/29/2025 - 14:38:52: [SM] Fatal error encountered parsing translation file "lilac.phrases.txt"
L 06/29/2025 - 14:38:52: [SM] Error (line 0, column 0): Stream failed to open
L 06/29/2025 - 14:38:52: [admin-flatfile.smx] Error(s) detected parsing addons\sourcemod\configs\admins.cfg
L 06/29/2025 - 14:38:52: [admin-flatfile.smx]  (line 37) A property was declared outside of a section
L 06/29/2025 - 14:38:54: [SM] Exception reported: Invalid convar handle 0 (error 4)
L 06/29/2025 - 14:38:54: [SM] Blaming: ÒankrunFixhealth.smx
L 06/29/2025 - 14:38:54: [SM] Call stack trace:
L 06/29/2025 - 14:38:54: [SM]   [0] GetConVarString
L 06/29/2025 - 14:38:54: [SM]   [1] Line 138, C:\Users\Moises\Downloads\Compressed\sourcemod-1.11.0-git6968-windows\addons\sourcemod\scripting\ÒankrunFixhealth.sp::IsTankRunActive
L 06/29/2025 - 14:38:54: [SM]   [2] Line 54, C:\Users\Moises\Downloads\Compressed\sourcemod-1.11.0-git6968-windows\addons\sourcemod\scripting\ÒankrunFixhealth.sp::Event_RoundStart
L 06/29/2025 - 14:38:57: [SM] Exception reported: Invalid convar handle 0 (error 4)
L 06/29/2025 - 14:38:57: [SM] Blaming: ÒankrunFixhealth.smx
L 06/29/2025 - 14:38:57: [SM] Call stack trace:
L 06/29/2025 - 14:38:57: [SM]   [0] GetConVarString
L 06/29/2025 - 14:38:57: [SM]   [1] Line 138, C:\Users\Moises\Downloads\Compressed\sourcemod-1.11.0-git6968-windows\addons\sourcemod\scripting\ÒankrunFixhealth.sp::IsTankRunActive
L 06/29/2025 - 14:38:57: [SM]   [2] Line 36, C:\Users\Moises\Downloads\Compressed\sourcemod-1.11.0-git6968-windows\addons\sourcemod\scripting\ÒankrunFixhealth.sp::Timer_PeriodicCheck
L 06/29/2025 - 14:39:11: [SM] Exception reported: Invalid convar handle 0 (error 4)
L 06/29/2025 - 14:39:11: [SM] Blaming: ÒankrunFixhealth.smx
L 06/29/2025 - 14:39:11: [SM] Call stack trace:
L 06/29/2025 - 14:39:11: [SM]   [0] GetConVarString
L 06/29/2025 - 14:39:11: [SM]   [1] Line 138, C:\Users\Moises\Downloads\Compressed\sourcemod-1.11.0-git6968-windows\addons\sourcemod\scripting\ÒankrunFixhealth.sp::IsTankRunActive
L 06/29/2025 - 14:39:11: [SM]   [2] Line 36, C:\Users\Moises\Downloads\Compressed\sourcemod-1.11.0-git6968-windows\addons\sourcemod\scripting\ÒankrunFixhealth.sp::Timer_PeriodicCheck
L 06/29/2025 - 14:39:21: [SM] Exception reported: Invalid convar handle 0 (error 4)
L 06/29/2025 - 14:39:21: [SM] Blaming: ÒankrunFixhealth.smx
L 06/29/2025 - 14:39:21: [SM] Call stack trace:
L 06/29/2025 - 14:39:21: [SM]   [0] GetConVarString
L 06/29/2025 - 14:39:21: [SM]   [1] Line 138, C:\Users\Moises\Downloads\Compressed\sourcemod-1.11.0-git6968-windows\addons\sourcemod\scripting\ÒankrunFixhealth.sp::IsTankRunActive
L 06/29/2025 - 14:39:21: [SM]   [2] Line 36, C:\Users\Moises\Downloads\Compressed\sourcemod-1.11.0-git6968-windows\addons\sourcemod\scripting\ÒankrunFixhealth.sp::Timer_PeriodicCheck
L 06/29/2025 - 14:39:25: [SM] Exception reported: Invalid convar handle 0 (error 4)
L 06/29/2025 - 14:39:25: [SM] Blaming: ÒankrunFixhealth.smx
L 06/29/2025 - 14:39:25: [SM] Call stack trace:
L 06/29/2025 - 14:39:25: [SM]   [0] GetConVarString
L 06/29/2025 - 14:39:25: [SM]   [1] Line 138, C:\Users\Moises\Downloads\Compressed\sourcemod-1.11.0-git6968-windows\addons\sourcemod\scripting\ÒankrunFixhealth.sp::IsTankRunActive
L 06/29/2025 - 14:39:25: [SM]   [2] Line 79, C:\Users\Moises\Downloads\Compressed\sourcemod-1.11.0-git6968-windows\addons\sourcemod\scripting\ÒankrunFixhealth.sp::Event_PlayerDeath
L 06/29/2025 - 14:39:30: [SM] Exception reported: Invalid convar handle 0 (error 4)
L 06/29/2025 - 14:39:30: [SM] Blaming: ÒankrunFixhealth.smx
L 06/29/2025 - 14:39:30: [SM] Call stack trace:
L 06/29/2025 - 14:39:30: [SM]   [0] GetConVarString
L 06/29/2025 - 14:39:30: [SM]   [1] Line 138, C:\Users\Moises\Downloads\Compressed\sourcemod-1.11.0-git6968-windows\addons\sourcemod\scripting\ÒankrunFixhealth.sp::IsTankRunActive
L 06/29/2025 - 14:39:30: [SM]   [2] Line 79, C:\Users\Moises\Downloads\Compressed\sourcemod-1.11.0-git6968-windows\addons\sourcemod\scripting\ÒankrunFixhealth.sp::Event_PlayerDeath
L 06/29/2025 - 14:39:31: [SM] Exception reported: Invalid convar handle 0 (error 4)
L 06/29/2025 - 14:39:31: [SM] Blaming: ÒankrunFixhealth.smx
L 06/29/2025 - 14:39:31: [SM] Call stack trace:
L 06/29/2025 - 14:39:31: [SM]   [0] GetConVarString
L 06/29/2025 - 14:39:31: [SM]   [1] Line 138, C:\Users\Moises\Downloads\Compressed\sourcemod-1.11.0-git6968-windows\addons\sourcemod\scripting\ÒankrunFixhealth.sp::IsTankRunActive
L 06/29/2025 - 14:39:31: [SM]   [2] Line 36, C:\Users\Moises\Downloads\Compressed\sourcemod-1.11.0-git6968-windows\addons\sourcemod\scripting\ÒankrunFixhealth.sp::Timer_PeriodicCheck
L 06/29/2025 - 14:39:41: [SM] Exception reported: Invalid convar handle 0 (error 4)
L 06/29/2025 - 14:39:41: [SM] Blaming: ÒankrunFixhealth.smx
L 06/29/2025 - 14:39:41: [SM] Call stack trace:
L 06/29/2025 - 14:39:41: [SM]   [0] GetConVarString
L 06/29/2025 - 14:39:41: [SM]   [1] Line 138, C:\Users\Moises\Downloads\Compressed\sourcemod-1.11.0-git6968-windows\addons\sourcemod\scripting\ÒankrunFixhealth.sp::IsTankRunActive
L 06/29/2025 - 14:39:41: [SM]   [2] Line 36, C:\Users\Moises\Downloads\Compressed\sourcemod-1.11.0-git6968-windows\addons\sourcemod\scripting\ÒankrunFixhealth.sp::Timer_PeriodicCheck
L 06/29/2025 - 14:39:51: [SM] Exception reported: Invalid convar handle 0 (error 4)
L 06/29/2025 - 14:39:51: [SM] Blaming: ÒankrunFixhealth.smx
L 06/29/2025 - 14:39:51: [SM] Call stack trace:
L 06/29/2025 - 14:39:51: [SM]   [0] GetConVarString
L 06/29/2025 - 14:39:51: [SM]   [1] Line 138, C:\Users\Moises\Downloads\Compressed\sourcemod-1.11.0-git6968-windows\addons\sourcemod\scripting\ÒankrunFixhealth.sp::IsTankRunActive
L 06/29/2025 - 14:39:51: [SM]   [2] Line 36, C:\Users\Moises\Downloads\Compressed\sourcemod-1.11.0-git6968-windows\addons\sourcemod\scripting\ÒankrunFixhealth.sp::Timer_PeriodicCheck
L 06/29/2025 - 14:40:01: [SM] Exception reported: Invalid convar handle 0 (error 4)
L 06/29/2025 - 14:40:01: [SM] Blaming: ÒankrunFixhealth.smx
L 06/29/2025 - 14:40:01: [SM] Call stack trace:
L 06/29/2025 - 14:40:01: [SM]   [0] GetConVarString
L 06/29/2025 - 14:40:01: [SM]   [1] Line 138, C:\Users\Moises\Downloads\Compressed\sourcemod-1.11.0-git6968-windows\addons\sourcemod\scripting\ÒankrunFixhealth.sp::IsTankRunActive
L 06/29/2025 - 14:40:01: [SM]   [2] Line 36, C:\Users\Moises\Downloads\Compressed\sourcemod-1.11.0-git6968-windows\addons\sourcemod\scripting\ÒankrunFixhealth.sp::Timer_PeriodicCheck
L 06/29/2025 - 14:40:11: [SM] Exception reported: Invalid convar handle 0 (error 4)
L 06/29/2025 - 14:40:11: [SM] Blaming: ÒankrunFixhealth.smx
L 06/29/2025 - 14:40:11: [SM] Call stack trace:
L 06/29/2025 - 14:40:11: [SM]   [0] GetConVarString
L 06/29/2025 - 14:40:11: [SM]   [1] Line 138, C:\Users\Moises\Downloads\Compressed\sourcemod-1.11.0-git6968-windows\addons\sourcemod\scripting\ÒankrunFixhealth.sp::IsTankRunActive
L 06/29/2025 - 14:40:11: [SM]   [2] Line 36, C:\Users\Moises\Downloads\Compressed\sourcemod-1.11.0-git6968-windows\addons\sourcemod\scripting\ÒankrunFixhealth.sp::Timer_PeriodicCheck
L 06/29/2025 - 14:40:21: [SM] Exception reported: Invalid convar handle 0 (error 4)
L 06/29/2025 - 14:40:21: [SM] Blaming: ÒankrunFixhealth.smx
L 06/29/2025 - 14:40:21: [SM] Call stack trace:
L 06/29/2025 - 14:40:21: [SM]   [0] GetConVarString
L 06/29/2025 - 14:40:21: [SM]   [1] Line 138, C:\Users\Moises\Downloads\Compressed\sourcemod-1.11.0-git6968-windows\addons\sourcemod\scripting\ÒankrunFixhealth.sp::IsTankRunActive
L 06/29/2025 - 14:40:21: [SM]   [2] Line 36, C:\Users\Moises\Downloads\Compressed\sourcemod-1.11.0-git6968-windows\addons\sourcemod\scripting\ÒankrunFixhealth.sp::Timer_PeriodicCheck
L 06/29/2025 - 14:40:22: [SM] Exception reported: Invalid convar handle 0 (error 4)
L 06/29/2025 - 14:40:22: [SM] Blaming: ÒankrunFixhealth.smx
L 06/29/2025 - 14:40:22: [SM] Call stack trace:
L 06/29/2025 - 14:40:22: [SM]   [0] GetConVarString
L 06/29/2025 - 14:40:22: [SM]   [1] Line 138, C:\Users\Moises\Downloads\Compressed\sourcemod-1.11.0-git6968-windows\addons\sourcemod\scripting\ÒankrunFixhealth.sp::IsTankRunActive
L 06/29/2025 - 14:40:22: [SM]   [2] Line 79, C:\Users\Moises\Downloads\Compressed\sourcemod-1.11.0-git6968-windows\addons\sourcemod\scripting\ÒankrunFixhealth.sp::Event_PlayerDeath
L 06/29/2025 - 14:40:31: [SM] Exception reported: Invalid convar handle 0 (error 4)
L 06/29/2025 - 14:40:31: [SM] Blaming: ÒankrunFixhealth.smx
L 06/29/2025 - 14:40:31: [SM] Call stack trace:
L 06/29/2025 - 14:40:31: [SM]   [0] GetConVarString
L 06/29/2025 - 14:40:31: [SM]   [1] Line 138, C:\Users\Moises\Downloads\Compressed\sourcemod-1.11.0-git6968-windows\addons\sourcemod\scripting\ÒankrunFixhealth.sp::IsTankRunActive
L 06/29/2025 - 14:40:31: [SM]   [2] Line 36, C:\Users\Moises\Downloads\Compressed\sourcemod-1.11.0-git6968-windows\addons\sourcemod\scripting\ÒankrunFixhealth.sp::Timer_PeriodicCheck
L 06/29/2025 - 14:40:36: [SM] Exception reported: Invalid convar handle 0 (error 4)
L 06/29/2025 - 14:40:36: [SM] Blaming: ÒankrunFixhealth.smx
L 06/29/2025 - 14:40:36: [SM] Call stack trace:
L 06/29/2025 - 14:40:36: [SM]   [0] GetConVarString
L 06/29/2025 - 14:40:36: [SM]   [1] Line 138, C:\Users\Moises\Downloads\Compressed\sourcemod-1.11.0-git6968-windows\addons\sourcemod\scripting\ÒankrunFixhealth.sp::IsTankRunActive
L 06/29/2025 - 14:40:36: [SM]   [2] Line 79, C:\Users\Moises\Downloads\Compressed\sourcemod-1.11.0-git6968-windows\addons\sourcemod\scripting\ÒankrunFixhealth.sp::Event_PlayerDeath
L 06/29/2025 - 14:40:36: [SM] Exception reported: Invalid convar handle 0 (error 4)
L 06/29/2025 - 14:40:36: [SM] Blaming: ÒankrunFixhealth.smx
L 06/29/2025 - 14:40:36: [SM] Call stack trace:
L 06/29/2025 - 14:40:36: [SM]   [0] GetConVarString
L 06/29/2025 - 14:40:36: [SM]   [1] Line 138, C:\Users\Moises\Downloads\Compressed\sourcemod-1.11.0-git6968-windows\addons\sourcemod\scripting\ÒankrunFixhealth.sp::IsTankRunActive
L 06/29/2025 - 14:40:36: [SM]   [2] Line 91, C:\Users\Moises\Downloads\Compressed\sourcemod-1.11.0-git6968-windows\addons\sourcemod\scripting\ÒankrunFixhealth.sp::Event_MissionLost
L 06/29/2025 - 14:40:41: [SM] Exception reported: Invalid convar handle 0 (error 4)
L 06/29/2025 - 14:40:41: [SM] Blaming: ÒankrunFixhealth.smx
L 06/29/2025 - 14:40:41: [SM] Call stack trace:
L 06/29/2025 - 14:40:41: [SM]   [0] GetConVarString
L 06/29/2025 - 14:40:41: [SM]   [1] Line 138, C:\Users\Moises\Downloads\Compressed\sourcemod-1.11.0-git6968-windows\addons\sourcemod\scripting\ÒankrunFixhealth.sp::IsTankRunActive
L 06/29/2025 - 14:40:41: [SM]   [2] Line 79, C:\Users\Moises\Downloads\Compressed\sourcemod-1.11.0-git6968-windows\addons\sourcemod\scripting\ÒankrunFixhealth.sp::Event_PlayerDeath
L 06/29/2025 - 14:40:41: [SM] Exception reported: Invalid convar handle 0 (error 4)
L 06/29/2025 - 14:40:41: [SM] Blaming: ÒankrunFixhealth.smx
L 06/29/2025 - 14:40:41: [SM] Call stack trace:
L 06/29/2025 - 14:40:41: [SM]   [0] GetConVarString
L 06/29/2025 - 14:40:41: [SM]   [1] Line 138, C:\Users\Moises\Downloads\Compressed\sourcemod-1.11.0-git6968-windows\addons\sourcemod\scripting\ÒankrunFixhealth.sp::IsTankRunActive
L 06/29/2025 - 14:40:41: [SM]   [2] Line 36, C:\Users\Moises\Downloads\Compressed\sourcemod-1.11.0-git6968-windows\addons\sourcemod\scripting\ÒankrunFixhealth.sp::Timer_PeriodicCheck
L 06/29/2025 - 14:40:43: [SM] Exception reported: Invalid convar handle 0 (error 4)
L 06/29/2025 - 14:40:43: [SM] Blaming: ÒankrunFixhealth.smx
L 06/29/2025 - 14:40:43: [SM] Call stack trace:
L 06/29/2025 - 14:40:43: [SM]   [0] GetConVarString
L 06/29/2025 - 14:40:43: [SM]   [1] Line 138, C:\Users\Moises\Downloads\Compressed\sourcemod-1.11.0-git6968-windows\addons\sourcemod\scripting\ÒankrunFixhealth.sp::IsTankRunActive
L 06/29/2025 - 14:40:43: [SM]   [2] Line 54, C:\Users\Moises\Downloads\Compressed\sourcemod-1.11.0-git6968-windows\addons\sourcemod\scripting\ÒankrunFixhealth.sp::Event_RoundStart
L 06/29/2025 - 14:40:43: [SM] Exception reported: Invalid timer handle 157003b0 (error 1)
L 06/29/2025 - 14:40:43: [SM] Blaming: l4d2_playerjoining_v2.smx
L 06/29/2025 - 14:40:43: [SM] Call stack trace:
L 06/29/2025 - 14:40:43: [SM]   [0] KillTimer
L 06/29/2025 - 14:40:43: [SM]   [1] Line 53, C:\Users\Moises\Downloads\Compressed\sourcemod-1.11.0-git6968-windows\addons\sourcemod\scripting\l4d2_playerjoining_v2.sp::OnClientDisconnect
L 06/29/2025 - 14:40:43: [SM] Exception reported: Invalid timer handle a003c4 (error 1)
L 06/29/2025 - 14:40:43: [SM] Blaming: l4d2_playerjoining_v2.smx
L 06/29/2025 - 14:40:43: [SM] Call stack trace:
L 06/29/2025 - 14:40:43: [SM]   [0] KillTimer
L 06/29/2025 - 14:40:43: [SM]   [1] Line 53, C:\Users\Moises\Downloads\Compressed\sourcemod-1.11.0-git6968-windows\addons\sourcemod\scripting\l4d2_playerjoining_v2.sp::OnClientDisconnect
L 06/29/2025 - 14:40:49: [SM] Exception reported: Invalid convar handle 0 (error 4)
L 06/29/2025 - 14:40:49: [SM] Blaming: ÒankrunFixhealth.smx
L 06/29/2025 - 14:40:49: [SM] Call stack trace:
L 06/29/2025 - 14:40:49: [SM]   [0] GetConVarString
L 06/29/2025 - 14:40:49: [SM]   [1] Line 138, C:\Users\Moises\Downloads\Compressed\sourcemod-1.11.0-git6968-windows\addons\sourcemod\scripting\ÒankrunFixhealth.sp::IsTankRunActive
L 06/29/2025 - 14:40:49: [SM]   [2] Line 79, C:\Users\Moises\Downloads\Compressed\sourcemod-1.11.0-git6968-windows\addons\sourcemod\scripting\ÒankrunFixhealth.sp::Event_PlayerDeath
L 06/29/2025 - 14:40:50: [SM] Exception reported: Invalid convar handle 0 (error 4)
L 06/29/2025 - 14:40:50: [SM] Blaming: ÒankrunFixhealth.smx
L 06/29/2025 - 14:40:50: [SM] Call stack trace:
L 06/29/2025 - 14:40:50: [SM]   [0] GetConVarString
L 06/29/2025 - 14:40:50: [SM]   [1] Line 138, C:\Users\Moises\Downloads\Compressed\sourcemod-1.11.0-git6968-windows\addons\sourcemod\scripting\ÒankrunFixhealth.sp::IsTankRunActive
L 06/29/2025 - 14:40:50: [SM]   [2] Line 79, C:\Users\Moises\Downloads\Compressed\sourcemod-1.11.0-git6968-windows\addons\sourcemod\scripting\ÒankrunFixhealth.sp::Event_PlayerDeath
L 06/29/2025 - 14:40:51: [SM] Exception reported: Invalid convar handle 0 (error 4)
L 06/29/2025 - 14:40:51: [SM] Blaming: ÒankrunFixhealth.smx
L 06/29/2025 - 14:40:51: [SM] Call stack trace:
L 06/29/2025 - 14:40:51: [SM]   [0] GetConVarString
L 06/29/2025 - 14:40:51: [SM]   [1] Line 138, C:\Users\Moises\Downloads\Compressed\sourcemod-1.11.0-git6968-windows\addons\sourcemod\scripting\ÒankrunFixhealth.sp::IsTankRunActive
L 06/29/2025 - 14:40:51: [SM]   [2] Line 36, C:\Users\Moises\Downloads\Compressed\sourcemod-1.11.0-git6968-windows\addons\sourcemod\scripting\ÒankrunFixhealth.sp::Timer_PeriodicCheck
L 06/29/2025 - 14:41:01: [SM] Exception reported: Invalid convar handle 0 (error 4)
L 06/29/2025 - 14:41:01: [SM] Blaming: ÒankrunFixhealth.smx
L 06/29/2025 - 14:41:01: [SM] Call stack trace:
L 06/29/2025 - 14:41:01: [SM]   [0] GetConVarString
L 06/29/2025 - 14:41:01: [SM]   [1] Line 138, C:\Users\Moises\Downloads\Compressed\sourcemod-1.11.0-git6968-windows\addons\sourcemod\scripting\ÒankrunFixhealth.sp::IsTankRunActive
L 06/29/2025 - 14:41:01: [SM]   [2] Line 36, C:\Users\Moises\Downloads\Compressed\sourcemod-1.11.0-git6968-windows\addons\sourcemod\scripting\ÒankrunFixhealth.sp::Timer_PeriodicCheck
L 06/29/2025 - 14:41:11: [SM] Exception reported: Invalid convar handle 0 (error 4)
L 06/29/2025 - 14:41:11: [SM] Blaming: ÒankrunFixhealth.smx
L 06/29/2025 - 14:41:11: [SM] Call stack trace:
L 06/29/2025 - 14:41:11: [SM]   [0] GetConVarString
L 06/29/2025 - 14:41:11: [SM]   [1] Line 138, C:\Users\Moises\Downloads\Compressed\sourcemod-1.11.0-git6968-windows\addons\sourcemod\scripting\ÒankrunFixhealth.sp::IsTankRunActive
L 06/29/2025 - 14:41:11: [SM]   [2] Line 36, C:\Users\Moises\Downloads\Compressed\sourcemod-1.11.0-git6968-windows\addons\sourcemod\scripting\ÒankrunFixhealth.sp::Timer_PeriodicCheck
L 06/29/2025 - 14:41:20: [SM] Exception reported: Invalid convar handle 0 (error 4)
L 06/29/2025 - 14:41:20: [SM] Blaming: ÒankrunFixhealth.smx
L 06/29/2025 - 14:41:20: [SM] Call stack trace:
L 06/29/2025 - 14:41:20: [SM]   [0] GetConVarString
L 06/29/2025 - 14:41:20: [SM]   [1] Line 138, C:\Users\Moises\Downloads\Compressed\sourcemod-1.11.0-git6968-windows\addons\sourcemod\scripting\ÒankrunFixhealth.sp::IsTankRunActive
L 06/29/2025 - 14:41:20: [SM]   [2] Line 79, C:\Users\Moises\Downloads\Compressed\sourcemod-1.11.0-git6968-windows\addons\sourcemod\scripting\ÒankrunFixhealth.sp::Event_PlayerDeath
L 06/29/2025 - 14:41:21: [SM] Exception reported: Invalid convar handle 0 (error 4)
L 06/29/2025 - 14:41:21: [SM] Blaming: ÒankrunFixhealth.smx
L 06/29/2025 - 14:41:21: [SM] Call stack trace:
L 06/29/2025 - 14:41:21: [SM]   [0] GetConVarString
L 06/29/2025 - 14:41:21: [SM]   [1] Line 138, C:\Users\Moises\Downloads\Compressed\sourcemod-1.11.0-git6968-windows\addons\sourcemod\scripting\ÒankrunFixhealth.sp::IsTankRunActive
L 06/29/2025 - 14:41:21: [SM]   [2] Line 36, C:\Users\Moises\Downloads\Compressed\sourcemod-1.11.0-git6968-windows\addons\sourcemod\scripting\ÒankrunFixhealth.sp::Timer_PeriodicCheck
L 06/29/2025 - 14:41:31: [SM] Exception reported: Invalid convar handle 0 (error 4)
L 06/29/2025 - 14:41:31: [SM] Blaming: ÒankrunFixhealth.smx
L 06/29/2025 - 14:41:31: [SM] Call stack trace:
L 06/29/2025 - 14:41:31: [SM]   [0] GetConVarString
L 06/29/2025 - 14:41:31: [SM]   [1] Line 138, C:\Users\Moises\Downloads\Compressed\sourcemod-1.11.0-git6968-windows\addons\sourcemod\scripting\ÒankrunFixhealth.sp::IsTankRunActive
L 06/29/2025 - 14:41:31: [SM]   [2] Line 36, C:\Users\Moises\Downloads\Compressed\sourcemod-1.11.0-git6968-windows\addons\sourcemod\scripting\ÒankrunFixhealth.sp::Timer_PeriodicCheck
L 06/29/2025 - 14:41:34: [SM] Exception reported: Language phrase "Please wait to be revived or rescued" not found (arg 6)
L 06/29/2025 - 14:41:34: [SM] Blaming: l4dmultislots.smx
L 06/29/2025 - 14:41:34: [SM] Call stack trace:
L 06/29/2025 - 14:41:34: [SM]   [0] PrintToChat
L 06/29/2025 - 14:41:34: [SM]   [1] Line 953, d:\Github\Private-Work\L4D2-Êèí‰ª∂\scripting_1.11\l4dmultislots.sp::Timer_SpecCheck
L 06/29/2025 - 14:41:38: [SM] Exception reported: Invalid convar handle 0 (error 4)
L 06/29/2025 - 14:41:38: [SM] Blaming: ÒankrunFixhealth.smx
L 06/29/2025 - 14:41:38: [SM] Call stack trace:
L 06/29/2025 - 14:41:38: [SM]   [0] GetConVarString
L 06/29/2025 - 14:41:38: [SM]   [1] Line 138, C:\Users\Moises\Downloads\Compressed\sourcemod-1.11.0-git6968-windows\addons\sourcemod\scripting\ÒankrunFixhealth.sp::IsTankRunActive
L 06/29/2025 - 14:41:38: [SM]   [2] Line 79, C:\Users\Moises\Downloads\Compressed\sourcemod-1.11.0-git6968-windows\addons\sourcemod\scripting\ÒankrunFixhealth.sp::Event_PlayerDeath
L 06/29/2025 - 14:41:39: [SM] Exception reported: Invalid convar handle 0 (error 4)
L 06/29/2025 - 14:41:39: [SM] Blaming: ÒankrunFixhealth.smx
L 06/29/2025 - 14:41:39: [SM] Call stack trace:
L 06/29/2025 - 14:41:39: [SM]   [0] GetConVarString
L 06/29/2025 - 14:41:39: [SM]   [1] Line 138, C:\Users\Moises\Downloads\Compressed\sourcemod-1.11.0-git6968-windows\addons\sourcemod\scripting\ÒankrunFixhealth.sp::IsTankRunActive
L 06/29/2025 - 14:41:39: [SM]   [2] Line 91, C:\Users\Moises\Downloads\Compressed\sourcemod-1.11.0-git6968-windows\addons\sourcemod\scripting\ÒankrunFixhealth.sp::Event_MissionLost
L 06/29/2025 - 14:41:41: [SM] Exception reported: Invalid convar handle 0 (error 4)
L 06/29/2025 - 14:41:41: [SM] Blaming: ÒankrunFixhealth.smx
L 06/29/2025 - 14:41:41: [SM] Call stack trace:
L 06/29/2025 - 14:41:41: [SM]   [0] GetConVarString
L 06/29/2025 - 14:41:41: [SM]   [1] Line 138, C:\Users\Moises\Downloads\Compressed\sourcemod-1.11.0-git6968-windows\addons\sourcemod\scripting\ÒankrunFixhealth.sp::IsTankRunActive
L 06/29/2025 - 14:41:41: [SM]   [2] Line 36, C:\Users\Moises\Downloads\Compressed\sourcemod-1.11.0-git6968-windows\addons\sourcemod\scripting\ÒankrunFixhealth.sp::Timer_PeriodicCheck
L 06/29/2025 - 14:41:46: [SM] Exception reported: Invalid convar handle 0 (error 4)
L 06/29/2025 - 14:41:46: [SM] Blaming: ÒankrunFixhealth.smx
L 06/29/2025 - 14:41:46: [SM] Call stack trace:
L 06/29/2025 - 14:41:46: [SM]   [0] GetConVarString
L 06/29/2025 - 14:41:46: [SM]   [1] Line 138, C:\Users\Moises\Downloads\Compressed\sourcemod-1.11.0-git6968-windows\addons\sourcemod\scripting\ÒankrunFixhealth.sp::IsTankRunActive
L 06/29/2025 - 14:41:46: [SM]   [2] Line 54, C:\Users\Moises\Downloads\Compressed\sourcemod-1.11.0-git6968-windows\addons\sourcemod\scripting\ÒankrunFixhealth.sp::Event_RoundStart
L 06/29/2025 - 14:41:46: [SM] Exception reported: Invalid timer handle a003c4 (error 1)
L 06/29/2025 - 14:41:46: [SM] Blaming: l4d2_playerjoining_v2.smx
L 06/29/2025 - 14:41:46: [SM] Call stack trace:
L 06/29/2025 - 14:41:46: [SM]   [0] KillTimer
L 06/29/2025 - 14:41:46: [SM]   [1] Line 53, C:\Users\Moises\Downloads\Compressed\sourcemod-1.11.0-git6968-windows\addons\sourcemod\scripting\l4d2_playerjoining_v2.sp::OnClientDisconnect
L 06/29/2025 - 14:41:51: [SM] Exception reported: Invalid convar handle 0 (error 4)
L 06/29/2025 - 14:41:51: [SM] Blaming: ÒankrunFixhealth.smx
L 06/29/2025 - 14:41:51: [SM] Call stack trace:
L 06/29/2025 - 14:41:51: [SM]   [0] GetConVarString
L 06/29/2025 - 14:41:51: [SM]   [1] Line 138, C:\Users\Moises\Downloads\Compressed\sourcemod-1.11.0-git6968-windows\addons\sourcemod\scripting\ÒankrunFixhealth.sp::IsTankRunActive
L 06/29/2025 - 14:41:51: [SM]   [2] Line 36, C:\Users\Moises\Downloads\Compressed\sourcemod-1.11.0-git6968-windows\addons\sourcemod\scripting\ÒankrunFixhealth.sp::Timer_PeriodicCheck
L 06/29/2025 - 14:41:55: [SM] Exception reported: Invalid convar handle 0 (error 4)
L 06/29/2025 - 14:41:55: [SM] Blaming: ÒankrunFixhealth.smx
L 06/29/2025 - 14:41:55: [SM] Call stack trace:
L 06/29/2025 - 14:41:55: [SM]   [0] GetConVarString
L 06/29/2025 - 14:41:55: [SM]   [1] Line 138, C:\Users\Moises\Downloads\Compressed\sourcemod-1.11.0-git6968-windows\addons\sourcemod\scripting\ÒankrunFixhealth.sp::IsTankRunActive
L 06/29/2025 - 14:41:55: [SM]   [2] Line 79, C:\Users\Moises\Downloads\Compressed\sourcemod-1.11.0-git6968-windows\addons\sourcemod\scripting\ÒankrunFixhealth.sp::Event_PlayerDeath
L 06/29/2025 - 14:41:56: [SM] Exception reported: Invalid convar handle 0 (error 4)
L 06/29/2025 - 14:41:56: [SM] Blaming: ÒankrunFixhealth.smx
L 06/29/2025 - 14:41:56: [SM] Call stack trace:
L 06/29/2025 - 14:41:56: [SM]   [0] GetConVarString
L 06/29/2025 - 14:41:56: [SM]   [1] Line 138, C:\Users\Moises\Downloads\Compressed\sourcemod-1.11.0-git6968-windows\addons\sourcemod\scripting\ÒankrunFixhealth.sp::IsTankRunActive
L 06/29/2025 - 14:41:56: [SM]   [2] Line 79, C:\Users\Moises\Downloads\Compressed\sourcemod-1.11.0-git6968-windows\addons\sourcemod\scripting\ÒankrunFixhealth.sp::Event_PlayerDeath
L 06/29/2025 - 14:42:01: [SM] Exception reported: Invalid convar handle 0 (error 4)
L 06/29/2025 - 14:42:01: [SM] Blaming: ÒankrunFixhealth.smx
L 06/29/2025 - 14:42:01: [SM] Call stack trace:
L 06/29/2025 - 14:42:01: [SM]   [0] GetConVarString
L 06/29/2025 - 14:42:01: [SM]   [1] Line 138, C:\Users\Moises\Downloads\Compressed\sourcemod-1.11.0-git6968-windows\addons\sourcemod\scripting\ÒankrunFixhealth.sp::IsTankRunActive
L 06/29/2025 - 14:42:01: [SM]   [2] Line 36, C:\Users\Moises\Downloads\Compressed\sourcemod-1.11.0-git6968-windows\addons\sourcemod\scripting\ÒankrunFixhealth.sp::Timer_PeriodicCheck
L 06/29/2025 - 14:42:11: [SM] Exception reported: Invalid convar handle 0 (error 4)
L 06/29/2025 - 14:42:11: [SM] Blaming: ÒankrunFixhealth.smx
L 06/29/2025 - 14:42:11: [SM] Call stack trace:
L 06/29/2025 - 14:42:11: [SM]   [0] GetConVarString
L 06/29/2025 - 14:42:11: [SM]   [1] Line 138, C:\Users\Moises\Downloads\Compressed\sourcemod-1.11.0-git6968-windows\addons\sourcemod\scripting\ÒankrunFixhealth.sp::IsTankRunActive
L 06/29/2025 - 14:42:11: [SM]   [2] Line 36, C:\Users\Moises\Downloads\Compressed\sourcemod-1.11.0-git6968-windows\addons\sourcemod\scripting\ÒankrunFixhealth.sp::Timer_PeriodicCheck
L 06/29/2025 - 14:42:21: [SM] Exception reported: Invalid convar handle 0 (error 4)
L 06/29/2025 - 14:42:21: [SM] Blaming: ÒankrunFixhealth.smx
L 06/29/2025 - 14:42:21: [SM] Call stack trace:
L 06/29/2025 - 14:42:21: [SM]   [0] GetConVarString
L 06/29/2025 - 14:42:21: [SM]   [1] Line 138, C:\Users\Moises\Downloads\Compressed\sourcemod-1.11.0-git6968-windows\addons\sourcemod\scripting\ÒankrunFixhealth.sp::IsTankRunActive
L 06/29/2025 - 14:42:21: [SM]   [2] Line 36, C:\Users\Moises\Downloads\Compressed\sourcemod-1.11.0-git6968-windows\addons\sourcemod\scripting\ÒankrunFixhealth.sp::Timer_PeriodicCheck
L 06/29/2025 - 14:42:31: [SM] Exception reported: Invalid convar handle 0 (error 4)
L 06/29/2025 - 14:42:31: [SM] Blaming: ÒankrunFixhealth.smx
L 06/29/2025 - 14:42:31: [SM] Call stack trace:
L 06/29/2025 - 14:42:31: [SM]   [0] GetConVarString
L 06/29/2025 - 14:42:31: [SM]   [1] Line 138, C:\Users\Moises\Downloads\Compressed\sourcemod-1.11.0-git6968-windows\addons\sourcemod\scripting\ÒankrunFixhealth.sp::IsTankRunActive
L 06/29/2025 - 14:42:31: [SM]   [2] Line 36, C:\Users\Moises\Downloads\Compressed\sourcemod-1.11.0-git6968-windows\addons\sourcemod\scripting\ÒankrunFixhealth.sp::Timer_PeriodicCheck
L 06/29/2025 - 14:42:41: [SM] Exception reported: Invalid convar handle 0 (error 4)
L 06/29/2025 - 14:42:41: [SM] Blaming: ÒankrunFixhealth.smx
L 06/29/2025 - 14:42:41: [SM] Call stack trace:
L 06/29/2025 - 14:42:41: [SM]   [0] GetConVarString
L 06/29/2025 - 14:42:41: [SM]   [1] Line 138, C:\Users\Moises\Downloads\Compressed\sourcemod-1.11.0-git6968-windows\addons\sourcemod\scripting\ÒankrunFixhealth.sp::IsTankRunActive
L 06/29/2025 - 14:42:41: [SM]   [2] Line 36, C:\Users\Moises\Downloads\Compressed\sourcemod-1.11.0-git6968-windows\addons\sourcemod\scripting\ÒankrunFixhealth.sp::Timer_PeriodicCheck
L 06/29/2025 - 14:42:51: [SM] Exception reported: Invalid convar handle 0 (error 4)
L 06/29/2025 - 14:42:51: [SM] Blaming: ÒankrunFixhealth.smx
L 06/29/2025 - 14:42:51: [SM] Call stack trace:
L 06/29/2025 - 14:42:51: [SM]   [0] GetConVarString
L 06/29/2025 - 14:42:51: [SM]   [1] Line 138, C:\Users\Moises\Downloads\Compressed\sourcemod-1.11.0-git6968-windows\addons\sourcemod\scripting\ÒankrunFixhealth.sp::IsTankRunActive
L 06/29/2025 - 14:42:51: [SM]   [2] Line 36, C:\Users\Moises\Downloads\Compressed\sourcemod-1.11.0-git6968-windows\addons\sourcemod\scripting\ÒankrunFixhealth.sp::Timer_PeriodicCheck
L 06/29/2025 - 14:43:01: [SM] Exception reported: Invalid convar handle 0 (error 4)
L 06/29/2025 - 14:43:01: [SM] Blaming: ÒankrunFixhealth.smx
L 06/29/2025 - 14:43:01: [SM] Call stack trace:
L 06/29/2025 - 14:43:01: [SM]   [0] GetConVarString
L 06/29/2025 - 14:43:01: [SM]   [1] Line 138, C:\Users\Moises\Downloads\Compressed\sourcemod-1.11.0-git6968-windows\addons\sourcemod\scripting\ÒankrunFixhealth.sp::IsTankRunActive
L 06/29/2025 - 14:43:01: [SM]   [2] Line 36, C:\Users\Moises\Downloads\Compressed\sourcemod-1.11.0-git6968-windows\addons\sourcemod\scripting\ÒankrunFixhealth.sp::Timer_PeriodicCheck
L 06/29/2025 - 14:43:05: [SM] Exception reported: Invalid convar handle 0 (error 4)
L 06/29/2025 - 14:43:05: [SM] Blaming: ÒankrunFixhealth.smx
L 06/29/2025 - 14:43:05: [SM] Call stack trace:
L 06/29/2025 - 14:43:05: [SM]   [0] GetConVarString
L 06/29/2025 - 14:43:05: [SM]   [1] Line 138, C:\Users\Moises\Downloads\Compressed\sourcemod-1.11.0-git6968-windows\addons\sourcemod\scripting\ÒankrunFixhealth.sp::IsTankRunActive
L 06/29/2025 - 14:43:05: [SM]   [2] Line 79, C:\Users\Moises\Downloads\Compressed\sourcemod-1.11.0-git6968-windows\addons\sourcemod\scripting\ÒankrunFixhealth.sp::Event_PlayerDeath
L 06/29/2025 - 14:43:11: [SM] Exception reported: Invalid convar handle 0 (error 4)
L 06/29/2025 - 14:43:11: [SM] Blaming: ÒankrunFixhealth.smx
L 06/29/2025 - 14:43:11: [SM] Call stack trace:
L 06/29/2025 - 14:43:11: [SM]   [0] GetConVarString
L 06/29/2025 - 14:43:11: [SM]   [1] Line 138, C:\Users\Moises\Downloads\Compressed\sourcemod-1.11.0-git6968-windows\addons\sourcemod\scripting\ÒankrunFixhealth.sp::IsTankRunActive
L 06/29/2025 - 14:43:11: [SM]   [2] Line 36, C:\Users\Moises\Downloads\Compressed\sourcemod-1.11.0-git6968-windows\addons\sourcemod\scripting\ÒankrunFixhealth.sp::Timer_PeriodicCheck
L 06/29/2025 - 14:43:21: [SM] Exception reported: Invalid convar handle 0 (error 4)
L 06/29/2025 - 14:43:21: [SM] Blaming: ÒankrunFixhealth.smx
L 06/29/2025 - 14:43:21: [SM] Call stack trace:
L 06/29/2025 - 14:43:21: [SM]   [0] GetConVarString
L 06/29/2025 - 14:43:21: [SM]   [1] Line 138, C:\Users\Moises\Downloads\Compressed\sourcemod-1.11.0-git6968-windows\addons\sourcemod\scripting\ÒankrunFixhealth.sp::IsTankRunActive
L 06/29/2025 - 14:43:21: [SM]   [2] Line 36, C:\Users\Moises\Downloads\Compressed\sourcemod-1.11.0-git6968-windows\addons\sourcemod\scripting\ÒankrunFixhealth.sp::Timer_PeriodicCheck
L 06/29/2025 - 14:43:31: [SM] Exception reported: Invalid convar handle 0 (error 4)
L 06/29/2025 - 14:43:31: [SM] Blaming: ÒankrunFixhealth.smx
L 06/29/2025 - 14:43:31: [SM] Call stack trace:
L 06/29/2025 - 14:43:31: [SM]   [0] GetConVarString
L 06/29/2025 - 14:43:31: [SM]   [1] Line 138, C:\Users\Moises\Downloads\Compressed\sourcemod-1.11.0-git6968-windows\addons\sourcemod\scripting\ÒankrunFixhealth.sp::IsTankRunActive
L 06/29/2025 - 14:43:31: [SM]   [2] Line 36, C:\Users\Moises\Downloads\Compressed\sourcemod-1.11.0-git6968-windows\addons\sourcemod\scripting\ÒankrunFixhealth.sp::Timer_PeriodicCheck
L 06/29/2025 - 14:43:32: [SM] Exception reported: Invalid convar handle 0 (error 4)
L 06/29/2025 - 14:43:32: [SM] Blaming: ÒankrunFixhealth.smx
L 06/29/2025 - 14:43:32: [SM] Call stack trace:
L 06/29/2025 - 14:43:32: [SM]   [0] GetConVarString
L 06/29/2025 - 14:43:32: [SM]   [1] Line 138, C:\Users\Moises\Downloads\Compressed\sourcemod-1.11.0-git6968-windows\addons\sourcemod\scripting\ÒankrunFixhealth.sp::IsTankRunActive
L 06/29/2025 - 14:43:32: [SM]   [2] Line 79, C:\Users\Moises\Downloads\Compressed\sourcemod-1.11.0-git6968-windows\addons\sourcemod\scripting\ÒankrunFixhealth.sp::Event_PlayerDeath
L 06/29/2025 - 14:43:41: [SM] Exception reported: Invalid convar handle 0 (error 4)
L 06/29/2025 - 14:43:41: [SM] Blaming: ÒankrunFixhealth.smx
L 06/29/2025 - 14:43:41: [SM] Call stack trace:
L 06/29/2025 - 14:43:41: [SM]   [0] GetConVarString
L 06/29/2025 - 14:43:41: [SM]   [1] Line 138, C:\Users\Moises\Downloads\Compressed\sourcemod-1.11.0-git6968-windows\addons\sourcemod\scripting\ÒankrunFixhealth.sp::IsTankRunActive
L 06/29/2025 - 14:43:41: [SM]   [2] Line 36, C:\Users\Moises\Downloads\Compressed\sourcemod-1.11.0-git6968-windows\addons\sourcemod\scripting\ÒankrunFixhealth.sp::Timer_PeriodicCheck
L 06/29/2025 - 14:43:51: [SM] Exception reported: Invalid convar handle 0 (error 4)
L 06/29/2025 - 14:43:51: [SM] Blaming: ÒankrunFixhealth.smx
L 06/29/2025 - 14:43:51: [SM] Call stack trace:
L 06/29/2025 - 14:43:51: [SM]   [0] GetConVarString
L 06/29/2025 - 14:43:51: [SM]   [1] Line 138, C:\Users\Moises\Downloads\Compressed\sourcemod-1.11.0-git6968-windows\addons\sourcemod\scripting\ÒankrunFixhealth.sp::IsTankRunActive
L 06/29/2025 - 14:43:51: [SM]   [2] Line 36, C:\Users\Moises\Downloads\Compressed\sourcemod-1.11.0-git6968-windows\addons\sourcemod\scripting\ÒankrunFixhealth.sp::Timer_PeriodicCheck
L 06/29/2025 - 14:43:52: [SM] Exception reported: Language phrase "Please wait to be revived or rescued" not found (arg 6)
L 06/29/2025 - 14:43:52: [SM] Blaming: l4dmultislots.smx
L 06/29/2025 - 14:43:52: [SM] Call stack trace:
L 06/29/2025 - 14:43:52: [SM]   [0] PrintToChat
L 06/29/2025 - 14:43:52: [SM]   [1] Line 953, d:\Github\Private-Work\L4D2-Êèí‰ª∂\scripting_1.11\l4dmultislots.sp::Timer_SpecCheck
L 06/29/2025 - 14:44:01: [SM] Exception reported: Invalid convar handle 0 (error 4)
L 06/29/2025 - 14:44:01: [SM] Blaming: ÒankrunFixhealth.smx
L 06/29/2025 - 14:44:01: [SM] Call stack trace:
L 06/29/2025 - 14:44:01: [SM]   [0] GetConVarString
L 06/29/2025 - 14:44:01: [SM]   [1] Line 138, C:\Users\Moises\Downloads\Compressed\sourcemod-1.11.0-git6968-windows\addons\sourcemod\scripting\ÒankrunFixhealth.sp::IsTankRunActive
L 06/29/2025 - 14:44:01: [SM]   [2] Line 36, C:\Users\Moises\Downloads\Compressed\sourcemod-1.11.0-git6968-windows\addons\sourcemod\scripting\ÒankrunFixhealth.sp::Timer_PeriodicCheck
L 06/29/2025 - 14:44:11: [SM] Exception reported: Invalid convar handle 0 (error 4)
L 06/29/2025 - 14:44:11: [SM] Blaming: ÒankrunFixhealth.smx
L 06/29/2025 - 14:44:11: [SM] Call stack trace:
L 06/29/2025 - 14:44:11: [SM]   [0] GetConVarString
L 06/29/2025 - 14:44:11: [SM]   [1] Line 138, C:\Users\Moises\Downloads\Compressed\sourcemod-1.11.0-git6968-windows\addons\sourcemod\scripting\ÒankrunFixhealth.sp::IsTankRunActive
L 06/29/2025 - 14:44:11: [SM]   [2] Line 36, C:\Users\Moises\Downloads\Compressed\sourcemod-1.11.0-git6968-windows\addons\sourcemod\scripting\ÒankrunFixhealth.sp::Timer_PeriodicCheck
L 06/29/2025 - 14:44:17: [SM] Exception reported: Language phrase "Please wait to be revived or rescued" not found (arg 6)
L 06/29/2025 - 14:44:17: [SM] Blaming: l4dmultislots.smx
L 06/29/2025 - 14:44:17: [SM] Call stack trace:
L 06/29/2025 - 14:44:17: [SM]   [0] PrintToChat
L 06/29/2025 - 14:44:17: [SM]   [1] Line 953, d:\Github\Private-Work\L4D2-Êèí‰ª∂\scripting_1.11\l4dmultislots.sp::Timer_SpecCheck
L 06/29/2025 - 14:44:21: [SM] Exception reported: Invalid convar handle 0 (error 4)
L 06/29/2025 - 14:44:21: [SM] Blaming: ÒankrunFixhealth.smx
L 06/29/2025 - 14:44:21: [SM] Call stack trace:
L 06/29/2025 - 14:44:21: [SM]   [0] GetConVarString
L 06/29/2025 - 14:44:21: [SM]   [1] Line 138, C:\Users\Moises\Downloads\Compressed\sourcemod-1.11.0-git6968-windows\addons\sourcemod\scripting\ÒankrunFixhealth.sp::IsTankRunActive
L 06/29/2025 - 14:44:21: [SM]   [2] Line 36, C:\Users\Moises\Downloads\Compressed\sourcemod-1.11.0-git6968-windows\addons\sourcemod\scripting\ÒankrunFixhealth.sp::Timer_PeriodicCheck
L 06/29/2025 - 14:44:28: [SM] Exception reported: Invalid convar handle 0 (error 4)
L 06/29/2025 - 14:44:28: [SM] Blaming: ÒankrunFixhealth.smx
L 06/29/2025 - 14:44:28: [SM] Call stack trace:
L 06/29/2025 - 14:44:28: [SM]   [0] GetConVarString
L 06/29/2025 - 14:44:28: [SM]   [1] Line 138, C:\Users\Moises\Downloads\Compressed\sourcemod-1.11.0-git6968-windows\addons\sourcemod\scripting\ÒankrunFixhealth.sp::IsTankRunActive
L 06/29/2025 - 14:44:28: [SM]   [2] Line 71, C:\Users\Moises\Downloads\Compressed\sourcemod-1.11.0-git6968-windows\addons\sourcemod\scripting\ÒankrunFixhealth.sp::Event_MapTransition
L 06/29/2025 - 14:44:31: [SM] Exception reported: Invalid convar handle 0 (error 4)
L 06/29/2025 - 14:44:31: [SM] Blaming: ÒankrunFixhealth.smx
L 06/29/2025 - 14:44:31: [SM] Call stack trace:
L 06/29/2025 - 14:44:31: [SM]   [0] GetConVarString
L 06/29/2025 - 14:44:31: [SM]   [1] Line 138, C:\Users\Moises\Downloads\Compressed\sourcemod-1.11.0-git6968-windows\addons\sourcemod\scripting\ÒankrunFixhealth.sp::IsTankRunActive
L 06/29/2025 - 14:44:31: [SM]   [2] Line 36, C:\Users\Moises\Downloads\Compressed\sourcemod-1.11.0-git6968-windows\addons\sourcemod\scripting\ÒankrunFixhealth.sp::Timer_PeriodicCheck
L 06/29/2025 - 14:44:36: [SM] Exception reported: Invalid timer handle a003c4 (error 3)
L 06/29/2025 - 14:44:36: [SM] Blaming: l4d2_playerjoining_v2.smx
L 06/29/2025 - 14:44:36: [SM] Call stack trace:
L 06/29/2025 - 14:44:36: [SM]   [0] KillTimer
L 06/29/2025 - 14:44:36: [SM]   [1] Line 53, C:\Users\Moises\Downloads\Compressed\sourcemod-1.11.0-git6968-windows\addons\sourcemod\scripting\l4d2_playerjoining_v2.sp::OnClientDisconnect
L 06/29/2025 - 14:44:36: [SM] Exception reported: Invalid timer handle 157003b0 (error 3)
L 06/29/2025 - 14:44:36: [SM] Blaming: l4d2_playerjoining_v2.smx
L 06/29/2025 - 14:44:36: [SM] Call stack trace:
L 06/29/2025 - 14:44:36: [SM]   [0] KillTimer
L 06/29/2025 - 14:44:36: [SM]   [1] Line 53, C:\Users\Moises\Downloads\Compressed\sourcemod-1.11.0-git6968-windows\addons\sourcemod\scripting\l4d2_playerjoining_v2.sp::OnClientDisconnect
L 06/29/2025 - 14:44:38: Error log file session closed.
L 06/29/2025 - 14:44:38: SourceMod error session started
L 06/29/2025 - 14:44:38: Info (map "c5m3_darkcemetery") (file "e:\steamlibrary\steamapps\common\left 4 dead 2\left4dead2\addons\sourcemod\logs\errors_20250629.log")
L 06/29/2025 - 14:44:38: [SM] Fatal error encountered parsing translation file "l4d_nth.phrases.txt"
L 06/29/2025 - 14:44:38: [SM] Error (line 0, column 0): Stream failed to open
L 06/29/2025 - 14:44:38: [SM] Fatal error encountered parsing translation file "chargersteering.phrases.txt"
L 06/29/2025 - 14:44:38: [SM] Error (line 0, column 0): Stream failed to open
L 06/29/2025 - 14:44:38: [SM] Fatal error encountered parsing translation file "l4dmultislots.phrases.txt"
L 06/29/2025 - 14:44:38: [SM] Error (line 0, column 0): Stream failed to open
L 06/29/2025 - 14:44:38: [SM] Fatal error encountered parsing translation file "lilac.phrases.txt"
L 06/29/2025 - 14:44:38: [SM] Error (line 0, column 0): Stream failed to open
L 06/29/2025 - 14:44:39: [admin-flatfile.smx] Error(s) detected parsing addons\sourcemod\configs\admins.cfg
L 06/29/2025 - 14:44:39: [admin-flatfile.smx]  (line 37) A property was declared outside of a section
L 06/29/2025 - 14:44:41: [SM] Exception reported: Invalid convar handle 0 (error 4)
L 06/29/2025 - 14:44:41: [SM] Blaming: ÒankrunFixhealth.smx
L 06/29/2025 - 14:44:41: [SM] Call stack trace:
L 06/29/2025 - 14:44:41: [SM]   [0] GetConVarString
L 06/29/2025 - 14:44:41: [SM]   [1] Line 138, C:\Users\Moises\Downloads\Compressed\sourcemod-1.11.0-git6968-windows\addons\sourcemod\scripting\ÒankrunFixhealth.sp::IsTankRunActive
L 06/29/2025 - 14:44:41: [SM]   [2] Line 54, C:\Users\Moises\Downloads\Compressed\sourcemod-1.11.0-git6968-windows\addons\sourcemod\scripting\ÒankrunFixhealth.sp::Event_RoundStart
L 06/29/2025 - 14:44:46: [SM] Exception reported: Invalid convar handle 0 (error 4)
L 06/29/2025 - 14:44:46: [SM] Blaming: ÒankrunFixhealth.smx
L 06/29/2025 - 14:44:46: [SM] Call stack trace:
L 06/29/2025 - 14:44:46: [SM]   [0] GetConVarString
L 06/29/2025 - 14:44:46: [SM]   [1] Line 138, C:\Users\Moises\Downloads\Compressed\sourcemod-1.11.0-git6968-windows\addons\sourcemod\scripting\ÒankrunFixhealth.sp::IsTankRunActive
L 06/29/2025 - 14:44:46: [SM]   [2] Line 36, C:\Users\Moises\Downloads\Compressed\sourcemod-1.11.0-git6968-windows\addons\sourcemod\scripting\ÒankrunFixhealth.sp::Timer_PeriodicCheck
L 06/29/2025 - 14:44:59: [SM] Exception reported: Invalid convar handle 0 (error 4)
L 06/29/2025 - 14:44:59: [SM] Blaming: ÒankrunFixhealth.smx
L 06/29/2025 - 14:44:59: [SM] Call stack trace:
L 06/29/2025 - 14:44:59: [SM]   [0] GetConVarString
L 06/29/2025 - 14:44:59: [SM]   [1] Line 138, C:\Users\Moises\Downloads\Compressed\sourcemod-1.11.0-git6968-windows\addons\sourcemod\scripting\ÒankrunFixhealth.sp::IsTankRunActive
L 06/29/2025 - 14:44:59: [SM]   [2] Line 36, C:\Users\Moises\Downloads\Compressed\sourcemod-1.11.0-git6968-windows\addons\sourcemod\scripting\ÒankrunFixhealth.sp::Timer_PeriodicCheck
L 06/29/2025 - 14:45:09: [SM] Exception reported: Invalid convar handle 0 (error 4)
L 06/29/2025 - 14:45:09: [SM] Blaming: ÒankrunFixhealth.smx
L 06/29/2025 - 14:45:09: [SM] Call stack trace:
L 06/29/2025 - 14:45:09: [SM]   [0] GetConVarString
L 06/29/2025 - 14:45:09: [SM]   [1] Line 138, C:\Users\Moises\Downloads\Compressed\sourcemod-1.11.0-git6968-windows\addons\sourcemod\scripting\ÒankrunFixhealth.sp::IsTankRunActive
L 06/29/2025 - 14:45:09: [SM]   [2] Line 36, C:\Users\Moises\Downloads\Compressed\sourcemod-1.11.0-git6968-windows\addons\sourcemod\scripting\ÒankrunFixhealth.sp::Timer_PeriodicCheck
L 06/29/2025 - 14:45:13: [SM] Exception reported: Invalid convar handle 0 (error 4)
L 06/29/2025 - 14:45:13: [SM] Blaming: ÒankrunFixhealth.smx
L 06/29/2025 - 14:45:13: [SM] Call stack trace:
L 06/29/2025 - 14:45:13: [SM]   [0] GetConVarString
L 06/29/2025 - 14:45:13: [SM]   [1] Line 138, C:\Users\Moises\Downloads\Compressed\sourcemod-1.11.0-git6968-windows\addons\sourcemod\scripting\ÒankrunFixhealth.sp::IsTankRunActive
L 06/29/2025 - 14:45:13: [SM]   [2] Line 79, C:\Users\Moises\Downloads\Compressed\sourcemod-1.11.0-git6968-windows\addons\sourcemod\scripting\ÒankrunFixhealth.sp::Event_PlayerDeath
L 06/29/2025 - 14:45:16: [SM] Exception reported: Language phrase "Please wait to be revived or rescued" not found (arg 6)
L 06/29/2025 - 14:45:16: [SM] Blaming: l4dmultislots.smx
L 06/29/2025 - 14:45:16: [SM] Call stack trace:
L 06/29/2025 - 14:45:16: [SM]   [0] PrintToChat
L 06/29/2025 - 14:45:16: [SM]   [1] Line 953, d:\Github\Private-Work\L4D2-Êèí‰ª∂\scripting_1.11\l4dmultislots.sp::Timer_SpecCheck
L 06/29/2025 - 14:45:19: [SM] Exception reported: Invalid convar handle 0 (error 4)
L 06/29/2025 - 14:45:19: [SM] Blaming: ÒankrunFixhealth.smx
L 06/29/2025 - 14:45:19: [SM] Call stack trace:
L 06/29/2025 - 14:45:19: [SM]   [0] GetConVarString
L 06/29/2025 - 14:45:19: [SM]   [1] Line 138, C:\Users\Moises\Downloads\Compressed\sourcemod-1.11.0-git6968-windows\addons\sourcemod\scripting\ÒankrunFixhealth.sp::IsTankRunActive
L 06/29/2025 - 14:45:19: [SM]   [2] Line 36, C:\Users\Moises\Downloads\Compressed\sourcemod-1.11.0-git6968-windows\addons\sourcemod\scripting\ÒankrunFixhealth.sp::Timer_PeriodicCheck
L 06/29/2025 - 14:45:26: [SM] Exception reported: Invalid convar handle 0 (error 4)
L 06/29/2025 - 14:45:26: [SM] Blaming: ÒankrunFixhealth.smx
L 06/29/2025 - 14:45:26: [SM] Call stack trace:
L 06/29/2025 - 14:45:26: [SM]   [0] GetConVarString
L 06/29/2025 - 14:45:26: [SM]   [1] Line 138, C:\Users\Moises\Downloads\Compressed\sourcemod-1.11.0-git6968-windows\addons\sourcemod\scripting\ÒankrunFixhealth.sp::IsTankRunActive
L 06/29/2025 - 14:45:26: [SM]   [2] Line 79, C:\Users\Moises\Downloads\Compressed\sourcemod-1.11.0-git6968-windows\addons\sourcemod\scripting\ÒankrunFixhealth.sp::Event_PlayerDeath
L 06/29/2025 - 14:45:29: [SM] Exception reported: Invalid convar handle 0 (error 4)
L 06/29/2025 - 14:45:29: [SM] Blaming: ÒankrunFixhealth.smx
L 06/29/2025 - 14:45:29: [SM] Call stack trace:
L 06/29/2025 - 14:45:29: [SM]   [0] GetConVarString
L 06/29/2025 - 14:45:29: [SM]   [1] Line 138, C:\Users\Moises\Downloads\Compressed\sourcemod-1.11.0-git6968-windows\addons\sourcemod\scripting\ÒankrunFixhealth.sp::IsTankRunActive
L 06/29/2025 - 14:45:29: [SM]   [2] Line 36, C:\Users\Moises\Downloads\Compressed\sourcemod-1.11.0-git6968-windows\addons\sourcemod\scripting\ÒankrunFixhealth.sp::Timer_PeriodicCheck
L 06/29/2025 - 14:45:39: [SM] Exception reported: Invalid convar handle 0 (error 4)
L 06/29/2025 - 14:45:39: [SM] Blaming: ÒankrunFixhealth.smx
L 06/29/2025 - 14:45:39: [SM] Call stack trace:
L 06/29/2025 - 14:45:39: [SM]   [0] GetConVarString
L 06/29/2025 - 14:45:39: [SM]   [1] Line 138, C:\Users\Moises\Downloads\Compressed\sourcemod-1.11.0-git6968-windows\addons\sourcemod\scripting\ÒankrunFixhealth.sp::IsTankRunActive
L 06/29/2025 - 14:45:39: [SM]   [2] Line 36, C:\Users\Moises\Downloads\Compressed\sourcemod-1.11.0-git6968-windows\addons\sourcemod\scripting\ÒankrunFixhealth.sp::Timer_PeriodicCheck
L 06/29/2025 - 14:45:41: [SM] Exception reported: Language phrase "Please wait to be revived or rescued" not found (arg 6)
L 06/29/2025 - 14:45:41: [SM] Blaming: l4dmultislots.smx
L 06/29/2025 - 14:45:41: [SM] Call stack trace:
L 06/29/2025 - 14:45:41: [SM]   [0] PrintToChat
L 06/29/2025 - 14:45:41: [SM]   [1] Line 953, d:\Github\Private-Work\L4D2-Êèí‰ª∂\scripting_1.11\l4dmultislots.sp::Timer_SpecCheck
L 06/29/2025 - 14:45:46: [SM] Exception reported: Invalid convar handle 0 (error 4)
L 06/29/2025 - 14:45:46: [SM] Blaming: ÒankrunFixhealth.smx
L 06/29/2025 - 14:45:46: [SM] Call stack trace:
L 06/29/2025 - 14:45:46: [SM]   [0] GetConVarString
L 06/29/2025 - 14:45:46: [SM]   [1] Line 138, C:\Users\Moises\Downloads\Compressed\sourcemod-1.11.0-git6968-windows\addons\sourcemod\scripting\ÒankrunFixhealth.sp::IsTankRunActive
L 06/29/2025 - 14:45:46: [SM]   [2] Line 79, C:\Users\Moises\Downloads\Compressed\sourcemod-1.11.0-git6968-windows\addons\sourcemod\scripting\ÒankrunFixhealth.sp::Event_PlayerDeath
L 06/29/2025 - 14:45:49: [SM] Exception reported: Invalid convar handle 0 (error 4)
L 06/29/2025 - 14:45:49: [SM] Blaming: ÒankrunFixhealth.smx
L 06/29/2025 - 14:45:49: [SM] Call stack trace:
L 06/29/2025 - 14:45:49: [SM]   [0] GetConVarString
L 06/29/2025 - 14:45:49: [SM]   [1] Line 138, C:\Users\Moises\Downloads\Compressed\sourcemod-1.11.0-git6968-windows\addons\sourcemod\scripting\ÒankrunFixhealth.sp::IsTankRunActive
L 06/29/2025 - 14:45:49: [SM]   [2] Line 36, C:\Users\Moises\Downloads\Compressed\sourcemod-1.11.0-git6968-windows\addons\sourcemod\scripting\ÒankrunFixhealth.sp::Timer_PeriodicCheck
L 06/29/2025 - 14:45:59: [SM] Exception reported: Invalid convar handle 0 (error 4)
L 06/29/2025 - 14:45:59: [SM] Blaming: ÒankrunFixhealth.smx
L 06/29/2025 - 14:45:59: [SM] Call stack trace:
L 06/29/2025 - 14:45:59: [SM]   [0] GetConVarString
L 06/29/2025 - 14:45:59: [SM]   [1] Line 138, C:\Users\Moises\Downloads\Compressed\sourcemod-1.11.0-git6968-windows\addons\sourcemod\scripting\ÒankrunFixhealth.sp::IsTankRunActive
L 06/29/2025 - 14:45:59: [SM]   [2] Line 36, C:\Users\Moises\Downloads\Compressed\sourcemod-1.11.0-git6968-windows\addons\sourcemod\scripting\ÒankrunFixhealth.sp::Timer_PeriodicCheck
L 06/29/2025 - 14:46:06: [SM] Exception reported: Language phrase "Please wait to be revived or rescued" not found (arg 6)
L 06/29/2025 - 14:46:06: [SM] Blaming: l4dmultislots.smx
L 06/29/2025 - 14:46:06: [SM] Call stack trace:
L 06/29/2025 - 14:46:06: [SM]   [0] PrintToChat
L 06/29/2025 - 14:46:06: [SM]   [1] Line 953, d:\Github\Private-Work\L4D2-Êèí‰ª∂\scripting_1.11\l4dmultislots.sp::Timer_SpecCheck
L 06/29/2025 - 14:46:09: [SM] Exception reported: Invalid convar handle 0 (error 4)
L 06/29/2025 - 14:46:09: [SM] Blaming: ÒankrunFixhealth.smx
L 06/29/2025 - 14:46:09: [SM] Call stack trace:
L 06/29/2025 - 14:46:09: [SM]   [0] GetConVarString
L 06/29/2025 - 14:46:09: [SM]   [1] Line 138, C:\Users\Moises\Downloads\Compressed\sourcemod-1.11.0-git6968-windows\addons\sourcemod\scripting\ÒankrunFixhealth.sp::IsTankRunActive
L 06/29/2025 - 14:46:09: [SM]   [2] Line 36, C:\Users\Moises\Downloads\Compressed\sourcemod-1.11.0-git6968-windows\addons\sourcemod\scripting\ÒankrunFixhealth.sp::Timer_PeriodicCheck
L 06/29/2025 - 14:46:12: [SM] Exception reported: Invalid convar handle 0 (error 4)
L 06/29/2025 - 14:46:12: [SM] Blaming: ÒankrunFixhealth.smx
L 06/29/2025 - 14:46:12: [SM] Call stack trace:
L 06/29/2025 - 14:46:12: [SM]   [0] GetConVarString
L 06/29/2025 - 14:46:12: [SM]   [1] Line 138, C:\Users\Moises\Downloads\Compressed\sourcemod-1.11.0-git6968-windows\addons\sourcemod\scripting\ÒankrunFixhealth.sp::IsTankRunActive
L 06/29/2025 - 14:46:12: [SM]   [2] Line 79, C:\Users\Moises\Downloads\Compressed\sourcemod-1.11.0-git6968-windows\addons\sourcemod\scripting\ÒankrunFixhealth.sp::Event_PlayerDeath
L 06/29/2025 - 14:46:13: [SM] Exception reported: Invalid convar handle 0 (error 4)
L 06/29/2025 - 14:46:13: [SM] Blaming: ÒankrunFixhealth.smx
L 06/29/2025 - 14:46:13: [SM] Call stack trace:
L 06/29/2025 - 14:46:13: [SM]   [0] GetConVarString
L 06/29/2025 - 14:46:13: [SM]   [1] Line 138, C:\Users\Moises\Downloads\Compressed\sourcemod-1.11.0-git6968-windows\addons\sourcemod\scripting\ÒankrunFixhealth.sp::IsTankRunActive
L 06/29/2025 - 14:46:13: [SM]   [2] Line 91, C:\Users\Moises\Downloads\Compressed\sourcemod-1.11.0-git6968-windows\addons\sourcemod\scripting\ÒankrunFixhealth.sp::Event_MissionLost
L 06/29/2025 - 14:46:19: [SM] Exception reported: Invalid convar handle 0 (error 4)
L 06/29/2025 - 14:46:19: [SM] Blaming: ÒankrunFixhealth.smx
L 06/29/2025 - 14:46:19: [SM] Call stack trace:
L 06/29/2025 - 14:46:19: [SM]   [0] GetConVarString
L 06/29/2025 - 14:46:19: [SM]   [1] Line 138, C:\Users\Moises\Downloads\Compressed\sourcemod-1.11.0-git6968-windows\addons\sourcemod\scripting\ÒankrunFixhealth.sp::IsTankRunActive
L 06/29/2025 - 14:46:19: [SM]   [2] Line 36, C:\Users\Moises\Downloads\Compressed\sourcemod-1.11.0-git6968-windows\addons\sourcemod\scripting\ÒankrunFixhealth.sp::Timer_PeriodicCheck
L 06/29/2025 - 14:46:20: [SM] Exception reported: Invalid convar handle 0 (error 4)
L 06/29/2025 - 14:46:20: [SM] Blaming: ÒankrunFixhealth.smx
L 06/29/2025 - 14:46:20: [SM] Call stack trace:
L 06/29/2025 - 14:46:20: [SM]   [0] GetConVarString
L 06/29/2025 - 14:46:20: [SM]   [1] Line 138, C:\Users\Moises\Downloads\Compressed\sourcemod-1.11.0-git6968-windows\addons\sourcemod\scripting\ÒankrunFixhealth.sp::IsTankRunActive
L 06/29/2025 - 14:46:20: [SM]   [2] Line 54, C:\Users\Moises\Downloads\Compressed\sourcemod-1.11.0-git6968-windows\addons\sourcemod\scripting\ÒankrunFixhealth.sp::Event_RoundStart
L 06/29/2025 - 14:46:20: [SM] Exception reported: Invalid timer handle a003c4 (error 1)
L 06/29/2025 - 14:46:20: [SM] Blaming: l4d2_playerjoining_v2.smx
L 06/29/2025 - 14:46:20: [SM] Call stack trace:
L 06/29/2025 - 14:46:20: [SM]   [0] KillTimer
L 06/29/2025 - 14:46:20: [SM]   [1] Line 53, C:\Users\Moises\Downloads\Compressed\sourcemod-1.11.0-git6968-windows\addons\sourcemod\scripting\l4d2_playerjoining_v2.sp::OnClientDisconnect
L 06/29/2025 - 14:46:20: [SM] Exception reported: Invalid timer handle 157003b0 (error 1)
L 06/29/2025 - 14:46:20: [SM] Blaming: l4d2_playerjoining_v2.smx
L 06/29/2025 - 14:46:20: [SM] Call stack trace:
L 06/29/2025 - 14:46:20: [SM]   [0] KillTimer
L 06/29/2025 - 14:46:20: [SM]   [1] Line 53, C:\Users\Moises\Downloads\Compressed\sourcemod-1.11.0-git6968-windows\addons\sourcemod\scripting\l4d2_playerjoining_v2.sp::OnClientDisconnect
L 06/29/2025 - 14:46:30: [SM] Exception reported: Invalid convar handle 0 (error 4)
L 06/29/2025 - 14:46:30: [SM] Blaming: ÒankrunFixhealth.smx
L 06/29/2025 - 14:46:30: [SM] Call stack trace:
L 06/29/2025 - 14:46:30: [SM]   [0] GetConVarString
L 06/29/2025 - 14:46:30: [SM]   [1] Line 138, C:\Users\Moises\Downloads\Compressed\sourcemod-1.11.0-git6968-windows\addons\sourcemod\scripting\ÒankrunFixhealth.sp::IsTankRunActive
L 06/29/2025 - 14:46:30: [SM]   [2] Line 36, C:\Users\Moises\Downloads\Compressed\sourcemod-1.11.0-git6968-windows\addons\sourcemod\scripting\ÒankrunFixhealth.sp::Timer_PeriodicCheck
L 06/29/2025 - 14:46:40: [SM] Exception reported: Invalid convar handle 0 (error 4)
L 06/29/2025 - 14:46:40: [SM] Blaming: ÒankrunFixhealth.smx
L 06/29/2025 - 14:46:40: [SM] Call stack trace:
L 06/29/2025 - 14:46:40: [SM]   [0] GetConVarString
L 06/29/2025 - 14:46:40: [SM]   [1] Line 138, C:\Users\Moises\Downloads\Compressed\sourcemod-1.11.0-git6968-windows\addons\sourcemod\scripting\ÒankrunFixhealth.sp::IsTankRunActive
L 06/29/2025 - 14:46:40: [SM]   [2] Line 36, C:\Users\Moises\Downloads\Compressed\sourcemod-1.11.0-git6968-windows\addons\sourcemod\scripting\ÒankrunFixhealth.sp::Timer_PeriodicCheck
L 06/29/2025 - 14:46:42: [SM] Exception reported: Invalid convar handle 0 (error 4)
L 06/29/2025 - 14:46:42: [SM] Blaming: ÒankrunFixhealth.smx
L 06/29/2025 - 14:46:42: [SM] Call stack trace:
L 06/29/2025 - 14:46:42: [SM]   [0] GetConVarString
L 06/29/2025 - 14:46:42: [SM]   [1] Line 138, C:\Users\Moises\Downloads\Compressed\sourcemod-1.11.0-git6968-windows\addons\sourcemod\scripting\ÒankrunFixhealth.sp::IsTankRunActive
L 06/29/2025 - 14:46:42: [SM]   [2] Line 79, C:\Users\Moises\Downloads\Compressed\sourcemod-1.11.0-git6968-windows\addons\sourcemod\scripting\ÒankrunFixhealth.sp::Event_PlayerDeath
L 06/29/2025 - 14:46:43: [SM] Exception reported: Invalid convar handle 0 (error 4)
L 06/29/2025 - 14:46:43: [SM] Blaming: ÒankrunFixhealth.smx
L 06/29/2025 - 14:46:43: [SM] Call stack trace:
L 06/29/2025 - 14:46:43: [SM]   [0] GetConVarString
L 06/29/2025 - 14:46:43: [SM]   [1] Line 138, C:\Users\Moises\Downloads\Compressed\sourcemod-1.11.0-git6968-windows\addons\sourcemod\scripting\ÒankrunFixhealth.sp::IsTankRunActive
L 06/29/2025 - 14:46:43: [SM]   [2] Line 79, C:\Users\Moises\Downloads\Compressed\sourcemod-1.11.0-git6968-windows\addons\sourcemod\scripting\ÒankrunFixhealth.sp::Event_PlayerDeath
L 06/29/2025 - 14:46:50: [SM] Exception reported: Invalid convar handle 0 (error 4)
L 06/29/2025 - 14:46:50: [SM] Blaming: ÒankrunFixhealth.smx
L 06/29/2025 - 14:46:50: [SM] Call stack trace:
L 06/29/2025 - 14:46:50: [SM]   [0] GetConVarString
L 06/29/2025 - 14:46:50: [SM]   [1] Line 138, C:\Users\Moises\Downloads\Compressed\sourcemod-1.11.0-git6968-windows\addons\sourcemod\scripting\ÒankrunFixhealth.sp::IsTankRunActive
L 06/29/2025 - 14:46:50: [SM]   [2] Line 36, C:\Users\Moises\Downloads\Compressed\sourcemod-1.11.0-git6968-windows\addons\sourcemod\scripting\ÒankrunFixhealth.sp::Timer_PeriodicCheck
L 06/29/2025 - 14:47:00: [SM] Exception reported: Invalid convar handle 0 (error 4)
L 06/29/2025 - 14:47:00: [SM] Blaming: ÒankrunFixhealth.smx
L 06/29/2025 - 14:47:00: [SM] Call stack trace:
L 06/29/2025 - 14:47:00: [SM]   [0] GetConVarString
L 06/29/2025 - 14:47:00: [SM]   [1] Line 138, C:\Users\Moises\Downloads\Compressed\sourcemod-1.11.0-git6968-windows\addons\sourcemod\scripting\ÒankrunFixhealth.sp::IsTankRunActive
L 06/29/2025 - 14:47:00: [SM]   [2] Line 36, C:\Users\Moises\Downloads\Compressed\sourcemod-1.11.0-git6968-windows\addons\sourcemod\scripting\ÒankrunFixhealth.sp::Timer_PeriodicCheck
L 06/29/2025 - 14:47:10: [SM] Exception reported: Invalid convar handle 0 (error 4)
L 06/29/2025 - 14:47:10: [SM] Blaming: ÒankrunFixhealth.smx
L 06/29/2025 - 14:47:10: [SM] Call stack trace:
L 06/29/2025 - 14:47:10: [SM]   [0] GetConVarString
L 06/29/2025 - 14:47:10: [SM]   [1] Line 138, C:\Users\Moises\Downloads\Compressed\sourcemod-1.11.0-git6968-windows\addons\sourcemod\scripting\ÒankrunFixhealth.sp::IsTankRunActive
L 06/29/2025 - 14:47:10: [SM]   [2] Line 36, C:\Users\Moises\Downloads\Compressed\sourcemod-1.11.0-git6968-windows\addons\sourcemod\scripting\ÒankrunFixhealth.sp::Timer_PeriodicCheck
L 06/29/2025 - 14:47:20: [SM] Exception reported: Invalid convar handle 0 (error 4)
L 06/29/2025 - 14:47:20: [SM] Blaming: ÒankrunFixhealth.smx
L 06/29/2025 - 14:47:20: [SM] Call stack trace:
L 06/29/2025 - 14:47:20: [SM]   [0] GetConVarString
L 06/29/2025 - 14:47:20: [SM]   [1] Line 138, C:\Users\Moises\Downloads\Compressed\sourcemod-1.11.0-git6968-windows\addons\sourcemod\scripting\ÒankrunFixhealth.sp::IsTankRunActive
L 06/29/2025 - 14:47:20: [SM]   [2] Line 36, C:\Users\Moises\Downloads\Compressed\sourcemod-1.11.0-git6968-windows\addons\sourcemod\scripting\ÒankrunFixhealth.sp::Timer_PeriodicCheck
L 06/29/2025 - 14:47:30: [SM] Exception reported: Invalid convar handle 0 (error 4)
L 06/29/2025 - 14:47:30: [SM] Blaming: ÒankrunFixhealth.smx
L 06/29/2025 - 14:47:30: [SM] Call stack trace:
L 06/29/2025 - 14:47:30: [SM]   [0] GetConVarString
L 06/29/2025 - 14:47:30: [SM]   [1] Line 138, C:\Users\Moises\Downloads\Compressed\sourcemod-1.11.0-git6968-windows\addons\sourcemod\scripting\ÒankrunFixhealth.sp::IsTankRunActive
L 06/29/2025 - 14:47:30: [SM]   [2] Line 36, C:\Users\Moises\Downloads\Compressed\sourcemod-1.11.0-git6968-windows\addons\sourcemod\scripting\ÒankrunFixhealth.sp::Timer_PeriodicCheck
L 06/29/2025 - 14:47:40: [SM] Exception reported: Invalid convar handle 0 (error 4)
L 06/29/2025 - 14:47:40: [SM] Blaming: ÒankrunFixhealth.smx
L 06/29/2025 - 14:47:40: [SM] Call stack trace:
L 06/29/2025 - 14:47:40: [SM]   [0] GetConVarString
L 06/29/2025 - 14:47:40: [SM]   [1] Line 138, C:\Users\Moises\Downloads\Compressed\sourcemod-1.11.0-git6968-windows\addons\sourcemod\scripting\ÒankrunFixhealth.sp::IsTankRunActive
L 06/29/2025 - 14:47:40: [SM]   [2] Line 36, C:\Users\Moises\Downloads\Compressed\sourcemod-1.11.0-git6968-windows\addons\sourcemod\scripting\ÒankrunFixhealth.sp::Timer_PeriodicCheck
L 06/29/2025 - 14:47:50: [SM] Exception reported: Invalid convar handle 0 (error 4)
L 06/29/2025 - 14:47:50: [SM] Blaming: ÒankrunFixhealth.smx
L 06/29/2025 - 14:47:50: [SM] Call stack trace:
L 06/29/2025 - 14:47:50: [SM]   [0] GetConVarString
L 06/29/2025 - 14:47:50: [SM]   [1] Line 138, C:\Users\Moises\Downloads\Compressed\sourcemod-1.11.0-git6968-windows\addons\sourcemod\scripting\ÒankrunFixhealth.sp::IsTankRunActive
L 06/29/2025 - 14:47:50: [SM]   [2] Line 36, C:\Users\Moises\Downloads\Compressed\sourcemod-1.11.0-git6968-windows\addons\sourcemod\scripting\ÒankrunFixhealth.sp::Timer_PeriodicCheck
L 06/29/2025 - 14:47:52: [SM] Exception reported: Invalid convar handle 0 (error 4)
L 06/29/2025 - 14:47:52: [SM] Blaming: ÒankrunFixhealth.smx
L 06/29/2025 - 14:47:52: [SM] Call stack trace:
L 06/29/2025 - 14:47:52: [SM]   [0] GetConVarString
L 06/29/2025 - 14:47:52: [SM]   [1] Line 138, C:\Users\Moises\Downloads\Compressed\sourcemod-1.11.0-git6968-windows\addons\sourcemod\scripting\ÒankrunFixhealth.sp::IsTankRunActive
L 06/29/2025 - 14:47:52: [SM]   [2] Line 79, C:\Users\Moises\Downloads\Compressed\sourcemod-1.11.0-git6968-windows\addons\sourcemod\scripting\ÒankrunFixhealth.sp::Event_PlayerDeath
L 06/29/2025 - 14:48:00: [SM] Exception reported: Invalid convar handle 0 (error 4)
L 06/29/2025 - 14:48:00: [SM] Blaming: ÒankrunFixhealth.smx
L 06/29/2025 - 14:48:00: [SM] Call stack trace:
L 06/29/2025 - 14:48:00: [SM]   [0] GetConVarString
L 06/29/2025 - 14:48:00: [SM]   [1] Line 138, C:\Users\Moises\Downloads\Compressed\sourcemod-1.11.0-git6968-windows\addons\sourcemod\scripting\ÒankrunFixhealth.sp::IsTankRunActive
L 06/29/2025 - 14:48:00: [SM]   [2] Line 36, C:\Users\Moises\Downloads\Compressed\sourcemod-1.11.0-git6968-windows\addons\sourcemod\scripting\ÒankrunFixhealth.sp::Timer_PeriodicCheck
L 06/29/2025 - 14:48:00: [SM] Exception reported: Language phrase "Please wait to be revived or rescued" not found (arg 6)
L 06/29/2025 - 14:48:00: [SM] Blaming: l4dmultislots.smx
L 06/29/2025 - 14:48:00: [SM] Call stack trace:
L 06/29/2025 - 14:48:00: [SM]   [0] PrintToChat
L 06/29/2025 - 14:48:00: [SM]   [1] Line 953, d:\Github\Private-Work\L4D2-Êèí‰ª∂\scripting_1.11\l4dmultislots.sp::Timer_SpecCheck
L 06/29/2025 - 14:48:10: [SM] Exception reported: Invalid convar handle 0 (error 4)
L 06/29/2025 - 14:48:10: [SM] Blaming: ÒankrunFixhealth.smx
L 06/29/2025 - 14:48:10: [SM] Call stack trace:
L 06/29/2025 - 14:48:10: [SM]   [0] GetConVarString
L 06/29/2025 - 14:48:10: [SM]   [1] Line 138, C:\Users\Moises\Downloads\Compressed\sourcemod-1.11.0-git6968-windows\addons\sourcemod\scripting\ÒankrunFixhealth.sp::IsTankRunActive
L 06/29/2025 - 14:48:10: [SM]   [2] Line 36, C:\Users\Moises\Downloads\Compressed\sourcemod-1.11.0-git6968-windows\addons\sourcemod\scripting\ÒankrunFixhealth.sp::Timer_PeriodicCheck
L 06/29/2025 - 14:48:20: [SM] Exception reported: Invalid convar handle 0 (error 4)
L 06/29/2025 - 14:48:20: [SM] Blaming: ÒankrunFixhealth.smx
L 06/29/2025 - 14:48:20: [SM] Call stack trace:
L 06/29/2025 - 14:48:20: [SM]   [0] GetConVarString
L 06/29/2025 - 14:48:20: [SM]   [1] Line 138, C:\Users\Moises\Downloads\Compressed\sourcemod-1.11.0-git6968-windows\addons\sourcemod\scripting\ÒankrunFixhealth.sp::IsTankRunActive
L 06/29/2025 - 14:48:20: [SM]   [2] Line 36, C:\Users\Moises\Downloads\Compressed\sourcemod-1.11.0-git6968-windows\addons\sourcemod\scripting\ÒankrunFixhealth.sp::Timer_PeriodicCheck
L 06/29/2025 - 14:48:25: [SM] Exception reported: Language phrase "Please wait to be revived or rescued" not found (arg 6)
L 06/29/2025 - 14:48:25: [SM] Blaming: l4dmultislots.smx
L 06/29/2025 - 14:48:25: [SM] Call stack trace:
L 06/29/2025 - 14:48:25: [SM]   [0] PrintToChat
L 06/29/2025 - 14:48:25: [SM]   [1] Line 953, d:\Github\Private-Work\L4D2-Êèí‰ª∂\scripting_1.11\l4dmultislots.sp::Timer_SpecCheck
L 06/29/2025 - 14:48:30: [SM] Exception reported: Invalid convar handle 0 (error 4)
L 06/29/2025 - 14:48:30: [SM] Blaming: ÒankrunFixhealth.smx
L 06/29/2025 - 14:48:30: [SM] Call stack trace:
L 06/29/2025 - 14:48:30: [SM]   [0] GetConVarString
L 06/29/2025 - 14:48:30: [SM]   [1] Line 138, C:\Users\Moises\Downloads\Compressed\sourcemod-1.11.0-git6968-windows\addons\sourcemod\scripting\ÒankrunFixhealth.sp::IsTankRunActive
L 06/29/2025 - 14:48:30: [SM]   [2] Line 36, C:\Users\Moises\Downloads\Compressed\sourcemod-1.11.0-git6968-windows\addons\sourcemod\scripting\ÒankrunFixhealth.sp::Timer_PeriodicCheck
L 06/29/2025 - 14:48:40: [SM] Exception reported: Invalid convar handle 0 (error 4)
L 06/29/2025 - 14:48:40: [SM] Blaming: ÒankrunFixhealth.smx
L 06/29/2025 - 14:48:40: [SM] Call stack trace:
L 06/29/2025 - 14:48:40: [SM]   [0] GetConVarString
L 06/29/2025 - 14:48:40: [SM]   [1] Line 138, C:\Users\Moises\Downloads\Compressed\sourcemod-1.11.0-git6968-windows\addons\sourcemod\scripting\ÒankrunFixhealth.sp::IsTankRunActive
L 06/29/2025 - 14:48:40: [SM]   [2] Line 36, C:\Users\Moises\Downloads\Compressed\sourcemod-1.11.0-git6968-windows\addons\sourcemod\scripting\ÒankrunFixhealth.sp::Timer_PeriodicCheck
L 06/29/2025 - 14:48:40: [SM] Exception reported: Invalid convar handle 0 (error 4)
L 06/29/2025 - 14:48:40: [SM] Blaming: ÒankrunFixhealth.smx
L 06/29/2025 - 14:48:40: [SM] Call stack trace:
L 06/29/2025 - 14:48:40: [SM]   [0] GetConVarString
L 06/29/2025 - 14:48:40: [SM]   [1] Line 138, C:\Users\Moises\Downloads\Compressed\sourcemod-1.11.0-git6968-windows\addons\sourcemod\scripting\ÒankrunFixhealth.sp::IsTankRunActive
L 06/29/2025 - 14:48:40: [SM]   [2] Line 79, C:\Users\Moises\Downloads\Compressed\sourcemod-1.11.0-git6968-windows\addons\sourcemod\scripting\ÒankrunFixhealth.sp::Event_PlayerDeath
L 06/29/2025 - 14:48:41: [SM] Exception reported: Invalid convar handle 0 (error 4)
L 06/29/2025 - 14:48:41: [SM] Blaming: ÒankrunFixhealth.smx
L 06/29/2025 - 14:48:41: [SM] Call stack trace:
L 06/29/2025 - 14:48:41: [SM]   [0] GetConVarString
L 06/29/2025 - 14:48:41: [SM]   [1] Line 138, C:\Users\Moises\Downloads\Compressed\sourcemod-1.11.0-git6968-windows\addons\sourcemod\scripting\ÒankrunFixhealth.sp::IsTankRunActive
L 06/29/2025 - 14:48:41: [SM]   [2] Line 91, C:\Users\Moises\Downloads\Compressed\sourcemod-1.11.0-git6968-windows\addons\sourcemod\scripting\ÒankrunFixhealth.sp::Event_MissionLost
L 06/29/2025 - 14:48:48: [SM] Exception reported: Invalid convar handle 0 (error 4)
L 06/29/2025 - 14:48:48: [SM] Blaming: ÒankrunFixhealth.smx
L 06/29/2025 - 14:48:48: [SM] Call stack trace:
L 06/29/2025 - 14:48:48: [SM]   [0] GetConVarString
L 06/29/2025 - 14:48:48: [SM]   [1] Line 138, C:\Users\Moises\Downloads\Compressed\sourcemod-1.11.0-git6968-windows\addons\sourcemod\scripting\ÒankrunFixhealth.sp::IsTankRunActive
L 06/29/2025 - 14:48:48: [SM]   [2] Line 54, C:\Users\Moises\Downloads\Compressed\sourcemod-1.11.0-git6968-windows\addons\sourcemod\scripting\ÒankrunFixhealth.sp::Event_RoundStart
L 06/29/2025 - 14:48:48: [SM] Exception reported: Invalid timer handle 157003b0 (error 1)
L 06/29/2025 - 14:48:48: [SM] Blaming: l4d2_playerjoining_v2.smx
L 06/29/2025 - 14:48:48: [SM] Call stack trace:
L 06/29/2025 - 14:48:48: [SM]   [0] KillTimer
L 06/29/2025 - 14:48:48: [SM]   [1] Line 53, C:\Users\Moises\Downloads\Compressed\sourcemod-1.11.0-git6968-windows\addons\sourcemod\scripting\l4d2_playerjoining_v2.sp::OnClientDisconnect
L 06/29/2025 - 14:48:48: [SM] Exception reported: Invalid timer handle a003c4 (error 1)
L 06/29/2025 - 14:48:48: [SM] Blaming: l4d2_playerjoining_v2.smx
L 06/29/2025 - 14:48:48: [SM] Call stack trace:
L 06/29/2025 - 14:48:48: [SM]   [0] KillTimer
L 06/29/2025 - 14:48:48: [SM]   [1] Line 53, C:\Users\Moises\Downloads\Compressed\sourcemod-1.11.0-git6968-windows\addons\sourcemod\scripting\l4d2_playerjoining_v2.sp::OnClientDisconnect
L 06/29/2025 - 14:48:50: [SM] Exception reported: Invalid convar handle 0 (error 4)
L 06/29/2025 - 14:48:50: [SM] Blaming: ÒankrunFixhealth.smx
L 06/29/2025 - 14:48:50: [SM] Call stack trace:
L 06/29/2025 - 14:48:50: [SM]   [0] GetConVarString
L 06/29/2025 - 14:48:50: [SM]   [1] Line 138, C:\Users\Moises\Downloads\Compressed\sourcemod-1.11.0-git6968-windows\addons\sourcemod\scripting\ÒankrunFixhealth.sp::IsTankRunActive
L 06/29/2025 - 14:48:50: [SM]   [2] Line 36, C:\Users\Moises\Downloads\Compressed\sourcemod-1.11.0-git6968-windows\addons\sourcemod\scripting\ÒankrunFixhealth.sp::Timer_PeriodicCheck
